ISO-10303-21;
HEADER;
FILE_DESCRIPTION((''),'2;1');
FILE_NAME('FTY-04-014','2026-06-29T18:04:20',('Administrator'),(''),
'CREO PARAMETRIC BY PTC INC, 2019010','CREO PARAMETRIC BY PTC INC, 2019010','');
FILE_SCHEMA(('AUTOMOTIVE_DESIGN { 1 0 10303 214 1 1 1 1 }'));
ENDSEC;
DATA;
#215=CARTESIAN_POINT('',(0.E0,0.E0,-2.075E1));
#216=DIRECTION('',(0.E0,0.E0,1.E0));
#217=DIRECTION('',(-1.E0,0.E0,0.E0));
#218=AXIS2_PLACEMENT_3D('',#215,#216,#217);
#220=DRAUGHTING_PRE_DEFINED_CURVE_FONT('continuous');
#221=CURVE_STYLE('',#220,POSITIVE_LENGTH_MEASURE(2.E-2),#203);
#222=PRESENTATION_STYLE_ASSIGNMENT((#221));
#223=STYLED_ITEM('',(#222),#219);
#224=CARTESIAN_POINT('',(0.E0,0.E0,-2.075E1));
#225=DIRECTION('',(0.E0,0.E0,-1.E0));
#226=DIRECTION('',(-1.E0,0.E0,0.E0));
#227=AXIS2_PLACEMENT_3D('',#224,#225,#226);
#229=CURVE_STYLE('',#220,POSITIVE_LENGTH_MEASURE(2.E-2),#203);
#230=PRESENTATION_STYLE_ASSIGNMENT((#229));
#231=STYLED_ITEM('',(#230),#228);
#232=CARTESIAN_POINT('',(-4.422166387141E0,2.333333333333E0,-2.075E1));
#233=CARTESIAN_POINT('',(-4.684816269528E0,1.555555555557E0,-2.075E1));
#234=CARTESIAN_POINT('',(-4.915183730471E0,4.077516102541E-12,-2.075E1));
#235=CARTESIAN_POINT('',(-4.684816269530E0,-1.555555555549E0,-2.075E1));
#236=CARTESIAN_POINT('',(-4.422166387144E0,-2.333333333326E0,-2.075E1));
#238=CURVE_STYLE('',#220,POSITIVE_LENGTH_MEASURE(2.E-2),#203);
#239=PRESENTATION_STYLE_ASSIGNMENT((#238));
#240=STYLED_ITEM('',(#239),#237);
#241=DIRECTION('',(0.E0,-1.E0,0.E0));
#242=VECTOR('',#241,1.85E1);
#243=CARTESIAN_POINT('',(0.E0,2.075E1,3.25E0));
#244=LINE('',#243,#242);
#245=CURVE_STYLE('',#220,POSITIVE_LENGTH_MEASURE(2.E-2),#203);
#246=PRESENTATION_STYLE_ASSIGNMENT((#245));
#247=STYLED_ITEM('',(#246),#244);
#248=CARTESIAN_POINT('',(0.E0,-3.25E0,3.25E0));
#249=CARTESIAN_POINT('',(1.452935971781E-1,-3.250068731985E0,3.25E0));
#250=CARTESIAN_POINT('',(4.380357080609E-1,-3.230157740197E0,3.230215846377E0));
#251=CARTESIAN_POINT('',(8.677923641092E-1,-3.142834781804E0,3.142587523500E0));
#252=CARTESIAN_POINT('',(1.303246316445E0,-2.989988663020E0,2.989866453764E0));
#253=CARTESIAN_POINT('',(1.591131199813E0,-2.838078303080E0,2.838665776647E0));
#254=CARTESIAN_POINT('',(1.731816145090E0,-2.750072562589E0,2.750074044102E0));
#256=CURVE_STYLE('',#220,POSITIVE_LENGTH_MEASURE(2.E-2),#203);
#257=PRESENTATION_STYLE_ASSIGNMENT((#256));
#258=STYLED_ITEM('',(#257),#255);
#259=CARTESIAN_POINT('',(1.731816145090E0,-2.750072562589E0,2.750074044102E0));
#260=CARTESIAN_POINT('',(1.888870355108E0,-2.651559271115E0,2.651174303682E0));
#261=CARTESIAN_POINT('',(2.196684522082E0,-2.419604780188E0,2.419839360196E0));
#262=CARTESIAN_POINT('',(2.612309270102E0,-1.967224451829E0,1.967258549703E0));
#263=CARTESIAN_POINT('',(2.954686783054E0,-1.410738222349E0,1.410315216325E0));
#264=CARTESIAN_POINT('',(3.193338707433E0,-7.348503546062E-1,
7.359815895702E-1));
#265=CARTESIAN_POINT('',(3.25E0,-2.528610052685E-1,2.490295648043E-1));
#266=CARTESIAN_POINT('',(3.25E0,1.053231576028E-13,-1.052044554670E-13));
#268=CURVE_STYLE('',#220,POSITIVE_LENGTH_MEASURE(2.E-2),#203);
#269=PRESENTATION_STYLE_ASSIGNMENT((#268));
#270=STYLED_ITEM('',(#269),#267);
#271=CARTESIAN_POINT('',(0.E0,2.075E1,0.E0));
#272=DIRECTION('',(0.E0,-1.E0,0.E0));
#273=DIRECTION('',(0.E0,0.E0,-1.E0));
#274=AXIS2_PLACEMENT_3D('',#271,#272,#273);
#276=CURVE_STYLE('',#220,POSITIVE_LENGTH_MEASURE(2.E-2),#203);
#277=PRESENTATION_STYLE_ASSIGNMENT((#276));
#278=STYLED_ITEM('',(#277),#275);
#279=CARTESIAN_POINT('',(-3.25E0,-1.277792686475E-12,1.286127038993E-12));
#280=CARTESIAN_POINT('',(-3.25E0,-2.115749511567E-1,2.087695708158E-1));
#281=CARTESIAN_POINT('',(-3.209898256302E0,-6.186511261316E-1,
6.181599119304E-1));
#282=CARTESIAN_POINT('',(-3.042209331250E0,-1.191827920329E0,1.191598632448E0));
#283=CARTESIAN_POINT('',(-2.790596717336E0,-1.695216104985E0,1.695372381468E0));
#284=CARTESIAN_POINT('',(-2.477221433684E0,-2.124731781651E0,2.124780944453E0));
#285=CARTESIAN_POINT('',(-2.120312779336E0,-2.479113328698E0,2.479243198111E0));
#286=CARTESIAN_POINT('',(-1.863019134157E0,-2.667739045918E0,2.667535275099E0));
#287=CARTESIAN_POINT('',(-1.732145383816E0,-2.749967284043E0,2.749970567820E0));
#289=CURVE_STYLE('',#220,POSITIVE_LENGTH_MEASURE(2.E-2),#203);
#290=PRESENTATION_STYLE_ASSIGNMENT((#289));
#291=STYLED_ITEM('',(#290),#288);
#292=CARTESIAN_POINT('',(-1.732145383816E0,-2.749967284043E0,2.749970567820E0));
#293=CARTESIAN_POINT('',(-1.591928119278E0,-2.837788782232E0,2.838291191450E0));
#294=CARTESIAN_POINT('',(-1.304331665846E0,-2.989665866353E0,2.989349234760E0));
#295=CARTESIAN_POINT('',(-8.674701567384E-1,-3.142973702703E0,
3.142915022129E0));
#296=CARTESIAN_POINT('',(-4.324204118678E-1,-3.230907005096E0,
3.231036224738E0));
#297=CARTESIAN_POINT('',(-1.428028002205E-1,-3.250404173330E0,3.25E0));
#298=CARTESIAN_POINT('',(0.E0,-3.25E0,3.25E0));
#300=CURVE_STYLE('',#220,POSITIVE_LENGTH_MEASURE(2.E-2),#203);
#301=PRESENTATION_STYLE_ASSIGNMENT((#300));
#302=STYLED_ITEM('',(#301),#299);
#303=DIRECTION('',(0.E0,-1.E0,0.E0));
#304=VECTOR('',#303,1.E0);
#305=CARTESIAN_POINT('',(0.E0,-2.25E0,3.25E0));
#306=LINE('',#305,#304);
#307=CURVE_STYLE('',#220,POSITIVE_LENGTH_MEASURE(2.E-2),#203);
#308=PRESENTATION_STYLE_ASSIGNMENT((#307));
#309=STYLED_ITEM('',(#308),#306);
#310=CARTESIAN_POINT('',(0.E0,2.075E1,0.E0));
#311=DIRECTION('',(0.E0,1.E0,0.E0));
#312=DIRECTION('',(0.E0,0.E0,-1.E0));
#313=AXIS2_PLACEMENT_3D('',#310,#311,#312);
#315=CURVE_STYLE('',#220,POSITIVE_LENGTH_MEASURE(2.E-2),#203);
#316=PRESENTATION_STYLE_ASSIGNMENT((#315));
#317=STYLED_ITEM('',(#316),#314);
#318=DIRECTION('',(0.E0,-1.E0,0.E0));
#319=VECTOR('',#318,1.75E1);
#320=CARTESIAN_POINT('',(0.E0,2.075E1,-3.25E0));
#321=LINE('',#320,#319);
#322=CURVE_STYLE('',#220,POSITIVE_LENGTH_MEASURE(2.E-2),#203);
#323=PRESENTATION_STYLE_ASSIGNMENT((#322));
#324=STYLED_ITEM('',(#323),#321);
#325=CARTESIAN_POINT('',(3.25E0,1.053231576028E-13,-1.052044554670E-13));
#326=CARTESIAN_POINT('',(3.25E0,1.762927593831E-1,-1.779048475046E-1));
#327=CARTESIAN_POINT('',(3.221562749697E0,5.299595184443E-1,
-5.292113345364E-1));
#328=CARTESIAN_POINT('',(3.089318192954E0,1.055693059879E0,-1.055893571374E0));
#329=CARTESIAN_POINT('',(2.877006254802E0,1.542655785915E0,-1.542601923840E0));
#330=CARTESIAN_POINT('',(2.590500437553E0,1.983897185570E0,-1.983912122375E0));
#331=CARTESIAN_POINT('',(2.270659497959E0,2.341239976096E0,-2.341234090953E0));
#332=CARTESIAN_POINT('',(1.897889521812E0,2.653899793875E0,-2.653908397643E0));
#333=CARTESIAN_POINT('',(1.465467269414E0,2.915575782319E0,-2.915547252389E0));
#334=CARTESIAN_POINT('',(9.933767661185E-1,3.108854358583E0,-3.108959874536E0));
#335=CARTESIAN_POINT('',(4.874218852783E-1,3.226623095822E0,-3.226229561938E0));
#336=CARTESIAN_POINT('',(1.606934458166E-1,3.25E0,-3.250847901760E0));
#337=CARTESIAN_POINT('',(0.E0,3.25E0,-3.25E0));
#339=CURVE_STYLE('',#220,POSITIVE_LENGTH_MEASURE(2.E-2),#203);
#340=PRESENTATION_STYLE_ASSIGNMENT((#339));
#341=STYLED_ITEM('',(#340),#338);
#342=DIRECTION('',(0.E0,0.E0,-1.E0));
#343=VECTOR('',#342,2.075E1);
#344=CARTESIAN_POINT('',(3.25E0,1.053231576028E-13,-1.052044554670E-13));
#345=LINE('',#344,#343);
#346=CURVE_STYLE('',#220,POSITIVE_LENGTH_MEASURE(2.E-2),#203);
#347=PRESENTATION_STYLE_ASSIGNMENT((#346));
#348=STYLED_ITEM('',(#347),#345);
#349=DIRECTION('',(0.E0,-6.158037043254E-14,1.E0));
#350=VECTOR('',#349,2.075E1);
#351=CARTESIAN_POINT('',(-3.25E0,0.E0,-2.075E1));
#352=LINE('',#351,#350);
#353=CURVE_STYLE('',#220,POSITIVE_LENGTH_MEASURE(2.E-2),#203);
#354=PRESENTATION_STYLE_ASSIGNMENT((#353));
#355=STYLED_ITEM('',(#354),#352);
#356=CARTESIAN_POINT('',(0.E0,3.25E0,-3.25E0));
#357=CARTESIAN_POINT('',(-1.590601509649E-1,3.25E0,-3.250909251105E0));
#358=CARTESIAN_POINT('',(-4.834004918415E-1,3.226962675858E0,
-3.226540816875E0));
#359=CARTESIAN_POINT('',(-9.846550334451E-1,3.111499859642E0,
-3.111612489425E0));
#360=CARTESIAN_POINT('',(-1.463065839495E0,2.917781746380E0,-2.917753086229E0));
#361=CARTESIAN_POINT('',(-1.926023133901E0,2.637501048274E0,-2.637503059094E0));
#362=CARTESIAN_POINT('',(-2.361279212175E0,2.259423819294E0,-2.259444436163E0));
#363=CARTESIAN_POINT('',(-2.742208997377E0,1.780783035761E0,-1.780698557465E0));
#364=CARTESIAN_POINT('',(-3.031921543669E0,1.225636793439E0,-1.225954089753E0));
#365=CARTESIAN_POINT('',(-3.210850969823E0,6.198621714210E-1,
-6.186774644598E-1));
#366=CARTESIAN_POINT('',(-3.25E0,2.061841639822E-1,-2.087369493489E-1));
#367=CARTESIAN_POINT('',(-3.25E0,-1.277792686475E-12,1.286127038993E-12));
#369=CURVE_STYLE('',#220,POSITIVE_LENGTH_MEASURE(2.E-2),#203);
#370=PRESENTATION_STYLE_ASSIGNMENT((#369));
#371=STYLED_ITEM('',(#370),#368);
#372=CARTESIAN_POINT('',(0.E0,2.25E0,3.25E0));
#373=CARTESIAN_POINT('',(-1.466792523244E-1,2.25E0,3.25E0));
#374=CARTESIAN_POINT('',(-4.460022618665E-1,2.220927529262E0,3.229766117020E0));
#375=CARTESIAN_POINT('',(-8.882698171625E-1,2.085228459445E0,3.137258624664E0));
#376=CARTESIAN_POINT('',(-1.320227624800E0,1.846017034398E0,2.981661801604E0));
#377=CARTESIAN_POINT('',(-1.713910995001E0,1.490031456122E0,2.771644941934E0));
#378=CARTESIAN_POINT('',(-2.006865327213E0,1.057370472370E0,2.561907815837E0));
#379=CARTESIAN_POINT('',(-2.178550742019E0,6.181072315914E-1,2.413333249391E0));
#380=CARTESIAN_POINT('',(-2.253270421503E0,2.006878163561E-1,2.342112478388E0));
#381=CARTESIAN_POINT('',(-2.253211310642E0,-2.017699675498E-1,
2.342174385940E0));
#382=CARTESIAN_POINT('',(-2.178120859134E0,-6.193747707098E-1,
2.413725520946E0));
#383=CARTESIAN_POINT('',(-2.007116996337E0,-1.056524769850E0,2.561637603549E0));
#384=CARTESIAN_POINT('',(-1.714941771978E0,-1.489122250729E0,2.771091721703E0));
#385=CARTESIAN_POINT('',(-1.318658538893E0,-1.847275244652E0,2.982426628422E0));
#386=CARTESIAN_POINT('',(-8.874534869319E-1,-2.085462629140E0,
3.137430589339E0));
#387=CARTESIAN_POINT('',(-4.454822571922E-1,-2.221026735059E0,
3.229830786642E0));
#388=CARTESIAN_POINT('',(-1.465141785493E-1,-2.25E0,3.25E0));
#389=CARTESIAN_POINT('',(0.E0,-2.25E0,3.25E0));
#391=CURVE_STYLE('',#220,POSITIVE_LENGTH_MEASURE(2.E-2),#203);
#392=PRESENTATION_STYLE_ASSIGNMENT((#391));
#393=STYLED_ITEM('',(#392),#390);
#394=DIRECTION('',(0.E0,0.E0,1.E0));
#395=VECTOR('',#394,1.95E1);
#396=CARTESIAN_POINT('',(0.E0,-2.25E0,3.25E0));
#397=LINE('',#396,#395);
#398=CURVE_STYLE('',#220,POSITIVE_LENGTH_MEASURE(2.E-2),#203);
#399=PRESENTATION_STYLE_ASSIGNMENT((#398));
#400=STYLED_ITEM('',(#399),#397);
#401=DIRECTION('',(0.E0,0.E0,-1.E0));
#402=VECTOR('',#401,1.95E1);
#403=CARTESIAN_POINT('',(0.E0,2.25E0,2.275E1));
#404=LINE('',#403,#402);
#405=CURVE_STYLE('',#220,POSITIVE_LENGTH_MEASURE(2.E-2),#203);
#406=PRESENTATION_STYLE_ASSIGNMENT((#405));
#407=STYLED_ITEM('',(#406),#404);
#408=CARTESIAN_POINT('',(0.E0,-2.25E0,3.25E0));
#409=CARTESIAN_POINT('',(1.466793568634E-1,-2.25E0,3.25E0));
#410=CARTESIAN_POINT('',(4.460025961704E-1,-2.220927480626E0,3.229766084043E0));
#411=CARTESIAN_POINT('',(8.882704509035E-1,-2.085228234199E0,3.137258469152E0));
#412=CARTESIAN_POINT('',(1.320228649777E0,-1.846016314534E0,2.981661352461E0));
#413=CARTESIAN_POINT('',(1.713911910062E0,-1.490030497680E0,2.771644397356E0));
#414=CARTESIAN_POINT('',(2.006866870233E0,-1.057367870759E0,2.561906629705E0));
#415=CARTESIAN_POINT('',(2.178551971254E0,-6.181029548449E-1,2.413332115047E0));
#416=CARTESIAN_POINT('',(2.253270778187E0,-2.006838171188E-1,2.342112126514E0));
#417=CARTESIAN_POINT('',(2.253210924926E0,2.017747318568E-1,2.342174766686E0));
#418=CARTESIAN_POINT('',(2.178119503058E0,6.193795974105E-1,2.413726769644E0));
#419=CARTESIAN_POINT('',(2.007114476635E0,1.056529624166E0,2.561639650357E0));
#420=CARTESIAN_POINT('',(1.714938617495E0,1.489125463465E0,2.771093556803E0));
#421=CARTESIAN_POINT('',(1.318658044217E0,1.847275509826E0,2.982426816584E0));
#422=CARTESIAN_POINT('',(8.874513969382E-1,2.085463545309E0,3.137431191210E0));
#423=CARTESIAN_POINT('',(4.454822905614E-1,2.221026582427E0,3.229830689445E0));
#424=CARTESIAN_POINT('',(1.465142301922E-1,2.25E0,3.25E0));
#425=CARTESIAN_POINT('',(0.E0,2.25E0,3.25E0));
#427=CURVE_STYLE('',#220,POSITIVE_LENGTH_MEASURE(2.E-2),#203);
#428=PRESENTATION_STYLE_ASSIGNMENT((#427));
#429=STYLED_ITEM('',(#428),#426);
#430=CARTESIAN_POINT('',(0.E0,0.E0,2.275E1));
#431=DIRECTION('',(0.E0,0.E0,-1.E0));
#432=DIRECTION('',(0.E0,1.E0,0.E0));
#433=AXIS2_PLACEMENT_3D('',#430,#431,#432);
#435=CURVE_STYLE('',#220,POSITIVE_LENGTH_MEASURE(2.E-2),#203);
#436=PRESENTATION_STYLE_ASSIGNMENT((#435));
#437=STYLED_ITEM('',(#436),#434);
#438=CARTESIAN_POINT('',(0.E0,0.E0,2.275E1));
#439=DIRECTION('',(0.E0,0.E0,-1.E0));
#440=DIRECTION('',(0.E0,-1.E0,0.E0));
#441=AXIS2_PLACEMENT_3D('',#438,#439,#440);
#443=CURVE_STYLE('',#220,POSITIVE_LENGTH_MEASURE(2.E-2),#203);
#444=PRESENTATION_STYLE_ASSIGNMENT((#443));
#445=STYLED_ITEM('',(#444),#442);
#446=CARTESIAN_POINT('',(0.E0,0.E0,2.275E1));
#447=DIRECTION('',(0.E0,0.E0,1.E0));
#448=DIRECTION('',(0.E0,1.E0,0.E0));
#449=AXIS2_PLACEMENT_3D('',#446,#447,#448);
#451=CURVE_STYLE('',#220,POSITIVE_LENGTH_MEASURE(2.E-2),#203);
#452=PRESENTATION_STYLE_ASSIGNMENT((#451));
#453=STYLED_ITEM('',(#452),#450);
#454=CARTESIAN_POINT('',(0.E0,0.E0,2.275E1));
#455=DIRECTION('',(0.E0,0.E0,1.E0));
#456=DIRECTION('',(0.E0,-1.E0,0.E0));
#457=AXIS2_PLACEMENT_3D('',#454,#455,#456);
#459=CURVE_STYLE('',#220,POSITIVE_LENGTH_MEASURE(2.E-2),#203);
#460=PRESENTATION_STYLE_ASSIGNMENT((#459));
#461=STYLED_ITEM('',(#460),#458);
#462=CARTESIAN_POINT('',(0.E0,0.E0,5.25E0));
#463=DIRECTION('',(0.E0,0.E0,-1.E0));
#464=DIRECTION('',(0.E0,-1.E0,0.E0));
#465=AXIS2_PLACEMENT_3D('',#462,#463,#464);
#467=CURVE_STYLE('',#220,POSITIVE_LENGTH_MEASURE(2.E-2),#203);
#468=PRESENTATION_STYLE_ASSIGNMENT((#467));
#469=STYLED_ITEM('',(#468),#466);
#470=DIRECTION('',(-2.090022444316E-12,0.E0,1.E0));
#471=VECTOR('',#470,1.75E1);
#472=CARTESIAN_POINT('',(3.657159330884E-11,3.1E0,5.25E0));
#473=LINE('',#472,#471);
#474=CURVE_STYLE('',#220,POSITIVE_LENGTH_MEASURE(2.E-2),#203);
#475=PRESENTATION_STYLE_ASSIGNMENT((#474));
#476=STYLED_ITEM('',(#475),#473);
#477=CARTESIAN_POINT('',(1.163153164160E-9,-3.6E0,5.25E0));
#478=DIRECTION('',(-1.E0,-3.230983709746E-10,0.E0));
#479=DIRECTION('',(-3.230983709746E-10,1.E0,0.E0));
#480=AXIS2_PLACEMENT_3D('',#477,#478,#479);
#482=CURVE_STYLE('',#220,POSITIVE_LENGTH_MEASURE(2.E-2),#203);
#483=PRESENTATION_STYLE_ASSIGNMENT((#482));
#484=STYLED_ITEM('',(#483),#481);
#485=CARTESIAN_POINT('',(-1.163154523990E-9,3.6E0,5.25E0));
#486=DIRECTION('',(1.E0,3.230982113800E-10,0.E0));
#487=DIRECTION('',(3.230982113800E-10,-1.E0,0.E0));
#488=AXIS2_PLACEMENT_3D('',#485,#486,#487);
#490=CURVE_STYLE('',#220,POSITIVE_LENGTH_MEASURE(2.E-2),#203);
#491=PRESENTATION_STYLE_ASSIGNMENT((#490));
#492=STYLED_ITEM('',(#491),#489);
#493=CARTESIAN_POINT('',(0.E0,0.E0,5.25E0));
#494=DIRECTION('',(0.E0,0.E0,-1.E0));
#495=DIRECTION('',(0.E0,1.E0,0.E0));
#496=AXIS2_PLACEMENT_3D('',#493,#494,#495);
#498=CURVE_STYLE('',#220,POSITIVE_LENGTH_MEASURE(2.E-2),#203);
#499=PRESENTATION_STYLE_ASSIGNMENT((#498));
#500=STYLED_ITEM('',(#499),#497);
#501=DIRECTION('',(2.089667271456E-12,0.E0,1.E0));
#502=VECTOR('',#501,1.75E1);
#503=CARTESIAN_POINT('',(-3.657373599820E-11,-3.1E0,5.25E0));
#504=LINE('',#503,#502);
#505=CURVE_STYLE('',#220,POSITIVE_LENGTH_MEASURE(2.E-2),#203);
#506=PRESENTATION_STYLE_ASSIGNMENT((#505));
#507=STYLED_ITEM('',(#506),#504);
#508=CARTESIAN_POINT('',(0.E0,0.E0,4.75E0));
#509=DIRECTION('',(0.E0,0.E0,-1.E0));
#510=DIRECTION('',(0.E0,-1.E0,0.E0));
#511=AXIS2_PLACEMENT_3D('',#508,#509,#510);
#513=CURVE_STYLE('',#220,POSITIVE_LENGTH_MEASURE(2.E-2),#203);
#514=PRESENTATION_STYLE_ASSIGNMENT((#513));
#515=STYLED_ITEM('',(#514),#512);
#516=CARTESIAN_POINT('',(0.E0,0.E0,4.75E0));
#517=DIRECTION('',(0.E0,0.E0,-1.E0));
#518=DIRECTION('',(0.E0,1.E0,0.E0));
#519=AXIS2_PLACEMENT_3D('',#516,#517,#518);
#521=CURVE_STYLE('',#220,POSITIVE_LENGTH_MEASURE(2.E-2),#203);
#522=PRESENTATION_STYLE_ASSIGNMENT((#521));
#523=STYLED_ITEM('',(#522),#520);
#524=CARTESIAN_POINT('',(0.E0,0.E0,4.75E0));
#525=DIRECTION('',(0.E0,0.E0,1.E0));
#526=DIRECTION('',(-1.E0,0.E0,0.E0));
#527=AXIS2_PLACEMENT_3D('',#524,#525,#526);
#529=CURVE_STYLE('',#220,POSITIVE_LENGTH_MEASURE(2.E-2),#203);
#530=PRESENTATION_STYLE_ASSIGNMENT((#529));
#531=STYLED_ITEM('',(#530),#528);
#532=CARTESIAN_POINT('',(0.E0,0.E0,-7.75E0));
#533=DIRECTION('',(0.E0,0.E0,1.E0));
#534=DIRECTION('',(-1.E0,0.E0,0.E0));
#535=AXIS2_PLACEMENT_3D('',#532,#533,#534);
#537=CURVE_STYLE('',#220,POSITIVE_LENGTH_MEASURE(2.E-2),#203);
#538=PRESENTATION_STYLE_ASSIGNMENT((#537));
#539=STYLED_ITEM('',(#538),#536);
#540=CARTESIAN_POINT('',(0.E0,0.E0,4.75E0));
#541=DIRECTION('',(0.E0,0.E0,1.E0));
#542=DIRECTION('',(1.E0,0.E0,0.E0));
#543=AXIS2_PLACEMENT_3D('',#540,#541,#542);
#545=CURVE_STYLE('',#220,POSITIVE_LENGTH_MEASURE(2.E-2),#203);
#546=PRESENTATION_STYLE_ASSIGNMENT((#545));
#547=STYLED_ITEM('',(#546),#544);
#548=CARTESIAN_POINT('',(4.486946093019E-2,4.749788065966E0,4.749929361626E0));
#549=CARTESIAN_POINT('',(2.583532341129E-1,4.747771335085E0,4.748840147420E0));
#550=CARTESIAN_POINT('',(6.928078471939E-1,4.715275381500E0,4.714688388256E0));
#551=CARTESIAN_POINT('',(1.364812915716E0,4.567098813161E0,4.567256783576E0));
#552=CARTESIAN_POINT('',(2.007789662617E0,4.323230718429E0,4.323201643262E0));
#553=CARTESIAN_POINT('',(2.616905178356E0,3.984528847431E0,3.984557709265E0));
#554=CARTESIAN_POINT('',(3.174270259840E0,3.557501386951E0,3.557540327614E0));
#555=CARTESIAN_POINT('',(3.653836987736E0,3.056847385147E0,3.057025412705E0));
#556=CARTESIAN_POINT('',(3.980218710964E0,2.608700358570E0,2.608757547424E0));
#557=CARTESIAN_POINT('',(4.225724192317E0,2.186018260584E0,2.186048142885E0));
#558=CARTESIAN_POINT('',(4.414469306624E0,1.772858163017E0,1.772871315601E0));
#559=CARTESIAN_POINT('',(4.564768541977E0,1.340163057406E0,1.340158130062E0));
#560=CARTESIAN_POINT('',(4.672599733341E0,8.938460622884E-1,8.939104104229E-1));
#561=CARTESIAN_POINT('',(4.736318537853E0,4.441831692235E-1,4.439750984761E-1));
#562=CARTESIAN_POINT('',(4.75E0,1.472595101195E-1,1.477172716709E-1));
#563=CARTESIAN_POINT('',(4.75E0,0.E0,0.E0));
#565=CURVE_STYLE('',#220,POSITIVE_LENGTH_MEASURE(2.E-2),#203);
#566=PRESENTATION_STYLE_ASSIGNMENT((#565));
#567=STYLED_ITEM('',(#566),#564);
#568=DIRECTION('',(0.E0,0.E0,1.E0));
#569=VECTOR('',#568,4.75E0);
#570=CARTESIAN_POINT('',(4.75E0,0.E0,0.E0));
#571=LINE('',#570,#569);
#572=CURVE_STYLE('',#220,POSITIVE_LENGTH_MEASURE(2.E-2),#203);
#573=PRESENTATION_STYLE_ASSIGNMENT((#572));
#574=STYLED_ITEM('',(#573),#571);
#575=CARTESIAN_POINT('',(0.E0,4.75E0,-4.75E0));
#576=CARTESIAN_POINT('',(-2.137651774612E-1,4.75E0,-4.751124098973E0));
#577=CARTESIAN_POINT('',(-6.493334829835E-1,4.721543975862E0,
-4.721022279831E0));
#578=CARTESIAN_POINT('',(-1.324886595649E0,4.578972567071E0,-4.579112354719E0));
#579=CARTESIAN_POINT('',(-1.972469150483E0,4.339604123174E0,-4.339566668613E0));
#580=CARTESIAN_POINT('',(-2.586506300584E0,4.004469744714E0,-4.004479775309E0));
#581=CARTESIAN_POINT('',(-3.149757727851E0,3.579583918990E0,-3.579581251170E0));
#582=CARTESIAN_POINT('',(-3.637482422949E0,3.076819151332E0,-3.076819792017E0));
#583=CARTESIAN_POINT('',(-3.969901245598E0,2.624728469582E0,-2.624728574662E0));
#584=CARTESIAN_POINT('',(-4.219089373208E0,2.199054193546E0,-2.199053132539E0));
#585=CARTESIAN_POINT('',(-4.410295607916E0,1.783465479548E0,-1.783469618497E0));
#586=CARTESIAN_POINT('',(-4.562445713523E0,1.348375895468E0,-1.348360400678E0));
#587=CARTESIAN_POINT('',(-4.671627089352E0,8.994083228952E-1,
-8.994661631061E-1));
#588=CARTESIAN_POINT('',(-4.736147512072E0,4.469574723184E-1,
-4.467416062670E-1));
#589=CARTESIAN_POINT('',(-4.75E0,1.481775553774E-1,-1.486426826931E-1));
#590=CARTESIAN_POINT('',(-4.75E0,0.E0,0.E0));
#592=CURVE_STYLE('',#220,POSITIVE_LENGTH_MEASURE(2.E-2),#203);
#593=PRESENTATION_STYLE_ASSIGNMENT((#592));
#594=STYLED_ITEM('',(#593),#591);
#595=DIRECTION('',(0.E0,0.E0,1.E0));
#596=VECTOR('',#595,7.75E0);
#597=CARTESIAN_POINT('',(-4.75E0,0.E0,-7.75E0));
#598=LINE('',#597,#596);
#599=CURVE_STYLE('',#220,POSITIVE_LENGTH_MEASURE(2.E-2),#203);
#600=PRESENTATION_STYLE_ASSIGNMENT((#599));
#601=STYLED_ITEM('',(#600),#598);
#602=CARTESIAN_POINT('',(0.E0,0.E0,-7.75E0));
#603=DIRECTION('',(0.E0,0.E0,-1.E0));
#604=DIRECTION('',(-1.E0,0.E0,0.E0));
#605=AXIS2_PLACEMENT_3D('',#602,#603,#604);
#607=CURVE_STYLE('',#220,POSITIVE_LENGTH_MEASURE(2.E-2),#203);
#608=PRESENTATION_STYLE_ASSIGNMENT((#607));
#609=STYLED_ITEM('',(#608),#606);
#610=DIRECTION('',(0.E0,0.E0,1.E0));
#611=VECTOR('',#610,7.75E0);
#612=CARTESIAN_POINT('',(4.75E0,0.E0,-7.75E0));
#613=LINE('',#612,#611);
#614=CURVE_STYLE('',#220,POSITIVE_LENGTH_MEASURE(2.E-2),#203);
#615=PRESENTATION_STYLE_ASSIGNMENT((#614));
#616=STYLED_ITEM('',(#615),#613);
#617=CARTESIAN_POINT('',(4.75E0,0.E0,0.E0));
#618=CARTESIAN_POINT('',(4.75E0,1.622942120116E-1,-1.629097510029E-1));
#619=CARTESIAN_POINT('',(4.733365695933E0,4.898354295523E-1,
-4.895497556230E-1));
#620=CARTESIAN_POINT('',(4.655791675064E0,9.858030988730E-1,
-9.858796491427E-1));
#621=CARTESIAN_POINT('',(4.523977181789E0,1.476874820158E0,-1.476854293010E0));
#622=CARTESIAN_POINT('',(4.343085062384E0,1.945396655259E0,-1.945402213581E0));
#623=CARTESIAN_POINT('',(4.110339929048E0,2.399315917300E0,-2.399314211160E0));
#624=CARTESIAN_POINT('',(3.804008078779E0,2.867682699962E0,-2.867683966204E0));
#625=CARTESIAN_POINT('',(3.343646399401E0,3.401903221994E0,-3.401899863170E0));
#626=CARTESIAN_POINT('',(2.751568060925E0,3.897201881069E0,-3.897214050126E0));
#627=CARTESIAN_POINT('',(2.102700964007E0,4.280759084058E0,-4.280713766655E0));
#628=CARTESIAN_POINT('',(1.413590002412E0,4.555046371587E0,-4.555215472144E0));
#629=CARTESIAN_POINT('',(6.926143661202E-1,4.717670138140E0,-4.717039053318E0));
#630=CARTESIAN_POINT('',(2.277611225465E-1,4.75E0,-4.751359797549E0));
#631=CARTESIAN_POINT('',(0.E0,4.75E0,-4.75E0));
#633=CURVE_STYLE('',#220,POSITIVE_LENGTH_MEASURE(2.E-2),#203);
#634=PRESENTATION_STYLE_ASSIGNMENT((#633));
#635=STYLED_ITEM('',(#634),#632);
#636=DIRECTION('',(0.E0,0.E0,1.E0));
#637=VECTOR('',#636,4.75E0);
#638=CARTESIAN_POINT('',(-4.75E0,0.E0,0.E0));
#639=LINE('',#638,#637);
#640=CURVE_STYLE('',#220,POSITIVE_LENGTH_MEASURE(2.E-2),#203);
#641=PRESENTATION_STYLE_ASSIGNMENT((#640));
#642=STYLED_ITEM('',(#641),#639);
#643=CARTESIAN_POINT('',(-4.75E0,0.E0,0.E0));
#644=CARTESIAN_POINT('',(-4.75E0,1.614469708338E-1,1.620547750037E-1));
#645=CARTESIAN_POINT('',(-4.733537570371E0,4.872749365028E-1,
4.869993281823E-1));
#646=CARTESIAN_POINT('',(-4.656784921190E0,9.806369655810E-1,
9.807243252628E-1));
#647=CARTESIAN_POINT('',(-4.526331564009E0,1.469355640475E0,1.469348016258E0));
#648=CARTESIAN_POINT('',(-4.347236530668E0,1.935873998112E0,1.935899755006E0));
#649=CARTESIAN_POINT('',(-4.117107441768E0,2.387360629105E0,2.387401882924E0));
#650=CARTESIAN_POINT('',(-3.815742347323E0,2.851479088389E0,2.851655294598E0));
#651=CARTESIAN_POINT('',(-3.363467869920E0,3.381739012516E0,3.381877667722E0));
#652=CARTESIAN_POINT('',(-2.779558361755E0,3.876951664705E0,3.876966474711E0));
#653=CARTESIAN_POINT('',(-2.137699667544E0,4.263110999483E0,4.263076297558E0));
#654=CARTESIAN_POINT('',(-1.455669748182E0,4.541519499134E0,4.541707834655E0));
#655=CARTESIAN_POINT('',(-7.401215473167E-1,4.710289557145E0,4.709585329163E0));
#656=CARTESIAN_POINT('',(-2.773038485197E-1,4.747335633636E0,4.748611772384E0));
#657=CARTESIAN_POINT('',(-5.017436261897E-2,4.749734986260E0,4.749911671943E0));
#659=CURVE_STYLE('',#220,POSITIVE_LENGTH_MEASURE(2.E-2),#203);
#660=PRESENTATION_STYLE_ASSIGNMENT((#659));
#661=STYLED_ITEM('',(#660),#658);
#662=CARTESIAN_POINT('',(0.E0,0.E0,4.75E0));
#663=DIRECTION('',(0.E0,0.E0,1.E0));
#664=DIRECTION('',(-1.056322013635E-2,9.999442076338E-1,0.E0));
#665=AXIS2_PLACEMENT_3D('',#662,#663,#664);
#667=CURVE_STYLE('',#220,POSITIVE_LENGTH_MEASURE(2.E-2),#203);
#668=PRESENTATION_STYLE_ASSIGNMENT((#667));
#669=STYLED_ITEM('',(#668),#666);
#670=CARTESIAN_POINT('',(4.486946093019E-2,4.749788065966E0,4.749929361626E0));
#671=CARTESIAN_POINT('',(3.739685218890E-2,4.749858684090E0,4.749929361626E0));
#672=CARTESIAN_POINT('',(2.244688965820E-2,4.749964624554E0,4.750035319187E0));
#673=CARTESIAN_POINT('',(7.484100660206E-3,4.749999973446E0,4.75E0));
#674=CARTESIAN_POINT('',(-6.929564721480E-14,4.75E0,4.75E0));
#676=CURVE_STYLE('',#220,POSITIVE_LENGTH_MEASURE(2.E-2),#203);
#677=PRESENTATION_STYLE_ASSIGNMENT((#676));
#678=STYLED_ITEM('',(#677),#675);
#679=DIRECTION('',(3.048555820705E-14,1.E0,0.E0));
#680=VECTOR('',#679,2.25E0);
#681=CARTESIAN_POINT('',(-6.929564721480E-14,4.75E0,4.75E0));
#682=LINE('',#681,#680);
#683=CURVE_STYLE('',#220,POSITIVE_LENGTH_MEASURE(2.E-2),#203);
#684=PRESENTATION_STYLE_ASSIGNMENT((#683));
#685=STYLED_ITEM('',(#684),#682);
#686=DIRECTION('',(0.E0,1.E0,0.E0));
#687=VECTOR('',#686,2.25E0);
#688=CARTESIAN_POINT('',(0.E0,4.75E0,-4.75E0));
#689=LINE('',#688,#687);
#690=CURVE_STYLE('',#220,POSITIVE_LENGTH_MEASURE(2.E-2),#203);
#691=PRESENTATION_STYLE_ASSIGNMENT((#690));
#692=STYLED_ITEM('',(#691),#689);
#693=CARTESIAN_POINT('',(-6.929564721480E-14,4.75E0,4.75E0));
#694=CARTESIAN_POINT('',(-8.369740291853E-3,4.749999962935E0,4.75E0));
#695=CARTESIAN_POINT('',(-2.510249637278E-2,4.749955756914E0,4.750044164029E0));
#696=CARTESIAN_POINT('',(-4.181900436159E-2,4.749823287109E0,4.749911671943E0));
#697=CARTESIAN_POINT('',(-5.017436261897E-2,4.749734986260E0,4.749911671943E0));
#699=CURVE_STYLE('',#220,POSITIVE_LENGTH_MEASURE(2.E-2),#203);
#700=PRESENTATION_STYLE_ASSIGNMENT((#699));
#701=STYLED_ITEM('',(#700),#698);
#702=CARTESIAN_POINT('',(0.E0,7.E0,0.E0));
#703=DIRECTION('',(0.E0,1.E0,0.E0));
#704=DIRECTION('',(0.E0,0.E0,-1.E0));
#705=AXIS2_PLACEMENT_3D('',#702,#703,#704);
#707=CURVE_STYLE('',#220,POSITIVE_LENGTH_MEASURE(2.E-2),#203);
#708=PRESENTATION_STYLE_ASSIGNMENT((#707));
#709=STYLED_ITEM('',(#708),#706);
#710=CARTESIAN_POINT('',(0.E0,7.E0,0.E0));
#711=DIRECTION('',(0.E0,-1.E0,0.E0));
#712=DIRECTION('',(0.E0,0.E0,-1.E0));
#713=AXIS2_PLACEMENT_3D('',#710,#711,#712);
#715=CURVE_STYLE('',#220,POSITIVE_LENGTH_MEASURE(2.E-2),#203);
#716=PRESENTATION_STYLE_ASSIGNMENT((#715));
#717=STYLED_ITEM('',(#716),#714);
#718=DIRECTION('',(0.E0,9.061831399953E-1,-4.228854653311E-1));
#719=VECTOR('',#718,8.276472678623E-1);
#720=CARTESIAN_POINT('',(0.E0,7.E0,-6.75E0));
#721=LINE('',#720,#719);
#722=CURVE_STYLE('',#220,POSITIVE_LENGTH_MEASURE(2.E-2),#203);
#723=PRESENTATION_STYLE_ASSIGNMENT((#722));
#724=STYLED_ITEM('',(#723),#721);
#725=CARTESIAN_POINT('',(0.E0,7.E0,0.E0));
#726=DIRECTION('',(0.E0,-1.E0,0.E0));
#727=DIRECTION('',(0.E0,0.E0,-1.E0));
#728=AXIS2_PLACEMENT_3D('',#725,#726,#727);
#730=CURVE_STYLE('',#220,POSITIVE_LENGTH_MEASURE(2.E-2),#203);
#731=PRESENTATION_STYLE_ASSIGNMENT((#730));
#732=STYLED_ITEM('',(#731),#729);
#733=DIRECTION('',(0.E0,9.061831399953E-1,4.228854653311E-1));
#734=VECTOR('',#733,8.276472678623E-1);
#735=CARTESIAN_POINT('',(0.E0,7.E0,6.75E0));
#736=LINE('',#735,#734);
#737=CURVE_STYLE('',#220,POSITIVE_LENGTH_MEASURE(2.E-2),#203);
#738=PRESENTATION_STYLE_ASSIGNMENT((#737));
#739=STYLED_ITEM('',(#738),#736);
#740=CARTESIAN_POINT('',(0.E0,7.E0,0.E0));
#741=DIRECTION('',(0.E0,1.E0,0.E0));
#742=DIRECTION('',(0.E0,0.E0,-1.E0));
#743=AXIS2_PLACEMENT_3D('',#740,#741,#742);
#745=CURVE_STYLE('',#220,POSITIVE_LENGTH_MEASURE(2.E-2),#203);
#746=PRESENTATION_STYLE_ASSIGNMENT((#745));
#747=STYLED_ITEM('',(#746),#744);
#748=CARTESIAN_POINT('',(0.E0,7.75E0,0.E0));
#749=DIRECTION('',(0.E0,1.E0,0.E0));
#750=DIRECTION('',(0.E0,0.E0,-1.E0));
#751=AXIS2_PLACEMENT_3D('',#748,#749,#750);
#753=CURVE_STYLE('',#220,POSITIVE_LENGTH_MEASURE(2.E-2),#203);
#754=PRESENTATION_STYLE_ASSIGNMENT((#753));
#755=STYLED_ITEM('',(#754),#752);
#756=DIRECTION('',(0.E0,1.E0,0.E0));
#757=VECTOR('',#756,4.E0);
#758=CARTESIAN_POINT('',(0.E0,7.75E0,-7.1E0));
#759=LINE('',#758,#757);
#760=CURVE_STYLE('',#220,POSITIVE_LENGTH_MEASURE(2.E-2),#203);
#761=PRESENTATION_STYLE_ASSIGNMENT((#760));
#762=STYLED_ITEM('',(#761),#759);
#763=CARTESIAN_POINT('',(0.E0,7.75E0,0.E0));
#764=DIRECTION('',(0.E0,-1.E0,0.E0));
#765=DIRECTION('',(0.E0,0.E0,-1.E0));
#766=AXIS2_PLACEMENT_3D('',#763,#764,#765);
#768=CURVE_STYLE('',#220,POSITIVE_LENGTH_MEASURE(2.E-2),#203);
#769=PRESENTATION_STYLE_ASSIGNMENT((#768));
#770=STYLED_ITEM('',(#769),#767);
#771=DIRECTION('',(0.E0,1.E0,0.E0));
#772=VECTOR('',#771,4.E0);
#773=CARTESIAN_POINT('',(0.E0,7.75E0,7.1E0));
#774=LINE('',#773,#772);
#775=CURVE_STYLE('',#220,POSITIVE_LENGTH_MEASURE(2.E-2),#203);
#776=PRESENTATION_STYLE_ASSIGNMENT((#775));
#777=STYLED_ITEM('',(#776),#774);
#778=CARTESIAN_POINT('',(0.E0,1.175E1,0.E0));
#779=DIRECTION('',(0.E0,1.E0,0.E0));
#780=DIRECTION('',(0.E0,0.E0,-1.E0));
#781=AXIS2_PLACEMENT_3D('',#778,#779,#780);
#783=CURVE_STYLE('',#220,POSITIVE_LENGTH_MEASURE(2.E-2),#203);
#784=PRESENTATION_STYLE_ASSIGNMENT((#783));
#785=STYLED_ITEM('',(#784),#782);
#786=CARTESIAN_POINT('',(0.E0,1.175E1,0.E0));
#787=DIRECTION('',(0.E0,-1.E0,0.E0));
#788=DIRECTION('',(0.E0,0.E0,-1.E0));
#789=AXIS2_PLACEMENT_3D('',#786,#787,#788);
#791=CURVE_STYLE('',#220,POSITIVE_LENGTH_MEASURE(2.E-2),#203);
#792=PRESENTATION_STYLE_ASSIGNMENT((#791));
#793=STYLED_ITEM('',(#792),#790);
#794=DIRECTION('',(0.E0,1.E0,0.E0));
#795=VECTOR('',#794,4.5E0);
#796=CARTESIAN_POINT('',(0.E0,1.175E1,-7.5E0));
#797=LINE('',#796,#795);
#798=CURVE_STYLE('',#220,POSITIVE_LENGTH_MEASURE(2.E-2),#203);
#799=PRESENTATION_STYLE_ASSIGNMENT((#798));
#800=STYLED_ITEM('',(#799),#797);
#801=CARTESIAN_POINT('',(0.E0,1.175E1,0.E0));
#802=DIRECTION('',(0.E0,-1.E0,0.E0));
#803=DIRECTION('',(0.E0,0.E0,-1.E0));
#804=AXIS2_PLACEMENT_3D('',#801,#802,#803);
#806=CURVE_STYLE('',#220,POSITIVE_LENGTH_MEASURE(2.E-2),#203);
#807=PRESENTATION_STYLE_ASSIGNMENT((#806));
#808=STYLED_ITEM('',(#807),#805);
#809=DIRECTION('',(0.E0,1.E0,0.E0));
#810=VECTOR('',#809,4.5E0);
#811=CARTESIAN_POINT('',(0.E0,1.175E1,7.5E0));
#812=LINE('',#811,#810);
#813=CURVE_STYLE('',#220,POSITIVE_LENGTH_MEASURE(2.E-2),#203);
#814=PRESENTATION_STYLE_ASSIGNMENT((#813));
#815=STYLED_ITEM('',(#814),#812);
#816=CARTESIAN_POINT('',(0.E0,1.175E1,0.E0));
#817=DIRECTION('',(0.E0,1.E0,0.E0));
#818=DIRECTION('',(0.E0,0.E0,-1.E0));
#819=AXIS2_PLACEMENT_3D('',#816,#817,#818);
#821=CURVE_STYLE('',#220,POSITIVE_LENGTH_MEASURE(2.E-2),#203);
#822=PRESENTATION_STYLE_ASSIGNMENT((#821));
#823=STYLED_ITEM('',(#822),#820);
#824=CARTESIAN_POINT('',(0.E0,1.625E1,0.E0));
#825=DIRECTION('',(0.E0,1.E0,0.E0));
#826=DIRECTION('',(0.E0,0.E0,-1.E0));
#827=AXIS2_PLACEMENT_3D('',#824,#825,#826);
#829=CURVE_STYLE('',#220,POSITIVE_LENGTH_MEASURE(2.E-2),#203);
#830=PRESENTATION_STYLE_ASSIGNMENT((#829));
#831=STYLED_ITEM('',(#830),#828);
#832=CARTESIAN_POINT('',(0.E0,1.625E1,0.E0));
#833=DIRECTION('',(0.E0,-1.E0,0.E0));
#834=DIRECTION('',(0.E0,0.E0,-1.E0));
#835=AXIS2_PLACEMENT_3D('',#832,#833,#834);
#837=CURVE_STYLE('',#220,POSITIVE_LENGTH_MEASURE(2.E-2),#203);
#838=PRESENTATION_STYLE_ASSIGNMENT((#837));
#839=STYLED_ITEM('',(#838),#836);
#840=CARTESIAN_POINT('',(0.E0,1.875E1,0.E0));
#841=DIRECTION('',(0.E0,1.E0,0.E0));
#842=DIRECTION('',(0.E0,0.E0,1.E0));
#843=AXIS2_PLACEMENT_3D('',#840,#841,#842);
#845=CURVE_STYLE('',#220,POSITIVE_LENGTH_MEASURE(2.E-2),#203);
#846=PRESENTATION_STYLE_ASSIGNMENT((#845));
#847=STYLED_ITEM('',(#846),#844);
#848=DIRECTION('',(8.012229768539E-13,1.E0,0.E0));
#849=VECTOR('',#848,2.5E0);
#850=CARTESIAN_POINT('',(0.E0,1.625E1,-7.1E0));
#851=LINE('',#850,#849);
#852=CURVE_STYLE('',#220,POSITIVE_LENGTH_MEASURE(2.E-2),#203);
#853=PRESENTATION_STYLE_ASSIGNMENT((#852));
#854=STYLED_ITEM('',(#853),#851);
#855=CARTESIAN_POINT('',(0.E0,1.625E1,0.E0));
#856=DIRECTION('',(0.E0,-1.E0,0.E0));
#857=DIRECTION('',(0.E0,0.E0,-1.E0));
#858=AXIS2_PLACEMENT_3D('',#855,#856,#857);
#860=CURVE_STYLE('',#220,POSITIVE_LENGTH_MEASURE(2.E-2),#203);
#861=PRESENTATION_STYLE_ASSIGNMENT((#860));
#862=STYLED_ITEM('',(#861),#859);
#863=DIRECTION('',(-8.006138344877E-13,1.E0,0.E0));
#864=VECTOR('',#863,2.5E0);
#865=CARTESIAN_POINT('',(0.E0,1.625E1,7.1E0));
#866=LINE('',#865,#864);
#867=CURVE_STYLE('',#220,POSITIVE_LENGTH_MEASURE(2.E-2),#203);
#868=PRESENTATION_STYLE_ASSIGNMENT((#867));
#869=STYLED_ITEM('',(#868),#866);
#870=CARTESIAN_POINT('',(0.E0,1.875E1,6.6E0));
#871=DIRECTION('',(1.E0,0.E0,0.E0));
#872=DIRECTION('',(0.E0,1.E0,0.E0));
#873=AXIS2_PLACEMENT_3D('',#870,#871,#872);
#875=CURVE_STYLE('',#220,POSITIVE_LENGTH_MEASURE(2.E-2),#203);
#876=PRESENTATION_STYLE_ASSIGNMENT((#875));
#877=STYLED_ITEM('',(#876),#874);
#878=CARTESIAN_POINT('',(0.E0,1.925E1,0.E0));
#879=DIRECTION('',(0.E0,1.E0,0.E0));
#880=DIRECTION('',(0.E0,0.E0,-1.E0));
#881=AXIS2_PLACEMENT_3D('',#878,#879,#880);
#883=CURVE_STYLE('',#220,POSITIVE_LENGTH_MEASURE(2.E-2),#203);
#884=PRESENTATION_STYLE_ASSIGNMENT((#883));
#885=STYLED_ITEM('',(#884),#882);
#886=CARTESIAN_POINT('',(0.E0,1.925E1,0.E0));
#887=DIRECTION('',(0.E0,1.E0,0.E0));
#888=DIRECTION('',(0.E0,0.E0,1.E0));
#889=AXIS2_PLACEMENT_3D('',#886,#887,#888);
#891=CURVE_STYLE('',#220,POSITIVE_LENGTH_MEASURE(2.E-2),#203);
#892=PRESENTATION_STYLE_ASSIGNMENT((#891));
#893=STYLED_ITEM('',(#892),#890);
#894=CARTESIAN_POINT('',(-2.333333333333E0,1.925E1,4.422166387141E0));
#895=CARTESIAN_POINT('',(-2.784819768347E0,1.925E1,4.269702711211E0));
#896=CARTESIAN_POINT('',(-3.736033387317E0,1.925E1,3.845705160309E0));
#897=CARTESIAN_POINT('',(-5.104361479433E0,1.925E1,2.708139475630E0));
#898=CARTESIAN_POINT('',(-6.024971573427E0,1.925E1,1.024192339061E0));
#899=CARTESIAN_POINT('',(-6.051723431666E0,1.925E1,-9.799147185862E-1));
#900=CARTESIAN_POINT('',(-5.052585414977E0,1.925E1,-2.818098389617E0));
#901=CARTESIAN_POINT('',(-3.664702679809E0,1.925E1,-3.871927933405E0));
#902=CARTESIAN_POINT('',(-2.477921060677E0,1.925E1,-4.394551408509E0));
#903=CARTESIAN_POINT('',(-1.596641272075E0,1.925E1,-4.645240048728E0));
#904=CARTESIAN_POINT('',(-8.998616528869E-1,1.925E1,-4.754262284121E0));
#905=CARTESIAN_POINT('',(-3.728974546016E-1,1.925E1,-4.794002859115E0));
#906=CARTESIAN_POINT('',(-3.452793606584E-14,1.925E1,-4.802998570442E0));
#907=CARTESIAN_POINT('',(3.728974546015E-1,1.925E1,-4.794002859115E0));
#908=CARTESIAN_POINT('',(8.998616528868E-1,1.925E1,-4.754262284121E0));
#909=CARTESIAN_POINT('',(1.596641272075E0,1.925E1,-4.645240048728E0));
#910=CARTESIAN_POINT('',(2.477921060677E0,1.925E1,-4.394551408509E0));
#911=CARTESIAN_POINT('',(3.664702679809E0,1.925E1,-3.871927933405E0));
#912=CARTESIAN_POINT('',(5.052585414977E0,1.925E1,-2.818098389617E0));
#913=CARTESIAN_POINT('',(6.051723431666E0,1.925E1,-9.799147185862E-1));
#914=CARTESIAN_POINT('',(6.024971573427E0,1.925E1,1.024192339061E0));
#915=CARTESIAN_POINT('',(5.104361479433E0,1.925E1,2.708139475629E0));
#916=CARTESIAN_POINT('',(3.736033387317E0,1.925E1,3.845705160309E0));
#917=CARTESIAN_POINT('',(2.784819768348E0,1.925E1,4.269702711211E0));
#918=CARTESIAN_POINT('',(2.333333333333E0,1.925E1,4.422166387141E0));
#920=CURVE_STYLE('',#220,POSITIVE_LENGTH_MEASURE(2.E-2),#203);
#921=PRESENTATION_STYLE_ASSIGNMENT((#920));
#922=STYLED_ITEM('',(#921),#919);
#923=DIRECTION('',(1.539509260814E-14,-1.E0,0.E0));
#924=VECTOR('',#923,1.5E0);
#925=CARTESIAN_POINT('',(2.333333333333E0,2.075E1,4.422166387141E0));
#926=LINE('',#925,#924);
#927=CURVE_STYLE('',#220,POSITIVE_LENGTH_MEASURE(2.E-2),#203);
#928=PRESENTATION_STYLE_ASSIGNMENT((#927));
#929=STYLED_ITEM('',(#928),#926);
#930=CARTESIAN_POINT('',(2.333333333333E0,2.075E1,4.422166387141E0));
#931=CARTESIAN_POINT('',(2.784819768347E0,2.075E1,4.269702711211E0));
#932=CARTESIAN_POINT('',(3.736033387317E0,2.075E1,3.845705160309E0));
#933=CARTESIAN_POINT('',(5.104361479433E0,2.075E1,2.708139475630E0));
#934=CARTESIAN_POINT('',(6.024971573427E0,2.075E1,1.024192339061E0));
#935=CARTESIAN_POINT('',(6.051723431666E0,2.075E1,-9.799147185862E-1));
#936=CARTESIAN_POINT('',(5.052585414977E0,2.075E1,-2.818098389617E0));
#937=CARTESIAN_POINT('',(3.664702679809E0,2.075E1,-3.871927933405E0));
#938=CARTESIAN_POINT('',(2.477921060677E0,2.075E1,-4.394551408509E0));
#939=CARTESIAN_POINT('',(1.596641272075E0,2.075E1,-4.645240048728E0));
#940=CARTESIAN_POINT('',(8.998616528869E-1,2.075E1,-4.754262284121E0));
#941=CARTESIAN_POINT('',(3.728974546015E-1,2.075E1,-4.794002859115E0));
#942=CARTESIAN_POINT('',(0.E0,2.075E1,-4.802998570442E0));
#943=CARTESIAN_POINT('',(-3.728974546015E-1,2.075E1,-4.794002859115E0));
#944=CARTESIAN_POINT('',(-8.998616528869E-1,2.075E1,-4.754262284121E0));
#945=CARTESIAN_POINT('',(-1.596641272075E0,2.075E1,-4.645240048728E0));
#946=CARTESIAN_POINT('',(-2.477921060677E0,2.075E1,-4.394551408509E0));
#947=CARTESIAN_POINT('',(-3.664702679809E0,2.075E1,-3.871927933405E0));
#948=CARTESIAN_POINT('',(-5.052585414977E0,2.075E1,-2.818098389617E0));
#949=CARTESIAN_POINT('',(-6.051723431666E0,2.075E1,-9.799147185862E-1));
#950=CARTESIAN_POINT('',(-6.024971573427E0,2.075E1,1.024192339061E0));
#951=CARTESIAN_POINT('',(-5.104361479433E0,2.075E1,2.708139475629E0));
#952=CARTESIAN_POINT('',(-3.736033387317E0,2.075E1,3.845705160309E0));
#953=CARTESIAN_POINT('',(-2.784819768347E0,2.075E1,4.269702711211E0));
#954=CARTESIAN_POINT('',(-2.333333333333E0,2.075E1,4.422166387141E0));
#956=CURVE_STYLE('',#220,POSITIVE_LENGTH_MEASURE(2.E-2),#203);
#957=PRESENTATION_STYLE_ASSIGNMENT((#956));
#958=STYLED_ITEM('',(#957),#955);
#959=DIRECTION('',(0.E0,-1.E0,0.E0));
#960=VECTOR('',#959,1.5E0);
#961=CARTESIAN_POINT('',(-2.333333333333E0,2.075E1,4.422166387141E0));
#962=LINE('',#961,#960);
#963=CURVE_STYLE('',#220,POSITIVE_LENGTH_MEASURE(2.E-2),#203);
#964=PRESENTATION_STYLE_ASSIGNMENT((#963));
#965=STYLED_ITEM('',(#964),#962);
#966=CARTESIAN_POINT('',(2.333333333333E0,1.925E1,4.422166387141E0));
#967=CARTESIAN_POINT('',(1.555555555556E0,1.925E1,4.684816269528E0));
#968=CARTESIAN_POINT('',(3.275157922644E-14,1.925E1,4.915183730472E0));
#969=CARTESIAN_POINT('',(-1.555555555556E0,1.925E1,4.684816269528E0));
#970=CARTESIAN_POINT('',(-2.333333333333E0,1.925E1,4.422166387141E0));
#972=CURVE_STYLE('',#220,POSITIVE_LENGTH_MEASURE(2.E-2),#203);
#973=PRESENTATION_STYLE_ASSIGNMENT((#972));
#974=STYLED_ITEM('',(#973),#971);
#975=CARTESIAN_POINT('',(2.333333333333E0,2.075E1,4.422166387141E0));
#976=CARTESIAN_POINT('',(1.555555555556E0,2.075E1,4.684816269528E0));
#977=CARTESIAN_POINT('',(0.E0,2.075E1,4.915183730472E0));
#978=CARTESIAN_POINT('',(-1.555555555556E0,2.075E1,4.684816269528E0));
#979=CARTESIAN_POINT('',(-2.333333333333E0,2.075E1,4.422166387141E0));
#981=CURVE_STYLE('',#220,POSITIVE_LENGTH_MEASURE(2.E-2),#203);
#982=PRESENTATION_STYLE_ASSIGNMENT((#981));
#983=STYLED_ITEM('',(#982),#980);
#984=CARTESIAN_POINT('',(0.E0,1.875E1,-6.6E0));
#985=DIRECTION('',(-1.E0,0.E0,0.E0));
#986=DIRECTION('',(0.E0,1.E0,0.E0));
#987=AXIS2_PLACEMENT_3D('',#984,#985,#986);
#989=CURVE_STYLE('',#220,POSITIVE_LENGTH_MEASURE(2.E-2),#203);
#990=PRESENTATION_STYLE_ASSIGNMENT((#989));
#991=STYLED_ITEM('',(#990),#988);
#992=CARTESIAN_POINT('',(0.E0,1.875E1,0.E0));
#993=DIRECTION('',(0.E0,1.E0,0.E0));
#994=DIRECTION('',(0.E0,0.E0,-1.E0));
#995=AXIS2_PLACEMENT_3D('',#992,#993,#994);
#997=CURVE_STYLE('',#220,POSITIVE_LENGTH_MEASURE(2.E-2),#203);
#998=PRESENTATION_STYLE_ASSIGNMENT((#997));
#999=STYLED_ITEM('',(#998),#996);
#1000=CARTESIAN_POINT('',(0.E0,1.625E1,0.E0));
#1001=DIRECTION('',(0.E0,1.E0,0.E0));
#1002=DIRECTION('',(0.E0,0.E0,-1.E0));
#1003=AXIS2_PLACEMENT_3D('',#1000,#1001,#1002);
#1005=CURVE_STYLE('',#220,POSITIVE_LENGTH_MEASURE(2.E-2),#203);
#1006=PRESENTATION_STYLE_ASSIGNMENT((#1005));
#1007=STYLED_ITEM('',(#1006),#1004);
#1008=CARTESIAN_POINT('',(0.E0,0.E0,-7.75E0));
#1009=DIRECTION('',(0.E0,0.E0,1.E0));
#1010=DIRECTION('',(-1.E0,0.E0,0.E0));
#1011=AXIS2_PLACEMENT_3D('',#1008,#1009,#1010);
#1013=CURVE_STYLE('',#220,POSITIVE_LENGTH_MEASURE(2.E-2),#203);
#1014=PRESENTATION_STYLE_ASSIGNMENT((#1013));
#1015=STYLED_ITEM('',(#1014),#1012);
#1016=CARTESIAN_POINT('',(0.E0,0.E0,-7.75E0));
#1017=DIRECTION('',(0.E0,0.E0,-1.E0));
#1018=DIRECTION('',(-1.E0,0.E0,0.E0));
#1019=AXIS2_PLACEMENT_3D('',#1016,#1017,#1018);
#1021=CURVE_STYLE('',#220,POSITIVE_LENGTH_MEASURE(2.E-2),#203);
#1022=PRESENTATION_STYLE_ASSIGNMENT((#1021));
#1023=STYLED_ITEM('',(#1022),#1020);
#1024=CARTESIAN_POINT('',(0.E0,0.E0,-8.25E0));
#1025=DIRECTION('',(0.E0,0.E0,1.E0));
#1026=DIRECTION('',(-1.E0,0.E0,0.E0));
#1027=AXIS2_PLACEMENT_3D('',#1024,#1025,#1026);
#1029=CURVE_STYLE('',#220,POSITIVE_LENGTH_MEASURE(2.E-2),#203);
#1030=PRESENTATION_STYLE_ASSIGNMENT((#1029));
#1031=STYLED_ITEM('',(#1030),#1028);
#1032=DIRECTION('',(5.734623443633E-1,0.E0,8.192319205190E-1));
#1033=VECTOR('',#1032,6.103277807867E-1);
#1034=CARTESIAN_POINT('',(-7.1E0,0.E0,-8.25E0));
#1035=LINE('',#1034,#1033);
#1036=CURVE_STYLE('',#220,POSITIVE_LENGTH_MEASURE(2.E-2),#203);
#1037=PRESENTATION_STYLE_ASSIGNMENT((#1036));
#1038=STYLED_ITEM('',(#1037),#1035);
#1039=CARTESIAN_POINT('',(0.E0,0.E0,-8.25E0));
#1040=DIRECTION('',(0.E0,0.E0,-1.E0));
#1041=DIRECTION('',(-1.E0,0.E0,0.E0));
#1042=AXIS2_PLACEMENT_3D('',#1039,#1040,#1041);
#1044=CURVE_STYLE('',#220,POSITIVE_LENGTH_MEASURE(2.E-2),#203);
#1045=PRESENTATION_STYLE_ASSIGNMENT((#1044));
#1046=STYLED_ITEM('',(#1045),#1043);
#1047=DIRECTION('',(-5.734623443633E-1,0.E0,8.192319205190E-1));
#1048=VECTOR('',#1047,6.103277807867E-1);
#1049=CARTESIAN_POINT('',(7.1E0,0.E0,-8.25E0));
#1050=LINE('',#1049,#1048);
#1051=CURVE_STYLE('',#220,POSITIVE_LENGTH_MEASURE(2.E-2),#203);
#1052=PRESENTATION_STYLE_ASSIGNMENT((#1051));
#1053=STYLED_ITEM('',(#1052),#1050);
#1054=DIRECTION('',(0.E0,0.E0,1.E0));
#1055=VECTOR('',#1054,4.E0);
#1056=CARTESIAN_POINT('',(-7.1E0,0.E0,-1.225E1));
#1057=LINE('',#1056,#1055);
#1058=CURVE_STYLE('',#220,POSITIVE_LENGTH_MEASURE(2.E-2),#203);
#1059=PRESENTATION_STYLE_ASSIGNMENT((#1058));
#1060=STYLED_ITEM('',(#1059),#1057);
#1061=CARTESIAN_POINT('',(0.E0,0.E0,-1.225E1));
#1062=DIRECTION('',(0.E0,0.E0,-1.E0));
#1063=DIRECTION('',(-1.E0,0.E0,0.E0));
#1064=AXIS2_PLACEMENT_3D('',#1061,#1062,#1063);
#1066=CURVE_STYLE('',#220,POSITIVE_LENGTH_MEASURE(2.E-2),#203);
#1067=PRESENTATION_STYLE_ASSIGNMENT((#1066));
#1068=STYLED_ITEM('',(#1067),#1065);
#1069=DIRECTION('',(0.E0,0.E0,1.E0));
#1070=VECTOR('',#1069,4.E0);
#1071=CARTESIAN_POINT('',(7.1E0,0.E0,-1.225E1));
#1072=LINE('',#1071,#1070);
#1073=CURVE_STYLE('',#220,POSITIVE_LENGTH_MEASURE(2.E-2),#203);
#1074=PRESENTATION_STYLE_ASSIGNMENT((#1073));
#1075=STYLED_ITEM('',(#1074),#1072);
#1076=CARTESIAN_POINT('',(0.E0,0.E0,-1.225E1));
#1077=DIRECTION('',(0.E0,0.E0,1.E0));
#1078=DIRECTION('',(-1.E0,0.E0,0.E0));
#1079=AXIS2_PLACEMENT_3D('',#1076,#1077,#1078);
#1081=CURVE_STYLE('',#220,POSITIVE_LENGTH_MEASURE(2.E-2),#203);
#1082=PRESENTATION_STYLE_ASSIGNMENT((#1081));
#1083=STYLED_ITEM('',(#1082),#1080);
#1084=CARTESIAN_POINT('',(0.E0,0.E0,-1.225E1));
#1085=DIRECTION('',(0.E0,0.E0,1.E0));
#1086=DIRECTION('',(-1.E0,0.E0,0.E0));
#1087=AXIS2_PLACEMENT_3D('',#1084,#1085,#1086);
#1089=CURVE_STYLE('',#220,POSITIVE_LENGTH_MEASURE(2.E-2),#203);
#1090=PRESENTATION_STYLE_ASSIGNMENT((#1089));
#1091=STYLED_ITEM('',(#1090),#1088);
#1092=CARTESIAN_POINT('',(0.E0,0.E0,-1.225E1));
#1093=DIRECTION('',(0.E0,0.E0,-1.E0));
#1094=DIRECTION('',(-1.E0,0.E0,0.E0));
#1095=AXIS2_PLACEMENT_3D('',#1092,#1093,#1094);
#1097=CURVE_STYLE('',#220,POSITIVE_LENGTH_MEASURE(2.E-2),#203);
#1098=PRESENTATION_STYLE_ASSIGNMENT((#1097));
#1099=STYLED_ITEM('',(#1098),#1096);
#1100=CARTESIAN_POINT('',(0.E0,0.E0,-1.675E1));
#1101=DIRECTION('',(0.E0,0.E0,1.E0));
#1102=DIRECTION('',(-1.E0,0.E0,0.E0));
#1103=AXIS2_PLACEMENT_3D('',#1100,#1101,#1102);
#1105=CURVE_STYLE('',#220,POSITIVE_LENGTH_MEASURE(2.E-2),#203);
#1106=PRESENTATION_STYLE_ASSIGNMENT((#1105));
#1107=STYLED_ITEM('',(#1106),#1104);
#1108=DIRECTION('',(0.E0,0.E0,1.E0));
#1109=VECTOR('',#1108,4.5E0);
#1110=CARTESIAN_POINT('',(-7.5E0,0.E0,-1.675E1));
#1111=LINE('',#1110,#1109);
#1112=CURVE_STYLE('',#220,POSITIVE_LENGTH_MEASURE(2.E-2),#203);
#1113=PRESENTATION_STYLE_ASSIGNMENT((#1112));
#1114=STYLED_ITEM('',(#1113),#1111);
#1115=CARTESIAN_POINT('',(0.E0,0.E0,-1.675E1));
#1116=DIRECTION('',(0.E0,0.E0,-1.E0));
#1117=DIRECTION('',(-1.E0,0.E0,0.E0));
#1118=AXIS2_PLACEMENT_3D('',#1115,#1116,#1117);
#1120=CURVE_STYLE('',#220,POSITIVE_LENGTH_MEASURE(2.E-2),#203);
#1121=PRESENTATION_STYLE_ASSIGNMENT((#1120));
#1122=STYLED_ITEM('',(#1121),#1119);
#1123=DIRECTION('',(0.E0,0.E0,1.E0));
#1124=VECTOR('',#1123,4.5E0);
#1125=CARTESIAN_POINT('',(7.5E0,0.E0,-1.675E1));
#1126=LINE('',#1125,#1124);
#1127=CURVE_STYLE('',#220,POSITIVE_LENGTH_MEASURE(2.E-2),#203);
#1128=PRESENTATION_STYLE_ASSIGNMENT((#1127));
#1129=STYLED_ITEM('',(#1128),#1126);
#1130=CARTESIAN_POINT('',(0.E0,0.E0,-1.675E1));
#1131=DIRECTION('',(0.E0,0.E0,1.E0));
#1132=DIRECTION('',(-1.E0,0.E0,0.E0));
#1133=AXIS2_PLACEMENT_3D('',#1130,#1131,#1132);
#1135=CURVE_STYLE('',#220,POSITIVE_LENGTH_MEASURE(2.E-2),#203);
#1136=PRESENTATION_STYLE_ASSIGNMENT((#1135));
#1137=STYLED_ITEM('',(#1136),#1134);
#1138=CARTESIAN_POINT('',(0.E0,0.E0,-1.675E1));
#1139=DIRECTION('',(0.E0,0.E0,-1.E0));
#1140=DIRECTION('',(-1.E0,0.E0,0.E0));
#1141=AXIS2_PLACEMENT_3D('',#1138,#1139,#1140);
#1143=CURVE_STYLE('',#220,POSITIVE_LENGTH_MEASURE(2.E-2),#203);
#1144=PRESENTATION_STYLE_ASSIGNMENT((#1143));
#1145=STYLED_ITEM('',(#1144),#1142);
#1146=CARTESIAN_POINT('',(0.E0,0.E0,-1.875E1));
#1147=DIRECTION('',(0.E0,0.E0,-1.E0));
#1148=DIRECTION('',(1.E0,0.E0,0.E0));
#1149=AXIS2_PLACEMENT_3D('',#1146,#1147,#1148);
#1151=CURVE_STYLE('',#220,POSITIVE_LENGTH_MEASURE(2.E-2),#203);
#1152=PRESENTATION_STYLE_ASSIGNMENT((#1151));
#1153=STYLED_ITEM('',(#1152),#1150);
#1154=DIRECTION('',(0.E0,3.011150356835E-12,1.E0));
#1155=VECTOR('',#1154,2.E0);
#1156=CARTESIAN_POINT('',(-7.1E0,-6.022300713671E-12,-1.875E1));
#1157=LINE('',#1156,#1155);
#1158=CURVE_STYLE('',#220,POSITIVE_LENGTH_MEASURE(2.E-2),#203);
#1159=PRESENTATION_STYLE_ASSIGNMENT((#1158));
#1160=STYLED_ITEM('',(#1159),#1157);
#1161=DIRECTION('',(0.E0,3.011282080171E-12,-1.E0));
#1162=VECTOR('',#1161,2.E0);
#1163=CARTESIAN_POINT('',(7.1E0,0.E0,-1.675E1));
#1164=LINE('',#1163,#1162);
#1165=CURVE_STYLE('',#220,POSITIVE_LENGTH_MEASURE(2.E-2),#203);
#1166=PRESENTATION_STYLE_ASSIGNMENT((#1165));
#1167=STYLED_ITEM('',(#1166),#1164);
#1168=CARTESIAN_POINT('',(6.6E0,0.E0,-1.875E1));
#1169=DIRECTION('',(0.E0,-1.E0,0.E0));
#1170=DIRECTION('',(0.E0,0.E0,-1.E0));
#1171=AXIS2_PLACEMENT_3D('',#1168,#1169,#1170);
#1173=CURVE_STYLE('',#220,POSITIVE_LENGTH_MEASURE(2.E-2),#203);
#1174=PRESENTATION_STYLE_ASSIGNMENT((#1173));
#1175=STYLED_ITEM('',(#1174),#1172);
#1176=CARTESIAN_POINT('',(0.E0,0.E0,-1.925E1));
#1177=DIRECTION('',(0.E0,0.E0,-1.E0));
#1178=DIRECTION('',(1.E0,0.E0,0.E0));
#1179=AXIS2_PLACEMENT_3D('',#1176,#1177,#1178);
#1181=CURVE_STYLE('',#220,POSITIVE_LENGTH_MEASURE(2.E-2),#203);
#1182=PRESENTATION_STYLE_ASSIGNMENT((#1181));
#1183=STYLED_ITEM('',(#1182),#1180);
#1184=CARTESIAN_POINT('',(0.E0,0.E0,-1.925E1));
#1185=DIRECTION('',(0.E0,0.E0,-1.E0));
#1186=DIRECTION('',(-1.E0,0.E0,0.E0));
#1187=AXIS2_PLACEMENT_3D('',#1184,#1185,#1186);
#1189=CURVE_STYLE('',#220,POSITIVE_LENGTH_MEASURE(2.E-2),#203);
#1190=PRESENTATION_STYLE_ASSIGNMENT((#1189));
#1191=STYLED_ITEM('',(#1190),#1188);
#1192=CARTESIAN_POINT('',(-4.422166387141E0,2.333333333333E0,-1.925E1));
#1193=CARTESIAN_POINT('',(-4.269702711211E0,2.784819768347E0,-1.925E1));
#1194=CARTESIAN_POINT('',(-3.845705160309E0,3.736033387317E0,-1.925E1));
#1195=CARTESIAN_POINT('',(-2.708139475629E0,5.104361479433E0,-1.925E1));
#1196=CARTESIAN_POINT('',(-1.024192339060E0,6.024971573427E0,-1.925E1));
#1197=CARTESIAN_POINT('',(9.799147185882E-1,6.051723431665E0,-1.925E1));
#1198=CARTESIAN_POINT('',(2.818098389619E0,5.052585414975E0,-1.925E1));
#1199=CARTESIAN_POINT('',(3.871927933407E0,3.664702679806E0,-1.925E1));
#1200=CARTESIAN_POINT('',(4.394551408510E0,2.477921060673E0,-1.925E1));
#1201=CARTESIAN_POINT('',(4.645240048729E0,1.596641272071E0,-1.925E1));
#1202=CARTESIAN_POINT('',(4.754262284122E0,8.998616528821E-1,-1.925E1));
#1203=CARTESIAN_POINT('',(4.794002859115E0,3.728974545967E-1,-1.925E1));
#1204=CARTESIAN_POINT('',(4.802998570442E0,-4.881678394852E-12,-1.925E1));
#1205=CARTESIAN_POINT('',(4.794002859115E0,-3.728974546064E-1,-1.925E1));
#1206=CARTESIAN_POINT('',(4.754262284120E0,-8.998616528918E-1,-1.925E1));
#1207=CARTESIAN_POINT('',(4.645240048727E0,-1.596641272080E0,-1.925E1));
#1208=CARTESIAN_POINT('',(4.394551408507E0,-2.477921060682E0,-1.925E1));
#1209=CARTESIAN_POINT('',(3.871927933403E0,-3.664702679814E0,-1.925E1));
#1210=CARTESIAN_POINT('',(2.818098389613E0,-5.052585414981E0,-1.925E1));
#1211=CARTESIAN_POINT('',(9.799147185803E-1,-6.051723431667E0,-1.925E1));
#1212=CARTESIAN_POINT('',(-1.024192339067E0,-6.024971573425E0,-1.925E1));
#1213=CARTESIAN_POINT('',(-2.708139475636E0,-5.104361479428E0,-1.925E1));
#1214=CARTESIAN_POINT('',(-3.845705160314E0,-3.736033387309E0,-1.925E1));
#1215=CARTESIAN_POINT('',(-4.269702711215E0,-2.784819768339E0,-1.925E1));
#1216=CARTESIAN_POINT('',(-4.422166387144E0,-2.333333333324E0,-1.925E1));
#1218=CURVE_STYLE('',#220,POSITIVE_LENGTH_MEASURE(2.E-2),#203);
#1219=PRESENTATION_STYLE_ASSIGNMENT((#1218));
#1220=STYLED_ITEM('',(#1219),#1217);
#1221=CARTESIAN_POINT('',(-4.422166387144E0,-2.333333333324E0,-1.925E1));
#1222=CARTESIAN_POINT('',(-4.684816269530E0,-1.555555555548E0,-1.925E1));
#1223=CARTESIAN_POINT('',(-4.915183730471E0,4.834799227638E-12,-1.925E1));
#1224=CARTESIAN_POINT('',(-4.684816269528E0,1.555555555557E0,-1.925E1));
#1225=CARTESIAN_POINT('',(-4.422166387141E0,2.333333333333E0,-1.925E1));
#1227=CURVE_STYLE('',#220,POSITIVE_LENGTH_MEASURE(2.E-2),#203);
#1228=PRESENTATION_STYLE_ASSIGNMENT((#1227));
#1229=STYLED_ITEM('',(#1228),#1226);
#1230=CARTESIAN_POINT('',(-6.6E0,0.E0,-1.875E1));
#1231=DIRECTION('',(0.E0,1.E0,0.E0));
#1232=DIRECTION('',(0.E0,0.E0,-1.E0));
#1233=AXIS2_PLACEMENT_3D('',#1230,#1231,#1232);
#1235=CURVE_STYLE('',#220,POSITIVE_LENGTH_MEASURE(2.E-2),#203);
#1236=PRESENTATION_STYLE_ASSIGNMENT((#1235));
#1237=STYLED_ITEM('',(#1236),#1234);
#1238=CARTESIAN_POINT('',(0.E0,0.E0,-1.875E1));
#1239=DIRECTION('',(0.E0,0.E0,-1.E0));
#1240=DIRECTION('',(-1.E0,0.E0,0.E0));
#1241=AXIS2_PLACEMENT_3D('',#1238,#1239,#1240);
#1243=CURVE_STYLE('',#220,POSITIVE_LENGTH_MEASURE(2.E-2),#203);
#1244=PRESENTATION_STYLE_ASSIGNMENT((#1243));
#1245=STYLED_ITEM('',(#1244),#1242);
#1246=CARTESIAN_POINT('',(-4.422166387141E0,2.333333333333E0,-2.075E1));
#1247=CARTESIAN_POINT('',(-4.269702711211E0,2.784819768347E0,-2.075E1));
#1248=CARTESIAN_POINT('',(-3.845705160309E0,3.736033387317E0,-2.075E1));
#1249=CARTESIAN_POINT('',(-2.708139475629E0,5.104361479433E0,-2.075E1));
#1250=CARTESIAN_POINT('',(-1.024192339060E0,6.024971573427E0,-2.075E1));
#1251=CARTESIAN_POINT('',(9.799147185879E-1,6.051723431665E0,-2.075E1));
#1252=CARTESIAN_POINT('',(2.818098389619E0,5.052585414976E0,-2.075E1));
#1253=CARTESIAN_POINT('',(3.871927933407E0,3.664702679806E0,-2.075E1));
#1254=CARTESIAN_POINT('',(4.394551408510E0,2.477921060674E0,-2.075E1));
#1255=CARTESIAN_POINT('',(4.645240048729E0,1.596641272072E0,-2.075E1));
#1256=CARTESIAN_POINT('',(4.754262284121E0,8.998616528828E-1,-2.075E1));
#1257=CARTESIAN_POINT('',(4.794002859115E0,3.728974545974E-1,-2.075E1));
#1258=CARTESIAN_POINT('',(4.802998570442E0,-4.224176564094E-12,-2.075E1));
#1259=CARTESIAN_POINT('',(4.794002859115E0,-3.728974546058E-1,-2.075E1));
#1260=CARTESIAN_POINT('',(4.754262284120E0,-8.998616528911E-1,-2.075E1));
#1261=CARTESIAN_POINT('',(4.645240048727E0,-1.596641272080E0,-2.075E1));
#1262=CARTESIAN_POINT('',(4.394551408507E0,-2.477921060681E0,-2.075E1));
#1263=CARTESIAN_POINT('',(3.871927933403E0,-3.664702679813E0,-2.075E1));
#1264=CARTESIAN_POINT('',(2.818098389613E0,-5.052585414981E0,-2.075E1));
#1265=CARTESIAN_POINT('',(9.799147185811E-1,-6.051723431667E0,-2.075E1));
#1266=CARTESIAN_POINT('',(-1.024192339067E0,-6.024971573425E0,-2.075E1));
#1267=CARTESIAN_POINT('',(-2.708139475635E0,-5.104361479429E0,-2.075E1));
#1268=CARTESIAN_POINT('',(-3.845705160314E0,-3.736033387310E0,-2.075E1));
#1269=CARTESIAN_POINT('',(-4.269702711214E0,-2.784819768340E0,-2.075E1));
#1270=CARTESIAN_POINT('',(-4.422166387143E0,-2.333333333326E0,-2.075E1));
#1272=CURVE_STYLE('',#220,POSITIVE_LENGTH_MEASURE(2.E-2),#203);
#1273=PRESENTATION_STYLE_ASSIGNMENT((#1272));
#1274=STYLED_ITEM('',(#1273),#1271);
#1275=DIRECTION('',(1.119104808822E-13,-2.546111469807E-13,-1.E0));
#1276=VECTOR('',#1275,1.5E0);
#1277=CARTESIAN_POINT('',(-4.422166387143E0,-2.333333333328E0,-1.925E1));
#1278=LINE('',#1277,#1276);
#1279=CURVE_STYLE('',#220,POSITIVE_LENGTH_MEASURE(2.E-2),#203);
#1280=PRESENTATION_STYLE_ASSIGNMENT((#1279));
#1281=STYLED_ITEM('',(#1280),#1278);
#1282=DIRECTION('',(0.E0,0.E0,1.E0));
#1283=VECTOR('',#1282,1.5E0);
#1284=CARTESIAN_POINT('',(-4.422166387141E0,2.333333333333E0,-2.075E1));
#1285=LINE('',#1284,#1283);
#1286=CURVE_STYLE('',#220,POSITIVE_LENGTH_MEASURE(2.E-2),#203);
#1287=PRESENTATION_STYLE_ASSIGNMENT((#1286));
#1288=STYLED_ITEM('',(#1287),#1285);
#1289=CARTESIAN_POINT('',(-7.5E0,0.E0,-1.675E1));
#1290=CARTESIAN_POINT('',(-7.5E0,0.E0,-1.225E1));
#1291=VERTEX_POINT('',#1289);
#1292=VERTEX_POINT('',#1290);
#1293=CARTESIAN_POINT('',(-7.1E0,0.E0,-1.225E1));
#1294=CARTESIAN_POINT('',(-7.1E0,0.E0,-8.25E0));
#1295=VERTEX_POINT('',#1293);
#1296=VERTEX_POINT('',#1294);
#1297=CARTESIAN_POINT('',(-6.75E0,0.E0,-7.75E0));
#1298=VERTEX_POINT('',#1297);
#1299=CARTESIAN_POINT('',(7.5E0,0.E0,-1.675E1));
#1300=CARTESIAN_POINT('',(7.5E0,0.E0,-1.225E1));
#1301=VERTEX_POINT('',#1299);
#1302=VERTEX_POINT('',#1300);
#1303=CARTESIAN_POINT('',(7.1E0,0.E0,-1.225E1));
#1304=CARTESIAN_POINT('',(7.1E0,0.E0,-8.25E0));
#1305=VERTEX_POINT('',#1303);
#1306=VERTEX_POINT('',#1304);
#1307=CARTESIAN_POINT('',(6.75E0,0.E0,-7.75E0));
#1308=VERTEX_POINT('',#1307);
#1309=CARTESIAN_POINT('',(-3.25E0,0.E0,-2.075E1));
#1310=CARTESIAN_POINT('',(3.25E0,0.E0,-2.075E1));
#1311=VERTEX_POINT('',#1309);
#1312=VERTEX_POINT('',#1310);
#1313=CARTESIAN_POINT('',(-7.1E0,0.E0,-1.675E1));
#1314=CARTESIAN_POINT('',(7.1E0,0.E0,-1.675E1));
#1315=VERTEX_POINT('',#1313);
#1316=VERTEX_POINT('',#1314);
#1317=CARTESIAN_POINT('',(-4.75E0,0.E0,-7.75E0));
#1318=CARTESIAN_POINT('',(4.75E0,0.E0,-7.75E0));
#1319=VERTEX_POINT('',#1317);
#1320=VERTEX_POINT('',#1318);
#1321=CARTESIAN_POINT('',(0.E0,7.E0,-6.75E0));
#1322=CARTESIAN_POINT('',(0.E0,7.75E0,-7.1E0));
#1323=VERTEX_POINT('',#1321);
#1324=VERTEX_POINT('',#1322);
#1325=CARTESIAN_POINT('',(0.E0,1.175E1,-7.1E0));
#1326=VERTEX_POINT('',#1325);
#1327=CARTESIAN_POINT('',(0.E0,1.175E1,-7.5E0));
#1328=CARTESIAN_POINT('',(0.E0,1.625E1,-7.5E0));
#1329=VERTEX_POINT('',#1327);
#1330=VERTEX_POINT('',#1328);
#1331=CARTESIAN_POINT('',(0.E0,7.E0,6.75E0));
#1332=CARTESIAN_POINT('',(0.E0,7.75E0,7.1E0));
#1333=VERTEX_POINT('',#1331);
#1334=VERTEX_POINT('',#1332);
#1335=CARTESIAN_POINT('',(0.E0,1.175E1,7.1E0));
#1336=VERTEX_POINT('',#1335);
#1337=CARTESIAN_POINT('',(0.E0,1.175E1,7.5E0));
#1338=CARTESIAN_POINT('',(0.E0,1.625E1,7.5E0));
#1339=VERTEX_POINT('',#1337);
#1340=VERTEX_POINT('',#1338);
#1341=CARTESIAN_POINT('',(0.E0,7.E0,-4.75E0));
#1342=CARTESIAN_POINT('',(0.E0,7.E0,4.75E0));
#1343=VERTEX_POINT('',#1341);
#1344=VERTEX_POINT('',#1342);
#1345=CARTESIAN_POINT('',(0.E0,1.625E1,-7.1E0));
#1346=CARTESIAN_POINT('',(0.E0,1.625E1,7.1E0));
#1347=VERTEX_POINT('',#1345);
#1348=VERTEX_POINT('',#1346);
#1349=CARTESIAN_POINT('',(0.E0,2.075E1,-3.25E0));
#1350=CARTESIAN_POINT('',(0.E0,2.075E1,3.25E0));
#1351=VERTEX_POINT('',#1349);
#1352=VERTEX_POINT('',#1350);
#1353=VERTEX_POINT('',#575);
#1354=VERTEX_POINT('',#590);
#1355=VERTEX_POINT('',#617);
#1356=CARTESIAN_POINT('',(-6.929564721480E-14,4.75E0,4.75E0));
#1357=VERTEX_POINT('',#1356);
#1358=CARTESIAN_POINT('',(0.E0,1.925E1,-6.6E0));
#1359=CARTESIAN_POINT('',(0.E0,1.925E1,6.6E0));
#1360=VERTEX_POINT('',#1358);
#1361=VERTEX_POINT('',#1359);
#1362=CARTESIAN_POINT('',(0.E0,1.875E1,-7.1E0));
#1363=CARTESIAN_POINT('',(0.E0,1.875E1,7.1E0));
#1364=VERTEX_POINT('',#1362);
#1365=VERTEX_POINT('',#1363);
#1366=CARTESIAN_POINT('',(6.6E0,0.E0,-1.925E1));
#1367=CARTESIAN_POINT('',(-6.6E0,0.E0,-1.925E1));
#1368=VERTEX_POINT('',#1366);
#1369=VERTEX_POINT('',#1367);
#1370=CARTESIAN_POINT('',(7.1E0,0.E0,-1.875E1));
#1371=CARTESIAN_POINT('',(-7.1E0,0.E0,-1.875E1));
#1372=VERTEX_POINT('',#1370);
#1373=VERTEX_POINT('',#1371);
#1374=VERTEX_POINT('',#325);
#1375=VERTEX_POINT('',#337);
#1376=VERTEX_POINT('',#367);
#1377=VERTEX_POINT('',#1221);
#1378=VERTEX_POINT('',#1225);
#1379=VERTEX_POINT('',#232);
#1380=VERTEX_POINT('',#236);
#1381=VERTEX_POINT('',#966);
#1382=VERTEX_POINT('',#970);
#1383=CARTESIAN_POINT('',(2.333333333333E0,2.075E1,4.422166387141E0));
#1384=VERTEX_POINT('',#1383);
#1385=CARTESIAN_POINT('',(-2.333333333333E0,2.075E1,4.422166387141E0));
#1386=VERTEX_POINT('',#1385);
#1387=CARTESIAN_POINT('',(-4.75E0,0.E0,4.75E0));
#1388=CARTESIAN_POINT('',(4.75E0,0.E0,4.75E0));
#1389=VERTEX_POINT('',#1387);
#1390=VERTEX_POINT('',#1388);
#1391=VERTEX_POINT('',#697);
#1392=CARTESIAN_POINT('',(4.487012820449E-2,4.749788065966E0,4.75E0));
#1393=VERTEX_POINT('',#1392);
#1394=CARTESIAN_POINT('',(0.E0,2.25E0,2.275E1));
#1395=CARTESIAN_POINT('',(0.E0,-2.25E0,2.275E1));
#1396=VERTEX_POINT('',#1394);
#1397=VERTEX_POINT('',#1395);
#1398=CARTESIAN_POINT('',(0.E0,3.1E0,2.275E1));
#1399=CARTESIAN_POINT('',(0.E0,-3.1E0,2.275E1));
#1400=VERTEX_POINT('',#1398);
#1401=VERTEX_POINT('',#1399);
#1402=VERTEX_POINT('',#292);
#1403=VERTEX_POINT('',#298);
#1404=VERTEX_POINT('',#254);
#1405=CARTESIAN_POINT('',(0.E0,-2.25E0,3.25E0));
#1406=VERTEX_POINT('',#1405);
#1407=CARTESIAN_POINT('',(0.E0,2.25E0,3.25E0));
#1408=VERTEX_POINT('',#1407);
#1409=CARTESIAN_POINT('',(0.E0,-3.1E0,5.25E0));
#1410=CARTESIAN_POINT('',(0.E0,3.1E0,5.25E0));
#1411=VERTEX_POINT('',#1409);
#1412=VERTEX_POINT('',#1410);
#1413=CARTESIAN_POINT('',(0.E0,-3.6E0,4.75E0));
#1414=CARTESIAN_POINT('',(0.E0,3.6E0,4.75E0));
#1415=VERTEX_POINT('',#1413);
#1416=VERTEX_POINT('',#1414);
#1417=CARTESIAN_POINT('',(0.E0,0.E0,-2.075E1));
#1418=DIRECTION('',(0.E0,0.E0,1.E0));
#1419=DIRECTION('',(-1.E0,0.E0,0.E0));
#1420=AXIS2_PLACEMENT_3D('',#1417,#1418,#1419);
#1421=PLANE('',#1420);
#1423=ORIENTED_EDGE('',*,*,#1422,.F.);
#1425=ORIENTED_EDGE('',*,*,#1424,.T.);
#1426=EDGE_LOOP('',(#1423,#1425));
#1427=FACE_OUTER_BOUND('',#1426,.F.);
#1429=ORIENTED_EDGE('',*,*,#1428,.F.);
#1431=ORIENTED_EDGE('',*,*,#1430,.T.);
#1432=EDGE_LOOP('',(#1429,#1431));
#1433=FACE_BOUND('',#1432,.F.);
#1435=CARTESIAN_POINT('',(0.E0,0.E0,-2.2825E1));
#1436=DIRECTION('',(0.E0,0.E0,1.E0));
#1437=DIRECTION('',(-1.E0,0.E0,0.E0));
#1438=AXIS2_PLACEMENT_3D('',#1435,#1436,#1437);
#1439=CYLINDRICAL_SURFACE('',#1438,3.25E0);
#1441=ORIENTED_EDGE('',*,*,#1440,.F.);
#1443=ORIENTED_EDGE('',*,*,#1442,.F.);
#1445=ORIENTED_EDGE('',*,*,#1444,.F.);
#1447=ORIENTED_EDGE('',*,*,#1446,.F.);
#1449=ORIENTED_EDGE('',*,*,#1448,.F.);
#1450=ORIENTED_EDGE('',*,*,#1428,.T.);
#1452=ORIENTED_EDGE('',*,*,#1451,.F.);
#1453=EDGE_LOOP('',(#1441,#1443,#1445,#1447,#1449,#1450,#1452));
#1454=FACE_OUTER_BOUND('',#1453,.F.);
#1456=CARTESIAN_POINT('',(0.E0,-1.0375E0,0.E0));
#1457=DIRECTION('',(0.E0,1.E0,0.E0));
#1458=DIRECTION('',(0.E0,0.E0,-1.E0));
#1459=AXIS2_PLACEMENT_3D('',#1456,#1457,#1458);
#1460=CYLINDRICAL_SURFACE('',#1459,3.25E0);
#1462=ORIENTED_EDGE('',*,*,#1461,.T.);
#1464=ORIENTED_EDGE('',*,*,#1463,.F.);
#1466=ORIENTED_EDGE('',*,*,#1465,.T.);
#1467=ORIENTED_EDGE('',*,*,#1442,.T.);
#1468=ORIENTED_EDGE('',*,*,#1440,.T.);
#1470=ORIENTED_EDGE('',*,*,#1469,.T.);
#1472=ORIENTED_EDGE('',*,*,#1471,.F.);
#1474=ORIENTED_EDGE('',*,*,#1473,.T.);
#1475=EDGE_LOOP('',(#1462,#1464,#1466,#1467,#1468,#1470,#1472,#1474));
#1476=FACE_OUTER_BOUND('',#1475,.F.);
#1478=CARTESIAN_POINT('',(0.E0,-1.0375E0,0.E0));
#1479=DIRECTION('',(0.E0,1.E0,0.E0));
#1480=DIRECTION('',(0.E0,0.E0,-1.E0));
#1481=AXIS2_PLACEMENT_3D('',#1478,#1479,#1480);
#1482=CYLINDRICAL_SURFACE('',#1481,3.25E0);
#1484=ORIENTED_EDGE('',*,*,#1483,.T.);
#1485=ORIENTED_EDGE('',*,*,#1446,.T.);
#1486=ORIENTED_EDGE('',*,*,#1444,.T.);
#1487=ORIENTED_EDGE('',*,*,#1465,.F.);
#1489=ORIENTED_EDGE('',*,*,#1488,.F.);
#1490=ORIENTED_EDGE('',*,*,#1461,.F.);
#1492=ORIENTED_EDGE('',*,*,#1491,.F.);
#1493=ORIENTED_EDGE('',*,*,#1471,.T.);
#1494=EDGE_LOOP('',(#1484,#1485,#1486,#1487,#1489,#1490,#1492,#1493));
#1495=FACE_OUTER_BOUND('',#1494,.F.);
#1497=CARTESIAN_POINT('',(0.E0,0.E0,-2.2825E1));
#1498=DIRECTION('',(0.E0,0.E0,1.E0));
#1499=DIRECTION('',(-1.E0,0.E0,0.E0));
#1500=AXIS2_PLACEMENT_3D('',#1497,#1498,#1499);
#1501=CYLINDRICAL_SURFACE('',#1500,3.25E0);
#1502=ORIENTED_EDGE('',*,*,#1469,.F.);
#1503=ORIENTED_EDGE('',*,*,#1451,.T.);
#1504=ORIENTED_EDGE('',*,*,#1430,.F.);
#1505=ORIENTED_EDGE('',*,*,#1448,.T.);
#1506=ORIENTED_EDGE('',*,*,#1483,.F.);
#1507=EDGE_LOOP('',(#1502,#1503,#1504,#1505,#1506));
#1508=FACE_OUTER_BOUND('',#1507,.F.);
#1510=CARTESIAN_POINT('',(0.E0,0.E0,4.75E0));
#1511=DIRECTION('',(0.E0,0.E0,1.E0));
#1512=DIRECTION('',(0.E0,1.E0,0.E0));
#1513=AXIS2_PLACEMENT_3D('',#1510,#1511,#1512);
#1514=CYLINDRICAL_SURFACE('',#1513,2.25E0);
#1515=ORIENTED_EDGE('',*,*,#1488,.T.);
#1517=ORIENTED_EDGE('',*,*,#1516,.T.);
#1519=ORIENTED_EDGE('',*,*,#1518,.T.);
#1521=ORIENTED_EDGE('',*,*,#1520,.T.);
#1522=EDGE_LOOP('',(#1515,#1517,#1519,#1521));
#1523=FACE_OUTER_BOUND('',#1522,.F.);
#1525=CARTESIAN_POINT('',(0.E0,0.E0,4.75E0));
#1526=DIRECTION('',(0.E0,0.E0,1.E0));
#1527=DIRECTION('',(0.E0,1.E0,0.E0));
#1528=AXIS2_PLACEMENT_3D('',#1525,#1526,#1527);
#1529=CYLINDRICAL_SURFACE('',#1528,2.25E0);
#1530=ORIENTED_EDGE('',*,*,#1463,.T.);
#1531=ORIENTED_EDGE('',*,*,#1520,.F.);
#1533=ORIENTED_EDGE('',*,*,#1532,.T.);
#1534=ORIENTED_EDGE('',*,*,#1516,.F.);
#1535=EDGE_LOOP('',(#1530,#1531,#1533,#1534));
#1536=FACE_OUTER_BOUND('',#1535,.F.);
#1538=CARTESIAN_POINT('',(0.E0,0.E0,2.275E1));
#1539=DIRECTION('',(0.E0,0.E0,1.E0));
#1540=DIRECTION('',(0.E0,1.E0,0.E0));
#1541=AXIS2_PLACEMENT_3D('',#1538,#1539,#1540);
#1542=PLANE('',#1541);
#1544=ORIENTED_EDGE('',*,*,#1543,.F.);
#1546=ORIENTED_EDGE('',*,*,#1545,.F.);
#1547=EDGE_LOOP('',(#1544,#1546));
#1548=FACE_OUTER_BOUND('',#1547,.F.);
#1549=ORIENTED_EDGE('',*,*,#1532,.F.);
#1550=ORIENTED_EDGE('',*,*,#1518,.F.);
#1551=EDGE_LOOP('',(#1549,#1550));
#1552=FACE_BOUND('',#1551,.F.);
#1554=CARTESIAN_POINT('',(0.E0,0.E0,4.75E0));
#1555=DIRECTION('',(0.E0,0.E0,1.E0));
#1556=DIRECTION('',(0.E0,1.E0,0.E0));
#1557=AXIS2_PLACEMENT_3D('',#1554,#1555,#1556);
#1558=CYLINDRICAL_SURFACE('',#1557,3.1E0);
#1560=ORIENTED_EDGE('',*,*,#1559,.T.);
#1562=ORIENTED_EDGE('',*,*,#1561,.T.);
#1563=ORIENTED_EDGE('',*,*,#1543,.T.);
#1565=ORIENTED_EDGE('',*,*,#1564,.F.);
#1566=EDGE_LOOP('',(#1560,#1562,#1563,#1565));
#1567=FACE_OUTER_BOUND('',#1566,.F.);
#1569=CARTESIAN_POINT('',(0.E0,0.E0,5.25E0));
#1570=DIRECTION('',(0.E0,0.E0,1.E0));
#1571=DIRECTION('',(2.574795236181E-2,-9.996684665174E-1,0.E0));
#1572=AXIS2_PLACEMENT_3D('',#1569,#1570,#1571);
#1573=TOROIDAL_SURFACE('',#1572,3.6E0,5.E-1);
#1574=ORIENTED_EDGE('',*,*,#1559,.F.);
#1576=ORIENTED_EDGE('',*,*,#1575,.T.);
#1578=ORIENTED_EDGE('',*,*,#1577,.T.);
#1580=ORIENTED_EDGE('',*,*,#1579,.F.);
#1581=EDGE_LOOP('',(#1574,#1576,#1578,#1580));
#1582=FACE_OUTER_BOUND('',#1581,.F.);
#1584=CARTESIAN_POINT('',(0.E0,0.E0,5.25E0));
#1585=DIRECTION('',(0.E0,0.E0,1.E0));
#1586=DIRECTION('',(-2.574795236181E-2,9.996684665174E-1,0.E0));
#1587=AXIS2_PLACEMENT_3D('',#1584,#1585,#1586);
#1588=TOROIDAL_SURFACE('',#1587,3.6E0,5.E-1);
#1590=ORIENTED_EDGE('',*,*,#1589,.F.);
#1591=ORIENTED_EDGE('',*,*,#1579,.T.);
#1593=ORIENTED_EDGE('',*,*,#1592,.T.);
#1594=ORIENTED_EDGE('',*,*,#1575,.F.);
#1595=EDGE_LOOP('',(#1590,#1591,#1593,#1594));
#1596=FACE_OUTER_BOUND('',#1595,.F.);
#1598=CARTESIAN_POINT('',(0.E0,0.E0,4.75E0));
#1599=DIRECTION('',(0.E0,0.E0,1.E0));
#1600=DIRECTION('',(0.E0,1.E0,0.E0));
#1601=AXIS2_PLACEMENT_3D('',#1598,#1599,#1600);
#1602=CYLINDRICAL_SURFACE('',#1601,3.1E0);
#1603=ORIENTED_EDGE('',*,*,#1589,.T.);
#1604=ORIENTED_EDGE('',*,*,#1564,.T.);
#1605=ORIENTED_EDGE('',*,*,#1545,.T.);
#1606=ORIENTED_EDGE('',*,*,#1561,.F.);
#1607=EDGE_LOOP('',(#1603,#1604,#1605,#1606));
#1608=FACE_OUTER_BOUND('',#1607,.F.);
#1610=CARTESIAN_POINT('',(0.E0,0.E0,4.75E0));
#1611=DIRECTION('',(0.E0,0.E0,1.E0));
#1612=DIRECTION('',(-1.E0,0.E0,0.E0));
#1613=AXIS2_PLACEMENT_3D('',#1610,#1611,#1612);
#1614=PLANE('',#1613);
#1616=ORIENTED_EDGE('',*,*,#1615,.F.);
#1618=ORIENTED_EDGE('',*,*,#1617,.F.);
#1620=ORIENTED_EDGE('',*,*,#1619,.F.);
#1622=ORIENTED_EDGE('',*,*,#1621,.F.);
#1624=ORIENTED_EDGE('',*,*,#1623,.F.);
#1625=EDGE_LOOP('',(#1616,#1618,#1620,#1622,#1624));
#1626=FACE_OUTER_BOUND('',#1625,.F.);
#1627=ORIENTED_EDGE('',*,*,#1577,.F.);
#1628=ORIENTED_EDGE('',*,*,#1592,.F.);
#1629=EDGE_LOOP('',(#1627,#1628));
#1630=FACE_BOUND('',#1629,.F.);
#1632=CARTESIAN_POINT('',(0.E0,0.E0,-2.2825E1));
#1633=DIRECTION('',(0.E0,0.E0,1.E0));
#1634=DIRECTION('',(-1.E0,0.E0,0.E0));
#1635=AXIS2_PLACEMENT_3D('',#1632,#1633,#1634);
#1636=CYLINDRICAL_SURFACE('',#1635,4.75E0);
#1637=ORIENTED_EDGE('',*,*,#1615,.T.);
#1639=ORIENTED_EDGE('',*,*,#1638,.F.);
#1641=ORIENTED_EDGE('',*,*,#1640,.F.);
#1643=ORIENTED_EDGE('',*,*,#1642,.F.);
#1645=ORIENTED_EDGE('',*,*,#1644,.T.);
#1647=ORIENTED_EDGE('',*,*,#1646,.T.);
#1648=EDGE_LOOP('',(#1637,#1639,#1641,#1643,#1645,#1647));
#1649=FACE_OUTER_BOUND('',#1648,.F.);
#1651=CARTESIAN_POINT('',(0.E0,0.E0,-2.2825E1));
#1652=DIRECTION('',(0.E0,0.E0,1.E0));
#1653=DIRECTION('',(-1.E0,0.E0,0.E0));
#1654=AXIS2_PLACEMENT_3D('',#1651,#1652,#1653);
#1655=CYLINDRICAL_SURFACE('',#1654,4.75E0);
#1656=ORIENTED_EDGE('',*,*,#1623,.T.);
#1658=ORIENTED_EDGE('',*,*,#1657,.T.);
#1659=ORIENTED_EDGE('',*,*,#1638,.T.);
#1660=EDGE_LOOP('',(#1656,#1658,#1659));
#1661=FACE_OUTER_BOUND('',#1660,.F.);
#1663=CARTESIAN_POINT('',(0.E0,0.E0,-2.2825E1));
#1664=DIRECTION('',(0.E0,0.E0,1.E0));
#1665=DIRECTION('',(-1.E0,0.E0,0.E0));
#1666=AXIS2_PLACEMENT_3D('',#1663,#1664,#1665);
#1667=CYLINDRICAL_SURFACE('',#1666,4.75E0);
#1669=ORIENTED_EDGE('',*,*,#1668,.T.);
#1670=ORIENTED_EDGE('',*,*,#1644,.F.);
#1672=ORIENTED_EDGE('',*,*,#1671,.T.);
#1673=ORIENTED_EDGE('',*,*,#1640,.T.);
#1675=ORIENTED_EDGE('',*,*,#1674,.T.);
#1676=EDGE_LOOP('',(#1669,#1670,#1672,#1673,#1675));
#1677=FACE_OUTER_BOUND('',#1676,.F.);
#1679=CARTESIAN_POINT('',(0.E0,0.E0,-2.2825E1));
#1680=DIRECTION('',(0.E0,0.E0,1.E0));
#1681=DIRECTION('',(-1.E0,0.E0,0.E0));
#1682=AXIS2_PLACEMENT_3D('',#1679,#1680,#1681);
#1683=CYLINDRICAL_SURFACE('',#1682,4.75E0);
#1684=ORIENTED_EDGE('',*,*,#1646,.F.);
#1686=ORIENTED_EDGE('',*,*,#1685,.T.);
#1687=ORIENTED_EDGE('',*,*,#1617,.T.);
#1688=EDGE_LOOP('',(#1684,#1686,#1687));
#1689=FACE_OUTER_BOUND('',#1688,.F.);
#1691=CARTESIAN_POINT('',(0.E0,-1.0375E0,0.E0));
#1692=DIRECTION('',(0.E0,1.E0,0.E0));
#1693=DIRECTION('',(0.E0,0.E0,-1.E0));
#1694=AXIS2_PLACEMENT_3D('',#1691,#1692,#1693);
#1695=CYLINDRICAL_SURFACE('',#1694,4.75E0);
#1696=ORIENTED_EDGE('',*,*,#1674,.F.);
#1697=ORIENTED_EDGE('',*,*,#1657,.F.);
#1698=ORIENTED_EDGE('',*,*,#1621,.T.);
#1700=ORIENTED_EDGE('',*,*,#1699,.T.);
#1702=ORIENTED_EDGE('',*,*,#1701,.F.);
#1704=ORIENTED_EDGE('',*,*,#1703,.F.);
#1705=EDGE_LOOP('',(#1696,#1697,#1698,#1700,#1702,#1704));
#1706=FACE_OUTER_BOUND('',#1705,.F.);
#1708=CARTESIAN_POINT('',(0.E0,-1.0375E0,0.E0));
#1709=DIRECTION('',(0.E0,1.E0,0.E0));
#1710=DIRECTION('',(0.E0,0.E0,-1.E0));
#1711=AXIS2_PLACEMENT_3D('',#1708,#1709,#1710);
#1712=CYLINDRICAL_SURFACE('',#1711,4.75E0);
#1713=ORIENTED_EDGE('',*,*,#1668,.F.);
#1714=ORIENTED_EDGE('',*,*,#1703,.T.);
#1716=ORIENTED_EDGE('',*,*,#1715,.T.);
#1717=ORIENTED_EDGE('',*,*,#1699,.F.);
#1718=ORIENTED_EDGE('',*,*,#1619,.T.);
#1719=ORIENTED_EDGE('',*,*,#1685,.F.);
#1720=EDGE_LOOP('',(#1713,#1714,#1716,#1717,#1718,#1719));
#1721=FACE_OUTER_BOUND('',#1720,.F.);
#1723=CARTESIAN_POINT('',(0.E0,7.E0,0.E0));
#1724=DIRECTION('',(0.E0,1.E0,0.E0));
#1725=DIRECTION('',(0.E0,0.E0,-1.E0));
#1726=AXIS2_PLACEMENT_3D('',#1723,#1724,#1725);
#1727=PLANE('',#1726);
#1729=ORIENTED_EDGE('',*,*,#1728,.F.);
#1731=ORIENTED_EDGE('',*,*,#1730,.T.);
#1732=EDGE_LOOP('',(#1729,#1731));
#1733=FACE_OUTER_BOUND('',#1732,.F.);
#1734=ORIENTED_EDGE('',*,*,#1715,.F.);
#1735=ORIENTED_EDGE('',*,*,#1701,.T.);
#1736=EDGE_LOOP('',(#1734,#1735));
#1737=FACE_BOUND('',#1736,.F.);
#1739=CARTESIAN_POINT('',(0.E0,7.375E0,0.E0));
#1740=DIRECTION('',(0.E0,1.E0,0.E0));
#1741=DIRECTION('',(0.E0,0.E0,-1.E0));
#1742=AXIS2_PLACEMENT_3D('',#1739,#1740,#1741);
#1743=CONICAL_SURFACE('',#1742,6.925E0,2.501689347810E1);
#1745=ORIENTED_EDGE('',*,*,#1744,.F.);
#1746=ORIENTED_EDGE('',*,*,#1728,.T.);
#1748=ORIENTED_EDGE('',*,*,#1747,.T.);
#1750=ORIENTED_EDGE('',*,*,#1749,.F.);
#1751=EDGE_LOOP('',(#1745,#1746,#1748,#1750));
#1752=FACE_OUTER_BOUND('',#1751,.F.);
#1754=CARTESIAN_POINT('',(0.E0,7.375E0,0.E0));
#1755=DIRECTION('',(0.E0,1.E0,0.E0));
#1756=DIRECTION('',(0.E0,0.E0,-1.E0));
#1757=AXIS2_PLACEMENT_3D('',#1754,#1755,#1756);
#1758=CONICAL_SURFACE('',#1757,6.925E0,2.501689347810E1);
#1759=ORIENTED_EDGE('',*,*,#1744,.T.);
#1761=ORIENTED_EDGE('',*,*,#1760,.T.);
#1762=ORIENTED_EDGE('',*,*,#1747,.F.);
#1763=ORIENTED_EDGE('',*,*,#1730,.F.);
#1764=EDGE_LOOP('',(#1759,#1761,#1762,#1763));
#1765=FACE_OUTER_BOUND('',#1764,.F.);
#1767=CARTESIAN_POINT('',(0.E0,-1.0375E0,0.E0));
#1768=DIRECTION('',(0.E0,1.E0,0.E0));
#1769=DIRECTION('',(0.E0,0.E0,-1.E0));
#1770=AXIS2_PLACEMENT_3D('',#1767,#1768,#1769);
#1771=CYLINDRICAL_SURFACE('',#1770,7.1E0);
#1773=ORIENTED_EDGE('',*,*,#1772,.T.);
#1775=ORIENTED_EDGE('',*,*,#1774,.T.);
#1777=ORIENTED_EDGE('',*,*,#1776,.F.);
#1778=ORIENTED_EDGE('',*,*,#1760,.F.);
#1779=EDGE_LOOP('',(#1773,#1775,#1777,#1778));
#1780=FACE_OUTER_BOUND('',#1779,.F.);
#1782=CARTESIAN_POINT('',(0.E0,-1.0375E0,0.E0));
#1783=DIRECTION('',(0.E0,1.E0,0.E0));
#1784=DIRECTION('',(0.E0,0.E0,-1.E0));
#1785=AXIS2_PLACEMENT_3D('',#1782,#1783,#1784);
#1786=CYLINDRICAL_SURFACE('',#1785,7.1E0);
#1787=ORIENTED_EDGE('',*,*,#1772,.F.);
#1788=ORIENTED_EDGE('',*,*,#1749,.T.);
#1789=ORIENTED_EDGE('',*,*,#1776,.T.);
#1791=ORIENTED_EDGE('',*,*,#1790,.F.);
#1792=EDGE_LOOP('',(#1787,#1788,#1789,#1791));
#1793=FACE_OUTER_BOUND('',#1792,.F.);
#1795=CARTESIAN_POINT('',(0.E0,1.175E1,0.E0));
#1796=DIRECTION('',(0.E0,1.E0,0.E0));
#1797=DIRECTION('',(0.E0,0.E0,-1.E0));
#1798=AXIS2_PLACEMENT_3D('',#1795,#1796,#1797);
#1799=PLANE('',#1798);
#1801=ORIENTED_EDGE('',*,*,#1800,.F.);
#1803=ORIENTED_EDGE('',*,*,#1802,.T.);
#1804=EDGE_LOOP('',(#1801,#1803));
#1805=FACE_OUTER_BOUND('',#1804,.F.);
#1806=ORIENTED_EDGE('',*,*,#1774,.F.);
#1807=ORIENTED_EDGE('',*,*,#1790,.T.);
#1808=EDGE_LOOP('',(#1806,#1807));
#1809=FACE_BOUND('',#1808,.F.);
#1811=CARTESIAN_POINT('',(0.E0,-1.0375E0,0.E0));
#1812=DIRECTION('',(0.E0,1.E0,0.E0));
#1813=DIRECTION('',(0.E0,0.E0,-1.E0));
#1814=AXIS2_PLACEMENT_3D('',#1811,#1812,#1813);
#1815=CYLINDRICAL_SURFACE('',#1814,7.5E0);
#1817=ORIENTED_EDGE('',*,*,#1816,.F.);
#1818=ORIENTED_EDGE('',*,*,#1800,.T.);
#1820=ORIENTED_EDGE('',*,*,#1819,.T.);
#1822=ORIENTED_EDGE('',*,*,#1821,.F.);
#1823=EDGE_LOOP('',(#1817,#1818,#1820,#1822));
#1824=FACE_OUTER_BOUND('',#1823,.F.);
#1826=CARTESIAN_POINT('',(0.E0,-1.0375E0,0.E0));
#1827=DIRECTION('',(0.E0,1.E0,0.E0));
#1828=DIRECTION('',(0.E0,0.E0,-1.E0));
#1829=AXIS2_PLACEMENT_3D('',#1826,#1827,#1828);
#1830=CYLINDRICAL_SURFACE('',#1829,7.5E0);
#1831=ORIENTED_EDGE('',*,*,#1816,.T.);
#1833=ORIENTED_EDGE('',*,*,#1832,.T.);
#1834=ORIENTED_EDGE('',*,*,#1819,.F.);
#1835=ORIENTED_EDGE('',*,*,#1802,.F.);
#1836=EDGE_LOOP('',(#1831,#1833,#1834,#1835));
#1837=FACE_OUTER_BOUND('',#1836,.F.);
#1839=CARTESIAN_POINT('',(0.E0,1.625E1,0.E0));
#1840=DIRECTION('',(0.E0,1.E0,0.E0));
#1841=DIRECTION('',(0.E0,0.E0,-1.E0));
#1842=AXIS2_PLACEMENT_3D('',#1839,#1840,#1841);
#1843=PLANE('',#1842);
#1844=ORIENTED_EDGE('',*,*,#1832,.F.);
#1845=ORIENTED_EDGE('',*,*,#1821,.T.);
#1846=EDGE_LOOP('',(#1844,#1845));
#1847=FACE_OUTER_BOUND('',#1846,.F.);
#1849=ORIENTED_EDGE('',*,*,#1848,.F.);
#1851=ORIENTED_EDGE('',*,*,#1850,.T.);
#1852=EDGE_LOOP('',(#1849,#1851));
#1853=FACE_BOUND('',#1852,.F.);
#1855=CARTESIAN_POINT('',(0.E0,-1.0375E0,0.E0));
#1856=DIRECTION('',(0.E0,1.E0,0.E0));
#1857=DIRECTION('',(0.E0,0.E0,-1.E0));
#1858=AXIS2_PLACEMENT_3D('',#1855,#1856,#1857);
#1859=CYLINDRICAL_SURFACE('',#1858,7.1E0);
#1861=ORIENTED_EDGE('',*,*,#1860,.T.);
#1863=ORIENTED_EDGE('',*,*,#1862,.F.);
#1864=ORIENTED_EDGE('',*,*,#1848,.T.);
#1866=ORIENTED_EDGE('',*,*,#1865,.T.);
#1867=EDGE_LOOP('',(#1861,#1863,#1864,#1866));
#1868=FACE_OUTER_BOUND('',#1867,.F.);
#1870=CARTESIAN_POINT('',(0.E0,1.875E1,0.E0));
#1871=DIRECTION('',(0.E0,1.E0,0.E0));
#1872=DIRECTION('',(-1.134688932310E-2,0.E0,9.999356219791E-1));
#1873=AXIS2_PLACEMENT_3D('',#1870,#1871,#1872);
#1874=TOROIDAL_SURFACE('',#1873,6.6E0,5.E-1);
#1876=ORIENTED_EDGE('',*,*,#1875,.T.);
#1878=ORIENTED_EDGE('',*,*,#1877,.T.);
#1879=ORIENTED_EDGE('',*,*,#1860,.F.);
#1881=ORIENTED_EDGE('',*,*,#1880,.F.);
#1882=EDGE_LOOP('',(#1876,#1878,#1879,#1881));
#1883=FACE_OUTER_BOUND('',#1882,.F.);
#1885=CARTESIAN_POINT('',(0.E0,1.925E1,0.E0));
#1886=DIRECTION('',(0.E0,1.E0,0.E0));
#1887=DIRECTION('',(0.E0,0.E0,-1.E0));
#1888=AXIS2_PLACEMENT_3D('',#1885,#1886,#1887);
#1889=PLANE('',#1888);
#1891=ORIENTED_EDGE('',*,*,#1890,.F.);
#1892=ORIENTED_EDGE('',*,*,#1875,.F.);
#1893=EDGE_LOOP('',(#1891,#1892));
#1894=FACE_OUTER_BOUND('',#1893,.F.);
#1896=ORIENTED_EDGE('',*,*,#1895,.F.);
#1898=ORIENTED_EDGE('',*,*,#1897,.F.);
#1899=EDGE_LOOP('',(#1896,#1898));
#1900=FACE_BOUND('',#1899,.F.);
#1902=CARTESIAN_POINT('',(0.E0,2.075E1,0.E0));
#1903=DIRECTION('',(0.E0,1.E0,0.E0));
#1904=DIRECTION('',(1.E0,0.E0,0.E0));
#1905=AXIS2_PLACEMENT_3D('',#1902,#1903,#1904);
#1907=DIRECTION('',(0.E0,1.E0,0.E0));
#1908=VECTOR('',#1907,1.E0);
#1909=SURFACE_OF_LINEAR_EXTRUSION('',#1906,#1908);
#1910=ORIENTED_EDGE('',*,*,#1895,.T.);
#1912=ORIENTED_EDGE('',*,*,#1911,.F.);
#1914=ORIENTED_EDGE('',*,*,#1913,.T.);
#1916=ORIENTED_EDGE('',*,*,#1915,.T.);
#1917=EDGE_LOOP('',(#1910,#1912,#1914,#1916));
#1918=FACE_OUTER_BOUND('',#1917,.F.);
#1920=CARTESIAN_POINT('',(0.E0,2.075E1,0.E0));
#1921=DIRECTION('',(0.E0,1.E0,0.E0));
#1922=DIRECTION('',(1.E0,0.E0,0.E0));
#1923=AXIS2_PLACEMENT_3D('',#1920,#1921,#1922);
#1925=DIRECTION('',(0.E0,1.E0,0.E0));
#1926=VECTOR('',#1925,1.E0);
#1927=SURFACE_OF_LINEAR_EXTRUSION('',#1924,#1926);
#1929=ORIENTED_EDGE('',*,*,#1928,.F.);
#1930=ORIENTED_EDGE('',*,*,#1911,.T.);
#1931=ORIENTED_EDGE('',*,*,#1897,.T.);
#1932=ORIENTED_EDGE('',*,*,#1915,.F.);
#1933=EDGE_LOOP('',(#1929,#1930,#1931,#1932));
#1934=FACE_OUTER_BOUND('',#1933,.F.);
#1936=CARTESIAN_POINT('',(0.E0,2.075E1,0.E0));
#1937=DIRECTION('',(0.E0,1.E0,0.E0));
#1938=DIRECTION('',(0.E0,0.E0,-1.E0));
#1939=AXIS2_PLACEMENT_3D('',#1936,#1937,#1938);
#1940=PLANE('',#1939);
#1941=ORIENTED_EDGE('',*,*,#1928,.T.);
#1942=ORIENTED_EDGE('',*,*,#1913,.F.);
#1943=EDGE_LOOP('',(#1941,#1942));
#1944=FACE_OUTER_BOUND('',#1943,.F.);
#1945=ORIENTED_EDGE('',*,*,#1473,.F.);
#1946=ORIENTED_EDGE('',*,*,#1491,.T.);
#1947=EDGE_LOOP('',(#1945,#1946));
#1948=FACE_BOUND('',#1947,.F.);
#1950=CARTESIAN_POINT('',(0.E0,1.875E1,0.E0));
#1951=DIRECTION('',(0.E0,1.E0,0.E0));
#1952=DIRECTION('',(1.134688932310E-2,0.E0,-9.999356219791E-1));
#1953=AXIS2_PLACEMENT_3D('',#1950,#1951,#1952);
#1954=TOROIDAL_SURFACE('',#1953,6.6E0,5.E-1);
#1955=ORIENTED_EDGE('',*,*,#1890,.T.);
#1956=ORIENTED_EDGE('',*,*,#1880,.T.);
#1958=ORIENTED_EDGE('',*,*,#1957,.F.);
#1959=ORIENTED_EDGE('',*,*,#1877,.F.);
#1960=EDGE_LOOP('',(#1955,#1956,#1958,#1959));
#1961=FACE_OUTER_BOUND('',#1960,.F.);
#1963=CARTESIAN_POINT('',(0.E0,-1.0375E0,0.E0));
#1964=DIRECTION('',(0.E0,1.E0,0.E0));
#1965=DIRECTION('',(0.E0,0.E0,-1.E0));
#1966=AXIS2_PLACEMENT_3D('',#1963,#1964,#1965);
#1967=CYLINDRICAL_SURFACE('',#1966,7.1E0);
#1968=ORIENTED_EDGE('',*,*,#1957,.T.);
#1969=ORIENTED_EDGE('',*,*,#1865,.F.);
#1970=ORIENTED_EDGE('',*,*,#1850,.F.);
#1971=ORIENTED_EDGE('',*,*,#1862,.T.);
#1972=EDGE_LOOP('',(#1968,#1969,#1970,#1971));
#1973=FACE_OUTER_BOUND('',#1972,.F.);
#1975=CARTESIAN_POINT('',(0.E0,0.E0,-7.75E0));
#1976=DIRECTION('',(0.E0,0.E0,1.E0));
#1977=DIRECTION('',(-1.E0,0.E0,0.E0));
#1978=AXIS2_PLACEMENT_3D('',#1975,#1976,#1977);
#1979=PLANE('',#1978);
#1981=ORIENTED_EDGE('',*,*,#1980,.F.);
#1983=ORIENTED_EDGE('',*,*,#1982,.T.);
#1984=EDGE_LOOP('',(#1981,#1983));
#1985=FACE_OUTER_BOUND('',#1984,.F.);
#1986=ORIENTED_EDGE('',*,*,#1671,.F.);
#1987=ORIENTED_EDGE('',*,*,#1642,.T.);
#1988=EDGE_LOOP('',(#1986,#1987));
#1989=FACE_BOUND('',#1988,.F.);
#1991=CARTESIAN_POINT('',(0.E0,0.E0,-8.E0));
#1992=DIRECTION('',(0.E0,0.E0,-1.E0));
#1993=DIRECTION('',(1.E0,0.E0,0.E0));
#1994=AXIS2_PLACEMENT_3D('',#1991,#1992,#1993);
#1995=CONICAL_SURFACE('',#1994,6.925E0,3.499202019856E1);
#1997=ORIENTED_EDGE('',*,*,#1996,.T.);
#1998=ORIENTED_EDGE('',*,*,#1980,.T.);
#2000=ORIENTED_EDGE('',*,*,#1999,.F.);
#2002=ORIENTED_EDGE('',*,*,#2001,.F.);
#2003=EDGE_LOOP('',(#1997,#1998,#2000,#2002));
#2004=FACE_OUTER_BOUND('',#2003,.F.);
#2006=CARTESIAN_POINT('',(0.E0,0.E0,-8.E0));
#2007=DIRECTION('',(0.E0,0.E0,-1.E0));
#2008=DIRECTION('',(1.E0,0.E0,0.E0));
#2009=AXIS2_PLACEMENT_3D('',#2006,#2007,#2008);
#2010=CONICAL_SURFACE('',#2009,6.925E0,3.499202019856E1);
#2011=ORIENTED_EDGE('',*,*,#1996,.F.);
#2013=ORIENTED_EDGE('',*,*,#2012,.T.);
#2014=ORIENTED_EDGE('',*,*,#1999,.T.);
#2015=ORIENTED_EDGE('',*,*,#1982,.F.);
#2016=EDGE_LOOP('',(#2011,#2013,#2014,#2015));
#2017=FACE_OUTER_BOUND('',#2016,.F.);
#2019=CARTESIAN_POINT('',(0.E0,0.E0,-2.2825E1));
#2020=DIRECTION('',(0.E0,0.E0,1.E0));
#2021=DIRECTION('',(-1.E0,0.E0,0.E0));
#2022=AXIS2_PLACEMENT_3D('',#2019,#2020,#2021);
#2023=CYLINDRICAL_SURFACE('',#2022,7.1E0);
#2025=ORIENTED_EDGE('',*,*,#2024,.F.);
#2027=ORIENTED_EDGE('',*,*,#2026,.T.);
#2029=ORIENTED_EDGE('',*,*,#2028,.T.);
#2030=ORIENTED_EDGE('',*,*,#2012,.F.);
#2031=EDGE_LOOP('',(#2025,#2027,#2029,#2030));
#2032=FACE_OUTER_BOUND('',#2031,.F.);
#2034=CARTESIAN_POINT('',(0.E0,0.E0,-2.2825E1));
#2035=DIRECTION('',(0.E0,0.E0,1.E0));
#2036=DIRECTION('',(-1.E0,0.E0,0.E0));
#2037=AXIS2_PLACEMENT_3D('',#2034,#2035,#2036);
#2038=CYLINDRICAL_SURFACE('',#2037,7.1E0);
#2039=ORIENTED_EDGE('',*,*,#2024,.T.);
#2040=ORIENTED_EDGE('',*,*,#2001,.T.);
#2041=ORIENTED_EDGE('',*,*,#2028,.F.);
#2043=ORIENTED_EDGE('',*,*,#2042,.F.);
#2044=EDGE_LOOP('',(#2039,#2040,#2041,#2043));
#2045=FACE_OUTER_BOUND('',#2044,.F.);
#2047=CARTESIAN_POINT('',(0.E0,0.E0,-1.225E1));
#2048=DIRECTION('',(0.E0,0.E0,1.E0));
#2049=DIRECTION('',(-1.E0,0.E0,0.E0));
#2050=AXIS2_PLACEMENT_3D('',#2047,#2048,#2049);
#2051=PLANE('',#2050);
#2053=ORIENTED_EDGE('',*,*,#2052,.F.);
#2055=ORIENTED_EDGE('',*,*,#2054,.T.);
#2056=EDGE_LOOP('',(#2053,#2055));
#2057=FACE_OUTER_BOUND('',#2056,.F.);
#2058=ORIENTED_EDGE('',*,*,#2026,.F.);
#2059=ORIENTED_EDGE('',*,*,#2042,.T.);
#2060=EDGE_LOOP('',(#2058,#2059));
#2061=FACE_BOUND('',#2060,.F.);
#2063=CARTESIAN_POINT('',(0.E0,0.E0,-2.2825E1));
#2064=DIRECTION('',(0.E0,0.E0,1.E0));
#2065=DIRECTION('',(-1.E0,0.E0,0.E0));
#2066=AXIS2_PLACEMENT_3D('',#2063,#2064,#2065);
#2067=CYLINDRICAL_SURFACE('',#2066,7.5E0);
#2069=ORIENTED_EDGE('',*,*,#2068,.T.);
#2070=ORIENTED_EDGE('',*,*,#2052,.T.);
#2072=ORIENTED_EDGE('',*,*,#2071,.F.);
#2074=ORIENTED_EDGE('',*,*,#2073,.F.);
#2075=EDGE_LOOP('',(#2069,#2070,#2072,#2074));
#2076=FACE_OUTER_BOUND('',#2075,.F.);
#2078=CARTESIAN_POINT('',(0.E0,0.E0,-2.2825E1));
#2079=DIRECTION('',(0.E0,0.E0,1.E0));
#2080=DIRECTION('',(-1.E0,0.E0,0.E0));
#2081=AXIS2_PLACEMENT_3D('',#2078,#2079,#2080);
#2082=CYLINDRICAL_SURFACE('',#2081,7.5E0);
#2083=ORIENTED_EDGE('',*,*,#2068,.F.);
#2085=ORIENTED_EDGE('',*,*,#2084,.T.);
#2086=ORIENTED_EDGE('',*,*,#2071,.T.);
#2087=ORIENTED_EDGE('',*,*,#2054,.F.);
#2088=EDGE_LOOP('',(#2083,#2085,#2086,#2087));
#2089=FACE_OUTER_BOUND('',#2088,.F.);
#2091=CARTESIAN_POINT('',(0.E0,0.E0,-1.675E1));
#2092=DIRECTION('',(0.E0,0.E0,1.E0));
#2093=DIRECTION('',(-1.E0,0.E0,0.E0));
#2094=AXIS2_PLACEMENT_3D('',#2091,#2092,#2093);
#2095=PLANE('',#2094);
#2096=ORIENTED_EDGE('',*,*,#2084,.F.);
#2097=ORIENTED_EDGE('',*,*,#2073,.T.);
#2098=EDGE_LOOP('',(#2096,#2097));
#2099=FACE_OUTER_BOUND('',#2098,.F.);
#2101=ORIENTED_EDGE('',*,*,#2100,.F.);
#2103=ORIENTED_EDGE('',*,*,#2102,.T.);
#2104=EDGE_LOOP('',(#2101,#2103));
#2105=FACE_BOUND('',#2104,.F.);
#2107=CARTESIAN_POINT('',(0.E0,0.E0,-2.2825E1));
#2108=DIRECTION('',(0.E0,0.E0,1.E0));
#2109=DIRECTION('',(-1.E0,0.E0,0.E0));
#2110=AXIS2_PLACEMENT_3D('',#2107,#2108,#2109);
#2111=CYLINDRICAL_SURFACE('',#2110,7.1E0);
#2113=ORIENTED_EDGE('',*,*,#2112,.T.);
#2115=ORIENTED_EDGE('',*,*,#2114,.T.);
#2116=ORIENTED_EDGE('',*,*,#2100,.T.);
#2118=ORIENTED_EDGE('',*,*,#2117,.T.);
#2119=EDGE_LOOP('',(#2113,#2115,#2116,#2118));
#2120=FACE_OUTER_BOUND('',#2119,.F.);
#2122=CARTESIAN_POINT('',(0.E0,0.E0,-1.875E1));
#2123=DIRECTION('',(0.E0,0.E0,1.E0));
#2124=DIRECTION('',(9.998700879677E-1,1.611853552620E-2,0.E0));
#2125=AXIS2_PLACEMENT_3D('',#2122,#2123,#2124);
#2126=TOROIDAL_SURFACE('',#2125,6.6E0,5.E-1);
#2128=ORIENTED_EDGE('',*,*,#2127,.T.);
#2130=ORIENTED_EDGE('',*,*,#2129,.T.);
#2131=ORIENTED_EDGE('',*,*,#2112,.F.);
#2133=ORIENTED_EDGE('',*,*,#2132,.F.);
#2134=EDGE_LOOP('',(#2128,#2130,#2131,#2133));
#2135=FACE_OUTER_BOUND('',#2134,.F.);
#2137=CARTESIAN_POINT('',(0.E0,0.E0,-1.925E1));
#2138=DIRECTION('',(0.E0,0.E0,1.E0));
#2139=DIRECTION('',(-1.E0,0.E0,0.E0));
#2140=AXIS2_PLACEMENT_3D('',#2137,#2138,#2139);
#2141=PLANE('',#2140);
#2142=ORIENTED_EDGE('',*,*,#2127,.F.);
#2144=ORIENTED_EDGE('',*,*,#2143,.F.);
#2145=EDGE_LOOP('',(#2142,#2144));
#2146=FACE_OUTER_BOUND('',#2145,.F.);
#2148=ORIENTED_EDGE('',*,*,#2147,.T.);
#2150=ORIENTED_EDGE('',*,*,#2149,.T.);
#2151=EDGE_LOOP('',(#2148,#2150));
#2152=FACE_BOUND('',#2151,.F.);
#2154=CARTESIAN_POINT('',(0.E0,0.E0,-1.875E1));
#2155=DIRECTION('',(0.E0,0.E0,1.E0));
#2156=DIRECTION('',(-9.998700879677E-1,-1.611853552620E-2,0.E0));
#2157=AXIS2_PLACEMENT_3D('',#2154,#2155,#2156);
#2158=TOROIDAL_SURFACE('',#2157,6.6E0,5.E-1);
#2159=ORIENTED_EDGE('',*,*,#2143,.T.);
#2160=ORIENTED_EDGE('',*,*,#2132,.T.);
#2162=ORIENTED_EDGE('',*,*,#2161,.F.);
#2163=ORIENTED_EDGE('',*,*,#2129,.F.);
#2164=EDGE_LOOP('',(#2159,#2160,#2162,#2163));
#2165=FACE_OUTER_BOUND('',#2164,.F.);
#2167=CARTESIAN_POINT('',(0.E0,0.E0,-2.2825E1));
#2168=DIRECTION('',(0.E0,0.E0,1.E0));
#2169=DIRECTION('',(-1.E0,0.E0,0.E0));
#2170=AXIS2_PLACEMENT_3D('',#2167,#2168,#2169);
#2171=CYLINDRICAL_SURFACE('',#2170,7.1E0);
#2172=ORIENTED_EDGE('',*,*,#2161,.T.);
#2173=ORIENTED_EDGE('',*,*,#2117,.F.);
#2174=ORIENTED_EDGE('',*,*,#2102,.F.);
#2175=ORIENTED_EDGE('',*,*,#2114,.F.);
#2176=EDGE_LOOP('',(#2172,#2173,#2174,#2175));
#2177=FACE_OUTER_BOUND('',#2176,.F.);
#2179=CARTESIAN_POINT('',(0.E0,0.E0,-2.075E1));
#2180=DIRECTION('',(0.E0,0.E0,-1.E0));
#2181=DIRECTION('',(0.E0,-1.E0,0.E0));
#2182=AXIS2_PLACEMENT_3D('',#2179,#2180,#2181);
#2184=DIRECTION('',(0.E0,0.E0,1.E0));
#2185=VECTOR('',#2184,1.E0);
#2186=SURFACE_OF_LINEAR_EXTRUSION('',#2183,#2185);
#2187=ORIENTED_EDGE('',*,*,#1422,.T.);
#2189=ORIENTED_EDGE('',*,*,#2188,.F.);
#2190=ORIENTED_EDGE('',*,*,#2147,.F.);
#2192=ORIENTED_EDGE('',*,*,#2191,.F.);
#2193=EDGE_LOOP('',(#2187,#2189,#2190,#2192));
#2194=FACE_OUTER_BOUND('',#2193,.F.);
#2196=CARTESIAN_POINT('',(0.E0,0.E0,-2.075E1));
#2197=DIRECTION('',(0.E0,0.E0,-1.E0));
#2198=DIRECTION('',(-4.243884723517E-13,-1.E0,0.E0));
#2199=AXIS2_PLACEMENT_3D('',#2196,#2197,#2198);
#2201=DIRECTION('',(0.E0,0.E0,1.E0));
#2202=VECTOR('',#2201,1.E0);
#2203=SURFACE_OF_LINEAR_EXTRUSION('',#2200,#2202);
#2204=ORIENTED_EDGE('',*,*,#2149,.F.);
#2205=ORIENTED_EDGE('',*,*,#2188,.T.);
#2206=ORIENTED_EDGE('',*,*,#1424,.F.);
#2207=ORIENTED_EDGE('',*,*,#2191,.T.);
#2208=EDGE_LOOP('',(#2204,#2205,#2206,#2207));
#2209=FACE_OUTER_BOUND('',#2208,.F.);
#2211=CLOSED_SHELL('',(#1434,#1455,#1477,#1496,#1509,#1524,#1537,#1553,#1568,
#1583,#1597,#1609,#1631,#1650,#1662,#1678,#1690,#1707,#1722,#1738,#1753,#1766,
#1781,#1794,#1810,#1825,#1838,#1854,#1869,#1884,#1901,#1919,#1935,#1949,#1962,
#1974,#1990,#2005,#2018,#2033,#2046,#2062,#2077,#2090,#2106,#2121,#2136,#2153,
#2166,#2178,#2195,#2210));
#2212=MANIFOLD_SOLID_BREP('',#2211);
#2213=FILL_AREA_STYLE_COLOUR('',#203);
#2214=FILL_AREA_STYLE('',(#2213));
#2215=SURFACE_STYLE_FILL_AREA(#2214);
#2216=SURFACE_SIDE_STYLE('',(#2215));
#2217=SURFACE_STYLE_USAGE(.BOTH.,#2216);
#2218=PRESENTATION_STYLE_ASSIGNMENT((#2217));
#214=STYLED_ITEM('',(#2218),#2212);
#2221=PLANE_ANGLE_MEASURE_WITH_UNIT(PLANE_ANGLE_MEASURE(1.745329251994E-2),
#2220);
#2222=(CONVERSION_BASED_UNIT('DEGREE',#2221)NAMED_UNIT(*)PLANE_ANGLE_UNIT());
#2224=UNCERTAINTY_MEASURE_WITH_UNIT(LENGTH_MEASURE(5.399147413865E-3),#2219,
'distance_accuracy_value',
'Maximum model space distance between geometric entities at asserted connectivities');
#2227=MECHANICAL_DESIGN_GEOMETRIC_PRESENTATION_REPRESENTATION('',(#223,#231,
#240,#247,#258,#270,#278,#291,#302,#309,#317,#324,#341,#348,#355,#371,#393,#400,
#407,#429,#437,#445,#453,#461,#469,#476,#484,#492,#500,#507,#515,#523,#531,#539,
#547,#567,#574,#594,#601,#609,#616,#635,#642,#661,#669,#678,#685,#692,#701,#709,
#717,#724,#732,#739,#747,#755,#762,#770,#777,#785,#793,#800,#808,#815,#823,#831,
#839,#847,#854,#862,#869,#877,#885,#893,#922,#929,#958,#965,#974,#983,#991,#999,
#1007,#1015,#1023,#1031,#1038,#1046,#1053,#1060,#1068,#1075,#1083,#1091,#1099,
#1107,#1114,#1122,#1129,#1137,#1145,#1153,#1160,#1167,#1175,#1183,#1191,#1220,
#1229,#1237,#1245,#1274,#1281,#1288,#214),#2225);
#2228=APPLICATION_CONTEXT('automotive_design');
#2229=APPLICATION_PROTOCOL_DEFINITION('international standard',
'automotive_design',2001,#2228);
#2230=PRODUCT_DEFINITION_CONTEXT('part definition',#2228,'design');
#2231=PRODUCT_CONTEXT('',#2228,'mechanical');
#2232=PRODUCT('FTY-04-014','FTY-04-014','NOT SPECIFIED',(#2231));
#2233=PRODUCT_DEFINITION_FORMATION('1','LAST_VERSION',#2232);
#2241=DERIVED_UNIT_ELEMENT(#2240,2.E0);
#2242=DERIVED_UNIT((#2241));
#2243=MEASURE_REPRESENTATION_ITEM('surface area measure',AREA_MEASURE(
3.555086413711E3),#2242);
#2248=DERIVED_UNIT_ELEMENT(#2247,3.E0);
#2249=DERIVED_UNIT((#2248));
#2250=MEASURE_REPRESENTATION_ITEM('volume measure',VOLUME_MEASURE(
4.133849310159E3),#2249);
#2254=CARTESIAN_POINT('centre point',(-8.180262578475E-8,5.653439689583E0,
-4.669652864346E0));
#2259=DERIVED_UNIT_ELEMENT(#2258,2.E0);
#2260=DERIVED_UNIT((#2259));
#2261=MEASURE_REPRESENTATION_ITEM('surface area measure',AREA_MEASURE(
3.555086413711E3),#2260);
#2266=DERIVED_UNIT_ELEMENT(#2265,3.E0);
#2267=DERIVED_UNIT((#2266));
#2268=MEASURE_REPRESENTATION_ITEM('volume measure',VOLUME_MEASURE(
4.133849310159E3),#2267);
#2272=CARTESIAN_POINT('centre point',(-8.180262578475E-8,5.653439689583E0,
-4.669652864346E0));
#2277=PRODUCT_RELATED_PRODUCT_CATEGORY('part','',(#2232));
#1=DRAUGHTING_PRE_DEFINED_COLOUR('black');
#2=COLOUR_RGB('',0.E0,0.E0,3.960784313725E-1);
#3=COLOUR_RGB('',0.E0,1.960784313725E-1,8.392156862745E-1);
#4=COLOUR_RGB('',0.E0,3.450980392157E-1,1.568627450980E-1);
#5=COLOUR_RGB('',0.E0,3.921568627451E-1,1.E0);
#6=COLOUR_RGB('',0.E0,4.E-1,4.E-1);
#7=COLOUR_RGB('',0.E0,4.E-1,6.E-1);
#8=COLOUR_RGB('',0.E0,5.882352941176E-1,4.352941176471E-1);
#9=COLOUR_RGB('',0.E0,6.E-1,0.E0);
#10=COLOUR_RGB('',0.E0,6.E-1,6.E-1);
#11=COLOUR_RGB('',0.E0,6.E-1,1.E0);
#12=COLOUR_RGB('',0.E0,6.549019607843E-1,8.313725490196E-1);
#13=COLOUR_RGB('',0.E0,6.901960784314E-1,9.411764705882E-1);
#14=COLOUR_RGB('',0.E0,8.039215686275E-1,5.254901960784E-1);
#15=COLOUR_RGB('',0.E0,8.117647058824E-1,8.117647058824E-1);
#16=DRAUGHTING_PRE_DEFINED_COLOUR('green');
#17=COLOUR_RGB('',0.E0,1.E0,8.E-1);
#18=DRAUGHTING_PRE_DEFINED_COLOUR('cyan');
#19=COLOUR_RGB('',1.1E-2,1.2E-2,1.E0);
#20=COLOUR_RGB('',1.960784313725E-2,7.490196078431E-1,3.411764705882E-1);
#21=COLOUR_RGB('',2.745098039216E-2,1.E0,1.019607843137E-1);
#22=COLOUR_RGB('',3.137254901961E-2,3.882352941176E-1,0.E0);
#23=COLOUR_RGB('',5.882352941176E-2,1.E0,4.666666666667E-1);
#24=COLOUR_RGB('',1.098039215686E-1,2.862745098039E-1,1.176470588235E-2);
#25=COLOUR_RGB('',1.176470588235E-1,1.176470588235E-1,1.176470588235E-1);
#26=COLOUR_RGB('',1.294117647059E-1,4.470588235294E-1,7.882352941176E-1);
#27=COLOUR_RGB('',1.372549019608E-1,8.823529411765E-1,9.372549019608E-1);
#28=COLOUR_RGB('',1.450980392157E-1,6.235294117647E-1,6.470588235294E-1);
#29=COLOUR_RGB('',1.921568627451E-1,5.215686274510E-1,6.078431372549E-1);
#30=COLOUR_RGB('',1.960784313725E-1,2.078431372549E-1,1.960784313725E-1);
#31=COLOUR_RGB('',2.E-1,0.E0,0.E0);
#32=COLOUR_RGB('',2.E-1,2.E-1,6.E-1);
#33=COLOUR_RGB('',2.E-1,2.E-1,1.E0);
#34=COLOUR_RGB('',2.E-1,4.E-1,2.E-1);
#35=COLOUR_RGB('',2.E-1,6.E-1,2.E-1);
#36=COLOUR_RGB('',2.E-1,6.E-1,1.E0);
#37=COLOUR_RGB('',2.E-1,8.E-1,6.E-1);
#38=COLOUR_RGB('',2.E-1,1.E0,2.E-1);
#39=COLOUR_RGB('',2.117647058824E-1,3.764705882353E-1,5.725490196078E-1);
#40=COLOUR_RGB('',2.117647058824E-1,8.E-1,8.549019607843E-1);
#41=COLOUR_RGB('',2.156862745098E-1,6.666666666667E-1,5.333333333333E-1);
#42=COLOUR_RGB('',2.431372549020E-1,5.176470588235E-1,9.490196078431E-1);
#43=COLOUR_RGB('',2.470588235294E-1,9.647058823529E-1,1.E0);
#44=COLOUR_RGB('',2.549019607843E-1,0.E0,2.745098039216E-1);
#45=COLOUR_RGB('',2.549019607843E-1,3.764705882353E-1,1.E0);
#46=COLOUR_RGB('',2.823529411765E-1,5.647058823529E-1,4.156862745098E-1);
#47=COLOUR_RGB('',2.862745098039E-1,2.705882352941E-1,1.803921568627E-1);
#48=COLOUR_RGB('',2.901960784314E-1,4.509803921569E-1,1.058823529412E-1);
#49=COLOUR_RGB('',3.098039215686E-1,3.098039215686E-1,0.E0);
#50=COLOUR_RGB('',3.098039215686E-1,6.509803921569E-1,0.E0);
#51=COLOUR_RGB('',3.176470588235E-1,1.215686274510E-1,4.980392156863E-1);
#52=COLOUR_RGB('',3.254901960784E-1,5.764705882353E-1,8.117647058824E-1);
#53=COLOUR_RGB('',3.333333333333E-1,1.E0,2.156862745098E-1);
#54=COLOUR_RGB('',3.372549019608E-1,6.941176470588E-1,1.E0);
#55=COLOUR_RGB('',3.529411764706E-1,3.568627450980E-1,3.176470588235E-1);
#56=COLOUR_RGB('',3.607843137255E-1,2.862745098039E-1,5.019607843137E-1);
#57=COLOUR_RGB('',3.607843137255E-1,4.784313725490E-1,8.E-1);
#58=COLOUR_RGB('',3.607843137255E-1,6.705882352941E-1,8.E-1);
#59=COLOUR_RGB('',3.607843137255E-1,8.E-1,4.470588235294E-1);
#60=COLOUR_RGB('',3.607843137255E-1,8.E-1,5.803921568627E-1);
#61=COLOUR_RGB('',3.607843137255E-1,8.E-1,7.137254901961E-1);
#62=COLOUR_RGB('',3.686274509804E-1,5.215686274510E-1,2.470588235294E-1);
#63=COLOUR_RGB('',3.764705882353E-1,8.039215686275E-1,8.235294117647E-1);
#64=COLOUR_RGB('',3.921568627451E-1,1.176470588235E-2,1.176470588235E-2);
#65=COLOUR_RGB('',4.E-1,0.E0,6.E-1);
#66=COLOUR_RGB('',4.E-1,0.E0,8.E-1);
#67=COLOUR_RGB('',4.E-1,2.E-1,6.E-1);
#68=COLOUR_RGB('',4.E-1,2.E-1,8.E-1);
#69=COLOUR_RGB('',4.E-1,4.E-1,2.E-1);
#70=COLOUR_RGB('',4.E-1,4.E-1,4.E-1);
#71=COLOUR_RGB('',4.E-1,8.E-1,0.E0);
#72=COLOUR_RGB('',4.E-1,8.E-1,1.E0);
#73=COLOUR_RGB('',4.117647058824E-1,0.E0,2.196078431373E-1);
#74=COLOUR_RGB('',4.1E-1,2.61589E-1,1.12848E-1);
#75=COLOUR_RGB('',4.156862745098E-1,1.E0,0.E0);
#76=COLOUR_RGB('',4.274509803922E-1,3.607843137255E-1,8.E-1);
#77=COLOUR_RGB('',4.313725490196E-1,7.019607843137E-1,3.803921568627E-1);
#78=COLOUR_RGB('',4.352941176471E-1,4.078431372549E-1,0.E0);
#79=COLOUR_RGB('',4.470588235294E-1,4.156862745098E-1,1.E0);
#80=COLOUR_RGB('',4.470588235294E-1,8.E-1,3.607843137255E-1);
#81=COLOUR_RGB('',4.470588235294E-1,1.E0,8.039215686275E-1);
#82=COLOUR_RGB('',4.627450980392E-1,4.156862745098E-1,5.882352941176E-1);
#83=COLOUR_RGB('',4.627450980392E-1,6.235294117647E-1,1.647058823529E-1);
#84=COLOUR_RGB('',4.705882352941E-1,3.137254901961E-1,3.333333333333E-1);
#85=COLOUR_RGB('',4.705882352941E-1,7.529411764706E-1,5.490196078431E-1);
#86=COLOUR_RGB('',4.784313725490E-1,4.509803921569E-1,7.098039215686E-1);
#87=COLOUR_RGB('',4.901960784314E-1,4.627450980392E-1,1.843137254902E-1);
#88=COLOUR_RGB('',4.901960784314E-1,4.901960784314E-1,4.901960784314E-1);
#89=COLOUR_RGB('',4.941176470588E-1,4.980392156863E-1,0.E0);
#90=COLOUR_RGB('',4.941176470588E-1,1.E0,4.117647058824E-1);
#91=COLOUR_RGB('',5.019607843137E-1,6.352941176471E-1,7.058823529412E-1);
#92=COLOUR_RGB('',5.04854E-1,1.5455E-2,1.5455E-2);
#93=COLOUR_RGB('',5.098039215686E-1,0.E0,5.098039215686E-1);
#94=COLOUR_RGB('',5.098039215686E-1,7.137254901961E-1,7.686274509804E-1);
#95=COLOUR_RGB('',5.176470588235E-1,6.784313725490E-1,6.078431372549E-1);
#96=COLOUR_RGB('',5.176470588235E-1,1.E0,6.862745098039E-1);
#97=COLOUR_RGB('',5.294117647059E-1,8.274509803922E-1,0.E0);
#98=COLOUR_RGB('',5.333333333333E-1,7.333333333333E-1,4.392156862745E-1);
#99=COLOUR_RGB('',5.372549019608E-1,7.137254901961E-1,1.E0);
#100=COLOUR_RGB('',5.529411764706E-1,2.549019607843E-1,1.960784313725E-2);
#101=COLOUR_RGB('',5.529411764706E-1,5.803921568627E-1,2.039215686275E-1);
#102=COLOUR_RGB('',5.607843137255E-1,3.607843137255E-1,8.E-1);
#103=COLOUR_RGB('',5.764705882353E-1,5.411764705882E-1,3.921568627451E-1);
#104=COLOUR_RGB('',5.882352941176E-1,5.686274509804E-1,5.490196078431E-1);
#105=COLOUR_RGB('',5.921568627451E-1,5.843137254902E-1,7.725490196078E-1);
#106=COLOUR_RGB('',5.960784313725E-1,6.901960784314E-1,8.470588235294E-1);
#107=COLOUR_RGB('',6.E-1,2.E-1,2.E-1);
#108=COLOUR_RGB('',6.E-1,2.E-1,4.E-1);
#109=COLOUR_RGB('',6.E-1,2.E-1,8.E-1);
#110=COLOUR_RGB('',6.E-1,2.E-1,1.E0);
#111=COLOUR_RGB('',6.E-1,3.294117647059E-1,2.E-1);
#112=COLOUR_RGB('',6.E-1,4.E-1,4.E-1);
#113=COLOUR_RGB('',6.E-1,8.E-1,1.E0);
#114=COLOUR_RGB('',6.E-1,1.E0,4.E-1);
#115=COLOUR_RGB('',6.E-1,1.E0,6.E-1);
#116=COLOUR_RGB('',6.E-1,1.E0,8.E-1);
#117=COLOUR_RGB('',6.E-1,1.E0,1.E0);
#118=COLOUR_RGB('',6.039215686275E-1,8.117647058824E-1,6.588235294118E-1);
#119=COLOUR_RGB('',6.117647058824E-1,4.549019607843E-1,1.607843137255E-1);
#120=COLOUR_RGB('',6.117647058824E-1,8.156862745098E-1,4.941176470588E-1);
#121=COLOUR_RGB('',6.196078431373E-1,7.921568627451E-1,2.392156862745E-1);
#122=COLOUR_RGB('',6.352941176471E-1,9.411764705882E-2,3.764705882353E-1);
#123=COLOUR_RGB('',6.35294E-1,6.86275E-1,7.4902E-1);
#124=COLOUR_RGB('',6.40777E-1,6.40777E-1,6.40777E-1);
#125=COLOUR_RGB('',6.431372549020E-1,4.E-1,0.E0);
#126=COLOUR_RGB('',6.470588235294E-1,5.176470588235E-1,0.E0);
#127=COLOUR_RGB('',6.509803921569E-1,7.803921568627E-1,8.705882352941E-1);
#128=COLOUR_RGB('',6.509803921569E-1,8.705882352941E-1,8.117647058824E-1);
#129=COLOUR_RGB('',6.627450980392E-1,8.901960784314E-1,0.E0);
#130=COLOUR_RGB('',6.705882352941E-1,5.960784313725E-1,3.215686274510E-1);
#131=COLOUR_RGB('',6.69062E-1,6.69903E-1,6.55217E-1);
#132=COLOUR_RGB('',6.745098039216E-1,8.E-1,3.607843137255E-1);
#133=COLOUR_RGB('',6.823529411765E-1,1.960784313725E-2,0.E0);
#134=COLOUR_RGB('',6.941176470588E-1,4.588235294118E-1,5.764705882353E-1);
#135=COLOUR_RGB('',6.941176470588E-1,6.509803921569E-1,8.705882352941E-1);
#136=COLOUR_RGB('',6.980392156863E-1,6.941176470588E-1,4.039215686275E-1);
#137=COLOUR_RGB('',7.019607843137E-1,5.058823529412E-1,3.647058823529E-1);
#138=COLOUR_RGB('',7.098039215686E-1,7.098039215686E-1,1.E0);
#139=COLOUR_RGB('',7.176470588235E-1,8.705882352941E-1,6.509803921569E-1);
#140=COLOUR_RGB('',7.372549019608E-1,9.294117647059E-1,2.039215686275E-1);
#141=COLOUR_RGB('',7.411764705882E-1,1.E0,1.E0);
#142=COLOUR_RGB('',7.490196078431E-1,7.215686274510E-1,1.215686274510E-1);
#143=COLOUR_RGB('',7.490196078431E-1,7.490196078431E-1,7.490196078431E-1);
#144=COLOUR_RGB('',7.529411764706E-1,1.882352941176E-1,6.431372549020E-1);
#145=COLOUR_RGB('',7.529411764706E-1,8.235294117647E-1,8.823529411765E-1);
#146=COLOUR_RGB('',7.607843137255E-1,1.E0,5.882352941176E-2);
#147=COLOUR_RGB('',7.647058823529E-1,8.823529411765E-1,7.450980392157E-1);
#148=COLOUR_RGB('',7.764705882353E-1,8.E-1,3.607843137255E-1);
#149=COLOUR_RGB('',7.960784313725E-1,3.607843137255E-1,8.E-1);
#150=COLOUR_RGB('',7.960784313725E-1,6.509803921569E-1,8.705882352941E-1);
#151=COLOUR_RGB('',8.E-1,2.E-1,2.E-1);
#152=COLOUR_RGB('',8.E-1,2.E-1,8.E-1);
#153=COLOUR_RGB('',8.E-1,3.607843137255E-1,4.470588235294E-1);
#154=COLOUR_RGB('',8.E-1,3.607843137255E-1,6.078431372549E-1);
#155=COLOUR_RGB('',8.E-1,4.549019607843E-1,3.607843137255E-1);
#156=COLOUR_RGB('',8.E-1,5.725490196078E-1,3.607843137255E-1);
#157=COLOUR_RGB('',8.E-1,6.E-1,2.E-1);
#158=COLOUR_RGB('',8.E-1,6.E-1,6.E-1);
#159=COLOUR_RGB('',8.E-1,6.980392156863E-1,3.607843137255E-1);
#160=COLOUR_RGB('',8.E-1,8.E-1,2.E-1);
#161=COLOUR_RGB('',8.E-1,1.E0,4.E-1);
#162=COLOUR_RGB('',8.E-1,1.E0,6.E-1);
#163=COLOUR_RGB('',8.235294117647E-1,4.196078431373E-1,2.156862745098E-1);
#164=COLOUR_RGB('',8.274509803922E-1,5.215686274510E-1,7.843137254902E-1);
#165=COLOUR_RGB('',8.274509803922E-1,8.705882352941E-1,6.509803921569E-1);
#166=COLOUR_RGB('',8.431372549020E-1,1.E0,7.803921568627E-1);
#167=COLOUR_RGB('',8.509803921569E-1,3.372549019608E-1,2.980392156863E-1);
#168=COLOUR_RGB('',8.666666666667E-1,8.549019607843E-1,7.882352941176E-1);
#169=COLOUR_RGB('',8.705882352941E-1,6.509803921569E-1,7.921568627451E-1);
#170=COLOUR_RGB('',8.705882352941E-1,6.901960784314E-1,6.509803921569E-1);
#171=COLOUR_RGB('',8.705882352941E-1,8.E-1,8.901960784314E-1);
#172=COLOUR_RGB('',8.823529411765E-1,7.607843137255E-1,2.823529411765E-1);
#173=COLOUR_RGB('',8.823529411765E-1,9.607843137255E-1,1.E0);
#174=COLOUR_RGB('',8.901960784314E-1,1.333333333333E-1,0.E0);
#175=COLOUR_RGB('',9.019607843137E-1,4.823529411765E-1,7.058823529412E-2);
#176=COLOUR_RGB('',9.019607843137E-1,8.588235294118E-1,2.862745098039E-1);
#177=COLOUR_RGB('',9.176470588235E-1,4.313725490196E-1,6.470588235294E-1);
#178=COLOUR_RGB('',9.21569E-1,7.05882E-1,4.70588E-1);
#179=COLOUR_RGB('',9.333333333333E-1,5.843137254902E-1,7.411764705882E-1);
#180=COLOUR_RGB('',9.607843137255E-1,7.490196078431E-1,8.470588235294E-1);
#181=COLOUR_RGB('',9.607843137255E-1,8.313725490196E-1,7.254901960784E-1);
#182=COLOUR_RGB('',9.607843137255E-1,9.254901960784E-1,3.843137254902E-1);
#183=COLOUR_RGB('',9.647058823529E-1,6.274509803922E-1,2.862745098039E-1);
#184=COLOUR_RGB('',9.647058823529E-1,6.274509803922E-1,4.078431372549E-1);
#185=COLOUR_RGB('',9.843137254902E-1,7.803921568627E-1,6.274509803922E-1);
#186=DRAUGHTING_PRE_DEFINED_COLOUR('red');
#187=COLOUR_RGB('',1.E0,0.E0,2.E-1);
#188=COLOUR_RGB('',1.E0,0.E0,4.980392156863E-1);
#189=DRAUGHTING_PRE_DEFINED_COLOUR('magenta');
#190=COLOUR_RGB('',1.E0,2.274509803922E-1,8.823529411765E-1);
#191=COLOUR_RGB('',1.E0,2.745098039216E-1,0.E0);
#192=COLOUR_RGB('',1.E0,2.784313725490E-1,1.529411764706E-1);
#193=COLOUR_RGB('',1.E0,3.411764705882E-1,3.725490196078E-1);
#194=COLOUR_RGB('',1.E0,3.490196078431E-1,7.647058823529E-1);
#195=COLOUR_RGB('',1.E0,4.E-1,0.E0);
#196=COLOUR_RGB('',1.E0,4.E-1,1.E0);
#197=COLOUR_RGB('',1.E0,4.588235294118E-1,8.352941176471E-1);
#198=COLOUR_RGB('',1.E0,5.529411764706E-1,9.176470588235E-1);
#199=COLOUR_RGB('',1.E0,5.647058823529E-1,5.647058823529E-1);
#200=COLOUR_RGB('',1.E0,6.E-1,0.E0);
#201=COLOUR_RGB('',1.E0,7.019607843137E-1,7.058823529412E-1);
#202=COLOUR_RGB('',1.E0,7.529411764706E-1,2.E-1);
#203=COLOUR_RGB('',1.E0,7.7E-1,6.E-2);
#204=COLOUR_RGB('',1.E0,8.E-1,1.E0);
#205=COLOUR_RGB('',1.E0,8.078431372549E-1,4.980392156863E-1);
#206=COLOUR_RGB('',1.E0,8.196078431373E-1,0.E0);
#207=COLOUR_RGB('',1.E0,8.627450980392E-1,2.274509803922E-1);
#208=COLOUR_RGB('',1.E0,9.411764705882E-1,6.627450980392E-1);
#209=DRAUGHTING_PRE_DEFINED_COLOUR('yellow');
#210=COLOUR_RGB('',1.E0,1.E0,5.3E-1);
#211=COLOUR_RGB('',1.E0,1.E0,8.E-1);
#212=COLOUR_RGB('',1.E0,1.E0,9.49E-1);
#213=DRAUGHTING_PRE_DEFINED_COLOUR('white');
#219=CIRCLE('',#218,3.25E0);
#228=CIRCLE('',#227,3.25E0);
#237=B_SPLINE_CURVE_WITH_KNOTS('',3,(#232,#233,#234,#235,#236),.UNSPECIFIED.,
.F.,.F.,(4,1,4),(0.E0,5.E-1,1.E0),.UNSPECIFIED.);
#255=B_SPLINE_CURVE_WITH_KNOTS('',3,(#248,#249,#250,#251,#252,#253,#254),
.UNSPECIFIED.,.F.,.F.,(4,1,1,1,4),(0.E0,2.5E-1,5.E-1,7.5E-1,1.E0),
.UNSPECIFIED.);
#267=B_SPLINE_CURVE_WITH_KNOTS('',3,(#259,#260,#261,#262,#263,#264,#265,#266),
.UNSPECIFIED.,.F.,.F.,(4,1,1,1,1,4),(0.E0,2.E-1,4.E-1,6.E-1,8.E-1,1.E0),
.UNSPECIFIED.);
#275=CIRCLE('',#274,3.25E0);
#288=B_SPLINE_CURVE_WITH_KNOTS('',3,(#279,#280,#281,#282,#283,#284,#285,#286,
#287),.UNSPECIFIED.,.F.,.F.,(4,1,1,1,1,1,4),(0.E0,1.666666666667E-1,
3.333333333333E-1,5.E-1,6.666666666667E-1,8.333333333333E-1,1.E0),
.UNSPECIFIED.);
#299=B_SPLINE_CURVE_WITH_KNOTS('',3,(#292,#293,#294,#295,#296,#297,#298),
.UNSPECIFIED.,.F.,.F.,(4,1,1,1,4),(0.E0,2.5E-1,5.E-1,7.5E-1,1.E0),
.UNSPECIFIED.);
#314=CIRCLE('',#313,3.25E0);
#338=B_SPLINE_CURVE_WITH_KNOTS('',3,(#325,#326,#327,#328,#329,#330,#331,#332,
#333,#334,#335,#336,#337),.UNSPECIFIED.,.F.,.F.,(4,1,1,1,1,1,1,1,1,1,4),(0.E0,
1.E-1,2.E-1,3.E-1,4.E-1,5.E-1,6.E-1,7.E-1,8.E-1,9.E-1,1.E0),.UNSPECIFIED.);
#368=B_SPLINE_CURVE_WITH_KNOTS('',3,(#356,#357,#358,#359,#360,#361,#362,#363,
#364,#365,#366,#367),.UNSPECIFIED.,.F.,.F.,(4,1,1,1,1,1,1,1,1,4),(0.E0,
1.111111111111E-1,2.222222222222E-1,3.333333333333E-1,4.444444444444E-1,
5.555555555556E-1,6.666666666667E-1,7.777777777778E-1,8.888888888889E-1,1.E0),
.UNSPECIFIED.);
#390=B_SPLINE_CURVE_WITH_KNOTS('',3,(#372,#373,#374,#375,#376,#377,#378,#379,
#380,#381,#382,#383,#384,#385,#386,#387,#388,#389),.UNSPECIFIED.,.F.,.F.,(4,1,1,
1,1,1,1,1,1,1,1,1,1,1,1,4),(0.E0,6.666666666667E-2,1.333333333333E-1,2.E-1,
2.666666666667E-1,3.333333333333E-1,4.E-1,4.666666666667E-1,5.333333333333E-1,
6.E-1,6.666666666667E-1,7.333333333333E-1,8.E-1,8.666666666667E-1,
9.333333333333E-1,1.E0),.UNSPECIFIED.);
#426=B_SPLINE_CURVE_WITH_KNOTS('',3,(#408,#409,#410,#411,#412,#413,#414,#415,
#416,#417,#418,#419,#420,#421,#422,#423,#424,#425),.UNSPECIFIED.,.F.,.F.,(4,1,1,
1,1,1,1,1,1,1,1,1,1,1,1,4),(0.E0,6.666666666667E-2,1.333333333333E-1,2.E-1,
2.666666666667E-1,3.333333333333E-1,4.E-1,4.666666666667E-1,5.333333333333E-1,
6.E-1,6.666666666667E-1,7.333333333333E-1,8.E-1,8.666666666667E-1,
9.333333333333E-1,1.E0),.UNSPECIFIED.);
#434=CIRCLE('',#433,2.25E0);
#442=CIRCLE('',#441,2.25E0);
#450=CIRCLE('',#449,3.1E0);
#458=CIRCLE('',#457,3.1E0);
#466=CIRCLE('',#465,3.1E0);
#481=CIRCLE('',#480,5.E-1);
#489=CIRCLE('',#488,5.E-1);
#497=CIRCLE('',#496,3.1E0);
#512=CIRCLE('',#511,3.6E0);
#520=CIRCLE('',#519,3.6E0);
#528=CIRCLE('',#527,4.75E0);
#536=CIRCLE('',#535,4.75E0);
#544=CIRCLE('',#543,4.75E0);
#564=B_SPLINE_CURVE_WITH_KNOTS('',3,(#548,#549,#550,#551,#552,#553,#554,#555,
#556,#557,#558,#559,#560,#561,#562,#563),.UNSPECIFIED.,.F.,.F.,(4,1,1,1,1,1,1,1,
1,1,1,1,1,4),(0.E0,7.692307692308E-2,1.538461538462E-1,2.307692307692E-1,
3.076923076923E-1,3.846153846154E-1,4.615384615385E-1,5.384615384615E-1,
6.153846153846E-1,6.923076923077E-1,7.692307692308E-1,8.461538461538E-1,
9.230769230769E-1,1.E0),.UNSPECIFIED.);
#591=B_SPLINE_CURVE_WITH_KNOTS('',3,(#575,#576,#577,#578,#579,#580,#581,#582,
#583,#584,#585,#586,#587,#588,#589,#590),.UNSPECIFIED.,.F.,.F.,(4,1,1,1,1,1,1,1,
1,1,1,1,1,4),(0.E0,7.692307692308E-2,1.538461538462E-1,2.307692307692E-1,
3.076923076923E-1,3.846153846154E-1,4.615384615385E-1,5.384615384615E-1,
6.153846153846E-1,6.923076923077E-1,7.692307692308E-1,8.461538461538E-1,
9.230769230769E-1,1.E0),.UNSPECIFIED.);
#606=CIRCLE('',#605,4.75E0);
#632=B_SPLINE_CURVE_WITH_KNOTS('',3,(#617,#618,#619,#620,#621,#622,#623,#624,
#625,#626,#627,#628,#629,#630,#631),.UNSPECIFIED.,.F.,.F.,(4,1,1,1,1,1,1,1,1,1,
1,1,4),(0.E0,8.333333333333E-2,1.666666666667E-1,2.5E-1,3.333333333333E-1,
4.166666666667E-1,5.E-1,5.833333333333E-1,6.666666666667E-1,7.5E-1,
8.333333333333E-1,9.166666666667E-1,1.E0),.UNSPECIFIED.);
#658=B_SPLINE_CURVE_WITH_KNOTS('',3,(#643,#644,#645,#646,#647,#648,#649,#650,
#651,#652,#653,#654,#655,#656,#657),.UNSPECIFIED.,.F.,.F.,(4,1,1,1,1,1,1,1,1,1,
1,1,4),(0.E0,8.333333333333E-2,1.666666666667E-1,2.5E-1,3.333333333333E-1,
4.166666666667E-1,5.E-1,5.833333333333E-1,6.666666666667E-1,7.5E-1,
8.333333333333E-1,9.166666666667E-1,1.E0),.UNSPECIFIED.);
#666=CIRCLE('',#665,4.75E0);
#675=B_SPLINE_CURVE_WITH_KNOTS('',3,(#670,#671,#672,#673,#674),.UNSPECIFIED.,
.F.,.F.,(4,1,4),(0.E0,5.E-1,1.E0),.UNSPECIFIED.);
#698=B_SPLINE_CURVE_WITH_KNOTS('',3,(#693,#694,#695,#696,#697),.UNSPECIFIED.,
.F.,.F.,(4,1,4),(0.E0,5.E-1,1.E0),.UNSPECIFIED.);
#706=CIRCLE('',#705,4.75E0);
#714=CIRCLE('',#713,4.75E0);
#729=CIRCLE('',#728,6.75E0);
#744=CIRCLE('',#743,6.75E0);
#752=CIRCLE('',#751,7.1E0);
#767=CIRCLE('',#766,7.1E0);
#782=CIRCLE('',#781,7.1E0);
#790=CIRCLE('',#789,7.1E0);
#805=CIRCLE('',#804,7.5E0);
#820=CIRCLE('',#819,7.5E0);
#828=CIRCLE('',#827,7.5E0);
#836=CIRCLE('',#835,7.5E0);
#844=CIRCLE('',#843,7.1E0);
#859=CIRCLE('',#858,7.1E0);
#874=CIRCLE('',#873,5.E-1);
#882=CIRCLE('',#881,6.6E0);
#890=CIRCLE('',#889,6.6E0);
#919=B_SPLINE_CURVE_WITH_KNOTS('',3,(#894,#895,#896,#897,#898,#899,#900,#901,
#902,#903,#904,#905,#906,#907,#908,#909,#910,#911,#912,#913,#914,#915,#916,#917,
#918),.UNSPECIFIED.,.F.,.F.,(4,1,1,1,1,1,1,1,1,1,1,1,1,1,1,1,1,1,1,1,1,1,4),(
0.E0,6.25E-2,1.25E-1,1.875E-1,2.5E-1,3.125E-1,3.75E-1,4.0625E-1,4.375E-1,
4.6875E-1,4.84375E-1,5.E-1,5.15625E-1,5.3125E-1,5.625E-1,5.9375E-1,6.25E-1,
6.875E-1,7.5E-1,8.125E-1,8.75E-1,9.375E-1,1.E0),.UNSPECIFIED.);
#955=B_SPLINE_CURVE_WITH_KNOTS('',3,(#930,#931,#932,#933,#934,#935,#936,#937,
#938,#939,#940,#941,#942,#943,#944,#945,#946,#947,#948,#949,#950,#951,#952,#953,
#954),.UNSPECIFIED.,.F.,.F.,(4,1,1,1,1,1,1,1,1,1,1,1,1,1,1,1,1,1,1,1,1,1,4),(
0.E0,6.25E-2,1.25E-1,1.875E-1,2.5E-1,3.125E-1,3.75E-1,4.0625E-1,4.375E-1,
4.6875E-1,4.84375E-1,5.E-1,5.15625E-1,5.3125E-1,5.625E-1,5.9375E-1,6.25E-1,
6.875E-1,7.5E-1,8.125E-1,8.75E-1,9.375E-1,1.E0),.UNSPECIFIED.);
#971=B_SPLINE_CURVE_WITH_KNOTS('',3,(#966,#967,#968,#969,#970),.UNSPECIFIED.,
.F.,.F.,(4,1,4),(0.E0,5.E-1,1.E0),.UNSPECIFIED.);
#980=B_SPLINE_CURVE_WITH_KNOTS('',3,(#975,#976,#977,#978,#979),.UNSPECIFIED.,
.F.,.F.,(4,1,4),(0.E0,5.E-1,1.E0),.UNSPECIFIED.);
#988=CIRCLE('',#987,5.E-1);
#996=CIRCLE('',#995,7.1E0);
#1004=CIRCLE('',#1003,7.1E0);
#1012=CIRCLE('',#1011,6.75E0);
#1020=CIRCLE('',#1019,6.75E0);
#1028=CIRCLE('',#1027,7.1E0);
#1043=CIRCLE('',#1042,7.1E0);
#1065=CIRCLE('',#1064,7.1E0);
#1080=CIRCLE('',#1079,7.1E0);
#1088=CIRCLE('',#1087,7.5E0);
#1096=CIRCLE('',#1095,7.5E0);
#1104=CIRCLE('',#1103,7.5E0);
#1119=CIRCLE('',#1118,7.5E0);
#1134=CIRCLE('',#1133,7.1E0);
#1142=CIRCLE('',#1141,7.1E0);
#1150=CIRCLE('',#1149,7.1E0);
#1172=CIRCLE('',#1171,5.E-1);
#1180=CIRCLE('',#1179,6.6E0);
#1188=CIRCLE('',#1187,6.6E0);
#1217=B_SPLINE_CURVE_WITH_KNOTS('',3,(#1192,#1193,#1194,#1195,#1196,#1197,#1198,
#1199,#1200,#1201,#1202,#1203,#1204,#1205,#1206,#1207,#1208,#1209,#1210,#1211,
#1212,#1213,#1214,#1215,#1216),.UNSPECIFIED.,.F.,.F.,(4,1,1,1,1,1,1,1,1,1,1,1,1,
1,1,1,1,1,1,1,1,1,4),(0.E0,6.25E-2,1.25E-1,1.875E-1,2.5E-1,3.125E-1,3.75E-1,
4.0625E-1,4.375E-1,4.6875E-1,4.84375E-1,5.E-1,5.15625E-1,5.3125E-1,5.625E-1,
5.9375E-1,6.25E-1,6.875E-1,7.5E-1,8.125E-1,8.75E-1,9.375E-1,1.E0),
.UNSPECIFIED.);
#1226=B_SPLINE_CURVE_WITH_KNOTS('',3,(#1221,#1222,#1223,#1224,#1225),
.UNSPECIFIED.,.F.,.F.,(4,1,4),(0.E0,5.E-1,1.E0),.UNSPECIFIED.);
#1234=CIRCLE('',#1233,5.E-1);
#1242=CIRCLE('',#1241,7.1E0);
#1271=B_SPLINE_CURVE_WITH_KNOTS('',3,(#1246,#1247,#1248,#1249,#1250,#1251,#1252,
#1253,#1254,#1255,#1256,#1257,#1258,#1259,#1260,#1261,#1262,#1263,#1264,#1265,
#1266,#1267,#1268,#1269,#1270),.UNSPECIFIED.,.F.,.F.,(4,1,1,1,1,1,1,1,1,1,1,1,1,
1,1,1,1,1,1,1,1,1,4),(0.E0,6.25E-2,1.25E-1,1.875E-1,2.5E-1,3.125E-1,3.75E-1,
4.0625E-1,4.375E-1,4.6875E-1,4.84375E-1,5.E-1,5.15625E-1,5.3125E-1,5.625E-1,
5.9375E-1,6.25E-1,6.875E-1,7.5E-1,8.125E-1,8.75E-1,9.375E-1,1.E0),
.UNSPECIFIED.);
#1422=EDGE_CURVE('',#1379,#1380,#1271,.T.);
#1424=EDGE_CURVE('',#1379,#1380,#237,.T.);
#1428=EDGE_CURVE('',#1311,#1312,#219,.T.);
#1430=EDGE_CURVE('',#1311,#1312,#228,.T.);
#1434=ADVANCED_FACE('',(#1427,#1433),#1421,.F.);
#1440=EDGE_CURVE('',#1404,#1374,#267,.T.);
#1442=EDGE_CURVE('',#1403,#1404,#255,.T.);
#1444=EDGE_CURVE('',#1402,#1403,#299,.T.);
#1446=EDGE_CURVE('',#1376,#1402,#288,.T.);
#1448=EDGE_CURVE('',#1311,#1376,#352,.T.);
#1451=EDGE_CURVE('',#1374,#1312,#345,.T.);
#1455=ADVANCED_FACE('',(#1454),#1439,.F.);
#1461=EDGE_CURVE('',#1352,#1408,#244,.T.);
#1463=EDGE_CURVE('',#1406,#1408,#426,.T.);
#1465=EDGE_CURVE('',#1406,#1403,#306,.T.);
#1469=EDGE_CURVE('',#1374,#1375,#338,.T.);
#1471=EDGE_CURVE('',#1351,#1375,#321,.T.);
#1473=EDGE_CURVE('',#1351,#1352,#275,.T.);
#1477=ADVANCED_FACE('',(#1476),#1460,.F.);
#1483=EDGE_CURVE('',#1375,#1376,#368,.T.);
#1488=EDGE_CURVE('',#1408,#1406,#390,.T.);
#1491=EDGE_CURVE('',#1351,#1352,#314,.T.);
#1496=ADVANCED_FACE('',(#1495),#1482,.F.);
#1509=ADVANCED_FACE('',(#1508),#1501,.F.);
#1516=EDGE_CURVE('',#1406,#1397,#397,.T.);
#1518=EDGE_CURVE('',#1397,#1396,#442,.T.);
#1520=EDGE_CURVE('',#1396,#1408,#404,.T.);
#1524=ADVANCED_FACE('',(#1523),#1514,.F.);
#1532=EDGE_CURVE('',#1396,#1397,#434,.T.);
#1537=ADVANCED_FACE('',(#1536),#1529,.F.);
#1543=EDGE_CURVE('',#1400,#1401,#450,.T.);
#1545=EDGE_CURVE('',#1401,#1400,#458,.T.);
#1553=ADVANCED_FACE('',(#1548,#1552),#1542,.T.);
#1559=EDGE_CURVE('',#1411,#1412,#466,.T.);
#1561=EDGE_CURVE('',#1412,#1400,#473,.T.);
#1564=EDGE_CURVE('',#1411,#1401,#504,.T.);
#1568=ADVANCED_FACE('',(#1567),#1558,.T.);
#1575=EDGE_CURVE('',#1411,#1415,#481,.T.);
#1577=EDGE_CURVE('',#1415,#1416,#512,.T.);
#1579=EDGE_CURVE('',#1412,#1416,#489,.T.);
#1583=ADVANCED_FACE('',(#1582),#1573,.F.);
#1589=EDGE_CURVE('',#1412,#1411,#497,.T.);
#1592=EDGE_CURVE('',#1416,#1415,#520,.T.);
#1597=ADVANCED_FACE('',(#1596),#1588,.F.);
#1609=ADVANCED_FACE('',(#1608),#1602,.T.);
#1615=EDGE_CURVE('',#1389,#1390,#528,.T.);
#1617=EDGE_CURVE('',#1391,#1389,#666,.T.);
#1619=EDGE_CURVE('',#1357,#1391,#698,.T.);
#1621=EDGE_CURVE('',#1393,#1357,#675,.T.);
#1623=EDGE_CURVE('',#1390,#1393,#544,.T.);
#1631=ADVANCED_FACE('',(#1626,#1630),#1614,.T.);
#1638=EDGE_CURVE('',#1355,#1390,#571,.T.);
#1640=EDGE_CURVE('',#1320,#1355,#613,.T.);
#1642=EDGE_CURVE('',#1319,#1320,#536,.T.);
#1644=EDGE_CURVE('',#1319,#1354,#598,.T.);
#1646=EDGE_CURVE('',#1354,#1389,#639,.T.);
#1650=ADVANCED_FACE('',(#1649),#1636,.T.);
#1657=EDGE_CURVE('',#1393,#1355,#564,.T.);
#1662=ADVANCED_FACE('',(#1661),#1655,.T.);
#1668=EDGE_CURVE('',#1353,#1354,#591,.T.);
#1671=EDGE_CURVE('',#1319,#1320,#606,.T.);
#1674=EDGE_CURVE('',#1355,#1353,#632,.T.);
#1678=ADVANCED_FACE('',(#1677),#1667,.T.);
#1685=EDGE_CURVE('',#1354,#1391,#658,.T.);
#1690=ADVANCED_FACE('',(#1689),#1683,.T.);
#1699=EDGE_CURVE('',#1357,#1344,#682,.T.);
#1701=EDGE_CURVE('',#1343,#1344,#714,.T.);
#1703=EDGE_CURVE('',#1353,#1343,#689,.T.);
#1707=ADVANCED_FACE('',(#1706),#1695,.T.);
#1715=EDGE_CURVE('',#1343,#1344,#706,.T.);
#1722=ADVANCED_FACE('',(#1721),#1712,.T.);
#1728=EDGE_CURVE('',#1323,#1333,#729,.T.);
#1730=EDGE_CURVE('',#1323,#1333,#744,.T.);
#1738=ADVANCED_FACE('',(#1733,#1737),#1727,.F.);
#1744=EDGE_CURVE('',#1323,#1324,#721,.T.);
#1747=EDGE_CURVE('',#1333,#1334,#736,.T.);
#1749=EDGE_CURVE('',#1324,#1334,#767,.T.);
#1753=ADVANCED_FACE('',(#1752),#1743,.T.);
#1760=EDGE_CURVE('',#1324,#1334,#752,.T.);
#1766=ADVANCED_FACE('',(#1765),#1758,.T.);
#1772=EDGE_CURVE('',#1324,#1326,#759,.T.);
#1774=EDGE_CURVE('',#1326,#1336,#782,.T.);
#1776=EDGE_CURVE('',#1334,#1336,#774,.T.);
#1781=ADVANCED_FACE('',(#1780),#1771,.T.);
#1790=EDGE_CURVE('',#1326,#1336,#790,.T.);
#1794=ADVANCED_FACE('',(#1793),#1786,.T.);
#1800=EDGE_CURVE('',#1329,#1339,#805,.T.);
#1802=EDGE_CURVE('',#1329,#1339,#820,.T.);
#1810=ADVANCED_FACE('',(#1805,#1809),#1799,.F.);
#1816=EDGE_CURVE('',#1329,#1330,#797,.T.);
#1819=EDGE_CURVE('',#1339,#1340,#812,.T.);
#1821=EDGE_CURVE('',#1330,#1340,#836,.T.);
#1825=ADVANCED_FACE('',(#1824),#1815,.T.);
#1832=EDGE_CURVE('',#1330,#1340,#828,.T.);
#1838=ADVANCED_FACE('',(#1837),#1830,.T.);
#1848=EDGE_CURVE('',#1347,#1348,#859,.T.);
#1850=EDGE_CURVE('',#1347,#1348,#1004,.T.);
#1854=ADVANCED_FACE('',(#1847,#1853),#1843,.T.);
#1860=EDGE_CURVE('',#1365,#1364,#844,.T.);
#1862=EDGE_CURVE('',#1347,#1364,#851,.T.);
#1865=EDGE_CURVE('',#1348,#1365,#866,.T.);
#1869=ADVANCED_FACE('',(#1868),#1859,.T.);
#1875=EDGE_CURVE('',#1361,#1360,#890,.T.);
#1877=EDGE_CURVE('',#1360,#1364,#988,.T.);
#1880=EDGE_CURVE('',#1361,#1365,#874,.T.);
#1884=ADVANCED_FACE('',(#1883),#1874,.T.);
#1890=EDGE_CURVE('',#1360,#1361,#882,.T.);
#1895=EDGE_CURVE('',#1382,#1381,#919,.T.);
#1897=EDGE_CURVE('',#1381,#1382,#971,.T.);
#1901=ADVANCED_FACE('',(#1894,#1900),#1889,.T.);
#1906=ELLIPSE('',#1905,6.E0,4.8E0);
#1911=EDGE_CURVE('',#1384,#1381,#926,.T.);
#1913=EDGE_CURVE('',#1384,#1386,#955,.T.);
#1915=EDGE_CURVE('',#1386,#1382,#962,.T.);
#1919=ADVANCED_FACE('',(#1918),#1909,.T.);
#1924=ELLIPSE('',#1923,6.E0,4.8E0);
#1928=EDGE_CURVE('',#1384,#1386,#980,.T.);
#1935=ADVANCED_FACE('',(#1934),#1927,.T.);
#1949=ADVANCED_FACE('',(#1944,#1948),#1940,.T.);
#1957=EDGE_CURVE('',#1364,#1365,#996,.T.);
#1962=ADVANCED_FACE('',(#1961),#1954,.T.);
#1974=ADVANCED_FACE('',(#1973),#1967,.T.);
#1980=EDGE_CURVE('',#1298,#1308,#1012,.T.);
#1982=EDGE_CURVE('',#1298,#1308,#1020,.T.);
#1990=ADVANCED_FACE('',(#1985,#1989),#1979,.T.);
#1996=EDGE_CURVE('',#1296,#1298,#1035,.T.);
#1999=EDGE_CURVE('',#1306,#1308,#1050,.T.);
#2001=EDGE_CURVE('',#1296,#1306,#1028,.T.);
#2005=ADVANCED_FACE('',(#2004),#1995,.T.);
#2012=EDGE_CURVE('',#1296,#1306,#1043,.T.);
#2018=ADVANCED_FACE('',(#2017),#2010,.T.);
#2024=EDGE_CURVE('',#1295,#1296,#1057,.T.);
#2026=EDGE_CURVE('',#1295,#1305,#1065,.T.);
#2028=EDGE_CURVE('',#1305,#1306,#1072,.T.);
#2033=ADVANCED_FACE('',(#2032),#2023,.T.);
#2042=EDGE_CURVE('',#1295,#1305,#1080,.T.);
#2046=ADVANCED_FACE('',(#2045),#2038,.T.);
#2052=EDGE_CURVE('',#1292,#1302,#1088,.T.);
#2054=EDGE_CURVE('',#1292,#1302,#1096,.T.);
#2062=ADVANCED_FACE('',(#2057,#2061),#2051,.T.);
#2068=EDGE_CURVE('',#1291,#1292,#1111,.T.);
#2071=EDGE_CURVE('',#1301,#1302,#1126,.T.);
#2073=EDGE_CURVE('',#1291,#1301,#1104,.T.);
#2077=ADVANCED_FACE('',(#2076),#2067,.T.);
#2084=EDGE_CURVE('',#1291,#1301,#1119,.T.);
#2090=ADVANCED_FACE('',(#2089),#2082,.T.);
#2100=EDGE_CURVE('',#1315,#1316,#1134,.T.);
#2102=EDGE_CURVE('',#1315,#1316,#1142,.T.);
#2106=ADVANCED_FACE('',(#2099,#2105),#2095,.F.);
#2112=EDGE_CURVE('',#1372,#1373,#1150,.T.);
#2114=EDGE_CURVE('',#1373,#1315,#1157,.T.);
#2117=EDGE_CURVE('',#1316,#1372,#1164,.T.);
#2121=ADVANCED_FACE('',(#2120),#2111,.T.);
#2127=EDGE_CURVE('',#1368,#1369,#1180,.T.);
#2129=EDGE_CURVE('',#1369,#1373,#1234,.T.);
#2132=EDGE_CURVE('',#1368,#1372,#1172,.T.);
#2136=ADVANCED_FACE('',(#2135),#2126,.T.);
#2143=EDGE_CURVE('',#1369,#1368,#1188,.T.);
#2147=EDGE_CURVE('',#1378,#1377,#1217,.T.);
#2149=EDGE_CURVE('',#1377,#1378,#1226,.T.);
#2153=ADVANCED_FACE('',(#2146,#2152),#2141,.F.);
#2161=EDGE_CURVE('',#1373,#1372,#1242,.T.);
#2166=ADVANCED_FACE('',(#2165),#2158,.T.);
#2178=ADVANCED_FACE('',(#2177),#2171,.T.);
#2183=ELLIPSE('',#2182,6.E0,4.8E0);
#2188=EDGE_CURVE('',#1377,#1380,#1278,.T.);
#2191=EDGE_CURVE('',#1379,#1378,#1285,.T.);
#2195=ADVANCED_FACE('',(#2194),#2186,.T.);
#2200=ELLIPSE('',#2199,6.000000000003E0,4.8E0);
#2210=ADVANCED_FACE('',(#2209),#2203,.T.);
#2219=(LENGTH_UNIT()NAMED_UNIT(*)SI_UNIT(.MILLI.,.METRE.));
#2220=(NAMED_UNIT(*)PLANE_ANGLE_UNIT()SI_UNIT($,.RADIAN.));
#2223=(NAMED_UNIT(*)SI_UNIT($,.STERADIAN.)SOLID_ANGLE_UNIT());
#2225=(GEOMETRIC_REPRESENTATION_CONTEXT(3)GLOBAL_UNCERTAINTY_ASSIGNED_CONTEXT((
#2224))GLOBAL_UNIT_ASSIGNED_CONTEXT((#2219,#2222,#2223))REPRESENTATION_CONTEXT(
'ID1','3'));
#2226=ADVANCED_BREP_SHAPE_REPRESENTATION('',(#2212),#2225);
#2234=PRODUCT_DEFINITION('part definition','',#2233,#2230);
#2235=PRODUCT_DEFINITION_SHAPE('','SHAPE FOR FTY-04-014.',#2234);
#2236=SHAPE_ASPECT('','solid data associated with FTY-04-014',#2235,.F.);
#2237=PROPERTY_DEFINITION('',
'shape for solid data with which properties are associated',#2236);
#2238=SHAPE_REPRESENTATION('',(#2212),#2225);
#2239=SHAPE_DEFINITION_REPRESENTATION(#2237,#2238);
#2240=(LENGTH_UNIT()NAMED_UNIT(*)SI_UNIT(.MILLI.,.METRE.));
#2244=PROPERTY_DEFINITION('geometric validation property','area of FTY-04-014',
#2236);
#2245=REPRESENTATION('surface area',(#2243),#2225);
#2246=PROPERTY_DEFINITION_REPRESENTATION(#2244,#2245);
#2247=(LENGTH_UNIT()NAMED_UNIT(*)SI_UNIT(.MILLI.,.METRE.));
#2251=PROPERTY_DEFINITION('geometric validation property',
'volume of FTY-04-014',#2236);
#2252=REPRESENTATION('volume',(#2250),#2225);
#2253=PROPERTY_DEFINITION_REPRESENTATION(#2251,#2252);
#2255=PROPERTY_DEFINITION('geometric validation property',
'centroid of FTY-04-014',#2236);
#2256=REPRESENTATION('centroid',(#2254),#2225);
#2257=PROPERTY_DEFINITION_REPRESENTATION(#2255,#2256);
#2258=(LENGTH_UNIT()NAMED_UNIT(*)SI_UNIT(.MILLI.,.METRE.));
#2262=PROPERTY_DEFINITION('geometric validation property','area of FTY-04-014',
#2235);
#2263=REPRESENTATION('surface area',(#2261),#2225);
#2264=PROPERTY_DEFINITION_REPRESENTATION(#2262,#2263);
#2265=(LENGTH_UNIT()NAMED_UNIT(*)SI_UNIT(.MILLI.,.METRE.));
#2269=PROPERTY_DEFINITION('geometric validation property',
'volume of FTY-04-014',#2235);
#2270=REPRESENTATION('volume',(#2268),#2225);
#2271=PROPERTY_DEFINITION_REPRESENTATION(#2269,#2270);
#2273=PROPERTY_DEFINITION('geometric validation property',
'centroid of FTY-04-014',#2235);
#2274=REPRESENTATION('centroid',(#2272),#2225);
#2275=PROPERTY_DEFINITION_REPRESENTATION(#2273,#2274);
#2276=SHAPE_DEFINITION_REPRESENTATION(#2235,#2226);
ENDSEC;
END-ISO-10303-21;
