ISO-10303-21;
HEADER;
FILE_DESCRIPTION((''),'2;1');
FILE_NAME('MDM1803-A_ASM_ASM','2026-06-30T11:38:05',('Administrator'),(''),
'CREO PARAMETRIC BY PTC INC, 2019010','CREO PARAMETRIC BY PTC INC, 2019010','');
FILE_SCHEMA(('CONFIG_CONTROL_DESIGN'));
ENDSEC;
DATA;
#1=DIRECTION('',(0.E0,4.962281802417E-11,1.E0));
#2=VECTOR('',#1,5.583788484340E-1);
#3=CARTESIAN_POINT('',(4.7E0,-4.500511820991E-11,-5.258378848434E0));
#4=LINE('',#3,#2);
#5=CARTESIAN_POINT('',(4.7E0,-1.729678622553E-11,-4.7E0));
#6=CARTESIAN_POINT('',(4.700000000001E0,1.161476397204E-1,-4.7E0));
#7=CARTESIAN_POINT('',(4.691362059778E0,3.493108268734E-1,-4.691362059778E0));
#8=CARTESIAN_POINT('',(4.652283782699E0,6.984825133050E-1,-4.652283782699E0));
#9=CARTESIAN_POINT('',(4.586188273123E0,1.048748367132E0,-4.586188273123E0));
#10=CARTESIAN_POINT('',(4.491936760233E0,1.399085378297E0,-4.491936760233E0));
#11=CARTESIAN_POINT('',(4.367467469243E0,1.750032047294E0,-4.367467469243E0));
#12=CARTESIAN_POINT('',(4.211067652177E0,2.099388788660E0,-4.211067652177E0));
#13=CARTESIAN_POINT('',(4.019602009296E0,2.446835270005E0,-4.019602009296E0));
#14=CARTESIAN_POINT('',(3.791356294318E0,2.788198784430E0,-3.791356294318E0));
#15=CARTESIAN_POINT('',(3.522999713210E0,3.121180407514E0,-3.522999713210E0));
#16=CARTESIAN_POINT('',(3.213382454131E0,3.439846953872E0,-3.213382454131E0));
#17=CARTESIAN_POINT('',(2.860835139380E0,3.738932270161E0,-2.860835139380E0));
#18=CARTESIAN_POINT('',(2.465490529259E0,4.011338154177E0,-2.465490529259E0));
#19=CARTESIAN_POINT('',(2.029703822107E0,4.249102554939E0,-2.029703822107E0));
#20=CARTESIAN_POINT('',(1.557699246797E0,4.444397174409E0,-1.557699246797E0));
#21=CARTESIAN_POINT('',(1.055740682872E0,4.589988564028E0,-1.055740682872E0));
#22=CARTESIAN_POINT('',(5.334261732801E-1,4.679685587615E0,-5.334261732801E-1));
#23=CARTESIAN_POINT('',(1.787853339770E-1,4.7E0,-1.787853339770E-1));
#24=CARTESIAN_POINT('',(0.E0,4.7E0,0.E0));
#26=DIRECTION('',(0.E0,1.872424174767E-11,1.E0));
#27=VECTOR('',#26,5.583788484340E-1);
#28=CARTESIAN_POINT('',(4.7E0,-1.699680223230E-11,4.7E0));
#29=LINE('',#28,#27);
#30=CARTESIAN_POINT('',(0.E0,0.E0,-6.688391738506E0));
#31=DIRECTION('',(0.E0,0.E0,-1.E0));
#32=DIRECTION('',(-1.E0,1.526656238785E-12,0.E0));
#33=AXIS2_PLACEMENT_3D('',#30,#31,#32);
#35=CARTESIAN_POINT('',(0.E0,0.E0,-6.688391738506E0));
#36=DIRECTION('',(0.E0,0.E0,-1.E0));
#37=DIRECTION('',(-9.998951184630E-1,1.448281995604E-2,0.E0));
#38=AXIS2_PLACEMENT_3D('',#35,#36,#37);
#40=CARTESIAN_POINT('',(0.E0,0.E0,-5.258378848434E0));
#41=DIRECTION('',(0.E0,0.E0,1.E0));
#42=DIRECTION('',(1.E0,-7.360457028735E-12,0.E0));
#43=AXIS2_PLACEMENT_3D('',#40,#41,#42);
#45=CARTESIAN_POINT('',(0.E0,0.E0,-5.258378848434E0));
#46=DIRECTION('',(0.E0,0.E0,1.E0));
#47=DIRECTION('',(-9.998951184630E-1,1.448281995604E-2,0.E0));
#48=AXIS2_PLACEMENT_3D('',#45,#46,#47);
#50=CARTESIAN_POINT('',(-6.7E0,7.899969567404E-11,-5.258378848434E0));
#51=DIRECTION('',(1.179100046766E-11,1.E0,0.E0));
#52=DIRECTION('',(1.E0,-1.179100046766E-11,0.E0));
#53=AXIS2_PLACEMENT_3D('',#50,#51,#52);
#55=DIRECTION('',(-7.150066690130E-1,-1.806091743660E-11,6.991176319239E-1));
#56=VECTOR('',#55,1.800230260817E0);
#57=CARTESIAN_POINT('',(6.588940920261E0,1.258487371094E-12,-7.946964455366E0));
#58=LINE('',#57,#56);
#59=DIRECTION('',(7.150066690130E-1,1.751498103452E-11,6.991176319239E-1));
#60=VECTOR('',#59,1.800230260817E0);
#61=CARTESIAN_POINT('',(-6.588940920261E0,3.771439966626E-12,
-7.946964455366E0));
#62=LINE('',#61,#60);
#63=CARTESIAN_POINT('',(0.E0,0.E0,-6.688391738506E0));
#64=DIRECTION('',(0.E0,0.E0,-1.E0));
#65=DIRECTION('',(1.E0,0.E0,0.E0));
#66=AXIS2_PLACEMENT_3D('',#63,#64,#65);
#68=CARTESIAN_POINT('',(0.E0,0.E0,-6.688391738506E0));
#69=DIRECTION('',(0.E0,0.E0,-1.E0));
#70=DIRECTION('',(9.998951184630E-1,-1.448281995604E-2,0.E0));
#71=AXIS2_PLACEMENT_3D('',#68,#69,#70);
#73=CARTESIAN_POINT('',(0.E0,0.E0,-5.258378848434E0));
#74=DIRECTION('',(0.E0,0.E0,1.E0));
#75=DIRECTION('',(-1.E0,0.E0,0.E0));
#76=AXIS2_PLACEMENT_3D('',#73,#74,#75);
#78=CARTESIAN_POINT('',(0.E0,0.E0,-5.258378848434E0));
#79=DIRECTION('',(0.E0,0.E0,1.E0));
#80=DIRECTION('',(9.998951184630E-1,-1.448281995604E-2,0.E0));
#81=AXIS2_PLACEMENT_3D('',#78,#79,#80);
#83=CARTESIAN_POINT('',(6.7E0,-7.899969567404E-11,-5.258378848434E0));
#84=DIRECTION('',(-1.179100046766E-11,-1.E0,0.E0));
#85=DIRECTION('',(-1.E0,1.179100046766E-11,0.E0));
#86=AXIS2_PLACEMENT_3D('',#83,#84,#85);
#88=DIRECTION('',(0.E0,-1.984073874069E-12,1.E0));
#89=VECTOR('',#88,1.051675769687E1);
#90=CARTESIAN_POINT('',(-4.7E0,2.770816198148E-11,-5.258378848434E0));
#91=LINE('',#90,#89);
#92=CARTESIAN_POINT('',(4.7E0,-1.699680223230E-11,4.7E0));
#93=CARTESIAN_POINT('',(4.7E0,-1.161464962718E-1,4.699999999999E0));
#94=CARTESIAN_POINT('',(4.691362182983E0,-3.493079572284E-1,4.691362182983E0));
#95=CARTESIAN_POINT('',(4.652284656830E0,-6.984767523917E-1,4.652284656830E0));
#96=CARTESIAN_POINT('',(4.586188980422E0,-1.048745495317E0,4.586188980422E0));
#97=CARTESIAN_POINT('',(4.491937660334E0,-1.399082516417E0,4.491937660334E0));
#98=CARTESIAN_POINT('',(4.367468046050E0,-1.750030703011E0,4.367468046050E0));
#99=CARTESIAN_POINT('',(4.211068123329E0,-2.099387857270E0,4.211068123329E0));
#100=CARTESIAN_POINT('',(4.019602571672E0,-2.446834282066E0,4.019602571672E0));
#101=CARTESIAN_POINT('',(3.791357807038E0,-2.788196720813E0,3.791357807038E0));
#102=CARTESIAN_POINT('',(3.523001105678E0,-3.121178777586E0,3.523001105678E0));
#103=CARTESIAN_POINT('',(3.213385704793E0,-3.439843887507E0,3.213385704793E0));
#104=CARTESIAN_POINT('',(2.860837933282E0,-3.738930128705E0,2.860837933282E0));
#105=CARTESIAN_POINT('',(2.465494831422E0,-4.011335475045E0,2.465494831422E0));
#106=CARTESIAN_POINT('',(2.029707439991E0,-4.249100913890E0,2.029707439991E0));
#107=CARTESIAN_POINT('',(1.557701250838E0,-4.444396505659E0,1.557701250838E0));
#108=CARTESIAN_POINT('',(1.055742758462E0,-4.589988081493E0,1.055742758462E0));
#109=CARTESIAN_POINT('',(5.334278360896E-1,-4.679685436736E0,
5.334278360896E-1));
#110=CARTESIAN_POINT('',(1.787859863550E-1,-4.7E0,1.787859863550E-1));
#111=CARTESIAN_POINT('',(0.E0,-4.7E0,0.E0));
#113=CARTESIAN_POINT('',(0.E0,0.E0,5.258378848434E0));
#114=DIRECTION('',(0.E0,0.E0,-1.E0));
#115=DIRECTION('',(1.E0,1.277752277569E-13,0.E0));
#116=AXIS2_PLACEMENT_3D('',#113,#114,#115);
#118=CARTESIAN_POINT('',(0.E0,0.E0,5.258378848434E0));
#119=DIRECTION('',(0.E0,0.E0,-1.E0));
#120=DIRECTION('',(9.999045473899E-1,-1.381651580232E-2,0.E0));
#121=AXIS2_PLACEMENT_3D('',#118,#119,#120);
#123=CARTESIAN_POINT('',(0.E0,0.E0,6.688391493916E0));
#124=DIRECTION('',(0.E0,0.E0,1.E0));
#125=DIRECTION('',(-1.E0,0.E0,0.E0));
#126=AXIS2_PLACEMENT_3D('',#123,#124,#125);
#128=CARTESIAN_POINT('',(0.E0,0.E0,6.688391493916E0));
#129=DIRECTION('',(0.E0,0.E0,1.E0));
#130=DIRECTION('',(9.999045473899E-1,-1.381651580232E-2,0.E0));
#131=AXIS2_PLACEMENT_3D('',#128,#129,#130);
#133=CARTESIAN_POINT('',(6.7E0,-1.950768713233E-11,5.258378848434E0));
#134=DIRECTION('',(-2.911596311272E-12,-1.E0,0.E0));
#135=DIRECTION('',(-6.991179860655E-1,2.035549349373E-12,7.150063227410E-1));
#136=AXIS2_PLACEMENT_3D('',#133,#134,#135);
#138=CARTESIAN_POINT('',(0.E0,0.E0,5.258378848434E0));
#139=DIRECTION('',(0.E0,0.E0,-1.E0));
#140=DIRECTION('',(-1.E0,0.E0,0.E0));
#141=AXIS2_PLACEMENT_3D('',#138,#139,#140);
#143=CARTESIAN_POINT('',(0.E0,0.E0,5.258378848434E0));
#144=DIRECTION('',(0.E0,0.E0,-1.E0));
#145=DIRECTION('',(-9.999045473899E-1,1.381651580233E-2,0.E0));
#146=AXIS2_PLACEMENT_3D('',#143,#144,#145);
#148=CARTESIAN_POINT('',(0.E0,0.E0,6.688391493916E0));
#149=DIRECTION('',(0.E0,0.E0,1.E0));
#150=DIRECTION('',(1.E0,2.030563897319E-14,0.E0));
#151=AXIS2_PLACEMENT_3D('',#148,#149,#150);
#153=CARTESIAN_POINT('',(0.E0,0.E0,6.688391493916E0));
#154=DIRECTION('',(0.E0,0.E0,1.E0));
#155=DIRECTION('',(-9.999045473899E-1,1.381651580233E-2,0.E0));
#156=AXIS2_PLACEMENT_3D('',#153,#154,#155);
#158=CARTESIAN_POINT('',(-6.7E0,1.950924144456E-11,5.258378848434E0));
#159=DIRECTION('',(2.911825294771E-12,1.E0,0.E0));
#160=DIRECTION('',(6.991179860655E-1,-2.035709435855E-12,7.150063227410E-1));
#161=AXIS2_PLACEMENT_3D('',#158,#159,#160);
#163=DIRECTION('',(7.150066690130E-1,4.538967707661E-12,6.991176319239E-1));
#164=VECTOR('',#163,1.800230584042E0);
#165=CARTESIAN_POINT('',(5.301764027869E0,-7.664022810977E-12,
6.688391493916E0));
#166=LINE('',#165,#164);
#167=DIRECTION('',(-7.150066690130E-1,-4.531662665264E-12,6.991176319239E-1));
#168=VECTOR('',#167,1.800230584042E0);
#169=CARTESIAN_POINT('',(-5.301764027869E0,7.718171834083E-12,
6.688391493916E0));
#170=LINE('',#169,#168);
#171=CARTESIAN_POINT('',(0.E0,0.E0,7.946964436749E0));
#172=DIRECTION('',(0.E0,0.E0,-1.E0));
#173=DIRECTION('',(1.E0,2.030563897319E-14,0.E0));
#174=AXIS2_PLACEMENT_3D('',#171,#172,#173);
#176=CARTESIAN_POINT('',(0.E0,0.E0,7.946964436749E0));
#177=DIRECTION('',(0.E0,0.E0,-1.E0));
#178=DIRECTION('',(-9.999171360249E-1,-1.287327013027E-2,0.E0));
#179=AXIS2_PLACEMENT_3D('',#176,#177,#178);
#181=CARTESIAN_POINT('',(0.E0,0.E0,8.804972690940E0));
#182=DIRECTION('',(0.E0,0.E0,1.E0));
#183=DIRECTION('',(-1.E0,0.E0,0.E0));
#184=AXIS2_PLACEMENT_3D('',#181,#182,#183);
#186=CARTESIAN_POINT('',(0.E0,0.E0,8.804972690940E0));
#187=DIRECTION('',(0.E0,0.E0,1.E0));
#188=DIRECTION('',(-9.999171360249E-1,-1.287327013027E-2,0.E0));
#189=AXIS2_PLACEMENT_3D('',#186,#187,#188);
#191=CARTESIAN_POINT('',(5.75E0,7.668032875330E-13,8.804972690940E0));
#192=DIRECTION('',(-1.333568672157E-13,1.E0,0.E0));
#193=DIRECTION('',(1.E0,1.333568672157E-13,0.E0));
#194=AXIS2_PLACEMENT_3D('',#191,#192,#193);
#196=CARTESIAN_POINT('',(0.E0,0.E0,7.946964436749E0));
#197=DIRECTION('',(0.E0,0.E0,-1.E0));
#198=DIRECTION('',(-1.E0,0.E0,0.E0));
#199=AXIS2_PLACEMENT_3D('',#196,#197,#198);
#201=CARTESIAN_POINT('',(0.E0,0.E0,7.946964436749E0));
#202=DIRECTION('',(0.E0,0.E0,-1.E0));
#203=DIRECTION('',(9.999171360249E-1,1.287327013027E-2,0.E0));
#204=AXIS2_PLACEMENT_3D('',#201,#202,#203);
#206=CARTESIAN_POINT('',(0.E0,0.E0,8.804972690940E0));
#207=DIRECTION('',(0.E0,0.E0,1.E0));
#208=DIRECTION('',(1.E0,1.086793917334E-13,0.E0));
#209=AXIS2_PLACEMENT_3D('',#206,#207,#208);
#211=CARTESIAN_POINT('',(0.E0,0.E0,8.804972690940E0));
#212=DIRECTION('',(0.E0,0.E0,1.E0));
#213=DIRECTION('',(9.999171360249E-1,1.287327013027E-2,0.E0));
#214=AXIS2_PLACEMENT_3D('',#211,#212,#213);
#216=CARTESIAN_POINT('',(-5.75E0,-7.668032875330E-13,8.804972690940E0));
#217=DIRECTION('',(1.333568672157E-13,-1.E0,0.E0));
#218=DIRECTION('',(-1.E0,-1.333568672157E-13,0.E0));
#219=AXIS2_PLACEMENT_3D('',#216,#217,#218);
#221=DIRECTION('',(0.E0,-4.126236814342E-11,1.E0));
#222=VECTOR('',#221,2.365590380726E0);
#223=CARTESIAN_POINT('',(6.95E0,8.420602385802E-13,8.804972638144E0));
#224=LINE('',#223,#222);
#225=DIRECTION('',(0.E0,4.126236814342E-11,1.E0));
#226=VECTOR('',#225,2.365590380726E0);
#227=CARTESIAN_POINT('',(-6.95E0,-4.639737875441E-13,8.804972638144E0));
#228=LINE('',#227,#226);
#229=CARTESIAN_POINT('',(0.E0,0.E0,1.117056301887E1));
#230=DIRECTION('',(0.E0,0.E0,-1.E0));
#231=DIRECTION('',(1.E0,1.086793917334E-13,0.E0));
#232=AXIS2_PLACEMENT_3D('',#229,#230,#231);
#234=CARTESIAN_POINT('',(0.E0,0.E0,1.117056301887E1));
#235=DIRECTION('',(0.E0,0.E0,-1.E0));
#236=DIRECTION('',(9.999427283793E-1,-1.070233438609E-2,0.E0));
#237=AXIS2_PLACEMENT_3D('',#234,#235,#236);
#239=CARTESIAN_POINT('',(0.E0,0.E0,1.159456214244E1));
#240=DIRECTION('',(0.E0,0.E0,1.E0));
#241=DIRECTION('',(-1.E0,0.E0,0.E0));
#242=AXIS2_PLACEMENT_3D('',#239,#240,#241);
#244=CARTESIAN_POINT('',(0.E0,0.E0,1.159456214244E1));
#245=DIRECTION('',(0.E0,0.E0,1.E0));
#246=DIRECTION('',(9.999427283793E-1,-1.070233438609E-2,0.E0));
#247=AXIS2_PLACEMENT_3D('',#244,#245,#246);
#249=CARTESIAN_POINT('',(7.75E0,-2.166575391316E-10,1.117056301887E1));
#250=DIRECTION('',(-2.795581127701E-11,-1.E0,0.E0));
#251=DIRECTION('',(-8.479983262179E-1,2.370648117097E-11,5.299989044627E-1));
#252=AXIS2_PLACEMENT_3D('',#249,#250,#251);
#254=CARTESIAN_POINT('',(0.E0,0.E0,1.117056301887E1));
#255=DIRECTION('',(0.E0,0.E0,-1.E0));
#256=DIRECTION('',(-1.E0,0.E0,0.E0));
#257=AXIS2_PLACEMENT_3D('',#254,#255,#256);
#259=CARTESIAN_POINT('',(0.E0,0.E0,1.117056301887E1));
#260=DIRECTION('',(0.E0,0.E0,-1.E0));
#261=DIRECTION('',(-9.999427283793E-1,1.070233438609E-2,0.E0));
#262=AXIS2_PLACEMENT_3D('',#259,#260,#261);
#264=CARTESIAN_POINT('',(0.E0,0.E0,1.159456214244E1));
#265=DIRECTION('',(0.E0,0.E0,1.E0));
#266=DIRECTION('',(1.E0,7.181998731580E-14,0.E0));
#267=AXIS2_PLACEMENT_3D('',#264,#265,#266);
#269=CARTESIAN_POINT('',(0.E0,0.E0,1.159456214244E1));
#270=DIRECTION('',(0.E0,0.E0,1.E0));
#271=DIRECTION('',(-9.999427283793E-1,1.070233438609E-2,0.E0));
#272=AXIS2_PLACEMENT_3D('',#269,#270,#271);
#274=CARTESIAN_POINT('',(-7.75E0,2.166575391316E-10,1.117056301887E1));
#275=DIRECTION('',(2.795581127701E-11,1.E0,0.E0));
#276=DIRECTION('',(8.479983262179E-1,-2.370648117097E-11,5.299989044627E-1));
#277=AXIS2_PLACEMENT_3D('',#274,#275,#276);
#279=DIRECTION('',(5.299989400020E-1,1.629758944734E-10,8.479983040058E-1));
#280=VECTOR('',#279,1.042262094858E0);
#281=CARTESIAN_POINT('',(7.071601339026E0,-9.859123047182E-11,
1.159456214244E1));
#282=LINE('',#281,#280);
#283=DIRECTION('',(-5.299989400020E-1,-1.629592630900E-10,8.479983040058E-1));
#284=VECTOR('',#283,1.042262094858E0);
#285=CARTESIAN_POINT('',(-7.071601339026E0,9.884560464175E-11,
1.159456214244E1));
#286=LINE('',#285,#284);
#287=CARTESIAN_POINT('',(0.E0,0.E0,1.247839863121E1));
#288=DIRECTION('',(0.E0,0.E0,-1.E0));
#289=DIRECTION('',(1.E0,7.181998731580E-14,0.E0));
#290=AXIS2_PLACEMENT_3D('',#287,#288,#289);
#292=CARTESIAN_POINT('',(0.E0,0.E0,1.247839863121E1));
#293=DIRECTION('',(0.E0,0.E0,-1.E0));
#294=DIRECTION('',(-9.999475983973E-1,-1.023720955113E-2,0.E0));
#295=AXIS2_PLACEMENT_3D('',#292,#293,#294);
#297=CARTESIAN_POINT('',(0.E0,0.E0,1.274339811321E1));
#298=DIRECTION('',(0.E0,0.E0,1.E0));
#299=DIRECTION('',(-1.E0,0.E0,0.E0));
#300=AXIS2_PLACEMENT_3D('',#297,#298,#299);
#302=CARTESIAN_POINT('',(0.E0,0.E0,1.274339811321E1));
#303=DIRECTION('',(0.E0,0.E0,1.E0));
#304=DIRECTION('',(-9.999475983973E-1,-1.023720955113E-2,0.E0));
#305=AXIS2_PLACEMENT_3D('',#302,#303,#304);
#307=CARTESIAN_POINT('',(7.2E0,1.341029370883E-10,1.274339811321E1));
#308=DIRECTION('',(-1.862540677244E-11,1.E0,0.E0));
#309=DIRECTION('',(1.E0,1.862540677244E-11,0.E0));
#310=AXIS2_PLACEMENT_3D('',#307,#308,#309);
#312=CARTESIAN_POINT('',(0.E0,0.E0,1.247839863121E1));
#313=DIRECTION('',(0.E0,0.E0,-1.E0));
#314=DIRECTION('',(-1.E0,0.E0,0.E0));
#315=AXIS2_PLACEMENT_3D('',#312,#313,#314);
#317=CARTESIAN_POINT('',(0.E0,0.E0,1.247839863121E1));
#318=DIRECTION('',(0.E0,0.E0,-1.E0));
#319=DIRECTION('',(9.999475983973E-1,1.023720955113E-2,0.E0));
#320=AXIS2_PLACEMENT_3D('',#317,#318,#319);
#322=CARTESIAN_POINT('',(0.E0,0.E0,1.274339811321E1));
#323=DIRECTION('',(0.E0,0.E0,1.E0));
#324=DIRECTION('',(1.E0,6.361899555632E-12,0.E0));
#325=AXIS2_PLACEMENT_3D('',#322,#323,#324);
#327=CARTESIAN_POINT('',(0.E0,0.E0,1.274339811321E1));
#328=DIRECTION('',(0.E0,0.E0,1.E0));
#329=DIRECTION('',(9.999475983973E-1,1.023720955113E-2,0.E0));
#330=AXIS2_PLACEMENT_3D('',#327,#328,#329);
#332=CARTESIAN_POINT('',(-7.2E0,-1.341029370883E-10,1.274339811321E1));
#333=DIRECTION('',(1.862540677244E-11,-1.E0,0.E0));
#334=DIRECTION('',(-1.E0,-1.862540677244E-11,0.E0));
#335=AXIS2_PLACEMENT_3D('',#332,#333,#334);
#337=DIRECTION('',(0.E0,-7.417904655093E-11,1.E0));
#338=VECTOR('',#337,8.566018893900E-1);
#339=CARTESIAN_POINT('',(7.7E0,9.619966248092E-11,1.274339811061E1));
#340=LINE('',#339,#338);
#341=DIRECTION('',(0.E0,8.371341483361E-11,1.E0));
#342=VECTOR('',#341,8.566018893900E-1);
#343=CARTESIAN_POINT('',(-7.7E0,-7.170844162402E-11,1.274339811061E1));
#344=LINE('',#343,#342);
#345=CARTESIAN_POINT('',(0.E0,0.E0,1.36E1));
#346=DIRECTION('',(0.E0,0.E0,-1.E0));
#347=DIRECTION('',(1.E0,0.E0,0.E0));
#348=AXIS2_PLACEMENT_3D('',#345,#346,#347);
#350=CARTESIAN_POINT('',(0.E0,0.E0,1.36E1));
#351=DIRECTION('',(0.E0,0.E0,-1.E0));
#352=DIRECTION('',(-1.E0,0.E0,0.E0));
#353=AXIS2_PLACEMENT_3D('',#350,#351,#352);
#355=CARTESIAN_POINT('',(0.E0,0.E0,1.36E1));
#356=DIRECTION('',(0.E0,0.E0,1.E0));
#357=DIRECTION('',(1.E0,0.E0,0.E0));
#358=AXIS2_PLACEMENT_3D('',#355,#356,#357);
#360=CARTESIAN_POINT('',(0.E0,0.E0,1.36E1));
#361=DIRECTION('',(0.E0,0.E0,1.E0));
#362=DIRECTION('',(-1.E0,0.E0,0.E0));
#363=AXIS2_PLACEMENT_3D('',#360,#361,#362);
#365=DIRECTION('',(0.E0,0.E0,1.E0));
#366=VECTOR('',#365,2.2E0);
#367=CARTESIAN_POINT('',(6.35E0,0.E0,1.36E1));
#368=LINE('',#367,#366);
#369=DIRECTION('',(0.E0,0.E0,1.E0));
#370=VECTOR('',#369,2.2E0);
#371=CARTESIAN_POINT('',(-6.35E0,0.E0,1.36E1));
#372=LINE('',#371,#370);
#373=CARTESIAN_POINT('',(0.E0,0.E0,1.58E1));
#374=DIRECTION('',(0.E0,0.E0,1.E0));
#375=DIRECTION('',(1.E0,0.E0,0.E0));
#376=AXIS2_PLACEMENT_3D('',#373,#374,#375);
#378=CARTESIAN_POINT('',(0.E0,0.E0,1.58E1));
#379=DIRECTION('',(0.E0,0.E0,1.E0));
#380=DIRECTION('',(-1.E0,0.E0,0.E0));
#381=AXIS2_PLACEMENT_3D('',#378,#379,#380);
#383=CARTESIAN_POINT('',(0.E0,0.E0,1.58E1));
#384=DIRECTION('',(0.E0,0.E0,-1.E0));
#385=DIRECTION('',(1.E0,0.E0,0.E0));
#386=AXIS2_PLACEMENT_3D('',#383,#384,#385);
#388=CARTESIAN_POINT('',(0.E0,0.E0,1.58E1));
#389=DIRECTION('',(0.E0,0.E0,-1.E0));
#390=DIRECTION('',(-1.E0,0.E0,0.E0));
#391=AXIS2_PLACEMENT_3D('',#388,#389,#390);
#393=DIRECTION('',(-2.109423746788E-14,0.E0,1.E0));
#394=VECTOR('',#393,8.E-1);
#395=CARTESIAN_POINT('',(6.85E0,0.E0,1.58E1));
#396=LINE('',#395,#394);
#397=DIRECTION('',(2.109423746788E-14,0.E0,1.E0));
#398=VECTOR('',#397,8.E-1);
#399=CARTESIAN_POINT('',(-6.85E0,0.E0,1.58E1));
#400=LINE('',#399,#398);
#401=CARTESIAN_POINT('',(0.E0,0.E0,1.66E1));
#402=DIRECTION('',(0.E0,0.E0,-1.E0));
#403=DIRECTION('',(1.E0,0.E0,0.E0));
#404=AXIS2_PLACEMENT_3D('',#401,#402,#403);
#406=DIRECTION('',(3.511234415884E-1,0.E0,9.363291775691E-1));
#407=VECTOR('',#406,1.281600561798E0);
#408=CARTESIAN_POINT('',(-6.85E0,0.E0,1.66E1));
#409=LINE('',#408,#407);
#410=CARTESIAN_POINT('',(0.E0,0.E0,1.78E1));
#411=DIRECTION('',(0.E0,0.E0,1.E0));
#412=DIRECTION('',(-1.E0,0.E0,0.E0));
#413=AXIS2_PLACEMENT_3D('',#410,#411,#412);
#415=DIRECTION('',(-3.511234415884E-1,-1.729784928045E-13,9.363291775691E-1));
#416=VECTOR('',#415,1.281600561798E0);
#417=CARTESIAN_POINT('',(6.85E0,0.E0,1.66E1));
#418=LINE('',#417,#416);
#419=CARTESIAN_POINT('',(0.E0,0.E0,1.78E1));
#420=DIRECTION('',(0.E0,0.E0,1.E0));
#421=DIRECTION('',(1.E0,-6.940038141652E-14,0.E0));
#422=AXIS2_PLACEMENT_3D('',#419,#420,#421);
#424=CARTESIAN_POINT('',(0.E0,0.E0,1.66E1));
#425=DIRECTION('',(0.E0,0.E0,-1.E0));
#426=DIRECTION('',(-1.E0,0.E0,0.E0));
#427=AXIS2_PLACEMENT_3D('',#424,#425,#426);
#429=DIRECTION('',(-1.044915787883E-14,1.104487017831E-11,1.E0));
#430=VECTOR('',#429,1.7E0);
#431=CARTESIAN_POINT('',(6.4E0,-2.216893335572E-13,1.78E1));
#432=LINE('',#431,#430);
#433=CARTESIAN_POINT('',(0.E0,0.E0,1.95E1));
#434=DIRECTION('',(0.E0,0.E0,-1.E0));
#435=DIRECTION('',(-1.E0,0.E0,0.E0));
#436=AXIS2_PLACEMENT_3D('',#433,#434,#435);
#438=CARTESIAN_POINT('',(0.E0,0.E0,1.95E1));
#439=DIRECTION('',(0.E0,0.E0,-1.E0));
#440=DIRECTION('',(9.999313566130E-1,1.171674280850E-2,0.E0));
#441=AXIS2_PLACEMENT_3D('',#438,#439,#440);
#443=CARTESIAN_POINT('',(-6.2E0,-3.638768453218E-11,1.95E1));
#444=DIRECTION('',(5.868980648693E-12,-1.E0,0.E0));
#445=DIRECTION('',(-3.023500116939E-8,0.E0,1.E0));
#446=AXIS2_PLACEMENT_3D('',#443,#444,#445);
#448=CARTESIAN_POINT('',(0.E0,0.E0,1.95E1));
#449=DIRECTION('',(0.E0,0.E0,-1.E0));
#450=DIRECTION('',(1.E0,-6.940038141652E-14,0.E0));
#451=AXIS2_PLACEMENT_3D('',#448,#449,#450);
#453=CARTESIAN_POINT('',(0.E0,0.E0,1.95E1));
#454=DIRECTION('',(0.E0,0.E0,-1.E0));
#455=DIRECTION('',(-9.999313566130E-1,-1.171674280850E-2,0.E0));
#456=AXIS2_PLACEMENT_3D('',#453,#454,#455);
#458=CARTESIAN_POINT('',(6.2E0,3.638217505042E-11,1.95E1));
#459=DIRECTION('',(-5.868092470274E-12,1.E0,0.E0));
#460=DIRECTION('',(3.023500116939E-8,0.E0,1.E0));
#461=AXIS2_PLACEMENT_3D('',#458,#459,#460);
#463=DIRECTION('',(1.044915787883E-14,-1.104737430267E-11,1.E0));
#464=VECTOR('',#463,1.7E0);
#465=CARTESIAN_POINT('',(-6.4E0,0.E0,1.78E1));
#466=LINE('',#465,#464);
#467=CARTESIAN_POINT('',(0.E0,0.E0,1.97E1));
#468=DIRECTION('',(0.E0,0.E0,-1.E0));
#469=DIRECTION('',(1.E0,0.E0,0.E0));
#470=AXIS2_PLACEMENT_3D('',#467,#468,#469);
#472=CARTESIAN_POINT('',(0.E0,0.E0,1.97E1));
#473=DIRECTION('',(0.E0,0.E0,-1.E0));
#474=DIRECTION('',(-1.E0,0.E0,0.E0));
#475=AXIS2_PLACEMENT_3D('',#472,#473,#474);
#477=CARTESIAN_POINT('',(0.E0,0.E0,1.97E1));
#478=DIRECTION('',(0.E0,0.E0,1.E0));
#479=DIRECTION('',(1.E0,0.E0,0.E0));
#480=AXIS2_PLACEMENT_3D('',#477,#478,#479);
#482=CARTESIAN_POINT('',(0.E0,0.E0,1.97E1));
#483=DIRECTION('',(0.E0,0.E0,1.E0));
#484=DIRECTION('',(-1.E0,0.E0,0.E0));
#485=AXIS2_PLACEMENT_3D('',#482,#483,#484);
#487=DIRECTION('',(2.329372555373E-13,-2.858035678594E-10,1.E0));
#488=VECTOR('',#487,3.099929436150E0);
#489=CARTESIAN_POINT('',(-5.700000000001E0,8.859714749988E-10,
1.660007056385E1));
#490=LINE('',#489,#488);
#491=CARTESIAN_POINT('',(-1.648548720346E-14,0.E0,1.580001742348E1));
#492=DIRECTION('',(0.E0,0.E0,1.E0));
#493=DIRECTION('',(1.E0,-1.554286813769E-10,0.E0));
#494=AXIS2_PLACEMENT_3D('',#491,#492,#493);
#496=CARTESIAN_POINT('',(-1.648548720346E-14,0.E0,1.580001742348E1));
#497=DIRECTION('',(0.E0,0.E0,1.E0));
#498=DIRECTION('',(0.E0,1.E0,0.E0));
#499=AXIS2_PLACEMENT_3D('',#496,#497,#498);
#501=CARTESIAN_POINT('',(-1.648548720346E-14,0.E0,1.660007056385E1));
#502=DIRECTION('',(0.E0,0.E0,-1.E0));
#503=DIRECTION('',(-1.E0,0.E0,0.E0));
#504=AXIS2_PLACEMENT_3D('',#501,#502,#503);
#506=CARTESIAN_POINT('',(-1.648548720346E-14,0.E0,1.660007056385E1));
#507=DIRECTION('',(0.E0,0.E0,-1.E0));
#508=DIRECTION('',(0.E0,1.E0,0.E0));
#509=AXIS2_PLACEMENT_3D('',#506,#507,#508);
#511=DIRECTION('',(-3.511111665107E-1,8.187686801489E-11,-9.363337806314E-1));
#512=VECTOR('',#511,8.544566394833E-1);
#513=CARTESIAN_POINT('',(5.700000000001E0,-1.328955579952E-9,1.660007056385E1));
#514=LINE('',#513,#512);
#515=DIRECTION('',(1.425754033061E-6,1.291285505093E-10,9.999999999990E-1));
#516=VECTOR('',#515,6.500013948223E0);
#517=CARTESIAN_POINT('',(-5.4E0,0.E0,9.3E0));
#518=LINE('',#517,#516);
#519=DIRECTION('',(-1.425754034154E-6,-1.291284565612E-10,9.999999999990E-1));
#520=VECTOR('',#519,6.500013948223E0);
#521=CARTESIAN_POINT('',(5.4E0,-4.196585776963E-10,9.3E0));
#522=LINE('',#521,#520);
#523=CARTESIAN_POINT('',(0.E0,2.520206265899E-14,1.580001742348E1));
#524=DIRECTION('',(0.E0,0.E0,1.E0));
#525=DIRECTION('',(-1.E0,0.E0,0.E0));
#526=AXIS2_PLACEMENT_3D('',#523,#524,#525);
#528=CARTESIAN_POINT('',(0.E0,2.520206265899E-14,1.580001742348E1));
#529=DIRECTION('',(0.E0,0.E0,1.E0));
#530=DIRECTION('',(0.E0,-1.E0,0.E0));
#531=AXIS2_PLACEMENT_3D('',#528,#529,#530);
#533=CARTESIAN_POINT('',(0.E0,2.520206265899E-14,1.660007056385E1));
#534=DIRECTION('',(0.E0,0.E0,-1.E0));
#535=DIRECTION('',(1.E0,-1.554375436835E-10,0.E0));
#536=AXIS2_PLACEMENT_3D('',#533,#534,#535);
#538=CARTESIAN_POINT('',(0.E0,2.520206265899E-14,1.660007056385E1));
#539=DIRECTION('',(0.E0,0.E0,-1.E0));
#540=DIRECTION('',(0.E0,-1.E0,0.E0));
#541=AXIS2_PLACEMENT_3D('',#538,#539,#540);
#543=DIRECTION('',(3.511111665107E-1,-5.457576755366E-11,-9.363337806314E-1));
#544=VECTOR('',#543,8.544566394833E-1);
#545=CARTESIAN_POINT('',(-5.700000000001E0,8.859714749988E-10,
1.660007056385E1));
#546=LINE('',#545,#544);
#547=DIRECTION('',(-2.303586143321E-13,2.381698080128E-10,1.E0));
#548=VECTOR('',#547,3.099929436150E0);
#549=CARTESIAN_POINT('',(5.700000000001E0,-1.328955579952E-9,1.660007056385E1));
#550=LINE('',#549,#548);
#551=CARTESIAN_POINT('',(0.E0,0.E0,9.E0));
#552=DIRECTION('',(0.E0,0.E0,1.E0));
#553=DIRECTION('',(-1.E0,0.E0,0.E0));
#554=AXIS2_PLACEMENT_3D('',#551,#552,#553);
#556=CARTESIAN_POINT('',(0.E0,0.E0,9.3E0));
#557=DIRECTION('',(0.E0,0.E0,-1.E0));
#558=DIRECTION('',(1.E0,-1.554286813769E-10,0.E0));
#559=AXIS2_PLACEMENT_3D('',#556,#557,#558);
#561=CARTESIAN_POINT('',(0.E0,0.E0,9.3E0));
#562=DIRECTION('',(0.E0,0.E0,-1.E0));
#563=DIRECTION('',(-9.997895471117E-1,-2.051490887604E-2,0.E0));
#564=AXIS2_PLACEMENT_3D('',#561,#562,#563);
#566=CARTESIAN_POINT('',(-5.1E0,0.E0,9.3E0));
#567=DIRECTION('',(0.E0,-1.E0,0.E0));
#568=DIRECTION('',(-1.E0,0.E0,0.E0));
#569=AXIS2_PLACEMENT_3D('',#566,#567,#568);
#571=CARTESIAN_POINT('',(0.E0,0.E0,9.E0));
#572=DIRECTION('',(0.E0,0.E0,-1.E0));
#573=DIRECTION('',(1.E0,0.E0,0.E0));
#574=AXIS2_PLACEMENT_3D('',#571,#572,#573);
#576=CARTESIAN_POINT('',(0.E0,0.E0,9.E0));
#577=DIRECTION('',(0.E0,0.E0,-1.E0));
#578=DIRECTION('',(-1.E0,0.E0,0.E0));
#579=AXIS2_PLACEMENT_3D('',#576,#577,#578);
#581=CARTESIAN_POINT('',(-1.017249397483E-14,0.E0,9.000031124114E0));
#582=DIRECTION('',(0.E0,0.E0,1.E0));
#583=DIRECTION('',(-1.E0,-1.451693818202E-14,0.E0));
#584=AXIS2_PLACEMENT_3D('',#581,#582,#583);
#586=CARTESIAN_POINT('',(-1.017249397483E-14,0.E0,9.000031124114E0));
#587=DIRECTION('',(0.E0,0.E0,1.E0));
#588=DIRECTION('',(0.E0,-1.E0,0.E0));
#589=AXIS2_PLACEMENT_3D('',#586,#587,#588);
#591=CARTESIAN_POINT('',(0.E0,0.E0,9.000031124114E0));
#592=DIRECTION('',(0.E0,0.E0,1.E0));
#593=DIRECTION('',(1.E0,1.451693818202E-14,0.E0));
#594=AXIS2_PLACEMENT_3D('',#591,#592,#593);
#596=CARTESIAN_POINT('',(0.E0,0.E0,9.000031124114E0));
#597=DIRECTION('',(0.E0,0.E0,1.E0));
#598=DIRECTION('',(0.E0,1.E0,0.E0));
#599=AXIS2_PLACEMENT_3D('',#596,#597,#598);
#601=CARTESIAN_POINT('',(0.E0,0.E0,9.E0));
#602=DIRECTION('',(0.E0,0.E0,1.E0));
#603=DIRECTION('',(1.E0,0.E0,0.E0));
#604=AXIS2_PLACEMENT_3D('',#601,#602,#603);
#606=CARTESIAN_POINT('',(0.E0,0.E0,9.3E0));
#607=DIRECTION('',(0.E0,0.E0,-1.E0));
#608=DIRECTION('',(-1.E0,0.E0,0.E0));
#609=AXIS2_PLACEMENT_3D('',#606,#607,#608);
#611=CARTESIAN_POINT('',(0.E0,0.E0,9.3E0));
#612=DIRECTION('',(0.E0,0.E0,-1.E0));
#613=DIRECTION('',(9.997895471117E-1,2.051490887604E-2,0.E0));
#614=AXIS2_PLACEMENT_3D('',#611,#612,#613);
#616=CARTESIAN_POINT('',(5.1E0,0.E0,9.3E0));
#617=DIRECTION('',(0.E0,1.E0,0.E0));
#618=DIRECTION('',(1.E0,0.E0,0.E0));
#619=AXIS2_PLACEMENT_3D('',#616,#617,#618);
#621=CARTESIAN_POINT('',(-1.017249397483E-14,0.E0,8.700034629895E0));
#622=DIRECTION('',(0.E0,0.E0,1.E0));
#623=DIRECTION('',(-1.E0,0.E0,0.E0));
#624=AXIS2_PLACEMENT_3D('',#621,#622,#623);
#626=CARTESIAN_POINT('',(-1.017249397483E-14,0.E0,8.700034629895E0));
#627=DIRECTION('',(0.E0,0.E0,1.E0));
#628=DIRECTION('',(0.E0,-1.E0,0.E0));
#629=AXIS2_PLACEMENT_3D('',#626,#627,#628);
#631=DIRECTION('',(7.070786211881E-1,-2.036939361789E-11,-7.071349400636E-1));
#632=VECTOR('',#631,4.242476579542E-1);
#633=CARTESIAN_POINT('',(-3.549962226087E0,2.761404514846E-11,
9.000020749410E0));
#634=LINE('',#633,#632);
#635=DIRECTION('',(-3.555717136276E-6,-4.069231457606E-12,9.999999999937E-1));
#636=VECTOR('',#635,4.000020407255E0);
#637=CARTESIAN_POINT('',(3.25E0,-1.078067893899E-11,4.7E0));
#638=LINE('',#637,#636);
#639=DIRECTION('',(3.555717135388E-6,4.743003950697E-12,9.999999999937E-1));
#640=VECTOR('',#639,4.000020407255E0);
#641=CARTESIAN_POINT('',(-3.25E0,0.E0,4.7E0));
#642=LINE('',#641,#640);
#643=CARTESIAN_POINT('',(0.E0,0.E0,8.700034629895E0));
#644=DIRECTION('',(0.E0,0.E0,1.E0));
#645=DIRECTION('',(1.E0,-4.975697971840E-12,0.E0));
#646=AXIS2_PLACEMENT_3D('',#643,#644,#645);
#648=CARTESIAN_POINT('',(0.E0,0.E0,8.700034629895E0));
#649=DIRECTION('',(0.E0,0.E0,1.E0));
#650=DIRECTION('',(0.E0,1.E0,0.E0));
#651=AXIS2_PLACEMENT_3D('',#648,#649,#650);
#653=DIRECTION('',(-7.070786211881E-1,1.311397545206E-12,-7.071349400636E-1));
#654=VECTOR('',#653,4.242476579542E-1);
#655=CARTESIAN_POINT('',(3.549962226087E0,-2.761404514846E-11,
9.000020749410E0));
#656=LINE('',#655,#654);
#657=CARTESIAN_POINT('',(0.E0,0.E0,4.7E0));
#658=DIRECTION('',(0.E0,0.E0,-1.E0));
#659=DIRECTION('',(-1.E0,0.E0,0.E0));
#660=AXIS2_PLACEMENT_3D('',#657,#658,#659);
#662=CARTESIAN_POINT('',(0.E0,0.E0,4.7E0));
#663=DIRECTION('',(0.E0,0.E0,-1.E0));
#664=DIRECTION('',(1.E0,0.E0,0.E0));
#665=AXIS2_PLACEMENT_3D('',#662,#663,#664);
#667=CARTESIAN_POINT('',(0.E0,0.E0,4.7E0));
#668=DIRECTION('',(0.E0,0.E0,1.E0));
#669=DIRECTION('',(-1.E0,0.E0,0.E0));
#670=AXIS2_PLACEMENT_3D('',#667,#668,#669);
#672=CARTESIAN_POINT('',(0.E0,0.E0,4.7E0));
#673=DIRECTION('',(0.E0,0.E0,1.E0));
#674=DIRECTION('',(1.E0,0.E0,0.E0));
#675=AXIS2_PLACEMENT_3D('',#672,#673,#674);
#677=CARTESIAN_POINT('',(2.25E0,0.E0,-2.25E0));
#678=CARTESIAN_POINT('',(2.25E0,-6.764431612974E-2,-2.25E0));
#679=CARTESIAN_POINT('',(2.243871760597E0,-2.036747701945E-1,
-2.243871760597E0));
#680=CARTESIAN_POINT('',(2.216067097165E0,-4.072445307655E-1,
-2.216067097165E0));
#681=CARTESIAN_POINT('',(2.168746572607E0,-6.115809283842E-1,
-2.168746572607E0));
#682=CARTESIAN_POINT('',(2.100733453051E0,-8.156925378326E-1,
-2.100733453051E0));
#683=CARTESIAN_POINT('',(2.010104197119E0,-1.019389486962E0,-2.010104197119E0));
#684=CARTESIAN_POINT('',(1.895042972217E0,-1.220672389315E0,-1.895042972217E0));
#685=CARTESIAN_POINT('',(1.752962593165E0,-1.417820973383E0,-1.752962593165E0));
#686=CARTESIAN_POINT('',(1.582310261175E0,-1.606667588742E0,-1.582310261175E0));
#687=CARTESIAN_POINT('',(1.381836205448E0,-1.782655177452E0,-1.381836205448E0));
#688=CARTESIAN_POINT('',(1.151249103076E0,-1.940139389288E0,-1.151249103076E0));
#689=CARTESIAN_POINT('',(8.927672369271E-1,-2.072341743746E0,
-8.927672369271E-1));
#690=CARTESIAN_POINT('',(6.094836651954E-1,-2.172988967775E0,
-6.094836651954E-1));
#691=CARTESIAN_POINT('',(3.094639945858E-1,-2.235671318832E0,
-3.094639945858E-1));
#692=CARTESIAN_POINT('',(1.039707857538E-1,-2.25E0,-1.039707857538E-1));
#693=CARTESIAN_POINT('',(0.E0,-2.25E0,0.E0));
#695=DIRECTION('',(0.E0,0.E0,1.E0));
#696=VECTOR('',#695,2.45E0);
#697=CARTESIAN_POINT('',(2.25E0,0.E0,2.25E0));
#698=LINE('',#697,#696);
#699=DIRECTION('',(0.E0,0.E0,1.E0));
#700=VECTOR('',#699,2.45E0);
#701=CARTESIAN_POINT('',(2.25E0,0.E0,-4.7E0));
#702=LINE('',#701,#700);
#703=DIRECTION('',(1.E0,0.E0,0.E0));
#704=VECTOR('',#703,2.65E0);
#705=CARTESIAN_POINT('',(2.25E0,0.E0,-2.25E0));
#706=LINE('',#705,#704);
#707=CARTESIAN_POINT('',(2.25E0,0.E0,2.25E0));
#708=CARTESIAN_POINT('',(2.25E0,-6.764950023280E-2,2.25E0));
#709=CARTESIAN_POINT('',(2.243871307506E0,-2.036880096745E-1,2.243871307506E0));
#710=CARTESIAN_POINT('',(2.216060624384E0,-4.072791060600E-1,2.216060624384E0));
#711=CARTESIAN_POINT('',(2.168742210543E0,-6.115961759313E-1,2.168742210543E0));
#712=CARTESIAN_POINT('',(2.100722148347E0,-8.157216941716E-1,2.100722148347E0));
#713=CARTESIAN_POINT('',(2.010098635795E0,-1.019399382046E0,2.010098635795E0));
#714=CARTESIAN_POINT('',(1.895035737826E0,-1.220683942297E0,1.895035737826E0));
#715=CARTESIAN_POINT('',(1.752955661321E0,-1.417829068857E0,1.752955661321E0));
#716=CARTESIAN_POINT('',(1.582307912527E0,-1.606669703062E0,1.582307912527E0));
#717=CARTESIAN_POINT('',(1.381834447284E0,-1.782656402867E0,1.381834447284E0));
#718=CARTESIAN_POINT('',(1.151250903790E0,-1.940138238251E0,1.151250903790E0));
#719=CARTESIAN_POINT('',(8.927690419040E-1,-2.072340828681E0,
8.927690419040E-1));
#720=CARTESIAN_POINT('',(6.094908967375E-1,-2.172986792297E0,
6.094908967375E-1));
#721=CARTESIAN_POINT('',(3.094697827749E-1,-2.235670709847E0,
3.094697827749E-1));
#722=CARTESIAN_POINT('',(1.039732301410E-1,-2.25E0,1.039732301410E-1));
#723=CARTESIAN_POINT('',(0.E0,-2.25E0,0.E0));
#725=DIRECTION('',(1.E0,0.E0,0.E0));
#726=VECTOR('',#725,2.65E0);
#727=CARTESIAN_POINT('',(2.25E0,0.E0,2.25E0));
#728=LINE('',#727,#726);
#729=CARTESIAN_POINT('',(2.25E0,0.E0,-2.25E0));
#730=CARTESIAN_POINT('',(2.25E0,6.764997033224E-2,-2.25E0));
#731=CARTESIAN_POINT('',(2.243871231121E0,2.036891409370E-1,-2.243871231121E0));
#732=CARTESIAN_POINT('',(2.216060322256E0,4.072807086580E-1,-2.216060322256E0));
#733=CARTESIAN_POINT('',(2.168742002028E0,6.115967457960E-1,-2.168742002028E0));
#734=CARTESIAN_POINT('',(2.100722275421E0,8.157213849589E-1,-2.100722275421E0));
#735=CARTESIAN_POINT('',(2.010098414548E0,1.019399847124E0,-2.010098414548E0));
#736=CARTESIAN_POINT('',(1.895035556933E0,1.220684239348E0,-1.895035556933E0));
#737=CARTESIAN_POINT('',(1.752955103229E0,1.417829744524E0,-1.752955103229E0));
#738=CARTESIAN_POINT('',(1.582307818013E0,1.606669798468E0,-1.582307818013E0));
#739=CARTESIAN_POINT('',(1.381833625874E0,1.782657073353E0,-1.381833625874E0));
#740=CARTESIAN_POINT('',(1.151248843727E0,1.940139669874E0,-1.151248843727E0));
#741=CARTESIAN_POINT('',(8.927614182219E-1,2.072344314007E0,
-8.927614182219E-1));
#742=CARTESIAN_POINT('',(6.094819112657E-1,2.172989277408E0,
-6.094819112657E-1));
#743=CARTESIAN_POINT('',(3.094624093678E-1,2.235671547725E0,
-3.094624093678E-1));
#744=CARTESIAN_POINT('',(1.039702969231E-1,2.25E0,-1.039702969231E-1));
#745=CARTESIAN_POINT('',(0.E0,2.25E0,0.E0));
#747=CARTESIAN_POINT('',(2.25E0,0.E0,2.25E0));
#748=CARTESIAN_POINT('',(2.25E0,6.764391352047E-2,2.25E0));
#749=CARTESIAN_POINT('',(2.243871836861E0,2.036739037495E-1,2.243871836861E0));
#750=CARTESIAN_POINT('',(2.216067203710E0,4.072440568430E-1,2.216067203710E0));
#751=CARTESIAN_POINT('',(2.168746434920E0,6.115817091846E-1,2.168746434920E0));
#752=CARTESIAN_POINT('',(2.100732268064E0,8.156956570331E-1,2.100732268064E0));
#753=CARTESIAN_POINT('',(2.010103115693E0,1.019391550047E0,2.010103115693E0));
#754=CARTESIAN_POINT('',(1.895041486112E0,1.220674792022E0,1.895041486112E0));
#755=CARTESIAN_POINT('',(1.752960357401E0,1.417823651655E0,1.752960357401E0));
#756=CARTESIAN_POINT('',(1.582309050854E0,1.606668838654E0,1.582309050854E0));
#757=CARTESIAN_POINT('',(1.381832325015E0,1.782658271354E0,1.381832325015E0));
#758=CARTESIAN_POINT('',(1.151244601160E0,1.940142192015E0,1.151244601160E0));
#759=CARTESIAN_POINT('',(8.927577758528E-1,2.072346006200E0,8.927577758528E-1));
#760=CARTESIAN_POINT('',(6.094726510148E-1,2.172992054595E0,6.094726510149E-1));
#761=CARTESIAN_POINT('',(3.094540204731E-1,2.235672487517E0,3.094540204731E-1));
#762=CARTESIAN_POINT('',(1.039667867935E-1,2.25E0,1.039667867935E-1));
#763=CARTESIAN_POINT('',(0.E0,2.25E0,0.E0));
#765=DIRECTION('',(0.E0,0.E0,1.E0));
#766=VECTOR('',#765,9.4E0);
#767=CARTESIAN_POINT('',(-2.25E0,0.E0,-4.7E0));
#768=LINE('',#767,#766);
#769=CARTESIAN_POINT('',(0.E0,0.E0,-4.7E0));
#770=DIRECTION('',(0.E0,0.E0,1.E0));
#771=DIRECTION('',(-1.E0,0.E0,0.E0));
#772=AXIS2_PLACEMENT_3D('',#769,#770,#771);
#774=CARTESIAN_POINT('',(0.E0,0.E0,-4.7E0));
#775=DIRECTION('',(0.E0,0.E0,1.E0));
#776=DIRECTION('',(1.E0,0.E0,0.E0));
#777=AXIS2_PLACEMENT_3D('',#774,#775,#776);
#779=CARTESIAN_POINT('',(0.E0,0.E0,-4.7E0));
#780=DIRECTION('',(0.E0,0.E0,-1.E0));
#781=DIRECTION('',(-1.E0,0.E0,0.E0));
#782=AXIS2_PLACEMENT_3D('',#779,#780,#781);
#784=CARTESIAN_POINT('',(0.E0,0.E0,-4.7E0));
#785=DIRECTION('',(0.E0,0.E0,-1.E0));
#786=DIRECTION('',(1.E0,0.E0,0.E0));
#787=AXIS2_PLACEMENT_3D('',#784,#785,#786);
#789=DIRECTION('',(3.188130516995E-6,4.650764390564E-10,9.999999999949E-1));
#790=VECTOR('',#789,4.000020357384E0);
#791=CARTESIAN_POINT('',(3.249987247413E0,-3.092477121290E-9,
-8.700020357364E0));
#792=LINE('',#791,#790);
#793=CARTESIAN_POINT('',(0.E0,0.E0,-8.700033109721E0));
#794=DIRECTION('',(0.E0,0.E0,-1.E0));
#795=DIRECTION('',(1.E0,-5.686901064576E-10,0.E0));
#796=AXIS2_PLACEMENT_3D('',#793,#794,#795);
#798=CARTESIAN_POINT('',(0.E0,0.E0,-8.700033109721E0));
#799=DIRECTION('',(0.E0,0.E0,-1.E0));
#800=DIRECTION('',(0.E0,-1.E0,0.E0));
#801=AXIS2_PLACEMENT_3D('',#798,#799,#800);
#803=DIRECTION('',(-7.070813134406E-1,2.332731233454E-9,-7.071322480152E-1));
#804=VECTOR('',#803,4.242463226193E-1);
#805=CARTESIAN_POINT('',(-3.249987247413E0,2.168356618941E-9,
-8.700020357364E0));
#806=LINE('',#805,#804);
#807=CARTESIAN_POINT('',(0.E0,0.E0,-9.E0));
#808=DIRECTION('',(0.E0,0.E0,1.E0));
#809=DIRECTION('',(-1.E0,0.E0,0.E0));
#810=AXIS2_PLACEMENT_3D('',#807,#808,#809);
#812=CARTESIAN_POINT('',(0.E0,0.E0,-9.E0));
#813=DIRECTION('',(0.E0,0.E0,1.E0));
#814=DIRECTION('',(1.E0,0.E0,0.E0));
#815=AXIS2_PLACEMENT_3D('',#812,#813,#814);
#817=CARTESIAN_POINT('',(0.E0,0.E0,-9.000027919785E0));
#818=DIRECTION('',(0.E0,0.E0,-1.E0));
#819=DIRECTION('',(1.E0,0.E0,0.E0));
#820=AXIS2_PLACEMENT_3D('',#817,#818,#819);
#822=CARTESIAN_POINT('',(0.E0,0.E0,-9.000027919785E0));
#823=DIRECTION('',(0.E0,0.E0,-1.E0));
#824=DIRECTION('',(0.E0,-1.E0,0.E0));
#825=AXIS2_PLACEMENT_3D('',#822,#823,#824);
#827=CARTESIAN_POINT('',(0.E0,0.E0,-9.000027919785E0));
#828=DIRECTION('',(0.E0,0.E0,-1.E0));
#829=DIRECTION('',(-1.E0,0.E0,0.E0));
#830=AXIS2_PLACEMENT_3D('',#827,#828,#829);
#832=CARTESIAN_POINT('',(0.E0,0.E0,-9.000027919785E0));
#833=DIRECTION('',(0.E0,0.E0,-1.E0));
#834=DIRECTION('',(0.E0,1.E0,0.E0));
#835=AXIS2_PLACEMENT_3D('',#832,#833,#834);
#837=CARTESIAN_POINT('',(0.E0,0.E0,-9.3E0));
#838=DIRECTION('',(0.E0,0.E0,1.E0));
#839=DIRECTION('',(-1.E0,0.E0,0.E0));
#840=AXIS2_PLACEMENT_3D('',#837,#838,#839);
#842=CARTESIAN_POINT('',(0.E0,0.E0,-9.3E0));
#843=DIRECTION('',(0.E0,0.E0,1.E0));
#844=DIRECTION('',(-9.999035795571E-1,-1.388638141544E-2,0.E0));
#845=AXIS2_PLACEMENT_3D('',#842,#843,#844);
#847=CARTESIAN_POINT('',(-5.1E0,-1.138297789360E-12,-9.3E0));
#848=DIRECTION('',(2.231981960366E-13,-1.E0,0.E0));
#849=DIRECTION('',(6.084033306782E-7,0.E0,9.999999999998E-1));
#850=AXIS2_PLACEMENT_3D('',#847,#848,#849);
#852=DIRECTION('',(1.153159024083E-6,-3.525383536030E-10,9.999999999993E-1));
#853=VECTOR('',#852,6.500015707245E0);
#854=CARTESIAN_POINT('',(5.399992504448E0,3.438154427406E-9,-1.580001570724E1));
#855=LINE('',#854,#853);
#856=CARTESIAN_POINT('',(-2.259436462231E-14,0.E0,-1.660006174419E1));
#857=DIRECTION('',(0.E0,0.E0,1.E0));
#858=DIRECTION('',(-1.E0,0.E0,0.E0));
#859=AXIS2_PLACEMENT_3D('',#856,#857,#858);
#861=CARTESIAN_POINT('',(-2.259436462231E-14,0.E0,-1.660006174419E1));
#862=DIRECTION('',(0.E0,0.E0,1.E0));
#863=DIRECTION('',(0.E0,-1.E0,0.E0));
#864=AXIS2_PLACEMENT_3D('',#861,#862,#863);
#866=CARTESIAN_POINT('',(-2.259436462231E-14,0.E0,-1.580001851806E1));
#867=DIRECTION('',(0.E0,0.E0,-1.E0));
#868=DIRECTION('',(1.E0,4.244621206668E-10,0.E0));
#869=AXIS2_PLACEMENT_3D('',#866,#867,#868);
#871=CARTESIAN_POINT('',(-2.259436462231E-14,0.E0,-1.580001851806E1));
#872=DIRECTION('',(0.E0,0.E0,-1.E0));
#873=DIRECTION('',(0.E0,-1.E0,0.E0));
#874=AXIS2_PLACEMENT_3D('',#871,#872,#873);
#876=DIRECTION('',(-3.511134187087E-1,-1.490391546310E-10,-9.363329360878E-1));
#877=VECTOR('',#876,8.544461121837E-1);
#878=CARTESIAN_POINT('',(-5.399992504448E0,-2.292105771432E-9,
-1.580001570724E1));
#879=LINE('',#878,#877);
#880=DIRECTION('',(-1.985548078897E-13,6.504036800779E-10,1.E0));
#881=VECTOR('',#880,3.099938255810E0);
#882=CARTESIAN_POINT('',(5.7E0,1.612966067754E-9,-1.97E1));
#883=LINE('',#882,#881);
#884=DIRECTION('',(1.951166293981E-13,-7.804840223881E-10,1.E0));
#885=VECTOR('',#884,3.099938255810E0);
#886=CARTESIAN_POINT('',(-5.7E0,0.E0,-1.97E1));
#887=LINE('',#886,#885);
#888=CARTESIAN_POINT('',(0.E0,0.E0,-1.660006174419E1));
#889=DIRECTION('',(0.E0,0.E0,1.E0));
#890=DIRECTION('',(1.E0,4.244647852021E-10,0.E0));
#891=AXIS2_PLACEMENT_3D('',#888,#889,#890);
#893=CARTESIAN_POINT('',(0.E0,0.E0,-1.660006174419E1));
#894=DIRECTION('',(0.E0,0.E0,1.E0));
#895=DIRECTION('',(0.E0,1.E0,0.E0));
#896=AXIS2_PLACEMENT_3D('',#893,#894,#895);
#898=CARTESIAN_POINT('',(0.E0,0.E0,-1.580001851806E1));
#899=DIRECTION('',(0.E0,0.E0,-1.E0));
#900=DIRECTION('',(-1.E0,0.E0,0.E0));
#901=AXIS2_PLACEMENT_3D('',#898,#899,#900);
#903=CARTESIAN_POINT('',(0.E0,0.E0,-1.580001851806E1));
#904=DIRECTION('',(0.E0,0.E0,-1.E0));
#905=DIRECTION('',(0.E0,1.E0,0.E0));
#906=AXIS2_PLACEMENT_3D('',#903,#904,#905);
#908=DIRECTION('',(3.511134187087E-1,2.235634140261E-10,-9.363329360878E-1));
#909=VECTOR('',#908,8.544461121837E-1);
#910=CARTESIAN_POINT('',(5.399992504448E0,3.438154427406E-9,-1.580001570724E1));
#911=LINE('',#910,#909);
#912=DIRECTION('',(-1.153159022443E-6,3.525382613696E-10,9.999999999993E-1));
#913=VECTOR('',#912,6.500015707245E0);
#914=CARTESIAN_POINT('',(-5.399992504448E0,-2.292105771432E-9,
-1.580001570724E1));
#915=LINE('',#914,#913);
#916=CARTESIAN_POINT('',(0.E0,0.E0,-9.3E0));
#917=DIRECTION('',(0.E0,0.E0,1.E0));
#918=DIRECTION('',(1.E0,4.244621206668E-10,0.E0));
#919=AXIS2_PLACEMENT_3D('',#916,#917,#918);
#921=CARTESIAN_POINT('',(0.E0,0.E0,-9.3E0));
#922=DIRECTION('',(0.E0,0.E0,1.E0));
#923=DIRECTION('',(9.999035795571E-1,1.388638141544E-2,0.E0));
#924=AXIS2_PLACEMENT_3D('',#921,#922,#923);
#926=CARTESIAN_POINT('',(5.1E0,1.138297789360E-12,-9.3E0));
#927=DIRECTION('',(-2.231981960366E-13,1.E0,0.E0));
#928=DIRECTION('',(-6.084033306782E-7,0.E0,9.999999999998E-1));
#929=AXIS2_PLACEMENT_3D('',#926,#927,#928);
#931=CARTESIAN_POINT('',(0.E0,0.E0,-1.97E1));
#932=DIRECTION('',(0.E0,0.E0,1.E0));
#933=DIRECTION('',(-1.E0,0.E0,0.E0));
#934=AXIS2_PLACEMENT_3D('',#931,#932,#933);
#936=CARTESIAN_POINT('',(0.E0,0.E0,-1.97E1));
#937=DIRECTION('',(0.E0,0.E0,1.E0));
#938=DIRECTION('',(-9.998501741153E-1,-1.730980420389E-2,0.E0));
#939=AXIS2_PLACEMENT_3D('',#936,#937,#938);
#941=CARTESIAN_POINT('',(0.E0,0.E0,-1.97E1));
#942=DIRECTION('',(0.E0,0.E0,1.E0));
#943=DIRECTION('',(1.E0,0.E0,0.E0));
#944=AXIS2_PLACEMENT_3D('',#941,#942,#943);
#946=CARTESIAN_POINT('',(0.E0,0.E0,-1.97E1));
#947=DIRECTION('',(0.E0,0.E0,1.E0));
#948=DIRECTION('',(9.998501741153E-1,1.730980420389E-2,0.E0));
#949=AXIS2_PLACEMENT_3D('',#946,#947,#948);
#951=CARTESIAN_POINT('',(0.E0,0.E0,-1.97E1));
#952=DIRECTION('',(0.E0,0.E0,-1.E0));
#953=DIRECTION('',(-1.E0,0.E0,0.E0));
#954=AXIS2_PLACEMENT_3D('',#951,#952,#953);
#956=CARTESIAN_POINT('',(0.E0,0.E0,-1.97E1));
#957=DIRECTION('',(0.E0,0.E0,-1.E0));
#958=DIRECTION('',(1.E0,0.E0,0.E0));
#959=AXIS2_PLACEMENT_3D('',#956,#957,#958);
#961=CARTESIAN_POINT('',(0.E0,0.E0,-1.95E1));
#962=DIRECTION('',(0.E0,0.E0,1.E0));
#963=DIRECTION('',(-1.E0,0.E0,0.E0));
#964=AXIS2_PLACEMENT_3D('',#961,#962,#963);
#966=CARTESIAN_POINT('',(0.E0,0.E0,-1.95E1));
#967=DIRECTION('',(0.E0,0.E0,1.E0));
#968=DIRECTION('',(-9.998501741153E-1,-1.730980420389E-2,0.E0));
#969=AXIS2_PLACEMENT_3D('',#966,#967,#968);
#971=CARTESIAN_POINT('',(6.2E0,0.E0,-1.95E1));
#972=DIRECTION('',(0.E0,1.E0,0.E0));
#973=DIRECTION('',(1.E0,0.E0,0.E0));
#974=AXIS2_PLACEMENT_3D('',#971,#972,#973);
#976=CARTESIAN_POINT('',(0.E0,0.E0,-1.95E1));
#977=DIRECTION('',(0.E0,0.E0,1.E0));
#978=DIRECTION('',(1.E0,3.478428316076E-12,0.E0));
#979=AXIS2_PLACEMENT_3D('',#976,#977,#978);
#981=CARTESIAN_POINT('',(0.E0,0.E0,-1.95E1));
#982=DIRECTION('',(0.E0,0.E0,1.E0));
#983=DIRECTION('',(9.998501741153E-1,1.730980420389E-2,0.E0));
#984=AXIS2_PLACEMENT_3D('',#981,#982,#983);
#986=CARTESIAN_POINT('',(-6.2E0,0.E0,-1.95E1));
#987=DIRECTION('',(0.E0,-1.E0,0.E0));
#988=DIRECTION('',(-1.E0,0.E0,0.E0));
#989=AXIS2_PLACEMENT_3D('',#986,#987,#988);
#991=DIRECTION('',(1.044915787883E-14,0.E0,1.E0));
#992=VECTOR('',#991,1.7E0);
#993=CARTESIAN_POINT('',(6.4E0,1.113024202758E-11,-1.95E1));
#994=LINE('',#993,#992);
#995=DIRECTION('',(-1.044915787883E-14,0.E0,1.E0));
#996=VECTOR('',#995,1.7E0);
#997=CARTESIAN_POINT('',(-6.4E0,0.E0,-1.95E1));
#998=LINE('',#997,#996);
#999=CARTESIAN_POINT('',(0.E0,0.E0,-1.78E1));
#1000=DIRECTION('',(0.E0,0.E0,-1.E0));
#1001=DIRECTION('',(1.E0,3.478428316076E-12,0.E0));
#1002=AXIS2_PLACEMENT_3D('',#999,#1000,#1001);
#1004=DIRECTION('',(-3.511234415884E-1,0.E0,9.363291775691E-1));
#1005=VECTOR('',#1004,1.281600561798E0);
#1006=CARTESIAN_POINT('',(-6.4E0,0.E0,-1.78E1));
#1007=LINE('',#1006,#1005);
#1008=CARTESIAN_POINT('',(0.E0,0.E0,-1.66E1));
#1009=DIRECTION('',(0.E0,0.E0,1.E0));
#1010=DIRECTION('',(-1.E0,0.E0,0.E0));
#1011=AXIS2_PLACEMENT_3D('',#1008,#1009,#1010);
#1013=DIRECTION('',(3.511234415884E-1,-8.685559244692E-12,9.363291775691E-1));
#1014=VECTOR('',#1013,1.281600561798E0);
#1015=CARTESIAN_POINT('',(6.4E0,1.113057872447E-11,-1.78E1));
#1016=LINE('',#1015,#1014);
#1017=CARTESIAN_POINT('',(0.E0,0.E0,-1.66E1));
#1018=DIRECTION('',(0.E0,0.E0,1.E0));
#1019=DIRECTION('',(1.E0,0.E0,0.E0));
#1020=AXIS2_PLACEMENT_3D('',#1017,#1018,#1019);
#1022=CARTESIAN_POINT('',(0.E0,0.E0,-1.78E1));
#1023=DIRECTION('',(0.E0,0.E0,-1.E0));
#1024=DIRECTION('',(-1.E0,0.E0,0.E0));
#1025=AXIS2_PLACEMENT_3D('',#1022,#1023,#1024);
#1027=DIRECTION('',(2.109423746788E-14,0.E0,1.E0));
#1028=VECTOR('',#1027,8.E-1);
#1029=CARTESIAN_POINT('',(6.85E0,0.E0,-1.66E1));
#1030=LINE('',#1029,#1028);
#1031=DIRECTION('',(-2.109423746788E-14,0.E0,1.E0));
#1032=VECTOR('',#1031,8.E-1);
#1033=CARTESIAN_POINT('',(-6.85E0,0.E0,-1.66E1));
#1034=LINE('',#1033,#1032);
#1035=CARTESIAN_POINT('',(0.E0,0.E0,-1.58E1));
#1036=DIRECTION('',(0.E0,0.E0,-1.E0));
#1037=DIRECTION('',(-1.E0,0.E0,0.E0));
#1038=AXIS2_PLACEMENT_3D('',#1035,#1036,#1037);
#1040=CARTESIAN_POINT('',(0.E0,0.E0,-1.58E1));
#1041=DIRECTION('',(0.E0,0.E0,-1.E0));
#1042=DIRECTION('',(1.E0,0.E0,0.E0));
#1043=AXIS2_PLACEMENT_3D('',#1040,#1041,#1042);
#1045=CARTESIAN_POINT('',(0.E0,0.E0,-1.58E1));
#1046=DIRECTION('',(0.E0,0.E0,1.E0));
#1047=DIRECTION('',(-1.E0,0.E0,0.E0));
#1048=AXIS2_PLACEMENT_3D('',#1045,#1046,#1047);
#1050=CARTESIAN_POINT('',(0.E0,0.E0,-1.58E1));
#1051=DIRECTION('',(0.E0,0.E0,1.E0));
#1052=DIRECTION('',(1.E0,0.E0,0.E0));
#1053=AXIS2_PLACEMENT_3D('',#1050,#1051,#1052);
#1055=DIRECTION('',(0.E0,0.E0,1.E0));
#1056=VECTOR('',#1055,2.2E0);
#1057=CARTESIAN_POINT('',(-6.35E0,0.E0,-1.58E1));
#1058=LINE('',#1057,#1056);
#1059=DIRECTION('',(0.E0,0.E0,1.E0));
#1060=VECTOR('',#1059,2.2E0);
#1061=CARTESIAN_POINT('',(6.35E0,0.E0,-1.58E1));
#1062=LINE('',#1061,#1060);
#1063=CARTESIAN_POINT('',(0.E0,0.E0,-1.36E1));
#1064=DIRECTION('',(0.E0,0.E0,1.E0));
#1065=DIRECTION('',(-1.E0,0.E0,0.E0));
#1066=AXIS2_PLACEMENT_3D('',#1063,#1064,#1065);
#1068=CARTESIAN_POINT('',(0.E0,0.E0,-1.36E1));
#1069=DIRECTION('',(0.E0,0.E0,1.E0));
#1070=DIRECTION('',(1.E0,0.E0,0.E0));
#1071=AXIS2_PLACEMENT_3D('',#1068,#1069,#1070);
#1073=CARTESIAN_POINT('',(0.E0,0.E0,-1.36E1));
#1074=DIRECTION('',(0.E0,0.E0,-1.E0));
#1075=DIRECTION('',(-1.E0,0.E0,0.E0));
#1076=AXIS2_PLACEMENT_3D('',#1073,#1074,#1075);
#1078=CARTESIAN_POINT('',(0.E0,0.E0,-1.36E1));
#1079=DIRECTION('',(0.E0,0.E0,-1.E0));
#1080=DIRECTION('',(1.E0,0.E0,0.E0));
#1081=AXIS2_PLACEMENT_3D('',#1078,#1079,#1080);
#1083=DIRECTION('',(0.E0,-1.045907295839E-10,1.E0));
#1084=VECTOR('',#1083,8.566018894200E-1);
#1085=CARTESIAN_POINT('',(-7.7E0,0.E0,-1.36E1));
#1086=LINE('',#1085,#1084);
#1087=CARTESIAN_POINT('',(0.E0,0.E0,-1.274339811321E1));
#1088=DIRECTION('',(0.E0,0.E0,-1.E0));
#1089=DIRECTION('',(1.E0,-4.166781435193E-13,0.E0));
#1090=AXIS2_PLACEMENT_3D('',#1087,#1088,#1089);
#1092=CARTESIAN_POINT('',(0.E0,0.E0,-1.274339811321E1));
#1093=DIRECTION('',(0.E0,0.E0,-1.E0));
#1094=DIRECTION('',(-9.999525781232E-1,-9.738660316558E-3,0.E0));
#1095=AXIS2_PLACEMENT_3D('',#1092,#1093,#1094);
#1097=CARTESIAN_POINT('',(0.E0,0.E0,-1.247839863071E1));
#1098=DIRECTION('',(0.E0,0.E0,1.E0));
#1099=DIRECTION('',(-1.E0,-3.882350337189E-12,0.E0));
#1100=AXIS2_PLACEMENT_3D('',#1097,#1098,#1099);
#1102=CARTESIAN_POINT('',(0.E0,0.E0,-1.247839863071E1));
#1103=DIRECTION('',(0.E0,0.E0,1.E0));
#1104=DIRECTION('',(-9.999525781232E-1,-9.738660316559E-3,0.E0));
#1105=AXIS2_PLACEMENT_3D('',#1102,#1103,#1104);
#1107=CARTESIAN_POINT('',(7.2E0,1.675506955401E-10,-1.274339811321E1));
#1108=DIRECTION('',(-2.327093032162E-11,1.E0,0.E0));
#1109=DIRECTION('',(8.479982883832E-1,1.973370908182E-11,5.299989649982E-1));
#1110=AXIS2_PLACEMENT_3D('',#1107,#1108,#1109);
#1112=CARTESIAN_POINT('',(0.E0,0.E0,-1.274339811321E1));
#1113=DIRECTION('',(0.E0,0.E0,-1.E0));
#1114=DIRECTION('',(-1.E0,0.E0,0.E0));
#1115=AXIS2_PLACEMENT_3D('',#1112,#1113,#1114);
#1117=CARTESIAN_POINT('',(0.E0,0.E0,-1.274339811321E1));
#1118=DIRECTION('',(0.E0,0.E0,-1.E0));
#1119=DIRECTION('',(9.999525781232E-1,9.738660316558E-3,0.E0));
#1120=AXIS2_PLACEMENT_3D('',#1117,#1118,#1119);
#1122=CARTESIAN_POINT('',(0.E0,0.E0,-1.247839863071E1));
#1123=DIRECTION('',(0.E0,0.E0,1.E0));
#1124=DIRECTION('',(1.E0,0.E0,0.E0));
#1125=AXIS2_PLACEMENT_3D('',#1122,#1123,#1124);
#1127=CARTESIAN_POINT('',(0.E0,0.E0,-1.247839863071E1));
#1128=DIRECTION('',(0.E0,0.E0,1.E0));
#1129=DIRECTION('',(9.999525781232E-1,9.738660316559E-3,0.E0));
#1130=AXIS2_PLACEMENT_3D('',#1127,#1128,#1129);
#1132=CARTESIAN_POINT('',(-7.2E0,-1.675506955401E-10,-1.274339811321E1));
#1133=DIRECTION('',(2.327093032162E-11,-1.E0,0.E0));
#1134=DIRECTION('',(-8.479982883832E-1,-1.973370908182E-11,5.299989649982E-1));
#1135=AXIS2_PLACEMENT_3D('',#1132,#1133,#1134);
#1137=DIRECTION('',(0.E0,1.052147987485E-10,1.E0));
#1138=VECTOR('',#1137,8.566018894200E-1);
#1139=CARTESIAN_POINT('',(7.7E0,-2.138947803399E-12,-1.36E1));
#1140=LINE('',#1139,#1138);
#1141=DIRECTION('',(-5.299989400020E-1,-1.512113393309E-10,8.479983040058E-1));
#1142=VECTOR('',#1141,1.042262095330E0);
#1143=CARTESIAN_POINT('',(7.623999144192E0,8.870863264827E-11,
-1.247839863071E1));
#1144=LINE('',#1143,#1142);
#1145=CARTESIAN_POINT('',(0.E0,0.E0,-1.159456214154E1));
#1146=DIRECTION('',(0.E0,0.E0,-1.E0));
#1147=DIRECTION('',(-1.E0,-3.882350337189E-12,0.E0));
#1148=AXIS2_PLACEMENT_3D('',#1145,#1146,#1147);
#1150=CARTESIAN_POINT('',(0.E0,0.E0,-1.159456214154E1));
#1151=DIRECTION('',(0.E0,0.E0,-1.E0));
#1152=DIRECTION('',(-9.999370709770E-1,1.121847074795E-2,0.E0));
#1153=AXIS2_PLACEMENT_3D('',#1150,#1151,#1152);
#1155=CARTESIAN_POINT('',(0.E0,0.E0,-1.117056301887E1));
#1156=DIRECTION('',(0.E0,0.E0,1.E0));
#1157=DIRECTION('',(1.E0,-1.248901322778E-12,0.E0));
#1158=AXIS2_PLACEMENT_3D('',#1155,#1156,#1157);
#1160=CARTESIAN_POINT('',(0.E0,0.E0,-1.117056301887E1));
#1161=DIRECTION('',(0.E0,0.E0,1.E0));
#1162=DIRECTION('',(-9.999370709770E-1,1.121847074795E-2,0.E0));
#1163=AXIS2_PLACEMENT_3D('',#1160,#1161,#1162);
#1165=CARTESIAN_POINT('',(-7.75E0,1.510034597363E-10,-1.117056301887E1));
#1166=DIRECTION('',(1.948431867238E-11,1.E0,0.E0));
#1167=DIRECTION('',(1.E0,-1.948431867238E-11,0.E0));
#1168=AXIS2_PLACEMENT_3D('',#1165,#1166,#1167);
#1170=CARTESIAN_POINT('',(0.E0,0.E0,-1.159456214154E1));
#1171=DIRECTION('',(0.E0,0.E0,-1.E0));
#1172=DIRECTION('',(1.E0,0.E0,0.E0));
#1173=AXIS2_PLACEMENT_3D('',#1170,#1171,#1172);
#1175=CARTESIAN_POINT('',(0.E0,0.E0,-1.159456214154E1));
#1176=DIRECTION('',(0.E0,0.E0,-1.E0));
#1177=DIRECTION('',(9.999370709770E-1,-1.121847074795E-2,0.E0));
#1178=AXIS2_PLACEMENT_3D('',#1175,#1176,#1177);
#1180=CARTESIAN_POINT('',(0.E0,0.E0,-1.117056301887E1));
#1181=DIRECTION('',(0.E0,0.E0,1.E0));
#1182=DIRECTION('',(-1.E0,0.E0,0.E0));
#1183=AXIS2_PLACEMENT_3D('',#1180,#1181,#1182);
#1185=CARTESIAN_POINT('',(0.E0,0.E0,-1.117056301887E1));
#1186=DIRECTION('',(0.E0,0.E0,1.E0));
#1187=DIRECTION('',(9.999370709770E-1,-1.121847074795E-2,0.E0));
#1188=AXIS2_PLACEMENT_3D('',#1185,#1186,#1187);
#1190=CARTESIAN_POINT('',(7.75E0,-1.510069014277E-10,-1.117056301887E1));
#1191=DIRECTION('',(-1.948476276159E-11,-1.E0,0.E0));
#1192=DIRECTION('',(-1.E0,1.948476276159E-11,0.E0));
#1193=AXIS2_PLACEMENT_3D('',#1190,#1191,#1192);
#1195=DIRECTION('',(5.299989400020E-1,1.522390757694E-10,8.479983040058E-1));
#1196=VECTOR('',#1195,1.042262095330E0);
#1197=CARTESIAN_POINT('',(-7.623999144192E0,-1.035076836371E-10,
-1.247839863071E1));
#1198=LINE('',#1197,#1196);
#1199=DIRECTION('',(0.E0,-2.918295756216E-11,1.E0));
#1200=VECTOR('',#1199,2.365590378012E0);
#1201=CARTESIAN_POINT('',(-6.95E0,6.770833081944E-11,-1.117056301887E1));
#1202=LINE('',#1201,#1200);
#1203=CARTESIAN_POINT('',(0.E0,0.E0,-8.804972690940E0));
#1204=DIRECTION('',(0.E0,0.E0,-1.E0));
#1205=DIRECTION('',(1.E0,-1.248901322778E-12,0.E0));
#1206=AXIS2_PLACEMENT_3D('',#1203,#1204,#1205);
#1208=CARTESIAN_POINT('',(0.E0,0.E0,-8.804972690940E0));
#1209=DIRECTION('',(0.E0,0.E0,-1.E0));
#1210=DIRECTION('',(-9.999417910456E-1,-1.078955608614E-2,0.E0));
#1211=AXIS2_PLACEMENT_3D('',#1208,#1209,#1210);
#1213=CARTESIAN_POINT('',(0.E0,0.E0,-7.946964455366E0));
#1214=DIRECTION('',(0.E0,0.E0,1.E0));
#1215=DIRECTION('',(-1.E0,1.526656238785E-12,0.E0));
#1216=AXIS2_PLACEMENT_3D('',#1213,#1214,#1215);
#1218=CARTESIAN_POINT('',(0.E0,0.E0,-7.946964455366E0));
#1219=DIRECTION('',(0.E0,0.E0,1.E0));
#1220=DIRECTION('',(-9.999417910456E-1,-1.078955608614E-2,0.E0));
#1221=AXIS2_PLACEMENT_3D('',#1218,#1219,#1220);
#1223=CARTESIAN_POINT('',(5.75E0,2.196721970993E-12,-8.804972690940E0));
#1224=DIRECTION('',(-3.820381511144E-13,1.E0,0.E0));
#1225=DIRECTION('',(6.991174335505E-1,2.670895317255E-13,7.150068629780E-1));
#1226=AXIS2_PLACEMENT_3D('',#1223,#1224,#1225);
#1228=CARTESIAN_POINT('',(0.E0,0.E0,-8.804972690940E0));
#1229=DIRECTION('',(0.E0,0.E0,-1.E0));
#1230=DIRECTION('',(-1.E0,0.E0,0.E0));
#1231=AXIS2_PLACEMENT_3D('',#1228,#1229,#1230);
#1233=CARTESIAN_POINT('',(0.E0,0.E0,-8.804972690940E0));
#1234=DIRECTION('',(0.E0,0.E0,-1.E0));
#1235=DIRECTION('',(9.999417910456E-1,1.078955608614E-2,0.E0));
#1236=AXIS2_PLACEMENT_3D('',#1233,#1234,#1235);
#1238=CARTESIAN_POINT('',(0.E0,0.E0,-7.946964455366E0));
#1239=DIRECTION('',(0.E0,0.E0,1.E0));
#1240=DIRECTION('',(1.E0,0.E0,0.E0));
#1241=AXIS2_PLACEMENT_3D('',#1238,#1239,#1240);
#1243=CARTESIAN_POINT('',(0.E0,0.E0,-7.946964455366E0));
#1244=DIRECTION('',(0.E0,0.E0,1.E0));
#1245=DIRECTION('',(9.999417910456E-1,1.078955608614E-2,0.E0));
#1246=AXIS2_PLACEMENT_3D('',#1243,#1244,#1245);
#1248=CARTESIAN_POINT('',(-5.75E0,-2.196721970993E-12,-8.804972690940E0));
#1249=DIRECTION('',(3.820381511144E-13,-1.E0,0.E0));
#1250=DIRECTION('',(-6.991174335505E-1,-2.670895317255E-13,7.150068629780E-1));
#1251=AXIS2_PLACEMENT_3D('',#1248,#1249,#1250);
#1253=DIRECTION('',(0.E0,2.918341221761E-11,1.E0));
#1254=VECTOR('',#1253,2.365590378012E0);
#1255=CARTESIAN_POINT('',(6.95E0,-7.204891287989E-11,-1.117056301887E1));
#1256=LINE('',#1255,#1254);
#1257=CARTESIAN_POINT('',(0.E0,0.E0,-8.700033109721E0));
#1258=DIRECTION('',(0.E0,0.E0,-1.E0));
#1259=DIRECTION('',(-1.E0,0.E0,0.E0));
#1260=AXIS2_PLACEMENT_3D('',#1257,#1258,#1259);
#1262=CARTESIAN_POINT('',(0.E0,0.E0,-8.700033109721E0));
#1263=DIRECTION('',(0.E0,0.E0,-1.E0));
#1264=DIRECTION('',(0.E0,1.E0,0.E0));
#1265=AXIS2_PLACEMENT_3D('',#1262,#1263,#1264);
#1267=DIRECTION('',(7.070813134406E-1,-1.544647310032E-10,-7.071322480152E-1));
#1268=VECTOR('',#1267,4.242463226193E-1);
#1269=CARTESIAN_POINT('',(3.249987247413E0,-3.092477121290E-9,
-8.700020357364E0));
#1270=LINE('',#1269,#1268);
#1271=DIRECTION('',(-3.188130516995E-6,-5.420863294547E-10,9.999999999949E-1));
#1272=VECTOR('',#1271,4.000020357384E0);
#1273=CARTESIAN_POINT('',(-3.249987247413E0,2.168356618941E-9,
-8.700020357364E0));
#1274=LINE('',#1273,#1272);
#1275=CARTESIAN_POINT('',(4.9E0,0.E0,0.E0));
#1276=DIRECTION('',(-1.E0,0.E0,0.E0));
#1277=DIRECTION('',(0.E0,0.E0,-1.E0));
#1278=AXIS2_PLACEMENT_3D('',#1275,#1276,#1277);
#1280=CARTESIAN_POINT('',(4.9E0,0.E0,0.E0));
#1281=DIRECTION('',(-1.E0,0.E0,0.E0));
#1282=DIRECTION('',(0.E0,0.E0,1.E0));
#1283=AXIS2_PLACEMENT_3D('',#1280,#1281,#1282);
#1285=CARTESIAN_POINT('',(4.9E0,0.E0,0.E0));
#1286=DIRECTION('',(1.E0,0.E0,0.E0));
#1287=DIRECTION('',(0.E0,0.E0,-1.E0));
#1288=AXIS2_PLACEMENT_3D('',#1285,#1286,#1287);
#1290=CARTESIAN_POINT('',(4.9E0,0.E0,0.E0));
#1291=DIRECTION('',(1.E0,0.E0,0.E0));
#1292=DIRECTION('',(0.E0,0.E0,1.E0));
#1293=AXIS2_PLACEMENT_3D('',#1290,#1291,#1292);
#1295=DIRECTION('',(9.999999999949E-1,0.E0,3.188130516995E-6));
#1296=VECTOR('',#1295,4.000020357384E0);
#1297=CARTESIAN_POINT('',(4.9E0,0.E0,-3.25E0));
#1298=LINE('',#1297,#1296);
#1299=CARTESIAN_POINT('',(8.900033109721E0,0.E0,0.E0));
#1300=DIRECTION('',(1.E0,0.E0,0.E0));
#1301=DIRECTION('',(0.E0,-5.686901064576E-10,1.E0));
#1302=AXIS2_PLACEMENT_3D('',#1299,#1300,#1301);
#1304=DIRECTION('',(7.071322480152E-1,0.E0,-7.070813134406E-1));
#1305=VECTOR('',#1304,4.242463226193E-1);
#1306=CARTESIAN_POINT('',(8.900020357364E0,0.E0,-3.249987247413E0));
#1307=LINE('',#1306,#1305);
#1308=CARTESIAN_POINT('',(9.2E0,0.E0,0.E0));
#1309=DIRECTION('',(-1.E0,0.E0,0.E0));
#1310=DIRECTION('',(0.E0,0.E0,1.E0));
#1311=AXIS2_PLACEMENT_3D('',#1308,#1309,#1310);
#1313=CARTESIAN_POINT('',(9.2E0,0.E0,0.E0));
#1314=DIRECTION('',(-1.E0,0.E0,0.E0));
#1315=DIRECTION('',(0.E0,1.388638141544E-2,9.999035795571E-1));
#1316=AXIS2_PLACEMENT_3D('',#1313,#1314,#1315);
#1318=CARTESIAN_POINT('',(9.2E0,0.E0,0.E0));
#1319=DIRECTION('',(-1.E0,0.E0,0.E0));
#1320=DIRECTION('',(0.E0,0.E0,-1.E0));
#1321=AXIS2_PLACEMENT_3D('',#1318,#1319,#1320);
#1323=CARTESIAN_POINT('',(9.2E0,0.E0,0.E0));
#1324=DIRECTION('',(-1.E0,0.E0,0.E0));
#1325=DIRECTION('',(0.E0,-1.388638141544E-2,-9.999035795571E-1));
#1326=AXIS2_PLACEMENT_3D('',#1323,#1324,#1325);
#1328=CARTESIAN_POINT('',(9.200027919785E0,0.E0,0.E0));
#1329=DIRECTION('',(1.E0,0.E0,0.E0));
#1330=DIRECTION('',(0.E0,0.E0,-1.E0));
#1331=AXIS2_PLACEMENT_3D('',#1328,#1329,#1330);
#1333=CARTESIAN_POINT('',(9.200027919785E0,0.E0,0.E0));
#1334=DIRECTION('',(1.E0,0.E0,0.E0));
#1335=DIRECTION('',(0.E0,0.E0,1.E0));
#1336=AXIS2_PLACEMENT_3D('',#1333,#1334,#1335);
#1338=CARTESIAN_POINT('',(9.5E0,0.E0,0.E0));
#1339=DIRECTION('',(-1.E0,0.E0,0.E0));
#1340=DIRECTION('',(0.E0,4.244621206668E-10,1.E0));
#1341=AXIS2_PLACEMENT_3D('',#1338,#1339,#1340);
#1343=CARTESIAN_POINT('',(9.5E0,1.138297789360E-12,5.1E0));
#1344=DIRECTION('',(0.E0,1.E0,-2.231981960366E-13));
#1345=DIRECTION('',(-9.999999999998E-1,0.E0,-6.084033306782E-7));
#1346=AXIS2_PLACEMENT_3D('',#1343,#1344,#1345);
#1348=DIRECTION('',(9.999999999993E-1,3.525381621174E-10,-1.153159023126E-6));
#1349=VECTOR('',#1348,6.500015707245E0);
#1350=CARTESIAN_POINT('',(9.5E0,1.146649591580E-9,5.4E0));
#1351=LINE('',#1350,#1349);
#1352=CARTESIAN_POINT('',(1.680006174419E1,0.E0,0.E0));
#1353=DIRECTION('',(-1.E0,0.E0,0.E0));
#1354=DIRECTION('',(0.E0,4.244647852021E-10,1.E0));
#1355=AXIS2_PLACEMENT_3D('',#1352,#1353,#1354);
#1357=CARTESIAN_POINT('',(1.600001851806E1,0.E0,0.E0));
#1358=DIRECTION('',(1.E0,0.E0,0.E0));
#1359=DIRECTION('',(0.E0,0.E0,-1.E0));
#1360=AXIS2_PLACEMENT_3D('',#1357,#1358,#1359);
#1362=DIRECTION('',(9.363329360878E-1,2.235635027409E-10,3.511134187087E-1));
#1363=VECTOR('',#1362,8.544461121837E-1);
#1364=CARTESIAN_POINT('',(1.600001570724E1,3.438153182746E-9,5.399992504448E0));
#1365=LINE('',#1364,#1363);
#1366=DIRECTION('',(-1.E0,0.E0,1.974087483925E-13));
#1367=VECTOR('',#1366,3.099938255810E0);
#1368=CARTESIAN_POINT('',(1.99E1,0.E0,-5.7E0));
#1369=LINE('',#1368,#1367);
#1370=DIRECTION('',(-1.E0,6.504033030195E-10,-1.974087483925E-13));
#1371=VECTOR('',#1370,3.099938255810E0);
#1372=CARTESIAN_POINT('',(1.99E1,1.612966067754E-9,5.7E0));
#1373=LINE('',#1372,#1371);
#1374=CARTESIAN_POINT('',(1.680006174419E1,-1.043609643148E-14,0.E0));
#1375=DIRECTION('',(-1.E0,0.E0,0.E0));
#1376=DIRECTION('',(0.E0,0.E0,-1.E0));
#1377=AXIS2_PLACEMENT_3D('',#1374,#1375,#1376);
#1379=CARTESIAN_POINT('',(1.600001851806E1,-1.043609643148E-14,0.E0));
#1380=DIRECTION('',(1.E0,0.E0,0.E0));
#1381=DIRECTION('',(0.E0,4.244640532773E-10,1.E0));
#1382=AXIS2_PLACEMENT_3D('',#1379,#1380,#1381);
#1384=DIRECTION('',(9.363329360878E-1,0.E0,-3.511134187087E-1));
#1385=VECTOR('',#1384,8.544461121837E-1);
#1386=CARTESIAN_POINT('',(1.600001570724E1,0.E0,-5.399992504448E0));
#1387=LINE('',#1386,#1385);
#1388=DIRECTION('',(9.999999999993E-1,9.214225450930E-14,1.153159023126E-6));
#1389=VECTOR('',#1388,6.500015707245E0);
#1390=CARTESIAN_POINT('',(9.5E0,-6.015351248013E-13,-5.4E0));
#1391=LINE('',#1390,#1389);
#1392=CARTESIAN_POINT('',(9.5E0,0.E0,0.E0));
#1393=DIRECTION('',(-1.E0,0.E0,0.E0));
#1394=DIRECTION('',(0.E0,0.E0,-1.E0));
#1395=AXIS2_PLACEMENT_3D('',#1392,#1393,#1394);
#1397=CARTESIAN_POINT('',(9.5E0,-1.138297789360E-12,-5.1E0));
#1398=DIRECTION('',(0.E0,-1.E0,2.231981960366E-13));
#1399=DIRECTION('',(-9.999999999998E-1,0.E0,6.084033306782E-7));
#1400=AXIS2_PLACEMENT_3D('',#1397,#1398,#1399);
#1402=CARTESIAN_POINT('',(1.99E1,0.E0,0.E0));
#1403=DIRECTION('',(-1.E0,0.E0,0.E0));
#1404=DIRECTION('',(0.E0,0.E0,-1.E0));
#1405=AXIS2_PLACEMENT_3D('',#1402,#1403,#1404);
#1407=CARTESIAN_POINT('',(1.99E1,0.E0,0.E0));
#1408=DIRECTION('',(-1.E0,0.E0,0.E0));
#1409=DIRECTION('',(0.E0,-1.730980420389E-2,-9.998501741153E-1));
#1410=AXIS2_PLACEMENT_3D('',#1407,#1408,#1409);
#1412=CARTESIAN_POINT('',(1.99E1,0.E0,0.E0));
#1413=DIRECTION('',(-1.E0,0.E0,0.E0));
#1414=DIRECTION('',(0.E0,0.E0,1.E0));
#1415=AXIS2_PLACEMENT_3D('',#1412,#1413,#1414);
#1417=CARTESIAN_POINT('',(1.99E1,0.E0,0.E0));
#1418=DIRECTION('',(-1.E0,0.E0,0.E0));
#1419=DIRECTION('',(0.E0,1.730980420389E-2,9.998501741153E-1));
#1420=AXIS2_PLACEMENT_3D('',#1417,#1418,#1419);
#1422=CARTESIAN_POINT('',(1.99E1,0.E0,0.E0));
#1423=DIRECTION('',(1.E0,0.E0,0.E0));
#1424=DIRECTION('',(0.E0,0.E0,-1.E0));
#1425=AXIS2_PLACEMENT_3D('',#1422,#1423,#1424);
#1427=CARTESIAN_POINT('',(1.99E1,0.E0,0.E0));
#1428=DIRECTION('',(1.E0,0.E0,0.E0));
#1429=DIRECTION('',(0.E0,0.E0,1.E0));
#1430=AXIS2_PLACEMENT_3D('',#1427,#1428,#1429);
#1432=CARTESIAN_POINT('',(1.97E1,0.E0,0.E0));
#1433=DIRECTION('',(-1.E0,0.E0,0.E0));
#1434=DIRECTION('',(0.E0,0.E0,-1.E0));
#1435=AXIS2_PLACEMENT_3D('',#1432,#1433,#1434);
#1437=CARTESIAN_POINT('',(1.97E1,0.E0,6.2E0));
#1438=DIRECTION('',(0.E0,1.E0,0.E0));
#1439=DIRECTION('',(0.E0,0.E0,1.E0));
#1440=AXIS2_PLACEMENT_3D('',#1437,#1438,#1439);
#1442=CARTESIAN_POINT('',(1.97E1,0.E0,0.E0));
#1443=DIRECTION('',(-1.E0,0.E0,0.E0));
#1444=DIRECTION('',(0.E0,3.478428316076E-12,1.E0));
#1445=AXIS2_PLACEMENT_3D('',#1442,#1443,#1444);
#1447=CARTESIAN_POINT('',(1.97E1,0.E0,-6.2E0));
#1448=DIRECTION('',(0.E0,-1.E0,0.E0));
#1449=DIRECTION('',(0.E0,0.E0,-1.E0));
#1450=AXIS2_PLACEMENT_3D('',#1447,#1448,#1449);
#1452=DIRECTION('',(-1.E0,0.E0,0.E0));
#1453=VECTOR('',#1452,1.8E0);
#1454=CARTESIAN_POINT('',(1.97E1,1.113024202758E-11,6.4E0));
#1455=LINE('',#1454,#1453);
#1456=DIRECTION('',(-1.E0,0.E0,0.E0));
#1457=VECTOR('',#1456,1.8E0);
#1458=CARTESIAN_POINT('',(1.97E1,0.E0,-6.4E0));
#1459=LINE('',#1458,#1457);
#1460=CARTESIAN_POINT('',(1.79E1,0.E0,0.E0));
#1461=DIRECTION('',(1.E0,0.E0,0.E0));
#1462=DIRECTION('',(0.E0,3.478428316076E-12,1.E0));
#1463=AXIS2_PLACEMENT_3D('',#1460,#1461,#1462);
#1465=DIRECTION('',(-9.363291775691E-1,0.E0,-3.511234415884E-1));
#1466=VECTOR('',#1465,1.281600561798E0);
#1467=CARTESIAN_POINT('',(1.79E1,0.E0,-6.4E0));
#1468=LINE('',#1467,#1466);
#1469=CARTESIAN_POINT('',(1.67E1,0.E0,0.E0));
#1470=DIRECTION('',(-1.E0,0.E0,0.E0));
#1471=DIRECTION('',(0.E0,0.E0,-1.E0));
#1472=AXIS2_PLACEMENT_3D('',#1469,#1470,#1471);
#1474=DIRECTION('',(-9.363291775691E-1,-8.685559244692E-12,3.511234415884E-1));
#1475=VECTOR('',#1474,1.281600561798E0);
#1476=CARTESIAN_POINT('',(1.79E1,1.113057872447E-11,6.4E0));
#1477=LINE('',#1476,#1475);
#1478=CARTESIAN_POINT('',(1.67E1,0.E0,0.E0));
#1479=DIRECTION('',(-1.E0,0.E0,0.E0));
#1480=DIRECTION('',(0.E0,0.E0,1.E0));
#1481=AXIS2_PLACEMENT_3D('',#1478,#1479,#1480);
#1483=CARTESIAN_POINT('',(1.79E1,0.E0,0.E0));
#1484=DIRECTION('',(1.E0,0.E0,0.E0));
#1485=DIRECTION('',(0.E0,0.E0,-1.E0));
#1486=AXIS2_PLACEMENT_3D('',#1483,#1484,#1485);
#1488=DIRECTION('',(-1.E0,0.E0,2.109423746788E-14));
#1489=VECTOR('',#1488,8.E-1);
#1490=CARTESIAN_POINT('',(1.67E1,0.E0,6.85E0));
#1491=LINE('',#1490,#1489);
#1492=DIRECTION('',(-1.E0,0.E0,-2.109423746788E-14));
#1493=VECTOR('',#1492,8.E-1);
#1494=CARTESIAN_POINT('',(1.67E1,0.E0,-6.85E0));
#1495=LINE('',#1494,#1493);
#1496=CARTESIAN_POINT('',(1.59E1,0.E0,0.E0));
#1497=DIRECTION('',(1.E0,0.E0,0.E0));
#1498=DIRECTION('',(0.E0,0.E0,1.E0));
#1499=AXIS2_PLACEMENT_3D('',#1496,#1497,#1498);
#1501=CARTESIAN_POINT('',(1.59E1,0.E0,0.E0));
#1502=DIRECTION('',(1.E0,0.E0,0.E0));
#1503=DIRECTION('',(0.E0,0.E0,-1.E0));
#1504=AXIS2_PLACEMENT_3D('',#1501,#1502,#1503);
#1506=CARTESIAN_POINT('',(1.59E1,0.E0,0.E0));
#1507=DIRECTION('',(-1.E0,0.E0,0.E0));
#1508=DIRECTION('',(0.E0,0.E0,1.E0));
#1509=AXIS2_PLACEMENT_3D('',#1506,#1507,#1508);
#1511=CARTESIAN_POINT('',(1.59E1,0.E0,0.E0));
#1512=DIRECTION('',(-1.E0,0.E0,0.E0));
#1513=DIRECTION('',(0.E0,0.E0,-1.E0));
#1514=AXIS2_PLACEMENT_3D('',#1511,#1512,#1513);
#1516=DIRECTION('',(-1.E0,0.E0,0.E0));
#1517=VECTOR('',#1516,2.1E0);
#1518=CARTESIAN_POINT('',(1.59E1,0.E0,6.35E0));
#1519=LINE('',#1518,#1517);
#1520=DIRECTION('',(-1.E0,0.E0,0.E0));
#1521=VECTOR('',#1520,2.1E0);
#1522=CARTESIAN_POINT('',(1.59E1,0.E0,-6.35E0));
#1523=LINE('',#1522,#1521);
#1524=CARTESIAN_POINT('',(1.38E1,0.E0,0.E0));
#1525=DIRECTION('',(-1.E0,0.E0,0.E0));
#1526=DIRECTION('',(0.E0,0.E0,1.E0));
#1527=AXIS2_PLACEMENT_3D('',#1524,#1525,#1526);
#1529=CARTESIAN_POINT('',(1.38E1,0.E0,0.E0));
#1530=DIRECTION('',(-1.E0,0.E0,0.E0));
#1531=DIRECTION('',(0.E0,0.E0,-1.E0));
#1532=AXIS2_PLACEMENT_3D('',#1529,#1530,#1531);
#1534=CARTESIAN_POINT('',(1.38E1,0.E0,0.E0));
#1535=DIRECTION('',(1.E0,0.E0,0.E0));
#1536=DIRECTION('',(0.E0,0.E0,1.E0));
#1537=AXIS2_PLACEMENT_3D('',#1534,#1535,#1536);
#1539=CARTESIAN_POINT('',(1.38E1,0.E0,0.E0));
#1540=DIRECTION('',(1.E0,0.E0,0.E0));
#1541=DIRECTION('',(0.E0,0.E0,-1.E0));
#1542=AXIS2_PLACEMENT_3D('',#1539,#1540,#1541);
#1544=DIRECTION('',(-1.E0,1.052147987485E-10,0.E0));
#1545=VECTOR('',#1544,8.566018894200E-1);
#1546=CARTESIAN_POINT('',(1.38E1,-2.138947803399E-12,7.7E0));
#1547=LINE('',#1546,#1545);
#1548=CARTESIAN_POINT('',(1.294339811321E1,0.E0,0.E0));
#1549=DIRECTION('',(1.E0,0.E0,0.E0));
#1550=DIRECTION('',(0.E0,0.E0,-1.E0));
#1551=AXIS2_PLACEMENT_3D('',#1548,#1549,#1550);
#1553=CARTESIAN_POINT('',(1.267839863071E1,0.E0,0.E0));
#1554=DIRECTION('',(-1.E0,0.E0,0.E0));
#1555=DIRECTION('',(0.E0,0.E0,1.E0));
#1556=AXIS2_PLACEMENT_3D('',#1553,#1554,#1555);
#1558=CARTESIAN_POINT('',(1.267839863071E1,0.E0,0.E0));
#1559=DIRECTION('',(-1.E0,0.E0,0.E0));
#1560=DIRECTION('',(0.E0,9.738660316559E-3,9.999525781232E-1));
#1561=AXIS2_PLACEMENT_3D('',#1558,#1559,#1560);
#1563=CARTESIAN_POINT('',(1.294339811321E1,-1.675506955401E-10,-7.2E0));
#1564=DIRECTION('',(0.E0,-1.E0,2.327093032162E-11));
#1565=DIRECTION('',(-5.299989649982E-1,-1.973370908182E-11,-8.479982883832E-1));
#1566=AXIS2_PLACEMENT_3D('',#1563,#1564,#1565);
#1568=CARTESIAN_POINT('',(1.294339811321E1,0.E0,0.E0));
#1569=DIRECTION('',(1.E0,0.E0,0.E0));
#1570=DIRECTION('',(0.E0,-4.166781435193E-13,1.E0));
#1571=AXIS2_PLACEMENT_3D('',#1568,#1569,#1570);
#1573=CARTESIAN_POINT('',(1.267839863071E1,0.E0,0.E0));
#1574=DIRECTION('',(-1.E0,0.E0,0.E0));
#1575=DIRECTION('',(0.E0,-3.882350337189E-12,-1.E0));
#1576=AXIS2_PLACEMENT_3D('',#1573,#1574,#1575);
#1578=CARTESIAN_POINT('',(1.267839863071E1,0.E0,0.E0));
#1579=DIRECTION('',(-1.E0,0.E0,0.E0));
#1580=DIRECTION('',(0.E0,-9.738660316559E-3,-9.999525781232E-1));
#1581=AXIS2_PLACEMENT_3D('',#1578,#1579,#1580);
#1583=CARTESIAN_POINT('',(1.294339811321E1,1.675506955401E-10,7.2E0));
#1584=DIRECTION('',(0.E0,1.E0,-2.327093032162E-11));
#1585=DIRECTION('',(-5.299989649982E-1,1.973370908182E-11,8.479982883832E-1));
#1586=AXIS2_PLACEMENT_3D('',#1583,#1584,#1585);
#1588=DIRECTION('',(-1.E0,-1.045907295839E-10,0.E0));
#1589=VECTOR('',#1588,8.566018894200E-1);
#1590=CARTESIAN_POINT('',(1.38E1,0.E0,-7.7E0));
#1591=LINE('',#1590,#1589);
#1592=DIRECTION('',(-8.479983040058E-1,1.522399512349E-10,5.299989400020E-1));
#1593=VECTOR('',#1592,1.042262095330E0);
#1594=CARTESIAN_POINT('',(1.267839863071E1,-1.035076836371E-10,
-7.623999144192E0));
#1595=LINE('',#1594,#1593);
#1596=CARTESIAN_POINT('',(1.179456214154E1,0.E0,0.E0));
#1597=DIRECTION('',(1.E0,0.E0,0.E0));
#1598=DIRECTION('',(0.E0,0.E0,1.E0));
#1599=AXIS2_PLACEMENT_3D('',#1596,#1597,#1598);
#1601=CARTESIAN_POINT('',(1.179456214154E1,0.E0,0.E0));
#1602=DIRECTION('',(1.E0,0.E0,0.E0));
#1603=DIRECTION('',(0.E0,-1.121847074795E-2,9.999370709770E-1));
#1604=AXIS2_PLACEMENT_3D('',#1601,#1602,#1603);
#1606=CARTESIAN_POINT('',(1.137056301887E1,0.E0,0.E0));
#1607=DIRECTION('',(-1.E0,0.E0,0.E0));
#1608=DIRECTION('',(0.E0,0.E0,-1.E0));
#1609=AXIS2_PLACEMENT_3D('',#1606,#1607,#1608);
#1611=CARTESIAN_POINT('',(1.137056301887E1,0.E0,0.E0));
#1612=DIRECTION('',(-1.E0,0.E0,0.E0));
#1613=DIRECTION('',(0.E0,-1.121847074795E-2,9.999370709770E-1));
#1614=AXIS2_PLACEMENT_3D('',#1611,#1612,#1613);
#1616=CARTESIAN_POINT('',(1.137056301887E1,-1.510069014277E-10,7.75E0));
#1617=DIRECTION('',(0.E0,-1.E0,-1.948476276159E-11));
#1618=DIRECTION('',(0.E0,1.948476276159E-11,-1.E0));
#1619=AXIS2_PLACEMENT_3D('',#1616,#1617,#1618);
#1621=CARTESIAN_POINT('',(1.179456214154E1,0.E0,0.E0));
#1622=DIRECTION('',(1.E0,0.E0,0.E0));
#1623=DIRECTION('',(0.E0,-3.882350337189E-12,-1.E0));
#1624=AXIS2_PLACEMENT_3D('',#1621,#1622,#1623);
#1626=CARTESIAN_POINT('',(1.179456214154E1,0.E0,0.E0));
#1627=DIRECTION('',(1.E0,0.E0,0.E0));
#1628=DIRECTION('',(0.E0,1.121847074795E-2,-9.999370709770E-1));
#1629=AXIS2_PLACEMENT_3D('',#1626,#1627,#1628);
#1631=CARTESIAN_POINT('',(1.137056301887E1,0.E0,0.E0));
#1632=DIRECTION('',(-1.E0,0.E0,0.E0));
#1633=DIRECTION('',(0.E0,-1.248901322778E-12,1.E0));
#1634=AXIS2_PLACEMENT_3D('',#1631,#1632,#1633);
#1636=CARTESIAN_POINT('',(1.137056301887E1,0.E0,0.E0));
#1637=DIRECTION('',(-1.E0,0.E0,0.E0));
#1638=DIRECTION('',(0.E0,1.121847074795E-2,-9.999370709770E-1));
#1639=AXIS2_PLACEMENT_3D('',#1636,#1637,#1638);
#1641=CARTESIAN_POINT('',(1.137056301887E1,1.510069014277E-10,-7.75E0));
#1642=DIRECTION('',(0.E0,1.E0,1.948476276159E-11));
#1643=DIRECTION('',(0.E0,-1.948476276159E-11,1.E0));
#1644=AXIS2_PLACEMENT_3D('',#1641,#1642,#1643);
#1646=DIRECTION('',(-8.479983040058E-1,-1.512112827419E-10,-5.299989400020E-1));
#1647=VECTOR('',#1646,1.042262095330E0);
#1648=CARTESIAN_POINT('',(1.267839863071E1,8.870863264827E-11,
7.623999144192E0));
#1649=LINE('',#1648,#1647);
#1650=DIRECTION('',(-1.E0,2.918273316770E-11,0.E0));
#1651=VECTOR('',#1650,2.365590378012E0);
#1652=CARTESIAN_POINT('',(1.137056301887E1,-7.204885042984E-11,6.95E0));
#1653=LINE('',#1652,#1651);
#1654=CARTESIAN_POINT('',(9.004972690940E0,0.E0,0.E0));
#1655=DIRECTION('',(1.E0,0.E0,0.E0));
#1656=DIRECTION('',(0.E0,0.E0,-1.E0));
#1657=AXIS2_PLACEMENT_3D('',#1654,#1655,#1656);
#1659=CARTESIAN_POINT('',(8.146964455366E0,0.E0,0.E0));
#1660=DIRECTION('',(-1.E0,0.E0,0.E0));
#1661=DIRECTION('',(0.E0,0.E0,1.E0));
#1662=AXIS2_PLACEMENT_3D('',#1659,#1660,#1661);
#1664=CARTESIAN_POINT('',(8.146964455366E0,0.E0,0.E0));
#1665=DIRECTION('',(-1.E0,0.E0,0.E0));
#1666=DIRECTION('',(0.E0,1.078955608614E-2,9.999417910456E-1));
#1667=AXIS2_PLACEMENT_3D('',#1664,#1665,#1666);
#1669=CARTESIAN_POINT('',(9.004972690940E0,-2.196721970993E-12,-5.75E0));
#1670=DIRECTION('',(0.E0,-1.E0,3.820381511144E-13));
#1671=DIRECTION('',(-7.150068629780E-1,-2.670895317255E-13,-6.991174335505E-1));
#1672=AXIS2_PLACEMENT_3D('',#1669,#1670,#1671);
#1674=CARTESIAN_POINT('',(9.004972690940E0,0.E0,0.E0));
#1675=DIRECTION('',(1.E0,0.E0,0.E0));
#1676=DIRECTION('',(0.E0,-1.248901322778E-12,1.E0));
#1677=AXIS2_PLACEMENT_3D('',#1674,#1675,#1676);
#1679=CARTESIAN_POINT('',(8.146964455366E0,0.E0,0.E0));
#1680=DIRECTION('',(-1.E0,0.E0,0.E0));
#1681=DIRECTION('',(0.E0,1.526656238785E-12,-1.E0));
#1682=AXIS2_PLACEMENT_3D('',#1679,#1680,#1681);
#1684=CARTESIAN_POINT('',(8.146964455366E0,0.E0,0.E0));
#1685=DIRECTION('',(-1.E0,0.E0,0.E0));
#1686=DIRECTION('',(0.E0,-1.078955608614E-2,-9.999417910456E-1));
#1687=AXIS2_PLACEMENT_3D('',#1684,#1685,#1686);
#1689=CARTESIAN_POINT('',(9.004972690940E0,2.191614945080E-12,5.75E0));
#1690=DIRECTION('',(0.E0,1.E0,-3.811499726947E-13));
#1691=DIRECTION('',(-7.150068629780E-1,2.664685907082E-13,6.991174335505E-1));
#1692=AXIS2_PLACEMENT_3D('',#1689,#1690,#1691);
#1694=DIRECTION('',(-1.E0,-2.918333448620E-11,0.E0));
#1695=VECTOR('',#1694,2.365590378012E0);
#1696=CARTESIAN_POINT('',(1.137056301887E1,6.770922246731E-11,-6.95E0));
#1697=LINE('',#1696,#1695);
#1698=DIRECTION('',(-6.991176319239E-1,1.751497332562E-11,7.150066690130E-1));
#1699=VECTOR('',#1698,1.800230260817E0);
#1700=CARTESIAN_POINT('',(8.146964455366E0,3.771439966626E-12,
-6.588940920261E0));
#1701=LINE('',#1700,#1699);
#1702=CARTESIAN_POINT('',(6.888391738506E0,0.E0,0.E0));
#1703=DIRECTION('',(1.E0,0.E0,0.E0));
#1704=DIRECTION('',(0.E0,0.E0,1.E0));
#1705=AXIS2_PLACEMENT_3D('',#1702,#1703,#1704);
#1707=CARTESIAN_POINT('',(6.888391738506E0,0.E0,0.E0));
#1708=DIRECTION('',(1.E0,0.E0,0.E0));
#1709=DIRECTION('',(0.E0,-1.448281995604E-2,9.998951184630E-1));
#1710=AXIS2_PLACEMENT_3D('',#1707,#1708,#1709);
#1712=CARTESIAN_POINT('',(5.458378848434E0,0.E0,0.E0));
#1713=DIRECTION('',(-1.E0,0.E0,0.E0));
#1714=DIRECTION('',(0.E0,0.E0,-1.E0));
#1715=AXIS2_PLACEMENT_3D('',#1712,#1713,#1714);
#1717=CARTESIAN_POINT('',(5.458378848434E0,0.E0,0.E0));
#1718=DIRECTION('',(-1.E0,0.E0,0.E0));
#1719=DIRECTION('',(0.E0,-1.448281995604E-2,9.998951184630E-1));
#1720=AXIS2_PLACEMENT_3D('',#1717,#1718,#1719);
#1722=CARTESIAN_POINT('',(5.458378848434E0,-7.899969567404E-11,6.7E0));
#1723=DIRECTION('',(0.E0,-1.E0,-1.179100046766E-11));
#1724=DIRECTION('',(0.E0,1.179100046766E-11,-1.E0));
#1725=AXIS2_PLACEMENT_3D('',#1722,#1723,#1724);
#1727=CARTESIAN_POINT('',(5.458378848434E0,4.682440358829E0,4.058968908564E-1));
#1728=CARTESIAN_POINT('',(5.467711968030E0,4.686343832789E0,3.608662822973E-1));
#1729=CARTESIAN_POINT('',(5.483191788907E0,4.692989757381E0,2.705444591828E-1));
#1730=CARTESIAN_POINT('',(5.496982461666E0,4.699081493336E0,1.349149568869E-1));
#1731=CARTESIAN_POINT('',(5.500000046929E0,4.700433147792E0,4.484348823804E-2));
#1732=CARTESIAN_POINT('',(5.499999999943E0,4.700433126822E0,
-2.095460298662E-6));
#1734=CARTESIAN_POINT('',(5.499999999943E0,4.700433126822E0,
-2.095460298662E-6));
#1735=CARTESIAN_POINT('',(5.499999952949E0,4.700433105848E0,
-4.485524144101E-2));
#1736=CARTESIAN_POINT('',(5.496981146680E0,4.699080910337E0,
-1.349364526318E-1));
#1737=CARTESIAN_POINT('',(5.483188953355E0,4.692988519859E0,
-2.705636098188E-1));
#1738=CARTESIAN_POINT('',(5.467710316341E0,4.686343141988E0,
-3.608742514005E-1));
#1739=CARTESIAN_POINT('',(5.458378848434E0,4.682440358829E0,
-4.058968908563E-1));
#1741=CARTESIAN_POINT('',(5.458378848434E0,0.E0,0.E0));
#1742=DIRECTION('',(-1.E0,0.E0,0.E0));
#1743=DIRECTION('',(0.E0,9.962639061339E-1,-8.636104060773E-2));
#1744=AXIS2_PLACEMENT_3D('',#1741,#1742,#1743);
#1746=CARTESIAN_POINT('',(5.458378848434E0,0.E0,0.E0));
#1747=DIRECTION('',(-1.E0,0.E0,0.E0));
#1748=DIRECTION('',(0.E0,1.448281995604E-2,-9.998951184630E-1));
#1749=AXIS2_PLACEMENT_3D('',#1746,#1747,#1748);
#1751=CARTESIAN_POINT('',(5.458378848434E0,7.899969567404E-11,-6.7E0));
#1752=DIRECTION('',(0.E0,1.E0,1.179100046766E-11));
#1753=DIRECTION('',(0.E0,-1.179100046766E-11,1.E0));
#1754=AXIS2_PLACEMENT_3D('',#1751,#1752,#1753);
#1756=CARTESIAN_POINT('',(6.888391738506E0,0.E0,0.E0));
#1757=DIRECTION('',(1.E0,0.E0,0.E0));
#1758=DIRECTION('',(0.E0,1.526656238785E-12,-1.E0));
#1759=AXIS2_PLACEMENT_3D('',#1756,#1757,#1758);
#1761=CARTESIAN_POINT('',(6.888391738506E0,0.E0,0.E0));
#1762=DIRECTION('',(1.E0,0.E0,0.E0));
#1763=DIRECTION('',(0.E0,1.448281995604E-2,-9.998951184630E-1));
#1764=AXIS2_PLACEMENT_3D('',#1761,#1762,#1763);
#1766=CARTESIAN_POINT('',(5.458378848434E0,0.E0,0.E0));
#1767=DIRECTION('',(-1.E0,0.E0,0.E0));
#1768=DIRECTION('',(0.E0,-7.360457028735E-12,1.E0));
#1769=AXIS2_PLACEMENT_3D('',#1766,#1767,#1768);
#1771=DIRECTION('',(0.E0,-1.E0,-3.798963458252E-14));
#1772=VECTOR('',#1771,2.221051894780E-1);
#1773=CARTESIAN_POINT('',(3.5E0,4.253234063627E0,2.E0));
#1774=LINE('',#1773,#1772);
#1775=CARTESIAN_POINT('',(3.5E0,4.253234063627E0,-2.E0));
#1776=CARTESIAN_POINT('',(3.357612763484E0,4.253234063627E0,-2.E0));
#1777=CARTESIAN_POINT('',(3.074374018400E0,4.267088296181E0,-1.971053259996E0));
#1778=CARTESIAN_POINT('',(2.633346416824E0,4.333890117679E0,-1.822741407727E0));
#1779=CARTESIAN_POINT('',(2.238291399421E0,4.431934244147E0,-1.574977346108E0));
#1780=CARTESIAN_POINT('',(1.912095876126E0,4.537496277898E0,-1.243599035409E0));
#1781=CARTESIAN_POINT('',(1.675468540160E0,4.626833799473E0,
-8.616825597318E-1));
#1782=CARTESIAN_POINT('',(1.528293485214E0,4.687953963228E0,
-4.216773564773E-1));
#1783=CARTESIAN_POINT('',(1.485291101079E0,4.706198747209E0,2.554133033209E-3));
#1784=CARTESIAN_POINT('',(1.529980545393E0,4.687246704181E0,4.271129061523E-1));
#1785=CARTESIAN_POINT('',(1.672944288522E0,4.627920612699E0,8.539791296473E-1));
#1786=CARTESIAN_POINT('',(1.903826410562E0,4.540454723474E0,1.233049972197E0));
#1787=CARTESIAN_POINT('',(2.230762135594E0,4.433973557643E0,1.569733365223E0));
#1788=CARTESIAN_POINT('',(2.634494606714E0,4.333301348667E0,1.824317267263E0));
#1789=CARTESIAN_POINT('',(3.084050021471E0,4.266070270135E0,1.973197514162E0));
#1790=CARTESIAN_POINT('',(3.362041264210E0,4.253234063627E0,2.E0));
#1791=CARTESIAN_POINT('',(3.5E0,4.253234063627E0,2.E0));
#1793=CARTESIAN_POINT('',(3.5E0,4.253234063627E0,2.E0));
#1794=CARTESIAN_POINT('',(3.646715938738E0,4.253234063627E0,2.E0));
#1795=CARTESIAN_POINT('',(3.935467694945E0,4.268145228365E0,1.968788904981E0));
#1796=CARTESIAN_POINT('',(4.369062251437E0,4.334604503750E0,1.821003995164E0));
#1797=CARTESIAN_POINT('',(4.759611883467E0,4.431431696252E0,1.575990962676E0));
#1798=CARTESIAN_POINT('',(5.085918304438E0,4.536628240029E0,1.247424795509E0));
#1799=CARTESIAN_POINT('',(5.326318060921E0,4.627700278965E0,8.567679153042E-1));
#1800=CARTESIAN_POINT('',(5.425948029600E0,4.668876527840E0,5.623697071629E-1));
#1801=CARTESIAN_POINT('',(5.458378848434E0,4.682440358829E0,4.058968908564E-1));
#1803=DIRECTION('',(-1.E0,3.693175778009E-11,0.E0));
#1804=VECTOR('',#1803,7.583788484340E-1);
#1805=CARTESIAN_POINT('',(5.458378848434E0,-4.500506616821E-11,4.7E0));
#1806=LINE('',#1805,#1804);
#1807=CARTESIAN_POINT('',(4.7E0,-1.699680223230E-11,4.7E0));
#1808=CARTESIAN_POINT('',(4.7E0,1.161543153593E-1,4.700000000001E0));
#1809=CARTESIAN_POINT('',(4.691362033403E0,3.493302462843E-1,4.691362033402E0));
#1810=CARTESIAN_POINT('',(4.652272351153E0,6.985591941717E-1,4.652272351153E0));
#1811=CARTESIAN_POINT('',(4.586177528700E0,1.048798046148E0,4.586177528700E0));
#1812=CARTESIAN_POINT('',(4.491904071127E0,1.399190457261E0,4.491904071127E0));
#1813=CARTESIAN_POINT('',(4.367446871797E0,1.750081850130E0,4.367446871797E0));
#1814=CARTESIAN_POINT('',(4.211030913558E0,2.099462969439E0,4.211030913558E0));
#1815=CARTESIAN_POINT('',(4.019577458947E0,2.446873589428E0,4.019577458947E0));
#1816=CARTESIAN_POINT('',(3.791332885493E0,2.788231165414E0,3.791332885493E0));
#1817=CARTESIAN_POINT('',(3.522972128727E0,3.121210528348E0,3.522972128727E0));
#1818=CARTESIAN_POINT('',(3.213373906812E0,3.439854510390E0,3.213373906812E0));
#1819=CARTESIAN_POINT('',(2.860819944718E0,3.738943732172E0,2.860819944718E0));
#1820=CARTESIAN_POINT('',(2.465493869055E0,4.011335172704E0,2.465493869055E0));
#1821=CARTESIAN_POINT('',(2.029718469035E0,4.249095154720E0,2.029718469035E0));
#1822=CARTESIAN_POINT('',(1.557727047975E0,4.444386951289E0,1.557727047975E0));
#1823=CARTESIAN_POINT('',(1.055774698719E0,4.589980900146E0,1.055774698719E0));
#1824=CARTESIAN_POINT('',(5.334483794415E-1,4.679683718352E0,
5.334483794415E-1));
#1825=CARTESIAN_POINT('',(1.787940029424E-1,4.7E0,1.787940029424E-1));
#1826=CARTESIAN_POINT('',(0.E0,4.7E0,0.E0));
#1828=CARTESIAN_POINT('',(5.458378848434E0,4.682440358829E0,
-4.058968908563E-1));
#1829=CARTESIAN_POINT('',(5.427044743197E0,4.669335216162E0,
-5.570782630562E-1));
#1830=CARTESIAN_POINT('',(5.331524075722E0,4.629823763660E0,
-8.445336802460E-1));
#1831=CARTESIAN_POINT('',(5.094914947505E0,4.539815571024E0,-1.236169221174E0));
#1832=CARTESIAN_POINT('',(4.768494343186E0,4.433969166868E0,-1.569136041566E0));
#1833=CARTESIAN_POINT('',(4.376073474192E0,4.335841600391E0,-1.818217259702E0));
#1834=CARTESIAN_POINT('',(3.935342471081E0,4.267973610463E0,-1.969186795449E0));
#1835=CARTESIAN_POINT('',(3.646366964283E0,4.253234063627E0,-2.E0));
#1836=CARTESIAN_POINT('',(3.5E0,4.253234063627E0,-2.E0));
#1838=DIRECTION('',(0.E0,-1.E0,3.599018013081E-14));
#1839=VECTOR('',#1838,2.221051894780E-1);
#1840=CARTESIAN_POINT('',(3.5E0,4.253234063627E0,-2.E0));
#1841=LINE('',#1840,#1839);
#1842=CARTESIAN_POINT('',(3.5E0,4.031128874149E0,2.E0));
#1843=CARTESIAN_POINT('',(3.360245689832E0,4.031128874149E0,2.E0));
#1844=CARTESIAN_POINT('',(3.081757048237E0,4.045335473800E0,1.971811794352E0));
#1845=CARTESIAN_POINT('',(2.652557006028E0,4.112413387021E0,1.830902077846E0));
#1846=CARTESIAN_POINT('',(2.255314064338E0,4.214010659822E0,1.588758077728E0));
#1847=CARTESIAN_POINT('',(1.919467575960E0,4.327111595048E0,1.255159759343E0));
#1848=CARTESIAN_POINT('',(1.675539208120E0,4.423675308383E0,8.604232414736E-1));
#1849=CARTESIAN_POINT('',(1.531452549030E0,4.485890670944E0,4.355594933261E-1));
#1850=CARTESIAN_POINT('',(1.484216441890E0,4.507080191082E0,
-5.424269594074E-4));
#1851=CARTESIAN_POINT('',(1.531682082129E0,4.485788378558E0,
-4.365604461940E-1));
#1852=CARTESIAN_POINT('',(1.675935504682E0,4.423508143137E0,
-8.612800249616E-1));
#1853=CARTESIAN_POINT('',(1.920149435917E0,4.326859172799E0,-1.256014346508E0));
#1854=CARTESIAN_POINT('',(2.256014876444E0,4.213797922420E0,-1.589307950895E0));
#1855=CARTESIAN_POINT('',(2.653593758852E0,4.112198606080E0,-1.831378978648E0));
#1856=CARTESIAN_POINT('',(3.082629520240E0,4.045257177853E0,-1.971965003139E0));
#1857=CARTESIAN_POINT('',(3.360599943758E0,4.031128874149E0,-2.E0));
#1858=CARTESIAN_POINT('',(3.5E0,4.031128874149E0,-2.E0));
#1860=CARTESIAN_POINT('',(3.5E0,4.031128874149E0,-2.E0));
#1861=CARTESIAN_POINT('',(3.644976038620E0,4.031128874149E0,-2.E0));
#1862=CARTESIAN_POINT('',(3.931285202823E0,4.046404517384E0,-1.969725433406E0));
#1863=CARTESIAN_POINT('',(4.366097513599E0,4.116305216730E0,-1.822369018214E0));
#1864=CARTESIAN_POINT('',(4.757467750987E0,4.218027039322E0,-1.577970219172E0));
#1865=CARTESIAN_POINT('',(5.085734063447E0,4.329081890363E0,-1.247883846312E0));
#1866=CARTESIAN_POINT('',(5.327589359890E0,4.424937590921E0,
-8.544521612397E-1));
#1867=CARTESIAN_POINT('',(5.426195326415E0,4.467593360733E0,
-5.611765449029E-1));
#1868=CARTESIAN_POINT('',(5.458378848434E0,4.481656804575E0,
-4.058968908563E-1));
#1870=CARTESIAN_POINT('',(5.458378848434E0,4.481656804575E0,4.058968908564E-1));
#1871=CARTESIAN_POINT('',(5.427538794615E0,4.468180424808E0,5.546945546065E-1));
#1872=CARTESIAN_POINT('',(5.333979162761E0,4.427655009563E0,8.394096589701E-1));
#1873=CARTESIAN_POINT('',(5.096688427568E0,4.333183928557E0,1.234009160328E0));
#1874=CARTESIAN_POINT('',(4.769199179348E0,4.221505804987E0,1.569010981775E0));
#1875=CARTESIAN_POINT('',(4.374629175210E0,4.117954185065E0,1.818840499526E0));
#1876=CARTESIAN_POINT('',(3.934025523348E0,4.046522033516E0,1.969511161290E0));
#1877=CARTESIAN_POINT('',(3.645773433983E0,4.031128874149E0,2.E0));
#1878=CARTESIAN_POINT('',(3.5E0,4.031128874149E0,2.E0));
#1880=CARTESIAN_POINT('',(2.419148942828E0,4.459802705830E0,
-5.999975741899E-1));
#1881=CARTESIAN_POINT('',(2.478628164825E0,4.468705860063E0,
-5.338201210741E-1));
#1882=CARTESIAN_POINT('',(2.597940077958E0,4.483584959210E0,
-4.010672430427E-1));
#1883=CARTESIAN_POINT('',(2.777784216892E0,4.497031236705E0,
-2.009563706055E-1));
#1884=CARTESIAN_POINT('',(2.898128858674E0,4.499935885676E0,
-6.704397570407E-2));
#1885=CARTESIAN_POINT('',(2.958382768215E0,4.499935885676E0,1.406058446446E-7));
#1887=CARTESIAN_POINT('',(2.958382768215E0,4.499935885676E0,1.406058446446E-7));
#1888=CARTESIAN_POINT('',(3.055897264949E0,4.499935885676E0,1.085038594616E-1));
#1889=CARTESIAN_POINT('',(3.250259210287E0,4.492183795433E0,3.247855225199E-1));
#1890=CARTESIAN_POINT('',(3.539004167326E0,4.457262866275E0,6.460884946253E-1));
#1891=CARTESIAN_POINT('',(3.729085518957E0,4.418831737566E0,8.575895989063E-1));
#1892=CARTESIAN_POINT('',(3.823404228687E0,4.395860979059E0,9.624999999306E-1));
#1894=CARTESIAN_POINT('',(3.823404228687E0,4.395860979059E0,9.624999999306E-1));
#1895=CARTESIAN_POINT('',(3.844798545611E0,4.392803114318E0,9.764656604982E-1));
#1896=CARTESIAN_POINT('',(3.887509187494E0,4.386559014090E0,1.004346215983E0));
#1897=CARTESIAN_POINT('',(3.951339714783E0,4.376809920937E0,1.046013586288E0));
#1898=CARTESIAN_POINT('',(3.993735412739E0,4.370056676321E0,1.073688609647E0));
#1899=CARTESIAN_POINT('',(4.014893567562E0,4.366616953368E0,1.087500059522E0));
#1901=CARTESIAN_POINT('',(4.014893567562E0,4.366616953368E0,1.087500059522E0));
#1902=CARTESIAN_POINT('',(4.043328179413E0,4.364883442746E0,1.094460589599E0));
#1903=CARTESIAN_POINT('',(4.100153553104E0,4.361383735187E0,1.108370954901E0));
#1904=CARTESIAN_POINT('',(4.185259975598E0,4.356036243750E0,1.129204322463E0));
#1905=CARTESIAN_POINT('',(4.241909762546E0,4.352406049605E0,1.143071710048E0));
#1906=CARTESIAN_POINT('',(4.270212686062E0,4.350574674664E0,1.149999999995E0));
#1908=DIRECTION('',(1.E0,1.252329966915E-13,-4.800598206507E-13));
#1909=VECTOR('',#1908,1.276597380640E-1);
#1910=CARTESIAN_POINT('',(4.270212686062E0,4.350574674664E0,1.149999999995E0));
#1911=LINE('',#1910,#1909);
#1912=CARTESIAN_POINT('',(4.397872424126E0,4.350574674664E0,1.149999999995E0));
#1913=CARTESIAN_POINT('',(4.426175347644E0,4.352406049606E0,1.143071710048E0));
#1914=CARTESIAN_POINT('',(4.482825134597E0,4.356036242902E0,1.129204322250E0));
#1915=CARTESIAN_POINT('',(4.567931557091E0,4.361383738158E0,1.108370955639E0));
#1916=CARTESIAN_POINT('',(4.624756930777E0,4.364883436381E0,1.094460588013E0));
#1917=CARTESIAN_POINT('',(4.653191542625E0,4.366616947003E0,1.087500057937E0));
#1919=CARTESIAN_POINT('',(4.653191542625E0,4.366616947003E0,1.087500057937E0));
#1920=CARTESIAN_POINT('',(4.681293366812E0,4.373469689258E0,1.059984380818E0));
#1921=CARTESIAN_POINT('',(4.737679119853E0,4.386667590397E0,1.004773060648E0));
#1922=CARTESIAN_POINT('',(4.822792373008E0,4.404928422113E0,9.214320152884E-1));
#1923=CARTESIAN_POINT('',(4.879881575177E0,4.416069280383E0,8.655322243997E-1));
#1924=CARTESIAN_POINT('',(4.908510661125E0,4.421379170504E0,8.374999386718E-1));
#1926=CARTESIAN_POINT('',(4.908510661125E0,4.421379170504E0,8.374999386718E-1));
#1927=CARTESIAN_POINT('',(4.922614872566E0,4.426611071099E0,8.098793798571E-1));
#1928=CARTESIAN_POINT('',(4.950880505342E0,4.436559985396E0,7.545257263123E-1));
#1929=CARTESIAN_POINT('',(4.993439568034E0,4.449931774751E0,6.711808115333E-1));
#1930=CARTESIAN_POINT('',(5.021911435728E0,4.457807453242E0,6.154233973995E-1));
#1931=CARTESIAN_POINT('',(5.036170220375E0,4.461484479567E0,5.875000001685E-1));
#1933=CARTESIAN_POINT('',(5.036170220375E0,4.461484479567E0,5.875000001685E-1));
#1934=CARTESIAN_POINT('',(5.043231134727E0,4.466947043929E0,5.460171982706E-1));
#1935=CARTESIAN_POINT('',(5.057379117678E0,4.476715203029E0,4.628975602693E-1));
#1936=CARTESIAN_POINT('',(5.078663825454E0,4.487884923112E0,3.378502916077E-1));
#1937=CARTESIAN_POINT('',(5.092884553485E0,4.493003594530E0,2.543032661217E-1));
#1938=CARTESIAN_POINT('',(5.1E0,4.494979842330E0,2.125000001733E-1));
#1940=CARTESIAN_POINT('',(5.1E0,4.499843747305E0,-3.750002980453E-2));
#1941=CARTESIAN_POINT('',(5.092893145645E0,4.499437803094E0,
-8.621160492755E-2));
#1942=CARTESIAN_POINT('',(5.078681929939E0,4.497043882630E0,
-1.836180384853E-1));
#1943=CARTESIAN_POINT('',(5.057394252028E0,4.488711494491E0,
-3.295266797553E-1));
#1944=CARTESIAN_POINT('',(5.043236785812E0,4.480001671178E0,
-4.265646754833E-1));
#1945=CARTESIAN_POINT('',(5.036170220375E0,4.474860329296E0,
-4.750000146742E-1));
#1947=CARTESIAN_POINT('',(5.036170220375E0,4.474860329296E0,
-4.750000146742E-1));
#1948=CARTESIAN_POINT('',(5.021924021784E0,4.471898913989E0,
-5.028987924946E-1));
#1949=CARTESIAN_POINT('',(4.993468944767E0,4.465456142545E0,
-5.586233444231E-1));
#1950=CARTESIAN_POINT('',(4.950909891542E0,4.454237646099E0,
-6.419681879624E-1));
#1951=CARTESIAN_POINT('',(4.922627460953E0,4.445726139757E0,
-6.973547375971E-1));
#1952=CARTESIAN_POINT('',(4.908510661125E0,4.441213225593E0,
-7.249999984412E-1));
#1954=CARTESIAN_POINT('',(4.908510661125E0,4.441213225593E0,
-7.249999984412E-1));
#1955=CARTESIAN_POINT('',(4.879913669032E0,4.436642247297E0,
-7.530009492072E-1));
#1956=CARTESIAN_POINT('',(4.822867197899E0,4.426980085402E0,
-8.088588911472E-1));
#1957=CARTESIAN_POINT('',(4.737753866864E0,4.410938259422E0,
-8.921997228840E-1));
#1958=CARTESIAN_POINT('',(4.681325350749E0,4.399219160166E0,
-9.474528682999E-1));
#1959=CARTESIAN_POINT('',(4.653191542625E0,4.393105387396E0,
-9.749999946962E-1));
#1961=CARTESIAN_POINT('',(4.653191542625E0,4.393105387396E0,
-9.749999946962E-1));
#1962=CARTESIAN_POINT('',(4.624763620226E0,4.391560937494E0,
-9.819588985162E-1));
#1963=CARTESIAN_POINT('',(4.567947164948E0,4.388439482771E0,
-9.958670967901E-1));
#1964=CARTESIAN_POINT('',(4.482840741962E0,4.383659701937E0,-1.016700474789E0));
#1965=CARTESIAN_POINT('',(4.426182036020E0,4.380408208477E0,-1.030570059231E0));
#1966=CARTESIAN_POINT('',(4.397872424126E0,4.378766236468E0,-1.037499998131E0));
#1968=CARTESIAN_POINT('',(4.397872424126E0,4.441213234677E0,
-7.249999999240E-1));
#1969=CARTESIAN_POINT('',(4.419073045281E0,4.443472403103E0,
-7.111607603189E-1));
#1970=CARTESIAN_POINT('',(4.461525426110E0,4.447863393782E0,
-6.834487561267E-1));
#1971=CARTESIAN_POINT('',(4.525356000384E0,4.454066528118E0,
-6.417814985934E-1));
#1972=CARTESIAN_POINT('',(4.568009974612E0,4.457945489093E0,
-6.139379339314E-1));
#1973=CARTESIAN_POINT('',(4.589361763E0,4.459820624867E0,-5.999999849196E-1));
#1975=CARTESIAN_POINT('',(4.589361763E0,4.459820624867E0,-5.999999849196E-1));
#1976=CARTESIAN_POINT('',(4.603500237417E0,4.462614345326E0,
-5.792341641925E-1));
#1977=CARTESIAN_POINT('',(4.631809607270E0,4.467912901932E0,
-5.376547126203E-1));
#1978=CARTESIAN_POINT('',(4.674365617877E0,4.474991795134E0,
-4.751505483734E-1));
#1979=CARTESIAN_POINT('',(4.702793793229E0,4.479130243025E0,
-4.333966599764E-1));
#1980=CARTESIAN_POINT('',(4.717021322250E0,4.481053870416E0,
-4.124999853791E-1));
#1982=CARTESIAN_POINT('',(4.717021322250E0,4.481053870416E0,
-4.124999853791E-1));
#1983=CARTESIAN_POINT('',(4.724096118345E0,4.484242352883E0,
-3.778629860863E-1));
#1984=CARTESIAN_POINT('',(4.738260934638E0,4.489816160007E0,
-3.085142572328E-1));
#1985=CARTESIAN_POINT('',(4.759543068895E0,4.495762854063E0,
-2.043207021354E-1));
#1986=CARTESIAN_POINT('',(4.773746989746E0,4.498115664266E0,
-1.347805299808E-1));
#1987=CARTESIAN_POINT('',(4.780851101875E0,4.498888756273E0,
-9.999997028506E-2));
#1989=CARTESIAN_POINT('',(4.780851101875E0,4.497499310098E0,1.499999703289E-1));
#1990=CARTESIAN_POINT('',(4.773744109303E0,4.496338843516E0,1.847946282038E-1));
#1991=CARTESIAN_POINT('',(4.759536342198E0,4.493210426566E0,2.543536206183E-1));
#1992=CARTESIAN_POINT('',(4.738254201370E0,4.486098431735E0,3.585471973517E-1));
#1993=CARTESIAN_POINT('',(4.724093231628E0,4.479746953545E0,4.278770849732E-1));
#1994=CARTESIAN_POINT('',(4.717021322250E0,4.476169549125E0,4.624999407115E-1));
#1996=CARTESIAN_POINT('',(4.717021322250E0,4.476169549125E0,4.624999407115E-1));
#1997=CARTESIAN_POINT('',(4.702789304832E0,4.474009720887E0,4.834032026201E-1));
#1998=CARTESIAN_POINT('',(4.674355144774E0,4.469398616687E0,5.251658781250E-1));
#1999=CARTESIAN_POINT('',(4.631799135745E0,4.461610207506E0,5.876700555524E-1));
#2000=CARTESIAN_POINT('',(4.603495752435E0,4.455838443663E0,6.292407173574E-1));
#2001=CARTESIAN_POINT('',(4.589361763E0,4.452808110157E0,6.499999402053E-1));
#2003=CARTESIAN_POINT('',(4.589361763E0,4.452808110157E0,6.499999402053E-1));
#2004=CARTESIAN_POINT('',(4.568004180899E0,4.450772962077E0,6.639416705316E-1));
#2005=CARTESIAN_POINT('',(4.525342485409E0,4.446574011211E0,6.917902840506E-1));
#2006=CARTESIAN_POINT('',(4.461511916169E0,4.439891100770E0,7.334575669706E-1));
#2007=CARTESIAN_POINT('',(4.419067258207E0,4.435180470764E0,7.611645411679E-1));
#2008=CARTESIAN_POINT('',(4.397872424126E0,4.432761554158E0,7.749999999215E-1));
#2010=DIRECTION('',(-1.E0,-1.181886406276E-9,-2.059404450176E-10));
#2011=VECTOR('',#2010,1.276597380640E-1);
#2012=CARTESIAN_POINT('',(4.397872424126E0,4.432761554158E0,7.749999999215E-1));
#2013=LINE('',#2012,#2011);
#2014=CARTESIAN_POINT('',(4.270212686062E0,4.432761554007E0,7.749999998952E-1));
#2015=CARTESIAN_POINT('',(4.241959279789E0,4.435179924171E0,7.611676666199E-1));
#2016=CARTESIAN_POINT('',(4.185375131420E0,4.439889978807E0,7.334649851255E-1));
#2017=CARTESIAN_POINT('',(4.100268084853E0,4.446572452913E0,6.917977993897E-1));
#2018=CARTESIAN_POINT('',(4.043377087564E0,4.450773317319E0,6.639450848653E-1));
#2019=CARTESIAN_POINT('',(4.014893567562E0,4.452808945997E0,6.500000622170E-1));
#2021=CARTESIAN_POINT('',(4.014893567562E0,4.452808945997E0,6.500000622170E-1));
#2022=CARTESIAN_POINT('',(3.949604683523E0,4.463260778257E0,5.784000503193E-1));
#2023=CARTESIAN_POINT('',(3.818561229613E0,4.480693788254E0,4.346968345755E-1));
#2024=CARTESIAN_POINT('',(3.620866677185E0,4.496532241610E0,2.178934024299E-1));
#2025=CARTESIAN_POINT('',(3.488486255038E0,4.499880286752E0,7.270667912812E-2));
#2026=CARTESIAN_POINT('',(3.422188521982E0,4.499880287342E0,5.476829561968E-8));
#2028=CARTESIAN_POINT('',(3.422188521982E0,4.499880287342E0,5.476829561968E-8));
#2029=CARTESIAN_POINT('',(3.308584711855E0,4.499880288353E0,
-1.245856462501E-1));
#2030=CARTESIAN_POINT('',(3.082405535985E0,4.489713546410E0,
-3.726403513996E-1));
#2031=CARTESIAN_POINT('',(2.747463939031E0,4.443840593304E0,
-7.400049878385E-1));
#2032=CARTESIAN_POINT('',(2.527825803088E0,4.393529632964E0,
-9.808182061356E-1));
#2033=CARTESIAN_POINT('',(2.419148942828E0,4.363484845854E0,-1.1E0));
#2035=DIRECTION('',(-1.E0,3.311721198502E-13,1.273203738079E-13));
#2036=VECTOR('',#2035,3.191489428281E-1);
#2037=CARTESIAN_POINT('',(2.419148942828E0,4.363484845854E0,-1.1E0));
#2038=LINE('',#2037,#2036);
#2039=DIRECTION('',(1.E0,0.E0,0.E0));
#2040=VECTOR('',#2039,3.191489428280E-1);
#2041=CARTESIAN_POINT('',(2.1E0,4.350574674684E0,1.15E0));
#2042=LINE('',#2041,#2040);
#2043=CARTESIAN_POINT('',(5.458378848434E0,0.E0,0.E0));
#2044=DIRECTION('',(-1.E0,0.E0,0.E0));
#2045=DIRECTION('',(0.E0,9.959237343500E-1,9.019930907920E-2));
#2046=AXIS2_PLACEMENT_3D('',#2043,#2044,#2045);
#2048=CARTESIAN_POINT('',(5.458378848434E0,0.E0,0.E0));
#2049=DIRECTION('',(-1.E0,0.E0,0.E0));
#2050=DIRECTION('',(0.E0,1.E0,0.E0));
#2051=AXIS2_PLACEMENT_3D('',#2048,#2049,#2050);
#2053=CARTESIAN_POINT('',(5.458378848434E0,4.481656804575E0,
-4.058968908563E-1));
#2054=CARTESIAN_POINT('',(5.477054646512E0,4.489817690053E0,
-3.157895538493E-1));
#2055=CARTESIAN_POINT('',(5.501591589162E0,4.501121460879E0,
-1.338775391762E-1));
#2056=CARTESIAN_POINT('',(5.501589781630E0,4.501120602832E0,1.338984358805E-1));
#2057=CARTESIAN_POINT('',(5.477052836514E0,4.489816899126E0,3.157982867655E-1));
#2058=CARTESIAN_POINT('',(5.458378848434E0,4.481656804575E0,4.058968908564E-1));
#2060=CARTESIAN_POINT('',(2.419148942828E0,0.E0,0.E0));
#2061=DIRECTION('',(1.E0,0.E0,0.E0));
#2062=DIRECTION('',(0.E0,9.910712502667E-1,-1.333333300220E-1));
#2063=AXIS2_PLACEMENT_3D('',#2060,#2061,#2062);
#2065=CARTESIAN_POINT('',(2.419148942828E0,0.E0,0.E0));
#2066=DIRECTION('',(1.E0,0.E0,0.E0));
#2067=DIRECTION('',(0.E0,1.E0,0.E0));
#2068=AXIS2_PLACEMENT_3D('',#2065,#2066,#2067);
#2070=CARTESIAN_POINT('',(2.419148942828E0,0.E0,0.E0));
#2071=DIRECTION('',(-1.E0,0.E0,0.E0));
#2072=DIRECTION('',(0.E0,9.667943721520E-1,2.555555555555E-1));
#2073=AXIS2_PLACEMENT_3D('',#2070,#2071,#2072);
#2075=CARTESIAN_POINT('',(2.419148942828E0,0.E0,0.E0));
#2076=DIRECTION('',(-1.E0,0.E0,0.E0));
#2077=DIRECTION('',(0.E0,1.E0,0.E0));
#2078=AXIS2_PLACEMENT_3D('',#2075,#2076,#2077);
#2080=DIRECTION('',(-7.326809552344E-14,-9.910712502668E-1,1.333333300217E-1));
#2081=VECTOR('',#2080,2.000180818179E-1);
#2082=CARTESIAN_POINT('',(2.419148942828E0,4.658034876254E0,
-6.266666511033E-1));
#2083=LINE('',#2082,#2081);
#2084=DIRECTION('',(0.E0,-9.667943721520E-1,-2.555555555556E-1));
#2085=VECTOR('',#2084,1.999999999999E-1);
#2086=CARTESIAN_POINT('',(2.419148942828E0,4.543933549114E0,1.201111111111E0));
#2087=LINE('',#2086,#2085);
#2088=CARTESIAN_POINT('',(2.1E0,0.E0,0.E0));
#2089=DIRECTION('',(-1.E0,0.E0,0.E0));
#2090=DIRECTION('',(0.E0,9.667943721520E-1,2.555555555555E-1));
#2091=AXIS2_PLACEMENT_3D('',#2088,#2089,#2090);
#2093=CARTESIAN_POINT('',(2.1E0,0.E0,0.E0));
#2094=DIRECTION('',(-1.E0,0.E0,0.E0));
#2095=DIRECTION('',(0.E0,1.E0,0.E0));
#2096=AXIS2_PLACEMENT_3D('',#2093,#2094,#2095);
#2098=DIRECTION('',(0.E0,9.696632990787E-1,-2.444444444445E-1));
#2099=VECTOR('',#2098,2.000000000001E-1);
#2100=CARTESIAN_POINT('',(2.1E0,4.363484845854E0,-1.1E0));
#2101=LINE('',#2100,#2099);
#2102=CARTESIAN_POINT('',(2.1E0,0.E0,0.E0));
#2103=DIRECTION('',(1.E0,0.E0,0.E0));
#2104=DIRECTION('',(0.E0,9.696632990787E-1,-2.444444444445E-1));
#2105=AXIS2_PLACEMENT_3D('',#2102,#2103,#2104);
#2107=CARTESIAN_POINT('',(2.1E0,0.E0,0.E0));
#2108=DIRECTION('',(1.E0,0.E0,0.E0));
#2109=DIRECTION('',(0.E0,1.E0,0.E0));
#2110=AXIS2_PLACEMENT_3D('',#2107,#2108,#2109);
#2112=DIRECTION('',(0.E0,-9.667943721520E-1,-2.555555555556E-1));
#2113=VECTOR('',#2112,1.999999999999E-1);
#2114=CARTESIAN_POINT('',(2.1E0,4.543933549114E0,1.201111111111E0));
#2115=LINE('',#2114,#2113);
#2116=DIRECTION('',(9.325873406843E-14,-9.696632990787E-1,2.444444444445E-1));
#2117=VECTOR('',#2116,2.000000000002E-1);
#2118=CARTESIAN_POINT('',(2.419148942828E0,4.557417505670E0,-1.148888888889E0));
#2119=LINE('',#2118,#2117);
#2120=DIRECTION('',(2.309263884191E-13,9.850581232460E-1,1.722222222220E-1));
#2121=VECTOR('',#2120,2.000000006088E-1);
#2122=CARTESIAN_POINT('',(4.270212686062E0,4.432761554007E0,7.749999998952E-1));
#2123=LINE('',#2122,#2121);
#2124=DIRECTION('',(8.082457743834E-13,-9.895129136578E-1,-1.444444311990E-1));
#2125=VECTOR('',#2124,1.999991555894E-1);
#2126=CARTESIAN_POINT('',(4.014893567562E0,4.650710693173E0,6.788888264864E-1));
#2127=LINE('',#2126,#2125);
#2128=DIRECTION('',(-5.329070531453E-14,-9.850581232460E-1,-1.722222222222E-1));
#2129=VECTOR('',#2128,1.999999995026E-1);
#2130=CARTESIAN_POINT('',(4.397872424126E0,4.629773178317E0,8.094444442803E-1));
#2131=LINE('',#2130,#2129);
#2132=DIRECTION('',(-2.486899599294E-13,-9.895129136579E-1,-1.444444311985E-1));
#2133=VECTOR('',#2132,1.999999980592E-1);
#2134=CARTESIAN_POINT('',(4.589361763E0,4.650710690968E0,6.788888261646E-1));
#2135=LINE('',#2134,#2133);
#2136=DIRECTION('',(4.662936795205E-13,9.994442902585E-1,3.333332671058E-2));
#2137=VECTOR('',#2136,1.999999960635E-1);
#2138=CARTESIAN_POINT('',(4.780851101875E0,4.497499310098E0,1.499999703289E-1));
#2139=LINE('',#2138,#2137);
#2140=DIRECTION('',(1.287858824182E-13,-9.947043435704E-1,-1.027777645320E-1));
#2141=VECTOR('',#2140,1.999999820452E-1);
#2142=CARTESIAN_POINT('',(4.717021322250E0,4.675110399980E0,4.830554917725E-1));
#2143=LINE('',#2142,#2141);
#2144=CARTESIAN_POINT('',(4.780851101875E0,0.E0,0.E0));
#2145=DIRECTION('',(-1.E0,0.E0,0.E0));
#2146=DIRECTION('',(0.E0,9.994442902585E-1,3.333332671060E-2));
#2147=AXIS2_PLACEMENT_3D('',#2144,#2145,#2146);
#2149=CARTESIAN_POINT('',(4.780851101875E0,0.E0,0.E0));
#2150=DIRECTION('',(-1.E0,0.E0,0.E0));
#2151=DIRECTION('',(0.E0,1.E0,-2.108884055040E-14));
#2152=AXIS2_PLACEMENT_3D('',#2149,#2150,#2151);
#2154=DIRECTION('',(-2.664535509214E-13,9.997530560763E-1,-2.222221559953E-2));
#2155=VECTOR('',#2154,1.999999812264E-1);
#2156=CARTESIAN_POINT('',(4.780851101875E0,4.498888756273E0,
-9.999997028506E-2));
#2157=LINE('',#2156,#2155);
#2158=CARTESIAN_POINT('',(4.780851101875E0,0.E0,0.E0));
#2159=DIRECTION('',(1.E0,0.E0,0.E0));
#2160=DIRECTION('',(0.E0,9.997530560763E-1,-2.222221559949E-2));
#2161=AXIS2_PLACEMENT_3D('',#2158,#2159,#2160);
#2163=CARTESIAN_POINT('',(4.780851101875E0,0.E0,0.E0));
#2164=DIRECTION('',(1.E0,0.E0,0.E0));
#2165=DIRECTION('',(0.E0,1.E0,-2.018849035936E-14));
#2166=AXIS2_PLACEMENT_3D('',#2163,#2164,#2165);
#2168=DIRECTION('',(0.E0,-9.957897483050E-1,9.166666335525E-2));
#2169=VECTOR('',#2168,1.999999936852E-1);
#2170=CARTESIAN_POINT('',(4.717021322250E0,4.680211813789E0,
-4.308333174713E-1));
#2171=LINE('',#2170,#2169);
#2172=DIRECTION('',(1.776356835214E-14,9.869362744760E-1,-1.611111111112E-1));
#2173=VECTOR('',#2172,2.000000004713E-1);
#2174=CARTESIAN_POINT('',(4.397872424126E0,4.441213234677E0,
-7.249999999240E-1));
#2175=LINE('',#2174,#2173);
#2176=DIRECTION('',(-1.243449785214E-13,-9.910712502667E-1,1.333333300219E-1));
#2177=VECTOR('',#2176,2.000000003805E-1);
#2178=CARTESIAN_POINT('',(4.589361763E0,4.658034875297E0,-6.266666509747E-1));
#2179=LINE('',#2178,#2177);
#2180=CARTESIAN_POINT('',(4.397872424126E0,0.E0,0.E0));
#2181=DIRECTION('',(-1.E0,0.E0,0.E0));
#2182=DIRECTION('',(0.E0,9.869362744760E-1,-1.611111111111E-1));
#2183=AXIS2_PLACEMENT_3D('',#2180,#2181,#2182);
#2185=DIRECTION('',(-1.465494392722E-13,9.730591636651E-1,-2.305555551433E-1));
#2186=VECTOR('',#2185,1.999999999704E-1);
#2187=CARTESIAN_POINT('',(4.397872424126E0,4.378766236468E0,-1.037499998131E0));
#2188=LINE('',#2187,#2186);
#2189=CARTESIAN_POINT('',(4.397872424126E0,0.E0,0.E0));
#2190=DIRECTION('',(1.E0,0.E0,0.E0));
#2191=DIRECTION('',(0.E0,9.730591636655E-1,-2.305555551415E-1));
#2192=AXIS2_PLACEMENT_3D('',#2189,#2190,#2191);
#2194=DIRECTION('',(3.064215629850E-13,-9.762456432246E-1,2.166666658370E-1));
#2195=VECTOR('',#2194,1.999999946554E-1);
#2196=CARTESIAN_POINT('',(4.653191542625E0,4.588354510824E0,-1.018333326706E0));
#2197=LINE('',#2196,#2195);
#2198=DIRECTION('',(6.217248907598E-14,-9.869362744759E-1,1.611111111114E-1));
#2199=VECTOR('',#2198,2.000000009748E-1);
#2200=CARTESIAN_POINT('',(4.908510661125E0,4.638600481450E0,
-7.572222208205E-1));
#2201=LINE('',#2200,#2199);
#2202=DIRECTION('',(5.506707639676E-13,-9.944134069854E-1,1.055555588667E-1));
#2203=VECTOR('',#2202,1.999999477897E-1);
#2204=CARTESIAN_POINT('',(5.036170220375E0,4.673742958774E0,
-4.961111209365E-1));
#2205=LINE('',#2204,#2203);
#2206=CARTESIAN_POINT('',(5.1E0,0.E0,0.E0));
#2207=DIRECTION('',(1.E0,0.E0,0.E0));
#2208=DIRECTION('',(0.E0,9.999652771197E-1,-8.333339956071E-3));
#2209=AXIS2_PLACEMENT_3D('',#2206,#2207,#2208);
#2211=CARTESIAN_POINT('',(5.1E0,0.E0,0.E0));
#2212=DIRECTION('',(1.E0,0.E0,0.E0));
#2213=DIRECTION('',(0.E0,1.E0,0.E0));
#2214=AXIS2_PLACEMENT_3D('',#2211,#2212,#2213);
#2216=CARTESIAN_POINT('',(5.1E0,0.E0,0.E0));
#2217=DIRECTION('',(-1.E0,0.E0,0.E0));
#2218=DIRECTION('',(0.E0,9.988844085921E-1,4.722222222223E-2));
#2219=AXIS2_PLACEMENT_3D('',#2216,#2217,#2218);
#2221=CARTESIAN_POINT('',(5.1E0,0.E0,0.E0));
#2222=DIRECTION('',(-1.E0,0.E0,0.E0));
#2223=DIRECTION('',(0.E0,1.E0,-2.009326511323E-14));
#2224=AXIS2_PLACEMENT_3D('',#2221,#2222,#2223);
#2226=DIRECTION('',(-3.463895841442E-13,-9.999652771197E-1,8.333339956124E-3));
#2227=VECTOR('',#2226,1.999999997337E-1);
#2228=CARTESIAN_POINT('',(5.1E0,4.699836802463E0,-3.916669779353E-2));
#2229=LINE('',#2228,#2227);
#2230=DIRECTION('',(-2.664535709598E-14,-9.988844085921E-1,-4.722222222200E-2));
#2231=VECTOR('',#2230,1.999999661856E-1);
#2232=CARTESIAN_POINT('',(5.1E0,4.694756690272E0,2.219444430209E-1));
#2233=LINE('',#2232,#2231);
#2234=DIRECTION('',(2.842171085677E-13,-9.914409951750E-1,-1.305555555554E-1));
#2235=VECTOR('',#2234,1.999999899628E-1);
#2236=CARTESIAN_POINT('',(5.036170220375E0,4.659772668650E0,6.136111099692E-1));
#2237=LINE('',#2236,#2235);
#2238=DIRECTION('',(9.325873552113E-14,-9.825287065788E-1,-1.861110978654E-1));
#2239=VECTOR('',#2238,1.999999968848E-1);
#2240=CARTESIAN_POINT('',(4.908510661125E0,4.617884908759E0,8.747221576651E-1));
#2241=LINE('',#2240,#2239);
#2242=DIRECTION('',(-1.021405182552E-13,9.667943721519E-1,2.555555555556E-1));
#2243=VECTOR('',#2242,2.000000000202E-1);
#2244=CARTESIAN_POINT('',(4.397872424126E0,4.350574674664E0,1.149999999995E0));
#2245=LINE('',#2244,#2243);
#2246=DIRECTION('',(-4.174438429553E-13,-9.703593230450E-1,-2.416666799117E-1));
#2247=VECTOR('',#2246,2.000000068530E-1);
#2248=CARTESIAN_POINT('',(4.653191542625E0,4.560688818262E0,1.135833395575E0));
#2249=LINE('',#2248,#2247);
#2250=DIRECTION('',(1.776356839670E-14,-9.667943721519E-1,-2.555555555556E-1));
#2251=VECTOR('',#2250,1.999999999697E-1);
#2252=CARTESIAN_POINT('',(4.270212686062E0,4.543933549065E0,1.201111111098E0));
#2253=LINE('',#2252,#2251);
#2254=DIRECTION('',(4.840572399593E-13,-9.703593230451E-1,-2.416666799115E-1));
#2255=VECTOR('',#2254,1.999999994948E-1);
#2256=CARTESIAN_POINT('',(4.014893567562E0,4.560688817487E0,1.135833395382E0));
#2257=LINE('',#2256,#2255);
#2258=DIRECTION('',(-6.816769360155E-13,-9.768579954168E-1,-2.138888888891E-1));
#2259=VECTOR('',#2258,2.000000003240E-1);
#2260=CARTESIAN_POINT('',(3.823404228687E0,4.591232578459E0,1.005277777778E0));
#2261=LINE('',#2260,#2259);
#2262=DIRECTION('',(-1.E0,0.E0,0.E0));
#2263=VECTOR('',#2262,3.191489428280E-1);
#2264=CARTESIAN_POINT('',(2.419148942828E0,4.543933549114E0,1.201111111111E0));
#2265=LINE('',#2264,#2263);
#2266=DIRECTION('',(1.E0,-4.731030283574E-14,-1.948071293236E-13));
#2267=VECTOR('',#2266,3.191489428281E-1);
#2268=CARTESIAN_POINT('',(2.1E0,4.557417505670E0,-1.148888888889E0));
#2269=LINE('',#2268,#2267);
#2270=CARTESIAN_POINT('',(2.419148942828E0,4.557417505670E0,-1.148888888889E0));
#2271=CARTESIAN_POINT('',(2.527848471244E0,4.588804292727E0,-1.024383643722E0));
#2272=CARTESIAN_POINT('',(2.747534092810E0,4.641359809453E0,
-7.728126633239E-1));
#2273=CARTESIAN_POINT('',(3.082500239163E0,4.689265165337E0,
-3.890945437175E-1));
#2274=CARTESIAN_POINT('',(3.308631898613E0,4.699874138465E0,
-1.300684946006E-1));
#2275=CARTESIAN_POINT('',(3.422188521983E0,4.699874137410E0,5.720369670717E-8));
#2277=CARTESIAN_POINT('',(3.422188521983E0,4.699874137410E0,5.720369670717E-8));
#2278=CARTESIAN_POINT('',(3.488476415327E0,4.699874136794E0,7.592667454652E-2));
#2279=CARTESIAN_POINT('',(3.620846625695E0,4.696379433566E0,2.275546751594E-1));
#2280=CARTESIAN_POINT('',(3.818546226417E0,4.679837917196E0,4.539995241672E-1));
#2281=CARTESIAN_POINT('',(3.949599788790E0,4.661627889691E0,6.041008485403E-1));
#2282=CARTESIAN_POINT('',(4.014893567562E0,4.650710693173E0,6.788888264864E-1));
#2284=CARTESIAN_POINT('',(4.014893567562E0,4.650710693173E0,6.788888264864E-1));
#2285=CARTESIAN_POINT('',(4.043376199672E0,4.648584658315E0,6.934531743809E-1));
#2286=CARTESIAN_POINT('',(4.100266045376E0,4.644198463293E0,7.225433860332E-1));
#2287=CARTESIAN_POINT('',(4.185373141525E0,4.637218475369E0,7.660623934814E-1));
#2288=CARTESIAN_POINT('',(4.241958440414E0,4.632299107867E0,7.949969099462E-1));
#2289=CARTESIAN_POINT('',(4.270212686062E0,4.629773179256E0,8.094444444445E-1));
#2291=DIRECTION('',(1.E0,-7.353994648217E-9,-1.286109828425E-9));
#2292=VECTOR('',#2291,1.276597380640E-1);
#2293=CARTESIAN_POINT('',(4.270212686062E0,4.629773179256E0,8.094444444445E-1));
#2294=LINE('',#2293,#2292);
#2295=CARTESIAN_POINT('',(4.397872424126E0,4.629773178317E0,8.094444442803E-1));
#2296=CARTESIAN_POINT('',(4.419068100294E0,4.632299703082E0,7.949934999659E-1));
#2297=CARTESIAN_POINT('',(4.461513913481E0,4.637219821224E0,7.660543181489E-1));
#2298=CARTESIAN_POINT('',(4.525344533305E0,4.644199738794E0,7.225351243508E-1));
#2299=CARTESIAN_POINT('',(4.568005072728E0,4.648585180525E0,6.934495815629E-1));
#2300=CARTESIAN_POINT('',(4.589361763E0,4.650710690968E0,6.788888261646E-1));
#2302=CARTESIAN_POINT('',(4.589361763E0,4.650710690968E0,6.788888261646E-1));
#2303=CARTESIAN_POINT('',(4.603496405897E0,4.653875852989E0,6.572059639942E-1));
#2304=CARTESIAN_POINT('',(4.631800714550E0,4.659904317746E0,6.137863004359E-1));
#2305=CARTESIAN_POINT('',(4.674356803180E0,4.668038857330E0,5.485040437392E-1));
#2306=CARTESIAN_POINT('',(4.702790037645E0,4.672854695426E0,5.048866643744E-1));
#2307=CARTESIAN_POINT('',(4.717021322250E0,4.675110399980E0,4.830554917725E-1));
#2309=CARTESIAN_POINT('',(4.717021322250E0,4.675110399980E0,4.830554917725E-1));
#2310=CARTESIAN_POINT('',(4.724093277293E0,4.678846824729E0,4.468936045730E-1));
#2311=CARTESIAN_POINT('',(4.738254322209E0,4.685480644254E0,3.744820120082E-1));
#2312=CARTESIAN_POINT('',(4.759536481707E0,4.692908705994E0,2.656575132997E-1));
#2313=CARTESIAN_POINT('',(4.773744174081E0,4.696176132426E0,1.930073903069E-1));
#2314=CARTESIAN_POINT('',(4.780851101875E0,4.697388164215E0,1.566666355398E-1));
#2316=CARTESIAN_POINT('',(4.780851101875E0,4.698839348719E0,
-1.044444129878E-1));
#2317=CARTESIAN_POINT('',(4.773747045387E0,4.698031903418E0,
-1.407704896466E-1));
#2318=CARTESIAN_POINT('',(4.759543187124E0,4.695574570655E0,
-2.134010184450E-1));
#2319=CARTESIAN_POINT('',(4.738261034313E0,4.689363582783E0,
-3.222254934232E-1));
#2320=CARTESIAN_POINT('',(4.724096155009E0,4.683542024217E0,
-3.946567044827E-1));
#2321=CARTESIAN_POINT('',(4.717021322250E0,4.680211813789E0,
-4.308333174713E-1));
#2323=CARTESIAN_POINT('',(4.717021322250E0,4.680211813789E0,
-4.308333174713E-1));
#2324=CARTESIAN_POINT('',(4.702794464438E0,4.678202786572E0,
-4.526577041461E-1));
#2325=CARTESIAN_POINT('',(4.674367132881E0,4.673880564782E0,
-4.962660293678E-1));
#2326=CARTESIAN_POINT('',(4.631811043188E0,4.666487077915E0,
-5.615482730346E-1));
#2327=CARTESIAN_POINT('',(4.603500829848E0,4.660952883935E0,
-6.049769919205E-1));
#2328=CARTESIAN_POINT('',(4.589361763E0,4.658034875297E0,-6.266666509747E-1));
#2330=CARTESIAN_POINT('',(4.589361763E0,4.658034875297E0,-6.266666509747E-1));
#2331=CARTESIAN_POINT('',(4.568010809635E0,4.656076476680E0,
-6.412234955803E-1));
#2332=CARTESIAN_POINT('',(4.525357915650E0,4.652025226619E0,
-6.703038162915E-1));
#2333=CARTESIAN_POINT('',(4.461527290706E0,4.645546408440E0,
-7.138229841280E-1));
#2334=CARTESIAN_POINT('',(4.419073830426E0,4.640960153646E0,
-7.427673680842E-1));
#2335=CARTESIAN_POINT('',(4.397872424126E0,4.638600490037E0,
-7.572222222222E-1));
#2337=CARTESIAN_POINT('',(4.397872424126E0,4.573378069172E0,-1.083611109152E0));
#2338=CARTESIAN_POINT('',(4.426182088330E0,4.575093020922E0,-1.076373159434E0));
#2339=CARTESIAN_POINT('',(4.482840866604E0,4.578489028815E0,-1.061887130470E0));
#2340=CARTESIAN_POINT('',(4.567947293894E0,4.583481247278E0,-1.040127824303E0));
#2341=CARTESIAN_POINT('',(4.624763676634E0,4.586741421896E0,-1.025601500755E0));
#2342=CARTESIAN_POINT('',(4.653191542625E0,4.588354510824E0,-1.018333326706E0));
#2344=CARTESIAN_POINT('',(4.653191542625E0,4.588354510824E0,-1.018333326706E0));
#2345=CARTESIAN_POINT('',(4.681328413072E0,4.594740707798E0,
-9.895587251835E-1));
#2346=CARTESIAN_POINT('',(4.737761232617E0,4.606981512310E0,
-9.318454945915E-1));
#2347=CARTESIAN_POINT('',(4.822874895938E0,4.623736169379E0,
-8.448003222414E-1));
#2348=CARTESIAN_POINT('',(4.879917061117E0,4.633826912972E0,
-7.864642008274E-1));
#2349=CARTESIAN_POINT('',(4.908510661125E0,4.638600481450E0,
-7.572222208205E-1));
#2351=CARTESIAN_POINT('',(4.908510661125E0,4.638600481450E0,
-7.572222208205E-1));
#2352=CARTESIAN_POINT('',(4.922628156144E0,4.643314203349E0,
-7.283468496714E-1));
#2353=CARTESIAN_POINT('',(4.950911589327E0,4.652204268066E0,
-6.704966294633E-1));
#2354=CARTESIAN_POINT('',(4.993470750913E0,4.663921337051E0,
-5.834473633559E-1));
#2355=CARTESIAN_POINT('',(5.021924825580E0,4.670650099308E0,
-5.252482024176E-1));
#2356=CARTESIAN_POINT('',(5.036170220375E0,4.673742958774E0,
-4.961111209365E-1));
#2358=CARTESIAN_POINT('',(5.036170220375E0,4.673742958774E0,
-4.961111209365E-1));
#2359=CARTESIAN_POINT('',(5.043236809455E0,4.679112823779E0,
-4.455229206372E-1));
#2360=CARTESIAN_POINT('',(5.057394323532E0,4.688209848539E0,
-3.441718039672E-1));
#2361=CARTESIAN_POINT('',(5.078682020317E0,4.696912517825E0,
-1.917781924098E-1));
#2362=CARTESIAN_POINT('',(5.092893189705E0,4.699412818923E0,
-9.004291553536E-2));
#2363=CARTESIAN_POINT('',(5.1E0,4.699836802463E0,-3.916669779353E-2));
#2365=CARTESIAN_POINT('',(5.1E0,4.694756690272E0,2.219444430209E-1));
#2366=CARTESIAN_POINT('',(5.092884624602E0,4.692692630026E0,2.656051921531E-1));
#2367=CARTESIAN_POINT('',(5.078663980282E0,4.687346558441E0,3.528649128501E-1));
#2368=CARTESIAN_POINT('',(5.057379253259E0,4.675680413599E0,4.834699555404E-1));
#2369=CARTESIAN_POINT('',(5.043231185655E0,4.665478056156E0,5.702843052021E-1));
#2370=CARTESIAN_POINT('',(5.036170220375E0,4.659772668650E0,6.136111099692E-1));
#2372=CARTESIAN_POINT('',(5.036170220375E0,4.659772668650E0,6.136111099692E-1));
#2373=CARTESIAN_POINT('',(5.021912378871E0,4.655932472501E0,6.427736214824E-1));
#2374=CARTESIAN_POINT('',(4.993441698026E0,4.647707169777E0,7.010067227801E-1));
#2375=CARTESIAN_POINT('',(4.950882524396E0,4.633741145268E0,7.880560666780E-1));
#2376=CARTESIAN_POINT('',(4.922615704182E0,4.623349663023E0,8.458723039968E-1));
#2377=CARTESIAN_POINT('',(4.908510661125E0,4.617884908759E0,8.747221576651E-1));
#2379=CARTESIAN_POINT('',(4.908510661125E0,4.617884908759E0,8.747221576651E-1));
#2380=CARTESIAN_POINT('',(4.879885357121E0,4.612339753119E0,9.039964710246E-1));
#2381=CARTESIAN_POINT('',(4.822800978838E0,4.600704833410E0,9.623757747392E-1));
#2382=CARTESIAN_POINT('',(4.737687389693E0,4.581632558950E0,1.049421160259E0));
#2383=CARTESIAN_POINT('',(4.681296815215E0,4.567847013527E0,1.107091239174E0));
#2384=CARTESIAN_POINT('',(4.653191542625E0,4.560688818262E0,1.135833395575E0));
#2386=CARTESIAN_POINT('',(4.653191542625E0,4.560688818262E0,1.135833395575E0));
#2387=CARTESIAN_POINT('',(4.624756987053E0,4.558878266293E0,1.143103268212E0));
#2388=CARTESIAN_POINT('',(4.567931685798E0,4.555223020473E0,1.157631853434E0));
#2389=CARTESIAN_POINT('',(4.482825259036E0,4.549637862913E0,1.179391149326E0));
#2390=CARTESIAN_POINT('',(4.426175399903E0,4.545846322081E0,1.193874883610E0));
#2391=CARTESIAN_POINT('',(4.397872424126E0,4.543933549114E0,1.201111111111E0));
#2393=DIRECTION('',(-1.E0,-3.825868048926E-10,-1.006247128416E-10));
#2394=VECTOR('',#2393,1.276597380640E-1);
#2395=CARTESIAN_POINT('',(4.397872424126E0,4.543933549114E0,1.201111111111E0));
#2396=LINE('',#2395,#2394);
#2397=CARTESIAN_POINT('',(4.270212686062E0,4.543933549065E0,1.201111111098E0));
#2398=CARTESIAN_POINT('',(4.241909710285E0,4.545846322032E0,1.193874883597E0));
#2399=CARTESIAN_POINT('',(4.185259851153E0,4.549637862832E0,1.179391149307E0));
#2400=CARTESIAN_POINT('',(4.100153424390E0,4.555223020828E0,1.157631853522E0));
#2401=CARTESIAN_POINT('',(4.043328123134E0,4.558878265517E0,1.143103268019E0));
#2402=CARTESIAN_POINT('',(4.014893567562E0,4.560688817487E0,1.135833395382E0));
#2404=CARTESIAN_POINT('',(4.014893567562E0,4.560688817487E0,1.135833395382E0));
#2405=CARTESIAN_POINT('',(3.993734239955E0,4.564281617197E0,1.121407299506E0));
#2406=CARTESIAN_POINT('',(3.951336946934E0,4.571335261013E0,1.092501189238E0));
#2407=CARTESIAN_POINT('',(3.887506369747E0,4.581517628712E0,1.048981907766E0));
#2408=CARTESIAN_POINT('',(3.844797324203E0,4.588038990525E0,1.019863303578E0));
#2409=CARTESIAN_POINT('',(3.823404228687E0,4.591232578459E0,1.005277777778E0));
#2411=CARTESIAN_POINT('',(3.823404228687E0,4.591232578459E0,1.005277777778E0));
#2412=CARTESIAN_POINT('',(3.729070941916E0,4.615228323800E0,8.956861303882E-1));
#2413=CARTESIAN_POINT('',(3.538959120101E0,4.655372012326E0,6.747501967172E-1));
#2414=CARTESIAN_POINT('',(3.250198034322E0,4.691841685160E0,3.391494124382E-1));
#2415=CARTESIAN_POINT('',(3.055866694340E0,4.699932125863E0,1.132905756800E-1));
#2416=CARTESIAN_POINT('',(2.958382769131E0,4.699932125863E0,1.330475999382E-7));
#2418=CARTESIAN_POINT('',(2.958382769131E0,4.699932125863E0,1.330475999382E-7));
#2419=CARTESIAN_POINT('',(2.898136510181E0,4.699932125863E0,
-7.001474713717E-2));
#2420=CARTESIAN_POINT('',(2.777799794698E0,4.69690297E0,-2.098701371093E-1));
#2421=CARTESIAN_POINT('',(2.597951792649E0,4.682847904293E0,
-4.188778000800E-1));
#2422=CARTESIAN_POINT('',(2.478632039611E0,4.667334351060E0,
-5.575433334654E-1));
#2423=CARTESIAN_POINT('',(2.419148942828E0,4.658034876254E0,
-6.266666511033E-1));
#2425=DIRECTION('',(-1.E0,-5.934360435046E-11,0.E0));
#2426=VECTOR('',#2425,7.583788484340E-1);
#2427=CARTESIAN_POINT('',(5.458378848434E0,2.770814810370E-11,-4.7E0));
#2428=LINE('',#2427,#2426);
#2429=CARTESIAN_POINT('',(4.7E0,-1.729678622553E-11,-4.7E0));
#2430=CARTESIAN_POINT('',(4.699999999999E0,-1.161538750011E-1,-4.7E0));
#2431=CARTESIAN_POINT('',(4.691362052589E0,-3.493290709111E-1,
-4.691362052589E0));
#2432=CARTESIAN_POINT('',(4.652272918883E0,-6.985554480340E-1,
-4.652272918883E0));
#2433=CARTESIAN_POINT('',(4.586177962578E0,-1.048796086721E0,
-4.586177962578E0));
#2434=CARTESIAN_POINT('',(4.491905405355E0,-1.399186151843E0,
-4.491905405355E0));
#2435=CARTESIAN_POINT('',(4.367447728335E0,-1.750079780185E0,
-4.367447728335E0));
#2436=CARTESIAN_POINT('',(4.211032541045E0,-2.099459630421E0,
-4.211032541045E0));
#2437=CARTESIAN_POINT('',(4.019578972319E0,-2.446871226429E0,
-4.019578972319E0));
#2438=CARTESIAN_POINT('',(3.791333572090E0,-2.788230225980E0,
-3.791333572090E0));
#2439=CARTESIAN_POINT('',(3.522973232051E0,-3.121209365774E0,
-3.522973232051E0));
#2440=CARTESIAN_POINT('',(3.213373102738E0,-3.439855257096E0,
-3.213373102738E0));
#2441=CARTESIAN_POINT('',(2.860821150391E0,-3.738942754399E0,
-2.860821150391E0));
#2442=CARTESIAN_POINT('',(2.465494272352E0,-4.011334958113E0,
-2.465494272352E0));
#2443=CARTESIAN_POINT('',(2.029719530765E0,-4.249094608814E0,
-2.029719530765E0));
#2444=CARTESIAN_POINT('',(1.557728422739E0,-4.444386475241E0,
-1.557728422739E0));
#2445=CARTESIAN_POINT('',(1.055775941239E0,-4.589980618913E0,
-1.055775941239E0));
#2446=CARTESIAN_POINT('',(5.334494468931E-1,-4.679683616401E0,
-5.334494468931E-1));
#2447=CARTESIAN_POINT('',(1.787944188760E-1,-4.7E0,-1.787944188760E-1));
#2448=CARTESIAN_POINT('',(0.E0,-4.7E0,0.E0));
#2450=DIRECTION('',(-6.991176319239E-1,-1.806007138527E-11,-7.150066690130E-1));
#2451=VECTOR('',#2450,1.800230260817E0);
#2452=CARTESIAN_POINT('',(8.146964455366E0,1.257023264480E-12,
6.588940920261E0));
#2453=LINE('',#2452,#2451);
#2454=CARTESIAN_POINT('',(8.900033109721E0,0.E0,0.E0));
#2455=DIRECTION('',(1.E0,0.E0,0.E0));
#2456=DIRECTION('',(0.E0,0.E0,-1.E0));
#2457=AXIS2_PLACEMENT_3D('',#2454,#2455,#2456);
#2459=DIRECTION('',(7.071322480152E-1,-1.544638471858E-10,7.070813134406E-1));
#2460=VECTOR('',#2459,4.242463226193E-1);
#2461=CARTESIAN_POINT('',(8.900020357364E0,-3.092476300149E-9,
3.249987247413E0));
#2462=LINE('',#2461,#2460);
#2463=DIRECTION('',(9.999999999949E-1,-4.650762336916E-10,-3.188130516995E-6));
#2464=VECTOR('',#2463,4.000020357384E0);
#2465=CARTESIAN_POINT('',(4.9E0,-1.232161897647E-9,3.25E0));
#2466=LINE('',#2465,#2464);
#2467=CARTESIAN_POINT('',(4.7E0,-3.459414803505E-11,-5.258378848434E0));
#2468=CARTESIAN_POINT('',(-4.699507056776E0,6.806925379339E-2,
-5.258378848434E0));
#2469=VERTEX_POINT('',#2467);
#2470=VERTEX_POINT('',#2468);
#2471=CARTESIAN_POINT('',(-4.7E0,0.E0,-5.258378848434E0));
#2472=VERTEX_POINT('',#2471);
#2473=CARTESIAN_POINT('',(4.7E0,-1.729678622553E-11,-4.7E0));
#2474=VERTEX_POINT('',#2473);
#2475=VERTEX_POINT('',#24);
#2476=VERTEX_POINT('',#1807);
#2477=CARTESIAN_POINT('',(4.7E0,-6.541581687432E-12,5.258378848434E0));
#2478=VERTEX_POINT('',#2477);
#2479=CARTESIAN_POINT('',(-4.699551372733E0,6.493762427096E-2,
5.258378848434E0));
#2480=VERTEX_POINT('',#2479);
#2481=CARTESIAN_POINT('',(-4.7E0,0.E0,5.258378848434E0));
#2482=VERTEX_POINT('',#2481);
#2483=CARTESIAN_POINT('',(-5.301208220831E0,7.678449748789E-2,
-6.688391738506E0));
#2484=CARTESIAN_POINT('',(5.301764278018E0,0.E0,-6.688391738506E0));
#2485=VERTEX_POINT('',#2483);
#2486=VERTEX_POINT('',#2484);
#2487=CARTESIAN_POINT('',(-5.301764278018E0,8.093971511601E-12,
-6.688391738506E0));
#2488=VERTEX_POINT('',#2487);
#2489=CARTESIAN_POINT('',(-6.588940920261E0,3.771439966626E-12,
-7.946964455366E0));
#2490=VERTEX_POINT('',#2489);
#2491=CARTESIAN_POINT('',(6.588557384899E0,7.109174760741E-2,
-7.946964455366E0));
#2492=VERTEX_POINT('',#2491);
#2493=CARTESIAN_POINT('',(6.588940920261E0,0.E0,-7.946964455366E0));
#2494=VERTEX_POINT('',#2493);
#2495=CARTESIAN_POINT('',(5.301208220831E0,-7.678449748790E-2,
-6.688391738506E0));
#2496=VERTEX_POINT('',#2495);
#2497=CARTESIAN_POINT('',(-6.588557384899E0,-7.109174760741E-2,
-7.946964455366E0));
#2498=VERTEX_POINT('',#2497);
#2499=CARTESIAN_POINT('',(4.699507056776E0,-6.806925379339E-2,
-5.258378848434E0));
#2500=VERTEX_POINT('',#2499);
#2501=CARTESIAN_POINT('',(4.699551372733E0,-6.493762427091E-2,
5.258378848434E0));
#2502=VERTEX_POINT('',#2501);
#2503=VERTEX_POINT('',#111);
#2504=CARTESIAN_POINT('',(-5.301764027869E0,1.543782257285E-11,
6.688391493916E0));
#2505=VERTEX_POINT('',#2504);
#2506=CARTESIAN_POINT('',(5.301257960655E0,-7.325190647123E-2,
6.688391493916E0));
#2507=VERTEX_POINT('',#2506);
#2508=CARTESIAN_POINT('',(5.301764027869E0,1.076638778130E-13,
6.688391493916E0));
#2509=VERTEX_POINT('',#2508);
#2510=CARTESIAN_POINT('',(-5.301257960655E0,7.325190647128E-2,
6.688391493916E0));
#2511=VERTEX_POINT('',#2510);
#2512=CARTESIAN_POINT('',(6.588940901220E0,5.071656763339E-13,
7.946964436749E0));
#2513=VERTEX_POINT('',#2512);
#2514=CARTESIAN_POINT('',(-6.588940901220E0,0.E0,7.946964436749E0));
#2515=CARTESIAN_POINT('',(6.588394915385E0,8.482121609378E-2,7.946964436749E0));
#2516=VERTEX_POINT('',#2514);
#2517=VERTEX_POINT('',#2515);
#2518=CARTESIAN_POINT('',(-6.588394915385E0,-8.482121609378E-2,
7.946964436749E0));
#2519=VERTEX_POINT('',#2518);
#2520=CARTESIAN_POINT('',(-6.95E0,-9.268315281918E-13,8.804972690940E0));
#2521=VERTEX_POINT('',#2520);
#2522=CARTESIAN_POINT('',(-6.949424095373E0,-8.946922740537E-2,
8.804972690940E0));
#2523=CARTESIAN_POINT('',(6.95E0,7.557565684380E-13,8.804972690940E0));
#2524=VERTEX_POINT('',#2522);
#2525=VERTEX_POINT('',#2523);
#2526=CARTESIAN_POINT('',(6.949424095373E0,8.946922740537E-2,8.804972690940E0));
#2527=VERTEX_POINT('',#2526);
#2528=CARTESIAN_POINT('',(6.95E0,-9.676780092745E-11,1.117056301887E1));
#2529=VERTEX_POINT('',#2528);
#2530=CARTESIAN_POINT('',(-6.949601962236E0,7.438122398333E-2,
1.117056301887E1));
#2531=VERTEX_POINT('',#2530);
#2532=CARTESIAN_POINT('',(-6.95E0,0.E0,1.117056301887E1));
#2533=VERTEX_POINT('',#2532);
#2534=CARTESIAN_POINT('',(6.949601962236E0,-7.438122398333E-2,
1.117056301887E1));
#2535=VERTEX_POINT('',#2534);
#2536=CARTESIAN_POINT('',(-7.071601339026E0,1.976923541948E-10,
1.159456214244E1));
#2537=VERTEX_POINT('',#2536);
#2538=CARTESIAN_POINT('',(7.071196336956E0,-7.568264217538E-2,
1.159456214244E1));
#2539=VERTEX_POINT('',#2538);
#2540=CARTESIAN_POINT('',(7.071601339026E0,5.078854004026E-13,
1.159456214244E1));
#2541=VERTEX_POINT('',#2540);
#2542=CARTESIAN_POINT('',(-7.071196336956E0,7.568264217538E-2,
1.159456214244E1));
#2543=VERTEX_POINT('',#2542);
#2544=CARTESIAN_POINT('',(7.623999144505E0,7.127236671336E-11,
1.247839863121E1));
#2545=VERTEX_POINT('',#2544);
#2546=CARTESIAN_POINT('',(-7.623999144503E0,0.E0,1.247839863121E1));
#2547=CARTESIAN_POINT('',(7.623599634730E0,7.804847685992E-2,1.247839863121E1));
#2548=VERTEX_POINT('',#2546);
#2549=VERTEX_POINT('',#2547);
#2550=CARTESIAN_POINT('',(-7.623599634730E0,-7.804847685992E-2,
1.247839863121E1));
#2551=VERTEX_POINT('',#2550);
#2552=CARTESIAN_POINT('',(-7.7E0,-1.434156404745E-10,1.274339811321E1));
#2553=VERTEX_POINT('',#2552);
#2554=CARTESIAN_POINT('',(-7.699596507660E0,-7.882651354370E-2,
1.274339811321E1));
#2555=CARTESIAN_POINT('',(7.7E0,4.898710603829E-11,1.274339811321E1));
#2556=VERTEX_POINT('',#2554);
#2557=VERTEX_POINT('',#2555);
#2558=CARTESIAN_POINT('',(7.699596507660E0,7.882651354370E-2,1.274339811321E1));
#2559=VERTEX_POINT('',#2558);
#2560=CARTESIAN_POINT('',(7.7E0,3.265775105224E-11,1.36E1));
#2561=VERTEX_POINT('',#2560);
#2562=CARTESIAN_POINT('',(-7.7E0,0.E0,1.36E1));
#2563=VERTEX_POINT('',#2562);
#2564=CARTESIAN_POINT('',(6.35E0,0.E0,1.36E1));
#2565=CARTESIAN_POINT('',(-6.35E0,0.E0,1.36E1));
#2566=VERTEX_POINT('',#2564);
#2567=VERTEX_POINT('',#2565);
#2568=CARTESIAN_POINT('',(6.35E0,0.E0,1.58E1));
#2569=VERTEX_POINT('',#2568);
#2570=CARTESIAN_POINT('',(-6.35E0,0.E0,1.58E1));
#2571=VERTEX_POINT('',#2570);
#2572=CARTESIAN_POINT('',(6.85E0,0.E0,1.58E1));
#2573=CARTESIAN_POINT('',(-6.85E0,0.E0,1.58E1));
#2574=VERTEX_POINT('',#2572);
#2575=VERTEX_POINT('',#2573);
#2576=CARTESIAN_POINT('',(6.85E0,0.E0,1.66E1));
#2577=VERTEX_POINT('',#2576);
#2578=CARTESIAN_POINT('',(-6.85E0,0.E0,1.66E1));
#2579=VERTEX_POINT('',#2578);
#2580=CARTESIAN_POINT('',(6.4E0,-2.216893335572E-13,1.78E1));
#2581=VERTEX_POINT('',#2580);
#2582=CARTESIAN_POINT('',(-6.4E0,0.E0,1.78E1));
#2583=VERTEX_POINT('',#2582);
#2584=CARTESIAN_POINT('',(-6.4E0,0.E0,1.95E1));
#2585=CARTESIAN_POINT('',(6.399560682323E0,7.498715397440E-2,1.95E1));
#2586=VERTEX_POINT('',#2584);
#2587=VERTEX_POINT('',#2585);
#2588=CARTESIAN_POINT('',(6.4E0,-4.441447210013E-13,1.95E1));
#2589=VERTEX_POINT('',#2588);
#2590=CARTESIAN_POINT('',(6.200000006047E0,3.638217508590E-11,1.97E1));
#2591=VERTEX_POINT('',#2590);
#2592=CARTESIAN_POINT('',(-6.200000006047E0,0.E0,1.97E1));
#2593=VERTEX_POINT('',#2592);
#2594=CARTESIAN_POINT('',(-6.399560682323E0,-7.498715397440E-2,1.95E1));
#2595=VERTEX_POINT('',#2594);
#2596=CARTESIAN_POINT('',(5.7E0,0.E0,1.97E1));
#2597=CARTESIAN_POINT('',(-5.7E0,0.E0,1.97E1));
#2598=VERTEX_POINT('',#2596);
#2599=VERTEX_POINT('',#2597);
#2600=CARTESIAN_POINT('',(-1.414077796360E-14,5.700000000001E0,
1.660007056385E1));
#2601=CARTESIAN_POINT('',(5.700000000001E0,-8.859688289157E-10,
1.660007056385E1));
#2602=VERTEX_POINT('',#2600);
#2603=VERTEX_POINT('',#2601);
#2604=CARTESIAN_POINT('',(-5.700000000001E0,0.E0,1.660007056385E1));
#2605=VERTEX_POINT('',#2604);
#2606=CARTESIAN_POINT('',(5.399981465158E0,-8.393119985894E-10,
1.580001742348E1));
#2607=CARTESIAN_POINT('',(-1.309545320147E-14,5.399981465158E0,
1.580001742348E1));
#2608=VERTEX_POINT('',#2606);
#2609=VERTEX_POINT('',#2607);
#2610=CARTESIAN_POINT('',(-5.399981465158E0,0.E0,1.580001742348E1));
#2611=VERTEX_POINT('',#2610);
#2612=CARTESIAN_POINT('',(5.4E0,-4.196585776963E-10,9.3E0));
#2613=VERTEX_POINT('',#2612);
#2614=CARTESIAN_POINT('',(-5.4E0,0.E0,9.3E0));
#2615=CARTESIAN_POINT('',(5.398863554403E0,1.107805079306E-1,9.3E0));
#2616=VERTEX_POINT('',#2614);
#2617=VERTEX_POINT('',#2615);
#2618=CARTESIAN_POINT('',(0.E0,-5.399981465158E0,1.580001742348E1));
#2619=VERTEX_POINT('',#2618);
#2620=CARTESIAN_POINT('',(-5.398863554403E0,-1.107805079306E-1,9.3E0));
#2621=VERTEX_POINT('',#2620);
#2622=CARTESIAN_POINT('',(0.E0,-5.700000000001E0,1.660007056385E1));
#2623=VERTEX_POINT('',#2622);
#2624=CARTESIAN_POINT('',(5.099999702142E0,0.E0,9.E0));
#2625=CARTESIAN_POINT('',(-5.098926392474E0,-1.046260291573E-1,9.E0));
#2626=VERTEX_POINT('',#2624);
#2627=VERTEX_POINT('',#2625);
#2628=CARTESIAN_POINT('',(-5.099999702142E0,0.E0,9.E0));
#2629=VERTEX_POINT('',#2628);
#2630=CARTESIAN_POINT('',(5.098926392474E0,1.046260291573E-1,9.E0));
#2631=VERTEX_POINT('',#2630);
#2632=CARTESIAN_POINT('',(-3.549962226088E0,-5.153458218461E-14,
9.000031124114E0));
#2633=CARTESIAN_POINT('',(-1.009153168346E-14,-3.549962226088E0,
9.000031124114E0));
#2634=VERTEX_POINT('',#2632);
#2635=VERTEX_POINT('',#2633);
#2636=CARTESIAN_POINT('',(3.549962226088E0,5.156219819674E-14,
9.000031124114E0));
#2637=VERTEX_POINT('',#2636);
#2638=CARTESIAN_POINT('',(0.E0,3.549962226088E0,9.000031124114E0));
#2639=VERTEX_POINT('',#2638);
#2640=CARTESIAN_POINT('',(-3.249971554118E0,0.E0,8.700034629895E0));
#2641=CARTESIAN_POINT('',(0.E0,-3.249971554118E0,8.700034629895E0));
#2642=VERTEX_POINT('',#2640);
#2643=VERTEX_POINT('',#2641);
#2644=CARTESIAN_POINT('',(3.249971554118E0,-1.617080740652E-11,
8.700034629895E0));
#2645=VERTEX_POINT('',#2644);
#2646=CARTESIAN_POINT('',(-3.25E0,0.E0,4.7E0));
#2647=VERTEX_POINT('',#2646);
#2648=CARTESIAN_POINT('',(3.25E0,0.E0,4.7E0));
#2649=VERTEX_POINT('',#2648);
#2650=CARTESIAN_POINT('',(0.E0,3.249971554118E0,8.700034629895E0));
#2651=VERTEX_POINT('',#2650);
#2652=CARTESIAN_POINT('',(-2.25E0,0.E0,4.7E0));
#2653=CARTESIAN_POINT('',(2.25E0,0.E0,4.7E0));
#2654=VERTEX_POINT('',#2652);
#2655=VERTEX_POINT('',#2653);
#2656=VERTEX_POINT('',#677);
#2657=VERTEX_POINT('',#693);
#2658=VERTEX_POINT('',#707);
#2659=CARTESIAN_POINT('',(-2.25E0,0.E0,-4.7E0));
#2660=VERTEX_POINT('',#2659);
#2661=CARTESIAN_POINT('',(2.25E0,0.E0,-4.7E0));
#2662=VERTEX_POINT('',#2661);
#2663=CARTESIAN_POINT('',(4.9E0,0.E0,-2.25E0));
#2664=VERTEX_POINT('',#2663);
#2665=CARTESIAN_POINT('',(4.9E0,0.E0,2.25E0));
#2666=VERTEX_POINT('',#2665);
#2667=VERTEX_POINT('',#763);
#2668=CARTESIAN_POINT('',(-3.25E0,0.E0,-4.7E0));
#2669=CARTESIAN_POINT('',(3.25E0,0.E0,-4.7E0));
#2670=VERTEX_POINT('',#2668);
#2671=VERTEX_POINT('',#2669);
#2672=CARTESIAN_POINT('',(0.E0,-3.249974494826E0,-8.700033109721E0));
#2673=CARTESIAN_POINT('',(-3.249974494826E0,0.E0,-8.700033109721E0));
#2674=VERTEX_POINT('',#2672);
#2675=VERTEX_POINT('',#2673);
#2676=CARTESIAN_POINT('',(3.249974494826E0,-1.848228341447E-9,
-8.700033109721E0));
#2677=VERTEX_POINT('',#2676);
#2678=CARTESIAN_POINT('',(0.E0,-3.549963894433E0,-9.000027919785E0));
#2679=CARTESIAN_POINT('',(-3.549963894433E0,0.E0,-9.000027919785E0));
#2680=VERTEX_POINT('',#2678);
#2681=VERTEX_POINT('',#2679);
#2682=CARTESIAN_POINT('',(3.549963894433E0,0.E0,-9.000027919785E0));
#2683=VERTEX_POINT('',#2682);
#2684=CARTESIAN_POINT('',(-5.099999817479E0,0.E0,-9.E0));
#2685=CARTESIAN_POINT('',(5.099999817479E0,0.E0,-9.E0));
#2686=VERTEX_POINT('',#2684);
#2687=VERTEX_POINT('',#2685);
#2688=CARTESIAN_POINT('',(0.E0,3.549963894433E0,-9.000027919785E0));
#2689=VERTEX_POINT('',#2688);
#2690=CARTESIAN_POINT('',(-5.399479329609E0,-7.498645964338E-2,-9.3E0));
#2691=CARTESIAN_POINT('',(5.4E0,2.292095790946E-9,-9.3E0));
#2692=VERTEX_POINT('',#2690);
#2693=VERTEX_POINT('',#2691);
#2694=CARTESIAN_POINT('',(-5.4E0,0.E0,-9.3E0));
#2695=VERTEX_POINT('',#2694);
#2696=CARTESIAN_POINT('',(-2.311242966286E-14,-5.399985008896E0,
-1.580001851806E1));
#2697=CARTESIAN_POINT('',(-5.399985008896E0,0.E0,-1.580001851806E1));
#2698=VERTEX_POINT('',#2696);
#2699=VERTEX_POINT('',#2697);
#2700=CARTESIAN_POINT('',(5.399985008896E0,2.292089088445E-9,
-1.580001851806E1));
#2701=VERTEX_POINT('',#2700);
#2702=CARTESIAN_POINT('',(-5.699999999999E0,0.E0,-1.660006174419E1));
#2703=CARTESIAN_POINT('',(-2.420904320814E-14,-5.699999999999E0,
-1.660006174419E1));
#2704=VERTEX_POINT('',#2702);
#2705=VERTEX_POINT('',#2703);
#2706=CARTESIAN_POINT('',(5.699999999999E0,2.419449088240E-9,
-1.660006174419E1));
#2707=VERTEX_POINT('',#2706);
#2708=CARTESIAN_POINT('',(-5.7E0,0.E0,-1.97E1));
#2709=VERTEX_POINT('',#2708);
#2710=CARTESIAN_POINT('',(5.7E0,0.E0,-1.97E1));
#2711=VERTEX_POINT('',#2710);
#2712=CARTESIAN_POINT('',(0.E0,5.699999999999E0,-1.660006174419E1));
#2713=VERTEX_POINT('',#2712);
#2714=CARTESIAN_POINT('',(0.E0,5.399985008896E0,-1.580001851806E1));
#2715=VERTEX_POINT('',#2714);
#2716=CARTESIAN_POINT('',(5.399479329609E0,7.498645964338E-2,-9.3E0));
#2717=VERTEX_POINT('',#2716);
#2718=CARTESIAN_POINT('',(-6.199071067771E0,-1.073207858608E-1,-1.97E1));
#2719=CARTESIAN_POINT('',(6.199999988254E0,-2.037259250187E-14,-1.97E1));
#2720=VERTEX_POINT('',#2718);
#2721=VERTEX_POINT('',#2719);
#2722=CARTESIAN_POINT('',(-6.199999988254E0,1.965754508895E-14,-1.97E1));
#2723=VERTEX_POINT('',#2722);
#2724=CARTESIAN_POINT('',(6.199071067771E0,1.073207858608E-1,-1.97E1));
#2725=VERTEX_POINT('',#2724);
#2726=CARTESIAN_POINT('',(-6.4E0,0.E0,-1.95E1));
#2727=VERTEX_POINT('',#2726);
#2728=CARTESIAN_POINT('',(-6.399041114338E0,-1.107827469049E-1,-1.95E1));
#2729=CARTESIAN_POINT('',(6.4E0,2.226230311209E-11,-1.95E1));
#2730=VERTEX_POINT('',#2728);
#2731=VERTEX_POINT('',#2729);
#2732=CARTESIAN_POINT('',(6.399041114338E0,1.107827469049E-1,-1.95E1));
#2733=VERTEX_POINT('',#2732);
#2734=CARTESIAN_POINT('',(6.4E0,1.113057872447E-11,-1.78E1));
#2735=VERTEX_POINT('',#2734);
#2736=CARTESIAN_POINT('',(-6.4E0,0.E0,-1.78E1));
#2737=VERTEX_POINT('',#2736);
#2738=CARTESIAN_POINT('',(6.85E0,0.E0,-1.66E1));
#2739=VERTEX_POINT('',#2738);
#2740=CARTESIAN_POINT('',(-6.85E0,0.E0,-1.66E1));
#2741=VERTEX_POINT('',#2740);
#2742=CARTESIAN_POINT('',(6.85E0,0.E0,-1.58E1));
#2743=VERTEX_POINT('',#2742);
#2744=CARTESIAN_POINT('',(-6.85E0,0.E0,-1.58E1));
#2745=VERTEX_POINT('',#2744);
#2746=CARTESIAN_POINT('',(-6.35E0,0.E0,-1.58E1));
#2747=CARTESIAN_POINT('',(6.35E0,0.E0,-1.58E1));
#2748=VERTEX_POINT('',#2746);
#2749=VERTEX_POINT('',#2747);
#2750=CARTESIAN_POINT('',(6.35E0,0.E0,-1.36E1));
#2751=VERTEX_POINT('',#2750);
#2752=CARTESIAN_POINT('',(-6.35E0,0.E0,-1.36E1));
#2753=VERTEX_POINT('',#2752);
#2754=CARTESIAN_POINT('',(-7.7E0,0.E0,-1.36E1));
#2755=CARTESIAN_POINT('',(7.7E0,0.E0,-1.36E1));
#2756=VERTEX_POINT('',#2754);
#2757=VERTEX_POINT('',#2755);
#2758=CARTESIAN_POINT('',(7.7E0,-3.208421705098E-12,-1.274339811321E1));
#2759=CARTESIAN_POINT('',(-7.699634851549E0,-7.498768443750E-2,
-1.274339811321E1));
#2760=VERTEX_POINT('',#2758);
#2761=VERTEX_POINT('',#2759);
#2762=CARTESIAN_POINT('',(-7.7E0,0.E0,-1.274339811321E1));
#2763=VERTEX_POINT('',#2762);
#2764=CARTESIAN_POINT('',(-7.623999144192E0,-1.774175500810E-10,
-1.247839863071E1));
#2765=VERTEX_POINT('',#2764);
#2766=CARTESIAN_POINT('',(-7.623637599843E0,-7.424753791902E-2,
-1.247839863071E1));
#2767=CARTESIAN_POINT('',(7.623999144192E0,0.E0,-1.247839863071E1));
#2768=VERTEX_POINT('',#2766);
#2769=VERTEX_POINT('',#2767);
#2770=CARTESIAN_POINT('',(7.699634851549E0,7.498768443750E-2,
-1.274339811321E1));
#2771=VERTEX_POINT('',#2770);
#2772=CARTESIAN_POINT('',(7.623637599843E0,7.424753791902E-2,
-1.247839863071E1));
#2773=VERTEX_POINT('',#2772);
#2774=CARTESIAN_POINT('',(-7.071156329500E0,7.933255275672E-2,
-1.159456214154E1));
#2775=CARTESIAN_POINT('',(7.071601338464E0,0.E0,-1.159456214154E1));
#2776=VERTEX_POINT('',#2774);
#2777=VERTEX_POINT('',#2775);
#2778=CARTESIAN_POINT('',(-7.071601338464E0,-2.745443384085E-11,
-1.159456214154E1));
#2779=VERTEX_POINT('',#2778);
#2780=CARTESIAN_POINT('',(6.95E0,-1.354190912184E-10,-1.117056301887E1));
#2781=VERTEX_POINT('',#2780);
#2782=CARTESIAN_POINT('',(-6.949562643290E0,7.796837169826E-2,
-1.117056301887E1));
#2783=VERTEX_POINT('',#2782);
#2784=CARTESIAN_POINT('',(-6.95E0,0.E0,-1.117056301887E1));
#2785=VERTEX_POINT('',#2784);
#2786=CARTESIAN_POINT('',(7.071156329500E0,-7.933255275672E-2,
-1.159456214154E1));
#2787=VERTEX_POINT('',#2786);
#2788=CARTESIAN_POINT('',(6.949562643290E0,-7.796837169826E-2,
-1.117056301887E1));
#2789=VERTEX_POINT('',#2788);
#2790=CARTESIAN_POINT('',(6.95E0,-8.679864193309E-12,-8.804972690940E0));
#2791=CARTESIAN_POINT('',(-6.949595447767E0,-7.498741479867E-2,
-8.804972690940E0));
#2792=VERTEX_POINT('',#2790);
#2793=VERTEX_POINT('',#2791);
#2794=CARTESIAN_POINT('',(-6.95E0,0.E0,-8.804972690940E0));
#2795=VERTEX_POINT('',#2794);
#2796=CARTESIAN_POINT('',(6.949595447767E0,7.498741479867E-2,
-8.804972690940E0));
#2797=VERTEX_POINT('',#2796);
#2798=CARTESIAN_POINT('',(0.E0,3.249974494826E0,-8.700033109721E0));
#2799=VERTEX_POINT('',#2798);
#2800=CARTESIAN_POINT('',(4.9E0,0.E0,-3.25E0));
#2801=CARTESIAN_POINT('',(4.9E0,0.E0,3.25E0));
#2802=VERTEX_POINT('',#2800);
#2803=VERTEX_POINT('',#2801);
#2804=CARTESIAN_POINT('',(8.900033109721E0,-1.848228341447E-9,
3.249974494826E0));
#2805=CARTESIAN_POINT('',(8.900033109721E0,0.E0,-3.249974494826E0));
#2806=VERTEX_POINT('',#2804);
#2807=VERTEX_POINT('',#2805);
#2808=CARTESIAN_POINT('',(9.200027919785E0,0.E0,3.549963894433E0));
#2809=CARTESIAN_POINT('',(9.200027919785E0,0.E0,-3.549963894433E0));
#2810=VERTEX_POINT('',#2808);
#2811=VERTEX_POINT('',#2809);
#2812=CARTESIAN_POINT('',(9.2E0,7.082054268419E-2,5.099508073238E0));
#2813=CARTESIAN_POINT('',(9.2E0,0.E0,-5.099999817479E0));
#2814=VERTEX_POINT('',#2812);
#2815=VERTEX_POINT('',#2813);
#2816=CARTESIAN_POINT('',(9.2E0,0.E0,5.099999817479E0));
#2817=VERTEX_POINT('',#2816);
#2818=CARTESIAN_POINT('',(9.2E0,-7.082054268419E-2,-5.099508073238E0));
#2819=VERTEX_POINT('',#2818);
#2820=CARTESIAN_POINT('',(9.5E0,2.292095451601E-9,5.4E0));
#2821=CARTESIAN_POINT('',(9.5E0,0.E0,-5.4E0));
#2822=VERTEX_POINT('',#2820);
#2823=VERTEX_POINT('',#2821);
#2824=CARTESIAN_POINT('',(1.600001851806E1,0.E0,-5.399985008896E0));
#2825=CARTESIAN_POINT('',(1.600001851806E1,2.292089088445E-9,5.399985008896E0));
#2826=VERTEX_POINT('',#2824);
#2827=VERTEX_POINT('',#2825);
#2828=CARTESIAN_POINT('',(1.680006174419E1,2.419449275651E-9,5.699999999999E0));
#2829=CARTESIAN_POINT('',(1.680006174419E1,0.E0,-5.699999999999E0));
#2830=VERTEX_POINT('',#2828);
#2831=VERTEX_POINT('',#2829);
#2832=CARTESIAN_POINT('',(1.99E1,1.612966067754E-9,5.7E0));
#2833=VERTEX_POINT('',#2832);
#2834=CARTESIAN_POINT('',(1.99E1,0.E0,-5.7E0));
#2835=VERTEX_POINT('',#2834);
#2836=CARTESIAN_POINT('',(1.99E1,-1.073207858608E-1,-6.199071067771E0));
#2837=CARTESIAN_POINT('',(1.99E1,-2.037259250187E-14,6.199999988254E0));
#2838=VERTEX_POINT('',#2836);
#2839=VERTEX_POINT('',#2837);
#2840=CARTESIAN_POINT('',(1.99E1,1.965754508895E-14,-6.199999988254E0));
#2841=VERTEX_POINT('',#2840);
#2842=CARTESIAN_POINT('',(1.99E1,1.073207858608E-1,6.199071067771E0));
#2843=VERTEX_POINT('',#2842);
#2844=CARTESIAN_POINT('',(1.97E1,0.E0,-6.4E0));
#2845=VERTEX_POINT('',#2844);
#2846=CARTESIAN_POINT('',(1.97E1,2.225909905194E-11,6.4E0));
#2847=VERTEX_POINT('',#2846);
#2848=CARTESIAN_POINT('',(1.79E1,1.113057872447E-11,6.4E0));
#2849=VERTEX_POINT('',#2848);
#2850=CARTESIAN_POINT('',(1.79E1,0.E0,-6.4E0));
#2851=VERTEX_POINT('',#2850);
#2852=CARTESIAN_POINT('',(1.67E1,0.E0,6.85E0));
#2853=VERTEX_POINT('',#2852);
#2854=CARTESIAN_POINT('',(1.67E1,0.E0,-6.85E0));
#2855=VERTEX_POINT('',#2854);
#2856=CARTESIAN_POINT('',(1.59E1,0.E0,6.85E0));
#2857=VERTEX_POINT('',#2856);
#2858=CARTESIAN_POINT('',(1.59E1,0.E0,-6.85E0));
#2859=VERTEX_POINT('',#2858);
#2860=CARTESIAN_POINT('',(1.59E1,0.E0,6.35E0));
#2861=CARTESIAN_POINT('',(1.59E1,0.E0,-6.35E0));
#2862=VERTEX_POINT('',#2860);
#2863=VERTEX_POINT('',#2861);
#2864=CARTESIAN_POINT('',(1.38E1,0.E0,6.35E0));
#2865=VERTEX_POINT('',#2864);
#2866=CARTESIAN_POINT('',(1.38E1,0.E0,-6.35E0));
#2867=VERTEX_POINT('',#2866);
#2868=CARTESIAN_POINT('',(1.38E1,0.E0,7.7E0));
#2869=CARTESIAN_POINT('',(1.38E1,0.E0,-7.7E0));
#2870=VERTEX_POINT('',#2868);
#2871=VERTEX_POINT('',#2869);
#2872=CARTESIAN_POINT('',(1.294339811321E1,0.E0,-7.7E0));
#2873=CARTESIAN_POINT('',(1.294339811321E1,-3.205002218183E-12,7.7E0));
#2874=VERTEX_POINT('',#2872);
#2875=VERTEX_POINT('',#2873);
#2876=CARTESIAN_POINT('',(1.267839863071E1,1.774175500810E-10,
7.623999144192E0));
#2877=VERTEX_POINT('',#2876);
#2878=CARTESIAN_POINT('',(1.267839863071E1,7.424753791902E-2,7.623637599843E0));
#2879=CARTESIAN_POINT('',(1.267839863071E1,-2.959904543687E-11,
-7.623999144192E0));
#2880=VERTEX_POINT('',#2878);
#2881=VERTEX_POINT('',#2879);
#2882=CARTESIAN_POINT('',(1.267839863071E1,-7.424753791902E-2,
-7.623637599843E0));
#2883=VERTEX_POINT('',#2882);
#2884=CARTESIAN_POINT('',(1.179456214154E1,-7.933255275672E-2,
7.071156329500E0));
#2885=CARTESIAN_POINT('',(1.179456214154E1,-2.745398353099E-11,
-7.071601338464E0));
#2886=VERTEX_POINT('',#2884);
#2887=VERTEX_POINT('',#2885);
#2888=CARTESIAN_POINT('',(1.179456214154E1,0.E0,7.071601338464E0));
#2889=VERTEX_POINT('',#2888);
#2890=CARTESIAN_POINT('',(1.137056301887E1,1.354190912184E-10,-6.95E0));
#2891=VERTEX_POINT('',#2890);
#2892=CARTESIAN_POINT('',(1.137056301887E1,-7.796837169826E-2,
6.949562643290E0));
#2893=VERTEX_POINT('',#2892);
#2894=CARTESIAN_POINT('',(1.137056301887E1,-8.679862384398E-12,6.95E0));
#2895=VERTEX_POINT('',#2894);
#2896=CARTESIAN_POINT('',(1.179456214154E1,7.933255275672E-2,
-7.071156329500E0));
#2897=VERTEX_POINT('',#2896);
#2898=CARTESIAN_POINT('',(1.137056301887E1,7.796837169826E-2,
-6.949562643290E0));
#2899=VERTEX_POINT('',#2898);
#2900=CARTESIAN_POINT('',(9.004972690940E0,0.E0,-6.95E0));
#2901=CARTESIAN_POINT('',(9.004972690940E0,-8.676777773301E-12,6.95E0));
#2902=VERTEX_POINT('',#2900);
#2903=VERTEX_POINT('',#2901);
#2904=CARTESIAN_POINT('',(8.146964455366E0,2.511377253929E-12,
6.588940920261E0));
#2905=VERTEX_POINT('',#2904);
#2906=CARTESIAN_POINT('',(8.146964455366E0,7.109174760741E-2,6.588557384899E0));
#2907=CARTESIAN_POINT('',(8.146964455366E0,1.005903693674E-11,
-6.588940920261E0));
#2908=VERTEX_POINT('',#2906);
#2909=VERTEX_POINT('',#2907);
#2910=CARTESIAN_POINT('',(8.146964455366E0,-7.109174760741E-2,
-6.588557384899E0));
#2911=VERTEX_POINT('',#2910);
#2912=CARTESIAN_POINT('',(6.888391738506E0,-7.678449748790E-2,
5.301208220831E0));
#2913=CARTESIAN_POINT('',(6.888391738506E0,8.094303005635E-12,
-5.301764278018E0));
#2914=VERTEX_POINT('',#2912);
#2915=VERTEX_POINT('',#2913);
#2916=CARTESIAN_POINT('',(6.888391738506E0,0.E0,5.301764278018E0));
#2917=VERTEX_POINT('',#2916);
#2918=CARTESIAN_POINT('',(5.458378848434E0,5.541769473871E-11,-4.7E0));
#2919=VERTEX_POINT('',#2918);
#2920=CARTESIAN_POINT('',(5.458378848434E0,-6.806925379339E-2,
4.699507056776E0));
#2921=VERTEX_POINT('',#2920);
#2922=CARTESIAN_POINT('',(5.458378848434E0,-3.459416086926E-11,4.7E0));
#2923=VERTEX_POINT('',#2922);
#2924=VERTEX_POINT('',#1734);
#2925=VERTEX_POINT('',#1739);
#2926=VERTEX_POINT('',#1727);
#2927=CARTESIAN_POINT('',(5.458378848434E0,6.806925379339E-2,
-4.699507056776E0));
#2928=VERTEX_POINT('',#2927);
#2929=CARTESIAN_POINT('',(6.888391738506E0,7.678449748789E-2,
-5.301208220831E0));
#2930=VERTEX_POINT('',#2929);
#2931=VERTEX_POINT('',#1836);
#2932=VERTEX_POINT('',#1793);
#2933=CARTESIAN_POINT('',(3.5E0,4.031128874149E0,2.E0));
#2934=VERTEX_POINT('',#2933);
#2935=VERTEX_POINT('',#1870);
#2936=VERTEX_POINT('',#2053);
#2937=VERTEX_POINT('',#1860);
#2938=CARTESIAN_POINT('',(5.458378848434E0,4.5E0,0.E0));
#2939=VERTEX_POINT('',#2938);
#2940=CARTESIAN_POINT('',(2.419148942828E0,4.5E0,0.E0));
#2941=CARTESIAN_POINT('',(2.419148942828E0,4.350574674684E0,1.15E0));
#2942=VERTEX_POINT('',#2940);
#2943=VERTEX_POINT('',#2941);
#2944=CARTESIAN_POINT('',(2.419148942828E0,4.459820626200E0,
-5.999999850988E-1));
#2945=VERTEX_POINT('',#2944);
#2946=VERTEX_POINT('',#1887);
#2947=VERTEX_POINT('',#1892);
#2948=VERTEX_POINT('',#1899);
#2949=VERTEX_POINT('',#1906);
#2950=CARTESIAN_POINT('',(4.397872424126E0,4.350574674664E0,1.149999999995E0));
#2951=VERTEX_POINT('',#2950);
#2952=VERTEX_POINT('',#1917);
#2953=VERTEX_POINT('',#1924);
#2954=VERTEX_POINT('',#1931);
#2955=VERTEX_POINT('',#1938);
#2956=CARTESIAN_POINT('',(5.1E0,4.5E0,0.E0));
#2957=VERTEX_POINT('',#2956);
#2958=CARTESIAN_POINT('',(5.1E0,4.499843747039E0,-3.750002980232E-2));
#2959=VERTEX_POINT('',#2958);
#2960=VERTEX_POINT('',#1945);
#2961=VERTEX_POINT('',#1952);
#2962=VERTEX_POINT('',#1959);
#2963=VERTEX_POINT('',#1966);
#2964=CARTESIAN_POINT('',(4.397872424126E0,4.441213235142E0,-7.25E-1));
#2965=VERTEX_POINT('',#2964);
#2966=VERTEX_POINT('',#1973);
#2967=VERTEX_POINT('',#1980);
#2968=VERTEX_POINT('',#1987);
#2969=CARTESIAN_POINT('',(4.780851101875E0,4.497499306163E0,1.499999701977E-1));
#2970=CARTESIAN_POINT('',(4.780851101875E0,4.5E0,-9.492406860545E-14));
#2971=VERTEX_POINT('',#2969);
#2972=VERTEX_POINT('',#2970);
#2973=VERTEX_POINT('',#1994);
#2974=VERTEX_POINT('',#2001);
#2975=VERTEX_POINT('',#2008);
#2976=CARTESIAN_POINT('',(4.270212686062E0,4.432761554007E0,7.749999998952E-1));
#2977=VERTEX_POINT('',#2976);
#2978=VERTEX_POINT('',#2019);
#2979=VERTEX_POINT('',#2026);
#2980=VERTEX_POINT('',#2033);
#2981=CARTESIAN_POINT('',(2.1E0,4.363484845854E0,-1.1E0));
#2982=VERTEX_POINT('',#2981);
#2983=CARTESIAN_POINT('',(2.1E0,4.350574674684E0,1.15E0));
#2984=CARTESIAN_POINT('',(2.1E0,4.5E0,0.E0));
#2985=VERTEX_POINT('',#2983);
#2986=VERTEX_POINT('',#2984);
#2987=CARTESIAN_POINT('',(2.419148942828E0,4.543933549114E0,1.201111111111E0));
#2988=VERTEX_POINT('',#2987);
#2989=CARTESIAN_POINT('',(2.419148942828E0,4.7E0,0.E0));
#2990=VERTEX_POINT('',#2989);
#2991=CARTESIAN_POINT('',(2.419148942828E0,4.658034876254E0,
-6.266666511032E-1));
#2992=VERTEX_POINT('',#2991);
#2993=CARTESIAN_POINT('',(2.1E0,4.543933549114E0,1.201111111111E0));
#2994=VERTEX_POINT('',#2993);
#2995=CARTESIAN_POINT('',(2.1E0,4.557417505670E0,-1.148888888889E0));
#2996=VERTEX_POINT('',#2995);
#2997=CARTESIAN_POINT('',(2.1E0,4.7E0,0.E0));
#2998=VERTEX_POINT('',#2997);
#2999=CARTESIAN_POINT('',(2.419148942828E0,4.557417505670E0,-1.148888888889E0));
#3000=VERTEX_POINT('',#2999);
#3001=CARTESIAN_POINT('',(4.014893567562E0,4.650710693173E0,6.788888264864E-1));
#3002=VERTEX_POINT('',#3001);
#3003=VERTEX_POINT('',#2277);
#3004=CARTESIAN_POINT('',(4.270212686062E0,4.629773179256E0,8.094444444445E-1));
#3005=VERTEX_POINT('',#3004);
#3006=CARTESIAN_POINT('',(4.397872424126E0,4.629773178317E0,8.094444442803E-1));
#3007=VERTEX_POINT('',#3006);
#3008=CARTESIAN_POINT('',(4.589361763E0,4.650710690968E0,6.788888261646E-1));
#3009=VERTEX_POINT('',#3008);
#3010=CARTESIAN_POINT('',(4.717021322250E0,4.675110399980E0,4.830554917725E-1));
#3011=VERTEX_POINT('',#3010);
#3012=CARTESIAN_POINT('',(4.780851101875E0,4.697388164215E0,1.566666355398E-1));
#3013=VERTEX_POINT('',#3012);
#3014=CARTESIAN_POINT('',(4.780851101875E0,4.698839348719E0,
-1.044444129878E-1));
#3015=VERTEX_POINT('',#3014);
#3016=CARTESIAN_POINT('',(4.780851101875E0,4.7E0,-9.488590468898E-14));
#3017=VERTEX_POINT('',#3016);
#3018=CARTESIAN_POINT('',(4.717021322250E0,4.680211813789E0,
-4.308333174713E-1));
#3019=VERTEX_POINT('',#3018);
#3020=CARTESIAN_POINT('',(4.589361763E0,4.658034875297E0,-6.266666509747E-1));
#3021=VERTEX_POINT('',#3020);
#3022=CARTESIAN_POINT('',(4.397872424126E0,4.638600490037E0,
-7.572222222222E-1));
#3023=VERTEX_POINT('',#3022);
#3024=CARTESIAN_POINT('',(4.397872424126E0,4.573378069172E0,-1.083611109152E0));
#3025=VERTEX_POINT('',#3024);
#3026=CARTESIAN_POINT('',(4.653191542625E0,4.588354510824E0,-1.018333326706E0));
#3027=VERTEX_POINT('',#3026);
#3028=CARTESIAN_POINT('',(4.908510661125E0,4.638600481450E0,
-7.572222208205E-1));
#3029=VERTEX_POINT('',#3028);
#3030=CARTESIAN_POINT('',(5.036170220375E0,4.673742958774E0,
-4.961111209365E-1));
#3031=VERTEX_POINT('',#3030);
#3032=CARTESIAN_POINT('',(5.1E0,4.699836802463E0,-3.916669779353E-2));
#3033=VERTEX_POINT('',#3032);
#3034=CARTESIAN_POINT('',(5.1E0,4.694756690272E0,2.219444430209E-1));
#3035=VERTEX_POINT('',#3034);
#3036=CARTESIAN_POINT('',(5.1E0,4.7E0,-9.445222381999E-14));
#3037=VERTEX_POINT('',#3036);
#3038=CARTESIAN_POINT('',(5.036170220375E0,4.659772668650E0,6.136111099692E-1));
#3039=VERTEX_POINT('',#3038);
#3040=CARTESIAN_POINT('',(4.908510661125E0,4.617884908759E0,8.747221576651E-1));
#3041=VERTEX_POINT('',#3040);
#3042=CARTESIAN_POINT('',(4.653191542625E0,4.560688818262E0,1.135833395575E0));
#3043=VERTEX_POINT('',#3042);
#3044=CARTESIAN_POINT('',(4.397872424126E0,4.543933549114E0,1.201111111111E0));
#3045=VERTEX_POINT('',#3044);
#3046=CARTESIAN_POINT('',(4.270212686062E0,4.543933549065E0,1.201111111098E0));
#3047=VERTEX_POINT('',#3046);
#3048=CARTESIAN_POINT('',(4.014893567562E0,4.560688817487E0,1.135833395382E0));
#3049=VERTEX_POINT('',#3048);
#3050=CARTESIAN_POINT('',(3.823404228687E0,4.591232578459E0,1.005277777778E0));
#3051=VERTEX_POINT('',#3050);
#3052=VERTEX_POINT('',#2416);
#3053=CARTESIAN_POINT('',(0.E0,0.E0,-2.178E1));
#3054=DIRECTION('',(0.E0,0.E0,1.E0));
#3055=DIRECTION('',(-1.E0,0.E0,0.E0));
#3056=AXIS2_PLACEMENT_3D('',#3053,#3054,#3055);
#3057=CYLINDRICAL_SURFACE('',#3056,4.7E0);
#3059=ORIENTED_EDGE('',*,*,#3058,.F.);
#3061=ORIENTED_EDGE('',*,*,#3060,.F.);
#3063=ORIENTED_EDGE('',*,*,#3062,.T.);
#3065=ORIENTED_EDGE('',*,*,#3064,.T.);
#3067=ORIENTED_EDGE('',*,*,#3066,.F.);
#3069=ORIENTED_EDGE('',*,*,#3068,.T.);
#3071=ORIENTED_EDGE('',*,*,#3070,.F.);
#3073=ORIENTED_EDGE('',*,*,#3072,.F.);
#3075=ORIENTED_EDGE('',*,*,#3074,.F.);
#3076=EDGE_LOOP('',(#3059,#3061,#3063,#3065,#3067,#3069,#3071,#3073,#3075));
#3077=FACE_OUTER_BOUND('',#3076,.F.);
#3078=ADVANCED_FACE('',(#3077),#3057,.T.);
#3079=CARTESIAN_POINT('',(0.E0,0.E0,-5.258378848434E0));
#3080=DIRECTION('',(0.E0,0.E0,1.E0));
#3081=DIRECTION('',(9.998951184630E-1,-1.448281995604E-2,0.E0));
#3082=AXIS2_PLACEMENT_3D('',#3079,#3080,#3081);
#3083=TOROIDAL_SURFACE('',#3082,6.7E0,2.E0);
#3085=ORIENTED_EDGE('',*,*,#3084,.T.);
#3087=ORIENTED_EDGE('',*,*,#3086,.T.);
#3089=ORIENTED_EDGE('',*,*,#3088,.F.);
#3090=ORIENTED_EDGE('',*,*,#3060,.T.);
#3091=ORIENTED_EDGE('',*,*,#3058,.T.);
#3093=ORIENTED_EDGE('',*,*,#3092,.T.);
#3094=EDGE_LOOP('',(#3085,#3087,#3089,#3090,#3091,#3093));
#3095=FACE_OUTER_BOUND('',#3094,.F.);
#3096=ADVANCED_FACE('',(#3095),#3083,.F.);
#3097=CARTESIAN_POINT('',(0.E0,0.E0,-7.317678096936E0));
#3098=DIRECTION('',(0.E0,0.E0,-1.E0));
#3099=DIRECTION('',(1.E0,0.E0,0.E0));
#3100=AXIS2_PLACEMENT_3D('',#3097,#3098,#3099);
#3101=CONICAL_SURFACE('',#3100,5.945352599139E0,4.564374571418E1);
#3102=ORIENTED_EDGE('',*,*,#3086,.F.);
#3103=ORIENTED_EDGE('',*,*,#3084,.F.);
#3105=ORIENTED_EDGE('',*,*,#3104,.F.);
#3107=ORIENTED_EDGE('',*,*,#3106,.F.);
#3109=ORIENTED_EDGE('',*,*,#3108,.F.);
#3111=ORIENTED_EDGE('',*,*,#3110,.T.);
#3112=EDGE_LOOP('',(#3102,#3103,#3105,#3107,#3109,#3111));
#3113=FACE_OUTER_BOUND('',#3112,.F.);
#3114=ADVANCED_FACE('',(#3113),#3101,.T.);
#3115=CARTESIAN_POINT('',(0.E0,0.E0,-7.317678096936E0));
#3116=DIRECTION('',(0.E0,0.E0,-1.E0));
#3117=DIRECTION('',(1.E0,0.E0,0.E0));
#3118=AXIS2_PLACEMENT_3D('',#3115,#3116,#3117);
#3119=CONICAL_SURFACE('',#3118,5.945352599139E0,4.564374571418E1);
#3121=ORIENTED_EDGE('',*,*,#3120,.F.);
#3123=ORIENTED_EDGE('',*,*,#3122,.F.);
#3124=ORIENTED_EDGE('',*,*,#3110,.F.);
#3126=ORIENTED_EDGE('',*,*,#3125,.F.);
#3128=ORIENTED_EDGE('',*,*,#3127,.F.);
#3129=ORIENTED_EDGE('',*,*,#3104,.T.);
#3130=EDGE_LOOP('',(#3121,#3123,#3124,#3126,#3128,#3129));
#3131=FACE_OUTER_BOUND('',#3130,.F.);
#3132=ADVANCED_FACE('',(#3131),#3119,.T.);
#3133=CARTESIAN_POINT('',(0.E0,0.E0,-5.258378848434E0));
#3134=DIRECTION('',(0.E0,0.E0,1.E0));
#3135=DIRECTION('',(-9.998951184630E-1,1.448281995604E-2,0.E0));
#3136=AXIS2_PLACEMENT_3D('',#3133,#3134,#3135);
#3137=TOROIDAL_SURFACE('',#3136,6.7E0,2.E0);
#3138=ORIENTED_EDGE('',*,*,#3122,.T.);
#3139=ORIENTED_EDGE('',*,*,#3120,.T.);
#3140=ORIENTED_EDGE('',*,*,#3092,.F.);
#3142=ORIENTED_EDGE('',*,*,#3141,.T.);
#3144=ORIENTED_EDGE('',*,*,#3143,.T.);
#3145=ORIENTED_EDGE('',*,*,#3088,.T.);
#3146=EDGE_LOOP('',(#3138,#3139,#3140,#3142,#3144,#3145));
#3147=FACE_OUTER_BOUND('',#3146,.F.);
#3148=ADVANCED_FACE('',(#3147),#3137,.F.);
#3149=CARTESIAN_POINT('',(0.E0,0.E0,-2.178E1));
#3150=DIRECTION('',(0.E0,0.E0,1.E0));
#3151=DIRECTION('',(-1.E0,0.E0,0.E0));
#3152=AXIS2_PLACEMENT_3D('',#3149,#3150,#3151);
#3153=CYLINDRICAL_SURFACE('',#3152,4.7E0);
#3154=ORIENTED_EDGE('',*,*,#3143,.F.);
#3155=ORIENTED_EDGE('',*,*,#3141,.F.);
#3156=ORIENTED_EDGE('',*,*,#3074,.T.);
#3158=ORIENTED_EDGE('',*,*,#3157,.F.);
#3160=ORIENTED_EDGE('',*,*,#3159,.F.);
#3161=ORIENTED_EDGE('',*,*,#3068,.F.);
#3163=ORIENTED_EDGE('',*,*,#3162,.T.);
#3165=ORIENTED_EDGE('',*,*,#3164,.F.);
#3166=ORIENTED_EDGE('',*,*,#3062,.F.);
#3167=EDGE_LOOP('',(#3154,#3155,#3156,#3158,#3160,#3161,#3163,#3165,#3166));
#3168=FACE_OUTER_BOUND('',#3167,.F.);
#3169=ADVANCED_FACE('',(#3168),#3153,.T.);
#3170=CARTESIAN_POINT('',(0.E0,0.E0,5.258378848434E0));
#3171=DIRECTION('',(0.E0,0.E0,1.E0));
#3172=DIRECTION('',(-9.999045473899E-1,1.381651580232E-2,0.E0));
#3173=AXIS2_PLACEMENT_3D('',#3170,#3171,#3172);
#3174=TOROIDAL_SURFACE('',#3173,6.7E0,2.E0);
#3175=ORIENTED_EDGE('',*,*,#3159,.T.);
#3176=ORIENTED_EDGE('',*,*,#3157,.T.);
#3178=ORIENTED_EDGE('',*,*,#3177,.F.);
#3180=ORIENTED_EDGE('',*,*,#3179,.T.);
#3182=ORIENTED_EDGE('',*,*,#3181,.T.);
#3184=ORIENTED_EDGE('',*,*,#3183,.T.);
#3185=EDGE_LOOP('',(#3175,#3176,#3178,#3180,#3182,#3184));
#3186=FACE_OUTER_BOUND('',#3185,.F.);
#3187=ADVANCED_FACE('',(#3186),#3174,.F.);
#3188=CARTESIAN_POINT('',(0.E0,0.E0,5.258378848434E0));
#3189=DIRECTION('',(0.E0,0.E0,1.E0));
#3190=DIRECTION('',(9.999045473899E-1,-1.381651580233E-2,0.E0));
#3191=AXIS2_PLACEMENT_3D('',#3188,#3189,#3190);
#3192=TOROIDAL_SURFACE('',#3191,6.7E0,2.E0);
#3193=ORIENTED_EDGE('',*,*,#3072,.T.);
#3194=ORIENTED_EDGE('',*,*,#3070,.T.);
#3195=ORIENTED_EDGE('',*,*,#3183,.F.);
#3197=ORIENTED_EDGE('',*,*,#3196,.T.);
#3199=ORIENTED_EDGE('',*,*,#3198,.T.);
#3200=ORIENTED_EDGE('',*,*,#3177,.T.);
#3201=EDGE_LOOP('',(#3193,#3194,#3195,#3197,#3199,#3200));
#3202=FACE_OUTER_BOUND('',#3201,.F.);
#3203=ADVANCED_FACE('',(#3202),#3192,.F.);
#3204=CARTESIAN_POINT('',(0.E0,0.E0,7.317677965332E0));
#3205=DIRECTION('',(0.E0,0.E0,1.E0));
#3206=DIRECTION('',(-1.E0,0.E0,0.E0));
#3207=AXIS2_PLACEMENT_3D('',#3204,#3205,#3206);
#3208=CONICAL_SURFACE('',#3207,5.945352464545E0,4.564374571418E1);
#3209=ORIENTED_EDGE('',*,*,#3198,.F.);
#3210=ORIENTED_EDGE('',*,*,#3196,.F.);
#3212=ORIENTED_EDGE('',*,*,#3211,.T.);
#3214=ORIENTED_EDGE('',*,*,#3213,.F.);
#3216=ORIENTED_EDGE('',*,*,#3215,.F.);
#3218=ORIENTED_EDGE('',*,*,#3217,.F.);
#3219=EDGE_LOOP('',(#3209,#3210,#3212,#3214,#3216,#3218));
#3220=FACE_OUTER_BOUND('',#3219,.F.);
#3221=ADVANCED_FACE('',(#3220),#3208,.T.);
#3222=CARTESIAN_POINT('',(0.E0,0.E0,7.317677965332E0));
#3223=DIRECTION('',(0.E0,0.E0,1.E0));
#3224=DIRECTION('',(-1.E0,0.E0,0.E0));
#3225=AXIS2_PLACEMENT_3D('',#3222,#3223,#3224);
#3226=CONICAL_SURFACE('',#3225,5.945352464545E0,4.564374571418E1);
#3227=ORIENTED_EDGE('',*,*,#3181,.F.);
#3228=ORIENTED_EDGE('',*,*,#3179,.F.);
#3229=ORIENTED_EDGE('',*,*,#3217,.T.);
#3231=ORIENTED_EDGE('',*,*,#3230,.F.);
#3233=ORIENTED_EDGE('',*,*,#3232,.F.);
#3234=ORIENTED_EDGE('',*,*,#3211,.F.);
#3235=EDGE_LOOP('',(#3227,#3228,#3229,#3231,#3233,#3234));
#3236=FACE_OUTER_BOUND('',#3235,.F.);
#3237=ADVANCED_FACE('',(#3236),#3226,.T.);
#3238=CARTESIAN_POINT('',(0.E0,0.E0,8.804972690940E0));
#3239=DIRECTION('',(0.E0,0.E0,1.E0));
#3240=DIRECTION('',(9.999171360249E-1,1.287327013027E-2,0.E0));
#3241=AXIS2_PLACEMENT_3D('',#3238,#3239,#3240);
#3242=TOROIDAL_SURFACE('',#3241,5.75E0,1.2E0);
#3243=ORIENTED_EDGE('',*,*,#3232,.T.);
#3244=ORIENTED_EDGE('',*,*,#3230,.T.);
#3246=ORIENTED_EDGE('',*,*,#3245,.F.);
#3248=ORIENTED_EDGE('',*,*,#3247,.T.);
#3250=ORIENTED_EDGE('',*,*,#3249,.T.);
#3252=ORIENTED_EDGE('',*,*,#3251,.T.);
#3253=EDGE_LOOP('',(#3243,#3244,#3246,#3248,#3250,#3252));
#3254=FACE_OUTER_BOUND('',#3253,.F.);
#3255=ADVANCED_FACE('',(#3254),#3242,.T.);
#3256=CARTESIAN_POINT('',(0.E0,0.E0,8.804972690940E0));
#3257=DIRECTION('',(0.E0,0.E0,1.E0));
#3258=DIRECTION('',(-9.999171360249E-1,-1.287327013027E-2,0.E0));
#3259=AXIS2_PLACEMENT_3D('',#3256,#3257,#3258);
#3260=TOROIDAL_SURFACE('',#3259,5.75E0,1.2E0);
#3261=ORIENTED_EDGE('',*,*,#3215,.T.);
#3262=ORIENTED_EDGE('',*,*,#3213,.T.);
#3263=ORIENTED_EDGE('',*,*,#3251,.F.);
#3265=ORIENTED_EDGE('',*,*,#3264,.T.);
#3267=ORIENTED_EDGE('',*,*,#3266,.T.);
#3268=ORIENTED_EDGE('',*,*,#3245,.T.);
#3269=EDGE_LOOP('',(#3261,#3262,#3263,#3265,#3267,#3268));
#3270=FACE_OUTER_BOUND('',#3269,.F.);
#3271=ADVANCED_FACE('',(#3270),#3260,.T.);
#3272=CARTESIAN_POINT('',(0.E0,0.E0,-2.178E1));
#3273=DIRECTION('',(0.E0,0.E0,1.E0));
#3274=DIRECTION('',(-1.E0,0.E0,0.E0));
#3275=AXIS2_PLACEMENT_3D('',#3272,#3273,#3274);
#3276=CYLINDRICAL_SURFACE('',#3275,6.95E0);
#3277=ORIENTED_EDGE('',*,*,#3266,.F.);
#3278=ORIENTED_EDGE('',*,*,#3264,.F.);
#3280=ORIENTED_EDGE('',*,*,#3279,.T.);
#3282=ORIENTED_EDGE('',*,*,#3281,.F.);
#3284=ORIENTED_EDGE('',*,*,#3283,.F.);
#3286=ORIENTED_EDGE('',*,*,#3285,.F.);
#3287=EDGE_LOOP('',(#3277,#3278,#3280,#3282,#3284,#3286));
#3288=FACE_OUTER_BOUND('',#3287,.F.);
#3289=ADVANCED_FACE('',(#3288),#3276,.T.);
#3290=CARTESIAN_POINT('',(0.E0,0.E0,-2.178E1));
#3291=DIRECTION('',(0.E0,0.E0,1.E0));
#3292=DIRECTION('',(-1.E0,0.E0,0.E0));
#3293=AXIS2_PLACEMENT_3D('',#3290,#3291,#3292);
#3294=CYLINDRICAL_SURFACE('',#3293,6.95E0);
#3295=ORIENTED_EDGE('',*,*,#3249,.F.);
#3296=ORIENTED_EDGE('',*,*,#3247,.F.);
#3297=ORIENTED_EDGE('',*,*,#3285,.T.);
#3299=ORIENTED_EDGE('',*,*,#3298,.F.);
#3301=ORIENTED_EDGE('',*,*,#3300,.F.);
#3302=ORIENTED_EDGE('',*,*,#3279,.F.);
#3303=EDGE_LOOP('',(#3295,#3296,#3297,#3299,#3301,#3302));
#3304=FACE_OUTER_BOUND('',#3303,.F.);
#3305=ADVANCED_FACE('',(#3304),#3294,.T.);
#3306=CARTESIAN_POINT('',(0.E0,0.E0,1.117056301887E1));
#3307=DIRECTION('',(0.E0,0.E0,1.E0));
#3308=DIRECTION('',(-9.999427283793E-1,1.070233438609E-2,0.E0));
#3309=AXIS2_PLACEMENT_3D('',#3306,#3307,#3308);
#3310=TOROIDAL_SURFACE('',#3309,7.75E0,8.E-1);
#3311=ORIENTED_EDGE('',*,*,#3300,.T.);
#3312=ORIENTED_EDGE('',*,*,#3298,.T.);
#3314=ORIENTED_EDGE('',*,*,#3313,.F.);
#3316=ORIENTED_EDGE('',*,*,#3315,.T.);
#3318=ORIENTED_EDGE('',*,*,#3317,.T.);
#3320=ORIENTED_EDGE('',*,*,#3319,.T.);
#3321=EDGE_LOOP('',(#3311,#3312,#3314,#3316,#3318,#3320));
#3322=FACE_OUTER_BOUND('',#3321,.F.);
#3323=ADVANCED_FACE('',(#3322),#3310,.F.);
#3324=CARTESIAN_POINT('',(0.E0,0.E0,1.117056301887E1));
#3325=DIRECTION('',(0.E0,0.E0,1.E0));
#3326=DIRECTION('',(9.999427283793E-1,-1.070233438609E-2,0.E0));
#3327=AXIS2_PLACEMENT_3D('',#3324,#3325,#3326);
#3328=TOROIDAL_SURFACE('',#3327,7.75E0,8.E-1);
#3329=ORIENTED_EDGE('',*,*,#3283,.T.);
#3330=ORIENTED_EDGE('',*,*,#3281,.T.);
#3331=ORIENTED_EDGE('',*,*,#3319,.F.);
#3333=ORIENTED_EDGE('',*,*,#3332,.T.);
#3335=ORIENTED_EDGE('',*,*,#3334,.T.);
#3336=ORIENTED_EDGE('',*,*,#3313,.T.);
#3337=EDGE_LOOP('',(#3329,#3330,#3331,#3333,#3335,#3336));
#3338=FACE_OUTER_BOUND('',#3337,.F.);
#3339=ADVANCED_FACE('',(#3338),#3328,.F.);
#3340=CARTESIAN_POINT('',(0.E0,0.E0,1.203648038682E1));
#3341=DIRECTION('',(0.E0,0.E0,1.E0));
#3342=DIRECTION('',(-1.E0,0.E0,0.E0));
#3343=AXIS2_PLACEMENT_3D('',#3340,#3341,#3342);
#3344=CONICAL_SURFACE('',#3343,7.347800241766E0,3.200538320808E1);
#3345=ORIENTED_EDGE('',*,*,#3334,.F.);
#3346=ORIENTED_EDGE('',*,*,#3332,.F.);
#3348=ORIENTED_EDGE('',*,*,#3347,.T.);
#3350=ORIENTED_EDGE('',*,*,#3349,.F.);
#3352=ORIENTED_EDGE('',*,*,#3351,.F.);
#3354=ORIENTED_EDGE('',*,*,#3353,.F.);
#3355=EDGE_LOOP('',(#3345,#3346,#3348,#3350,#3352,#3354));
#3356=FACE_OUTER_BOUND('',#3355,.F.);
#3357=ADVANCED_FACE('',(#3356),#3344,.T.);
#3358=CARTESIAN_POINT('',(0.E0,0.E0,1.203648038682E1));
#3359=DIRECTION('',(0.E0,0.E0,1.E0));
#3360=DIRECTION('',(-1.E0,0.E0,0.E0));
#3361=AXIS2_PLACEMENT_3D('',#3358,#3359,#3360);
#3362=CONICAL_SURFACE('',#3361,7.347800241766E0,3.200538320808E1);
#3363=ORIENTED_EDGE('',*,*,#3317,.F.);
#3364=ORIENTED_EDGE('',*,*,#3315,.F.);
#3365=ORIENTED_EDGE('',*,*,#3353,.T.);
#3367=ORIENTED_EDGE('',*,*,#3366,.F.);
#3369=ORIENTED_EDGE('',*,*,#3368,.F.);
#3370=ORIENTED_EDGE('',*,*,#3347,.F.);
#3371=EDGE_LOOP('',(#3363,#3364,#3365,#3367,#3369,#3370));
#3372=FACE_OUTER_BOUND('',#3371,.F.);
#3373=ADVANCED_FACE('',(#3372),#3362,.T.);
#3374=CARTESIAN_POINT('',(0.E0,0.E0,1.274339811321E1));
#3375=DIRECTION('',(0.E0,0.E0,1.E0));
#3376=DIRECTION('',(9.999475983973E-1,1.023720955113E-2,0.E0));
#3377=AXIS2_PLACEMENT_3D('',#3374,#3375,#3376);
#3378=TOROIDAL_SURFACE('',#3377,7.2E0,5.E-1);
#3379=ORIENTED_EDGE('',*,*,#3368,.T.);
#3380=ORIENTED_EDGE('',*,*,#3366,.T.);
#3382=ORIENTED_EDGE('',*,*,#3381,.F.);
#3384=ORIENTED_EDGE('',*,*,#3383,.T.);
#3386=ORIENTED_EDGE('',*,*,#3385,.T.);
#3388=ORIENTED_EDGE('',*,*,#3387,.T.);
#3389=EDGE_LOOP('',(#3379,#3380,#3382,#3384,#3386,#3388));
#3390=FACE_OUTER_BOUND('',#3389,.F.);
#3391=ADVANCED_FACE('',(#3390),#3378,.T.);
#3392=CARTESIAN_POINT('',(0.E0,0.E0,1.274339811321E1));
#3393=DIRECTION('',(0.E0,0.E0,1.E0));
#3394=DIRECTION('',(-9.999475983973E-1,-1.023720955113E-2,0.E0));
#3395=AXIS2_PLACEMENT_3D('',#3392,#3393,#3394);
#3396=TOROIDAL_SURFACE('',#3395,7.2E0,5.E-1);
#3397=ORIENTED_EDGE('',*,*,#3351,.T.);
#3398=ORIENTED_EDGE('',*,*,#3349,.T.);
#3399=ORIENTED_EDGE('',*,*,#3387,.F.);
#3401=ORIENTED_EDGE('',*,*,#3400,.T.);
#3403=ORIENTED_EDGE('',*,*,#3402,.T.);
#3404=ORIENTED_EDGE('',*,*,#3381,.T.);
#3405=EDGE_LOOP('',(#3397,#3398,#3399,#3401,#3403,#3404));
#3406=FACE_OUTER_BOUND('',#3405,.F.);
#3407=ADVANCED_FACE('',(#3406),#3396,.T.);
#3408=CARTESIAN_POINT('',(0.E0,0.E0,-2.178E1));
#3409=DIRECTION('',(0.E0,0.E0,1.E0));
#3410=DIRECTION('',(-1.E0,0.E0,0.E0));
#3411=AXIS2_PLACEMENT_3D('',#3408,#3409,#3410);
#3412=CYLINDRICAL_SURFACE('',#3411,7.7E0);
#3413=ORIENTED_EDGE('',*,*,#3402,.F.);
#3414=ORIENTED_EDGE('',*,*,#3400,.F.);
#3416=ORIENTED_EDGE('',*,*,#3415,.T.);
#3418=ORIENTED_EDGE('',*,*,#3417,.F.);
#3420=ORIENTED_EDGE('',*,*,#3419,.F.);
#3421=EDGE_LOOP('',(#3413,#3414,#3416,#3418,#3420));
#3422=FACE_OUTER_BOUND('',#3421,.F.);
#3423=ADVANCED_FACE('',(#3422),#3412,.T.);
#3424=CARTESIAN_POINT('',(0.E0,0.E0,-2.178E1));
#3425=DIRECTION('',(0.E0,0.E0,1.E0));
#3426=DIRECTION('',(-1.E0,0.E0,0.E0));
#3427=AXIS2_PLACEMENT_3D('',#3424,#3425,#3426);
#3428=CYLINDRICAL_SURFACE('',#3427,7.7E0);
#3429=ORIENTED_EDGE('',*,*,#3385,.F.);
#3430=ORIENTED_EDGE('',*,*,#3383,.F.);
#3431=ORIENTED_EDGE('',*,*,#3419,.T.);
#3433=ORIENTED_EDGE('',*,*,#3432,.F.);
#3434=ORIENTED_EDGE('',*,*,#3415,.F.);
#3435=EDGE_LOOP('',(#3429,#3430,#3431,#3433,#3434));
#3436=FACE_OUTER_BOUND('',#3435,.F.);
#3437=ADVANCED_FACE('',(#3436),#3428,.T.);
#3438=CARTESIAN_POINT('',(0.E0,0.E0,1.36E1));
#3439=DIRECTION('',(0.E0,0.E0,1.E0));
#3440=DIRECTION('',(-1.E0,0.E0,0.E0));
#3441=AXIS2_PLACEMENT_3D('',#3438,#3439,#3440);
#3442=PLANE('',#3441);
#3443=ORIENTED_EDGE('',*,*,#3432,.T.);
#3444=ORIENTED_EDGE('',*,*,#3417,.T.);
#3445=EDGE_LOOP('',(#3443,#3444));
#3446=FACE_OUTER_BOUND('',#3445,.F.);
#3448=ORIENTED_EDGE('',*,*,#3447,.T.);
#3450=ORIENTED_EDGE('',*,*,#3449,.T.);
#3451=EDGE_LOOP('',(#3448,#3450));
#3452=FACE_BOUND('',#3451,.F.);
#3453=ADVANCED_FACE('',(#3446,#3452),#3442,.T.);
#3454=CARTESIAN_POINT('',(0.E0,0.E0,-2.178E1));
#3455=DIRECTION('',(0.E0,0.E0,1.E0));
#3456=DIRECTION('',(-1.E0,0.E0,0.E0));
#3457=AXIS2_PLACEMENT_3D('',#3454,#3455,#3456);
#3458=CYLINDRICAL_SURFACE('',#3457,6.35E0);
#3460=ORIENTED_EDGE('',*,*,#3459,.T.);
#3462=ORIENTED_EDGE('',*,*,#3461,.F.);
#3464=ORIENTED_EDGE('',*,*,#3463,.F.);
#3465=ORIENTED_EDGE('',*,*,#3447,.F.);
#3466=EDGE_LOOP('',(#3460,#3462,#3464,#3465));
#3467=FACE_OUTER_BOUND('',#3466,.F.);
#3468=ADVANCED_FACE('',(#3467),#3458,.T.);
#3469=CARTESIAN_POINT('',(0.E0,0.E0,-2.178E1));
#3470=DIRECTION('',(0.E0,0.E0,1.E0));
#3471=DIRECTION('',(-1.E0,0.E0,0.E0));
#3472=AXIS2_PLACEMENT_3D('',#3469,#3470,#3471);
#3473=CYLINDRICAL_SURFACE('',#3472,6.35E0);
#3474=ORIENTED_EDGE('',*,*,#3459,.F.);
#3475=ORIENTED_EDGE('',*,*,#3449,.F.);
#3476=ORIENTED_EDGE('',*,*,#3463,.T.);
#3478=ORIENTED_EDGE('',*,*,#3477,.F.);
#3479=EDGE_LOOP('',(#3474,#3475,#3476,#3478));
#3480=FACE_OUTER_BOUND('',#3479,.F.);
#3481=ADVANCED_FACE('',(#3480),#3473,.T.);
#3482=CARTESIAN_POINT('',(0.E0,0.E0,1.58E1));
#3483=DIRECTION('',(0.E0,0.E0,1.E0));
#3484=DIRECTION('',(-1.E0,0.E0,0.E0));
#3485=AXIS2_PLACEMENT_3D('',#3482,#3483,#3484);
#3486=PLANE('',#3485);
#3488=ORIENTED_EDGE('',*,*,#3487,.T.);
#3490=ORIENTED_EDGE('',*,*,#3489,.T.);
#3491=EDGE_LOOP('',(#3488,#3490));
#3492=FACE_OUTER_BOUND('',#3491,.F.);
#3493=ORIENTED_EDGE('',*,*,#3477,.T.);
#3494=ORIENTED_EDGE('',*,*,#3461,.T.);
#3495=EDGE_LOOP('',(#3493,#3494));
#3496=FACE_BOUND('',#3495,.F.);
#3497=ADVANCED_FACE('',(#3492,#3496),#3486,.F.);
#3498=CARTESIAN_POINT('',(0.E0,0.E0,-2.178E1));
#3499=DIRECTION('',(0.E0,0.E0,1.E0));
#3500=DIRECTION('',(-1.E0,0.E0,0.E0));
#3501=AXIS2_PLACEMENT_3D('',#3498,#3499,#3500);
#3502=CYLINDRICAL_SURFACE('',#3501,6.85E0);
#3504=ORIENTED_EDGE('',*,*,#3503,.T.);
#3506=ORIENTED_EDGE('',*,*,#3505,.F.);
#3508=ORIENTED_EDGE('',*,*,#3507,.F.);
#3509=ORIENTED_EDGE('',*,*,#3487,.F.);
#3510=EDGE_LOOP('',(#3504,#3506,#3508,#3509));
#3511=FACE_OUTER_BOUND('',#3510,.F.);
#3512=ADVANCED_FACE('',(#3511),#3502,.T.);
#3513=CARTESIAN_POINT('',(0.E0,0.E0,-2.178E1));
#3514=DIRECTION('',(0.E0,0.E0,1.E0));
#3515=DIRECTION('',(-1.E0,0.E0,0.E0));
#3516=AXIS2_PLACEMENT_3D('',#3513,#3514,#3515);
#3517=CYLINDRICAL_SURFACE('',#3516,6.85E0);
#3518=ORIENTED_EDGE('',*,*,#3503,.F.);
#3519=ORIENTED_EDGE('',*,*,#3489,.F.);
#3520=ORIENTED_EDGE('',*,*,#3507,.T.);
#3522=ORIENTED_EDGE('',*,*,#3521,.F.);
#3523=EDGE_LOOP('',(#3518,#3519,#3520,#3522));
#3524=FACE_OUTER_BOUND('',#3523,.F.);
#3525=ADVANCED_FACE('',(#3524),#3517,.T.);
#3526=CARTESIAN_POINT('',(0.E0,0.E0,1.72E1));
#3527=DIRECTION('',(0.E0,0.E0,-1.E0));
#3528=DIRECTION('',(1.E0,0.E0,0.E0));
#3529=AXIS2_PLACEMENT_3D('',#3526,#3527,#3528);
#3530=CONICAL_SURFACE('',#3529,6.625E0,2.055604521958E1);
#3532=ORIENTED_EDGE('',*,*,#3531,.F.);
#3533=ORIENTED_EDGE('',*,*,#3521,.T.);
#3535=ORIENTED_EDGE('',*,*,#3534,.T.);
#3537=ORIENTED_EDGE('',*,*,#3536,.T.);
#3538=EDGE_LOOP('',(#3532,#3533,#3535,#3537));
#3539=FACE_OUTER_BOUND('',#3538,.F.);
#3540=ADVANCED_FACE('',(#3539),#3530,.T.);
#3541=CARTESIAN_POINT('',(0.E0,0.E0,1.72E1));
#3542=DIRECTION('',(0.E0,0.E0,-1.E0));
#3543=DIRECTION('',(1.E0,0.E0,0.E0));
#3544=AXIS2_PLACEMENT_3D('',#3541,#3542,#3543);
#3545=CONICAL_SURFACE('',#3544,6.625E0,2.055604521958E1);
#3546=ORIENTED_EDGE('',*,*,#3531,.T.);
#3548=ORIENTED_EDGE('',*,*,#3547,.T.);
#3549=ORIENTED_EDGE('',*,*,#3534,.F.);
#3550=ORIENTED_EDGE('',*,*,#3505,.T.);
#3551=EDGE_LOOP('',(#3546,#3548,#3549,#3550));
#3552=FACE_OUTER_BOUND('',#3551,.F.);
#3553=ADVANCED_FACE('',(#3552),#3545,.T.);
#3554=CARTESIAN_POINT('',(0.E0,0.E0,-2.178E1));
#3555=DIRECTION('',(0.E0,0.E0,1.E0));
#3556=DIRECTION('',(-1.E0,0.E0,0.E0));
#3557=AXIS2_PLACEMENT_3D('',#3554,#3555,#3556);
#3558=CYLINDRICAL_SURFACE('',#3557,6.4E0);
#3560=ORIENTED_EDGE('',*,*,#3559,.F.);
#3562=ORIENTED_EDGE('',*,*,#3561,.F.);
#3564=ORIENTED_EDGE('',*,*,#3563,.F.);
#3565=ORIENTED_EDGE('',*,*,#3547,.F.);
#3567=ORIENTED_EDGE('',*,*,#3566,.T.);
#3568=EDGE_LOOP('',(#3560,#3562,#3564,#3565,#3567));
#3569=FACE_OUTER_BOUND('',#3568,.F.);
#3570=ADVANCED_FACE('',(#3569),#3558,.T.);
#3571=CARTESIAN_POINT('',(0.E0,0.E0,1.95E1));
#3572=DIRECTION('',(0.E0,0.E0,1.E0));
#3573=DIRECTION('',(-9.999313566130E-1,-1.171674280850E-2,0.E0));
#3574=AXIS2_PLACEMENT_3D('',#3571,#3572,#3573);
#3575=TOROIDAL_SURFACE('',#3574,6.2E0,2.E-1);
#3576=ORIENTED_EDGE('',*,*,#3561,.T.);
#3577=ORIENTED_EDGE('',*,*,#3559,.T.);
#3579=ORIENTED_EDGE('',*,*,#3578,.F.);
#3581=ORIENTED_EDGE('',*,*,#3580,.F.);
#3583=ORIENTED_EDGE('',*,*,#3582,.T.);
#3584=EDGE_LOOP('',(#3576,#3577,#3579,#3581,#3583));
#3585=FACE_OUTER_BOUND('',#3584,.F.);
#3586=ADVANCED_FACE('',(#3585),#3575,.T.);
#3587=CARTESIAN_POINT('',(0.E0,0.E0,1.95E1));
#3588=DIRECTION('',(0.E0,0.E0,1.E0));
#3589=DIRECTION('',(9.999313566130E-1,1.171674280850E-2,0.E0));
#3590=AXIS2_PLACEMENT_3D('',#3587,#3588,#3589);
#3591=TOROIDAL_SURFACE('',#3590,6.2E0,2.E-1);
#3593=ORIENTED_EDGE('',*,*,#3592,.T.);
#3595=ORIENTED_EDGE('',*,*,#3594,.T.);
#3596=ORIENTED_EDGE('',*,*,#3582,.F.);
#3598=ORIENTED_EDGE('',*,*,#3597,.F.);
#3599=ORIENTED_EDGE('',*,*,#3578,.T.);
#3600=EDGE_LOOP('',(#3593,#3595,#3596,#3598,#3599));
#3601=FACE_OUTER_BOUND('',#3600,.F.);
#3602=ADVANCED_FACE('',(#3601),#3591,.T.);
#3603=CARTESIAN_POINT('',(0.E0,0.E0,-2.178E1));
#3604=DIRECTION('',(0.E0,0.E0,1.E0));
#3605=DIRECTION('',(-1.E0,0.E0,0.E0));
#3606=AXIS2_PLACEMENT_3D('',#3603,#3604,#3605);
#3607=CYLINDRICAL_SURFACE('',#3606,6.4E0);
#3608=ORIENTED_EDGE('',*,*,#3594,.F.);
#3609=ORIENTED_EDGE('',*,*,#3592,.F.);
#3610=ORIENTED_EDGE('',*,*,#3566,.F.);
#3611=ORIENTED_EDGE('',*,*,#3536,.F.);
#3612=ORIENTED_EDGE('',*,*,#3563,.T.);
#3613=EDGE_LOOP('',(#3608,#3609,#3610,#3611,#3612));
#3614=FACE_OUTER_BOUND('',#3613,.F.);
#3615=ADVANCED_FACE('',(#3614),#3607,.T.);
#3616=CARTESIAN_POINT('',(0.E0,0.E0,1.97E1));
#3617=DIRECTION('',(0.E0,0.E0,1.E0));
#3618=DIRECTION('',(-1.E0,0.E0,0.E0));
#3619=AXIS2_PLACEMENT_3D('',#3616,#3617,#3618);
#3620=PLANE('',#3619);
#3621=ORIENTED_EDGE('',*,*,#3597,.T.);
#3622=ORIENTED_EDGE('',*,*,#3580,.T.);
#3623=EDGE_LOOP('',(#3621,#3622));
#3624=FACE_OUTER_BOUND('',#3623,.F.);
#3626=ORIENTED_EDGE('',*,*,#3625,.T.);
#3628=ORIENTED_EDGE('',*,*,#3627,.T.);
#3629=EDGE_LOOP('',(#3626,#3628));
#3630=FACE_BOUND('',#3629,.F.);
#3631=ADVANCED_FACE('',(#3624,#3630),#3620,.T.);
#3632=CARTESIAN_POINT('',(0.E0,0.E0,-2.178E1));
#3633=DIRECTION('',(0.E0,0.E0,1.E0));
#3634=DIRECTION('',(-1.E0,0.E0,0.E0));
#3635=AXIS2_PLACEMENT_3D('',#3632,#3633,#3634);
#3636=CYLINDRICAL_SURFACE('',#3635,5.7E0);
#3638=ORIENTED_EDGE('',*,*,#3637,.F.);
#3640=ORIENTED_EDGE('',*,*,#3639,.F.);
#3642=ORIENTED_EDGE('',*,*,#3641,.T.);
#3643=ORIENTED_EDGE('',*,*,#3625,.F.);
#3645=ORIENTED_EDGE('',*,*,#3644,.F.);
#3646=EDGE_LOOP('',(#3638,#3640,#3642,#3643,#3645));
#3647=FACE_OUTER_BOUND('',#3646,.F.);
#3648=ADVANCED_FACE('',(#3647),#3636,.F.);
#3649=CARTESIAN_POINT('',(-1.648548720346E-14,0.E0,1.620004399367E1));
#3650=DIRECTION('',(0.E0,0.E0,1.E0));
#3651=DIRECTION('',(0.E0,-1.E0,0.E0));
#3652=AXIS2_PLACEMENT_3D('',#3649,#3650,#3651);
#3653=CONICAL_SURFACE('',#3652,5.549990732580E0,2.055595777198E1);
#3655=ORIENTED_EDGE('',*,*,#3654,.T.);
#3657=ORIENTED_EDGE('',*,*,#3656,.T.);
#3659=ORIENTED_EDGE('',*,*,#3658,.F.);
#3660=ORIENTED_EDGE('',*,*,#3639,.T.);
#3661=ORIENTED_EDGE('',*,*,#3637,.T.);
#3663=ORIENTED_EDGE('',*,*,#3662,.T.);
#3664=EDGE_LOOP('',(#3655,#3657,#3659,#3660,#3661,#3663));
#3665=FACE_OUTER_BOUND('',#3664,.F.);
#3666=ADVANCED_FACE('',(#3665),#3653,.F.);
#3667=CARTESIAN_POINT('',(0.E0,0.E0,-2.178E1));
#3668=DIRECTION('',(0.E0,0.E0,1.E0));
#3669=DIRECTION('',(-1.E0,0.E0,0.E0));
#3670=AXIS2_PLACEMENT_3D('',#3667,#3668,#3669);
#3671=CYLINDRICAL_SURFACE('',#3670,5.4E0);
#3672=ORIENTED_EDGE('',*,*,#3656,.F.);
#3673=ORIENTED_EDGE('',*,*,#3654,.F.);
#3675=ORIENTED_EDGE('',*,*,#3674,.F.);
#3677=ORIENTED_EDGE('',*,*,#3676,.F.);
#3679=ORIENTED_EDGE('',*,*,#3678,.F.);
#3681=ORIENTED_EDGE('',*,*,#3680,.T.);
#3682=EDGE_LOOP('',(#3672,#3673,#3675,#3677,#3679,#3681));
#3683=FACE_OUTER_BOUND('',#3682,.F.);
#3684=ADVANCED_FACE('',(#3683),#3671,.F.);
#3685=CARTESIAN_POINT('',(0.E0,0.E0,-2.178E1));
#3686=DIRECTION('',(0.E0,0.E0,1.E0));
#3687=DIRECTION('',(-1.E0,0.E0,0.E0));
#3688=AXIS2_PLACEMENT_3D('',#3685,#3686,#3687);
#3689=CYLINDRICAL_SURFACE('',#3688,5.4E0);
#3691=ORIENTED_EDGE('',*,*,#3690,.F.);
#3693=ORIENTED_EDGE('',*,*,#3692,.F.);
#3694=ORIENTED_EDGE('',*,*,#3680,.F.);
#3696=ORIENTED_EDGE('',*,*,#3695,.F.);
#3698=ORIENTED_EDGE('',*,*,#3697,.F.);
#3699=ORIENTED_EDGE('',*,*,#3674,.T.);
#3700=EDGE_LOOP('',(#3691,#3693,#3694,#3696,#3698,#3699));
#3701=FACE_OUTER_BOUND('',#3700,.F.);
#3702=ADVANCED_FACE('',(#3701),#3689,.F.);
#3703=CARTESIAN_POINT('',(0.E0,2.520206265899E-14,1.620004399367E1));
#3704=DIRECTION('',(0.E0,0.E0,1.E0));
#3705=DIRECTION('',(0.E0,-1.E0,0.E0));
#3706=AXIS2_PLACEMENT_3D('',#3703,#3704,#3705);
#3707=CONICAL_SURFACE('',#3706,5.549990732580E0,2.055595777198E1);
#3708=ORIENTED_EDGE('',*,*,#3692,.T.);
#3709=ORIENTED_EDGE('',*,*,#3690,.T.);
#3710=ORIENTED_EDGE('',*,*,#3662,.F.);
#3712=ORIENTED_EDGE('',*,*,#3711,.T.);
#3714=ORIENTED_EDGE('',*,*,#3713,.T.);
#3715=ORIENTED_EDGE('',*,*,#3658,.T.);
#3716=EDGE_LOOP('',(#3708,#3709,#3710,#3712,#3714,#3715));
#3717=FACE_OUTER_BOUND('',#3716,.F.);
#3718=ADVANCED_FACE('',(#3717),#3707,.F.);
#3719=CARTESIAN_POINT('',(0.E0,0.E0,-2.178E1));
#3720=DIRECTION('',(0.E0,0.E0,1.E0));
#3721=DIRECTION('',(-1.E0,0.E0,0.E0));
#3722=AXIS2_PLACEMENT_3D('',#3719,#3720,#3721);
#3723=CYLINDRICAL_SURFACE('',#3722,5.7E0);
#3724=ORIENTED_EDGE('',*,*,#3713,.F.);
#3725=ORIENTED_EDGE('',*,*,#3711,.F.);
#3726=ORIENTED_EDGE('',*,*,#3644,.T.);
#3727=ORIENTED_EDGE('',*,*,#3627,.F.);
#3728=ORIENTED_EDGE('',*,*,#3641,.F.);
#3729=EDGE_LOOP('',(#3724,#3725,#3726,#3727,#3728));
#3730=FACE_OUTER_BOUND('',#3729,.F.);
#3731=ADVANCED_FACE('',(#3730),#3723,.F.);
#3732=CARTESIAN_POINT('',(0.E0,0.E0,9.3E0));
#3733=DIRECTION('',(0.E0,0.E0,1.E0));
#3734=DIRECTION('',(9.997895471117E-1,2.051490887604E-2,0.E0));
#3735=AXIS2_PLACEMENT_3D('',#3732,#3733,#3734);
#3736=TOROIDAL_SURFACE('',#3735,5.1E0,3.E-1);
#3738=ORIENTED_EDGE('',*,*,#3737,.T.);
#3740=ORIENTED_EDGE('',*,*,#3739,.F.);
#3742=ORIENTED_EDGE('',*,*,#3741,.F.);
#3743=ORIENTED_EDGE('',*,*,#3697,.T.);
#3744=ORIENTED_EDGE('',*,*,#3695,.T.);
#3746=ORIENTED_EDGE('',*,*,#3745,.T.);
#3747=EDGE_LOOP('',(#3738,#3740,#3742,#3743,#3744,#3746));
#3748=FACE_OUTER_BOUND('',#3747,.F.);
#3749=ADVANCED_FACE('',(#3748),#3736,.F.);
#3750=CARTESIAN_POINT('',(0.E0,0.E0,9.E0));
#3751=DIRECTION('',(0.E0,0.E0,1.E0));
#3752=DIRECTION('',(-1.E0,0.E0,0.E0));
#3753=AXIS2_PLACEMENT_3D('',#3750,#3751,#3752);
#3754=PLANE('',#3753);
#3755=ORIENTED_EDGE('',*,*,#3739,.T.);
#3756=ORIENTED_EDGE('',*,*,#3737,.F.);
#3758=ORIENTED_EDGE('',*,*,#3757,.T.);
#3760=ORIENTED_EDGE('',*,*,#3759,.F.);
#3761=EDGE_LOOP('',(#3755,#3756,#3758,#3760));
#3762=FACE_OUTER_BOUND('',#3761,.F.);
#3764=ORIENTED_EDGE('',*,*,#3763,.T.);
#3766=ORIENTED_EDGE('',*,*,#3765,.T.);
#3768=ORIENTED_EDGE('',*,*,#3767,.T.);
#3770=ORIENTED_EDGE('',*,*,#3769,.T.);
#3771=EDGE_LOOP('',(#3764,#3766,#3768,#3770));
#3772=FACE_BOUND('',#3771,.F.);
#3773=ADVANCED_FACE('',(#3762,#3772),#3754,.T.);
#3774=CARTESIAN_POINT('',(0.E0,0.E0,9.3E0));
#3775=DIRECTION('',(0.E0,0.E0,1.E0));
#3776=DIRECTION('',(-9.997895471117E-1,-2.051490887604E-2,0.E0));
#3777=AXIS2_PLACEMENT_3D('',#3774,#3775,#3776);
#3778=TOROIDAL_SURFACE('',#3777,5.1E0,3.E-1);
#3779=ORIENTED_EDGE('',*,*,#3759,.T.);
#3780=ORIENTED_EDGE('',*,*,#3757,.F.);
#3781=ORIENTED_EDGE('',*,*,#3745,.F.);
#3782=ORIENTED_EDGE('',*,*,#3678,.T.);
#3783=ORIENTED_EDGE('',*,*,#3676,.T.);
#3784=ORIENTED_EDGE('',*,*,#3741,.T.);
#3785=EDGE_LOOP('',(#3779,#3780,#3781,#3782,#3783,#3784));
#3786=FACE_OUTER_BOUND('',#3785,.F.);
#3787=ADVANCED_FACE('',(#3786),#3778,.F.);
#3788=CARTESIAN_POINT('',(-1.017249397483E-14,0.E0,8.850032877005E0));
#3789=DIRECTION('',(0.E0,0.E0,1.E0));
#3790=DIRECTION('',(0.E0,-1.E0,0.E0));
#3791=AXIS2_PLACEMENT_3D('',#3788,#3789,#3790);
#3792=CONICAL_SURFACE('',#3791,3.399966890103E0,4.499944400424E1);
#3794=ORIENTED_EDGE('',*,*,#3793,.T.);
#3796=ORIENTED_EDGE('',*,*,#3795,.T.);
#3798=ORIENTED_EDGE('',*,*,#3797,.F.);
#3799=ORIENTED_EDGE('',*,*,#3765,.F.);
#3800=ORIENTED_EDGE('',*,*,#3763,.F.);
#3802=ORIENTED_EDGE('',*,*,#3801,.T.);
#3803=EDGE_LOOP('',(#3794,#3796,#3798,#3799,#3800,#3802));
#3804=FACE_OUTER_BOUND('',#3803,.F.);
#3805=ADVANCED_FACE('',(#3804),#3792,.F.);
#3806=CARTESIAN_POINT('',(0.E0,0.E0,-2.178E1));
#3807=DIRECTION('',(0.E0,0.E0,1.E0));
#3808=DIRECTION('',(-1.E0,0.E0,0.E0));
#3809=AXIS2_PLACEMENT_3D('',#3806,#3807,#3808);
#3810=CYLINDRICAL_SURFACE('',#3809,3.25E0);
#3811=ORIENTED_EDGE('',*,*,#3795,.F.);
#3812=ORIENTED_EDGE('',*,*,#3793,.F.);
#3814=ORIENTED_EDGE('',*,*,#3813,.F.);
#3816=ORIENTED_EDGE('',*,*,#3815,.F.);
#3818=ORIENTED_EDGE('',*,*,#3817,.T.);
#3819=EDGE_LOOP('',(#3811,#3812,#3814,#3816,#3818));
#3820=FACE_OUTER_BOUND('',#3819,.F.);
#3821=ADVANCED_FACE('',(#3820),#3810,.F.);
#3822=CARTESIAN_POINT('',(0.E0,0.E0,-2.178E1));
#3823=DIRECTION('',(0.E0,0.E0,1.E0));
#3824=DIRECTION('',(-1.E0,0.E0,0.E0));
#3825=AXIS2_PLACEMENT_3D('',#3822,#3823,#3824);
#3826=CYLINDRICAL_SURFACE('',#3825,3.25E0);
#3828=ORIENTED_EDGE('',*,*,#3827,.F.);
#3830=ORIENTED_EDGE('',*,*,#3829,.F.);
#3831=ORIENTED_EDGE('',*,*,#3817,.F.);
#3833=ORIENTED_EDGE('',*,*,#3832,.F.);
#3834=ORIENTED_EDGE('',*,*,#3813,.T.);
#3835=EDGE_LOOP('',(#3828,#3830,#3831,#3833,#3834));
#3836=FACE_OUTER_BOUND('',#3835,.F.);
#3837=ADVANCED_FACE('',(#3836),#3826,.F.);
#3838=CARTESIAN_POINT('',(0.E0,0.E0,8.850032877005E0));
#3839=DIRECTION('',(0.E0,0.E0,1.E0));
#3840=DIRECTION('',(0.E0,-1.E0,0.E0));
#3841=AXIS2_PLACEMENT_3D('',#3838,#3839,#3840);
#3842=CONICAL_SURFACE('',#3841,3.399966890103E0,4.499944400424E1);
#3843=ORIENTED_EDGE('',*,*,#3829,.T.);
#3844=ORIENTED_EDGE('',*,*,#3827,.T.);
#3845=ORIENTED_EDGE('',*,*,#3801,.F.);
#3846=ORIENTED_EDGE('',*,*,#3769,.F.);
#3847=ORIENTED_EDGE('',*,*,#3767,.F.);
#3848=ORIENTED_EDGE('',*,*,#3797,.T.);
#3849=EDGE_LOOP('',(#3843,#3844,#3845,#3846,#3847,#3848));
#3850=FACE_OUTER_BOUND('',#3849,.F.);
#3851=ADVANCED_FACE('',(#3850),#3842,.F.);
#3852=CARTESIAN_POINT('',(0.E0,0.E0,4.7E0));
#3853=DIRECTION('',(0.E0,0.E0,1.E0));
#3854=DIRECTION('',(-1.E0,0.E0,0.E0));
#3855=AXIS2_PLACEMENT_3D('',#3852,#3853,#3854);
#3856=PLANE('',#3855);
#3857=ORIENTED_EDGE('',*,*,#3832,.T.);
#3858=ORIENTED_EDGE('',*,*,#3815,.T.);
#3859=EDGE_LOOP('',(#3857,#3858));
#3860=FACE_OUTER_BOUND('',#3859,.F.);
#3862=ORIENTED_EDGE('',*,*,#3861,.T.);
#3864=ORIENTED_EDGE('',*,*,#3863,.T.);
#3865=EDGE_LOOP('',(#3862,#3864));
#3866=FACE_BOUND('',#3865,.F.);
#3867=ADVANCED_FACE('',(#3860,#3866),#3856,.T.);
#3868=CARTESIAN_POINT('',(0.E0,0.E0,-2.178E1));
#3869=DIRECTION('',(0.E0,0.E0,1.E0));
#3870=DIRECTION('',(-1.E0,0.E0,0.E0));
#3871=AXIS2_PLACEMENT_3D('',#3868,#3869,#3870);
#3872=CYLINDRICAL_SURFACE('',#3871,2.25E0);
#3874=ORIENTED_EDGE('',*,*,#3873,.T.);
#3876=ORIENTED_EDGE('',*,*,#3875,.F.);
#3878=ORIENTED_EDGE('',*,*,#3877,.T.);
#3879=ORIENTED_EDGE('',*,*,#3861,.F.);
#3881=ORIENTED_EDGE('',*,*,#3880,.F.);
#3883=ORIENTED_EDGE('',*,*,#3882,.F.);
#3885=ORIENTED_EDGE('',*,*,#3884,.T.);
#3886=EDGE_LOOP('',(#3874,#3876,#3878,#3879,#3881,#3883,#3885));
#3887=FACE_OUTER_BOUND('',#3886,.F.);
#3888=ADVANCED_FACE('',(#3887),#3872,.F.);
#3889=CARTESIAN_POINT('',(2.1E1,0.E0,0.E0));
#3890=DIRECTION('',(-1.E0,0.E0,0.E0));
#3891=DIRECTION('',(0.E0,0.E0,-1.E0));
#3892=AXIS2_PLACEMENT_3D('',#3889,#3890,#3891);
#3893=CYLINDRICAL_SURFACE('',#3892,2.25E0);
#3894=ORIENTED_EDGE('',*,*,#3873,.F.);
#3896=ORIENTED_EDGE('',*,*,#3895,.T.);
#3898=ORIENTED_EDGE('',*,*,#3897,.F.);
#3900=ORIENTED_EDGE('',*,*,#3899,.F.);
#3901=ORIENTED_EDGE('',*,*,#3875,.T.);
#3902=EDGE_LOOP('',(#3894,#3896,#3898,#3900,#3901));
#3903=FACE_OUTER_BOUND('',#3902,.F.);
#3904=ADVANCED_FACE('',(#3903),#3893,.F.);
#3905=CARTESIAN_POINT('',(2.1E1,0.E0,0.E0));
#3906=DIRECTION('',(-1.E0,0.E0,0.E0));
#3907=DIRECTION('',(0.E0,0.E0,-1.E0));
#3908=AXIS2_PLACEMENT_3D('',#3905,#3906,#3907);
#3909=CYLINDRICAL_SURFACE('',#3908,2.25E0);
#3911=ORIENTED_EDGE('',*,*,#3910,.F.);
#3912=ORIENTED_EDGE('',*,*,#3899,.T.);
#3914=ORIENTED_EDGE('',*,*,#3913,.F.);
#3915=ORIENTED_EDGE('',*,*,#3895,.F.);
#3917=ORIENTED_EDGE('',*,*,#3916,.T.);
#3918=EDGE_LOOP('',(#3911,#3912,#3914,#3915,#3917));
#3919=FACE_OUTER_BOUND('',#3918,.F.);
#3920=ADVANCED_FACE('',(#3919),#3909,.F.);
#3921=CARTESIAN_POINT('',(0.E0,0.E0,-2.178E1));
#3922=DIRECTION('',(0.E0,0.E0,1.E0));
#3923=DIRECTION('',(-1.E0,0.E0,0.E0));
#3924=AXIS2_PLACEMENT_3D('',#3921,#3922,#3923);
#3925=CYLINDRICAL_SURFACE('',#3924,2.25E0);
#3926=ORIENTED_EDGE('',*,*,#3910,.T.);
#3927=ORIENTED_EDGE('',*,*,#3916,.F.);
#3928=ORIENTED_EDGE('',*,*,#3884,.F.);
#3930=ORIENTED_EDGE('',*,*,#3929,.F.);
#3931=ORIENTED_EDGE('',*,*,#3880,.T.);
#3932=ORIENTED_EDGE('',*,*,#3863,.F.);
#3933=ORIENTED_EDGE('',*,*,#3877,.F.);
#3934=EDGE_LOOP('',(#3926,#3927,#3928,#3930,#3931,#3932,#3933));
#3935=FACE_OUTER_BOUND('',#3934,.F.);
#3936=ADVANCED_FACE('',(#3935),#3925,.F.);
#3937=CARTESIAN_POINT('',(0.E0,0.E0,-4.7E0));
#3938=DIRECTION('',(0.E0,0.E0,1.E0));
#3939=DIRECTION('',(-1.E0,0.E0,0.E0));
#3940=AXIS2_PLACEMENT_3D('',#3937,#3938,#3939);
#3941=PLANE('',#3940);
#3943=ORIENTED_EDGE('',*,*,#3942,.T.);
#3945=ORIENTED_EDGE('',*,*,#3944,.T.);
#3946=EDGE_LOOP('',(#3943,#3945));
#3947=FACE_OUTER_BOUND('',#3946,.F.);
#3948=ORIENTED_EDGE('',*,*,#3929,.T.);
#3949=ORIENTED_EDGE('',*,*,#3882,.T.);
#3950=EDGE_LOOP('',(#3948,#3949));
#3951=FACE_BOUND('',#3950,.F.);
#3952=ADVANCED_FACE('',(#3947,#3951),#3941,.F.);
#3953=CARTESIAN_POINT('',(0.E0,0.E0,-2.178E1));
#3954=DIRECTION('',(0.E0,0.E0,1.E0));
#3955=DIRECTION('',(-1.E0,0.E0,0.E0));
#3956=AXIS2_PLACEMENT_3D('',#3953,#3954,#3955);
#3957=CYLINDRICAL_SURFACE('',#3956,3.25E0);
#3959=ORIENTED_EDGE('',*,*,#3958,.F.);
#3961=ORIENTED_EDGE('',*,*,#3960,.F.);
#3963=ORIENTED_EDGE('',*,*,#3962,.T.);
#3964=ORIENTED_EDGE('',*,*,#3942,.F.);
#3966=ORIENTED_EDGE('',*,*,#3965,.F.);
#3967=EDGE_LOOP('',(#3959,#3961,#3963,#3964,#3966));
#3968=FACE_OUTER_BOUND('',#3967,.F.);
#3969=ADVANCED_FACE('',(#3968),#3957,.F.);
#3970=CARTESIAN_POINT('',(0.E0,0.E0,-8.850030514753E0));
#3971=DIRECTION('',(0.E0,0.E0,-1.E0));
#3972=DIRECTION('',(0.E0,-1.E0,0.E0));
#3973=AXIS2_PLACEMENT_3D('',#3970,#3971,#3972);
#3974=CONICAL_SURFACE('',#3973,3.399969194630E0,4.499948332582E1);
#3976=ORIENTED_EDGE('',*,*,#3975,.F.);
#3978=ORIENTED_EDGE('',*,*,#3977,.F.);
#3980=ORIENTED_EDGE('',*,*,#3979,.F.);
#3981=ORIENTED_EDGE('',*,*,#3960,.T.);
#3982=ORIENTED_EDGE('',*,*,#3958,.T.);
#3984=ORIENTED_EDGE('',*,*,#3983,.T.);
#3985=EDGE_LOOP('',(#3976,#3978,#3980,#3981,#3982,#3984));
#3986=FACE_OUTER_BOUND('',#3985,.F.);
#3987=ADVANCED_FACE('',(#3986),#3974,.F.);
#3988=CARTESIAN_POINT('',(0.E0,0.E0,-9.E0));
#3989=DIRECTION('',(0.E0,0.E0,1.E0));
#3990=DIRECTION('',(-1.E0,0.E0,0.E0));
#3991=AXIS2_PLACEMENT_3D('',#3988,#3989,#3990);
#3992=PLANE('',#3991);
#3994=ORIENTED_EDGE('',*,*,#3993,.T.);
#3996=ORIENTED_EDGE('',*,*,#3995,.T.);
#3997=EDGE_LOOP('',(#3994,#3996));
#3998=FACE_OUTER_BOUND('',#3997,.F.);
#3999=ORIENTED_EDGE('',*,*,#3977,.T.);
#4000=ORIENTED_EDGE('',*,*,#3975,.T.);
#4002=ORIENTED_EDGE('',*,*,#4001,.T.);
#4004=ORIENTED_EDGE('',*,*,#4003,.T.);
#4005=EDGE_LOOP('',(#3999,#4000,#4002,#4004));
#4006=FACE_BOUND('',#4005,.F.);
#4007=ADVANCED_FACE('',(#3998,#4006),#3992,.F.);
#4008=CARTESIAN_POINT('',(0.E0,0.E0,-9.3E0));
#4009=DIRECTION('',(0.E0,0.E0,1.E0));
#4010=DIRECTION('',(9.999035795571E-1,1.388638141544E-2,0.E0));
#4011=AXIS2_PLACEMENT_3D('',#4008,#4009,#4010);
#4012=TOROIDAL_SURFACE('',#4011,5.1E0,3.E-1);
#4014=ORIENTED_EDGE('',*,*,#4013,.T.);
#4016=ORIENTED_EDGE('',*,*,#4015,.T.);
#4018=ORIENTED_EDGE('',*,*,#4017,.F.);
#4019=ORIENTED_EDGE('',*,*,#3993,.F.);
#4021=ORIENTED_EDGE('',*,*,#4020,.T.);
#4022=EDGE_LOOP('',(#4014,#4016,#4018,#4019,#4021));
#4023=FACE_OUTER_BOUND('',#4022,.F.);
#4024=ADVANCED_FACE('',(#4023),#4012,.F.);
#4025=CARTESIAN_POINT('',(0.E0,0.E0,-2.178E1));
#4026=DIRECTION('',(0.E0,0.E0,1.E0));
#4027=DIRECTION('',(-1.E0,0.E0,0.E0));
#4028=AXIS2_PLACEMENT_3D('',#4025,#4026,#4027);
#4029=CYLINDRICAL_SURFACE('',#4028,5.4E0);
#4031=ORIENTED_EDGE('',*,*,#4030,.F.);
#4033=ORIENTED_EDGE('',*,*,#4032,.F.);
#4035=ORIENTED_EDGE('',*,*,#4034,.T.);
#4036=ORIENTED_EDGE('',*,*,#4015,.F.);
#4037=ORIENTED_EDGE('',*,*,#4013,.F.);
#4039=ORIENTED_EDGE('',*,*,#4038,.F.);
#4040=EDGE_LOOP('',(#4031,#4033,#4035,#4036,#4037,#4039));
#4041=FACE_OUTER_BOUND('',#4040,.F.);
#4042=ADVANCED_FACE('',(#4041),#4029,.F.);
#4043=CARTESIAN_POINT('',(-2.259436462231E-14,0.E0,-1.620004013113E1));
#4044=DIRECTION('',(0.E0,0.E0,-1.E0));
#4045=DIRECTION('',(0.E0,-1.E0,0.E0));
#4046=AXIS2_PLACEMENT_3D('',#4043,#4044,#4045);
#4047=CONICAL_SURFACE('',#4046,5.549992504448E0,2.055596870187E1);
#4049=ORIENTED_EDGE('',*,*,#4048,.T.);
#4051=ORIENTED_EDGE('',*,*,#4050,.T.);
#4053=ORIENTED_EDGE('',*,*,#4052,.F.);
#4054=ORIENTED_EDGE('',*,*,#4032,.T.);
#4055=ORIENTED_EDGE('',*,*,#4030,.T.);
#4057=ORIENTED_EDGE('',*,*,#4056,.T.);
#4058=EDGE_LOOP('',(#4049,#4051,#4053,#4054,#4055,#4057));
#4059=FACE_OUTER_BOUND('',#4058,.F.);
#4060=ADVANCED_FACE('',(#4059),#4047,.F.);
#4061=CARTESIAN_POINT('',(0.E0,0.E0,-2.178E1));
#4062=DIRECTION('',(0.E0,0.E0,1.E0));
#4063=DIRECTION('',(-1.E0,0.E0,0.E0));
#4064=AXIS2_PLACEMENT_3D('',#4061,#4062,#4063);
#4065=CYLINDRICAL_SURFACE('',#4064,5.7E0);
#4066=ORIENTED_EDGE('',*,*,#4050,.F.);
#4067=ORIENTED_EDGE('',*,*,#4048,.F.);
#4069=ORIENTED_EDGE('',*,*,#4068,.F.);
#4071=ORIENTED_EDGE('',*,*,#4070,.F.);
#4073=ORIENTED_EDGE('',*,*,#4072,.T.);
#4074=EDGE_LOOP('',(#4066,#4067,#4069,#4071,#4073));
#4075=FACE_OUTER_BOUND('',#4074,.F.);
#4076=ADVANCED_FACE('',(#4075),#4065,.F.);
#4077=CARTESIAN_POINT('',(0.E0,0.E0,-2.178E1));
#4078=DIRECTION('',(0.E0,0.E0,1.E0));
#4079=DIRECTION('',(-1.E0,0.E0,0.E0));
#4080=AXIS2_PLACEMENT_3D('',#4077,#4078,#4079);
#4081=CYLINDRICAL_SURFACE('',#4080,5.7E0);
#4083=ORIENTED_EDGE('',*,*,#4082,.F.);
#4085=ORIENTED_EDGE('',*,*,#4084,.F.);
#4086=ORIENTED_EDGE('',*,*,#4072,.F.);
#4088=ORIENTED_EDGE('',*,*,#4087,.F.);
#4089=ORIENTED_EDGE('',*,*,#4068,.T.);
#4090=EDGE_LOOP('',(#4083,#4085,#4086,#4088,#4089));
#4091=FACE_OUTER_BOUND('',#4090,.F.);
#4092=ADVANCED_FACE('',(#4091),#4081,.F.);
#4093=CARTESIAN_POINT('',(0.E0,0.E0,-1.620004013113E1));
#4094=DIRECTION('',(0.E0,0.E0,-1.E0));
#4095=DIRECTION('',(0.E0,-1.E0,0.E0));
#4096=AXIS2_PLACEMENT_3D('',#4093,#4094,#4095);
#4097=CONICAL_SURFACE('',#4096,5.549992504448E0,2.055596870187E1);
#4098=ORIENTED_EDGE('',*,*,#4084,.T.);
#4099=ORIENTED_EDGE('',*,*,#4082,.T.);
#4100=ORIENTED_EDGE('',*,*,#4056,.F.);
#4102=ORIENTED_EDGE('',*,*,#4101,.T.);
#4104=ORIENTED_EDGE('',*,*,#4103,.T.);
#4105=ORIENTED_EDGE('',*,*,#4052,.T.);
#4106=EDGE_LOOP('',(#4098,#4099,#4100,#4102,#4104,#4105));
#4107=FACE_OUTER_BOUND('',#4106,.F.);
#4108=ADVANCED_FACE('',(#4107),#4097,.F.);
#4109=CARTESIAN_POINT('',(0.E0,0.E0,-2.178E1));
#4110=DIRECTION('',(0.E0,0.E0,1.E0));
#4111=DIRECTION('',(-1.E0,0.E0,0.E0));
#4112=AXIS2_PLACEMENT_3D('',#4109,#4110,#4111);
#4113=CYLINDRICAL_SURFACE('',#4112,5.4E0);
#4114=ORIENTED_EDGE('',*,*,#4103,.F.);
#4115=ORIENTED_EDGE('',*,*,#4101,.F.);
#4116=ORIENTED_EDGE('',*,*,#4038,.T.);
#4118=ORIENTED_EDGE('',*,*,#4117,.F.);
#4120=ORIENTED_EDGE('',*,*,#4119,.F.);
#4121=ORIENTED_EDGE('',*,*,#4034,.F.);
#4122=EDGE_LOOP('',(#4114,#4115,#4116,#4118,#4120,#4121));
#4123=FACE_OUTER_BOUND('',#4122,.F.);
#4124=ADVANCED_FACE('',(#4123),#4113,.F.);
#4125=CARTESIAN_POINT('',(0.E0,0.E0,-9.3E0));
#4126=DIRECTION('',(0.E0,0.E0,1.E0));
#4127=DIRECTION('',(-9.999035795571E-1,-1.388638141544E-2,0.E0));
#4128=AXIS2_PLACEMENT_3D('',#4125,#4126,#4127);
#4129=TOROIDAL_SURFACE('',#4128,5.1E0,3.E-1);
#4130=ORIENTED_EDGE('',*,*,#4119,.T.);
#4131=ORIENTED_EDGE('',*,*,#4117,.T.);
#4132=ORIENTED_EDGE('',*,*,#4020,.F.);
#4133=ORIENTED_EDGE('',*,*,#3995,.F.);
#4134=ORIENTED_EDGE('',*,*,#4017,.T.);
#4135=EDGE_LOOP('',(#4130,#4131,#4132,#4133,#4134));
#4136=FACE_OUTER_BOUND('',#4135,.F.);
#4137=ADVANCED_FACE('',(#4136),#4129,.F.);
#4138=CARTESIAN_POINT('',(0.E0,0.E0,-1.97E1));
#4139=DIRECTION('',(0.E0,0.E0,1.E0));
#4140=DIRECTION('',(-1.E0,0.E0,0.E0));
#4141=AXIS2_PLACEMENT_3D('',#4138,#4139,#4140);
#4142=PLANE('',#4141);
#4144=ORIENTED_EDGE('',*,*,#4143,.T.);
#4146=ORIENTED_EDGE('',*,*,#4145,.T.);
#4148=ORIENTED_EDGE('',*,*,#4147,.T.);
#4150=ORIENTED_EDGE('',*,*,#4149,.T.);
#4151=EDGE_LOOP('',(#4144,#4146,#4148,#4150));
#4152=FACE_OUTER_BOUND('',#4151,.F.);
#4153=ORIENTED_EDGE('',*,*,#4087,.T.);
#4154=ORIENTED_EDGE('',*,*,#4070,.T.);
#4155=EDGE_LOOP('',(#4153,#4154));
#4156=FACE_BOUND('',#4155,.F.);
#4157=ADVANCED_FACE('',(#4152,#4156),#4142,.F.);
#4158=CARTESIAN_POINT('',(0.E0,0.E0,-1.95E1));
#4159=DIRECTION('',(0.E0,0.E0,1.E0));
#4160=DIRECTION('',(9.998501741153E-1,1.730980420389E-2,0.E0));
#4161=AXIS2_PLACEMENT_3D('',#4158,#4159,#4160);
#4162=TOROIDAL_SURFACE('',#4161,6.2E0,2.E-1);
#4163=ORIENTED_EDGE('',*,*,#4145,.F.);
#4164=ORIENTED_EDGE('',*,*,#4143,.F.);
#4166=ORIENTED_EDGE('',*,*,#4165,.F.);
#4168=ORIENTED_EDGE('',*,*,#4167,.T.);
#4170=ORIENTED_EDGE('',*,*,#4169,.T.);
#4172=ORIENTED_EDGE('',*,*,#4171,.T.);
#4173=EDGE_LOOP('',(#4163,#4164,#4166,#4168,#4170,#4172));
#4174=FACE_OUTER_BOUND('',#4173,.F.);
#4175=ADVANCED_FACE('',(#4174),#4162,.T.);
#4176=CARTESIAN_POINT('',(0.E0,0.E0,-1.95E1));
#4177=DIRECTION('',(0.E0,0.E0,1.E0));
#4178=DIRECTION('',(-9.998501741153E-1,-1.730980420389E-2,0.E0));
#4179=AXIS2_PLACEMENT_3D('',#4176,#4177,#4178);
#4180=TOROIDAL_SURFACE('',#4179,6.2E0,2.E-1);
#4181=ORIENTED_EDGE('',*,*,#4149,.F.);
#4182=ORIENTED_EDGE('',*,*,#4147,.F.);
#4183=ORIENTED_EDGE('',*,*,#4171,.F.);
#4185=ORIENTED_EDGE('',*,*,#4184,.T.);
#4187=ORIENTED_EDGE('',*,*,#4186,.T.);
#4188=ORIENTED_EDGE('',*,*,#4165,.T.);
#4189=EDGE_LOOP('',(#4181,#4182,#4183,#4185,#4187,#4188));
#4190=FACE_OUTER_BOUND('',#4189,.F.);
#4191=ADVANCED_FACE('',(#4190),#4180,.T.);
#4192=CARTESIAN_POINT('',(0.E0,0.E0,-2.178E1));
#4193=DIRECTION('',(0.E0,0.E0,1.E0));
#4194=DIRECTION('',(-1.E0,0.E0,0.E0));
#4195=AXIS2_PLACEMENT_3D('',#4192,#4193,#4194);
#4196=CYLINDRICAL_SURFACE('',#4195,6.4E0);
#4197=ORIENTED_EDGE('',*,*,#4186,.F.);
#4198=ORIENTED_EDGE('',*,*,#4184,.F.);
#4200=ORIENTED_EDGE('',*,*,#4199,.T.);
#4202=ORIENTED_EDGE('',*,*,#4201,.F.);
#4204=ORIENTED_EDGE('',*,*,#4203,.F.);
#4205=EDGE_LOOP('',(#4197,#4198,#4200,#4202,#4204));
#4206=FACE_OUTER_BOUND('',#4205,.F.);
#4207=ADVANCED_FACE('',(#4206),#4196,.T.);
#4208=CARTESIAN_POINT('',(0.E0,0.E0,-2.178E1));
#4209=DIRECTION('',(0.E0,0.E0,1.E0));
#4210=DIRECTION('',(-1.E0,0.E0,0.E0));
#4211=AXIS2_PLACEMENT_3D('',#4208,#4209,#4210);
#4212=CYLINDRICAL_SURFACE('',#4211,6.4E0);
#4213=ORIENTED_EDGE('',*,*,#4169,.F.);
#4214=ORIENTED_EDGE('',*,*,#4167,.F.);
#4215=ORIENTED_EDGE('',*,*,#4203,.T.);
#4217=ORIENTED_EDGE('',*,*,#4216,.F.);
#4218=ORIENTED_EDGE('',*,*,#4199,.F.);
#4219=EDGE_LOOP('',(#4213,#4214,#4215,#4217,#4218));
#4220=FACE_OUTER_BOUND('',#4219,.F.);
#4221=ADVANCED_FACE('',(#4220),#4212,.T.);
#4222=CARTESIAN_POINT('',(0.E0,0.E0,-1.72E1));
#4223=DIRECTION('',(0.E0,0.E0,1.E0));
#4224=DIRECTION('',(-1.E0,0.E0,0.E0));
#4225=AXIS2_PLACEMENT_3D('',#4222,#4223,#4224);
#4226=CONICAL_SURFACE('',#4225,6.625E0,2.055604521958E1);
#4228=ORIENTED_EDGE('',*,*,#4227,.F.);
#4229=ORIENTED_EDGE('',*,*,#4216,.T.);
#4231=ORIENTED_EDGE('',*,*,#4230,.T.);
#4233=ORIENTED_EDGE('',*,*,#4232,.T.);
#4234=EDGE_LOOP('',(#4228,#4229,#4231,#4233));
#4235=FACE_OUTER_BOUND('',#4234,.F.);
#4236=ADVANCED_FACE('',(#4235),#4226,.T.);
#4237=CARTESIAN_POINT('',(0.E0,0.E0,-1.72E1));
#4238=DIRECTION('',(0.E0,0.E0,1.E0));
#4239=DIRECTION('',(-1.E0,0.E0,0.E0));
#4240=AXIS2_PLACEMENT_3D('',#4237,#4238,#4239);
#4241=CONICAL_SURFACE('',#4240,6.625E0,2.055604521958E1);
#4242=ORIENTED_EDGE('',*,*,#4227,.T.);
#4244=ORIENTED_EDGE('',*,*,#4243,.T.);
#4245=ORIENTED_EDGE('',*,*,#4230,.F.);
#4246=ORIENTED_EDGE('',*,*,#4201,.T.);
#4247=EDGE_LOOP('',(#4242,#4244,#4245,#4246));
#4248=FACE_OUTER_BOUND('',#4247,.F.);
#4249=ADVANCED_FACE('',(#4248),#4241,.T.);
#4250=CARTESIAN_POINT('',(0.E0,0.E0,-2.178E1));
#4251=DIRECTION('',(0.E0,0.E0,1.E0));
#4252=DIRECTION('',(-1.E0,0.E0,0.E0));
#4253=AXIS2_PLACEMENT_3D('',#4250,#4251,#4252);
#4254=CYLINDRICAL_SURFACE('',#4253,6.85E0);
#4256=ORIENTED_EDGE('',*,*,#4255,.T.);
#4258=ORIENTED_EDGE('',*,*,#4257,.F.);
#4260=ORIENTED_EDGE('',*,*,#4259,.F.);
#4261=ORIENTED_EDGE('',*,*,#4243,.F.);
#4262=EDGE_LOOP('',(#4256,#4258,#4260,#4261));
#4263=FACE_OUTER_BOUND('',#4262,.F.);
#4264=ADVANCED_FACE('',(#4263),#4254,.T.);
#4265=CARTESIAN_POINT('',(0.E0,0.E0,-2.178E1));
#4266=DIRECTION('',(0.E0,0.E0,1.E0));
#4267=DIRECTION('',(-1.E0,0.E0,0.E0));
#4268=AXIS2_PLACEMENT_3D('',#4265,#4266,#4267);
#4269=CYLINDRICAL_SURFACE('',#4268,6.85E0);
#4270=ORIENTED_EDGE('',*,*,#4255,.F.);
#4271=ORIENTED_EDGE('',*,*,#4232,.F.);
#4272=ORIENTED_EDGE('',*,*,#4259,.T.);
#4274=ORIENTED_EDGE('',*,*,#4273,.F.);
#4275=EDGE_LOOP('',(#4270,#4271,#4272,#4274));
#4276=FACE_OUTER_BOUND('',#4275,.F.);
#4277=ADVANCED_FACE('',(#4276),#4269,.T.);
#4278=CARTESIAN_POINT('',(0.E0,0.E0,-1.58E1));
#4279=DIRECTION('',(0.E0,0.E0,1.E0));
#4280=DIRECTION('',(-1.E0,0.E0,0.E0));
#4281=AXIS2_PLACEMENT_3D('',#4278,#4279,#4280);
#4282=PLANE('',#4281);
#4283=ORIENTED_EDGE('',*,*,#4257,.T.);
#4284=ORIENTED_EDGE('',*,*,#4273,.T.);
#4285=EDGE_LOOP('',(#4283,#4284));
#4286=FACE_OUTER_BOUND('',#4285,.F.);
#4288=ORIENTED_EDGE('',*,*,#4287,.T.);
#4290=ORIENTED_EDGE('',*,*,#4289,.T.);
#4291=EDGE_LOOP('',(#4288,#4290));
#4292=FACE_BOUND('',#4291,.F.);
#4293=ADVANCED_FACE('',(#4286,#4292),#4282,.T.);
#4294=CARTESIAN_POINT('',(0.E0,0.E0,-2.178E1));
#4295=DIRECTION('',(0.E0,0.E0,1.E0));
#4296=DIRECTION('',(-1.E0,0.E0,0.E0));
#4297=AXIS2_PLACEMENT_3D('',#4294,#4295,#4296);
#4298=CYLINDRICAL_SURFACE('',#4297,6.35E0);
#4300=ORIENTED_EDGE('',*,*,#4299,.F.);
#4301=ORIENTED_EDGE('',*,*,#4287,.F.);
#4303=ORIENTED_EDGE('',*,*,#4302,.T.);
#4305=ORIENTED_EDGE('',*,*,#4304,.F.);
#4306=EDGE_LOOP('',(#4300,#4301,#4303,#4305));
#4307=FACE_OUTER_BOUND('',#4306,.F.);
#4308=ADVANCED_FACE('',(#4307),#4298,.T.);
#4309=CARTESIAN_POINT('',(0.E0,0.E0,-2.178E1));
#4310=DIRECTION('',(0.E0,0.E0,1.E0));
#4311=DIRECTION('',(-1.E0,0.E0,0.E0));
#4312=AXIS2_PLACEMENT_3D('',#4309,#4310,#4311);
#4313=CYLINDRICAL_SURFACE('',#4312,6.35E0);
#4314=ORIENTED_EDGE('',*,*,#4299,.T.);
#4316=ORIENTED_EDGE('',*,*,#4315,.F.);
#4317=ORIENTED_EDGE('',*,*,#4302,.F.);
#4318=ORIENTED_EDGE('',*,*,#4289,.F.);
#4319=EDGE_LOOP('',(#4314,#4316,#4317,#4318));
#4320=FACE_OUTER_BOUND('',#4319,.F.);
#4321=ADVANCED_FACE('',(#4320),#4313,.T.);
#4322=CARTESIAN_POINT('',(0.E0,0.E0,-1.36E1));
#4323=DIRECTION('',(0.E0,0.E0,1.E0));
#4324=DIRECTION('',(-1.E0,0.E0,0.E0));
#4325=AXIS2_PLACEMENT_3D('',#4322,#4323,#4324);
#4326=PLANE('',#4325);
#4328=ORIENTED_EDGE('',*,*,#4327,.T.);
#4330=ORIENTED_EDGE('',*,*,#4329,.T.);
#4331=EDGE_LOOP('',(#4328,#4330));
#4332=FACE_OUTER_BOUND('',#4331,.F.);
#4333=ORIENTED_EDGE('',*,*,#4315,.T.);
#4334=ORIENTED_EDGE('',*,*,#4304,.T.);
#4335=EDGE_LOOP('',(#4333,#4334));
#4336=FACE_BOUND('',#4335,.F.);
#4337=ADVANCED_FACE('',(#4332,#4336),#4326,.F.);
#4338=CARTESIAN_POINT('',(0.E0,0.E0,-2.178E1));
#4339=DIRECTION('',(0.E0,0.E0,1.E0));
#4340=DIRECTION('',(-1.E0,0.E0,0.E0));
#4341=AXIS2_PLACEMENT_3D('',#4338,#4339,#4340);
#4342=CYLINDRICAL_SURFACE('',#4341,7.7E0);
#4344=ORIENTED_EDGE('',*,*,#4343,.F.);
#4346=ORIENTED_EDGE('',*,*,#4345,.F.);
#4348=ORIENTED_EDGE('',*,*,#4347,.F.);
#4349=ORIENTED_EDGE('',*,*,#4327,.F.);
#4351=ORIENTED_EDGE('',*,*,#4350,.T.);
#4352=EDGE_LOOP('',(#4344,#4346,#4348,#4349,#4351));
#4353=FACE_OUTER_BOUND('',#4352,.F.);
#4354=ADVANCED_FACE('',(#4353),#4342,.T.);
#4355=CARTESIAN_POINT('',(0.E0,0.E0,-1.274339811321E1));
#4356=DIRECTION('',(0.E0,0.E0,1.E0));
#4357=DIRECTION('',(9.999525781232E-1,9.738660316559E-3,0.E0));
#4358=AXIS2_PLACEMENT_3D('',#4355,#4356,#4357);
#4359=TOROIDAL_SURFACE('',#4358,7.2E0,5.E-1);
#4360=ORIENTED_EDGE('',*,*,#4345,.T.);
#4361=ORIENTED_EDGE('',*,*,#4343,.T.);
#4363=ORIENTED_EDGE('',*,*,#4362,.F.);
#4365=ORIENTED_EDGE('',*,*,#4364,.T.);
#4367=ORIENTED_EDGE('',*,*,#4366,.T.);
#4369=ORIENTED_EDGE('',*,*,#4368,.T.);
#4370=EDGE_LOOP('',(#4360,#4361,#4363,#4365,#4367,#4369));
#4371=FACE_OUTER_BOUND('',#4370,.F.);
#4372=ADVANCED_FACE('',(#4371),#4359,.T.);
#4373=CARTESIAN_POINT('',(0.E0,0.E0,-1.274339811321E1));
#4374=DIRECTION('',(0.E0,0.E0,1.E0));
#4375=DIRECTION('',(-9.999525781232E-1,-9.738660316559E-3,0.E0));
#4376=AXIS2_PLACEMENT_3D('',#4373,#4374,#4375);
#4377=TOROIDAL_SURFACE('',#4376,7.2E0,5.E-1);
#4379=ORIENTED_EDGE('',*,*,#4378,.T.);
#4381=ORIENTED_EDGE('',*,*,#4380,.T.);
#4382=ORIENTED_EDGE('',*,*,#4368,.F.);
#4384=ORIENTED_EDGE('',*,*,#4383,.T.);
#4386=ORIENTED_EDGE('',*,*,#4385,.T.);
#4387=ORIENTED_EDGE('',*,*,#4362,.T.);
#4388=EDGE_LOOP('',(#4379,#4381,#4382,#4384,#4386,#4387));
#4389=FACE_OUTER_BOUND('',#4388,.F.);
#4390=ADVANCED_FACE('',(#4389),#4377,.T.);
#4391=CARTESIAN_POINT('',(0.E0,0.E0,-2.178E1));
#4392=DIRECTION('',(0.E0,0.E0,1.E0));
#4393=DIRECTION('',(-1.E0,0.E0,0.E0));
#4394=AXIS2_PLACEMENT_3D('',#4391,#4392,#4393);
#4395=CYLINDRICAL_SURFACE('',#4394,7.7E0);
#4396=ORIENTED_EDGE('',*,*,#4380,.F.);
#4397=ORIENTED_EDGE('',*,*,#4378,.F.);
#4398=ORIENTED_EDGE('',*,*,#4350,.F.);
#4399=ORIENTED_EDGE('',*,*,#4329,.F.);
#4400=ORIENTED_EDGE('',*,*,#4347,.T.);
#4401=EDGE_LOOP('',(#4396,#4397,#4398,#4399,#4400));
#4402=FACE_OUTER_BOUND('',#4401,.F.);
#4403=ADVANCED_FACE('',(#4402),#4395,.T.);
#4404=CARTESIAN_POINT('',(0.E0,0.E0,-1.203648038613E1));
#4405=DIRECTION('',(0.E0,0.E0,-1.E0));
#4406=DIRECTION('',(1.E0,0.E0,0.E0));
#4407=AXIS2_PLACEMENT_3D('',#4404,#4405,#4406);
#4408=CONICAL_SURFACE('',#4407,7.347800241327E0,3.200538320808E1);
#4410=ORIENTED_EDGE('',*,*,#4409,.F.);
#4412=ORIENTED_EDGE('',*,*,#4411,.F.);
#4414=ORIENTED_EDGE('',*,*,#4413,.F.);
#4415=ORIENTED_EDGE('',*,*,#4385,.F.);
#4416=ORIENTED_EDGE('',*,*,#4383,.F.);
#4418=ORIENTED_EDGE('',*,*,#4417,.T.);
#4419=EDGE_LOOP('',(#4410,#4412,#4414,#4415,#4416,#4418));
#4420=FACE_OUTER_BOUND('',#4419,.F.);
#4421=ADVANCED_FACE('',(#4420),#4408,.T.);
#4422=CARTESIAN_POINT('',(0.E0,0.E0,-1.117056301887E1));
#4423=DIRECTION('',(0.E0,0.E0,1.E0));
#4424=DIRECTION('',(9.999370709770E-1,-1.121847074795E-2,0.E0));
#4425=AXIS2_PLACEMENT_3D('',#4422,#4423,#4424);
#4426=TOROIDAL_SURFACE('',#4425,7.75E0,8.E-1);
#4427=ORIENTED_EDGE('',*,*,#4411,.T.);
#4428=ORIENTED_EDGE('',*,*,#4409,.T.);
#4430=ORIENTED_EDGE('',*,*,#4429,.F.);
#4432=ORIENTED_EDGE('',*,*,#4431,.T.);
#4434=ORIENTED_EDGE('',*,*,#4433,.T.);
#4436=ORIENTED_EDGE('',*,*,#4435,.T.);
#4437=EDGE_LOOP('',(#4427,#4428,#4430,#4432,#4434,#4436));
#4438=FACE_OUTER_BOUND('',#4437,.F.);
#4439=ADVANCED_FACE('',(#4438),#4426,.F.);
#4440=CARTESIAN_POINT('',(0.E0,0.E0,-1.117056301887E1));
#4441=DIRECTION('',(0.E0,0.E0,1.E0));
#4442=DIRECTION('',(-9.999370709770E-1,1.121847074795E-2,0.E0));
#4443=AXIS2_PLACEMENT_3D('',#4440,#4441,#4442);
#4444=TOROIDAL_SURFACE('',#4443,7.75E0,8.E-1);
#4446=ORIENTED_EDGE('',*,*,#4445,.T.);
#4448=ORIENTED_EDGE('',*,*,#4447,.T.);
#4449=ORIENTED_EDGE('',*,*,#4435,.F.);
#4451=ORIENTED_EDGE('',*,*,#4450,.T.);
#4453=ORIENTED_EDGE('',*,*,#4452,.T.);
#4454=ORIENTED_EDGE('',*,*,#4429,.T.);
#4455=EDGE_LOOP('',(#4446,#4448,#4449,#4451,#4453,#4454));
#4456=FACE_OUTER_BOUND('',#4455,.F.);
#4457=ADVANCED_FACE('',(#4456),#4444,.F.);
#4458=CARTESIAN_POINT('',(0.E0,0.E0,-1.203648038613E1));
#4459=DIRECTION('',(0.E0,0.E0,-1.E0));
#4460=DIRECTION('',(1.E0,0.E0,0.E0));
#4461=AXIS2_PLACEMENT_3D('',#4458,#4459,#4460);
#4462=CONICAL_SURFACE('',#4461,7.347800241327E0,3.200538320808E1);
#4463=ORIENTED_EDGE('',*,*,#4447,.F.);
#4464=ORIENTED_EDGE('',*,*,#4445,.F.);
#4465=ORIENTED_EDGE('',*,*,#4417,.F.);
#4466=ORIENTED_EDGE('',*,*,#4366,.F.);
#4467=ORIENTED_EDGE('',*,*,#4364,.F.);
#4468=ORIENTED_EDGE('',*,*,#4413,.T.);
#4469=EDGE_LOOP('',(#4463,#4464,#4465,#4466,#4467,#4468));
#4470=FACE_OUTER_BOUND('',#4469,.F.);
#4471=ADVANCED_FACE('',(#4470),#4462,.T.);
#4472=CARTESIAN_POINT('',(0.E0,0.E0,-2.178E1));
#4473=DIRECTION('',(0.E0,0.E0,1.E0));
#4474=DIRECTION('',(-1.E0,0.E0,0.E0));
#4475=AXIS2_PLACEMENT_3D('',#4472,#4473,#4474);
#4476=CYLINDRICAL_SURFACE('',#4475,6.95E0);
#4478=ORIENTED_EDGE('',*,*,#4477,.F.);
#4480=ORIENTED_EDGE('',*,*,#4479,.F.);
#4482=ORIENTED_EDGE('',*,*,#4481,.F.);
#4483=ORIENTED_EDGE('',*,*,#4452,.F.);
#4484=ORIENTED_EDGE('',*,*,#4450,.F.);
#4486=ORIENTED_EDGE('',*,*,#4485,.T.);
#4487=EDGE_LOOP('',(#4478,#4480,#4482,#4483,#4484,#4486));
#4488=FACE_OUTER_BOUND('',#4487,.F.);
#4489=ADVANCED_FACE('',(#4488),#4476,.T.);
#4490=CARTESIAN_POINT('',(0.E0,0.E0,-8.804972690940E0));
#4491=DIRECTION('',(0.E0,0.E0,1.E0));
#4492=DIRECTION('',(9.999417910456E-1,1.078955608614E-2,0.E0));
#4493=AXIS2_PLACEMENT_3D('',#4490,#4491,#4492);
#4494=TOROIDAL_SURFACE('',#4493,5.75E0,1.2E0);
#4495=ORIENTED_EDGE('',*,*,#4479,.T.);
#4496=ORIENTED_EDGE('',*,*,#4477,.T.);
#4498=ORIENTED_EDGE('',*,*,#4497,.F.);
#4499=ORIENTED_EDGE('',*,*,#3127,.T.);
#4500=ORIENTED_EDGE('',*,*,#3125,.T.);
#4502=ORIENTED_EDGE('',*,*,#4501,.T.);
#4503=EDGE_LOOP('',(#4495,#4496,#4498,#4499,#4500,#4502));
#4504=FACE_OUTER_BOUND('',#4503,.F.);
#4505=ADVANCED_FACE('',(#4504),#4494,.T.);
#4506=CARTESIAN_POINT('',(0.E0,0.E0,-8.804972690940E0));
#4507=DIRECTION('',(0.E0,0.E0,1.E0));
#4508=DIRECTION('',(-9.999417910456E-1,-1.078955608614E-2,0.E0));
#4509=AXIS2_PLACEMENT_3D('',#4506,#4507,#4508);
#4510=TOROIDAL_SURFACE('',#4509,5.75E0,1.2E0);
#4512=ORIENTED_EDGE('',*,*,#4511,.T.);
#4514=ORIENTED_EDGE('',*,*,#4513,.T.);
#4515=ORIENTED_EDGE('',*,*,#4501,.F.);
#4516=ORIENTED_EDGE('',*,*,#3108,.T.);
#4517=ORIENTED_EDGE('',*,*,#3106,.T.);
#4518=ORIENTED_EDGE('',*,*,#4497,.T.);
#4519=EDGE_LOOP('',(#4512,#4514,#4515,#4516,#4517,#4518));
#4520=FACE_OUTER_BOUND('',#4519,.F.);
#4521=ADVANCED_FACE('',(#4520),#4510,.T.);
#4522=CARTESIAN_POINT('',(0.E0,0.E0,-2.178E1));
#4523=DIRECTION('',(0.E0,0.E0,1.E0));
#4524=DIRECTION('',(-1.E0,0.E0,0.E0));
#4525=AXIS2_PLACEMENT_3D('',#4522,#4523,#4524);
#4526=CYLINDRICAL_SURFACE('',#4525,6.95E0);
#4527=ORIENTED_EDGE('',*,*,#4513,.F.);
#4528=ORIENTED_EDGE('',*,*,#4511,.F.);
#4529=ORIENTED_EDGE('',*,*,#4485,.F.);
#4530=ORIENTED_EDGE('',*,*,#4433,.F.);
#4531=ORIENTED_EDGE('',*,*,#4431,.F.);
#4532=ORIENTED_EDGE('',*,*,#4481,.T.);
#4533=EDGE_LOOP('',(#4527,#4528,#4529,#4530,#4531,#4532));
#4534=FACE_OUTER_BOUND('',#4533,.F.);
#4535=ADVANCED_FACE('',(#4534),#4526,.T.);
#4536=CARTESIAN_POINT('',(0.E0,0.E0,-8.850030514753E0));
#4537=DIRECTION('',(0.E0,0.E0,-1.E0));
#4538=DIRECTION('',(0.E0,-1.E0,0.E0));
#4539=AXIS2_PLACEMENT_3D('',#4536,#4537,#4538);
#4540=CONICAL_SURFACE('',#4539,3.399969194630E0,4.499948332582E1);
#4541=ORIENTED_EDGE('',*,*,#4003,.F.);
#4542=ORIENTED_EDGE('',*,*,#4001,.F.);
#4543=ORIENTED_EDGE('',*,*,#3983,.F.);
#4545=ORIENTED_EDGE('',*,*,#4544,.T.);
#4547=ORIENTED_EDGE('',*,*,#4546,.T.);
#4548=ORIENTED_EDGE('',*,*,#3979,.T.);
#4549=EDGE_LOOP('',(#4541,#4542,#4543,#4545,#4547,#4548));
#4550=FACE_OUTER_BOUND('',#4549,.F.);
#4551=ADVANCED_FACE('',(#4550),#4540,.F.);
#4552=CARTESIAN_POINT('',(0.E0,0.E0,-2.178E1));
#4553=DIRECTION('',(0.E0,0.E0,1.E0));
#4554=DIRECTION('',(-1.E0,0.E0,0.E0));
#4555=AXIS2_PLACEMENT_3D('',#4552,#4553,#4554);
#4556=CYLINDRICAL_SURFACE('',#4555,3.25E0);
#4557=ORIENTED_EDGE('',*,*,#4546,.F.);
#4558=ORIENTED_EDGE('',*,*,#4544,.F.);
#4559=ORIENTED_EDGE('',*,*,#3965,.T.);
#4560=ORIENTED_EDGE('',*,*,#3944,.F.);
#4561=ORIENTED_EDGE('',*,*,#3962,.F.);
#4562=EDGE_LOOP('',(#4557,#4558,#4559,#4560,#4561));
#4563=FACE_OUTER_BOUND('',#4562,.F.);
#4564=ADVANCED_FACE('',(#4563),#4556,.F.);
#4565=CARTESIAN_POINT('',(4.9E0,0.E0,0.E0));
#4566=DIRECTION('',(-1.E0,0.E0,0.E0));
#4567=DIRECTION('',(0.E0,0.E0,-1.E0));
#4568=AXIS2_PLACEMENT_3D('',#4565,#4566,#4567);
#4569=PLANE('',#4568);
#4571=ORIENTED_EDGE('',*,*,#4570,.T.);
#4573=ORIENTED_EDGE('',*,*,#4572,.T.);
#4574=EDGE_LOOP('',(#4571,#4573));
#4575=FACE_OUTER_BOUND('',#4574,.F.);
#4576=ORIENTED_EDGE('',*,*,#3913,.T.);
#4577=ORIENTED_EDGE('',*,*,#3897,.T.);
#4578=EDGE_LOOP('',(#4576,#4577));
#4579=FACE_BOUND('',#4578,.F.);
#4580=ADVANCED_FACE('',(#4575,#4579),#4569,.F.);
#4581=CARTESIAN_POINT('',(2.1E1,0.E0,0.E0));
#4582=DIRECTION('',(-1.E0,0.E0,0.E0));
#4583=DIRECTION('',(0.E0,0.E0,-1.E0));
#4584=AXIS2_PLACEMENT_3D('',#4581,#4582,#4583);
#4585=CYLINDRICAL_SURFACE('',#4584,3.25E0);
#4587=ORIENTED_EDGE('',*,*,#4586,.F.);
#4589=ORIENTED_EDGE('',*,*,#4588,.F.);
#4590=ORIENTED_EDGE('',*,*,#4570,.F.);
#4592=ORIENTED_EDGE('',*,*,#4591,.T.);
#4593=EDGE_LOOP('',(#4587,#4589,#4590,#4592));
#4594=FACE_OUTER_BOUND('',#4593,.F.);
#4595=ADVANCED_FACE('',(#4594),#4585,.F.);
#4596=CARTESIAN_POINT('',(9.050030514753E0,0.E0,0.E0));
#4597=DIRECTION('',(1.E0,0.E0,0.E0));
#4598=DIRECTION('',(0.E0,0.E0,-1.E0));
#4599=AXIS2_PLACEMENT_3D('',#4596,#4597,#4598);
#4600=CONICAL_SURFACE('',#4599,3.399969194630E0,4.499948332582E1);
#4602=ORIENTED_EDGE('',*,*,#4601,.F.);
#4604=ORIENTED_EDGE('',*,*,#4603,.F.);
#4605=ORIENTED_EDGE('',*,*,#4586,.T.);
#4607=ORIENTED_EDGE('',*,*,#4606,.T.);
#4608=EDGE_LOOP('',(#4602,#4604,#4605,#4607));
#4609=FACE_OUTER_BOUND('',#4608,.F.);
#4610=ADVANCED_FACE('',(#4609),#4600,.F.);
#4611=CARTESIAN_POINT('',(9.2E0,0.E0,0.E0));
#4612=DIRECTION('',(-1.E0,0.E0,0.E0));
#4613=DIRECTION('',(0.E0,0.E0,-1.E0));
#4614=AXIS2_PLACEMENT_3D('',#4611,#4612,#4613);
#4615=PLANE('',#4614);
#4617=ORIENTED_EDGE('',*,*,#4616,.T.);
#4619=ORIENTED_EDGE('',*,*,#4618,.T.);
#4621=ORIENTED_EDGE('',*,*,#4620,.T.);
#4623=ORIENTED_EDGE('',*,*,#4622,.T.);
#4624=EDGE_LOOP('',(#4617,#4619,#4621,#4623));
#4625=FACE_OUTER_BOUND('',#4624,.F.);
#4627=ORIENTED_EDGE('',*,*,#4626,.T.);
#4628=ORIENTED_EDGE('',*,*,#4601,.T.);
#4629=EDGE_LOOP('',(#4627,#4628));
#4630=FACE_BOUND('',#4629,.F.);
#4631=ADVANCED_FACE('',(#4625,#4630),#4615,.F.);
#4632=CARTESIAN_POINT('',(9.5E0,0.E0,0.E0));
#4633=DIRECTION('',(-1.E0,0.E0,0.E0));
#4634=DIRECTION('',(0.E0,-1.388638141544E-2,-9.999035795571E-1));
#4635=AXIS2_PLACEMENT_3D('',#4632,#4633,#4634);
#4636=TOROIDAL_SURFACE('',#4635,5.1E0,3.E-1);
#4638=ORIENTED_EDGE('',*,*,#4637,.T.);
#4640=ORIENTED_EDGE('',*,*,#4639,.F.);
#4641=ORIENTED_EDGE('',*,*,#4618,.F.);
#4642=ORIENTED_EDGE('',*,*,#4616,.F.);
#4644=ORIENTED_EDGE('',*,*,#4643,.T.);
#4645=EDGE_LOOP('',(#4638,#4640,#4641,#4642,#4644));
#4646=FACE_OUTER_BOUND('',#4645,.F.);
#4647=ADVANCED_FACE('',(#4646),#4636,.F.);
#4648=CARTESIAN_POINT('',(2.1E1,0.E0,0.E0));
#4649=DIRECTION('',(-1.E0,0.E0,0.E0));
#4650=DIRECTION('',(0.E0,0.E0,-1.E0));
#4651=AXIS2_PLACEMENT_3D('',#4648,#4649,#4650);
#4652=CYLINDRICAL_SURFACE('',#4651,5.4E0);
#4654=ORIENTED_EDGE('',*,*,#4653,.F.);
#4656=ORIENTED_EDGE('',*,*,#4655,.F.);
#4657=ORIENTED_EDGE('',*,*,#4637,.F.);
#4659=ORIENTED_EDGE('',*,*,#4658,.T.);
#4660=EDGE_LOOP('',(#4654,#4656,#4657,#4659));
#4661=FACE_OUTER_BOUND('',#4660,.F.);
#4662=ADVANCED_FACE('',(#4661),#4652,.F.);
#4663=CARTESIAN_POINT('',(1.640004013113E1,0.E0,0.E0));
#4664=DIRECTION('',(1.E0,0.E0,0.E0));
#4665=DIRECTION('',(0.E0,0.E0,-1.E0));
#4666=AXIS2_PLACEMENT_3D('',#4663,#4664,#4665);
#4667=CONICAL_SURFACE('',#4666,5.549992504448E0,2.055596870187E1);
#4669=ORIENTED_EDGE('',*,*,#4668,.T.);
#4671=ORIENTED_EDGE('',*,*,#4670,.F.);
#4672=ORIENTED_EDGE('',*,*,#4653,.T.);
#4674=ORIENTED_EDGE('',*,*,#4673,.T.);
#4675=EDGE_LOOP('',(#4669,#4671,#4672,#4674));
#4676=FACE_OUTER_BOUND('',#4675,.F.);
#4677=ADVANCED_FACE('',(#4676),#4667,.F.);
#4678=CARTESIAN_POINT('',(2.1E1,0.E0,0.E0));
#4679=DIRECTION('',(-1.E0,0.E0,0.E0));
#4680=DIRECTION('',(0.E0,0.E0,-1.E0));
#4681=AXIS2_PLACEMENT_3D('',#4678,#4679,#4680);
#4682=CYLINDRICAL_SURFACE('',#4681,5.7E0);
#4683=ORIENTED_EDGE('',*,*,#4668,.F.);
#4685=ORIENTED_EDGE('',*,*,#4684,.F.);
#4687=ORIENTED_EDGE('',*,*,#4686,.F.);
#4689=ORIENTED_EDGE('',*,*,#4688,.T.);
#4690=EDGE_LOOP('',(#4683,#4685,#4687,#4689));
#4691=FACE_OUTER_BOUND('',#4690,.F.);
#4692=ADVANCED_FACE('',(#4691),#4682,.F.);
#4693=CARTESIAN_POINT('',(2.1E1,0.E0,0.E0));
#4694=DIRECTION('',(-1.E0,0.E0,0.E0));
#4695=DIRECTION('',(0.E0,0.E0,-1.E0));
#4696=AXIS2_PLACEMENT_3D('',#4693,#4694,#4695);
#4697=CYLINDRICAL_SURFACE('',#4696,5.7E0);
#4699=ORIENTED_EDGE('',*,*,#4698,.F.);
#4700=ORIENTED_EDGE('',*,*,#4688,.F.);
#4702=ORIENTED_EDGE('',*,*,#4701,.F.);
#4703=ORIENTED_EDGE('',*,*,#4684,.T.);
#4704=EDGE_LOOP('',(#4699,#4700,#4702,#4703));
#4705=FACE_OUTER_BOUND('',#4704,.F.);
#4706=ADVANCED_FACE('',(#4705),#4697,.F.);
#4707=CARTESIAN_POINT('',(1.640004013113E1,-1.043609643148E-14,0.E0));
#4708=DIRECTION('',(1.E0,0.E0,0.E0));
#4709=DIRECTION('',(0.E0,0.E0,-1.E0));
#4710=AXIS2_PLACEMENT_3D('',#4707,#4708,#4709);
#4711=CONICAL_SURFACE('',#4710,5.549992504448E0,2.055596870187E1);
#4712=ORIENTED_EDGE('',*,*,#4698,.T.);
#4713=ORIENTED_EDGE('',*,*,#4673,.F.);
#4715=ORIENTED_EDGE('',*,*,#4714,.T.);
#4716=ORIENTED_EDGE('',*,*,#4670,.T.);
#4717=EDGE_LOOP('',(#4712,#4713,#4715,#4716));
#4718=FACE_OUTER_BOUND('',#4717,.F.);
#4719=ADVANCED_FACE('',(#4718),#4711,.F.);
#4720=CARTESIAN_POINT('',(2.1E1,0.E0,0.E0));
#4721=DIRECTION('',(-1.E0,0.E0,0.E0));
#4722=DIRECTION('',(0.E0,0.E0,-1.E0));
#4723=AXIS2_PLACEMENT_3D('',#4720,#4721,#4722);
#4724=CYLINDRICAL_SURFACE('',#4723,5.4E0);
#4725=ORIENTED_EDGE('',*,*,#4714,.F.);
#4726=ORIENTED_EDGE('',*,*,#4658,.F.);
#4728=ORIENTED_EDGE('',*,*,#4727,.F.);
#4729=ORIENTED_EDGE('',*,*,#4655,.T.);
#4730=EDGE_LOOP('',(#4725,#4726,#4728,#4729));
#4731=FACE_OUTER_BOUND('',#4730,.F.);
#4732=ADVANCED_FACE('',(#4731),#4724,.F.);
#4733=CARTESIAN_POINT('',(9.5E0,0.E0,0.E0));
#4734=DIRECTION('',(-1.E0,0.E0,0.E0));
#4735=DIRECTION('',(0.E0,1.388638141544E-2,9.999035795571E-1));
#4736=AXIS2_PLACEMENT_3D('',#4733,#4734,#4735);
#4737=TOROIDAL_SURFACE('',#4736,5.1E0,3.E-1);
#4738=ORIENTED_EDGE('',*,*,#4727,.T.);
#4739=ORIENTED_EDGE('',*,*,#4643,.F.);
#4740=ORIENTED_EDGE('',*,*,#4622,.F.);
#4741=ORIENTED_EDGE('',*,*,#4620,.F.);
#4742=ORIENTED_EDGE('',*,*,#4639,.T.);
#4743=EDGE_LOOP('',(#4738,#4739,#4740,#4741,#4742));
#4744=FACE_OUTER_BOUND('',#4743,.F.);
#4745=ADVANCED_FACE('',(#4744),#4737,.F.);
#4746=CARTESIAN_POINT('',(1.99E1,0.E0,0.E0));
#4747=DIRECTION('',(-1.E0,0.E0,0.E0));
#4748=DIRECTION('',(0.E0,0.E0,-1.E0));
#4749=AXIS2_PLACEMENT_3D('',#4746,#4747,#4748);
#4750=PLANE('',#4749);
#4752=ORIENTED_EDGE('',*,*,#4751,.T.);
#4754=ORIENTED_EDGE('',*,*,#4753,.T.);
#4756=ORIENTED_EDGE('',*,*,#4755,.T.);
#4758=ORIENTED_EDGE('',*,*,#4757,.T.);
#4759=EDGE_LOOP('',(#4752,#4754,#4756,#4758));
#4760=FACE_OUTER_BOUND('',#4759,.F.);
#4761=ORIENTED_EDGE('',*,*,#4686,.T.);
#4762=ORIENTED_EDGE('',*,*,#4701,.T.);
#4763=EDGE_LOOP('',(#4761,#4762));
#4764=FACE_BOUND('',#4763,.F.);
#4765=ADVANCED_FACE('',(#4760,#4764),#4750,.F.);
#4766=CARTESIAN_POINT('',(1.97E1,0.E0,0.E0));
#4767=DIRECTION('',(-1.E0,0.E0,0.E0));
#4768=DIRECTION('',(0.E0,1.730980420389E-2,9.998501741153E-1));
#4769=AXIS2_PLACEMENT_3D('',#4766,#4767,#4768);
#4770=TOROIDAL_SURFACE('',#4769,6.2E0,2.E-1);
#4771=ORIENTED_EDGE('',*,*,#4753,.F.);
#4772=ORIENTED_EDGE('',*,*,#4751,.F.);
#4774=ORIENTED_EDGE('',*,*,#4773,.F.);
#4776=ORIENTED_EDGE('',*,*,#4775,.T.);
#4778=ORIENTED_EDGE('',*,*,#4777,.T.);
#4779=EDGE_LOOP('',(#4771,#4772,#4774,#4776,#4778));
#4780=FACE_OUTER_BOUND('',#4779,.F.);
#4781=ADVANCED_FACE('',(#4780),#4770,.T.);
#4782=CARTESIAN_POINT('',(1.97E1,0.E0,0.E0));
#4783=DIRECTION('',(-1.E0,0.E0,0.E0));
#4784=DIRECTION('',(0.E0,-1.730980420389E-2,-9.998501741153E-1));
#4785=AXIS2_PLACEMENT_3D('',#4782,#4783,#4784);
#4786=TOROIDAL_SURFACE('',#4785,6.2E0,2.E-1);
#4787=ORIENTED_EDGE('',*,*,#4757,.F.);
#4788=ORIENTED_EDGE('',*,*,#4755,.F.);
#4789=ORIENTED_EDGE('',*,*,#4777,.F.);
#4791=ORIENTED_EDGE('',*,*,#4790,.T.);
#4792=ORIENTED_EDGE('',*,*,#4773,.T.);
#4793=EDGE_LOOP('',(#4787,#4788,#4789,#4791,#4792));
#4794=FACE_OUTER_BOUND('',#4793,.F.);
#4795=ADVANCED_FACE('',(#4794),#4786,.T.);
#4796=CARTESIAN_POINT('',(2.1E1,0.E0,0.E0));
#4797=DIRECTION('',(-1.E0,0.E0,0.E0));
#4798=DIRECTION('',(0.E0,0.E0,-1.E0));
#4799=AXIS2_PLACEMENT_3D('',#4796,#4797,#4798);
#4800=CYLINDRICAL_SURFACE('',#4799,6.4E0);
#4801=ORIENTED_EDGE('',*,*,#4790,.F.);
#4803=ORIENTED_EDGE('',*,*,#4802,.T.);
#4805=ORIENTED_EDGE('',*,*,#4804,.F.);
#4807=ORIENTED_EDGE('',*,*,#4806,.F.);
#4808=EDGE_LOOP('',(#4801,#4803,#4805,#4807));
#4809=FACE_OUTER_BOUND('',#4808,.F.);
#4810=ADVANCED_FACE('',(#4809),#4800,.T.);
#4811=CARTESIAN_POINT('',(2.1E1,0.E0,0.E0));
#4812=DIRECTION('',(-1.E0,0.E0,0.E0));
#4813=DIRECTION('',(0.E0,0.E0,-1.E0));
#4814=AXIS2_PLACEMENT_3D('',#4811,#4812,#4813);
#4815=CYLINDRICAL_SURFACE('',#4814,6.4E0);
#4816=ORIENTED_EDGE('',*,*,#4775,.F.);
#4817=ORIENTED_EDGE('',*,*,#4806,.T.);
#4819=ORIENTED_EDGE('',*,*,#4818,.F.);
#4820=ORIENTED_EDGE('',*,*,#4802,.F.);
#4821=EDGE_LOOP('',(#4816,#4817,#4819,#4820));
#4822=FACE_OUTER_BOUND('',#4821,.F.);
#4823=ADVANCED_FACE('',(#4822),#4815,.T.);
#4824=CARTESIAN_POINT('',(1.73E1,0.E0,0.E0));
#4825=DIRECTION('',(-1.E0,0.E0,0.E0));
#4826=DIRECTION('',(0.E0,0.E0,-1.E0));
#4827=AXIS2_PLACEMENT_3D('',#4824,#4825,#4826);
#4828=CONICAL_SURFACE('',#4827,6.625E0,2.055604521958E1);
#4830=ORIENTED_EDGE('',*,*,#4829,.F.);
#4831=ORIENTED_EDGE('',*,*,#4818,.T.);
#4833=ORIENTED_EDGE('',*,*,#4832,.T.);
#4835=ORIENTED_EDGE('',*,*,#4834,.T.);
#4836=EDGE_LOOP('',(#4830,#4831,#4833,#4835));
#4837=FACE_OUTER_BOUND('',#4836,.F.);
#4838=ADVANCED_FACE('',(#4837),#4828,.T.);
#4839=CARTESIAN_POINT('',(1.73E1,0.E0,0.E0));
#4840=DIRECTION('',(-1.E0,0.E0,0.E0));
#4841=DIRECTION('',(0.E0,0.E0,-1.E0));
#4842=AXIS2_PLACEMENT_3D('',#4839,#4840,#4841);
#4843=CONICAL_SURFACE('',#4842,6.625E0,2.055604521958E1);
#4844=ORIENTED_EDGE('',*,*,#4829,.T.);
#4846=ORIENTED_EDGE('',*,*,#4845,.T.);
#4847=ORIENTED_EDGE('',*,*,#4832,.F.);
#4848=ORIENTED_EDGE('',*,*,#4804,.T.);
#4849=EDGE_LOOP('',(#4844,#4846,#4847,#4848));
#4850=FACE_OUTER_BOUND('',#4849,.F.);
#4851=ADVANCED_FACE('',(#4850),#4843,.T.);
#4852=CARTESIAN_POINT('',(2.1E1,0.E0,0.E0));
#4853=DIRECTION('',(-1.E0,0.E0,0.E0));
#4854=DIRECTION('',(0.E0,0.E0,-1.E0));
#4855=AXIS2_PLACEMENT_3D('',#4852,#4853,#4854);
#4856=CYLINDRICAL_SURFACE('',#4855,6.85E0);
#4858=ORIENTED_EDGE('',*,*,#4857,.T.);
#4860=ORIENTED_EDGE('',*,*,#4859,.F.);
#4862=ORIENTED_EDGE('',*,*,#4861,.F.);
#4863=ORIENTED_EDGE('',*,*,#4845,.F.);
#4864=EDGE_LOOP('',(#4858,#4860,#4862,#4863));
#4865=FACE_OUTER_BOUND('',#4864,.F.);
#4866=ADVANCED_FACE('',(#4865),#4856,.T.);
#4867=CARTESIAN_POINT('',(2.1E1,0.E0,0.E0));
#4868=DIRECTION('',(-1.E0,0.E0,0.E0));
#4869=DIRECTION('',(0.E0,0.E0,-1.E0));
#4870=AXIS2_PLACEMENT_3D('',#4867,#4868,#4869);
#4871=CYLINDRICAL_SURFACE('',#4870,6.85E0);
#4872=ORIENTED_EDGE('',*,*,#4857,.F.);
#4873=ORIENTED_EDGE('',*,*,#4834,.F.);
#4874=ORIENTED_EDGE('',*,*,#4861,.T.);
#4876=ORIENTED_EDGE('',*,*,#4875,.F.);
#4877=EDGE_LOOP('',(#4872,#4873,#4874,#4876));
#4878=FACE_OUTER_BOUND('',#4877,.F.);
#4879=ADVANCED_FACE('',(#4878),#4871,.T.);
#4880=CARTESIAN_POINT('',(1.59E1,0.E0,0.E0));
#4881=DIRECTION('',(-1.E0,0.E0,0.E0));
#4882=DIRECTION('',(0.E0,0.E0,-1.E0));
#4883=AXIS2_PLACEMENT_3D('',#4880,#4881,#4882);
#4884=PLANE('',#4883);
#4885=ORIENTED_EDGE('',*,*,#4875,.T.);
#4886=ORIENTED_EDGE('',*,*,#4859,.T.);
#4887=EDGE_LOOP('',(#4885,#4886));
#4888=FACE_OUTER_BOUND('',#4887,.F.);
#4890=ORIENTED_EDGE('',*,*,#4889,.T.);
#4892=ORIENTED_EDGE('',*,*,#4891,.T.);
#4893=EDGE_LOOP('',(#4890,#4892));
#4894=FACE_BOUND('',#4893,.F.);
#4895=ADVANCED_FACE('',(#4888,#4894),#4884,.T.);
#4896=CARTESIAN_POINT('',(2.1E1,0.E0,0.E0));
#4897=DIRECTION('',(-1.E0,0.E0,0.E0));
#4898=DIRECTION('',(0.E0,0.E0,-1.E0));
#4899=AXIS2_PLACEMENT_3D('',#4896,#4897,#4898);
#4900=CYLINDRICAL_SURFACE('',#4899,6.35E0);
#4902=ORIENTED_EDGE('',*,*,#4901,.T.);
#4904=ORIENTED_EDGE('',*,*,#4903,.F.);
#4906=ORIENTED_EDGE('',*,*,#4905,.F.);
#4907=ORIENTED_EDGE('',*,*,#4889,.F.);
#4908=EDGE_LOOP('',(#4902,#4904,#4906,#4907));
#4909=FACE_OUTER_BOUND('',#4908,.F.);
#4910=ADVANCED_FACE('',(#4909),#4900,.T.);
#4911=CARTESIAN_POINT('',(2.1E1,0.E0,0.E0));
#4912=DIRECTION('',(-1.E0,0.E0,0.E0));
#4913=DIRECTION('',(0.E0,0.E0,-1.E0));
#4914=AXIS2_PLACEMENT_3D('',#4911,#4912,#4913);
#4915=CYLINDRICAL_SURFACE('',#4914,6.35E0);
#4916=ORIENTED_EDGE('',*,*,#4901,.F.);
#4917=ORIENTED_EDGE('',*,*,#4891,.F.);
#4918=ORIENTED_EDGE('',*,*,#4905,.T.);
#4920=ORIENTED_EDGE('',*,*,#4919,.F.);
#4921=EDGE_LOOP('',(#4916,#4917,#4918,#4920));
#4922=FACE_OUTER_BOUND('',#4921,.F.);
#4923=ADVANCED_FACE('',(#4922),#4915,.T.);
#4924=CARTESIAN_POINT('',(1.38E1,0.E0,0.E0));
#4925=DIRECTION('',(-1.E0,0.E0,0.E0));
#4926=DIRECTION('',(0.E0,0.E0,-1.E0));
#4927=AXIS2_PLACEMENT_3D('',#4924,#4925,#4926);
#4928=PLANE('',#4927);
#4930=ORIENTED_EDGE('',*,*,#4929,.T.);
#4932=ORIENTED_EDGE('',*,*,#4931,.T.);
#4933=EDGE_LOOP('',(#4930,#4932));
#4934=FACE_OUTER_BOUND('',#4933,.F.);
#4935=ORIENTED_EDGE('',*,*,#4919,.T.);
#4936=ORIENTED_EDGE('',*,*,#4903,.T.);
#4937=EDGE_LOOP('',(#4935,#4936));
#4938=FACE_BOUND('',#4937,.F.);
#4939=ADVANCED_FACE('',(#4934,#4938),#4928,.F.);
#4940=CARTESIAN_POINT('',(2.1E1,0.E0,0.E0));
#4941=DIRECTION('',(-1.E0,0.E0,0.E0));
#4942=DIRECTION('',(0.E0,0.E0,-1.E0));
#4943=AXIS2_PLACEMENT_3D('',#4940,#4941,#4942);
#4944=CYLINDRICAL_SURFACE('',#4943,7.7E0);
#4946=ORIENTED_EDGE('',*,*,#4945,.F.);
#4948=ORIENTED_EDGE('',*,*,#4947,.F.);
#4949=ORIENTED_EDGE('',*,*,#4929,.F.);
#4951=ORIENTED_EDGE('',*,*,#4950,.T.);
#4952=EDGE_LOOP('',(#4946,#4948,#4949,#4951));
#4953=FACE_OUTER_BOUND('',#4952,.F.);
#4954=ADVANCED_FACE('',(#4953),#4944,.T.);
#4955=CARTESIAN_POINT('',(1.294339811321E1,0.E0,0.E0));
#4956=DIRECTION('',(-1.E0,0.E0,0.E0));
#4957=DIRECTION('',(0.E0,-9.738660316559E-3,-9.999525781232E-1));
#4958=AXIS2_PLACEMENT_3D('',#4955,#4956,#4957);
#4959=TOROIDAL_SURFACE('',#4958,7.2E0,5.E-1);
#4960=ORIENTED_EDGE('',*,*,#4945,.T.);
#4962=ORIENTED_EDGE('',*,*,#4961,.F.);
#4964=ORIENTED_EDGE('',*,*,#4963,.T.);
#4966=ORIENTED_EDGE('',*,*,#4965,.T.);
#4968=ORIENTED_EDGE('',*,*,#4967,.T.);
#4969=EDGE_LOOP('',(#4960,#4962,#4964,#4966,#4968));
#4970=FACE_OUTER_BOUND('',#4969,.F.);
#4971=ADVANCED_FACE('',(#4970),#4959,.T.);
#4972=CARTESIAN_POINT('',(1.294339811321E1,0.E0,0.E0));
#4973=DIRECTION('',(-1.E0,0.E0,0.E0));
#4974=DIRECTION('',(0.E0,9.738660316559E-3,9.999525781232E-1));
#4975=AXIS2_PLACEMENT_3D('',#4972,#4973,#4974);
#4976=TOROIDAL_SURFACE('',#4975,7.2E0,5.E-1);
#4978=ORIENTED_EDGE('',*,*,#4977,.T.);
#4979=ORIENTED_EDGE('',*,*,#4967,.F.);
#4981=ORIENTED_EDGE('',*,*,#4980,.T.);
#4983=ORIENTED_EDGE('',*,*,#4982,.T.);
#4984=ORIENTED_EDGE('',*,*,#4961,.T.);
#4985=EDGE_LOOP('',(#4978,#4979,#4981,#4983,#4984));
#4986=FACE_OUTER_BOUND('',#4985,.F.);
#4987=ADVANCED_FACE('',(#4986),#4976,.T.);
#4988=CARTESIAN_POINT('',(2.1E1,0.E0,0.E0));
#4989=DIRECTION('',(-1.E0,0.E0,0.E0));
#4990=DIRECTION('',(0.E0,0.E0,-1.E0));
#4991=AXIS2_PLACEMENT_3D('',#4988,#4989,#4990);
#4992=CYLINDRICAL_SURFACE('',#4991,7.7E0);
#4993=ORIENTED_EDGE('',*,*,#4977,.F.);
#4994=ORIENTED_EDGE('',*,*,#4950,.F.);
#4995=ORIENTED_EDGE('',*,*,#4931,.F.);
#4996=ORIENTED_EDGE('',*,*,#4947,.T.);
#4997=EDGE_LOOP('',(#4993,#4994,#4995,#4996));
#4998=FACE_OUTER_BOUND('',#4997,.F.);
#4999=ADVANCED_FACE('',(#4998),#4992,.T.);
#5000=CARTESIAN_POINT('',(1.223648038613E1,0.E0,0.E0));
#5001=DIRECTION('',(1.E0,0.E0,0.E0));
#5002=DIRECTION('',(0.E0,0.E0,1.E0));
#5003=AXIS2_PLACEMENT_3D('',#5000,#5001,#5002);
#5004=CONICAL_SURFACE('',#5003,7.347800241327E0,3.200538320808E1);
#5006=ORIENTED_EDGE('',*,*,#5005,.F.);
#5008=ORIENTED_EDGE('',*,*,#5007,.F.);
#5010=ORIENTED_EDGE('',*,*,#5009,.F.);
#5011=ORIENTED_EDGE('',*,*,#4982,.F.);
#5012=ORIENTED_EDGE('',*,*,#4980,.F.);
#5014=ORIENTED_EDGE('',*,*,#5013,.T.);
#5015=EDGE_LOOP('',(#5006,#5008,#5010,#5011,#5012,#5014));
#5016=FACE_OUTER_BOUND('',#5015,.F.);
#5017=ADVANCED_FACE('',(#5016),#5004,.T.);
#5018=CARTESIAN_POINT('',(1.137056301887E1,0.E0,0.E0));
#5019=DIRECTION('',(-1.E0,0.E0,0.E0));
#5020=DIRECTION('',(0.E0,1.121847074795E-2,-9.999370709770E-1));
#5021=AXIS2_PLACEMENT_3D('',#5018,#5019,#5020);
#5022=TOROIDAL_SURFACE('',#5021,7.75E0,8.E-1);
#5023=ORIENTED_EDGE('',*,*,#5007,.T.);
#5024=ORIENTED_EDGE('',*,*,#5005,.T.);
#5026=ORIENTED_EDGE('',*,*,#5025,.F.);
#5028=ORIENTED_EDGE('',*,*,#5027,.T.);
#5030=ORIENTED_EDGE('',*,*,#5029,.T.);
#5032=ORIENTED_EDGE('',*,*,#5031,.T.);
#5033=EDGE_LOOP('',(#5023,#5024,#5026,#5028,#5030,#5032));
#5034=FACE_OUTER_BOUND('',#5033,.F.);
#5035=ADVANCED_FACE('',(#5034),#5022,.F.);
#5036=CARTESIAN_POINT('',(1.137056301887E1,0.E0,0.E0));
#5037=DIRECTION('',(-1.E0,0.E0,0.E0));
#5038=DIRECTION('',(0.E0,-1.121847074795E-2,9.999370709770E-1));
#5039=AXIS2_PLACEMENT_3D('',#5036,#5037,#5038);
#5040=TOROIDAL_SURFACE('',#5039,7.75E0,8.E-1);
#5042=ORIENTED_EDGE('',*,*,#5041,.T.);
#5044=ORIENTED_EDGE('',*,*,#5043,.T.);
#5045=ORIENTED_EDGE('',*,*,#5031,.F.);
#5047=ORIENTED_EDGE('',*,*,#5046,.T.);
#5049=ORIENTED_EDGE('',*,*,#5048,.T.);
#5050=ORIENTED_EDGE('',*,*,#5025,.T.);
#5051=EDGE_LOOP('',(#5042,#5044,#5045,#5047,#5049,#5050));
#5052=FACE_OUTER_BOUND('',#5051,.F.);
#5053=ADVANCED_FACE('',(#5052),#5040,.F.);
#5054=CARTESIAN_POINT('',(1.223648038613E1,0.E0,0.E0));
#5055=DIRECTION('',(1.E0,0.E0,0.E0));
#5056=DIRECTION('',(0.E0,0.E0,1.E0));
#5057=AXIS2_PLACEMENT_3D('',#5054,#5055,#5056);
#5058=CONICAL_SURFACE('',#5057,7.347800241327E0,3.200538320808E1);
#5059=ORIENTED_EDGE('',*,*,#5043,.F.);
#5060=ORIENTED_EDGE('',*,*,#5041,.F.);
#5061=ORIENTED_EDGE('',*,*,#5013,.F.);
#5062=ORIENTED_EDGE('',*,*,#4965,.F.);
#5063=ORIENTED_EDGE('',*,*,#4963,.F.);
#5064=ORIENTED_EDGE('',*,*,#5009,.T.);
#5065=EDGE_LOOP('',(#5059,#5060,#5061,#5062,#5063,#5064));
#5066=FACE_OUTER_BOUND('',#5065,.F.);
#5067=ADVANCED_FACE('',(#5066),#5058,.T.);
#5068=CARTESIAN_POINT('',(2.1E1,0.E0,0.E0));
#5069=DIRECTION('',(-1.E0,0.E0,0.E0));
#5070=DIRECTION('',(0.E0,0.E0,-1.E0));
#5071=AXIS2_PLACEMENT_3D('',#5068,#5069,#5070);
#5072=CYLINDRICAL_SURFACE('',#5071,6.95E0);
#5074=ORIENTED_EDGE('',*,*,#5073,.F.);
#5076=ORIENTED_EDGE('',*,*,#5075,.F.);
#5077=ORIENTED_EDGE('',*,*,#5048,.F.);
#5078=ORIENTED_EDGE('',*,*,#5046,.F.);
#5080=ORIENTED_EDGE('',*,*,#5079,.T.);
#5081=EDGE_LOOP('',(#5074,#5076,#5077,#5078,#5080));
#5082=FACE_OUTER_BOUND('',#5081,.F.);
#5083=ADVANCED_FACE('',(#5082),#5072,.T.);
#5084=CARTESIAN_POINT('',(9.004972690940E0,0.E0,0.E0));
#5085=DIRECTION('',(-1.E0,0.E0,0.E0));
#5086=DIRECTION('',(0.E0,-1.078955608614E-2,-9.999417910456E-1));
#5087=AXIS2_PLACEMENT_3D('',#5084,#5085,#5086);
#5088=TOROIDAL_SURFACE('',#5087,5.75E0,1.2E0);
#5089=ORIENTED_EDGE('',*,*,#5073,.T.);
#5091=ORIENTED_EDGE('',*,*,#5090,.F.);
#5093=ORIENTED_EDGE('',*,*,#5092,.T.);
#5095=ORIENTED_EDGE('',*,*,#5094,.T.);
#5097=ORIENTED_EDGE('',*,*,#5096,.T.);
#5098=EDGE_LOOP('',(#5089,#5091,#5093,#5095,#5097));
#5099=FACE_OUTER_BOUND('',#5098,.F.);
#5100=ADVANCED_FACE('',(#5099),#5088,.T.);
#5101=CARTESIAN_POINT('',(9.004972690940E0,0.E0,0.E0));
#5102=DIRECTION('',(-1.E0,0.E0,0.E0));
#5103=DIRECTION('',(0.E0,1.078955608614E-2,9.999417910456E-1));
#5104=AXIS2_PLACEMENT_3D('',#5101,#5102,#5103);
#5105=TOROIDAL_SURFACE('',#5104,5.75E0,1.2E0);
#5107=ORIENTED_EDGE('',*,*,#5106,.T.);
#5108=ORIENTED_EDGE('',*,*,#5096,.F.);
#5110=ORIENTED_EDGE('',*,*,#5109,.T.);
#5112=ORIENTED_EDGE('',*,*,#5111,.T.);
#5113=ORIENTED_EDGE('',*,*,#5090,.T.);
#5114=EDGE_LOOP('',(#5107,#5108,#5110,#5112,#5113));
#5115=FACE_OUTER_BOUND('',#5114,.F.);
#5116=ADVANCED_FACE('',(#5115),#5105,.T.);
#5117=CARTESIAN_POINT('',(2.1E1,0.E0,0.E0));
#5118=DIRECTION('',(-1.E0,0.E0,0.E0));
#5119=DIRECTION('',(0.E0,0.E0,-1.E0));
#5120=AXIS2_PLACEMENT_3D('',#5117,#5118,#5119);
#5121=CYLINDRICAL_SURFACE('',#5120,6.95E0);
#5122=ORIENTED_EDGE('',*,*,#5106,.F.);
#5123=ORIENTED_EDGE('',*,*,#5079,.F.);
#5124=ORIENTED_EDGE('',*,*,#5029,.F.);
#5125=ORIENTED_EDGE('',*,*,#5027,.F.);
#5126=ORIENTED_EDGE('',*,*,#5075,.T.);
#5127=EDGE_LOOP('',(#5122,#5123,#5124,#5125,#5126));
#5128=FACE_OUTER_BOUND('',#5127,.F.);
#5129=ADVANCED_FACE('',(#5128),#5121,.T.);
#5130=CARTESIAN_POINT('',(7.517678096936E0,0.E0,0.E0));
#5131=DIRECTION('',(1.E0,0.E0,0.E0));
#5132=DIRECTION('',(0.E0,0.E0,1.E0));
#5133=AXIS2_PLACEMENT_3D('',#5130,#5131,#5132);
#5134=CONICAL_SURFACE('',#5133,5.945352599139E0,4.564374571418E1);
#5136=ORIENTED_EDGE('',*,*,#5135,.F.);
#5138=ORIENTED_EDGE('',*,*,#5137,.F.);
#5140=ORIENTED_EDGE('',*,*,#5139,.F.);
#5141=ORIENTED_EDGE('',*,*,#5111,.F.);
#5142=ORIENTED_EDGE('',*,*,#5109,.F.);
#5144=ORIENTED_EDGE('',*,*,#5143,.T.);
#5145=EDGE_LOOP('',(#5136,#5138,#5140,#5141,#5142,#5144));
#5146=FACE_OUTER_BOUND('',#5145,.F.);
#5147=ADVANCED_FACE('',(#5146),#5134,.T.);
#5148=CARTESIAN_POINT('',(5.458378848434E0,0.E0,0.E0));
#5149=DIRECTION('',(-1.E0,0.E0,0.E0));
#5150=DIRECTION('',(0.E0,1.448281995604E-2,-9.998951184630E-1));
#5151=AXIS2_PLACEMENT_3D('',#5148,#5149,#5150);
#5152=TOROIDAL_SURFACE('',#5151,6.7E0,2.E0);
#5153=ORIENTED_EDGE('',*,*,#5137,.T.);
#5154=ORIENTED_EDGE('',*,*,#5135,.T.);
#5156=ORIENTED_EDGE('',*,*,#5155,.F.);
#5158=ORIENTED_EDGE('',*,*,#5157,.T.);
#5160=ORIENTED_EDGE('',*,*,#5159,.T.);
#5162=ORIENTED_EDGE('',*,*,#5161,.T.);
#5163=EDGE_LOOP('',(#5153,#5154,#5156,#5158,#5160,#5162));
#5164=FACE_OUTER_BOUND('',#5163,.F.);
#5165=ADVANCED_FACE('',(#5164),#5152,.F.);
#5166=CARTESIAN_POINT('',(5.458378848434E0,0.E0,0.E0));
#5167=DIRECTION('',(-1.E0,0.E0,0.E0));
#5168=DIRECTION('',(0.E0,-1.448281995604E-2,9.998951184630E-1));
#5169=AXIS2_PLACEMENT_3D('',#5166,#5167,#5168);
#5170=TOROIDAL_SURFACE('',#5169,6.7E0,2.E0);
#5172=ORIENTED_EDGE('',*,*,#5171,.T.);
#5174=ORIENTED_EDGE('',*,*,#5173,.T.);
#5176=ORIENTED_EDGE('',*,*,#5175,.T.);
#5178=ORIENTED_EDGE('',*,*,#5177,.T.);
#5179=ORIENTED_EDGE('',*,*,#5155,.T.);
#5181=ORIENTED_EDGE('',*,*,#5180,.T.);
#5183=ORIENTED_EDGE('',*,*,#5182,.T.);
#5184=ORIENTED_EDGE('',*,*,#5161,.F.);
#5186=ORIENTED_EDGE('',*,*,#5185,.T.);
#5187=EDGE_LOOP('',(#5172,#5174,#5176,#5178,#5179,#5181,#5183,#5184,#5186));
#5188=FACE_OUTER_BOUND('',#5187,.F.);
#5189=ADVANCED_FACE('',(#5188),#5170,.F.);
#5190=CARTESIAN_POINT('',(3.5E0,0.E0,0.E0));
#5191=DIRECTION('',(0.E0,1.E0,0.E0));
#5192=DIRECTION('',(0.E0,0.E0,1.E0));
#5193=AXIS2_PLACEMENT_3D('',#5190,#5191,#5192);
#5194=CYLINDRICAL_SURFACE('',#5193,2.E0);
#5196=ORIENTED_EDGE('',*,*,#5195,.F.);
#5197=ORIENTED_EDGE('',*,*,#5173,.F.);
#5198=ORIENTED_EDGE('',*,*,#5171,.F.);
#5200=ORIENTED_EDGE('',*,*,#5199,.F.);
#5202=ORIENTED_EDGE('',*,*,#5201,.T.);
#5204=ORIENTED_EDGE('',*,*,#5203,.F.);
#5206=ORIENTED_EDGE('',*,*,#5205,.F.);
#5208=ORIENTED_EDGE('',*,*,#5207,.F.);
#5210=ORIENTED_EDGE('',*,*,#5209,.F.);
#5211=EDGE_LOOP('',(#5196,#5197,#5198,#5200,#5202,#5204,#5206,#5208,#5210));
#5212=FACE_OUTER_BOUND('',#5211,.F.);
#5213=ADVANCED_FACE('',(#5212),#5194,.F.);
#5214=CARTESIAN_POINT('',(2.1E1,0.E0,0.E0));
#5215=DIRECTION('',(-1.E0,0.E0,0.E0));
#5216=DIRECTION('',(0.E0,0.E0,-1.E0));
#5217=AXIS2_PLACEMENT_3D('',#5214,#5215,#5216);
#5218=CYLINDRICAL_SURFACE('',#5217,4.7E0);
#5220=ORIENTED_EDGE('',*,*,#5219,.T.);
#5221=ORIENTED_EDGE('',*,*,#5199,.T.);
#5222=ORIENTED_EDGE('',*,*,#5185,.F.);
#5224=ORIENTED_EDGE('',*,*,#5223,.T.);
#5225=ORIENTED_EDGE('',*,*,#3066,.T.);
#5226=ORIENTED_EDGE('',*,*,#3064,.F.);
#5228=ORIENTED_EDGE('',*,*,#5227,.F.);
#5229=ORIENTED_EDGE('',*,*,#5177,.F.);
#5230=ORIENTED_EDGE('',*,*,#5175,.F.);
#5231=ORIENTED_EDGE('',*,*,#5195,.T.);
#5232=EDGE_LOOP('',(#5220,#5221,#5222,#5224,#5225,#5226,#5228,#5229,#5230,
#5231));
#5233=FACE_OUTER_BOUND('',#5232,.F.);
#5234=ADVANCED_FACE('',(#5233),#5218,.T.);
#5235=CARTESIAN_POINT('',(3.5E0,0.E0,0.E0));
#5236=DIRECTION('',(0.E0,1.E0,0.E0));
#5237=DIRECTION('',(0.E0,0.E0,1.E0));
#5238=AXIS2_PLACEMENT_3D('',#5235,#5236,#5237);
#5239=CYLINDRICAL_SURFACE('',#5238,2.E0);
#5240=ORIENTED_EDGE('',*,*,#5219,.F.);
#5241=ORIENTED_EDGE('',*,*,#5209,.T.);
#5243=ORIENTED_EDGE('',*,*,#5242,.F.);
#5244=ORIENTED_EDGE('',*,*,#5201,.F.);
#5245=EDGE_LOOP('',(#5240,#5241,#5243,#5244));
#5246=FACE_OUTER_BOUND('',#5245,.F.);
#5247=ADVANCED_FACE('',(#5246),#5239,.F.);
#5248=CARTESIAN_POINT('',(7.382965383695E0,0.E0,0.E0));
#5249=DIRECTION('',(-1.E0,0.E0,0.E0));
#5250=DIRECTION('',(0.E0,1.E0,0.E0));
#5251=AXIS2_PLACEMENT_3D('',#5248,#5249,#5250);
#5252=CYLINDRICAL_SURFACE('',#5251,4.5E0);
#5253=ORIENTED_EDGE('',*,*,#5242,.T.);
#5254=ORIENTED_EDGE('',*,*,#5207,.T.);
#5256=ORIENTED_EDGE('',*,*,#5255,.F.);
#5258=ORIENTED_EDGE('',*,*,#5257,.F.);
#5259=ORIENTED_EDGE('',*,*,#5203,.T.);
#5260=EDGE_LOOP('',(#5253,#5254,#5256,#5258,#5259));
#5261=FACE_OUTER_BOUND('',#5260,.F.);
#5263=ORIENTED_EDGE('',*,*,#5262,.F.);
#5265=ORIENTED_EDGE('',*,*,#5264,.F.);
#5267=ORIENTED_EDGE('',*,*,#5266,.T.);
#5269=ORIENTED_EDGE('',*,*,#5268,.T.);
#5271=ORIENTED_EDGE('',*,*,#5270,.T.);
#5273=ORIENTED_EDGE('',*,*,#5272,.T.);
#5275=ORIENTED_EDGE('',*,*,#5274,.T.);
#5277=ORIENTED_EDGE('',*,*,#5276,.T.);
#5279=ORIENTED_EDGE('',*,*,#5278,.T.);
#5281=ORIENTED_EDGE('',*,*,#5280,.T.);
#5283=ORIENTED_EDGE('',*,*,#5282,.T.);
#5285=ORIENTED_EDGE('',*,*,#5284,.F.);
#5287=ORIENTED_EDGE('',*,*,#5286,.F.);
#5289=ORIENTED_EDGE('',*,*,#5288,.T.);
#5291=ORIENTED_EDGE('',*,*,#5290,.T.);
#5293=ORIENTED_EDGE('',*,*,#5292,.T.);
#5295=ORIENTED_EDGE('',*,*,#5294,.T.);
#5297=ORIENTED_EDGE('',*,*,#5296,.F.);
#5299=ORIENTED_EDGE('',*,*,#5298,.T.);
#5301=ORIENTED_EDGE('',*,*,#5300,.T.);
#5303=ORIENTED_EDGE('',*,*,#5302,.T.);
#5305=ORIENTED_EDGE('',*,*,#5304,.F.);
#5307=ORIENTED_EDGE('',*,*,#5306,.F.);
#5309=ORIENTED_EDGE('',*,*,#5308,.T.);
#5311=ORIENTED_EDGE('',*,*,#5310,.T.);
#5313=ORIENTED_EDGE('',*,*,#5312,.T.);
#5315=ORIENTED_EDGE('',*,*,#5314,.T.);
#5317=ORIENTED_EDGE('',*,*,#5316,.T.);
#5319=ORIENTED_EDGE('',*,*,#5318,.T.);
#5321=ORIENTED_EDGE('',*,*,#5320,.T.);
#5323=ORIENTED_EDGE('',*,*,#5322,.T.);
#5325=ORIENTED_EDGE('',*,*,#5324,.F.);
#5327=ORIENTED_EDGE('',*,*,#5326,.F.);
#5329=ORIENTED_EDGE('',*,*,#5328,.T.);
#5330=EDGE_LOOP('',(#5263,#5265,#5267,#5269,#5271,#5273,#5275,#5277,#5279,#5281,
#5283,#5285,#5287,#5289,#5291,#5293,#5295,#5297,#5299,#5301,#5303,#5305,#5307,
#5309,#5311,#5313,#5315,#5317,#5319,#5321,#5323,#5325,#5327,#5329));
#5331=FACE_BOUND('',#5330,.F.);
#5332=ADVANCED_FACE('',(#5261,#5331),#5252,.T.);
#5333=CARTESIAN_POINT('',(5.458378848434E0,0.E0,0.E0));
#5334=DIRECTION('',(-1.E0,0.E0,0.E0));
#5335=DIRECTION('',(0.E0,1.E0,0.E0));
#5336=AXIS2_PLACEMENT_3D('',#5333,#5334,#5335);
#5337=TOROIDAL_SURFACE('',#5336,6.7E0,2.2E0);
#5338=ORIENTED_EDGE('',*,*,#5257,.T.);
#5339=ORIENTED_EDGE('',*,*,#5255,.T.);
#5340=ORIENTED_EDGE('',*,*,#5205,.T.);
#5341=EDGE_LOOP('',(#5338,#5339,#5340));
#5342=FACE_OUTER_BOUND('',#5341,.F.);
#5343=ADVANCED_FACE('',(#5342),#5337,.F.);
#5344=CARTESIAN_POINT('',(2.419148942828E0,4.590918845446E0,2.865938867864E-1));
#5345=DIRECTION('',(-1.E0,0.E0,0.E0));
#5346=DIRECTION('',(0.E0,2.555555555556E-1,-9.667943721519E-1));
#5347=AXIS2_PLACEMENT_3D('',#5344,#5345,#5346);
#5348=PLANE('',#5347);
#5349=ORIENTED_EDGE('',*,*,#5264,.T.);
#5350=ORIENTED_EDGE('',*,*,#5262,.T.);
#5352=ORIENTED_EDGE('',*,*,#5351,.F.);
#5354=ORIENTED_EDGE('',*,*,#5353,.T.);
#5356=ORIENTED_EDGE('',*,*,#5355,.T.);
#5358=ORIENTED_EDGE('',*,*,#5357,.T.);
#5359=EDGE_LOOP('',(#5349,#5350,#5352,#5354,#5356,#5358));
#5360=FACE_OUTER_BOUND('',#5359,.F.);
#5361=ADVANCED_FACE('',(#5360),#5348,.F.);
#5362=CARTESIAN_POINT('',(2.259574471414E0,4.447254111899E0,1.175555555556E0));
#5363=DIRECTION('',(0.E0,-2.555555555556E-1,9.667943721519E-1));
#5364=DIRECTION('',(-1.E0,0.E0,0.E0));
#5365=AXIS2_PLACEMENT_3D('',#5362,#5363,#5364);
#5366=PLANE('',#5365);
#5367=ORIENTED_EDGE('',*,*,#5328,.F.);
#5369=ORIENTED_EDGE('',*,*,#5368,.F.);
#5371=ORIENTED_EDGE('',*,*,#5370,.F.);
#5372=ORIENTED_EDGE('',*,*,#5351,.T.);
#5373=EDGE_LOOP('',(#5367,#5369,#5371,#5372));
#5374=FACE_OUTER_BOUND('',#5373,.F.);
#5375=ADVANCED_FACE('',(#5374),#5366,.T.);
#5376=CARTESIAN_POINT('',(2.1E0,4.599526799748E0,2.639141257245E-2));
#5377=DIRECTION('',(-1.E0,0.E0,0.E0));
#5378=DIRECTION('',(0.E0,2.555555555556E-1,-9.667943721519E-1));
#5379=AXIS2_PLACEMENT_3D('',#5376,#5377,#5378);
#5380=PLANE('',#5379);
#5381=ORIENTED_EDGE('',*,*,#5326,.T.);
#5382=ORIENTED_EDGE('',*,*,#5324,.T.);
#5384=ORIENTED_EDGE('',*,*,#5383,.T.);
#5386=ORIENTED_EDGE('',*,*,#5385,.T.);
#5388=ORIENTED_EDGE('',*,*,#5387,.T.);
#5389=ORIENTED_EDGE('',*,*,#5368,.T.);
#5390=EDGE_LOOP('',(#5381,#5382,#5384,#5386,#5388,#5389));
#5391=FACE_OUTER_BOUND('',#5390,.F.);
#5392=ADVANCED_FACE('',(#5391),#5380,.T.);
#5393=CARTESIAN_POINT('',(2.259574471414E0,4.460451175762E0,-1.124444444444E0));
#5394=DIRECTION('',(0.E0,2.444444444444E-1,9.696632990787E-1));
#5395=DIRECTION('',(-1.E0,0.E0,0.E0));
#5396=AXIS2_PLACEMENT_3D('',#5393,#5394,#5395);
#5397=PLANE('',#5396);
#5398=ORIENTED_EDGE('',*,*,#5322,.F.);
#5400=ORIENTED_EDGE('',*,*,#5399,.F.);
#5402=ORIENTED_EDGE('',*,*,#5401,.F.);
#5403=ORIENTED_EDGE('',*,*,#5383,.F.);
#5404=EDGE_LOOP('',(#5398,#5400,#5402,#5403));
#5405=FACE_OUTER_BOUND('',#5404,.F.);
#5406=ADVANCED_FACE('',(#5405),#5397,.F.);
#5407=CARTESIAN_POINT('',(4.036151631038E0,4.387206428917E0,6.639100080153E-1));
#5408=CARTESIAN_POINT('',(4.036151633252E0,4.494544467359E0,6.801533650748E-1));
#5409=CARTESIAN_POINT('',(4.036151635466E0,4.601882505801E0,6.963967221343E-1));
#5410=CARTESIAN_POINT('',(4.036151637680E0,4.709220544243E0,7.126400791939E-1));
#5411=CARTESIAN_POINT('',(4.029068381981E0,4.388365890035E0,6.562505259660E-1));
#5412=CARTESIAN_POINT('',(4.029068383516E0,4.495732373031E0,6.723064838226E-1));
#5413=CARTESIAN_POINT('',(4.029068385050E0,4.603098856026E0,6.883624416791E-1));
#5414=CARTESIAN_POINT('',(4.029068386585E0,4.710465339022E0,7.044183995356E-1));
#5415=CARTESIAN_POINT('',(3.491775437398E0,4.474738897647E0,7.524799020236E-2));
#5416=CARTESIAN_POINT('',(3.491775382895E0,4.584224358641E0,7.708895920614E-2));
#5417=CARTESIAN_POINT('',(3.491775328393E0,4.693709819634E0,7.892992820993E-2));
#5418=CARTESIAN_POINT('',(3.491775273890E0,4.803195280628E0,8.077089721371E-2));
#5419=CARTESIAN_POINT('',(2.931569706216E0,4.443818685437E0,
-5.305313097368E-1));
#5420=CARTESIAN_POINT('',(2.931569265330E0,4.552547669504E0,
-5.435119065732E-1));
#5421=CARTESIAN_POINT('',(2.931568824444E0,4.661276653571E0,
-5.564925034096E-1));
#5422=CARTESIAN_POINT('',(2.931568383558E0,4.770005637638E0,
-5.694731002460E-1));
#5423=CARTESIAN_POINT('',(2.405148893578E0,4.298710373899E0,-1.099777268054E0));
#5424=CARTESIAN_POINT('',(2.405148905468E0,4.403883325340E0,-1.126684623924E0));
#5425=CARTESIAN_POINT('',(2.405148917359E0,4.509056276782E0,-1.153591979795E0));
#5426=CARTESIAN_POINT('',(2.405148929249E0,4.614229228224E0,-1.180499335666E0));
#5427=CARTESIAN_POINT('',(2.398155991308E0,4.296761213926E0,-1.107339053724E0));
#5428=CARTESIAN_POINT('',(2.398156009367E0,4.401886398922E0,-1.134431410583E0));
#5429=CARTESIAN_POINT('',(2.398156027426E0,4.507011583918E0,-1.161523767442E0));
#5430=CARTESIAN_POINT('',(2.398156045485E0,4.612136768914E0,-1.188616124301E0));
#5431=B_SPLINE_SURFACE_WITH_KNOTS('',3,3,((#5407,#5408,#5409,#5410),(#5411,
#5412,#5413,#5414),(#5415,#5416,#5417,#5418),(#5419,#5420,#5421,#5422),(#5423,
#5424,#5425,#5426),(#5427,#5428,#5429,#5430)),.UNSPECIFIED.,.F.,.F.,.F.,(4,1,1,
4),(4,4),(-1.336469567725E-2,0.E0,1.E0,1.013472029824E0),(-1.723244083970E-5,
9.991907108486E-1),.UNSPECIFIED.);
#5432=ORIENTED_EDGE('',*,*,#5320,.F.);
#5433=ORIENTED_EDGE('',*,*,#5318,.F.);
#5435=ORIENTED_EDGE('',*,*,#5434,.F.);
#5437=ORIENTED_EDGE('',*,*,#5436,.F.);
#5439=ORIENTED_EDGE('',*,*,#5438,.F.);
#5440=ORIENTED_EDGE('',*,*,#5399,.T.);
#5441=EDGE_LOOP('',(#5432,#5433,#5435,#5437,#5439,#5440));
#5442=FACE_OUTER_BOUND('',#5441,.F.);
#5443=ADVANCED_FACE('',(#5442),#5431,.T.);
#5444=CARTESIAN_POINT('',(4.326478283349E0,4.366027862645E0,7.913399562482E-1));
#5445=CARTESIAN_POINT('',(4.326477043058E0,4.472846267789E0,8.107000674911E-1));
#5446=CARTESIAN_POINT('',(4.326475802768E0,4.579664672933E0,8.300601787340E-1));
#5447=CARTESIAN_POINT('',(4.326474562477E0,4.686483078077E0,8.494202899769E-1));
#5448=CARTESIAN_POINT('',(4.307725093653E0,4.367668069938E0,7.822869086508E-1));
#5449=CARTESIAN_POINT('',(4.307724346669E0,4.474526563337E0,8.014257855914E-1));
#5450=CARTESIAN_POINT('',(4.307723599686E0,4.581385056737E0,8.205646625320E-1));
#5451=CARTESIAN_POINT('',(4.307722852702E0,4.688243550137E0,8.397035394726E-1));
#5452=CARTESIAN_POINT('',(4.203910541513E0,4.376588349866E0,7.321707365758E-1));
#5453=CARTESIAN_POINT('',(4.203912077784E0,4.483664896756E0,7.500846651167E-1));
#5454=CARTESIAN_POINT('',(4.203913614055E0,4.590741443646E0,7.679985936576E-1));
#5455=CARTESIAN_POINT('',(4.203915150327E0,4.697817990536E0,7.859125221986E-1));
#5456=CARTESIAN_POINT('',(4.081269791511E0,4.386083110589E0,6.729662724359E-1));
#5457=CARTESIAN_POINT('',(4.081271201748E0,4.493391964736E0,6.894316519249E-1));
#5458=CARTESIAN_POINT('',(4.081272611985E0,4.600700818882E0,7.058970314140E-1));
#5459=CARTESIAN_POINT('',(4.081274022222E0,4.708009673029E0,7.223624109031E-1));
#5460=CARTESIAN_POINT('',(3.977344889961E0,4.393245873251E0,6.227968295229E-1));
#5461=CARTESIAN_POINT('',(3.977344194305E0,4.500730143445E0,6.380336829328E-1));
#5462=CARTESIAN_POINT('',(3.977343498649E0,4.608214413639E0,6.532705363427E-1));
#5463=CARTESIAN_POINT('',(3.977342802993E0,4.715698683833E0,6.685073897526E-1));
#5464=CARTESIAN_POINT('',(3.958568162963E0,4.394511205748E0,6.137324193660E-1));
#5465=CARTESIAN_POINT('',(3.958567024424E0,4.502026469810E0,6.287472753651E-1));
#5466=CARTESIAN_POINT('',(3.958565885886E0,4.609541733873E0,6.437621313641E-1));
#5467=CARTESIAN_POINT('',(3.958564747347E0,4.717056997935E0,6.587769873632E-1));
#5468=B_SPLINE_SURFACE_WITH_KNOTS('',3,3,((#5444,#5445,#5446,#5447),(#5448,
#5449,#5450,#5451),(#5452,#5453,#5454,#5455),(#5456,#5457,#5458,#5459),(#5460,
#5461,#5462,#5463),(#5464,#5465,#5466,#5467)),.UNSPECIFIED.,.F.,.F.,.F.,(4,1,1,
4),(4,4),(-2.204957752797E-1,0.E0,1.E0,1.220495775280E0),(-7.712432274765E-7,
1.000000770615E0),.UNSPECIFIED.);
#5469=ORIENTED_EDGE('',*,*,#5316,.F.);
#5471=ORIENTED_EDGE('',*,*,#5470,.T.);
#5473=ORIENTED_EDGE('',*,*,#5472,.F.);
#5474=ORIENTED_EDGE('',*,*,#5434,.T.);
#5475=EDGE_LOOP('',(#5469,#5471,#5473,#5474));
#5476=FACE_OUTER_BOUND('',#5475,.F.);
#5477=ADVANCED_FACE('',(#5476),#5468,.T.);
#5478=CARTESIAN_POINT('',(4.334042555094E0,4.531267366931E0,7.922222222222E-1));
#5479=DIRECTION('',(0.E0,-1.722222222222E-1,9.850581232460E-1));
#5480=DIRECTION('',(-1.E0,0.E0,0.E0));
#5481=AXIS2_PLACEMENT_3D('',#5478,#5479,#5480);
#5482=PLANE('',#5481);
#5483=ORIENTED_EDGE('',*,*,#5314,.F.);
#5485=ORIENTED_EDGE('',*,*,#5484,.F.);
#5487=ORIENTED_EDGE('',*,*,#5486,.F.);
#5488=ORIENTED_EDGE('',*,*,#5470,.F.);
#5489=EDGE_LOOP('',(#5483,#5485,#5487,#5488));
#5490=FACE_OUTER_BOUND('',#5489,.F.);
#5491=ADVANCED_FACE('',(#5490),#5482,.F.);
#5492=CARTESIAN_POINT('',(4.345501968633E0,4.364836490053E0,7.978868221622E-1));
#5493=CARTESIAN_POINT('',(4.345503568214E0,4.471625797106E0,8.174066407748E-1));
#5494=CARTESIAN_POINT('',(4.345505167796E0,4.578415104159E0,8.369264593874E-1));
#5495=CARTESIAN_POINT('',(4.345506767377E0,4.685204411211E0,8.56446278E-1));
#5496=CARTESIAN_POINT('',(4.362955177343E0,4.366889212166E0,7.866528413159E-1));
#5497=CARTESIAN_POINT('',(4.362956120912E0,4.473728668410E0,8.058982650633E-1));
#5498=CARTESIAN_POINT('',(4.362957064481E0,4.580568124654E0,8.251436888107E-1));
#5499=CARTESIAN_POINT('',(4.362958008049E0,4.687407580898E0,8.443891125580E-1));
#5500=CARTESIAN_POINT('',(4.444184802553E0,4.376235944391E0,7.343683549020E-1));
#5501=CARTESIAN_POINT('',(4.444183273302E0,4.483303803798E0,7.523363063726E-1));
#5502=CARTESIAN_POINT('',(4.444181744050E0,4.590371663204E0,7.703042578432E-1));
#5503=CARTESIAN_POINT('',(4.444180214799E0,4.697439522611E0,7.882722093139E-1));
#5504=CARTESIAN_POINT('',(4.542963499552E0,4.386432447589E0,6.707881841610E-1));
#5505=CARTESIAN_POINT('',(4.542962103915E0,4.493749787209E0,6.872005048213E-1));
#5506=CARTESIAN_POINT('',(4.542960708279E0,4.601067126828E0,7.036128254816E-1));
#5507=CARTESIAN_POINT('',(4.542959312642E0,4.708384466448E0,7.200251461420E-1));
#5508=CARTESIAN_POINT('',(4.624332464816E0,4.393870073714E0,6.184140097632E-1));
#5509=CARTESIAN_POINT('',(4.624333341705E0,4.501369630404E0,6.335433852734E-1));
#5510=CARTESIAN_POINT('',(4.624334218593E0,4.608869187093E0,6.486727607836E-1));
#5511=CARTESIAN_POINT('',(4.624335095481E0,4.716368743783E0,6.638021362938E-1));
#5512=CARTESIAN_POINT('',(4.641822053813E0,4.395424347435E0,6.071566122868E-1));
#5513=CARTESIAN_POINT('',(4.641823513635E0,4.502961994804E0,6.220101640306E-1));
#5514=CARTESIAN_POINT('',(4.641824973456E0,4.610499642173E0,6.368637157744E-1));
#5515=CARTESIAN_POINT('',(4.641826433277E0,4.718037289542E0,6.517172675182E-1));
#5516=B_SPLINE_SURFACE_WITH_KNOTS('',3,3,((#5492,#5493,#5494,#5495),(#5496,
#5497,#5498,#5499),(#5500,#5501,#5502,#5503),(#5504,#5505,#5506,#5507),(#5508,
#5509,#5510,#5511),(#5512,#5513,#5514,#5515)),.UNSPECIFIED.,.F.,.F.,.F.,(4,1,1,
4),(4,4),(-2.737355636779E-1,0.E0,1.E0,1.273735563678E0),(-6.677227686047E-7,
1.000000657196E0),.UNSPECIFIED.);
#5517=ORIENTED_EDGE('',*,*,#5312,.F.);
#5519=ORIENTED_EDGE('',*,*,#5518,.F.);
#5521=ORIENTED_EDGE('',*,*,#5520,.F.);
#5522=ORIENTED_EDGE('',*,*,#5484,.T.);
#5523=EDGE_LOOP('',(#5517,#5519,#5521,#5522));
#5524=FACE_OUTER_BOUND('',#5523,.F.);
#5525=ADVANCED_FACE('',(#5524),#5516,.F.);
#5526=CARTESIAN_POINT('',(4.554271972935E0,4.382911990005E0,6.917418012052E-1));
#5527=CARTESIAN_POINT('',(4.554273247918E0,4.490143612906E0,7.086638253354E-1));
#5528=CARTESIAN_POINT('',(4.554274522901E0,4.597375235807E0,7.255858494657E-1));
#5529=CARTESIAN_POINT('',(4.554275797884E0,4.704606858707E0,7.425078735959E-1));
#5530=CARTESIAN_POINT('',(4.565961487645E0,4.385582831623E0,6.748125719298E-1));
#5531=CARTESIAN_POINT('',(4.565962233822E0,4.492879698537E0,6.913212312266E-1));
#5532=CARTESIAN_POINT('',(4.565962979999E0,4.600176565452E0,7.078298905234E-1));
#5533=CARTESIAN_POINT('',(4.565963726176E0,4.707473432367E0,7.243385498202E-1));
#5534=CARTESIAN_POINT('',(4.620107016369E0,4.397490816736E0,5.963968213547E-1));
#5535=CARTESIAN_POINT('',(4.620105807149E0,4.505078653475E0,6.109900175008E-1));
#5536=CARTESIAN_POINT('',(4.620104597930E0,4.612666490213E0,6.255832136469E-1));
#5537=CARTESIAN_POINT('',(4.620103388710E0,4.720254326952E0,6.401764097931E-1));
#5538=CARTESIAN_POINT('',(4.686124570609E0,4.409403192173E0,5.007875220098E-1));
#5539=CARTESIAN_POINT('',(4.686123554196E0,4.517282511871E0,5.130412618752E-1));
#5540=CARTESIAN_POINT('',(4.686122537783E0,4.625161831569E0,5.252950017405E-1));
#5541=CARTESIAN_POINT('',(4.686121521371E0,4.733041151267E0,5.375487416059E-1));
#5542=CARTESIAN_POINT('',(4.740516591423E0,4.417079998619E0,4.220147916837E-1));
#5543=CARTESIAN_POINT('',(4.740517240783E0,4.525147449695E0,4.323387053634E-1));
#5544=CARTESIAN_POINT('',(4.740517890142E0,4.633214900771E0,4.426626190431E-1));
#5545=CARTESIAN_POINT('',(4.740518539501E0,4.741282351847E0,4.529865327228E-1));
#5546=CARTESIAN_POINT('',(4.752270853655E0,4.418639411754E0,4.049917924462E-1));
#5547=CARTESIAN_POINT('',(4.752271925343E0,4.526745094696E0,4.148985685607E-1));
#5548=CARTESIAN_POINT('',(4.752272997032E0,4.634850777638E0,4.248053446752E-1));
#5549=CARTESIAN_POINT('',(4.752274068720E0,4.742956460581E0,4.347121207896E-1));
#5550=B_SPLINE_SURFACE_WITH_KNOTS('',3,3,((#5526,#5527,#5528,#5529),(#5530,
#5531,#5532,#5533),(#5534,#5535,#5536,#5537),(#5538,#5539,#5540,#5541),(#5542,
#5543,#5544,#5545),(#5546,#5547,#5548,#5549)),.UNSPECIFIED.,.F.,.F.,.F.,(4,1,1,
4),(4,4),(-2.755504905503E-1,0.E0,1.E0,1.275550490550E0),(-7.687983869797E-7,
1.000000648531E0),.UNSPECIFIED.);
#5551=ORIENTED_EDGE('',*,*,#5310,.F.);
#5553=ORIENTED_EDGE('',*,*,#5552,.F.);
#5555=ORIENTED_EDGE('',*,*,#5554,.F.);
#5556=ORIENTED_EDGE('',*,*,#5518,.T.);
#5557=EDGE_LOOP('',(#5551,#5553,#5555,#5556));
#5558=FACE_OUTER_BOUND('',#5557,.F.);
#5559=ADVANCED_FACE('',(#5558),#5550,.F.);
#5560=CARTESIAN_POINT('',(4.704518776656E0,4.407011355155E0,5.163972562207E-1));
#5561=CARTESIAN_POINT('',(4.704518853995E0,4.514832203916E0,5.290309041544E-1));
#5562=CARTESIAN_POINT('',(4.704518931333E0,4.622653052677E0,5.416645520882E-1));
#5563=CARTESIAN_POINT('',(4.704519008671E0,4.730473901438E0,5.542982000219E-1));
#5564=CARTESIAN_POINT('',(4.708683215708E0,4.409366695955E0,4.962935587939E-1));
#5565=CARTESIAN_POINT('',(4.708683261641E0,4.517245173419E0,5.084355173330E-1));
#5566=CARTESIAN_POINT('',(4.708683307573E0,4.625123650883E0,5.205774758720E-1));
#5567=CARTESIAN_POINT('',(4.708683353506E0,4.733002128346E0,5.327194344111E-1));
#5568=CARTESIAN_POINT('',(4.734056346655E0,4.422869049179E0,3.738055740077E-1));
#5569=CARTESIAN_POINT('',(4.734056237019E0,4.531077894852E0,3.829515776669E-1));
#5570=CARTESIAN_POINT('',(4.734056127383E0,4.639286740525E0,3.920975813261E-1));
#5571=CARTESIAN_POINT('',(4.734056017746E0,4.747495586198E0,4.012435849853E-1));
#5572=CARTESIAN_POINT('',(4.763719129917E0,4.432642936258E0,2.306094289407E-1));
#5573=CARTESIAN_POINT('',(4.763719062389E0,4.541090922350E0,2.362518126220E-1));
#5574=CARTESIAN_POINT('',(4.763718994860E0,4.649538908441E0,2.418941963032E-1));
#5575=CARTESIAN_POINT('',(4.763718927332E0,4.757986894532E0,2.475365799845E-1));
#5576=CARTESIAN_POINT('',(4.789231060489E0,4.435907210797E0,1.074513937020E-1));
#5577=CARTESIAN_POINT('',(4.789231091039E0,4.544435016550E0,1.100801148616E-1));
#5578=CARTESIAN_POINT('',(4.789231121588E0,4.652962822303E0,1.127088360212E-1));
#5579=CARTESIAN_POINT('',(4.789231152137E0,4.761490628056E0,1.153375571809E-1));
#5580=CARTESIAN_POINT('',(4.793422038720E0,4.436304979989E0,8.721957929333E-2));
#5581=CARTESIAN_POINT('',(4.793422086355E0,4.544842508889E0,8.935322530677E-2));
#5582=CARTESIAN_POINT('',(4.793422133990E0,4.653380037789E0,9.148687132021E-2));
#5583=CARTESIAN_POINT('',(4.793422181624E0,4.761917566689E0,9.362051733365E-2));
#5584=B_SPLINE_SURFACE_WITH_KNOTS('',3,3,((#5560,#5561,#5562,#5563),(#5564,
#5565,#5566,#5567),(#5568,#5569,#5570,#5571),(#5572,#5573,#5574,#5575),(#5576,
#5577,#5578,#5579),(#5580,#5581,#5582,#5583)),.UNSPECIFIED.,.F.,.F.,.F.,(4,1,1,
4),(4,4),(-1.965358636573E-1,0.E0,1.E0,1.196535863657E0),(-1.520936939170E-7,
9.999993781413E-1),.UNSPECIFIED.);
#5585=ORIENTED_EDGE('',*,*,#5308,.F.);
#5587=ORIENTED_EDGE('',*,*,#5586,.T.);
#5589=ORIENTED_EDGE('',*,*,#5588,.F.);
#5590=ORIENTED_EDGE('',*,*,#5552,.T.);
#5591=EDGE_LOOP('',(#5585,#5587,#5589,#5590));
#5592=FACE_OUTER_BOUND('',#5591,.F.);
#5593=ADVANCED_FACE('',(#5592),#5584,.F.);
#5594=CARTESIAN_POINT('',(4.780851101875E0,4.599928898652E0,2.556542063735E-2));
#5595=DIRECTION('',(-1.E0,0.E0,0.E0));
#5596=DIRECTION('',(0.E0,3.333332671060E-2,-9.994442902585E-1));
#5597=AXIS2_PLACEMENT_3D('',#5594,#5595,#5596);
#5598=PLANE('',#5597);
#5599=ORIENTED_EDGE('',*,*,#5306,.T.);
#5600=ORIENTED_EDGE('',*,*,#5304,.T.);
#5602=ORIENTED_EDGE('',*,*,#5601,.T.);
#5604=ORIENTED_EDGE('',*,*,#5603,.T.);
#5606=ORIENTED_EDGE('',*,*,#5605,.T.);
#5607=ORIENTED_EDGE('',*,*,#5586,.F.);
#5608=EDGE_LOOP('',(#5599,#5600,#5602,#5604,#5606,#5607));
#5609=FACE_OUTER_BOUND('',#5608,.F.);
#5610=ADVANCED_FACE('',(#5609),#5598,.T.);
#5611=CARTESIAN_POINT('',(4.793424852900E0,4.437000451967E0,
-3.790418289198E-2));
#5612=CARTESIAN_POINT('',(4.793424890335E0,4.545554983144E0,
-3.883134329244E-2));
#5613=CARTESIAN_POINT('',(4.793424927770E0,4.654109514322E0,
-3.975850369289E-2));
#5614=CARTESIAN_POINT('',(4.793424965206E0,4.762664045499E0,
-4.068566409335E-2));
#5615=CARTESIAN_POINT('',(4.789233242226E0,4.436827560323E0,
-5.813905335759E-2));
#5616=CARTESIAN_POINT('',(4.789233266535E0,4.545377872283E0,
-5.956134312084E-2));
#5617=CARTESIAN_POINT('',(4.789233290845E0,4.653928184242E0,
-6.098363288410E-2));
#5618=CARTESIAN_POINT('',(4.789233315155E0,4.762478496202E0,
-6.240592264736E-2));
#5619=CARTESIAN_POINT('',(4.763729891781E0,4.434933375025E0,
-1.812556862979E-1));
#5620=CARTESIAN_POINT('',(4.763729838752E0,4.543437399196E0,
-1.856905179777E-1));
#5621=CARTESIAN_POINT('',(4.763729785723E0,4.651941423368E0,
-1.901253496576E-1));
#5622=CARTESIAN_POINT('',(4.763729732694E0,4.760445447539E0,
-1.945601813374E-1));
#5623=CARTESIAN_POINT('',(4.734061530826E0,4.426759399822E0,
-3.244787784077E-1));
#5624=CARTESIAN_POINT('',(4.734061435633E0,4.535063429063E0,
-3.324178893998E-1));
#5625=CARTESIAN_POINT('',(4.734061340441E0,4.643367458305E0,
-3.403570003919E-1));
#5626=CARTESIAN_POINT('',(4.734061245249E0,4.751671487547E0,
-3.482961113840E-1));
#5627=CARTESIAN_POINT('',(4.708674175647E0,4.414632609492E0,
-4.470354480824E-1));
#5628=CARTESIAN_POINT('',(4.708674215371E0,4.522639909820E0,
-4.579723011998E-1));
#5629=CARTESIAN_POINT('',(4.708674255095E0,4.630647210148E0,
-4.689091543172E-1));
#5630=CARTESIAN_POINT('',(4.708674294819E0,4.738654510475E0,
-4.798460074346E-1));
#5631=CARTESIAN_POINT('',(4.704504758030E0,4.412501941528E0,
-4.671631823086E-1));
#5632=CARTESIAN_POINT('',(4.704504825232E0,4.520457106997E0,
-4.785923332169E-1));
#5633=CARTESIAN_POINT('',(4.704504892435E0,4.628412272466E0,
-4.900214841251E-1));
#5634=CARTESIAN_POINT('',(4.704504959637E0,4.736367437936E0,
-5.014506350334E-1));
#5635=B_SPLINE_SURFACE_WITH_KNOTS('',3,3,((#5611,#5612,#5613,#5614),(#5615,
#5616,#5617,#5618),(#5619,#5620,#5621,#5622),(#5623,#5624,#5625,#5626),(#5627,
#5628,#5629,#5630),(#5631,#5632,#5633,#5634)),.UNSPECIFIED.,.F.,.F.,.F.,(4,1,1,
4),(4,4),(-1.966676520284E-1,0.E0,1.E0,1.196667652029E0),(-1.123354359533E-7,
9.999993560474E-1),.UNSPECIFIED.);
#5636=ORIENTED_EDGE('',*,*,#5302,.F.);
#5638=ORIENTED_EDGE('',*,*,#5637,.F.);
#5640=ORIENTED_EDGE('',*,*,#5639,.F.);
#5641=ORIENTED_EDGE('',*,*,#5601,.F.);
#5642=EDGE_LOOP('',(#5636,#5638,#5640,#5641));
#5643=FACE_OUTER_BOUND('',#5642,.F.);
#5644=ADVANCED_FACE('',(#5643),#5635,.F.);
#5645=CARTESIAN_POINT('',(4.752295672707E0,4.422884175088E0,
-3.556540942274E-1));
#5646=CARTESIAN_POINT('',(4.752296638289E0,4.531093656213E0,
-3.643539485098E-1));
#5647=CARTESIAN_POINT('',(4.752297603871E0,4.639303137339E0,
-3.730538027922E-1));
#5648=CARTESIAN_POINT('',(4.752298569452E0,4.747512618464E0,
-3.817536570746E-1));
#5649=CARTESIAN_POINT('',(4.740533660096E0,4.421515163544E0,
-3.726883179707E-1));
#5650=CARTESIAN_POINT('',(4.740534246322E0,4.529691086138E0,
-3.818055175692E-1));
#5651=CARTESIAN_POINT('',(4.740534832549E0,4.637867008732E0,
-3.909227171677E-1));
#5652=CARTESIAN_POINT('',(4.740535418776E0,4.746042931326E0,
-4.000399167662E-1));
#5653=CARTESIAN_POINT('',(4.686142312054E0,4.414724888727E0,
-4.514600743820E-1));
#5654=CARTESIAN_POINT('',(4.686141397292E0,4.522734428003E0,
-4.625068198975E-1));
#5655=CARTESIAN_POINT('',(4.686140482529E0,4.630743967280E0,
-4.735535654130E-1));
#5656=CARTESIAN_POINT('',(4.686139567767E0,4.738753506556E0,
-4.846003109285E-1));
#5657=CARTESIAN_POINT('',(4.620103376350E0,4.403894207020E0,
-5.471003397373E-1));
#5658=CARTESIAN_POINT('',(4.620102268825E0,4.511638731271E0,
-5.604872987335E-1));
#5659=CARTESIAN_POINT('',(4.620101161300E0,4.619383255522E0,
-5.738742577297E-1));
#5660=CARTESIAN_POINT('',(4.620100053774E0,4.727127779773E0,
-5.872612167260E-1));
#5661=CARTESIAN_POINT('',(4.565935665259E0,4.392880309142E0,
-6.255482161306E-1));
#5662=CARTESIAN_POINT('',(4.565936348365E0,4.500355674703E0,
-6.408516801158E-1));
#5663=CARTESIAN_POINT('',(4.565937031470E0,4.607831040264E0,
-6.561551441010E-1));
#5664=CARTESIAN_POINT('',(4.565937714576E0,4.715306405826E0,
-6.714586080862E-1));
#5665=CARTESIAN_POINT('',(4.554232446254E0,4.390400917435E0,
-6.424972926100E-1));
#5666=CARTESIAN_POINT('',(4.554233615311E0,4.497815706101E0,
-6.582146735658E-1));
#5667=CARTESIAN_POINT('',(4.554234784367E0,4.605230494766E0,
-6.739320545215E-1));
#5668=CARTESIAN_POINT('',(4.554235953424E0,4.712645283432E0,
-6.896494354772E-1));
#5669=B_SPLINE_SURFACE_WITH_KNOTS('',3,3,((#5645,#5646,#5647,#5648),(#5649,
#5650,#5651,#5652),(#5653,#5654,#5655,#5656),(#5657,#5658,#5659,#5660),(#5661,
#5662,#5663,#5664),(#5665,#5666,#5667,#5668)),.UNSPECIFIED.,.F.,.F.,.F.,(4,1,1,
4),(4,4),(-2.758023511654E-1,0.E0,1.E0,1.275802351166E0),(-6.964784759200E-7,
1.000000581405E0),.UNSPECIFIED.);
#5670=ORIENTED_EDGE('',*,*,#5300,.F.);
#5672=ORIENTED_EDGE('',*,*,#5671,.F.);
#5674=ORIENTED_EDGE('',*,*,#5673,.F.);
#5675=ORIENTED_EDGE('',*,*,#5637,.T.);
#5676=EDGE_LOOP('',(#5670,#5672,#5674,#5675));
#5677=FACE_OUTER_BOUND('',#5676,.F.);
#5678=ADVANCED_FACE('',(#5677),#5669,.F.);
#5679=CARTESIAN_POINT('',(4.641846396897E0,4.401955350919E0,
-5.578392011833E-1));
#5680=CARTESIAN_POINT('',(4.641847743865E0,4.509652749897E0,
-5.714862405199E-1));
#5681=CARTESIAN_POINT('',(4.641849090832E0,4.617350148875E0,
-5.851332798566E-1));
#5682=CARTESIAN_POINT('',(4.641850437800E0,4.725047547853E0,
-5.987803191932E-1));
#5683=CARTESIAN_POINT('',(4.624348931048E0,4.400528804817E0,
-5.691016647103E-1));
#5684=CARTESIAN_POINT('',(4.624349740704E0,4.508191247402E0,
-5.830246202092E-1));
#5685=CARTESIAN_POINT('',(4.624350550360E0,4.615853689986E0,
-5.969475757081E-1));
#5686=CARTESIAN_POINT('',(4.624351360016E0,4.723516132571E0,
-6.108705312070E-1));
#5687=CARTESIAN_POINT('',(4.542975965801E0,4.393689009633E0,
-6.214783952113E-1));
#5688=CARTESIAN_POINT('',(4.542974678883E0,4.501183897725E0,
-6.366842366972E-1));
#5689=CARTESIAN_POINT('',(4.542973391966E0,4.608678785817E0,
-6.518900781832E-1));
#5690=CARTESIAN_POINT('',(4.542972105048E0,4.716173673908E0,
-6.670959196692E-1));
#5691=CARTESIAN_POINT('',(4.444178834659E0,4.384222759039E0,
-6.850704088174E-1));
#5692=CARTESIAN_POINT('',(4.444177414909E0,4.491486034285E0,
-7.018321701549E-1));
#5693=CARTESIAN_POINT('',(4.444175995159E0,4.598749309531E0,
-7.185939314923E-1));
#5694=CARTESIAN_POINT('',(4.444174575409E0,4.706012584777E0,
-7.353556928298E-1));
#5695=CARTESIAN_POINT('',(4.362934695775E0,4.375481390672E0,
-7.373642186345E-1));
#5696=CARTESIAN_POINT('',(4.362935571753E0,4.482531035608E0,
-7.554038025730E-1));
#5697=CARTESIAN_POINT('',(4.362936447732E0,4.589580680544E0,
-7.734433865116E-1));
#5698=CARTESIAN_POINT('',(4.362937323710E0,4.696630325480E0,
-7.914829704502E-1));
#5699=CARTESIAN_POINT('',(4.345470881618E0,4.373558120501E0,
-7.486050218331E-1));
#5700=CARTESIAN_POINT('',(4.345472367616E0,4.480560773447E0,
-7.669191992994E-1));
#5701=CARTESIAN_POINT('',(4.345473853614E0,4.587563426394E0,
-7.852333767656E-1));
#5702=CARTESIAN_POINT('',(4.345475339612E0,4.694566079340E0,
-8.035475542319E-1));
#5703=B_SPLINE_SURFACE_WITH_KNOTS('',3,3,((#5679,#5680,#5681,#5682),(#5683,
#5684,#5685,#5686),(#5687,#5688,#5689,#5690),(#5691,#5692,#5693,#5694),(#5695,
#5696,#5697,#5698),(#5699,#5700,#5701,#5702)),.UNSPECIFIED.,.F.,.F.,.F.,(4,1,1,
4),(4,4),(-2.738802167629E-1,0.E0,1.E0,1.273880216762E0),(-6.172862596632E-7,
1.000000606778E0),.UNSPECIFIED.);
#5704=ORIENTED_EDGE('',*,*,#5298,.F.);
#5706=ORIENTED_EDGE('',*,*,#5705,.T.);
#5708=ORIENTED_EDGE('',*,*,#5707,.F.);
#5709=ORIENTED_EDGE('',*,*,#5671,.T.);
#5710=EDGE_LOOP('',(#5704,#5706,#5708,#5709));
#5711=FACE_OUTER_BOUND('',#5710,.F.);
#5712=ADVANCED_FACE('',(#5711),#5703,.F.);
#5713=CARTESIAN_POINT('',(4.397872424126E0,4.510818021935E0,
-9.013985554983E-1));
#5714=DIRECTION('',(-1.E0,0.E0,0.E0));
#5715=DIRECTION('',(0.E0,-1.611111111111E-1,-9.869362744760E-1));
#5716=AXIS2_PLACEMENT_3D('',#5713,#5714,#5715);
#5717=PLANE('',#5716);
#5718=ORIENTED_EDGE('',*,*,#5296,.T.);
#5720=ORIENTED_EDGE('',*,*,#5719,.T.);
#5722=ORIENTED_EDGE('',*,*,#5721,.T.);
#5723=ORIENTED_EDGE('',*,*,#5705,.F.);
#5724=EDGE_LOOP('',(#5718,#5720,#5722,#5723));
#5725=FACE_OUTER_BOUND('',#5724,.F.);
#5726=ADVANCED_FACE('',(#5725),#5717,.T.);
#5727=CARTESIAN_POINT('',(4.714143533246E0,4.334998985157E0,
-9.466729512419E-1));
#5728=CARTESIAN_POINT('',(4.714143865695E0,4.441058027731E0,
-9.698339335511E-1));
#5729=CARTESIAN_POINT('',(4.714144198144E0,4.547117070304E0,
-9.929949158602E-1));
#5730=CARTESIAN_POINT('',(4.714144530593E0,4.653176112878E0,-1.016155898169E0));
#5731=CARTESIAN_POINT('',(4.693825764682E0,4.333928171476E0,
-9.515771210049E-1));
#5732=CARTESIAN_POINT('',(4.693825965543E0,4.439961007989E0,
-9.748581216231E-1));
#5733=CARTESIAN_POINT('',(4.693826166403E0,4.545993844503E0,
-9.981391222412E-1));
#5734=CARTESIAN_POINT('',(4.693826367263E0,4.652026681017E0,-1.021420122859E0));
#5735=CARTESIAN_POINT('',(4.588392251432E0,4.328325927918E0,
-9.770259711621E-1));
#5736=CARTESIAN_POINT('',(4.588391876646E0,4.434221667220E0,-1.000929746256E0));
#5737=CARTESIAN_POINT('',(4.588391501860E0,4.540117406523E0,-1.024833521351E0));
#5738=CARTESIAN_POINT('',(4.588391127074E0,4.646013145826E0,-1.048737296445E0));
#5739=CARTESIAN_POINT('',(4.462655637633E0,4.321362952420E0,-1.007375450614E0));
#5740=CARTESIAN_POINT('',(4.462655250659E0,4.427088336547E0,-1.032021751794E0));
#5741=CARTESIAN_POINT('',(4.462654863686E0,4.532813720673E0,-1.056668052973E0));
#5742=CARTESIAN_POINT('',(4.462654476712E0,4.638539104799E0,-1.081314354152E0));
#5743=CARTESIAN_POINT('',(4.357246793673E0,4.315289279771E0,-1.032818346262E0));
#5744=CARTESIAN_POINT('',(4.357246999882E0,4.420866102045E0,-1.058086973404E0));
#5745=CARTESIAN_POINT('',(4.357247206090E0,4.526442924320E0,-1.083355600546E0));
#5746=CARTESIAN_POINT('',(4.357247412299E0,4.632019746595E0,-1.108624227688E0));
#5747=CARTESIAN_POINT('',(4.336934695026E0,4.314110114219E0,-1.037721147459E0));
#5748=CARTESIAN_POINT('',(4.336935038286E0,4.419658095438E0,-1.063109689825E0));
#5749=CARTESIAN_POINT('',(4.336935381546E0,4.525206076657E0,-1.088498232191E0));
#5750=CARTESIAN_POINT('',(4.336935724807E0,4.630754057876E0,-1.113886774557E0));
#5751=B_SPLINE_SURFACE_WITH_KNOTS('',3,3,((#5727,#5728,#5729,#5730),(#5731,
#5732,#5733,#5734),(#5735,#5736,#5737,#5738),(#5739,#5740,#5741,#5742),(#5743,
#5744,#5745,#5746),(#5747,#5748,#5749,#5750)),.UNSPECIFIED.,.F.,.F.,.F.,(4,1,1,
4),(4,4),(-2.387011778947E-1,0.E0,1.E0,1.238701177895E0),(-1.682105833511E-7,
1.000000173491E0),.UNSPECIFIED.);
#5752=ORIENTED_EDGE('',*,*,#5294,.F.);
#5754=ORIENTED_EDGE('',*,*,#5753,.F.);
#5756=ORIENTED_EDGE('',*,*,#5755,.F.);
#5757=ORIENTED_EDGE('',*,*,#5719,.F.);
#5758=EDGE_LOOP('',(#5752,#5754,#5756,#5757));
#5759=FACE_OUTER_BOUND('',#5758,.F.);
#5760=ADVANCED_FACE('',(#5759),#5751,.T.);
#5761=CARTESIAN_POINT('',(4.953134810272E0,4.386005789298E0,
-6.717915754026E-1));
#5762=CARTESIAN_POINT('',(4.953137944275E0,4.493314354681E0,
-6.882243693948E-1));
#5763=CARTESIAN_POINT('',(4.953141078278E0,4.600622920063E0,
-7.046571633870E-1));
#5764=CARTESIAN_POINT('',(4.953144212281E0,4.707931485446E0,
-7.210899573792E-1));
#5765=CARTESIAN_POINT('',(4.938254456097E0,4.383807634277E0,
-6.861584592779E-1));
#5766=CARTESIAN_POINT('',(4.938256409565E0,4.491062186550E0,
-7.029439766796E-1));
#5767=CARTESIAN_POINT('',(4.938258363033E0,4.598316738823E0,
-7.197294940812E-1));
#5768=CARTESIAN_POINT('',(4.938260316501E0,4.705571291095E0,
-7.365150114829E-1));
#5769=CARTESIAN_POINT('',(4.838023146281E0,4.368509552605E0,
-7.829311282717E-1));
#5770=CARTESIAN_POINT('',(4.838018041103E0,4.475388432061E0,
-8.020915995388E-1));
#5771=CARTESIAN_POINT('',(4.838012935925E0,4.582267311517E0,
-8.212520708059E-1));
#5772=CARTESIAN_POINT('',(4.838007830747E0,4.689146190973E0,
-8.404125420729E-1));
#5773=CARTESIAN_POINT('',(4.723223600708E0,4.347180805526E0,
-8.937693330224E-1));
#5774=CARTESIAN_POINT('',(4.723217773337E0,4.453537712172E0,
-9.156423184858E-1));
#5775=CARTESIAN_POINT('',(4.723211945967E0,4.559894618818E0,
-9.375153039492E-1));
#5776=CARTESIAN_POINT('',(4.723206118596E0,4.666251525463E0,
-9.593882894125E-1));
#5777=CARTESIAN_POINT('',(4.623620321846E0,4.325351376125E0,
-9.899356425399E-1));
#5778=CARTESIAN_POINT('',(4.623622510759E0,4.431175785475E0,-1.014153123645E0));
#5779=CARTESIAN_POINT('',(4.623624699672E0,4.537000194824E0,-1.038370604751E0));
#5780=CARTESIAN_POINT('',(4.623626888586E0,4.642824604174E0,-1.062588085856E0));
#5781=CARTESIAN_POINT('',(4.608846997725E0,4.322040138220E0,-1.004199189649E0));
#5782=CARTESIAN_POINT('',(4.608850575078E0,4.427783809422E0,-1.028764203548E0));
#5783=CARTESIAN_POINT('',(4.608854152431E0,4.533527480624E0,-1.053329217447E0));
#5784=CARTESIAN_POINT('',(4.608857729784E0,4.639271151826E0,-1.077894231346E0));
#5785=B_SPLINE_SURFACE_WITH_KNOTS('',3,3,((#5761,#5762,#5763,#5764),(#5765,
#5766,#5767,#5768),(#5769,#5770,#5771,#5772),(#5773,#5774,#5775,#5776),(#5777,
#5778,#5779,#5780),(#5781,#5782,#5783,#5784)),.UNSPECIFIED.,.F.,.F.,.F.,(4,1,1,
4),(4,4),(-1.742672474431E-1,0.E0,1.E0,1.174267247444E0),(-4.694688133439E-6,
1.000004325250E0),.UNSPECIFIED.);
#5786=ORIENTED_EDGE('',*,*,#5292,.F.);
#5788=ORIENTED_EDGE('',*,*,#5787,.F.);
#5790=ORIENTED_EDGE('',*,*,#5789,.F.);
#5791=ORIENTED_EDGE('',*,*,#5753,.T.);
#5792=EDGE_LOOP('',(#5786,#5788,#5790,#5791));
#5793=FACE_OUTER_BOUND('',#5792,.F.);
#5794=ADVANCED_FACE('',(#5793),#5785,.T.);
#5795=CARTESIAN_POINT('',(5.064634430304E0,4.417859997222E0,
-4.134030738662E-1));
#5796=CARTESIAN_POINT('',(5.064635311221E0,4.525946753875E0,
-4.235154890979E-1));
#5797=CARTESIAN_POINT('',(5.064636192137E0,4.634033510527E0,
-4.336279043295E-1));
#5798=CARTESIAN_POINT('',(5.064637073054E0,4.742120267179E0,
-4.437403195612E-1));
#5799=CARTESIAN_POINT('',(5.055141787872E0,4.416145657720E0,
-4.317332450478E-1));
#5800=CARTESIAN_POINT('',(5.055142331756E0,4.524190382378E0,
-4.422948213406E-1));
#5801=CARTESIAN_POINT('',(5.055142875641E0,4.632235107035E0,
-4.528563976335E-1));
#5802=CARTESIAN_POINT('',(5.055143419525E0,4.740279831693E0,
-4.634179739263E-1));
#5803=CARTESIAN_POINT('',(5.002959796779E0,4.406087115841E0,
-5.324960027686E-1));
#5804=CARTESIAN_POINT('',(5.002958715676E0,4.513885322090E0,
-5.455261897055E-1));
#5805=CARTESIAN_POINT('',(5.002957634572E0,4.621683528339E0,
-5.585563766425E-1));
#5806=CARTESIAN_POINT('',(5.002956553468E0,4.729481734589E0,
-5.715865635795E-1));
#5807=CARTESIAN_POINT('',(4.941466966128E0,4.390105838350E0,
-6.512378727882E-1));
#5808=CARTESIAN_POINT('',(4.941465646738E0,4.497512983225E0,
-6.671736696761E-1));
#5809=CARTESIAN_POINT('',(4.941464327347E0,4.604920128100E0,
-6.831094665639E-1));
#5810=CARTESIAN_POINT('',(4.941463007957E0,4.712327272975E0,
-6.990452634517E-1));
#5811=CARTESIAN_POINT('',(4.889664595508E0,4.373140043869E0,
-7.512675884643E-1));
#5812=CARTESIAN_POINT('',(4.889665237159E0,4.480132628616E0,
-7.696466287004E-1));
#5813=CARTESIAN_POINT('',(4.889665878810E0,4.587125213364E0,
-7.880256689366E-1));
#5814=CARTESIAN_POINT('',(4.889666520460E0,4.694117798111E0,
-8.064047091728E-1));
#5815=CARTESIAN_POINT('',(4.880253523067E0,4.369941525893E0,
-7.694402490861E-1));
#5816=CARTESIAN_POINT('',(4.880254598152E0,4.476855972488E0,
-7.882629998009E-1));
#5817=CARTESIAN_POINT('',(4.880255673236E0,4.583770419084E0,
-8.070857505156E-1));
#5818=CARTESIAN_POINT('',(4.880256748321E0,4.690684865680E0,
-8.259085012304E-1));
#5819=B_SPLINE_SURFACE_WITH_KNOTS('',3,3,((#5795,#5796,#5797,#5798),(#5799,
#5800,#5801,#5802),(#5803,#5804,#5805,#5806),(#5807,#5808,#5809,#5810),(#5811,
#5812,#5813,#5814),(#5815,#5816,#5817,#5818)),.UNSPECIFIED.,.F.,.F.,.F.,(4,1,1,
4),(4,4),(-2.222402803087E-1,0.E0,1.E0,1.222240280309E0),(-1.277168984820E-6,
1.000000900012E0),.UNSPECIFIED.);
#5820=ORIENTED_EDGE('',*,*,#5290,.F.);
#5822=ORIENTED_EDGE('',*,*,#5821,.F.);
#5824=ORIENTED_EDGE('',*,*,#5823,.F.);
#5825=ORIENTED_EDGE('',*,*,#5787,.T.);
#5826=EDGE_LOOP('',(#5820,#5822,#5824,#5825));
#5827=FACE_OUTER_BOUND('',#5826,.F.);
#5828=ADVANCED_FACE('',(#5827),#5819,.T.);
#5829=CARTESIAN_POINT('',(5.109071681987E0,4.437096171905E0,2.433418224478E-2));
#5830=CARTESIAN_POINT('',(5.109071699016E0,4.545653014623E0,2.492965994475E-2));
#5831=CARTESIAN_POINT('',(5.109071716045E0,4.654209857341E0,2.552513764472E-2));
#5832=CARTESIAN_POINT('',(5.109071733074E0,4.762766700058E0,2.612061534469E-2));
#5833=CARTESIAN_POINT('',(5.106047805718E0,4.437208013118E0,3.897447518284E-3));
#5834=CARTESIAN_POINT('',(5.106047817110E0,4.545767618109E0,3.992884162990E-3));
#5835=CARTESIAN_POINT('',(5.106047828502E0,4.654327223100E0,4.088320807697E-3));
#5836=CARTESIAN_POINT('',(5.106047839894E0,4.762886828091E0,4.183757452403E-3));
#5837=CARTESIAN_POINT('',(5.081704578473E0,4.436972258522E0,
-1.606251828574E-1));
#5838=CARTESIAN_POINT('',(5.081704543420E0,4.545526281182E0,
-1.645552536658E-1));
#5839=CARTESIAN_POINT('',(5.081704508367E0,4.654080303842E0,
-1.684853244741E-1));
#5840=CARTESIAN_POINT('',(5.081704473314E0,4.762634326502E0,
-1.724153952824E-1));
#5841=CARTESIAN_POINT('',(5.054349839663E0,4.426414934902E0,
-3.455009820577E-1));
#5842=CARTESIAN_POINT('',(5.054349763110E0,4.534710647466E0,
-3.539544801059E-1));
#5843=CARTESIAN_POINT('',(5.054349686556E0,4.643006360031E0,
-3.624079781541E-1));
#5844=CARTESIAN_POINT('',(5.054349610002E0,4.751302072596E0,
-3.708614762023E-1));
#5845=CARTESIAN_POINT('',(5.030157596053E0,4.407918846489E0,
-5.090031969088E-1));
#5846=CARTESIAN_POINT('',(5.030157618567E0,4.515761874487E0,
-5.214561815260E-1));
#5847=CARTESIAN_POINT('',(5.030157641082E0,4.623604902486E0,
-5.339091661433E-1));
#5848=CARTESIAN_POINT('',(5.030157663597E0,4.731447930484E0,
-5.463621507605E-1));
#5849=CARTESIAN_POINT('',(5.027154801078E0,4.405481063906E0,
-5.292974547381E-1));
#5850=CARTESIAN_POINT('',(5.027154838269E0,4.513264427462E0,
-5.422468472397E-1));
#5851=CARTESIAN_POINT('',(5.027154875460E0,4.621047791018E0,
-5.551962397413E-1));
#5852=CARTESIAN_POINT('',(5.027154912652E0,4.728831154575E0,
-5.681456322429E-1));
#5853=B_SPLINE_SURFACE_WITH_KNOTS('',3,3,((#5829,#5830,#5831,#5832),(#5833,
#5834,#5835,#5836),(#5837,#5838,#5839,#5840),(#5841,#5842,#5843,#5844),(#5845,
#5846,#5847,#5848),(#5849,#5850,#5851,#5852)),.UNSPECIFIED.,.F.,.F.,.F.,(4,1,1,
4),(4,4),(-1.418431738794E-1,0.E0,1.E0,1.141843173879E0),(-1.017072162601E-7,
9.999971754723E-1),.UNSPECIFIED.);
#5854=ORIENTED_EDGE('',*,*,#5288,.F.);
#5856=ORIENTED_EDGE('',*,*,#5855,.F.);
#5858=ORIENTED_EDGE('',*,*,#5857,.F.);
#5859=ORIENTED_EDGE('',*,*,#5821,.T.);
#5860=EDGE_LOOP('',(#5854,#5856,#5858,#5859));
#5861=FACE_OUTER_BOUND('',#5860,.F.);
#5862=ADVANCED_FACE('',(#5861),#5853,.T.);
#5863=CARTESIAN_POINT('',(5.1E0,4.599129589076E0,8.947896902645E-2));
#5864=DIRECTION('',(-1.E0,0.E0,0.E0));
#5865=DIRECTION('',(0.E0,4.722222222222E-2,-9.988844085921E-1));
#5866=AXIS2_PLACEMENT_3D('',#5863,#5864,#5865);
#5867=PLANE('',#5866);
#5868=ORIENTED_EDGE('',*,*,#5286,.T.);
#5869=ORIENTED_EDGE('',*,*,#5284,.T.);
#5871=ORIENTED_EDGE('',*,*,#5870,.F.);
#5873=ORIENTED_EDGE('',*,*,#5872,.T.);
#5875=ORIENTED_EDGE('',*,*,#5874,.T.);
#5876=ORIENTED_EDGE('',*,*,#5855,.T.);
#5877=EDGE_LOOP('',(#5868,#5869,#5871,#5873,#5875,#5876));
#5878=FACE_OUTER_BOUND('',#5877,.F.);
#5879=ADVANCED_FACE('',(#5878),#5867,.F.);
#5880=CARTESIAN_POINT('',(5.025723300832E0,4.390792036636E0,6.398147878420E-1));
#5881=CARTESIAN_POINT('',(5.025723369849E0,4.498216083796E0,6.554679138052E-1));
#5882=CARTESIAN_POINT('',(5.025723438866E0,4.605640130955E0,6.711210397684E-1));
#5883=CARTESIAN_POINT('',(5.025723507883E0,4.713064178115E0,6.867741657315E-1));
#5884=CARTESIAN_POINT('',(5.029202325713E0,4.393728353510E0,6.196609273054E-1));
#5885=CARTESIAN_POINT('',(5.029202367496E0,4.501224245869E0,6.348211431006E-1));
#5886=CARTESIAN_POINT('',(5.029202409279E0,4.608720138228E0,6.499813588958E-1));
#5887=CARTESIAN_POINT('',(5.029202451061E0,4.716216030586E0,6.651415746910E-1));
#5888=CARTESIAN_POINT('',(5.053853391542E0,4.413531877958E0,4.768582284293E-1));
#5889=CARTESIAN_POINT('',(5.053853271437E0,4.521512321299E0,4.885256743024E-1));
#5890=CARTESIAN_POINT('',(5.053853151332E0,4.629492764640E0,5.001931201755E-1));
#5891=CARTESIAN_POINT('',(5.053853031227E0,4.737473207982E0,5.118605660485E-1));
#5892=CARTESIAN_POINT('',(5.082162383340E0,4.428179883729E0,3.128653021739E-1));
#5893=CARTESIAN_POINT('',(5.082162304738E0,4.536518724717E0,3.205202783818E-1));
#5894=CARTESIAN_POINT('',(5.082162226135E0,4.644857565705E0,3.281752545897E-1));
#5895=CARTESIAN_POINT('',(5.082162147532E0,4.753196406692E0,3.358302307976E-1));
#5896=CARTESIAN_POINT('',(5.107022889440E0,4.433995279111E0,1.688493244271E-1));
#5897=CARTESIAN_POINT('',(5.107022918413E0,4.542476325298E0,1.729801713358E-1));
#5898=CARTESIAN_POINT('',(5.107022947386E0,4.650957371485E0,1.771110182445E-1));
#5899=CARTESIAN_POINT('',(5.107022976359E0,4.759438417672E0,1.812418651532E-1));
#5900=CARTESIAN_POINT('',(5.110535675403E0,4.434676755705E0,1.484998873372E-1));
#5901=CARTESIAN_POINT('',(5.110535720571E0,4.543174462628E0,1.521327690976E-1));
#5902=CARTESIAN_POINT('',(5.110535765738E0,4.651672169552E0,1.557656508579E-1));
#5903=CARTESIAN_POINT('',(5.110535810906E0,4.760169876475E0,1.593985326183E-1));
#5904=B_SPLINE_SURFACE_WITH_KNOTS('',3,3,((#5880,#5881,#5882,#5883),(#5884,
#5885,#5886,#5887),(#5888,#5889,#5890,#5891),(#5892,#5893,#5894,#5895),(#5896,
#5897,#5898,#5899),(#5900,#5901,#5902,#5903)),.UNSPECIFIED.,.F.,.F.,.F.,(4,1,1,
4),(4,4),(-1.645080002384E-1,0.E0,1.E0,1.164508000238E0),(-2.401325862322E-7,
9.999986163200E-1),.UNSPECIFIED.);
#5905=ORIENTED_EDGE('',*,*,#5282,.F.);
#5907=ORIENTED_EDGE('',*,*,#5906,.F.);
#5909=ORIENTED_EDGE('',*,*,#5908,.F.);
#5910=ORIENTED_EDGE('',*,*,#5870,.T.);
#5911=EDGE_LOOP('',(#5905,#5907,#5909,#5910));
#5912=FACE_OUTER_BOUND('',#5911,.F.);
#5913=ADVANCED_FACE('',(#5912),#5904,.T.);
#5914=CARTESIAN_POINT('',(4.880357860989E0,4.348992405847E0,8.801677351526E-1));
#5915=CARTESIAN_POINT('',(4.880359118192E0,4.455394490461E0,9.016991576323E-1));
#5916=CARTESIAN_POINT('',(4.880360375394E0,4.561796575074E0,9.232305801120E-1));
#5917=CARTESIAN_POINT('',(4.880361632596E0,4.668198659688E0,9.447620025917E-1));
#5918=CARTESIAN_POINT('',(4.889732948368E0,4.352654742546E0,8.620645648002E-1));
#5919=CARTESIAN_POINT('',(4.889733700668E0,4.459146266155E0,8.831541248331E-1));
#5920=CARTESIAN_POINT('',(4.889734452967E0,4.565637789763E0,9.042436848660E-1));
#5921=CARTESIAN_POINT('',(4.889735205267E0,4.672129313372E0,9.253332448990E-1));
#5922=CARTESIAN_POINT('',(4.941469713806E0,4.372219845784E0,7.621615516185E-1));
#5923=CARTESIAN_POINT('',(4.941468165485E0,4.479189306445E0,7.808116707193E-1));
#5924=CARTESIAN_POINT('',(4.941466617163E0,4.586158767106E0,7.994617898202E-1));
#5925=CARTESIAN_POINT('',(4.941465068842E0,4.693128227766E0,8.181119089211E-1));
#5926=CARTESIAN_POINT('',(5.002906670484E0,4.391251251060E0,6.435275969800E-1));
#5927=CARTESIAN_POINT('',(5.002905359810E0,4.498686409740E0,6.592747461316E-1));
#5928=CARTESIAN_POINT('',(5.002904049136E0,4.606121568419E0,6.750218952833E-1));
#5929=CARTESIAN_POINT('',(5.002902738461E0,4.713556727099E0,6.907690444349E-1));
#5930=CARTESIAN_POINT('',(5.055097824858E0,4.403880033529E0,5.427471650291E-1));
#5931=CARTESIAN_POINT('',(5.055098479927E0,4.511624793727E0,5.560245635065E-1));
#5932=CARTESIAN_POINT('',(5.055099134996E0,4.619369553925E0,5.693019619840E-1));
#5933=CARTESIAN_POINT('',(5.055099790065E0,4.727114314123E0,5.825793604614E-1));
#5934=CARTESIAN_POINT('',(5.064570274296E0,4.406056122609E0,5.244559898828E-1));
#5935=CARTESIAN_POINT('',(5.064571338531E0,4.513854253872E0,5.372850316148E-1));
#5936=CARTESIAN_POINT('',(5.064572402766E0,4.621652385135E0,5.501140733468E-1));
#5937=CARTESIAN_POINT('',(5.064573467001E0,4.729450516398E0,5.629431150788E-1));
#5938=B_SPLINE_SURFACE_WITH_KNOTS('',3,3,((#5914,#5915,#5916,#5917),(#5918,
#5919,#5920,#5921),(#5922,#5923,#5924,#5925),(#5926,#5927,#5928,#5929),(#5930,
#5931,#5932,#5933),(#5934,#5935,#5936,#5937)),.UNSPECIFIED.,.F.,.F.,.F.,(4,1,1,
4),(4,4),(-2.215808479860E-1,0.E0,1.E0,1.221580847986E0),(-1.534591411778E-6,
1.000001156786E0),.UNSPECIFIED.);
#5939=ORIENTED_EDGE('',*,*,#5280,.F.);
#5941=ORIENTED_EDGE('',*,*,#5940,.F.);
#5943=ORIENTED_EDGE('',*,*,#5942,.F.);
#5944=ORIENTED_EDGE('',*,*,#5906,.T.);
#5945=EDGE_LOOP('',(#5939,#5941,#5943,#5944));
#5946=FACE_OUTER_BOUND('',#5945,.F.);
#5947=ADVANCED_FACE('',(#5946),#5938,.T.);
#5948=CARTESIAN_POINT('',(4.608984464704E0,4.294791848046E0,1.114995510713E0));
#5949=CARTESIAN_POINT('',(4.608988515306E0,4.399869224507E0,1.142270815541E0));
#5950=CARTESIAN_POINT('',(4.608992565909E0,4.504946600969E0,1.169546120370E0));
#5951=CARTESIAN_POINT('',(4.608996616512E0,4.610023977431E0,1.196821425199E0));
#5952=CARTESIAN_POINT('',(4.623710948255E0,4.298479939255E0,1.100777181602E0));
#5953=CARTESIAN_POINT('',(4.623713429637E0,4.403647194781E0,1.127706246781E0));
#5954=CARTESIAN_POINT('',(4.623715911018E0,4.508814450306E0,1.154635311959E0));
#5955=CARTESIAN_POINT('',(4.623718392400E0,4.613981705831E0,1.181564377138E0));
#5956=CARTESIAN_POINT('',(4.723227943813E0,4.322901005457E0,1.004694135729E0));
#5957=CARTESIAN_POINT('',(4.723221325596E0,4.428663699378E0,1.029281861621E0));
#5958=CARTESIAN_POINT('',(4.723214707379E0,4.534426393298E0,1.053869587513E0));
#5959=CARTESIAN_POINT('',(4.723208089162E0,4.640189087219E0,1.078457313405E0));
#5960=CARTESIAN_POINT('',(4.837950287606E0,4.347163664372E0,8.939304200297E-1));
#5961=CARTESIAN_POINT('',(4.837944398231E0,4.453520134452E0,9.158074432721E-1));
#5962=CARTESIAN_POINT('',(4.837938508856E0,4.559876604533E0,9.376844665144E-1));
#5963=CARTESIAN_POINT('',(4.837932619480E0,4.666233074613E0,9.595614897567E-1));
#5964=CARTESIAN_POINT('',(4.938189227865E0,4.364989034013E0,7.971503413125E-1));
#5965=CARTESIAN_POINT('',(4.938191472225E0,4.471783448588E0,8.166511117167E-1));
#5966=CARTESIAN_POINT('',(4.938193716585E0,4.578577863163E0,8.361518821210E-1));
#5967=CARTESIAN_POINT('',(4.938195960945E0,4.685372277739E0,8.556526525252E-1));
#5968=CARTESIAN_POINT('',(4.953038435795E0,4.367555913638E0,7.828135226240E-1));
#5969=CARTESIAN_POINT('',(4.953042040314E0,4.474413435933E0,8.019621185184E-1));
#5970=CARTESIAN_POINT('',(4.953045644833E0,4.581270958228E0,8.211107144128E-1));
#5971=CARTESIAN_POINT('',(4.953049249352E0,4.688128480522E0,8.402593103072E-1));
#5972=B_SPLINE_SURFACE_WITH_KNOTS('',3,3,((#5948,#5949,#5950,#5951),(#5952,
#5953,#5954,#5955),(#5956,#5957,#5958,#5959),(#5960,#5961,#5962,#5963),(#5964,
#5965,#5966,#5967),(#5968,#5969,#5970,#5971)),.UNSPECIFIED.,.F.,.F.,.F.,(4,1,1,
4),(4,4),(-1.738099576398E-1,0.E0,1.E0,1.173809957639E0),(-5.396822316039E-6,
1.000005043901E0),.UNSPECIFIED.);
#5973=ORIENTED_EDGE('',*,*,#5278,.F.);
#5975=ORIENTED_EDGE('',*,*,#5974,.F.);
#5977=ORIENTED_EDGE('',*,*,#5976,.F.);
#5978=ORIENTED_EDGE('',*,*,#5940,.T.);
#5979=EDGE_LOOP('',(#5973,#5975,#5977,#5978));
#5980=FACE_OUTER_BOUND('',#5979,.F.);
#5981=ADVANCED_FACE('',(#5980),#5972,.T.);
#5982=CARTESIAN_POINT('',(4.336958424719E0,4.285910342813E0,1.148644460545E0));
#5983=CARTESIAN_POINT('',(4.336958814680E0,4.390768406055E0,1.176746814800E0));
#5984=CARTESIAN_POINT('',(4.336959204641E0,4.495626469297E0,1.204849169054E0));
#5985=CARTESIAN_POINT('',(4.336959594602E0,4.600484532538E0,1.232951523309E0));
#5986=CARTESIAN_POINT('',(4.357262549425E0,4.287223616740E0,1.143743588875E0));
#5987=CARTESIAN_POINT('',(4.357262783756E0,4.392113799900E0,1.171726079920E0));
#5988=CARTESIAN_POINT('',(4.357263018087E0,4.497003983060E0,1.199708570966E0));
#5989=CARTESIAN_POINT('',(4.357263252418E0,4.601894166219E0,1.227691062011E0));
#5990=CARTESIAN_POINT('',(4.462662093508E0,4.293994471674E0,1.118302963035E0));
#5991=CARTESIAN_POINT('',(4.462661653690E0,4.399050264216E0,1.145663204597E0));
#5992=CARTESIAN_POINT('',(4.462661213873E0,4.504106056757E0,1.173023446158E0));
#5993=CARTESIAN_POINT('',(4.462660774055E0,4.609161849298E0,1.200383687719E0));
#5994=CARTESIAN_POINT('',(4.588383558697E0,4.301783529978E0,1.087957169952E0));
#5995=CARTESIAN_POINT('',(4.588383131492E0,4.407029888559E0,1.114574975471E0));
#5996=CARTESIAN_POINT('',(4.588382704287E0,4.512276247140E0,1.141192780990E0));
#5997=CARTESIAN_POINT('',(4.588382277082E0,4.617522605721E0,1.167810586509E0));
#5998=CARTESIAN_POINT('',(4.693811200224E0,4.308074448052E0,1.062509762142E0));
#5999=CARTESIAN_POINT('',(4.693811429021E0,4.413474762199E0,1.088504807624E0));
#6000=CARTESIAN_POINT('',(4.693811657819E0,4.518875076345E0,1.114499853106E0));
#6001=CARTESIAN_POINT('',(4.693811886617E0,4.624275390492E0,1.140494898588E0));
#6002=CARTESIAN_POINT('',(4.714121780504E0,4.309277453304E0,1.057607332269E0));
#6003=CARTESIAN_POINT('',(4.714122159283E0,4.414707209829E0,1.083482397239E0));
#6004=CARTESIAN_POINT('',(4.714122538061E0,4.520136966355E0,1.109357462209E0));
#6005=CARTESIAN_POINT('',(4.714122916839E0,4.625566722881E0,1.135232527178E0));
#6006=B_SPLINE_SURFACE_WITH_KNOTS('',3,3,((#5982,#5983,#5984,#5985),(#5986,
#5987,#5988,#5989),(#5990,#5991,#5992,#5993),(#5994,#5995,#5996,#5997),(#5998,
#5999,#6000,#6001),(#6002,#6003,#6004,#6005)),.UNSPECIFIED.,.F.,.F.,.F.,(4,1,1,
4),(4,4),(-2.386121243158E-1,0.E0,1.E0,1.238612124316E0),(-1.915694160248E-7,
1.000000197902E0),.UNSPECIFIED.);
#6007=ORIENTED_EDGE('',*,*,#5276,.F.);
#6009=ORIENTED_EDGE('',*,*,#6008,.T.);
#6011=ORIENTED_EDGE('',*,*,#6010,.F.);
#6012=ORIENTED_EDGE('',*,*,#5974,.T.);
#6013=EDGE_LOOP('',(#6007,#6009,#6011,#6012));
#6014=FACE_OUTER_BOUND('',#6013,.F.);
#6015=ADVANCED_FACE('',(#6014),#6006,.T.);
#6016=CARTESIAN_POINT('',(4.334042555094E0,4.447254111899E0,1.175555555556E0));
#6017=DIRECTION('',(0.E0,-2.555555555556E-1,9.667943721519E-1));
#6018=DIRECTION('',(-1.E0,0.E0,0.E0));
#6019=AXIS2_PLACEMENT_3D('',#6016,#6017,#6018);
#6020=PLANE('',#6019);
#6021=ORIENTED_EDGE('',*,*,#5274,.F.);
#6023=ORIENTED_EDGE('',*,*,#6022,.F.);
#6025=ORIENTED_EDGE('',*,*,#6024,.F.);
#6026=ORIENTED_EDGE('',*,*,#6008,.F.);
#6027=EDGE_LOOP('',(#6021,#6023,#6025,#6026));
#6028=FACE_OUTER_BOUND('',#6027,.F.);
#6029=ADVANCED_FACE('',(#6028),#6020,.T.);
#6030=CARTESIAN_POINT('',(4.331126685469E0,4.285910342813E0,1.148644460546E0));
#6031=CARTESIAN_POINT('',(4.331126295508E0,4.390768406049E0,1.176746814799E0));
#6032=CARTESIAN_POINT('',(4.331125905547E0,4.495626469284E0,1.204849169051E0));
#6033=CARTESIAN_POINT('',(4.331125515586E0,4.600484532520E0,1.232951523304E0));
#6034=CARTESIAN_POINT('',(4.310822560762E0,4.287223616740E0,1.143743588875E0));
#6035=CARTESIAN_POINT('',(4.310822326432E0,4.392113799894E0,1.171726079919E0));
#6036=CARTESIAN_POINT('',(4.310822092101E0,4.497003983047E0,1.199708570963E0));
#6037=CARTESIAN_POINT('',(4.310821857770E0,4.601894166201E0,1.227691062006E0));
#6038=CARTESIAN_POINT('',(4.205423016680E0,4.293994471674E0,1.118302963035E0));
#6039=CARTESIAN_POINT('',(4.205423456497E0,4.399050264209E0,1.145663204595E0));
#6040=CARTESIAN_POINT('',(4.205423896315E0,4.504106056745E0,1.173023446154E0));
#6041=CARTESIAN_POINT('',(4.205424336132E0,4.609161849280E0,1.200383687714E0));
#6042=CARTESIAN_POINT('',(4.079701551491E0,4.301783529978E0,1.087957169951E0));
#6043=CARTESIAN_POINT('',(4.079701978695E0,4.407029888553E0,1.114574975469E0));
#6044=CARTESIAN_POINT('',(4.079702405900E0,4.512276247128E0,1.141192780987E0));
#6045=CARTESIAN_POINT('',(4.079702833105E0,4.617522605703E0,1.167810586504E0));
#6046=CARTESIAN_POINT('',(3.974273909963E0,4.308074448052E0,1.062509762142E0));
#6047=CARTESIAN_POINT('',(3.974273681166E0,4.413474762193E0,1.088504807623E0));
#6048=CARTESIAN_POINT('',(3.974273452368E0,4.518875076333E0,1.114499853103E0));
#6049=CARTESIAN_POINT('',(3.974273223570E0,4.624275390473E0,1.140494898583E0));
#6050=CARTESIAN_POINT('',(3.953963329683E0,4.309277453304E0,1.057607332269E0));
#6051=CARTESIAN_POINT('',(3.953962950904E0,4.414707209823E0,1.083482397238E0));
#6052=CARTESIAN_POINT('',(3.953962572126E0,4.520136966343E0,1.109357462206E0));
#6053=CARTESIAN_POINT('',(3.953962193348E0,4.625566722862E0,1.135232527174E0));
#6054=B_SPLINE_SURFACE_WITH_KNOTS('',3,3,((#6030,#6031,#6032,#6033),(#6034,
#6035,#6036,#6037),(#6038,#6039,#6040,#6041),(#6042,#6043,#6044,#6045),(#6046,
#6047,#6048,#6049),(#6050,#6051,#6052,#6053)),.UNSPECIFIED.,.F.,.F.,.F.,(4,1,1,
4),(4,4),(-2.386121243169E-1,0.E0,1.E0,1.238612124315E0),(-1.915694020638E-7,
1.000000197844E0),.UNSPECIFIED.);
#6055=ORIENTED_EDGE('',*,*,#5272,.F.);
#6057=ORIENTED_EDGE('',*,*,#6056,.F.);
#6059=ORIENTED_EDGE('',*,*,#6058,.F.);
#6060=ORIENTED_EDGE('',*,*,#6022,.T.);
#6061=EDGE_LOOP('',(#6055,#6057,#6059,#6060));
#6062=FACE_OUTER_BOUND('',#6061,.F.);
#6063=ADVANCED_FACE('',(#6062),#6054,.F.);
#6064=CARTESIAN_POINT('',(4.067017341045E0,4.297149140029E0,1.105864327136E0));
#6065=CARTESIAN_POINT('',(4.067014993900E0,4.402282700038E0,1.132918558481E0));
#6066=CARTESIAN_POINT('',(4.067012646755E0,4.507416260047E0,1.159972789826E0));
#6067=CARTESIAN_POINT('',(4.067010299610E0,4.612549820056E0,1.187027021170E0));
#6068=CARTESIAN_POINT('',(4.049647977199E0,4.300025045130E0,1.094684314385E0));
#6069=CARTESIAN_POINT('',(4.049646588562E0,4.405228811967E0,1.121465680037E0));
#6070=CARTESIAN_POINT('',(4.049645199925E0,4.510432578804E0,1.148247045690E0));
#6071=CARTESIAN_POINT('',(4.049643811288E0,4.615636345642E0,1.175028411342E0));
#6072=CARTESIAN_POINT('',(3.968528465879E0,4.313241526553E0,1.042470705474E0));
#6073=CARTESIAN_POINT('',(3.968530721532E0,4.418768058260E0,1.067977141392E0));
#6074=CARTESIAN_POINT('',(3.968532977186E0,4.524294589968E0,1.093483577309E0));
#6075=CARTESIAN_POINT('',(3.968535232839E0,4.629821121675E0,1.118990013226E0));
#6076=CARTESIAN_POINT('',(3.869898880644E0,4.328093786072E0,9.789865140032E-1));
#6077=CARTESIAN_POINT('',(3.869900996303E0,4.433983712787E0,1.002939661806E0));
#6078=CARTESIAN_POINT('',(3.869903111961E0,4.539873639501E0,1.026892809609E0));
#6079=CARTESIAN_POINT('',(3.869905227619E0,4.645763566215E0,1.050845957412E0));
#6080=CARTESIAN_POINT('',(3.788569572661E0,4.339339863396E0,9.266378668278E-1));
#6081=CARTESIAN_POINT('',(3.788568253608E0,4.445505487380E0,9.493078901526E-1));
#6082=CARTESIAN_POINT('',(3.788566934555E0,4.551671111363E0,9.719779134775E-1));
#6083=CARTESIAN_POINT('',(3.788565615503E0,4.657836735347E0,9.946479368024E-1));
#6084=CARTESIAN_POINT('',(3.771145649495E0,4.341703348962E0,9.154227362827E-1));
#6085=CARTESIAN_POINT('',(3.771143448023E0,4.447926939690E0,9.378177628233E-1));
#6086=CARTESIAN_POINT('',(3.771141246552E0,4.554150530419E0,9.602127893638E-1));
#6087=CARTESIAN_POINT('',(3.771139045080E0,4.660374121147E0,9.826078159043E-1));
#6088=B_SPLINE_SURFACE_WITH_KNOTS('',3,3,((#6064,#6065,#6066,#6067),(#6068,
#6069,#6070,#6071),(#6072,#6073,#6074,#6075),(#6076,#6077,#6078,#6079),(#6080,
#6081,#6082,#6083),(#6084,#6085,#6086,#6087)),.UNSPECIFIED.,.F.,.F.,.F.,(4,1,1,
4),(4,4),(-2.725654279825E-1,0.E0,1.E0,1.272565427982E0),(-1.006161017919E-6,
1.000001003216E0),.UNSPECIFIED.);
#6089=ORIENTED_EDGE('',*,*,#5270,.F.);
#6091=ORIENTED_EDGE('',*,*,#6090,.F.);
#6093=ORIENTED_EDGE('',*,*,#6092,.F.);
#6094=ORIENTED_EDGE('',*,*,#6056,.T.);
#6095=EDGE_LOOP('',(#6089,#6091,#6093,#6094));
#6096=FACE_OUTER_BOUND('',#6095,.F.);
#6097=ADVANCED_FACE('',(#6096),#6088,.F.);
#6098=CARTESIAN_POINT('',(3.864848758020E0,4.324294831198E0,9.945168558684E-1));
#6099=CARTESIAN_POINT('',(3.864839790947E0,4.430135302765E0,1.018847784029E0));
#6100=CARTESIAN_POINT('',(3.864830823874E0,4.535975774332E0,1.043178712190E0));
#6101=CARTESIAN_POINT('',(3.864821856801E0,4.641816245899E0,1.067509640351E0));
#6102=CARTESIAN_POINT('',(3.851042723304E0,4.327747835733E0,9.793697487168E-1));
#6103=CARTESIAN_POINT('',(3.851036932128E0,4.433672682708E0,1.003333681313E0));
#6104=CARTESIAN_POINT('',(3.851031140952E0,4.539597529683E0,1.027297613909E0));
#6105=CARTESIAN_POINT('',(3.851025349776E0,4.645522376658E0,1.051261546505E0));
#6106=CARTESIAN_POINT('',(3.373854219163E0,4.444304738769E0,4.558287359511E-1));
#6107=CARTESIAN_POINT('',(3.373951586513E0,4.553078451674E0,4.671001333378E-1));
#6108=CARTESIAN_POINT('',(3.374048953863E0,4.661852164580E0,4.783715307246E-1));
#6109=CARTESIAN_POINT('',(3.374146321212E0,4.770625877485E0,4.896429281114E-1));
#6110=CARTESIAN_POINT('',(2.872351607455E0,4.466827413124E0,
-9.438816003425E-2));
#6111=CARTESIAN_POINT('',(2.872331859742E0,4.576158030170E0,
-9.672163313822E-2));
#6112=CARTESIAN_POINT('',(2.872312112029E0,4.685488647216E0,
-9.905510624220E-2));
#6113=CARTESIAN_POINT('',(2.872292364316E0,4.794819264263E0,
-1.013885793462E-1));
#6114=CARTESIAN_POINT('',(2.391289401709E0,4.393305917105E0,
-6.221791380239E-1));
#6115=CARTESIAN_POINT('',(2.391290495604E0,4.500835011612E0,
-6.374061151471E-1));
#6116=CARTESIAN_POINT('',(2.391291589498E0,4.608364106119E0,
-6.526330922703E-1));
#6117=CARTESIAN_POINT('',(2.391292683393E0,4.715893200626E0,
-6.678600693935E-1));
#6118=CARTESIAN_POINT('',(2.377368003580E0,4.391098162219E0,
-6.374528141640E-1));
#6119=CARTESIAN_POINT('',(2.377369822554E0,4.498573171600E0,
-6.530527711432E-1));
#6120=CARTESIAN_POINT('',(2.377371641528E0,4.606048180981E0,
-6.686527281225E-1));
#6121=CARTESIAN_POINT('',(2.377373460501E0,4.713523190363E0,
-6.842526851017E-1));
#6122=B_SPLINE_SURFACE_WITH_KNOTS('',3,3,((#6098,#6099,#6100,#6101),(#6102,
#6103,#6104,#6105),(#6106,#6107,#6108,#6109),(#6110,#6111,#6112,#6113),(#6114,
#6115,#6116,#6117),(#6118,#6119,#6120,#6121)),.UNSPECIFIED.,.F.,.F.,.F.,(4,1,1,
4),(4,4),(-2.981389789221E-2,0.E0,1.E0,1.029813897892E0),(-1.889041564956E-4,
9.996922360274E-1),.UNSPECIFIED.);
#6123=ORIENTED_EDGE('',*,*,#5268,.F.);
#6124=ORIENTED_EDGE('',*,*,#5266,.F.);
#6125=ORIENTED_EDGE('',*,*,#5357,.F.);
#6127=ORIENTED_EDGE('',*,*,#6126,.F.);
#6129=ORIENTED_EDGE('',*,*,#6128,.F.);
#6130=ORIENTED_EDGE('',*,*,#6090,.T.);
#6131=EDGE_LOOP('',(#6123,#6124,#6125,#6127,#6129,#6130));
#6132=FACE_OUTER_BOUND('',#6131,.F.);
#6133=ADVANCED_FACE('',(#6132),#6122,.F.);
#6134=CARTESIAN_POINT('',(7.382965383695E0,0.E0,0.E0));
#6135=DIRECTION('',(-1.E0,0.E0,0.E0));
#6136=DIRECTION('',(0.E0,1.E0,0.E0));
#6137=AXIS2_PLACEMENT_3D('',#6134,#6135,#6136);
#6138=CYLINDRICAL_SURFACE('',#6137,4.7E0);
#6139=ORIENTED_EDGE('',*,*,#5355,.F.);
#6140=ORIENTED_EDGE('',*,*,#5353,.F.);
#6141=ORIENTED_EDGE('',*,*,#5370,.T.);
#6142=ORIENTED_EDGE('',*,*,#5387,.F.);
#6143=ORIENTED_EDGE('',*,*,#5385,.F.);
#6144=ORIENTED_EDGE('',*,*,#5401,.T.);
#6145=ORIENTED_EDGE('',*,*,#5438,.T.);
#6146=ORIENTED_EDGE('',*,*,#5436,.T.);
#6147=ORIENTED_EDGE('',*,*,#5472,.T.);
#6148=ORIENTED_EDGE('',*,*,#5486,.T.);
#6149=ORIENTED_EDGE('',*,*,#5520,.T.);
#6150=ORIENTED_EDGE('',*,*,#5554,.T.);
#6151=ORIENTED_EDGE('',*,*,#5588,.T.);
#6152=ORIENTED_EDGE('',*,*,#5605,.F.);
#6153=ORIENTED_EDGE('',*,*,#5603,.F.);
#6154=ORIENTED_EDGE('',*,*,#5639,.T.);
#6155=ORIENTED_EDGE('',*,*,#5673,.T.);
#6156=ORIENTED_EDGE('',*,*,#5707,.T.);
#6157=ORIENTED_EDGE('',*,*,#5721,.F.);
#6158=ORIENTED_EDGE('',*,*,#5755,.T.);
#6159=ORIENTED_EDGE('',*,*,#5789,.T.);
#6160=ORIENTED_EDGE('',*,*,#5823,.T.);
#6161=ORIENTED_EDGE('',*,*,#5857,.T.);
#6162=ORIENTED_EDGE('',*,*,#5874,.F.);
#6163=ORIENTED_EDGE('',*,*,#5872,.F.);
#6164=ORIENTED_EDGE('',*,*,#5908,.T.);
#6165=ORIENTED_EDGE('',*,*,#5942,.T.);
#6166=ORIENTED_EDGE('',*,*,#5976,.T.);
#6167=ORIENTED_EDGE('',*,*,#6010,.T.);
#6168=ORIENTED_EDGE('',*,*,#6024,.T.);
#6169=ORIENTED_EDGE('',*,*,#6058,.T.);
#6170=ORIENTED_EDGE('',*,*,#6092,.T.);
#6171=ORIENTED_EDGE('',*,*,#6128,.T.);
#6172=ORIENTED_EDGE('',*,*,#6126,.T.);
#6173=EDGE_LOOP('',(#6139,#6140,#6141,#6142,#6143,#6144,#6145,#6146,#6147,#6148,
#6149,#6150,#6151,#6152,#6153,#6154,#6155,#6156,#6157,#6158,#6159,#6160,#6161,
#6162,#6163,#6164,#6165,#6166,#6167,#6168,#6169,#6170,#6171,#6172));
#6174=FACE_OUTER_BOUND('',#6173,.F.);
#6175=ADVANCED_FACE('',(#6174),#6138,.T.);
#6176=CARTESIAN_POINT('',(2.1E1,0.E0,0.E0));
#6177=DIRECTION('',(-1.E0,0.E0,0.E0));
#6178=DIRECTION('',(0.E0,0.E0,-1.E0));
#6179=AXIS2_PLACEMENT_3D('',#6176,#6177,#6178);
#6180=CYLINDRICAL_SURFACE('',#6179,4.7E0);
#6181=ORIENTED_EDGE('',*,*,#5159,.F.);
#6182=ORIENTED_EDGE('',*,*,#5157,.F.);
#6183=ORIENTED_EDGE('',*,*,#5227,.T.);
#6184=ORIENTED_EDGE('',*,*,#3164,.T.);
#6185=ORIENTED_EDGE('',*,*,#3162,.F.);
#6186=ORIENTED_EDGE('',*,*,#5223,.F.);
#6187=EDGE_LOOP('',(#6181,#6182,#6183,#6184,#6185,#6186));
#6188=FACE_OUTER_BOUND('',#6187,.F.);
#6189=ADVANCED_FACE('',(#6188),#6180,.T.);
#6190=CARTESIAN_POINT('',(7.517678096936E0,0.E0,0.E0));
#6191=DIRECTION('',(1.E0,0.E0,0.E0));
#6192=DIRECTION('',(0.E0,0.E0,1.E0));
#6193=AXIS2_PLACEMENT_3D('',#6190,#6191,#6192);
#6194=CONICAL_SURFACE('',#6193,5.945352599139E0,4.564374571418E1);
#6195=ORIENTED_EDGE('',*,*,#5182,.F.);
#6196=ORIENTED_EDGE('',*,*,#5180,.F.);
#6197=ORIENTED_EDGE('',*,*,#5143,.F.);
#6198=ORIENTED_EDGE('',*,*,#5094,.F.);
#6199=ORIENTED_EDGE('',*,*,#5092,.F.);
#6200=ORIENTED_EDGE('',*,*,#5139,.T.);
#6201=EDGE_LOOP('',(#6195,#6196,#6197,#6198,#6199,#6200));
#6202=FACE_OUTER_BOUND('',#6201,.F.);
#6203=ADVANCED_FACE('',(#6202),#6194,.T.);
#6204=CARTESIAN_POINT('',(9.050030514753E0,0.E0,0.E0));
#6205=DIRECTION('',(1.E0,0.E0,0.E0));
#6206=DIRECTION('',(0.E0,0.E0,-1.E0));
#6207=AXIS2_PLACEMENT_3D('',#6204,#6205,#6206);
#6208=CONICAL_SURFACE('',#6207,3.399969194630E0,4.499948332582E1);
#6209=ORIENTED_EDGE('',*,*,#4626,.F.);
#6210=ORIENTED_EDGE('',*,*,#4606,.F.);
#6212=ORIENTED_EDGE('',*,*,#6211,.T.);
#6213=ORIENTED_EDGE('',*,*,#4603,.T.);
#6214=EDGE_LOOP('',(#6209,#6210,#6212,#6213));
#6215=FACE_OUTER_BOUND('',#6214,.F.);
#6216=ADVANCED_FACE('',(#6215),#6208,.F.);
#6217=CARTESIAN_POINT('',(2.1E1,0.E0,0.E0));
#6218=DIRECTION('',(-1.E0,0.E0,0.E0));
#6219=DIRECTION('',(0.E0,0.E0,-1.E0));
#6220=AXIS2_PLACEMENT_3D('',#6217,#6218,#6219);
#6221=CYLINDRICAL_SURFACE('',#6220,3.25E0);
#6222=ORIENTED_EDGE('',*,*,#6211,.F.);
#6223=ORIENTED_EDGE('',*,*,#4591,.F.);
#6224=ORIENTED_EDGE('',*,*,#4572,.F.);
#6225=ORIENTED_EDGE('',*,*,#4588,.T.);
#6226=EDGE_LOOP('',(#6222,#6223,#6224,#6225));
#6227=FACE_OUTER_BOUND('',#6226,.F.);
#6228=ADVANCED_FACE('',(#6227),#6221,.F.);
#6229=CLOSED_SHELL('',(#3078,#3096,#3114,#3132,#3148,#3169,#3187,#3203,#3221,
#3237,#3255,#3271,#3289,#3305,#3323,#3339,#3357,#3373,#3391,#3407,#3423,#3437,
#3453,#3468,#3481,#3497,#3512,#3525,#3540,#3553,#3570,#3586,#3602,#3615,#3631,
#3648,#3666,#3684,#3702,#3718,#3731,#3749,#3773,#3787,#3805,#3821,#3837,#3851,
#3867,#3888,#3904,#3920,#3936,#3952,#3969,#3987,#4007,#4024,#4042,#4060,#4076,
#4092,#4108,#4124,#4137,#4157,#4175,#4191,#4207,#4221,#4236,#4249,#4264,#4277,
#4293,#4308,#4321,#4337,#4354,#4372,#4390,#4403,#4421,#4439,#4457,#4471,#4489,
#4505,#4521,#4535,#4551,#4564,#4580,#4595,#4610,#4631,#4647,#4662,#4677,#4692,
#4706,#4719,#4732,#4745,#4765,#4781,#4795,#4810,#4823,#4838,#4851,#4866,#4879,
#4895,#4910,#4923,#4939,#4954,#4971,#4987,#4999,#5017,#5035,#5053,#5067,#5083,
#5100,#5116,#5129,#5147,#5165,#5189,#5213,#5234,#5247,#5332,#5343,#5361,#5375,
#5392,#5406,#5443,#5477,#5491,#5525,#5559,#5593,#5610,#5644,#5678,#5712,#5726,
#5760,#5794,#5828,#5862,#5879,#5913,#5947,#5981,#6015,#6029,#6063,#6097,#6133,
#6175,#6189,#6203,#6216,#6228));
#6230=MANIFOLD_SOLID_BREP('',#6229);
#6232=DIMENSIONAL_EXPONENTS(0.E0,0.E0,0.E0,0.E0,0.E0,0.E0,0.E0);
#6234=PLANE_ANGLE_MEASURE_WITH_UNIT(PLANE_ANGLE_MEASURE(1.745329251994E-2),
#6233);
#6235=(CONVERSION_BASED_UNIT('DEGREE',#6234)NAMED_UNIT(*)PLANE_ANGLE_UNIT());
#6237=UNCERTAINTY_MEASURE_WITH_UNIT(LENGTH_MEASURE(5.236267982847E-3),#6231,
'closure',
'Maximum model space distance between geometric entities at asserted connectivities');
#6238=(GEOMETRIC_REPRESENTATION_CONTEXT(3)GLOBAL_UNCERTAINTY_ASSIGNED_CONTEXT((
#6237))GLOBAL_UNIT_ASSIGNED_CONTEXT((#6231,#6235,#6236))REPRESENTATION_CONTEXT(
'ID1','3'));
#6239=CARTESIAN_POINT('',(0.E0,0.E0,0.E0));
#6240=DIRECTION('',(0.E0,0.E0,1.E0));
#6241=DIRECTION('',(1.E0,0.E0,0.E0));
#6244=APPLICATION_CONTEXT(
'CONFIGURATION CONTROLLED 3D DESIGNS OF MECHANICAL PARTS AND ASSEMBLIES');
#6245=APPLICATION_PROTOCOL_DEFINITION('international standard',
'config_control_design',1994,#6244);
#6246=DESIGN_CONTEXT('',#6244,'design');
#6247=MECHANICAL_CONTEXT('',#6244,'mechanical');
#6248=PRODUCT('MDM1803-A_97','MDM1803-A_97','NOT SPECIFIED',(#6247));
#6249=PRODUCT_DEFINITION_FORMATION_WITH_SPECIFIED_SOURCE('1','LAST_VERSION',
#6248,.MADE.);
#6258=CARTESIAN_POINT('',(0.E0,0.E0,0.E0));
#6259=DIRECTION('',(0.E0,0.E0,1.E0));
#6260=DIRECTION('',(1.E0,0.E0,0.E0));
#6261=AXIS2_PLACEMENT_3D('',#6258,#6259,#6260);
#6262=ITEM_DEFINED_TRANSFORMATION('','',#6242,#6261);
#6263=CARTESIAN_POINT('',(0.E0,0.E0,0.E0));
#6264=DIRECTION('',(0.E0,0.E0,1.E0));
#6265=DIRECTION('',(1.E0,0.E0,0.E0));
#6267=(REPRESENTATION_RELATIONSHIP('','',#6243,#6255)REPRESENTATION_RELATIONSHIP_WITH_TRANSFORMATION(#6262)SHAPE_REPRESENTATION_RELATIONSHIP());
#6268=CONTEXT_DEPENDENT_SHAPE_REPRESENTATION(#6267,#6257);
#6269=CARTESIAN_POINT('',(4.3E0,0.E0,0.E0));
#6270=DIRECTION('',(0.E0,-1.E0,0.E0));
#6271=DIRECTION('',(-1.E0,0.E0,0.E0));
#6272=AXIS2_PLACEMENT_3D('',#6269,#6270,#6271);
#6274=CARTESIAN_POINT('',(0.E0,0.E0,0.E0));
#6275=DIRECTION('',(0.E0,0.E0,-1.E0));
#6276=DIRECTION('',(-1.E0,0.E0,0.E0));
#6277=AXIS2_PLACEMENT_3D('',#6274,#6275,#6276);
#6279=CARTESIAN_POINT('',(-4.3E0,0.E0,0.E0));
#6280=DIRECTION('',(0.E0,1.E0,0.E0));
#6281=DIRECTION('',(1.E0,0.E0,0.E0));
#6282=AXIS2_PLACEMENT_3D('',#6279,#6280,#6281);
#6284=CARTESIAN_POINT('',(0.E0,0.E0,0.E0));
#6285=DIRECTION('',(0.E0,0.E0,1.E0));
#6286=DIRECTION('',(-1.E0,0.E0,0.E0));
#6287=AXIS2_PLACEMENT_3D('',#6284,#6285,#6286);
#6289=CARTESIAN_POINT('',(-4.3E0,0.E0,0.E0));
#6290=DIRECTION('',(0.E0,1.E0,0.E0));
#6291=DIRECTION('',(-1.E0,0.E0,0.E0));
#6292=AXIS2_PLACEMENT_3D('',#6289,#6290,#6291);
#6294=CARTESIAN_POINT('',(0.E0,0.E0,0.E0));
#6295=DIRECTION('',(0.E0,0.E0,1.E0));
#6296=DIRECTION('',(-1.E0,0.E0,0.E0));
#6297=AXIS2_PLACEMENT_3D('',#6294,#6295,#6296);
#6299=CARTESIAN_POINT('',(4.3E0,0.E0,0.E0));
#6300=DIRECTION('',(0.E0,-1.E0,0.E0));
#6301=DIRECTION('',(1.E0,0.E0,0.E0));
#6302=AXIS2_PLACEMENT_3D('',#6299,#6300,#6301);
#6304=CARTESIAN_POINT('',(0.E0,0.E0,0.E0));
#6305=DIRECTION('',(0.E0,0.E0,-1.E0));
#6306=DIRECTION('',(-1.E0,0.E0,0.E0));
#6307=AXIS2_PLACEMENT_3D('',#6304,#6305,#6306);
#6309=CARTESIAN_POINT('',(3.05E0,0.E0,0.E0));
#6310=CARTESIAN_POINT('',(5.55E0,1.164379659981E-14,0.E0));
#6311=VERTEX_POINT('',#6309);
#6312=VERTEX_POINT('',#6310);
#6313=CARTESIAN_POINT('',(-5.55E0,0.E0,0.E0));
#6314=VERTEX_POINT('',#6313);
#6315=CARTESIAN_POINT('',(-3.05E0,0.E0,0.E0));
#6316=VERTEX_POINT('',#6315);
#6317=CARTESIAN_POINT('',(0.E0,0.E0,0.E0));
#6318=DIRECTION('',(0.E0,0.E0,1.E0));
#6319=DIRECTION('',(-1.E0,0.E0,0.E0));
#6320=AXIS2_PLACEMENT_3D('',#6317,#6318,#6319);
#6321=TOROIDAL_SURFACE('',#6320,4.3E0,1.25E0);
#6323=ORIENTED_EDGE('',*,*,#6322,.T.);
#6325=ORIENTED_EDGE('',*,*,#6324,.F.);
#6327=ORIENTED_EDGE('',*,*,#6326,.F.);
#6329=ORIENTED_EDGE('',*,*,#6328,.T.);
#6330=EDGE_LOOP('',(#6323,#6325,#6327,#6329));
#6331=FACE_OUTER_BOUND('',#6330,.F.);
#6332=ADVANCED_FACE('',(#6331),#6321,.T.);
#6333=CARTESIAN_POINT('',(0.E0,0.E0,0.E0));
#6334=DIRECTION('',(0.E0,0.E0,1.E0));
#6335=DIRECTION('',(-1.E0,0.E0,0.E0));
#6336=AXIS2_PLACEMENT_3D('',#6333,#6334,#6335);
#6337=TOROIDAL_SURFACE('',#6336,4.3E0,1.25E0);
#6338=ORIENTED_EDGE('',*,*,#6322,.F.);
#6340=ORIENTED_EDGE('',*,*,#6339,.F.);
#6341=ORIENTED_EDGE('',*,*,#6326,.T.);
#6343=ORIENTED_EDGE('',*,*,#6342,.T.);
#6344=EDGE_LOOP('',(#6338,#6340,#6341,#6343));
#6345=FACE_OUTER_BOUND('',#6344,.F.);
#6346=ADVANCED_FACE('',(#6345),#6337,.T.);
#6347=CARTESIAN_POINT('',(0.E0,0.E0,0.E0));
#6348=DIRECTION('',(0.E0,0.E0,1.E0));
#6349=DIRECTION('',(-1.E0,0.E0,0.E0));
#6350=AXIS2_PLACEMENT_3D('',#6347,#6348,#6349);
#6351=TOROIDAL_SURFACE('',#6350,4.3E0,1.25E0);
#6353=ORIENTED_EDGE('',*,*,#6352,.F.);
#6354=ORIENTED_EDGE('',*,*,#6342,.F.);
#6356=ORIENTED_EDGE('',*,*,#6355,.T.);
#6357=ORIENTED_EDGE('',*,*,#6339,.T.);
#6358=EDGE_LOOP('',(#6353,#6354,#6356,#6357));
#6359=FACE_OUTER_BOUND('',#6358,.F.);
#6360=ADVANCED_FACE('',(#6359),#6351,.T.);
#6361=CARTESIAN_POINT('',(0.E0,0.E0,0.E0));
#6362=DIRECTION('',(0.E0,0.E0,1.E0));
#6363=DIRECTION('',(-1.E0,0.E0,0.E0));
#6364=AXIS2_PLACEMENT_3D('',#6361,#6362,#6363);
#6365=TOROIDAL_SURFACE('',#6364,4.3E0,1.25E0);
#6366=ORIENTED_EDGE('',*,*,#6352,.T.);
#6367=ORIENTED_EDGE('',*,*,#6328,.F.);
#6368=ORIENTED_EDGE('',*,*,#6355,.F.);
#6369=ORIENTED_EDGE('',*,*,#6324,.T.);
#6370=EDGE_LOOP('',(#6366,#6367,#6368,#6369));
#6371=FACE_OUTER_BOUND('',#6370,.F.);
#6372=ADVANCED_FACE('',(#6371),#6365,.T.);
#6373=CLOSED_SHELL('',(#6332,#6346,#6360,#6372));
#6374=MANIFOLD_SOLID_BREP('',#6373);
#6376=DIMENSIONAL_EXPONENTS(0.E0,0.E0,0.E0,0.E0,0.E0,0.E0,0.E0);
#6378=PLANE_ANGLE_MEASURE_WITH_UNIT(PLANE_ANGLE_MEASURE(1.745329251994E-2),
#6377);
#6379=(CONVERSION_BASED_UNIT('DEGREE',#6378)NAMED_UNIT(*)PLANE_ANGLE_UNIT());
#6381=UNCERTAINTY_MEASURE_WITH_UNIT(LENGTH_MEASURE(1.589496105073E-3),#6375,
'closure',
'Maximum model space distance between geometric entities at asserted connectivities');
#6382=(GEOMETRIC_REPRESENTATION_CONTEXT(3)GLOBAL_UNCERTAINTY_ASSIGNED_CONTEXT((
#6381))GLOBAL_UNIT_ASSIGNED_CONTEXT((#6375,#6379,#6380))REPRESENTATION_CONTEXT(
'ID2','3'));
#6383=CARTESIAN_POINT('',(0.E0,0.E0,0.E0));
#6384=DIRECTION('',(0.E0,0.E0,1.E0));
#6385=DIRECTION('',(1.E0,0.E0,0.E0));
#6388=MECHANICAL_CONTEXT('',#6244,'mechanical');
#6389=PRODUCT('MFQ111_439_1_2_3_4_5','MFQ111_439_1_2_3_4_5','NOT SPECIFIED',(
#6388));
#6390=PRODUCT_DEFINITION_FORMATION_WITH_SPECIFIED_SOURCE('1','LAST_VERSION',
#6389,.MADE.);
#6396=CARTESIAN_POINT('',(1.3E1,0.E0,0.E0));
#6397=DIRECTION('',(-1.E0,0.E0,0.E0));
#6398=DIRECTION('',(0.E0,-1.E0,0.E0));
#6399=AXIS2_PLACEMENT_3D('',#6396,#6397,#6398);
#6400=ITEM_DEFINED_TRANSFORMATION('','',#6386,#6399);
#6401=CARTESIAN_POINT('',(0.E0,0.E0,0.E0));
#6402=DIRECTION('',(0.E0,0.E0,1.E0));
#6403=DIRECTION('',(1.E0,0.E0,0.E0));
#6405=(REPRESENTATION_RELATIONSHIP('','',#6387,#6255)REPRESENTATION_RELATIONSHIP_WITH_TRANSFORMATION(#6400)SHAPE_REPRESENTATION_RELATIONSHIP());
#6406=CONTEXT_DEPENDENT_SHAPE_REPRESENTATION(#6405,#6395);
#6409=CARTESIAN_POINT('',(1.053E1,0.E0,0.E0));
#6410=DIRECTION('',(-1.E0,0.E0,0.E0));
#6411=DIRECTION('',(0.E0,-1.E0,0.E0));
#6412=AXIS2_PLACEMENT_3D('',#6409,#6410,#6411);
#6413=ITEM_DEFINED_TRANSFORMATION('','',#6386,#6412);
#6414=CARTESIAN_POINT('',(0.E0,0.E0,0.E0));
#6415=DIRECTION('',(0.E0,0.E0,1.E0));
#6416=DIRECTION('',(1.E0,0.E0,0.E0));
#6418=(REPRESENTATION_RELATIONSHIP('','',#6387,#6255)REPRESENTATION_RELATIONSHIP_WITH_TRANSFORMATION(#6413)SHAPE_REPRESENTATION_RELATIONSHIP());
#6419=CONTEXT_DEPENDENT_SHAPE_REPRESENTATION(#6418,#6408);
#6422=CARTESIAN_POINT('',(0.E0,0.E0,1.298E1));
#6423=DIRECTION('',(0.E0,0.E0,-1.E0));
#6424=DIRECTION('',(-1.E0,0.E0,0.E0));
#6425=AXIS2_PLACEMENT_3D('',#6422,#6423,#6424);
#6426=ITEM_DEFINED_TRANSFORMATION('','',#6386,#6425);
#6427=CARTESIAN_POINT('',(0.E0,0.E0,0.E0));
#6428=DIRECTION('',(0.E0,0.E0,1.E0));
#6429=DIRECTION('',(1.E0,0.E0,0.E0));
#6431=(REPRESENTATION_RELATIONSHIP('','',#6387,#6255)REPRESENTATION_RELATIONSHIP_WITH_TRANSFORMATION(#6426)SHAPE_REPRESENTATION_RELATIONSHIP());
#6432=CONTEXT_DEPENDENT_SHAPE_REPRESENTATION(#6431,#6421);
#6435=CARTESIAN_POINT('',(0.E0,0.E0,1.033E1));
#6436=DIRECTION('',(0.E0,0.E0,-1.E0));
#6437=DIRECTION('',(-1.E0,0.E0,0.E0));
#6438=AXIS2_PLACEMENT_3D('',#6435,#6436,#6437);
#6439=ITEM_DEFINED_TRANSFORMATION('','',#6386,#6438);
#6440=CARTESIAN_POINT('',(0.E0,0.E0,0.E0));
#6441=DIRECTION('',(0.E0,0.E0,1.E0));
#6442=DIRECTION('',(1.E0,0.E0,0.E0));
#6444=(REPRESENTATION_RELATIONSHIP('','',#6387,#6255)REPRESENTATION_RELATIONSHIP_WITH_TRANSFORMATION(#6439)SHAPE_REPRESENTATION_RELATIONSHIP());
#6445=CONTEXT_DEPENDENT_SHAPE_REPRESENTATION(#6444,#6434);
#6448=CARTESIAN_POINT('',(0.E0,0.E0,-1.298E1));
#6449=DIRECTION('',(0.E0,0.E0,1.E0));
#6450=DIRECTION('',(1.E0,0.E0,0.E0));
#6451=AXIS2_PLACEMENT_3D('',#6448,#6449,#6450);
#6452=ITEM_DEFINED_TRANSFORMATION('','',#6386,#6451);
#6453=CARTESIAN_POINT('',(0.E0,0.E0,0.E0));
#6454=DIRECTION('',(0.E0,0.E0,1.E0));
#6455=DIRECTION('',(1.E0,0.E0,0.E0));
#6457=(REPRESENTATION_RELATIONSHIP('','',#6387,#6255)REPRESENTATION_RELATIONSHIP_WITH_TRANSFORMATION(#6452)SHAPE_REPRESENTATION_RELATIONSHIP());
#6458=CONTEXT_DEPENDENT_SHAPE_REPRESENTATION(#6457,#6447);
#6461=CARTESIAN_POINT('',(0.E0,0.E0,-1.033E1));
#6462=DIRECTION('',(0.E0,0.E0,1.E0));
#6463=DIRECTION('',(1.E0,0.E0,0.E0));
#6464=AXIS2_PLACEMENT_3D('',#6461,#6462,#6463);
#6465=ITEM_DEFINED_TRANSFORMATION('','',#6386,#6464);
#6466=CARTESIAN_POINT('',(0.E0,0.E0,0.E0));
#6467=DIRECTION('',(0.E0,0.E0,1.E0));
#6468=DIRECTION('',(1.E0,0.E0,0.E0));
#6470=(REPRESENTATION_RELATIONSHIP('','',#6387,#6255)REPRESENTATION_RELATIONSHIP_WITH_TRANSFORMATION(#6465)SHAPE_REPRESENTATION_RELATIONSHIP());
#6471=CONTEXT_DEPENDENT_SHAPE_REPRESENTATION(#6470,#6460);
#6472=CARTESIAN_POINT('',(0.E0,0.E0,-2.653433028854E-14));
#6473=DIRECTION('',(0.E0,0.E0,-1.E0));
#6474=DIRECTION('',(1.E0,0.E0,0.E0));
#6475=AXIS2_PLACEMENT_3D('',#6472,#6473,#6474);
#6477=CARTESIAN_POINT('',(0.E0,0.E0,-2.653433028854E-14));
#6478=DIRECTION('',(0.E0,0.E0,-1.E0));
#6479=DIRECTION('',(-1.E0,0.E0,0.E0));
#6480=AXIS2_PLACEMENT_3D('',#6477,#6478,#6479);
#6482=DIRECTION('',(-8.660254037844E-1,5.000000000001E-1,0.E0));
#6483=VECTOR('',#6482,1.2E0);
#6484=CARTESIAN_POINT('',(-4.849742261193E0,2.8E0,0.E0));
#6485=LINE('',#6484,#6483);
#6486=CARTESIAN_POINT('',(0.E0,0.E0,0.E0));
#6487=DIRECTION('',(0.E0,0.E0,1.E0));
#6488=DIRECTION('',(-8.660254037844E-1,5.E-1,0.E0));
#6489=AXIS2_PLACEMENT_3D('',#6486,#6487,#6488);
#6491=DIRECTION('',(8.660254037844E-1,5.000000000001E-1,0.E0));
#6492=VECTOR('',#6491,1.2E0);
#6493=CARTESIAN_POINT('',(-5.888972745734E0,-3.4E0,0.E0));
#6494=LINE('',#6493,#6492);
#6495=CARTESIAN_POINT('',(0.E0,0.E0,0.E0));
#6496=DIRECTION('',(0.E0,0.E0,-1.E0));
#6497=DIRECTION('',(-8.660254037844E-1,-5.E-1,0.E0));
#6498=AXIS2_PLACEMENT_3D('',#6495,#6496,#6497);
#6500=CARTESIAN_POINT('',(0.E0,0.E0,0.E0));
#6501=DIRECTION('',(0.E0,0.E0,-1.E0));
#6502=DIRECTION('',(-1.E0,0.E0,0.E0));
#6503=AXIS2_PLACEMENT_3D('',#6500,#6501,#6502);
#6505=DIRECTION('',(8.660254037844E-1,5.000000000001E-1,0.E0));
#6506=VECTOR('',#6505,1.2E0);
#6507=CARTESIAN_POINT('',(4.849742261193E0,2.8E0,0.E0));
#6508=LINE('',#6507,#6506);
#6509=CARTESIAN_POINT('',(0.E0,0.E0,0.E0));
#6510=DIRECTION('',(0.E0,0.E0,1.E0));
#6511=DIRECTION('',(8.660254037844E-1,5.E-1,0.E0));
#6512=AXIS2_PLACEMENT_3D('',#6509,#6510,#6511);
#6514=CARTESIAN_POINT('',(0.E0,0.E0,0.E0));
#6515=DIRECTION('',(0.E0,0.E0,-1.E0));
#6516=DIRECTION('',(0.E0,1.E0,0.E0));
#6517=AXIS2_PLACEMENT_3D('',#6514,#6515,#6516);
#6519=CARTESIAN_POINT('',(0.E0,0.E0,0.E0));
#6520=DIRECTION('',(0.E0,0.E0,1.E0));
#6521=DIRECTION('',(0.E0,-1.E0,0.E0));
#6522=AXIS2_PLACEMENT_3D('',#6519,#6520,#6521);
#6524=DIRECTION('',(-8.660254037844E-1,5.E-1,0.E0));
#6525=VECTOR('',#6524,1.2E0);
#6526=CARTESIAN_POINT('',(5.888972745734E0,-3.4E0,0.E0));
#6527=LINE('',#6526,#6525);
#6528=CARTESIAN_POINT('',(0.E0,0.E0,0.E0));
#6529=DIRECTION('',(0.E0,0.E0,-1.E0));
#6530=DIRECTION('',(8.660254037844E-1,-5.E-1,0.E0));
#6531=AXIS2_PLACEMENT_3D('',#6528,#6529,#6530);
#6533=DIRECTION('',(-7.659742160924E-1,6.428712937141E-1,0.E0));
#6534=VECTOR('',#6533,3.888803286823E-1);
#6535=CARTESIAN_POINT('',(7.E0,1.E-1,0.E0));
#6536=LINE('',#6535,#6534);
#6537=DIRECTION('',(7.659743427826E-1,-6.428711427641E-1,0.E0));
#6538=VECTOR('',#6537,3.888804199939E-1);
#6539=CARTESIAN_POINT('',(6.361702084541E0,3.5E-1,0.E0));
#6540=LINE('',#6539,#6538);
#6541=CARTESIAN_POINT('',(0.E0,0.E0,2.020605904818E-14));
#6542=DIRECTION('',(0.E0,0.E0,1.E0));
#6543=DIRECTION('',(5.E-1,8.660254037844E-1,0.E0));
#6544=AXIS2_PLACEMENT_3D('',#6541,#6542,#6543);
#6546=CARTESIAN_POINT('',(0.E0,0.E0,2.020605904818E-14));
#6547=DIRECTION('',(0.E0,0.E0,1.E0));
#6548=DIRECTION('',(-5.E-1,-8.660254037844E-1,0.E0));
#6549=AXIS2_PLACEMENT_3D('',#6546,#6547,#6548);
#6551=CARTESIAN_POINT('',(0.E0,0.E0,-4.956367306311E-1));
#6552=DIRECTION('',(0.E0,0.E0,-1.E0));
#6553=DIRECTION('',(1.E0,-5.094779445284E-14,0.E0));
#6554=AXIS2_PLACEMENT_3D('',#6551,#6552,#6553);
#6556=CARTESIAN_POINT('',(0.E0,0.E0,-4.956367306311E-1));
#6557=DIRECTION('',(0.E0,0.E0,-1.E0));
#6558=DIRECTION('',(9.999892827798E-1,-4.629721966248E-3,0.E0));
#6559=AXIS2_PLACEMENT_3D('',#6556,#6557,#6558);
#6561=CARTESIAN_POINT('',(-7.191510946609E0,0.E0,-5.E-1));
#6562=DIRECTION('',(0.E0,1.E0,0.E0));
#6563=DIRECTION('',(-9.999619230359E-1,0.E0,8.726538737799E-3));
#6564=AXIS2_PLACEMENT_3D('',#6561,#6562,#6563);
#6566=CARTESIAN_POINT('',(0.E0,0.E0,-4.956367306311E-1));
#6567=DIRECTION('',(0.E0,0.E0,-1.E0));
#6568=DIRECTION('',(-1.E0,0.E0,0.E0));
#6569=AXIS2_PLACEMENT_3D('',#6566,#6567,#6568);
#6571=CARTESIAN_POINT('',(0.E0,0.E0,-4.956367306311E-1));
#6572=DIRECTION('',(0.E0,0.E0,-1.E0));
#6573=DIRECTION('',(-9.999892827798E-1,4.629721966248E-3,0.E0));
#6574=AXIS2_PLACEMENT_3D('',#6571,#6572,#6573);
#6576=CARTESIAN_POINT('',(7.191510946609E0,0.E0,-5.E-1));
#6577=DIRECTION('',(0.E0,-1.E0,0.E0));
#6578=DIRECTION('',(9.999619230359E-1,0.E0,8.726538737799E-3));
#6579=AXIS2_PLACEMENT_3D('',#6576,#6577,#6578);
#6581=CARTESIAN_POINT('',(0.E0,0.E0,-7.4E0));
#6582=DIRECTION('',(0.E0,0.E0,-1.E0));
#6583=DIRECTION('',(0.E0,-1.E0,0.E0));
#6584=AXIS2_PLACEMENT_3D('',#6581,#6582,#6583);
#6586=DIRECTION('',(-8.726535454668E-3,0.E0,-9.999619230646E-1));
#6587=VECTOR('',#6586,1.000038068240E-1);
#6588=CARTESIAN_POINT('',(-7.751745373558E0,0.E0,-7.4E0));
#6589=LINE('',#6588,#6587);
#6590=DIRECTION('',(0.E0,-8.726535498374E-3,9.999619230642E-1));
#6591=VECTOR('',#6590,6.200236085992E0);
#6592=CARTESIAN_POINT('',(0.E0,7.751745373558E0,-7.4E0));
#6593=LINE('',#6592,#6591);
#6594=DIRECTION('',(-8.726535498327E-3,2.752343418182E-13,9.999619230642E-1));
#6595=VECTOR('',#6594,7.043900903850E-1);
#6596=CARTESIAN_POINT('',(7.697638793255E0,-3.921777190110E-13,-1.2E0));
#6597=LINE('',#6596,#6595);
#6598=CARTESIAN_POINT('',(0.E0,0.E0,-1.2E0));
#6599=DIRECTION('',(0.E0,0.E0,1.E0));
#6600=DIRECTION('',(-1.E0,0.E0,0.E0));
#6601=AXIS2_PLACEMENT_3D('',#6598,#6599,#6600);
#6603=CARTESIAN_POINT('',(0.E0,0.E0,-7.4E0));
#6604=DIRECTION('',(0.E0,0.E0,-1.E0));
#6605=DIRECTION('',(0.E0,1.E0,0.E0));
#6606=AXIS2_PLACEMENT_3D('',#6603,#6604,#6605);
#6608=DIRECTION('',(8.726535454668E-3,0.E0,-9.999619230646E-1));
#6609=VECTOR('',#6608,1.000038068240E-1);
#6610=CARTESIAN_POINT('',(7.751745373558E0,0.E0,-7.4E0));
#6611=LINE('',#6610,#6609);
#6612=DIRECTION('',(0.E0,8.726535498374E-3,9.999619230642E-1));
#6613=VECTOR('',#6612,6.200236085992E0);
#6614=CARTESIAN_POINT('',(0.E0,-7.751745373558E0,-7.4E0));
#6615=LINE('',#6614,#6613);
#6616=DIRECTION('',(8.726535498327E-3,0.E0,9.999619230642E-1));
#6617=VECTOR('',#6616,7.043900903850E-1);
#6618=CARTESIAN_POINT('',(-7.697638793255E0,0.E0,-1.2E0));
#6619=LINE('',#6618,#6617);
#6620=CARTESIAN_POINT('',(0.E0,0.E0,-1.2E0));
#6621=DIRECTION('',(0.E0,0.E0,1.E0));
#6622=DIRECTION('',(1.E0,-5.094779445284E-14,0.E0));
#6623=AXIS2_PLACEMENT_3D('',#6620,#6621,#6622);
#6625=CARTESIAN_POINT('',(0.E0,0.E0,-7.499999998478E0));
#6626=DIRECTION('',(0.E0,0.E0,1.E0));
#6627=DIRECTION('',(1.E0,0.E0,0.E0));
#6628=AXIS2_PLACEMENT_3D('',#6625,#6626,#6627);
#6630=CARTESIAN_POINT('',(0.E0,0.E0,-7.499999998478E0));
#6631=DIRECTION('',(0.E0,0.E0,1.E0));
#6632=DIRECTION('',(-1.E0,0.E0,0.E0));
#6633=AXIS2_PLACEMENT_3D('',#6630,#6631,#6632);
#6635=CARTESIAN_POINT('',(0.E0,0.E0,-7.5E0));
#6636=DIRECTION('',(0.E0,0.E0,-1.E0));
#6637=DIRECTION('',(0.E0,1.E0,0.E0));
#6638=AXIS2_PLACEMENT_3D('',#6635,#6636,#6637);
#6640=CARTESIAN_POINT('',(0.E0,0.E0,-7.5E0));
#6641=DIRECTION('',(0.E0,0.E0,-1.E0));
#6642=DIRECTION('',(0.E0,-1.E0,0.E0));
#6643=AXIS2_PLACEMENT_3D('',#6640,#6641,#6642);
#6645=CARTESIAN_POINT('',(0.E0,0.E0,-7.5E0));
#6646=DIRECTION('',(0.E0,0.E0,1.E0));
#6647=DIRECTION('',(0.E0,-1.E0,0.E0));
#6648=AXIS2_PLACEMENT_3D('',#6645,#6646,#6647);
#6650=CARTESIAN_POINT('',(0.E0,7.45E0,-7.5E0));
#6651=DIRECTION('',(-1.E0,0.E0,0.E0));
#6652=DIRECTION('',(0.E0,1.E0,0.E0));
#6653=AXIS2_PLACEMENT_3D('',#6650,#6651,#6652);
#6655=CARTESIAN_POINT('',(0.E0,0.E0,-7.7E0));
#6656=DIRECTION('',(0.E0,0.E0,1.E0));
#6657=DIRECTION('',(0.E0,-1.E0,0.E0));
#6658=AXIS2_PLACEMENT_3D('',#6655,#6656,#6657);
#6660=CARTESIAN_POINT('',(0.E0,0.E0,-7.7E0));
#6661=DIRECTION('',(0.E0,0.E0,1.E0));
#6662=DIRECTION('',(0.E0,1.E0,0.E0));
#6663=AXIS2_PLACEMENT_3D('',#6660,#6661,#6662);
#6665=CARTESIAN_POINT('',(0.E0,0.E0,-7.7E0));
#6666=DIRECTION('',(0.E0,0.E0,-1.E0));
#6667=DIRECTION('',(0.E0,1.E0,0.E0));
#6668=AXIS2_PLACEMENT_3D('',#6665,#6666,#6667);
#6670=CARTESIAN_POINT('',(0.E0,0.E0,-7.7E0));
#6671=DIRECTION('',(0.E0,0.E0,-1.E0));
#6672=DIRECTION('',(0.E0,-1.E0,0.E0));
#6673=AXIS2_PLACEMENT_3D('',#6670,#6671,#6672);
#6675=CARTESIAN_POINT('',(0.E0,0.E0,-7.5E0));
#6676=DIRECTION('',(0.E0,0.E0,1.E0));
#6677=DIRECTION('',(0.E0,1.E0,0.E0));
#6678=AXIS2_PLACEMENT_3D('',#6675,#6676,#6677);
#6680=CARTESIAN_POINT('',(0.E0,-7.45E0,-7.5E0));
#6681=DIRECTION('',(1.E0,0.E0,0.E0));
#6682=DIRECTION('',(0.E0,-1.E0,0.E0));
#6683=AXIS2_PLACEMENT_3D('',#6680,#6681,#6682);
#6685=DIRECTION('',(0.E0,0.E0,-1.E0));
#6686=VECTOR('',#6685,1.8E0);
#6687=CARTESIAN_POINT('',(1.024044141172E-14,-6.8E0,0.E0));
#6688=LINE('',#6687,#6686);
#6689=DIRECTION('',(0.E0,0.E0,1.E0));
#6690=VECTOR('',#6689,5.9E0);
#6691=CARTESIAN_POINT('',(0.E0,6.8E0,-7.7E0));
#6692=LINE('',#6691,#6690);
#6693=DIRECTION('',(0.E0,0.E0,1.E0));
#6694=VECTOR('',#6693,1.8E0);
#6695=CARTESIAN_POINT('',(0.E0,6.8E0,-1.8E0));
#6696=LINE('',#6695,#6694);
#6697=DIRECTION('',(1.578983857246E-14,-3.133296091722E-14,-1.E0));
#6698=VECTOR('',#6697,1.799999999999E0);
#6699=CARTESIAN_POINT('',(5.888972745734E0,3.4E0,0.E0));
#6700=LINE('',#6699,#6698);
#6701=DIRECTION('',(-3.157967714492E-14,-5.427757009283E-14,1.E0));
#6702=VECTOR('',#6701,1.799999999999E0);
#6703=CARTESIAN_POINT('',(5.888972745734E0,-3.4E0,-1.799999999999E0));
#6704=LINE('',#6703,#6702);
#6705=DIRECTION('',(0.E0,0.E0,-1.E0));
#6706=VECTOR('',#6705,1.8E0);
#6707=CARTESIAN_POINT('',(2.373165775770E-1,6.795857623730E0,-5.6E0));
#6708=LINE('',#6707,#6706);
#6709=DIRECTION('',(0.E0,0.E0,1.E0));
#6710=VECTOR('',#6709,1.8E0);
#6711=CARTESIAN_POINT('',(5.766727053864E0,3.603450996786E0,-7.4E0));
#6712=LINE('',#6711,#6710);
#6713=DIRECTION('',(-2.171102803711E-14,-3.133296091720E-14,-1.E0));
#6714=VECTOR('',#6713,1.8E0);
#6715=CARTESIAN_POINT('',(5.766727053864E0,-3.603450996786E0,-5.6E0));
#6716=LINE('',#6715,#6714);
#6717=DIRECTION('',(0.E0,0.E0,1.E0));
#6718=VECTOR('',#6717,1.8E0);
#6719=CARTESIAN_POINT('',(2.373165775770E-1,-6.795857623730E0,-7.4E0));
#6720=LINE('',#6719,#6718);
#6721=DIRECTION('',(0.E0,8.726535498388E-3,-9.999619230642E-1));
#6722=VECTOR('',#6721,1.794832420420E0);
#6723=CARTESIAN_POINT('',(1.431616624266E-14,-5.6E0,0.E0));
#6724=LINE('',#6723,#6722);
#6725=CARTESIAN_POINT('',(1.321698904060E-14,-6.184314485008E0,-1.8E0));
#6726=DIRECTION('',(1.E0,0.E0,0.E0));
#6727=DIRECTION('',(0.E0,9.999619230642E-1,8.726535499312E-3));
#6728=AXIS2_PLACEMENT_3D('',#6725,#6726,#6727);
#6730=DIRECTION('',(1.222453961786E-13,-1.E0,-3.255886667344E-13));
#6731=VECTOR('',#6730,1.568551499196E-2);
#6732=CARTESIAN_POINT('',(1.398175900357E-14,-6.184314485008E0,-1.2E0));
#6733=LINE('',#6732,#6731);
#6734=CARTESIAN_POINT('',(1.678900074520E-14,-6.2E0,-1.8E0));
#6735=DIRECTION('',(1.E0,0.E0,0.E0));
#6736=DIRECTION('',(0.E0,-1.036208156317E-14,1.E0));
#6737=AXIS2_PLACEMENT_3D('',#6734,#6735,#6736);
#6739=DIRECTION('',(0.E0,1.E0,0.E0));
#6740=VECTOR('',#6739,1.2E0);
#6741=CARTESIAN_POINT('',(1.024044141172E-14,-6.8E0,0.E0));
#6742=LINE('',#6741,#6740);
#6743=DIRECTION('',(0.E0,8.726535498199E-3,-9.999619230642E-1));
#6744=VECTOR('',#6743,4.000152313540E-1);
#6745=CARTESIAN_POINT('',(0.E0,-5.564219842058E0,-4.1E0));
#6746=LINE('',#6745,#6744);
#6747=CARTESIAN_POINT('',(0.E0,0.E0,-4.1E0));
#6748=DIRECTION('',(0.E0,0.E0,1.E0));
#6749=DIRECTION('',(0.E0,1.E0,0.E0));
#6750=AXIS2_PLACEMENT_3D('',#6747,#6748,#6749);
#6752=DIRECTION('',(-8.726535498374E-3,0.E0,9.999619230642E-1));
#6753=VECTOR('',#6752,2.900110427319E0);
#6754=CARTESIAN_POINT('',(-5.564219842058E0,0.E0,-4.1E0));
#6755=LINE('',#6754,#6753);
#6756=CARTESIAN_POINT('',(0.E0,0.E0,-1.794764078701E0));
#6757=DIRECTION('',(0.E0,0.E0,-1.E0));
#6758=DIRECTION('',(8.660254037844E-1,5.E-1,0.E0));
#6759=AXIS2_PLACEMENT_3D('',#6756,#6757,#6758);
#6761=CARTESIAN_POINT('',(0.E0,0.E0,-1.794764078701E0));
#6762=DIRECTION('',(0.E0,0.E0,-1.E0));
#6763=DIRECTION('',(9.998896341248E-1,1.485663386432E-2,0.E0));
#6764=AXIS2_PLACEMENT_3D('',#6761,#6762,#6763);
#6766=CARTESIAN_POINT('',(0.E0,0.E0,-1.794764078701E0));
#6767=DIRECTION('',(0.E0,0.E0,-1.E0));
#6768=DIRECTION('',(1.E0,0.E0,0.E0));
#6769=AXIS2_PLACEMENT_3D('',#6766,#6767,#6768);
#6771=CARTESIAN_POINT('',(0.E0,0.E0,-1.2E0));
#6772=DIRECTION('',(0.E0,0.E0,-1.E0));
#6773=DIRECTION('',(8.660254037844E-1,5.E-1,0.E0));
#6774=AXIS2_PLACEMENT_3D('',#6771,#6772,#6773);
#6776=DIRECTION('',(8.660254037867E-1,-4.999999999960E-1,-4.246808696487E-14));
#6777=VECTOR('',#6776,1.568551499214E-2);
#6778=CARTESIAN_POINT('',(5.355773449009E0,-3.092157242504E0,-1.2E0));
#6779=LINE('',#6778,#6777);
#6780=CARTESIAN_POINT('',(0.E0,0.E0,-1.2E0));
#6781=DIRECTION('',(0.E0,0.E0,1.E0));
#6782=DIRECTION('',(8.660254037845E-1,-5.E-1,0.E0));
#6783=AXIS2_PLACEMENT_3D('',#6780,#6781,#6782);
#6785=DIRECTION('',(-8.660254037867E-1,-4.999999999962E-1,4.246808696487E-14));
#6786=VECTOR('',#6785,1.568551499214E-2);
#6787=CARTESIAN_POINT('',(5.369357503464E0,3.1E0,-1.2E0));
#6788=LINE('',#6787,#6786);
#6789=CARTESIAN_POINT('',(5.355773449009E0,-3.092157242504E0,-1.8E0));
#6790=DIRECTION('',(-5.E-1,-8.660254037844E-1,0.E0));
#6791=DIRECTION('',(1.480297366167E-14,0.E0,1.E0));
#6792=AXIS2_PLACEMENT_3D('',#6789,#6790,#6791);
#6794=DIRECTION('',(7.557401428623E-3,-4.363267749206E-3,9.999619230642E-1));
#6795=VECTOR('',#6794,1.794832420419E0);
#6796=CARTESIAN_POINT('',(4.836177992095E0,-2.792168665585E0,
-1.794764078700E0));
#6797=LINE('',#6796,#6795);
#6798=CARTESIAN_POINT('',(5.369357503464E0,-3.1E0,-1.8E0));
#6799=DIRECTION('',(-5.E-1,-8.660254037845E-1,0.E0));
#6800=DIRECTION('',(8.660254037845E-1,-5.E-1,7.259748358024E-12));
#6801=AXIS2_PLACEMENT_3D('',#6798,#6799,#6800);
#6803=CARTESIAN_POINT('',(0.E0,0.E0,-1.8E0));
#6804=DIRECTION('',(0.E0,0.E0,1.E0));
#6805=DIRECTION('',(8.660254037844E-1,-5.E-1,0.E0));
#6806=AXIS2_PLACEMENT_3D('',#6803,#6804,#6805);
#6808=DIRECTION('',(-7.557401428638E-3,-4.363267749184E-3,-9.999619230642E-1));
#6809=VECTOR('',#6808,1.794832420419E0);
#6810=CARTESIAN_POINT('',(4.849742261193E0,2.8E0,0.E0));
#6811=LINE('',#6810,#6809);
#6812=CARTESIAN_POINT('',(5.355773449009E0,3.092157242504E0,-1.8E0));
#6813=DIRECTION('',(-5.E-1,8.660254037844E-1,0.E0));
#6814=DIRECTION('',(-8.659924281907E-1,-4.999809615321E-1,8.726535500981E-3));
#6815=AXIS2_PLACEMENT_3D('',#6812,#6813,#6814);
#6817=CARTESIAN_POINT('',(5.369357503464E0,3.1E0,-1.8E0));
#6818=DIRECTION('',(-5.E-1,8.660254037845E-1,0.E0));
#6819=DIRECTION('',(6.202445964239E-13,3.582319626124E-13,1.E0));
#6820=AXIS2_PLACEMENT_3D('',#6817,#6818,#6819);
#6822=CARTESIAN_POINT('',(0.E0,0.E0,-1.2E0));
#6823=DIRECTION('',(0.E0,0.E0,-1.E0));
#6824=DIRECTION('',(-8.660254037844E-1,-5.E-1,0.E0));
#6825=AXIS2_PLACEMENT_3D('',#6822,#6823,#6824);
#6827=DIRECTION('',(0.E0,-8.726535498199E-3,-9.999619230642E-1));
#6828=VECTOR('',#6827,4.000152313540E-1);
#6829=CARTESIAN_POINT('',(0.E0,5.564219842058E0,-4.1E0));
#6830=LINE('',#6829,#6828);
#6831=CARTESIAN_POINT('',(0.E0,0.E0,-4.1E0));
#6832=DIRECTION('',(0.E0,0.E0,1.E0));
#6833=DIRECTION('',(0.E0,-1.E0,0.E0));
#6834=AXIS2_PLACEMENT_3D('',#6831,#6832,#6833);
#6836=DIRECTION('',(8.726535498333E-3,0.E0,9.999619230642E-1));
#6837=VECTOR('',#6836,2.305323700962E0);
#6838=CARTESIAN_POINT('',(5.564219842058E0,0.E0,-4.1E0));
#6839=LINE('',#6838,#6837);
#6840=CARTESIAN_POINT('',(1.098554933245E-14,6.184314485008E0,-1.8E0));
#6841=DIRECTION('',(1.E0,0.E0,0.E0));
#6842=DIRECTION('',(0.E0,2.901382837687E-13,1.E0));
#6843=AXIS2_PLACEMENT_3D('',#6840,#6841,#6842);
#6845=DIRECTION('',(0.E0,8.726535498387E-3,9.999619230642E-1));
#6846=VECTOR('',#6845,1.794832420419E0);
#6847=CARTESIAN_POINT('',(1.182750238734E-14,5.584337331170E0,
-1.794764078700E0));
#6848=LINE('',#6847,#6846);
#6849=DIRECTION('',(0.E0,1.E0,0.E0));
#6850=VECTOR('',#6849,1.2E0);
#6851=CARTESIAN_POINT('',(1.296489325689E-14,5.6E0,0.E0));
#6852=LINE('',#6851,#6850);
#6853=CARTESIAN_POINT('',(0.E0,6.2E0,-1.8E0));
#6854=DIRECTION('',(1.E0,0.E0,0.E0));
#6855=DIRECTION('',(0.E0,1.E0,0.E0));
#6856=AXIS2_PLACEMENT_3D('',#6853,#6854,#6855);
#6858=CARTESIAN_POINT('',(0.E0,0.E0,-1.2E0));
#6859=DIRECTION('',(0.E0,0.E0,-1.E0));
#6860=DIRECTION('',(-8.660254037844E-1,5.E-1,0.E0));
#6861=AXIS2_PLACEMENT_3D('',#6858,#6859,#6860);
#6863=DIRECTION('',(-2.158281016780E-13,1.E0,-4.813049856080E-13));
#6864=VECTOR('',#6863,1.568551499194E-2);
#6865=CARTESIAN_POINT('',(1.270161017712E-14,6.184314485008E0,-1.2E0));
#6866=LINE('',#6865,#6864);
#6867=CARTESIAN_POINT('',(0.E0,0.E0,-1.2E0));
#6868=DIRECTION('',(0.E0,0.E0,1.E0));
#6869=DIRECTION('',(0.E0,1.E0,0.E0));
#6870=AXIS2_PLACEMENT_3D('',#6867,#6868,#6869);
#6872=DIRECTION('',(8.660254037868E-1,-4.999999999960E-1,1.557163188711E-13));
#6873=VECTOR('',#6872,1.568551499215E-2);
#6874=CARTESIAN_POINT('',(-5.369357503464E0,3.1E0,-1.2E0));
#6875=LINE('',#6874,#6873);
#6876=CARTESIAN_POINT('',(0.E0,0.E0,-1.794764078701E0));
#6877=DIRECTION('',(0.E0,0.E0,-1.E0));
#6878=DIRECTION('',(-8.660254037844E-1,5.E-1,0.E0));
#6879=AXIS2_PLACEMENT_3D('',#6876,#6877,#6878);
#6881=DIRECTION('',(7.557401428636E-3,-4.363267749181E-3,-9.999619230642E-1));
#6882=VECTOR('',#6881,1.794832420419E0);
#6883=CARTESIAN_POINT('',(-4.849742261193E0,2.8E0,0.E0));
#6884=LINE('',#6883,#6882);
#6885=CARTESIAN_POINT('',(-5.355773449009E0,3.092157242504E0,-1.8E0));
#6886=DIRECTION('',(-5.E-1,-8.660254037844E-1,0.E0));
#6887=DIRECTION('',(8.659924281907E-1,-4.999809615321E-1,8.726535500942E-3));
#6888=AXIS2_PLACEMENT_3D('',#6885,#6886,#6887);
#6890=CARTESIAN_POINT('',(-5.369357503464E0,3.1E0,-1.8E0));
#6891=DIRECTION('',(-5.E-1,-8.660254037845E-1,0.E0));
#6892=DIRECTION('',(-6.838973831691E-13,3.944992480835E-13,1.E0));
#6893=AXIS2_PLACEMENT_3D('',#6890,#6891,#6892);
#6895=CARTESIAN_POINT('',(0.E0,0.E0,-1.8E0));
#6896=DIRECTION('',(0.E0,0.E0,1.E0));
#6897=DIRECTION('',(0.E0,1.E0,0.E0));
#6898=AXIS2_PLACEMENT_3D('',#6895,#6896,#6897);
#6900=DIRECTION('',(3.009937977875E-14,-5.205712404358E-14,1.E0));
#6901=VECTOR('',#6900,1.799999999999E0);
#6902=CARTESIAN_POINT('',(-5.888972745734E0,-3.4E0,-1.799999999999E0));
#6903=LINE('',#6902,#6901);
#6904=DIRECTION('',(-1.973729821557E-14,-2.911251486797E-14,-1.E0));
#6905=VECTOR('',#6904,1.799999999999E0);
#6906=CARTESIAN_POINT('',(-5.888972745734E0,3.4E0,0.E0));
#6907=LINE('',#6906,#6905);
#6908=DIRECTION('',(0.E0,0.E0,1.E0));
#6909=VECTOR('',#6908,5.9E0);
#6910=CARTESIAN_POINT('',(0.E0,-6.8E0,-7.7E0));
#6911=LINE('',#6910,#6909);
#6912=DIRECTION('',(-2.368475785867E-14,3.873444774803E-14,-1.E0));
#6913=VECTOR('',#6912,1.8E0);
#6914=CARTESIAN_POINT('',(-6.004043631441E0,-3.192406626944E0,-5.6E0));
#6915=LINE('',#6914,#6913);
#6916=DIRECTION('',(0.E0,0.E0,1.E0));
#6917=VECTOR('',#6916,1.8E0);
#6918=CARTESIAN_POINT('',(-6.004043631441E0,3.192406626944E0,-7.4E0));
#6919=LINE('',#6918,#6917);
#6920=CARTESIAN_POINT('',(0.E0,0.E0,-1.2E0));
#6921=DIRECTION('',(0.E0,0.E0,-1.E0));
#6922=DIRECTION('',(0.E0,-1.E0,0.E0));
#6923=AXIS2_PLACEMENT_3D('',#6920,#6921,#6922);
#6925=CARTESIAN_POINT('',(0.E0,0.E0,-1.8E0));
#6926=DIRECTION('',(0.E0,0.E0,1.E0));
#6927=DIRECTION('',(-8.660254037844E-1,-5.E-1,0.E0));
#6928=AXIS2_PLACEMENT_3D('',#6925,#6926,#6927);
#6930=CARTESIAN_POINT('',(0.E0,0.E0,-1.8E0));
#6931=DIRECTION('',(0.E0,0.E0,1.E0));
#6932=DIRECTION('',(-1.130694578236E-2,-9.999360744453E-1,0.E0));
#6933=AXIS2_PLACEMENT_3D('',#6930,#6931,#6932);
#6935=CARTESIAN_POINT('',(0.E0,0.E0,-1.2E0));
#6936=DIRECTION('',(0.E0,0.E0,-1.E0));
#6937=DIRECTION('',(0.E0,-1.E0,0.E0));
#6938=AXIS2_PLACEMENT_3D('',#6935,#6936,#6937);
#6940=DIRECTION('',(-8.660254037867E-1,-4.999999999961E-1,-6.087092464993E-13));
#6941=VECTOR('',#6940,1.568551499207E-2);
#6942=CARTESIAN_POINT('',(-5.355773449009E0,-3.092157242504E0,-1.2E0));
#6943=LINE('',#6942,#6941);
#6944=CARTESIAN_POINT('',(0.E0,0.E0,-1.2E0));
#6945=DIRECTION('',(0.E0,0.E0,1.E0));
#6946=DIRECTION('',(-8.660254037845E-1,-5.E-1,0.E0));
#6947=AXIS2_PLACEMENT_3D('',#6944,#6945,#6946);
#6949=CARTESIAN_POINT('',(0.E0,0.E0,-1.794764078701E0));
#6950=DIRECTION('',(0.E0,0.E0,-1.E0));
#6951=DIRECTION('',(0.E0,-1.E0,0.E0));
#6952=AXIS2_PLACEMENT_3D('',#6949,#6950,#6951);
#6954=CARTESIAN_POINT('',(-5.355773449009E0,-3.092157242504E0,-1.8E0));
#6955=DIRECTION('',(-5.E-1,8.660254037844E-1,0.E0));
#6956=DIRECTION('',(-3.079018521627E-13,-1.776356839400E-13,1.E0));
#6957=AXIS2_PLACEMENT_3D('',#6954,#6955,#6956);
#6959=DIRECTION('',(-7.557401428703E-3,-4.363267749193E-3,9.999619230642E-1));
#6960=VECTOR('',#6959,5.947867263557E-1);
#6961=CARTESIAN_POINT('',(-4.836177992095E0,-2.792168665585E0,
-1.794764078700E0));
#6962=LINE('',#6961,#6960);
#6963=DIRECTION('',(-7.557401428528E-3,-4.363267749155E-3,9.999619230642E-1));
#6964=VECTOR('',#6963,1.200045694063E0);
#6965=CARTESIAN_POINT('',(-4.840673034150E0,-2.794763879326E0,-1.2E0));
#6966=LINE('',#6965,#6964);
#6967=CARTESIAN_POINT('',(-5.369357503464E0,-3.1E0,-1.8E0));
#6968=DIRECTION('',(-5.E-1,8.660254037845E-1,0.E0));
#6969=DIRECTION('',(-8.660254037845E-1,-5.E-1,7.259748358024E-12));
#6970=AXIS2_PLACEMENT_3D('',#6967,#6968,#6969);
#6972=CARTESIAN_POINT('',(0.E0,0.E0,-5.6E0));
#6973=DIRECTION('',(0.E0,0.E0,-1.E0));
#6974=DIRECTION('',(-8.829475928589E-1,-4.694715627859E-1,0.E0));
#6975=AXIS2_PLACEMENT_3D('',#6972,#6973,#6974);
#6977=DIRECTION('',(8.829475928590E-1,-4.694715627857E-1,0.E0));
#6978=VECTOR('',#6977,3.500000000001E-1);
#6979=CARTESIAN_POINT('',(-6.004043631441E0,3.192406626944E0,-5.6E0));
#6980=LINE('',#6979,#6978);
#6981=CARTESIAN_POINT('',(0.E0,0.E0,-5.6E0));
#6982=DIRECTION('',(0.E0,0.E0,1.E0));
#6983=DIRECTION('',(-8.829475928589E-1,4.694715627859E-1,0.E0));
#6984=AXIS2_PLACEMENT_3D('',#6981,#6982,#6983);
#6986=DIRECTION('',(-8.829475928590E-1,-4.694715627857E-1,0.E0));
#6987=VECTOR('',#6986,3.500000000001E-1);
#6988=CARTESIAN_POINT('',(-5.695011973940E0,-3.028091579969E0,-5.6E0));
#6989=LINE('',#6988,#6987);
#6990=DIRECTION('',(4.448917090979E-1,-2.365531177952E-1,8.637789008984E-1));
#6991=VECTOR('',#6990,6.946221994727E-1);
#6992=CARTESIAN_POINT('',(-6.004043631441E0,3.192406626944E0,-7.4E0));
#6993=LINE('',#6992,#6991);
#6994=CARTESIAN_POINT('',(0.E0,0.E0,-7.4E0));
#6995=DIRECTION('',(0.E0,0.E0,1.E0));
#6996=DIRECTION('',(-8.829475928589E-1,4.694715627859E-1,0.E0));
#6997=AXIS2_PLACEMENT_3D('',#6994,#6995,#6996);
#6999=CARTESIAN_POINT('',(0.E0,0.E0,-6.8E0));
#7000=DIRECTION('',(0.E0,0.E0,-1.E0));
#7001=DIRECTION('',(-8.829475928589E-1,-4.694715627859E-1,0.E0));
#7002=AXIS2_PLACEMENT_3D('',#6999,#7000,#7001);
#7004=DIRECTION('',(-4.448917090979E-1,-2.365531177952E-1,-8.637789008984E-1));
#7005=VECTOR('',#7004,6.946221994727E-1);
#7006=CARTESIAN_POINT('',(-5.695011973940E0,-3.028091579969E0,-6.8E0));
#7007=LINE('',#7006,#7005);
#7008=DIRECTION('',(0.E0,0.E0,-1.E0));
#7009=VECTOR('',#7008,1.2E0);
#7010=CARTESIAN_POINT('',(-5.695011973940E0,3.028091579969E0,-5.6E0));
#7011=LINE('',#7010,#7009);
#7012=DIRECTION('',(3.182639337259E-14,-5.514107688972E-14,1.E0));
#7013=VECTOR('',#7012,1.2E0);
#7014=CARTESIAN_POINT('',(-5.695011973940E0,-3.028091579969E0,-6.8E0));
#7015=LINE('',#7014,#7013);
#7016=CARTESIAN_POINT('',(0.E0,0.E0,-4.5E0));
#7017=DIRECTION('',(0.E0,0.E0,1.E0));
#7018=DIRECTION('',(0.E0,-1.E0,0.E0));
#7019=AXIS2_PLACEMENT_3D('',#7016,#7017,#7018);
#7021=CARTESIAN_POINT('',(0.E0,0.E0,-4.5E0));
#7022=DIRECTION('',(0.E0,0.E0,1.E0));
#7023=DIRECTION('',(1.E0,0.E0,0.E0));
#7024=AXIS2_PLACEMENT_3D('',#7021,#7022,#7023);
#7026=CARTESIAN_POINT('',(0.E0,0.E0,-4.5E0));
#7027=DIRECTION('',(0.E0,0.E0,1.E0));
#7028=DIRECTION('',(0.E0,1.E0,0.E0));
#7029=AXIS2_PLACEMENT_3D('',#7026,#7027,#7028);
#7031=CARTESIAN_POINT('',(0.E0,0.E0,-4.5E0));
#7032=DIRECTION('',(0.E0,0.E0,1.E0));
#7033=DIRECTION('',(-1.E0,0.E0,0.E0));
#7034=AXIS2_PLACEMENT_3D('',#7031,#7032,#7033);
#7036=CARTESIAN_POINT('',(0.E0,0.E0,-4.5E0));
#7037=DIRECTION('',(0.E0,0.E0,-1.E0));
#7038=DIRECTION('',(0.E0,1.E0,0.E0));
#7039=AXIS2_PLACEMENT_3D('',#7036,#7037,#7038);
#7041=CARTESIAN_POINT('',(0.E0,0.E0,-4.5E0));
#7042=DIRECTION('',(0.E0,0.E0,-1.E0));
#7043=DIRECTION('',(0.E0,-1.E0,0.E0));
#7044=AXIS2_PLACEMENT_3D('',#7041,#7042,#7043);
#7046=DIRECTION('',(0.E0,-3.133774542039E-1,-9.496286491027E-1));
#7047=VECTOR('',#7046,2.632608022475E0);
#7048=CARTESIAN_POINT('',(0.E0,-4.175E0,-2.E0));
#7049=LINE('',#7048,#7047);
#7050=DIRECTION('',(0.E0,3.133774542039E-1,-9.496286491027E-1));
#7051=VECTOR('',#7050,2.632608022475E0);
#7052=CARTESIAN_POINT('',(0.E0,4.175E0,-2.E0));
#7053=LINE('',#7052,#7051);
#7054=CARTESIAN_POINT('',(0.E0,0.E0,-2.E0));
#7055=DIRECTION('',(0.E0,0.E0,1.E0));
#7056=DIRECTION('',(0.E0,1.E0,0.E0));
#7057=AXIS2_PLACEMENT_3D('',#7054,#7055,#7056);
#7059=CARTESIAN_POINT('',(0.E0,0.E0,-2.E0));
#7060=DIRECTION('',(0.E0,0.E0,1.E0));
#7061=DIRECTION('',(0.E0,-1.E0,0.E0));
#7062=AXIS2_PLACEMENT_3D('',#7059,#7060,#7061);
#7064=CARTESIAN_POINT('',(0.E0,0.E0,-2.E0));
#7065=DIRECTION('',(0.E0,0.E0,-1.E0));
#7066=DIRECTION('',(-5.E-1,-8.660254037844E-1,0.E0));
#7067=AXIS2_PLACEMENT_3D('',#7064,#7065,#7066);
#7069=CARTESIAN_POINT('',(0.E0,0.E0,-2.E0));
#7070=DIRECTION('',(0.E0,0.E0,-1.E0));
#7071=DIRECTION('',(5.E-1,8.660254037844E-1,0.E0));
#7072=AXIS2_PLACEMENT_3D('',#7069,#7070,#7071);
#7074=DIRECTION('',(-1.593481716128E-14,0.E0,1.E0));
#7075=VECTOR('',#7074,1.700015853755E0);
#7076=CARTESIAN_POINT('',(-1.9625E0,-3.399149709854E0,-2.E0));
#7077=LINE('',#7076,#7075);
#7078=DIRECTION('',(0.E0,1.959198831305E-14,1.E0));
#7079=VECTOR('',#7078,1.700015853755E0);
#7080=CARTESIAN_POINT('',(1.9625E0,3.399149709854E0,-2.E0));
#7081=LINE('',#7080,#7079);
#7082=CARTESIAN_POINT('',(0.E0,0.E0,-2.999841462454E-1));
#7083=DIRECTION('',(0.E0,0.E0,1.E0));
#7084=DIRECTION('',(-5.E-1,-8.660254037844E-1,0.E0));
#7085=AXIS2_PLACEMENT_3D('',#7082,#7083,#7084);
#7087=DIRECTION('',(4.729756385689E-1,8.192178367436E-1,3.243087745983E-1));
#7088=VECTOR('',#7087,9.249954664870E-1);
#7089=CARTESIAN_POINT('',(1.9625E0,3.399149709854E0,-2.999841462454E-1));
#7090=LINE('',#7089,#7088);
#7091=CARTESIAN_POINT('',(0.E0,0.E0,-2.999841462454E-1));
#7092=DIRECTION('',(0.E0,0.E0,1.E0));
#7093=DIRECTION('',(5.E-1,8.660254037844E-1,0.E0));
#7094=AXIS2_PLACEMENT_3D('',#7091,#7092,#7093);
#7096=DIRECTION('',(-4.729756385689E-1,-8.192178367436E-1,3.243087745983E-1));
#7097=VECTOR('',#7096,9.249954664870E-1);
#7098=CARTESIAN_POINT('',(-1.9625E0,-3.399149709854E0,-2.999841462454E-1));
#7099=LINE('',#7098,#7097);
#7100=CARTESIAN_POINT('',(0.E0,0.E0,-5.6E0));
#7101=DIRECTION('',(0.E0,0.E0,-1.E0));
#7102=DIRECTION('',(3.489949670250E-2,9.993908270191E-1,0.E0));
#7103=AXIS2_PLACEMENT_3D('',#7100,#7101,#7102);
#7105=DIRECTION('',(-8.480480961563E-1,-5.299192642334E-1,0.E0));
#7106=VECTOR('',#7105,3.500000000001E-1);
#7107=CARTESIAN_POINT('',(5.766727053864E0,3.603450996786E0,-5.6E0));
#7108=LINE('',#7107,#7106);
#7109=CARTESIAN_POINT('',(0.E0,0.E0,-5.6E0));
#7110=DIRECTION('',(0.E0,0.E0,1.E0));
#7111=DIRECTION('',(8.480480961564E-1,5.299192642332E-1,0.E0));
#7112=AXIS2_PLACEMENT_3D('',#7109,#7110,#7111);
#7114=DIRECTION('',(3.489949670251E-2,9.993908270191E-1,0.E0));
#7115=VECTOR('',#7114,3.500000000001E-1);
#7116=CARTESIAN_POINT('',(2.251017537311E-1,6.446070834273E0,-5.6E0));
#7117=LINE('',#7116,#7115);
#7118=DIRECTION('',(-4.273068639041E-1,-2.670109631142E-1,8.637789008984E-1));
#7119=VECTOR('',#7118,6.946221994727E-1);
#7120=CARTESIAN_POINT('',(5.766727053864E0,3.603450996786E0,-7.4E0));
#7121=LINE('',#7120,#7119);
#7122=CARTESIAN_POINT('',(0.E0,0.E0,-7.4E0));
#7123=DIRECTION('',(0.E0,0.E0,1.E0));
#7124=DIRECTION('',(8.480480961564E-1,5.299192642332E-1,0.E0));
#7125=AXIS2_PLACEMENT_3D('',#7122,#7123,#7124);
#7127=CARTESIAN_POINT('',(0.E0,0.E0,-6.8E0));
#7128=DIRECTION('',(0.E0,0.E0,-1.E0));
#7129=DIRECTION('',(3.489949670250E-2,9.993908270191E-1,0.E0));
#7130=AXIS2_PLACEMENT_3D('',#7127,#7128,#7129);
#7132=DIRECTION('',(1.758484519377E-2,5.035640809095E-1,-8.637789008984E-1));
#7133=VECTOR('',#7132,6.946221994727E-1);
#7134=CARTESIAN_POINT('',(2.251017537311E-1,6.446070834273E0,-6.8E0));
#7135=LINE('',#7134,#7133);
#7136=DIRECTION('',(0.E0,0.E0,-1.E0));
#7137=VECTOR('',#7136,1.2E0);
#7138=CARTESIAN_POINT('',(5.469910220209E0,3.417979254304E0,-5.6E0));
#7139=LINE('',#7138,#7137);
#7140=DIRECTION('',(0.E0,0.E0,1.E0));
#7141=VECTOR('',#7140,1.2E0);
#7142=CARTESIAN_POINT('',(2.251017537311E-1,6.446070834273E0,-6.8E0));
#7143=LINE('',#7142,#7141);
#7144=CARTESIAN_POINT('',(0.E0,0.E0,-5.6E0));
#7145=DIRECTION('',(0.E0,0.E0,-1.E0));
#7146=DIRECTION('',(8.480480961564E-1,-5.299192642332E-1,0.E0));
#7147=AXIS2_PLACEMENT_3D('',#7144,#7145,#7146);
#7149=DIRECTION('',(-3.489949670251E-2,9.993908270191E-1,0.E0));
#7150=VECTOR('',#7149,3.500000000001E-1);
#7151=CARTESIAN_POINT('',(2.373165775770E-1,-6.795857623730E0,-5.6E0));
#7152=LINE('',#7151,#7150);
#7153=CARTESIAN_POINT('',(0.E0,0.E0,-5.6E0));
#7154=DIRECTION('',(0.E0,0.E0,1.E0));
#7155=DIRECTION('',(3.489949670250E-2,-9.993908270191E-1,0.E0));
#7156=AXIS2_PLACEMENT_3D('',#7153,#7154,#7155);
#7158=DIRECTION('',(8.480480961563E-1,-5.299192642334E-1,0.E0));
#7159=VECTOR('',#7158,3.500000000001E-1);
#7160=CARTESIAN_POINT('',(5.469910220209E0,-3.417979254304E0,-5.6E0));
#7161=LINE('',#7160,#7159);
#7162=DIRECTION('',(-1.758484519377E-2,5.035640809095E-1,8.637789008984E-1));
#7163=VECTOR('',#7162,6.946221994727E-1);
#7164=CARTESIAN_POINT('',(2.373165775770E-1,-6.795857623730E0,-7.4E0));
#7165=LINE('',#7164,#7163);
#7166=CARTESIAN_POINT('',(0.E0,0.E0,-7.4E0));
#7167=DIRECTION('',(0.E0,0.E0,1.E0));
#7168=DIRECTION('',(3.489949670250E-2,-9.993908270191E-1,0.E0));
#7169=AXIS2_PLACEMENT_3D('',#7166,#7167,#7168);
#7171=CARTESIAN_POINT('',(0.E0,0.E0,-6.8E0));
#7172=DIRECTION('',(0.E0,0.E0,-1.E0));
#7173=DIRECTION('',(8.480480961564E-1,-5.299192642332E-1,0.E0));
#7174=AXIS2_PLACEMENT_3D('',#7171,#7172,#7173);
#7176=DIRECTION('',(4.273068639040E-1,-2.670109631142E-1,-8.637789008984E-1));
#7177=VECTOR('',#7176,6.946221994728E-1);
#7178=CARTESIAN_POINT('',(5.469910220209E0,-3.417979254304E0,-6.8E0));
#7179=LINE('',#7178,#7177);
#7180=DIRECTION('',(0.E0,0.E0,-1.E0));
#7181=VECTOR('',#7180,1.2E0);
#7182=CARTESIAN_POINT('',(2.251017537311E-1,-6.446070834273E0,-5.6E0));
#7183=LINE('',#7182,#7181);
#7184=DIRECTION('',(3.404683942184E-14,4.551914400964E-14,1.E0));
#7185=VECTOR('',#7184,1.2E0);
#7186=CARTESIAN_POINT('',(5.469910220209E0,-3.417979254304E0,-6.8E0));
#7187=LINE('',#7186,#7185);
#7188=DIRECTION('',(-1.E0,0.E0,0.E0));
#7189=VECTOR('',#7188,2.E0);
#7190=CARTESIAN_POINT('',(7.E0,-1.5E-1,0.E0));
#7191=LINE('',#7190,#7189);
#7192=DIRECTION('',(0.E0,0.E0,1.E0));
#7193=VECTOR('',#7192,2.E-1);
#7194=CARTESIAN_POINT('',(7.E0,-1.5E-1,-2.E-1));
#7195=LINE('',#7194,#7193);
#7196=DIRECTION('',(0.E0,1.E0,0.E0));
#7197=VECTOR('',#7196,2.5E-1);
#7198=CARTESIAN_POINT('',(5.E0,-1.5E-1,0.E0));
#7199=LINE('',#7198,#7197);
#7200=DIRECTION('',(0.E0,0.E0,1.E0));
#7201=VECTOR('',#7200,2.E-1);
#7202=CARTESIAN_POINT('',(5.E0,-1.5E-1,-2.E-1));
#7203=LINE('',#7202,#7201);
#7204=DIRECTION('',(1.E0,-3.063930800472E-14,0.E0));
#7205=VECTOR('',#7204,1.659574508667E0);
#7206=CARTESIAN_POINT('',(5.E0,1.E-1,0.E0));
#7207=LINE('',#7206,#7205);
#7208=DIRECTION('',(0.E0,0.E0,1.E0));
#7209=VECTOR('',#7208,2.E-1);
#7210=CARTESIAN_POINT('',(5.E0,1.E-1,-2.E-1));
#7211=LINE('',#7210,#7209);
#7212=DIRECTION('',(0.E0,0.E0,1.E0));
#7213=VECTOR('',#7212,2.E-1);
#7214=CARTESIAN_POINT('',(6.659574508667E0,9.999999999995E-2,-2.E-1));
#7215=LINE('',#7214,#7213);
#7216=DIRECTION('',(1.E0,-1.946983790803E-13,0.E0));
#7217=VECTOR('',#7216,3.404256105428E-1);
#7218=CARTESIAN_POINT('',(6.361702084541E0,3.5E-1,0.E0));
#7219=LINE('',#7218,#7217);
#7220=DIRECTION('',(0.E0,0.E0,1.E0));
#7221=VECTOR('',#7220,2.E-1);
#7222=CARTESIAN_POINT('',(6.361702084541E0,3.5E-1,-2.E-1));
#7223=LINE('',#7222,#7221);
#7224=DIRECTION('',(0.E0,0.E0,1.E0));
#7225=VECTOR('',#7224,2.E-1);
#7226=CARTESIAN_POINT('',(6.702127695084E0,3.499999999999E-1,-2.E-1));
#7227=LINE('',#7226,#7225);
#7228=DIRECTION('',(0.E0,-1.E0,0.E0));
#7229=VECTOR('',#7228,2.5E-1);
#7230=CARTESIAN_POINT('',(7.E0,1.E-1,0.E0));
#7231=LINE('',#7230,#7229);
#7232=DIRECTION('',(0.E0,0.E0,1.E0));
#7233=VECTOR('',#7232,2.E-1);
#7234=CARTESIAN_POINT('',(7.E0,1.E-1,-2.E-1));
#7235=LINE('',#7234,#7233);
#7236=DIRECTION('',(-1.E0,0.E0,0.E0));
#7237=VECTOR('',#7236,2.E0);
#7238=CARTESIAN_POINT('',(7.E0,-1.5E-1,-2.E-1));
#7239=LINE('',#7238,#7237);
#7240=DIRECTION('',(0.E0,1.E0,0.E0));
#7241=VECTOR('',#7240,2.5E-1);
#7242=CARTESIAN_POINT('',(5.E0,-1.5E-1,-2.E-1));
#7243=LINE('',#7242,#7241);
#7244=DIRECTION('',(1.E0,-3.063930800472E-14,0.E0));
#7245=VECTOR('',#7244,1.659574508667E0);
#7246=CARTESIAN_POINT('',(5.E0,1.E-1,-2.E-1));
#7247=LINE('',#7246,#7245);
#7248=DIRECTION('',(-7.659743427826E-1,6.428711427641E-1,0.E0));
#7249=VECTOR('',#7248,3.888804199939E-1);
#7250=CARTESIAN_POINT('',(6.659574508667E0,9.999999999995E-2,-2.E-1));
#7251=LINE('',#7250,#7249);
#7252=DIRECTION('',(1.E0,-1.950245070185E-13,0.E0));
#7253=VECTOR('',#7252,3.404256105428E-1);
#7254=CARTESIAN_POINT('',(6.361702084541E0,3.5E-1,-2.E-1));
#7255=LINE('',#7254,#7253);
#7256=DIRECTION('',(7.659742160924E-1,-6.428712937141E-1,0.E0));
#7257=VECTOR('',#7256,3.888803286823E-1);
#7258=CARTESIAN_POINT('',(6.702127695084E0,3.499999999999E-1,-2.E-1));
#7259=LINE('',#7258,#7257);
#7260=DIRECTION('',(0.E0,-1.E0,0.E0));
#7261=VECTOR('',#7260,2.5E-1);
#7262=CARTESIAN_POINT('',(7.E0,1.E-1,-2.E-1));
#7263=LINE('',#7262,#7261);
#7264=CARTESIAN_POINT('',(7.191510783756E0,0.E0,-2.653433028854E-14));
#7265=CARTESIAN_POINT('',(-7.191510783756E0,0.E0,-2.653433028854E-14));
#7266=VERTEX_POINT('',#7264);
#7267=VERTEX_POINT('',#7265);
#7268=CARTESIAN_POINT('',(-4.849742261193E0,2.8E0,0.E0));
#7269=CARTESIAN_POINT('',(-5.888972745734E0,3.4E0,0.E0));
#7270=VERTEX_POINT('',#7268);
#7271=VERTEX_POINT('',#7269);
#7272=CARTESIAN_POINT('',(-5.888972745734E0,-3.4E0,0.E0));
#7273=VERTEX_POINT('',#7272);
#7274=CARTESIAN_POINT('',(-4.849742261193E0,-2.8E0,0.E0));
#7275=VERTEX_POINT('',#7274);
#7276=CARTESIAN_POINT('',(-5.6E0,0.E0,0.E0));
#7277=VERTEX_POINT('',#7276);
#7278=CARTESIAN_POINT('',(4.849742261193E0,2.8E0,0.E0));
#7279=CARTESIAN_POINT('',(5.888972745734E0,3.4E0,0.E0));
#7280=VERTEX_POINT('',#7278);
#7281=VERTEX_POINT('',#7279);
#7282=CARTESIAN_POINT('',(1.287858708565E-14,6.8E0,0.E0));
#7283=VERTEX_POINT('',#7282);
#7284=CARTESIAN_POINT('',(1.296489325689E-14,5.6E0,0.E0));
#7285=VERTEX_POINT('',#7284);
#7286=CARTESIAN_POINT('',(1.024044141172E-14,-6.8E0,0.E0));
#7287=CARTESIAN_POINT('',(1.431616624266E-14,-5.6E0,0.E0));
#7288=VERTEX_POINT('',#7286);
#7289=VERTEX_POINT('',#7287);
#7290=CARTESIAN_POINT('',(5.888972745734E0,-3.4E0,0.E0));
#7291=VERTEX_POINT('',#7290);
#7292=CARTESIAN_POINT('',(4.849742261193E0,-2.8E0,0.E0));
#7293=VERTEX_POINT('',#7292);
#7294=CARTESIAN_POINT('',(7.E0,-1.5E-1,0.E0));
#7295=CARTESIAN_POINT('',(5.E0,-1.5E-1,0.E0));
#7296=VERTEX_POINT('',#7294);
#7297=VERTEX_POINT('',#7295);
#7298=CARTESIAN_POINT('',(7.E0,1.E-1,0.E0));
#7299=VERTEX_POINT('',#7298);
#7300=CARTESIAN_POINT('',(6.702127695084E0,3.499999999999E-1,0.E0));
#7301=VERTEX_POINT('',#7300);
#7302=CARTESIAN_POINT('',(6.361702084541E0,3.5E-1,0.E0));
#7303=VERTEX_POINT('',#7302);
#7304=CARTESIAN_POINT('',(6.659574508667E0,9.999999999995E-2,0.E0));
#7305=VERTEX_POINT('',#7304);
#7306=CARTESIAN_POINT('',(5.E0,1.E-1,0.E0));
#7307=VERTEX_POINT('',#7306);
#7308=CARTESIAN_POINT('',(2.400000321435E0,4.156922494907E0,
2.020605904818E-14));
#7309=CARTESIAN_POINT('',(-2.400000321435E0,-4.156922494907E0,
2.020605904818E-14));
#7310=VERTEX_POINT('',#7308);
#7311=VERTEX_POINT('',#7309);
#7312=CARTESIAN_POINT('',(-4.836177992095E0,2.792168665585E0,
-1.794764078700E0));
#7313=VERTEX_POINT('',#7312);
#7314=CARTESIAN_POINT('',(-5.355773449009E0,3.092157242504E0,-1.2E0));
#7315=VERTEX_POINT('',#7314);
#7316=CARTESIAN_POINT('',(-5.369357503464E0,3.1E0,-1.2E0));
#7317=VERTEX_POINT('',#7316);
#7318=CARTESIAN_POINT('',(-5.888972745734E0,3.4E0,-1.799999999996E0));
#7319=VERTEX_POINT('',#7318);
#7320=CARTESIAN_POINT('',(4.836177992095E0,2.792168665585E0,-1.794764078701E0));
#7321=CARTESIAN_POINT('',(5.583721010893E0,8.296445510404E-2,
-1.794764078701E0));
#7322=VERTEX_POINT('',#7320);
#7323=VERTEX_POINT('',#7321);
#7324=CARTESIAN_POINT('',(5.584337331169E0,0.E0,-1.794764078701E0));
#7325=VERTEX_POINT('',#7324);
#7326=CARTESIAN_POINT('',(1.182750238734E-14,5.584337331170E0,
-1.794764078700E0));
#7327=VERTEX_POINT('',#7326);
#7328=CARTESIAN_POINT('',(-4.840673034150E0,-2.794763879326E0,-1.2E0));
#7329=VERTEX_POINT('',#7328);
#7330=CARTESIAN_POINT('',(-5.589527758651E0,0.E0,-1.2E0));
#7331=VERTEX_POINT('',#7330);
#7332=CARTESIAN_POINT('',(-5.564219842058E0,0.E0,-4.1E0));
#7333=VERTEX_POINT('',#7332);
#7334=CARTESIAN_POINT('',(0.E0,5.564219842058E0,-4.1E0));
#7335=VERTEX_POINT('',#7334);
#7336=CARTESIAN_POINT('',(0.E0,5.560729094942E0,-4.5E0));
#7337=VERTEX_POINT('',#7336);
#7338=CARTESIAN_POINT('',(5.560729094942E0,0.E0,-4.5E0));
#7339=VERTEX_POINT('',#7338);
#7340=CARTESIAN_POINT('',(0.E0,-5.560729094942E0,-4.5E0));
#7341=VERTEX_POINT('',#7340);
#7342=CARTESIAN_POINT('',(0.E0,-5.564219842058E0,-4.1E0));
#7343=VERTEX_POINT('',#7342);
#7344=CARTESIAN_POINT('',(5.564219842058E0,0.E0,-4.1E0));
#7345=VERTEX_POINT('',#7344);
#7346=CARTESIAN_POINT('',(5.355773449009E0,3.092157242504E0,-1.2E0));
#7347=CARTESIAN_POINT('',(5.355773449009E0,-3.092157242504E0,-1.2E0));
#7348=VERTEX_POINT('',#7346);
#7349=VERTEX_POINT('',#7347);
#7350=CARTESIAN_POINT('',(4.836177992095E0,-2.792168665585E0,
-1.794764078701E0));
#7351=VERTEX_POINT('',#7350);
#7352=CARTESIAN_POINT('',(5.369357503464E0,-3.1E0,-1.2E0));
#7353=VERTEX_POINT('',#7352);
#7354=CARTESIAN_POINT('',(5.369357503464E0,3.1E0,-1.2E0));
#7355=VERTEX_POINT('',#7354);
#7356=CARTESIAN_POINT('',(1.332267629550E-14,6.184314485008E0,-1.2E0));
#7357=VERTEX_POINT('',#7356);
#7358=CARTESIAN_POINT('',(0.E0,6.2E0,-1.2E0));
#7359=VERTEX_POINT('',#7358);
#7360=CARTESIAN_POINT('',(1.407867909261E-14,-6.184314485008E0,-1.2E0));
#7361=CARTESIAN_POINT('',(-5.355773449009E0,-3.092157242504E0,-1.2E0));
#7362=VERTEX_POINT('',#7360);
#7363=VERTEX_POINT('',#7361);
#7364=CARTESIAN_POINT('',(-5.369357503464E0,-3.1E0,-1.2E0));
#7365=VERTEX_POINT('',#7364);
#7366=CARTESIAN_POINT('',(-7.010306385063E-2,-6.199603661561E0,-1.2E0));
#7367=VERTEX_POINT('',#7366);
#7368=CARTESIAN_POINT('',(1.626453360938E-14,-6.2E0,-1.2E0));
#7369=VERTEX_POINT('',#7368);
#7370=CARTESIAN_POINT('',(5.888972745734E0,-3.4E0,-1.799999999999E0));
#7371=VERTEX_POINT('',#7370);
#7372=CARTESIAN_POINT('',(-5.560729094942E0,0.E0,-4.5E0));
#7373=VERTEX_POINT('',#7372);
#7374=CARTESIAN_POINT('',(-4.836177992095E0,-2.792168665585E0,
-1.794764078700E0));
#7375=VERTEX_POINT('',#7374);
#7376=CARTESIAN_POINT('',(1.385383759192E-14,-5.584337331169E0,
-1.794764078701E0));
#7377=VERTEX_POINT('',#7376);
#7378=CARTESIAN_POINT('',(0.E0,5.E0,-4.5E0));
#7379=CARTESIAN_POINT('',(0.E0,-5.E0,-4.5E0));
#7380=VERTEX_POINT('',#7378);
#7381=VERTEX_POINT('',#7379);
#7382=CARTESIAN_POINT('',(0.E0,4.175E0,-2.E0));
#7383=VERTEX_POINT('',#7382);
#7384=CARTESIAN_POINT('',(0.E0,-4.175E0,-2.E0));
#7385=VERTEX_POINT('',#7384);
#7386=CARTESIAN_POINT('',(-1.9625E0,-3.399149709854E0,-2.E0));
#7387=CARTESIAN_POINT('',(1.9625E0,3.399149709854E0,-2.E0));
#7388=VERTEX_POINT('',#7386);
#7389=VERTEX_POINT('',#7387);
#7390=CARTESIAN_POINT('',(-1.9625E0,-3.399149709854E0,-2.999841462454E-1));
#7391=VERTEX_POINT('',#7390);
#7392=CARTESIAN_POINT('',(1.9625E0,3.399149709854E0,-2.999841462454E-1));
#7393=VERTEX_POINT('',#7392);
#7394=CARTESIAN_POINT('',(-5.888972745734E0,-3.4E0,-1.799999999999E0));
#7395=VERTEX_POINT('',#7394);
#7396=CARTESIAN_POINT('',(1.841374275280E-14,-6.8E0,-1.8E0));
#7397=VERTEX_POINT('',#7396);
#7398=CARTESIAN_POINT('',(-7.688723132005E-2,-6.799565306228E0,-1.8E0));
#7399=VERTEX_POINT('',#7398);
#7400=CARTESIAN_POINT('',(0.E0,6.8E0,-1.8E0));
#7401=VERTEX_POINT('',#7400);
#7402=CARTESIAN_POINT('',(0.E0,6.8E0,-7.7E0));
#7403=VERTEX_POINT('',#7402);
#7404=CARTESIAN_POINT('',(0.E0,-6.8E0,-7.7E0));
#7405=VERTEX_POINT('',#7404);
#7406=CARTESIAN_POINT('',(-6.004043631441E0,-3.192406626944E0,-5.6E0));
#7407=CARTESIAN_POINT('',(-6.004043631441E0,3.192406626944E0,-5.6E0));
#7408=VERTEX_POINT('',#7406);
#7409=VERTEX_POINT('',#7407);
#7410=CARTESIAN_POINT('',(-6.004043631441E0,-3.192406626944E0,-7.4E0));
#7411=VERTEX_POINT('',#7410);
#7412=CARTESIAN_POINT('',(-6.004043631441E0,3.192406626944E0,-7.4E0));
#7413=VERTEX_POINT('',#7412);
#7414=CARTESIAN_POINT('',(-5.695011973940E0,3.028091579969E0,-5.6E0));
#7415=VERTEX_POINT('',#7414);
#7416=CARTESIAN_POINT('',(-5.695011973940E0,-3.028091579969E0,-5.6E0));
#7417=VERTEX_POINT('',#7416);
#7418=CARTESIAN_POINT('',(-5.695011973940E0,3.028091579969E0,-6.8E0));
#7419=VERTEX_POINT('',#7418);
#7420=CARTESIAN_POINT('',(-5.695011973940E0,-3.028091579969E0,-6.8E0));
#7421=VERTEX_POINT('',#7420);
#7422=CARTESIAN_POINT('',(5.888972745734E0,3.4E0,-1.799999999999E0));
#7423=VERTEX_POINT('',#7422);
#7424=CARTESIAN_POINT('',(2.373165775770E-1,6.795857623730E0,-5.6E0));
#7425=CARTESIAN_POINT('',(5.766727053864E0,3.603450996786E0,-5.6E0));
#7426=VERTEX_POINT('',#7424);
#7427=VERTEX_POINT('',#7425);
#7428=CARTESIAN_POINT('',(2.373165775770E-1,6.795857623730E0,-7.4E0));
#7429=VERTEX_POINT('',#7428);
#7430=CARTESIAN_POINT('',(5.766727053864E0,3.603450996786E0,-7.4E0));
#7431=VERTEX_POINT('',#7430);
#7432=CARTESIAN_POINT('',(5.766727053864E0,-3.603450996786E0,-5.6E0));
#7433=CARTESIAN_POINT('',(2.373165775770E-1,-6.795857623730E0,-5.6E0));
#7434=VERTEX_POINT('',#7432);
#7435=VERTEX_POINT('',#7433);
#7436=CARTESIAN_POINT('',(5.766727053864E0,-3.603450996786E0,-7.4E0));
#7437=VERTEX_POINT('',#7436);
#7438=CARTESIAN_POINT('',(2.373165775770E-1,-6.795857623730E0,-7.4E0));
#7439=VERTEX_POINT('',#7438);
#7440=CARTESIAN_POINT('',(5.469910220209E0,3.417979254304E0,-5.6E0));
#7441=VERTEX_POINT('',#7440);
#7442=CARTESIAN_POINT('',(2.251017537311E-1,6.446070834273E0,-5.6E0));
#7443=VERTEX_POINT('',#7442);
#7444=CARTESIAN_POINT('',(5.469910220209E0,3.417979254304E0,-6.8E0));
#7445=VERTEX_POINT('',#7444);
#7446=CARTESIAN_POINT('',(2.251017537311E-1,6.446070834273E0,-6.8E0));
#7447=VERTEX_POINT('',#7446);
#7448=CARTESIAN_POINT('',(2.251017537311E-1,-6.446070834273E0,-5.6E0));
#7449=VERTEX_POINT('',#7448);
#7450=CARTESIAN_POINT('',(5.469910220209E0,-3.417979254304E0,-5.6E0));
#7451=VERTEX_POINT('',#7450);
#7452=CARTESIAN_POINT('',(2.251017537311E-1,-6.446070834273E0,-6.8E0));
#7453=VERTEX_POINT('',#7452);
#7454=CARTESIAN_POINT('',(5.469910220209E0,-3.417979254304E0,-6.8E0));
#7455=VERTEX_POINT('',#7454);
#7456=CARTESIAN_POINT('',(0.E0,-7.449999981951E0,-7.7E0));
#7457=CARTESIAN_POINT('',(0.E0,7.449999981951E0,-7.7E0));
#7458=VERTEX_POINT('',#7456);
#7459=VERTEX_POINT('',#7457);
#7460=CARTESIAN_POINT('',(0.E0,-7.65E0,-7.5E0));
#7461=VERTEX_POINT('',#7460);
#7462=CARTESIAN_POINT('',(0.E0,7.65E0,-7.5E0));
#7463=CARTESIAN_POINT('',(3.574190229769E-2,-7.649916503886E0,-7.5E0));
#7464=VERTEX_POINT('',#7462);
#7465=VERTEX_POINT('',#7463);
#7466=CARTESIAN_POINT('',(-3.574190229768E-2,7.649916503886E0,-7.5E0));
#7467=VERTEX_POINT('',#7466);
#7468=CARTESIAN_POINT('',(7.752618060324E0,0.E0,-7.499999998478E0));
#7469=CARTESIAN_POINT('',(-7.752618060324E0,0.E0,-7.499999998478E0));
#7470=VERTEX_POINT('',#7468);
#7471=VERTEX_POINT('',#7469);
#7472=CARTESIAN_POINT('',(0.E0,-7.751745373558E0,-7.4E0));
#7473=CARTESIAN_POINT('',(-7.751745373558E0,0.E0,-7.4E0));
#7474=VERTEX_POINT('',#7472);
#7475=VERTEX_POINT('',#7473);
#7476=CARTESIAN_POINT('',(7.751745373558E0,0.E0,-7.4E0));
#7477=VERTEX_POINT('',#7476);
#7478=CARTESIAN_POINT('',(0.E0,7.751745373558E0,-7.4E0));
#7479=VERTEX_POINT('',#7478);
#7480=CARTESIAN_POINT('',(0.E0,7.697638793255E0,-1.2E0));
#7481=VERTEX_POINT('',#7480);
#7482=CARTESIAN_POINT('',(7.697638793255E0,-3.921777190110E-13,-1.2E0));
#7483=VERTEX_POINT('',#7482);
#7484=CARTESIAN_POINT('',(7.691491908127E0,-1.983053761006E-13,
-4.956367306311E-1));
#7485=VERTEX_POINT('',#7484);
#7486=CARTESIAN_POINT('',(-7.691409476715E0,3.560946904027E-2,
-4.956367306311E-1));
#7487=VERTEX_POINT('',#7486);
#7488=CARTESIAN_POINT('',(-7.691491908127E0,0.E0,-4.956367306311E-1));
#7489=VERTEX_POINT('',#7488);
#7490=CARTESIAN_POINT('',(-7.697638793255E0,0.E0,-1.2E0));
#7491=VERTEX_POINT('',#7490);
#7492=CARTESIAN_POINT('',(0.E0,-7.697638793255E0,-1.2E0));
#7493=VERTEX_POINT('',#7492);
#7494=CARTESIAN_POINT('',(7.691409476715E0,-3.560946904027E-2,
-4.956367306311E-1));
#7495=VERTEX_POINT('',#7494);
#7496=CARTESIAN_POINT('',(5.E0,-1.5E-1,-2.E-1));
#7497=VERTEX_POINT('',#7496);
#7498=CARTESIAN_POINT('',(7.E0,-1.5E-1,-2.E-1));
#7499=VERTEX_POINT('',#7498);
#7500=CARTESIAN_POINT('',(5.E0,1.E-1,-2.E-1));
#7501=VERTEX_POINT('',#7500);
#7502=CARTESIAN_POINT('',(6.659574508667E0,9.999999999995E-2,-2.E-1));
#7503=VERTEX_POINT('',#7502);
#7504=CARTESIAN_POINT('',(6.361702084541E0,3.5E-1,-2.E-1));
#7505=VERTEX_POINT('',#7504);
#7506=CARTESIAN_POINT('',(6.702127695084E0,3.499999999999E-1,-2.E-1));
#7507=VERTEX_POINT('',#7506);
#7508=CARTESIAN_POINT('',(7.E0,1.E-1,-2.E-1));
#7509=VERTEX_POINT('',#7508);
#7510=CARTESIAN_POINT('',(0.E0,0.E0,0.E0));
#7511=DIRECTION('',(0.E0,0.E0,1.E0));
#7512=DIRECTION('',(-1.E0,0.E0,0.E0));
#7513=AXIS2_PLACEMENT_3D('',#7510,#7511,#7512);
#7514=PLANE('',#7513);
#7516=ORIENTED_EDGE('',*,*,#7515,.T.);
#7518=ORIENTED_EDGE('',*,*,#7517,.T.);
#7519=EDGE_LOOP('',(#7516,#7518));
#7520=FACE_OUTER_BOUND('',#7519,.F.);
#7522=ORIENTED_EDGE('',*,*,#7521,.T.);
#7524=ORIENTED_EDGE('',*,*,#7523,.T.);
#7526=ORIENTED_EDGE('',*,*,#7525,.T.);
#7528=ORIENTED_EDGE('',*,*,#7527,.T.);
#7530=ORIENTED_EDGE('',*,*,#7529,.T.);
#7531=EDGE_LOOP('',(#7522,#7524,#7526,#7528,#7530));
#7532=FACE_BOUND('',#7531,.F.);
#7534=ORIENTED_EDGE('',*,*,#7533,.T.);
#7536=ORIENTED_EDGE('',*,*,#7535,.T.);
#7538=ORIENTED_EDGE('',*,*,#7537,.F.);
#7540=ORIENTED_EDGE('',*,*,#7539,.T.);
#7541=EDGE_LOOP('',(#7534,#7536,#7538,#7540));
#7542=FACE_BOUND('',#7541,.F.);
#7544=ORIENTED_EDGE('',*,*,#7543,.F.);
#7546=ORIENTED_EDGE('',*,*,#7545,.T.);
#7548=ORIENTED_EDGE('',*,*,#7547,.T.);
#7550=ORIENTED_EDGE('',*,*,#7549,.T.);
#7551=EDGE_LOOP('',(#7544,#7546,#7548,#7550));
#7552=FACE_BOUND('',#7551,.F.);
#7554=ORIENTED_EDGE('',*,*,#7553,.F.);
#7556=ORIENTED_EDGE('',*,*,#7555,.F.);
#7558=ORIENTED_EDGE('',*,*,#7557,.T.);
#7560=ORIENTED_EDGE('',*,*,#7559,.F.);
#7562=ORIENTED_EDGE('',*,*,#7561,.T.);
#7564=ORIENTED_EDGE('',*,*,#7563,.F.);
#7566=ORIENTED_EDGE('',*,*,#7565,.F.);
#7567=EDGE_LOOP('',(#7554,#7556,#7558,#7560,#7562,#7564,#7566));
#7568=FACE_BOUND('',#7567,.F.);
#7570=ORIENTED_EDGE('',*,*,#7569,.T.);
#7572=ORIENTED_EDGE('',*,*,#7571,.T.);
#7573=EDGE_LOOP('',(#7570,#7572));
#7574=FACE_BOUND('',#7573,.F.);
#7575=ADVANCED_FACE('',(#7520,#7532,#7542,#7552,#7568,#7574),#7514,.T.);
#7576=CARTESIAN_POINT('',(0.E0,0.E0,-5.E-1));
#7577=DIRECTION('',(0.E0,0.E0,1.E0));
#7578=DIRECTION('',(-9.999892827798E-1,4.629721966248E-3,0.E0));
#7579=AXIS2_PLACEMENT_3D('',#7576,#7577,#7578);
#7580=TOROIDAL_SURFACE('',#7579,7.191510946609E0,5.E-1);
#7581=ORIENTED_EDGE('',*,*,#7515,.F.);
#7583=ORIENTED_EDGE('',*,*,#7582,.F.);
#7585=ORIENTED_EDGE('',*,*,#7584,.T.);
#7587=ORIENTED_EDGE('',*,*,#7586,.T.);
#7589=ORIENTED_EDGE('',*,*,#7588,.T.);
#7590=EDGE_LOOP('',(#7581,#7583,#7585,#7587,#7589));
#7591=FACE_OUTER_BOUND('',#7590,.F.);
#7592=ADVANCED_FACE('',(#7591),#7580,.T.);
#7593=CARTESIAN_POINT('',(0.E0,0.E0,-5.E-1));
#7594=DIRECTION('',(0.E0,0.E0,1.E0));
#7595=DIRECTION('',(9.999892827798E-1,-4.629721966248E-3,0.E0));
#7596=AXIS2_PLACEMENT_3D('',#7593,#7594,#7595);
#7597=TOROIDAL_SURFACE('',#7596,7.191510946609E0,5.E-1);
#7598=ORIENTED_EDGE('',*,*,#7517,.F.);
#7599=ORIENTED_EDGE('',*,*,#7588,.F.);
#7601=ORIENTED_EDGE('',*,*,#7600,.T.);
#7603=ORIENTED_EDGE('',*,*,#7602,.T.);
#7604=ORIENTED_EDGE('',*,*,#7582,.T.);
#7605=EDGE_LOOP('',(#7598,#7599,#7601,#7603,#7604));
#7606=FACE_OUTER_BOUND('',#7605,.F.);
#7607=ADVANCED_FACE('',(#7606),#7597,.T.);
#7608=CARTESIAN_POINT('',(0.E0,0.E0,-3.997818364555E0));
#7609=DIRECTION('',(0.E0,0.E0,-1.E0));
#7610=DIRECTION('',(-1.E0,0.E0,0.E0));
#7611=AXIS2_PLACEMENT_3D('',#7608,#7609,#7610);
#7612=CONICAL_SURFACE('',#7611,7.722054984225E0,5.E-1);
#7614=ORIENTED_EDGE('',*,*,#7613,.T.);
#7616=ORIENTED_EDGE('',*,*,#7615,.T.);
#7618=ORIENTED_EDGE('',*,*,#7617,.F.);
#7620=ORIENTED_EDGE('',*,*,#7619,.F.);
#7622=ORIENTED_EDGE('',*,*,#7621,.F.);
#7624=ORIENTED_EDGE('',*,*,#7623,.T.);
#7626=ORIENTED_EDGE('',*,*,#7625,.F.);
#7628=ORIENTED_EDGE('',*,*,#7627,.T.);
#7629=ORIENTED_EDGE('',*,*,#7602,.F.);
#7630=ORIENTED_EDGE('',*,*,#7600,.F.);
#7632=ORIENTED_EDGE('',*,*,#7631,.F.);
#7634=ORIENTED_EDGE('',*,*,#7633,.T.);
#7636=ORIENTED_EDGE('',*,*,#7635,.F.);
#7637=EDGE_LOOP('',(#7614,#7616,#7618,#7620,#7622,#7624,#7626,#7628,#7629,#7630,
#7632,#7634,#7636));
#7638=FACE_OUTER_BOUND('',#7637,.F.);
#7639=ADVANCED_FACE('',(#7638),#7612,.T.);
#7640=CARTESIAN_POINT('',(0.E0,0.E0,-3.997818364555E0));
#7641=DIRECTION('',(0.E0,0.E0,-1.E0));
#7642=DIRECTION('',(-1.E0,0.E0,0.E0));
#7643=AXIS2_PLACEMENT_3D('',#7640,#7641,#7642);
#7644=CONICAL_SURFACE('',#7643,7.722054984225E0,5.E-1);
#7645=ORIENTED_EDGE('',*,*,#7621,.T.);
#7646=ORIENTED_EDGE('',*,*,#7619,.T.);
#7648=ORIENTED_EDGE('',*,*,#7647,.F.);
#7649=ORIENTED_EDGE('',*,*,#7615,.F.);
#7650=ORIENTED_EDGE('',*,*,#7613,.F.);
#7651=ORIENTED_EDGE('',*,*,#7635,.T.);
#7652=ORIENTED_EDGE('',*,*,#7633,.F.);
#7653=ORIENTED_EDGE('',*,*,#7631,.T.);
#7654=ORIENTED_EDGE('',*,*,#7586,.F.);
#7655=ORIENTED_EDGE('',*,*,#7584,.F.);
#7656=ORIENTED_EDGE('',*,*,#7627,.F.);
#7657=ORIENTED_EDGE('',*,*,#7625,.T.);
#7658=ORIENTED_EDGE('',*,*,#7623,.F.);
#7659=EDGE_LOOP('',(#7645,#7646,#7648,#7649,#7650,#7651,#7652,#7653,#7654,#7655,
#7656,#7657,#7658));
#7660=FACE_OUTER_BOUND('',#7659,.F.);
#7661=ADVANCED_FACE('',(#7660),#7644,.T.);
#7662=CARTESIAN_POINT('',(0.E0,0.E0,-7.5E0));
#7663=DIRECTION('',(0.E0,0.E0,-1.E0));
#7664=DIRECTION('',(1.E0,0.E0,0.E0));
#7665=AXIS2_PLACEMENT_3D('',#7662,#7663,#7664);
#7666=PLANE('',#7665);
#7667=ORIENTED_EDGE('',*,*,#7617,.T.);
#7668=ORIENTED_EDGE('',*,*,#7647,.T.);
#7669=EDGE_LOOP('',(#7667,#7668));
#7670=FACE_OUTER_BOUND('',#7669,.F.);
#7672=ORIENTED_EDGE('',*,*,#7671,.T.);
#7674=ORIENTED_EDGE('',*,*,#7673,.F.);
#7676=ORIENTED_EDGE('',*,*,#7675,.T.);
#7678=ORIENTED_EDGE('',*,*,#7677,.F.);
#7679=EDGE_LOOP('',(#7672,#7674,#7676,#7678));
#7680=FACE_BOUND('',#7679,.F.);
#7681=ADVANCED_FACE('',(#7670,#7680),#7666,.T.);
#7682=CARTESIAN_POINT('',(0.E0,0.E0,-7.5E0));
#7683=DIRECTION('',(0.E0,0.E0,-1.E0));
#7684=DIRECTION('',(-4.672144091200E-3,9.999890854752E-1,0.E0));
#7685=AXIS2_PLACEMENT_3D('',#7682,#7683,#7684);
#7686=TOROIDAL_SURFACE('',#7685,7.45E0,2.E-1);
#7688=ORIENTED_EDGE('',*,*,#7687,.F.);
#7690=ORIENTED_EDGE('',*,*,#7689,.F.);
#7691=ORIENTED_EDGE('',*,*,#7673,.T.);
#7692=ORIENTED_EDGE('',*,*,#7671,.F.);
#7694=ORIENTED_EDGE('',*,*,#7693,.T.);
#7695=EDGE_LOOP('',(#7688,#7690,#7691,#7692,#7694));
#7696=FACE_OUTER_BOUND('',#7695,.F.);
#7697=ADVANCED_FACE('',(#7696),#7686,.T.);
#7698=CARTESIAN_POINT('',(0.E0,0.E0,-7.7E0));
#7699=DIRECTION('',(0.E0,0.E0,-1.E0));
#7700=DIRECTION('',(0.E0,-1.E0,0.E0));
#7701=AXIS2_PLACEMENT_3D('',#7698,#7699,#7700);
#7702=PLANE('',#7701);
#7703=ORIENTED_EDGE('',*,*,#7687,.T.);
#7705=ORIENTED_EDGE('',*,*,#7704,.T.);
#7706=EDGE_LOOP('',(#7703,#7705));
#7707=FACE_OUTER_BOUND('',#7706,.F.);
#7709=ORIENTED_EDGE('',*,*,#7708,.T.);
#7711=ORIENTED_EDGE('',*,*,#7710,.T.);
#7712=EDGE_LOOP('',(#7709,#7711));
#7713=FACE_BOUND('',#7712,.F.);
#7714=ADVANCED_FACE('',(#7707,#7713),#7702,.T.);
#7715=CARTESIAN_POINT('',(0.E0,0.E0,-7.5E0));
#7716=DIRECTION('',(0.E0,0.E0,-1.E0));
#7717=DIRECTION('',(4.672144091199E-3,-9.999890854752E-1,0.E0));
#7718=AXIS2_PLACEMENT_3D('',#7715,#7716,#7717);
#7719=TOROIDAL_SURFACE('',#7718,7.45E0,2.E-1);
#7720=ORIENTED_EDGE('',*,*,#7704,.F.);
#7721=ORIENTED_EDGE('',*,*,#7693,.F.);
#7722=ORIENTED_EDGE('',*,*,#7677,.T.);
#7723=ORIENTED_EDGE('',*,*,#7675,.F.);
#7724=ORIENTED_EDGE('',*,*,#7689,.T.);
#7725=EDGE_LOOP('',(#7720,#7721,#7722,#7723,#7724));
#7726=FACE_OUTER_BOUND('',#7725,.F.);
#7727=ADVANCED_FACE('',(#7726),#7719,.T.);
#7728=CARTESIAN_POINT('',(0.E0,0.E0,-1.2E0));
#7729=DIRECTION('',(0.E0,0.E0,-1.E0));
#7730=DIRECTION('',(0.E0,-1.E0,0.E0));
#7731=AXIS2_PLACEMENT_3D('',#7728,#7729,#7730);
#7732=CYLINDRICAL_SURFACE('',#7731,6.8E0);
#7734=ORIENTED_EDGE('',*,*,#7733,.T.);
#7736=ORIENTED_EDGE('',*,*,#7735,.F.);
#7737=ORIENTED_EDGE('',*,*,#7708,.F.);
#7739=ORIENTED_EDGE('',*,*,#7738,.T.);
#7741=ORIENTED_EDGE('',*,*,#7740,.T.);
#7742=ORIENTED_EDGE('',*,*,#7535,.F.);
#7744=ORIENTED_EDGE('',*,*,#7743,.T.);
#7746=ORIENTED_EDGE('',*,*,#7745,.F.);
#7748=ORIENTED_EDGE('',*,*,#7747,.T.);
#7749=ORIENTED_EDGE('',*,*,#7545,.F.);
#7750=EDGE_LOOP('',(#7734,#7736,#7737,#7739,#7741,#7742,#7744,#7746,#7748,
#7749));
#7751=FACE_OUTER_BOUND('',#7750,.F.);
#7753=ORIENTED_EDGE('',*,*,#7752,.F.);
#7755=ORIENTED_EDGE('',*,*,#7754,.T.);
#7757=ORIENTED_EDGE('',*,*,#7756,.F.);
#7759=ORIENTED_EDGE('',*,*,#7758,.T.);
#7760=EDGE_LOOP('',(#7753,#7755,#7757,#7759));
#7761=FACE_BOUND('',#7760,.F.);
#7763=ORIENTED_EDGE('',*,*,#7762,.F.);
#7765=ORIENTED_EDGE('',*,*,#7764,.T.);
#7767=ORIENTED_EDGE('',*,*,#7766,.F.);
#7769=ORIENTED_EDGE('',*,*,#7768,.T.);
#7770=EDGE_LOOP('',(#7763,#7765,#7767,#7769));
#7771=FACE_BOUND('',#7770,.F.);
#7772=ADVANCED_FACE('',(#7751,#7761,#7771),#7732,.F.);
#7773=CARTESIAN_POINT('',(1.465494392505E-14,-5.6E0,0.E0));
#7774=DIRECTION('',(-1.E0,0.E0,0.E0));
#7775=DIRECTION('',(0.E0,-1.E0,0.E0));
#7776=AXIS2_PLACEMENT_3D('',#7773,#7774,#7775);
#7777=PLANE('',#7776);
#7779=ORIENTED_EDGE('',*,*,#7778,.T.);
#7781=ORIENTED_EDGE('',*,*,#7780,.T.);
#7783=ORIENTED_EDGE('',*,*,#7782,.T.);
#7785=ORIENTED_EDGE('',*,*,#7784,.T.);
#7786=ORIENTED_EDGE('',*,*,#7733,.F.);
#7787=ORIENTED_EDGE('',*,*,#7543,.T.);
#7788=EDGE_LOOP('',(#7779,#7781,#7783,#7785,#7786,#7787));
#7789=FACE_OUTER_BOUND('',#7788,.F.);
#7790=ADVANCED_FACE('',(#7789),#7777,.F.);
#7791=CARTESIAN_POINT('',(0.E0,0.E0,-2.25E0));
#7792=DIRECTION('',(0.E0,0.E0,1.E0));
#7793=DIRECTION('',(1.E0,0.E0,0.E0));
#7794=AXIS2_PLACEMENT_3D('',#7791,#7792,#7793);
#7795=CONICAL_SURFACE('',#7794,5.580364547471E0,5.E-1);
#7797=ORIENTED_EDGE('',*,*,#7796,.F.);
#7799=ORIENTED_EDGE('',*,*,#7798,.F.);
#7801=ORIENTED_EDGE('',*,*,#7800,.F.);
#7803=ORIENTED_EDGE('',*,*,#7802,.T.);
#7805=ORIENTED_EDGE('',*,*,#7804,.F.);
#7807=ORIENTED_EDGE('',*,*,#7806,.F.);
#7809=ORIENTED_EDGE('',*,*,#7808,.F.);
#7811=ORIENTED_EDGE('',*,*,#7810,.T.);
#7813=ORIENTED_EDGE('',*,*,#7812,.T.);
#7815=ORIENTED_EDGE('',*,*,#7814,.F.);
#7817=ORIENTED_EDGE('',*,*,#7816,.F.);
#7819=ORIENTED_EDGE('',*,*,#7818,.F.);
#7820=ORIENTED_EDGE('',*,*,#7778,.F.);
#7821=ORIENTED_EDGE('',*,*,#7549,.F.);
#7823=ORIENTED_EDGE('',*,*,#7822,.F.);
#7824=EDGE_LOOP('',(#7797,#7799,#7801,#7803,#7805,#7807,#7809,#7811,#7813,#7815,
#7817,#7819,#7820,#7821,#7823));
#7825=FACE_OUTER_BOUND('',#7824,.F.);
#7826=ADVANCED_FACE('',(#7825),#7795,.T.);
#7827=CARTESIAN_POINT('',(0.E0,0.E0,-1.8E0));
#7828=DIRECTION('',(0.E0,0.E0,1.E0));
#7829=DIRECTION('',(9.998896341248E-1,1.485663386432E-2,0.E0));
#7830=AXIS2_PLACEMENT_3D('',#7827,#7828,#7829);
#7831=TOROIDAL_SURFACE('',#7830,6.184314485008E0,6.E-1);
#7833=ORIENTED_EDGE('',*,*,#7832,.F.);
#7835=ORIENTED_EDGE('',*,*,#7834,.F.);
#7837=ORIENTED_EDGE('',*,*,#7836,.T.);
#7839=ORIENTED_EDGE('',*,*,#7838,.T.);
#7840=ORIENTED_EDGE('',*,*,#7796,.T.);
#7842=ORIENTED_EDGE('',*,*,#7841,.F.);
#7843=EDGE_LOOP('',(#7833,#7835,#7837,#7839,#7840,#7842));
#7844=FACE_OUTER_BOUND('',#7843,.F.);
#7845=ADVANCED_FACE('',(#7844),#7831,.F.);
#7846=CARTESIAN_POINT('',(0.E0,0.E0,-1.2E0));
#7847=DIRECTION('',(0.E0,0.E0,1.E0));
#7848=DIRECTION('',(-1.E0,0.E0,0.E0));
#7849=AXIS2_PLACEMENT_3D('',#7846,#7847,#7848);
#7850=PLANE('',#7849);
#7851=ORIENTED_EDGE('',*,*,#7832,.T.);
#7853=ORIENTED_EDGE('',*,*,#7852,.T.);
#7855=ORIENTED_EDGE('',*,*,#7854,.T.);
#7857=ORIENTED_EDGE('',*,*,#7856,.T.);
#7858=EDGE_LOOP('',(#7851,#7853,#7855,#7857));
#7859=FACE_OUTER_BOUND('',#7858,.F.);
#7860=ADVANCED_FACE('',(#7859),#7850,.F.);
#7861=CARTESIAN_POINT('',(5.888972745734E0,-3.4E0,0.E0));
#7862=DIRECTION('',(5.E-1,8.660254037844E-1,0.E0));
#7863=DIRECTION('',(-8.660254037844E-1,5.E-1,0.E0));
#7864=AXIS2_PLACEMENT_3D('',#7861,#7862,#7863);
#7865=PLANE('',#7864);
#7866=ORIENTED_EDGE('',*,*,#7852,.F.);
#7867=ORIENTED_EDGE('',*,*,#7841,.T.);
#7868=ORIENTED_EDGE('',*,*,#7822,.T.);
#7869=ORIENTED_EDGE('',*,*,#7547,.F.);
#7870=ORIENTED_EDGE('',*,*,#7747,.F.);
#7872=ORIENTED_EDGE('',*,*,#7871,.T.);
#7873=EDGE_LOOP('',(#7866,#7867,#7868,#7869,#7870,#7872));
#7874=FACE_OUTER_BOUND('',#7873,.F.);
#7875=ADVANCED_FACE('',(#7874),#7865,.F.);
#7876=CARTESIAN_POINT('',(0.E0,0.E0,-1.8E0));
#7877=DIRECTION('',(0.E0,0.E0,-1.E0));
#7878=DIRECTION('',(-7.465164104258E-3,-9.999721352742E-1,0.E0));
#7879=AXIS2_PLACEMENT_3D('',#7876,#7877,#7878);
#7880=TOROIDAL_SURFACE('',#7879,6.2E0,6.E-1);
#7881=ORIENTED_EDGE('',*,*,#7745,.T.);
#7883=ORIENTED_EDGE('',*,*,#7882,.F.);
#7884=ORIENTED_EDGE('',*,*,#7854,.F.);
#7885=ORIENTED_EDGE('',*,*,#7871,.F.);
#7886=EDGE_LOOP('',(#7881,#7883,#7884,#7885));
#7887=FACE_OUTER_BOUND('',#7886,.F.);
#7888=ADVANCED_FACE('',(#7887),#7880,.F.);
#7889=CARTESIAN_POINT('',(4.849742261193E0,2.8E0,0.E0));
#7890=DIRECTION('',(5.E-1,-8.660254037844E-1,0.E0));
#7891=DIRECTION('',(8.660254037844E-1,5.E-1,0.E0));
#7892=AXIS2_PLACEMENT_3D('',#7889,#7890,#7891);
#7893=PLANE('',#7892);
#7895=ORIENTED_EDGE('',*,*,#7894,.T.);
#7896=ORIENTED_EDGE('',*,*,#7834,.T.);
#7897=ORIENTED_EDGE('',*,*,#7856,.F.);
#7898=ORIENTED_EDGE('',*,*,#7882,.T.);
#7899=ORIENTED_EDGE('',*,*,#7743,.F.);
#7900=ORIENTED_EDGE('',*,*,#7533,.F.);
#7901=EDGE_LOOP('',(#7895,#7896,#7897,#7898,#7899,#7900));
#7902=FACE_OUTER_BOUND('',#7901,.F.);
#7903=ADVANCED_FACE('',(#7902),#7893,.F.);
#7904=CARTESIAN_POINT('',(0.E0,0.E0,-2.25E0));
#7905=DIRECTION('',(0.E0,0.E0,1.E0));
#7906=DIRECTION('',(1.E0,0.E0,0.E0));
#7907=AXIS2_PLACEMENT_3D('',#7904,#7905,#7906);
#7908=CONICAL_SURFACE('',#7907,5.580364547471E0,5.E-1);
#7909=ORIENTED_EDGE('',*,*,#7838,.F.);
#7910=ORIENTED_EDGE('',*,*,#7836,.F.);
#7911=ORIENTED_EDGE('',*,*,#7894,.F.);
#7912=ORIENTED_EDGE('',*,*,#7539,.F.);
#7914=ORIENTED_EDGE('',*,*,#7913,.F.);
#7916=ORIENTED_EDGE('',*,*,#7915,.F.);
#7918=ORIENTED_EDGE('',*,*,#7917,.F.);
#7919=ORIENTED_EDGE('',*,*,#7529,.F.);
#7920=ORIENTED_EDGE('',*,*,#7527,.F.);
#7922=ORIENTED_EDGE('',*,*,#7921,.F.);
#7923=ORIENTED_EDGE('',*,*,#7814,.T.);
#7924=ORIENTED_EDGE('',*,*,#7812,.F.);
#7925=ORIENTED_EDGE('',*,*,#7810,.F.);
#7926=ORIENTED_EDGE('',*,*,#7808,.T.);
#7928=ORIENTED_EDGE('',*,*,#7927,.F.);
#7930=ORIENTED_EDGE('',*,*,#7929,.F.);
#7931=ORIENTED_EDGE('',*,*,#7802,.F.);
#7932=ORIENTED_EDGE('',*,*,#7800,.T.);
#7933=ORIENTED_EDGE('',*,*,#7798,.T.);
#7934=EDGE_LOOP('',(#7909,#7910,#7911,#7912,#7914,#7916,#7918,#7919,#7920,#7922,
#7923,#7924,#7925,#7926,#7928,#7930,#7931,#7932,#7933));
#7935=FACE_OUTER_BOUND('',#7934,.F.);
#7936=ADVANCED_FACE('',(#7935),#7908,.T.);
#7937=CARTESIAN_POINT('',(1.421085471520E-14,6.8E0,0.E0));
#7938=DIRECTION('',(-1.E0,0.E0,0.E0));
#7939=DIRECTION('',(0.E0,-1.E0,0.E0));
#7940=AXIS2_PLACEMENT_3D('',#7937,#7938,#7939);
#7941=PLANE('',#7940);
#7943=ORIENTED_EDGE('',*,*,#7942,.F.);
#7945=ORIENTED_EDGE('',*,*,#7944,.T.);
#7946=ORIENTED_EDGE('',*,*,#7913,.T.);
#7947=ORIENTED_EDGE('',*,*,#7537,.T.);
#7948=ORIENTED_EDGE('',*,*,#7740,.F.);
#7950=ORIENTED_EDGE('',*,*,#7949,.T.);
#7951=EDGE_LOOP('',(#7943,#7945,#7946,#7947,#7948,#7950));
#7952=FACE_OUTER_BOUND('',#7951,.F.);
#7953=ADVANCED_FACE('',(#7952),#7941,.F.);
#7954=CARTESIAN_POINT('',(0.E0,0.E0,-1.2E0));
#7955=DIRECTION('',(0.E0,0.E0,1.E0));
#7956=DIRECTION('',(-1.E0,0.E0,0.E0));
#7957=AXIS2_PLACEMENT_3D('',#7954,#7955,#7956);
#7958=PLANE('',#7957);
#7960=ORIENTED_EDGE('',*,*,#7959,.T.);
#7961=ORIENTED_EDGE('',*,*,#7942,.T.);
#7963=ORIENTED_EDGE('',*,*,#7962,.T.);
#7965=ORIENTED_EDGE('',*,*,#7964,.T.);
#7966=EDGE_LOOP('',(#7960,#7961,#7963,#7965));
#7967=FACE_OUTER_BOUND('',#7966,.F.);
#7968=ADVANCED_FACE('',(#7967),#7958,.F.);
#7969=CARTESIAN_POINT('',(0.E0,0.E0,-1.8E0));
#7970=DIRECTION('',(0.E0,0.E0,1.E0));
#7971=DIRECTION('',(-8.581742908304E-1,-5.133584386739E-1,0.E0));
#7972=AXIS2_PLACEMENT_3D('',#7969,#7970,#7971);
#7973=TOROIDAL_SURFACE('',#7972,6.184314485008E0,6.E-1);
#7974=ORIENTED_EDGE('',*,*,#7959,.F.);
#7976=ORIENTED_EDGE('',*,*,#7975,.F.);
#7977=ORIENTED_EDGE('',*,*,#7915,.T.);
#7978=ORIENTED_EDGE('',*,*,#7944,.F.);
#7979=EDGE_LOOP('',(#7974,#7976,#7977,#7978));
#7980=FACE_OUTER_BOUND('',#7979,.F.);
#7981=ADVANCED_FACE('',(#7980),#7973,.F.);
#7982=CARTESIAN_POINT('',(-4.849742261193E0,2.8E0,0.E0));
#7983=DIRECTION('',(5.E-1,8.660254037844E-1,0.E0));
#7984=DIRECTION('',(-8.660254037844E-1,5.E-1,0.E0));
#7985=AXIS2_PLACEMENT_3D('',#7982,#7983,#7984);
#7986=PLANE('',#7985);
#7987=ORIENTED_EDGE('',*,*,#7917,.T.);
#7988=ORIENTED_EDGE('',*,*,#7975,.T.);
#7989=ORIENTED_EDGE('',*,*,#7964,.F.);
#7991=ORIENTED_EDGE('',*,*,#7990,.T.);
#7993=ORIENTED_EDGE('',*,*,#7992,.F.);
#7994=ORIENTED_EDGE('',*,*,#7521,.F.);
#7995=EDGE_LOOP('',(#7987,#7988,#7989,#7991,#7993,#7994));
#7996=FACE_OUTER_BOUND('',#7995,.F.);
#7997=ADVANCED_FACE('',(#7996),#7986,.F.);
#7998=CARTESIAN_POINT('',(0.E0,0.E0,-1.8E0));
#7999=DIRECTION('',(0.E0,0.E0,-1.E0));
#8000=DIRECTION('',(1.130694578236E-2,9.999360744453E-1,0.E0));
#8001=AXIS2_PLACEMENT_3D('',#7998,#7999,#8000);
#8002=TOROIDAL_SURFACE('',#8001,6.2E0,6.E-1);
#8003=ORIENTED_EDGE('',*,*,#7962,.F.);
#8004=ORIENTED_EDGE('',*,*,#7949,.F.);
#8006=ORIENTED_EDGE('',*,*,#8005,.T.);
#8007=ORIENTED_EDGE('',*,*,#7990,.F.);
#8008=EDGE_LOOP('',(#8003,#8004,#8006,#8007));
#8009=FACE_OUTER_BOUND('',#8008,.F.);
#8010=ADVANCED_FACE('',(#8009),#8002,.F.);
#8011=CARTESIAN_POINT('',(0.E0,0.E0,-1.2E0));
#8012=DIRECTION('',(0.E0,0.E0,-1.E0));
#8013=DIRECTION('',(0.E0,-1.E0,0.E0));
#8014=AXIS2_PLACEMENT_3D('',#8011,#8012,#8013);
#8015=CYLINDRICAL_SURFACE('',#8014,6.8E0);
#8017=ORIENTED_EDGE('',*,*,#8016,.F.);
#8019=ORIENTED_EDGE('',*,*,#8018,.F.);
#8021=ORIENTED_EDGE('',*,*,#8020,.T.);
#8022=ORIENTED_EDGE('',*,*,#7523,.F.);
#8023=ORIENTED_EDGE('',*,*,#7992,.T.);
#8024=ORIENTED_EDGE('',*,*,#8005,.F.);
#8025=ORIENTED_EDGE('',*,*,#7738,.F.);
#8026=ORIENTED_EDGE('',*,*,#7710,.F.);
#8027=ORIENTED_EDGE('',*,*,#7735,.T.);
#8028=EDGE_LOOP('',(#8017,#8019,#8021,#8022,#8023,#8024,#8025,#8026,#8027));
#8029=FACE_OUTER_BOUND('',#8028,.F.);
#8031=ORIENTED_EDGE('',*,*,#8030,.F.);
#8033=ORIENTED_EDGE('',*,*,#8032,.T.);
#8035=ORIENTED_EDGE('',*,*,#8034,.F.);
#8037=ORIENTED_EDGE('',*,*,#8036,.T.);
#8038=EDGE_LOOP('',(#8031,#8033,#8035,#8037));
#8039=FACE_BOUND('',#8038,.F.);
#8040=ADVANCED_FACE('',(#8029,#8039),#8015,.F.);
#8041=CARTESIAN_POINT('',(0.E0,0.E0,-1.8E0));
#8042=DIRECTION('',(0.E0,0.E0,-1.E0));
#8043=DIRECTION('',(1.130694578236E-2,9.999360744453E-1,0.E0));
#8044=AXIS2_PLACEMENT_3D('',#8041,#8042,#8043);
#8045=TOROIDAL_SURFACE('',#8044,6.2E0,6.E-1);
#8047=ORIENTED_EDGE('',*,*,#8046,.T.);
#8049=ORIENTED_EDGE('',*,*,#8048,.F.);
#8051=ORIENTED_EDGE('',*,*,#8050,.F.);
#8052=ORIENTED_EDGE('',*,*,#8018,.T.);
#8053=ORIENTED_EDGE('',*,*,#8016,.T.);
#8054=ORIENTED_EDGE('',*,*,#7784,.F.);
#8055=EDGE_LOOP('',(#8047,#8049,#8051,#8052,#8053,#8054));
#8056=FACE_OUTER_BOUND('',#8055,.F.);
#8057=ADVANCED_FACE('',(#8056),#8045,.F.);
#8058=CARTESIAN_POINT('',(0.E0,0.E0,-1.2E0));
#8059=DIRECTION('',(0.E0,0.E0,1.E0));
#8060=DIRECTION('',(-1.E0,0.E0,0.E0));
#8061=AXIS2_PLACEMENT_3D('',#8058,#8059,#8060);
#8062=PLANE('',#8061);
#8064=ORIENTED_EDGE('',*,*,#8063,.T.);
#8066=ORIENTED_EDGE('',*,*,#8065,.T.);
#8067=ORIENTED_EDGE('',*,*,#8048,.T.);
#8068=ORIENTED_EDGE('',*,*,#8046,.F.);
#8069=ORIENTED_EDGE('',*,*,#7782,.F.);
#8070=EDGE_LOOP('',(#8064,#8066,#8067,#8068,#8069));
#8071=FACE_OUTER_BOUND('',#8070,.F.);
#8072=ADVANCED_FACE('',(#8071),#8062,.F.);
#8073=CARTESIAN_POINT('',(0.E0,0.E0,-1.8E0));
#8074=DIRECTION('',(0.E0,0.E0,1.E0));
#8075=DIRECTION('',(9.998896341248E-1,1.485663386432E-2,0.E0));
#8076=AXIS2_PLACEMENT_3D('',#8073,#8074,#8075);
#8077=TOROIDAL_SURFACE('',#8076,6.184314485008E0,6.E-1);
#8078=ORIENTED_EDGE('',*,*,#8063,.F.);
#8079=ORIENTED_EDGE('',*,*,#7780,.F.);
#8080=ORIENTED_EDGE('',*,*,#7818,.T.);
#8082=ORIENTED_EDGE('',*,*,#8081,.F.);
#8083=EDGE_LOOP('',(#8078,#8079,#8080,#8082));
#8084=FACE_OUTER_BOUND('',#8083,.F.);
#8085=ADVANCED_FACE('',(#8084),#8077,.F.);
#8086=CARTESIAN_POINT('',(-5.888972745734E0,-3.4E0,0.E0));
#8087=DIRECTION('',(5.E-1,-8.660254037844E-1,0.E0));
#8088=DIRECTION('',(8.660254037844E-1,5.E-1,0.E0));
#8089=AXIS2_PLACEMENT_3D('',#8086,#8087,#8088);
#8090=PLANE('',#8089);
#8091=ORIENTED_EDGE('',*,*,#8065,.F.);
#8092=ORIENTED_EDGE('',*,*,#8081,.T.);
#8093=ORIENTED_EDGE('',*,*,#7816,.T.);
#8094=ORIENTED_EDGE('',*,*,#7921,.T.);
#8095=ORIENTED_EDGE('',*,*,#7525,.F.);
#8096=ORIENTED_EDGE('',*,*,#8020,.F.);
#8097=ORIENTED_EDGE('',*,*,#8050,.T.);
#8098=EDGE_LOOP('',(#8091,#8092,#8093,#8094,#8095,#8096,#8097));
#8099=FACE_OUTER_BOUND('',#8098,.F.);
#8100=ADVANCED_FACE('',(#8099),#8090,.F.);
#8101=CARTESIAN_POINT('',(0.E0,0.E0,-5.6E0));
#8102=DIRECTION('',(0.E0,0.E0,1.E0));
#8103=DIRECTION('',(0.E0,1.E0,0.E0));
#8104=AXIS2_PLACEMENT_3D('',#8101,#8102,#8103);
#8105=PLANE('',#8104);
#8106=ORIENTED_EDGE('',*,*,#8030,.T.);
#8108=ORIENTED_EDGE('',*,*,#8107,.T.);
#8110=ORIENTED_EDGE('',*,*,#8109,.T.);
#8112=ORIENTED_EDGE('',*,*,#8111,.T.);
#8113=EDGE_LOOP('',(#8106,#8108,#8110,#8112));
#8114=FACE_OUTER_BOUND('',#8113,.F.);
#8115=ADVANCED_FACE('',(#8114),#8105,.T.);
#8116=CARTESIAN_POINT('',(-6.004043631441E0,3.192406626944E0,-7.5E0));
#8117=DIRECTION('',(4.694715627859E-1,8.829475928589E-1,0.E0));
#8118=DIRECTION('',(8.829475928589E-1,-4.694715627859E-1,0.E0));
#8119=AXIS2_PLACEMENT_3D('',#8116,#8117,#8118);
#8120=PLANE('',#8119);
#8121=ORIENTED_EDGE('',*,*,#8036,.F.);
#8123=ORIENTED_EDGE('',*,*,#8122,.T.);
#8125=ORIENTED_EDGE('',*,*,#8124,.F.);
#8126=ORIENTED_EDGE('',*,*,#8107,.F.);
#8127=EDGE_LOOP('',(#8121,#8123,#8125,#8126));
#8128=FACE_OUTER_BOUND('',#8127,.F.);
#8129=ADVANCED_FACE('',(#8128),#8120,.T.);
#8130=CARTESIAN_POINT('',(0.E0,0.E0,-7.1E0));
#8131=DIRECTION('',(0.E0,0.E0,-1.E0));
#8132=DIRECTION('',(0.E0,-1.E0,0.E0));
#8133=AXIS2_PLACEMENT_3D('',#8130,#8131,#8132);
#8134=CONICAL_SURFACE('',#8133,6.625E0,3.025643716353E1);
#8135=ORIENTED_EDGE('',*,*,#8034,.T.);
#8137=ORIENTED_EDGE('',*,*,#8136,.F.);
#8139=ORIENTED_EDGE('',*,*,#8138,.T.);
#8140=ORIENTED_EDGE('',*,*,#8122,.F.);
#8141=EDGE_LOOP('',(#8135,#8137,#8139,#8140));
#8142=FACE_OUTER_BOUND('',#8141,.F.);
#8143=ADVANCED_FACE('',(#8142),#8134,.F.);
#8144=CARTESIAN_POINT('',(-5.650864594297E0,-3.004618001830E0,-7.5E0));
#8145=DIRECTION('',(4.694715627859E-1,-8.829475928589E-1,0.E0));
#8146=DIRECTION('',(-8.829475928589E-1,-4.694715627859E-1,0.E0));
#8147=AXIS2_PLACEMENT_3D('',#8144,#8145,#8146);
#8148=PLANE('',#8147);
#8149=ORIENTED_EDGE('',*,*,#8032,.F.);
#8150=ORIENTED_EDGE('',*,*,#8111,.F.);
#8152=ORIENTED_EDGE('',*,*,#8151,.F.);
#8153=ORIENTED_EDGE('',*,*,#8136,.T.);
#8154=EDGE_LOOP('',(#8149,#8150,#8152,#8153));
#8155=FACE_OUTER_BOUND('',#8154,.F.);
#8156=ADVANCED_FACE('',(#8155),#8148,.T.);
#8157=CARTESIAN_POINT('',(0.E0,0.E0,-7.49E0));
#8158=DIRECTION('',(0.E0,0.E0,1.E0));
#8159=DIRECTION('',(0.E0,1.E0,0.E0));
#8160=AXIS2_PLACEMENT_3D('',#8157,#8158,#8159);
#8161=CYLINDRICAL_SURFACE('',#8160,6.45E0);
#8162=ORIENTED_EDGE('',*,*,#8124,.T.);
#8163=ORIENTED_EDGE('',*,*,#8138,.F.);
#8164=ORIENTED_EDGE('',*,*,#8151,.T.);
#8165=ORIENTED_EDGE('',*,*,#8109,.F.);
#8166=EDGE_LOOP('',(#8162,#8163,#8164,#8165));
#8167=FACE_OUTER_BOUND('',#8166,.F.);
#8168=ADVANCED_FACE('',(#8167),#8161,.F.);
#8169=CARTESIAN_POINT('',(0.E0,0.E0,-4.5E0));
#8170=DIRECTION('',(0.E0,0.E0,-1.E0));
#8171=DIRECTION('',(0.E0,-1.E0,0.E0));
#8172=AXIS2_PLACEMENT_3D('',#8169,#8170,#8171);
#8173=PLANE('',#8172);
#8174=ORIENTED_EDGE('',*,*,#7929,.T.);
#8175=ORIENTED_EDGE('',*,*,#7927,.T.);
#8176=ORIENTED_EDGE('',*,*,#7806,.T.);
#8177=ORIENTED_EDGE('',*,*,#7804,.T.);
#8178=EDGE_LOOP('',(#8174,#8175,#8176,#8177));
#8179=FACE_OUTER_BOUND('',#8178,.F.);
#8181=ORIENTED_EDGE('',*,*,#8180,.T.);
#8183=ORIENTED_EDGE('',*,*,#8182,.T.);
#8184=EDGE_LOOP('',(#8181,#8183));
#8185=FACE_BOUND('',#8184,.F.);
#8186=ADVANCED_FACE('',(#8179,#8185),#8173,.T.);
#8187=CARTESIAN_POINT('',(0.E0,0.E0,-3.25E0));
#8188=DIRECTION('',(0.E0,0.E0,-1.E0));
#8189=DIRECTION('',(0.E0,-1.E0,0.E0));
#8190=AXIS2_PLACEMENT_3D('',#8187,#8188,#8189);
#8191=CONICAL_SURFACE('',#8190,4.5875E0,1.826288994219E1);
#8192=ORIENTED_EDGE('',*,*,#8180,.F.);
#8194=ORIENTED_EDGE('',*,*,#8193,.F.);
#8196=ORIENTED_EDGE('',*,*,#8195,.F.);
#8198=ORIENTED_EDGE('',*,*,#8197,.T.);
#8199=EDGE_LOOP('',(#8192,#8194,#8196,#8198));
#8200=FACE_OUTER_BOUND('',#8199,.F.);
#8201=ADVANCED_FACE('',(#8200),#8191,.F.);
#8202=CARTESIAN_POINT('',(0.E0,0.E0,-3.25E0));
#8203=DIRECTION('',(0.E0,0.E0,-1.E0));
#8204=DIRECTION('',(0.E0,-1.E0,0.E0));
#8205=AXIS2_PLACEMENT_3D('',#8202,#8203,#8204);
#8206=CONICAL_SURFACE('',#8205,4.5875E0,1.826288994219E1);
#8207=ORIENTED_EDGE('',*,*,#8182,.F.);
#8208=ORIENTED_EDGE('',*,*,#8197,.F.);
#8210=ORIENTED_EDGE('',*,*,#8209,.F.);
#8211=ORIENTED_EDGE('',*,*,#8193,.T.);
#8212=EDGE_LOOP('',(#8207,#8208,#8210,#8211));
#8213=FACE_OUTER_BOUND('',#8212,.F.);
#8214=ADVANCED_FACE('',(#8213),#8206,.F.);
#8215=CARTESIAN_POINT('',(0.E0,0.E0,-2.E0));
#8216=DIRECTION('',(0.E0,0.E0,-1.E0));
#8217=DIRECTION('',(0.E0,-1.E0,0.E0));
#8218=AXIS2_PLACEMENT_3D('',#8215,#8216,#8217);
#8219=PLANE('',#8218);
#8220=ORIENTED_EDGE('',*,*,#8209,.T.);
#8221=ORIENTED_EDGE('',*,*,#8195,.T.);
#8222=EDGE_LOOP('',(#8220,#8221));
#8223=FACE_OUTER_BOUND('',#8222,.F.);
#8225=ORIENTED_EDGE('',*,*,#8224,.T.);
#8227=ORIENTED_EDGE('',*,*,#8226,.T.);
#8228=EDGE_LOOP('',(#8225,#8227));
#8229=FACE_BOUND('',#8228,.F.);
#8230=ADVANCED_FACE('',(#8223,#8229),#8219,.T.);
#8231=CARTESIAN_POINT('',(0.E0,0.E0,2.250012234467E-1));
#8232=DIRECTION('',(0.E0,0.E0,-1.E0));
#8233=DIRECTION('',(5.E-1,8.660254037844E-1,0.E0));
#8234=AXIS2_PLACEMENT_3D('',#8231,#8232,#8233);
#8235=CYLINDRICAL_SURFACE('',#8234,3.925E0);
#8236=ORIENTED_EDGE('',*,*,#8224,.F.);
#8238=ORIENTED_EDGE('',*,*,#8237,.T.);
#8240=ORIENTED_EDGE('',*,*,#8239,.F.);
#8242=ORIENTED_EDGE('',*,*,#8241,.F.);
#8243=EDGE_LOOP('',(#8236,#8238,#8240,#8242));
#8244=FACE_OUTER_BOUND('',#8243,.F.);
#8245=ADVANCED_FACE('',(#8244),#8235,.F.);
#8246=CARTESIAN_POINT('',(0.E0,0.E0,2.250012234467E-1));
#8247=DIRECTION('',(0.E0,0.E0,-1.E0));
#8248=DIRECTION('',(5.E-1,8.660254037844E-1,0.E0));
#8249=AXIS2_PLACEMENT_3D('',#8246,#8247,#8248);
#8250=CYLINDRICAL_SURFACE('',#8249,3.925E0);
#8251=ORIENTED_EDGE('',*,*,#8226,.F.);
#8252=ORIENTED_EDGE('',*,*,#8241,.T.);
#8254=ORIENTED_EDGE('',*,*,#8253,.F.);
#8255=ORIENTED_EDGE('',*,*,#8237,.F.);
#8256=EDGE_LOOP('',(#8251,#8252,#8254,#8255));
#8257=FACE_OUTER_BOUND('',#8256,.F.);
#8258=ADVANCED_FACE('',(#8257),#8250,.F.);
#8259=CARTESIAN_POINT('',(0.E0,0.E0,-1.499920731227E-1));
#8260=DIRECTION('',(0.E0,0.E0,1.E0));
#8261=DIRECTION('',(-5.E-1,-8.660254037844E-1,0.E0));
#8262=AXIS2_PLACEMENT_3D('',#8259,#8260,#8261);
#8263=CONICAL_SURFACE('',#8262,4.362500321435E0,7.107629742546E1);
#8264=ORIENTED_EDGE('',*,*,#7571,.F.);
#8266=ORIENTED_EDGE('',*,*,#8265,.F.);
#8267=ORIENTED_EDGE('',*,*,#8253,.T.);
#8269=ORIENTED_EDGE('',*,*,#8268,.T.);
#8270=EDGE_LOOP('',(#8264,#8266,#8267,#8269));
#8271=FACE_OUTER_BOUND('',#8270,.F.);
#8272=ADVANCED_FACE('',(#8271),#8263,.F.);
#8273=CARTESIAN_POINT('',(0.E0,0.E0,-1.499920731227E-1));
#8274=DIRECTION('',(0.E0,0.E0,1.E0));
#8275=DIRECTION('',(-5.E-1,-8.660254037844E-1,0.E0));
#8276=AXIS2_PLACEMENT_3D('',#8273,#8274,#8275);
#8277=CONICAL_SURFACE('',#8276,4.362500321435E0,7.107629742546E1);
#8278=ORIENTED_EDGE('',*,*,#7569,.F.);
#8279=ORIENTED_EDGE('',*,*,#8268,.F.);
#8280=ORIENTED_EDGE('',*,*,#8239,.T.);
#8281=ORIENTED_EDGE('',*,*,#8265,.T.);
#8282=EDGE_LOOP('',(#8278,#8279,#8280,#8281));
#8283=FACE_OUTER_BOUND('',#8282,.F.);
#8284=ADVANCED_FACE('',(#8283),#8277,.F.);
#8285=CARTESIAN_POINT('',(0.E0,0.E0,-5.6E0));
#8286=DIRECTION('',(0.E0,0.E0,1.E0));
#8287=DIRECTION('',(8.660254037844E-1,-5.E-1,0.E0));
#8288=AXIS2_PLACEMENT_3D('',#8285,#8286,#8287);
#8289=PLANE('',#8288);
#8290=ORIENTED_EDGE('',*,*,#7752,.T.);
#8292=ORIENTED_EDGE('',*,*,#8291,.T.);
#8294=ORIENTED_EDGE('',*,*,#8293,.T.);
#8296=ORIENTED_EDGE('',*,*,#8295,.T.);
#8297=EDGE_LOOP('',(#8290,#8292,#8294,#8296));
#8298=FACE_OUTER_BOUND('',#8297,.F.);
#8299=ADVANCED_FACE('',(#8298),#8289,.T.);
#8300=CARTESIAN_POINT('',(5.766727053864E0,3.603450996786E0,-7.5E0));
#8301=DIRECTION('',(5.299192642332E-1,-8.480480961564E-1,0.E0));
#8302=DIRECTION('',(-8.480480961564E-1,-5.299192642332E-1,0.E0));
#8303=AXIS2_PLACEMENT_3D('',#8300,#8301,#8302);
#8304=PLANE('',#8303);
#8305=ORIENTED_EDGE('',*,*,#7758,.F.);
#8307=ORIENTED_EDGE('',*,*,#8306,.T.);
#8309=ORIENTED_EDGE('',*,*,#8308,.F.);
#8310=ORIENTED_EDGE('',*,*,#8291,.F.);
#8311=EDGE_LOOP('',(#8305,#8307,#8309,#8310));
#8312=FACE_OUTER_BOUND('',#8311,.F.);
#8313=ADVANCED_FACE('',(#8312),#8304,.T.);
#8314=CARTESIAN_POINT('',(0.E0,0.E0,-7.1E0));
#8315=DIRECTION('',(0.E0,0.E0,-1.E0));
#8316=DIRECTION('',(-8.660254037844E-1,5.E-1,0.E0));
#8317=AXIS2_PLACEMENT_3D('',#8314,#8315,#8316);
#8318=CONICAL_SURFACE('',#8317,6.625E0,3.025643716353E1);
#8319=ORIENTED_EDGE('',*,*,#7756,.T.);
#8321=ORIENTED_EDGE('',*,*,#8320,.F.);
#8323=ORIENTED_EDGE('',*,*,#8322,.T.);
#8324=ORIENTED_EDGE('',*,*,#8306,.F.);
#8325=EDGE_LOOP('',(#8319,#8321,#8323,#8324));
#8326=FACE_OUTER_BOUND('',#8325,.F.);
#8327=ADVANCED_FACE('',(#8326),#8318,.F.);
#8328=CARTESIAN_POINT('',(2.233567788960E-1,6.396101292922E0,-7.5E0));
#8329=DIRECTION('',(-9.993908270191E-1,3.489949670250E-2,0.E0));
#8330=DIRECTION('',(3.489949670250E-2,9.993908270191E-1,0.E0));
#8331=AXIS2_PLACEMENT_3D('',#8328,#8329,#8330);
#8332=PLANE('',#8331);
#8333=ORIENTED_EDGE('',*,*,#7754,.F.);
#8334=ORIENTED_EDGE('',*,*,#8295,.F.);
#8336=ORIENTED_EDGE('',*,*,#8335,.F.);
#8337=ORIENTED_EDGE('',*,*,#8320,.T.);
#8338=EDGE_LOOP('',(#8333,#8334,#8336,#8337));
#8339=FACE_OUTER_BOUND('',#8338,.F.);
#8340=ADVANCED_FACE('',(#8339),#8332,.T.);
#8341=CARTESIAN_POINT('',(0.E0,0.E0,-7.49E0));
#8342=DIRECTION('',(0.E0,0.E0,1.E0));
#8343=DIRECTION('',(8.660254037844E-1,-5.E-1,0.E0));
#8344=AXIS2_PLACEMENT_3D('',#8341,#8342,#8343);
#8345=CYLINDRICAL_SURFACE('',#8344,6.45E0);
#8346=ORIENTED_EDGE('',*,*,#8308,.T.);
#8347=ORIENTED_EDGE('',*,*,#8322,.F.);
#8348=ORIENTED_EDGE('',*,*,#8335,.T.);
#8349=ORIENTED_EDGE('',*,*,#8293,.F.);
#8350=EDGE_LOOP('',(#8346,#8347,#8348,#8349));
#8351=FACE_OUTER_BOUND('',#8350,.F.);
#8352=ADVANCED_FACE('',(#8351),#8345,.F.);
#8353=CARTESIAN_POINT('',(0.E0,0.E0,-5.6E0));
#8354=DIRECTION('',(0.E0,0.E0,1.E0));
#8355=DIRECTION('',(-8.660254037844E-1,-5.E-1,0.E0));
#8356=AXIS2_PLACEMENT_3D('',#8353,#8354,#8355);
#8357=PLANE('',#8356);
#8358=ORIENTED_EDGE('',*,*,#7762,.T.);
#8360=ORIENTED_EDGE('',*,*,#8359,.T.);
#8362=ORIENTED_EDGE('',*,*,#8361,.T.);
#8364=ORIENTED_EDGE('',*,*,#8363,.T.);
#8365=EDGE_LOOP('',(#8358,#8360,#8362,#8364));
#8366=FACE_OUTER_BOUND('',#8365,.F.);
#8367=ADVANCED_FACE('',(#8366),#8357,.T.);
#8368=CARTESIAN_POINT('',(2.373165775770E-1,-6.795857623730E0,-7.5E0));
#8369=DIRECTION('',(-9.993908270191E-1,-3.489949670250E-2,0.E0));
#8370=DIRECTION('',(-3.489949670250E-2,9.993908270191E-1,0.E0));
#8371=AXIS2_PLACEMENT_3D('',#8368,#8369,#8370);
#8372=PLANE('',#8371);
#8373=ORIENTED_EDGE('',*,*,#7768,.F.);
#8375=ORIENTED_EDGE('',*,*,#8374,.T.);
#8377=ORIENTED_EDGE('',*,*,#8376,.F.);
#8378=ORIENTED_EDGE('',*,*,#8359,.F.);
#8379=EDGE_LOOP('',(#8373,#8375,#8377,#8378));
#8380=FACE_OUTER_BOUND('',#8379,.F.);
#8381=ADVANCED_FACE('',(#8380),#8372,.T.);
#8382=CARTESIAN_POINT('',(0.E0,0.E0,-7.1E0));
#8383=DIRECTION('',(0.E0,0.E0,-1.E0));
#8384=DIRECTION('',(8.660254037844E-1,5.E-1,0.E0));
#8385=AXIS2_PLACEMENT_3D('',#8382,#8383,#8384);
#8386=CONICAL_SURFACE('',#8385,6.625E0,3.025643716353E1);
#8387=ORIENTED_EDGE('',*,*,#7766,.T.);
#8389=ORIENTED_EDGE('',*,*,#8388,.F.);
#8391=ORIENTED_EDGE('',*,*,#8390,.T.);
#8392=ORIENTED_EDGE('',*,*,#8374,.F.);
#8393=EDGE_LOOP('',(#8387,#8389,#8391,#8392));
#8394=FACE_OUTER_BOUND('',#8393,.F.);
#8395=ADVANCED_FACE('',(#8394),#8386,.F.);
#8396=CARTESIAN_POINT('',(5.427507815401E0,-3.391483291093E0,-7.5E0));
#8397=DIRECTION('',(5.299192642332E-1,8.480480961564E-1,0.E0));
#8398=DIRECTION('',(8.480480961564E-1,-5.299192642332E-1,0.E0));
#8399=AXIS2_PLACEMENT_3D('',#8396,#8397,#8398);
#8400=PLANE('',#8399);
#8401=ORIENTED_EDGE('',*,*,#7764,.F.);
#8402=ORIENTED_EDGE('',*,*,#8363,.F.);
#8404=ORIENTED_EDGE('',*,*,#8403,.F.);
#8405=ORIENTED_EDGE('',*,*,#8388,.T.);
#8406=EDGE_LOOP('',(#8401,#8402,#8404,#8405));
#8407=FACE_OUTER_BOUND('',#8406,.F.);
#8408=ADVANCED_FACE('',(#8407),#8400,.T.);
#8409=CARTESIAN_POINT('',(0.E0,0.E0,-7.49E0));
#8410=DIRECTION('',(0.E0,0.E0,1.E0));
#8411=DIRECTION('',(-8.660254037844E-1,-5.E-1,0.E0));
#8412=AXIS2_PLACEMENT_3D('',#8409,#8410,#8411);
#8413=CYLINDRICAL_SURFACE('',#8412,6.45E0);
#8414=ORIENTED_EDGE('',*,*,#8376,.T.);
#8415=ORIENTED_EDGE('',*,*,#8390,.F.);
#8416=ORIENTED_EDGE('',*,*,#8403,.T.);
#8417=ORIENTED_EDGE('',*,*,#8361,.F.);
#8418=EDGE_LOOP('',(#8414,#8415,#8416,#8417));
#8419=FACE_OUTER_BOUND('',#8418,.F.);
#8420=ADVANCED_FACE('',(#8419),#8413,.F.);
#8421=CARTESIAN_POINT('',(5.E0,-1.5E-1,0.E0));
#8422=DIRECTION('',(0.E0,-1.E0,0.E0));
#8423=DIRECTION('',(1.E0,0.E0,0.E0));
#8424=AXIS2_PLACEMENT_3D('',#8421,#8422,#8423);
#8425=PLANE('',#8424);
#8426=ORIENTED_EDGE('',*,*,#7553,.T.);
#8428=ORIENTED_EDGE('',*,*,#8427,.F.);
#8430=ORIENTED_EDGE('',*,*,#8429,.F.);
#8432=ORIENTED_EDGE('',*,*,#8431,.T.);
#8433=EDGE_LOOP('',(#8426,#8428,#8430,#8432));
#8434=FACE_OUTER_BOUND('',#8433,.F.);
#8435=ADVANCED_FACE('',(#8434),#8425,.F.);
#8436=CARTESIAN_POINT('',(5.E0,1.E-1,0.E0));
#8437=DIRECTION('',(-1.E0,0.E0,0.E0));
#8438=DIRECTION('',(0.E0,-1.E0,0.E0));
#8439=AXIS2_PLACEMENT_3D('',#8436,#8437,#8438);
#8440=PLANE('',#8439);
#8441=ORIENTED_EDGE('',*,*,#7565,.T.);
#8443=ORIENTED_EDGE('',*,*,#8442,.F.);
#8445=ORIENTED_EDGE('',*,*,#8444,.F.);
#8446=ORIENTED_EDGE('',*,*,#8427,.T.);
#8447=EDGE_LOOP('',(#8441,#8443,#8445,#8446));
#8448=FACE_OUTER_BOUND('',#8447,.F.);
#8449=ADVANCED_FACE('',(#8448),#8440,.F.);
#8450=CARTESIAN_POINT('',(6.659574508667E0,1.E-1,0.E0));
#8451=DIRECTION('',(0.E0,1.E0,0.E0));
#8452=DIRECTION('',(-1.E0,0.E0,0.E0));
#8453=AXIS2_PLACEMENT_3D('',#8450,#8451,#8452);
#8454=PLANE('',#8453);
#8455=ORIENTED_EDGE('',*,*,#7563,.T.);
#8457=ORIENTED_EDGE('',*,*,#8456,.F.);
#8459=ORIENTED_EDGE('',*,*,#8458,.F.);
#8460=ORIENTED_EDGE('',*,*,#8442,.T.);
#8461=EDGE_LOOP('',(#8455,#8457,#8459,#8460));
#8462=FACE_OUTER_BOUND('',#8461,.F.);
#8463=ADVANCED_FACE('',(#8462),#8454,.F.);
#8464=CARTESIAN_POINT('',(6.361702084541E0,3.5E-1,0.E0));
#8465=DIRECTION('',(-6.428711427642E-1,-7.659743427825E-1,0.E0));
#8466=DIRECTION('',(7.659743427825E-1,-6.428711427642E-1,0.E0));
#8467=AXIS2_PLACEMENT_3D('',#8464,#8465,#8466);
#8468=PLANE('',#8467);
#8469=ORIENTED_EDGE('',*,*,#7561,.F.);
#8471=ORIENTED_EDGE('',*,*,#8470,.F.);
#8473=ORIENTED_EDGE('',*,*,#8472,.F.);
#8474=ORIENTED_EDGE('',*,*,#8456,.T.);
#8475=EDGE_LOOP('',(#8469,#8471,#8473,#8474));
#8476=FACE_OUTER_BOUND('',#8475,.F.);
#8477=ADVANCED_FACE('',(#8476),#8468,.F.);
#8478=CARTESIAN_POINT('',(6.702127695084E0,3.5E-1,0.E0));
#8479=DIRECTION('',(0.E0,1.E0,0.E0));
#8480=DIRECTION('',(-1.E0,0.E0,0.E0));
#8481=AXIS2_PLACEMENT_3D('',#8478,#8479,#8480);
#8482=PLANE('',#8481);
#8483=ORIENTED_EDGE('',*,*,#7559,.T.);
#8485=ORIENTED_EDGE('',*,*,#8484,.F.);
#8487=ORIENTED_EDGE('',*,*,#8486,.F.);
#8488=ORIENTED_EDGE('',*,*,#8470,.T.);
#8489=EDGE_LOOP('',(#8483,#8485,#8487,#8488));
#8490=FACE_OUTER_BOUND('',#8489,.F.);
#8491=ADVANCED_FACE('',(#8490),#8482,.F.);
#8492=CARTESIAN_POINT('',(7.E0,1.E-1,0.E0));
#8493=DIRECTION('',(6.428712937139E-1,7.659742160926E-1,0.E0));
#8494=DIRECTION('',(-7.659742160926E-1,6.428712937139E-1,0.E0));
#8495=AXIS2_PLACEMENT_3D('',#8492,#8493,#8494);
#8496=PLANE('',#8495);
#8497=ORIENTED_EDGE('',*,*,#7557,.F.);
#8499=ORIENTED_EDGE('',*,*,#8498,.F.);
#8501=ORIENTED_EDGE('',*,*,#8500,.F.);
#8502=ORIENTED_EDGE('',*,*,#8484,.T.);
#8503=EDGE_LOOP('',(#8497,#8499,#8501,#8502));
#8504=FACE_OUTER_BOUND('',#8503,.F.);
#8505=ADVANCED_FACE('',(#8504),#8496,.F.);
#8506=CARTESIAN_POINT('',(7.E0,-1.5E-1,0.E0));
#8507=DIRECTION('',(1.E0,0.E0,0.E0));
#8508=DIRECTION('',(0.E0,1.E0,0.E0));
#8509=AXIS2_PLACEMENT_3D('',#8506,#8507,#8508);
#8510=PLANE('',#8509);
#8511=ORIENTED_EDGE('',*,*,#7555,.T.);
#8512=ORIENTED_EDGE('',*,*,#8431,.F.);
#8514=ORIENTED_EDGE('',*,*,#8513,.F.);
#8515=ORIENTED_EDGE('',*,*,#8498,.T.);
#8516=EDGE_LOOP('',(#8511,#8512,#8514,#8515));
#8517=FACE_OUTER_BOUND('',#8516,.F.);
#8518=ADVANCED_FACE('',(#8517),#8510,.F.);
#8519=CARTESIAN_POINT('',(0.E0,0.E0,-2.E-1));
#8520=DIRECTION('',(0.E0,0.E0,1.E0));
#8521=DIRECTION('',(0.E0,-1.E0,0.E0));
#8522=AXIS2_PLACEMENT_3D('',#8519,#8520,#8521);
#8523=PLANE('',#8522);
#8524=ORIENTED_EDGE('',*,*,#8429,.T.);
#8525=ORIENTED_EDGE('',*,*,#8444,.T.);
#8526=ORIENTED_EDGE('',*,*,#8458,.T.);
#8527=ORIENTED_EDGE('',*,*,#8472,.T.);
#8528=ORIENTED_EDGE('',*,*,#8486,.T.);
#8529=ORIENTED_EDGE('',*,*,#8500,.T.);
#8530=ORIENTED_EDGE('',*,*,#8513,.T.);
#8531=EDGE_LOOP('',(#8524,#8525,#8526,#8527,#8528,#8529,#8530));
#8532=FACE_OUTER_BOUND('',#8531,.F.);
#8533=ADVANCED_FACE('',(#8532),#8523,.T.);
#8534=CLOSED_SHELL('',(#7575,#7592,#7607,#7639,#7661,#7681,#7697,#7714,#7727,
#7772,#7790,#7826,#7845,#7860,#7875,#7888,#7903,#7936,#7953,#7968,#7981,#7997,
#8010,#8040,#8057,#8072,#8085,#8100,#8115,#8129,#8143,#8156,#8168,#8186,#8201,
#8214,#8230,#8245,#8258,#8272,#8284,#8299,#8313,#8327,#8340,#8352,#8367,#8381,
#8395,#8408,#8420,#8435,#8449,#8463,#8477,#8491,#8505,#8518,#8533));
#8535=MANIFOLD_SOLID_BREP('',#8534);
#8537=DIMENSIONAL_EXPONENTS(0.E0,0.E0,0.E0,0.E0,0.E0,0.E0,0.E0);
#8539=PLANE_ANGLE_MEASURE_WITH_UNIT(PLANE_ANGLE_MEASURE(1.745329251994E-2),
#8538);
#8540=(CONVERSION_BASED_UNIT('DEGREE',#8539)NAMED_UNIT(*)PLANE_ANGLE_UNIT());
#8542=UNCERTAINTY_MEASURE_WITH_UNIT(LENGTH_MEASURE(2.324412903435E-3),#8536,
'closure',
'Maximum model space distance between geometric entities at asserted connectivities');
#8543=(GEOMETRIC_REPRESENTATION_CONTEXT(3)GLOBAL_UNCERTAINTY_ASSIGNED_CONTEXT((
#8542))GLOBAL_UNIT_ASSIGNED_CONTEXT((#8536,#8540,#8541))REPRESENTATION_CONTEXT(
'ID3','3'));
#8544=CARTESIAN_POINT('',(0.E0,0.E0,0.E0));
#8545=DIRECTION('',(0.E0,0.E0,1.E0));
#8546=DIRECTION('',(1.E0,0.E0,0.E0));
#8549=DESIGN_CONTEXT('',#6244,'design');
#8550=MECHANICAL_CONTEXT('',#6244,'mechanical');
#8551=PRODUCT('KSKM_174_1_2_3_4_5','KSKM_174_1_2_3_4_5','NOT SPECIFIED',
(#8550));
#8552=PRODUCT_DEFINITION_FORMATION_WITH_SPECIFIED_SOURCE('1','LAST_VERSION',
#8551,.MADE.);
#8558=CARTESIAN_POINT('',(2.15E1,0.E0,0.E0));
#8559=DIRECTION('',(1.E0,0.E0,0.E0));
#8560=DIRECTION('',(0.E0,1.E0,0.E0));
#8561=AXIS2_PLACEMENT_3D('',#8558,#8559,#8560);
#8562=ITEM_DEFINED_TRANSFORMATION('','',#8547,#8561);
#8563=CARTESIAN_POINT('',(0.E0,0.E0,0.E0));
#8564=DIRECTION('',(0.E0,0.E0,1.E0));
#8565=DIRECTION('',(1.E0,0.E0,0.E0));
#8567=(REPRESENTATION_RELATIONSHIP('','',#8548,#6255)REPRESENTATION_RELATIONSHIP_WITH_TRANSFORMATION(#8562)SHAPE_REPRESENTATION_RELATIONSHIP());
#8568=CONTEXT_DEPENDENT_SHAPE_REPRESENTATION(#8567,#8557);
#8571=CARTESIAN_POINT('',(0.E0,0.E0,2.13E1));
#8572=DIRECTION('',(0.E0,0.E0,1.E0));
#8573=DIRECTION('',(1.E0,0.E0,0.E0));
#8574=AXIS2_PLACEMENT_3D('',#8571,#8572,#8573);
#8575=ITEM_DEFINED_TRANSFORMATION('','',#8547,#8574);
#8576=CARTESIAN_POINT('',(0.E0,0.E0,0.E0));
#8577=DIRECTION('',(0.E0,0.E0,1.E0));
#8578=DIRECTION('',(1.E0,0.E0,0.E0));
#8580=(REPRESENTATION_RELATIONSHIP('','',#8548,#6255)REPRESENTATION_RELATIONSHIP_WITH_TRANSFORMATION(#8575)SHAPE_REPRESENTATION_RELATIONSHIP());
#8581=CONTEXT_DEPENDENT_SHAPE_REPRESENTATION(#8580,#8570);
#8584=CARTESIAN_POINT('',(0.E0,0.E0,-2.13E1));
#8585=DIRECTION('',(0.E0,0.E0,-1.E0));
#8586=DIRECTION('',(-1.E0,0.E0,0.E0));
#8587=AXIS2_PLACEMENT_3D('',#8584,#8585,#8586);
#8588=ITEM_DEFINED_TRANSFORMATION('','',#8547,#8587);
#8589=CARTESIAN_POINT('',(0.E0,0.E0,0.E0));
#8590=DIRECTION('',(0.E0,0.E0,1.E0));
#8591=DIRECTION('',(1.E0,0.E0,0.E0));
#8593=(REPRESENTATION_RELATIONSHIP('','',#8548,#6255)REPRESENTATION_RELATIONSHIP_WITH_TRANSFORMATION(#8588)SHAPE_REPRESENTATION_RELATIONSHIP());
#8594=CONTEXT_DEPENDENT_SHAPE_REPRESENTATION(#8593,#8583);
#8595=CARTESIAN_POINT('',(-2.828945900106E0,-1.639987361138E0,
1.517784063689E-1));
#8596=CARTESIAN_POINT('',(-2.832230788943E0,-1.639987361138E0,
1.244649794392E-1));
#8597=CARTESIAN_POINT('',(-2.838625342635E0,-1.640005898135E0,
6.957224001525E-2));
#8598=CARTESIAN_POINT('',(-2.848528477035E0,-1.639998314818E0,
-1.224177872339E-2));
#8599=CARTESIAN_POINT('',(-2.855063402437E0,-1.64E0,-6.687486263817E-2));
#8600=CARTESIAN_POINT('',(-2.858338469475E0,-1.64E0,-9.417712000818E-2));
#8602=CARTESIAN_POINT('',(-2.858338469475E0,1.64E0,-9.417712000818E-2));
#8603=CARTESIAN_POINT('',(-2.855063402157E0,1.64E0,-6.687486030330E-2));
#8604=CARTESIAN_POINT('',(-2.848636394468E0,1.639811749924E0,
-1.223874877754E-2));
#8605=CARTESIAN_POINT('',(-2.838247658033E0,1.640658875267E0,
6.956167774101E-2));
#8606=CARTESIAN_POINT('',(-2.833040142844E0,1.638588124429E0,
1.244876665662E-1));
#8607=CARTESIAN_POINT('',(-2.829755253729E0,1.638588124429E0,
1.518010959516E-1));
#8609=CARTESIAN_POINT('',(-2.829755253729E0,1.638588124429E0,
1.518010959516E-1));
#8610=CARTESIAN_POINT('',(-2.819965875166E0,1.655551189983E0,
1.514295437123E-1));
#8611=CARTESIAN_POINT('',(-2.804459612660E0,1.681883184266E0,
1.496266773619E-1));
#8612=CARTESIAN_POINT('',(-2.777970332354E0,1.725294436304E0,
1.504844035892E-1));
#8613=CARTESIAN_POINT('',(-2.760099622494E0,1.753578281865E0,1.5E-1));
#8614=CARTESIAN_POINT('',(-2.750945481544E0,1.767823225770E0,1.5E-1));
#8616=CARTESIAN_POINT('',(-2.897696965210E0,1.872392132490E0,-1.58E0));
#8617=CARTESIAN_POINT('',(-2.848782242550E0,1.837538277462E0,
-1.003332978566E0));
#8618=CARTESIAN_POINT('',(-2.799865216949E0,1.802682111324E0,
-4.266662921467E-1));
#8619=CARTESIAN_POINT('',(-2.750945481544E0,1.767823225770E0,1.5E-1));
#8621=CARTESIAN_POINT('',(-3.351777172303E0,2.329441502217E0,
-1.458228128069E0));
#8622=CARTESIAN_POINT('',(-3.344311564379E0,2.321359560993E0,
-1.483505308521E0));
#8623=CARTESIAN_POINT('',(-3.323623824596E0,2.299642182646E0,
-1.525733044332E0));
#8624=CARTESIAN_POINT('',(-3.277140109246E0,2.252098956056E0,
-1.569185924138E0));
#8625=CARTESIAN_POINT('',(-3.240651804418E0,2.215346971698E0,-1.58E0));
#8626=CARTESIAN_POINT('',(-3.220620903846E0,2.195316071125E0,-1.58E0));
#8628=DIRECTION('',(7.071067811869E-1,7.071067811862E-1,0.E0));
#8629=VECTOR('',#8628,4.567031562482E-1);
#8630=CARTESIAN_POINT('',(-3.220634863983E0,-2.195330031262E0,-1.58E0));
#8631=LINE('',#8630,#8629);
#8632=CARTESIAN_POINT('',(0.E0,0.E0,-1.58E0));
#8633=DIRECTION('',(0.E0,0.E0,-1.E0));
#8634=DIRECTION('',(-8.399121638292E-1,-5.427223572434E-1,0.E0));
#8635=AXIS2_PLACEMENT_3D('',#8632,#8633,#8634);
#8637=CARTESIAN_POINT('',(0.E0,0.E0,-1.58E0));
#8638=DIRECTION('',(0.E0,0.E0,-1.E0));
#8639=DIRECTION('',(-1.E0,0.E0,0.E0));
#8640=AXIS2_PLACEMENT_3D('',#8637,#8638,#8639);
#8642=DIRECTION('',(-7.071067811869E-1,7.071067811862E-1,0.E0));
#8643=VECTOR('',#8642,4.566834136327E-1);
#8644=CARTESIAN_POINT('',(-2.897696965210E0,1.872392132490E0,-1.58E0));
#8645=LINE('',#8644,#8643);
#8646=CARTESIAN_POINT('',(0.E0,0.E0,-1.58E0));
#8647=DIRECTION('',(0.E0,0.E0,1.E0));
#8648=DIRECTION('',(-8.262954884030E-1,5.632368647778E-1,0.E0));
#8649=AXIS2_PLACEMENT_3D('',#8646,#8647,#8648);
#8651=CARTESIAN_POINT('',(-3.220634863983E0,-2.195330031262E0,-1.58E0));
#8652=CARTESIAN_POINT('',(-3.240592676298E0,-2.215287843577E0,-1.58E0));
#8653=CARTESIAN_POINT('',(-3.276966019954E0,-2.251921481196E0,
-1.569324773674E0));
#8654=CARTESIAN_POINT('',(-3.323783903376E0,-2.299806318460E0,
-1.525566656505E0));
#8655=CARTESIAN_POINT('',(-3.344339945093E0,-2.321390284715E0,
-1.483409216623E0));
#8656=CARTESIAN_POINT('',(-3.351777172303E0,-2.329441502217E0,
-1.458228128069E0));
#8658=CARTESIAN_POINT('',(-2.750945481544E0,-1.767823225770E0,1.5E-1));
#8659=CARTESIAN_POINT('',(-2.799865216949E0,-1.802682111324E0,
-4.266662921467E-1));
#8660=CARTESIAN_POINT('',(-2.848782242550E0,-1.837538277462E0,
-1.003332978566E0));
#8661=CARTESIAN_POINT('',(-2.897696965210E0,-1.872392132490E0,-1.58E0));
#8663=CARTESIAN_POINT('',(0.E0,0.E0,-1.458228128069E0));
#8664=DIRECTION('',(0.E0,0.E0,1.E0));
#8665=DIRECTION('',(-8.211611861086E-1,5.706963346901E-1,0.E0));
#8666=AXIS2_PLACEMENT_3D('',#8663,#8664,#8665);
#8668=CARTESIAN_POINT('',(-3.351777172303E0,2.329441502217E0,
-1.458228128069E0));
#8669=CARTESIAN_POINT('',(-3.387160889469E0,2.367746369730E0,
-1.338425345370E0));
#8670=CARTESIAN_POINT('',(-3.457858022850E0,2.444285964141E0,
-1.098813204173E0));
#8671=CARTESIAN_POINT('',(-3.563732687808E0,2.558924213862E0,
-7.393993718453E-1));
#8672=CARTESIAN_POINT('',(-3.634209980031E0,2.635243691708E0,
-4.997985257007E-1));
#8673=CARTESIAN_POINT('',(-3.669421912854E0,2.673376671079E0,-3.8E-1));
#8675=CARTESIAN_POINT('',(0.E0,0.E0,-3.799999999999E-1));
#8676=DIRECTION('',(0.E0,0.E0,1.E0));
#8677=DIRECTION('',(-8.082427120823E-1,5.888494870218E-1,0.E0));
#8678=AXIS2_PLACEMENT_3D('',#8675,#8676,#8677);
#8680=CARTESIAN_POINT('',(-3.669421912854E0,-2.673376671079E0,-3.8E-1));
#8681=CARTESIAN_POINT('',(-3.634209980031E0,-2.635243691708E0,
-4.997985257036E-1));
#8682=CARTESIAN_POINT('',(-3.563732687806E0,-2.558924213860E0,
-7.393993718519E-1));
#8683=CARTESIAN_POINT('',(-3.457858022848E0,-2.444285964139E0,
-1.098813204180E0));
#8684=CARTESIAN_POINT('',(-3.387160889468E0,-2.367746369729E0,
-1.338425345373E0));
#8685=CARTESIAN_POINT('',(-3.351777172303E0,-2.329441502217E0,
-1.458228128069E0));
#8687=CARTESIAN_POINT('',(-3.654987094332E0,-2.693078041994E0,
1.020000000004E0));
#8688=CARTESIAN_POINT('',(-3.659814362265E0,-2.686526578679E0,
5.533332744395E-1));
#8689=CARTESIAN_POINT('',(-3.664625981439E0,-2.679959468040E0,
8.666660772343E-2));
#8690=CARTESIAN_POINT('',(-3.669421912854E0,-2.673376671079E0,
-3.799999999978E-1));
#8692=CARTESIAN_POINT('',(-3.669421912854E0,2.673376671079E0,
-3.799999999979E-1));
#8693=CARTESIAN_POINT('',(-3.664625981439E0,2.679959468040E0,
8.666660772341E-2));
#8694=CARTESIAN_POINT('',(-3.659814362265E0,2.686526578679E0,
5.533332744394E-1));
#8695=CARTESIAN_POINT('',(-3.654987094332E0,2.693078041994E0,1.020000000004E0));
#8697=DIRECTION('',(-7.071067811864E-1,-7.071067811867E-1,0.E0));
#8698=VECTOR('',#8697,7.501284060160E-1);
#8699=CARTESIAN_POINT('',(-3.124566211677E0,-2.162657159339E0,1.02E0));
#8700=LINE('',#8699,#8698);
#8701=CARTESIAN_POINT('',(0.E0,0.E0,1.02E0));
#8702=DIRECTION('',(0.E0,0.E0,-1.E0));
#8703=DIRECTION('',(-8.050632366369E-1,-5.931889960339E-1,0.E0));
#8704=AXIS2_PLACEMENT_3D('',#8701,#8702,#8703);
#8706=DIRECTION('',(7.071067811864E-1,-7.071067811867E-1,0.E0));
#8707=VECTOR('',#8706,7.501284060160E-1);
#8708=CARTESIAN_POINT('',(-3.654987094332E0,2.693078041994E0,1.02E0));
#8709=LINE('',#8708,#8707);
#8710=CARTESIAN_POINT('',(0.E0,0.E0,1.02E0));
#8711=DIRECTION('',(0.E0,0.E0,1.E0));
#8712=DIRECTION('',(-8.222542662309E-1,5.691203050894E-1,0.E0));
#8713=AXIS2_PLACEMENT_3D('',#8710,#8711,#8712);
#8715=CARTESIAN_POINT('',(0.E0,0.E0,1.02E0));
#8716=DIRECTION('',(0.E0,0.E0,1.E0));
#8717=DIRECTION('',(-1.E0,0.E0,0.E0));
#8718=AXIS2_PLACEMENT_3D('',#8715,#8716,#8717);
#8720=CARTESIAN_POINT('',(-2.418982502971E0,2.958227863902E0,4.22E0));
#8721=CARTESIAN_POINT('',(-2.368549062412E0,2.999467963005E0,4.22E0));
#8722=CARTESIAN_POINT('',(-2.270332730456E0,3.075306648674E0,4.207169440068E0));
#8723=CARTESIAN_POINT('',(-2.139409355638E0,3.166936046124E0,4.156826790818E0));
#8724=CARTESIAN_POINT('',(-2.026356551729E0,3.239455855808E0,4.080180344467E0));
#8725=CARTESIAN_POINT('',(-1.936761154853E0,3.292751268982E0,3.984783802072E0));
#8726=CARTESIAN_POINT('',(-1.870298222885E0,3.329886048310E0,3.873695510519E0));
#8727=CARTESIAN_POINT('',(-1.829731130230E0,3.351301881256E0,3.754327571260E0));
#8728=CARTESIAN_POINT('',(-1.819657237579E0,3.356107275514E0,3.670578240799E0));
#8729=CARTESIAN_POINT('',(-1.819046490366E0,3.356121219062E0,3.628762464266E0));
#8731=CARTESIAN_POINT('',(-1.819046490366E0,3.356121219062E0,3.628762464266E0));
#8732=CARTESIAN_POINT('',(-1.815305174544E0,3.356121219062E0,3.372607343075E0));
#8733=CARTESIAN_POINT('',(-1.804940134425E0,3.356930115267E0,2.664217505997E0));
#8734=CARTESIAN_POINT('',(-1.792153406093E0,3.355812475519E0,1.794630529648E0));
#8735=CARTESIAN_POINT('',(-1.783094562184E0,3.356943092077E0,1.181198147695E0));
#8736=CARTESIAN_POINT('',(-1.780711397443E0,3.356943092077E0,1.020000090066E0));
#8738=CARTESIAN_POINT('',(1.780711397443E0,3.356943092077E0,1.020000090068E0));
#8739=CARTESIAN_POINT('',(1.783094562184E0,3.356943092077E0,1.181198147695E0));
#8740=CARTESIAN_POINT('',(1.792153406094E0,3.355812484680E0,1.794630529656E0));
#8741=CARTESIAN_POINT('',(1.804940134425E0,3.356930121579E0,2.664217505995E0));
#8742=CARTESIAN_POINT('',(1.815305174544E0,3.356121219062E0,3.372607343075E0));
#8743=CARTESIAN_POINT('',(1.819046490366E0,3.356121219062E0,3.628762464266E0));
#8745=CARTESIAN_POINT('',(1.819046490366E0,3.356121219062E0,3.628762464266E0));
#8746=CARTESIAN_POINT('',(1.819657851798E0,3.356107261491E0,3.670620294252E0));
#8747=CARTESIAN_POINT('',(1.829743122248E0,3.351296522110E0,3.754430432943E0));
#8748=CARTESIAN_POINT('',(1.870399669399E0,3.329830594342E0,3.873905681558E0));
#8749=CARTESIAN_POINT('',(1.936799344917E0,3.292729064968E0,3.984823614877E0));
#8750=CARTESIAN_POINT('',(2.026427758976E0,3.239411505442E0,4.080240674552E0));
#8751=CARTESIAN_POINT('',(2.139414113104E0,3.166932210431E0,4.156824391273E0));
#8752=CARTESIAN_POINT('',(2.270353437836E0,3.075291677403E0,4.207176339439E0));
#8753=CARTESIAN_POINT('',(2.368555405169E0,2.999462776448E0,4.22E0));
#8754=CARTESIAN_POINT('',(2.418982502971E0,2.958227863902E0,4.22E0));
#8756=CARTESIAN_POINT('',(2.726905223265E0,2.677046198289E0,4.22E0));
#8757=CARTESIAN_POINT('',(2.780906238576E0,2.622039433442E0,4.22E0));
#8758=CARTESIAN_POINT('',(2.885665184275E0,2.508071083234E0,4.189952224820E0));
#8759=CARTESIAN_POINT('',(3.011852722762E0,2.352184704438E0,4.059240478280E0));
#8760=CARTESIAN_POINT('',(3.092117916336E0,2.241867654619E0,3.861541265514E0));
#8761=CARTESIAN_POINT('',(3.110402050535E0,2.214019774253E0,3.707396806545E0));
#8762=CARTESIAN_POINT('',(3.110814566314E0,2.212553494728E0,3.630343290349E0));
#8764=CARTESIAN_POINT('',(3.110814566313E0,2.212553494727E0,3.630343290363E0));
#8765=CARTESIAN_POINT('',(3.115472839865E0,2.195995749589E0,2.760227830596E0));
#8766=CARTESIAN_POINT('',(3.120057230035E0,2.179364146003E0,1.890113393438E0));
#8767=CARTESIAN_POINT('',(3.124566211677E0,2.162657159338E0,1.019999999998E0));
#8769=DIRECTION('',(6.666518523489E-3,-1.595498861388E-10,9.999777785185E-1));
#8770=VECTOR('',#8769,4.202093328582E0);
#8771=CARTESIAN_POINT('',(3.8E0,-1.393488225864E-11,1.02E0));
#8772=LINE('',#8771,#8770);
#8773=CARTESIAN_POINT('',(-3.124566211677E0,2.162657159338E0,1.019999999990E0));
#8774=CARTESIAN_POINT('',(-3.120057230034E0,2.179364146003E0,1.890113393430E0));
#8775=CARTESIAN_POINT('',(-3.115472839865E0,2.195995749590E0,2.760227830588E0));
#8776=CARTESIAN_POINT('',(-3.110814566313E0,2.212553494728E0,3.630343290355E0));
#8778=CARTESIAN_POINT('',(-3.110814566314E0,2.212553494728E0,3.630343290349E0));
#8779=CARTESIAN_POINT('',(-3.110401300767E0,2.214022439288E0,3.707536855057E0));
#8780=CARTESIAN_POINT('',(-3.092000861307E0,2.242022919931E0,3.861828299705E0));
#8781=CARTESIAN_POINT('',(-3.012025604385E0,2.351962501672E0,4.058956437049E0));
#8782=CARTESIAN_POINT('',(-2.885525932525E0,2.508242900279E0,4.190108827907E0));
#8783=CARTESIAN_POINT('',(-2.780832418400E0,2.622114628493E0,4.22E0));
#8784=CARTESIAN_POINT('',(-2.726905223265E0,2.677046198289E0,4.22E0));
#8786=DIRECTION('',(7.071067811860E-1,-7.071067811871E-1,-1.101380147432E-13));
#8787=VECTOR('',#8786,4.354684872035E-1);
#8788=CARTESIAN_POINT('',(-2.726905223265E0,2.677046198289E0,4.22E0));
#8789=LINE('',#8788,#8787);
#8790=CARTESIAN_POINT('',(0.E0,0.E0,4.22E0));
#8791=DIRECTION('',(0.E0,0.E0,1.E0));
#8792=DIRECTION('',(-6.330205433456E-1,7.741349957872E-1,0.E0));
#8793=AXIS2_PLACEMENT_3D('',#8790,#8791,#8792);
#8795=DIRECTION('',(7.071067811870E-1,-7.071067811861E-1,3.000655128317E-12));
#8796=VECTOR('',#8795,5.564702898639E-1);
#8797=CARTESIAN_POINT('',(-3.110814566314E0,2.212553494728E0,3.630343290349E0));
#8798=LINE('',#8797,#8796);
#8799=CARTESIAN_POINT('',(2.750945481544E0,1.767823225770E0,1.499999999992E-1));
#8800=CARTESIAN_POINT('',(2.739879083346E0,1.785043871859E0,1.310113728431E0));
#8801=CARTESIAN_POINT('',(2.728673601458E0,1.802125451433E0,2.470228161276E0));
#8802=CARTESIAN_POINT('',(2.717330650822E0,1.819069579236E0,3.630343290356E0));
#8804=CARTESIAN_POINT('',(2.717330650822E0,1.819069579237E0,3.630343290351E0));
#8805=CARTESIAN_POINT('',(2.716589260530E0,1.820177069895E0,3.706169953290E0));
#8806=CARTESIAN_POINT('',(2.700116119163E0,1.845066782459E0,3.847030144638E0));
#8807=CARTESIAN_POINT('',(2.629791137905E0,1.945631846803E0,4.040336937451E0));
#8808=CARTESIAN_POINT('',(2.515774554380E0,2.092151435972E0,4.173051169530E0));
#8809=CARTESIAN_POINT('',(2.423142726062E0,2.197065134273E0,4.211881404895E0));
#8810=CARTESIAN_POINT('',(2.370614103319E0,2.252351831563E0,4.218047237194E0));
#8812=CARTESIAN_POINT('',(2.370614103319E0,2.252351831563E0,4.218047237194E0));
#8813=CARTESIAN_POINT('',(2.294100696782E0,2.332882660756E0,4.211859045366E0));
#8814=CARTESIAN_POINT('',(2.149629577976E0,2.468904670049E0,4.171033159314E0));
#8815=CARTESIAN_POINT('',(1.966698563267E0,2.614825099529E0,4.036921763483E0));
#8816=CARTESIAN_POINT('',(1.845623540592E0,2.699854061268E0,3.836916515909E0));
#8817=CARTESIAN_POINT('',(1.820099725450E0,2.716641050236E0,3.700873874626E0));
#8818=CARTESIAN_POINT('',(1.819046490366E0,2.717346107121E0,3.628762464266E0));
#8820=CARTESIAN_POINT('',(1.819046490366E0,2.717346107121E0,3.628762464266E0));
#8821=CARTESIAN_POINT('',(1.814812854965E0,2.720180188359E0,3.338899902254E0));
#8822=CARTESIAN_POINT('',(1.806312445606E0,2.725841815792E0,2.759175145716E0));
#8823=CARTESIAN_POINT('',(1.793533369102E0,2.734266991135E0,1.889588074513E0));
#8824=CARTESIAN_POINT('',(1.784996747567E0,2.739838082528E0,1.309862455785E0));
#8825=CARTESIAN_POINT('',(1.780711405991E0,2.742620442260E0,1.020000522898E0));
#8827=CARTESIAN_POINT('',(1.780711404225E0,2.742620443091E0,1.020000552505E0));
#8828=CARTESIAN_POINT('',(1.776424018036E0,2.745404130313E0,7.300003228548E-1));
#8829=CARTESIAN_POINT('',(1.772127967306E0,2.748179151888E0,4.400001386399E-1));
#8830=CARTESIAN_POINT('',(1.767823225770E0,2.750945481544E0,1.499999999978E-1));
#8832=CARTESIAN_POINT('',(-1.767823225770E0,2.750945481544E0,
1.499999999992E-1));
#8833=CARTESIAN_POINT('',(-1.772127967306E0,2.748179151888E0,
4.400001386371E-1));
#8834=CARTESIAN_POINT('',(-1.776424018035E0,2.745404130314E0,
7.300003228478E-1));
#8835=CARTESIAN_POINT('',(-1.780711404224E0,2.742620443092E0,1.020000552494E0));
#8837=CARTESIAN_POINT('',(-1.780711406014E0,2.742620442245E0,1.020000524416E0));
#8838=CARTESIAN_POINT('',(-1.784996747544E0,2.739838082543E0,1.309862454253E0));
#8839=CARTESIAN_POINT('',(-1.793533369112E0,2.734266991128E0,1.889588075215E0));
#8840=CARTESIAN_POINT('',(-1.806312445603E0,2.725841815794E0,2.759175145509E0));
#8841=CARTESIAN_POINT('',(-1.814812854965E0,2.720180188359E0,3.338899902253E0));
#8842=CARTESIAN_POINT('',(-1.819046490366E0,2.717346107121E0,3.628762464266E0));
#8844=CARTESIAN_POINT('',(-1.819046490366E0,2.717346107121E0,3.628762464266E0));
#8845=CARTESIAN_POINT('',(-1.819626845964E0,2.716957605336E0,3.668497430680E0));
#8846=CARTESIAN_POINT('',(-1.828545121309E0,2.711009056397E0,3.746345307660E0));
#8847=CARTESIAN_POINT('',(-1.864446689718E0,2.686597240623E0,3.859296589744E0));
#8848=CARTESIAN_POINT('',(-1.923257838866E0,2.645070684099E0,3.965302295888E0));
#8849=CARTESIAN_POINT('',(-2.004167042445E0,2.584705523108E0,4.059644791501E0));
#8850=CARTESIAN_POINT('',(-2.107565944996E0,2.501659768565E0,4.138494545661E0));
#8851=CARTESIAN_POINT('',(-2.229922510546E0,2.393933333238E0,4.194935841225E0));
#8852=CARTESIAN_POINT('',(-2.322380946452E0,2.303117524700E0,4.214146273419E0));
#8853=CARTESIAN_POINT('',(-2.370614103319E0,2.252351831563E0,4.218047237194E0));
#8855=CARTESIAN_POINT('',(-2.370614103319E0,2.252351831563E0,4.218047237194E0));
#8856=CARTESIAN_POINT('',(-2.422913490168E0,2.197306406456E0,4.211908312702E0));
#8857=CARTESIAN_POINT('',(-2.515291746426E0,2.092738739263E0,4.173429262455E0));
#8858=CARTESIAN_POINT('',(-2.629726679920E0,1.945730582633E0,4.040498927441E0));
#8859=CARTESIAN_POINT('',(-2.699990753666E0,1.845247154244E0,3.847542831613E0));
#8860=CARTESIAN_POINT('',(-2.716587193930E0,1.820180156987E0,3.706381317506E0));
#8861=CARTESIAN_POINT('',(-2.717330650822E0,1.819069579237E0,3.630343290351E0));
#8863=CARTESIAN_POINT('',(-2.717330650822E0,1.819069579237E0,3.630343290355E0));
#8864=CARTESIAN_POINT('',(-2.728673601458E0,1.802125451434E0,2.470228161275E0));
#8865=CARTESIAN_POINT('',(-2.739879083346E0,1.785043871859E0,1.310113728430E0));
#8866=CARTESIAN_POINT('',(-2.750945481544E0,1.767823225770E0,
1.499999999978E-1));
#8868=DIRECTION('',(0.E0,4.945034281011E-12,-1.E0));
#8869=VECTOR('',#8868,6.367925979837E0);
#8870=CARTESIAN_POINT('',(3.27E0,4.044382203018E-10,6.52E0));
#8871=LINE('',#8870,#8869);
#8872=CARTESIAN_POINT('',(3.220634863983E0,2.195330031262E0,-1.58E0));
#8873=CARTESIAN_POINT('',(3.240592669713E0,2.215287836992E0,-1.58E0));
#8874=CARTESIAN_POINT('',(3.276966005021E0,2.251921466139E0,-1.569324778793E0));
#8875=CARTESIAN_POINT('',(3.323783890636E0,2.299806305235E0,-1.525566676314E0));
#8876=CARTESIAN_POINT('',(3.344339942075E0,2.321390281448E0,-1.483409226841E0));
#8877=CARTESIAN_POINT('',(3.351777172303E0,2.329441502217E0,-1.458228128069E0));
#8879=CARTESIAN_POINT('',(2.750945481544E0,1.767823225770E0,1.5E-1));
#8880=CARTESIAN_POINT('',(2.799865216949E0,1.802682111324E0,
-4.266662921467E-1));
#8881=CARTESIAN_POINT('',(2.848782242550E0,1.837538277462E0,-1.003332978566E0));
#8882=CARTESIAN_POINT('',(2.897696965210E0,1.872392132490E0,-1.58E0));
#8884=DIRECTION('',(-7.071067811869E-1,-7.071067811862E-1,0.E0));
#8885=VECTOR('',#8884,4.567031562482E-1);
#8886=CARTESIAN_POINT('',(3.220634863983E0,2.195330031262E0,-1.58E0));
#8887=LINE('',#8886,#8885);
#8888=CARTESIAN_POINT('',(0.E0,0.E0,-1.58E0));
#8889=DIRECTION('',(0.E0,0.E0,-1.E0));
#8890=DIRECTION('',(8.399121638292E-1,5.427223572434E-1,0.E0));
#8891=AXIS2_PLACEMENT_3D('',#8888,#8889,#8890);
#8893=CARTESIAN_POINT('',(0.E0,0.E0,-1.58E0));
#8894=DIRECTION('',(0.E0,0.E0,-1.E0));
#8895=DIRECTION('',(1.E0,0.E0,0.E0));
#8896=AXIS2_PLACEMENT_3D('',#8893,#8894,#8895);
#8898=DIRECTION('',(7.071067811869E-1,-7.071067811862E-1,0.E0));
#8899=VECTOR('',#8898,4.566834136327E-1);
#8900=CARTESIAN_POINT('',(2.897696965210E0,-1.872392132490E0,-1.58E0));
#8901=LINE('',#8900,#8899);
#8902=CARTESIAN_POINT('',(0.E0,0.E0,-1.58E0));
#8903=DIRECTION('',(0.E0,0.E0,1.E0));
#8904=DIRECTION('',(8.262954884030E-1,-5.632368647778E-1,0.E0));
#8905=AXIS2_PLACEMENT_3D('',#8902,#8903,#8904);
#8907=CARTESIAN_POINT('',(0.E0,0.E0,1.502186569271E-1));
#8908=DIRECTION('',(0.E0,0.E0,-1.E0));
#8909=DIRECTION('',(8.412677313591E-1,5.406187234771E-1,0.E0));
#8910=AXIS2_PLACEMENT_3D('',#8907,#8908,#8909);
#8912=CARTESIAN_POINT('',(2.828945900106E0,1.639987361138E0,1.517784063689E-1));
#8913=CARTESIAN_POINT('',(2.832230788943E0,1.639987361138E0,1.244649794400E-1));
#8914=CARTESIAN_POINT('',(2.838625342635E0,1.640005898135E0,6.957224001708E-2));
#8915=CARTESIAN_POINT('',(2.848528477035E0,1.639998314818E0,
-1.224177872157E-2));
#8916=CARTESIAN_POINT('',(2.855063402437E0,1.64E0,-6.687486263739E-2));
#8917=CARTESIAN_POINT('',(2.858338469475E0,1.64E0,-9.417712000818E-2));
#8919=CARTESIAN_POINT('',(2.858338469475E0,-1.64E0,-9.417712000818E-2));
#8920=CARTESIAN_POINT('',(2.855063402157E0,-1.64E0,-6.687486030486E-2));
#8921=CARTESIAN_POINT('',(2.848528481565E0,-1.639998315436E0,
-1.224177194834E-2));
#8922=CARTESIAN_POINT('',(2.838625353197E0,-1.640005895975E0,
6.957225882239E-2));
#8923=CARTESIAN_POINT('',(2.832230796065E0,-1.639987365768E0,
1.244649928110E-1));
#8924=CARTESIAN_POINT('',(2.828945906950E0,-1.639987365768E0,
1.517784221980E-1));
#8926=CARTESIAN_POINT('',(2.897696965210E0,-1.872392132490E0,-1.58E0));
#8927=CARTESIAN_POINT('',(2.848782242550E0,-1.837538277462E0,
-1.003332978566E0));
#8928=CARTESIAN_POINT('',(2.799865216949E0,-1.802682111324E0,
-4.266662921467E-1));
#8929=CARTESIAN_POINT('',(2.750945481544E0,-1.767823225770E0,1.5E-1));
#8931=CARTESIAN_POINT('',(3.351777172303E0,-2.329441502217E0,
-1.458228128069E0));
#8932=CARTESIAN_POINT('',(3.344311567264E0,-2.321359564116E0,
-1.483505298752E0));
#8933=CARTESIAN_POINT('',(3.323623840139E0,-2.299642198602E0,
-1.525733027340E0));
#8934=CARTESIAN_POINT('',(3.277140102093E0,-2.252098948772E0,
-1.569185929442E0));
#8935=CARTESIAN_POINT('',(3.240651801364E0,-2.215346968643E0,-1.58E0));
#8936=CARTESIAN_POINT('',(3.220620903846E0,-2.195316071125E0,-1.58E0));
#8938=CARTESIAN_POINT('',(1.780711410627E0,-2.742620439477E0,1.020000725489E0));
#8939=CARTESIAN_POINT('',(1.784996753062E0,-2.739838079180E0,1.309862716778E0));
#8940=CARTESIAN_POINT('',(1.793533373025E0,-2.734266988448E0,1.889588392934E0));
#8941=CARTESIAN_POINT('',(1.806312447618E0,-2.725841814485E0,2.759175267955E0));
#8942=CARTESIAN_POINT('',(1.814812855625E0,-2.720180187917E0,3.338899947482E0));
#8943=CARTESIAN_POINT('',(1.819046490366E0,-2.717346107121E0,3.628762464266E0));
#8945=CARTESIAN_POINT('',(1.819046490366E0,-2.717346107121E0,3.628762464266E0));
#8946=CARTESIAN_POINT('',(1.819626845964E0,-2.716957605336E0,3.668497430680E0));
#8947=CARTESIAN_POINT('',(1.828545121309E0,-2.711009056397E0,3.746345307660E0));
#8948=CARTESIAN_POINT('',(1.864446689718E0,-2.686597240623E0,3.859296589744E0));
#8949=CARTESIAN_POINT('',(1.923257838866E0,-2.645070684099E0,3.965302295888E0));
#8950=CARTESIAN_POINT('',(2.004167042445E0,-2.584705523108E0,4.059644791501E0));
#8951=CARTESIAN_POINT('',(2.107565944996E0,-2.501659768565E0,4.138494545661E0));
#8952=CARTESIAN_POINT('',(2.229922510546E0,-2.393933333238E0,4.194935841225E0));
#8953=CARTESIAN_POINT('',(2.322380946452E0,-2.303117524700E0,4.214146273419E0));
#8954=CARTESIAN_POINT('',(2.370614103319E0,-2.252351831563E0,4.218047237194E0));
#8956=CARTESIAN_POINT('',(2.370614103319E0,-2.252351831563E0,4.218047237194E0));
#8957=CARTESIAN_POINT('',(2.423030087745E0,-2.197183686792E0,4.211894626429E0));
#8958=CARTESIAN_POINT('',(2.515536790706E0,-2.092435824275E0,4.173209308040E0));
#8959=CARTESIAN_POINT('',(2.629651289228E0,-1.945827090327E0,4.040618275876E0));
#8960=CARTESIAN_POINT('',(2.700091670615E0,-1.845104437566E0,3.847198341275E0));
#8961=CARTESIAN_POINT('',(2.716588597906E0,-1.820178059725E0,3.706237724052E0));
#8962=CARTESIAN_POINT('',(2.717330650822E0,-1.819069579237E0,3.630343290351E0));
#8964=CARTESIAN_POINT('',(2.717330650822E0,-1.819069579236E0,3.630343290356E0));
#8965=CARTESIAN_POINT('',(2.728673601458E0,-1.802125451433E0,2.470228161276E0));
#8966=CARTESIAN_POINT('',(2.739879083346E0,-1.785043871859E0,1.310113728431E0));
#8967=CARTESIAN_POINT('',(2.750945481544E0,-1.767823225770E0,
1.499999999992E-1));
#8969=CARTESIAN_POINT('',(0.E0,0.E0,1.502203483207E-1));
#8970=DIRECTION('',(0.E0,0.E0,1.E0));
#8971=DIRECTION('',(8.412677313591E-1,-5.406187234771E-1,0.E0));
#8972=AXIS2_PLACEMENT_3D('',#8969,#8970,#8971);
#8974=DIRECTION('',(0.E0,1.216918771936E-11,-1.E0));
#8975=VECTOR('',#8974,6.367925979837E0);
#8976=CARTESIAN_POINT('',(-3.27E0,-7.749192359915E-11,6.52E0));
#8977=LINE('',#8976,#8975);
#8978=CARTESIAN_POINT('',(0.E0,0.E0,1.502203431357E-1));
#8979=DIRECTION('',(0.E0,0.E0,1.E0));
#8980=DIRECTION('',(-8.651293658751E-1,-5.015487815762E-1,0.E0));
#8981=AXIS2_PLACEMENT_3D('',#8978,#8979,#8980);
#8983=CARTESIAN_POINT('',(-2.750945481544E0,-1.767823225770E0,
1.499999999978E-1));
#8984=CARTESIAN_POINT('',(-2.739879083346E0,-1.785043871859E0,
1.310113728430E0));
#8985=CARTESIAN_POINT('',(-2.728673601458E0,-1.802125451434E0,
2.470228161275E0));
#8986=CARTESIAN_POINT('',(-2.717330650822E0,-1.819069579237E0,
3.630343290355E0));
#8988=CARTESIAN_POINT('',(-2.717330650822E0,-1.819069579237E0,
3.630343290351E0));
#8989=CARTESIAN_POINT('',(-2.716587260094E0,-1.820180058151E0,
3.706374550494E0));
#8990=CARTESIAN_POINT('',(-2.699985533064E0,-1.845254116087E0,
3.847513001450E0));
#8991=CARTESIAN_POINT('',(-2.629825215393E0,-1.945589767420E0,
4.040268989429E0));
#8992=CARTESIAN_POINT('',(-2.515536952063E0,-2.092443735945E0,
4.173258410149E0));
#8993=CARTESIAN_POINT('',(-2.423031782169E0,-2.197181903400E0,
4.211894427537E0));
#8994=CARTESIAN_POINT('',(-2.370614103319E0,-2.252351831563E0,
4.218047237194E0));
#8996=CARTESIAN_POINT('',(-2.370614103319E0,-2.252351831563E0,
4.218047237194E0));
#8997=CARTESIAN_POINT('',(-2.294100696782E0,-2.332882660756E0,
4.211859045366E0));
#8998=CARTESIAN_POINT('',(-2.149629577976E0,-2.468904670049E0,
4.171033159314E0));
#8999=CARTESIAN_POINT('',(-1.966698563267E0,-2.614825099529E0,
4.036921763483E0));
#9000=CARTESIAN_POINT('',(-1.845623540592E0,-2.699854061268E0,
3.836916515909E0));
#9001=CARTESIAN_POINT('',(-1.820099725450E0,-2.716641050236E0,
3.700873874626E0));
#9002=CARTESIAN_POINT('',(-1.819046490366E0,-2.717346107121E0,
3.628762464266E0));
#9004=CARTESIAN_POINT('',(-1.819046490366E0,-2.717346107121E0,
3.628762464266E0));
#9005=CARTESIAN_POINT('',(-1.814812855625E0,-2.720180187917E0,
3.338899947482E0));
#9006=CARTESIAN_POINT('',(-1.806312447618E0,-2.725841814485E0,
2.759175267955E0));
#9007=CARTESIAN_POINT('',(-1.793533373025E0,-2.734266988448E0,
1.889588392934E0));
#9008=CARTESIAN_POINT('',(-1.784996753061E0,-2.739838079180E0,
1.309862716778E0));
#9009=CARTESIAN_POINT('',(-1.780711410627E0,-2.742620439477E0,
1.020000725489E0));
#9011=CARTESIAN_POINT('',(-1.780711410377E0,-2.742620439097E0,
1.020000968670E0));
#9012=CARTESIAN_POINT('',(-1.776424022145E0,-2.745404127659E0,
7.300006002990E-1));
#9013=CARTESIAN_POINT('',(-1.772127969365E0,-2.748179150565E0,
4.400002773626E-1));
#9014=CARTESIAN_POINT('',(-1.767823225770E0,-2.750945481544E0,
1.499999999992E-1));
#9016=CARTESIAN_POINT('',(0.E0,0.E0,1.502203483207E-1));
#9017=DIRECTION('',(0.E0,0.E0,1.E0));
#9018=DIRECTION('',(-5.406187234771E-1,-8.412677313591E-1,0.E0));
#9019=AXIS2_PLACEMENT_3D('',#9016,#9017,#9018);
#9021=CARTESIAN_POINT('',(0.E0,0.E0,1.502203431357E-1));
#9022=DIRECTION('',(0.E0,0.E0,1.E0));
#9023=DIRECTION('',(5.015487815762E-1,-8.651293658751E-1,0.E0));
#9024=AXIS2_PLACEMENT_3D('',#9021,#9022,#9023);
#9026=CARTESIAN_POINT('',(1.767823225770E0,-2.750945481544E0,
1.499999999978E-1));
#9027=CARTESIAN_POINT('',(1.772127969366E0,-2.748179150564E0,
4.400002773612E-1));
#9028=CARTESIAN_POINT('',(1.776424022146E0,-2.745404127658E0,
7.300006002975E-1));
#9029=CARTESIAN_POINT('',(1.780711410378E0,-2.742620439097E0,1.020000968669E0));
#9031=DIRECTION('',(2.155181886082E-14,1.E0,-3.128489834635E-14));
#9032=VECTOR('',#9031,6.387751119410E-1);
#9033=CARTESIAN_POINT('',(1.819046490366E0,-3.356121219062E0,3.628762464266E0));
#9034=LINE('',#9033,#9032);
#9035=CARTESIAN_POINT('',(2.418982502971E0,-2.369123477994E0,4.22E0));
#9036=CARTESIAN_POINT('',(2.413592219831E0,-2.356110183334E0,4.22E0));
#9037=CARTESIAN_POINT('',(2.402821751947E0,-2.330108001259E0,4.219854745250E0));
#9038=CARTESIAN_POINT('',(2.386698111076E0,-2.291182054044E0,4.219203169049E0));
#9039=CARTESIAN_POINT('',(2.375971499988E0,-2.265285731259E0,4.218480528558E0));
#9040=CARTESIAN_POINT('',(2.370614103319E0,-2.252351831563E0,4.218047237194E0));
#9042=CARTESIAN_POINT('',(-1.780711398446E0,-3.356943092041E0,
1.020000157910E0));
#9043=CARTESIAN_POINT('',(-1.783094562182E0,-3.356943092041E0,
1.181198147695E0));
#9044=CARTESIAN_POINT('',(-1.792153409836E0,-3.355812484474E0,
1.794630783193E0));
#9045=CARTESIAN_POINT('',(-1.804940133824E0,-3.356930121644E0,
2.664217465291E0));
#9046=CARTESIAN_POINT('',(-1.815305174544E0,-3.356121219062E0,
3.372607343075E0));
#9047=CARTESIAN_POINT('',(-1.819046490366E0,-3.356121219062E0,
3.628762464266E0));
#9049=CARTESIAN_POINT('',(-1.819046490366E0,-3.356121219062E0,
3.628762464266E0));
#9050=CARTESIAN_POINT('',(-1.819657851798E0,-3.356107261491E0,
3.670620294252E0));
#9051=CARTESIAN_POINT('',(-1.829743122248E0,-3.351296522110E0,
3.754430432943E0));
#9052=CARTESIAN_POINT('',(-1.870399669399E0,-3.329830594342E0,
3.873905681558E0));
#9053=CARTESIAN_POINT('',(-1.936799344917E0,-3.292729064968E0,
3.984823614877E0));
#9054=CARTESIAN_POINT('',(-2.026427758976E0,-3.239411505442E0,
4.080240674552E0));
#9055=CARTESIAN_POINT('',(-2.139414113104E0,-3.166932210431E0,
4.156824391273E0));
#9056=CARTESIAN_POINT('',(-2.270353437836E0,-3.075291677403E0,
4.207176339439E0));
#9057=CARTESIAN_POINT('',(-2.368555405169E0,-2.999462776448E0,4.22E0));
#9058=CARTESIAN_POINT('',(-2.418982502971E0,-2.958227863902E0,4.22E0));
#9060=CARTESIAN_POINT('',(-2.726905223265E0,-2.677046198289E0,4.22E0));
#9061=CARTESIAN_POINT('',(-2.780750633383E0,-2.622197936726E0,4.22E0));
#9062=CARTESIAN_POINT('',(-2.885346393078E0,-2.508448824746E0,
4.190204305082E0));
#9063=CARTESIAN_POINT('',(-3.011913191599E0,-2.352112746033E0,
4.059157170684E0));
#9064=CARTESIAN_POINT('',(-3.091978719660E0,-2.242056474703E0,
3.861966014135E0));
#9065=CARTESIAN_POINT('',(-3.110401029543E0,-2.214023403350E0,
3.707587516862E0));
#9066=CARTESIAN_POINT('',(-3.110814566314E0,-2.212553494728E0,
3.630343290349E0));
#9068=CARTESIAN_POINT('',(-3.110814566313E0,-2.212553494728E0,
3.630343290355E0));
#9069=CARTESIAN_POINT('',(-3.115472839865E0,-2.195995749590E0,
2.760227830588E0));
#9070=CARTESIAN_POINT('',(-3.120057230034E0,-2.179364146003E0,
1.890113393430E0));
#9071=CARTESIAN_POINT('',(-3.124566211677E0,-2.162657159338E0,
1.019999999990E0));
#9073=DIRECTION('',(-6.666518523489E-3,1.603605623358E-10,9.999777785185E-1));
#9074=VECTOR('',#9073,4.202093328582E0);
#9075=CARTESIAN_POINT('',(-3.8E0,0.E0,1.02E0));
#9076=LINE('',#9075,#9074);
#9077=CARTESIAN_POINT('',(3.124566211677E0,-2.162657159338E0,1.019999999998E0));
#9078=CARTESIAN_POINT('',(3.120057230035E0,-2.179364146003E0,1.890113393438E0));
#9079=CARTESIAN_POINT('',(3.115472839865E0,-2.195995749589E0,2.760227830596E0));
#9080=CARTESIAN_POINT('',(3.110814566313E0,-2.212553494727E0,3.630343290363E0));
#9082=CARTESIAN_POINT('',(3.110814566314E0,-2.212553494728E0,3.630343290349E0));
#9083=CARTESIAN_POINT('',(3.110402500819E0,-2.214018173729E0,3.707312698397E0));
#9084=CARTESIAN_POINT('',(3.092157784874E0,-2.241808375921E0,3.861335968404E0));
#9085=CARTESIAN_POINT('',(3.011972191191E0,-2.352027278545E0,4.059048199681E0));
#9086=CARTESIAN_POINT('',(2.885801610325E0,-2.507915897180E0,4.189885676906E0));
#9087=CARTESIAN_POINT('',(2.780965091641E0,-2.621979484260E0,4.22E0));
#9088=CARTESIAN_POINT('',(2.726905223265E0,-2.677046198289E0,4.22E0));
#9090=CARTESIAN_POINT('',(2.418982502971E0,-2.958227863902E0,4.22E0));
#9091=CARTESIAN_POINT('',(2.368549062412E0,-2.999467963005E0,4.22E0));
#9092=CARTESIAN_POINT('',(2.270332730456E0,-3.075306648674E0,4.207169440068E0));
#9093=CARTESIAN_POINT('',(2.139409355638E0,-3.166936046124E0,4.156826790818E0));
#9094=CARTESIAN_POINT('',(2.026356551729E0,-3.239455855808E0,4.080180344467E0));
#9095=CARTESIAN_POINT('',(1.936761154853E0,-3.292751268982E0,3.984783802072E0));
#9096=CARTESIAN_POINT('',(1.870298222885E0,-3.329886048310E0,3.873695510519E0));
#9097=CARTESIAN_POINT('',(1.829731130230E0,-3.351301881256E0,3.754327571259E0));
#9098=CARTESIAN_POINT('',(1.819657237579E0,-3.356107275514E0,3.670578240799E0));
#9099=CARTESIAN_POINT('',(1.819046490366E0,-3.356121219062E0,3.628762464266E0));
#9101=CARTESIAN_POINT('',(1.819046490366E0,-3.356121219062E0,3.628762464266E0));
#9102=CARTESIAN_POINT('',(1.815305174544E0,-3.356121219062E0,3.372607343075E0));
#9103=CARTESIAN_POINT('',(1.804940133824E0,-3.356930115331E0,2.664217465291E0));
#9104=CARTESIAN_POINT('',(1.792153409836E0,-3.355812475314E0,1.794630783193E0));
#9105=CARTESIAN_POINT('',(1.783094562182E0,-3.356943092041E0,1.181198147695E0));
#9106=CARTESIAN_POINT('',(1.780711398446E0,-3.356943092041E0,1.020000157910E0));
#9108=DIRECTION('',(2.120420887919E-14,-1.E0,3.058967838310E-14));
#9109=VECTOR('',#9108,6.387751119410E-1);
#9110=CARTESIAN_POINT('',(-1.819046490366E0,-2.717346107121E0,
3.628762464266E0));
#9111=LINE('',#9110,#9109);
#9112=DIRECTION('',(-1.982758422798E-8,9.999999999996E-1,9.239108269809E-7));
#9113=VECTOR('',#9112,6.143226525643E-1);
#9114=CARTESIAN_POINT('',(-1.780711398446E0,-3.356943092041E0,
1.020000157910E0));
#9115=LINE('',#9114,#9113);
#9116=CARTESIAN_POINT('',(-2.370614103319E0,-2.252351831563E0,
4.218047237194E0));
#9117=CARTESIAN_POINT('',(-2.3759715E0,-2.265285731288E0,4.218480528559E0));
#9118=CARTESIAN_POINT('',(-2.386698111089E0,-2.291182054118E0,
4.219203169050E0));
#9119=CARTESIAN_POINT('',(-2.402821751972E0,-2.330108001329E0,
4.219854745251E0));
#9120=CARTESIAN_POINT('',(-2.413592219844E0,-2.356110183364E0,4.22E0));
#9121=CARTESIAN_POINT('',(-2.418982502971E0,-2.369123477995E0,4.22E0));
#9123=CARTESIAN_POINT('',(0.E0,0.E0,4.22E0));
#9124=DIRECTION('',(0.E0,0.E0,1.E0));
#9125=DIRECTION('',(-7.136004596821E-1,-7.005529130205E-1,0.E0));
#9126=AXIS2_PLACEMENT_3D('',#9123,#9124,#9125);
#9128=DIRECTION('',(-1.394600104628E-13,1.E0,-8.141449259450E-14));
#9129=VECTOR('',#9128,5.891043859069E-1);
#9130=CARTESIAN_POINT('',(-2.418982502971E0,-2.958227863902E0,4.22E0));
#9131=LINE('',#9130,#9129);
#9132=DIRECTION('',(-7.071067811870E-1,-7.071067811861E-1,-2.981502010477E-12));
#9133=VECTOR('',#9132,5.564702898639E-1);
#9134=CARTESIAN_POINT('',(-2.717330650822E0,-1.819069579237E0,
3.630343290351E0));
#9135=LINE('',#9134,#9133);
#9136=DIRECTION('',(7.071067811861E-1,7.071067811870E-1,-1.101380147434E-13));
#9137=VECTOR('',#9136,4.354684872027E-1);
#9138=CARTESIAN_POINT('',(-2.726905223265E0,-2.677046198289E0,4.22E0));
#9139=LINE('',#9138,#9137);
#9140=DIRECTION('',(7.071067720845E-1,-7.071067902884E-1,-5.622723009895E-7));
#9141=VECTOR('',#9140,1.290281280545E0);
#9142=CARTESIAN_POINT('',(1.780711410627E0,-2.742620439477E0,1.020000725489E0));
#9143=LINE('',#9142,#9141);
#9144=CARTESIAN_POINT('',(0.E0,0.E0,1.02E0));
#9145=DIRECTION('',(0.E0,0.E0,-1.E0));
#9146=DIRECTION('',(5.931889960338E-1,-8.050632366369E-1,0.E0));
#9147=AXIS2_PLACEMENT_3D('',#9144,#9145,#9146);
#9149=CARTESIAN_POINT('',(0.E0,0.E0,1.02E0));
#9150=DIRECTION('',(0.E0,0.E0,-1.E0));
#9151=DIRECTION('',(0.E0,-1.E0,0.E0));
#9152=AXIS2_PLACEMENT_3D('',#9149,#9150,#9151);
#9154=DIRECTION('',(7.071067720845E-1,7.071067902884E-1,5.622722939338E-7));
#9155=VECTOR('',#9154,1.290281280545E0);
#9156=CARTESIAN_POINT('',(-2.693078041994E0,-3.654987094332E0,1.02E0));
#9157=LINE('',#9156,#9155);
#9158=CARTESIAN_POINT('',(0.E0,0.E0,1.02E0));
#9159=DIRECTION('',(0.E0,0.E0,1.E0));
#9160=DIRECTION('',(-4.686082621346E-1,-8.834060768747E-1,0.E0));
#9161=AXIS2_PLACEMENT_3D('',#9158,#9159,#9160);
#9163=DIRECTION('',(1.982773242093E-8,9.999999999996E-1,9.239107127639E-7));
#9164=VECTOR('',#9163,6.143226525643E-1);
#9165=CARTESIAN_POINT('',(1.780711398446E0,-3.356943092041E0,1.020000157910E0));
#9166=LINE('',#9165,#9164);
#9167=CARTESIAN_POINT('',(2.195316071125E0,-3.220620903846E0,-1.58E0));
#9168=CARTESIAN_POINT('',(2.215273888923E0,-3.240578721644E0,-1.58E0));
#9169=CARTESIAN_POINT('',(2.251928008465E0,-3.276972547118E0,
-1.569324769410E0));
#9170=CARTESIAN_POINT('',(2.299804468115E0,-3.323782052629E0,
-1.525566640017E0));
#9171=CARTESIAN_POINT('',(2.321390287434E0,-3.344339947605E0,
-1.483409208119E0));
#9172=CARTESIAN_POINT('',(2.329441502217E0,-3.351777172303E0,
-1.458228128069E0));
#9174=CARTESIAN_POINT('',(1.767823225770E0,-2.750945481544E0,1.5E-1));
#9175=CARTESIAN_POINT('',(1.802682111324E0,-2.799865216949E0,
-4.266662921467E-1));
#9176=CARTESIAN_POINT('',(1.837538277462E0,-2.848782242550E0,
-1.003332978566E0));
#9177=CARTESIAN_POINT('',(1.872392132490E0,-2.897696965210E0,-1.58E0));
#9179=DIRECTION('',(-7.071067811862E-1,-7.071067811869E-1,0.E0));
#9180=VECTOR('',#9179,4.567031562482E-1);
#9181=CARTESIAN_POINT('',(-1.872392132490E0,-2.897696965210E0,-1.58E0));
#9182=LINE('',#9181,#9180);
#9183=CARTESIAN_POINT('',(0.E0,0.E0,-1.58E0));
#9184=DIRECTION('',(0.E0,0.E0,1.E0));
#9185=DIRECTION('',(-5.632392003404E-1,-8.262938963831E-1,0.E0));
#9186=AXIS2_PLACEMENT_3D('',#9183,#9184,#9185);
#9188=DIRECTION('',(-7.071067811862E-1,7.071067811869E-1,0.E0));
#9189=VECTOR('',#9188,4.566834136327E-1);
#9190=CARTESIAN_POINT('',(2.195316071125E0,-3.220620903846E0,-1.58E0));
#9191=LINE('',#9190,#9189);
#9192=CARTESIAN_POINT('',(0.E0,0.E0,-1.58E0));
#9193=DIRECTION('',(0.E0,0.E0,-1.E0));
#9194=DIRECTION('',(5.427223572434E-1,-8.399121638292E-1,0.E0));
#9195=AXIS2_PLACEMENT_3D('',#9192,#9193,#9194);
#9197=CARTESIAN_POINT('',(-1.872392132490E0,-2.897696965210E0,-1.58E0));
#9198=CARTESIAN_POINT('',(-1.837538277462E0,-2.848782242550E0,
-1.003332978566E0));
#9199=CARTESIAN_POINT('',(-1.802682111324E0,-2.799865216949E0,
-4.266662921467E-1));
#9200=CARTESIAN_POINT('',(-1.767823225770E0,-2.750945481544E0,1.5E-1));
#9202=CARTESIAN_POINT('',(-2.329441502217E0,-3.351777172303E0,
-1.458228128069E0));
#9203=CARTESIAN_POINT('',(-2.321359558391E0,-3.344311561976E0,
-1.483505316656E0));
#9204=CARTESIAN_POINT('',(-2.299644030711E0,-3.323625673007E0,
-1.525733058483E0));
#9205=CARTESIAN_POINT('',(-2.252092447386E0,-3.277133600470E0,
-1.569185919723E0));
#9206=CARTESIAN_POINT('',(-2.215360934377E0,-3.240665767098E0,-1.58E0));
#9207=CARTESIAN_POINT('',(-2.195330031262E0,-3.220634863983E0,-1.58E0));
#9209=CARTESIAN_POINT('',(1.639987361138E0,-2.828945900106E0,
1.517784063689E-1));
#9210=CARTESIAN_POINT('',(1.639987361138E0,-2.832230788943E0,
1.244649794398E-1));
#9211=CARTESIAN_POINT('',(1.640005898135E0,-2.838625342635E0,
6.957224001661E-2));
#9212=CARTESIAN_POINT('',(1.639998314818E0,-2.848528477035E0,
-1.224177872202E-2));
#9213=CARTESIAN_POINT('',(1.64E0,-2.855063402437E0,-6.687486263758E-2));
#9214=CARTESIAN_POINT('',(1.64E0,-2.858338469475E0,-9.417712000818E-2));
#9216=CARTESIAN_POINT('',(-1.64E0,-2.858338469475E0,-9.417712000818E-2));
#9217=CARTESIAN_POINT('',(-1.64E0,-2.855063402157E0,-6.687486030486E-2));
#9218=CARTESIAN_POINT('',(-1.639998315436E0,-2.848528481565E0,
-1.224177194833E-2));
#9219=CARTESIAN_POINT('',(-1.640005895975E0,-2.838625353197E0,
6.957225882239E-2));
#9220=CARTESIAN_POINT('',(-1.639987365768E0,-2.832230796065E0,
1.244649928110E-1));
#9221=CARTESIAN_POINT('',(-1.639987365768E0,-2.828945906950E0,
1.517784221980E-1));
#9223=CARTESIAN_POINT('',(1.640000000824E0,-2.576848554600E0,
-4.199573905700E-2));
#9224=CARTESIAN_POINT('',(1.640003216892E0,-2.597916123300E0,
-6.174639104347E-2));
#9225=CARTESIAN_POINT('',(1.639995732814E0,-2.649060723314E0,
-1.124524122131E-1));
#9226=CARTESIAN_POINT('',(1.640004244052E0,-2.700798731361E0,
-1.625157963134E-1));
#9227=CARTESIAN_POINT('',(1.640000000040E0,-2.732024994989E0,
-1.922675830273E-1));
#9229=CARTESIAN_POINT('',(0.E0,0.E0,1.520740201626E-1));
#9230=DIRECTION('',(0.E0,0.E0,-1.E0));
#9231=DIRECTION('',(5.015487815762E-1,-8.651293658751E-1,0.E0));
#9232=AXIS2_PLACEMENT_3D('',#9229,#9230,#9231);
#9234=CARTESIAN_POINT('',(-1.639987365768E0,-2.828945906950E0,
1.517784221980E-1));
#9235=CARTESIAN_POINT('',(-1.639987365768E0,-2.801139881490E0,
1.301178037220E-1));
#9236=CARTESIAN_POINT('',(-1.640005896085E0,-2.745104333228E0,
8.698866555237E-2));
#9237=CARTESIAN_POINT('',(-1.639998315051E0,-2.662643681338E0,
2.335782233751E-2));
#9238=CARTESIAN_POINT('',(-1.640000000824E0,-2.605621804647E0,
-2.013925581600E-2));
#9239=CARTESIAN_POINT('',(-1.640000000824E0,-2.576848554602E0,
-4.199573905548E-2));
#9241=CARTESIAN_POINT('',(-1.640000000824E0,-2.576848554602E0,
-4.199573905548E-2));
#9242=CARTESIAN_POINT('',(-1.639999995351E0,-2.547518072702E0,
-6.427550450289E-2));
#9243=CARTESIAN_POINT('',(-1.618344310320E0,-2.506061128277E0,
-1.061970518938E-1));
#9244=CARTESIAN_POINT('',(-1.533715634496E0,-2.482879226047E0,
-1.648227380268E-1));
#9245=CARTESIAN_POINT('',(-1.469711863515E0,-2.500311322153E0,
-1.810754694853E-1));
#9246=CARTESIAN_POINT('',(-1.434846609299E0,-2.520161745343E0,
-1.810754739609E-1));
#9248=CARTESIAN_POINT('',(1.640000000824E0,-2.576848554600E0,
-4.199573905700E-2));
#9249=CARTESIAN_POINT('',(1.640000000824E0,-2.604393287923E0,
-2.107245088949E-2));
#9250=CARTESIAN_POINT('',(1.639998314434E0,-2.659803440135E0,
2.117958915030E-2));
#9251=CARTESIAN_POINT('',(1.640005898245E0,-2.743657307447E0,
8.586890719385E-2));
#9252=CARTESIAN_POINT('',(1.639987361138E0,-2.800528206443E0,
1.296413041523E-1));
#9253=CARTESIAN_POINT('',(1.639987361138E0,-2.828945900106E0,
1.517784063689E-1));
#9255=CARTESIAN_POINT('',(-1.640000000040E0,-2.732024994989E0,
-1.922675830274E-1));
#9256=CARTESIAN_POINT('',(-1.640004244052E0,-2.700798731366E0,
-1.625157963183E-1));
#9257=CARTESIAN_POINT('',(-1.639995732815E0,-2.649060723243E0,
-1.124524121485E-1));
#9258=CARTESIAN_POINT('',(-1.640003216892E0,-2.597916123323E0,
-6.174639106055E-2));
#9259=CARTESIAN_POINT('',(-1.640000000824E0,-2.576848554602E0,
-4.199573905548E-2));
#9261=CARTESIAN_POINT('',(0.E0,0.E0,-9.417712000828E-2));
#9262=DIRECTION('',(0.E0,0.E0,1.E0));
#9263=DIRECTION('',(-4.976625470041E-1,-8.673707334868E-1,0.E0));
#9264=AXIS2_PLACEMENT_3D('',#9261,#9262,#9263);
#9266=CARTESIAN_POINT('',(1.64E0,-2.858338469475E0,-9.417712000818E-2));
#9267=CARTESIAN_POINT('',(1.64E0,-2.844223438690E0,-1.052007348527E-1));
#9268=CARTESIAN_POINT('',(1.640000000005E0,-2.816047385675E0,
-1.271655442853E-1));
#9269=CARTESIAN_POINT('',(1.639999999981E0,-2.773943291368E0,
-1.598630527845E-1));
#9270=CARTESIAN_POINT('',(1.640000000040E0,-2.745980267300E0,
-1.814942213816E-1));
#9271=CARTESIAN_POINT('',(1.640000000040E0,-2.732024994989E0,
-1.922675830273E-1));
#9273=CARTESIAN_POINT('',(1.640000000040E0,-2.732024994989E0,
-1.922675830273E-1));
#9274=CARTESIAN_POINT('',(1.639999999469E0,-2.703280166356E0,
-2.144583673478E-1));
#9275=CARTESIAN_POINT('',(1.618778347059E0,-2.662171645863E0,
-2.560043053622E-1));
#9276=CARTESIAN_POINT('',(1.535723756993E0,-2.637421370971E0,
-3.136624145416E-1));
#9277=CARTESIAN_POINT('',(1.472034027448E0,-2.653070292825E0,
-3.297044230656E-1));
#9278=CARTESIAN_POINT('',(1.437193301951E0,-2.671811437612E0,
-3.297044381670E-1));
#9280=CARTESIAN_POINT('',(0.E0,0.E0,-3.297044413229E-1));
#9281=DIRECTION('',(0.E0,0.E0,-1.E0));
#9282=DIRECTION('',(4.737230188907E-1,-8.806738904799E-1,0.E0));
#9283=AXIS2_PLACEMENT_3D('',#9280,#9281,#9282);
#9285=CARTESIAN_POINT('',(-1.437193275438E0,-2.671811452738E0,
-3.297044390123E-1));
#9286=CARTESIAN_POINT('',(-1.471903011941E0,-2.653140745685E0,
-3.297044417656E-1));
#9287=CARTESIAN_POINT('',(-1.535098616399E0,-2.637092058750E0,
-3.142072472525E-1));
#9288=CARTESIAN_POINT('',(-1.620515427737E0,-2.663266898641E0,
-2.543520745126E-1));
#9289=CARTESIAN_POINT('',(-1.639999999482E0,-2.703938868551E0,
-2.139498543719E-1));
#9290=CARTESIAN_POINT('',(-1.640000000040E0,-2.732024994989E0,
-1.922675830274E-1));
#9292=CARTESIAN_POINT('',(-1.640000000040E0,-2.732024994989E0,
-1.922675830274E-1));
#9293=CARTESIAN_POINT('',(-1.640000000040E0,-2.745980267311E0,
-1.814942213729E-1));
#9294=CARTESIAN_POINT('',(-1.639999999981E0,-2.773943291374E0,
-1.598630527384E-1));
#9295=CARTESIAN_POINT('',(-1.640000000005E0,-2.816047385682E0,
-1.271655442399E-1));
#9296=CARTESIAN_POINT('',(-1.64E0,-2.844223438701E0,-1.052007348437E-1));
#9297=CARTESIAN_POINT('',(-1.64E0,-2.858338469475E0,-9.417712000818E-2));
#9299=CARTESIAN_POINT('',(1.640000000824E0,-2.576848554600E0,
-4.199573905700E-2));
#9300=CARTESIAN_POINT('',(1.639999996935E0,-2.556010333022E0,
-5.782468761266E-2));
#9301=CARTESIAN_POINT('',(1.627687513568E0,-2.522663795744E0,
-8.903695068236E-2));
#9302=CARTESIAN_POINT('',(1.581158400303E0,-2.491061180774E0,
-1.356996133158E-1));
#9303=CARTESIAN_POINT('',(1.508056183746E0,-2.488823717196E0,
-1.722591405209E-1));
#9304=CARTESIAN_POINT('',(1.459995939265E0,-2.505843068823E0,
-1.810754568787E-1));
#9305=CARTESIAN_POINT('',(1.434846574201E0,-2.520161764390E0,
-1.810754730574E-1));
#9307=CARTESIAN_POINT('',(-1.434846609299E0,-2.520161745343E0,
-1.810754739609E-1));
#9308=CARTESIAN_POINT('',(-1.434964297839E0,-2.527489278296E0,
-1.882122896760E-1));
#9309=CARTESIAN_POINT('',(-1.435619446784E0,-2.568503240230E0,
-2.281966926843E-1));
#9310=CARTESIAN_POINT('',(-1.436402463629E0,-2.619055838646E0,
-2.777370639644E-1));
#9311=CARTESIAN_POINT('',(-1.437050068041E0,-2.662202984606E0,
-3.202311789886E-1));
#9312=CARTESIAN_POINT('',(-1.437193275438E0,-2.671811452738E0,
-3.297044390123E-1));
#9314=CARTESIAN_POINT('',(1.437193301951E0,-2.671811437612E0,
-3.297044381670E-1));
#9315=CARTESIAN_POINT('',(1.437050094663E0,-2.662202979465E0,
-3.202311881541E-1));
#9316=CARTESIAN_POINT('',(1.436402655697E0,-2.619055751185E0,
-2.777370793029E-1));
#9317=CARTESIAN_POINT('',(1.435619844010E0,-2.568503029072E0,
-2.281967065384E-1));
#9318=CARTESIAN_POINT('',(1.434964262948E0,-2.527489308121E0,
-1.882122991315E-1));
#9319=CARTESIAN_POINT('',(1.434846574201E0,-2.520161764390E0,
-1.810754730574E-1));
#9321=CARTESIAN_POINT('',(0.E0,0.E0,-1.810754762276E-1));
#9322=DIRECTION('',(0.E0,0.E0,-1.E0));
#9323=DIRECTION('',(4.947746240638E-1,-8.690213296476E-1,0.E0));
#9324=AXIS2_PLACEMENT_3D('',#9321,#9322,#9323);
#9326=CARTESIAN_POINT('',(-2.673376671079E0,-3.669421912854E0,
-3.799999999971E-1));
#9327=CARTESIAN_POINT('',(-2.679959468039E0,-3.664625981439E0,
8.666660772412E-2));
#9328=CARTESIAN_POINT('',(-2.686526578678E0,-3.659814362265E0,
5.533332744401E-1));
#9329=CARTESIAN_POINT('',(-2.693078041993E0,-3.654987094332E0,
1.020000000004E0));
#9331=CARTESIAN_POINT('',(2.693078041994E0,-3.654987094332E0,1.020000000003E0));
#9332=CARTESIAN_POINT('',(2.686526578679E0,-3.659814362265E0,
5.533332744393E-1));
#9333=CARTESIAN_POINT('',(2.679959468040E0,-3.664625981439E0,
8.666660772336E-2));
#9334=CARTESIAN_POINT('',(2.673376671079E0,-3.669421912854E0,
-3.799999999978E-1));
#9336=CARTESIAN_POINT('',(-2.329441502217E0,-3.351777172303E0,
-1.458228128069E0));
#9337=CARTESIAN_POINT('',(-2.367746369730E0,-3.387160889469E0,
-1.338425345370E0));
#9338=CARTESIAN_POINT('',(-2.444285964141E0,-3.457858022850E0,
-1.098813204173E0));
#9339=CARTESIAN_POINT('',(-2.558924213861E0,-3.563732687809E0,
-7.393993718453E-1));
#9340=CARTESIAN_POINT('',(-2.635243691708E0,-3.634209980032E0,
-4.997985257007E-1));
#9341=CARTESIAN_POINT('',(-2.673376671079E0,-3.669421912854E0,-3.8E-1));
#9343=CARTESIAN_POINT('',(0.E0,0.E0,-3.799999999999E-1));
#9344=DIRECTION('',(0.E0,0.E0,1.E0));
#9345=DIRECTION('',(-5.888494870218E-1,-8.082427120823E-1,0.E0));
#9346=AXIS2_PLACEMENT_3D('',#9343,#9344,#9345);
#9348=CARTESIAN_POINT('',(0.E0,0.E0,-3.799999999999E-1));
#9349=DIRECTION('',(0.E0,0.E0,1.E0));
#9350=DIRECTION('',(0.E0,-1.E0,0.E0));
#9351=AXIS2_PLACEMENT_3D('',#9348,#9349,#9350);
#9353=CARTESIAN_POINT('',(2.673376671079E0,-3.669421912854E0,-3.8E-1));
#9354=CARTESIAN_POINT('',(2.635243691707E0,-3.634209980031E0,
-4.997985257036E-1));
#9355=CARTESIAN_POINT('',(2.558924213860E0,-3.563732687806E0,
-7.393993718521E-1));
#9356=CARTESIAN_POINT('',(2.444285964139E0,-3.457858022848E0,
-1.098813204180E0));
#9357=CARTESIAN_POINT('',(2.367746369729E0,-3.387160889468E0,
-1.338425345373E0));
#9358=CARTESIAN_POINT('',(2.329441502217E0,-3.351777172303E0,
-1.458228128069E0));
#9360=CARTESIAN_POINT('',(0.E0,0.E0,-1.458228128069E0));
#9361=DIRECTION('',(0.E0,0.E0,1.E0));
#9362=DIRECTION('',(-5.706963346901E-1,-8.211611861086E-1,0.E0));
#9363=AXIS2_PLACEMENT_3D('',#9360,#9361,#9362);
#9365=CARTESIAN_POINT('',(0.E0,0.E0,-1.458228128069E0));
#9366=DIRECTION('',(0.E0,0.E0,1.E0));
#9367=DIRECTION('',(0.E0,-1.E0,0.E0));
#9368=AXIS2_PLACEMENT_3D('',#9365,#9366,#9367);
#9370=CARTESIAN_POINT('',(0.E0,0.E0,5.221999951843E0));
#9371=DIRECTION('',(0.E0,0.E0,-1.E0));
#9372=DIRECTION('',(1.E0,-5.500611417883E-12,0.E0));
#9373=AXIS2_PLACEMENT_3D('',#9370,#9371,#9372);
#9375=CARTESIAN_POINT('',(4.128006666593E0,-1.453317327593E-9,5.22E0));
#9376=DIRECTION('',(-3.520627366027E-10,-1.E0,0.E0));
#9377=DIRECTION('',(-1.779760007518E-6,0.E0,9.999999999984E-1));
#9378=AXIS2_PLACEMENT_3D('',#9375,#9376,#9377);
#9380=CARTESIAN_POINT('',(0.E0,0.E0,5.221999951843E0));
#9381=DIRECTION('',(0.E0,0.E0,-1.E0));
#9382=DIRECTION('',(-1.E0,0.E0,0.E0));
#9383=AXIS2_PLACEMENT_3D('',#9380,#9381,#9382);
#9385=CARTESIAN_POINT('',(-4.128006666593E0,1.453317327593E-9,5.22E0));
#9386=DIRECTION('',(3.520627366027E-10,1.E0,0.E0));
#9387=DIRECTION('',(1.779760007518E-6,0.E0,9.999999999984E-1));
#9388=AXIS2_PLACEMENT_3D('',#9385,#9386,#9387);
#9390=CARTESIAN_POINT('',(0.E0,0.E0,5.520000000001E0));
#9391=DIRECTION('',(0.E0,0.E0,1.E0));
#9392=DIRECTION('',(-1.E0,0.E0,0.E0));
#9393=AXIS2_PLACEMENT_3D('',#9390,#9391,#9392);
#9395=CARTESIAN_POINT('',(0.E0,0.E0,5.520000000001E0));
#9396=DIRECTION('',(0.E0,0.E0,1.E0));
#9397=DIRECTION('',(-9.996233998405E-1,-2.744191121801E-2,0.E0));
#9398=AXIS2_PLACEMENT_3D('',#9395,#9396,#9397);
#9400=CARTESIAN_POINT('',(0.E0,0.E0,5.520000000001E0));
#9401=DIRECTION('',(0.E0,0.E0,1.E0));
#9402=DIRECTION('',(1.E0,0.E0,0.E0));
#9403=AXIS2_PLACEMENT_3D('',#9400,#9401,#9402);
#9405=CARTESIAN_POINT('',(0.E0,0.E0,5.520000000001E0));
#9406=DIRECTION('',(0.E0,0.E0,1.E0));
#9407=DIRECTION('',(9.996233998405E-1,2.744191121801E-2,0.E0));
#9408=AXIS2_PLACEMENT_3D('',#9405,#9406,#9407);
#9410=CARTESIAN_POINT('',(0.E0,0.E0,5.52E0));
#9411=DIRECTION('',(0.E0,0.E0,-1.E0));
#9412=DIRECTION('',(1.E0,0.E0,0.E0));
#9413=AXIS2_PLACEMENT_3D('',#9410,#9411,#9412);
#9415=CARTESIAN_POINT('',(0.E0,0.E0,5.52E0));
#9416=DIRECTION('',(0.E0,0.E0,-1.E0));
#9417=DIRECTION('',(-1.E0,0.E0,0.E0));
#9418=AXIS2_PLACEMENT_3D('',#9415,#9416,#9417);
#9420=CARTESIAN_POINT('',(0.E0,0.E0,5.72E0));
#9421=DIRECTION('',(0.E0,0.E0,1.E0));
#9422=DIRECTION('',(-1.E0,0.E0,0.E0));
#9423=AXIS2_PLACEMENT_3D('',#9420,#9421,#9422);
#9425=CARTESIAN_POINT('',(0.E0,0.E0,5.72E0));
#9426=DIRECTION('',(0.E0,0.E0,1.E0));
#9427=DIRECTION('',(-9.996233998405E-1,-2.744191121801E-2,0.E0));
#9428=AXIS2_PLACEMENT_3D('',#9425,#9426,#9427);
#9430=CARTESIAN_POINT('',(4.95E0,0.E0,5.72E0));
#9431=DIRECTION('',(0.E0,1.E0,0.E0));
#9432=DIRECTION('',(1.E0,0.E0,0.E0));
#9433=AXIS2_PLACEMENT_3D('',#9430,#9431,#9432);
#9435=CARTESIAN_POINT('',(0.E0,0.E0,5.72E0));
#9436=DIRECTION('',(0.E0,0.E0,1.E0));
#9437=DIRECTION('',(1.E0,6.751653646566E-11,0.E0));
#9438=AXIS2_PLACEMENT_3D('',#9435,#9436,#9437);
#9440=CARTESIAN_POINT('',(0.E0,0.E0,5.72E0));
#9441=DIRECTION('',(0.E0,0.E0,1.E0));
#9442=DIRECTION('',(9.996233998405E-1,2.744191121801E-2,0.E0));
#9443=AXIS2_PLACEMENT_3D('',#9440,#9441,#9442);
#9445=CARTESIAN_POINT('',(-4.95E0,0.E0,5.72E0));
#9446=DIRECTION('',(0.E0,-1.E0,0.E0));
#9447=DIRECTION('',(-1.E0,0.E0,0.E0));
#9448=AXIS2_PLACEMENT_3D('',#9445,#9446,#9447);
#9450=DIRECTION('',(0.E0,3.772059545502E-10,1.E0));
#9451=VECTOR('',#9450,1.2E0);
#9452=CARTESIAN_POINT('',(5.15E0,1.738542903652E-10,5.72E0));
#9453=LINE('',#9452,#9451);
#9454=DIRECTION('',(0.E0,-3.772059545502E-10,1.E0));
#9455=VECTOR('',#9454,1.2E0);
#9456=CARTESIAN_POINT('',(-5.15E0,0.E0,5.72E0));
#9457=LINE('',#9456,#9455);
#9458=CARTESIAN_POINT('',(4.95E0,8.701375869835E-10,6.92E0));
#9459=DIRECTION('',(-1.757853688999E-10,1.E0,0.E0));
#9460=DIRECTION('',(9.710875724478E-4,1.707029871569E-13,9.999995284944E-1));
#9461=AXIS2_PLACEMENT_3D('',#9458,#9459,#9460);
#9463=CARTESIAN_POINT('',(0.E0,0.E0,6.92E0));
#9464=DIRECTION('',(0.E0,0.E0,-1.E0));
#9465=DIRECTION('',(1.E0,6.751653646566E-11,0.E0));
#9466=AXIS2_PLACEMENT_3D('',#9463,#9464,#9465);
#9468=CARTESIAN_POINT('',(0.E0,0.E0,6.92E0));
#9469=DIRECTION('',(0.E0,0.E0,-1.E0));
#9470=DIRECTION('',(-9.998274554492E-1,-1.857577265921E-2,0.E0));
#9471=AXIS2_PLACEMENT_3D('',#9468,#9469,#9470);
#9473=DIRECTION('',(-1.078566024926E-2,5.306038698423E-3,-9.999277551335E-1));
#9474=VECTOR('',#9473,1.500136287493E-1);
#9475=CARTESIAN_POINT('',(1.5E-1,-4.95E0,7.27E0));
#9476=LINE('',#9475,#9474);
#9477=CARTESIAN_POINT('',(1.483820039675E-1,-4.949204021881E0,
7.119997208965E0));
#9478=CARTESIAN_POINT('',(1.342607636151E-1,-4.949204021881E0,
7.119999487044E0));
#9479=CARTESIAN_POINT('',(1.084205488607E-1,-4.950361031572E0,
7.119998176147E0));
#9480=CARTESIAN_POINT('',(6.499453116231E-2,-4.949930356679E0,
7.119998763151E0));
#9481=CARTESIAN_POINT('',(3.726240113194E-2,-4.949921813369E0,
7.119999998755E0));
#9482=CARTESIAN_POINT('',(2.347557177542E-2,-4.949921813369E0,
7.119999998755E0));
#9484=DIRECTION('',(-1.619282824883E-3,-9.999986889568E-1,-2.793254450470E-6));
#9485=VECTOR('',#9484,9.992053318820E-1);
#9486=CARTESIAN_POINT('',(1.5E-1,-3.95E0,7.12E0));
#9487=LINE('',#9486,#9485);
#9488=DIRECTION('',(-1.012153324117E-13,0.E0,-1.E0));
#9489=VECTOR('',#9488,1.499999999999E-1);
#9490=CARTESIAN_POINT('',(1.5E-1,-3.95E0,7.27E0));
#9491=LINE('',#9490,#9489);
#9492=DIRECTION('',(-6.428712937141E-1,-7.659742160924E-1,0.E0));
#9493=VECTOR('',#9492,1.944401643411E-1);
#9494=CARTESIAN_POINT('',(2.5E-2,-3.95E0,7.12E0));
#9495=LINE('',#9494,#9493);
#9496=DIRECTION('',(6.428711427649E-1,7.659743427819E-1,0.E0));
#9497=VECTOR('',#9496,1.944402099964E-1);
#9498=CARTESIAN_POINT('',(-1.E-1,-4.269148957729E0,7.12E0));
#9499=LINE('',#9498,#9497);
#9500=CARTESIAN_POINT('',(0.E0,0.E0,7.12E0));
#9501=DIRECTION('',(0.E0,0.E0,-1.E0));
#9502=DIRECTION('',(4.770132633300E-3,-9.999886228526E-1,0.E0));
#9503=AXIS2_PLACEMENT_3D('',#9500,#9501,#9502);
#9505=CARTESIAN_POINT('',(0.E0,0.E0,7.12E0));
#9506=DIRECTION('',(0.E0,0.E0,-1.E0));
#9507=DIRECTION('',(-1.E0,-1.800266947056E-7,0.E0));
#9508=AXIS2_PLACEMENT_3D('',#9505,#9506,#9507);
#9510=CARTESIAN_POINT('',(0.E0,0.E0,7.119999998321E0));
#9511=DIRECTION('',(0.E0,0.E0,-1.E0));
#9512=DIRECTION('',(9.999999887707E-1,-1.498621289957E-4,0.E0));
#9513=AXIS2_PLACEMENT_3D('',#9510,#9511,#9512);
#9515=DIRECTION('',(-4.977938732855E-1,8.672953705165E-1,4.171946207051E-8));
#9516=VECTOR('',#9515,1.000263062196E0);
#9517=CARTESIAN_POINT('',(-1.872129547172E0,3.387313201373E0,7.119999958270E0));
#9518=LINE('',#9517,#9516);
#9519=DIRECTION('',(-8.672948051856E-1,-4.977948582479E-1,-1.847411112968E-13));
#9520=VECTOR('',#9519,1.250000000005E-1);
#9521=CARTESIAN_POINT('',(-2.370054371207E0,4.254836724515E0,7.12E0));
#9522=LINE('',#9521,#9520);
#9523=DIRECTION('',(4.977961184748E-1,-8.672940818612E-1,-4.171944712686E-8));
#9524=VECTOR('',#9523,1.000263250170E0);
#9525=CARTESIAN_POINT('',(-2.478466221856E0,4.192612367234E0,7.12E0));
#9526=LINE('',#9525,#9524);
#9527=CARTESIAN_POINT('',(0.E0,0.E0,7.12E0));
#9528=DIRECTION('',(0.E0,0.E0,1.E0));
#9529=DIRECTION('',(-5.117366391492E-1,8.591423701298E-1,0.E0));
#9530=AXIS2_PLACEMENT_3D('',#9527,#9528,#9529);
#9532=CARTESIAN_POINT('',(0.E0,0.E0,7.119999999999E0));
#9533=DIRECTION('',(0.E0,0.E0,1.E0));
#9534=DIRECTION('',(-9.999999999992E-1,1.255304434786E-6,0.E0));
#9535=AXIS2_PLACEMENT_3D('',#9532,#9533,#9534);
#9537=CARTESIAN_POINT('',(0.E0,0.E0,7.12E0));
#9538=DIRECTION('',(0.E0,0.E0,1.E0));
#9539=DIRECTION('',(9.999999999993E-1,1.219888891095E-6,0.E0));
#9540=AXIS2_PLACEMENT_3D('',#9537,#9538,#9539);
#9542=DIRECTION('',(9.778065892107E-1,-2.095096038281E-1,0.E0));
#9543=VECTOR('',#9542,3.782110621838E-1);
#9544=CARTESIAN_POINT('',(8.076620899513E-1,3.784782946017E0,7.12E0));
#9545=LINE('',#9544,#9543);
#9546=DIRECTION('',(2.095096038302E-1,9.778065892102E-1,0.E0));
#9547=VECTOR('',#9546,1.276595741504E-1);
#9548=CARTESIAN_POINT('',(1.177479358667E0,3.705544096215E0,7.12E0));
#9549=LINE('',#9548,#9547);
#9550=DIRECTION('',(-9.778065892107E-1,2.095096038281E-1,0.E0));
#9551=VECTOR('',#9550,6.249999999999E-1);
#9552=CARTESIAN_POINT('',(1.204225265472E0,3.830370468995E0,7.12E0));
#9553=LINE('',#9552,#9551);
#9554=DIRECTION('',(2.095096038279E-1,9.778065892107E-1,0.E0));
#9555=VECTOR('',#9554,3.404255360367E-1);
#9556=CARTESIAN_POINT('',(5.930961472158E-1,3.961313971388E0,7.12E0));
#9557=LINE('',#9556,#9555);
#9558=DIRECTION('',(9.778065892106E-1,-2.095096038282E-1,0.E0));
#9559=VECTOR('',#9558,5.416665077210E-1);
#9560=CARTESIAN_POINT('',(6.644185664038E-1,4.294184303660E0,7.12E0));
#9561=LINE('',#9560,#9559);
#9562=DIRECTION('',(2.095096038268E-1,9.778065892109E-1,0.E0));
#9563=VECTOR('',#9562,1.276595592502E-1);
#9564=CARTESIAN_POINT('',(1.194063646808E0,4.180699968220E0,7.12E0));
#9565=LINE('',#9564,#9563);
#9566=DIRECTION('',(-9.778065892108E-1,2.095096038277E-1,0.E0));
#9567=VECTOR('',#9566,5.416665077208E-1);
#9568=CARTESIAN_POINT('',(1.220809550491E0,4.305526326431E0,7.12E0));
#9569=LINE('',#9568,#9567);
#9570=DIRECTION('',(2.095096038278E-1,9.778065892107E-1,0.E0));
#9571=VECTOR('',#9570,2.765957713131E-1);
#9572=CARTESIAN_POINT('',(6.911644700872E-1,4.419010661870E0,7.12E0));
#9573=LINE('',#9572,#9571);
#9574=DIRECTION('',(9.778065892106E-1,-2.095096038282E-1,0.E0));
#9575=VECTOR('',#9574,6.25E-1);
#9576=CARTESIAN_POINT('',(7.491139405554E-1,4.689467829608E0,7.12E0));
#9577=LINE('',#9576,#9575);
#9578=DIRECTION('',(2.095096038273E-1,9.778065892108E-1,0.E0));
#9579=VECTOR('',#9578,1.276595592492E-1);
#9580=CARTESIAN_POINT('',(1.360243058812E0,4.558524327215E0,7.12E0));
#9581=LINE('',#9580,#9579);
#9582=DIRECTION('',(-9.778065892107E-1,2.095096038280E-1,0.E0));
#9583=VECTOR('',#9582,7.499999999999E-1);
#9584=CARTESIAN_POINT('',(1.386988962495E0,4.683350685425E0,7.12E0));
#9585=LINE('',#9584,#9583);
#9586=DIRECTION('',(-2.095096038279E-1,-9.778065892107E-1,0.E0));
#9587=VECTOR('',#9586,9.999999999992E-1);
#9588=CARTESIAN_POINT('',(6.536340205872E-1,4.840482888296E0,7.12E0));
#9589=LINE('',#9588,#9587);
#9590=DIRECTION('',(9.778065892107E-1,-2.095096038279E-1,0.E0));
#9591=VECTOR('',#9590,3.717889378158E-1);
#9592=CARTESIAN_POINT('',(4.441244167594E-1,3.862676299086E0,7.12E0));
#9593=LINE('',#9592,#9591);
#9594=CARTESIAN_POINT('',(8.076620899513E-1,3.784782946017E0,7.12E0));
#9595=CARTESIAN_POINT('',(7.158824662710E-1,3.804086054933E0,7.12E0));
#9596=CARTESIAN_POINT('',(5.323633972154E-1,3.836242922447E0,7.119999914163E0));
#9597=CARTESIAN_POINT('',(2.584325128358E-1,3.865080212248E0,7.120000300429E0));
#9598=CARTESIAN_POINT('',(7.425603682876E-2,3.871472984929E0,7.119999356224E0));
#9599=CARTESIAN_POINT('',(-1.800027810981E-2,3.871274687258E0,
7.119999356224E0));
#9601=CARTESIAN_POINT('',(-1.800027810981E-2,3.871274687258E0,
7.119999356224E0));
#9602=CARTESIAN_POINT('',(1.696578721942E-2,3.879659355240E0,7.119999356224E0));
#9603=CARTESIAN_POINT('',(5.189994266254E-2,3.888066156923E0,7.12E0));
#9604=CARTESIAN_POINT('',(8.686600799177E-2,3.896450824904E0,7.12E0));
#9606=DIRECTION('',(8.746961995543E-1,4.846715985956E-1,1.708592784651E-13));
#9607=VECTOR('',#9606,9.356946662905E-2);
#9608=CARTESIAN_POINT('',(8.686600799177E-2,3.896450824904E0,7.12E0));
#9609=LINE('',#9608,#9607);
#9610=DIRECTION('',(6.750310142164E-1,7.377893533021E-1,0.E0));
#9611=VECTOR('',#9610,1.191115733271E-1);
#9612=CARTESIAN_POINT('',(1.687108648465E-1,3.941801287875E0,7.12E0));
#9613=LINE('',#9612,#9611);
#9614=DIRECTION('',(2.047425934638E-1,9.788158511292E-1,0.E0));
#9615=VECTOR('',#9614,8.761912899302E-2);
#9616=CARTESIAN_POINT('',(2.491148709944E-1,4.029680538530E0,7.12E0));
#9617=LINE('',#9616,#9615);
#9618=DIRECTION('',(-2.779089818445E-1,-9.606074108657E-1,0.E0));
#9619=VECTOR('',#9618,6.714354249969E-2);
#9620=CARTESIAN_POINT('',(1.414054901302E-1,4.132475424493E0,7.12E0));
#9621=LINE('',#9620,#9619);
#9622=DIRECTION('',(-8.070691013611E-1,-5.904569972727E-1,0.E0));
#9623=VECTOR('',#9622,7.561101072255E-2);
#9624=CARTESIAN_POINT('',(1.227456965967E-1,4.067976839976E0,7.12E0));
#9625=LINE('',#9624,#9623);
#9626=DIRECTION('',(-9.599858604333E-1,-2.800484739614E-1,0.E0));
#9627=VECTOR('',#9626,8.600676923289E-2);
#9628=CARTESIAN_POINT('',(6.172238611980E-2,4.023331789624E0,7.12E0));
#9629=LINE('',#9628,#9627);
#9630=DIRECTION('',(-9.767386190429E-1,2.144333697684E-1,0.E0));
#9631=VECTOR('',#9630,8.600676923509E-2);
#9632=CARTESIAN_POINT('',(-2.082353811185E-1,3.992896976244E0,7.12E0));
#9633=LINE('',#9632,#9631);
#9634=DIRECTION('',(-8.451813057774E-1,5.344797099651E-1,0.E0));
#9635=VECTOR('',#9634,7.561101072129E-2);
#9636=CARTESIAN_POINT('',(-2.922415141295E-1,4.011339697594E0,7.12E0));
#9637=LINE('',#9636,#9635);
#9638=DIRECTION('',(-5.746613287429E-1,8.183913228080E-1,0.E0));
#9639=VECTOR('',#9638,7.622557728627E-2);
#9640=CARTESIAN_POINT('',(-3.561465269021E-1,4.051752248675E0,7.12E0));
#9641=LINE('',#9640,#9639);
#9642=DIRECTION('',(-2.705256359720E-1,9.627127714339E-1,0.E0));
#9643=VECTOR('',#9642,8.761922789756E-2);
#9644=CARTESIAN_POINT('',(-3.999504184296E-1,4.114134599702E0,7.12E0));
#9645=LINE('',#9644,#9643);
#9646=DIRECTION('',(2.047478071404E-1,9.788147605503E-1,0.E0));
#9647=VECTOR('',#9646,8.761922789735E-2);
#9648=CARTESIAN_POINT('',(-4.344600466172E-1,4.517452672885E0,7.12E0));
#9649=LINE('',#9648,#9647);
#9650=DIRECTION('',(5.179535942098E-1,8.554087176579E-1,0.E0));
#9651=VECTOR('',#9650,7.622562719797E-2);
#9652=CARTESIAN_POINT('',(-4.165202018419E-1,4.603215666459E0,7.12E0));
#9653=LINE('',#9652,#9651);
#9654=DIRECTION('',(8.070691975494E-1,5.904568657971E-1,0.E0));
#9655=VECTOR('',#9654,7.561100233586E-2);
#9656=CARTESIAN_POINT('',(-3.770388642638E-1,4.668419732473E0,7.12E0));
#9657=LINE('',#9656,#9655);
#9658=DIRECTION('',(9.599858604336E-1,2.800484739603E-1,0.E0));
#9659=VECTOR('',#9658,8.600676923323E-2);
#9660=CARTESIAN_POINT('',(-3.160155532827E-1,4.713064767932E0,7.12E0));
#9661=LINE('',#9660,#9659);
#9662=DIRECTION('',(9.767386190428E-1,-2.144333697685E-1,0.E0));
#9663=VECTOR('',#9662,8.600676923289E-2);
#9664=CARTESIAN_POINT('',(-4.605778604266E-2,4.743499581312E0,7.12E0));
#9665=LINE('',#9664,#9663);
#9666=DIRECTION('',(8.451813928445E-1,-5.344795722845E-1,0.E0));
#9667=VECTOR('',#9666,7.561100233609E-2);
#9668=CARTESIAN_POINT('',(3.794834696622E-2,4.725056859962E0,7.12E0));
#9669=LINE('',#9668,#9667);
#9670=DIRECTION('',(3.422864989318E-1,-9.395956325191E-1,0.E0));
#9671=VECTOR('',#9670,6.714359916259E-2);
#9672=CARTESIAN_POINT('',(1.018533592350E-1,4.684644323774E0,7.12E0));
#9673=LINE('',#9672,#9671);
#9674=DIRECTION('',(-2.252985608658E-1,9.742897713062E-1,0.E0));
#9675=VECTOR('',#9674,1.084037023264E-1);
#9676=CARTESIAN_POINT('',(2.497640299674E-1,4.625788990520E0,7.12E0));
#9677=LINE('',#9676,#9675);
#9678=DIRECTION('',(-7.234176362493E-1,6.904106919534E-1,0.E0));
#9679=VECTOR('',#9678,1.191115680036E-1);
#9680=CARTESIAN_POINT('',(2.253408318408E-1,4.731405608868E0,7.12E0));
#9681=LINE('',#9680,#9679);
#9682=DIRECTION('',(-9.054936795627E-1,4.243597486472E-1,0.E0));
#9683=VECTOR('',#9682,9.356946408703E-2);
#9684=CARTESIAN_POINT('',(1.391734228657E-1,4.813641508953E0,7.12E0));
#9685=LINE('',#9684,#9683);
#9686=DIRECTION('',(-9.859850207524E-1,1.668338660222E-1,0.E0));
#9687=VECTOR('',#9686,1.063172363716E-1);
#9688=CARTESIAN_POINT('',(5.444686453482E-2,4.853348623214E0,7.12E0));
#9689=LINE('',#9688,#9687);
#9690=DIRECTION('',(-9.724326496327E-1,-2.331839229629E-1,0.E0));
#9691=VECTOR('',#9690,1.063172363705E-1);
#9692=CARTESIAN_POINT('',(-2.377728228480E-1,4.864737189877E0,7.12E0));
#9693=LINE('',#9692,#9691);
#9694=DIRECTION('',(-8.746962253334E-1,-4.846715520715E-1,0.E0));
#9695=VECTOR('',#9694,9.356946408700E-2);
#9696=CARTESIAN_POINT('',(-3.411591747135E-1,4.839945719622E0,7.12E0));
#9697=LINE('',#9696,#9695);
#9698=DIRECTION('',(-6.750310465025E-1,-7.377893237624E-1,0.E0));
#9699=VECTOR('',#9698,1.191115680037E-1);
#9700=CARTESIAN_POINT('',(-4.230040317568E-1,4.794595262236E0,7.12E0));
#9701=LINE('',#9700,#9699);
#9702=DIRECTION('',(-4.090490325060E-1,-9.125124048504E-1,0.E0));
#9703=VECTOR('',#9702,9.475860152259E-2);
#9704=CARTESIAN_POINT('',(-5.034080381569E-1,4.706716019026E0,7.12E0));
#9705=LINE('',#9704,#9703);
#9706=DIRECTION('',(-1.588451548171E-1,-9.873035079403E-1,0.E0));
#9707=VECTOR('',#9706,1.084037939659E-1);
#9708=CARTESIAN_POINT('',(-5.421689524314E-1,4.620247619671E0,7.12E0));
#9709=LINE('',#9708,#9707);
#9710=DIRECTION('',(2.253028695533E-1,-9.742887749384E-1,0.E0));
#9711=VECTOR('',#9710,1.084037354722E-1);
#9712=CARTESIAN_POINT('',(-5.485819890294E-1,4.194254250152E0,7.12E0));
#9713=LINE('',#9712,#9711);
#9714=DIRECTION('',(4.698709177858E-1,-8.827351361644E-1,0.E0));
#9715=VECTOR('',#9714,9.475861490643E-2);
#9716=CARTESIAN_POINT('',(-5.241583163572E-1,4.088637707520E0,7.12E0));
#9717=LINE('',#9716,#9715);
#9718=DIRECTION('',(7.234176060351E-1,-6.904107236120E-1,0.E0));
#9719=VECTOR('',#9718,1.191115733264E-1);
#9720=CARTESIAN_POINT('',(-4.796339990030E-1,4.004990948688E0,7.12E0));
#9721=LINE('',#9720,#9719);
#9722=DIRECTION('',(9.054936569924E-1,-4.243597968076E-1,0.E0));
#9723=VECTOR('',#9722,9.356946662892E-2);
#9724=CARTESIAN_POINT('',(-3.934665897762E-1,3.922755041157E0,7.12E0));
#9725=LINE('',#9724,#9723);
#9726=DIRECTION('',(9.859936179795E-1,-1.667830486088E-1,-6.553876480482E-7));
#9727=VECTOR('',#9726,1.079428902664E-1);
#9728=CARTESIAN_POINT('',(-3.087400312555E-1,3.883047921311E0,7.12E0));
#9729=LINE('',#9728,#9727);
#9730=CARTESIAN_POINT('',(0.E0,0.E0,7.12E0));
#9731=DIRECTION('',(0.E0,0.E0,1.E0));
#9732=DIRECTION('',(-5.193400139216E-2,9.986505192005E-1,0.E0));
#9733=AXIS2_PLACEMENT_3D('',#9730,#9731,#9732);
#9735=DIRECTION('',(-1.967634135228E-1,9.804509978060E-1,4.171946206839E-8));
#9736=VECTOR('',#9735,1.000263062247E0);
#9737=CARTESIAN_POINT('',(-7.001496363965E-1,3.806382830438E0,
7.119999958270E0));
#9738=LINE('',#9737,#9736);
#9739=DIRECTION('',(-9.804507743461E-1,-1.967645269964E-1,-1.847411112979E-13));
#9740=VECTOR('',#9739,1.249999999998E-1);
#9741=CARTESIAN_POINT('',(-8.969648109450E-1,4.787091747887E0,7.12E0));
#9742=LINE('',#9741,#9740);
#9743=DIRECTION('',(1.967659516424E-1,-9.804504884359E-1,-4.171945461015E-8));
#9744=VECTOR('',#9743,1.000263070751E0);
#9745=CARTESIAN_POINT('',(-1.019521157738E0,4.762496182012E0,7.12E0));
#9746=LINE('',#9745,#9744);
#9747=CARTESIAN_POINT('',(0.E0,0.E0,7.12E0));
#9748=DIRECTION('',(0.E0,0.E0,1.E0));
#9749=DIRECTION('',(-2.125730193490E-1,9.771451844250E-1,0.E0));
#9750=AXIS2_PLACEMENT_3D('',#9747,#9748,#9749);
#9752=DIRECTION('',(-3.518570961770E-1,9.360537291576E-1,4.668460240175E-8));
#9753=VECTOR('',#9752,8.938800961548E-1);
#9754=CARTESIAN_POINT('',(-1.303096269690E0,3.644269457315E0,7.119999958270E0));
#9755=LINE('',#9754,#9753);
#9756=DIRECTION('',(9.360532820056E-1,3.518582857439E-1,-6.927788370237E-14));
#9757=VECTOR('',#9756,3.333334922789E-1);
#9758=CARTESIAN_POINT('',(-1.617614324653E0,4.480989254740E0,7.12E0));
#9759=LINE('',#9758,#9757);
#9760=DIRECTION('',(-3.518582857445E-1,9.360532820053E-1,0.E0));
#9761=VECTOR('',#9760,1.063829660417E-1);
#9762=CARTESIAN_POINT('',(-1.305596415203E0,4.598275405914E0,7.12E0));
#9763=LINE('',#9762,#9761);
#9764=DIRECTION('',(-9.360532820054E-1,-3.518582857442E-1,0.E0));
#9765=VECTOR('',#9764,7.916669845582E-1);
#9766=CARTESIAN_POINT('',(-1.343028143267E0,4.697855530427E0,7.12E0));
#9767=LINE('',#9766,#9765);
#9768=DIRECTION('',(3.518582857445E-1,-9.360532820053E-1,0.E0));
#9769=VECTOR('',#9768,1.063829660420E-1);
#9770=CARTESIAN_POINT('',(-2.084070622418E0,4.419300942360E0,7.12E0));
#9771=LINE('',#9770,#9769);
#9772=DIRECTION('',(9.360532820052E-1,3.518582857447E-1,0.E0));
#9773=VECTOR('',#9772,3.333334922792E-1);
#9774=CARTESIAN_POINT('',(-2.046638894354E0,4.319720817847E0,7.12E0));
#9775=LINE('',#9774,#9773);
#9776=DIRECTION('',(3.518598077530E-1,-9.360527098877E-1,-4.668459400600E-8));
#9777=VECTOR('',#9776,8.938801047094E-1);
#9778=CARTESIAN_POINT('',(-1.734620984904E0,4.437006969022E0,7.12E0));
#9779=LINE('',#9778,#9777);
#9780=CARTESIAN_POINT('',(0.E0,0.E0,7.12E0));
#9781=DIRECTION('',(0.E0,0.E0,1.E0));
#9782=DIRECTION('',(-3.669295373386E-1,9.302487380419E-1,0.E0));
#9783=AXIS2_PLACEMENT_3D('',#9780,#9781,#9782);
#9785=DIRECTION('',(8.989973774392E-1,-4.379540105508E-1,0.E0));
#9786=VECTOR('',#9785,3.541665077207E-1);
#9787=CARTESIAN_POINT('',(1.647084420085E0,3.999410952197E0,7.12E0));
#9788=LINE('',#9787,#9786);
#9789=DIRECTION('',(-9.614310444920E-2,-9.953675218063E-1,0.E0));
#9790=VECTOR('',#9789,4.768810917211E-1);
#9791=CARTESIAN_POINT('',(1.965479181703E0,3.844302309738E0,7.12E0));
#9792=LINE('',#9791,#9790);
#9793=DIRECTION('',(8.989973774392E-1,-4.379540105507E-1,0.E0));
#9794=VECTOR('',#9793,1.458339691165E-1);
#9795=CARTESIAN_POINT('',(1.919630353092E0,3.369630359275E0,7.12E0));
#9796=LINE('',#9795,#9794);
#9797=DIRECTION('',(8.731167903812E-2,9.961810431360E-1,0.E0));
#9798=VECTOR('',#9797,5.240525992219E-1);
#9799=CARTESIAN_POINT('',(2.050734708869E0,3.305761787626E0,7.12E0));
#9800=LINE('',#9799,#9798);
#9801=DIRECTION('',(8.851179896827E-1,4.653666772987E-1,0.E0));
#9802=VECTOR('',#9801,1.055904574126E-1);
#9803=CARTESIAN_POINT('',(2.190043122201E0,3.829572227243E0,7.12E0));
#9804=LINE('',#9803,#9802);
#9805=DIRECTION('',(6.952766042428E-1,7.187422650663E-1,0.E0));
#9806=VECTOR('',#9805,6.714354250016E-2);
#9807=CARTESIAN_POINT('',(2.283503135596E0,3.878710507564E0,7.12E0));
#9808=LINE('',#9807,#9806);
#9809=DIRECTION('',(4.379540105535E-1,8.989973774379E-1,0.E0));
#9810=VECTOR('',#9809,8.510643243736E-2);
#9811=CARTESIAN_POINT('',(2.330186469822E0,3.926969409385E0,7.12E0));
#9812=LINE('',#9811,#9810);
#9813=DIRECTION('',(-1.791322743302E-1,9.838249988150E-1,0.E0));
#9814=VECTOR('',#9813,1.055904574139E-1);
#9815=CARTESIAN_POINT('',(2.376684854965E0,4.069986576099E0,7.12E0));
#9816=LINE('',#9815,#9814);
#9817=DIRECTION('',(-4.473830684388E-1,8.943424344591E-1,0.E0));
#9818=VECTOR('',#9817,1.049696729046E-1);
#9819=CARTESIAN_POINT('',(2.357770196181E0,4.173869107739E0,7.12E0));
#9820=LINE('',#9819,#9818);
#9821=DIRECTION('',(-7.931668365905E-1,6.090044083035E-1,0.E0));
#9822=VECTOR('',#9821,1.063177035601E-1);
#9823=CARTESIAN_POINT('',(2.310808541824E0,4.267747940549E0,7.12E0));
#9824=LINE('',#9823,#9822);
#9825=DIRECTION('',(-8.989973774393E-1,4.379540105505E-1,0.E0));
#9826=VECTOR('',#9825,5.000000000006E-1);
#9827=CARTESIAN_POINT('',(2.226480865217E0,4.332495890698E0,7.12E0));
#9828=LINE('',#9827,#9826);
#9829=DIRECTION('',(-4.379540105510E-1,-8.989973774390E-1,0.E0));
#9830=VECTOR('',#9829,1.E0);
#9831=CARTESIAN_POINT('',(1.776982176497E0,4.551472895973E0,7.12E0));
#9832=LINE('',#9831,#9830);
#9833=DIRECTION('',(8.989973774390E-1,-4.379540105512E-1,0.E0));
#9834=VECTOR('',#9833,1.250000000002E-1);
#9835=CARTESIAN_POINT('',(1.339028165946E0,3.652475518534E0,7.12E0));
#9836=LINE('',#9835,#9834);
#9837=DIRECTION('',(4.379540105507E-1,8.989973774392E-1,0.E0));
#9838=VECTOR('',#9837,4.468085169792E-1);
#9839=CARTESIAN_POINT('',(1.451402838126E0,3.597731267215E0,7.12E0));
#9840=LINE('',#9839,#9838);
#9841=DIRECTION('',(1.E0,0.E0,4.689582056017E-13));
#9842=VECTOR('',#9841,1.25E-1);
#9843=CARTESIAN_POINT('',(2.5E-2,-3.95E0,7.12E0));
#9844=LINE('',#9843,#9842);
#9845=DIRECTION('',(0.E0,0.E0,-1.E0));
#9846=VECTOR('',#9845,1.5E-1);
#9847=CARTESIAN_POINT('',(2.5E-2,-3.95E0,7.27E0));
#9848=LINE('',#9847,#9846);
#9849=DIRECTION('',(-1.521005543736E-14,-1.E0,0.E0));
#9850=VECTOR('',#9849,1.E0);
#9851=CARTESIAN_POINT('',(1.5E-1,-3.95E0,7.27E0));
#9852=LINE('',#9851,#9850);
#9853=DIRECTION('',(-1.E0,2.344791028009E-13,0.E0));
#9854=VECTOR('',#9853,1.25E-1);
#9855=CARTESIAN_POINT('',(1.5E-1,-4.95E0,7.27E0));
#9856=LINE('',#9855,#9854);
#9857=DIRECTION('',(-1.657357437226E-13,1.E0,0.E0));
#9858=VECTOR('',#9857,8.297872543335E-1);
#9859=CARTESIAN_POINT('',(2.5E-2,-4.95E0,7.27E0));
#9860=LINE('',#9859,#9858);
#9861=DIRECTION('',(-6.428711427649E-1,-7.659743427819E-1,0.E0));
#9862=VECTOR('',#9861,1.944402099964E-1);
#9863=CARTESIAN_POINT('',(2.499999999986E-2,-4.120212745667E0,7.27E0));
#9864=LINE('',#9863,#9862);
#9865=DIRECTION('',(1.947799110655E-13,1.E0,0.E0));
#9866=VECTOR('',#9865,1.702128052709E-1);
#9867=CARTESIAN_POINT('',(-1.E-1,-4.269148957729E0,7.27E0));
#9868=LINE('',#9867,#9866);
#9869=DIRECTION('',(6.428712937141E-1,7.659742160924E-1,0.E0));
#9870=VECTOR('',#9869,1.944401643411E-1);
#9871=CARTESIAN_POINT('',(-9.999999999997E-2,-4.098936152458E0,7.27E0));
#9872=LINE('',#9871,#9870);
#9873=DIRECTION('',(1.E0,0.E0,0.E0));
#9874=VECTOR('',#9873,1.25E-1);
#9875=CARTESIAN_POINT('',(2.5E-2,-3.95E0,7.27E0));
#9876=LINE('',#9875,#9874);
#9877=DIRECTION('',(1.837301423826E-3,9.999983121603E-1,1.501108567835E-9));
#9878=VECTOR('',#9877,8.297104681207E-1);
#9879=CARTESIAN_POINT('',(2.347557177542E-2,-4.949921813369E0,
7.119999998755E0));
#9880=LINE('',#9879,#9878);
#9881=DIRECTION('',(-1.016232857821E-2,5.212172156183E-4,-9.999482263650E-1));
#9882=VECTOR('',#9881,1.500077676929E-1);
#9883=CARTESIAN_POINT('',(2.5E-2,-4.95E0,7.27E0));
#9884=LINE('',#9883,#9882);
#9885=DIRECTION('',(0.E0,0.E0,-1.E0));
#9886=VECTOR('',#9885,1.5E-1);
#9887=CARTESIAN_POINT('',(2.499999999986E-2,-4.120212745667E0,7.27E0));
#9888=LINE('',#9887,#9886);
#9889=DIRECTION('',(1.947799110655E-13,1.E0,0.E0));
#9890=VECTOR('',#9889,1.702128052709E-1);
#9891=CARTESIAN_POINT('',(-1.E-1,-4.269148957729E0,7.12E0));
#9892=LINE('',#9891,#9890);
#9893=DIRECTION('',(0.E0,0.E0,-1.E0));
#9894=VECTOR('',#9893,1.5E-1);
#9895=CARTESIAN_POINT('',(-1.E-1,-4.269148957729E0,7.27E0));
#9896=LINE('',#9895,#9894);
#9897=DIRECTION('',(0.E0,0.E0,-1.E0));
#9898=VECTOR('',#9897,1.5E-1);
#9899=CARTESIAN_POINT('',(-9.999999999997E-2,-4.098936152458E0,7.27E0));
#9900=LINE('',#9899,#9898);
#9901=CARTESIAN_POINT('',(0.E0,0.E0,6.92E0));
#9902=DIRECTION('',(0.E0,0.E0,-1.E0));
#9903=DIRECTION('',(-1.E0,0.E0,0.E0));
#9904=AXIS2_PLACEMENT_3D('',#9901,#9902,#9903);
#9906=CARTESIAN_POINT('',(0.E0,0.E0,6.92E0));
#9907=DIRECTION('',(0.E0,0.E0,-1.E0));
#9908=DIRECTION('',(9.998274554492E-1,1.857577265921E-2,0.E0));
#9909=AXIS2_PLACEMENT_3D('',#9906,#9907,#9908);
#9911=CARTESIAN_POINT('',(-4.95E0,-8.701375869835E-10,6.92E0));
#9912=DIRECTION('',(1.757853688999E-10,-1.E0,0.E0));
#9913=DIRECTION('',(1.178360005127E-6,0.E0,9.999999999993E-1));
#9914=AXIS2_PLACEMENT_3D('',#9911,#9912,#9913);
#9916=DIRECTION('',(3.967196941328E-13,2.309263891221E-13,-1.E0));
#9917=VECTOR('',#9916,1.5E-1);
#9918=CARTESIAN_POINT('',(-2.370054371207E0,4.254836724515E0,7.27E0));
#9919=LINE('',#9918,#9917);
#9920=DIRECTION('',(8.664369987923E-4,-1.524783608060E-3,-9.999984621598E-1));
#9921=VECTOR('',#9920,1.500002724069E-1);
#9922=CARTESIAN_POINT('',(-1.872259512958E0,3.387541919330E0,7.27E0));
#9923=LINE('',#9922,#9921);
#9924=CARTESIAN_POINT('',(-1.980539058468E0,3.325089970058E0,7.119999958270E0));
#9925=CARTESIAN_POINT('',(-1.968492668609E0,3.332004148371E0,7.119999976554E0));
#9926=CARTESIAN_POINT('',(-1.944577060363E0,3.346135551016E0,7.119999897863E0));
#9927=CARTESIAN_POINT('',(-1.908441239843E0,3.366876033678E0,7.119999897863E0));
#9928=CARTESIAN_POINT('',(-1.884175937031E0,3.380399023061E0,7.119999976554E0));
#9929=CARTESIAN_POINT('',(-1.872129547172E0,3.387313201373E0,7.119999958270E0));
#9931=CARTESIAN_POINT('',(-1.420100503107E0,3.600288074694E0,7.119999958270E0));
#9932=CARTESIAN_POINT('',(-1.407099084562E0,3.605175250381E0,7.119999976554E0));
#9933=CARTESIAN_POINT('',(-1.381222291804E0,3.615276946793E0,7.119999897863E0));
#9934=CARTESIAN_POINT('',(-1.342221709526E0,3.629937087572E0,7.119999897863E0));
#9935=CARTESIAN_POINT('',(-1.316097688235E0,3.639382281628E0,7.119999976554E0));
#9936=CARTESIAN_POINT('',(-1.303096269690E0,3.644269457315E0,7.119999958270E0));
#9938=CARTESIAN_POINT('',(-8.227034427290E-1,3.781787765730E0,
7.119999958270E0));
#9939=CARTESIAN_POINT('',(-8.090853601636E-1,3.784520749012E0,
7.119999976554E0));
#9940=CARTESIAN_POINT('',(-7.819209628864E-1,3.790330068627E0,
7.119999897863E0));
#9941=CARTESIAN_POINT('',(-7.410705636638E-1,3.798528240925E0,
7.119999897863E0));
#9942=CARTESIAN_POINT('',(-7.137677189619E-1,3.803649847157E0,
7.119999976554E0));
#9943=CARTESIAN_POINT('',(-7.001496363965E-1,3.806382830438E0,
7.119999958270E0));
#9945=CARTESIAN_POINT('',(0.E0,0.E0,6.52E0));
#9946=DIRECTION('',(0.E0,0.E0,1.E0));
#9947=DIRECTION('',(1.E0,1.999670314819E-10,0.E0));
#9948=AXIS2_PLACEMENT_3D('',#9945,#9946,#9947);
#9950=CARTESIAN_POINT('',(0.E0,0.E0,6.52E0));
#9951=DIRECTION('',(0.E0,0.E0,1.E0));
#9952=DIRECTION('',(9.990659737222E-1,4.321088000260E-2,0.E0));
#9953=AXIS2_PLACEMENT_3D('',#9950,#9951,#9952);
#9955=CARTESIAN_POINT('',(-3.87E0,-1.834189466976E-10,6.52E0));
#9956=DIRECTION('',(4.739507397655E-11,-1.E0,0.E0));
#9957=DIRECTION('',(1.E0,4.739507397655E-11,0.E0));
#9958=AXIS2_PLACEMENT_3D('',#9955,#9956,#9957);
#9960=DIRECTION('',(6.099807799421E-4,-1.644263231605E-3,-9.999984621598E-1));
#9961=VECTOR('',#9960,1.500002724069E-1);
#9962=CARTESIAN_POINT('',(-1.303187766973E0,3.644516097247E0,7.27E0));
#9963=LINE('',#9962,#9961);
#9964=DIRECTION('',(6.261596426324E-4,-1.638242593414E-3,-9.999984620415E-1));
#9965=VECTOR('',#9964,1.500002724246E-1);
#9966=CARTESIAN_POINT('',(-1.420194427224E0,3.600533811529E0,7.27E0));
#9967=LINE('',#9966,#9965);
#9968=DIRECTION('',(0.E0,0.E0,-1.E0));
#9969=VECTOR('',#9968,1.5E-1);
#9970=CARTESIAN_POINT('',(-1.734620984904E0,4.437006969022E0,7.27E0));
#9971=LINE('',#9970,#9969);
#9972=DIRECTION('',(0.E0,0.E0,-1.E0));
#9973=VECTOR('',#9972,1.5E-1);
#9974=CARTESIAN_POINT('',(-2.046638894354E0,4.319720817847E0,7.27E0));
#9975=LINE('',#9974,#9973);
#9976=DIRECTION('',(0.E0,0.E0,-1.E0));
#9977=VECTOR('',#9976,1.5E-1);
#9978=CARTESIAN_POINT('',(-2.084070622418E0,4.419300942360E0,7.27E0));
#9979=LINE('',#9978,#9977);
#9980=DIRECTION('',(0.E0,0.E0,-1.E0));
#9981=VECTOR('',#9980,1.5E-1);
#9982=CARTESIAN_POINT('',(-1.343028143267E0,4.697855530427E0,7.27E0));
#9983=LINE('',#9982,#9981);
#9984=DIRECTION('',(0.E0,0.E0,-1.E0));
#9985=VECTOR('',#9984,1.5E-1);
#9986=CARTESIAN_POINT('',(-1.305596415203E0,4.598275405914E0,7.27E0));
#9987=LINE('',#9986,#9985);
#9988=DIRECTION('',(9.858780458673E-13,3.730349362741E-13,-1.E0));
#9989=VECTOR('',#9988,1.5E-1);
#9990=CARTESIAN_POINT('',(-1.617614324653E0,4.480989254740E0,7.27E0));
#9991=LINE('',#9990,#9989);
#9992=DIRECTION('',(9.360532820054E-1,3.518582857442E-1,0.E0));
#9993=VECTOR('',#9992,7.916669845582E-1);
#9994=CARTESIAN_POINT('',(-2.084070622418E0,4.419300942360E0,7.27E0));
#9995=LINE('',#9994,#9993);
#9996=DIRECTION('',(3.518582857445E-1,-9.360532820053E-1,0.E0));
#9997=VECTOR('',#9996,1.063829660417E-1);
#9998=CARTESIAN_POINT('',(-1.343028143267E0,4.697855530427E0,7.27E0));
#9999=LINE('',#9998,#9997);
#10000=DIRECTION('',(-9.360532820056E-1,-3.518582857439E-1,0.E0));
#10001=VECTOR('',#10000,3.333334922791E-1);
#10002=CARTESIAN_POINT('',(-1.305596415203E0,4.598275405914E0,7.27E0));
#10003=LINE('',#10002,#10001);
#10004=DIRECTION('',(3.518582857442E-1,-9.360532820054E-1,0.E0));
#10005=VECTOR('',#10004,8.936170339584E-1);
#10006=CARTESIAN_POINT('',(-1.617614324653E0,4.480989254740E0,7.27E0));
#10007=LINE('',#10006,#10005);
#10008=DIRECTION('',(-9.360532820052E-1,-3.518582857448E-1,0.E0));
#10009=VECTOR('',#10008,1.250000000001E-1);
#10010=CARTESIAN_POINT('',(-1.303187766973E0,3.644516097247E0,7.27E0));
#10011=LINE('',#10010,#10009);
#10012=DIRECTION('',(-3.518582857441E-1,9.360532820055E-1,0.E0));
#10013=VECTOR('',#10012,8.936170339582E-1);
#10014=CARTESIAN_POINT('',(-1.420194427224E0,3.600533811529E0,7.27E0));
#10015=LINE('',#10014,#10013);
#10016=DIRECTION('',(-9.360532820052E-1,-3.518582857447E-1,0.E0));
#10017=VECTOR('',#10016,3.333334922792E-1);
#10018=CARTESIAN_POINT('',(-1.734620984904E0,4.437006969022E0,7.27E0));
#10019=LINE('',#10018,#10017);
#10020=DIRECTION('',(-3.518582857445E-1,9.360532820053E-1,0.E0));
#10021=VECTOR('',#10020,1.063829660420E-1);
#10022=CARTESIAN_POINT('',(-2.046638894354E0,4.319720817847E0,7.27E0));
#10023=LINE('',#10022,#10021);
#10024=DIRECTION('',(3.376497460528E-4,-1.720950887075E-3,-9.999984621592E-1));
#10025=VECTOR('',#10024,1.500002724070E-1);
#10026=CARTESIAN_POINT('',(-7.002002839504E-1,3.806640973540E0,7.27E0));
#10027=LINE('',#10026,#10025);
#10028=DIRECTION('',(-1.435888445182E-13,-2.368475785867E-14,-1.E0));
#10029=VECTOR('',#10028,1.5E-1);
#10030=CARTESIAN_POINT('',(-8.969648109450E-1,4.787091747887E0,7.27E0));
#10031=LINE('',#10030,#10029);
#10032=DIRECTION('',(1.967645269945E-1,-9.804507743465E-1,0.E0));
#10033=VECTOR('',#10032,1.E0);
#10034=CARTESIAN_POINT('',(-8.969648109450E-1,4.787091747887E0,7.27E0));
#10035=LINE('',#10034,#10033);
#10036=DIRECTION('',(-9.804507743468E-1,-1.967645269930E-1,0.E0));
#10037=VECTOR('',#10036,1.249999999998E-1);
#10038=CARTESIAN_POINT('',(-7.002002839504E-1,3.806640973540E0,7.27E0));
#10039=LINE('',#10038,#10037);
#10040=DIRECTION('',(-1.967645269946E-1,9.804507743465E-1,0.E0));
#10041=VECTOR('',#10040,9.999999999998E-1);
#10042=CARTESIAN_POINT('',(-8.227566307435E-1,3.782045407666E0,7.27E0));
#10043=LINE('',#10042,#10041);
#10044=DIRECTION('',(9.804507743461E-1,1.967645269964E-1,0.E0));
#10045=VECTOR('',#10044,1.249999999999E-1);
#10046=CARTESIAN_POINT('',(-1.019521157738E0,4.762496182012E0,7.27E0));
#10047=LINE('',#10046,#10045);
#10048=DIRECTION('',(3.545861193108E-4,-1.717609785650E-3,-9.999984620415E-1));
#10049=VECTOR('',#10048,1.500002724246E-1);
#10050=CARTESIAN_POINT('',(-8.227566307435E-1,3.782045407666E0,7.27E0));
#10051=LINE('',#10050,#10049);
#10052=DIRECTION('',(0.E0,0.E0,-1.E0));
#10053=VECTOR('',#10052,1.5E-1);
#10054=CARTESIAN_POINT('',(-1.019521157738E0,4.762496182012E0,7.27E0));
#10055=LINE('',#10054,#10053);
#10056=CARTESIAN_POINT('',(-1.652034380992E-2,3.871659352787E0,7.27E0));
#10057=CARTESIAN_POINT('',(-1.652034380992E-2,3.871659352787E0,
7.219997311113E0));
#10058=CARTESIAN_POINT('',(-1.800027810981E-2,3.871274687258E0,
7.170002045112E0));
#10059=CARTESIAN_POINT('',(-1.800027810981E-2,3.871274687258E0,
7.119999356224E0));
#10061=CARTESIAN_POINT('',(-1.800027810981E-2,3.871274687258E0,
7.119999356224E0));
#10062=CARTESIAN_POINT('',(-3.786041699563E-2,3.870601837250E0,
7.120000457513E0));
#10063=CARTESIAN_POINT('',(-7.798600532872E-2,3.869690368970E0,
7.119999634363E0));
#10064=CARTESIAN_POINT('',(-1.413935099351E-1,3.867533481280E0,
7.120000076724E0));
#10065=CARTESIAN_POINT('',(-1.817927581277E-1,3.865739956423E0,
7.120000065087E0));
#10066=CARTESIAN_POINT('',(-2.023090303467E-1,3.865044876997E0,
7.119999929256E0));
#10068=CARTESIAN_POINT('',(-2.039128286835E-1,3.865310603881E0,7.27E0));
#10069=CARTESIAN_POINT('',(-2.039128286835E-1,3.865310603881E0,
7.219998416301E0));
#10070=CARTESIAN_POINT('',(-2.023090303467E-1,3.865044876997E0,
7.170001512955E0));
#10071=CARTESIAN_POINT('',(-2.023090303467E-1,3.865044876997E0,
7.119999929256E0));
#10073=DIRECTION('',(0.E0,0.E0,-1.E0));
#10074=VECTOR('',#10073,1.5E-1);
#10075=CARTESIAN_POINT('',(-3.087400312555E-1,3.883047921311E0,7.27E0));
#10076=LINE('',#10075,#10074);
#10077=DIRECTION('',(0.E0,0.E0,-1.E0));
#10078=VECTOR('',#10077,1.5E-1);
#10079=CARTESIAN_POINT('',(-3.934665897762E-1,3.922755041157E0,7.27E0));
#10080=LINE('',#10079,#10078);
#10081=DIRECTION('',(0.E0,0.E0,-1.E0));
#10082=VECTOR('',#10081,1.5E-1);
#10083=CARTESIAN_POINT('',(-4.796339990030E-1,4.004990948688E0,7.27E0));
#10084=LINE('',#10083,#10082);
#10085=DIRECTION('',(0.E0,0.E0,-1.E0));
#10086=VECTOR('',#10085,1.5E-1);
#10087=CARTESIAN_POINT('',(-5.241583163572E-1,4.088637707520E0,7.27E0));
#10088=LINE('',#10087,#10086);
#10089=DIRECTION('',(-3.385999416460E-2,9.994265859958E-1,0.E0));
#10090=VECTOR('',#10089,3.191489279269E-1);
#10091=CARTESIAN_POINT('',(-5.485819890294E-1,4.194254250152E0,7.12E0));
#10092=LINE('',#10091,#10090);
#10093=DIRECTION('',(0.E0,0.E0,-1.E0));
#10094=VECTOR('',#10093,1.5E-1);
#10095=CARTESIAN_POINT('',(-5.485819890294E-1,4.194254250152E0,7.27E0));
#10096=LINE('',#10095,#10094);
#10097=DIRECTION('',(0.E0,0.E0,-1.E0));
#10098=VECTOR('',#10097,1.5E-1);
#10099=CARTESIAN_POINT('',(-5.593883698666E-1,4.513220173614E0,7.27E0));
#10100=LINE('',#10099,#10098);
#10101=DIRECTION('',(0.E0,0.E0,-1.E0));
#10102=VECTOR('',#10101,1.5E-1);
#10103=CARTESIAN_POINT('',(-5.421689524314E-1,4.620247619671E0,7.27E0));
#10104=LINE('',#10103,#10102);
#10105=DIRECTION('',(0.E0,0.E0,-1.E0));
#10106=VECTOR('',#10105,1.5E-1);
#10107=CARTESIAN_POINT('',(-5.034080381569E-1,4.706716019026E0,7.27E0));
#10108=LINE('',#10107,#10106);
#10109=DIRECTION('',(0.E0,0.E0,-1.E0));
#10110=VECTOR('',#10109,1.5E-1);
#10111=CARTESIAN_POINT('',(-4.230040317568E-1,4.794595262236E0,7.27E0));
#10112=LINE('',#10111,#10110);
#10113=DIRECTION('',(0.E0,0.E0,-1.E0));
#10114=VECTOR('',#10113,1.5E-1);
#10115=CARTESIAN_POINT('',(-3.411591747135E-1,4.839945719622E0,7.27E0));
#10116=LINE('',#10115,#10114);
#10117=DIRECTION('',(9.994265859958E-1,3.385999416345E-2,0.E0));
#10118=VECTOR('',#10117,1.874999999984E-1);
#10119=CARTESIAN_POINT('',(-2.377728228480E-1,4.864737189877E0,7.12E0));
#10120=LINE('',#10119,#10118);
#10121=DIRECTION('',(0.E0,0.E0,-1.E0));
#10122=VECTOR('',#10121,1.5E-1);
#10123=CARTESIAN_POINT('',(-2.377728228480E-1,4.864737189877E0,7.27E0));
#10124=LINE('',#10123,#10122);
#10125=DIRECTION('',(0.E0,0.E0,-1.E0));
#10126=VECTOR('',#10125,1.5E-1);
#10127=CARTESIAN_POINT('',(-5.038033797541E-2,4.871085938783E0,7.27E0));
#10128=LINE('',#10127,#10126);
#10129=DIRECTION('',(0.E0,0.E0,-1.E0));
#10130=VECTOR('',#10129,1.5E-1);
#10131=CARTESIAN_POINT('',(5.444686453482E-2,4.853348623214E0,7.27E0));
#10132=LINE('',#10131,#10130);
#10133=DIRECTION('',(0.E0,0.E0,-1.E0));
#10134=VECTOR('',#10133,1.5E-1);
#10135=CARTESIAN_POINT('',(1.391734228657E-1,4.813641508953E0,7.27E0));
#10136=LINE('',#10135,#10134);
#10137=DIRECTION('',(0.E0,0.E0,-1.E0));
#10138=VECTOR('',#10137,1.5E-1);
#10139=CARTESIAN_POINT('',(2.253408318408E-1,4.731405608868E0,7.27E0));
#10140=LINE('',#10139,#10138);
#10141=DIRECTION('',(-9.994265859957E-1,-3.385999416560E-2,0.E0));
#10142=VECTOR('',#10141,1.249999999999E-1);
#10143=CARTESIAN_POINT('',(2.497640299674E-1,4.625788990520E0,7.12E0));
#10144=LINE('',#10143,#10142);
#10145=DIRECTION('',(0.E0,0.E0,-1.E0));
#10146=VECTOR('',#10145,1.5E-1);
#10147=CARTESIAN_POINT('',(2.497640299674E-1,4.625788990520E0,7.27E0));
#10148=LINE('',#10147,#10146);
#10149=DIRECTION('',(0.E0,0.E0,-1.E0));
#10150=VECTOR('',#10149,1.5E-1);
#10151=CARTESIAN_POINT('',(1.248357067180E-1,4.621556491249E0,7.27E0));
#10152=LINE('',#10151,#10150);
#10153=DIRECTION('',(0.E0,0.E0,-1.E0));
#10154=VECTOR('',#10153,1.5E-1);
#10155=CARTESIAN_POINT('',(1.018533592350E-1,4.684644323774E0,7.27E0));
#10156=LINE('',#10155,#10154);
#10157=DIRECTION('',(0.E0,0.E0,-1.E0));
#10158=VECTOR('',#10157,1.5E-1);
#10159=CARTESIAN_POINT('',(3.794834696622E-2,4.725056859962E0,7.27E0));
#10160=LINE('',#10159,#10158);
#10161=DIRECTION('',(-9.994265859958E-1,-3.385999416461E-2,0.E0));
#10162=VECTOR('',#10161,1.875000000004E-1);
#10163=CARTESIAN_POINT('',(-4.605778604266E-2,4.743499581312E0,7.12E0));
#10164=LINE('',#10163,#10162);
#10165=DIRECTION('',(0.E0,0.E0,-1.E0));
#10166=VECTOR('',#10165,1.5E-1);
#10167=CARTESIAN_POINT('',(-4.605778604266E-2,4.743499581312E0,7.27E0));
#10168=LINE('',#10167,#10166);
#10169=DIRECTION('',(0.E0,0.E0,-1.E0));
#10170=VECTOR('',#10169,1.5E-1);
#10171=CARTESIAN_POINT('',(-2.334502709172E-1,4.737150832406E0,7.27E0));
#10172=LINE('',#10171,#10170);
#10173=DIRECTION('',(0.E0,0.E0,-1.E0));
#10174=VECTOR('',#10173,1.5E-1);
#10175=CARTESIAN_POINT('',(-3.160155532827E-1,4.713064767932E0,7.27E0));
#10176=LINE('',#10175,#10174);
#10177=DIRECTION('',(0.E0,0.E0,-1.E0));
#10178=VECTOR('',#10177,1.5E-1);
#10179=CARTESIAN_POINT('',(-3.770388642638E-1,4.668419732473E0,7.27E0));
#10180=LINE('',#10179,#10178);
#10181=DIRECTION('',(0.E0,0.E0,-1.E0));
#10182=VECTOR('',#10181,1.5E-1);
#10183=CARTESIAN_POINT('',(-4.165202018419E-1,4.603215666459E0,7.27E0));
#10184=LINE('',#10183,#10182);
#10185=DIRECTION('',(3.385999416458E-2,-9.994265859958E-1,0.E0));
#10186=VECTOR('',#10185,3.191489279275E-1);
#10187=CARTESIAN_POINT('',(-4.344600466172E-1,4.517452672885E0,7.12E0));
#10188=LINE('',#10187,#10186);
#10189=DIRECTION('',(0.E0,0.E0,-1.E0));
#10190=VECTOR('',#10189,1.5E-1);
#10191=CARTESIAN_POINT('',(-4.344600466172E-1,4.517452672885E0,7.27E0));
#10192=LINE('',#10191,#10190);
#10193=DIRECTION('',(0.E0,-1.184237892934E-14,-1.E0));
#10194=VECTOR('',#10193,1.5E-1);
#10195=CARTESIAN_POINT('',(-4.236536657800E-1,4.198486749422E0,7.27E0));
#10196=LINE('',#10195,#10194);
#10197=DIRECTION('',(0.E0,0.E0,-1.E0));
#10198=VECTOR('',#10197,1.5E-1);
#10199=CARTESIAN_POINT('',(-3.999504184296E-1,4.114134599702E0,7.27E0));
#10200=LINE('',#10199,#10198);
#10201=DIRECTION('',(0.E0,0.E0,-1.E0));
#10202=VECTOR('',#10201,1.5E-1);
#10203=CARTESIAN_POINT('',(-3.561465269021E-1,4.051752248675E0,7.27E0));
#10204=LINE('',#10203,#10202);
#10205=DIRECTION('',(0.E0,0.E0,-1.E0));
#10206=VECTOR('',#10205,1.5E-1);
#10207=CARTESIAN_POINT('',(-2.922415141295E-1,4.011339697594E0,7.27E0));
#10208=LINE('',#10207,#10206);
#10209=DIRECTION('',(9.994265859958E-1,3.385999416285E-2,0.E0));
#10210=VECTOR('',#10209,1.874999999990E-1);
#10211=CARTESIAN_POINT('',(-2.082353811185E-1,3.992896976244E0,7.12E0));
#10212=LINE('',#10211,#10210);
#10213=DIRECTION('',(0.E0,0.E0,-1.E0));
#10214=VECTOR('',#10213,1.5E-1);
#10215=CARTESIAN_POINT('',(-2.082353811185E-1,3.992896976244E0,7.27E0));
#10216=LINE('',#10215,#10214);
#10217=DIRECTION('',(0.E0,0.E0,-1.E0));
#10218=VECTOR('',#10217,1.5E-1);
#10219=CARTESIAN_POINT('',(-2.084289624532E-2,3.999245725150E0,7.27E0));
#10220=LINE('',#10219,#10218);
#10221=DIRECTION('',(0.E0,0.E0,-1.E0));
#10222=VECTOR('',#10221,1.5E-1);
#10223=CARTESIAN_POINT('',(6.172238611980E-2,4.023331789624E0,7.27E0));
#10224=LINE('',#10223,#10222);
#10225=DIRECTION('',(0.E0,0.E0,-1.E0));
#10226=VECTOR('',#10225,1.5E-1);
#10227=CARTESIAN_POINT('',(1.227456965967E-1,4.067976839976E0,7.27E0));
#10228=LINE('',#10227,#10226);
#10229=DIRECTION('',(-3.385999416453E-2,9.994265859958E-1,0.E0));
#10230=VECTOR('',#10229,1.702127754687E-1);
#10231=CARTESIAN_POINT('',(1.414054901302E-1,4.132475424493E0,7.12E0));
#10232=LINE('',#10231,#10230);
#10233=DIRECTION('',(0.E0,0.E0,-1.E0));
#10234=VECTOR('',#10233,1.5E-1);
#10235=CARTESIAN_POINT('',(1.414054901302E-1,4.132475424493E0,7.27E0));
#10236=LINE('',#10235,#10234);
#10237=DIRECTION('',(-9.994265859958E-1,-3.385999416298E-2,0.E0));
#10238=VECTOR('',#10237,1.875E-1);
#10239=CARTESIAN_POINT('',(1.356420865461E-1,4.302590597573E0,7.12E0));
#10240=LINE('',#10239,#10238);
#10241=DIRECTION('',(0.E0,0.E0,-1.E0));
#10242=VECTOR('',#10241,1.5E-1);
#10243=CARTESIAN_POINT('',(1.356420865461E-1,4.302590597573E0,7.27E0));
#10244=LINE('',#10243,#10242);
#10245=DIRECTION('',(-3.385999416455E-2,9.994265859958E-1,0.E0));
#10246=VECTOR('',#10245,1.276595592494E-1);
#10247=CARTESIAN_POINT('',(-5.175039832816E-2,4.296241848667E0,7.12E0));
#10248=LINE('',#10247,#10246);
#10249=DIRECTION('',(0.E0,0.E0,-1.E0));
#10250=VECTOR('',#10249,1.5E-1);
#10251=CARTESIAN_POINT('',(-5.175039832816E-2,4.296241848667E0,7.27E0));
#10252=LINE('',#10251,#10250);
#10253=DIRECTION('',(9.994265859958E-1,3.385999416512E-2,0.E0));
#10254=VECTOR('',#10253,3.125E-1);
#10255=CARTESIAN_POINT('',(-5.607295025939E-2,4.423828206137E0,7.12E0));
#10256=LINE('',#10255,#10254);
#10257=DIRECTION('',(0.E0,0.E0,-1.E0));
#10258=VECTOR('',#10257,1.5E-1);
#10259=CARTESIAN_POINT('',(-5.607295025939E-2,4.423828206137E0,7.27E0));
#10260=LINE('',#10259,#10258);
#10261=DIRECTION('',(3.385999416446E-2,-9.994265859958E-1,0.E0));
#10262=VECTOR('',#10261,3.191489279277E-1);
#10263=CARTESIAN_POINT('',(2.562478578643E-1,4.434409454314E0,7.12E0));
#10264=LINE('',#10263,#10262);
#10265=DIRECTION('',(0.E0,0.E0,-1.E0));
#10266=VECTOR('',#10265,1.5E-1);
#10267=CARTESIAN_POINT('',(2.562478578643E-1,4.434409454314E0,7.27E0));
#10268=LINE('',#10267,#10266);
#10269=DIRECTION('',(0.E0,0.E0,-1.E0));
#10270=VECTOR('',#10269,1.5E-1);
#10271=CARTESIAN_POINT('',(2.670542387015E-1,4.115443530851E0,7.27E0));
#10272=LINE('',#10271,#10270);
#10273=DIRECTION('',(0.E0,0.E0,-1.E0));
#10274=VECTOR('',#10273,1.5E-1);
#10275=CARTESIAN_POINT('',(2.491148709944E-1,4.029680538530E0,7.27E0));
#10276=LINE('',#10275,#10274);
#10277=DIRECTION('',(0.E0,0.E0,-1.E0));
#10278=VECTOR('',#10277,1.5E-1);
#10279=CARTESIAN_POINT('',(1.687108648465E-1,3.941801287875E0,7.27E0));
#10280=LINE('',#10279,#10278);
#10281=DIRECTION('',(-1.637208886980E-12,-9.059419880940E-13,-1.E0));
#10282=VECTOR('',#10281,1.5E-1);
#10283=CARTESIAN_POINT('',(8.686600799202E-2,3.896450824904E0,7.27E0));
#10284=LINE('',#10283,#10282);
#10285=DIRECTION('',(3.385999416446E-2,-9.994265859958E-1,0.E0));
#10286=VECTOR('',#10285,3.191489279277E-1);
#10287=CARTESIAN_POINT('',(2.562478578643E-1,4.434409454314E0,7.27E0));
#10288=LINE('',#10287,#10286);
#10289=DIRECTION('',(-2.047425934638E-1,-9.788158511292E-1,0.E0));
#10290=VECTOR('',#10289,8.761912899302E-2);
#10291=CARTESIAN_POINT('',(2.670542387015E-1,4.115443530851E0,7.27E0));
#10292=LINE('',#10291,#10290);
#10293=DIRECTION('',(-6.750310142164E-1,-7.377893533021E-1,0.E0));
#10294=VECTOR('',#10293,1.191115733271E-1);
#10295=CARTESIAN_POINT('',(2.491148709944E-1,4.029680538530E0,7.27E0));
#10296=LINE('',#10295,#10294);
#10297=DIRECTION('',(-8.746961995543E-1,-4.846715985956E-1,0.E0));
#10298=VECTOR('',#10297,9.356946662877E-2);
#10299=CARTESIAN_POINT('',(1.687108648465E-1,3.941801287875E0,7.27E0));
#10300=LINE('',#10299,#10298);
#10301=DIRECTION('',(-9.724326456297E-1,-2.331839396562E-1,0.E0));
#10302=VECTOR('',#10301,1.063172367429E-1);
#10303=CARTESIAN_POINT('',(8.686600799202E-2,3.896450824904E0,7.27E0));
#10304=LINE('',#10303,#10302);
#10305=DIRECTION('',(-9.994265859958E-1,-3.385999416442E-2,0.E0));
#10306=VECTOR('',#10305,1.874999999994E-1);
#10307=CARTESIAN_POINT('',(-1.652034380992E-2,3.871659352787E0,7.27E0));
#10308=LINE('',#10307,#10306);
#10309=DIRECTION('',(-9.859850178888E-1,1.668338829458E-1,0.E0));
#10310=VECTOR('',#10309,1.063172367431E-1);
#10311=CARTESIAN_POINT('',(-2.039128286835E-1,3.865310603881E0,7.27E0));
#10312=LINE('',#10311,#10310);
#10313=DIRECTION('',(-9.054936569924E-1,4.243597968076E-1,0.E0));
#10314=VECTOR('',#10313,9.356946662892E-2);
#10315=CARTESIAN_POINT('',(-3.087400312555E-1,3.883047921311E0,7.27E0));
#10316=LINE('',#10315,#10314);
#10317=DIRECTION('',(-7.234176060351E-1,6.904107236120E-1,0.E0));
#10318=VECTOR('',#10317,1.191115733264E-1);
#10319=CARTESIAN_POINT('',(-3.934665897762E-1,3.922755041157E0,7.27E0));
#10320=LINE('',#10319,#10318);
#10321=DIRECTION('',(-4.698709177858E-1,8.827351361644E-1,0.E0));
#10322=VECTOR('',#10321,9.475861490643E-2);
#10323=CARTESIAN_POINT('',(-4.796339990030E-1,4.004990948688E0,7.27E0));
#10324=LINE('',#10323,#10322);
#10325=DIRECTION('',(-2.253028695533E-1,9.742887749384E-1,0.E0));
#10326=VECTOR('',#10325,1.084037354722E-1);
#10327=CARTESIAN_POINT('',(-5.241583163572E-1,4.088637707520E0,7.27E0));
#10328=LINE('',#10327,#10326);
#10329=DIRECTION('',(-3.385999416460E-2,9.994265859958E-1,0.E0));
#10330=VECTOR('',#10329,3.191489279269E-1);
#10331=CARTESIAN_POINT('',(-5.485819890294E-1,4.194254250152E0,7.27E0));
#10332=LINE('',#10331,#10330);
#10333=DIRECTION('',(1.588451548171E-1,9.873035079403E-1,0.E0));
#10334=VECTOR('',#10333,1.084037939659E-1);
#10335=CARTESIAN_POINT('',(-5.593883698666E-1,4.513220173614E0,7.27E0));
#10336=LINE('',#10335,#10334);
#10337=DIRECTION('',(4.090490325060E-1,9.125124048504E-1,0.E0));
#10338=VECTOR('',#10337,9.475860152259E-2);
#10339=CARTESIAN_POINT('',(-5.421689524314E-1,4.620247619671E0,7.27E0));
#10340=LINE('',#10339,#10338);
#10341=DIRECTION('',(6.750310465025E-1,7.377893237624E-1,0.E0));
#10342=VECTOR('',#10341,1.191115680037E-1);
#10343=CARTESIAN_POINT('',(-5.034080381569E-1,4.706716019026E0,7.27E0));
#10344=LINE('',#10343,#10342);
#10345=DIRECTION('',(8.746962253334E-1,4.846715520715E-1,0.E0));
#10346=VECTOR('',#10345,9.356946408700E-2);
#10347=CARTESIAN_POINT('',(-4.230040317568E-1,4.794595262236E0,7.27E0));
#10348=LINE('',#10347,#10346);
#10349=DIRECTION('',(9.724326496327E-1,2.331839229629E-1,0.E0));
#10350=VECTOR('',#10349,1.063172363705E-1);
#10351=CARTESIAN_POINT('',(-3.411591747135E-1,4.839945719622E0,7.27E0));
#10352=LINE('',#10351,#10350);
#10353=DIRECTION('',(9.994265859958E-1,3.385999416345E-2,0.E0));
#10354=VECTOR('',#10353,1.874999999984E-1);
#10355=CARTESIAN_POINT('',(-2.377728228480E-1,4.864737189877E0,7.27E0));
#10356=LINE('',#10355,#10354);
#10357=DIRECTION('',(9.859850207524E-1,-1.668338660222E-1,0.E0));
#10358=VECTOR('',#10357,1.063172363716E-1);
#10359=CARTESIAN_POINT('',(-5.038033797541E-2,4.871085938783E0,7.27E0));
#10360=LINE('',#10359,#10358);
#10361=DIRECTION('',(9.054936795627E-1,-4.243597486472E-1,0.E0));
#10362=VECTOR('',#10361,9.356946408703E-2);
#10363=CARTESIAN_POINT('',(5.444686453482E-2,4.853348623214E0,7.27E0));
#10364=LINE('',#10363,#10362);
#10365=DIRECTION('',(7.234176362493E-1,-6.904106919534E-1,0.E0));
#10366=VECTOR('',#10365,1.191115680036E-1);
#10367=CARTESIAN_POINT('',(1.391734228657E-1,4.813641508953E0,7.27E0));
#10368=LINE('',#10367,#10366);
#10369=DIRECTION('',(2.252985608658E-1,-9.742897713062E-1,0.E0));
#10370=VECTOR('',#10369,1.084037023264E-1);
#10371=CARTESIAN_POINT('',(2.253408318408E-1,4.731405608868E0,7.27E0));
#10372=LINE('',#10371,#10370);
#10373=DIRECTION('',(-9.994265859957E-1,-3.385999416560E-2,0.E0));
#10374=VECTOR('',#10373,1.249999999999E-1);
#10375=CARTESIAN_POINT('',(2.497640299674E-1,4.625788990520E0,7.27E0));
#10376=LINE('',#10375,#10374);
#10377=DIRECTION('',(-3.422864989318E-1,9.395956325191E-1,0.E0));
#10378=VECTOR('',#10377,6.714359916259E-2);
#10379=CARTESIAN_POINT('',(1.248357067180E-1,4.621556491249E0,7.27E0));
#10380=LINE('',#10379,#10378);
#10381=DIRECTION('',(-8.451813928445E-1,5.344795722845E-1,0.E0));
#10382=VECTOR('',#10381,7.561100233609E-2);
#10383=CARTESIAN_POINT('',(1.018533592350E-1,4.684644323774E0,7.27E0));
#10384=LINE('',#10383,#10382);
#10385=DIRECTION('',(-9.767386190428E-1,2.144333697685E-1,0.E0));
#10386=VECTOR('',#10385,8.600676923289E-2);
#10387=CARTESIAN_POINT('',(3.794834696622E-2,4.725056859962E0,7.27E0));
#10388=LINE('',#10387,#10386);
#10389=DIRECTION('',(-9.994265859958E-1,-3.385999416461E-2,0.E0));
#10390=VECTOR('',#10389,1.875000000004E-1);
#10391=CARTESIAN_POINT('',(-4.605778604266E-2,4.743499581312E0,7.27E0));
#10392=LINE('',#10391,#10390);
#10393=DIRECTION('',(-9.599858604336E-1,-2.800484739603E-1,0.E0));
#10394=VECTOR('',#10393,8.600676923323E-2);
#10395=CARTESIAN_POINT('',(-2.334502709172E-1,4.737150832406E0,7.27E0));
#10396=LINE('',#10395,#10394);
#10397=DIRECTION('',(-8.070691975494E-1,-5.904568657971E-1,0.E0));
#10398=VECTOR('',#10397,7.561100233586E-2);
#10399=CARTESIAN_POINT('',(-3.160155532827E-1,4.713064767932E0,7.27E0));
#10400=LINE('',#10399,#10398);
#10401=DIRECTION('',(-5.179535942098E-1,-8.554087176579E-1,0.E0));
#10402=VECTOR('',#10401,7.622562719797E-2);
#10403=CARTESIAN_POINT('',(-3.770388642638E-1,4.668419732473E0,7.27E0));
#10404=LINE('',#10403,#10402);
#10405=DIRECTION('',(-2.047478071404E-1,-9.788147605503E-1,0.E0));
#10406=VECTOR('',#10405,8.761922789735E-2);
#10407=CARTESIAN_POINT('',(-4.165202018419E-1,4.603215666459E0,7.27E0));
#10408=LINE('',#10407,#10406);
#10409=DIRECTION('',(3.385999416458E-2,-9.994265859958E-1,0.E0));
#10410=VECTOR('',#10409,3.191489279275E-1);
#10411=CARTESIAN_POINT('',(-4.344600466172E-1,4.517452672885E0,7.27E0));
#10412=LINE('',#10411,#10410);
#10413=DIRECTION('',(2.705256359720E-1,-9.627127714339E-1,0.E0));
#10414=VECTOR('',#10413,8.761922789756E-2);
#10415=CARTESIAN_POINT('',(-4.236536657800E-1,4.198486749422E0,7.27E0));
#10416=LINE('',#10415,#10414);
#10417=DIRECTION('',(5.746613287428E-1,-8.183913228080E-1,0.E0));
#10418=VECTOR('',#10417,7.622557728627E-2);
#10419=CARTESIAN_POINT('',(-3.999504184296E-1,4.114134599702E0,7.27E0));
#10420=LINE('',#10419,#10418);
#10421=DIRECTION('',(8.451813057774E-1,-5.344797099651E-1,0.E0));
#10422=VECTOR('',#10421,7.561101072129E-2);
#10423=CARTESIAN_POINT('',(-3.561465269021E-1,4.051752248675E0,7.27E0));
#10424=LINE('',#10423,#10422);
#10425=DIRECTION('',(9.767386190429E-1,-2.144333697684E-1,0.E0));
#10426=VECTOR('',#10425,8.600676923509E-2);
#10427=CARTESIAN_POINT('',(-2.922415141295E-1,4.011339697594E0,7.27E0));
#10428=LINE('',#10427,#10426);
#10429=DIRECTION('',(9.994265859958E-1,3.385999416285E-2,0.E0));
#10430=VECTOR('',#10429,1.874999999990E-1);
#10431=CARTESIAN_POINT('',(-2.082353811185E-1,3.992896976244E0,7.27E0));
#10432=LINE('',#10431,#10430);
#10433=DIRECTION('',(9.599858604333E-1,2.800484739614E-1,0.E0));
#10434=VECTOR('',#10433,8.600676923289E-2);
#10435=CARTESIAN_POINT('',(-2.084289624532E-2,3.999245725150E0,7.27E0));
#10436=LINE('',#10435,#10434);
#10437=DIRECTION('',(8.070691013611E-1,5.904569972727E-1,0.E0));
#10438=VECTOR('',#10437,7.561101072255E-2);
#10439=CARTESIAN_POINT('',(6.172238611980E-2,4.023331789624E0,7.27E0));
#10440=LINE('',#10439,#10438);
#10441=DIRECTION('',(2.779089818445E-1,9.606074108657E-1,0.E0));
#10442=VECTOR('',#10441,6.714354249969E-2);
#10443=CARTESIAN_POINT('',(1.227456965967E-1,4.067976839976E0,7.27E0));
#10444=LINE('',#10443,#10442);
#10445=DIRECTION('',(-3.385999416453E-2,9.994265859958E-1,0.E0));
#10446=VECTOR('',#10445,1.702127754687E-1);
#10447=CARTESIAN_POINT('',(1.414054901302E-1,4.132475424493E0,7.27E0));
#10448=LINE('',#10447,#10446);
#10449=DIRECTION('',(-9.994265859958E-1,-3.385999416298E-2,0.E0));
#10450=VECTOR('',#10449,1.875E-1);
#10451=CARTESIAN_POINT('',(1.356420865461E-1,4.302590597573E0,7.27E0));
#10452=LINE('',#10451,#10450);
#10453=DIRECTION('',(-3.385999416455E-2,9.994265859958E-1,0.E0));
#10454=VECTOR('',#10453,1.276595592494E-1);
#10455=CARTESIAN_POINT('',(-5.175039832816E-2,4.296241848667E0,7.27E0));
#10456=LINE('',#10455,#10454);
#10457=DIRECTION('',(9.994265859958E-1,3.385999416512E-2,0.E0));
#10458=VECTOR('',#10457,3.125E-1);
#10459=CARTESIAN_POINT('',(-5.607295025939E-2,4.423828206137E0,7.27E0));
#10460=LINE('',#10459,#10458);
#10461=CARTESIAN_POINT('',(0.E0,0.E0,6.52E0));
#10462=DIRECTION('',(0.E0,0.E0,1.E0));
#10463=DIRECTION('',(-1.E0,0.E0,0.E0));
#10464=AXIS2_PLACEMENT_3D('',#10461,#10462,#10463);
#10466=CARTESIAN_POINT('',(0.E0,0.E0,6.52E0));
#10467=DIRECTION('',(0.E0,0.E0,1.E0));
#10468=DIRECTION('',(-9.990659737222E-1,-4.321088000260E-2,0.E0));
#10469=AXIS2_PLACEMENT_3D('',#10466,#10467,#10468);
#10471=CARTESIAN_POINT('',(3.87E0,1.834189466976E-10,6.52E0));
#10472=DIRECTION('',(-4.739507397655E-11,1.E0,0.E0));
#10473=DIRECTION('',(-1.E0,-4.739507397655E-11,0.E0));
#10474=AXIS2_PLACEMENT_3D('',#10471,#10472,#10473);
#10476=DIRECTION('',(8.820326504545E-4,-1.517277177467E-3,-9.999984599430E-1));
#10477=VECTOR('',#10476,1.500002727394E-1);
#10478=CARTESIAN_POINT('',(-1.980671363606E0,3.325317562049E0,7.27E0));
#10479=LINE('',#10478,#10477);
#10480=DIRECTION('',(0.E0,0.E0,-1.E0));
#10481=VECTOR('',#10480,1.5E-1);
#10482=CARTESIAN_POINT('',(-2.478466221856E0,4.192612367234E0,7.27E0));
#10483=LINE('',#10482,#10481);
#10484=DIRECTION('',(4.977948582493E-1,-8.672948051848E-1,0.E0));
#10485=VECTOR('',#10484,1.E0);
#10486=CARTESIAN_POINT('',(-2.370054371207E0,4.254836724515E0,7.27E0));
#10487=LINE('',#10486,#10485);
#10488=DIRECTION('',(-8.672948051854E-1,-4.977948582483E-1,0.E0));
#10489=VECTOR('',#10488,1.250000000004E-1);
#10490=CARTESIAN_POINT('',(-1.872259512958E0,3.387541919330E0,7.27E0));
#10491=LINE('',#10490,#10489);
#10492=DIRECTION('',(-4.977948582493E-1,8.672948051848E-1,0.E0));
#10493=VECTOR('',#10492,1.E0);
#10494=CARTESIAN_POINT('',(-1.980671363606E0,3.325317562049E0,7.27E0));
#10495=LINE('',#10494,#10493);
#10496=DIRECTION('',(8.672948051856E-1,4.977948582479E-1,0.E0));
#10497=VECTOR('',#10496,1.250000000005E-1);
#10498=CARTESIAN_POINT('',(-2.478466221856E0,4.192612367234E0,7.27E0));
#10499=LINE('',#10498,#10497);
#10500=DIRECTION('',(-4.144832625267E-14,-1.953992523340E-13,-1.E0));
#10501=VECTOR('',#10500,1.5E-1);
#10502=CARTESIAN_POINT('',(1.177479358667E0,3.705544096215E0,7.27E0));
#10503=LINE('',#10502,#10501);
#10504=DIRECTION('',(0.E0,0.E0,-1.E0));
#10505=VECTOR('',#10504,1.5E-1);
#10506=CARTESIAN_POINT('',(4.441244167594E-1,3.862676299086E0,7.27E0));
#10507=LINE('',#10506,#10505);
#10508=DIRECTION('',(0.E0,0.E0,-1.E0));
#10509=VECTOR('',#10508,1.5E-1);
#10510=CARTESIAN_POINT('',(6.536340205872E-1,4.840482888296E0,7.27E0));
#10511=LINE('',#10510,#10509);
#10512=DIRECTION('',(0.E0,0.E0,-1.E0));
#10513=VECTOR('',#10512,1.5E-1);
#10514=CARTESIAN_POINT('',(1.386988962495E0,4.683350685425E0,7.27E0));
#10515=LINE('',#10514,#10513);
#10516=DIRECTION('',(0.E0,0.E0,-1.E0));
#10517=VECTOR('',#10516,1.5E-1);
#10518=CARTESIAN_POINT('',(1.360243058812E0,4.558524327215E0,7.27E0));
#10519=LINE('',#10518,#10517);
#10520=DIRECTION('',(0.E0,0.E0,-1.E0));
#10521=VECTOR('',#10520,1.5E-1);
#10522=CARTESIAN_POINT('',(7.491139405554E-1,4.689467829608E0,7.27E0));
#10523=LINE('',#10522,#10521);
#10524=DIRECTION('',(0.E0,0.E0,-1.E0));
#10525=VECTOR('',#10524,1.5E-1);
#10526=CARTESIAN_POINT('',(6.911644700872E-1,4.419010661870E0,7.27E0));
#10527=LINE('',#10526,#10525);
#10528=DIRECTION('',(0.E0,0.E0,-1.E0));
#10529=VECTOR('',#10528,1.5E-1);
#10530=CARTESIAN_POINT('',(1.220809550491E0,4.305526326431E0,7.27E0));
#10531=LINE('',#10530,#10529);
#10532=DIRECTION('',(0.E0,0.E0,-1.E0));
#10533=VECTOR('',#10532,1.5E-1);
#10534=CARTESIAN_POINT('',(1.194063646808E0,4.180699968220E0,7.27E0));
#10535=LINE('',#10534,#10533);
#10536=DIRECTION('',(0.E0,0.E0,-1.E0));
#10537=VECTOR('',#10536,1.5E-1);
#10538=CARTESIAN_POINT('',(6.644185664038E-1,4.294184303660E0,7.27E0));
#10539=LINE('',#10538,#10537);
#10540=DIRECTION('',(0.E0,0.E0,-1.E0));
#10541=VECTOR('',#10540,1.5E-1);
#10542=CARTESIAN_POINT('',(5.930961472158E-1,3.961313971388E0,7.27E0));
#10543=LINE('',#10542,#10541);
#10544=DIRECTION('',(0.E0,0.E0,-1.E0));
#10545=VECTOR('',#10544,1.5E-1);
#10546=CARTESIAN_POINT('',(1.204225265472E0,3.830370468995E0,7.27E0));
#10547=LINE('',#10546,#10545);
#10548=DIRECTION('',(9.778065892107E-1,-2.095096038281E-1,0.E0));
#10549=VECTOR('',#10548,6.249999999999E-1);
#10550=CARTESIAN_POINT('',(5.930961472158E-1,3.961313971388E0,7.27E0));
#10551=LINE('',#10550,#10549);
#10552=DIRECTION('',(-2.095096038302E-1,-9.778065892102E-1,0.E0));
#10553=VECTOR('',#10552,1.276595741504E-1);
#10554=CARTESIAN_POINT('',(1.204225265472E0,3.830370468995E0,7.27E0));
#10555=LINE('',#10554,#10553);
#10556=DIRECTION('',(-9.778065892107E-1,2.095096038280E-1,0.E0));
#10557=VECTOR('',#10556,7.499999999996E-1);
#10558=CARTESIAN_POINT('',(1.177479358667E0,3.705544096215E0,7.27E0));
#10559=LINE('',#10558,#10557);
#10560=DIRECTION('',(2.095096038279E-1,9.778065892107E-1,0.E0));
#10561=VECTOR('',#10560,9.999999999992E-1);
#10562=CARTESIAN_POINT('',(4.441244167594E-1,3.862676299086E0,7.27E0));
#10563=LINE('',#10562,#10561);
#10564=DIRECTION('',(9.778065892107E-1,-2.095096038280E-1,0.E0));
#10565=VECTOR('',#10564,7.499999999999E-1);
#10566=CARTESIAN_POINT('',(6.536340205872E-1,4.840482888296E0,7.27E0));
#10567=LINE('',#10566,#10565);
#10568=DIRECTION('',(-2.095096038273E-1,-9.778065892108E-1,0.E0));
#10569=VECTOR('',#10568,1.276595592492E-1);
#10570=CARTESIAN_POINT('',(1.386988962495E0,4.683350685425E0,7.27E0));
#10571=LINE('',#10570,#10569);
#10572=DIRECTION('',(-9.778065892106E-1,2.095096038282E-1,0.E0));
#10573=VECTOR('',#10572,6.25E-1);
#10574=CARTESIAN_POINT('',(1.360243058812E0,4.558524327215E0,7.27E0));
#10575=LINE('',#10574,#10573);
#10576=DIRECTION('',(-2.095096038278E-1,-9.778065892107E-1,0.E0));
#10577=VECTOR('',#10576,2.765957713131E-1);
#10578=CARTESIAN_POINT('',(7.491139405554E-1,4.689467829608E0,7.27E0));
#10579=LINE('',#10578,#10577);
#10580=DIRECTION('',(9.778065892108E-1,-2.095096038277E-1,0.E0));
#10581=VECTOR('',#10580,5.416665077208E-1);
#10582=CARTESIAN_POINT('',(6.911644700872E-1,4.419010661870E0,7.27E0));
#10583=LINE('',#10582,#10581);
#10584=DIRECTION('',(-2.095096038268E-1,-9.778065892109E-1,0.E0));
#10585=VECTOR('',#10584,1.276595592502E-1);
#10586=CARTESIAN_POINT('',(1.220809550491E0,4.305526326431E0,7.27E0));
#10587=LINE('',#10586,#10585);
#10588=DIRECTION('',(-9.778065892106E-1,2.095096038282E-1,0.E0));
#10589=VECTOR('',#10588,5.416665077210E-1);
#10590=CARTESIAN_POINT('',(1.194063646808E0,4.180699968220E0,7.27E0));
#10591=LINE('',#10590,#10589);
#10592=DIRECTION('',(-2.095096038279E-1,-9.778065892107E-1,0.E0));
#10593=VECTOR('',#10592,3.404255360367E-1);
#10594=CARTESIAN_POINT('',(6.644185664038E-1,4.294184303660E0,7.27E0));
#10595=LINE('',#10594,#10593);
#10596=DIRECTION('',(0.E0,0.E0,-1.E0));
#10597=VECTOR('',#10596,1.5E-1);
#10598=CARTESIAN_POINT('',(1.965479181703E0,3.844302309738E0,7.27E0));
#10599=LINE('',#10598,#10597);
#10600=DIRECTION('',(0.E0,0.E0,-1.E0));
#10601=VECTOR('',#10600,1.5E-1);
#10602=CARTESIAN_POINT('',(1.647084420085E0,3.999410952197E0,7.27E0));
#10603=LINE('',#10602,#10601);
#10604=DIRECTION('',(0.E0,0.E0,-1.E0));
#10605=VECTOR('',#10604,1.5E-1);
#10606=CARTESIAN_POINT('',(1.451402838126E0,3.597731267215E0,7.27E0));
#10607=LINE('',#10606,#10605);
#10608=DIRECTION('',(0.E0,0.E0,-1.E0));
#10609=VECTOR('',#10608,1.5E-1);
#10610=CARTESIAN_POINT('',(1.339028165946E0,3.652475518534E0,7.27E0));
#10611=LINE('',#10610,#10609);
#10612=DIRECTION('',(0.E0,0.E0,-1.E0));
#10613=VECTOR('',#10612,1.5E-1);
#10614=CARTESIAN_POINT('',(1.776982176497E0,4.551472895973E0,7.27E0));
#10615=LINE('',#10614,#10613);
#10616=DIRECTION('',(0.E0,0.E0,-1.E0));
#10617=VECTOR('',#10616,1.5E-1);
#10618=CARTESIAN_POINT('',(2.226480865217E0,4.332495890698E0,7.27E0));
#10619=LINE('',#10618,#10617);
#10620=DIRECTION('',(0.E0,0.E0,-1.E0));
#10621=VECTOR('',#10620,1.5E-1);
#10622=CARTESIAN_POINT('',(2.310808541824E0,4.267747940549E0,7.27E0));
#10623=LINE('',#10622,#10621);
#10624=DIRECTION('',(0.E0,0.E0,-1.E0));
#10625=VECTOR('',#10624,1.5E-1);
#10626=CARTESIAN_POINT('',(2.357770196181E0,4.173869107739E0,7.27E0));
#10627=LINE('',#10626,#10625);
#10628=DIRECTION('',(-1.374023679648E-1,-9.905153150142E-1,0.E0));
#10629=VECTOR('',#10628,6.714354249945E-2);
#10630=CARTESIAN_POINT('',(2.376684854965E0,4.069986576099E0,7.12E0));
#10631=LINE('',#10630,#10629);
#10632=DIRECTION('',(0.E0,0.E0,-1.E0));
#10633=VECTOR('',#10632,1.5E-1);
#10634=CARTESIAN_POINT('',(2.376684854965E0,4.069986576099E0,7.27E0));
#10635=LINE('',#10634,#10633);
#10636=DIRECTION('',(0.E0,0.E0,-1.E0));
#10637=VECTOR('',#10636,1.5E-1);
#10638=CARTESIAN_POINT('',(2.367459173232E0,4.003479868949E0,7.27E0));
#10639=LINE('',#10638,#10637);
#10640=DIRECTION('',(0.E0,0.E0,-1.E0));
#10641=VECTOR('',#10640,1.5E-1);
#10642=CARTESIAN_POINT('',(2.330186469822E0,3.926969409385E0,7.27E0));
#10643=LINE('',#10642,#10641);
#10644=DIRECTION('',(0.E0,0.E0,-1.E0));
#10645=VECTOR('',#10644,1.5E-1);
#10646=CARTESIAN_POINT('',(2.283503135596E0,3.878710507564E0,7.27E0));
#10647=LINE('',#10646,#10645);
#10648=DIRECTION('',(-9.998232489635E-1,-1.880081998408E-2,0.E0));
#10649=VECTOR('',#10648,9.356903941445E-2);
#10650=CARTESIAN_POINT('',(2.190043122201E0,3.829572227243E0,7.12E0));
#10651=LINE('',#10650,#10649);
#10652=DIRECTION('',(0.E0,0.E0,-1.E0));
#10653=VECTOR('',#10652,1.5E-1);
#10654=CARTESIAN_POINT('',(2.190043122201E0,3.829572227243E0,7.27E0));
#10655=LINE('',#10654,#10653);
#10656=DIRECTION('',(0.E0,0.E0,-1.E0));
#10657=VECTOR('',#10656,1.5E-1);
#10658=CARTESIAN_POINT('',(2.096490621211E0,3.827813052577E0,7.27E0));
#10659=LINE('',#10658,#10657);
#10660=DIRECTION('',(0.E0,0.E0,-1.E0));
#10661=VECTOR('',#10660,1.5E-1);
#10662=CARTESIAN_POINT('',(2.050734708869E0,3.305761787626E0,7.27E0));
#10663=LINE('',#10662,#10661);
#10664=DIRECTION('',(0.E0,0.E0,-1.E0));
#10665=VECTOR('',#10664,1.5E-1);
#10666=CARTESIAN_POINT('',(1.919630353092E0,3.369630359275E0,7.27E0));
#10667=LINE('',#10666,#10665);
#10668=DIRECTION('',(-8.989973774392E-1,4.379540105508E-1,0.E0));
#10669=VECTOR('',#10668,3.541665077207E-1);
#10670=CARTESIAN_POINT('',(1.965479181703E0,3.844302309738E0,7.27E0));
#10671=LINE('',#10670,#10669);
#10672=DIRECTION('',(-4.379540105507E-1,-8.989973774392E-1,0.E0));
#10673=VECTOR('',#10672,4.468085169792E-1);
#10674=CARTESIAN_POINT('',(1.647084420085E0,3.999410952197E0,7.27E0));
#10675=LINE('',#10674,#10673);
#10676=DIRECTION('',(-8.989973774390E-1,4.379540105512E-1,0.E0));
#10677=VECTOR('',#10676,1.250000000002E-1);
#10678=CARTESIAN_POINT('',(1.451402838126E0,3.597731267215E0,7.27E0));
#10679=LINE('',#10678,#10677);
#10680=DIRECTION('',(4.379540105510E-1,8.989973774390E-1,0.E0));
#10681=VECTOR('',#10680,1.E0);
#10682=CARTESIAN_POINT('',(1.339028165946E0,3.652475518534E0,7.27E0));
#10683=LINE('',#10682,#10681);
#10684=DIRECTION('',(8.989973774393E-1,-4.379540105505E-1,0.E0));
#10685=VECTOR('',#10684,5.000000000006E-1);
#10686=CARTESIAN_POINT('',(1.776982176497E0,4.551472895973E0,7.27E0));
#10687=LINE('',#10686,#10685);
#10688=DIRECTION('',(7.931668365905E-1,-6.090044083035E-1,0.E0));
#10689=VECTOR('',#10688,1.063177035601E-1);
#10690=CARTESIAN_POINT('',(2.226480865217E0,4.332495890698E0,7.27E0));
#10691=LINE('',#10690,#10689);
#10692=DIRECTION('',(4.473830684388E-1,-8.943424344591E-1,0.E0));
#10693=VECTOR('',#10692,1.049696729046E-1);
#10694=CARTESIAN_POINT('',(2.310808541824E0,4.267747940549E0,7.27E0));
#10695=LINE('',#10694,#10693);
#10696=DIRECTION('',(1.791322743302E-1,-9.838249988150E-1,0.E0));
#10697=VECTOR('',#10696,1.055904574139E-1);
#10698=CARTESIAN_POINT('',(2.357770196181E0,4.173869107739E0,7.27E0));
#10699=LINE('',#10698,#10697);
#10700=DIRECTION('',(-1.374023679648E-1,-9.905153150142E-1,0.E0));
#10701=VECTOR('',#10700,6.714354249945E-2);
#10702=CARTESIAN_POINT('',(2.376684854965E0,4.069986576099E0,7.27E0));
#10703=LINE('',#10702,#10701);
#10704=DIRECTION('',(-4.379540105535E-1,-8.989973774379E-1,0.E0));
#10705=VECTOR('',#10704,8.510643243736E-2);
#10706=CARTESIAN_POINT('',(2.367459173232E0,4.003479868949E0,7.27E0));
#10707=LINE('',#10706,#10705);
#10708=DIRECTION('',(-6.952766042428E-1,-7.187422650663E-1,0.E0));
#10709=VECTOR('',#10708,6.714354250016E-2);
#10710=CARTESIAN_POINT('',(2.330186469822E0,3.926969409385E0,7.27E0));
#10711=LINE('',#10710,#10709);
#10712=DIRECTION('',(-8.851179896827E-1,-4.653666772987E-1,0.E0));
#10713=VECTOR('',#10712,1.055904574126E-1);
#10714=CARTESIAN_POINT('',(2.283503135596E0,3.878710507564E0,7.27E0));
#10715=LINE('',#10714,#10713);
#10716=DIRECTION('',(-9.998232489635E-1,-1.880081998408E-2,0.E0));
#10717=VECTOR('',#10716,9.356903941445E-2);
#10718=CARTESIAN_POINT('',(2.190043122201E0,3.829572227243E0,7.27E0));
#10719=LINE('',#10718,#10717);
#10720=DIRECTION('',(-8.731167903812E-2,-9.961810431360E-1,0.E0));
#10721=VECTOR('',#10720,5.240525992219E-1);
#10722=CARTESIAN_POINT('',(2.096490621211E0,3.827813052577E0,7.27E0));
#10723=LINE('',#10722,#10721);
#10724=DIRECTION('',(-8.989973774392E-1,4.379540105507E-1,0.E0));
#10725=VECTOR('',#10724,1.458339691165E-1);
#10726=CARTESIAN_POINT('',(2.050734708869E0,3.305761787626E0,7.27E0));
#10727=LINE('',#10726,#10725);
#10728=DIRECTION('',(9.614310444920E-2,9.953675218063E-1,0.E0));
#10729=VECTOR('',#10728,4.768810917211E-1);
#10730=CARTESIAN_POINT('',(1.919630353092E0,3.369630359275E0,7.27E0));
#10731=LINE('',#10730,#10729);
#10732=DIRECTION('',(8.989973774388E-1,-4.379540105514E-1,0.E0));
#10733=VECTOR('',#10732,3.958334922792E-1);
#10734=CARTESIAN_POINT('',(1.702993436044E0,4.114176561168E0,7.27E0));
#10735=LINE('',#10734,#10733);
#10736=DIRECTION('',(9.921727917007E-1,-1.248725406517E-1,0.E0));
#10737=VECTOR('',#10736,6.602184346142E-2);
#10738=CARTESIAN_POINT('',(2.058846707505E0,3.940819695714E0,7.27E0));
#10739=LINE('',#10738,#10737);
#10740=DIRECTION('',(9.418848618408E-1,3.359358674436E-1,0.E0));
#10741=VECTOR('',#10740,5.955595080728E-2);
#10742=CARTESIAN_POINT('',(2.124351784246E0,3.932575380382E0,7.27E0));
#10743=LINE('',#10742,#10741);
#10744=DIRECTION('',(6.952766042422E-1,7.187422650668E-1,0.E0));
#10745=VECTOR('',#10744,6.714354249808E-2);
#10746=CARTESIAN_POINT('',(2.180446632744E0,3.952582360378E0,7.27E0));
#10747=LINE('',#10746,#10745);
#10748=DIRECTION('',(4.379540105491E-1,8.989973774400E-1,0.E0));
#10749=VECTOR('',#10748,6.382983923021E-2);
#10750=CARTESIAN_POINT('',(2.227129966968E0,4.000841262198E0,7.27E0));
#10751=LINE('',#10750,#10749);
#10752=DIRECTION('',(1.374023679630E-1,9.905153150144E-1,0.E0));
#10753=VECTOR('',#10752,6.714354249905E-2);
#10754=CARTESIAN_POINT('',(2.255084501052E0,4.058224120268E0,7.27E0));
#10755=LINE('',#10754,#10753);
#10756=DIRECTION('',(-3.160418217834E-1,9.487452592155E-1,0.E0));
#10757=VECTOR('',#10756,5.955595080627E-2);
#10758=CARTESIAN_POINT('',(2.264310182785E0,4.124730827418E0,7.27E0));
#10759=LINE('',#10758,#10757);
#10760=DIRECTION('',(-7.098974465164E-1,7.043050585006E-1,0.E0));
#10761=VECTOR('',#10760,6.602184346216E-2);
#10762=CARTESIAN_POINT('',(2.245488011594E0,4.181234253403E0,7.27E0));
#10763=LINE('',#10762,#10761);
#10764=DIRECTION('',(-8.989973774390E-1,4.379540105511E-1,0.E0));
#10765=VECTOR('',#10764,3.958334922787E-1);
#10766=CARTESIAN_POINT('',(2.198619273506E0,4.227733771725E0,7.27E0));
#10767=LINE('',#10766,#10765);
#10768=DIRECTION('',(-4.379540105513E-1,-8.989973774389E-1,0.E0));
#10769=VECTOR('',#10768,3.191489577295E-1);
#10770=CARTESIAN_POINT('',(1.842766002045E0,4.401090637179E0,7.27E0));
#10771=LINE('',#10770,#10769);
#10772=DIRECTION('',(0.E0,0.E0,-1.E0));
#10773=VECTOR('',#10772,1.5E-1);
#10774=CARTESIAN_POINT('',(1.702993436044E0,4.114176561168E0,7.27E0));
#10775=LINE('',#10774,#10773);
#10776=DIRECTION('',(-8.989973774388E-1,4.379540105514E-1,0.E0));
#10777=VECTOR('',#10776,3.958334922792E-1);
#10778=CARTESIAN_POINT('',(2.058846707505E0,3.940819695714E0,7.12E0));
#10779=LINE('',#10778,#10777);
#10780=DIRECTION('',(4.379540105513E-1,8.989973774389E-1,0.E0));
#10781=VECTOR('',#10780,3.191489577295E-1);
#10782=CARTESIAN_POINT('',(1.702993436044E0,4.114176561168E0,7.12E0));
#10783=LINE('',#10782,#10781);
#10784=DIRECTION('',(8.989973774390E-1,-4.379540105511E-1,0.E0));
#10785=VECTOR('',#10784,3.958334922787E-1);
#10786=CARTESIAN_POINT('',(1.842766002045E0,4.401090637179E0,7.12E0));
#10787=LINE('',#10786,#10785);
#10788=DIRECTION('',(7.098974465164E-1,-7.043050585006E-1,0.E0));
#10789=VECTOR('',#10788,6.602184346216E-2);
#10790=CARTESIAN_POINT('',(2.198619273506E0,4.227733771725E0,7.12E0));
#10791=LINE('',#10790,#10789);
#10792=DIRECTION('',(3.160418217834E-1,-9.487452592155E-1,0.E0));
#10793=VECTOR('',#10792,5.955595080627E-2);
#10794=CARTESIAN_POINT('',(2.245488011594E0,4.181234253403E0,7.12E0));
#10795=LINE('',#10794,#10793);
#10796=DIRECTION('',(-4.379540105491E-1,-8.989973774400E-1,0.E0));
#10797=VECTOR('',#10796,6.382983923021E-2);
#10798=CARTESIAN_POINT('',(2.255084501052E0,4.058224120268E0,7.12E0));
#10799=LINE('',#10798,#10797);
#10800=DIRECTION('',(-6.952766042422E-1,-7.187422650668E-1,0.E0));
#10801=VECTOR('',#10800,6.714354249808E-2);
#10802=CARTESIAN_POINT('',(2.227129966968E0,4.000841262198E0,7.12E0));
#10803=LINE('',#10802,#10801);
#10804=DIRECTION('',(-9.418848618408E-1,-3.359358674437E-1,0.E0));
#10805=VECTOR('',#10804,5.955595080728E-2);
#10806=CARTESIAN_POINT('',(2.180446632744E0,3.952582360378E0,7.12E0));
#10807=LINE('',#10806,#10805);
#10808=DIRECTION('',(0.E0,0.E0,-1.E0));
#10809=VECTOR('',#10808,1.5E-1);
#10810=CARTESIAN_POINT('',(1.842766002045E0,4.401090637179E0,7.27E0));
#10811=LINE('',#10810,#10809);
#10812=DIRECTION('',(0.E0,0.E0,-1.E0));
#10813=VECTOR('',#10812,1.5E-1);
#10814=CARTESIAN_POINT('',(2.198619273506E0,4.227733771725E0,7.27E0));
#10815=LINE('',#10814,#10813);
#10816=DIRECTION('',(0.E0,-2.368475785867E-14,-1.E0));
#10817=VECTOR('',#10816,1.5E-1);
#10818=CARTESIAN_POINT('',(2.245488011594E0,4.181234253403E0,7.27E0));
#10819=LINE('',#10818,#10817);
#10820=DIRECTION('',(0.E0,0.E0,-1.E0));
#10821=VECTOR('',#10820,1.5E-1);
#10822=CARTESIAN_POINT('',(2.264310182785E0,4.124730827418E0,7.27E0));
#10823=LINE('',#10822,#10821);
#10824=DIRECTION('',(1.374023679630E-1,9.905153150144E-1,0.E0));
#10825=VECTOR('',#10824,6.714354249905E-2);
#10826=CARTESIAN_POINT('',(2.255084501052E0,4.058224120268E0,7.12E0));
#10827=LINE('',#10826,#10825);
#10828=DIRECTION('',(0.E0,0.E0,-1.E0));
#10829=VECTOR('',#10828,1.5E-1);
#10830=CARTESIAN_POINT('',(2.255084501052E0,4.058224120268E0,7.27E0));
#10831=LINE('',#10830,#10829);
#10832=DIRECTION('',(0.E0,0.E0,-1.E0));
#10833=VECTOR('',#10832,1.5E-1);
#10834=CARTESIAN_POINT('',(2.227129966968E0,4.000841262198E0,7.27E0));
#10835=LINE('',#10834,#10833);
#10836=DIRECTION('',(0.E0,0.E0,-1.E0));
#10837=VECTOR('',#10836,1.5E-1);
#10838=CARTESIAN_POINT('',(2.180446632744E0,3.952582360378E0,7.27E0));
#10839=LINE('',#10838,#10837);
#10840=DIRECTION('',(0.E0,0.E0,-1.E0));
#10841=VECTOR('',#10840,1.5E-1);
#10842=CARTESIAN_POINT('',(2.124351784246E0,3.932575380382E0,7.27E0));
#10843=LINE('',#10842,#10841);
#10844=DIRECTION('',(9.921727917007E-1,-1.248725406517E-1,0.E0));
#10845=VECTOR('',#10844,6.602184346142E-2);
#10846=CARTESIAN_POINT('',(2.058846707505E0,3.940819695714E0,7.12E0));
#10847=LINE('',#10846,#10845);
#10848=DIRECTION('',(0.E0,0.E0,-1.E0));
#10849=VECTOR('',#10848,1.5E-1);
#10850=CARTESIAN_POINT('',(2.058846707505E0,3.940819695714E0,7.27E0));
#10851=LINE('',#10850,#10849);
#10852=DIRECTION('',(7.071067811864E-1,7.071067811867E-1,0.E0));
#10853=VECTOR('',#10852,7.501284060160E-1);
#10854=CARTESIAN_POINT('',(3.124566211677E0,2.162657159339E0,1.02E0));
#10855=LINE('',#10854,#10853);
#10856=CARTESIAN_POINT('',(0.E0,0.E0,1.02E0));
#10857=DIRECTION('',(0.E0,0.E0,-1.E0));
#10858=DIRECTION('',(8.050632366369E-1,5.931889960339E-1,0.E0));
#10859=AXIS2_PLACEMENT_3D('',#10856,#10857,#10858);
#10861=DIRECTION('',(-7.071067811864E-1,7.071067811867E-1,0.E0));
#10862=VECTOR('',#10861,7.501284060160E-1);
#10863=CARTESIAN_POINT('',(3.654987094332E0,-2.693078041994E0,1.02E0));
#10864=LINE('',#10863,#10862);
#10865=CARTESIAN_POINT('',(0.E0,0.E0,1.02E0));
#10866=DIRECTION('',(0.E0,0.E0,1.E0));
#10867=DIRECTION('',(8.222542662309E-1,-5.691203050894E-1,0.E0));
#10868=AXIS2_PLACEMENT_3D('',#10865,#10866,#10867);
#10870=CARTESIAN_POINT('',(0.E0,0.E0,1.02E0));
#10871=DIRECTION('',(0.E0,0.E0,1.E0));
#10872=DIRECTION('',(1.E0,0.E0,0.E0));
#10873=AXIS2_PLACEMENT_3D('',#10870,#10871,#10872);
#10875=CARTESIAN_POINT('',(3.654987094332E0,2.693078041993E0,1.020000000004E0));
#10876=CARTESIAN_POINT('',(3.659814362265E0,2.686526578678E0,
5.533332744402E-1));
#10877=CARTESIAN_POINT('',(3.664625981439E0,2.679959468039E0,
8.666660772412E-2));
#10878=CARTESIAN_POINT('',(3.669421912854E0,2.673376671079E0,
-3.799999999971E-1));
#10880=CARTESIAN_POINT('',(3.669421912854E0,-2.673376671079E0,
-3.799999999971E-1));
#10881=CARTESIAN_POINT('',(3.664625981439E0,-2.679959468039E0,
8.666660772412E-2));
#10882=CARTESIAN_POINT('',(3.659814362265E0,-2.686526578678E0,
5.533332744401E-1));
#10883=CARTESIAN_POINT('',(3.654987094332E0,-2.693078041993E0,
1.020000000004E0));
#10885=CARTESIAN_POINT('',(3.351777172303E0,-2.329441502217E0,
-1.458228128069E0));
#10886=CARTESIAN_POINT('',(3.387160889469E0,-2.367746369730E0,
-1.338425345370E0));
#10887=CARTESIAN_POINT('',(3.457858022850E0,-2.444285964141E0,
-1.098813204173E0));
#10888=CARTESIAN_POINT('',(3.563732687809E0,-2.558924213861E0,
-7.393993718452E-1));
#10889=CARTESIAN_POINT('',(3.634209980032E0,-2.635243691708E0,
-4.997985257007E-1));
#10890=CARTESIAN_POINT('',(3.669421912854E0,-2.673376671079E0,-3.8E-1));
#10892=CARTESIAN_POINT('',(0.E0,0.E0,-3.799999999999E-1));
#10893=DIRECTION('',(0.E0,0.E0,1.E0));
#10894=DIRECTION('',(8.082427120823E-1,-5.888494870218E-1,0.E0));
#10895=AXIS2_PLACEMENT_3D('',#10892,#10893,#10894);
#10897=CARTESIAN_POINT('',(3.669421912854E0,2.673376671079E0,-3.8E-1));
#10898=CARTESIAN_POINT('',(3.634209980031E0,2.635243691707E0,
-4.997985257034E-1));
#10899=CARTESIAN_POINT('',(3.563732687807E0,2.558924213859E0,
-7.393993718516E-1));
#10900=CARTESIAN_POINT('',(3.457858022848E0,2.444285964139E0,
-1.098813204180E0));
#10901=CARTESIAN_POINT('',(3.387160889468E0,2.367746369729E0,
-1.338425345372E0));
#10902=CARTESIAN_POINT('',(3.351777172303E0,2.329441502217E0,
-1.458228128069E0));
#10904=CARTESIAN_POINT('',(0.E0,0.E0,-1.458228128069E0));
#10905=DIRECTION('',(0.E0,0.E0,1.E0));
#10906=DIRECTION('',(8.211611861086E-1,-5.706963346901E-1,0.E0));
#10907=AXIS2_PLACEMENT_3D('',#10904,#10905,#10906);
#10909=DIRECTION('',(7.071067811860E-1,-7.071067811871E-1,1.101380147432E-13));
#10910=VECTOR('',#10909,4.354684872034E-1);
#10911=CARTESIAN_POINT('',(2.418982502971E0,-2.369123477994E0,4.22E0));
#10912=LINE('',#10911,#10910);
#10913=DIRECTION('',(-7.071067811870E-1,7.071067811861E-1,2.331094050483E-12));
#10914=VECTOR('',#10913,5.564702898639E-1);
#10915=CARTESIAN_POINT('',(3.110814566314E0,-2.212553494728E0,
3.630343290349E0));
#10916=LINE('',#10915,#10914);
#10917=DIRECTION('',(1.997670420140E-13,-1.E0,8.141449259438E-14));
#10918=VECTOR('',#10917,5.891043859078E-1);
#10919=CARTESIAN_POINT('',(2.418982502971E0,-2.369123477994E0,4.22E0));
#10920=LINE('',#10919,#10918);
#10921=CARTESIAN_POINT('',(0.E0,0.E0,4.22E0));
#10922=DIRECTION('',(0.E0,0.E0,1.E0));
#10923=DIRECTION('',(6.330205433456E-1,-7.741349957872E-1,0.E0));
#10924=AXIS2_PLACEMENT_3D('',#10921,#10922,#10923);
#10926=CARTESIAN_POINT('',(0.E0,0.E0,1.520740201626E-1));
#10927=DIRECTION('',(0.E0,0.E0,-1.E0));
#10928=DIRECTION('',(8.651293658751E-1,5.015487815762E-1,0.E0));
#10929=AXIS2_PLACEMENT_3D('',#10926,#10927,#10928);
#10931=CARTESIAN_POINT('',(0.E0,0.E0,1.520740201626E-1));
#10932=DIRECTION('',(0.E0,0.E0,-1.E0));
#10933=DIRECTION('',(1.E0,1.999670314819E-10,0.E0));
#10934=AXIS2_PLACEMENT_3D('',#10931,#10932,#10933);
#10936=CARTESIAN_POINT('',(2.828945906950E0,-1.639987365768E0,
1.517784221980E-1));
#10937=CARTESIAN_POINT('',(2.801139881490E0,-1.639987365768E0,
1.301178037220E-1));
#10938=CARTESIAN_POINT('',(2.745104333228E0,-1.640005896085E0,
8.698866555237E-2));
#10939=CARTESIAN_POINT('',(2.662643681338E0,-1.639998315051E0,
2.335782233751E-2));
#10940=CARTESIAN_POINT('',(2.605621804647E0,-1.640000000824E0,
-2.013925581600E-2));
#10941=CARTESIAN_POINT('',(2.576848554602E0,-1.640000000824E0,
-4.199573905548E-2));
#10943=CARTESIAN_POINT('',(2.576848554602E0,-1.640000000824E0,
-4.199573905548E-2));
#10944=CARTESIAN_POINT('',(2.547518072702E0,-1.639999995351E0,
-6.427550450289E-2));
#10945=CARTESIAN_POINT('',(2.506061128277E0,-1.618344310320E0,
-1.061970518938E-1));
#10946=CARTESIAN_POINT('',(2.482879226047E0,-1.533715634496E0,
-1.648227380268E-1));
#10947=CARTESIAN_POINT('',(2.500311322153E0,-1.469711863515E0,
-1.810754694852E-1));
#10948=CARTESIAN_POINT('',(2.520161745343E0,-1.434846609299E0,
-1.810754739609E-1));
#10950=CARTESIAN_POINT('',(2.576848554600E0,1.640000000824E0,
-4.199573905700E-2));
#10951=CARTESIAN_POINT('',(2.604393287923E0,1.640000000824E0,
-2.107245088949E-2));
#10952=CARTESIAN_POINT('',(2.659803440135E0,1.639998314434E0,
2.117958915030E-2));
#10953=CARTESIAN_POINT('',(2.743657307447E0,1.640005898245E0,
8.586890719385E-2));
#10954=CARTESIAN_POINT('',(2.800528206443E0,1.639987361138E0,
1.296413041523E-1));
#10955=CARTESIAN_POINT('',(2.828945900106E0,1.639987361138E0,
1.517784063689E-1));
#10957=CARTESIAN_POINT('',(2.732024994989E0,-1.640000000040E0,
-1.922675830274E-1));
#10958=CARTESIAN_POINT('',(2.700798731366E0,-1.640004244052E0,
-1.625157963183E-1));
#10959=CARTESIAN_POINT('',(2.649060723243E0,-1.639995732815E0,
-1.124524121485E-1));
#10960=CARTESIAN_POINT('',(2.597916123323E0,-1.640003216892E0,
-6.174639106055E-2));
#10961=CARTESIAN_POINT('',(2.576848554602E0,-1.640000000824E0,
-4.199573905548E-2));
#10963=CARTESIAN_POINT('',(0.E0,0.E0,-9.417712000828E-2));
#10964=DIRECTION('',(0.E0,0.E0,1.E0));
#10965=DIRECTION('',(8.673707334868E-1,-4.976625470041E-1,0.E0));
#10966=AXIS2_PLACEMENT_3D('',#10963,#10964,#10965);
#10968=CARTESIAN_POINT('',(0.E0,0.E0,-9.417712000828E-2));
#10969=DIRECTION('',(0.E0,0.E0,1.E0));
#10970=DIRECTION('',(1.E0,0.E0,0.E0));
#10971=AXIS2_PLACEMENT_3D('',#10968,#10969,#10970);
#10973=CARTESIAN_POINT('',(2.858338469475E0,1.64E0,-9.417712000818E-2));
#10974=CARTESIAN_POINT('',(2.844223438690E0,1.64E0,-1.052007348527E-1));
#10975=CARTESIAN_POINT('',(2.816047385675E0,1.640000000005E0,
-1.271655442853E-1));
#10976=CARTESIAN_POINT('',(2.773943291368E0,1.639999999981E0,
-1.598630527845E-1));
#10977=CARTESIAN_POINT('',(2.745980267300E0,1.640000000040E0,
-1.814942213816E-1));
#10978=CARTESIAN_POINT('',(2.732024994989E0,1.640000000040E0,
-1.922675830273E-1));
#10980=CARTESIAN_POINT('',(2.732024994989E0,1.640000000040E0,
-1.922675830273E-1));
#10981=CARTESIAN_POINT('',(2.703280166356E0,1.639999999469E0,
-2.144583673478E-1));
#10982=CARTESIAN_POINT('',(2.662171645863E0,1.618778347059E0,
-2.560043053622E-1));
#10983=CARTESIAN_POINT('',(2.637421370971E0,1.535723756993E0,
-3.136624145416E-1));
#10984=CARTESIAN_POINT('',(2.653070292825E0,1.472034027449E0,
-3.297044230656E-1));
#10985=CARTESIAN_POINT('',(2.671811437611E0,1.437193301951E0,
-3.297044381670E-1));
#10987=CARTESIAN_POINT('',(0.E0,0.E0,-3.297044413229E-1));
#10988=DIRECTION('',(0.E0,0.E0,-1.E0));
#10989=DIRECTION('',(8.806738904799E-1,4.737230188907E-1,0.E0));
#10990=AXIS2_PLACEMENT_3D('',#10987,#10988,#10989);
#10992=CARTESIAN_POINT('',(2.671811452738E0,-1.437193275438E0,
-3.297044390123E-1));
#10993=CARTESIAN_POINT('',(2.653140745685E0,-1.471903011941E0,
-3.297044417656E-1));
#10994=CARTESIAN_POINT('',(2.637092058750E0,-1.535098616399E0,
-3.142072472525E-1));
#10995=CARTESIAN_POINT('',(2.663266898641E0,-1.620515427737E0,
-2.543520745126E-1));
#10996=CARTESIAN_POINT('',(2.703938868551E0,-1.639999999482E0,
-2.139498543719E-1));
#10997=CARTESIAN_POINT('',(2.732024994989E0,-1.640000000040E0,
-1.922675830274E-1));
#10999=CARTESIAN_POINT('',(2.732024994989E0,-1.640000000040E0,
-1.922675830274E-1));
#11000=CARTESIAN_POINT('',(2.745980267311E0,-1.640000000040E0,
-1.814942213729E-1));
#11001=CARTESIAN_POINT('',(2.773943291374E0,-1.639999999981E0,
-1.598630527384E-1));
#11002=CARTESIAN_POINT('',(2.816047385682E0,-1.640000000005E0,
-1.271655442399E-1));
#11003=CARTESIAN_POINT('',(2.844223438701E0,-1.64E0,-1.052007348437E-1));
#11004=CARTESIAN_POINT('',(2.858338469475E0,-1.64E0,-9.417712000818E-2));
#11006=CARTESIAN_POINT('',(2.576848554600E0,1.640000000824E0,
-4.199573905700E-2));
#11007=CARTESIAN_POINT('',(2.597916123300E0,1.640003216892E0,
-6.174639104347E-2));
#11008=CARTESIAN_POINT('',(2.649060723314E0,1.639995732814E0,
-1.124524122131E-1));
#11009=CARTESIAN_POINT('',(2.700798731361E0,1.640004244052E0,
-1.625157963134E-1));
#11010=CARTESIAN_POINT('',(2.732024994989E0,1.640000000040E0,
-1.922675830273E-1));
#11012=CARTESIAN_POINT('',(2.576848554600E0,1.640000000824E0,
-4.199573905700E-2));
#11013=CARTESIAN_POINT('',(2.556010333022E0,1.639999996935E0,
-5.782468761266E-2));
#11014=CARTESIAN_POINT('',(2.522663795744E0,1.627687513568E0,
-8.903695068236E-2));
#11015=CARTESIAN_POINT('',(2.491061180774E0,1.581158400303E0,
-1.356996133158E-1));
#11016=CARTESIAN_POINT('',(2.488823717195E0,1.508056183746E0,
-1.722591405209E-1));
#11017=CARTESIAN_POINT('',(2.505843068823E0,1.459995939265E0,
-1.810754568787E-1));
#11018=CARTESIAN_POINT('',(2.520161764391E0,1.434846574200E0,
-1.810754730574E-1));
#11020=CARTESIAN_POINT('',(2.520161745343E0,-1.434846609299E0,
-1.810754739609E-1));
#11021=CARTESIAN_POINT('',(2.527489278296E0,-1.434964297839E0,
-1.882122896760E-1));
#11022=CARTESIAN_POINT('',(2.568503240230E0,-1.435619446784E0,
-2.281966926843E-1));
#11023=CARTESIAN_POINT('',(2.619055838646E0,-1.436402463629E0,
-2.777370639643E-1));
#11024=CARTESIAN_POINT('',(2.662202984606E0,-1.437050068041E0,
-3.202311789885E-1));
#11025=CARTESIAN_POINT('',(2.671811452738E0,-1.437193275438E0,
-3.297044390123E-1));
#11027=CARTESIAN_POINT('',(2.671811437611E0,1.437193301951E0,
-3.297044381670E-1));
#11028=CARTESIAN_POINT('',(2.662202979465E0,1.437050094664E0,
-3.202311881541E-1));
#11029=CARTESIAN_POINT('',(2.619055751186E0,1.436402655696E0,
-2.777370793029E-1));
#11030=CARTESIAN_POINT('',(2.568503029071E0,1.435619844012E0,
-2.281967065384E-1));
#11031=CARTESIAN_POINT('',(2.527489308122E0,1.434964262947E0,
-1.882122991315E-1));
#11032=CARTESIAN_POINT('',(2.520161764391E0,1.434846574200E0,
-1.810754730574E-1));
#11034=CARTESIAN_POINT('',(0.E0,0.E0,-1.810754762276E-1));
#11035=DIRECTION('',(0.E0,0.E0,-1.E0));
#11036=DIRECTION('',(8.690213296480E-1,4.947746240631E-1,0.E0));
#11037=AXIS2_PLACEMENT_3D('',#11034,#11035,#11036);
#11039=CARTESIAN_POINT('',(-3.27E0,0.E0,1.520740201626E-1));
#11040=CARTESIAN_POINT('',(-3.27E0,1.908922488858E-1,1.520740201626E-1));
#11041=CARTESIAN_POINT('',(-3.236329036201E0,5.728237953618E-1,
1.519942874468E-1));
#11042=CARTESIAN_POINT('',(-3.087737101693E0,1.127301345948E0,
1.523530846679E-1));
#11043=CARTESIAN_POINT('',(-2.923551426836E0,1.476057824576E0,
1.514760247941E-1));
#11044=CARTESIAN_POINT('',(-2.829755253729E0,1.638588124429E0,
1.518010959516E-1));
#11046=CARTESIAN_POINT('',(-2.829755253729E0,1.638588124429E0,
1.518010959516E-1));
#11047=CARTESIAN_POINT('',(-2.801949228269E0,1.638588124429E0,
1.301404774756E-1));
#11048=CARTESIAN_POINT('',(-2.744726638065E0,1.640658875376E0,
8.697808446734E-2));
#11049=CARTESIAN_POINT('',(-2.662751594242E0,1.639811749539E0,
2.336084550466E-2));
#11050=CARTESIAN_POINT('',(-2.605621804647E0,1.640000000824E0,
-2.013925581600E-2));
#11051=CARTESIAN_POINT('',(-2.576848554602E0,1.640000000824E0,
-4.199573905548E-2));
#11053=CARTESIAN_POINT('',(-2.576848554602E0,1.640000000824E0,
-4.199573905548E-2));
#11054=CARTESIAN_POINT('',(-2.547518072702E0,1.639999995351E0,
-6.427550450289E-2));
#11055=CARTESIAN_POINT('',(-2.506061128277E0,1.618344310320E0,
-1.061970518938E-1));
#11056=CARTESIAN_POINT('',(-2.482879226047E0,1.533715634496E0,
-1.648227380268E-1));
#11057=CARTESIAN_POINT('',(-2.500311322153E0,1.469711863515E0,
-1.810754694852E-1));
#11058=CARTESIAN_POINT('',(-2.520161745343E0,1.434846609299E0,
-1.810754739609E-1));
#11060=CARTESIAN_POINT('',(-2.576848554600E0,-1.640000000824E0,
-4.199573905700E-2));
#11061=CARTESIAN_POINT('',(-2.604393287923E0,-1.640000000824E0,
-2.107245088949E-2));
#11062=CARTESIAN_POINT('',(-2.659803440135E0,-1.639998314434E0,
2.117958915030E-2));
#11063=CARTESIAN_POINT('',(-2.743657307447E0,-1.640005898245E0,
8.586890719385E-2));
#11064=CARTESIAN_POINT('',(-2.800528206443E0,-1.639987361138E0,
1.296413041523E-1));
#11065=CARTESIAN_POINT('',(-2.828945900106E0,-1.639987361138E0,
1.517784063689E-1));
#11067=CARTESIAN_POINT('',(0.E0,0.E0,1.520740201626E-1));
#11068=DIRECTION('',(0.E0,0.E0,-1.E0));
#11069=DIRECTION('',(-8.651293658751E-1,-5.015487815762E-1,0.E0));
#11070=AXIS2_PLACEMENT_3D('',#11067,#11068,#11069);
#11072=CARTESIAN_POINT('',(-2.732024994989E0,1.640000000040E0,
-1.922675830274E-1));
#11073=CARTESIAN_POINT('',(-2.700798731366E0,1.640004244052E0,
-1.625157963183E-1));
#11074=CARTESIAN_POINT('',(-2.649060723243E0,1.639995732815E0,
-1.124524121485E-1));
#11075=CARTESIAN_POINT('',(-2.597916123323E0,1.640003216892E0,
-6.174639106055E-2));
#11076=CARTESIAN_POINT('',(-2.576848554602E0,1.640000000824E0,
-4.199573905548E-2));
#11078=CARTESIAN_POINT('',(0.E0,0.E0,-9.417712000828E-2));
#11079=DIRECTION('',(0.E0,0.E0,1.E0));
#11080=DIRECTION('',(-8.673707334868E-1,4.976625470041E-1,0.E0));
#11081=AXIS2_PLACEMENT_3D('',#11078,#11079,#11080);
#11083=CARTESIAN_POINT('',(0.E0,0.E0,-9.417712000828E-2));
#11084=DIRECTION('',(0.E0,0.E0,1.E0));
#11085=DIRECTION('',(-1.E0,0.E0,0.E0));
#11086=AXIS2_PLACEMENT_3D('',#11083,#11084,#11085);
#11088=CARTESIAN_POINT('',(-2.858338469475E0,-1.64E0,-9.417712000818E-2));
#11089=CARTESIAN_POINT('',(-2.844223438690E0,-1.64E0,-1.052007348527E-1));
#11090=CARTESIAN_POINT('',(-2.816047385675E0,-1.640000000005E0,
-1.271655442853E-1));
#11091=CARTESIAN_POINT('',(-2.773943291368E0,-1.639999999981E0,
-1.598630527845E-1));
#11092=CARTESIAN_POINT('',(-2.745980267300E0,-1.640000000040E0,
-1.814942213816E-1));
#11093=CARTESIAN_POINT('',(-2.732024994989E0,-1.640000000040E0,
-1.922675830273E-1));
#11095=CARTESIAN_POINT('',(-2.732024994989E0,-1.640000000040E0,
-1.922675830273E-1));
#11096=CARTESIAN_POINT('',(-2.703280166356E0,-1.639999999469E0,
-2.144583673478E-1));
#11097=CARTESIAN_POINT('',(-2.662171645863E0,-1.618778347059E0,
-2.560043053622E-1));
#11098=CARTESIAN_POINT('',(-2.637421370972E0,-1.535723756992E0,
-3.136624145416E-1));
#11099=CARTESIAN_POINT('',(-2.653070292824E0,-1.472034027450E0,
-3.297044230656E-1));
#11100=CARTESIAN_POINT('',(-2.671811437611E0,-1.437193301953E0,
-3.297044381670E-1));
#11102=CARTESIAN_POINT('',(0.E0,0.E0,-3.297044413229E-1));
#11103=DIRECTION('',(0.E0,0.E0,-1.E0));
#11104=DIRECTION('',(-8.806738904799E-1,-4.737230188907E-1,0.E0));
#11105=AXIS2_PLACEMENT_3D('',#11102,#11103,#11104);
#11107=CARTESIAN_POINT('',(-2.671811452738E0,1.437193275438E0,
-3.297044390123E-1));
#11108=CARTESIAN_POINT('',(-2.653140745685E0,1.471903011941E0,
-3.297044417656E-1));
#11109=CARTESIAN_POINT('',(-2.637092058750E0,1.535098616399E0,
-3.142072472525E-1));
#11110=CARTESIAN_POINT('',(-2.663266898641E0,1.620515427737E0,
-2.543520745126E-1));
#11111=CARTESIAN_POINT('',(-2.703938868551E0,1.639999999482E0,
-2.139498543719E-1));
#11112=CARTESIAN_POINT('',(-2.732024994989E0,1.640000000040E0,
-1.922675830274E-1));
#11114=CARTESIAN_POINT('',(-2.732024994989E0,1.640000000040E0,
-1.922675830274E-1));
#11115=CARTESIAN_POINT('',(-2.745980267311E0,1.640000000040E0,
-1.814942213729E-1));
#11116=CARTESIAN_POINT('',(-2.773943291374E0,1.639999999981E0,
-1.598630527384E-1));
#11117=CARTESIAN_POINT('',(-2.816047385682E0,1.640000000005E0,
-1.271655442399E-1));
#11118=CARTESIAN_POINT('',(-2.844223438701E0,1.64E0,-1.052007348437E-1));
#11119=CARTESIAN_POINT('',(-2.858338469475E0,1.64E0,-9.417712000818E-2));
#11121=CARTESIAN_POINT('',(-2.576848554600E0,-1.640000000824E0,
-4.199573905700E-2));
#11122=CARTESIAN_POINT('',(-2.597916123300E0,-1.640003216892E0,
-6.174639104347E-2));
#11123=CARTESIAN_POINT('',(-2.649060723314E0,-1.639995732814E0,
-1.124524122131E-1));
#11124=CARTESIAN_POINT('',(-2.700798731361E0,-1.640004244052E0,
-1.625157963134E-1));
#11125=CARTESIAN_POINT('',(-2.732024994989E0,-1.640000000040E0,
-1.922675830273E-1));
#11127=CARTESIAN_POINT('',(-2.576848554600E0,-1.640000000824E0,
-4.199573905700E-2));
#11128=CARTESIAN_POINT('',(-2.556010333022E0,-1.639999996935E0,
-5.782468761266E-2));
#11129=CARTESIAN_POINT('',(-2.522663795744E0,-1.627687513568E0,
-8.903695068236E-2));
#11130=CARTESIAN_POINT('',(-2.491061180774E0,-1.581158400303E0,
-1.356996133158E-1));
#11131=CARTESIAN_POINT('',(-2.488823717195E0,-1.508056183747E0,
-1.722591405209E-1));
#11132=CARTESIAN_POINT('',(-2.505843068824E0,-1.459995939263E0,
-1.810754568787E-1));
#11133=CARTESIAN_POINT('',(-2.520161764392E0,-1.434846574199E0,
-1.810754730574E-1));
#11135=CARTESIAN_POINT('',(-2.520161745343E0,1.434846609299E0,
-1.810754739609E-1));
#11136=CARTESIAN_POINT('',(-2.527489278296E0,1.434964297839E0,
-1.882122896760E-1));
#11137=CARTESIAN_POINT('',(-2.568503240230E0,1.435619446784E0,
-2.281966926843E-1));
#11138=CARTESIAN_POINT('',(-2.619055838646E0,1.436402463629E0,
-2.777370639643E-1));
#11139=CARTESIAN_POINT('',(-2.662202984606E0,1.437050068041E0,
-3.202311789885E-1));
#11140=CARTESIAN_POINT('',(-2.671811452738E0,1.437193275438E0,
-3.297044390123E-1));
#11142=CARTESIAN_POINT('',(-2.671811437611E0,-1.437193301953E0,
-3.297044381670E-1));
#11143=CARTESIAN_POINT('',(-2.662202979464E0,-1.437050094665E0,
-3.202311881541E-1));
#11144=CARTESIAN_POINT('',(-2.619055751188E0,-1.436402655693E0,
-2.777370793029E-1));
#11145=CARTESIAN_POINT('',(-2.568503029069E0,-1.435619844015E0,
-2.281967065384E-1));
#11146=CARTESIAN_POINT('',(-2.527489308122E0,-1.434964262946E0,
-1.882122991315E-1));
#11147=CARTESIAN_POINT('',(-2.520161764392E0,-1.434846574199E0,
-1.810754730574E-1));
#11149=CARTESIAN_POINT('',(0.E0,0.E0,-1.810754762276E-1));
#11150=DIRECTION('',(0.E0,0.E0,-1.E0));
#11151=DIRECTION('',(-8.690213296489E-1,-4.947746240616E-1,0.E0));
#11152=AXIS2_PLACEMENT_3D('',#11149,#11150,#11151);
#11154=DIRECTION('',(7.071067811870E-1,7.071067811861E-1,-3.001453174894E-12));
#11155=VECTOR('',#11154,5.564702898639E-1);
#11156=CARTESIAN_POINT('',(2.717330650822E0,1.819069579237E0,3.630343290351E0));
#11157=LINE('',#11156,#11155);
#11158=DIRECTION('',(-7.071067811861E-1,-7.071067811870E-1,
-1.101380147432E-13));
#11159=VECTOR('',#11158,4.354684872033E-1);
#11160=CARTESIAN_POINT('',(2.726905223265E0,2.677046198289E0,4.22E0));
#11161=LINE('',#11160,#11159);
#11162=CARTESIAN_POINT('',(2.418982502971E0,2.369123477994E0,4.22E0));
#11163=CARTESIAN_POINT('',(2.413592219838E0,2.356110183350E0,4.22E0));
#11164=CARTESIAN_POINT('',(2.402821771456E0,2.330107993223E0,4.219854745251E0));
#11165=CARTESIAN_POINT('',(2.386698106020E0,2.291182056182E0,4.219203169050E0));
#11166=CARTESIAN_POINT('',(2.375971499994E0,2.265285731276E0,4.218480528558E0));
#11167=CARTESIAN_POINT('',(2.370614103319E0,2.252351831563E0,4.218047237194E0));
#11169=DIRECTION('',(-2.005208799084E-13,-1.E0,-8.141449259440E-14));
#11170=VECTOR('',#11169,5.891043859076E-1);
#11171=CARTESIAN_POINT('',(2.418982502971E0,2.958227863902E0,4.22E0));
#11172=LINE('',#11171,#11170);
#11173=CARTESIAN_POINT('',(0.E0,0.E0,4.22E0));
#11174=DIRECTION('',(0.E0,0.E0,1.E0));
#11175=DIRECTION('',(7.136004596822E-1,7.005529130204E-1,0.E0));
#11176=AXIS2_PLACEMENT_3D('',#11173,#11174,#11175);
#11178=DIRECTION('',(-2.259464880570E-14,1.E0,3.198011830960E-14));
#11179=VECTOR('',#11178,6.387751119410E-1);
#11180=CARTESIAN_POINT('',(1.819046490366E0,2.717346107121E0,3.628762464266E0));
#11181=LINE('',#11180,#11179);
#11182=DIRECTION('',(1.391508702961E-8,-9.999999999998E-1,7.045632692046E-7));
#11183=VECTOR('',#11182,6.143226498170E-1);
#11184=CARTESIAN_POINT('',(1.780711397443E0,3.356943092077E0,1.020000090068E0));
#11185=LINE('',#11184,#11183);
#11186=DIRECTION('',(-7.071067749450E-1,7.071067874279E-1,-4.064352559261E-7));
#11187=VECTOR('',#11186,1.290281281849E0);
#11188=CARTESIAN_POINT('',(-1.780711406014E0,2.742620442245E0,
1.020000524416E0));
#11189=LINE('',#11188,#11187);
#11190=CARTESIAN_POINT('',(0.E0,0.E0,1.02E0));
#11191=DIRECTION('',(0.E0,0.E0,-1.E0));
#11192=DIRECTION('',(-5.931889960338E-1,8.050632366370E-1,0.E0));
#11193=AXIS2_PLACEMENT_3D('',#11190,#11191,#11192);
#11195=CARTESIAN_POINT('',(0.E0,0.E0,1.02E0));
#11196=DIRECTION('',(0.E0,0.E0,-1.E0));
#11197=DIRECTION('',(0.E0,1.E0,0.E0));
#11198=AXIS2_PLACEMENT_3D('',#11195,#11196,#11197);
#11200=DIRECTION('',(-7.071067749594E-1,-7.071067874136E-1,4.052586153212E-7));
#11201=VECTOR('',#11200,1.290281281855E0);
#11202=CARTESIAN_POINT('',(2.693078041994E0,3.654987094332E0,1.02E0));
#11203=LINE('',#11202,#11201);
#11204=CARTESIAN_POINT('',(0.E0,0.E0,1.02E0));
#11205=DIRECTION('',(0.E0,0.E0,1.E0));
#11206=DIRECTION('',(4.686082621344E-1,8.834060768748E-1,0.E0));
#11207=AXIS2_PLACEMENT_3D('',#11204,#11205,#11206);
#11209=DIRECTION('',(-1.395143550782E-8,-9.999999999998E-1,7.070378023585E-7));
#11210=VECTOR('',#11209,6.143226498312E-1);
#11211=CARTESIAN_POINT('',(-1.780711397443E0,3.356943092077E0,
1.020000090066E0));
#11212=LINE('',#11211,#11210);
#11213=CARTESIAN_POINT('',(-2.195316071125E0,3.220620903846E0,-1.58E0));
#11214=CARTESIAN_POINT('',(-2.215273878252E0,3.240578710973E0,-1.58E0));
#11215=CARTESIAN_POINT('',(-2.251927984065E0,3.276972522922E0,
-1.569324777706E0));
#11216=CARTESIAN_POINT('',(-2.299804446691E0,3.323782031989E0,
-1.525566672109E0));
#11217=CARTESIAN_POINT('',(-2.321390282141E0,3.344339942716E0,
-1.483409224672E0));
#11218=CARTESIAN_POINT('',(-2.329441502217E0,3.351777172303E0,
-1.458228128069E0));
#11220=CARTESIAN_POINT('',(-1.767823225770E0,2.750945481544E0,1.5E-1));
#11221=CARTESIAN_POINT('',(-1.802682111324E0,2.799865216949E0,
-4.266662921467E-1));
#11222=CARTESIAN_POINT('',(-1.837538277462E0,2.848782242550E0,
-1.003332978566E0));
#11223=CARTESIAN_POINT('',(-1.872392132490E0,2.897696965210E0,-1.58E0));
#11225=DIRECTION('',(7.071067811862E-1,-7.071067811869E-1,0.E0));
#11226=VECTOR('',#11225,4.566834136327E-1);
#11227=CARTESIAN_POINT('',(-2.195316071125E0,3.220620903846E0,-1.58E0));
#11228=LINE('',#11227,#11226);
#11229=CARTESIAN_POINT('',(0.E0,0.E0,-1.58E0));
#11230=DIRECTION('',(0.E0,0.E0,-1.E0));
#11231=DIRECTION('',(-5.427223572434E-1,8.399121638292E-1,0.E0));
#11232=AXIS2_PLACEMENT_3D('',#11229,#11230,#11231);
#11234=DIRECTION('',(7.071067811862E-1,7.071067811869E-1,0.E0));
#11235=VECTOR('',#11234,4.567031562482E-1);
#11236=CARTESIAN_POINT('',(1.872392132490E0,2.897696965210E0,-1.58E0));
#11237=LINE('',#11236,#11235);
#11238=CARTESIAN_POINT('',(0.E0,0.E0,-1.58E0));
#11239=DIRECTION('',(0.E0,0.E0,1.E0));
#11240=DIRECTION('',(5.632392003404E-1,8.262938963831E-1,0.E0));
#11241=AXIS2_PLACEMENT_3D('',#11238,#11239,#11240);
#11243=CARTESIAN_POINT('',(0.E0,0.E0,1.502186569271E-1));
#11244=DIRECTION('',(0.E0,0.E0,-1.E0));
#11245=DIRECTION('',(-5.406187234771E-1,8.412677313591E-1,0.E0));
#11246=AXIS2_PLACEMENT_3D('',#11243,#11244,#11245);
#11248=CARTESIAN_POINT('',(-1.639987361138E0,2.828945900106E0,
1.517784063689E-1));
#11249=CARTESIAN_POINT('',(-1.639987361138E0,2.832230788943E0,
1.244649794408E-1));
#11250=CARTESIAN_POINT('',(-1.640005898135E0,2.838625342635E0,
6.957224001890E-2));
#11251=CARTESIAN_POINT('',(-1.639998314818E0,2.848528477034E0,
-1.224177871975E-2));
#11252=CARTESIAN_POINT('',(-1.64E0,2.855063402437E0,-6.687486263661E-2));
#11253=CARTESIAN_POINT('',(-1.64E0,2.858338469475E0,-9.417712000818E-2));
#11255=CARTESIAN_POINT('',(1.64E0,2.858338469475E0,-9.417712000818E-2));
#11256=CARTESIAN_POINT('',(1.64E0,2.855063402157E0,-6.687486030603E-2));
#11257=CARTESIAN_POINT('',(1.639998315436E0,2.848528481565E0,
-1.224177195106E-2));
#11258=CARTESIAN_POINT('',(1.640005895975E0,2.838625353197E0,
6.957225881966E-2));
#11259=CARTESIAN_POINT('',(1.639987365768E0,2.832230796065E0,
1.244649928099E-1));
#11260=CARTESIAN_POINT('',(1.639987365768E0,2.828945906950E0,
1.517784221980E-1));
#11262=CARTESIAN_POINT('',(0.E0,0.E0,1.502187891369E-1));
#11263=DIRECTION('',(0.E0,0.E0,-1.E0));
#11264=DIRECTION('',(5.015487775696E-1,8.651293681979E-1,0.E0));
#11265=AXIS2_PLACEMENT_3D('',#11262,#11263,#11264);
#11267=CARTESIAN_POINT('',(1.872392132490E0,2.897696965210E0,-1.58E0));
#11268=CARTESIAN_POINT('',(1.837538277462E0,2.848782242550E0,
-1.003332978566E0));
#11269=CARTESIAN_POINT('',(1.802682111324E0,2.799865216949E0,
-4.266662921467E-1));
#11270=CARTESIAN_POINT('',(1.767823225770E0,2.750945481544E0,1.5E-1));
#11272=CARTESIAN_POINT('',(2.329441502217E0,3.351777172303E0,
-1.458228128069E0));
#11273=CARTESIAN_POINT('',(2.321359563453E0,3.344311566652E0,
-1.483505300825E0));
#11274=CARTESIAN_POINT('',(2.299644056568E0,3.323625698192E0,
-1.525733030945E0));
#11275=CARTESIAN_POINT('',(2.252092435589E0,3.277133588881E0,
-1.569185928316E0));
#11276=CARTESIAN_POINT('',(2.215360929429E0,3.240665762150E0,-1.58E0));
#11277=CARTESIAN_POINT('',(2.195330031262E0,3.220634863983E0,-1.58E0));
#11279=CARTESIAN_POINT('',(-2.693078041993E0,3.654987094332E0,
1.020000000004E0));
#11280=CARTESIAN_POINT('',(-2.686526578678E0,3.659814362265E0,
5.533332744401E-1));
#11281=CARTESIAN_POINT('',(-2.679959468039E0,3.664625981439E0,
8.666660772408E-2));
#11282=CARTESIAN_POINT('',(-2.673376671079E0,3.669421912854E0,
-3.799999999971E-1));
#11284=CARTESIAN_POINT('',(2.673376671079E0,3.669421912854E0,
-3.799999999979E-1));
#11285=CARTESIAN_POINT('',(2.679959468040E0,3.664625981439E0,
8.666660772341E-2));
#11286=CARTESIAN_POINT('',(2.686526578679E0,3.659814362265E0,
5.533332744394E-1));
#11287=CARTESIAN_POINT('',(2.693078041994E0,3.654987094332E0,1.020000000004E0));
#11289=CARTESIAN_POINT('',(2.329441502217E0,3.351777172303E0,
-1.458228128069E0));
#11290=CARTESIAN_POINT('',(2.367746369730E0,3.387160889469E0,
-1.338425345370E0));
#11291=CARTESIAN_POINT('',(2.444285964141E0,3.457858022850E0,
-1.098813204173E0));
#11292=CARTESIAN_POINT('',(2.558924213862E0,3.563732687808E0,
-7.393993718450E-1));
#11293=CARTESIAN_POINT('',(2.635243691708E0,3.634209980032E0,
-4.997985257006E-1));
#11294=CARTESIAN_POINT('',(2.673376671079E0,3.669421912854E0,-3.8E-1));
#11296=CARTESIAN_POINT('',(0.E0,0.E0,-3.799999999999E-1));
#11297=DIRECTION('',(0.E0,0.E0,1.E0));
#11298=DIRECTION('',(5.888494870218E-1,8.082427120823E-1,0.E0));
#11299=AXIS2_PLACEMENT_3D('',#11296,#11297,#11298);
#11301=CARTESIAN_POINT('',(0.E0,0.E0,-3.799999999999E-1));
#11302=DIRECTION('',(0.E0,0.E0,1.E0));
#11303=DIRECTION('',(0.E0,1.E0,0.E0));
#11304=AXIS2_PLACEMENT_3D('',#11301,#11302,#11303);
#11306=CARTESIAN_POINT('',(-2.673376671079E0,3.669421912854E0,-3.8E-1));
#11307=CARTESIAN_POINT('',(-2.635243691707E0,3.634209980031E0,
-4.997985257035E-1));
#11308=CARTESIAN_POINT('',(-2.558924213859E0,3.563732687807E0,
-7.393993718519E-1));
#11309=CARTESIAN_POINT('',(-2.444285964139E0,3.457858022848E0,
-1.098813204180E0));
#11310=CARTESIAN_POINT('',(-2.367746369729E0,3.387160889468E0,
-1.338425345373E0));
#11311=CARTESIAN_POINT('',(-2.329441502217E0,3.351777172303E0,
-1.458228128069E0));
#11313=CARTESIAN_POINT('',(0.E0,0.E0,-1.458228128069E0));
#11314=DIRECTION('',(0.E0,0.E0,1.E0));
#11315=DIRECTION('',(5.706963346901E-1,8.211611861086E-1,0.E0));
#11316=AXIS2_PLACEMENT_3D('',#11313,#11314,#11315);
#11318=CARTESIAN_POINT('',(0.E0,0.E0,-1.458228128069E0));
#11319=DIRECTION('',(0.E0,0.E0,1.E0));
#11320=DIRECTION('',(0.E0,1.E0,0.E0));
#11321=AXIS2_PLACEMENT_3D('',#11318,#11319,#11320);
#11323=CARTESIAN_POINT('',(-1.640000000824E0,2.576848554600E0,
-4.199573905700E-2));
#11324=CARTESIAN_POINT('',(-1.640003216892E0,2.597916123300E0,
-6.174639104347E-2));
#11325=CARTESIAN_POINT('',(-1.639995732814E0,2.649060723314E0,
-1.124524122131E-1));
#11326=CARTESIAN_POINT('',(-1.640004244052E0,2.700798731361E0,
-1.625157963134E-1));
#11327=CARTESIAN_POINT('',(-1.640000000040E0,2.732024994989E0,
-1.922675830273E-1));
#11329=CARTESIAN_POINT('',(0.E0,0.E0,1.520740201626E-1));
#11330=DIRECTION('',(0.E0,0.E0,-1.E0));
#11331=DIRECTION('',(-5.015487815762E-1,8.651293658751E-1,0.E0));
#11332=AXIS2_PLACEMENT_3D('',#11329,#11330,#11331);
#11334=CARTESIAN_POINT('',(1.639987365768E0,2.828945906950E0,
1.517784221980E-1));
#11335=CARTESIAN_POINT('',(1.639987365768E0,2.801139881490E0,
1.301178037220E-1));
#11336=CARTESIAN_POINT('',(1.640005896085E0,2.745104333228E0,
8.698866555237E-2));
#11337=CARTESIAN_POINT('',(1.639998315051E0,2.662643681338E0,
2.335782233751E-2));
#11338=CARTESIAN_POINT('',(1.640000000824E0,2.605621804647E0,
-2.013925581600E-2));
#11339=CARTESIAN_POINT('',(1.640000000824E0,2.576848554602E0,
-4.199573905548E-2));
#11341=CARTESIAN_POINT('',(1.640000000824E0,2.576848554602E0,
-4.199573905548E-2));
#11342=CARTESIAN_POINT('',(1.639999995351E0,2.547518072702E0,
-6.427550450291E-2));
#11343=CARTESIAN_POINT('',(1.618344310320E0,2.506061128277E0,
-1.061970518939E-1));
#11344=CARTESIAN_POINT('',(1.533715634496E0,2.482879226047E0,
-1.648227380269E-1));
#11345=CARTESIAN_POINT('',(1.469711863515E0,2.500311322153E0,
-1.810754694853E-1));
#11346=CARTESIAN_POINT('',(1.434846609299E0,2.520161745343E0,
-1.810754739609E-1));
#11348=CARTESIAN_POINT('',(-1.640000000824E0,2.576848554600E0,
-4.199573905700E-2));
#11349=CARTESIAN_POINT('',(-1.640000000824E0,2.604393287924E0,
-2.107245088880E-2));
#11350=CARTESIAN_POINT('',(-1.639998314434E0,2.659803440137E0,
2.117958915186E-2));
#11351=CARTESIAN_POINT('',(-1.640005898245E0,2.743657307449E0,
8.586890719510E-2));
#11352=CARTESIAN_POINT('',(-1.639987361138E0,2.800528206444E0,
1.296413041529E-1));
#11353=CARTESIAN_POINT('',(-1.639987361138E0,2.828945900106E0,
1.517784063689E-1));
#11355=CARTESIAN_POINT('',(1.640000000040E0,2.732024994989E0,
-1.922675830274E-1));
#11356=CARTESIAN_POINT('',(1.640004244052E0,2.700798731366E0,
-1.625157963183E-1));
#11357=CARTESIAN_POINT('',(1.639995732815E0,2.649060723243E0,
-1.124524121485E-1));
#11358=CARTESIAN_POINT('',(1.640003216892E0,2.597916123323E0,
-6.174639106055E-2));
#11359=CARTESIAN_POINT('',(1.640000000824E0,2.576848554602E0,
-4.199573905548E-2));
#11361=CARTESIAN_POINT('',(0.E0,0.E0,-9.417712000828E-2));
#11362=DIRECTION('',(0.E0,0.E0,1.E0));
#11363=DIRECTION('',(4.976625470041E-1,8.673707334868E-1,0.E0));
#11364=AXIS2_PLACEMENT_3D('',#11361,#11362,#11363);
#11366=CARTESIAN_POINT('',(-1.64E0,2.858338469475E0,-9.417712000818E-2));
#11367=CARTESIAN_POINT('',(-1.64E0,2.844223438690E0,-1.052007348527E-1));
#11368=CARTESIAN_POINT('',(-1.640000000005E0,2.816047385675E0,
-1.271655442853E-1));
#11369=CARTESIAN_POINT('',(-1.639999999981E0,2.773943291368E0,
-1.598630527845E-1));
#11370=CARTESIAN_POINT('',(-1.640000000040E0,2.745980267300E0,
-1.814942213816E-1));
#11371=CARTESIAN_POINT('',(-1.640000000040E0,2.732024994989E0,
-1.922675830273E-1));
#11373=CARTESIAN_POINT('',(-1.640000000040E0,2.732024994989E0,
-1.922675830273E-1));
#11374=CARTESIAN_POINT('',(-1.639999999469E0,2.703280166356E0,
-2.144583673478E-1));
#11375=CARTESIAN_POINT('',(-1.618778347059E0,2.662171645863E0,
-2.560043053622E-1));
#11376=CARTESIAN_POINT('',(-1.535723756992E0,2.637421370971E0,
-3.136624145416E-1));
#11377=CARTESIAN_POINT('',(-1.472034027449E0,2.653070292825E0,
-3.297044230656E-1));
#11378=CARTESIAN_POINT('',(-1.437193301951E0,2.671811437611E0,
-3.297044381670E-1));
#11380=CARTESIAN_POINT('',(0.E0,0.E0,-3.297044413229E-1));
#11381=DIRECTION('',(0.E0,0.E0,-1.E0));
#11382=DIRECTION('',(-4.737230188907E-1,8.806738904799E-1,0.E0));
#11383=AXIS2_PLACEMENT_3D('',#11380,#11381,#11382);
#11385=CARTESIAN_POINT('',(1.437193275438E0,2.671811452738E0,
-3.297044390123E-1));
#11386=CARTESIAN_POINT('',(1.471903011941E0,2.653140745685E0,
-3.297044417656E-1));
#11387=CARTESIAN_POINT('',(1.535098616399E0,2.637092058750E0,
-3.142072472525E-1));
#11388=CARTESIAN_POINT('',(1.620515427737E0,2.663266898641E0,
-2.543520745126E-1));
#11389=CARTESIAN_POINT('',(1.639999999482E0,2.703938868551E0,
-2.139498543719E-1));
#11390=CARTESIAN_POINT('',(1.640000000040E0,2.732024994989E0,
-1.922675830274E-1));
#11392=CARTESIAN_POINT('',(1.640000000040E0,2.732024994989E0,
-1.922675830274E-1));
#11393=CARTESIAN_POINT('',(1.640000000040E0,2.745980267311E0,
-1.814942213729E-1));
#11394=CARTESIAN_POINT('',(1.639999999981E0,2.773943291374E0,
-1.598630527384E-1));
#11395=CARTESIAN_POINT('',(1.640000000005E0,2.816047385682E0,
-1.271655442399E-1));
#11396=CARTESIAN_POINT('',(1.64E0,2.844223438701E0,-1.052007348437E-1));
#11397=CARTESIAN_POINT('',(1.64E0,2.858338469475E0,-9.417712000818E-2));
#11399=CARTESIAN_POINT('',(-1.640000000824E0,2.576848554600E0,
-4.199573905700E-2));
#11400=CARTESIAN_POINT('',(-1.639999996935E0,2.556010333022E0,
-5.782468761266E-2));
#11401=CARTESIAN_POINT('',(-1.627687513568E0,2.522663795744E0,
-8.903695068235E-2));
#11402=CARTESIAN_POINT('',(-1.581158400303E0,2.491061180774E0,
-1.356996133158E-1));
#11403=CARTESIAN_POINT('',(-1.508056183746E0,2.488823717195E0,
-1.722591405209E-1));
#11404=CARTESIAN_POINT('',(-1.459995939265E0,2.505843068823E0,
-1.810754568787E-1));
#11405=CARTESIAN_POINT('',(-1.434846574200E0,2.520161764391E0,
-1.810754730574E-1));
#11407=CARTESIAN_POINT('',(1.434846609299E0,2.520161745343E0,
-1.810754739609E-1));
#11408=CARTESIAN_POINT('',(1.434964297839E0,2.527489278296E0,
-1.882122896760E-1));
#11409=CARTESIAN_POINT('',(1.435619446784E0,2.568503240230E0,
-2.281966926843E-1));
#11410=CARTESIAN_POINT('',(1.436402463629E0,2.619055838646E0,
-2.777370639644E-1));
#11411=CARTESIAN_POINT('',(1.437050068041E0,2.662202984606E0,
-3.202311789886E-1));
#11412=CARTESIAN_POINT('',(1.437193275438E0,2.671811452738E0,
-3.297044390123E-1));
#11414=CARTESIAN_POINT('',(-1.437193301951E0,2.671811437611E0,
-3.297044381670E-1));
#11415=CARTESIAN_POINT('',(-1.437050094664E0,2.662202979464E0,
-3.202311881541E-1));
#11416=CARTESIAN_POINT('',(-1.436402655696E0,2.619055751186E0,
-2.777370793029E-1));
#11417=CARTESIAN_POINT('',(-1.435619844012E0,2.568503029071E0,
-2.281967065384E-1));
#11418=CARTESIAN_POINT('',(-1.434964262947E0,2.527489308121E0,
-1.882122991315E-1));
#11419=CARTESIAN_POINT('',(-1.434846574200E0,2.520161764391E0,
-1.810754730574E-1));
#11421=CARTESIAN_POINT('',(0.E0,0.E0,-1.810754762276E-1));
#11422=DIRECTION('',(0.E0,0.E0,-1.E0));
#11423=DIRECTION('',(-4.947746240631E-1,8.690213296480E-1,0.E0));
#11424=AXIS2_PLACEMENT_3D('',#11421,#11422,#11423);
#11426=DIRECTION('',(-2.085659889757E-14,-1.E0,-3.198011830960E-14));
#11427=VECTOR('',#11426,6.387751119410E-1);
#11428=CARTESIAN_POINT('',(-1.819046490366E0,3.356121219062E0,
3.628762464266E0));
#11429=LINE('',#11428,#11427);
#11430=DIRECTION('',(1.379523346738E-13,-1.E0,-8.141449259436E-14));
#11431=VECTOR('',#11430,5.891043859079E-1);
#11432=CARTESIAN_POINT('',(-2.418982502971E0,2.958227863902E0,4.22E0));
#11433=LINE('',#11432,#11431);
#11434=CARTESIAN_POINT('',(-2.418982502971E0,2.369123477994E0,4.22E0));
#11435=CARTESIAN_POINT('',(-2.413592219833E0,2.356110183338E0,4.22E0));
#11436=CARTESIAN_POINT('',(-2.402821751951E0,2.330108001268E0,
4.219854745250E0));
#11437=CARTESIAN_POINT('',(-2.386698111078E0,2.291182054054E0,
4.219203169049E0));
#11438=CARTESIAN_POINT('',(-2.375971499989E0,2.265285731263E0,
4.218480528558E0));
#11439=CARTESIAN_POINT('',(-2.370614103319E0,2.252351831563E0,
4.218047237194E0));
#11441=VERTEX_POINT('',#8616);
#11442=VERTEX_POINT('',#8619);
#11443=CARTESIAN_POINT('',(-3.45E0,0.E0,-1.58E0));
#11444=VERTEX_POINT('',#11443);
#11445=CARTESIAN_POINT('',(-2.897696965211E0,-1.872392132490E0,-1.58E0));
#11446=VERTEX_POINT('',#11445);
#11447=VERTEX_POINT('',#8658);
#11448=CARTESIAN_POINT('',(-2.828973026412E0,-1.640064515754E0,
1.502203431357E-1));
#11449=VERTEX_POINT('',#11448);
#11450=VERTEX_POINT('',#8600);
#11451=CARTESIAN_POINT('',(-3.295405711908E0,0.E0,-9.417712000828E-2));
#11452=VERTEX_POINT('',#11451);
#11453=CARTESIAN_POINT('',(-2.858338469474E0,1.64E0,-9.417712000828E-2));
#11454=VERTEX_POINT('',#11453);
#11455=VERTEX_POINT('',#8607);
#11456=VERTEX_POINT('',#11267);
#11457=VERTEX_POINT('',#11270);
#11458=CARTESIAN_POINT('',(-1.872392132490E0,2.897696965211E0,-1.58E0));
#11459=VERTEX_POINT('',#11458);
#11460=VERTEX_POINT('',#11220);
#11461=CARTESIAN_POINT('',(-1.640053105303E0,2.828953344345E0,
1.502186569271E-1));
#11462=VERTEX_POINT('',#11461);
#11463=VERTEX_POINT('',#11253);
#11464=CARTESIAN_POINT('',(1.64E0,2.858338469474E0,-9.417712000828E-2));
#11465=VERTEX_POINT('',#11464);
#11466=VERTEX_POINT('',#11260);
#11467=VERTEX_POINT('',#9174);
#11468=VERTEX_POINT('',#9177);
#11469=CARTESIAN_POINT('',(1.640064515754E0,-2.828973026412E0,
1.502203431357E-1));
#11470=VERTEX_POINT('',#11469);
#11471=VERTEX_POINT('',#9214);
#11472=CARTESIAN_POINT('',(-1.64E0,-2.858338469474E0,-9.417712000828E-2));
#11473=VERTEX_POINT('',#11472);
#11474=VERTEX_POINT('',#9221);
#11475=CARTESIAN_POINT('',(-1.767823225770E0,-2.750945481544E0,
1.502203483207E-1));
#11476=VERTEX_POINT('',#11475);
#11477=VERTEX_POINT('',#9197);
#11478=VERTEX_POINT('',#8926);
#11479=VERTEX_POINT('',#8929);
#11480=CARTESIAN_POINT('',(3.45E0,0.E0,-1.58E0));
#11481=VERTEX_POINT('',#11480);
#11482=CARTESIAN_POINT('',(2.897696965211E0,1.872392132490E0,-1.58E0));
#11483=VERTEX_POINT('',#11482);
#11484=VERTEX_POINT('',#8879);
#11485=CARTESIAN_POINT('',(2.828953344345E0,1.640053105303E0,
1.502186569271E-1));
#11486=VERTEX_POINT('',#11485);
#11487=VERTEX_POINT('',#8917);
#11488=CARTESIAN_POINT('',(3.295405711908E0,0.E0,-9.417712000828E-2));
#11489=VERTEX_POINT('',#11488);
#11490=CARTESIAN_POINT('',(2.858338469474E0,-1.64E0,-9.417712000828E-2));
#11491=VERTEX_POINT('',#11490);
#11492=VERTEX_POINT('',#8924);
#11493=CARTESIAN_POINT('',(-3.220620903846E0,2.195316071125E0,-1.58E0));
#11494=VERTEX_POINT('',#11493);
#11495=VERTEX_POINT('',#8863);
#11496=CARTESIAN_POINT('',(-3.110814566314E0,2.212553494728E0,
3.630343290349E0));
#11497=VERTEX_POINT('',#11496);
#11498=VERTEX_POINT('',#8773);
#11499=CARTESIAN_POINT('',(-3.654987094332E0,2.693078041994E0,1.02E0));
#11500=VERTEX_POINT('',#11499);
#11501=VERTEX_POINT('',#8692);
#11502=VERTEX_POINT('',#8668);
#11503=CARTESIAN_POINT('',(-3.220634863983E0,-2.195330031262E0,-1.58E0));
#11504=VERTEX_POINT('',#11503);
#11505=CARTESIAN_POINT('',(-2.195330031262E0,-3.220634863983E0,-1.58E0));
#11506=VERTEX_POINT('',#11505);
#11507=CARTESIAN_POINT('',(2.195320927971E0,-3.220641069178E0,-1.58E0));
#11508=VERTEX_POINT('',#11507);
#11509=CARTESIAN_POINT('',(-2.195316071125E0,3.220620903846E0,-1.58E0));
#11510=VERTEX_POINT('',#11509);
#11511=CARTESIAN_POINT('',(2.195330031262E0,3.220634863983E0,-1.58E0));
#11512=VERTEX_POINT('',#11511);
#11513=CARTESIAN_POINT('',(3.220634863983E0,2.195330031262E0,-1.58E0));
#11514=VERTEX_POINT('',#11513);
#11515=CARTESIAN_POINT('',(3.220620903846E0,-2.195316071125E0,-1.58E0));
#11516=VERTEX_POINT('',#11515);
#11517=VERTEX_POINT('',#8656);
#11518=VERTEX_POINT('',#8680);
#11519=VERTEX_POINT('',#8687);
#11520=CARTESIAN_POINT('',(-3.124566211677E0,-2.162657159339E0,1.02E0));
#11521=VERTEX_POINT('',#11520);
#11522=VERTEX_POINT('',#9068);
#11523=CARTESIAN_POINT('',(-2.717330650822E0,-1.819069579237E0,
3.630343290351E0));
#11524=VERTEX_POINT('',#11523);
#11525=CARTESIAN_POINT('',(-2.329441502217E0,-3.351777172303E0,
-1.458228128069E0));
#11526=CARTESIAN_POINT('',(0.E0,-4.081753045571E0,-1.458228128069E0));
#11527=VERTEX_POINT('',#11525);
#11528=VERTEX_POINT('',#11526);
#11529=CARTESIAN_POINT('',(2.329441502217E0,-3.351777172303E0,
-1.458228128069E0));
#11530=VERTEX_POINT('',#11529);
#11531=VERTEX_POINT('',#9341);
#11532=CARTESIAN_POINT('',(0.E0,-4.54E0,-3.799999999999E-1));
#11533=CARTESIAN_POINT('',(2.673376671079E0,-3.669421912854E0,
-3.799999999999E-1));
#11534=VERTEX_POINT('',#11532);
#11535=VERTEX_POINT('',#11533);
#11536=CARTESIAN_POINT('',(3.351777172303E0,-2.329441502217E0,
-1.458228128069E0));
#11537=CARTESIAN_POINT('',(3.351777172303E0,2.329441502217E0,
-1.458228128069E0));
#11538=VERTEX_POINT('',#11536);
#11539=VERTEX_POINT('',#11537);
#11540=VERTEX_POINT('',#10890);
#11541=CARTESIAN_POINT('',(3.669421912854E0,2.673376671079E0,
-3.799999999999E-1));
#11542=VERTEX_POINT('',#11541);
#11543=CARTESIAN_POINT('',(2.329441502217E0,3.351777172303E0,
-1.458228128069E0));
#11544=CARTESIAN_POINT('',(0.E0,4.081753045571E0,-1.458228128069E0));
#11545=VERTEX_POINT('',#11543);
#11546=VERTEX_POINT('',#11544);
#11547=CARTESIAN_POINT('',(-2.329441502217E0,3.351777172303E0,
-1.458228128069E0));
#11548=VERTEX_POINT('',#11547);
#11549=VERTEX_POINT('',#11294);
#11550=CARTESIAN_POINT('',(0.E0,4.54E0,-3.799999999999E-1));
#11551=CARTESIAN_POINT('',(-2.673376671079E0,3.669421912854E0,
-3.799999999999E-1));
#11552=VERTEX_POINT('',#11550);
#11553=VERTEX_POINT('',#11551);
#11554=VERTEX_POINT('',#9331);
#11555=CARTESIAN_POINT('',(1.780711410627E0,-2.742620439477E0,
1.020000725489E0));
#11556=VERTEX_POINT('',#11555);
#11557=VERTEX_POINT('',#9329);
#11558=CARTESIAN_POINT('',(0.E0,-4.54E0,1.02E0));
#11559=VERTEX_POINT('',#11558);
#11560=CARTESIAN_POINT('',(3.654987094332E0,2.693078041994E0,1.02E0));
#11561=CARTESIAN_POINT('',(3.654987094332E0,-2.693078041994E0,1.02E0));
#11562=VERTEX_POINT('',#11560);
#11563=VERTEX_POINT('',#11561);
#11564=CARTESIAN_POINT('',(0.E0,4.54E0,1.02E0));
#11565=CARTESIAN_POINT('',(2.693078041994E0,3.654987094332E0,1.02E0));
#11566=VERTEX_POINT('',#11564);
#11567=VERTEX_POINT('',#11565);
#11568=CARTESIAN_POINT('',(-2.693078041993E0,3.654987094332E0,1.02E0));
#11569=VERTEX_POINT('',#11568);
#11570=CARTESIAN_POINT('',(-3.8E0,0.E0,1.02E0));
#11571=VERTEX_POINT('',#11570);
#11572=CARTESIAN_POINT('',(3.124566211677E0,2.162657159339E0,1.02E0));
#11573=VERTEX_POINT('',#11572);
#11574=CARTESIAN_POINT('',(3.124566211677E0,-2.162657159339E0,1.02E0));
#11575=VERTEX_POINT('',#11574);
#11576=CARTESIAN_POINT('',(3.8E0,0.E0,1.02E0));
#11577=VERTEX_POINT('',#11576);
#11578=CARTESIAN_POINT('',(-1.780711406014E0,2.742620442245E0,
1.020000524416E0));
#11579=VERTEX_POINT('',#11578);
#11580=CARTESIAN_POINT('',(1.780711405991E0,2.742620442260E0,1.020000522898E0));
#11581=VERTEX_POINT('',#11580);
#11582=CARTESIAN_POINT('',(1.780711397443E0,3.356943092077E0,1.020000090068E0));
#11583=VERTEX_POINT('',#11582);
#11584=CARTESIAN_POINT('',(-1.780711396111E0,3.356943092125E0,1.02E0));
#11585=VERTEX_POINT('',#11584);
#11586=CARTESIAN_POINT('',(-1.780711410627E0,-2.742620439477E0,
1.020000725489E0));
#11587=VERTEX_POINT('',#11586);
#11588=CARTESIAN_POINT('',(-1.780711398446E0,-3.356943092041E0,
1.020000157910E0));
#11589=VERTEX_POINT('',#11588);
#11590=CARTESIAN_POINT('',(1.780711396112E0,-3.356943092124E0,1.02E0));
#11591=VERTEX_POINT('',#11590);
#11592=CARTESIAN_POINT('',(-2.418982502971E0,2.958227863902E0,4.22E0));
#11593=CARTESIAN_POINT('',(-2.726905223266E0,2.677046198289E0,4.22E0));
#11594=VERTEX_POINT('',#11592);
#11595=VERTEX_POINT('',#11593);
#11596=VERTEX_POINT('',#8729);
#11597=VERTEX_POINT('',#8743);
#11598=VERTEX_POINT('',#8754);
#11599=CARTESIAN_POINT('',(2.726905223266E0,2.677046198289E0,4.22E0));
#11600=VERTEX_POINT('',#11599);
#11601=VERTEX_POINT('',#8762);
#11602=CARTESIAN_POINT('',(3.828013333013E0,-6.843783943785E-10,
5.221999951843E0));
#11603=VERTEX_POINT('',#11602);
#11604=CARTESIAN_POINT('',(-3.828013333013E0,0.E0,5.221999951843E0));
#11605=VERTEX_POINT('',#11604);
#11606=CARTESIAN_POINT('',(-2.418982502971E0,2.369123477994E0,4.22E0));
#11607=VERTEX_POINT('',#11606);
#11608=VERTEX_POINT('',#8855);
#11609=VERTEX_POINT('',#8802);
#11610=VERTEX_POINT('',#8810);
#11611=VERTEX_POINT('',#8818);
#11612=VERTEX_POINT('',#8842);
#11613=VERTEX_POINT('',#11039);
#11614=CARTESIAN_POINT('',(-3.27E0,-7.749192359915E-11,6.52E0));
#11615=VERTEX_POINT('',#11614);
#11616=CARTESIAN_POINT('',(3.266945734071E0,1.412995776085E-1,6.52E0));
#11617=VERTEX_POINT('',#11616);
#11618=CARTESIAN_POINT('',(3.27E0,6.538921929457E-10,6.52E0));
#11619=VERTEX_POINT('',#11618);
#11620=CARTESIAN_POINT('',(3.27E0,4.359278325710E-10,1.520740201626E-1));
#11621=VERTEX_POINT('',#11620);
#11622=VERTEX_POINT('',#8964);
#11623=CARTESIAN_POINT('',(3.110814566314E0,-2.212553494728E0,
3.630343290349E0));
#11624=VERTEX_POINT('',#11623);
#11625=VERTEX_POINT('',#8943);
#11626=VERTEX_POINT('',#8954);
#11627=CARTESIAN_POINT('',(-3.266945734071E0,-1.412995776085E-1,6.52E0));
#11628=VERTEX_POINT('',#11627);
#11629=VERTEX_POINT('',#8994);
#11630=VERTEX_POINT('',#9002);
#11631=CARTESIAN_POINT('',(1.819046490366E0,-3.356121219062E0,
3.628762464266E0));
#11632=VERTEX_POINT('',#11631);
#11633=VERTEX_POINT('',#9090);
#11634=CARTESIAN_POINT('',(2.418982502971E0,-2.369123477994E0,4.22E0));
#11635=VERTEX_POINT('',#11634);
#11636=VERTEX_POINT('',#9047);
#11637=VERTEX_POINT('',#9058);
#11638=CARTESIAN_POINT('',(-2.726905223265E0,-2.677046198289E0,4.22E0));
#11639=VERTEX_POINT('',#11638);
#11640=VERTEX_POINT('',#9088);
#11641=CARTESIAN_POINT('',(-2.418982502971E0,-2.369123477995E0,4.22E0));
#11642=VERTEX_POINT('',#11641);
#11643=CARTESIAN_POINT('',(-4.128006132665E0,1.453317139617E-9,5.52E0));
#11644=VERTEX_POINT('',#11643);
#11645=CARTESIAN_POINT('',(4.128006132665E0,0.E0,5.52E0));
#11646=VERTEX_POINT('',#11645);
#11647=CARTESIAN_POINT('',(-4.948135281875E0,-1.358374455036E-1,
5.520000000001E0));
#11648=CARTESIAN_POINT('',(4.949999452458E0,-1.246225345142E-14,
5.520000000001E0));
#11649=VERTEX_POINT('',#11647);
#11650=VERTEX_POINT('',#11648);
#11651=CARTESIAN_POINT('',(-4.949999452458E0,1.166963743366E-14,
5.520000000001E0));
#11652=VERTEX_POINT('',#11651);
#11653=CARTESIAN_POINT('',(4.948135281875E0,1.358374455036E-1,
5.520000000001E0));
#11654=VERTEX_POINT('',#11653);
#11655=CARTESIAN_POINT('',(-5.15E0,0.E0,5.72E0));
#11656=VERTEX_POINT('',#11655);
#11657=CARTESIAN_POINT('',(-5.148060509179E0,-1.413258427728E-1,5.72E0));
#11658=CARTESIAN_POINT('',(5.15E0,3.477104715266E-10,5.72E0));
#11659=VERTEX_POINT('',#11657);
#11660=VERTEX_POINT('',#11658);
#11661=CARTESIAN_POINT('',(5.148060509179E0,1.413258427728E-1,5.72E0));
#11662=VERTEX_POINT('',#11661);
#11663=CARTESIAN_POINT('',(5.15E0,6.265014358254E-10,6.92E0));
#11664=VERTEX_POINT('',#11663);
#11665=CARTESIAN_POINT('',(-5.15E0,0.E0,6.92E0));
#11666=CARTESIAN_POINT('',(5.149111395564E0,9.566522919493E-2,6.92E0));
#11667=VERTEX_POINT('',#11665);
#11668=VERTEX_POINT('',#11666);
#11669=CARTESIAN_POINT('',(-5.149111395564E0,-9.566522919493E-2,6.92E0));
#11670=VERTEX_POINT('',#11669);
#11671=VERTEX_POINT('',#9477);
#11672=VERTEX_POINT('',#9482);
#11673=CARTESIAN_POINT('',(4.950025860352E0,-7.418214223463E-4,
7.119999998321E0));
#11674=VERTEX_POINT('',#11673);
#11675=CARTESIAN_POINT('',(-4.949999764328E0,-8.701375455558E-10,7.12E0));
#11676=VERTEX_POINT('',#11675);
#11677=CARTESIAN_POINT('',(1.5E-1,-4.95E0,7.27E0));
#11678=VERTEX_POINT('',#11677);
#11679=CARTESIAN_POINT('',(2.5E-2,-4.95E0,7.27E0));
#11680=VERTEX_POINT('',#11679);
#11681=CARTESIAN_POINT('',(1.5E-1,-3.95E0,7.12E0));
#11682=VERTEX_POINT('',#11681);
#11683=CARTESIAN_POINT('',(1.5E-1,-3.95E0,7.27E0));
#11684=VERTEX_POINT('',#11683);
#11685=CARTESIAN_POINT('',(2.058846707505E0,3.940819695714E0,7.12E0));
#11686=CARTESIAN_POINT('',(1.702993436044E0,4.114176561168E0,7.12E0));
#11687=VERTEX_POINT('',#11685);
#11688=VERTEX_POINT('',#11686);
#11689=CARTESIAN_POINT('',(1.842766002045E0,4.401090637179E0,7.12E0));
#11690=VERTEX_POINT('',#11689);
#11691=CARTESIAN_POINT('',(2.198619273506E0,4.227733771725E0,7.12E0));
#11692=VERTEX_POINT('',#11691);
#11693=CARTESIAN_POINT('',(2.245488011594E0,4.181234253403E0,7.12E0));
#11694=VERTEX_POINT('',#11693);
#11695=CARTESIAN_POINT('',(2.264310182785E0,4.124730827418E0,7.12E0));
#11696=VERTEX_POINT('',#11695);
#11697=CARTESIAN_POINT('',(2.255084501052E0,4.058224120268E0,7.12E0));
#11698=VERTEX_POINT('',#11697);
#11699=CARTESIAN_POINT('',(2.227129966968E0,4.000841262198E0,7.12E0));
#11700=VERTEX_POINT('',#11699);
#11701=CARTESIAN_POINT('',(2.180446632744E0,3.952582360378E0,7.12E0));
#11702=VERTEX_POINT('',#11701);
#11703=CARTESIAN_POINT('',(2.124351784246E0,3.932575380382E0,7.12E0));
#11704=VERTEX_POINT('',#11703);
#11705=CARTESIAN_POINT('',(2.5E-2,-3.95E0,7.12E0));
#11706=VERTEX_POINT('',#11705);
#11707=CARTESIAN_POINT('',(-9.999999999997E-2,-4.098936152458E0,7.12E0));
#11708=VERTEX_POINT('',#11707);
#11709=CARTESIAN_POINT('',(-1.E-1,-4.269148957729E0,7.12E0));
#11710=VERTEX_POINT('',#11709);
#11711=CARTESIAN_POINT('',(2.499999999986E-2,-4.120212745667E0,7.12E0));
#11712=VERTEX_POINT('',#11711);
#11713=CARTESIAN_POINT('',(-1.872129547172E0,3.387313201373E0,
7.119999958270E0));
#11714=CARTESIAN_POINT('',(-2.370054371207E0,4.254836724515E0,7.12E0));
#11715=VERTEX_POINT('',#11713);
#11716=VERTEX_POINT('',#11714);
#11717=CARTESIAN_POINT('',(-2.478466221856E0,4.192612367234E0,7.12E0));
#11718=VERTEX_POINT('',#11717);
#11719=CARTESIAN_POINT('',(-1.980539058468E0,3.325089970058E0,
7.119999958270E0));
#11720=VERTEX_POINT('',#11719);
#11721=CARTESIAN_POINT('',(-3.869999999997E0,4.858028162635E-6,7.12E0));
#11722=VERTEX_POINT('',#11721);
#11723=CARTESIAN_POINT('',(3.869998667837E0,4.720968382882E-6,
7.119999999999E0));
#11724=VERTEX_POINT('',#11723);
#11725=CARTESIAN_POINT('',(8.076620898930E-1,3.784782946029E0,7.12E0));
#11726=VERTEX_POINT('',#11725);
#11727=CARTESIAN_POINT('',(1.177479358667E0,3.705544096215E0,7.12E0));
#11728=VERTEX_POINT('',#11727);
#11729=CARTESIAN_POINT('',(1.204225265472E0,3.830370468995E0,7.12E0));
#11730=VERTEX_POINT('',#11729);
#11731=CARTESIAN_POINT('',(5.930961472158E-1,3.961313971388E0,7.12E0));
#11732=VERTEX_POINT('',#11731);
#11733=CARTESIAN_POINT('',(6.644185664038E-1,4.294184303660E0,7.12E0));
#11734=VERTEX_POINT('',#11733);
#11735=CARTESIAN_POINT('',(1.194063646808E0,4.180699968220E0,7.12E0));
#11736=VERTEX_POINT('',#11735);
#11737=CARTESIAN_POINT('',(1.220809550491E0,4.305526326431E0,7.12E0));
#11738=VERTEX_POINT('',#11737);
#11739=CARTESIAN_POINT('',(6.911644700872E-1,4.419010661870E0,7.12E0));
#11740=VERTEX_POINT('',#11739);
#11741=CARTESIAN_POINT('',(7.491139405554E-1,4.689467829608E0,7.12E0));
#11742=VERTEX_POINT('',#11741);
#11743=CARTESIAN_POINT('',(1.360243058812E0,4.558524327215E0,7.12E0));
#11744=VERTEX_POINT('',#11743);
#11745=CARTESIAN_POINT('',(1.386988962495E0,4.683350685425E0,7.12E0));
#11746=VERTEX_POINT('',#11745);
#11747=CARTESIAN_POINT('',(6.536340205872E-1,4.840482888296E0,7.12E0));
#11748=VERTEX_POINT('',#11747);
#11749=CARTESIAN_POINT('',(4.441244167594E-1,3.862676299086E0,7.12E0));
#11750=VERTEX_POINT('',#11749);
#11751=VERTEX_POINT('',#9599);
#11752=VERTEX_POINT('',#9604);
#11753=CARTESIAN_POINT('',(1.687108648465E-1,3.941801287875E0,7.12E0));
#11754=VERTEX_POINT('',#11753);
#11755=CARTESIAN_POINT('',(2.491148709944E-1,4.029680538530E0,7.12E0));
#11756=VERTEX_POINT('',#11755);
#11757=CARTESIAN_POINT('',(2.670542387015E-1,4.115443530851E0,7.12E0));
#11758=VERTEX_POINT('',#11757);
#11759=CARTESIAN_POINT('',(2.562478578643E-1,4.434409454314E0,7.12E0));
#11760=VERTEX_POINT('',#11759);
#11761=CARTESIAN_POINT('',(-5.607295025939E-2,4.423828206137E0,7.12E0));
#11762=VERTEX_POINT('',#11761);
#11763=CARTESIAN_POINT('',(-5.175039832816E-2,4.296241848667E0,7.12E0));
#11764=VERTEX_POINT('',#11763);
#11765=CARTESIAN_POINT('',(1.356420865461E-1,4.302590597573E0,7.12E0));
#11766=VERTEX_POINT('',#11765);
#11767=CARTESIAN_POINT('',(1.414054901302E-1,4.132475424493E0,7.12E0));
#11768=VERTEX_POINT('',#11767);
#11769=CARTESIAN_POINT('',(1.227456965967E-1,4.067976839976E0,7.12E0));
#11770=VERTEX_POINT('',#11769);
#11771=CARTESIAN_POINT('',(6.172238611980E-2,4.023331789624E0,7.12E0));
#11772=VERTEX_POINT('',#11771);
#11773=CARTESIAN_POINT('',(-2.084289624532E-2,3.999245725150E0,7.12E0));
#11774=VERTEX_POINT('',#11773);
#11775=CARTESIAN_POINT('',(-2.082353811185E-1,3.992896976244E0,7.12E0));
#11776=VERTEX_POINT('',#11775);
#11777=CARTESIAN_POINT('',(-2.922415141295E-1,4.011339697594E0,7.12E0));
#11778=VERTEX_POINT('',#11777);
#11779=CARTESIAN_POINT('',(-3.561465269021E-1,4.051752248675E0,7.12E0));
#11780=VERTEX_POINT('',#11779);
#11781=CARTESIAN_POINT('',(-3.999504184296E-1,4.114134599702E0,7.12E0));
#11782=VERTEX_POINT('',#11781);
#11783=CARTESIAN_POINT('',(-4.236536657800E-1,4.198486749422E0,7.12E0));
#11784=VERTEX_POINT('',#11783);
#11785=CARTESIAN_POINT('',(-4.344600466172E-1,4.517452672885E0,7.12E0));
#11786=VERTEX_POINT('',#11785);
#11787=CARTESIAN_POINT('',(-4.165202018419E-1,4.603215666459E0,7.12E0));
#11788=VERTEX_POINT('',#11787);
#11789=CARTESIAN_POINT('',(-3.770388642638E-1,4.668419732473E0,7.12E0));
#11790=VERTEX_POINT('',#11789);
#11791=CARTESIAN_POINT('',(-3.160155532827E-1,4.713064767932E0,7.12E0));
#11792=VERTEX_POINT('',#11791);
#11793=CARTESIAN_POINT('',(-2.334502709172E-1,4.737150832406E0,7.12E0));
#11794=VERTEX_POINT('',#11793);
#11795=CARTESIAN_POINT('',(-4.605778604266E-2,4.743499581312E0,7.12E0));
#11796=VERTEX_POINT('',#11795);
#11797=CARTESIAN_POINT('',(3.794834696622E-2,4.725056859962E0,7.12E0));
#11798=VERTEX_POINT('',#11797);
#11799=CARTESIAN_POINT('',(1.018533592350E-1,4.684644323774E0,7.12E0));
#11800=VERTEX_POINT('',#11799);
#11801=CARTESIAN_POINT('',(1.248357067180E-1,4.621556491249E0,7.12E0));
#11802=VERTEX_POINT('',#11801);
#11803=CARTESIAN_POINT('',(2.497640299674E-1,4.625788990520E0,7.12E0));
#11804=VERTEX_POINT('',#11803);
#11805=CARTESIAN_POINT('',(2.253408318408E-1,4.731405608868E0,7.12E0));
#11806=VERTEX_POINT('',#11805);
#11807=CARTESIAN_POINT('',(1.391734228657E-1,4.813641508953E0,7.12E0));
#11808=VERTEX_POINT('',#11807);
#11809=CARTESIAN_POINT('',(5.444686453482E-2,4.853348623214E0,7.12E0));
#11810=VERTEX_POINT('',#11809);
#11811=CARTESIAN_POINT('',(-5.038033797541E-2,4.871085938783E0,7.12E0));
#11812=VERTEX_POINT('',#11811);
#11813=CARTESIAN_POINT('',(-2.377728228480E-1,4.864737189877E0,7.12E0));
#11814=VERTEX_POINT('',#11813);
#11815=CARTESIAN_POINT('',(-3.411591747135E-1,4.839945719622E0,7.12E0));
#11816=VERTEX_POINT('',#11815);
#11817=CARTESIAN_POINT('',(-4.230040317568E-1,4.794595262236E0,7.12E0));
#11818=VERTEX_POINT('',#11817);
#11819=CARTESIAN_POINT('',(-5.034080381569E-1,4.706716019026E0,7.12E0));
#11820=VERTEX_POINT('',#11819);
#11821=CARTESIAN_POINT('',(-5.421689524314E-1,4.620247619671E0,7.12E0));
#11822=VERTEX_POINT('',#11821);
#11823=CARTESIAN_POINT('',(-5.593883698666E-1,4.513220173614E0,7.12E0));
#11824=VERTEX_POINT('',#11823);
#11825=CARTESIAN_POINT('',(-5.485819890294E-1,4.194254250152E0,7.12E0));
#11826=VERTEX_POINT('',#11825);
#11827=CARTESIAN_POINT('',(-5.241583163572E-1,4.088637707520E0,7.12E0));
#11828=VERTEX_POINT('',#11827);
#11829=CARTESIAN_POINT('',(-4.796339990030E-1,4.004990948688E0,7.12E0));
#11830=VERTEX_POINT('',#11829);
#11831=CARTESIAN_POINT('',(-3.934665897762E-1,3.922755041157E0,7.12E0));
#11832=VERTEX_POINT('',#11831);
#11833=CARTESIAN_POINT('',(-3.087400312555E-1,3.883047921311E0,7.12E0));
#11834=VERTEX_POINT('',#11833);
#11835=CARTESIAN_POINT('',(-2.023090303467E-1,3.865044876997E0,
7.119999929256E0));
#11836=VERTEX_POINT('',#11835);
#11837=CARTESIAN_POINT('',(-7.001012343511E-1,3.806147430363E0,7.12E0));
#11838=VERTEX_POINT('',#11837);
#11839=CARTESIAN_POINT('',(-8.969648109450E-1,4.787091747887E0,7.12E0));
#11840=VERTEX_POINT('',#11839);
#11841=CARTESIAN_POINT('',(-1.019521157738E0,4.762496182012E0,7.12E0));
#11842=VERTEX_POINT('',#11841);
#11843=CARTESIAN_POINT('',(-8.227034427290E-1,3.781787765730E0,
7.119999958270E0));
#11844=VERTEX_POINT('',#11843);
#11845=CARTESIAN_POINT('',(-1.303010645688E0,3.644044903294E0,7.12E0));
#11846=VERTEX_POINT('',#11845);
#11847=CARTESIAN_POINT('',(-1.617614324653E0,4.480989254740E0,7.12E0));
#11848=VERTEX_POINT('',#11847);
#11849=CARTESIAN_POINT('',(-1.305596415203E0,4.598275405914E0,7.12E0));
#11850=VERTEX_POINT('',#11849);
#11851=CARTESIAN_POINT('',(-1.343028143267E0,4.697855530427E0,7.12E0));
#11852=VERTEX_POINT('',#11851);
#11853=CARTESIAN_POINT('',(-2.084070622418E0,4.419300942360E0,7.12E0));
#11854=VERTEX_POINT('',#11853);
#11855=CARTESIAN_POINT('',(-2.046638894354E0,4.319720817847E0,7.12E0));
#11856=VERTEX_POINT('',#11855);
#11857=CARTESIAN_POINT('',(-1.734620984904E0,4.437006969022E0,7.12E0));
#11858=VERTEX_POINT('',#11857);
#11859=CARTESIAN_POINT('',(-1.420100503107E0,3.600288074694E0,
7.119999958270E0));
#11860=VERTEX_POINT('',#11859);
#11861=CARTESIAN_POINT('',(1.647084420085E0,3.999410952197E0,7.12E0));
#11862=CARTESIAN_POINT('',(1.965479181703E0,3.844302309738E0,7.12E0));
#11863=VERTEX_POINT('',#11861);
#11864=VERTEX_POINT('',#11862);
#11865=CARTESIAN_POINT('',(1.919630353092E0,3.369630359275E0,7.12E0));
#11866=VERTEX_POINT('',#11865);
#11867=CARTESIAN_POINT('',(2.050734708869E0,3.305761787626E0,7.12E0));
#11868=VERTEX_POINT('',#11867);
#11869=CARTESIAN_POINT('',(2.096490621211E0,3.827813052577E0,7.12E0));
#11870=VERTEX_POINT('',#11869);
#11871=CARTESIAN_POINT('',(2.190043122201E0,3.829572227243E0,7.12E0));
#11872=VERTEX_POINT('',#11871);
#11873=CARTESIAN_POINT('',(2.283503135596E0,3.878710507564E0,7.12E0));
#11874=VERTEX_POINT('',#11873);
#11875=CARTESIAN_POINT('',(2.330186469822E0,3.926969409385E0,7.12E0));
#11876=VERTEX_POINT('',#11875);
#11877=CARTESIAN_POINT('',(2.367459173232E0,4.003479868949E0,7.12E0));
#11878=VERTEX_POINT('',#11877);
#11879=CARTESIAN_POINT('',(2.376684854965E0,4.069986576099E0,7.12E0));
#11880=VERTEX_POINT('',#11879);
#11881=CARTESIAN_POINT('',(2.357770196181E0,4.173869107739E0,7.12E0));
#11882=VERTEX_POINT('',#11881);
#11883=CARTESIAN_POINT('',(2.310808541824E0,4.267747940549E0,7.12E0));
#11884=VERTEX_POINT('',#11883);
#11885=CARTESIAN_POINT('',(2.226480865217E0,4.332495890698E0,7.12E0));
#11886=VERTEX_POINT('',#11885);
#11887=CARTESIAN_POINT('',(1.776982176497E0,4.551472895973E0,7.12E0));
#11888=VERTEX_POINT('',#11887);
#11889=CARTESIAN_POINT('',(1.339028165946E0,3.652475518534E0,7.12E0));
#11890=VERTEX_POINT('',#11889);
#11891=CARTESIAN_POINT('',(1.451402838126E0,3.597731267215E0,7.12E0));
#11892=VERTEX_POINT('',#11891);
#11893=CARTESIAN_POINT('',(-1.872259512958E0,3.387541919330E0,7.27E0));
#11894=VERTEX_POINT('',#11893);
#11895=CARTESIAN_POINT('',(-2.370054371207E0,4.254836724515E0,7.27E0));
#11896=VERTEX_POINT('',#11895);
#11897=CARTESIAN_POINT('',(-1.980671363606E0,3.325317562049E0,7.27E0));
#11898=VERTEX_POINT('',#11897);
#11899=CARTESIAN_POINT('',(-1.420194427224E0,3.600533811529E0,7.27E0));
#11900=VERTEX_POINT('',#11899);
#11901=CARTESIAN_POINT('',(-1.303187766973E0,3.644516097247E0,7.27E0));
#11902=VERTEX_POINT('',#11901);
#11903=CARTESIAN_POINT('',(-1.734620984904E0,4.437006969022E0,7.27E0));
#11904=VERTEX_POINT('',#11903);
#11905=CARTESIAN_POINT('',(-2.046638894354E0,4.319720817847E0,7.27E0));
#11906=VERTEX_POINT('',#11905);
#11907=CARTESIAN_POINT('',(-2.084070622418E0,4.419300942360E0,7.27E0));
#11908=VERTEX_POINT('',#11907);
#11909=CARTESIAN_POINT('',(-1.343028143267E0,4.697855530427E0,7.27E0));
#11910=VERTEX_POINT('',#11909);
#11911=CARTESIAN_POINT('',(-1.305596415203E0,4.598275405914E0,7.27E0));
#11912=VERTEX_POINT('',#11911);
#11913=CARTESIAN_POINT('',(-1.617614324653E0,4.480989254740E0,7.27E0));
#11914=VERTEX_POINT('',#11913);
#11915=CARTESIAN_POINT('',(-2.478466221856E0,4.192612367234E0,7.27E0));
#11916=VERTEX_POINT('',#11915);
#11917=CARTESIAN_POINT('',(-8.969648109450E-1,4.787091747887E0,7.27E0));
#11918=CARTESIAN_POINT('',(-7.002002839504E-1,3.806640973540E0,7.27E0));
#11919=VERTEX_POINT('',#11917);
#11920=VERTEX_POINT('',#11918);
#11921=CARTESIAN_POINT('',(-8.227566307435E-1,3.782045407666E0,7.27E0));
#11922=VERTEX_POINT('',#11921);
#11923=CARTESIAN_POINT('',(-1.019521157738E0,4.762496182012E0,7.27E0));
#11924=VERTEX_POINT('',#11923);
#11925=CARTESIAN_POINT('',(2.562478578643E-1,4.434409454314E0,7.27E0));
#11926=CARTESIAN_POINT('',(2.670542387015E-1,4.115443530851E0,7.27E0));
#11927=VERTEX_POINT('',#11925);
#11928=VERTEX_POINT('',#11926);
#11929=CARTESIAN_POINT('',(2.491148709944E-1,4.029680538530E0,7.27E0));
#11930=VERTEX_POINT('',#11929);
#11931=CARTESIAN_POINT('',(1.687108648465E-1,3.941801287875E0,7.27E0));
#11932=VERTEX_POINT('',#11931);
#11933=CARTESIAN_POINT('',(8.686600799202E-2,3.896450824904E0,7.27E0));
#11934=VERTEX_POINT('',#11933);
#11935=CARTESIAN_POINT('',(-1.652034380992E-2,3.871659352787E0,7.27E0));
#11936=VERTEX_POINT('',#11935);
#11937=CARTESIAN_POINT('',(-2.039128286835E-1,3.865310603881E0,7.27E0));
#11938=VERTEX_POINT('',#11937);
#11939=CARTESIAN_POINT('',(-3.087400312555E-1,3.883047921311E0,7.27E0));
#11940=VERTEX_POINT('',#11939);
#11941=CARTESIAN_POINT('',(-3.934665897762E-1,3.922755041157E0,7.27E0));
#11942=VERTEX_POINT('',#11941);
#11943=CARTESIAN_POINT('',(-4.796339990030E-1,4.004990948688E0,7.27E0));
#11944=VERTEX_POINT('',#11943);
#11945=CARTESIAN_POINT('',(-5.241583163572E-1,4.088637707520E0,7.27E0));
#11946=VERTEX_POINT('',#11945);
#11947=CARTESIAN_POINT('',(-5.485819890294E-1,4.194254250152E0,7.27E0));
#11948=VERTEX_POINT('',#11947);
#11949=CARTESIAN_POINT('',(-5.593883698666E-1,4.513220173614E0,7.27E0));
#11950=VERTEX_POINT('',#11949);
#11951=CARTESIAN_POINT('',(-5.421689524314E-1,4.620247619671E0,7.27E0));
#11952=VERTEX_POINT('',#11951);
#11953=CARTESIAN_POINT('',(-5.034080381569E-1,4.706716019026E0,7.27E0));
#11954=VERTEX_POINT('',#11953);
#11955=CARTESIAN_POINT('',(-4.230040317568E-1,4.794595262236E0,7.27E0));
#11956=VERTEX_POINT('',#11955);
#11957=CARTESIAN_POINT('',(-3.411591747135E-1,4.839945719622E0,7.27E0));
#11958=VERTEX_POINT('',#11957);
#11959=CARTESIAN_POINT('',(-2.377728228480E-1,4.864737189877E0,7.27E0));
#11960=VERTEX_POINT('',#11959);
#11961=CARTESIAN_POINT('',(-5.038033797541E-2,4.871085938783E0,7.27E0));
#11962=VERTEX_POINT('',#11961);
#11963=CARTESIAN_POINT('',(5.444686453482E-2,4.853348623214E0,7.27E0));
#11964=VERTEX_POINT('',#11963);
#11965=CARTESIAN_POINT('',(1.391734228657E-1,4.813641508953E0,7.27E0));
#11966=VERTEX_POINT('',#11965);
#11967=CARTESIAN_POINT('',(2.253408318408E-1,4.731405608868E0,7.27E0));
#11968=VERTEX_POINT('',#11967);
#11969=CARTESIAN_POINT('',(2.497640299674E-1,4.625788990520E0,7.27E0));
#11970=VERTEX_POINT('',#11969);
#11971=CARTESIAN_POINT('',(1.248357067180E-1,4.621556491249E0,7.27E0));
#11972=VERTEX_POINT('',#11971);
#11973=CARTESIAN_POINT('',(1.018533592350E-1,4.684644323774E0,7.27E0));
#11974=VERTEX_POINT('',#11973);
#11975=CARTESIAN_POINT('',(3.794834696622E-2,4.725056859962E0,7.27E0));
#11976=VERTEX_POINT('',#11975);
#11977=CARTESIAN_POINT('',(-4.605778604266E-2,4.743499581312E0,7.27E0));
#11978=VERTEX_POINT('',#11977);
#11979=CARTESIAN_POINT('',(-2.334502709172E-1,4.737150832406E0,7.27E0));
#11980=VERTEX_POINT('',#11979);
#11981=CARTESIAN_POINT('',(-3.160155532827E-1,4.713064767932E0,7.27E0));
#11982=VERTEX_POINT('',#11981);
#11983=CARTESIAN_POINT('',(-3.770388642638E-1,4.668419732473E0,7.27E0));
#11984=VERTEX_POINT('',#11983);
#11985=CARTESIAN_POINT('',(-4.165202018419E-1,4.603215666459E0,7.27E0));
#11986=VERTEX_POINT('',#11985);
#11987=CARTESIAN_POINT('',(-4.344600466172E-1,4.517452672885E0,7.27E0));
#11988=VERTEX_POINT('',#11987);
#11989=CARTESIAN_POINT('',(-4.236536657800E-1,4.198486749422E0,7.27E0));
#11990=VERTEX_POINT('',#11989);
#11991=CARTESIAN_POINT('',(-3.999504184296E-1,4.114134599702E0,7.27E0));
#11992=VERTEX_POINT('',#11991);
#11993=CARTESIAN_POINT('',(-3.561465269021E-1,4.051752248675E0,7.27E0));
#11994=VERTEX_POINT('',#11993);
#11995=CARTESIAN_POINT('',(-2.922415141295E-1,4.011339697594E0,7.27E0));
#11996=VERTEX_POINT('',#11995);
#11997=CARTESIAN_POINT('',(-2.082353811185E-1,3.992896976244E0,7.27E0));
#11998=VERTEX_POINT('',#11997);
#11999=CARTESIAN_POINT('',(-2.084289624532E-2,3.999245725150E0,7.27E0));
#12000=VERTEX_POINT('',#11999);
#12001=CARTESIAN_POINT('',(6.172238611980E-2,4.023331789624E0,7.27E0));
#12002=VERTEX_POINT('',#12001);
#12003=CARTESIAN_POINT('',(1.227456965967E-1,4.067976839976E0,7.27E0));
#12004=VERTEX_POINT('',#12003);
#12005=CARTESIAN_POINT('',(1.414054901302E-1,4.132475424493E0,7.27E0));
#12006=VERTEX_POINT('',#12005);
#12007=CARTESIAN_POINT('',(1.356420865461E-1,4.302590597573E0,7.27E0));
#12008=VERTEX_POINT('',#12007);
#12009=CARTESIAN_POINT('',(-5.175039832816E-2,4.296241848667E0,7.27E0));
#12010=VERTEX_POINT('',#12009);
#12011=CARTESIAN_POINT('',(-5.607295025939E-2,4.423828206137E0,7.27E0));
#12012=VERTEX_POINT('',#12011);
#12013=CARTESIAN_POINT('',(5.930961472158E-1,3.961313971388E0,7.27E0));
#12014=CARTESIAN_POINT('',(1.204225265472E0,3.830370468995E0,7.27E0));
#12015=VERTEX_POINT('',#12013);
#12016=VERTEX_POINT('',#12014);
#12017=CARTESIAN_POINT('',(1.177479358667E0,3.705544096215E0,7.27E0));
#12018=VERTEX_POINT('',#12017);
#12019=CARTESIAN_POINT('',(4.441244167594E-1,3.862676299086E0,7.27E0));
#12020=VERTEX_POINT('',#12019);
#12021=CARTESIAN_POINT('',(6.536340205872E-1,4.840482888296E0,7.27E0));
#12022=VERTEX_POINT('',#12021);
#12023=CARTESIAN_POINT('',(1.386988962495E0,4.683350685425E0,7.27E0));
#12024=VERTEX_POINT('',#12023);
#12025=CARTESIAN_POINT('',(1.360243058812E0,4.558524327215E0,7.27E0));
#12026=VERTEX_POINT('',#12025);
#12027=CARTESIAN_POINT('',(7.491139405554E-1,4.689467829608E0,7.27E0));
#12028=VERTEX_POINT('',#12027);
#12029=CARTESIAN_POINT('',(6.911644700872E-1,4.419010661870E0,7.27E0));
#12030=VERTEX_POINT('',#12029);
#12031=CARTESIAN_POINT('',(1.220809550491E0,4.305526326431E0,7.27E0));
#12032=VERTEX_POINT('',#12031);
#12033=CARTESIAN_POINT('',(1.194063646808E0,4.180699968220E0,7.27E0));
#12034=VERTEX_POINT('',#12033);
#12035=CARTESIAN_POINT('',(6.644185664038E-1,4.294184303660E0,7.27E0));
#12036=VERTEX_POINT('',#12035);
#12037=CARTESIAN_POINT('',(1.965479181703E0,3.844302309738E0,7.27E0));
#12038=CARTESIAN_POINT('',(1.647084420085E0,3.999410952197E0,7.27E0));
#12039=VERTEX_POINT('',#12037);
#12040=VERTEX_POINT('',#12038);
#12041=CARTESIAN_POINT('',(1.451402838126E0,3.597731267215E0,7.27E0));
#12042=VERTEX_POINT('',#12041);
#12043=CARTESIAN_POINT('',(1.339028165946E0,3.652475518534E0,7.27E0));
#12044=VERTEX_POINT('',#12043);
#12045=CARTESIAN_POINT('',(1.776982176497E0,4.551472895973E0,7.27E0));
#12046=VERTEX_POINT('',#12045);
#12047=CARTESIAN_POINT('',(2.226480865217E0,4.332495890698E0,7.27E0));
#12048=VERTEX_POINT('',#12047);
#12049=CARTESIAN_POINT('',(2.310808541824E0,4.267747940549E0,7.27E0));
#12050=VERTEX_POINT('',#12049);
#12051=CARTESIAN_POINT('',(2.357770196181E0,4.173869107739E0,7.27E0));
#12052=VERTEX_POINT('',#12051);
#12053=CARTESIAN_POINT('',(2.376684854965E0,4.069986576099E0,7.27E0));
#12054=VERTEX_POINT('',#12053);
#12055=CARTESIAN_POINT('',(2.367459173232E0,4.003479868949E0,7.27E0));
#12056=VERTEX_POINT('',#12055);
#12057=CARTESIAN_POINT('',(2.330186469822E0,3.926969409385E0,7.27E0));
#12058=VERTEX_POINT('',#12057);
#12059=CARTESIAN_POINT('',(2.283503135596E0,3.878710507564E0,7.27E0));
#12060=VERTEX_POINT('',#12059);
#12061=CARTESIAN_POINT('',(2.190043122201E0,3.829572227243E0,7.27E0));
#12062=VERTEX_POINT('',#12061);
#12063=CARTESIAN_POINT('',(2.096490621211E0,3.827813052577E0,7.27E0));
#12064=VERTEX_POINT('',#12063);
#12065=CARTESIAN_POINT('',(2.050734708869E0,3.305761787626E0,7.27E0));
#12066=VERTEX_POINT('',#12065);
#12067=CARTESIAN_POINT('',(1.919630353092E0,3.369630359275E0,7.27E0));
#12068=VERTEX_POINT('',#12067);
#12069=CARTESIAN_POINT('',(1.702993436044E0,4.114176561168E0,7.27E0));
#12070=CARTESIAN_POINT('',(2.058846707505E0,3.940819695714E0,7.27E0));
#12071=VERTEX_POINT('',#12069);
#12072=VERTEX_POINT('',#12070);
#12073=CARTESIAN_POINT('',(2.124351784246E0,3.932575380382E0,7.27E0));
#12074=VERTEX_POINT('',#12073);
#12075=CARTESIAN_POINT('',(2.180446632744E0,3.952582360378E0,7.27E0));
#12076=VERTEX_POINT('',#12075);
#12077=CARTESIAN_POINT('',(2.227129966968E0,4.000841262198E0,7.27E0));
#12078=VERTEX_POINT('',#12077);
#12079=CARTESIAN_POINT('',(2.255084501052E0,4.058224120268E0,7.27E0));
#12080=VERTEX_POINT('',#12079);
#12081=CARTESIAN_POINT('',(2.264310182785E0,4.124730827418E0,7.27E0));
#12082=VERTEX_POINT('',#12081);
#12083=CARTESIAN_POINT('',(2.245488011594E0,4.181234253403E0,7.27E0));
#12084=VERTEX_POINT('',#12083);
#12085=CARTESIAN_POINT('',(2.198619273506E0,4.227733771725E0,7.27E0));
#12086=VERTEX_POINT('',#12085);
#12087=CARTESIAN_POINT('',(1.842766002045E0,4.401090637179E0,7.27E0));
#12088=VERTEX_POINT('',#12087);
#12089=CARTESIAN_POINT('',(2.5E-2,-3.95E0,7.27E0));
#12090=VERTEX_POINT('',#12089);
#12091=CARTESIAN_POINT('',(2.499999999986E-2,-4.120212745667E0,7.27E0));
#12092=VERTEX_POINT('',#12091);
#12093=CARTESIAN_POINT('',(-1.E-1,-4.269148957729E0,7.27E0));
#12094=VERTEX_POINT('',#12093);
#12095=CARTESIAN_POINT('',(-9.999999999997E-2,-4.098936152458E0,7.27E0));
#12096=VERTEX_POINT('',#12095);
#12097=VERTEX_POINT('',#10941);
#12098=VERTEX_POINT('',#10948);
#12099=CARTESIAN_POINT('',(2.520161855979E0,1.434846409783E0,
-1.810754762276E-1));
#12100=VERTEX_POINT('',#12099);
#12101=VERTEX_POINT('',#11012);
#12102=VERTEX_POINT('',#10999);
#12103=VERTEX_POINT('',#10978);
#12104=VERTEX_POINT('',#10985);
#12105=CARTESIAN_POINT('',(2.671811453265E0,-1.437193268949E0,
-3.297044413229E-1));
#12106=VERTEX_POINT('',#12105);
#12107=VERTEX_POINT('',#11051);
#12108=VERTEX_POINT('',#11058);
#12109=CARTESIAN_POINT('',(-2.520161855982E0,-1.434846409779E0,
-1.810754762276E-1));
#12110=VERTEX_POINT('',#12109);
#12111=VERTEX_POINT('',#11127);
#12112=VERTEX_POINT('',#11114);
#12113=VERTEX_POINT('',#11093);
#12114=VERTEX_POINT('',#11100);
#12115=CARTESIAN_POINT('',(-2.671811453265E0,1.437193268949E0,
-3.297044413229E-1));
#12116=VERTEX_POINT('',#12115);
#12117=VERTEX_POINT('',#9239);
#12118=VERTEX_POINT('',#9246);
#12119=CARTESIAN_POINT('',(1.434846409785E0,-2.520161855978E0,
-1.810754762276E-1));
#12120=VERTEX_POINT('',#12119);
#12121=VERTEX_POINT('',#9299);
#12122=VERTEX_POINT('',#9292);
#12123=VERTEX_POINT('',#9271);
#12124=VERTEX_POINT('',#9278);
#12125=CARTESIAN_POINT('',(-1.437193268949E0,-2.671811453265E0,
-3.297044413229E-1));
#12126=VERTEX_POINT('',#12125);
#12127=CARTESIAN_POINT('',(2.418982502971E0,2.369123477994E0,4.22E0));
#12128=VERTEX_POINT('',#12127);
#12129=VERTEX_POINT('',#11339);
#12130=VERTEX_POINT('',#11346);
#12131=CARTESIAN_POINT('',(-1.434846409783E0,2.520161855979E0,
-1.810754762276E-1));
#12132=VERTEX_POINT('',#12131);
#12133=VERTEX_POINT('',#11399);
#12134=VERTEX_POINT('',#11392);
#12135=VERTEX_POINT('',#11371);
#12136=VERTEX_POINT('',#11378);
#12137=CARTESIAN_POINT('',(1.437193268949E0,2.671811453265E0,
-3.297044413229E-1));
#12138=VERTEX_POINT('',#12137);
#12139=CARTESIAN_POINT('',(0.E0,0.E0,-7.142023489479E-1));
#12140=DIRECTION('',(0.E0,0.E0,-1.E0));
#12141=DIRECTION('',(1.E0,0.E0,0.E0));
#12142=AXIS2_PLACEMENT_3D('',#12139,#12140,#12141);
#12143=CONICAL_SURFACE('',#12142,3.359917007405E0,5.940037252300E0);
#12145=ORIENTED_EDGE('',*,*,#12144,.F.);
#12147=ORIENTED_EDGE('',*,*,#12146,.F.);
#12149=ORIENTED_EDGE('',*,*,#12148,.F.);
#12151=ORIENTED_EDGE('',*,*,#12150,.F.);
#12153=ORIENTED_EDGE('',*,*,#12152,.F.);
#12155=ORIENTED_EDGE('',*,*,#12154,.T.);
#12157=ORIENTED_EDGE('',*,*,#12156,.F.);
#12159=ORIENTED_EDGE('',*,*,#12158,.F.);
#12161=ORIENTED_EDGE('',*,*,#12160,.T.);
#12163=ORIENTED_EDGE('',*,*,#12162,.T.);
#12164=EDGE_LOOP('',(#12145,#12147,#12149,#12151,#12153,#12155,#12157,#12159,
#12161,#12163));
#12165=FACE_OUTER_BOUND('',#12164,.F.);
#12166=ADVANCED_FACE('',(#12165),#12143,.F.);
#12167=CARTESIAN_POINT('',(4.154252339471E0,-5.038135815954E0,4.22E0));
#12168=DIRECTION('',(7.070017055071E-1,7.070017055071E-1,-1.723881725084E-2));
#12169=DIRECTION('',(-1.218968457770E-2,-1.218968457770E-2,-9.998514005490E-1));
#12170=AXIS2_PLACEMENT_3D('',#12167,#12168,#12169);
#12171=PLANE('',#12170);
#12173=ORIENTED_EDGE('',*,*,#12172,.F.);
#12174=ORIENTED_EDGE('',*,*,#12144,.T.);
#12176=ORIENTED_EDGE('',*,*,#12175,.F.);
#12178=ORIENTED_EDGE('',*,*,#12177,.F.);
#12180=ORIENTED_EDGE('',*,*,#12179,.F.);
#12182=ORIENTED_EDGE('',*,*,#12181,.F.);
#12184=ORIENTED_EDGE('',*,*,#12183,.F.);
#12186=ORIENTED_EDGE('',*,*,#12185,.F.);
#12188=ORIENTED_EDGE('',*,*,#12187,.T.);
#12189=EDGE_LOOP('',(#12173,#12174,#12176,#12178,#12180,#12182,#12184,#12186,
#12188));
#12190=FACE_OUTER_BOUND('',#12189,.F.);
#12191=ADVANCED_FACE('',(#12190),#12171,.T.);
#12192=CARTESIAN_POINT('',(0.E0,0.E0,-1.58E0));
#12193=DIRECTION('',(0.E0,0.E0,1.E0));
#12194=DIRECTION('',(-1.E0,0.E0,0.E0));
#12195=AXIS2_PLACEMENT_3D('',#12192,#12193,#12194);
#12196=PLANE('',#12195);
#12198=ORIENTED_EDGE('',*,*,#12197,.T.);
#12199=ORIENTED_EDGE('',*,*,#12148,.T.);
#12200=ORIENTED_EDGE('',*,*,#12146,.T.);
#12201=ORIENTED_EDGE('',*,*,#12172,.T.);
#12203=ORIENTED_EDGE('',*,*,#12202,.T.);
#12204=EDGE_LOOP('',(#12198,#12199,#12200,#12201,#12203));
#12205=FACE_OUTER_BOUND('',#12204,.F.);
#12206=ADVANCED_FACE('',(#12205),#12196,.F.);
#12207=CARTESIAN_POINT('',(4.154252339471E0,5.038135815954E0,4.22E0));
#12208=DIRECTION('',(-7.070017055071E-1,7.070017055071E-1,1.723881725084E-2));
#12209=DIRECTION('',(-1.218968457770E-2,1.218968457770E-2,-9.998514005490E-1));
#12210=AXIS2_PLACEMENT_3D('',#12207,#12208,#12209);
#12211=PLANE('',#12210);
#12212=ORIENTED_EDGE('',*,*,#12197,.F.);
#12214=ORIENTED_EDGE('',*,*,#12213,.T.);
#12216=ORIENTED_EDGE('',*,*,#12215,.F.);
#12218=ORIENTED_EDGE('',*,*,#12217,.F.);
#12220=ORIENTED_EDGE('',*,*,#12219,.F.);
#12222=ORIENTED_EDGE('',*,*,#12221,.F.);
#12224=ORIENTED_EDGE('',*,*,#12223,.F.);
#12226=ORIENTED_EDGE('',*,*,#12225,.F.);
#12227=ORIENTED_EDGE('',*,*,#12150,.T.);
#12228=EDGE_LOOP('',(#12212,#12214,#12216,#12218,#12220,#12222,#12224,#12226,
#12227));
#12229=FACE_OUTER_BOUND('',#12228,.F.);
#12230=ADVANCED_FACE('',(#12229),#12211,.F.);
#12231=CARTESIAN_POINT('',(0.E0,0.E0,-1.38E0));
#12232=DIRECTION('',(0.E0,0.E0,1.E0));
#12233=DIRECTION('',(-7.883829745394E-1,-6.151847571717E-1,0.E0));
#12234=AXIS2_PLACEMENT_3D('',#12231,#12232,#12233);
#12235=TOROIDAL_SURFACE('',#12234,3.897686861879E0,2.E-1);
#12236=ORIENTED_EDGE('',*,*,#12187,.F.);
#12238=ORIENTED_EDGE('',*,*,#12237,.T.);
#12239=ORIENTED_EDGE('',*,*,#12213,.F.);
#12240=ORIENTED_EDGE('',*,*,#12202,.F.);
#12241=EDGE_LOOP('',(#12236,#12238,#12239,#12240));
#12242=FACE_OUTER_BOUND('',#12241,.F.);
#12243=ADVANCED_FACE('',(#12242),#12235,.T.);
#12244=CARTESIAN_POINT('',(0.E0,0.E0,-9.191140640343E-1));
#12245=DIRECTION('',(0.E0,0.E0,1.E0));
#12246=DIRECTION('',(0.E0,1.E0,0.E0));
#12247=AXIS2_PLACEMENT_3D('',#12244,#12245,#12246);
#12248=CONICAL_SURFACE('',#12247,4.310876522785E0,2.302549200853E1);
#12249=ORIENTED_EDGE('',*,*,#12237,.F.);
#12250=ORIENTED_EDGE('',*,*,#12185,.T.);
#12252=ORIENTED_EDGE('',*,*,#12251,.T.);
#12253=ORIENTED_EDGE('',*,*,#12215,.T.);
#12254=EDGE_LOOP('',(#12249,#12250,#12252,#12253));
#12255=FACE_OUTER_BOUND('',#12254,.F.);
#12256=ADVANCED_FACE('',(#12255),#12248,.T.);
#12257=CARTESIAN_POINT('',(0.E0,0.E0,-1.71E0));
#12258=DIRECTION('',(0.E0,0.E0,1.E0));
#12259=DIRECTION('',(0.E0,1.E0,0.E0));
#12260=AXIS2_PLACEMENT_3D('',#12257,#12258,#12259);
#12261=CYLINDRICAL_SURFACE('',#12260,4.54E0);
#12263=ORIENTED_EDGE('',*,*,#12262,.F.);
#12264=ORIENTED_EDGE('',*,*,#12217,.T.);
#12265=ORIENTED_EDGE('',*,*,#12251,.F.);
#12266=ORIENTED_EDGE('',*,*,#12183,.T.);
#12267=EDGE_LOOP('',(#12263,#12264,#12265,#12266));
#12268=FACE_OUTER_BOUND('',#12267,.F.);
#12269=ADVANCED_FACE('',(#12268),#12261,.T.);
#12270=CARTESIAN_POINT('',(0.E0,0.E0,1.02E0));
#12271=DIRECTION('',(0.E0,0.E0,1.E0));
#12272=DIRECTION('',(-1.E0,0.E0,0.E0));
#12273=AXIS2_PLACEMENT_3D('',#12270,#12271,#12272);
#12274=PLANE('',#12273);
#12275=ORIENTED_EDGE('',*,*,#12219,.T.);
#12276=ORIENTED_EDGE('',*,*,#12262,.T.);
#12277=ORIENTED_EDGE('',*,*,#12181,.T.);
#12279=ORIENTED_EDGE('',*,*,#12278,.T.);
#12281=ORIENTED_EDGE('',*,*,#12280,.T.);
#12282=EDGE_LOOP('',(#12275,#12276,#12277,#12279,#12281));
#12283=FACE_OUTER_BOUND('',#12282,.F.);
#12284=ADVANCED_FACE('',(#12283),#12274,.T.);
#12285=CARTESIAN_POINT('',(0.E0,0.E0,3.120999975922E0));
#12286=DIRECTION('',(0.E0,0.E0,1.E0));
#12287=DIRECTION('',(-1.E0,0.E0,0.E0));
#12288=AXIS2_PLACEMENT_3D('',#12285,#12286,#12287);
#12289=CONICAL_SURFACE('',#12288,3.814006666507E0,3.819662047290E-1);
#12291=ORIENTED_EDGE('',*,*,#12290,.F.);
#12293=ORIENTED_EDGE('',*,*,#12292,.T.);
#12295=ORIENTED_EDGE('',*,*,#12294,.T.);
#12297=ORIENTED_EDGE('',*,*,#12296,.F.);
#12299=ORIENTED_EDGE('',*,*,#12298,.T.);
#12301=ORIENTED_EDGE('',*,*,#12300,.T.);
#12303=ORIENTED_EDGE('',*,*,#12302,.F.);
#12305=ORIENTED_EDGE('',*,*,#12304,.T.);
#12307=ORIENTED_EDGE('',*,*,#12306,.T.);
#12309=ORIENTED_EDGE('',*,*,#12308,.F.);
#12311=ORIENTED_EDGE('',*,*,#12310,.T.);
#12313=ORIENTED_EDGE('',*,*,#12312,.F.);
#12315=ORIENTED_EDGE('',*,*,#12314,.F.);
#12316=ORIENTED_EDGE('',*,*,#12278,.F.);
#12317=ORIENTED_EDGE('',*,*,#12179,.T.);
#12319=ORIENTED_EDGE('',*,*,#12318,.T.);
#12320=EDGE_LOOP('',(#12291,#12293,#12295,#12297,#12299,#12301,#12303,#12305,
#12307,#12309,#12311,#12313,#12315,#12316,#12317,#12319));
#12321=FACE_OUTER_BOUND('',#12320,.F.);
#12322=ADVANCED_FACE('',(#12321),#12289,.T.);
#12323=CARTESIAN_POINT('',(-2.223762994512E0,0.E0,4.22E0));
#12324=DIRECTION('',(0.E0,0.E0,1.E0));
#12325=DIRECTION('',(1.E0,0.E0,0.E0));
#12326=AXIS2_PLACEMENT_3D('',#12323,#12324,#12325);
#12327=PLANE('',#12326);
#12329=ORIENTED_EDGE('',*,*,#12328,.T.);
#12331=ORIENTED_EDGE('',*,*,#12330,.F.);
#12332=ORIENTED_EDGE('',*,*,#12290,.T.);
#12333=EDGE_LOOP('',(#12329,#12331,#12332));
#12334=FACE_OUTER_BOUND('',#12333,.F.);
#12335=ADVANCED_FACE('',(#12334),#12327,.F.);
#12336=CARTESIAN_POINT('',(-2.215313760546E0,2.165454735570E0,3.62E0));
#12337=DIRECTION('',(-7.071067811865E-1,7.071067811865E-1,0.E0));
#12338=DIRECTION('',(-7.070017055071E-1,-7.070017055071E-1,1.723881725084E-2));
#12339=AXIS2_PLACEMENT_3D('',#12336,#12337,#12338);
#12340=CYLINDRICAL_SURFACE('',#12339,6.E-1);
#12341=ORIENTED_EDGE('',*,*,#12328,.F.);
#12342=ORIENTED_EDGE('',*,*,#12318,.F.);
#12343=ORIENTED_EDGE('',*,*,#12177,.T.);
#12345=ORIENTED_EDGE('',*,*,#12344,.F.);
#12347=ORIENTED_EDGE('',*,*,#12346,.F.);
#12348=EDGE_LOOP('',(#12341,#12342,#12343,#12345,#12347));
#12349=FACE_OUTER_BOUND('',#12348,.F.);
#12350=ADVANCED_FACE('',(#12349),#12340,.F.);
#12351=CARTESIAN_POINT('',(0.E0,0.E0,-2.015E0));
#12352=DIRECTION('',(0.E0,0.E0,1.E0));
#12353=DIRECTION('',(-1.E0,0.E0,0.E0));
#12354=AXIS2_PLACEMENT_3D('',#12351,#12352,#12353);
#12355=CYLINDRICAL_SURFACE('',#12354,3.27E0);
#12357=ORIENTED_EDGE('',*,*,#12356,.T.);
#12359=ORIENTED_EDGE('',*,*,#12358,.T.);
#12361=ORIENTED_EDGE('',*,*,#12360,.T.);
#12363=ORIENTED_EDGE('',*,*,#12362,.T.);
#12365=ORIENTED_EDGE('',*,*,#12364,.T.);
#12367=ORIENTED_EDGE('',*,*,#12366,.F.);
#12369=ORIENTED_EDGE('',*,*,#12368,.F.);
#12371=ORIENTED_EDGE('',*,*,#12370,.F.);
#12373=ORIENTED_EDGE('',*,*,#12372,.T.);
#12375=ORIENTED_EDGE('',*,*,#12374,.T.);
#12377=ORIENTED_EDGE('',*,*,#12376,.T.);
#12378=ORIENTED_EDGE('',*,*,#12344,.T.);
#12379=ORIENTED_EDGE('',*,*,#12175,.T.);
#12380=ORIENTED_EDGE('',*,*,#12162,.F.);
#12382=ORIENTED_EDGE('',*,*,#12381,.F.);
#12384=ORIENTED_EDGE('',*,*,#12383,.F.);
#12386=ORIENTED_EDGE('',*,*,#12385,.F.);
#12388=ORIENTED_EDGE('',*,*,#12387,.F.);
#12390=ORIENTED_EDGE('',*,*,#12389,.T.);
#12392=ORIENTED_EDGE('',*,*,#12391,.F.);
#12394=ORIENTED_EDGE('',*,*,#12393,.F.);
#12395=EDGE_LOOP('',(#12357,#12359,#12361,#12363,#12365,#12367,#12369,#12371,
#12373,#12375,#12377,#12378,#12379,#12380,#12382,#12384,#12386,#12388,#12390,
#12392,#12394));
#12396=FACE_OUTER_BOUND('',#12395,.F.);
#12397=ADVANCED_FACE('',(#12396),#12355,.F.);
#12398=CARTESIAN_POINT('',(-4.083541661352E0,-5.108846494073E0,-1.58E0));
#12399=DIRECTION('',(-7.070017055071E-1,7.070017055071E-1,-1.723881725084E-2));
#12400=DIRECTION('',(-1.218968457770E-2,1.218968457770E-2,9.998514005490E-1));
#12401=AXIS2_PLACEMENT_3D('',#12398,#12399,#12400);
#12402=PLANE('',#12401);
#12404=ORIENTED_EDGE('',*,*,#12403,.F.);
#12406=ORIENTED_EDGE('',*,*,#12405,.T.);
#12408=ORIENTED_EDGE('',*,*,#12407,.F.);
#12410=ORIENTED_EDGE('',*,*,#12409,.F.);
#12412=ORIENTED_EDGE('',*,*,#12411,.F.);
#12413=ORIENTED_EDGE('',*,*,#12306,.F.);
#12415=ORIENTED_EDGE('',*,*,#12414,.F.);
#12416=ORIENTED_EDGE('',*,*,#12356,.F.);
#12418=ORIENTED_EDGE('',*,*,#12417,.T.);
#12419=EDGE_LOOP('',(#12404,#12406,#12408,#12410,#12412,#12413,#12415,#12416,
#12418));
#12420=FACE_OUTER_BOUND('',#12419,.F.);
#12421=ADVANCED_FACE('',(#12420),#12402,.T.);
#12422=CARTESIAN_POINT('',(0.E0,0.E0,-1.58E0));
#12423=DIRECTION('',(0.E0,0.E0,1.E0));
#12424=DIRECTION('',(-1.E0,0.E0,0.E0));
#12425=AXIS2_PLACEMENT_3D('',#12422,#12423,#12424);
#12426=PLANE('',#12425);
#12427=ORIENTED_EDGE('',*,*,#12403,.T.);
#12429=ORIENTED_EDGE('',*,*,#12428,.T.);
#12431=ORIENTED_EDGE('',*,*,#12430,.T.);
#12433=ORIENTED_EDGE('',*,*,#12432,.T.);
#12435=ORIENTED_EDGE('',*,*,#12434,.T.);
#12436=EDGE_LOOP('',(#12427,#12429,#12431,#12433,#12435));
#12437=FACE_OUTER_BOUND('',#12436,.F.);
#12438=ADVANCED_FACE('',(#12437),#12426,.F.);
#12439=CARTESIAN_POINT('',(0.E0,0.E0,-7.142023489479E-1));
#12440=DIRECTION('',(0.E0,0.E0,-1.E0));
#12441=DIRECTION('',(1.E0,0.E0,0.E0));
#12442=AXIS2_PLACEMENT_3D('',#12439,#12440,#12441);
#12443=CONICAL_SURFACE('',#12442,3.359917007405E0,5.940037252300E0);
#12445=ORIENTED_EDGE('',*,*,#12444,.F.);
#12446=ORIENTED_EDGE('',*,*,#12430,.F.);
#12447=ORIENTED_EDGE('',*,*,#12428,.F.);
#12448=ORIENTED_EDGE('',*,*,#12417,.F.);
#12449=ORIENTED_EDGE('',*,*,#12393,.T.);
#12451=ORIENTED_EDGE('',*,*,#12450,.T.);
#12453=ORIENTED_EDGE('',*,*,#12452,.F.);
#12455=ORIENTED_EDGE('',*,*,#12454,.F.);
#12457=ORIENTED_EDGE('',*,*,#12456,.T.);
#12459=ORIENTED_EDGE('',*,*,#12458,.F.);
#12460=EDGE_LOOP('',(#12445,#12446,#12447,#12448,#12449,#12451,#12453,#12455,
#12457,#12459));
#12461=FACE_OUTER_BOUND('',#12460,.F.);
#12462=ADVANCED_FACE('',(#12461),#12443,.F.);
#12463=CARTESIAN_POINT('',(-4.083541661352E0,5.108846494073E0,-1.58E0));
#12464=DIRECTION('',(7.070017055071E-1,7.070017055071E-1,1.723881725084E-2));
#12465=DIRECTION('',(-1.218968457770E-2,-1.218968457770E-2,9.998514005490E-1));
#12466=AXIS2_PLACEMENT_3D('',#12463,#12464,#12465);
#12467=PLANE('',#12466);
#12468=ORIENTED_EDGE('',*,*,#12432,.F.);
#12469=ORIENTED_EDGE('',*,*,#12444,.T.);
#12471=ORIENTED_EDGE('',*,*,#12470,.F.);
#12473=ORIENTED_EDGE('',*,*,#12472,.F.);
#12475=ORIENTED_EDGE('',*,*,#12474,.F.);
#12477=ORIENTED_EDGE('',*,*,#12476,.F.);
#12479=ORIENTED_EDGE('',*,*,#12478,.F.);
#12481=ORIENTED_EDGE('',*,*,#12480,.F.);
#12483=ORIENTED_EDGE('',*,*,#12482,.T.);
#12484=EDGE_LOOP('',(#12468,#12469,#12471,#12473,#12475,#12477,#12479,#12481,
#12483));
#12485=FACE_OUTER_BOUND('',#12484,.F.);
#12486=ADVANCED_FACE('',(#12485),#12467,.F.);
#12487=CARTESIAN_POINT('',(0.E0,0.E0,-2.015E0));
#12488=DIRECTION('',(0.E0,0.E0,1.E0));
#12489=DIRECTION('',(-1.E0,0.E0,0.E0));
#12490=AXIS2_PLACEMENT_3D('',#12487,#12488,#12489);
#12491=CYLINDRICAL_SURFACE('',#12490,3.27E0);
#12493=ORIENTED_EDGE('',*,*,#12492,.T.);
#12495=ORIENTED_EDGE('',*,*,#12494,.T.);
#12497=ORIENTED_EDGE('',*,*,#12496,.T.);
#12498=ORIENTED_EDGE('',*,*,#12470,.T.);
#12499=ORIENTED_EDGE('',*,*,#12458,.T.);
#12501=ORIENTED_EDGE('',*,*,#12500,.F.);
#12502=ORIENTED_EDGE('',*,*,#12389,.F.);
#12504=ORIENTED_EDGE('',*,*,#12503,.F.);
#12506=ORIENTED_EDGE('',*,*,#12505,.F.);
#12507=ORIENTED_EDGE('',*,*,#12383,.T.);
#12509=ORIENTED_EDGE('',*,*,#12508,.F.);
#12510=ORIENTED_EDGE('',*,*,#12152,.T.);
#12511=ORIENTED_EDGE('',*,*,#12225,.T.);
#12513=ORIENTED_EDGE('',*,*,#12512,.T.);
#12515=ORIENTED_EDGE('',*,*,#12514,.T.);
#12517=ORIENTED_EDGE('',*,*,#12516,.T.);
#12519=ORIENTED_EDGE('',*,*,#12518,.T.);
#12521=ORIENTED_EDGE('',*,*,#12520,.T.);
#12523=ORIENTED_EDGE('',*,*,#12522,.F.);
#12525=ORIENTED_EDGE('',*,*,#12524,.T.);
#12527=ORIENTED_EDGE('',*,*,#12526,.T.);
#12528=EDGE_LOOP('',(#12493,#12495,#12497,#12498,#12499,#12501,#12502,#12504,
#12506,#12507,#12509,#12510,#12511,#12513,#12515,#12517,#12519,#12521,#12523,
#12525,#12527));
#12529=FACE_OUTER_BOUND('',#12528,.F.);
#12530=ADVANCED_FACE('',(#12529),#12491,.F.);
#12531=CARTESIAN_POINT('',(1.779563313913E0,0.E0,9.423573433625E-1));
#12532=CARTESIAN_POINT('',(1.779946076992E0,0.E0,9.682382278876E-1));
#12533=CARTESIAN_POINT('',(1.782712366894E0,0.E0,1.155317254774E0));
#12534=CARTESIAN_POINT('',(1.792153401124E0,0.E0,1.794630193053E0));
#12535=CARTESIAN_POINT('',(1.804940135224E0,0.E0,2.664217560037E0));
#12536=CARTESIAN_POINT('',(1.815683862452E0,0.E0,3.398488445505E0));
#12537=CARTESIAN_POINT('',(1.819802443658E0,0.E0,3.680524689896E0));
#12538=CARTESIAN_POINT('',(1.820180317709E0,0.E0,3.706405804208E0));
#12540=DIRECTION('',(0.E0,-1.E0,0.E0));
#12541=VECTOR('',#12540,1.E0);
#12542=SURFACE_OF_LINEAR_EXTRUSION('',#12539,#12541);
#12544=ORIENTED_EDGE('',*,*,#12543,.T.);
#12545=ORIENTED_EDGE('',*,*,#12492,.F.);
#12547=ORIENTED_EDGE('',*,*,#12546,.F.);
#12549=ORIENTED_EDGE('',*,*,#12548,.F.);
#12550=EDGE_LOOP('',(#12544,#12545,#12547,#12549));
#12551=FACE_OUTER_BOUND('',#12550,.F.);
#12552=ADVANCED_FACE('',(#12551),#12542,.T.);
#12553=CARTESIAN_POINT('',(2.418982502971E0,-3.460892438555E0,3.62E0));
#12554=DIRECTION('',(0.E0,1.E0,0.E0));
#12555=DIRECTION('',(-9.998933543411E-1,0.E0,1.460410711074E-2));
#12556=AXIS2_PLACEMENT_3D('',#12553,#12554,#12555);
#12557=CYLINDRICAL_SURFACE('',#12556,6.E-1);
#12558=ORIENTED_EDGE('',*,*,#12543,.F.);
#12560=ORIENTED_EDGE('',*,*,#12559,.F.);
#12562=ORIENTED_EDGE('',*,*,#12561,.F.);
#12564=ORIENTED_EDGE('',*,*,#12563,.T.);
#12565=ORIENTED_EDGE('',*,*,#12494,.F.);
#12566=EDGE_LOOP('',(#12558,#12560,#12562,#12564,#12565));
#12567=FACE_OUTER_BOUND('',#12566,.F.);
#12568=ADVANCED_FACE('',(#12567),#12557,.F.);
#12569=CARTESIAN_POINT('',(0.E0,0.E0,3.120999975922E0));
#12570=DIRECTION('',(0.E0,0.E0,1.E0));
#12571=DIRECTION('',(-1.E0,0.E0,0.E0));
#12572=AXIS2_PLACEMENT_3D('',#12569,#12570,#12571);
#12573=CONICAL_SURFACE('',#12572,3.814006666507E0,3.819662047290E-1);
#12575=ORIENTED_EDGE('',*,*,#12574,.T.);
#12577=ORIENTED_EDGE('',*,*,#12576,.T.);
#12579=ORIENTED_EDGE('',*,*,#12578,.F.);
#12581=ORIENTED_EDGE('',*,*,#12580,.T.);
#12582=ORIENTED_EDGE('',*,*,#12221,.T.);
#12583=ORIENTED_EDGE('',*,*,#12280,.F.);
#12584=ORIENTED_EDGE('',*,*,#12314,.T.);
#12586=ORIENTED_EDGE('',*,*,#12585,.F.);
#12587=ORIENTED_EDGE('',*,*,#12310,.F.);
#12589=ORIENTED_EDGE('',*,*,#12588,.F.);
#12590=ORIENTED_EDGE('',*,*,#12474,.T.);
#12592=ORIENTED_EDGE('',*,*,#12591,.T.);
#12594=ORIENTED_EDGE('',*,*,#12593,.F.);
#12595=ORIENTED_EDGE('',*,*,#12559,.T.);
#12596=ORIENTED_EDGE('',*,*,#12548,.T.);
#12598=ORIENTED_EDGE('',*,*,#12597,.F.);
#12599=EDGE_LOOP('',(#12575,#12577,#12579,#12581,#12582,#12583,#12584,#12586,
#12587,#12589,#12590,#12592,#12594,#12595,#12596,#12598));
#12600=FACE_OUTER_BOUND('',#12599,.F.);
#12601=ADVANCED_FACE('',(#12600),#12573,.T.);
#12602=CARTESIAN_POINT('',(-1.779563313913E0,0.E0,9.423573433624E-1));
#12603=CARTESIAN_POINT('',(-1.779946076992E0,0.E0,9.682382278876E-1));
#12604=CARTESIAN_POINT('',(-1.782712366894E0,0.E0,1.155317254774E0));
#12605=CARTESIAN_POINT('',(-1.792153401124E0,0.E0,1.794630193053E0));
#12606=CARTESIAN_POINT('',(-1.804940135224E0,0.E0,2.664217560037E0));
#12607=CARTESIAN_POINT('',(-1.815683862452E0,0.E0,3.398488445505E0));
#12608=CARTESIAN_POINT('',(-1.819802443658E0,0.E0,3.680524689896E0));
#12609=CARTESIAN_POINT('',(-1.820180317709E0,0.E0,3.706405804208E0));
#12611=DIRECTION('',(0.E0,1.E0,0.E0));
#12612=VECTOR('',#12611,1.E0);
#12613=SURFACE_OF_LINEAR_EXTRUSION('',#12610,#12612);
#12615=ORIENTED_EDGE('',*,*,#12614,.T.);
#12616=ORIENTED_EDGE('',*,*,#12574,.F.);
#12618=ORIENTED_EDGE('',*,*,#12617,.T.);
#12619=ORIENTED_EDGE('',*,*,#12516,.F.);
#12620=EDGE_LOOP('',(#12615,#12616,#12618,#12619));
#12621=FACE_OUTER_BOUND('',#12620,.F.);
#12622=ADVANCED_FACE('',(#12621),#12613,.T.);
#12623=CARTESIAN_POINT('',(-2.418982502971E0,-1.994071955248E0,3.62E0));
#12624=DIRECTION('',(0.E0,-1.E0,0.E0));
#12625=DIRECTION('',(9.998933543411E-1,0.E0,1.460410711074E-2));
#12626=AXIS2_PLACEMENT_3D('',#12623,#12624,#12625);
#12627=CYLINDRICAL_SURFACE('',#12626,6.E-1);
#12629=ORIENTED_EDGE('',*,*,#12628,.F.);
#12630=ORIENTED_EDGE('',*,*,#12576,.F.);
#12631=ORIENTED_EDGE('',*,*,#12614,.F.);
#12632=ORIENTED_EDGE('',*,*,#12514,.F.);
#12634=ORIENTED_EDGE('',*,*,#12633,.T.);
#12635=EDGE_LOOP('',(#12629,#12630,#12631,#12632,#12634));
#12636=FACE_OUTER_BOUND('',#12635,.F.);
#12637=ADVANCED_FACE('',(#12636),#12627,.F.);
#12638=CARTESIAN_POINT('',(5.038135815954E0,4.154252339471E0,4.22E0));
#12639=DIRECTION('',(0.E0,0.E0,1.E0));
#12640=DIRECTION('',(-7.071067811865E-1,7.071067811865E-1,0.E0));
#12641=AXIS2_PLACEMENT_3D('',#12638,#12639,#12640);
#12642=PLANE('',#12641);
#12644=ORIENTED_EDGE('',*,*,#12643,.F.);
#12645=ORIENTED_EDGE('',*,*,#12578,.T.);
#12646=ORIENTED_EDGE('',*,*,#12628,.T.);
#12647=EDGE_LOOP('',(#12644,#12645,#12646));
#12648=FACE_OUTER_BOUND('',#12647,.F.);
#12649=ADVANCED_FACE('',(#12648),#12642,.F.);
#12650=CARTESIAN_POINT('',(-2.832699352193E0,-2.782840327216E0,3.62E0));
#12651=DIRECTION('',(7.071067811865E-1,7.071067811865E-1,0.E0));
#12652=DIRECTION('',(-7.070017055071E-1,7.070017055071E-1,1.723881725085E-2));
#12653=AXIS2_PLACEMENT_3D('',#12650,#12651,#12652);
#12654=CYLINDRICAL_SURFACE('',#12653,6.E-1);
#12655=ORIENTED_EDGE('',*,*,#12223,.T.);
#12656=ORIENTED_EDGE('',*,*,#12580,.F.);
#12657=ORIENTED_EDGE('',*,*,#12643,.T.);
#12658=ORIENTED_EDGE('',*,*,#12633,.F.);
#12659=ORIENTED_EDGE('',*,*,#12512,.F.);
#12660=EDGE_LOOP('',(#12655,#12656,#12657,#12658,#12659));
#12661=FACE_OUTER_BOUND('',#12660,.F.);
#12662=ADVANCED_FACE('',(#12661),#12654,.F.);
#12663=CARTESIAN_POINT('',(0.E0,0.E0,1.02E0));
#12664=DIRECTION('',(0.E0,0.E0,1.E0));
#12665=DIRECTION('',(-1.E0,0.E0,0.E0));
#12666=AXIS2_PLACEMENT_3D('',#12663,#12664,#12665);
#12667=PLANE('',#12666);
#12669=ORIENTED_EDGE('',*,*,#12668,.T.);
#12671=ORIENTED_EDGE('',*,*,#12670,.T.);
#12673=ORIENTED_EDGE('',*,*,#12672,.T.);
#12675=ORIENTED_EDGE('',*,*,#12674,.T.);
#12676=ORIENTED_EDGE('',*,*,#12617,.F.);
#12677=ORIENTED_EDGE('',*,*,#12597,.T.);
#12678=ORIENTED_EDGE('',*,*,#12546,.T.);
#12679=EDGE_LOOP('',(#12669,#12671,#12673,#12675,#12676,#12677,#12678));
#12680=FACE_OUTER_BOUND('',#12679,.F.);
#12681=ADVANCED_FACE('',(#12680),#12667,.T.);
#12682=CARTESIAN_POINT('',(-5.038135815954E0,4.154252339471E0,4.22E0));
#12683=DIRECTION('',(-7.070017055071E-1,-7.070017055071E-1,1.723881725084E-2));
#12684=DIRECTION('',(-1.218968457770E-2,-1.218968457770E-2,-9.998514005490E-1));
#12685=AXIS2_PLACEMENT_3D('',#12682,#12683,#12684);
#12686=PLANE('',#12685);
#12688=ORIENTED_EDGE('',*,*,#12687,.F.);
#12690=ORIENTED_EDGE('',*,*,#12689,.T.);
#12692=ORIENTED_EDGE('',*,*,#12691,.F.);
#12694=ORIENTED_EDGE('',*,*,#12693,.F.);
#12695=ORIENTED_EDGE('',*,*,#12668,.F.);
#12696=ORIENTED_EDGE('',*,*,#12526,.F.);
#12698=ORIENTED_EDGE('',*,*,#12697,.T.);
#12699=EDGE_LOOP('',(#12688,#12690,#12692,#12694,#12695,#12696,#12698));
#12700=FACE_OUTER_BOUND('',#12699,.F.);
#12701=ADVANCED_FACE('',(#12700),#12686,.F.);
#12702=CARTESIAN_POINT('',(0.E0,0.E0,-1.58E0));
#12703=DIRECTION('',(0.E0,0.E0,1.E0));
#12704=DIRECTION('',(-1.E0,0.E0,0.E0));
#12705=AXIS2_PLACEMENT_3D('',#12702,#12703,#12704);
#12706=PLANE('',#12705);
#12708=ORIENTED_EDGE('',*,*,#12707,.T.);
#12710=ORIENTED_EDGE('',*,*,#12709,.T.);
#12711=ORIENTED_EDGE('',*,*,#12687,.T.);
#12713=ORIENTED_EDGE('',*,*,#12712,.T.);
#12714=EDGE_LOOP('',(#12708,#12710,#12711,#12713));
#12715=FACE_OUTER_BOUND('',#12714,.F.);
#12716=ADVANCED_FACE('',(#12715),#12706,.F.);
#12717=CARTESIAN_POINT('',(5.108846494073E0,4.083541661352E0,-1.58E0));
#12718=DIRECTION('',(7.070017055071E-1,-7.070017055071E-1,1.723881725084E-2));
#12719=DIRECTION('',(-1.218968457770E-2,1.218968457770E-2,9.998514005490E-1));
#12720=AXIS2_PLACEMENT_3D('',#12717,#12718,#12719);
#12721=PLANE('',#12720);
#12722=ORIENTED_EDGE('',*,*,#12707,.F.);
#12724=ORIENTED_EDGE('',*,*,#12723,.T.);
#12725=ORIENTED_EDGE('',*,*,#12518,.F.);
#12726=ORIENTED_EDGE('',*,*,#12674,.F.);
#12728=ORIENTED_EDGE('',*,*,#12727,.F.);
#12730=ORIENTED_EDGE('',*,*,#12729,.F.);
#12732=ORIENTED_EDGE('',*,*,#12731,.T.);
#12733=EDGE_LOOP('',(#12722,#12724,#12725,#12726,#12728,#12730,#12732));
#12734=FACE_OUTER_BOUND('',#12733,.F.);
#12735=ADVANCED_FACE('',(#12734),#12721,.F.);
#12736=CARTESIAN_POINT('',(0.E0,0.E0,-7.142023489479E-1));
#12737=DIRECTION('',(0.E0,0.E0,-1.E0));
#12738=DIRECTION('',(1.E0,0.E0,0.E0));
#12739=AXIS2_PLACEMENT_3D('',#12736,#12737,#12738);
#12740=CONICAL_SURFACE('',#12739,3.359917007405E0,5.940037252300E0);
#12741=ORIENTED_EDGE('',*,*,#12697,.F.);
#12742=ORIENTED_EDGE('',*,*,#12524,.F.);
#12744=ORIENTED_EDGE('',*,*,#12743,.T.);
#12746=ORIENTED_EDGE('',*,*,#12745,.F.);
#12748=ORIENTED_EDGE('',*,*,#12747,.T.);
#12749=ORIENTED_EDGE('',*,*,#12520,.F.);
#12750=ORIENTED_EDGE('',*,*,#12723,.F.);
#12751=ORIENTED_EDGE('',*,*,#12712,.F.);
#12752=EDGE_LOOP('',(#12741,#12742,#12744,#12746,#12748,#12749,#12750,#12751));
#12753=FACE_OUTER_BOUND('',#12752,.F.);
#12754=ADVANCED_FACE('',(#12753),#12740,.F.);
#12755=CARTESIAN_POINT('',(1.64E0,-2.1E0,-7.85E0));
#12756=DIRECTION('',(-1.E0,0.E0,0.E0));
#12757=DIRECTION('',(0.E0,-1.E0,0.E0));
#12758=AXIS2_PLACEMENT_3D('',#12755,#12756,#12757);
#12759=PLANE('',#12758);
#12760=ORIENTED_EDGE('',*,*,#12743,.F.);
#12762=ORIENTED_EDGE('',*,*,#12761,.F.);
#12764=ORIENTED_EDGE('',*,*,#12763,.T.);
#12766=ORIENTED_EDGE('',*,*,#12765,.F.);
#12767=EDGE_LOOP('',(#12760,#12762,#12764,#12766));
#12768=FACE_OUTER_BOUND('',#12767,.F.);
#12769=ADVANCED_FACE('',(#12768),#12759,.F.);
#12770=CARTESIAN_POINT('',(0.E0,0.E0,-1.450072803252E-2));
#12771=DIRECTION('',(0.E0,0.E0,1.E0));
#12772=DIRECTION('',(7.071067811865E-1,-7.071067811865E-1,0.E0));
#12773=AXIS2_PLACEMENT_3D('',#12770,#12771,#12772);
#12774=CONICAL_SURFACE('',#12773,3.085E0,4.8E1);
#12775=ORIENTED_EDGE('',*,*,#12522,.T.);
#12777=ORIENTED_EDGE('',*,*,#12776,.T.);
#12779=ORIENTED_EDGE('',*,*,#12778,.T.);
#12781=ORIENTED_EDGE('',*,*,#12780,.F.);
#12783=ORIENTED_EDGE('',*,*,#12782,.F.);
#12784=ORIENTED_EDGE('',*,*,#12761,.T.);
#12785=EDGE_LOOP('',(#12775,#12777,#12779,#12781,#12783,#12784));
#12786=FACE_OUTER_BOUND('',#12785,.F.);
#12787=ADVANCED_FACE('',(#12786),#12774,.F.);
#12788=CARTESIAN_POINT('',(-1.64E0,-3.3E0,-7.85E0));
#12789=DIRECTION('',(1.E0,0.E0,0.E0));
#12790=DIRECTION('',(0.E0,1.E0,0.E0));
#12791=AXIS2_PLACEMENT_3D('',#12788,#12789,#12790);
#12792=PLANE('',#12791);
#12793=ORIENTED_EDGE('',*,*,#12747,.F.);
#12795=ORIENTED_EDGE('',*,*,#12794,.F.);
#12797=ORIENTED_EDGE('',*,*,#12796,.T.);
#12798=ORIENTED_EDGE('',*,*,#12776,.F.);
#12799=EDGE_LOOP('',(#12793,#12795,#12797,#12798));
#12800=FACE_OUTER_BOUND('',#12799,.F.);
#12801=ADVANCED_FACE('',(#12800),#12792,.F.);
#12802=CARTESIAN_POINT('',(0.E0,0.E0,-2.119407806656E-1));
#12803=DIRECTION('',(0.E0,0.E0,1.E0));
#12804=DIRECTION('',(7.071067811865E-1,-7.071067811865E-1,0.E0));
#12805=AXIS2_PLACEMENT_3D('',#12802,#12803,#12804);
#12806=CONICAL_SURFACE('',#12805,3.164615916590E0,4.8E1);
#12807=ORIENTED_EDGE('',*,*,#12745,.T.);
#12808=ORIENTED_EDGE('',*,*,#12765,.T.);
#12810=ORIENTED_EDGE('',*,*,#12809,.T.);
#12812=ORIENTED_EDGE('',*,*,#12811,.T.);
#12814=ORIENTED_EDGE('',*,*,#12813,.T.);
#12815=ORIENTED_EDGE('',*,*,#12794,.T.);
#12816=EDGE_LOOP('',(#12807,#12808,#12810,#12812,#12814,#12815));
#12817=FACE_OUTER_BOUND('',#12816,.F.);
#12818=ADVANCED_FACE('',(#12817),#12806,.T.);
#12819=CARTESIAN_POINT('',(1.372265415287E0,-2.481090735559E0,
-7.890960385586E-2));
#12820=CARTESIAN_POINT('',(1.372610621564E0,-2.512020797691E0,
-1.091609386227E-1));
#12821=CARTESIAN_POINT('',(1.373317127093E0,-2.576511719900E0,
-1.724934494944E-1));
#12822=CARTESIAN_POINT('',(1.374192580702E0,-2.659579737096E0,
-2.547003665146E-1));
#12823=CARTESIAN_POINT('',(1.374725378369E0,-2.711748194967E0,
-3.066215786755E-1));
#12824=CARTESIAN_POINT('',(1.374914678288E0,-2.730493643181E0,
-3.253142762057E-1));
#12825=CARTESIAN_POINT('',(1.532849328549E0,-2.340335350873E0,
-2.257633155124E-1));
#12826=CARTESIAN_POINT('',(1.533950053881E0,-2.371447615279E0,
-2.553631338265E-1));
#12827=CARTESIAN_POINT('',(1.536184758965E0,-2.436330087673E0,
-3.173779556665E-1));
#12828=CARTESIAN_POINT('',(1.538911592323E0,-2.519925401268E0,
-3.979881062701E-1));
#12829=CARTESIAN_POINT('',(1.540552126242E0,-2.572433037899E0,
-4.489533913248E-1));
#12830=CARTESIAN_POINT('',(1.541132675686E0,-2.591301182676E0,
-4.673083677781E-1));
#12831=CARTESIAN_POINT('',(1.748035949361E0,-2.440274804193E0,
-1.214939143441E-1));
#12832=CARTESIAN_POINT('',(1.748600242622E0,-2.472103767979E0,
-1.506735995784E-1));
#12833=CARTESIAN_POINT('',(1.749735684162E0,-2.538436000954E0,
-2.118387041956E-1));
#12834=CARTESIAN_POINT('',(1.751097127994E0,-2.623787616208E0,
-2.914191733702E-1));
#12835=CARTESIAN_POINT('',(1.751905226414E0,-2.677345967365E0,
-3.417680248761E-1));
#12836=CARTESIAN_POINT('',(1.752189837353E0,-2.696585198717E0,
-3.599052204959E-1));
#12837=CARTESIAN_POINT('',(1.620619084707E0,-2.596434012285E0,
4.143100231498E-2));
#12838=CARTESIAN_POINT('',(1.620345177804E0,-2.628191239786E0,
1.166455639299E-2));
#12839=CARTESIAN_POINT('',(1.619782988590E0,-2.694355376431E0,
-5.068726901844E-2));
#12840=CARTESIAN_POINT('',(1.619082603059E0,-2.779450396792E0,
-1.317057982092E-1));
#12841=CARTESIAN_POINT('',(1.618654660649E0,-2.832831517454E0,
-1.829155649595E-1));
#12842=CARTESIAN_POINT('',(1.618502408601E0,-2.852005248393E0,
-2.013569147576E-1));
#12843=(BOUNDED_SURFACE()B_SPLINE_SURFACE(3,3,((#12819,#12820,#12821,#12822,
#12823,#12824),(#12825,#12826,#12827,#12828,#12829,#12830),(#12831,#12832,
#12833,#12834,#12835,#12836),(#12837,#12838,#12839,#12840,#12841,#12842)),
.UNSPECIFIED.,.F.,.F.,.F.)B_SPLINE_SURFACE_WITH_KNOTS((4,4),(4,1,1,4),(0.E0,
1.E0),(2.157259285581E-2,3.276399298205E-1,6.609714864701E-1,8.481948930685E-1),
.UNSPECIFIED.)GEOMETRIC_REPRESENTATION_ITEM()RATIONAL_B_SPLINE_SURFACE(((
1.856896803549E0,1.856896803549E0,1.856896803549E0,1.856896803549E0,
1.856896803549E0,1.856896803549E0),(7.143677321503E-1,7.143677321503E-1,
7.143677321503E-1,7.143677321503E-1,7.143677321503E-1,7.143677321503E-1),(
7.143677321503E-1,7.143677321503E-1,7.143677321503E-1,7.143677321503E-1,
7.143677321503E-1,7.143677321503E-1),(1.856896803549E0,1.856896803549E0,
1.856896803549E0,1.856896803549E0,1.856896803549E0,1.856896803549E0)))REPRESENTATION_ITEM('')SURFACE());
#12844=ORIENTED_EDGE('',*,*,#12809,.F.);
#12845=ORIENTED_EDGE('',*,*,#12763,.F.);
#12846=ORIENTED_EDGE('',*,*,#12782,.T.);
#12848=ORIENTED_EDGE('',*,*,#12847,.F.);
#12849=EDGE_LOOP('',(#12844,#12845,#12846,#12848));
#12850=FACE_OUTER_BOUND('',#12849,.F.);
#12851=ADVANCED_FACE('',(#12850),#12843,.T.);
#12852=CARTESIAN_POINT('',(0.E0,0.E0,-2.553899587754E-1));
#12853=DIRECTION('',(0.E0,0.E0,-1.E0));
#12854=DIRECTION('',(-7.071067811865E-1,7.071067811865E-1,0.E0));
#12855=AXIS2_PLACEMENT_3D('',#12852,#12853,#12854);
#12856=CONICAL_SURFACE('',#12855,2.966913060636E0,4.2E1);
#12858=ORIENTED_EDGE('',*,*,#12857,.T.);
#12859=ORIENTED_EDGE('',*,*,#12811,.F.);
#12860=ORIENTED_EDGE('',*,*,#12847,.T.);
#12861=ORIENTED_EDGE('',*,*,#12780,.T.);
#12862=EDGE_LOOP('',(#12858,#12859,#12860,#12861));
#12863=FACE_OUTER_BOUND('',#12862,.F.);
#12864=ADVANCED_FACE('',(#12863),#12856,.F.);
#12865=CARTESIAN_POINT('',(-1.374914651451E0,-2.730490988785E0,
-3.253116292233E-1));
#12866=CARTESIAN_POINT('',(-1.374725360248E0,-2.711746423719E0,
-3.066198157663E-1));
#12867=CARTESIAN_POINT('',(-1.374192571312E0,-2.659578849113E0,
-2.546994876875E-1));
#12868=CARTESIAN_POINT('',(-1.373316370447E0,-2.576439928013E0,
-1.724224017577E-1));
#12869=CARTESIAN_POINT('',(-1.372609042718E0,-2.511876683876E0,
-1.090194140019E-1));
#12870=CARTESIAN_POINT('',(-1.372262997838E0,-2.480874147083E0,
-7.869777014267E-2));
#12871=CARTESIAN_POINT('',(-1.541132593436E0,-2.591298510824E0,
-4.673057687013E-1));
#12872=CARTESIAN_POINT('',(-1.540552070499E0,-2.572431255052E0,
-4.489516609552E-1));
#12873=CARTESIAN_POINT('',(-1.538911563129E0,-2.519924507567E0,
-3.979872445962E-1));
#12874=CARTESIAN_POINT('',(-1.536182402243E0,-2.436257839985E0,
-3.173082880261E-1));
#12875=CARTESIAN_POINT('',(-1.533945059933E0,-2.371302626435E0,
-2.552245539438E-1));
#12876=CARTESIAN_POINT('',(-1.532841620176E0,-2.340117486533E0,
-2.255560444616E-1));
#12877=CARTESIAN_POINT('',(-1.752189797099E0,-2.696582474329E0,
-3.599026522459E-1));
#12878=CARTESIAN_POINT('',(-1.751905199024E0,-2.677344148856E0,
-3.417663154245E-1));
#12879=CARTESIAN_POINT('',(-1.751097113485E0,-2.623786703743E0,
-2.914183226925E-1));
#12880=CARTESIAN_POINT('',(-1.749734507576E0,-2.538362235386E0,
-2.117699264515E-1));
#12881=CARTESIAN_POINT('',(-1.748597705266E0,-2.471955539346E0,
-1.505369185581E-1));
#12882=CARTESIAN_POINT('',(-1.748031997606E0,-2.440051920810E0,
-1.212895854809E-1));
#12883=CARTESIAN_POINT('',(-1.618502430159E0,-2.852002533328E0,
-2.013543033909E-1));
#12884=CARTESIAN_POINT('',(-1.618654675177E0,-2.832829705009E0,
-1.829138262299E-1));
#12885=CARTESIAN_POINT('',(-1.619082610544E0,-2.779449487116E0,
-1.317049321105E-1));
#12886=CARTESIAN_POINT('',(-1.619783593900E0,-2.694281832673E0,
-5.061724837592E-2));
#12887=CARTESIAN_POINT('',(-1.620346434113E0,-2.628043386793E0,
1.180388944029E-2));
#12888=CARTESIAN_POINT('',(-1.620621002814E0,-2.596211631137E0,
4.163944032022E-2));
#12889=(BOUNDED_SURFACE()B_SPLINE_SURFACE(3,3,((#12865,#12866,#12867,#12868,
#12869,#12870),(#12871,#12872,#12873,#12874,#12875,#12876),(#12877,#12878,
#12879,#12880,#12881,#12882),(#12883,#12884,#12885,#12886,#12887,#12888)),
.UNSPECIFIED.,.F.,.F.,.F.)B_SPLINE_SURFACE_WITH_KNOTS((4,4),(4,1,1,4),(0.E0,
1.E0),(1.518139439798E-1,3.390285135299E-1,6.723600701795E-1,9.791418186198E-1),
.UNSPECIFIED.)GEOMETRIC_REPRESENTATION_ITEM()RATIONAL_B_SPLINE_SURFACE(((
1.856896803850E0,1.856896803850E0,1.856896803850E0,1.856896803850E0,
1.856896803850E0,1.856896803850E0),(7.143677320499E-1,7.143677320499E-1,
7.143677320499E-1,7.143677320499E-1,7.143677320499E-1,7.143677320499E-1),(
7.143677320499E-1,7.143677320499E-1,7.143677320499E-1,7.143677320499E-1,
7.143677320499E-1,7.143677320499E-1),(1.856896803850E0,1.856896803850E0,
1.856896803850E0,1.856896803850E0,1.856896803850E0,1.856896803850E0)))REPRESENTATION_ITEM('')SURFACE());
#12890=ORIENTED_EDGE('',*,*,#12778,.F.);
#12891=ORIENTED_EDGE('',*,*,#12796,.F.);
#12892=ORIENTED_EDGE('',*,*,#12813,.F.);
#12893=ORIENTED_EDGE('',*,*,#12857,.F.);
#12894=EDGE_LOOP('',(#12890,#12891,#12892,#12893));
#12895=FACE_OUTER_BOUND('',#12894,.F.);
#12896=ADVANCED_FACE('',(#12895),#12889,.T.);
#12897=CARTESIAN_POINT('',(0.E0,0.E0,-1.71E0));
#12898=DIRECTION('',(0.E0,0.E0,1.E0));
#12899=DIRECTION('',(0.E0,1.E0,0.E0));
#12900=AXIS2_PLACEMENT_3D('',#12897,#12898,#12899);
#12901=CYLINDRICAL_SURFACE('',#12900,4.54E0);
#12903=ORIENTED_EDGE('',*,*,#12902,.F.);
#12905=ORIENTED_EDGE('',*,*,#12904,.F.);
#12906=ORIENTED_EDGE('',*,*,#12727,.T.);
#12907=ORIENTED_EDGE('',*,*,#12672,.F.);
#12908=ORIENTED_EDGE('',*,*,#12670,.F.);
#12909=ORIENTED_EDGE('',*,*,#12693,.T.);
#12910=EDGE_LOOP('',(#12903,#12905,#12906,#12907,#12908,#12909));
#12911=FACE_OUTER_BOUND('',#12910,.F.);
#12912=ADVANCED_FACE('',(#12911),#12901,.T.);
#12913=CARTESIAN_POINT('',(0.E0,0.E0,-9.191140640343E-1));
#12914=DIRECTION('',(0.E0,0.E0,1.E0));
#12915=DIRECTION('',(0.E0,1.E0,0.E0));
#12916=AXIS2_PLACEMENT_3D('',#12913,#12914,#12915);
#12917=CONICAL_SURFACE('',#12916,4.310876522785E0,2.302549200853E1);
#12919=ORIENTED_EDGE('',*,*,#12918,.F.);
#12921=ORIENTED_EDGE('',*,*,#12920,.F.);
#12922=ORIENTED_EDGE('',*,*,#12729,.T.);
#12923=ORIENTED_EDGE('',*,*,#12904,.T.);
#12924=ORIENTED_EDGE('',*,*,#12902,.T.);
#12925=ORIENTED_EDGE('',*,*,#12691,.T.);
#12926=EDGE_LOOP('',(#12919,#12921,#12922,#12923,#12924,#12925));
#12927=FACE_OUTER_BOUND('',#12926,.F.);
#12928=ADVANCED_FACE('',(#12927),#12917,.T.);
#12929=CARTESIAN_POINT('',(0.E0,0.E0,-1.38E0));
#12930=DIRECTION('',(0.E0,0.E0,1.E0));
#12931=DIRECTION('',(-6.083458608370E-1,-7.936720441104E-1,0.E0));
#12932=AXIS2_PLACEMENT_3D('',#12929,#12930,#12931);
#12933=TOROIDAL_SURFACE('',#12932,3.897686861879E0,2.E-1);
#12934=ORIENTED_EDGE('',*,*,#12689,.F.);
#12935=ORIENTED_EDGE('',*,*,#12709,.F.);
#12936=ORIENTED_EDGE('',*,*,#12731,.F.);
#12937=ORIENTED_EDGE('',*,*,#12920,.T.);
#12938=ORIENTED_EDGE('',*,*,#12918,.T.);
#12939=EDGE_LOOP('',(#12934,#12935,#12936,#12937,#12938));
#12940=FACE_OUTER_BOUND('',#12939,.F.);
#12941=ADVANCED_FACE('',(#12940),#12933,.T.);
#12942=CARTESIAN_POINT('',(0.E0,0.E0,5.22E0));
#12943=DIRECTION('',(0.E0,0.E0,1.E0));
#12944=DIRECTION('',(-9.996263185732E-1,2.733538395063E-2,0.E0));
#12945=AXIS2_PLACEMENT_3D('',#12942,#12943,#12944);
#12946=TOROIDAL_SURFACE('',#12945,4.128006666593E0,3.E-1);
#12947=ORIENTED_EDGE('',*,*,#12585,.T.);
#12949=ORIENTED_EDGE('',*,*,#12948,.F.);
#12951=ORIENTED_EDGE('',*,*,#12950,.F.);
#12953=ORIENTED_EDGE('',*,*,#12952,.T.);
#12954=EDGE_LOOP('',(#12947,#12949,#12951,#12953));
#12955=FACE_OUTER_BOUND('',#12954,.F.);
#12956=ADVANCED_FACE('',(#12955),#12946,.F.);
#12957=CARTESIAN_POINT('',(0.E0,0.E0,5.22E0));
#12958=DIRECTION('',(0.E0,0.E0,1.E0));
#12959=DIRECTION('',(9.996263185732E-1,-2.733538395063E-2,0.E0));
#12960=AXIS2_PLACEMENT_3D('',#12957,#12958,#12959);
#12961=TOROIDAL_SURFACE('',#12960,4.128006666593E0,3.E-1);
#12962=ORIENTED_EDGE('',*,*,#12312,.T.);
#12963=ORIENTED_EDGE('',*,*,#12952,.F.);
#12965=ORIENTED_EDGE('',*,*,#12964,.F.);
#12966=ORIENTED_EDGE('',*,*,#12948,.T.);
#12967=EDGE_LOOP('',(#12962,#12963,#12965,#12966));
#12968=FACE_OUTER_BOUND('',#12967,.F.);
#12969=ADVANCED_FACE('',(#12968),#12961,.F.);
#12970=CARTESIAN_POINT('',(0.E0,0.E0,5.52E0));
#12971=DIRECTION('',(0.E0,0.E0,1.E0));
#12972=DIRECTION('',(-1.E0,0.E0,0.E0));
#12973=AXIS2_PLACEMENT_3D('',#12970,#12971,#12972);
#12974=PLANE('',#12973);
#12976=ORIENTED_EDGE('',*,*,#12975,.T.);
#12978=ORIENTED_EDGE('',*,*,#12977,.T.);
#12980=ORIENTED_EDGE('',*,*,#12979,.T.);
#12982=ORIENTED_EDGE('',*,*,#12981,.T.);
#12983=EDGE_LOOP('',(#12976,#12978,#12980,#12982));
#12984=FACE_OUTER_BOUND('',#12983,.F.);
#12985=ORIENTED_EDGE('',*,*,#12950,.T.);
#12986=ORIENTED_EDGE('',*,*,#12964,.T.);
#12987=EDGE_LOOP('',(#12985,#12986));
#12988=FACE_BOUND('',#12987,.F.);
#12989=ADVANCED_FACE('',(#12984,#12988),#12974,.F.);
#12990=CARTESIAN_POINT('',(0.E0,0.E0,5.72E0));
#12991=DIRECTION('',(0.E0,0.E0,1.E0));
#12992=DIRECTION('',(9.996233998405E-1,2.744191121801E-2,0.E0));
#12993=AXIS2_PLACEMENT_3D('',#12990,#12991,#12992);
#12994=TOROIDAL_SURFACE('',#12993,4.95E0,2.E-1);
#12995=ORIENTED_EDGE('',*,*,#12977,.F.);
#12996=ORIENTED_EDGE('',*,*,#12975,.F.);
#12998=ORIENTED_EDGE('',*,*,#12997,.F.);
#13000=ORIENTED_EDGE('',*,*,#12999,.T.);
#13002=ORIENTED_EDGE('',*,*,#13001,.T.);
#13004=ORIENTED_EDGE('',*,*,#13003,.T.);
#13005=EDGE_LOOP('',(#12995,#12996,#12998,#13000,#13002,#13004));
#13006=FACE_OUTER_BOUND('',#13005,.F.);
#13007=ADVANCED_FACE('',(#13006),#12994,.T.);
#13008=CARTESIAN_POINT('',(0.E0,0.E0,5.72E0));
#13009=DIRECTION('',(0.E0,0.E0,1.E0));
#13010=DIRECTION('',(-9.996233998405E-1,-2.744191121801E-2,0.E0));
#13011=AXIS2_PLACEMENT_3D('',#13008,#13009,#13010);
#13012=TOROIDAL_SURFACE('',#13011,4.95E0,2.E-1);
#13013=ORIENTED_EDGE('',*,*,#12981,.F.);
#13014=ORIENTED_EDGE('',*,*,#12979,.F.);
#13015=ORIENTED_EDGE('',*,*,#13003,.F.);
#13017=ORIENTED_EDGE('',*,*,#13016,.T.);
#13019=ORIENTED_EDGE('',*,*,#13018,.T.);
#13020=ORIENTED_EDGE('',*,*,#12997,.T.);
#13021=EDGE_LOOP('',(#13013,#13014,#13015,#13017,#13019,#13020));
#13022=FACE_OUTER_BOUND('',#13021,.F.);
#13023=ADVANCED_FACE('',(#13022),#13012,.T.);
#13024=CARTESIAN_POINT('',(0.E0,0.E0,-2.015E0));
#13025=DIRECTION('',(0.E0,0.E0,1.E0));
#13026=DIRECTION('',(-1.E0,0.E0,0.E0));
#13027=AXIS2_PLACEMENT_3D('',#13024,#13025,#13026);
#13028=CYLINDRICAL_SURFACE('',#13027,5.15E0);
#13029=ORIENTED_EDGE('',*,*,#13018,.F.);
#13030=ORIENTED_EDGE('',*,*,#13016,.F.);
#13032=ORIENTED_EDGE('',*,*,#13031,.T.);
#13034=ORIENTED_EDGE('',*,*,#13033,.F.);
#13036=ORIENTED_EDGE('',*,*,#13035,.F.);
#13038=ORIENTED_EDGE('',*,*,#13037,.F.);
#13039=EDGE_LOOP('',(#13029,#13030,#13032,#13034,#13036,#13038));
#13040=FACE_OUTER_BOUND('',#13039,.F.);
#13041=ADVANCED_FACE('',(#13040),#13028,.T.);
#13042=CARTESIAN_POINT('',(0.E0,0.E0,-2.015E0));
#13043=DIRECTION('',(0.E0,0.E0,1.E0));
#13044=DIRECTION('',(-1.E0,0.E0,0.E0));
#13045=AXIS2_PLACEMENT_3D('',#13042,#13043,#13044);
#13046=CYLINDRICAL_SURFACE('',#13045,5.15E0);
#13047=ORIENTED_EDGE('',*,*,#13001,.F.);
#13048=ORIENTED_EDGE('',*,*,#12999,.F.);
#13049=ORIENTED_EDGE('',*,*,#13037,.T.);
#13051=ORIENTED_EDGE('',*,*,#13050,.F.);
#13053=ORIENTED_EDGE('',*,*,#13052,.F.);
#13054=ORIENTED_EDGE('',*,*,#13031,.F.);
#13055=EDGE_LOOP('',(#13047,#13048,#13049,#13051,#13053,#13054));
#13056=FACE_OUTER_BOUND('',#13055,.F.);
#13057=ADVANCED_FACE('',(#13056),#13046,.T.);
#13058=CARTESIAN_POINT('',(0.E0,0.E0,6.92E0));
#13059=DIRECTION('',(0.E0,0.E0,1.E0));
#13060=DIRECTION('',(9.998274554492E-1,1.857577265921E-2,0.E0));
#13061=AXIS2_PLACEMENT_3D('',#13058,#13059,#13060);
#13062=TOROIDAL_SURFACE('',#13061,4.95E0,2.E-1);
#13064=ORIENTED_EDGE('',*,*,#13063,.F.);
#13066=ORIENTED_EDGE('',*,*,#13065,.F.);
#13068=ORIENTED_EDGE('',*,*,#13067,.T.);
#13069=ORIENTED_EDGE('',*,*,#13052,.T.);
#13070=ORIENTED_EDGE('',*,*,#13050,.T.);
#13072=ORIENTED_EDGE('',*,*,#13071,.F.);
#13074=ORIENTED_EDGE('',*,*,#13073,.F.);
#13075=EDGE_LOOP('',(#13064,#13066,#13068,#13069,#13070,#13072,#13074));
#13076=FACE_OUTER_BOUND('',#13075,.F.);
#13077=ADVANCED_FACE('',(#13076),#13062,.T.);
#13078=CARTESIAN_POINT('',(2.5E-2,-4.95E0,7.12E0));
#13079=DIRECTION('',(0.E0,-1.E0,0.E0));
#13080=DIRECTION('',(1.E0,0.E0,0.E0));
#13081=AXIS2_PLACEMENT_3D('',#13078,#13079,#13080);
#13082=PLANE('',#13081);
#13084=ORIENTED_EDGE('',*,*,#13083,.T.);
#13085=ORIENTED_EDGE('',*,*,#13063,.T.);
#13087=ORIENTED_EDGE('',*,*,#13086,.F.);
#13089=ORIENTED_EDGE('',*,*,#13088,.F.);
#13090=EDGE_LOOP('',(#13084,#13085,#13087,#13089));
#13091=FACE_OUTER_BOUND('',#13090,.F.);
#13092=ADVANCED_FACE('',(#13091),#13082,.T.);
#13093=CARTESIAN_POINT('',(1.5E-1,-4.95E0,7.12E0));
#13094=DIRECTION('',(1.E0,0.E0,0.E0));
#13095=DIRECTION('',(0.E0,1.E0,0.E0));
#13096=AXIS2_PLACEMENT_3D('',#13093,#13094,#13095);
#13097=PLANE('',#13096);
#13099=ORIENTED_EDGE('',*,*,#13098,.T.);
#13100=ORIENTED_EDGE('',*,*,#13083,.F.);
#13102=ORIENTED_EDGE('',*,*,#13101,.F.);
#13104=ORIENTED_EDGE('',*,*,#13103,.T.);
#13105=EDGE_LOOP('',(#13099,#13100,#13102,#13104));
#13106=FACE_OUTER_BOUND('',#13105,.F.);
#13107=ADVANCED_FACE('',(#13106),#13097,.T.);
#13108=CARTESIAN_POINT('',(0.E0,0.E0,7.12E0));
#13109=DIRECTION('',(0.E0,0.E0,1.E0));
#13110=DIRECTION('',(-1.E0,0.E0,0.E0));
#13111=AXIS2_PLACEMENT_3D('',#13108,#13109,#13110);
#13112=PLANE('',#13111);
#13113=ORIENTED_EDGE('',*,*,#13098,.F.);
#13115=ORIENTED_EDGE('',*,*,#13114,.F.);
#13117=ORIENTED_EDGE('',*,*,#13116,.T.);
#13119=ORIENTED_EDGE('',*,*,#13118,.F.);
#13121=ORIENTED_EDGE('',*,*,#13120,.T.);
#13123=ORIENTED_EDGE('',*,*,#13122,.F.);
#13124=ORIENTED_EDGE('',*,*,#13073,.T.);
#13126=ORIENTED_EDGE('',*,*,#13125,.T.);
#13127=ORIENTED_EDGE('',*,*,#13065,.T.);
#13128=EDGE_LOOP('',(#13113,#13115,#13117,#13119,#13121,#13123,#13124,#13126,
#13127));
#13129=FACE_OUTER_BOUND('',#13128,.F.);
#13131=ORIENTED_EDGE('',*,*,#13130,.T.);
#13133=ORIENTED_EDGE('',*,*,#13132,.T.);
#13135=ORIENTED_EDGE('',*,*,#13134,.T.);
#13137=ORIENTED_EDGE('',*,*,#13136,.T.);
#13139=ORIENTED_EDGE('',*,*,#13138,.T.);
#13141=ORIENTED_EDGE('',*,*,#13140,.T.);
#13143=ORIENTED_EDGE('',*,*,#13142,.T.);
#13145=ORIENTED_EDGE('',*,*,#13144,.T.);
#13147=ORIENTED_EDGE('',*,*,#13146,.T.);
#13149=ORIENTED_EDGE('',*,*,#13148,.T.);
#13151=ORIENTED_EDGE('',*,*,#13150,.T.);
#13153=ORIENTED_EDGE('',*,*,#13152,.T.);
#13155=ORIENTED_EDGE('',*,*,#13154,.T.);
#13157=ORIENTED_EDGE('',*,*,#13156,.T.);
#13159=ORIENTED_EDGE('',*,*,#13158,.T.);
#13161=ORIENTED_EDGE('',*,*,#13160,.T.);
#13163=ORIENTED_EDGE('',*,*,#13162,.T.);
#13165=ORIENTED_EDGE('',*,*,#13164,.T.);
#13167=ORIENTED_EDGE('',*,*,#13166,.T.);
#13169=ORIENTED_EDGE('',*,*,#13168,.T.);
#13171=ORIENTED_EDGE('',*,*,#13170,.T.);
#13173=ORIENTED_EDGE('',*,*,#13172,.T.);
#13175=ORIENTED_EDGE('',*,*,#13174,.T.);
#13177=ORIENTED_EDGE('',*,*,#13176,.T.);
#13179=ORIENTED_EDGE('',*,*,#13178,.F.);
#13181=ORIENTED_EDGE('',*,*,#13180,.F.);
#13183=ORIENTED_EDGE('',*,*,#13182,.F.);
#13185=ORIENTED_EDGE('',*,*,#13184,.F.);
#13187=ORIENTED_EDGE('',*,*,#13186,.F.);
#13189=ORIENTED_EDGE('',*,*,#13188,.T.);
#13191=ORIENTED_EDGE('',*,*,#13190,.T.);
#13193=ORIENTED_EDGE('',*,*,#13192,.T.);
#13195=ORIENTED_EDGE('',*,*,#13194,.F.);
#13197=ORIENTED_EDGE('',*,*,#13196,.T.);
#13199=ORIENTED_EDGE('',*,*,#13198,.T.);
#13201=ORIENTED_EDGE('',*,*,#13200,.T.);
#13203=ORIENTED_EDGE('',*,*,#13202,.T.);
#13205=ORIENTED_EDGE('',*,*,#13204,.F.);
#13207=ORIENTED_EDGE('',*,*,#13206,.T.);
#13209=ORIENTED_EDGE('',*,*,#13208,.T.);
#13211=ORIENTED_EDGE('',*,*,#13210,.T.);
#13213=ORIENTED_EDGE('',*,*,#13212,.T.);
#13215=ORIENTED_EDGE('',*,*,#13214,.F.);
#13217=ORIENTED_EDGE('',*,*,#13216,.T.);
#13219=ORIENTED_EDGE('',*,*,#13218,.T.);
#13221=ORIENTED_EDGE('',*,*,#13220,.T.);
#13223=ORIENTED_EDGE('',*,*,#13222,.F.);
#13225=ORIENTED_EDGE('',*,*,#13224,.T.);
#13227=ORIENTED_EDGE('',*,*,#13226,.T.);
#13229=ORIENTED_EDGE('',*,*,#13228,.T.);
#13231=ORIENTED_EDGE('',*,*,#13230,.T.);
#13233=ORIENTED_EDGE('',*,*,#13232,.F.);
#13235=ORIENTED_EDGE('',*,*,#13234,.T.);
#13237=ORIENTED_EDGE('',*,*,#13236,.T.);
#13239=ORIENTED_EDGE('',*,*,#13238,.T.);
#13241=ORIENTED_EDGE('',*,*,#13240,.T.);
#13243=ORIENTED_EDGE('',*,*,#13242,.T.);
#13245=ORIENTED_EDGE('',*,*,#13244,.F.);
#13247=ORIENTED_EDGE('',*,*,#13246,.T.);
#13249=ORIENTED_EDGE('',*,*,#13248,.T.);
#13251=ORIENTED_EDGE('',*,*,#13250,.T.);
#13253=ORIENTED_EDGE('',*,*,#13252,.T.);
#13255=ORIENTED_EDGE('',*,*,#13254,.T.);
#13257=ORIENTED_EDGE('',*,*,#13256,.T.);
#13259=ORIENTED_EDGE('',*,*,#13258,.T.);
#13261=ORIENTED_EDGE('',*,*,#13260,.T.);
#13263=ORIENTED_EDGE('',*,*,#13262,.T.);
#13265=ORIENTED_EDGE('',*,*,#13264,.T.);
#13267=ORIENTED_EDGE('',*,*,#13266,.T.);
#13269=ORIENTED_EDGE('',*,*,#13268,.T.);
#13271=ORIENTED_EDGE('',*,*,#13270,.T.);
#13273=ORIENTED_EDGE('',*,*,#13272,.T.);
#13275=ORIENTED_EDGE('',*,*,#13274,.T.);
#13277=ORIENTED_EDGE('',*,*,#13276,.T.);
#13279=ORIENTED_EDGE('',*,*,#13278,.T.);
#13281=ORIENTED_EDGE('',*,*,#13280,.T.);
#13282=EDGE_LOOP('',(#13131,#13133,#13135,#13137,#13139,#13141,#13143,#13145,
#13147,#13149,#13151,#13153,#13155,#13157,#13159,#13161,#13163,#13165,#13167,
#13169,#13171,#13173,#13175,#13177,#13179,#13181,#13183,#13185,#13187,#13189,
#13191,#13193,#13195,#13197,#13199,#13201,#13203,#13205,#13207,#13209,#13211,
#13213,#13215,#13217,#13219,#13221,#13223,#13225,#13227,#13229,#13231,#13233,
#13235,#13237,#13239,#13241,#13243,#13245,#13247,#13249,#13251,#13253,#13255,
#13257,#13259,#13261,#13263,#13265,#13267,#13269,#13271,#13273,#13275,#13277,
#13279,#13281));
#13283=FACE_BOUND('',#13282,.F.);
#13285=ORIENTED_EDGE('',*,*,#13284,.T.);
#13287=ORIENTED_EDGE('',*,*,#13286,.T.);
#13289=ORIENTED_EDGE('',*,*,#13288,.T.);
#13291=ORIENTED_EDGE('',*,*,#13290,.T.);
#13293=ORIENTED_EDGE('',*,*,#13292,.F.);
#13295=ORIENTED_EDGE('',*,*,#13294,.T.);
#13297=ORIENTED_EDGE('',*,*,#13296,.T.);
#13299=ORIENTED_EDGE('',*,*,#13298,.T.);
#13301=ORIENTED_EDGE('',*,*,#13300,.F.);
#13303=ORIENTED_EDGE('',*,*,#13302,.T.);
#13305=ORIENTED_EDGE('',*,*,#13304,.T.);
#13307=ORIENTED_EDGE('',*,*,#13306,.T.);
#13309=ORIENTED_EDGE('',*,*,#13308,.T.);
#13311=ORIENTED_EDGE('',*,*,#13310,.T.);
#13313=ORIENTED_EDGE('',*,*,#13312,.T.);
#13315=ORIENTED_EDGE('',*,*,#13314,.T.);
#13316=EDGE_LOOP('',(#13285,#13287,#13289,#13291,#13293,#13295,#13297,#13299,
#13301,#13303,#13305,#13307,#13309,#13311,#13313,#13315));
#13317=FACE_BOUND('',#13316,.F.);
#13318=ADVANCED_FACE('',(#13129,#13283,#13317),#13112,.T.);
#13319=CARTESIAN_POINT('',(1.5E-1,-3.95E0,7.12E0));
#13320=DIRECTION('',(0.E0,1.E0,0.E0));
#13321=DIRECTION('',(-1.E0,0.E0,0.E0));
#13322=AXIS2_PLACEMENT_3D('',#13319,#13320,#13321);
#13323=PLANE('',#13322);
#13324=ORIENTED_EDGE('',*,*,#13114,.T.);
#13325=ORIENTED_EDGE('',*,*,#13103,.F.);
#13327=ORIENTED_EDGE('',*,*,#13326,.F.);
#13329=ORIENTED_EDGE('',*,*,#13328,.T.);
#13330=EDGE_LOOP('',(#13324,#13325,#13327,#13329));
#13331=FACE_OUTER_BOUND('',#13330,.F.);
#13332=ADVANCED_FACE('',(#13331),#13323,.T.);
#13333=CARTESIAN_POINT('',(0.E0,0.E0,7.27E0));
#13334=DIRECTION('',(0.E0,0.E0,1.E0));
#13335=DIRECTION('',(1.E0,0.E0,0.E0));
#13336=AXIS2_PLACEMENT_3D('',#13333,#13334,#13335);
#13337=PLANE('',#13336);
#13338=ORIENTED_EDGE('',*,*,#13101,.T.);
#13339=ORIENTED_EDGE('',*,*,#13088,.T.);
#13341=ORIENTED_EDGE('',*,*,#13340,.T.);
#13343=ORIENTED_EDGE('',*,*,#13342,.T.);
#13345=ORIENTED_EDGE('',*,*,#13344,.T.);
#13347=ORIENTED_EDGE('',*,*,#13346,.T.);
#13348=ORIENTED_EDGE('',*,*,#13326,.T.);
#13349=EDGE_LOOP('',(#13338,#13339,#13341,#13343,#13345,#13347,#13348));
#13350=FACE_OUTER_BOUND('',#13349,.F.);
#13351=ADVANCED_FACE('',(#13350),#13337,.T.);
#13352=CARTESIAN_POINT('',(2.5E-2,-4.120212745667E0,7.12E0));
#13353=DIRECTION('',(-1.E0,0.E0,0.E0));
#13354=DIRECTION('',(0.E0,-1.E0,0.E0));
#13355=AXIS2_PLACEMENT_3D('',#13352,#13353,#13354);
#13356=PLANE('',#13355);
#13357=ORIENTED_EDGE('',*,*,#13122,.T.);
#13359=ORIENTED_EDGE('',*,*,#13358,.F.);
#13360=ORIENTED_EDGE('',*,*,#13340,.F.);
#13361=ORIENTED_EDGE('',*,*,#13086,.T.);
#13362=EDGE_LOOP('',(#13357,#13359,#13360,#13361));
#13363=FACE_OUTER_BOUND('',#13362,.F.);
#13364=ADVANCED_FACE('',(#13363),#13356,.T.);
#13365=CARTESIAN_POINT('',(-1.E-1,-4.269148957729E0,7.12E0));
#13366=DIRECTION('',(7.659743427825E-1,-6.428711427642E-1,0.E0));
#13367=DIRECTION('',(6.428711427642E-1,7.659743427825E-1,0.E0));
#13368=AXIS2_PLACEMENT_3D('',#13365,#13366,#13367);
#13369=PLANE('',#13368);
#13370=ORIENTED_EDGE('',*,*,#13120,.F.);
#13372=ORIENTED_EDGE('',*,*,#13371,.F.);
#13373=ORIENTED_EDGE('',*,*,#13342,.F.);
#13374=ORIENTED_EDGE('',*,*,#13358,.T.);
#13375=EDGE_LOOP('',(#13370,#13372,#13373,#13374));
#13376=FACE_OUTER_BOUND('',#13375,.F.);
#13377=ADVANCED_FACE('',(#13376),#13369,.T.);
#13378=CARTESIAN_POINT('',(-1.E-1,-4.098936152458E0,7.12E0));
#13379=DIRECTION('',(-1.E0,0.E0,0.E0));
#13380=DIRECTION('',(0.E0,-1.E0,0.E0));
#13381=AXIS2_PLACEMENT_3D('',#13378,#13379,#13380);
#13382=PLANE('',#13381);
#13383=ORIENTED_EDGE('',*,*,#13118,.T.);
#13385=ORIENTED_EDGE('',*,*,#13384,.F.);
#13386=ORIENTED_EDGE('',*,*,#13344,.F.);
#13387=ORIENTED_EDGE('',*,*,#13371,.T.);
#13388=EDGE_LOOP('',(#13383,#13385,#13386,#13387));
#13389=FACE_OUTER_BOUND('',#13388,.F.);
#13390=ADVANCED_FACE('',(#13389),#13382,.T.);
#13391=CARTESIAN_POINT('',(2.5E-2,-3.95E0,7.12E0));
#13392=DIRECTION('',(-7.659742160926E-1,6.428712937139E-1,0.E0));
#13393=DIRECTION('',(-6.428712937139E-1,-7.659742160926E-1,0.E0));
#13394=AXIS2_PLACEMENT_3D('',#13391,#13392,#13393);
#13395=PLANE('',#13394);
#13396=ORIENTED_EDGE('',*,*,#13116,.F.);
#13397=ORIENTED_EDGE('',*,*,#13328,.F.);
#13398=ORIENTED_EDGE('',*,*,#13346,.F.);
#13399=ORIENTED_EDGE('',*,*,#13384,.T.);
#13400=EDGE_LOOP('',(#13396,#13397,#13398,#13399));
#13401=FACE_OUTER_BOUND('',#13400,.F.);
#13402=ADVANCED_FACE('',(#13401),#13395,.T.);
#13403=CARTESIAN_POINT('',(0.E0,0.E0,6.92E0));
#13404=DIRECTION('',(0.E0,0.E0,1.E0));
#13405=DIRECTION('',(-9.998274554492E-1,-1.857577265921E-2,0.E0));
#13406=AXIS2_PLACEMENT_3D('',#13403,#13404,#13405);
#13407=TOROIDAL_SURFACE('',#13406,4.95E0,2.E-1);
#13408=ORIENTED_EDGE('',*,*,#13035,.T.);
#13409=ORIENTED_EDGE('',*,*,#13033,.T.);
#13410=ORIENTED_EDGE('',*,*,#13067,.F.);
#13411=ORIENTED_EDGE('',*,*,#13125,.F.);
#13412=ORIENTED_EDGE('',*,*,#13071,.T.);
#13413=EDGE_LOOP('',(#13408,#13409,#13410,#13411,#13412));
#13414=FACE_OUTER_BOUND('',#13413,.F.);
#13415=ADVANCED_FACE('',(#13414),#13407,.T.);
#13416=CARTESIAN_POINT('',(-1.872259512958E0,3.387541919330E0,7.12E0));
#13417=DIRECTION('',(8.672948051848E-1,4.977948582493E-1,0.E0));
#13418=DIRECTION('',(-4.977948582493E-1,8.672948051848E-1,0.E0));
#13419=AXIS2_PLACEMENT_3D('',#13416,#13417,#13418);
#13420=PLANE('',#13419);
#13421=ORIENTED_EDGE('',*,*,#13130,.F.);
#13423=ORIENTED_EDGE('',*,*,#13422,.F.);
#13425=ORIENTED_EDGE('',*,*,#13424,.F.);
#13427=ORIENTED_EDGE('',*,*,#13426,.T.);
#13428=EDGE_LOOP('',(#13421,#13423,#13425,#13427));
#13429=FACE_OUTER_BOUND('',#13428,.F.);
#13430=ADVANCED_FACE('',(#13429),#13420,.T.);
#13431=CARTESIAN_POINT('',(-1.980671363606E0,3.325317562049E0,7.12E0));
#13432=DIRECTION('',(4.977948582493E-1,-8.672948051848E-1,0.E0));
#13433=DIRECTION('',(8.672948051848E-1,4.977948582493E-1,0.E0));
#13434=AXIS2_PLACEMENT_3D('',#13431,#13432,#13433);
#13435=PLANE('',#13434);
#13436=ORIENTED_EDGE('',*,*,#13422,.T.);
#13438=ORIENTED_EDGE('',*,*,#13437,.F.);
#13440=ORIENTED_EDGE('',*,*,#13439,.F.);
#13442=ORIENTED_EDGE('',*,*,#13441,.F.);
#13443=EDGE_LOOP('',(#13436,#13438,#13440,#13442));
#13444=FACE_OUTER_BOUND('',#13443,.F.);
#13445=ADVANCED_FACE('',(#13444),#13435,.T.);
#13446=CARTESIAN_POINT('',(0.E0,0.E0,6.52E0));
#13447=DIRECTION('',(0.E0,0.E0,1.E0));
#13448=DIRECTION('',(-9.990659737222E-1,-4.321088000260E-2,0.E0));
#13449=AXIS2_PLACEMENT_3D('',#13446,#13447,#13448);
#13450=TOROIDAL_SURFACE('',#13449,3.87E0,6.E-1);
#13451=ORIENTED_EDGE('',*,*,#13437,.T.);
#13452=ORIENTED_EDGE('',*,*,#13280,.F.);
#13454=ORIENTED_EDGE('',*,*,#13453,.T.);
#13455=ORIENTED_EDGE('',*,*,#13264,.F.);
#13457=ORIENTED_EDGE('',*,*,#13456,.T.);
#13458=ORIENTED_EDGE('',*,*,#13256,.F.);
#13460=ORIENTED_EDGE('',*,*,#13459,.F.);
#13461=ORIENTED_EDGE('',*,*,#13168,.F.);
#13462=ORIENTED_EDGE('',*,*,#13140,.F.);
#13464=ORIENTED_EDGE('',*,*,#13463,.F.);
#13465=ORIENTED_EDGE('',*,*,#12387,.T.);
#13466=ORIENTED_EDGE('',*,*,#12385,.T.);
#13468=ORIENTED_EDGE('',*,*,#13467,.T.);
#13469=ORIENTED_EDGE('',*,*,#13136,.F.);
#13470=EDGE_LOOP('',(#13451,#13452,#13454,#13455,#13457,#13458,#13460,#13461,
#13462,#13464,#13465,#13466,#13468,#13469));
#13471=FACE_OUTER_BOUND('',#13470,.F.);
#13472=ADVANCED_FACE('',(#13471),#13450,.T.);
#13473=CARTESIAN_POINT('',(-1.420194427224E0,3.600533811529E0,7.12E0));
#13474=DIRECTION('',(3.518582857442E-1,-9.360532820054E-1,0.E0));
#13475=DIRECTION('',(9.360532820054E-1,3.518582857442E-1,0.E0));
#13476=AXIS2_PLACEMENT_3D('',#13473,#13474,#13475);
#13477=PLANE('',#13476);
#13479=ORIENTED_EDGE('',*,*,#13478,.F.);
#13481=ORIENTED_EDGE('',*,*,#13480,.F.);
#13483=ORIENTED_EDGE('',*,*,#13482,.T.);
#13484=ORIENTED_EDGE('',*,*,#13453,.F.);
#13485=EDGE_LOOP('',(#13479,#13481,#13483,#13484));
#13486=FACE_OUTER_BOUND('',#13485,.F.);
#13487=ADVANCED_FACE('',(#13486),#13477,.T.);
#13488=CARTESIAN_POINT('',(-1.734620984904E0,4.437006969022E0,7.12E0));
#13489=DIRECTION('',(-9.360532820054E-1,-3.518582857442E-1,0.E0));
#13490=DIRECTION('',(3.518582857442E-1,-9.360532820054E-1,0.E0));
#13491=AXIS2_PLACEMENT_3D('',#13488,#13489,#13490);
#13492=PLANE('',#13491);
#13493=ORIENTED_EDGE('',*,*,#13278,.F.);
#13495=ORIENTED_EDGE('',*,*,#13494,.F.);
#13497=ORIENTED_EDGE('',*,*,#13496,.F.);
#13498=ORIENTED_EDGE('',*,*,#13478,.T.);
#13499=EDGE_LOOP('',(#13493,#13495,#13497,#13498));
#13500=FACE_OUTER_BOUND('',#13499,.F.);
#13501=ADVANCED_FACE('',(#13500),#13492,.T.);
#13502=CARTESIAN_POINT('',(-2.046638894354E0,4.319720817847E0,7.12E0));
#13503=DIRECTION('',(3.518582857442E-1,-9.360532820054E-1,0.E0));
#13504=DIRECTION('',(9.360532820054E-1,3.518582857442E-1,0.E0));
#13505=AXIS2_PLACEMENT_3D('',#13502,#13503,#13504);
#13506=PLANE('',#13505);
#13507=ORIENTED_EDGE('',*,*,#13276,.F.);
#13509=ORIENTED_EDGE('',*,*,#13508,.F.);
#13511=ORIENTED_EDGE('',*,*,#13510,.F.);
#13512=ORIENTED_EDGE('',*,*,#13494,.T.);
#13513=EDGE_LOOP('',(#13507,#13509,#13511,#13512));
#13514=FACE_OUTER_BOUND('',#13513,.F.);
#13515=ADVANCED_FACE('',(#13514),#13506,.T.);
#13516=CARTESIAN_POINT('',(-2.084070622418E0,4.419300942360E0,7.12E0));
#13517=DIRECTION('',(-9.360532820055E-1,-3.518582857441E-1,0.E0));
#13518=DIRECTION('',(3.518582857441E-1,-9.360532820055E-1,0.E0));
#13519=AXIS2_PLACEMENT_3D('',#13516,#13517,#13518);
#13520=PLANE('',#13519);
#13521=ORIENTED_EDGE('',*,*,#13274,.F.);
#13523=ORIENTED_EDGE('',*,*,#13522,.F.);
#13525=ORIENTED_EDGE('',*,*,#13524,.F.);
#13526=ORIENTED_EDGE('',*,*,#13508,.T.);
#13527=EDGE_LOOP('',(#13521,#13523,#13525,#13526));
#13528=FACE_OUTER_BOUND('',#13527,.F.);
#13529=ADVANCED_FACE('',(#13528),#13520,.T.);
#13530=CARTESIAN_POINT('',(-1.343028143267E0,4.697855530427E0,7.12E0));
#13531=DIRECTION('',(-3.518582857442E-1,9.360532820054E-1,0.E0));
#13532=DIRECTION('',(-9.360532820054E-1,-3.518582857442E-1,0.E0));
#13533=AXIS2_PLACEMENT_3D('',#13530,#13531,#13532);
#13534=PLANE('',#13533);
#13535=ORIENTED_EDGE('',*,*,#13272,.F.);
#13537=ORIENTED_EDGE('',*,*,#13536,.F.);
#13539=ORIENTED_EDGE('',*,*,#13538,.F.);
#13540=ORIENTED_EDGE('',*,*,#13522,.T.);
#13541=EDGE_LOOP('',(#13535,#13537,#13539,#13540));
#13542=FACE_OUTER_BOUND('',#13541,.F.);
#13543=ADVANCED_FACE('',(#13542),#13534,.T.);
#13544=CARTESIAN_POINT('',(-1.305596415203E0,4.598275405914E0,7.12E0));
#13545=DIRECTION('',(9.360532820054E-1,3.518582857442E-1,0.E0));
#13546=DIRECTION('',(-3.518582857442E-1,9.360532820054E-1,0.E0));
#13547=AXIS2_PLACEMENT_3D('',#13544,#13545,#13546);
#13548=PLANE('',#13547);
#13549=ORIENTED_EDGE('',*,*,#13270,.F.);
#13551=ORIENTED_EDGE('',*,*,#13550,.F.);
#13553=ORIENTED_EDGE('',*,*,#13552,.F.);
#13554=ORIENTED_EDGE('',*,*,#13536,.T.);
#13555=EDGE_LOOP('',(#13549,#13551,#13553,#13554));
#13556=FACE_OUTER_BOUND('',#13555,.F.);
#13557=ADVANCED_FACE('',(#13556),#13548,.T.);
#13558=CARTESIAN_POINT('',(-1.617614324653E0,4.480989254740E0,7.12E0));
#13559=DIRECTION('',(3.518582857442E-1,-9.360532820054E-1,0.E0));
#13560=DIRECTION('',(9.360532820054E-1,3.518582857442E-1,0.E0));
#13561=AXIS2_PLACEMENT_3D('',#13558,#13559,#13560);
#13562=PLANE('',#13561);
#13563=ORIENTED_EDGE('',*,*,#13268,.F.);
#13565=ORIENTED_EDGE('',*,*,#13564,.F.);
#13567=ORIENTED_EDGE('',*,*,#13566,.F.);
#13568=ORIENTED_EDGE('',*,*,#13550,.T.);
#13569=EDGE_LOOP('',(#13563,#13565,#13567,#13568));
#13570=FACE_OUTER_BOUND('',#13569,.F.);
#13571=ADVANCED_FACE('',(#13570),#13562,.T.);
#13572=CARTESIAN_POINT('',(-1.303187766973E0,3.644516097247E0,7.12E0));
#13573=DIRECTION('',(9.360532820054E-1,3.518582857442E-1,0.E0));
#13574=DIRECTION('',(-3.518582857442E-1,9.360532820054E-1,0.E0));
#13575=AXIS2_PLACEMENT_3D('',#13572,#13573,#13574);
#13576=PLANE('',#13575);
#13577=ORIENTED_EDGE('',*,*,#13266,.F.);
#13578=ORIENTED_EDGE('',*,*,#13482,.F.);
#13580=ORIENTED_EDGE('',*,*,#13579,.F.);
#13581=ORIENTED_EDGE('',*,*,#13564,.T.);
#13582=EDGE_LOOP('',(#13577,#13578,#13580,#13581));
#13583=FACE_OUTER_BOUND('',#13582,.F.);
#13584=ADVANCED_FACE('',(#13583),#13576,.T.);
#13585=CARTESIAN_POINT('',(0.E0,0.E0,7.27E0));
#13586=DIRECTION('',(0.E0,0.E0,1.E0));
#13587=DIRECTION('',(1.E0,0.E0,0.E0));
#13588=AXIS2_PLACEMENT_3D('',#13585,#13586,#13587);
#13589=PLANE('',#13588);
#13590=ORIENTED_EDGE('',*,*,#13538,.T.);
#13591=ORIENTED_EDGE('',*,*,#13552,.T.);
#13592=ORIENTED_EDGE('',*,*,#13566,.T.);
#13593=ORIENTED_EDGE('',*,*,#13579,.T.);
#13594=ORIENTED_EDGE('',*,*,#13480,.T.);
#13595=ORIENTED_EDGE('',*,*,#13496,.T.);
#13596=ORIENTED_EDGE('',*,*,#13510,.T.);
#13597=ORIENTED_EDGE('',*,*,#13524,.T.);
#13598=EDGE_LOOP('',(#13590,#13591,#13592,#13593,#13594,#13595,#13596,#13597));
#13599=FACE_OUTER_BOUND('',#13598,.F.);
#13600=ADVANCED_FACE('',(#13599),#13589,.T.);
#13601=CARTESIAN_POINT('',(-8.227566307437E-1,3.782045407666E0,7.12E0));
#13602=DIRECTION('',(1.967645269946E-1,-9.804507743465E-1,0.E0));
#13603=DIRECTION('',(9.804507743465E-1,1.967645269946E-1,0.E0));
#13604=AXIS2_PLACEMENT_3D('',#13601,#13602,#13603);
#13605=PLANE('',#13604);
#13607=ORIENTED_EDGE('',*,*,#13606,.T.);
#13608=ORIENTED_EDGE('',*,*,#13456,.F.);
#13610=ORIENTED_EDGE('',*,*,#13609,.F.);
#13612=ORIENTED_EDGE('',*,*,#13611,.F.);
#13613=EDGE_LOOP('',(#13607,#13608,#13610,#13612));
#13614=FACE_OUTER_BOUND('',#13613,.F.);
#13615=ADVANCED_FACE('',(#13614),#13605,.T.);
#13616=CARTESIAN_POINT('',(-7.002002839503E-1,3.806640973540E0,7.12E0));
#13617=DIRECTION('',(9.804507743465E-1,1.967645269946E-1,0.E0));
#13618=DIRECTION('',(-1.967645269946E-1,9.804507743465E-1,0.E0));
#13619=AXIS2_PLACEMENT_3D('',#13616,#13617,#13618);
#13620=PLANE('',#13619);
#13621=ORIENTED_EDGE('',*,*,#13258,.F.);
#13622=ORIENTED_EDGE('',*,*,#13606,.F.);
#13624=ORIENTED_EDGE('',*,*,#13623,.F.);
#13626=ORIENTED_EDGE('',*,*,#13625,.T.);
#13627=EDGE_LOOP('',(#13621,#13622,#13624,#13626));
#13628=FACE_OUTER_BOUND('',#13627,.F.);
#13629=ADVANCED_FACE('',(#13628),#13620,.T.);
#13630=CARTESIAN_POINT('',(0.E0,0.E0,7.27E0));
#13631=DIRECTION('',(0.E0,0.E0,1.E0));
#13632=DIRECTION('',(1.E0,0.E0,0.E0));
#13633=AXIS2_PLACEMENT_3D('',#13630,#13631,#13632);
#13634=PLANE('',#13633);
#13635=ORIENTED_EDGE('',*,*,#13623,.T.);
#13636=ORIENTED_EDGE('',*,*,#13611,.T.);
#13638=ORIENTED_EDGE('',*,*,#13637,.T.);
#13640=ORIENTED_EDGE('',*,*,#13639,.T.);
#13641=EDGE_LOOP('',(#13635,#13636,#13638,#13640));
#13642=FACE_OUTER_BOUND('',#13641,.F.);
#13643=ADVANCED_FACE('',(#13642),#13634,.T.);
#13644=CARTESIAN_POINT('',(-1.019521157738E0,4.762496182012E0,7.12E0));
#13645=DIRECTION('',(-9.804507743465E-1,-1.967645269946E-1,0.E0));
#13646=DIRECTION('',(1.967645269946E-1,-9.804507743465E-1,0.E0));
#13647=AXIS2_PLACEMENT_3D('',#13644,#13645,#13646);
#13648=PLANE('',#13647);
#13649=ORIENTED_EDGE('',*,*,#13262,.F.);
#13651=ORIENTED_EDGE('',*,*,#13650,.F.);
#13652=ORIENTED_EDGE('',*,*,#13637,.F.);
#13653=ORIENTED_EDGE('',*,*,#13609,.T.);
#13654=EDGE_LOOP('',(#13649,#13651,#13652,#13653));
#13655=FACE_OUTER_BOUND('',#13654,.F.);
#13656=ADVANCED_FACE('',(#13655),#13648,.T.);
#13657=CARTESIAN_POINT('',(-8.969648109449E-1,4.787091747887E0,7.12E0));
#13658=DIRECTION('',(-1.967645269946E-1,9.804507743465E-1,0.E0));
#13659=DIRECTION('',(-9.804507743465E-1,-1.967645269946E-1,0.E0));
#13660=AXIS2_PLACEMENT_3D('',#13657,#13658,#13659);
#13661=PLANE('',#13660);
#13662=ORIENTED_EDGE('',*,*,#13260,.F.);
#13663=ORIENTED_EDGE('',*,*,#13625,.F.);
#13664=ORIENTED_EDGE('',*,*,#13639,.F.);
#13665=ORIENTED_EDGE('',*,*,#13650,.T.);
#13666=EDGE_LOOP('',(#13662,#13663,#13664,#13665));
#13667=FACE_OUTER_BOUND('',#13666,.F.);
#13668=ADVANCED_FACE('',(#13667),#13661,.T.);
#13669=CARTESIAN_POINT('',(-2.039128286838E-1,3.865310603881E0,7.12E0));
#13670=DIRECTION('',(3.385999416448E-2,-9.994265859958E-1,0.E0));
#13671=DIRECTION('',(9.994265859958E-1,3.385999416448E-2,0.E0));
#13672=AXIS2_PLACEMENT_3D('',#13669,#13670,#13671);
#13673=PLANE('',#13672);
#13675=ORIENTED_EDGE('',*,*,#13674,.F.);
#13677=ORIENTED_EDGE('',*,*,#13676,.F.);
#13679=ORIENTED_EDGE('',*,*,#13678,.T.);
#13680=ORIENTED_EDGE('',*,*,#13459,.T.);
#13681=EDGE_LOOP('',(#13675,#13677,#13679,#13680));
#13682=FACE_OUTER_BOUND('',#13681,.F.);
#13683=ADVANCED_FACE('',(#13682),#13673,.T.);
#13684=CARTESIAN_POINT('',(-3.087400312554E-1,3.883047921311E0,7.12E0));
#13685=DIRECTION('',(-1.668338829456E-1,-9.859850178889E-1,0.E0));
#13686=DIRECTION('',(9.859850178889E-1,-1.668338829456E-1,0.E0));
#13687=AXIS2_PLACEMENT_3D('',#13684,#13685,#13686);
#13688=PLANE('',#13687);
#13689=ORIENTED_EDGE('',*,*,#13254,.F.);
#13691=ORIENTED_EDGE('',*,*,#13690,.F.);
#13693=ORIENTED_EDGE('',*,*,#13692,.F.);
#13694=ORIENTED_EDGE('',*,*,#13674,.T.);
#13695=EDGE_LOOP('',(#13689,#13691,#13693,#13694));
#13696=FACE_OUTER_BOUND('',#13695,.F.);
#13697=ADVANCED_FACE('',(#13696),#13688,.T.);
#13698=CARTESIAN_POINT('',(-3.934665897760E-1,3.922755041157E0,7.12E0));
#13699=DIRECTION('',(-4.243597968084E-1,-9.054936569920E-1,0.E0));
#13700=DIRECTION('',(9.054936569920E-1,-4.243597968084E-1,0.E0));
#13701=AXIS2_PLACEMENT_3D('',#13698,#13699,#13700);
#13702=PLANE('',#13701);
#13703=ORIENTED_EDGE('',*,*,#13252,.F.);
#13705=ORIENTED_EDGE('',*,*,#13704,.F.);
#13707=ORIENTED_EDGE('',*,*,#13706,.F.);
#13708=ORIENTED_EDGE('',*,*,#13690,.T.);
#13709=EDGE_LOOP('',(#13703,#13705,#13707,#13708));
#13710=FACE_OUTER_BOUND('',#13709,.F.);
#13711=ADVANCED_FACE('',(#13710),#13702,.T.);
#13712=CARTESIAN_POINT('',(-4.796339990033E-1,4.004990948688E0,7.12E0));
#13713=DIRECTION('',(-6.904107236118E-1,-7.234176060353E-1,0.E0));
#13714=DIRECTION('',(7.234176060353E-1,-6.904107236118E-1,0.E0));
#13715=AXIS2_PLACEMENT_3D('',#13712,#13713,#13714);
#13716=PLANE('',#13715);
#13717=ORIENTED_EDGE('',*,*,#13250,.F.);
#13719=ORIENTED_EDGE('',*,*,#13718,.F.);
#13721=ORIENTED_EDGE('',*,*,#13720,.F.);
#13722=ORIENTED_EDGE('',*,*,#13704,.T.);
#13723=EDGE_LOOP('',(#13717,#13719,#13721,#13722));
#13724=FACE_OUTER_BOUND('',#13723,.F.);
#13725=ADVANCED_FACE('',(#13724),#13716,.T.);
#13726=CARTESIAN_POINT('',(-5.241583163572E-1,4.088637707520E0,7.12E0));
#13727=DIRECTION('',(-8.827351361640E-1,-4.698709177866E-1,0.E0));
#13728=DIRECTION('',(4.698709177866E-1,-8.827351361640E-1,0.E0));
#13729=AXIS2_PLACEMENT_3D('',#13726,#13727,#13728);
#13730=PLANE('',#13729);
#13731=ORIENTED_EDGE('',*,*,#13248,.F.);
#13733=ORIENTED_EDGE('',*,*,#13732,.F.);
#13735=ORIENTED_EDGE('',*,*,#13734,.F.);
#13736=ORIENTED_EDGE('',*,*,#13718,.T.);
#13737=EDGE_LOOP('',(#13731,#13733,#13735,#13736));
#13738=FACE_OUTER_BOUND('',#13737,.F.);
#13739=ADVANCED_FACE('',(#13738),#13730,.T.);
#13740=CARTESIAN_POINT('',(-5.485819890294E-1,4.194254250152E0,7.12E0));
#13741=DIRECTION('',(-9.742887749385E-1,-2.253028695532E-1,0.E0));
#13742=DIRECTION('',(2.253028695532E-1,-9.742887749385E-1,0.E0));
#13743=AXIS2_PLACEMENT_3D('',#13740,#13741,#13742);
#13744=PLANE('',#13743);
#13745=ORIENTED_EDGE('',*,*,#13246,.F.);
#13747=ORIENTED_EDGE('',*,*,#13746,.F.);
#13749=ORIENTED_EDGE('',*,*,#13748,.F.);
#13750=ORIENTED_EDGE('',*,*,#13732,.T.);
#13751=EDGE_LOOP('',(#13745,#13747,#13749,#13750));
#13752=FACE_OUTER_BOUND('',#13751,.F.);
#13753=ADVANCED_FACE('',(#13752),#13744,.T.);
#13754=CARTESIAN_POINT('',(-5.593883698666E-1,4.513220173614E0,7.12E0));
#13755=DIRECTION('',(-9.994265859958E-1,-3.385999416447E-2,0.E0));
#13756=DIRECTION('',(3.385999416447E-2,-9.994265859958E-1,0.E0));
#13757=AXIS2_PLACEMENT_3D('',#13754,#13755,#13756);
#13758=PLANE('',#13757);
#13759=ORIENTED_EDGE('',*,*,#13244,.T.);
#13761=ORIENTED_EDGE('',*,*,#13760,.F.);
#13763=ORIENTED_EDGE('',*,*,#13762,.F.);
#13764=ORIENTED_EDGE('',*,*,#13746,.T.);
#13765=EDGE_LOOP('',(#13759,#13761,#13763,#13764));
#13766=FACE_OUTER_BOUND('',#13765,.F.);
#13767=ADVANCED_FACE('',(#13766),#13758,.T.);
#13768=CARTESIAN_POINT('',(-5.421689524314E-1,4.620247619671E0,7.12E0));
#13769=DIRECTION('',(-9.873035079403E-1,1.588451548169E-1,0.E0));
#13770=DIRECTION('',(-1.588451548169E-1,-9.873035079403E-1,0.E0));
#13771=AXIS2_PLACEMENT_3D('',#13768,#13769,#13770);
#13772=PLANE('',#13771);
#13773=ORIENTED_EDGE('',*,*,#13242,.F.);
#13775=ORIENTED_EDGE('',*,*,#13774,.F.);
#13777=ORIENTED_EDGE('',*,*,#13776,.F.);
#13778=ORIENTED_EDGE('',*,*,#13760,.T.);
#13779=EDGE_LOOP('',(#13773,#13775,#13777,#13778));
#13780=FACE_OUTER_BOUND('',#13779,.F.);
#13781=ADVANCED_FACE('',(#13780),#13772,.T.);
#13782=CARTESIAN_POINT('',(-5.034080381570E-1,4.706716019026E0,7.12E0));
#13783=DIRECTION('',(-9.125124048503E-1,4.090490325064E-1,0.E0));
#13784=DIRECTION('',(-4.090490325064E-1,-9.125124048503E-1,0.E0));
#13785=AXIS2_PLACEMENT_3D('',#13782,#13783,#13784);
#13786=PLANE('',#13785);
#13787=ORIENTED_EDGE('',*,*,#13240,.F.);
#13789=ORIENTED_EDGE('',*,*,#13788,.F.);
#13791=ORIENTED_EDGE('',*,*,#13790,.F.);
#13792=ORIENTED_EDGE('',*,*,#13774,.T.);
#13793=EDGE_LOOP('',(#13787,#13789,#13791,#13792));
#13794=FACE_OUTER_BOUND('',#13793,.F.);
#13795=ADVANCED_FACE('',(#13794),#13786,.T.);
#13796=CARTESIAN_POINT('',(-4.230040317569E-1,4.794595262236E0,7.12E0));
#13797=DIRECTION('',(-7.377893237616E-1,6.750310465033E-1,0.E0));
#13798=DIRECTION('',(-6.750310465033E-1,-7.377893237616E-1,0.E0));
#13799=AXIS2_PLACEMENT_3D('',#13796,#13797,#13798);
#13800=PLANE('',#13799);
#13801=ORIENTED_EDGE('',*,*,#13238,.F.);
#13803=ORIENTED_EDGE('',*,*,#13802,.F.);
#13805=ORIENTED_EDGE('',*,*,#13804,.F.);
#13806=ORIENTED_EDGE('',*,*,#13788,.T.);
#13807=EDGE_LOOP('',(#13801,#13803,#13805,#13806));
#13808=FACE_OUTER_BOUND('',#13807,.F.);
#13809=ADVANCED_FACE('',(#13808),#13800,.T.);
#13810=CARTESIAN_POINT('',(-3.411591747131E-1,4.839945719622E0,7.12E0));
#13811=DIRECTION('',(-4.846715520723E-1,8.746962253330E-1,0.E0));
#13812=DIRECTION('',(-8.746962253330E-1,-4.846715520723E-1,0.E0));
#13813=AXIS2_PLACEMENT_3D('',#13810,#13811,#13812);
#13814=PLANE('',#13813);
#13815=ORIENTED_EDGE('',*,*,#13236,.F.);
#13817=ORIENTED_EDGE('',*,*,#13816,.F.);
#13819=ORIENTED_EDGE('',*,*,#13818,.F.);
#13820=ORIENTED_EDGE('',*,*,#13802,.T.);
#13821=EDGE_LOOP('',(#13815,#13817,#13819,#13820));
#13822=FACE_OUTER_BOUND('',#13821,.F.);
#13823=ADVANCED_FACE('',(#13822),#13814,.T.);
#13824=CARTESIAN_POINT('',(-2.377728228483E-1,4.864737189877E0,7.12E0));
#13825=DIRECTION('',(-2.331839229635E-1,9.724326496325E-1,0.E0));
#13826=DIRECTION('',(-9.724326496325E-1,-2.331839229635E-1,0.E0));
#13827=AXIS2_PLACEMENT_3D('',#13824,#13825,#13826);
#13828=PLANE('',#13827);
#13829=ORIENTED_EDGE('',*,*,#13234,.F.);
#13831=ORIENTED_EDGE('',*,*,#13830,.F.);
#13833=ORIENTED_EDGE('',*,*,#13832,.F.);
#13834=ORIENTED_EDGE('',*,*,#13816,.T.);
#13835=EDGE_LOOP('',(#13829,#13831,#13833,#13834));
#13836=FACE_OUTER_BOUND('',#13835,.F.);
#13837=ADVANCED_FACE('',(#13836),#13828,.T.);
#13838=CARTESIAN_POINT('',(-5.038033797411E-2,4.871085938783E0,7.12E0));
#13839=DIRECTION('',(-3.385999416448E-2,9.994265859958E-1,0.E0));
#13840=DIRECTION('',(-9.994265859958E-1,-3.385999416448E-2,0.E0));
#13841=AXIS2_PLACEMENT_3D('',#13838,#13839,#13840);
#13842=PLANE('',#13841);
#13843=ORIENTED_EDGE('',*,*,#13232,.T.);
#13845=ORIENTED_EDGE('',*,*,#13844,.F.);
#13847=ORIENTED_EDGE('',*,*,#13846,.F.);
#13848=ORIENTED_EDGE('',*,*,#13830,.T.);
#13849=EDGE_LOOP('',(#13843,#13845,#13847,#13848));
#13850=FACE_OUTER_BOUND('',#13849,.F.);
#13851=ADVANCED_FACE('',(#13850),#13842,.T.);
#13852=CARTESIAN_POINT('',(5.444686453441E-2,4.853348623214E0,7.12E0));
#13853=DIRECTION('',(1.668338660208E-1,9.859850207526E-1,0.E0));
#13854=DIRECTION('',(-9.859850207526E-1,1.668338660208E-1,0.E0));
#13855=AXIS2_PLACEMENT_3D('',#13852,#13853,#13854);
#13856=PLANE('',#13855);
#13857=ORIENTED_EDGE('',*,*,#13230,.F.);
#13859=ORIENTED_EDGE('',*,*,#13858,.F.);
#13861=ORIENTED_EDGE('',*,*,#13860,.F.);
#13862=ORIENTED_EDGE('',*,*,#13844,.T.);
#13863=EDGE_LOOP('',(#13857,#13859,#13861,#13862));
#13864=FACE_OUTER_BOUND('',#13863,.F.);
#13865=ADVANCED_FACE('',(#13864),#13856,.T.);
#13866=CARTESIAN_POINT('',(1.391734228657E-1,4.813641508953E0,7.12E0));
#13867=DIRECTION('',(4.243597486482E-1,9.054936795623E-1,0.E0));
#13868=DIRECTION('',(-9.054936795623E-1,4.243597486482E-1,0.E0));
#13869=AXIS2_PLACEMENT_3D('',#13866,#13867,#13868);
#13870=PLANE('',#13869);
#13871=ORIENTED_EDGE('',*,*,#13228,.F.);
#13873=ORIENTED_EDGE('',*,*,#13872,.F.);
#13875=ORIENTED_EDGE('',*,*,#13874,.F.);
#13876=ORIENTED_EDGE('',*,*,#13858,.T.);
#13877=EDGE_LOOP('',(#13871,#13873,#13875,#13876));
#13878=FACE_OUTER_BOUND('',#13877,.F.);
#13879=ADVANCED_FACE('',(#13878),#13870,.T.);
#13880=CARTESIAN_POINT('',(2.253408318408E-1,4.731405608868E0,7.12E0));
#13881=DIRECTION('',(6.904106919533E-1,7.234176362493E-1,0.E0));
#13882=DIRECTION('',(-7.234176362493E-1,6.904106919533E-1,0.E0));
#13883=AXIS2_PLACEMENT_3D('',#13880,#13881,#13882);
#13884=PLANE('',#13883);
#13885=ORIENTED_EDGE('',*,*,#13226,.F.);
#13887=ORIENTED_EDGE('',*,*,#13886,.F.);
#13889=ORIENTED_EDGE('',*,*,#13888,.F.);
#13890=ORIENTED_EDGE('',*,*,#13872,.T.);
#13891=EDGE_LOOP('',(#13885,#13887,#13889,#13890));
#13892=FACE_OUTER_BOUND('',#13891,.F.);
#13893=ADVANCED_FACE('',(#13892),#13884,.T.);
#13894=CARTESIAN_POINT('',(2.497640299674E-1,4.625788990520E0,7.12E0));
#13895=DIRECTION('',(9.742897713061E-1,2.252985608661E-1,0.E0));
#13896=DIRECTION('',(-2.252985608661E-1,9.742897713061E-1,0.E0));
#13897=AXIS2_PLACEMENT_3D('',#13894,#13895,#13896);
#13898=PLANE('',#13897);
#13899=ORIENTED_EDGE('',*,*,#13224,.F.);
#13901=ORIENTED_EDGE('',*,*,#13900,.F.);
#13903=ORIENTED_EDGE('',*,*,#13902,.F.);
#13904=ORIENTED_EDGE('',*,*,#13886,.T.);
#13905=EDGE_LOOP('',(#13899,#13901,#13903,#13904));
#13906=FACE_OUTER_BOUND('',#13905,.F.);
#13907=ADVANCED_FACE('',(#13906),#13898,.T.);
#13908=CARTESIAN_POINT('',(1.248357067180E-1,4.621556491249E0,7.12E0));
#13909=DIRECTION('',(3.385999416447E-2,-9.994265859958E-1,0.E0));
#13910=DIRECTION('',(9.994265859958E-1,3.385999416447E-2,0.E0));
#13911=AXIS2_PLACEMENT_3D('',#13908,#13909,#13910);
#13912=PLANE('',#13911);
#13913=ORIENTED_EDGE('',*,*,#13222,.T.);
#13915=ORIENTED_EDGE('',*,*,#13914,.F.);
#13917=ORIENTED_EDGE('',*,*,#13916,.F.);
#13918=ORIENTED_EDGE('',*,*,#13900,.T.);
#13919=EDGE_LOOP('',(#13913,#13915,#13917,#13918));
#13920=FACE_OUTER_BOUND('',#13919,.F.);
#13921=ADVANCED_FACE('',(#13920),#13912,.T.);
#13922=CARTESIAN_POINT('',(1.018533592350E-1,4.684644323774E0,7.12E0));
#13923=DIRECTION('',(-9.395956325194E-1,-3.422864989311E-1,0.E0));
#13924=DIRECTION('',(3.422864989311E-1,-9.395956325194E-1,0.E0));
#13925=AXIS2_PLACEMENT_3D('',#13922,#13923,#13924);
#13926=PLANE('',#13925);
#13927=ORIENTED_EDGE('',*,*,#13220,.F.);
#13929=ORIENTED_EDGE('',*,*,#13928,.F.);
#13931=ORIENTED_EDGE('',*,*,#13930,.F.);
#13932=ORIENTED_EDGE('',*,*,#13914,.T.);
#13933=EDGE_LOOP('',(#13927,#13929,#13931,#13932));
#13934=FACE_OUTER_BOUND('',#13933,.F.);
#13935=ADVANCED_FACE('',(#13934),#13926,.T.);
#13936=CARTESIAN_POINT('',(3.794834696656E-2,4.725056859962E0,7.12E0));
#13937=DIRECTION('',(-5.344795722838E-1,-8.451813928449E-1,0.E0));
#13938=DIRECTION('',(8.451813928449E-1,-5.344795722838E-1,0.E0));
#13939=AXIS2_PLACEMENT_3D('',#13936,#13937,#13938);
#13940=PLANE('',#13939);
#13941=ORIENTED_EDGE('',*,*,#13218,.F.);
#13943=ORIENTED_EDGE('',*,*,#13942,.F.);
#13945=ORIENTED_EDGE('',*,*,#13944,.F.);
#13946=ORIENTED_EDGE('',*,*,#13928,.T.);
#13947=EDGE_LOOP('',(#13941,#13943,#13945,#13946));
#13948=FACE_OUTER_BOUND('',#13947,.F.);
#13949=ADVANCED_FACE('',(#13948),#13940,.T.);
#13950=CARTESIAN_POINT('',(-4.605778604287E-2,4.743499581312E0,7.12E0));
#13951=DIRECTION('',(-2.144333697674E-1,-9.767386190431E-1,0.E0));
#13952=DIRECTION('',(9.767386190431E-1,-2.144333697674E-1,0.E0));
#13953=AXIS2_PLACEMENT_3D('',#13950,#13951,#13952);
#13954=PLANE('',#13953);
#13955=ORIENTED_EDGE('',*,*,#13216,.F.);
#13957=ORIENTED_EDGE('',*,*,#13956,.F.);
#13959=ORIENTED_EDGE('',*,*,#13958,.F.);
#13960=ORIENTED_EDGE('',*,*,#13942,.T.);
#13961=EDGE_LOOP('',(#13955,#13957,#13959,#13960));
#13962=FACE_OUTER_BOUND('',#13961,.F.);
#13963=ADVANCED_FACE('',(#13962),#13954,.T.);
#13964=CARTESIAN_POINT('',(-2.334502709171E-1,4.737150832406E0,7.12E0));
#13965=DIRECTION('',(3.385999416447E-2,-9.994265859958E-1,0.E0));
#13966=DIRECTION('',(9.994265859958E-1,3.385999416447E-2,0.E0));
#13967=AXIS2_PLACEMENT_3D('',#13964,#13965,#13966);
#13968=PLANE('',#13967);
#13969=ORIENTED_EDGE('',*,*,#13214,.T.);
#13971=ORIENTED_EDGE('',*,*,#13970,.F.);
#13973=ORIENTED_EDGE('',*,*,#13972,.F.);
#13974=ORIENTED_EDGE('',*,*,#13956,.T.);
#13975=EDGE_LOOP('',(#13969,#13971,#13973,#13974));
#13976=FACE_OUTER_BOUND('',#13975,.F.);
#13977=ADVANCED_FACE('',(#13976),#13968,.T.);
#13978=CARTESIAN_POINT('',(-3.160155532828E-1,4.713064767932E0,7.12E0));
#13979=DIRECTION('',(2.800484739603E-1,-9.599858604336E-1,0.E0));
#13980=DIRECTION('',(9.599858604336E-1,2.800484739603E-1,0.E0));
#13981=AXIS2_PLACEMENT_3D('',#13978,#13979,#13980);
#13982=PLANE('',#13981);
#13983=ORIENTED_EDGE('',*,*,#13212,.F.);
#13985=ORIENTED_EDGE('',*,*,#13984,.F.);
#13987=ORIENTED_EDGE('',*,*,#13986,.F.);
#13988=ORIENTED_EDGE('',*,*,#13970,.T.);
#13989=EDGE_LOOP('',(#13983,#13985,#13987,#13988));
#13990=FACE_OUTER_BOUND('',#13989,.F.);
#13991=ADVANCED_FACE('',(#13990),#13982,.T.);
#13992=CARTESIAN_POINT('',(-3.770388642638E-1,4.668419732473E0,7.12E0));
#13993=DIRECTION('',(5.904568657968E-1,-8.070691975496E-1,0.E0));
#13994=DIRECTION('',(8.070691975496E-1,5.904568657968E-1,0.E0));
#13995=AXIS2_PLACEMENT_3D('',#13992,#13993,#13994);
#13996=PLANE('',#13995);
#13997=ORIENTED_EDGE('',*,*,#13210,.F.);
#13999=ORIENTED_EDGE('',*,*,#13998,.F.);
#14001=ORIENTED_EDGE('',*,*,#14000,.F.);
#14002=ORIENTED_EDGE('',*,*,#13984,.T.);
#14003=EDGE_LOOP('',(#13997,#13999,#14001,#14002));
#14004=FACE_OUTER_BOUND('',#14003,.F.);
#14005=ADVANCED_FACE('',(#14004),#13996,.T.);
#14006=CARTESIAN_POINT('',(-4.165202018418E-1,4.603215666459E0,7.12E0));
#14007=DIRECTION('',(8.554087176582E-1,-5.179535942093E-1,0.E0));
#14008=DIRECTION('',(5.179535942093E-1,8.554087176582E-1,0.E0));
#14009=AXIS2_PLACEMENT_3D('',#14006,#14007,#14008);
#14010=PLANE('',#14009);
#14011=ORIENTED_EDGE('',*,*,#13208,.F.);
#14013=ORIENTED_EDGE('',*,*,#14012,.F.);
#14015=ORIENTED_EDGE('',*,*,#14014,.F.);
#14016=ORIENTED_EDGE('',*,*,#13998,.T.);
#14017=EDGE_LOOP('',(#14011,#14013,#14015,#14016));
#14018=FACE_OUTER_BOUND('',#14017,.F.);
#14019=ADVANCED_FACE('',(#14018),#14010,.T.);
#14020=CARTESIAN_POINT('',(-4.344600466172E-1,4.517452672885E0,7.12E0));
#14021=DIRECTION('',(9.788147605504E-1,-2.047478071399E-1,0.E0));
#14022=DIRECTION('',(2.047478071399E-1,9.788147605504E-1,0.E0));
#14023=AXIS2_PLACEMENT_3D('',#14020,#14021,#14022);
#14024=PLANE('',#14023);
#14025=ORIENTED_EDGE('',*,*,#13206,.F.);
#14027=ORIENTED_EDGE('',*,*,#14026,.F.);
#14029=ORIENTED_EDGE('',*,*,#14028,.F.);
#14030=ORIENTED_EDGE('',*,*,#14012,.T.);
#14031=EDGE_LOOP('',(#14025,#14027,#14029,#14030));
#14032=FACE_OUTER_BOUND('',#14031,.F.);
#14033=ADVANCED_FACE('',(#14032),#14024,.T.);
#14034=CARTESIAN_POINT('',(-4.236536657800E-1,4.198486749422E0,7.12E0));
#14035=DIRECTION('',(9.994265859958E-1,3.385999416447E-2,0.E0));
#14036=DIRECTION('',(-3.385999416447E-2,9.994265859958E-1,0.E0));
#14037=AXIS2_PLACEMENT_3D('',#14034,#14035,#14036);
#14038=PLANE('',#14037);
#14039=ORIENTED_EDGE('',*,*,#13204,.T.);
#14041=ORIENTED_EDGE('',*,*,#14040,.F.);
#14043=ORIENTED_EDGE('',*,*,#14042,.F.);
#14044=ORIENTED_EDGE('',*,*,#14026,.T.);
#14045=EDGE_LOOP('',(#14039,#14041,#14043,#14044));
#14046=FACE_OUTER_BOUND('',#14045,.F.);
#14047=ADVANCED_FACE('',(#14046),#14038,.T.);
#14048=CARTESIAN_POINT('',(-3.999504184296E-1,4.114134599702E0,7.12E0));
#14049=DIRECTION('',(9.627127714341E-1,2.705256359713E-1,0.E0));
#14050=DIRECTION('',(-2.705256359713E-1,9.627127714341E-1,0.E0));
#14051=AXIS2_PLACEMENT_3D('',#14048,#14049,#14050);
#14052=PLANE('',#14051);
#14053=ORIENTED_EDGE('',*,*,#13202,.F.);
#14055=ORIENTED_EDGE('',*,*,#14054,.F.);
#14057=ORIENTED_EDGE('',*,*,#14056,.F.);
#14058=ORIENTED_EDGE('',*,*,#14040,.T.);
#14059=EDGE_LOOP('',(#14053,#14055,#14057,#14058));
#14060=FACE_OUTER_BOUND('',#14059,.F.);
#14061=ADVANCED_FACE('',(#14060),#14052,.T.);
#14062=CARTESIAN_POINT('',(-3.561465269021E-1,4.051752248675E0,7.12E0));
#14063=DIRECTION('',(8.183913228080E-1,5.746613287429E-1,0.E0));
#14064=DIRECTION('',(-5.746613287429E-1,8.183913228080E-1,0.E0));
#14065=AXIS2_PLACEMENT_3D('',#14062,#14063,#14064);
#14066=PLANE('',#14065);
#14067=ORIENTED_EDGE('',*,*,#13200,.F.);
#14069=ORIENTED_EDGE('',*,*,#14068,.F.);
#14071=ORIENTED_EDGE('',*,*,#14070,.F.);
#14072=ORIENTED_EDGE('',*,*,#14054,.T.);
#14073=EDGE_LOOP('',(#14067,#14069,#14071,#14072));
#14074=FACE_OUTER_BOUND('',#14073,.F.);
#14075=ADVANCED_FACE('',(#14074),#14066,.T.);
#14076=CARTESIAN_POINT('',(-2.922415141291E-1,4.011339697594E0,7.12E0));
#14077=DIRECTION('',(5.344797099667E-1,8.451813057764E-1,0.E0));
#14078=DIRECTION('',(-8.451813057764E-1,5.344797099667E-1,0.E0));
#14079=AXIS2_PLACEMENT_3D('',#14076,#14077,#14078);
#14080=PLANE('',#14079);
#14081=ORIENTED_EDGE('',*,*,#13198,.F.);
#14083=ORIENTED_EDGE('',*,*,#14082,.F.);
#14085=ORIENTED_EDGE('',*,*,#14084,.F.);
#14086=ORIENTED_EDGE('',*,*,#14068,.T.);
#14087=EDGE_LOOP('',(#14081,#14083,#14085,#14086));
#14088=FACE_OUTER_BOUND('',#14087,.F.);
#14089=ADVANCED_FACE('',(#14088),#14080,.T.);
#14090=CARTESIAN_POINT('',(-2.082353811196E-1,3.992896976245E0,7.12E0));
#14091=DIRECTION('',(2.144333697674E-1,9.767386190431E-1,0.E0));
#14092=DIRECTION('',(-9.767386190431E-1,2.144333697674E-1,0.E0));
#14093=AXIS2_PLACEMENT_3D('',#14090,#14091,#14092);
#14094=PLANE('',#14093);
#14095=ORIENTED_EDGE('',*,*,#13196,.F.);
#14097=ORIENTED_EDGE('',*,*,#14096,.F.);
#14099=ORIENTED_EDGE('',*,*,#14098,.F.);
#14100=ORIENTED_EDGE('',*,*,#14082,.T.);
#14101=EDGE_LOOP('',(#14095,#14097,#14099,#14100));
#14102=FACE_OUTER_BOUND('',#14101,.F.);
#14103=ADVANCED_FACE('',(#14102),#14094,.T.);
#14104=CARTESIAN_POINT('',(-2.084289624543E-2,3.999245725150E0,7.12E0));
#14105=DIRECTION('',(-3.385999416447E-2,9.994265859958E-1,0.E0));
#14106=DIRECTION('',(-9.994265859958E-1,-3.385999416447E-2,0.E0));
#14107=AXIS2_PLACEMENT_3D('',#14104,#14105,#14106);
#14108=PLANE('',#14107);
#14109=ORIENTED_EDGE('',*,*,#13194,.T.);
#14111=ORIENTED_EDGE('',*,*,#14110,.F.);
#14113=ORIENTED_EDGE('',*,*,#14112,.F.);
#14114=ORIENTED_EDGE('',*,*,#14096,.T.);
#14115=EDGE_LOOP('',(#14109,#14111,#14113,#14114));
#14116=FACE_OUTER_BOUND('',#14115,.F.);
#14117=ADVANCED_FACE('',(#14116),#14108,.T.);
#14118=CARTESIAN_POINT('',(6.172238612025E-2,4.023331789624E0,7.12E0));
#14119=DIRECTION('',(-2.800484739603E-1,9.599858604336E-1,0.E0));
#14120=DIRECTION('',(-9.599858604336E-1,-2.800484739603E-1,0.E0));
#14121=AXIS2_PLACEMENT_3D('',#14118,#14119,#14120);
#14122=PLANE('',#14121);
#14123=ORIENTED_EDGE('',*,*,#13192,.F.);
#14125=ORIENTED_EDGE('',*,*,#14124,.F.);
#14127=ORIENTED_EDGE('',*,*,#14126,.F.);
#14128=ORIENTED_EDGE('',*,*,#14110,.T.);
#14129=EDGE_LOOP('',(#14123,#14125,#14127,#14128));
#14130=FACE_OUTER_BOUND('',#14129,.F.);
#14131=ADVANCED_FACE('',(#14130),#14122,.T.);
#14132=CARTESIAN_POINT('',(1.227456965967E-1,4.067976839976E0,7.12E0));
#14133=DIRECTION('',(-5.904569972711E-1,8.070691013622E-1,0.E0));
#14134=DIRECTION('',(-8.070691013622E-1,-5.904569972711E-1,0.E0));
#14135=AXIS2_PLACEMENT_3D('',#14132,#14133,#14134);
#14136=PLANE('',#14135);
#14137=ORIENTED_EDGE('',*,*,#13190,.F.);
#14139=ORIENTED_EDGE('',*,*,#14138,.F.);
#14141=ORIENTED_EDGE('',*,*,#14140,.F.);
#14142=ORIENTED_EDGE('',*,*,#14124,.T.);
#14143=EDGE_LOOP('',(#14137,#14139,#14141,#14142));
#14144=FACE_OUTER_BOUND('',#14143,.F.);
#14145=ADVANCED_FACE('',(#14144),#14136,.T.);
#14146=CARTESIAN_POINT('',(1.414054901302E-1,4.132475424493E0,7.12E0));
#14147=DIRECTION('',(-9.606074108656E-1,2.779089818449E-1,0.E0));
#14148=DIRECTION('',(-2.779089818449E-1,-9.606074108656E-1,0.E0));
#14149=AXIS2_PLACEMENT_3D('',#14146,#14147,#14148);
#14150=PLANE('',#14149);
#14151=ORIENTED_EDGE('',*,*,#13188,.F.);
#14153=ORIENTED_EDGE('',*,*,#14152,.F.);
#14155=ORIENTED_EDGE('',*,*,#14154,.F.);
#14156=ORIENTED_EDGE('',*,*,#14138,.T.);
#14157=EDGE_LOOP('',(#14151,#14153,#14155,#14156));
#14158=FACE_OUTER_BOUND('',#14157,.F.);
#14159=ADVANCED_FACE('',(#14158),#14150,.T.);
#14160=CARTESIAN_POINT('',(1.356420865461E-1,4.302590597572E0,7.12E0));
#14161=DIRECTION('',(-9.994265859958E-1,-3.385999416447E-2,0.E0));
#14162=DIRECTION('',(3.385999416447E-2,-9.994265859958E-1,0.E0));
#14163=AXIS2_PLACEMENT_3D('',#14160,#14161,#14162);
#14164=PLANE('',#14163);
#14165=ORIENTED_EDGE('',*,*,#13186,.T.);
#14167=ORIENTED_EDGE('',*,*,#14166,.F.);
#14169=ORIENTED_EDGE('',*,*,#14168,.F.);
#14170=ORIENTED_EDGE('',*,*,#14152,.T.);
#14171=EDGE_LOOP('',(#14165,#14167,#14169,#14170));
#14172=FACE_OUTER_BOUND('',#14171,.F.);
#14173=ADVANCED_FACE('',(#14172),#14164,.T.);
#14174=CARTESIAN_POINT('',(-5.175039832814E-2,4.296241848667E0,7.12E0));
#14175=DIRECTION('',(3.385999416447E-2,-9.994265859958E-1,0.E0));
#14176=DIRECTION('',(9.994265859958E-1,3.385999416447E-2,0.E0));
#14177=AXIS2_PLACEMENT_3D('',#14174,#14175,#14176);
#14178=PLANE('',#14177);
#14179=ORIENTED_EDGE('',*,*,#13184,.T.);
#14181=ORIENTED_EDGE('',*,*,#14180,.F.);
#14183=ORIENTED_EDGE('',*,*,#14182,.F.);
#14184=ORIENTED_EDGE('',*,*,#14166,.T.);
#14185=EDGE_LOOP('',(#14179,#14181,#14183,#14184));
#14186=FACE_OUTER_BOUND('',#14185,.F.);
#14187=ADVANCED_FACE('',(#14186),#14178,.T.);
#14188=CARTESIAN_POINT('',(-5.607295025938E-2,4.423828206137E0,7.12E0));
#14189=DIRECTION('',(-9.994265859958E-1,-3.385999416448E-2,0.E0));
#14190=DIRECTION('',(3.385999416448E-2,-9.994265859958E-1,0.E0));
#14191=AXIS2_PLACEMENT_3D('',#14188,#14189,#14190);
#14192=PLANE('',#14191);
#14193=ORIENTED_EDGE('',*,*,#13182,.T.);
#14195=ORIENTED_EDGE('',*,*,#14194,.F.);
#14197=ORIENTED_EDGE('',*,*,#14196,.F.);
#14198=ORIENTED_EDGE('',*,*,#14180,.T.);
#14199=EDGE_LOOP('',(#14193,#14195,#14197,#14198));
#14200=FACE_OUTER_BOUND('',#14199,.F.);
#14201=ADVANCED_FACE('',(#14200),#14192,.T.);
#14202=CARTESIAN_POINT('',(2.562478578643E-1,4.434409454314E0,7.12E0));
#14203=DIRECTION('',(-3.385999416447E-2,9.994265859958E-1,0.E0));
#14204=DIRECTION('',(-9.994265859958E-1,-3.385999416447E-2,0.E0));
#14205=AXIS2_PLACEMENT_3D('',#14202,#14203,#14204);
#14206=PLANE('',#14205);
#14207=ORIENTED_EDGE('',*,*,#13180,.T.);
#14209=ORIENTED_EDGE('',*,*,#14208,.F.);
#14211=ORIENTED_EDGE('',*,*,#14210,.F.);
#14212=ORIENTED_EDGE('',*,*,#14194,.T.);
#14213=EDGE_LOOP('',(#14207,#14209,#14211,#14212));
#14214=FACE_OUTER_BOUND('',#14213,.F.);
#14215=ADVANCED_FACE('',(#14214),#14206,.T.);
#14216=CARTESIAN_POINT('',(2.670542387015E-1,4.115443530851E0,7.12E0));
#14217=DIRECTION('',(9.994265859958E-1,3.385999416447E-2,0.E0));
#14218=DIRECTION('',(-3.385999416447E-2,9.994265859958E-1,0.E0));
#14219=AXIS2_PLACEMENT_3D('',#14216,#14217,#14218);
#14220=PLANE('',#14219);
#14221=ORIENTED_EDGE('',*,*,#13178,.T.);
#14223=ORIENTED_EDGE('',*,*,#14222,.F.);
#14225=ORIENTED_EDGE('',*,*,#14224,.F.);
#14226=ORIENTED_EDGE('',*,*,#14208,.T.);
#14227=EDGE_LOOP('',(#14221,#14223,#14225,#14226));
#14228=FACE_OUTER_BOUND('',#14227,.F.);
#14229=ADVANCED_FACE('',(#14228),#14220,.T.);
#14230=CARTESIAN_POINT('',(2.491148709945E-1,4.029680538530E0,7.12E0));
#14231=DIRECTION('',(9.788158511295E-1,-2.047425934621E-1,0.E0));
#14232=DIRECTION('',(2.047425934621E-1,9.788158511295E-1,0.E0));
#14233=AXIS2_PLACEMENT_3D('',#14230,#14231,#14232);
#14234=PLANE('',#14233);
#14235=ORIENTED_EDGE('',*,*,#13176,.F.);
#14237=ORIENTED_EDGE('',*,*,#14236,.F.);
#14239=ORIENTED_EDGE('',*,*,#14238,.F.);
#14240=ORIENTED_EDGE('',*,*,#14222,.T.);
#14241=EDGE_LOOP('',(#14235,#14237,#14239,#14240));
#14242=FACE_OUTER_BOUND('',#14241,.F.);
#14243=ADVANCED_FACE('',(#14242),#14234,.T.);
#14244=CARTESIAN_POINT('',(1.687108648467E-1,3.941801287875E0,7.12E0));
#14245=DIRECTION('',(7.377893533026E-1,-6.750310142159E-1,0.E0));
#14246=DIRECTION('',(6.750310142159E-1,7.377893533026E-1,0.E0));
#14247=AXIS2_PLACEMENT_3D('',#14244,#14245,#14246);
#14248=PLANE('',#14247);
#14249=ORIENTED_EDGE('',*,*,#13174,.F.);
#14251=ORIENTED_EDGE('',*,*,#14250,.F.);
#14253=ORIENTED_EDGE('',*,*,#14252,.F.);
#14254=ORIENTED_EDGE('',*,*,#14236,.T.);
#14255=EDGE_LOOP('',(#14249,#14251,#14253,#14254));
#14256=FACE_OUTER_BOUND('',#14255,.F.);
#14257=ADVANCED_FACE('',(#14256),#14248,.T.);
#14258=CARTESIAN_POINT('',(8.686600799207E-2,3.896450824904E0,7.12E0));
#14259=DIRECTION('',(4.846715985945E-1,-8.746961995550E-1,0.E0));
#14260=DIRECTION('',(8.746961995550E-1,4.846715985945E-1,0.E0));
#14261=AXIS2_PLACEMENT_3D('',#14258,#14259,#14260);
#14262=PLANE('',#14261);
#14263=ORIENTED_EDGE('',*,*,#13172,.F.);
#14265=ORIENTED_EDGE('',*,*,#14264,.F.);
#14267=ORIENTED_EDGE('',*,*,#14266,.F.);
#14268=ORIENTED_EDGE('',*,*,#14250,.T.);
#14269=EDGE_LOOP('',(#14263,#14265,#14267,#14268));
#14270=FACE_OUTER_BOUND('',#14269,.F.);
#14271=ADVANCED_FACE('',(#14270),#14262,.T.);
#14272=CARTESIAN_POINT('',(-1.652034380964E-2,3.871659352787E0,7.12E0));
#14273=DIRECTION('',(2.331839396556E-1,-9.724326456299E-1,0.E0));
#14274=DIRECTION('',(9.724326456299E-1,2.331839396556E-1,0.E0));
#14275=AXIS2_PLACEMENT_3D('',#14272,#14273,#14274);
#14276=PLANE('',#14275);
#14277=ORIENTED_EDGE('',*,*,#13170,.F.);
#14278=ORIENTED_EDGE('',*,*,#13678,.F.);
#14280=ORIENTED_EDGE('',*,*,#14279,.F.);
#14281=ORIENTED_EDGE('',*,*,#14264,.T.);
#14282=EDGE_LOOP('',(#14277,#14278,#14280,#14281));
#14283=FACE_OUTER_BOUND('',#14282,.F.);
#14284=ADVANCED_FACE('',(#14283),#14276,.T.);
#14285=CARTESIAN_POINT('',(0.E0,0.E0,7.27E0));
#14286=DIRECTION('',(0.E0,0.E0,1.E0));
#14287=DIRECTION('',(1.E0,0.E0,0.E0));
#14288=AXIS2_PLACEMENT_3D('',#14285,#14286,#14287);
#14289=PLANE('',#14288);
#14290=ORIENTED_EDGE('',*,*,#14224,.T.);
#14291=ORIENTED_EDGE('',*,*,#14238,.T.);
#14292=ORIENTED_EDGE('',*,*,#14252,.T.);
#14293=ORIENTED_EDGE('',*,*,#14266,.T.);
#14294=ORIENTED_EDGE('',*,*,#14279,.T.);
#14295=ORIENTED_EDGE('',*,*,#13676,.T.);
#14296=ORIENTED_EDGE('',*,*,#13692,.T.);
#14297=ORIENTED_EDGE('',*,*,#13706,.T.);
#14298=ORIENTED_EDGE('',*,*,#13720,.T.);
#14299=ORIENTED_EDGE('',*,*,#13734,.T.);
#14300=ORIENTED_EDGE('',*,*,#13748,.T.);
#14301=ORIENTED_EDGE('',*,*,#13762,.T.);
#14302=ORIENTED_EDGE('',*,*,#13776,.T.);
#14303=ORIENTED_EDGE('',*,*,#13790,.T.);
#14304=ORIENTED_EDGE('',*,*,#13804,.T.);
#14305=ORIENTED_EDGE('',*,*,#13818,.T.);
#14306=ORIENTED_EDGE('',*,*,#13832,.T.);
#14307=ORIENTED_EDGE('',*,*,#13846,.T.);
#14308=ORIENTED_EDGE('',*,*,#13860,.T.);
#14309=ORIENTED_EDGE('',*,*,#13874,.T.);
#14310=ORIENTED_EDGE('',*,*,#13888,.T.);
#14311=ORIENTED_EDGE('',*,*,#13902,.T.);
#14312=ORIENTED_EDGE('',*,*,#13916,.T.);
#14313=ORIENTED_EDGE('',*,*,#13930,.T.);
#14314=ORIENTED_EDGE('',*,*,#13944,.T.);
#14315=ORIENTED_EDGE('',*,*,#13958,.T.);
#14316=ORIENTED_EDGE('',*,*,#13972,.T.);
#14317=ORIENTED_EDGE('',*,*,#13986,.T.);
#14318=ORIENTED_EDGE('',*,*,#14000,.T.);
#14319=ORIENTED_EDGE('',*,*,#14014,.T.);
#14320=ORIENTED_EDGE('',*,*,#14028,.T.);
#14321=ORIENTED_EDGE('',*,*,#14042,.T.);
#14322=ORIENTED_EDGE('',*,*,#14056,.T.);
#14323=ORIENTED_EDGE('',*,*,#14070,.T.);
#14324=ORIENTED_EDGE('',*,*,#14084,.T.);
#14325=ORIENTED_EDGE('',*,*,#14098,.T.);
#14326=ORIENTED_EDGE('',*,*,#14112,.T.);
#14327=ORIENTED_EDGE('',*,*,#14126,.T.);
#14328=ORIENTED_EDGE('',*,*,#14140,.T.);
#14329=ORIENTED_EDGE('',*,*,#14154,.T.);
#14330=ORIENTED_EDGE('',*,*,#14168,.T.);
#14331=ORIENTED_EDGE('',*,*,#14182,.T.);
#14332=ORIENTED_EDGE('',*,*,#14196,.T.);
#14333=ORIENTED_EDGE('',*,*,#14210,.T.);
#14334=EDGE_LOOP('',(#14290,#14291,#14292,#14293,#14294,#14295,#14296,#14297,
#14298,#14299,#14300,#14301,#14302,#14303,#14304,#14305,#14306,#14307,#14308,
#14309,#14310,#14311,#14312,#14313,#14314,#14315,#14316,#14317,#14318,#14319,
#14320,#14321,#14322,#14323,#14324,#14325,#14326,#14327,#14328,#14329,#14330,
#14331,#14332,#14333));
#14335=FACE_OUTER_BOUND('',#14334,.F.);
#14336=ADVANCED_FACE('',(#14335),#14289,.T.);
#14337=CARTESIAN_POINT('',(0.E0,0.E0,6.52E0));
#14338=DIRECTION('',(0.E0,0.E0,1.E0));
#14339=DIRECTION('',(9.990659737222E-1,4.321088000260E-2,0.E0));
#14340=AXIS2_PLACEMENT_3D('',#14337,#14338,#14339);
#14341=TOROIDAL_SURFACE('',#14340,3.87E0,6.E-1);
#14342=ORIENTED_EDGE('',*,*,#13138,.F.);
#14343=ORIENTED_EDGE('',*,*,#13467,.F.);
#14344=ORIENTED_EDGE('',*,*,#12505,.T.);
#14345=ORIENTED_EDGE('',*,*,#12503,.T.);
#14346=ORIENTED_EDGE('',*,*,#13463,.T.);
#14347=EDGE_LOOP('',(#14342,#14343,#14344,#14345,#14346));
#14348=FACE_OUTER_BOUND('',#14347,.F.);
#14349=ADVANCED_FACE('',(#14348),#14341,.T.);
#14350=CARTESIAN_POINT('',(-2.478466221856E0,4.192612367234E0,7.12E0));
#14351=DIRECTION('',(-8.672948051848E-1,-4.977948582493E-1,0.E0));
#14352=DIRECTION('',(4.977948582493E-1,-8.672948051848E-1,0.E0));
#14353=AXIS2_PLACEMENT_3D('',#14350,#14351,#14352);
#14354=PLANE('',#14353);
#14355=ORIENTED_EDGE('',*,*,#13134,.F.);
#14357=ORIENTED_EDGE('',*,*,#14356,.F.);
#14359=ORIENTED_EDGE('',*,*,#14358,.F.);
#14360=ORIENTED_EDGE('',*,*,#13439,.T.);
#14361=EDGE_LOOP('',(#14355,#14357,#14359,#14360));
#14362=FACE_OUTER_BOUND('',#14361,.F.);
#14363=ADVANCED_FACE('',(#14362),#14354,.T.);
#14364=CARTESIAN_POINT('',(-2.370054371207E0,4.254836724515E0,7.12E0));
#14365=DIRECTION('',(-4.977948582493E-1,8.672948051848E-1,0.E0));
#14366=DIRECTION('',(-8.672948051848E-1,-4.977948582493E-1,0.E0));
#14367=AXIS2_PLACEMENT_3D('',#14364,#14365,#14366);
#14368=PLANE('',#14367);
#14369=ORIENTED_EDGE('',*,*,#13132,.F.);
#14370=ORIENTED_EDGE('',*,*,#13426,.F.);
#14372=ORIENTED_EDGE('',*,*,#14371,.F.);
#14373=ORIENTED_EDGE('',*,*,#14356,.T.);
#14374=EDGE_LOOP('',(#14369,#14370,#14372,#14373));
#14375=FACE_OUTER_BOUND('',#14374,.F.);
#14376=ADVANCED_FACE('',(#14375),#14368,.T.);
#14377=CARTESIAN_POINT('',(0.E0,0.E0,7.27E0));
#14378=DIRECTION('',(0.E0,0.E0,1.E0));
#14379=DIRECTION('',(1.E0,0.E0,0.E0));
#14380=AXIS2_PLACEMENT_3D('',#14377,#14378,#14379);
#14381=PLANE('',#14380);
#14382=ORIENTED_EDGE('',*,*,#13424,.T.);
#14383=ORIENTED_EDGE('',*,*,#13441,.T.);
#14384=ORIENTED_EDGE('',*,*,#14358,.T.);
#14385=ORIENTED_EDGE('',*,*,#14371,.T.);
#14386=EDGE_LOOP('',(#14382,#14383,#14384,#14385));
#14387=FACE_OUTER_BOUND('',#14386,.F.);
#14388=ADVANCED_FACE('',(#14387),#14381,.T.);
#14389=CARTESIAN_POINT('',(4.441244167593E-1,3.862676299086E0,7.12E0));
#14390=DIRECTION('',(-2.095096038279E-1,-9.778065892107E-1,0.E0));
#14391=DIRECTION('',(9.778065892107E-1,-2.095096038279E-1,0.E0));
#14392=AXIS2_PLACEMENT_3D('',#14389,#14390,#14391);
#14393=PLANE('',#14392);
#14394=ORIENTED_EDGE('',*,*,#13166,.F.);
#14396=ORIENTED_EDGE('',*,*,#14395,.F.);
#14398=ORIENTED_EDGE('',*,*,#14397,.F.);
#14400=ORIENTED_EDGE('',*,*,#14399,.T.);
#14401=ORIENTED_EDGE('',*,*,#13142,.F.);
#14402=EDGE_LOOP('',(#14394,#14396,#14398,#14400,#14401));
#14403=FACE_OUTER_BOUND('',#14402,.F.);
#14404=ADVANCED_FACE('',(#14403),#14393,.T.);
#14405=CARTESIAN_POINT('',(6.536340205872E-1,4.840482888296E0,7.12E0));
#14406=DIRECTION('',(-9.778065892107E-1,2.095096038279E-1,0.E0));
#14407=DIRECTION('',(-2.095096038279E-1,-9.778065892107E-1,0.E0));
#14408=AXIS2_PLACEMENT_3D('',#14405,#14406,#14407);
#14409=PLANE('',#14408);
#14410=ORIENTED_EDGE('',*,*,#13164,.F.);
#14412=ORIENTED_EDGE('',*,*,#14411,.F.);
#14414=ORIENTED_EDGE('',*,*,#14413,.F.);
#14415=ORIENTED_EDGE('',*,*,#14395,.T.);
#14416=EDGE_LOOP('',(#14410,#14412,#14414,#14415));
#14417=FACE_OUTER_BOUND('',#14416,.F.);
#14418=ADVANCED_FACE('',(#14417),#14409,.T.);
#14419=CARTESIAN_POINT('',(1.386988962495E0,4.683350685425E0,7.12E0));
#14420=DIRECTION('',(2.095096038279E-1,9.778065892107E-1,0.E0));
#14421=DIRECTION('',(-9.778065892107E-1,2.095096038279E-1,0.E0));
#14422=AXIS2_PLACEMENT_3D('',#14419,#14420,#14421);
#14423=PLANE('',#14422);
#14424=ORIENTED_EDGE('',*,*,#13162,.F.);
#14426=ORIENTED_EDGE('',*,*,#14425,.F.);
#14428=ORIENTED_EDGE('',*,*,#14427,.F.);
#14429=ORIENTED_EDGE('',*,*,#14411,.T.);
#14430=EDGE_LOOP('',(#14424,#14426,#14428,#14429));
#14431=FACE_OUTER_BOUND('',#14430,.F.);
#14432=ADVANCED_FACE('',(#14431),#14423,.T.);
#14433=CARTESIAN_POINT('',(1.360243058812E0,4.558524327215E0,7.12E0));
#14434=DIRECTION('',(9.778065892107E-1,-2.095096038279E-1,0.E0));
#14435=DIRECTION('',(2.095096038279E-1,9.778065892107E-1,0.E0));
#14436=AXIS2_PLACEMENT_3D('',#14433,#14434,#14435);
#14437=PLANE('',#14436);
#14438=ORIENTED_EDGE('',*,*,#13160,.F.);
#14440=ORIENTED_EDGE('',*,*,#14439,.F.);
#14442=ORIENTED_EDGE('',*,*,#14441,.F.);
#14443=ORIENTED_EDGE('',*,*,#14425,.T.);
#14444=EDGE_LOOP('',(#14438,#14440,#14442,#14443));
#14445=FACE_OUTER_BOUND('',#14444,.F.);
#14446=ADVANCED_FACE('',(#14445),#14437,.T.);
#14447=CARTESIAN_POINT('',(7.491139405553E-1,4.689467829608E0,7.12E0));
#14448=DIRECTION('',(-2.095096038279E-1,-9.778065892107E-1,0.E0));
#14449=DIRECTION('',(9.778065892107E-1,-2.095096038279E-1,0.E0));
#14450=AXIS2_PLACEMENT_3D('',#14447,#14448,#14449);
#14451=PLANE('',#14450);
#14452=ORIENTED_EDGE('',*,*,#13158,.F.);
#14454=ORIENTED_EDGE('',*,*,#14453,.F.);
#14456=ORIENTED_EDGE('',*,*,#14455,.F.);
#14457=ORIENTED_EDGE('',*,*,#14439,.T.);
#14458=EDGE_LOOP('',(#14452,#14454,#14456,#14457));
#14459=FACE_OUTER_BOUND('',#14458,.F.);
#14460=ADVANCED_FACE('',(#14459),#14451,.T.);
#14461=CARTESIAN_POINT('',(6.911644700871E-1,4.419010661870E0,7.12E0));
#14462=DIRECTION('',(9.778065892107E-1,-2.095096038279E-1,0.E0));
#14463=DIRECTION('',(2.095096038279E-1,9.778065892107E-1,0.E0));
#14464=AXIS2_PLACEMENT_3D('',#14461,#14462,#14463);
#14465=PLANE('',#14464);
#14466=ORIENTED_EDGE('',*,*,#13156,.F.);
#14468=ORIENTED_EDGE('',*,*,#14467,.F.);
#14470=ORIENTED_EDGE('',*,*,#14469,.F.);
#14471=ORIENTED_EDGE('',*,*,#14453,.T.);
#14472=EDGE_LOOP('',(#14466,#14468,#14470,#14471));
#14473=FACE_OUTER_BOUND('',#14472,.F.);
#14474=ADVANCED_FACE('',(#14473),#14465,.T.);
#14475=CARTESIAN_POINT('',(1.220809550491E0,4.305526326431E0,7.12E0));
#14476=DIRECTION('',(2.095096038279E-1,9.778065892107E-1,0.E0));
#14477=DIRECTION('',(-9.778065892107E-1,2.095096038279E-1,0.E0));
#14478=AXIS2_PLACEMENT_3D('',#14475,#14476,#14477);
#14479=PLANE('',#14478);
#14480=ORIENTED_EDGE('',*,*,#13154,.F.);
#14482=ORIENTED_EDGE('',*,*,#14481,.F.);
#14484=ORIENTED_EDGE('',*,*,#14483,.F.);
#14485=ORIENTED_EDGE('',*,*,#14467,.T.);
#14486=EDGE_LOOP('',(#14480,#14482,#14484,#14485));
#14487=FACE_OUTER_BOUND('',#14486,.F.);
#14488=ADVANCED_FACE('',(#14487),#14479,.T.);
#14489=CARTESIAN_POINT('',(1.194063646808E0,4.180699968220E0,7.12E0));
#14490=DIRECTION('',(9.778065892107E-1,-2.095096038279E-1,0.E0));
#14491=DIRECTION('',(2.095096038279E-1,9.778065892107E-1,0.E0));
#14492=AXIS2_PLACEMENT_3D('',#14489,#14490,#14491);
#14493=PLANE('',#14492);
#14494=ORIENTED_EDGE('',*,*,#13152,.F.);
#14496=ORIENTED_EDGE('',*,*,#14495,.F.);
#14498=ORIENTED_EDGE('',*,*,#14497,.F.);
#14499=ORIENTED_EDGE('',*,*,#14481,.T.);
#14500=EDGE_LOOP('',(#14494,#14496,#14498,#14499));
#14501=FACE_OUTER_BOUND('',#14500,.F.);
#14502=ADVANCED_FACE('',(#14501),#14493,.T.);
#14503=CARTESIAN_POINT('',(6.644185664038E-1,4.294184303660E0,7.12E0));
#14504=DIRECTION('',(-2.095096038279E-1,-9.778065892107E-1,0.E0));
#14505=DIRECTION('',(9.778065892107E-1,-2.095096038279E-1,0.E0));
#14506=AXIS2_PLACEMENT_3D('',#14503,#14504,#14505);
#14507=PLANE('',#14506);
#14508=ORIENTED_EDGE('',*,*,#13150,.F.);
#14510=ORIENTED_EDGE('',*,*,#14509,.F.);
#14512=ORIENTED_EDGE('',*,*,#14511,.F.);
#14513=ORIENTED_EDGE('',*,*,#14495,.T.);
#14514=EDGE_LOOP('',(#14508,#14510,#14512,#14513));
#14515=FACE_OUTER_BOUND('',#14514,.F.);
#14516=ADVANCED_FACE('',(#14515),#14507,.T.);
#14517=CARTESIAN_POINT('',(5.930961472159E-1,3.961313971388E0,7.12E0));
#14518=DIRECTION('',(9.778065892107E-1,-2.095096038279E-1,0.E0));
#14519=DIRECTION('',(2.095096038279E-1,9.778065892107E-1,0.E0));
#14520=AXIS2_PLACEMENT_3D('',#14517,#14518,#14519);
#14521=PLANE('',#14520);
#14522=ORIENTED_EDGE('',*,*,#13148,.F.);
#14524=ORIENTED_EDGE('',*,*,#14523,.F.);
#14526=ORIENTED_EDGE('',*,*,#14525,.F.);
#14527=ORIENTED_EDGE('',*,*,#14509,.T.);
#14528=EDGE_LOOP('',(#14522,#14524,#14526,#14527));
#14529=FACE_OUTER_BOUND('',#14528,.F.);
#14530=ADVANCED_FACE('',(#14529),#14521,.T.);
#14531=CARTESIAN_POINT('',(1.204225265473E0,3.830370468995E0,7.12E0));
#14532=DIRECTION('',(2.095096038279E-1,9.778065892107E-1,0.E0));
#14533=DIRECTION('',(-9.778065892107E-1,2.095096038279E-1,0.E0));
#14534=AXIS2_PLACEMENT_3D('',#14531,#14532,#14533);
#14535=PLANE('',#14534);
#14536=ORIENTED_EDGE('',*,*,#13146,.F.);
#14538=ORIENTED_EDGE('',*,*,#14537,.F.);
#14540=ORIENTED_EDGE('',*,*,#14539,.F.);
#14541=ORIENTED_EDGE('',*,*,#14523,.T.);
#14542=EDGE_LOOP('',(#14536,#14538,#14540,#14541));
#14543=FACE_OUTER_BOUND('',#14542,.F.);
#14544=ADVANCED_FACE('',(#14543),#14535,.T.);
#14545=CARTESIAN_POINT('',(1.177479358667E0,3.705544096215E0,7.12E0));
#14546=DIRECTION('',(9.778065892107E-1,-2.095096038279E-1,0.E0));
#14547=DIRECTION('',(2.095096038279E-1,9.778065892107E-1,0.E0));
#14548=AXIS2_PLACEMENT_3D('',#14545,#14546,#14547);
#14549=PLANE('',#14548);
#14550=ORIENTED_EDGE('',*,*,#13144,.F.);
#14551=ORIENTED_EDGE('',*,*,#14399,.F.);
#14553=ORIENTED_EDGE('',*,*,#14552,.F.);
#14554=ORIENTED_EDGE('',*,*,#14537,.T.);
#14555=EDGE_LOOP('',(#14550,#14551,#14553,#14554));
#14556=FACE_OUTER_BOUND('',#14555,.F.);
#14557=ADVANCED_FACE('',(#14556),#14549,.T.);
#14558=CARTESIAN_POINT('',(0.E0,0.E0,7.27E0));
#14559=DIRECTION('',(0.E0,0.E0,1.E0));
#14560=DIRECTION('',(1.E0,0.E0,0.E0));
#14561=AXIS2_PLACEMENT_3D('',#14558,#14559,#14560);
#14562=PLANE('',#14561);
#14563=ORIENTED_EDGE('',*,*,#14539,.T.);
#14564=ORIENTED_EDGE('',*,*,#14552,.T.);
#14565=ORIENTED_EDGE('',*,*,#14397,.T.);
#14566=ORIENTED_EDGE('',*,*,#14413,.T.);
#14567=ORIENTED_EDGE('',*,*,#14427,.T.);
#14568=ORIENTED_EDGE('',*,*,#14441,.T.);
#14569=ORIENTED_EDGE('',*,*,#14455,.T.);
#14570=ORIENTED_EDGE('',*,*,#14469,.T.);
#14571=ORIENTED_EDGE('',*,*,#14483,.T.);
#14572=ORIENTED_EDGE('',*,*,#14497,.T.);
#14573=ORIENTED_EDGE('',*,*,#14511,.T.);
#14574=ORIENTED_EDGE('',*,*,#14525,.T.);
#14575=EDGE_LOOP('',(#14563,#14564,#14565,#14566,#14567,#14568,#14569,#14570,
#14571,#14572,#14573,#14574));
#14576=FACE_OUTER_BOUND('',#14575,.F.);
#14577=ADVANCED_FACE('',(#14576),#14562,.T.);
#14578=CARTESIAN_POINT('',(1.647084420085E0,3.999410952197E0,7.12E0));
#14579=DIRECTION('',(-4.379540105510E-1,-8.989973774390E-1,0.E0));
#14580=DIRECTION('',(8.989973774390E-1,-4.379540105510E-1,0.E0));
#14581=AXIS2_PLACEMENT_3D('',#14578,#14579,#14580);
#14582=PLANE('',#14581);
#14583=ORIENTED_EDGE('',*,*,#13284,.F.);
#14585=ORIENTED_EDGE('',*,*,#14584,.F.);
#14587=ORIENTED_EDGE('',*,*,#14586,.F.);
#14589=ORIENTED_EDGE('',*,*,#14588,.T.);
#14590=EDGE_LOOP('',(#14583,#14585,#14587,#14589));
#14591=FACE_OUTER_BOUND('',#14590,.F.);
#14592=ADVANCED_FACE('',(#14591),#14582,.T.);
#14593=CARTESIAN_POINT('',(1.451402838126E0,3.597731267215E0,7.12E0));
#14594=DIRECTION('',(8.989973774390E-1,-4.379540105510E-1,0.E0));
#14595=DIRECTION('',(4.379540105510E-1,8.989973774390E-1,0.E0));
#14596=AXIS2_PLACEMENT_3D('',#14593,#14594,#14595);
#14597=PLANE('',#14596);
#14598=ORIENTED_EDGE('',*,*,#13314,.F.);
#14600=ORIENTED_EDGE('',*,*,#14599,.F.);
#14602=ORIENTED_EDGE('',*,*,#14601,.F.);
#14603=ORIENTED_EDGE('',*,*,#14584,.T.);
#14604=EDGE_LOOP('',(#14598,#14600,#14602,#14603));
#14605=FACE_OUTER_BOUND('',#14604,.F.);
#14606=ADVANCED_FACE('',(#14605),#14597,.T.);
#14607=CARTESIAN_POINT('',(1.339028165946E0,3.652475518534E0,7.12E0));
#14608=DIRECTION('',(-4.379540105510E-1,-8.989973774390E-1,0.E0));
#14609=DIRECTION('',(8.989973774390E-1,-4.379540105510E-1,0.E0));
#14610=AXIS2_PLACEMENT_3D('',#14607,#14608,#14609);
#14611=PLANE('',#14610);
#14612=ORIENTED_EDGE('',*,*,#13312,.F.);
#14614=ORIENTED_EDGE('',*,*,#14613,.F.);
#14616=ORIENTED_EDGE('',*,*,#14615,.F.);
#14617=ORIENTED_EDGE('',*,*,#14599,.T.);
#14618=EDGE_LOOP('',(#14612,#14614,#14616,#14617));
#14619=FACE_OUTER_BOUND('',#14618,.F.);
#14620=ADVANCED_FACE('',(#14619),#14611,.T.);
#14621=CARTESIAN_POINT('',(1.776982176497E0,4.551472895973E0,7.12E0));
#14622=DIRECTION('',(-8.989973774390E-1,4.379540105510E-1,0.E0));
#14623=DIRECTION('',(-4.379540105510E-1,-8.989973774390E-1,0.E0));
#14624=AXIS2_PLACEMENT_3D('',#14621,#14622,#14623);
#14625=PLANE('',#14624);
#14626=ORIENTED_EDGE('',*,*,#13310,.F.);
#14628=ORIENTED_EDGE('',*,*,#14627,.F.);
#14630=ORIENTED_EDGE('',*,*,#14629,.F.);
#14631=ORIENTED_EDGE('',*,*,#14613,.T.);
#14632=EDGE_LOOP('',(#14626,#14628,#14630,#14631));
#14633=FACE_OUTER_BOUND('',#14632,.F.);
#14634=ADVANCED_FACE('',(#14633),#14625,.T.);
#14635=CARTESIAN_POINT('',(2.226480865217E0,4.332495890698E0,7.12E0));
#14636=DIRECTION('',(4.379540105510E-1,8.989973774390E-1,0.E0));
#14637=DIRECTION('',(-8.989973774390E-1,4.379540105510E-1,0.E0));
#14638=AXIS2_PLACEMENT_3D('',#14635,#14636,#14637);
#14639=PLANE('',#14638);
#14640=ORIENTED_EDGE('',*,*,#13308,.F.);
#14642=ORIENTED_EDGE('',*,*,#14641,.F.);
#14644=ORIENTED_EDGE('',*,*,#14643,.F.);
#14645=ORIENTED_EDGE('',*,*,#14627,.T.);
#14646=EDGE_LOOP('',(#14640,#14642,#14644,#14645));
#14647=FACE_OUTER_BOUND('',#14646,.F.);
#14648=ADVANCED_FACE('',(#14647),#14639,.T.);
#14649=CARTESIAN_POINT('',(2.310808541824E0,4.267747940549E0,7.12E0));
#14650=DIRECTION('',(6.090044083035E-1,7.931668365905E-1,0.E0));
#14651=DIRECTION('',(-7.931668365905E-1,6.090044083035E-1,0.E0));
#14652=AXIS2_PLACEMENT_3D('',#14649,#14650,#14651);
#14653=PLANE('',#14652);
#14654=ORIENTED_EDGE('',*,*,#13306,.F.);
#14656=ORIENTED_EDGE('',*,*,#14655,.F.);
#14658=ORIENTED_EDGE('',*,*,#14657,.F.);
#14659=ORIENTED_EDGE('',*,*,#14641,.T.);
#14660=EDGE_LOOP('',(#14654,#14656,#14658,#14659));
#14661=FACE_OUTER_BOUND('',#14660,.F.);
#14662=ADVANCED_FACE('',(#14661),#14653,.T.);
#14663=CARTESIAN_POINT('',(2.357770196181E0,4.173869107739E0,7.12E0));
#14664=DIRECTION('',(8.943424344585E-1,4.473830684401E-1,0.E0));
#14665=DIRECTION('',(-4.473830684401E-1,8.943424344585E-1,0.E0));
#14666=AXIS2_PLACEMENT_3D('',#14663,#14664,#14665);
#14667=PLANE('',#14666);
#14668=ORIENTED_EDGE('',*,*,#13304,.F.);
#14670=ORIENTED_EDGE('',*,*,#14669,.F.);
#14672=ORIENTED_EDGE('',*,*,#14671,.F.);
#14673=ORIENTED_EDGE('',*,*,#14655,.T.);
#14674=EDGE_LOOP('',(#14668,#14670,#14672,#14673));
#14675=FACE_OUTER_BOUND('',#14674,.F.);
#14676=ADVANCED_FACE('',(#14675),#14667,.T.);
#14677=CARTESIAN_POINT('',(2.376684854965E0,4.069986576099E0,7.12E0));
#14678=DIRECTION('',(9.838249988148E-1,1.791322743310E-1,0.E0));
#14679=DIRECTION('',(-1.791322743310E-1,9.838249988148E-1,0.E0));
#14680=AXIS2_PLACEMENT_3D('',#14677,#14678,#14679);
#14681=PLANE('',#14680);
#14682=ORIENTED_EDGE('',*,*,#13302,.F.);
#14684=ORIENTED_EDGE('',*,*,#14683,.F.);
#14686=ORIENTED_EDGE('',*,*,#14685,.F.);
#14687=ORIENTED_EDGE('',*,*,#14669,.T.);
#14688=EDGE_LOOP('',(#14682,#14684,#14686,#14687));
#14689=FACE_OUTER_BOUND('',#14688,.F.);
#14690=ADVANCED_FACE('',(#14689),#14681,.T.);
#14691=CARTESIAN_POINT('',(2.367459173232E0,4.003479868949E0,7.12E0));
#14692=DIRECTION('',(9.905153150143E-1,-1.374023679641E-1,0.E0));
#14693=DIRECTION('',(1.374023679641E-1,9.905153150143E-1,0.E0));
#14694=AXIS2_PLACEMENT_3D('',#14691,#14692,#14693);
#14695=PLANE('',#14694);
#14696=ORIENTED_EDGE('',*,*,#13300,.T.);
#14698=ORIENTED_EDGE('',*,*,#14697,.F.);
#14700=ORIENTED_EDGE('',*,*,#14699,.F.);
#14701=ORIENTED_EDGE('',*,*,#14683,.T.);
#14702=EDGE_LOOP('',(#14696,#14698,#14700,#14701));
#14703=FACE_OUTER_BOUND('',#14702,.F.);
#14704=ADVANCED_FACE('',(#14703),#14695,.T.);
#14705=CARTESIAN_POINT('',(2.330186469822E0,3.926969409384E0,7.12E0));
#14706=DIRECTION('',(8.989973774390E-1,-4.379540105510E-1,0.E0));
#14707=DIRECTION('',(4.379540105510E-1,8.989973774390E-1,0.E0));
#14708=AXIS2_PLACEMENT_3D('',#14705,#14706,#14707);
#14709=PLANE('',#14708);
#14710=ORIENTED_EDGE('',*,*,#13298,.F.);
#14712=ORIENTED_EDGE('',*,*,#14711,.F.);
#14714=ORIENTED_EDGE('',*,*,#14713,.F.);
#14715=ORIENTED_EDGE('',*,*,#14697,.T.);
#14716=EDGE_LOOP('',(#14710,#14712,#14714,#14715));
#14717=FACE_OUTER_BOUND('',#14716,.F.);
#14718=ADVANCED_FACE('',(#14717),#14709,.T.);
#14719=CARTESIAN_POINT('',(2.283503135596E0,3.878710507564E0,7.12E0));
#14720=DIRECTION('',(7.187422650675E-1,-6.952766042415E-1,0.E0));
#14721=DIRECTION('',(6.952766042415E-1,7.187422650675E-1,0.E0));
#14722=AXIS2_PLACEMENT_3D('',#14719,#14720,#14721);
#14723=PLANE('',#14722);
#14724=ORIENTED_EDGE('',*,*,#13296,.F.);
#14726=ORIENTED_EDGE('',*,*,#14725,.F.);
#14728=ORIENTED_EDGE('',*,*,#14727,.F.);
#14729=ORIENTED_EDGE('',*,*,#14711,.T.);
#14730=EDGE_LOOP('',(#14724,#14726,#14728,#14729));
#14731=FACE_OUTER_BOUND('',#14730,.F.);
#14732=ADVANCED_FACE('',(#14731),#14723,.T.);
#14733=CARTESIAN_POINT('',(2.190043122201E0,3.829572227243E0,7.12E0));
#14734=DIRECTION('',(4.653666772982E-1,-8.851179896830E-1,0.E0));
#14735=DIRECTION('',(8.851179896830E-1,4.653666772982E-1,0.E0));
#14736=AXIS2_PLACEMENT_3D('',#14733,#14734,#14735);
#14737=PLANE('',#14736);
#14738=ORIENTED_EDGE('',*,*,#13294,.F.);
#14740=ORIENTED_EDGE('',*,*,#14739,.F.);
#14742=ORIENTED_EDGE('',*,*,#14741,.F.);
#14743=ORIENTED_EDGE('',*,*,#14725,.T.);
#14744=EDGE_LOOP('',(#14738,#14740,#14742,#14743));
#14745=FACE_OUTER_BOUND('',#14744,.F.);
#14746=ADVANCED_FACE('',(#14745),#14737,.T.);
#14747=CARTESIAN_POINT('',(2.096490621211E0,3.827813052577E0,7.12E0));
#14748=DIRECTION('',(1.880081998440E-2,-9.998232489635E-1,0.E0));
#14749=DIRECTION('',(9.998232489635E-1,1.880081998440E-2,0.E0));
#14750=AXIS2_PLACEMENT_3D('',#14747,#14748,#14749);
#14751=PLANE('',#14750);
#14752=ORIENTED_EDGE('',*,*,#13292,.T.);
#14754=ORIENTED_EDGE('',*,*,#14753,.F.);
#14756=ORIENTED_EDGE('',*,*,#14755,.F.);
#14757=ORIENTED_EDGE('',*,*,#14739,.T.);
#14758=EDGE_LOOP('',(#14752,#14754,#14756,#14757));
#14759=FACE_OUTER_BOUND('',#14758,.F.);
#14760=ADVANCED_FACE('',(#14759),#14751,.T.);
#14761=CARTESIAN_POINT('',(2.050734708869E0,3.305761787626E0,7.12E0));
#14762=DIRECTION('',(9.961810431360E-1,-8.731167903845E-2,0.E0));
#14763=DIRECTION('',(8.731167903845E-2,9.961810431360E-1,0.E0));
#14764=AXIS2_PLACEMENT_3D('',#14761,#14762,#14763);
#14765=PLANE('',#14764);
#14766=ORIENTED_EDGE('',*,*,#13290,.F.);
#14768=ORIENTED_EDGE('',*,*,#14767,.F.);
#14770=ORIENTED_EDGE('',*,*,#14769,.F.);
#14771=ORIENTED_EDGE('',*,*,#14753,.T.);
#14772=EDGE_LOOP('',(#14766,#14768,#14770,#14771));
#14773=FACE_OUTER_BOUND('',#14772,.F.);
#14774=ADVANCED_FACE('',(#14773),#14765,.T.);
#14775=CARTESIAN_POINT('',(1.919630353092E0,3.369630359275E0,7.12E0));
#14776=DIRECTION('',(-4.379540105510E-1,-8.989973774390E-1,0.E0));
#14777=DIRECTION('',(8.989973774390E-1,-4.379540105510E-1,0.E0));
#14778=AXIS2_PLACEMENT_3D('',#14775,#14776,#14777);
#14779=PLANE('',#14778);
#14780=ORIENTED_EDGE('',*,*,#13288,.F.);
#14782=ORIENTED_EDGE('',*,*,#14781,.F.);
#14784=ORIENTED_EDGE('',*,*,#14783,.F.);
#14785=ORIENTED_EDGE('',*,*,#14767,.T.);
#14786=EDGE_LOOP('',(#14780,#14782,#14784,#14785));
#14787=FACE_OUTER_BOUND('',#14786,.F.);
#14788=ADVANCED_FACE('',(#14787),#14779,.T.);
#14789=CARTESIAN_POINT('',(1.965479181703E0,3.844302309738E0,7.12E0));
#14790=DIRECTION('',(-9.953675218063E-1,9.614310444953E-2,0.E0));
#14791=DIRECTION('',(-9.614310444953E-2,-9.953675218063E-1,0.E0));
#14792=AXIS2_PLACEMENT_3D('',#14789,#14790,#14791);
#14793=PLANE('',#14792);
#14794=ORIENTED_EDGE('',*,*,#13286,.F.);
#14795=ORIENTED_EDGE('',*,*,#14588,.F.);
#14797=ORIENTED_EDGE('',*,*,#14796,.F.);
#14798=ORIENTED_EDGE('',*,*,#14781,.T.);
#14799=EDGE_LOOP('',(#14794,#14795,#14797,#14798));
#14800=FACE_OUTER_BOUND('',#14799,.F.);
#14801=ADVANCED_FACE('',(#14800),#14793,.T.);
#14802=CARTESIAN_POINT('',(0.E0,0.E0,7.27E0));
#14803=DIRECTION('',(0.E0,0.E0,1.E0));
#14804=DIRECTION('',(1.E0,0.E0,0.E0));
#14805=AXIS2_PLACEMENT_3D('',#14802,#14803,#14804);
#14806=PLANE('',#14805);
#14807=ORIENTED_EDGE('',*,*,#14586,.T.);
#14808=ORIENTED_EDGE('',*,*,#14601,.T.);
#14809=ORIENTED_EDGE('',*,*,#14615,.T.);
#14810=ORIENTED_EDGE('',*,*,#14629,.T.);
#14811=ORIENTED_EDGE('',*,*,#14643,.T.);
#14812=ORIENTED_EDGE('',*,*,#14657,.T.);
#14813=ORIENTED_EDGE('',*,*,#14671,.T.);
#14814=ORIENTED_EDGE('',*,*,#14685,.T.);
#14815=ORIENTED_EDGE('',*,*,#14699,.T.);
#14816=ORIENTED_EDGE('',*,*,#14713,.T.);
#14817=ORIENTED_EDGE('',*,*,#14727,.T.);
#14818=ORIENTED_EDGE('',*,*,#14741,.T.);
#14819=ORIENTED_EDGE('',*,*,#14755,.T.);
#14820=ORIENTED_EDGE('',*,*,#14769,.T.);
#14821=ORIENTED_EDGE('',*,*,#14783,.T.);
#14822=ORIENTED_EDGE('',*,*,#14796,.T.);
#14823=EDGE_LOOP('',(#14807,#14808,#14809,#14810,#14811,#14812,#14813,#14814,
#14815,#14816,#14817,#14818,#14819,#14820,#14821,#14822));
#14824=FACE_OUTER_BOUND('',#14823,.F.);
#14826=ORIENTED_EDGE('',*,*,#14825,.T.);
#14828=ORIENTED_EDGE('',*,*,#14827,.T.);
#14830=ORIENTED_EDGE('',*,*,#14829,.T.);
#14832=ORIENTED_EDGE('',*,*,#14831,.T.);
#14834=ORIENTED_EDGE('',*,*,#14833,.T.);
#14836=ORIENTED_EDGE('',*,*,#14835,.T.);
#14838=ORIENTED_EDGE('',*,*,#14837,.T.);
#14840=ORIENTED_EDGE('',*,*,#14839,.T.);
#14842=ORIENTED_EDGE('',*,*,#14841,.T.);
#14844=ORIENTED_EDGE('',*,*,#14843,.T.);
#14845=EDGE_LOOP('',(#14826,#14828,#14830,#14832,#14834,#14836,#14838,#14840,
#14842,#14844));
#14846=FACE_BOUND('',#14845,.F.);
#14847=ADVANCED_FACE('',(#14824,#14846),#14806,.T.);
#14848=CARTESIAN_POINT('',(2.058846707505E0,3.940819695714E0,7.12E0));
#14849=DIRECTION('',(4.379540105510E-1,8.989973774390E-1,0.E0));
#14850=DIRECTION('',(-8.989973774390E-1,4.379540105510E-1,0.E0));
#14851=AXIS2_PLACEMENT_3D('',#14848,#14849,#14850);
#14852=PLANE('',#14851);
#14854=ORIENTED_EDGE('',*,*,#14853,.F.);
#14856=ORIENTED_EDGE('',*,*,#14855,.F.);
#14857=ORIENTED_EDGE('',*,*,#14825,.F.);
#14859=ORIENTED_EDGE('',*,*,#14858,.T.);
#14860=EDGE_LOOP('',(#14854,#14856,#14857,#14859));
#14861=FACE_OUTER_BOUND('',#14860,.F.);
#14862=ADVANCED_FACE('',(#14861),#14852,.T.);
#14863=CARTESIAN_POINT('',(0.E0,0.E0,7.12E0));
#14864=DIRECTION('',(0.E0,0.E0,1.E0));
#14865=DIRECTION('',(-1.E0,0.E0,0.E0));
#14866=AXIS2_PLACEMENT_3D('',#14863,#14864,#14865);
#14867=PLANE('',#14866);
#14868=ORIENTED_EDGE('',*,*,#14853,.T.);
#14870=ORIENTED_EDGE('',*,*,#14869,.T.);
#14872=ORIENTED_EDGE('',*,*,#14871,.T.);
#14874=ORIENTED_EDGE('',*,*,#14873,.T.);
#14876=ORIENTED_EDGE('',*,*,#14875,.T.);
#14878=ORIENTED_EDGE('',*,*,#14877,.F.);
#14880=ORIENTED_EDGE('',*,*,#14879,.T.);
#14882=ORIENTED_EDGE('',*,*,#14881,.T.);
#14884=ORIENTED_EDGE('',*,*,#14883,.T.);
#14886=ORIENTED_EDGE('',*,*,#14885,.F.);
#14887=EDGE_LOOP('',(#14868,#14870,#14872,#14874,#14876,#14878,#14880,#14882,
#14884,#14886));
#14888=FACE_OUTER_BOUND('',#14887,.F.);
#14889=ADVANCED_FACE('',(#14888),#14867,.T.);
#14890=CARTESIAN_POINT('',(1.702993436044E0,4.114176561168E0,7.12E0));
#14891=DIRECTION('',(8.989973774390E-1,-4.379540105510E-1,0.E0));
#14892=DIRECTION('',(4.379540105510E-1,8.989973774390E-1,0.E0));
#14893=AXIS2_PLACEMENT_3D('',#14890,#14891,#14892);
#14894=PLANE('',#14893);
#14895=ORIENTED_EDGE('',*,*,#14869,.F.);
#14896=ORIENTED_EDGE('',*,*,#14858,.F.);
#14897=ORIENTED_EDGE('',*,*,#14843,.F.);
#14899=ORIENTED_EDGE('',*,*,#14898,.T.);
#14900=EDGE_LOOP('',(#14895,#14896,#14897,#14899));
#14901=FACE_OUTER_BOUND('',#14900,.F.);
#14902=ADVANCED_FACE('',(#14901),#14894,.T.);
#14903=CARTESIAN_POINT('',(1.842766002045E0,4.401090637179E0,7.12E0));
#14904=DIRECTION('',(-4.379540105510E-1,-8.989973774390E-1,0.E0));
#14905=DIRECTION('',(8.989973774390E-1,-4.379540105510E-1,0.E0));
#14906=AXIS2_PLACEMENT_3D('',#14903,#14904,#14905);
#14907=PLANE('',#14906);
#14908=ORIENTED_EDGE('',*,*,#14871,.F.);
#14909=ORIENTED_EDGE('',*,*,#14898,.F.);
#14910=ORIENTED_EDGE('',*,*,#14841,.F.);
#14912=ORIENTED_EDGE('',*,*,#14911,.T.);
#14913=EDGE_LOOP('',(#14908,#14909,#14910,#14912));
#14914=FACE_OUTER_BOUND('',#14913,.F.);
#14915=ADVANCED_FACE('',(#14914),#14907,.T.);
#14916=CARTESIAN_POINT('',(2.198619273506E0,4.227733771725E0,7.12E0));
#14917=DIRECTION('',(-7.043050584992E-1,-7.098974465178E-1,0.E0));
#14918=DIRECTION('',(7.098974465178E-1,-7.043050584992E-1,0.E0));
#14919=AXIS2_PLACEMENT_3D('',#14916,#14917,#14918);
#14920=PLANE('',#14919);
#14921=ORIENTED_EDGE('',*,*,#14873,.F.);
#14922=ORIENTED_EDGE('',*,*,#14911,.F.);
#14923=ORIENTED_EDGE('',*,*,#14839,.F.);
#14925=ORIENTED_EDGE('',*,*,#14924,.T.);
#14926=EDGE_LOOP('',(#14921,#14922,#14923,#14925));
#14927=FACE_OUTER_BOUND('',#14926,.F.);
#14928=ADVANCED_FACE('',(#14927),#14920,.T.);
#14929=CARTESIAN_POINT('',(2.245488011594E0,4.181234253403E0,7.12E0));
#14930=DIRECTION('',(-9.487452592157E-1,-3.160418217827E-1,0.E0));
#14931=DIRECTION('',(3.160418217827E-1,-9.487452592157E-1,0.E0));
#14932=AXIS2_PLACEMENT_3D('',#14929,#14930,#14931);
#14933=PLANE('',#14932);
#14934=ORIENTED_EDGE('',*,*,#14875,.F.);
#14935=ORIENTED_EDGE('',*,*,#14924,.F.);
#14936=ORIENTED_EDGE('',*,*,#14837,.F.);
#14938=ORIENTED_EDGE('',*,*,#14937,.T.);
#14939=EDGE_LOOP('',(#14934,#14935,#14936,#14938));
#14940=FACE_OUTER_BOUND('',#14939,.F.);
#14941=ADVANCED_FACE('',(#14940),#14933,.T.);
#14942=CARTESIAN_POINT('',(2.264310182785E0,4.124730827418E0,7.12E0));
#14943=DIRECTION('',(-9.905153150143E-1,1.374023679641E-1,0.E0));
#14944=DIRECTION('',(-1.374023679641E-1,-9.905153150143E-1,0.E0));
#14945=AXIS2_PLACEMENT_3D('',#14942,#14943,#14944);
#14946=PLANE('',#14945);
#14947=ORIENTED_EDGE('',*,*,#14877,.T.);
#14948=ORIENTED_EDGE('',*,*,#14937,.F.);
#14949=ORIENTED_EDGE('',*,*,#14835,.F.);
#14951=ORIENTED_EDGE('',*,*,#14950,.T.);
#14952=EDGE_LOOP('',(#14947,#14948,#14949,#14951));
#14953=FACE_OUTER_BOUND('',#14952,.F.);
#14954=ADVANCED_FACE('',(#14953),#14946,.T.);
#14955=CARTESIAN_POINT('',(2.255084501052E0,4.058224120268E0,7.12E0));
#14956=DIRECTION('',(-8.989973774390E-1,4.379540105510E-1,0.E0));
#14957=DIRECTION('',(-4.379540105510E-1,-8.989973774390E-1,0.E0));
#14958=AXIS2_PLACEMENT_3D('',#14955,#14956,#14957);
#14959=PLANE('',#14958);
#14960=ORIENTED_EDGE('',*,*,#14879,.F.);
#14961=ORIENTED_EDGE('',*,*,#14950,.F.);
#14962=ORIENTED_EDGE('',*,*,#14833,.F.);
#14964=ORIENTED_EDGE('',*,*,#14963,.T.);
#14965=EDGE_LOOP('',(#14960,#14961,#14962,#14964));
#14966=FACE_OUTER_BOUND('',#14965,.F.);
#14967=ADVANCED_FACE('',(#14966),#14959,.T.);
#14968=CARTESIAN_POINT('',(2.227129966969E0,4.000841262198E0,7.12E0));
#14969=DIRECTION('',(-7.187422650675E-1,6.952766042415E-1,0.E0));
#14970=DIRECTION('',(-6.952766042415E-1,-7.187422650675E-1,0.E0));
#14971=AXIS2_PLACEMENT_3D('',#14968,#14969,#14970);
#14972=PLANE('',#14971);
#14973=ORIENTED_EDGE('',*,*,#14881,.F.);
#14974=ORIENTED_EDGE('',*,*,#14963,.F.);
#14975=ORIENTED_EDGE('',*,*,#14831,.F.);
#14977=ORIENTED_EDGE('',*,*,#14976,.T.);
#14978=EDGE_LOOP('',(#14973,#14974,#14975,#14977));
#14979=FACE_OUTER_BOUND('',#14978,.F.);
#14980=ADVANCED_FACE('',(#14979),#14972,.T.);
#14981=CARTESIAN_POINT('',(2.180446632743E0,3.952582360378E0,7.12E0));
#14982=DIRECTION('',(-3.359358674450E-1,9.418848618403E-1,0.E0));
#14983=DIRECTION('',(-9.418848618403E-1,-3.359358674450E-1,0.E0));
#14984=AXIS2_PLACEMENT_3D('',#14981,#14982,#14983);
#14985=PLANE('',#14984);
#14986=ORIENTED_EDGE('',*,*,#14883,.F.);
#14987=ORIENTED_EDGE('',*,*,#14976,.F.);
#14988=ORIENTED_EDGE('',*,*,#14829,.F.);
#14990=ORIENTED_EDGE('',*,*,#14989,.T.);
#14991=EDGE_LOOP('',(#14986,#14987,#14988,#14990));
#14992=FACE_OUTER_BOUND('',#14991,.F.);
#14993=ADVANCED_FACE('',(#14992),#14985,.T.);
#14994=CARTESIAN_POINT('',(2.124351784246E0,3.932575380382E0,7.12E0));
#14995=DIRECTION('',(1.248725406511E-1,9.921727917008E-1,0.E0));
#14996=DIRECTION('',(-9.921727917008E-1,1.248725406511E-1,0.E0));
#14997=AXIS2_PLACEMENT_3D('',#14994,#14995,#14996);
#14998=PLANE('',#14997);
#14999=ORIENTED_EDGE('',*,*,#14885,.T.);
#15000=ORIENTED_EDGE('',*,*,#14989,.F.);
#15001=ORIENTED_EDGE('',*,*,#14827,.F.);
#15002=ORIENTED_EDGE('',*,*,#14855,.T.);
#15003=EDGE_LOOP('',(#14999,#15000,#15001,#15002));
#15004=FACE_OUTER_BOUND('',#15003,.F.);
#15005=ADVANCED_FACE('',(#15004),#14998,.T.);
#15006=CARTESIAN_POINT('',(0.E0,0.E0,1.02E0));
#15007=DIRECTION('',(0.E0,0.E0,1.E0));
#15008=DIRECTION('',(-1.E0,0.E0,0.E0));
#15009=AXIS2_PLACEMENT_3D('',#15006,#15007,#15008);
#15010=PLANE('',#15009);
#15011=ORIENTED_EDGE('',*,*,#12411,.T.);
#15013=ORIENTED_EDGE('',*,*,#15012,.T.);
#15014=ORIENTED_EDGE('',*,*,#12476,.T.);
#15015=ORIENTED_EDGE('',*,*,#12588,.T.);
#15016=ORIENTED_EDGE('',*,*,#12308,.T.);
#15017=EDGE_LOOP('',(#15011,#15013,#15014,#15015,#15016));
#15018=FACE_OUTER_BOUND('',#15017,.F.);
#15019=ADVANCED_FACE('',(#15018),#15010,.T.);
#15020=CARTESIAN_POINT('',(0.E0,0.E0,-1.71E0));
#15021=DIRECTION('',(0.E0,0.E0,1.E0));
#15022=DIRECTION('',(0.E0,1.E0,0.E0));
#15023=AXIS2_PLACEMENT_3D('',#15020,#15021,#15022);
#15024=CYLINDRICAL_SURFACE('',#15023,4.54E0);
#15025=ORIENTED_EDGE('',*,*,#15012,.F.);
#15026=ORIENTED_EDGE('',*,*,#12409,.T.);
#15028=ORIENTED_EDGE('',*,*,#15027,.F.);
#15029=ORIENTED_EDGE('',*,*,#12478,.T.);
#15030=EDGE_LOOP('',(#15025,#15026,#15028,#15029));
#15031=FACE_OUTER_BOUND('',#15030,.F.);
#15032=ADVANCED_FACE('',(#15031),#15024,.T.);
#15033=CARTESIAN_POINT('',(0.E0,0.E0,-9.191140640343E-1));
#15034=DIRECTION('',(0.E0,0.E0,1.E0));
#15035=DIRECTION('',(0.E0,1.E0,0.E0));
#15036=AXIS2_PLACEMENT_3D('',#15033,#15034,#15035);
#15037=CONICAL_SURFACE('',#15036,4.310876522785E0,2.302549200853E1);
#15039=ORIENTED_EDGE('',*,*,#15038,.F.);
#15040=ORIENTED_EDGE('',*,*,#12480,.T.);
#15041=ORIENTED_EDGE('',*,*,#15027,.T.);
#15042=ORIENTED_EDGE('',*,*,#12407,.T.);
#15043=EDGE_LOOP('',(#15039,#15040,#15041,#15042));
#15044=FACE_OUTER_BOUND('',#15043,.F.);
#15045=ADVANCED_FACE('',(#15044),#15037,.T.);
#15046=CARTESIAN_POINT('',(0.E0,0.E0,-1.38E0));
#15047=DIRECTION('',(0.E0,0.E0,1.E0));
#15048=DIRECTION('',(-7.883829745394E-1,-6.151847571717E-1,0.E0));
#15049=AXIS2_PLACEMENT_3D('',#15046,#15047,#15048);
#15050=TOROIDAL_SURFACE('',#15049,3.897686861879E0,2.E-1);
#15051=ORIENTED_EDGE('',*,*,#12482,.F.);
#15052=ORIENTED_EDGE('',*,*,#15038,.T.);
#15053=ORIENTED_EDGE('',*,*,#12405,.F.);
#15054=ORIENTED_EDGE('',*,*,#12434,.F.);
#15055=EDGE_LOOP('',(#15051,#15052,#15053,#15054));
#15056=FACE_OUTER_BOUND('',#15055,.F.);
#15057=ADVANCED_FACE('',(#15056),#15050,.T.);
#15058=CARTESIAN_POINT('',(2.798690706209E0,-2.748831681232E0,3.62E0));
#15059=DIRECTION('',(-7.071067811865E-1,7.071067811865E-1,0.E0));
#15060=DIRECTION('',(0.E0,0.E0,1.E0));
#15061=AXIS2_PLACEMENT_3D('',#15058,#15059,#15060);
#15062=CYLINDRICAL_SURFACE('',#15061,6.E-1);
#15064=ORIENTED_EDGE('',*,*,#15063,.T.);
#15065=ORIENTED_EDGE('',*,*,#12591,.F.);
#15066=ORIENTED_EDGE('',*,*,#12472,.T.);
#15067=ORIENTED_EDGE('',*,*,#12496,.F.);
#15068=ORIENTED_EDGE('',*,*,#12563,.F.);
#15069=EDGE_LOOP('',(#15064,#15065,#15066,#15067,#15068));
#15070=FACE_OUTER_BOUND('',#15069,.F.);
#15071=ADVANCED_FACE('',(#15070),#15062,.F.);
#15072=CARTESIAN_POINT('',(-4.154252339471E0,5.038135815954E0,4.22E0));
#15073=DIRECTION('',(0.E0,0.E0,1.E0));
#15074=DIRECTION('',(-7.071067811865E-1,-7.071067811865E-1,0.E0));
#15075=AXIS2_PLACEMENT_3D('',#15072,#15073,#15074);
#15076=PLANE('',#15075);
#15077=ORIENTED_EDGE('',*,*,#15063,.F.);
#15078=ORIENTED_EDGE('',*,*,#12561,.T.);
#15079=ORIENTED_EDGE('',*,*,#12593,.T.);
#15080=EDGE_LOOP('',(#15077,#15078,#15079));
#15081=FACE_OUTER_BOUND('',#15080,.F.);
#15082=ADVANCED_FACE('',(#15081),#15076,.F.);
#15083=CARTESIAN_POINT('',(0.E0,0.E0,-1.450072803252E-2));
#15084=DIRECTION('',(0.E0,0.E0,1.E0));
#15085=DIRECTION('',(7.071067811865E-1,7.071067811865E-1,0.E0));
#15086=AXIS2_PLACEMENT_3D('',#15083,#15084,#15085);
#15087=CONICAL_SURFACE('',#15086,3.085E0,4.8E1);
#15088=ORIENTED_EDGE('',*,*,#12391,.T.);
#15089=ORIENTED_EDGE('',*,*,#12500,.T.);
#15091=ORIENTED_EDGE('',*,*,#15090,.T.);
#15093=ORIENTED_EDGE('',*,*,#15092,.T.);
#15095=ORIENTED_EDGE('',*,*,#15094,.F.);
#15097=ORIENTED_EDGE('',*,*,#15096,.F.);
#15099=ORIENTED_EDGE('',*,*,#15098,.T.);
#15100=EDGE_LOOP('',(#15088,#15089,#15091,#15093,#15095,#15097,#15099));
#15101=FACE_OUTER_BOUND('',#15100,.F.);
#15102=ADVANCED_FACE('',(#15101),#15087,.F.);
#15103=CARTESIAN_POINT('',(3.3E0,-1.64E0,-7.85E0));
#15104=DIRECTION('',(0.E0,1.E0,0.E0));
#15105=DIRECTION('',(-1.E0,0.E0,0.E0));
#15106=AXIS2_PLACEMENT_3D('',#15103,#15104,#15105);
#15107=PLANE('',#15106);
#15108=ORIENTED_EDGE('',*,*,#12456,.F.);
#15110=ORIENTED_EDGE('',*,*,#15109,.F.);
#15112=ORIENTED_EDGE('',*,*,#15111,.T.);
#15113=ORIENTED_EDGE('',*,*,#15090,.F.);
#15114=EDGE_LOOP('',(#15108,#15110,#15112,#15113));
#15115=FACE_OUTER_BOUND('',#15114,.F.);
#15116=ADVANCED_FACE('',(#15115),#15107,.F.);
#15117=CARTESIAN_POINT('',(0.E0,0.E0,-2.119407806656E-1));
#15118=DIRECTION('',(0.E0,0.E0,1.E0));
#15119=DIRECTION('',(7.071067811865E-1,7.071067811865E-1,0.E0));
#15120=AXIS2_PLACEMENT_3D('',#15117,#15118,#15119);
#15121=CONICAL_SURFACE('',#15120,3.164615916590E0,4.8E1);
#15122=ORIENTED_EDGE('',*,*,#12454,.T.);
#15123=ORIENTED_EDGE('',*,*,#12452,.T.);
#15125=ORIENTED_EDGE('',*,*,#15124,.T.);
#15127=ORIENTED_EDGE('',*,*,#15126,.T.);
#15129=ORIENTED_EDGE('',*,*,#15128,.T.);
#15131=ORIENTED_EDGE('',*,*,#15130,.T.);
#15132=ORIENTED_EDGE('',*,*,#15109,.T.);
#15133=EDGE_LOOP('',(#15122,#15123,#15125,#15127,#15129,#15131,#15132));
#15134=FACE_OUTER_BOUND('',#15133,.F.);
#15135=ADVANCED_FACE('',(#15134),#15121,.T.);
#15136=CARTESIAN_POINT('',(2.1E0,1.64E0,-7.85E0));
#15137=DIRECTION('',(0.E0,-1.E0,0.E0));
#15138=DIRECTION('',(1.E0,0.E0,0.E0));
#15139=AXIS2_PLACEMENT_3D('',#15136,#15137,#15138);
#15140=PLANE('',#15139);
#15141=ORIENTED_EDGE('',*,*,#12450,.F.);
#15142=ORIENTED_EDGE('',*,*,#15098,.F.);
#15144=ORIENTED_EDGE('',*,*,#15143,.T.);
#15145=ORIENTED_EDGE('',*,*,#15124,.F.);
#15146=EDGE_LOOP('',(#15141,#15142,#15144,#15145));
#15147=FACE_OUTER_BOUND('',#15146,.F.);
#15148=ADVANCED_FACE('',(#15147),#15140,.F.);
#15149=CARTESIAN_POINT('',(2.481090735559E0,1.372265415287E0,
-7.890960385587E-2));
#15150=CARTESIAN_POINT('',(2.512020797691E0,1.372610621564E0,
-1.091609386227E-1));
#15151=CARTESIAN_POINT('',(2.576511719900E0,1.373317127093E0,
-1.724934494944E-1));
#15152=CARTESIAN_POINT('',(2.659579737096E0,1.374192580702E0,
-2.547003665146E-1));
#15153=CARTESIAN_POINT('',(2.711748194967E0,1.374725378369E0,
-3.066215786755E-1));
#15154=CARTESIAN_POINT('',(2.730493643181E0,1.374914678288E0,
-3.253142762057E-1));
#15155=CARTESIAN_POINT('',(2.340335350873E0,1.532849328549E0,
-2.257633155124E-1));
#15156=CARTESIAN_POINT('',(2.371447615279E0,1.533950053881E0,
-2.553631338265E-1));
#15157=CARTESIAN_POINT('',(2.436330087673E0,1.536184758965E0,
-3.173779556665E-1));
#15158=CARTESIAN_POINT('',(2.519925401268E0,1.538911592323E0,
-3.979881062701E-1));
#15159=CARTESIAN_POINT('',(2.572433037899E0,1.540552126242E0,
-4.489533913248E-1));
#15160=CARTESIAN_POINT('',(2.591301182676E0,1.541132675686E0,
-4.673083677781E-1));
#15161=CARTESIAN_POINT('',(2.440274804193E0,1.748035949361E0,
-1.214939143441E-1));
#15162=CARTESIAN_POINT('',(2.472103767979E0,1.748600242622E0,
-1.506735995784E-1));
#15163=CARTESIAN_POINT('',(2.538436000954E0,1.749735684162E0,
-2.118387041956E-1));
#15164=CARTESIAN_POINT('',(2.623787616208E0,1.751097127994E0,
-2.914191733702E-1));
#15165=CARTESIAN_POINT('',(2.677345967365E0,1.751905226414E0,
-3.417680248761E-1));
#15166=CARTESIAN_POINT('',(2.696585198717E0,1.752189837353E0,
-3.599052204959E-1));
#15167=CARTESIAN_POINT('',(2.596434012285E0,1.620619084707E0,
4.143100231498E-2));
#15168=CARTESIAN_POINT('',(2.628191239786E0,1.620345177804E0,
1.166455639299E-2));
#15169=CARTESIAN_POINT('',(2.694355376431E0,1.619782988590E0,
-5.068726901844E-2));
#15170=CARTESIAN_POINT('',(2.779450396792E0,1.619082603059E0,
-1.317057982092E-1));
#15171=CARTESIAN_POINT('',(2.832831517454E0,1.618654660649E0,
-1.829155649595E-1));
#15172=CARTESIAN_POINT('',(2.852005248393E0,1.618502408601E0,
-2.013569147576E-1));
#15173=(BOUNDED_SURFACE()B_SPLINE_SURFACE(3,3,((#15149,#15150,#15151,#15152,
#15153,#15154),(#15155,#15156,#15157,#15158,#15159,#15160),(#15161,#15162,
#15163,#15164,#15165,#15166),(#15167,#15168,#15169,#15170,#15171,#15172)),
.UNSPECIFIED.,.F.,.F.,.F.)B_SPLINE_SURFACE_WITH_KNOTS((4,4),(4,1,1,4),(0.E0,
1.E0),(2.157259285583E-2,3.276399298205E-1,6.609714864701E-1,8.481948930685E-1),
.UNSPECIFIED.)GEOMETRIC_REPRESENTATION_ITEM()RATIONAL_B_SPLINE_SURFACE(((
1.856896803549E0,1.856896803549E0,1.856896803549E0,1.856896803549E0,
1.856896803549E0,1.856896803549E0),(7.143677321503E-1,7.143677321503E-1,
7.143677321503E-1,7.143677321503E-1,7.143677321503E-1,7.143677321503E-1),(
7.143677321503E-1,7.143677321503E-1,7.143677321503E-1,7.143677321503E-1,
7.143677321503E-1,7.143677321503E-1),(1.856896803549E0,1.856896803549E0,
1.856896803549E0,1.856896803549E0,1.856896803549E0,1.856896803549E0)))REPRESENTATION_ITEM('')SURFACE());
#15174=ORIENTED_EDGE('',*,*,#15126,.F.);
#15175=ORIENTED_EDGE('',*,*,#15143,.F.);
#15176=ORIENTED_EDGE('',*,*,#15096,.T.);
#15178=ORIENTED_EDGE('',*,*,#15177,.F.);
#15179=EDGE_LOOP('',(#15174,#15175,#15176,#15178));
#15180=FACE_OUTER_BOUND('',#15179,.F.);
#15181=ADVANCED_FACE('',(#15180),#15173,.T.);
#15182=CARTESIAN_POINT('',(0.E0,0.E0,-2.553899587754E-1));
#15183=DIRECTION('',(0.E0,0.E0,-1.E0));
#15184=DIRECTION('',(-7.071067811865E-1,-7.071067811865E-1,0.E0));
#15185=AXIS2_PLACEMENT_3D('',#15182,#15183,#15184);
#15186=CONICAL_SURFACE('',#15185,2.966913060636E0,4.2E1);
#15188=ORIENTED_EDGE('',*,*,#15187,.T.);
#15189=ORIENTED_EDGE('',*,*,#15128,.F.);
#15190=ORIENTED_EDGE('',*,*,#15177,.T.);
#15191=ORIENTED_EDGE('',*,*,#15094,.T.);
#15192=EDGE_LOOP('',(#15188,#15189,#15190,#15191));
#15193=FACE_OUTER_BOUND('',#15192,.F.);
#15194=ADVANCED_FACE('',(#15193),#15186,.F.);
#15195=CARTESIAN_POINT('',(2.730490988785E0,-1.374914651451E0,
-3.253116292233E-1));
#15196=CARTESIAN_POINT('',(2.711746423719E0,-1.374725360248E0,
-3.066198157662E-1));
#15197=CARTESIAN_POINT('',(2.659578849113E0,-1.374192571312E0,
-2.546994876875E-1));
#15198=CARTESIAN_POINT('',(2.576439928013E0,-1.373316370447E0,
-1.724224017577E-1));
#15199=CARTESIAN_POINT('',(2.511876683876E0,-1.372609042718E0,
-1.090194140019E-1));
#15200=CARTESIAN_POINT('',(2.480874147083E0,-1.372262997838E0,
-7.869777014267E-2));
#15201=CARTESIAN_POINT('',(2.591298510824E0,-1.541132593436E0,
-4.673057687013E-1));
#15202=CARTESIAN_POINT('',(2.572431255052E0,-1.540552070499E0,
-4.489516609552E-1));
#15203=CARTESIAN_POINT('',(2.519924507567E0,-1.538911563129E0,
-3.979872445962E-1));
#15204=CARTESIAN_POINT('',(2.436257839985E0,-1.536182402243E0,
-3.173082880261E-1));
#15205=CARTESIAN_POINT('',(2.371302626435E0,-1.533945059933E0,
-2.552245539439E-1));
#15206=CARTESIAN_POINT('',(2.340117486533E0,-1.532841620176E0,
-2.255560444616E-1));
#15207=CARTESIAN_POINT('',(2.696582474329E0,-1.752189797099E0,
-3.599026522458E-1));
#15208=CARTESIAN_POINT('',(2.677344148856E0,-1.751905199024E0,
-3.417663154245E-1));
#15209=CARTESIAN_POINT('',(2.623786703743E0,-1.751097113485E0,
-2.914183226925E-1));
#15210=CARTESIAN_POINT('',(2.538362235386E0,-1.749734507576E0,
-2.117699264515E-1));
#15211=CARTESIAN_POINT('',(2.471955539346E0,-1.748597705266E0,
-1.505369185581E-1));
#15212=CARTESIAN_POINT('',(2.440051920810E0,-1.748031997606E0,
-1.212895854809E-1));
#15213=CARTESIAN_POINT('',(2.852002533328E0,-1.618502430159E0,
-2.013543033908E-1));
#15214=CARTESIAN_POINT('',(2.832829705009E0,-1.618654675177E0,
-1.829138262298E-1));
#15215=CARTESIAN_POINT('',(2.779449487116E0,-1.619082610544E0,
-1.317049321105E-1));
#15216=CARTESIAN_POINT('',(2.694281832673E0,-1.619783593900E0,
-5.061724837594E-2));
#15217=CARTESIAN_POINT('',(2.628043386793E0,-1.620346434113E0,
1.180388944029E-2));
#15218=CARTESIAN_POINT('',(2.596211631137E0,-1.620621002814E0,
4.163944032021E-2));
#15219=(BOUNDED_SURFACE()B_SPLINE_SURFACE(3,3,((#15195,#15196,#15197,#15198,
#15199,#15200),(#15201,#15202,#15203,#15204,#15205,#15206),(#15207,#15208,
#15209,#15210,#15211,#15212),(#15213,#15214,#15215,#15216,#15217,#15218)),
.UNSPECIFIED.,.F.,.F.,.F.)B_SPLINE_SURFACE_WITH_KNOTS((4,4),(4,1,1,4),(0.E0,
1.E0),(1.518139439799E-1,3.390285135299E-1,6.723600701795E-1,9.791418186198E-1),
.UNSPECIFIED.)GEOMETRIC_REPRESENTATION_ITEM()RATIONAL_B_SPLINE_SURFACE(((
1.856896803850E0,1.856896803850E0,1.856896803850E0,1.856896803850E0,
1.856896803850E0,1.856896803850E0),(7.143677320499E-1,7.143677320499E-1,
7.143677320499E-1,7.143677320499E-1,7.143677320499E-1,7.143677320499E-1),(
7.143677320499E-1,7.143677320499E-1,7.143677320499E-1,7.143677320499E-1,
7.143677320499E-1,7.143677320499E-1),(1.856896803850E0,1.856896803850E0,
1.856896803850E0,1.856896803850E0,1.856896803850E0,1.856896803850E0)))REPRESENTATION_ITEM('')SURFACE());
#15220=ORIENTED_EDGE('',*,*,#15092,.F.);
#15221=ORIENTED_EDGE('',*,*,#15111,.F.);
#15222=ORIENTED_EDGE('',*,*,#15130,.F.);
#15223=ORIENTED_EDGE('',*,*,#15187,.F.);
#15224=EDGE_LOOP('',(#15220,#15221,#15222,#15223));
#15225=FACE_OUTER_BOUND('',#15224,.F.);
#15226=ADVANCED_FACE('',(#15225),#15219,.T.);
#15227=CARTESIAN_POINT('',(0.E0,0.E0,-1.450072803252E-2));
#15228=DIRECTION('',(0.E0,0.E0,1.E0));
#15229=DIRECTION('',(-7.071067811865E-1,-7.071067811865E-1,0.E0));
#15230=AXIS2_PLACEMENT_3D('',#15227,#15228,#15229);
#15231=CONICAL_SURFACE('',#15230,3.085E0,4.8E1);
#15232=ORIENTED_EDGE('',*,*,#12381,.T.);
#15234=ORIENTED_EDGE('',*,*,#15233,.T.);
#15236=ORIENTED_EDGE('',*,*,#15235,.T.);
#15238=ORIENTED_EDGE('',*,*,#15237,.F.);
#15240=ORIENTED_EDGE('',*,*,#15239,.F.);
#15242=ORIENTED_EDGE('',*,*,#15241,.T.);
#15243=ORIENTED_EDGE('',*,*,#12508,.T.);
#15244=EDGE_LOOP('',(#15232,#15234,#15236,#15238,#15240,#15242,#15243));
#15245=FACE_OUTER_BOUND('',#15244,.F.);
#15246=ADVANCED_FACE('',(#15245),#15231,.F.);
#15247=CARTESIAN_POINT('',(-3.3E0,1.64E0,-7.85E0));
#15248=DIRECTION('',(0.E0,-1.E0,0.E0));
#15249=DIRECTION('',(1.E0,0.E0,0.E0));
#15250=AXIS2_PLACEMENT_3D('',#15247,#15248,#15249);
#15251=PLANE('',#15250);
#15252=ORIENTED_EDGE('',*,*,#12160,.F.);
#15254=ORIENTED_EDGE('',*,*,#15253,.F.);
#15256=ORIENTED_EDGE('',*,*,#15255,.T.);
#15257=ORIENTED_EDGE('',*,*,#15233,.F.);
#15258=EDGE_LOOP('',(#15252,#15254,#15256,#15257));
#15259=FACE_OUTER_BOUND('',#15258,.F.);
#15260=ADVANCED_FACE('',(#15259),#15251,.F.);
#15261=CARTESIAN_POINT('',(0.E0,0.E0,-2.119407806656E-1));
#15262=DIRECTION('',(0.E0,0.E0,1.E0));
#15263=DIRECTION('',(-7.071067811865E-1,-7.071067811865E-1,0.E0));
#15264=AXIS2_PLACEMENT_3D('',#15261,#15262,#15263);
#15265=CONICAL_SURFACE('',#15264,3.164615916590E0,4.8E1);
#15266=ORIENTED_EDGE('',*,*,#12158,.T.);
#15267=ORIENTED_EDGE('',*,*,#12156,.T.);
#15269=ORIENTED_EDGE('',*,*,#15268,.T.);
#15271=ORIENTED_EDGE('',*,*,#15270,.T.);
#15273=ORIENTED_EDGE('',*,*,#15272,.T.);
#15275=ORIENTED_EDGE('',*,*,#15274,.T.);
#15276=ORIENTED_EDGE('',*,*,#15253,.T.);
#15277=EDGE_LOOP('',(#15266,#15267,#15269,#15271,#15273,#15275,#15276));
#15278=FACE_OUTER_BOUND('',#15277,.F.);
#15279=ADVANCED_FACE('',(#15278),#15265,.T.);
#15280=CARTESIAN_POINT('',(-2.1E0,-1.64E0,-7.85E0));
#15281=DIRECTION('',(0.E0,1.E0,0.E0));
#15282=DIRECTION('',(-1.E0,0.E0,0.E0));
#15283=AXIS2_PLACEMENT_3D('',#15280,#15281,#15282);
#15284=PLANE('',#15283);
#15285=ORIENTED_EDGE('',*,*,#12154,.F.);
#15286=ORIENTED_EDGE('',*,*,#15241,.F.);
#15288=ORIENTED_EDGE('',*,*,#15287,.T.);
#15289=ORIENTED_EDGE('',*,*,#15268,.F.);
#15290=EDGE_LOOP('',(#15285,#15286,#15288,#15289));
#15291=FACE_OUTER_BOUND('',#15290,.F.);
#15292=ADVANCED_FACE('',(#15291),#15284,.F.);
#15293=CARTESIAN_POINT('',(-2.481090735559E0,-1.372265415287E0,
-7.890960385586E-2));
#15294=CARTESIAN_POINT('',(-2.512020797691E0,-1.372610621564E0,
-1.091609386227E-1));
#15295=CARTESIAN_POINT('',(-2.576511719900E0,-1.373317127093E0,
-1.724934494944E-1));
#15296=CARTESIAN_POINT('',(-2.659579737096E0,-1.374192580702E0,
-2.547003665146E-1));
#15297=CARTESIAN_POINT('',(-2.711748194967E0,-1.374725378369E0,
-3.066215786755E-1));
#15298=CARTESIAN_POINT('',(-2.730493643181E0,-1.374914678288E0,
-3.253142762057E-1));
#15299=CARTESIAN_POINT('',(-2.340335350873E0,-1.532849328549E0,
-2.257633155124E-1));
#15300=CARTESIAN_POINT('',(-2.371447615279E0,-1.533950053881E0,
-2.553631338264E-1));
#15301=CARTESIAN_POINT('',(-2.436330087673E0,-1.536184758965E0,
-3.173779556665E-1));
#15302=CARTESIAN_POINT('',(-2.519925401268E0,-1.538911592323E0,
-3.979881062701E-1));
#15303=CARTESIAN_POINT('',(-2.572433037899E0,-1.540552126242E0,
-4.489533913248E-1));
#15304=CARTESIAN_POINT('',(-2.591301182676E0,-1.541132675686E0,
-4.673083677781E-1));
#15305=CARTESIAN_POINT('',(-2.440274804193E0,-1.748035949361E0,
-1.214939143441E-1));
#15306=CARTESIAN_POINT('',(-2.472103767979E0,-1.748600242622E0,
-1.506735995784E-1));
#15307=CARTESIAN_POINT('',(-2.538436000954E0,-1.749735684162E0,
-2.118387041956E-1));
#15308=CARTESIAN_POINT('',(-2.623787616208E0,-1.751097127994E0,
-2.914191733702E-1));
#15309=CARTESIAN_POINT('',(-2.677345967365E0,-1.751905226414E0,
-3.417680248761E-1));
#15310=CARTESIAN_POINT('',(-2.696585198717E0,-1.752189837353E0,
-3.599052204959E-1));
#15311=CARTESIAN_POINT('',(-2.596434012285E0,-1.620619084707E0,
4.143100231499E-2));
#15312=CARTESIAN_POINT('',(-2.628191239786E0,-1.620345177804E0,
1.166455639299E-2));
#15313=CARTESIAN_POINT('',(-2.694355376431E0,-1.619782988590E0,
-5.068726901844E-2));
#15314=CARTESIAN_POINT('',(-2.779450396792E0,-1.619082603059E0,
-1.317057982092E-1));
#15315=CARTESIAN_POINT('',(-2.832831517454E0,-1.618654660649E0,
-1.829155649595E-1));
#15316=CARTESIAN_POINT('',(-2.852005248393E0,-1.618502408601E0,
-2.013569147576E-1));
#15317=(BOUNDED_SURFACE()B_SPLINE_SURFACE(3,3,((#15293,#15294,#15295,#15296,
#15297,#15298),(#15299,#15300,#15301,#15302,#15303,#15304),(#15305,#15306,
#15307,#15308,#15309,#15310),(#15311,#15312,#15313,#15314,#15315,#15316)),
.UNSPECIFIED.,.F.,.F.,.F.)B_SPLINE_SURFACE_WITH_KNOTS((4,4),(4,1,1,4),(0.E0,
1.E0),(2.157259285579E-2,3.276399298205E-1,6.609714864701E-1,8.481948930685E-1),
.UNSPECIFIED.)GEOMETRIC_REPRESENTATION_ITEM()RATIONAL_B_SPLINE_SURFACE(((
1.856896803549E0,1.856896803549E0,1.856896803549E0,1.856896803549E0,
1.856896803549E0,1.856896803549E0),(7.143677321503E-1,7.143677321503E-1,
7.143677321503E-1,7.143677321503E-1,7.143677321503E-1,7.143677321503E-1),(
7.143677321503E-1,7.143677321503E-1,7.143677321503E-1,7.143677321503E-1,
7.143677321503E-1,7.143677321503E-1),(1.856896803549E0,1.856896803549E0,
1.856896803549E0,1.856896803549E0,1.856896803549E0,1.856896803549E0)))REPRESENTATION_ITEM('')SURFACE());
#15318=ORIENTED_EDGE('',*,*,#15270,.F.);
#15319=ORIENTED_EDGE('',*,*,#15287,.F.);
#15320=ORIENTED_EDGE('',*,*,#15239,.T.);
#15322=ORIENTED_EDGE('',*,*,#15321,.F.);
#15323=EDGE_LOOP('',(#15318,#15319,#15320,#15322));
#15324=FACE_OUTER_BOUND('',#15323,.F.);
#15325=ADVANCED_FACE('',(#15324),#15317,.T.);
#15326=CARTESIAN_POINT('',(0.E0,0.E0,-2.553899587754E-1));
#15327=DIRECTION('',(0.E0,0.E0,-1.E0));
#15328=DIRECTION('',(7.071067811865E-1,7.071067811865E-1,0.E0));
#15329=AXIS2_PLACEMENT_3D('',#15326,#15327,#15328);
#15330=CONICAL_SURFACE('',#15329,2.966913060636E0,4.2E1);
#15332=ORIENTED_EDGE('',*,*,#15331,.T.);
#15333=ORIENTED_EDGE('',*,*,#15272,.F.);
#15334=ORIENTED_EDGE('',*,*,#15321,.T.);
#15335=ORIENTED_EDGE('',*,*,#15237,.T.);
#15336=EDGE_LOOP('',(#15332,#15333,#15334,#15335));
#15337=FACE_OUTER_BOUND('',#15336,.F.);
#15338=ADVANCED_FACE('',(#15337),#15330,.F.);
#15339=CARTESIAN_POINT('',(-2.730490988785E0,1.374914651451E0,
-3.253116292233E-1));
#15340=CARTESIAN_POINT('',(-2.711746423719E0,1.374725360248E0,
-3.066198157662E-1));
#15341=CARTESIAN_POINT('',(-2.659578849113E0,1.374192571312E0,
-2.546994876875E-1));
#15342=CARTESIAN_POINT('',(-2.576439928013E0,1.373316370447E0,
-1.724224017577E-1));
#15343=CARTESIAN_POINT('',(-2.511876683876E0,1.372609042718E0,
-1.090194140019E-1));
#15344=CARTESIAN_POINT('',(-2.480874147083E0,1.372262997838E0,
-7.869777014266E-2));
#15345=CARTESIAN_POINT('',(-2.591298510824E0,1.541132593436E0,
-4.673057687013E-1));
#15346=CARTESIAN_POINT('',(-2.572431255052E0,1.540552070499E0,
-4.489516609552E-1));
#15347=CARTESIAN_POINT('',(-2.519924507567E0,1.538911563129E0,
-3.979872445962E-1));
#15348=CARTESIAN_POINT('',(-2.436257839985E0,1.536182402243E0,
-3.173082880261E-1));
#15349=CARTESIAN_POINT('',(-2.371302626435E0,1.533945059933E0,
-2.552245539438E-1));
#15350=CARTESIAN_POINT('',(-2.340117486533E0,1.532841620176E0,
-2.255560444616E-1));
#15351=CARTESIAN_POINT('',(-2.696582474329E0,1.752189797099E0,
-3.599026522458E-1));
#15352=CARTESIAN_POINT('',(-2.677344148856E0,1.751905199024E0,
-3.417663154245E-1));
#15353=CARTESIAN_POINT('',(-2.623786703743E0,1.751097113485E0,
-2.914183226925E-1));
#15354=CARTESIAN_POINT('',(-2.538362235386E0,1.749734507576E0,
-2.117699264515E-1));
#15355=CARTESIAN_POINT('',(-2.471955539346E0,1.748597705266E0,
-1.505369185581E-1));
#15356=CARTESIAN_POINT('',(-2.440051920810E0,1.748031997606E0,
-1.212895854808E-1));
#15357=CARTESIAN_POINT('',(-2.852002533328E0,1.618502430159E0,
-2.013543033908E-1));
#15358=CARTESIAN_POINT('',(-2.832829705009E0,1.618654675177E0,
-1.829138262298E-1));
#15359=CARTESIAN_POINT('',(-2.779449487116E0,1.619082610544E0,
-1.317049321105E-1));
#15360=CARTESIAN_POINT('',(-2.694281832673E0,1.619783593900E0,
-5.061724837592E-2));
#15361=CARTESIAN_POINT('',(-2.628043386793E0,1.620346434113E0,
1.180388944030E-2));
#15362=CARTESIAN_POINT('',(-2.596211631137E0,1.620621002814E0,
4.163944032022E-2));
#15363=(BOUNDED_SURFACE()B_SPLINE_SURFACE(3,3,((#15339,#15340,#15341,#15342,
#15343,#15344),(#15345,#15346,#15347,#15348,#15349,#15350),(#15351,#15352,
#15353,#15354,#15355,#15356),(#15357,#15358,#15359,#15360,#15361,#15362)),
.UNSPECIFIED.,.F.,.F.,.F.)B_SPLINE_SURFACE_WITH_KNOTS((4,4),(4,1,1,4),(0.E0,
1.E0),(1.518139439799E-1,3.390285135299E-1,6.723600701795E-1,9.791418186198E-1),
.UNSPECIFIED.)GEOMETRIC_REPRESENTATION_ITEM()RATIONAL_B_SPLINE_SURFACE(((
1.856896803850E0,1.856896803850E0,1.856896803850E0,1.856896803850E0,
1.856896803850E0,1.856896803850E0),(7.143677320499E-1,7.143677320499E-1,
7.143677320499E-1,7.143677320499E-1,7.143677320499E-1,7.143677320499E-1),(
7.143677320499E-1,7.143677320499E-1,7.143677320499E-1,7.143677320499E-1,
7.143677320499E-1,7.143677320499E-1),(1.856896803850E0,1.856896803850E0,
1.856896803850E0,1.856896803850E0,1.856896803850E0,1.856896803850E0)))REPRESENTATION_ITEM('')SURFACE());
#15364=ORIENTED_EDGE('',*,*,#15235,.F.);
#15365=ORIENTED_EDGE('',*,*,#15255,.F.);
#15366=ORIENTED_EDGE('',*,*,#15274,.F.);
#15367=ORIENTED_EDGE('',*,*,#15331,.F.);
#15368=EDGE_LOOP('',(#15364,#15365,#15366,#15367));
#15369=FACE_OUTER_BOUND('',#15368,.F.);
#15370=ADVANCED_FACE('',(#15369),#15363,.T.);
#15371=CARTESIAN_POINT('',(2.225541157828E0,2.175682132851E0,3.62E0));
#15372=DIRECTION('',(7.071067811865E-1,7.071067811865E-1,0.E0));
#15373=DIRECTION('',(0.E0,0.E0,1.E0));
#15374=AXIS2_PLACEMENT_3D('',#15371,#15372,#15373);
#15375=CYLINDRICAL_SURFACE('',#15374,6.E-1);
#15376=ORIENTED_EDGE('',*,*,#12414,.T.);
#15377=ORIENTED_EDGE('',*,*,#12304,.F.);
#15379=ORIENTED_EDGE('',*,*,#15378,.T.);
#15381=ORIENTED_EDGE('',*,*,#15380,.T.);
#15382=ORIENTED_EDGE('',*,*,#12358,.F.);
#15383=EDGE_LOOP('',(#15376,#15377,#15379,#15381,#15382));
#15384=FACE_OUTER_BOUND('',#15383,.F.);
#15385=ADVANCED_FACE('',(#15384),#15375,.F.);
#15386=CARTESIAN_POINT('',(-4.154252339471E0,-5.038135815954E0,4.22E0));
#15387=DIRECTION('',(0.E0,0.E0,-1.E0));
#15388=DIRECTION('',(-7.071067811865E-1,7.071067811865E-1,0.E0));
#15389=AXIS2_PLACEMENT_3D('',#15386,#15387,#15388);
#15390=PLANE('',#15389);
#15392=ORIENTED_EDGE('',*,*,#15391,.T.);
#15393=ORIENTED_EDGE('',*,*,#15378,.F.);
#15394=ORIENTED_EDGE('',*,*,#12302,.T.);
#15395=EDGE_LOOP('',(#15392,#15393,#15394));
#15396=FACE_OUTER_BOUND('',#15395,.F.);
#15397=ADVANCED_FACE('',(#15396),#15390,.T.);
#15398=CARTESIAN_POINT('',(2.418982502971E0,1.994071955248E0,3.62E0));
#15399=DIRECTION('',(0.E0,1.E0,0.E0));
#15400=DIRECTION('',(-9.998933543411E-1,0.E0,1.460410711074E-2));
#15401=AXIS2_PLACEMENT_3D('',#15398,#15399,#15400);
#15402=CYLINDRICAL_SURFACE('',#15401,6.E-1);
#15403=ORIENTED_EDGE('',*,*,#15391,.F.);
#15404=ORIENTED_EDGE('',*,*,#12300,.F.);
#15406=ORIENTED_EDGE('',*,*,#15405,.F.);
#15407=ORIENTED_EDGE('',*,*,#12360,.F.);
#15408=ORIENTED_EDGE('',*,*,#15380,.F.);
#15409=EDGE_LOOP('',(#15403,#15404,#15406,#15407,#15408));
#15410=FACE_OUTER_BOUND('',#15409,.F.);
#15411=ADVANCED_FACE('',(#15410),#15402,.F.);
#15412=CARTESIAN_POINT('',(1.779563310903E0,0.E0,9.423571398375E-1));
#15413=CARTESIAN_POINT('',(1.779946074986E0,0.E0,9.682380922043E-1));
#15414=CARTESIAN_POINT('',(1.782712365892E0,0.E0,1.155317186933E0));
#15415=CARTESIAN_POINT('',(1.792153401124E0,0.E0,1.794630193053E0));
#15416=CARTESIAN_POINT('',(1.804940135224E0,0.E0,2.664217560037E0));
#15417=CARTESIAN_POINT('',(1.815683862452E0,0.E0,3.398488445505E0));
#15418=CARTESIAN_POINT('',(1.819802443658E0,0.E0,3.680524689896E0));
#15419=CARTESIAN_POINT('',(1.820180317709E0,0.E0,3.706405804208E0));
#15421=DIRECTION('',(0.E0,-1.E0,0.E0));
#15422=VECTOR('',#15421,1.E0);
#15423=SURFACE_OF_LINEAR_EXTRUSION('',#15420,#15422);
#15424=ORIENTED_EDGE('',*,*,#15405,.T.);
#15425=ORIENTED_EDGE('',*,*,#12298,.F.);
#15427=ORIENTED_EDGE('',*,*,#15426,.T.);
#15428=ORIENTED_EDGE('',*,*,#12362,.F.);
#15429=EDGE_LOOP('',(#15424,#15425,#15427,#15428));
#15430=FACE_OUTER_BOUND('',#15429,.F.);
#15431=ADVANCED_FACE('',(#15430),#15423,.T.);
#15432=CARTESIAN_POINT('',(0.E0,0.E0,1.02E0));
#15433=DIRECTION('',(0.E0,0.E0,1.E0));
#15434=DIRECTION('',(-1.E0,0.E0,0.E0));
#15435=AXIS2_PLACEMENT_3D('',#15432,#15433,#15434);
#15436=PLANE('',#15435);
#15438=ORIENTED_EDGE('',*,*,#15437,.T.);
#15440=ORIENTED_EDGE('',*,*,#15439,.T.);
#15442=ORIENTED_EDGE('',*,*,#15441,.T.);
#15444=ORIENTED_EDGE('',*,*,#15443,.T.);
#15445=ORIENTED_EDGE('',*,*,#15426,.F.);
#15446=ORIENTED_EDGE('',*,*,#12296,.T.);
#15448=ORIENTED_EDGE('',*,*,#15447,.T.);
#15449=EDGE_LOOP('',(#15438,#15440,#15442,#15444,#15445,#15446,#15448));
#15450=FACE_OUTER_BOUND('',#15449,.F.);
#15451=ADVANCED_FACE('',(#15450),#15436,.T.);
#15452=CARTESIAN_POINT('',(5.108846494073E0,-4.083541661352E0,-1.58E0));
#15453=DIRECTION('',(-7.070017055071E-1,-7.070017055071E-1,-1.723881725084E-2));
#15454=DIRECTION('',(-1.218968457770E-2,-1.218968457770E-2,9.998514005490E-1));
#15455=AXIS2_PLACEMENT_3D('',#15452,#15453,#15454);
#15456=PLANE('',#15455);
#15458=ORIENTED_EDGE('',*,*,#15457,.F.);
#15460=ORIENTED_EDGE('',*,*,#15459,.T.);
#15462=ORIENTED_EDGE('',*,*,#15461,.F.);
#15464=ORIENTED_EDGE('',*,*,#15463,.F.);
#15465=ORIENTED_EDGE('',*,*,#15437,.F.);
#15466=ORIENTED_EDGE('',*,*,#12372,.F.);
#15468=ORIENTED_EDGE('',*,*,#15467,.T.);
#15469=EDGE_LOOP('',(#15458,#15460,#15462,#15464,#15465,#15466,#15468));
#15470=FACE_OUTER_BOUND('',#15469,.F.);
#15471=ADVANCED_FACE('',(#15470),#15456,.T.);
#15472=CARTESIAN_POINT('',(0.E0,0.E0,-1.58E0));
#15473=DIRECTION('',(0.E0,0.E0,1.E0));
#15474=DIRECTION('',(-1.E0,0.E0,0.E0));
#15475=AXIS2_PLACEMENT_3D('',#15472,#15473,#15474);
#15476=PLANE('',#15475);
#15477=ORIENTED_EDGE('',*,*,#15457,.T.);
#15479=ORIENTED_EDGE('',*,*,#15478,.T.);
#15481=ORIENTED_EDGE('',*,*,#15480,.T.);
#15483=ORIENTED_EDGE('',*,*,#15482,.T.);
#15484=EDGE_LOOP('',(#15477,#15479,#15481,#15483));
#15485=FACE_OUTER_BOUND('',#15484,.F.);
#15486=ADVANCED_FACE('',(#15485),#15476,.F.);
#15487=CARTESIAN_POINT('',(0.E0,0.E0,-7.142023489479E-1));
#15488=DIRECTION('',(0.E0,0.E0,-1.E0));
#15489=DIRECTION('',(1.E0,0.E0,0.E0));
#15490=AXIS2_PLACEMENT_3D('',#15487,#15488,#15489);
#15491=CONICAL_SURFACE('',#15490,3.359917007405E0,5.940037252300E0);
#15493=ORIENTED_EDGE('',*,*,#15492,.F.);
#15494=ORIENTED_EDGE('',*,*,#15478,.F.);
#15495=ORIENTED_EDGE('',*,*,#15467,.F.);
#15496=ORIENTED_EDGE('',*,*,#12370,.T.);
#15498=ORIENTED_EDGE('',*,*,#15497,.T.);
#15500=ORIENTED_EDGE('',*,*,#15499,.F.);
#15502=ORIENTED_EDGE('',*,*,#15501,.T.);
#15503=ORIENTED_EDGE('',*,*,#12366,.T.);
#15504=EDGE_LOOP('',(#15493,#15494,#15495,#15496,#15498,#15500,#15502,#15503));
#15505=FACE_OUTER_BOUND('',#15504,.F.);
#15506=ADVANCED_FACE('',(#15505),#15491,.F.);
#15507=CARTESIAN_POINT('',(-5.038135815954E0,-4.154252339471E0,4.22E0));
#15508=DIRECTION('',(7.070017055071E-1,-7.070017055071E-1,-1.723881725084E-2));
#15509=DIRECTION('',(-1.218968457770E-2,1.218968457770E-2,-9.998514005490E-1));
#15510=AXIS2_PLACEMENT_3D('',#15507,#15508,#15509);
#15511=PLANE('',#15510);
#15512=ORIENTED_EDGE('',*,*,#15480,.F.);
#15513=ORIENTED_EDGE('',*,*,#15492,.T.);
#15514=ORIENTED_EDGE('',*,*,#12364,.F.);
#15515=ORIENTED_EDGE('',*,*,#15443,.F.);
#15517=ORIENTED_EDGE('',*,*,#15516,.F.);
#15519=ORIENTED_EDGE('',*,*,#15518,.F.);
#15521=ORIENTED_EDGE('',*,*,#15520,.T.);
#15522=EDGE_LOOP('',(#15512,#15513,#15514,#15515,#15517,#15519,#15521));
#15523=FACE_OUTER_BOUND('',#15522,.F.);
#15524=ADVANCED_FACE('',(#15523),#15511,.T.);
#15525=CARTESIAN_POINT('',(0.E0,0.E0,-1.71E0));
#15526=DIRECTION('',(0.E0,0.E0,1.E0));
#15527=DIRECTION('',(0.E0,1.E0,0.E0));
#15528=AXIS2_PLACEMENT_3D('',#15525,#15526,#15527);
#15529=CYLINDRICAL_SURFACE('',#15528,4.54E0);
#15530=ORIENTED_EDGE('',*,*,#15441,.F.);
#15531=ORIENTED_EDGE('',*,*,#15439,.F.);
#15532=ORIENTED_EDGE('',*,*,#15463,.T.);
#15534=ORIENTED_EDGE('',*,*,#15533,.F.);
#15536=ORIENTED_EDGE('',*,*,#15535,.F.);
#15537=ORIENTED_EDGE('',*,*,#15516,.T.);
#15538=EDGE_LOOP('',(#15530,#15531,#15532,#15534,#15536,#15537));
#15539=FACE_OUTER_BOUND('',#15538,.F.);
#15540=ADVANCED_FACE('',(#15539),#15529,.T.);
#15541=CARTESIAN_POINT('',(0.E0,0.E0,-9.191140640343E-1));
#15542=DIRECTION('',(0.E0,0.E0,1.E0));
#15543=DIRECTION('',(0.E0,1.E0,0.E0));
#15544=AXIS2_PLACEMENT_3D('',#15541,#15542,#15543);
#15545=CONICAL_SURFACE('',#15544,4.310876522785E0,2.302549200853E1);
#15547=ORIENTED_EDGE('',*,*,#15546,.F.);
#15549=ORIENTED_EDGE('',*,*,#15548,.F.);
#15550=ORIENTED_EDGE('',*,*,#15518,.T.);
#15551=ORIENTED_EDGE('',*,*,#15535,.T.);
#15552=ORIENTED_EDGE('',*,*,#15533,.T.);
#15553=ORIENTED_EDGE('',*,*,#15461,.T.);
#15554=EDGE_LOOP('',(#15547,#15549,#15550,#15551,#15552,#15553));
#15555=FACE_OUTER_BOUND('',#15554,.F.);
#15556=ADVANCED_FACE('',(#15555),#15545,.T.);
#15557=CARTESIAN_POINT('',(0.E0,0.E0,-1.38E0));
#15558=DIRECTION('',(0.E0,0.E0,1.E0));
#15559=DIRECTION('',(-6.083458608370E-1,-7.936720441104E-1,0.E0));
#15560=AXIS2_PLACEMENT_3D('',#15557,#15558,#15559);
#15561=TOROIDAL_SURFACE('',#15560,3.897686861879E0,2.E-1);
#15562=ORIENTED_EDGE('',*,*,#15459,.F.);
#15563=ORIENTED_EDGE('',*,*,#15482,.F.);
#15564=ORIENTED_EDGE('',*,*,#15520,.F.);
#15565=ORIENTED_EDGE('',*,*,#15548,.T.);
#15566=ORIENTED_EDGE('',*,*,#15546,.T.);
#15567=EDGE_LOOP('',(#15562,#15563,#15564,#15565,#15566));
#15568=FACE_OUTER_BOUND('',#15567,.F.);
#15569=ADVANCED_FACE('',(#15568),#15561,.T.);
#15570=CARTESIAN_POINT('',(-1.64E0,2.1E0,-7.85E0));
#15571=DIRECTION('',(1.E0,0.E0,0.E0));
#15572=DIRECTION('',(0.E0,1.E0,0.E0));
#15573=AXIS2_PLACEMENT_3D('',#15570,#15571,#15572);
#15574=PLANE('',#15573);
#15575=ORIENTED_EDGE('',*,*,#15497,.F.);
#15577=ORIENTED_EDGE('',*,*,#15576,.F.);
#15579=ORIENTED_EDGE('',*,*,#15578,.T.);
#15581=ORIENTED_EDGE('',*,*,#15580,.F.);
#15582=EDGE_LOOP('',(#15575,#15577,#15579,#15581));
#15583=FACE_OUTER_BOUND('',#15582,.F.);
#15584=ADVANCED_FACE('',(#15583),#15574,.F.);
#15585=CARTESIAN_POINT('',(0.E0,0.E0,-1.450072803252E-2));
#15586=DIRECTION('',(0.E0,0.E0,1.E0));
#15587=DIRECTION('',(-7.071067811865E-1,7.071067811865E-1,0.E0));
#15588=AXIS2_PLACEMENT_3D('',#15585,#15586,#15587);
#15589=CONICAL_SURFACE('',#15588,3.085E0,4.8E1);
#15590=ORIENTED_EDGE('',*,*,#12368,.T.);
#15592=ORIENTED_EDGE('',*,*,#15591,.T.);
#15594=ORIENTED_EDGE('',*,*,#15593,.T.);
#15596=ORIENTED_EDGE('',*,*,#15595,.F.);
#15598=ORIENTED_EDGE('',*,*,#15597,.F.);
#15599=ORIENTED_EDGE('',*,*,#15576,.T.);
#15600=EDGE_LOOP('',(#15590,#15592,#15594,#15596,#15598,#15599));
#15601=FACE_OUTER_BOUND('',#15600,.F.);
#15602=ADVANCED_FACE('',(#15601),#15589,.F.);
#15603=CARTESIAN_POINT('',(1.64E0,3.3E0,-7.85E0));
#15604=DIRECTION('',(-1.E0,0.E0,0.E0));
#15605=DIRECTION('',(0.E0,-1.E0,0.E0));
#15606=AXIS2_PLACEMENT_3D('',#15603,#15604,#15605);
#15607=PLANE('',#15606);
#15608=ORIENTED_EDGE('',*,*,#15501,.F.);
#15610=ORIENTED_EDGE('',*,*,#15609,.F.);
#15612=ORIENTED_EDGE('',*,*,#15611,.T.);
#15613=ORIENTED_EDGE('',*,*,#15591,.F.);
#15614=EDGE_LOOP('',(#15608,#15610,#15612,#15613));
#15615=FACE_OUTER_BOUND('',#15614,.F.);
#15616=ADVANCED_FACE('',(#15615),#15607,.F.);
#15617=CARTESIAN_POINT('',(0.E0,0.E0,-2.119407806656E-1));
#15618=DIRECTION('',(0.E0,0.E0,1.E0));
#15619=DIRECTION('',(-7.071067811865E-1,7.071067811865E-1,0.E0));
#15620=AXIS2_PLACEMENT_3D('',#15617,#15618,#15619);
#15621=CONICAL_SURFACE('',#15620,3.164615916590E0,4.8E1);
#15622=ORIENTED_EDGE('',*,*,#15499,.T.);
#15623=ORIENTED_EDGE('',*,*,#15580,.T.);
#15625=ORIENTED_EDGE('',*,*,#15624,.T.);
#15627=ORIENTED_EDGE('',*,*,#15626,.T.);
#15629=ORIENTED_EDGE('',*,*,#15628,.T.);
#15630=ORIENTED_EDGE('',*,*,#15609,.T.);
#15631=EDGE_LOOP('',(#15622,#15623,#15625,#15627,#15629,#15630));
#15632=FACE_OUTER_BOUND('',#15631,.F.);
#15633=ADVANCED_FACE('',(#15632),#15621,.T.);
#15634=CARTESIAN_POINT('',(-1.372265415287E0,2.481090735559E0,
-7.890960385586E-2));
#15635=CARTESIAN_POINT('',(-1.372610621564E0,2.512020797691E0,
-1.091609386227E-1));
#15636=CARTESIAN_POINT('',(-1.373317127093E0,2.576511719900E0,
-1.724934494944E-1));
#15637=CARTESIAN_POINT('',(-1.374192580702E0,2.659579737096E0,
-2.547003665146E-1));
#15638=CARTESIAN_POINT('',(-1.374725378369E0,2.711748194967E0,
-3.066215786755E-1));
#15639=CARTESIAN_POINT('',(-1.374914678288E0,2.730493643181E0,
-3.253142762057E-1));
#15640=CARTESIAN_POINT('',(-1.532849328549E0,2.340335350873E0,
-2.257633155124E-1));
#15641=CARTESIAN_POINT('',(-1.533950053881E0,2.371447615279E0,
-2.553631338264E-1));
#15642=CARTESIAN_POINT('',(-1.536184758965E0,2.436330087673E0,
-3.173779556665E-1));
#15643=CARTESIAN_POINT('',(-1.538911592323E0,2.519925401268E0,
-3.979881062701E-1));
#15644=CARTESIAN_POINT('',(-1.540552126242E0,2.572433037899E0,
-4.489533913248E-1));
#15645=CARTESIAN_POINT('',(-1.541132675686E0,2.591301182676E0,
-4.673083677781E-1));
#15646=CARTESIAN_POINT('',(-1.748035949361E0,2.440274804193E0,
-1.214939143441E-1));
#15647=CARTESIAN_POINT('',(-1.748600242622E0,2.472103767979E0,
-1.506735995784E-1));
#15648=CARTESIAN_POINT('',(-1.749735684162E0,2.538436000954E0,
-2.118387041956E-1));
#15649=CARTESIAN_POINT('',(-1.751097127994E0,2.623787616208E0,
-2.914191733702E-1));
#15650=CARTESIAN_POINT('',(-1.751905226414E0,2.677345967365E0,
-3.417680248761E-1));
#15651=CARTESIAN_POINT('',(-1.752189837353E0,2.696585198717E0,
-3.599052204959E-1));
#15652=CARTESIAN_POINT('',(-1.620619084707E0,2.596434012285E0,
4.143100231499E-2));
#15653=CARTESIAN_POINT('',(-1.620345177804E0,2.628191239786E0,
1.166455639300E-2));
#15654=CARTESIAN_POINT('',(-1.619782988590E0,2.694355376431E0,
-5.068726901844E-2));
#15655=CARTESIAN_POINT('',(-1.619082603059E0,2.779450396792E0,
-1.317057982092E-1));
#15656=CARTESIAN_POINT('',(-1.618654660649E0,2.832831517454E0,
-1.829155649595E-1));
#15657=CARTESIAN_POINT('',(-1.618502408601E0,2.852005248393E0,
-2.013569147576E-1));
#15658=(BOUNDED_SURFACE()B_SPLINE_SURFACE(3,3,((#15634,#15635,#15636,#15637,
#15638,#15639),(#15640,#15641,#15642,#15643,#15644,#15645),(#15646,#15647,
#15648,#15649,#15650,#15651),(#15652,#15653,#15654,#15655,#15656,#15657)),
.UNSPECIFIED.,.F.,.F.,.F.)B_SPLINE_SURFACE_WITH_KNOTS((4,4),(4,1,1,4),(0.E0,
1.E0),(2.157259285578E-2,3.276399298205E-1,6.609714864701E-1,8.481948930685E-1),
.UNSPECIFIED.)GEOMETRIC_REPRESENTATION_ITEM()RATIONAL_B_SPLINE_SURFACE(((
1.856896803549E0,1.856896803549E0,1.856896803549E0,1.856896803549E0,
1.856896803549E0,1.856896803549E0),(7.143677321503E-1,7.143677321503E-1,
7.143677321503E-1,7.143677321503E-1,7.143677321503E-1,7.143677321503E-1),(
7.143677321503E-1,7.143677321503E-1,7.143677321503E-1,7.143677321503E-1,
7.143677321503E-1,7.143677321503E-1),(1.856896803549E0,1.856896803549E0,
1.856896803549E0,1.856896803549E0,1.856896803549E0,1.856896803549E0)))REPRESENTATION_ITEM('')SURFACE());
#15659=ORIENTED_EDGE('',*,*,#15624,.F.);
#15660=ORIENTED_EDGE('',*,*,#15578,.F.);
#15661=ORIENTED_EDGE('',*,*,#15597,.T.);
#15663=ORIENTED_EDGE('',*,*,#15662,.F.);
#15664=EDGE_LOOP('',(#15659,#15660,#15661,#15663));
#15665=FACE_OUTER_BOUND('',#15664,.F.);
#15666=ADVANCED_FACE('',(#15665),#15658,.T.);
#15667=CARTESIAN_POINT('',(0.E0,0.E0,-2.553899587754E-1));
#15668=DIRECTION('',(0.E0,0.E0,-1.E0));
#15669=DIRECTION('',(7.071067811865E-1,-7.071067811865E-1,0.E0));
#15670=AXIS2_PLACEMENT_3D('',#15667,#15668,#15669);
#15671=CONICAL_SURFACE('',#15670,2.966913060636E0,4.2E1);
#15673=ORIENTED_EDGE('',*,*,#15672,.T.);
#15674=ORIENTED_EDGE('',*,*,#15626,.F.);
#15675=ORIENTED_EDGE('',*,*,#15662,.T.);
#15676=ORIENTED_EDGE('',*,*,#15595,.T.);
#15677=EDGE_LOOP('',(#15673,#15674,#15675,#15676));
#15678=FACE_OUTER_BOUND('',#15677,.F.);
#15679=ADVANCED_FACE('',(#15678),#15671,.F.);
#15680=CARTESIAN_POINT('',(1.374914651451E0,2.730490988785E0,
-3.253116292233E-1));
#15681=CARTESIAN_POINT('',(1.374725360248E0,2.711746423719E0,
-3.066198157663E-1));
#15682=CARTESIAN_POINT('',(1.374192571312E0,2.659578849113E0,
-2.546994876875E-1));
#15683=CARTESIAN_POINT('',(1.373316370447E0,2.576439928013E0,
-1.724224017577E-1));
#15684=CARTESIAN_POINT('',(1.372609042718E0,2.511876683876E0,
-1.090194140019E-1));
#15685=CARTESIAN_POINT('',(1.372262997838E0,2.480874147083E0,
-7.869777014266E-2));
#15686=CARTESIAN_POINT('',(1.541132593436E0,2.591298510824E0,
-4.673057687013E-1));
#15687=CARTESIAN_POINT('',(1.540552070499E0,2.572431255052E0,
-4.489516609552E-1));
#15688=CARTESIAN_POINT('',(1.538911563129E0,2.519924507567E0,
-3.979872445962E-1));
#15689=CARTESIAN_POINT('',(1.536182402243E0,2.436257839985E0,
-3.173082880261E-1));
#15690=CARTESIAN_POINT('',(1.533945059933E0,2.371302626435E0,
-2.552245539438E-1));
#15691=CARTESIAN_POINT('',(1.532841620176E0,2.340117486533E0,
-2.255560444616E-1));
#15692=CARTESIAN_POINT('',(1.752189797099E0,2.696582474329E0,
-3.599026522459E-1));
#15693=CARTESIAN_POINT('',(1.751905199024E0,2.677344148856E0,
-3.417663154245E-1));
#15694=CARTESIAN_POINT('',(1.751097113485E0,2.623786703743E0,
-2.914183226925E-1));
#15695=CARTESIAN_POINT('',(1.749734507576E0,2.538362235386E0,
-2.117699264515E-1));
#15696=CARTESIAN_POINT('',(1.748597705266E0,2.471955539346E0,
-1.505369185581E-1));
#15697=CARTESIAN_POINT('',(1.748031997606E0,2.440051920810E0,
-1.212895854808E-1));
#15698=CARTESIAN_POINT('',(1.618502430159E0,2.852002533328E0,
-2.013543033909E-1));
#15699=CARTESIAN_POINT('',(1.618654675177E0,2.832829705009E0,
-1.829138262299E-1));
#15700=CARTESIAN_POINT('',(1.619082610544E0,2.779449487116E0,
-1.317049321105E-1));
#15701=CARTESIAN_POINT('',(1.619783593900E0,2.694281832673E0,
-5.061724837593E-2));
#15702=CARTESIAN_POINT('',(1.620346434113E0,2.628043386793E0,
1.180388944030E-2));
#15703=CARTESIAN_POINT('',(1.620621002814E0,2.596211631137E0,
4.163944032023E-2));
#15704=(BOUNDED_SURFACE()B_SPLINE_SURFACE(3,3,((#15680,#15681,#15682,#15683,
#15684,#15685),(#15686,#15687,#15688,#15689,#15690,#15691),(#15692,#15693,
#15694,#15695,#15696,#15697),(#15698,#15699,#15700,#15701,#15702,#15703)),
.UNSPECIFIED.,.F.,.F.,.F.)B_SPLINE_SURFACE_WITH_KNOTS((4,4),(4,1,1,4),(0.E0,
1.E0),(1.518139439798E-1,3.390285135299E-1,6.723600701795E-1,9.791418186199E-1),
.UNSPECIFIED.)GEOMETRIC_REPRESENTATION_ITEM()RATIONAL_B_SPLINE_SURFACE(((
1.856896803850E0,1.856896803850E0,1.856896803850E0,1.856896803850E0,
1.856896803850E0,1.856896803850E0),(7.143677320499E-1,7.143677320499E-1,
7.143677320499E-1,7.143677320499E-1,7.143677320499E-1,7.143677320499E-1),(
7.143677320499E-1,7.143677320499E-1,7.143677320499E-1,7.143677320499E-1,
7.143677320499E-1,7.143677320499E-1),(1.856896803850E0,1.856896803850E0,
1.856896803850E0,1.856896803850E0,1.856896803850E0,1.856896803850E0)))REPRESENTATION_ITEM('')SURFACE());
#15705=ORIENTED_EDGE('',*,*,#15593,.F.);
#15706=ORIENTED_EDGE('',*,*,#15611,.F.);
#15707=ORIENTED_EDGE('',*,*,#15628,.F.);
#15708=ORIENTED_EDGE('',*,*,#15672,.F.);
#15709=EDGE_LOOP('',(#15705,#15706,#15707,#15708));
#15710=FACE_OUTER_BOUND('',#15709,.F.);
#15711=ADVANCED_FACE('',(#15710),#15704,.T.);
#15712=CARTESIAN_POINT('',(-1.779563310903E0,0.E0,9.423571398316E-1));
#15713=CARTESIAN_POINT('',(-1.779946074986E0,0.E0,9.682380922003E-1));
#15714=CARTESIAN_POINT('',(-1.782712365892E0,0.E0,1.155317186931E0));
#15715=CARTESIAN_POINT('',(-1.792153401124E0,0.E0,1.794630193053E0));
#15716=CARTESIAN_POINT('',(-1.804940135224E0,0.E0,2.664217560037E0));
#15717=CARTESIAN_POINT('',(-1.815683862452E0,0.E0,3.398488445505E0));
#15718=CARTESIAN_POINT('',(-1.819802443658E0,0.E0,3.680524689896E0));
#15719=CARTESIAN_POINT('',(-1.820180317709E0,0.E0,3.706405804208E0));
#15721=DIRECTION('',(0.E0,1.E0,0.E0));
#15722=VECTOR('',#15721,1.E0);
#15723=SURFACE_OF_LINEAR_EXTRUSION('',#15720,#15722);
#15725=ORIENTED_EDGE('',*,*,#15724,.T.);
#15726=ORIENTED_EDGE('',*,*,#12374,.F.);
#15727=ORIENTED_EDGE('',*,*,#15447,.F.);
#15728=ORIENTED_EDGE('',*,*,#12294,.F.);
#15729=EDGE_LOOP('',(#15725,#15726,#15727,#15728));
#15730=FACE_OUTER_BOUND('',#15729,.F.);
#15731=ADVANCED_FACE('',(#15730),#15723,.T.);
#15732=CARTESIAN_POINT('',(-2.418982502971E0,3.507003257479E0,3.62E0));
#15733=DIRECTION('',(0.E0,-1.E0,0.E0));
#15734=DIRECTION('',(9.998933543411E-1,0.E0,1.460410711074E-2));
#15735=AXIS2_PLACEMENT_3D('',#15732,#15733,#15734);
#15736=CYLINDRICAL_SURFACE('',#15735,6.E-1);
#15737=ORIENTED_EDGE('',*,*,#15724,.F.);
#15738=ORIENTED_EDGE('',*,*,#12292,.F.);
#15739=ORIENTED_EDGE('',*,*,#12330,.T.);
#15740=ORIENTED_EDGE('',*,*,#12346,.T.);
#15741=ORIENTED_EDGE('',*,*,#12376,.F.);
#15742=EDGE_LOOP('',(#15737,#15738,#15739,#15740,#15741));
#15743=FACE_OUTER_BOUND('',#15742,.F.);
#15744=ADVANCED_FACE('',(#15743),#15736,.F.);
#15745=CLOSED_SHELL('',(#12166,#12191,#12206,#12230,#12243,#12256,#12269,#12284,
#12322,#12335,#12350,#12397,#12421,#12438,#12462,#12486,#12530,#12552,#12568,
#12601,#12622,#12637,#12649,#12662,#12681,#12701,#12716,#12735,#12754,#12769,
#12787,#12801,#12818,#12851,#12864,#12896,#12912,#12928,#12941,#12956,#12969,
#12989,#13007,#13023,#13041,#13057,#13077,#13092,#13107,#13318,#13332,#13351,
#13364,#13377,#13390,#13402,#13415,#13430,#13445,#13472,#13487,#13501,#13515,
#13529,#13543,#13557,#13571,#13584,#13600,#13615,#13629,#13643,#13656,#13668,
#13683,#13697,#13711,#13725,#13739,#13753,#13767,#13781,#13795,#13809,#13823,
#13837,#13851,#13865,#13879,#13893,#13907,#13921,#13935,#13949,#13963,#13977,
#13991,#14005,#14019,#14033,#14047,#14061,#14075,#14089,#14103,#14117,#14131,
#14145,#14159,#14173,#14187,#14201,#14215,#14229,#14243,#14257,#14271,#14284,
#14336,#14349,#14363,#14376,#14388,#14404,#14418,#14432,#14446,#14460,#14474,
#14488,#14502,#14516,#14530,#14544,#14557,#14577,#14592,#14606,#14620,#14634,
#14648,#14662,#14676,#14690,#14704,#14718,#14732,#14746,#14760,#14774,#14788,
#14801,#14847,#14862,#14889,#14902,#14915,#14928,#14941,#14954,#14967,#14980,
#14993,#15005,#15019,#15032,#15045,#15057,#15071,#15082,#15102,#15116,#15135,
#15148,#15181,#15194,#15226,#15246,#15260,#15279,#15292,#15325,#15338,#15370,
#15385,#15397,#15411,#15431,#15451,#15471,#15486,#15506,#15524,#15540,#15556,
#15569,#15584,#15602,#15616,#15633,#15666,#15679,#15711,#15731,#15744));
#15746=MANIFOLD_SOLID_BREP('',#15745);
#15748=DIMENSIONAL_EXPONENTS(0.E0,0.E0,0.E0,0.E0,0.E0,0.E0,0.E0);
#15750=PLANE_ANGLE_MEASURE_WITH_UNIT(PLANE_ANGLE_MEASURE(1.745329251994E-2),
#15749);
#15751=(CONVERSION_BASED_UNIT('DEGREE',#15750)NAMED_UNIT(*)PLANE_ANGLE_UNIT());
#15753=UNCERTAINTY_MEASURE_WITH_UNIT(LENGTH_MEASURE(6.470709340829E-3),#15747,
'closure',
'Maximum model space distance between geometric entities at asserted connectivities');
#15754=(GEOMETRIC_REPRESENTATION_CONTEXT(3)GLOBAL_UNCERTAINTY_ASSIGNED_CONTEXT((
#15753))GLOBAL_UNIT_ASSIGNED_CONTEXT((#15747,#15751,#15752))REPRESENTATION_CONTEXT('ID4','3'));
#15755=CARTESIAN_POINT('',(0.E0,0.E0,0.E0));
#15756=DIRECTION('',(0.E0,0.E0,1.E0));
#15757=DIRECTION('',(1.E0,0.E0,0.E0));
#15760=MECHANICAL_CONTEXT('',#6244,'mechanical');
#15761=PRODUCT('DM4F_453_1_2_3_4_5','DM4F_453_1_2_3_4_5','NOT SPECIFIED',
(#15760));
#15762=PRODUCT_DEFINITION_FORMATION_WITH_SPECIFIED_SOURCE('1','LAST_VERSION',
#15761,.MADE.);
#15768=CARTESIAN_POINT('',(0.E0,0.E0,1.578E1));
#15769=DIRECTION('',(0.E0,0.E0,1.E0));
#15770=DIRECTION('',(1.E0,0.E0,0.E0));
#15771=AXIS2_PLACEMENT_3D('',#15768,#15769,#15770);
#15772=ITEM_DEFINED_TRANSFORMATION('','',#15758,#15771);
#15773=CARTESIAN_POINT('',(0.E0,0.E0,0.E0));
#15774=DIRECTION('',(0.E0,0.E0,1.E0));
#15775=DIRECTION('',(1.E0,0.E0,0.E0));
#15777=(REPRESENTATION_RELATIONSHIP('','',#15759,#6255)REPRESENTATION_RELATIONSHIP_WITH_TRANSFORMATION(#15772)SHAPE_REPRESENTATION_RELATIONSHIP());
#15778=CONTEXT_DEPENDENT_SHAPE_REPRESENTATION(#15777,#15767);
#15781=CARTESIAN_POINT('',(1.598E1,0.E0,0.E0));
#15782=DIRECTION('',(1.E0,0.E0,0.E0));
#15783=DIRECTION('',(0.E0,1.E0,0.E0));
#15784=AXIS2_PLACEMENT_3D('',#15781,#15782,#15783);
#15785=ITEM_DEFINED_TRANSFORMATION('','',#15758,#15784);
#15786=CARTESIAN_POINT('',(0.E0,0.E0,0.E0));
#15787=DIRECTION('',(0.E0,0.E0,1.E0));
#15788=DIRECTION('',(1.E0,0.E0,0.E0));
#15790=(REPRESENTATION_RELATIONSHIP('','',#15759,#6255)REPRESENTATION_RELATIONSHIP_WITH_TRANSFORMATION(#15785)SHAPE_REPRESENTATION_RELATIONSHIP());
#15791=CONTEXT_DEPENDENT_SHAPE_REPRESENTATION(#15790,#15780);
#15794=CARTESIAN_POINT('',(0.E0,0.E0,-1.578E1));
#15795=DIRECTION('',(0.E0,0.E0,-1.E0));
#15796=DIRECTION('',(-1.E0,0.E0,0.E0));
#15797=AXIS2_PLACEMENT_3D('',#15794,#15795,#15796);
#15798=ITEM_DEFINED_TRANSFORMATION('','',#15758,#15797);
#15799=CARTESIAN_POINT('',(0.E0,0.E0,0.E0));
#15800=DIRECTION('',(0.E0,0.E0,1.E0));
#15801=DIRECTION('',(1.E0,0.E0,0.E0));
#15803=(REPRESENTATION_RELATIONSHIP('','',#15759,#6255)REPRESENTATION_RELATIONSHIP_WITH_TRANSFORMATION(#15798)SHAPE_REPRESENTATION_RELATIONSHIP());
#15804=CONTEXT_DEPENDENT_SHAPE_REPRESENTATION(#15803,#15793);
#15806=DIMENSIONAL_EXPONENTS(0.E0,0.E0,0.E0,0.E0,0.E0,0.E0,0.E0);
#15808=PLANE_ANGLE_MEASURE_WITH_UNIT(PLANE_ANGLE_MEASURE(1.745329251994E-2),
#15807);
#15809=(CONVERSION_BASED_UNIT('DEGREE',#15808)NAMED_UNIT(*)PLANE_ANGLE_UNIT());
#15811=UNCERTAINTY_MEASURE_WITH_UNIT(LENGTH_MEASURE(9.891648038677E-3),#15805,
'closure',
'Maximum model space distance between geometric entities at asserted connectivities');
#15812=(GEOMETRIC_REPRESENTATION_CONTEXT(3)GLOBAL_UNCERTAINTY_ASSIGNED_CONTEXT((
#15811))GLOBAL_UNIT_ASSIGNED_CONTEXT((#15805,#15809,#15810))REPRESENTATION_CONTEXT('ID5','3'));
#15813=CARTESIAN_POINT('',(0.E0,0.E0,0.E0));
#15814=DIRECTION('',(0.E0,0.E0,1.E0));
#15815=DIRECTION('',(1.E0,0.E0,0.E0));
#15817=DESIGN_CONTEXT('',#6244,'design');
#15818=MECHANICAL_CONTEXT('',#6244,'mechanical');
#15819=PRODUCT('MDM1803-A_ASM_54_ASM','MDM1803-A_ASM_54_ASM','NOT SPECIFIED',(
#15818));
#15820=PRODUCT_DEFINITION_FORMATION_WITH_SPECIFIED_SOURCE('1','LAST_VERSION',
#15819,.MADE.);
#15827=CARTESIAN_POINT('',(0.E0,0.E0,0.E0));
#15828=DIRECTION('',(0.E0,0.E0,1.E0));
#15829=DIRECTION('',(1.E0,0.E0,0.E0));
#15830=AXIS2_PLACEMENT_3D('',#15827,#15828,#15829);
#15831=ITEM_DEFINED_TRANSFORMATION('','',#6266,#15830);
#15832=(REPRESENTATION_RELATIONSHIP('','',#6255,#15824)REPRESENTATION_RELATIONSHIP_WITH_TRANSFORMATION(#15831)SHAPE_REPRESENTATION_RELATIONSHIP());
#15833=CONTEXT_DEPENDENT_SHAPE_REPRESENTATION(#15832,#15826);
#15835=DIMENSIONAL_EXPONENTS(0.E0,0.E0,0.E0,0.E0,0.E0,0.E0,0.E0);
#15837=PLANE_ANGLE_MEASURE_WITH_UNIT(PLANE_ANGLE_MEASURE(1.745329251994E-2),
#15836);
#15838=(CONVERSION_BASED_UNIT('DEGREE',#15837)NAMED_UNIT(*)PLANE_ANGLE_UNIT());
#15840=UNCERTAINTY_MEASURE_WITH_UNIT(LENGTH_MEASURE(5.767883804425E-3),#15834,
'closure',
'Maximum model space distance between geometric entities at asserted connectivities');
#15841=(GEOMETRIC_REPRESENTATION_CONTEXT(3)GLOBAL_UNCERTAINTY_ASSIGNED_CONTEXT((
#15840))GLOBAL_UNIT_ASSIGNED_CONTEXT((#15834,#15838,#15839))REPRESENTATION_CONTEXT('ID6','3'));
#15842=CARTESIAN_POINT('',(0.E0,0.E0,0.E0));
#15843=DIRECTION('',(0.E0,0.E0,1.E0));
#15844=DIRECTION('',(1.E0,0.E0,0.E0));
#15846=MECHANICAL_CONTEXT('',#6244,'mechanical');
#15847=PRODUCT('MDM1803-A_ASM_ASM','MDM1803-A_ASM_ASM','NOT SPECIFIED',
(#15846));
#15848=PRODUCT_DEFINITION_FORMATION_WITH_SPECIFIED_SOURCE('1','LAST_VERSION',
#15847,.MADE.);
#15850=PRODUCT_CATEGORY('part','');
#15851=PRODUCT_RELATED_PRODUCT_CATEGORY('assembly','',(#15819,#15847));
#15852=PRODUCT_CATEGORY_RELATIONSHIP('','',#15850,#15851);
#15853=PRODUCT_CATEGORY('part','');
#15854=PRODUCT_RELATED_PRODUCT_CATEGORY('detail','',(#6248,#6389,#8551,#15761));
#15855=PRODUCT_CATEGORY_RELATIONSHIP('','',#15853,#15854);
#15856=SECURITY_CLASSIFICATION_LEVEL('unclassified');
#15857=SECURITY_CLASSIFICATION('','',#15856);
#15858=CC_DESIGN_SECURITY_CLASSIFICATION(#15857,(#6249,#6390,#8552,#15762,
#15820,#15848,#6256,#6394,#6407,#6420,#6433,#6446,#6459,#8556,#8569,#8582,
#15766,#15779,#15792,#15825));
#15859=APPROVAL_STATUS('approved');
#15860=APPROVAL(#15859,'');
#15861=CC_DESIGN_APPROVAL(#15860,(#15857,#6249,#6390,#8552,#15762,#15820,#15848,
#6250,#6391,#8553,#15763,#15821,#15849));
#15862=CALENDAR_DATE(126,30,6);
#15863=COORDINATED_UNIVERSAL_TIME_OFFSET(8,0,.AHEAD.);
#15864=LOCAL_TIME(11,38,5.E0,#15863);
#15865=DATE_AND_TIME(#15862,#15864);
#15866=APPROVAL_DATE_TIME(#15865,#15860);
#15867=DATE_TIME_ROLE('creation_date');
#15868=CC_DESIGN_DATE_AND_TIME_ASSIGNMENT(#15865,#15867,(#6250,#6391,#8553,
#15763,#15821,#15849));
#15869=DATE_TIME_ROLE('classification_date');
#15870=CC_DESIGN_DATE_AND_TIME_ASSIGNMENT(#15865,#15869,(#15857));
#15871=PERSON('UNSPECIFIED','UNSPECIFIED',$,$,$,$);
#15872=ORGANIZATION('UNSPECIFIED','UNSPECIFIED','UNSPECIFIED');
#15873=PERSON_AND_ORGANIZATION(#15871,#15872);
#15874=APPROVAL_ROLE('approver');
#15875=APPROVAL_PERSON_ORGANIZATION(#15873,#15860,#15874);
#15876=PERSON_AND_ORGANIZATION_ROLE('creator');
#15877=CC_DESIGN_PERSON_AND_ORGANIZATION_ASSIGNMENT(#15873,#15876,(#6249,#6390,
#8552,#15762,#15820,#15848,#6250,#6391,#8553,#15763,#15821,#15849));
#15878=PERSON_AND_ORGANIZATION_ROLE('design_supplier');
#15879=CC_DESIGN_PERSON_AND_ORGANIZATION_ASSIGNMENT(#15873,#15878,(#6249,#6390,
#8552,#15762,#15820,#15848));
#15880=PERSON_AND_ORGANIZATION_ROLE('classification_officer');
#15881=CC_DESIGN_PERSON_AND_ORGANIZATION_ASSIGNMENT(#15873,#15880,(#15857));
#15882=PERSON_AND_ORGANIZATION_ROLE('design_owner');
#15883=CC_DESIGN_PERSON_AND_ORGANIZATION_ASSIGNMENT(#15873,#15882,(#15819,
#15847,#6248,#6389,#8551,#15761));
#25=B_SPLINE_CURVE_WITH_KNOTS('',3,(#5,#6,#7,#8,#9,#10,#11,#12,#13,#14,#15,#16,
#17,#18,#19,#20,#21,#22,#23,#24),.UNSPECIFIED.,.F.,.F.,(4,1,1,1,1,1,1,1,1,1,1,1,
1,1,1,1,1,4),(0.E0,5.882352941176E-2,1.176470588235E-1,1.764705882353E-1,
2.352941176471E-1,2.941176470588E-1,3.529411764706E-1,4.117647058824E-1,
4.705882352941E-1,5.294117647059E-1,5.882352941176E-1,6.470588235294E-1,
7.058823529412E-1,7.647058823529E-1,8.235294117647E-1,8.823529411765E-1,
9.411764705882E-1,1.E0),.UNSPECIFIED.);
#34=CIRCLE('',#33,5.301764278018E0);
#39=CIRCLE('',#38,5.301764278018E0);
#44=CIRCLE('',#43,4.7E0);
#49=CIRCLE('',#48,4.7E0);
#54=CIRCLE('',#53,2.E0);
#67=CIRCLE('',#66,5.301764278018E0);
#72=CIRCLE('',#71,5.301764278018E0);
#77=CIRCLE('',#76,4.7E0);
#82=CIRCLE('',#81,4.7E0);
#87=CIRCLE('',#86,2.E0);
#112=B_SPLINE_CURVE_WITH_KNOTS('',3,(#92,#93,#94,#95,#96,#97,#98,#99,#100,#101,
#102,#103,#104,#105,#106,#107,#108,#109,#110,#111),.UNSPECIFIED.,.F.,.F.,(4,1,1,
1,1,1,1,1,1,1,1,1,1,1,1,1,1,4),(0.E0,5.882352941176E-2,1.176470588235E-1,
1.764705882353E-1,2.352941176471E-1,2.941176470588E-1,3.529411764706E-1,
4.117647058824E-1,4.705882352941E-1,5.294117647059E-1,5.882352941176E-1,
6.470588235294E-1,7.058823529412E-1,7.647058823529E-1,8.235294117647E-1,
8.823529411765E-1,9.411764705882E-1,1.E0),.UNSPECIFIED.);
#117=CIRCLE('',#116,4.7E0);
#122=CIRCLE('',#121,4.7E0);
#127=CIRCLE('',#126,5.301764027869E0);
#132=CIRCLE('',#131,5.301764027869E0);
#137=CIRCLE('',#136,2.E0);
#142=CIRCLE('',#141,4.7E0);
#147=CIRCLE('',#146,4.7E0);
#152=CIRCLE('',#151,5.301764027869E0);
#157=CIRCLE('',#156,5.301764027869E0);
#162=CIRCLE('',#161,2.E0);
#175=CIRCLE('',#174,6.588940901220E0);
#180=CIRCLE('',#179,6.588940901220E0);
#185=CIRCLE('',#184,6.95E0);
#190=CIRCLE('',#189,6.95E0);
#195=CIRCLE('',#194,1.2E0);
#200=CIRCLE('',#199,6.588940901220E0);
#205=CIRCLE('',#204,6.588940901220E0);
#210=CIRCLE('',#209,6.95E0);
#215=CIRCLE('',#214,6.95E0);
#220=CIRCLE('',#219,1.2E0);
#233=CIRCLE('',#232,6.95E0);
#238=CIRCLE('',#237,6.95E0);
#243=CIRCLE('',#242,7.071601339026E0);
#248=CIRCLE('',#247,7.071601339026E0);
#253=CIRCLE('',#252,8.E-1);
#258=CIRCLE('',#257,6.95E0);
#263=CIRCLE('',#262,6.95E0);
#268=CIRCLE('',#267,7.071601339026E0);
#273=CIRCLE('',#272,7.071601339026E0);
#278=CIRCLE('',#277,8.E-1);
#291=CIRCLE('',#290,7.623999144503E0);
#296=CIRCLE('',#295,7.623999144503E0);
#301=CIRCLE('',#300,7.7E0);
#306=CIRCLE('',#305,7.7E0);
#311=CIRCLE('',#310,5.E-1);
#316=CIRCLE('',#315,7.623999144503E0);
#321=CIRCLE('',#320,7.623999144503E0);
#326=CIRCLE('',#325,7.7E0);
#331=CIRCLE('',#330,7.7E0);
#336=CIRCLE('',#335,5.E-1);
#349=CIRCLE('',#348,7.7E0);
#354=CIRCLE('',#353,7.7E0);
#359=CIRCLE('',#358,6.35E0);
#364=CIRCLE('',#363,6.35E0);
#377=CIRCLE('',#376,6.85E0);
#382=CIRCLE('',#381,6.85E0);
#387=CIRCLE('',#386,6.35E0);
#392=CIRCLE('',#391,6.35E0);
#405=CIRCLE('',#404,6.85E0);
#414=CIRCLE('',#413,6.4E0);
#423=CIRCLE('',#422,6.4E0);
#428=CIRCLE('',#427,6.85E0);
#437=CIRCLE('',#436,6.4E0);
#442=CIRCLE('',#441,6.4E0);
#447=CIRCLE('',#446,2.E-1);
#452=CIRCLE('',#451,6.4E0);
#457=CIRCLE('',#456,6.4E0);
#462=CIRCLE('',#461,2.E-1);
#471=CIRCLE('',#470,6.200000006047E0);
#476=CIRCLE('',#475,6.200000006047E0);
#481=CIRCLE('',#480,5.7E0);
#486=CIRCLE('',#485,5.7E0);
#495=CIRCLE('',#494,5.399981465158E0);
#500=CIRCLE('',#499,5.399981465158E0);
#505=CIRCLE('',#504,5.700000000001E0);
#510=CIRCLE('',#509,5.700000000001E0);
#527=CIRCLE('',#526,5.399981465158E0);
#532=CIRCLE('',#531,5.399981465158E0);
#537=CIRCLE('',#536,5.700000000001E0);
#542=CIRCLE('',#541,5.700000000001E0);
#555=CIRCLE('',#554,5.099999702142E0);
#560=CIRCLE('',#559,5.4E0);
#565=CIRCLE('',#564,5.4E0);
#570=CIRCLE('',#569,3.E-1);
#575=CIRCLE('',#574,5.099999702142E0);
#580=CIRCLE('',#579,5.099999702142E0);
#585=CIRCLE('',#584,3.549962226088E0);
#590=CIRCLE('',#589,3.549962226088E0);
#595=CIRCLE('',#594,3.549962226088E0);
#600=CIRCLE('',#599,3.549962226088E0);
#605=CIRCLE('',#604,5.099999702142E0);
#610=CIRCLE('',#609,5.4E0);
#615=CIRCLE('',#614,5.4E0);
#620=CIRCLE('',#619,3.E-1);
#625=CIRCLE('',#624,3.249971554118E0);
#630=CIRCLE('',#629,3.249971554118E0);
#647=CIRCLE('',#646,3.249971554118E0);
#652=CIRCLE('',#651,3.249971554118E0);
#661=CIRCLE('',#660,3.25E0);
#666=CIRCLE('',#665,3.25E0);
#671=CIRCLE('',#670,2.25E0);
#676=CIRCLE('',#675,2.25E0);
#694=B_SPLINE_CURVE_WITH_KNOTS('',3,(#677,#678,#679,#680,#681,#682,#683,#684,
#685,#686,#687,#688,#689,#690,#691,#692,#693),.UNSPECIFIED.,.F.,.F.,(4,1,1,1,1,
1,1,1,1,1,1,1,1,1,4),(0.E0,7.142857142857E-2,1.428571428571E-1,
2.142857142857E-1,2.857142857143E-1,3.571428571429E-1,4.285714285714E-1,5.E-1,
5.714285714286E-1,6.428571428571E-1,7.142857142857E-1,7.857142857143E-1,
8.571428571429E-1,9.285714285714E-1,1.E0),.UNSPECIFIED.);
#724=B_SPLINE_CURVE_WITH_KNOTS('',3,(#707,#708,#709,#710,#711,#712,#713,#714,
#715,#716,#717,#718,#719,#720,#721,#722,#723),.UNSPECIFIED.,.F.,.F.,(4,1,1,1,1,
1,1,1,1,1,1,1,1,1,4),(0.E0,7.142857142857E-2,1.428571428571E-1,
2.142857142857E-1,2.857142857143E-1,3.571428571429E-1,4.285714285714E-1,5.E-1,
5.714285714286E-1,6.428571428571E-1,7.142857142857E-1,7.857142857143E-1,
8.571428571429E-1,9.285714285714E-1,1.E0),.UNSPECIFIED.);
#746=B_SPLINE_CURVE_WITH_KNOTS('',3,(#729,#730,#731,#732,#733,#734,#735,#736,
#737,#738,#739,#740,#741,#742,#743,#744,#745),.UNSPECIFIED.,.F.,.F.,(4,1,1,1,1,
1,1,1,1,1,1,1,1,1,4),(0.E0,7.142857142857E-2,1.428571428571E-1,
2.142857142857E-1,2.857142857143E-1,3.571428571429E-1,4.285714285714E-1,5.E-1,
5.714285714286E-1,6.428571428571E-1,7.142857142857E-1,7.857142857143E-1,
8.571428571429E-1,9.285714285714E-1,1.E0),.UNSPECIFIED.);
#764=B_SPLINE_CURVE_WITH_KNOTS('',3,(#747,#748,#749,#750,#751,#752,#753,#754,
#755,#756,#757,#758,#759,#760,#761,#762,#763),.UNSPECIFIED.,.F.,.F.,(4,1,1,1,1,
1,1,1,1,1,1,1,1,1,4),(0.E0,7.142857142857E-2,1.428571428571E-1,
2.142857142857E-1,2.857142857143E-1,3.571428571429E-1,4.285714285714E-1,5.E-1,
5.714285714286E-1,6.428571428571E-1,7.142857142857E-1,7.857142857143E-1,
8.571428571429E-1,9.285714285714E-1,1.E0),.UNSPECIFIED.);
#773=CIRCLE('',#772,3.25E0);
#778=CIRCLE('',#777,3.25E0);
#783=CIRCLE('',#782,2.25E0);
#788=CIRCLE('',#787,2.25E0);
#797=CIRCLE('',#796,3.249974494826E0);
#802=CIRCLE('',#801,3.249974494826E0);
#811=CIRCLE('',#810,5.099999817479E0);
#816=CIRCLE('',#815,5.099999817479E0);
#821=CIRCLE('',#820,3.549963894433E0);
#826=CIRCLE('',#825,3.549963894433E0);
#831=CIRCLE('',#830,3.549963894433E0);
#836=CIRCLE('',#835,3.549963894433E0);
#841=CIRCLE('',#840,5.4E0);
#846=CIRCLE('',#845,5.4E0);
#851=CIRCLE('',#850,3.E-1);
#860=CIRCLE('',#859,5.699999999999E0);
#865=CIRCLE('',#864,5.699999999999E0);
#870=CIRCLE('',#869,5.399985008896E0);
#875=CIRCLE('',#874,5.399985008896E0);
#892=CIRCLE('',#891,5.699999999999E0);
#897=CIRCLE('',#896,5.699999999999E0);
#902=CIRCLE('',#901,5.399985008896E0);
#907=CIRCLE('',#906,5.399985008896E0);
#920=CIRCLE('',#919,5.4E0);
#925=CIRCLE('',#924,5.4E0);
#930=CIRCLE('',#929,3.E-1);
#935=CIRCLE('',#934,6.199999988254E0);
#940=CIRCLE('',#939,6.199999988254E0);
#945=CIRCLE('',#944,6.199999988254E0);
#950=CIRCLE('',#949,6.199999988254E0);
#955=CIRCLE('',#954,5.7E0);
#960=CIRCLE('',#959,5.7E0);
#965=CIRCLE('',#964,6.4E0);
#970=CIRCLE('',#969,6.4E0);
#975=CIRCLE('',#974,2.E-1);
#980=CIRCLE('',#979,6.4E0);
#985=CIRCLE('',#984,6.4E0);
#990=CIRCLE('',#989,2.E-1);
#1003=CIRCLE('',#1002,6.4E0);
#1012=CIRCLE('',#1011,6.85E0);
#1021=CIRCLE('',#1020,6.85E0);
#1026=CIRCLE('',#1025,6.4E0);
#1039=CIRCLE('',#1038,6.85E0);
#1044=CIRCLE('',#1043,6.85E0);
#1049=CIRCLE('',#1048,6.35E0);
#1054=CIRCLE('',#1053,6.35E0);
#1067=CIRCLE('',#1066,7.7E0);
#1072=CIRCLE('',#1071,7.7E0);
#1077=CIRCLE('',#1076,6.35E0);
#1082=CIRCLE('',#1081,6.35E0);
#1091=CIRCLE('',#1090,7.7E0);
#1096=CIRCLE('',#1095,7.7E0);
#1101=CIRCLE('',#1100,7.623999144192E0);
#1106=CIRCLE('',#1105,7.623999144192E0);
#1111=CIRCLE('',#1110,5.E-1);
#1116=CIRCLE('',#1115,7.7E0);
#1121=CIRCLE('',#1120,7.7E0);
#1126=CIRCLE('',#1125,7.623999144192E0);
#1131=CIRCLE('',#1130,7.623999144192E0);
#1136=CIRCLE('',#1135,5.E-1);
#1149=CIRCLE('',#1148,7.071601338464E0);
#1154=CIRCLE('',#1153,7.071601338464E0);
#1159=CIRCLE('',#1158,6.95E0);
#1164=CIRCLE('',#1163,6.95E0);
#1169=CIRCLE('',#1168,8.E-1);
#1174=CIRCLE('',#1173,7.071601338464E0);
#1179=CIRCLE('',#1178,7.071601338464E0);
#1184=CIRCLE('',#1183,6.95E0);
#1189=CIRCLE('',#1188,6.95E0);
#1194=CIRCLE('',#1193,8.E-1);
#1207=CIRCLE('',#1206,6.95E0);
#1212=CIRCLE('',#1211,6.95E0);
#1217=CIRCLE('',#1216,6.588940920261E0);
#1222=CIRCLE('',#1221,6.588940920261E0);
#1227=CIRCLE('',#1226,1.2E0);
#1232=CIRCLE('',#1231,6.95E0);
#1237=CIRCLE('',#1236,6.95E0);
#1242=CIRCLE('',#1241,6.588940920261E0);
#1247=CIRCLE('',#1246,6.588940920261E0);
#1252=CIRCLE('',#1251,1.2E0);
#1261=CIRCLE('',#1260,3.249974494826E0);
#1266=CIRCLE('',#1265,3.249974494826E0);
#1279=CIRCLE('',#1278,3.25E0);
#1284=CIRCLE('',#1283,3.25E0);
#1289=CIRCLE('',#1288,2.25E0);
#1294=CIRCLE('',#1293,2.25E0);
#1303=CIRCLE('',#1302,3.249974494826E0);
#1312=CIRCLE('',#1311,5.099999817479E0);
#1317=CIRCLE('',#1316,5.099999817479E0);
#1322=CIRCLE('',#1321,5.099999817479E0);
#1327=CIRCLE('',#1326,5.099999817479E0);
#1332=CIRCLE('',#1331,3.549963894433E0);
#1337=CIRCLE('',#1336,3.549963894433E0);
#1342=CIRCLE('',#1341,5.4E0);
#1347=CIRCLE('',#1346,3.E-1);
#1356=CIRCLE('',#1355,5.699999999999E0);
#1361=CIRCLE('',#1360,5.399985008896E0);
#1378=CIRCLE('',#1377,5.699999999999E0);
#1383=CIRCLE('',#1382,5.399985008896E0);
#1396=CIRCLE('',#1395,5.4E0);
#1401=CIRCLE('',#1400,3.E-1);
#1406=CIRCLE('',#1405,6.199999988254E0);
#1411=CIRCLE('',#1410,6.199999988254E0);
#1416=CIRCLE('',#1415,6.199999988254E0);
#1421=CIRCLE('',#1420,6.199999988254E0);
#1426=CIRCLE('',#1425,5.7E0);
#1431=CIRCLE('',#1430,5.7E0);
#1436=CIRCLE('',#1435,6.4E0);
#1441=CIRCLE('',#1440,2.E-1);
#1446=CIRCLE('',#1445,6.4E0);
#1451=CIRCLE('',#1450,2.E-1);
#1464=CIRCLE('',#1463,6.4E0);
#1473=CIRCLE('',#1472,6.85E0);
#1482=CIRCLE('',#1481,6.85E0);
#1487=CIRCLE('',#1486,6.4E0);
#1500=CIRCLE('',#1499,6.85E0);
#1505=CIRCLE('',#1504,6.85E0);
#1510=CIRCLE('',#1509,6.35E0);
#1515=CIRCLE('',#1514,6.35E0);
#1528=CIRCLE('',#1527,7.7E0);
#1533=CIRCLE('',#1532,7.7E0);
#1538=CIRCLE('',#1537,6.35E0);
#1543=CIRCLE('',#1542,6.35E0);
#1552=CIRCLE('',#1551,7.7E0);
#1557=CIRCLE('',#1556,7.623999144192E0);
#1562=CIRCLE('',#1561,7.623999144192E0);
#1567=CIRCLE('',#1566,5.E-1);
#1572=CIRCLE('',#1571,7.7E0);
#1577=CIRCLE('',#1576,7.623999144192E0);
#1582=CIRCLE('',#1581,7.623999144192E0);
#1587=CIRCLE('',#1586,5.E-1);
#1600=CIRCLE('',#1599,7.071601338464E0);
#1605=CIRCLE('',#1604,7.071601338464E0);
#1610=CIRCLE('',#1609,6.95E0);
#1615=CIRCLE('',#1614,6.95E0);
#1620=CIRCLE('',#1619,8.E-1);
#1625=CIRCLE('',#1624,7.071601338464E0);
#1630=CIRCLE('',#1629,7.071601338464E0);
#1635=CIRCLE('',#1634,6.95E0);
#1640=CIRCLE('',#1639,6.95E0);
#1645=CIRCLE('',#1644,8.E-1);
#1658=CIRCLE('',#1657,6.95E0);
#1663=CIRCLE('',#1662,6.588940920261E0);
#1668=CIRCLE('',#1667,6.588940920261E0);
#1673=CIRCLE('',#1672,1.2E0);
#1678=CIRCLE('',#1677,6.95E0);
#1683=CIRCLE('',#1682,6.588940920261E0);
#1688=CIRCLE('',#1687,6.588940920261E0);
#1693=CIRCLE('',#1692,1.2E0);
#1706=CIRCLE('',#1705,5.301764278018E0);
#1711=CIRCLE('',#1710,5.301764278018E0);
#1716=CIRCLE('',#1715,4.7E0);
#1721=CIRCLE('',#1720,4.7E0);
#1726=CIRCLE('',#1725,2.E0);
#1733=B_SPLINE_CURVE_WITH_KNOTS('',3,(#1727,#1728,#1729,#1730,#1731,#1732),
.UNSPECIFIED.,.F.,.F.,(4,1,1,4),(0.E0,3.333333333333E-1,6.666666666667E-1,1.E0),
.UNSPECIFIED.);
#1740=B_SPLINE_CURVE_WITH_KNOTS('',3,(#1734,#1735,#1736,#1737,#1738,#1739),
.UNSPECIFIED.,.F.,.F.,(4,1,1,4),(0.E0,3.333333333333E-1,6.666666666667E-1,1.E0),
.UNSPECIFIED.);
#1745=CIRCLE('',#1744,4.7E0);
#1750=CIRCLE('',#1749,4.7E0);
#1755=CIRCLE('',#1754,2.E0);
#1760=CIRCLE('',#1759,5.301764278018E0);
#1765=CIRCLE('',#1764,5.301764278018E0);
#1770=CIRCLE('',#1769,4.7E0);
#1792=B_SPLINE_CURVE_WITH_KNOTS('',3,(#1775,#1776,#1777,#1778,#1779,#1780,#1781,
#1782,#1783,#1784,#1785,#1786,#1787,#1788,#1789,#1790,#1791),.UNSPECIFIED.,.F.,
.F.,(4,1,1,1,1,1,1,1,1,1,1,1,1,1,4),(0.E0,7.142857142857E-2,1.428571428571E-1,
2.142857142857E-1,2.857142857143E-1,3.571428571429E-1,4.285714285714E-1,5.E-1,
5.714285714286E-1,6.428571428571E-1,7.142857142857E-1,7.857142857143E-1,
8.571428571429E-1,9.285714285714E-1,1.E0),.UNSPECIFIED.);
#1802=B_SPLINE_CURVE_WITH_KNOTS('',3,(#1793,#1794,#1795,#1796,#1797,#1798,#1799,
#1800,#1801),.UNSPECIFIED.,.F.,.F.,(4,1,1,1,1,1,4),(0.E0,1.666666666667E-1,
3.333333333333E-1,5.E-1,6.666666666667E-1,8.333333333333E-1,1.E0),
.UNSPECIFIED.);
#1827=B_SPLINE_CURVE_WITH_KNOTS('',3,(#1807,#1808,#1809,#1810,#1811,#1812,#1813,
#1814,#1815,#1816,#1817,#1818,#1819,#1820,#1821,#1822,#1823,#1824,#1825,#1826),
.UNSPECIFIED.,.F.,.F.,(4,1,1,1,1,1,1,1,1,1,1,1,1,1,1,1,1,4),(0.E0,
5.882352941176E-2,1.176470588235E-1,1.764705882353E-1,2.352941176471E-1,
2.941176470588E-1,3.529411764706E-1,4.117647058824E-1,4.705882352941E-1,
5.294117647059E-1,5.882352941176E-1,6.470588235294E-1,7.058823529412E-1,
7.647058823529E-1,8.235294117647E-1,8.823529411765E-1,9.411764705882E-1,1.E0),
.UNSPECIFIED.);
#1837=B_SPLINE_CURVE_WITH_KNOTS('',3,(#1828,#1829,#1830,#1831,#1832,#1833,#1834,
#1835,#1836),.UNSPECIFIED.,.F.,.F.,(4,1,1,1,1,1,4),(0.E0,1.666666666667E-1,
3.333333333333E-1,5.E-1,6.666666666667E-1,8.333333333333E-1,1.E0),
.UNSPECIFIED.);
#1859=B_SPLINE_CURVE_WITH_KNOTS('',3,(#1842,#1843,#1844,#1845,#1846,#1847,#1848,
#1849,#1850,#1851,#1852,#1853,#1854,#1855,#1856,#1857,#1858),.UNSPECIFIED.,.F.,
.F.,(4,1,1,1,1,1,1,1,1,1,1,1,1,1,4),(0.E0,7.142857142857E-2,1.428571428571E-1,
2.142857142857E-1,2.857142857143E-1,3.571428571429E-1,4.285714285714E-1,5.E-1,
5.714285714286E-1,6.428571428571E-1,7.142857142857E-1,7.857142857143E-1,
8.571428571429E-1,9.285714285714E-1,1.E0),.UNSPECIFIED.);
#1869=B_SPLINE_CURVE_WITH_KNOTS('',3,(#1860,#1861,#1862,#1863,#1864,#1865,#1866,
#1867,#1868),.UNSPECIFIED.,.F.,.F.,(4,1,1,1,1,1,4),(0.E0,1.666666666667E-1,
3.333333333333E-1,5.E-1,6.666666666667E-1,8.333333333333E-1,1.E0),
.UNSPECIFIED.);
#1879=B_SPLINE_CURVE_WITH_KNOTS('',3,(#1870,#1871,#1872,#1873,#1874,#1875,#1876,
#1877,#1878),.UNSPECIFIED.,.F.,.F.,(4,1,1,1,1,1,4),(0.E0,1.666666666667E-1,
3.333333333333E-1,5.E-1,6.666666666667E-1,8.333333333333E-1,1.E0),
.UNSPECIFIED.);
#1886=B_SPLINE_CURVE_WITH_KNOTS('',3,(#1880,#1881,#1882,#1883,#1884,#1885),
.UNSPECIFIED.,.F.,.F.,(4,1,1,4),(0.E0,3.333333333333E-1,6.666666666667E-1,1.E0),
.UNSPECIFIED.);
#1893=B_SPLINE_CURVE_WITH_KNOTS('',3,(#1887,#1888,#1889,#1890,#1891,#1892),
.UNSPECIFIED.,.F.,.F.,(4,1,1,4),(0.E0,3.333333333333E-1,6.666666666667E-1,1.E0),
.UNSPECIFIED.);
#1900=B_SPLINE_CURVE_WITH_KNOTS('',3,(#1894,#1895,#1896,#1897,#1898,#1899),
.UNSPECIFIED.,.F.,.F.,(4,1,1,4),(0.E0,3.333333333333E-1,6.666666666667E-1,1.E0),
.UNSPECIFIED.);
#1907=B_SPLINE_CURVE_WITH_KNOTS('',3,(#1901,#1902,#1903,#1904,#1905,#1906),
.UNSPECIFIED.,.F.,.F.,(4,1,1,4),(0.E0,3.333333333333E-1,6.666666666667E-1,1.E0),
.UNSPECIFIED.);
#1918=B_SPLINE_CURVE_WITH_KNOTS('',3,(#1912,#1913,#1914,#1915,#1916,#1917),
.UNSPECIFIED.,.F.,.F.,(4,1,1,4),(0.E0,3.333333333333E-1,6.666666666667E-1,1.E0),
.UNSPECIFIED.);
#1925=B_SPLINE_CURVE_WITH_KNOTS('',3,(#1919,#1920,#1921,#1922,#1923,#1924),
.UNSPECIFIED.,.F.,.F.,(4,1,1,4),(0.E0,3.333333333333E-1,6.666666666667E-1,1.E0),
.UNSPECIFIED.);
#1932=B_SPLINE_CURVE_WITH_KNOTS('',3,(#1926,#1927,#1928,#1929,#1930,#1931),
.UNSPECIFIED.,.F.,.F.,(4,1,1,4),(0.E0,3.333333333333E-1,6.666666666667E-1,1.E0),
.UNSPECIFIED.);
#1939=B_SPLINE_CURVE_WITH_KNOTS('',3,(#1933,#1934,#1935,#1936,#1937,#1938),
.UNSPECIFIED.,.F.,.F.,(4,1,1,4),(0.E0,3.333333333333E-1,6.666666666667E-1,1.E0),
.UNSPECIFIED.);
#1946=B_SPLINE_CURVE_WITH_KNOTS('',3,(#1940,#1941,#1942,#1943,#1944,#1945),
.UNSPECIFIED.,.F.,.F.,(4,1,1,4),(0.E0,3.333333333333E-1,6.666666666667E-1,1.E0),
.UNSPECIFIED.);
#1953=B_SPLINE_CURVE_WITH_KNOTS('',3,(#1947,#1948,#1949,#1950,#1951,#1952),
.UNSPECIFIED.,.F.,.F.,(4,1,1,4),(0.E0,3.333333333333E-1,6.666666666667E-1,1.E0),
.UNSPECIFIED.);
#1960=B_SPLINE_CURVE_WITH_KNOTS('',3,(#1954,#1955,#1956,#1957,#1958,#1959),
.UNSPECIFIED.,.F.,.F.,(4,1,1,4),(0.E0,3.333333333333E-1,6.666666666667E-1,1.E0),
.UNSPECIFIED.);
#1967=B_SPLINE_CURVE_WITH_KNOTS('',3,(#1961,#1962,#1963,#1964,#1965,#1966),
.UNSPECIFIED.,.F.,.F.,(4,1,1,4),(0.E0,3.333333333333E-1,6.666666666667E-1,1.E0),
.UNSPECIFIED.);
#1974=B_SPLINE_CURVE_WITH_KNOTS('',3,(#1968,#1969,#1970,#1971,#1972,#1973),
.UNSPECIFIED.,.F.,.F.,(4,1,1,4),(0.E0,3.333333333333E-1,6.666666666667E-1,1.E0),
.UNSPECIFIED.);
#1981=B_SPLINE_CURVE_WITH_KNOTS('',3,(#1975,#1976,#1977,#1978,#1979,#1980),
.UNSPECIFIED.,.F.,.F.,(4,1,1,4),(0.E0,3.333333333333E-1,6.666666666667E-1,1.E0),
.UNSPECIFIED.);
#1988=B_SPLINE_CURVE_WITH_KNOTS('',3,(#1982,#1983,#1984,#1985,#1986,#1987),
.UNSPECIFIED.,.F.,.F.,(4,1,1,4),(0.E0,3.333333333333E-1,6.666666666667E-1,1.E0),
.UNSPECIFIED.);
#1995=B_SPLINE_CURVE_WITH_KNOTS('',3,(#1989,#1990,#1991,#1992,#1993,#1994),
.UNSPECIFIED.,.F.,.F.,(4,1,1,4),(0.E0,3.333333333333E-1,6.666666666667E-1,1.E0),
.UNSPECIFIED.);
#2002=B_SPLINE_CURVE_WITH_KNOTS('',3,(#1996,#1997,#1998,#1999,#2000,#2001),
.UNSPECIFIED.,.F.,.F.,(4,1,1,4),(0.E0,3.333333333333E-1,6.666666666667E-1,1.E0),
.UNSPECIFIED.);
#2009=B_SPLINE_CURVE_WITH_KNOTS('',3,(#2003,#2004,#2005,#2006,#2007,#2008),
.UNSPECIFIED.,.F.,.F.,(4,1,1,4),(0.E0,3.333333333333E-1,6.666666666667E-1,1.E0),
.UNSPECIFIED.);
#2020=B_SPLINE_CURVE_WITH_KNOTS('',3,(#2014,#2015,#2016,#2017,#2018,#2019),
.UNSPECIFIED.,.F.,.F.,(4,1,1,4),(0.E0,3.333333333333E-1,6.666666666667E-1,1.E0),
.UNSPECIFIED.);
#2027=B_SPLINE_CURVE_WITH_KNOTS('',3,(#2021,#2022,#2023,#2024,#2025,#2026),
.UNSPECIFIED.,.F.,.F.,(4,1,1,4),(0.E0,3.333333333333E-1,6.666666666667E-1,1.E0),
.UNSPECIFIED.);
#2034=B_SPLINE_CURVE_WITH_KNOTS('',3,(#2028,#2029,#2030,#2031,#2032,#2033),
.UNSPECIFIED.,.F.,.F.,(4,1,1,4),(0.E0,3.333333333333E-1,6.666666666667E-1,1.E0),
.UNSPECIFIED.);
#2047=CIRCLE('',#2046,4.5E0);
#2052=CIRCLE('',#2051,4.5E0);
#2059=B_SPLINE_CURVE_WITH_KNOTS('',3,(#2053,#2054,#2055,#2056,#2057,#2058),
.UNSPECIFIED.,.F.,.F.,(4,1,1,4),(0.E0,3.333333333333E-1,6.666666666667E-1,1.E0),
.UNSPECIFIED.);
#2064=CIRCLE('',#2063,4.5E0);
#2069=CIRCLE('',#2068,4.5E0);
#2074=CIRCLE('',#2073,4.7E0);
#2079=CIRCLE('',#2078,4.7E0);
#2092=CIRCLE('',#2091,4.5E0);
#2097=CIRCLE('',#2096,4.5E0);
#2106=CIRCLE('',#2105,4.7E0);
#2111=CIRCLE('',#2110,4.7E0);
#2148=CIRCLE('',#2147,4.5E0);
#2153=CIRCLE('',#2152,4.5E0);
#2162=CIRCLE('',#2161,4.7E0);
#2167=CIRCLE('',#2166,4.7E0);
#2184=CIRCLE('',#2183,4.5E0);
#2193=CIRCLE('',#2192,4.7E0);
#2210=CIRCLE('',#2209,4.5E0);
#2215=CIRCLE('',#2214,4.5E0);
#2220=CIRCLE('',#2219,4.7E0);
#2225=CIRCLE('',#2224,4.7E0);
#2276=B_SPLINE_CURVE_WITH_KNOTS('',3,(#2270,#2271,#2272,#2273,#2274,#2275),
.UNSPECIFIED.,.F.,.F.,(4,1,1,4),(0.E0,3.333333333333E-1,6.666666666667E-1,1.E0),
.UNSPECIFIED.);
#2283=B_SPLINE_CURVE_WITH_KNOTS('',3,(#2277,#2278,#2279,#2280,#2281,#2282),
.UNSPECIFIED.,.F.,.F.,(4,1,1,4),(0.E0,3.333333333333E-1,6.666666666667E-1,1.E0),
.UNSPECIFIED.);
#2290=B_SPLINE_CURVE_WITH_KNOTS('',3,(#2284,#2285,#2286,#2287,#2288,#2289),
.UNSPECIFIED.,.F.,.F.,(4,1,1,4),(0.E0,3.333333333333E-1,6.666666666667E-1,1.E0),
.UNSPECIFIED.);
#2301=B_SPLINE_CURVE_WITH_KNOTS('',3,(#2295,#2296,#2297,#2298,#2299,#2300),
.UNSPECIFIED.,.F.,.F.,(4,1,1,4),(0.E0,3.333333333333E-1,6.666666666667E-1,1.E0),
.UNSPECIFIED.);
#2308=B_SPLINE_CURVE_WITH_KNOTS('',3,(#2302,#2303,#2304,#2305,#2306,#2307),
.UNSPECIFIED.,.F.,.F.,(4,1,1,4),(0.E0,3.333333333333E-1,6.666666666667E-1,1.E0),
.UNSPECIFIED.);
#2315=B_SPLINE_CURVE_WITH_KNOTS('',3,(#2309,#2310,#2311,#2312,#2313,#2314),
.UNSPECIFIED.,.F.,.F.,(4,1,1,4),(0.E0,3.333333333333E-1,6.666666666667E-1,1.E0),
.UNSPECIFIED.);
#2322=B_SPLINE_CURVE_WITH_KNOTS('',3,(#2316,#2317,#2318,#2319,#2320,#2321),
.UNSPECIFIED.,.F.,.F.,(4,1,1,4),(0.E0,3.333333333333E-1,6.666666666667E-1,1.E0),
.UNSPECIFIED.);
#2329=B_SPLINE_CURVE_WITH_KNOTS('',3,(#2323,#2324,#2325,#2326,#2327,#2328),
.UNSPECIFIED.,.F.,.F.,(4,1,1,4),(0.E0,3.333333333333E-1,6.666666666667E-1,1.E0),
.UNSPECIFIED.);
#2336=B_SPLINE_CURVE_WITH_KNOTS('',3,(#2330,#2331,#2332,#2333,#2334,#2335),
.UNSPECIFIED.,.F.,.F.,(4,1,1,4),(0.E0,3.333333333333E-1,6.666666666667E-1,1.E0),
.UNSPECIFIED.);
#2343=B_SPLINE_CURVE_WITH_KNOTS('',3,(#2337,#2338,#2339,#2340,#2341,#2342),
.UNSPECIFIED.,.F.,.F.,(4,1,1,4),(0.E0,3.333333333333E-1,6.666666666667E-1,1.E0),
.UNSPECIFIED.);
#2350=B_SPLINE_CURVE_WITH_KNOTS('',3,(#2344,#2345,#2346,#2347,#2348,#2349),
.UNSPECIFIED.,.F.,.F.,(4,1,1,4),(0.E0,3.333333333333E-1,6.666666666667E-1,1.E0),
.UNSPECIFIED.);
#2357=B_SPLINE_CURVE_WITH_KNOTS('',3,(#2351,#2352,#2353,#2354,#2355,#2356),
.UNSPECIFIED.,.F.,.F.,(4,1,1,4),(0.E0,3.333333333333E-1,6.666666666667E-1,1.E0),
.UNSPECIFIED.);
#2364=B_SPLINE_CURVE_WITH_KNOTS('',3,(#2358,#2359,#2360,#2361,#2362,#2363),
.UNSPECIFIED.,.F.,.F.,(4,1,1,4),(0.E0,3.333333333333E-1,6.666666666667E-1,1.E0),
.UNSPECIFIED.);
#2371=B_SPLINE_CURVE_WITH_KNOTS('',3,(#2365,#2366,#2367,#2368,#2369,#2370),
.UNSPECIFIED.,.F.,.F.,(4,1,1,4),(0.E0,3.333333333333E-1,6.666666666667E-1,1.E0),
.UNSPECIFIED.);
#2378=B_SPLINE_CURVE_WITH_KNOTS('',3,(#2372,#2373,#2374,#2375,#2376,#2377),
.UNSPECIFIED.,.F.,.F.,(4,1,1,4),(0.E0,3.333333333333E-1,6.666666666667E-1,1.E0),
.UNSPECIFIED.);
#2385=B_SPLINE_CURVE_WITH_KNOTS('',3,(#2379,#2380,#2381,#2382,#2383,#2384),
.UNSPECIFIED.,.F.,.F.,(4,1,1,4),(0.E0,3.333333333333E-1,6.666666666667E-1,1.E0),
.UNSPECIFIED.);
#2392=B_SPLINE_CURVE_WITH_KNOTS('',3,(#2386,#2387,#2388,#2389,#2390,#2391),
.UNSPECIFIED.,.F.,.F.,(4,1,1,4),(0.E0,3.333333333333E-1,6.666666666667E-1,1.E0),
.UNSPECIFIED.);
#2403=B_SPLINE_CURVE_WITH_KNOTS('',3,(#2397,#2398,#2399,#2400,#2401,#2402),
.UNSPECIFIED.,.F.,.F.,(4,1,1,4),(0.E0,3.333333333333E-1,6.666666666667E-1,1.E0),
.UNSPECIFIED.);
#2410=B_SPLINE_CURVE_WITH_KNOTS('',3,(#2404,#2405,#2406,#2407,#2408,#2409),
.UNSPECIFIED.,.F.,.F.,(4,1,1,4),(0.E0,3.333333333333E-1,6.666666666667E-1,1.E0),
.UNSPECIFIED.);
#2417=B_SPLINE_CURVE_WITH_KNOTS('',3,(#2411,#2412,#2413,#2414,#2415,#2416),
.UNSPECIFIED.,.F.,.F.,(4,1,1,4),(0.E0,3.333333333333E-1,6.666666666667E-1,1.E0),
.UNSPECIFIED.);
#2424=B_SPLINE_CURVE_WITH_KNOTS('',3,(#2418,#2419,#2420,#2421,#2422,#2423),
.UNSPECIFIED.,.F.,.F.,(4,1,1,4),(0.E0,3.333333333333E-1,6.666666666667E-1,1.E0),
.UNSPECIFIED.);
#2449=B_SPLINE_CURVE_WITH_KNOTS('',3,(#2429,#2430,#2431,#2432,#2433,#2434,#2435,
#2436,#2437,#2438,#2439,#2440,#2441,#2442,#2443,#2444,#2445,#2446,#2447,#2448),
.UNSPECIFIED.,.F.,.F.,(4,1,1,1,1,1,1,1,1,1,1,1,1,1,1,1,1,4),(0.E0,
5.882352941176E-2,1.176470588235E-1,1.764705882353E-1,2.352941176471E-1,
2.941176470588E-1,3.529411764706E-1,4.117647058824E-1,4.705882352941E-1,
5.294117647059E-1,5.882352941176E-1,6.470588235294E-1,7.058823529412E-1,
7.647058823529E-1,8.235294117647E-1,8.823529411765E-1,9.411764705882E-1,1.E0),
.UNSPECIFIED.);
#2458=CIRCLE('',#2457,3.249974494826E0);
#3058=EDGE_CURVE('',#2470,#2472,#49,.T.);
#3060=EDGE_CURVE('',#2469,#2470,#44,.T.);
#3062=EDGE_CURVE('',#2469,#2474,#4,.T.);
#3064=EDGE_CURVE('',#2474,#2475,#25,.T.);
#3066=EDGE_CURVE('',#2476,#2475,#1827,.T.);
#3068=EDGE_CURVE('',#2476,#2478,#29,.T.);
#3070=EDGE_CURVE('',#2480,#2478,#147,.T.);
#3072=EDGE_CURVE('',#2482,#2480,#142,.T.);
#3074=EDGE_CURVE('',#2472,#2482,#91,.T.);
#3084=EDGE_CURVE('',#2488,#2485,#34,.T.);
#3086=EDGE_CURVE('',#2485,#2486,#39,.T.);
#3088=EDGE_CURVE('',#2469,#2486,#87,.T.);
#3092=EDGE_CURVE('',#2472,#2488,#54,.T.);
#3104=EDGE_CURVE('',#2490,#2488,#62,.T.);
#3106=EDGE_CURVE('',#2492,#2490,#1247,.T.);
#3108=EDGE_CURVE('',#2494,#2492,#1242,.T.);
#3110=EDGE_CURVE('',#2494,#2486,#58,.T.);
#3120=EDGE_CURVE('',#2496,#2488,#72,.T.);
#3122=EDGE_CURVE('',#2486,#2496,#67,.T.);
#3125=EDGE_CURVE('',#2498,#2494,#1222,.T.);
#3127=EDGE_CURVE('',#2490,#2498,#1217,.T.);
#3141=EDGE_CURVE('',#2472,#2500,#77,.T.);
#3143=EDGE_CURVE('',#2500,#2469,#82,.T.);
#3157=EDGE_CURVE('',#2502,#2482,#122,.T.);
#3159=EDGE_CURVE('',#2478,#2502,#117,.T.);
#3162=EDGE_CURVE('',#2476,#2503,#112,.T.);
#3164=EDGE_CURVE('',#2474,#2503,#2449,.T.);
#3177=EDGE_CURVE('',#2505,#2482,#162,.T.);
#3179=EDGE_CURVE('',#2505,#2507,#127,.T.);
#3181=EDGE_CURVE('',#2507,#2509,#132,.T.);
#3183=EDGE_CURVE('',#2509,#2478,#137,.T.);
#3196=EDGE_CURVE('',#2509,#2511,#152,.T.);
#3198=EDGE_CURVE('',#2511,#2505,#157,.T.);
#3211=EDGE_CURVE('',#2509,#2513,#166,.T.);
#3213=EDGE_CURVE('',#2517,#2513,#205,.T.);
#3215=EDGE_CURVE('',#2516,#2517,#200,.T.);
#3217=EDGE_CURVE('',#2505,#2516,#170,.T.);
#3230=EDGE_CURVE('',#2519,#2516,#180,.T.);
#3232=EDGE_CURVE('',#2513,#2519,#175,.T.);
#3245=EDGE_CURVE('',#2521,#2516,#220,.T.);
#3247=EDGE_CURVE('',#2521,#2524,#185,.T.);
#3249=EDGE_CURVE('',#2524,#2525,#190,.T.);
#3251=EDGE_CURVE('',#2525,#2513,#195,.T.);
#3264=EDGE_CURVE('',#2525,#2527,#210,.T.);
#3266=EDGE_CURVE('',#2527,#2521,#215,.T.);
#3279=EDGE_CURVE('',#2525,#2529,#224,.T.);
#3281=EDGE_CURVE('',#2531,#2529,#263,.T.);
#3283=EDGE_CURVE('',#2533,#2531,#258,.T.);
#3285=EDGE_CURVE('',#2521,#2533,#228,.T.);
#3298=EDGE_CURVE('',#2535,#2533,#238,.T.);
#3300=EDGE_CURVE('',#2529,#2535,#233,.T.);
#3313=EDGE_CURVE('',#2537,#2533,#278,.T.);
#3315=EDGE_CURVE('',#2537,#2539,#243,.T.);
#3317=EDGE_CURVE('',#2539,#2541,#248,.T.);
#3319=EDGE_CURVE('',#2541,#2529,#253,.T.);
#3332=EDGE_CURVE('',#2541,#2543,#268,.T.);
#3334=EDGE_CURVE('',#2543,#2537,#273,.T.);
#3347=EDGE_CURVE('',#2541,#2545,#282,.T.);
#3349=EDGE_CURVE('',#2549,#2545,#321,.T.);
#3351=EDGE_CURVE('',#2548,#2549,#316,.T.);
#3353=EDGE_CURVE('',#2537,#2548,#286,.T.);
#3366=EDGE_CURVE('',#2551,#2548,#296,.T.);
#3368=EDGE_CURVE('',#2545,#2551,#291,.T.);
#3381=EDGE_CURVE('',#2553,#2548,#336,.T.);
#3383=EDGE_CURVE('',#2553,#2556,#301,.T.);
#3385=EDGE_CURVE('',#2556,#2557,#306,.T.);
#3387=EDGE_CURVE('',#2557,#2545,#311,.T.);
#3400=EDGE_CURVE('',#2557,#2559,#326,.T.);
#3402=EDGE_CURVE('',#2559,#2553,#331,.T.);
#3415=EDGE_CURVE('',#2557,#2561,#340,.T.);
#3417=EDGE_CURVE('',#2563,#2561,#354,.T.);
#3419=EDGE_CURVE('',#2553,#2563,#344,.T.);
#3432=EDGE_CURVE('',#2561,#2563,#349,.T.);
#3447=EDGE_CURVE('',#2566,#2567,#359,.T.);
#3449=EDGE_CURVE('',#2567,#2566,#364,.T.);
#3459=EDGE_CURVE('',#2566,#2569,#368,.T.);
#3461=EDGE_CURVE('',#2571,#2569,#392,.T.);
#3463=EDGE_CURVE('',#2567,#2571,#372,.T.);
#3477=EDGE_CURVE('',#2569,#2571,#387,.T.);
#3487=EDGE_CURVE('',#2574,#2575,#377,.T.);
#3489=EDGE_CURVE('',#2575,#2574,#382,.T.);
#3503=EDGE_CURVE('',#2574,#2577,#396,.T.);
#3505=EDGE_CURVE('',#2579,#2577,#428,.T.);
#3507=EDGE_CURVE('',#2575,#2579,#400,.T.);
#3521=EDGE_CURVE('',#2577,#2579,#405,.T.);
#3531=EDGE_CURVE('',#2577,#2581,#418,.T.);
#3534=EDGE_CURVE('',#2579,#2583,#409,.T.);
#3536=EDGE_CURVE('',#2583,#2581,#414,.T.);
#3547=EDGE_CURVE('',#2581,#2583,#423,.T.);
#3559=EDGE_CURVE('',#2587,#2589,#442,.T.);
#3561=EDGE_CURVE('',#2586,#2587,#437,.T.);
#3563=EDGE_CURVE('',#2583,#2586,#466,.T.);
#3566=EDGE_CURVE('',#2581,#2589,#432,.T.);
#3578=EDGE_CURVE('',#2591,#2589,#462,.T.);
#3580=EDGE_CURVE('',#2593,#2591,#476,.T.);
#3582=EDGE_CURVE('',#2593,#2586,#447,.T.);
#3592=EDGE_CURVE('',#2589,#2595,#452,.T.);
#3594=EDGE_CURVE('',#2595,#2586,#457,.T.);
#3597=EDGE_CURVE('',#2591,#2593,#471,.T.);
#3625=EDGE_CURVE('',#2598,#2599,#481,.T.);
#3627=EDGE_CURVE('',#2599,#2598,#486,.T.);
#3637=EDGE_CURVE('',#2602,#2603,#510,.T.);
#3639=EDGE_CURVE('',#2605,#2602,#505,.T.);
#3641=EDGE_CURVE('',#2605,#2599,#490,.T.);
#3644=EDGE_CURVE('',#2603,#2598,#550,.T.);
#3654=EDGE_CURVE('',#2608,#2609,#495,.T.);
#3656=EDGE_CURVE('',#2609,#2611,#500,.T.);
#3658=EDGE_CURVE('',#2605,#2611,#546,.T.);
#3662=EDGE_CURVE('',#2603,#2608,#514,.T.);
#3674=EDGE_CURVE('',#2613,#2608,#522,.T.);
#3676=EDGE_CURVE('',#2617,#2613,#615,.T.);
#3678=EDGE_CURVE('',#2616,#2617,#610,.T.);
#3680=EDGE_CURVE('',#2616,#2611,#518,.T.);
#3690=EDGE_CURVE('',#2619,#2608,#532,.T.);
#3692=EDGE_CURVE('',#2611,#2619,#527,.T.);
#3695=EDGE_CURVE('',#2621,#2616,#565,.T.);
#3697=EDGE_CURVE('',#2613,#2621,#560,.T.);
#3711=EDGE_CURVE('',#2603,#2623,#537,.T.);
#3713=EDGE_CURVE('',#2623,#2605,#542,.T.);
#3737=EDGE_CURVE('',#2629,#2627,#555,.T.);
#3739=EDGE_CURVE('',#2626,#2627,#575,.T.);
#3741=EDGE_CURVE('',#2613,#2626,#620,.T.);
#3745=EDGE_CURVE('',#2616,#2629,#570,.T.);
#3757=EDGE_CURVE('',#2629,#2631,#580,.T.);
#3759=EDGE_CURVE('',#2626,#2631,#605,.T.);
#3763=EDGE_CURVE('',#2634,#2635,#585,.T.);
#3765=EDGE_CURVE('',#2635,#2637,#590,.T.);
#3767=EDGE_CURVE('',#2637,#2639,#595,.T.);
#3769=EDGE_CURVE('',#2639,#2634,#600,.T.);
#3793=EDGE_CURVE('',#2642,#2643,#625,.T.);
#3795=EDGE_CURVE('',#2643,#2645,#630,.T.);
#3797=EDGE_CURVE('',#2637,#2645,#656,.T.);
#3801=EDGE_CURVE('',#2634,#2642,#634,.T.);
#3813=EDGE_CURVE('',#2647,#2642,#642,.T.);
#3815=EDGE_CURVE('',#2649,#2647,#666,.T.);
#3817=EDGE_CURVE('',#2649,#2645,#638,.T.);
#3827=EDGE_CURVE('',#2651,#2642,#652,.T.);
#3829=EDGE_CURVE('',#2645,#2651,#647,.T.);
#3832=EDGE_CURVE('',#2647,#2649,#661,.T.);
#3861=EDGE_CURVE('',#2654,#2655,#671,.T.);
#3863=EDGE_CURVE('',#2655,#2654,#676,.T.);
#3873=EDGE_CURVE('',#2656,#2657,#694,.T.);
#3875=EDGE_CURVE('',#2658,#2657,#724,.T.);
#3877=EDGE_CURVE('',#2658,#2655,#698,.T.);
#3880=EDGE_CURVE('',#2660,#2654,#768,.T.);
#3882=EDGE_CURVE('',#2662,#2660,#788,.T.);
#3884=EDGE_CURVE('',#2662,#2656,#702,.T.);
#3895=EDGE_CURVE('',#2656,#2664,#706,.T.);
#3897=EDGE_CURVE('',#2666,#2664,#1294,.T.);
#3899=EDGE_CURVE('',#2658,#2666,#728,.T.);
#3910=EDGE_CURVE('',#2658,#2667,#764,.T.);
#3913=EDGE_CURVE('',#2664,#2666,#1289,.T.);
#3916=EDGE_CURVE('',#2656,#2667,#746,.T.);
#3929=EDGE_CURVE('',#2660,#2662,#783,.T.);
#3942=EDGE_CURVE('',#2670,#2671,#773,.T.);
#3944=EDGE_CURVE('',#2671,#2670,#778,.T.);
#3958=EDGE_CURVE('',#2674,#2675,#802,.T.);
#3960=EDGE_CURVE('',#2677,#2674,#797,.T.);
#3962=EDGE_CURVE('',#2677,#2671,#792,.T.);
#3965=EDGE_CURVE('',#2675,#2670,#1274,.T.);
#3975=EDGE_CURVE('',#2680,#2681,#826,.T.);
#3977=EDGE_CURVE('',#2683,#2680,#821,.T.);
#3979=EDGE_CURVE('',#2677,#2683,#1270,.T.);
#3983=EDGE_CURVE('',#2675,#2681,#806,.T.);
#3993=EDGE_CURVE('',#2686,#2687,#811,.T.);
#3995=EDGE_CURVE('',#2687,#2686,#816,.T.);
#4001=EDGE_CURVE('',#2681,#2689,#831,.T.);
#4003=EDGE_CURVE('',#2689,#2683,#836,.T.);
#4013=EDGE_CURVE('',#2695,#2692,#841,.T.);
#4015=EDGE_CURVE('',#2692,#2693,#846,.T.);
#4017=EDGE_CURVE('',#2687,#2693,#930,.T.);
#4020=EDGE_CURVE('',#2686,#2695,#851,.T.);
#4030=EDGE_CURVE('',#2698,#2699,#875,.T.);
#4032=EDGE_CURVE('',#2701,#2698,#870,.T.);
#4034=EDGE_CURVE('',#2701,#2693,#855,.T.);
#4038=EDGE_CURVE('',#2699,#2695,#915,.T.);
#4048=EDGE_CURVE('',#2704,#2705,#860,.T.);
#4050=EDGE_CURVE('',#2705,#2707,#865,.T.);
#4052=EDGE_CURVE('',#2701,#2707,#911,.T.);
#4056=EDGE_CURVE('',#2699,#2704,#879,.T.);
#4068=EDGE_CURVE('',#2709,#2704,#887,.T.);
#4070=EDGE_CURVE('',#2711,#2709,#960,.T.);
#4072=EDGE_CURVE('',#2711,#2707,#883,.T.);
#4082=EDGE_CURVE('',#2713,#2704,#897,.T.);
#4084=EDGE_CURVE('',#2707,#2713,#892,.T.);
#4087=EDGE_CURVE('',#2709,#2711,#955,.T.);
#4101=EDGE_CURVE('',#2699,#2715,#902,.T.);
#4103=EDGE_CURVE('',#2715,#2701,#907,.T.);
#4117=EDGE_CURVE('',#2717,#2695,#925,.T.);
#4119=EDGE_CURVE('',#2693,#2717,#920,.T.);
#4143=EDGE_CURVE('',#2723,#2720,#935,.T.);
#4145=EDGE_CURVE('',#2720,#2721,#940,.T.);
#4147=EDGE_CURVE('',#2721,#2725,#945,.T.);
#4149=EDGE_CURVE('',#2725,#2723,#950,.T.);
#4165=EDGE_CURVE('',#2727,#2723,#990,.T.);
#4167=EDGE_CURVE('',#2727,#2730,#965,.T.);
#4169=EDGE_CURVE('',#2730,#2731,#970,.T.);
#4171=EDGE_CURVE('',#2731,#2721,#975,.T.);
#4184=EDGE_CURVE('',#2731,#2733,#980,.T.);
#4186=EDGE_CURVE('',#2733,#2727,#985,.T.);
#4199=EDGE_CURVE('',#2731,#2735,#994,.T.);
#4201=EDGE_CURVE('',#2737,#2735,#1026,.T.);
#4203=EDGE_CURVE('',#2727,#2737,#998,.T.);
#4216=EDGE_CURVE('',#2735,#2737,#1003,.T.);
#4227=EDGE_CURVE('',#2735,#2739,#1016,.T.);
#4230=EDGE_CURVE('',#2737,#2741,#1007,.T.);
#4232=EDGE_CURVE('',#2741,#2739,#1012,.T.);
#4243=EDGE_CURVE('',#2739,#2741,#1021,.T.);
#4255=EDGE_CURVE('',#2739,#2743,#1030,.T.);
#4257=EDGE_CURVE('',#2745,#2743,#1039,.T.);
#4259=EDGE_CURVE('',#2741,#2745,#1034,.T.);
#4273=EDGE_CURVE('',#2743,#2745,#1044,.T.);
#4287=EDGE_CURVE('',#2748,#2749,#1049,.T.);
#4289=EDGE_CURVE('',#2749,#2748,#1054,.T.);
#4299=EDGE_CURVE('',#2749,#2751,#1062,.T.);
#4302=EDGE_CURVE('',#2748,#2753,#1058,.T.);
#4304=EDGE_CURVE('',#2751,#2753,#1082,.T.);
#4315=EDGE_CURVE('',#2753,#2751,#1077,.T.);
#4327=EDGE_CURVE('',#2756,#2757,#1067,.T.);
#4329=EDGE_CURVE('',#2757,#2756,#1072,.T.);
#4343=EDGE_CURVE('',#2761,#2763,#1096,.T.);
#4345=EDGE_CURVE('',#2760,#2761,#1091,.T.);
#4347=EDGE_CURVE('',#2757,#2760,#1140,.T.);
#4350=EDGE_CURVE('',#2756,#2763,#1086,.T.);
#4362=EDGE_CURVE('',#2765,#2763,#1136,.T.);
#4364=EDGE_CURVE('',#2765,#2768,#1101,.T.);
#4366=EDGE_CURVE('',#2768,#2769,#1106,.T.);
#4368=EDGE_CURVE('',#2769,#2760,#1111,.T.);
#4378=EDGE_CURVE('',#2763,#2771,#1116,.T.);
#4380=EDGE_CURVE('',#2771,#2760,#1121,.T.);
#4383=EDGE_CURVE('',#2769,#2773,#1126,.T.);
#4385=EDGE_CURVE('',#2773,#2765,#1131,.T.);
#4409=EDGE_CURVE('',#2776,#2777,#1154,.T.);
#4411=EDGE_CURVE('',#2779,#2776,#1149,.T.);
#4413=EDGE_CURVE('',#2765,#2779,#1198,.T.);
#4417=EDGE_CURVE('',#2769,#2777,#1144,.T.);
#4429=EDGE_CURVE('',#2781,#2777,#1194,.T.);
#4431=EDGE_CURVE('',#2781,#2783,#1159,.T.);
#4433=EDGE_CURVE('',#2783,#2785,#1164,.T.);
#4435=EDGE_CURVE('',#2785,#2779,#1169,.T.);
#4445=EDGE_CURVE('',#2777,#2787,#1174,.T.);
#4447=EDGE_CURVE('',#2787,#2779,#1179,.T.);
#4450=EDGE_CURVE('',#2785,#2789,#1184,.T.);
#4452=EDGE_CURVE('',#2789,#2781,#1189,.T.);
#4477=EDGE_CURVE('',#2793,#2795,#1212,.T.);
#4479=EDGE_CURVE('',#2792,#2793,#1207,.T.);
#4481=EDGE_CURVE('',#2781,#2792,#1256,.T.);
#4485=EDGE_CURVE('',#2785,#2795,#1202,.T.);
#4497=EDGE_CURVE('',#2490,#2795,#1252,.T.);
#4501=EDGE_CURVE('',#2494,#2792,#1227,.T.);
#4511=EDGE_CURVE('',#2795,#2797,#1232,.T.);
#4513=EDGE_CURVE('',#2797,#2792,#1237,.T.);
#4544=EDGE_CURVE('',#2675,#2799,#1261,.T.);
#4546=EDGE_CURVE('',#2799,#2677,#1266,.T.);
#4570=EDGE_CURVE('',#2802,#2803,#1279,.T.);
#4572=EDGE_CURVE('',#2803,#2802,#1284,.T.);
#4586=EDGE_CURVE('',#2806,#2807,#1303,.T.);
#4588=EDGE_CURVE('',#2803,#2806,#2466,.T.);
#4591=EDGE_CURVE('',#2802,#2807,#1298,.T.);
#4601=EDGE_CURVE('',#2810,#2811,#1337,.T.);
#4603=EDGE_CURVE('',#2806,#2810,#2462,.T.);
#4606=EDGE_CURVE('',#2807,#2811,#1307,.T.);
#4616=EDGE_CURVE('',#2817,#2814,#1312,.T.);
#4618=EDGE_CURVE('',#2814,#2815,#1317,.T.);
#4620=EDGE_CURVE('',#2815,#2819,#1322,.T.);
#4622=EDGE_CURVE('',#2819,#2817,#1327,.T.);
#4626=EDGE_CURVE('',#2811,#2810,#1332,.T.);
#4637=EDGE_CURVE('',#2822,#2823,#1342,.T.);
#4639=EDGE_CURVE('',#2815,#2823,#1401,.T.);
#4643=EDGE_CURVE('',#2817,#2822,#1347,.T.);
#4653=EDGE_CURVE('',#2826,#2827,#1361,.T.);
#4655=EDGE_CURVE('',#2823,#2826,#1391,.T.);
#4658=EDGE_CURVE('',#2822,#2827,#1351,.T.);
#4668=EDGE_CURVE('',#2830,#2831,#1356,.T.);
#4670=EDGE_CURVE('',#2826,#2831,#1387,.T.);
#4673=EDGE_CURVE('',#2827,#2830,#1365,.T.);
#4684=EDGE_CURVE('',#2833,#2830,#1373,.T.);
#4686=EDGE_CURVE('',#2835,#2833,#1426,.T.);
#4688=EDGE_CURVE('',#2835,#2831,#1369,.T.);
#4698=EDGE_CURVE('',#2831,#2830,#1378,.T.);
#4701=EDGE_CURVE('',#2833,#2835,#1431,.T.);
#4714=EDGE_CURVE('',#2827,#2826,#1383,.T.);
#4727=EDGE_CURVE('',#2823,#2822,#1396,.T.);
#4751=EDGE_CURVE('',#2841,#2838,#1406,.T.);
#4753=EDGE_CURVE('',#2838,#2839,#1411,.T.);
#4755=EDGE_CURVE('',#2839,#2843,#1416,.T.);
#4757=EDGE_CURVE('',#2843,#2841,#1421,.T.);
#4773=EDGE_CURVE('',#2845,#2841,#1451,.T.);
#4775=EDGE_CURVE('',#2845,#2847,#1436,.T.);
#4777=EDGE_CURVE('',#2847,#2839,#1441,.T.);
#4790=EDGE_CURVE('',#2847,#2845,#1446,.T.);
#4802=EDGE_CURVE('',#2847,#2849,#1455,.T.);
#4804=EDGE_CURVE('',#2851,#2849,#1487,.T.);
#4806=EDGE_CURVE('',#2845,#2851,#1459,.T.);
#4818=EDGE_CURVE('',#2849,#2851,#1464,.T.);
#4829=EDGE_CURVE('',#2849,#2853,#1477,.T.);
#4832=EDGE_CURVE('',#2851,#2855,#1468,.T.);
#4834=EDGE_CURVE('',#2855,#2853,#1473,.T.);
#4845=EDGE_CURVE('',#2853,#2855,#1482,.T.);
#4857=EDGE_CURVE('',#2853,#2857,#1491,.T.);
#4859=EDGE_CURVE('',#2859,#2857,#1505,.T.);
#4861=EDGE_CURVE('',#2855,#2859,#1495,.T.);
#4875=EDGE_CURVE('',#2857,#2859,#1500,.T.);
#4889=EDGE_CURVE('',#2862,#2863,#1510,.T.);
#4891=EDGE_CURVE('',#2863,#2862,#1515,.T.);
#4901=EDGE_CURVE('',#2862,#2865,#1519,.T.);
#4903=EDGE_CURVE('',#2867,#2865,#1543,.T.);
#4905=EDGE_CURVE('',#2863,#2867,#1523,.T.);
#4919=EDGE_CURVE('',#2865,#2867,#1538,.T.);
#4929=EDGE_CURVE('',#2870,#2871,#1528,.T.);
#4931=EDGE_CURVE('',#2871,#2870,#1533,.T.);
#4945=EDGE_CURVE('',#2874,#2875,#1552,.T.);
#4947=EDGE_CURVE('',#2871,#2874,#1591,.T.);
#4950=EDGE_CURVE('',#2870,#2875,#1547,.T.);
#4961=EDGE_CURVE('',#2877,#2875,#1587,.T.);
#4963=EDGE_CURVE('',#2877,#2880,#1557,.T.);
#4965=EDGE_CURVE('',#2880,#2881,#1562,.T.);
#4967=EDGE_CURVE('',#2881,#2874,#1567,.T.);
#4977=EDGE_CURVE('',#2875,#2874,#1572,.T.);
#4980=EDGE_CURVE('',#2881,#2883,#1577,.T.);
#4982=EDGE_CURVE('',#2883,#2877,#1582,.T.);
#5005=EDGE_CURVE('',#2886,#2887,#1605,.T.);
#5007=EDGE_CURVE('',#2889,#2886,#1600,.T.);
#5009=EDGE_CURVE('',#2877,#2889,#1649,.T.);
#5013=EDGE_CURVE('',#2881,#2887,#1595,.T.);
#5025=EDGE_CURVE('',#2891,#2887,#1645,.T.);
#5027=EDGE_CURVE('',#2891,#2893,#1610,.T.);
#5029=EDGE_CURVE('',#2893,#2895,#1615,.T.);
#5031=EDGE_CURVE('',#2895,#2889,#1620,.T.);
#5041=EDGE_CURVE('',#2887,#2897,#1625,.T.);
#5043=EDGE_CURVE('',#2897,#2889,#1630,.T.);
#5046=EDGE_CURVE('',#2895,#2899,#1635,.T.);
#5048=EDGE_CURVE('',#2899,#2891,#1640,.T.);
#5073=EDGE_CURVE('',#2902,#2903,#1658,.T.);
#5075=EDGE_CURVE('',#2891,#2902,#1697,.T.);
#5079=EDGE_CURVE('',#2895,#2903,#1653,.T.);
#5090=EDGE_CURVE('',#2905,#2903,#1693,.T.);
#5092=EDGE_CURVE('',#2905,#2908,#1663,.T.);
#5094=EDGE_CURVE('',#2908,#2909,#1668,.T.);
#5096=EDGE_CURVE('',#2909,#2902,#1673,.T.);
#5106=EDGE_CURVE('',#2903,#2902,#1678,.T.);
#5109=EDGE_CURVE('',#2909,#2911,#1683,.T.);
#5111=EDGE_CURVE('',#2911,#2905,#1688,.T.);
#5135=EDGE_CURVE('',#2914,#2915,#1711,.T.);
#5137=EDGE_CURVE('',#2917,#2914,#1706,.T.);
#5139=EDGE_CURVE('',#2905,#2917,#2453,.T.);
#5143=EDGE_CURVE('',#2909,#2915,#1701,.T.);
#5155=EDGE_CURVE('',#2919,#2915,#1755,.T.);
#5157=EDGE_CURVE('',#2919,#2921,#1716,.T.);
#5159=EDGE_CURVE('',#2921,#2923,#1721,.T.);
#5161=EDGE_CURVE('',#2923,#2917,#1726,.T.);
#5171=EDGE_CURVE('',#2926,#2924,#1733,.T.);
#5173=EDGE_CURVE('',#2924,#2925,#1740,.T.);
#5175=EDGE_CURVE('',#2925,#2928,#1745,.T.);
#5177=EDGE_CURVE('',#2928,#2919,#1750,.T.);
#5180=EDGE_CURVE('',#2915,#2930,#1760,.T.);
#5182=EDGE_CURVE('',#2930,#2917,#1765,.T.);
#5185=EDGE_CURVE('',#2923,#2926,#1770,.T.);
#5195=EDGE_CURVE('',#2925,#2931,#1837,.T.);
#5199=EDGE_CURVE('',#2932,#2926,#1802,.T.);
#5201=EDGE_CURVE('',#2932,#2934,#1774,.T.);
#5203=EDGE_CURVE('',#2935,#2934,#1879,.T.);
#5205=EDGE_CURVE('',#2936,#2935,#2059,.T.);
#5207=EDGE_CURVE('',#2937,#2936,#1869,.T.);
#5209=EDGE_CURVE('',#2931,#2937,#1841,.T.);
#5219=EDGE_CURVE('',#2931,#2932,#1792,.T.);
#5223=EDGE_CURVE('',#2923,#2476,#1806,.T.);
#5227=EDGE_CURVE('',#2919,#2474,#2428,.T.);
#5242=EDGE_CURVE('',#2934,#2937,#1859,.T.);
#5255=EDGE_CURVE('',#2939,#2936,#2052,.T.);
#5257=EDGE_CURVE('',#2935,#2939,#2047,.T.);
#5262=EDGE_CURVE('',#2942,#2943,#2069,.T.);
#5264=EDGE_CURVE('',#2945,#2942,#2064,.T.);
#5266=EDGE_CURVE('',#2945,#2946,#1886,.T.);
#5268=EDGE_CURVE('',#2946,#2947,#1893,.T.);
#5270=EDGE_CURVE('',#2947,#2948,#1900,.T.);
#5272=EDGE_CURVE('',#2948,#2949,#1907,.T.);
#5274=EDGE_CURVE('',#2949,#2951,#1911,.T.);
#5276=EDGE_CURVE('',#2951,#2952,#1918,.T.);
#5278=EDGE_CURVE('',#2952,#2953,#1925,.T.);
#5280=EDGE_CURVE('',#2953,#2954,#1932,.T.);
#5282=EDGE_CURVE('',#2954,#2955,#1939,.T.);
#5284=EDGE_CURVE('',#2957,#2955,#2215,.T.);
#5286=EDGE_CURVE('',#2959,#2957,#2210,.T.);
#5288=EDGE_CURVE('',#2959,#2960,#1946,.T.);
#5290=EDGE_CURVE('',#2960,#2961,#1953,.T.);
#5292=EDGE_CURVE('',#2961,#2962,#1960,.T.);
#5294=EDGE_CURVE('',#2962,#2963,#1967,.T.);
#5296=EDGE_CURVE('',#2965,#2963,#2184,.T.);
#5298=EDGE_CURVE('',#2965,#2966,#1974,.T.);
#5300=EDGE_CURVE('',#2966,#2967,#1981,.T.);
#5302=EDGE_CURVE('',#2967,#2968,#1988,.T.);
#5304=EDGE_CURVE('',#2972,#2968,#2153,.T.);
#5306=EDGE_CURVE('',#2971,#2972,#2148,.T.);
#5308=EDGE_CURVE('',#2971,#2973,#1995,.T.);
#5310=EDGE_CURVE('',#2973,#2974,#2002,.T.);
#5312=EDGE_CURVE('',#2974,#2975,#2009,.T.);
#5314=EDGE_CURVE('',#2975,#2977,#2013,.T.);
#5316=EDGE_CURVE('',#2977,#2978,#2020,.T.);
#5318=EDGE_CURVE('',#2978,#2979,#2027,.T.);
#5320=EDGE_CURVE('',#2979,#2980,#2034,.T.);
#5322=EDGE_CURVE('',#2980,#2982,#2038,.T.);
#5324=EDGE_CURVE('',#2986,#2982,#2097,.T.);
#5326=EDGE_CURVE('',#2985,#2986,#2092,.T.);
#5328=EDGE_CURVE('',#2985,#2943,#2042,.T.);
#5351=EDGE_CURVE('',#2988,#2943,#2087,.T.);
#5353=EDGE_CURVE('',#2988,#2990,#2074,.T.);
#5355=EDGE_CURVE('',#2990,#2992,#2079,.T.);
#5357=EDGE_CURVE('',#2992,#2945,#2083,.T.);
#5368=EDGE_CURVE('',#2994,#2985,#2115,.T.);
#5370=EDGE_CURVE('',#2988,#2994,#2265,.T.);
#5383=EDGE_CURVE('',#2982,#2996,#2101,.T.);
#5385=EDGE_CURVE('',#2996,#2998,#2106,.T.);
#5387=EDGE_CURVE('',#2998,#2994,#2111,.T.);
#5399=EDGE_CURVE('',#3000,#2980,#2119,.T.);
#5401=EDGE_CURVE('',#2996,#3000,#2269,.T.);
#5434=EDGE_CURVE('',#3002,#2978,#2127,.T.);
#5436=EDGE_CURVE('',#3003,#3002,#2283,.T.);
#5438=EDGE_CURVE('',#3000,#3003,#2276,.T.);
#5470=EDGE_CURVE('',#2977,#3005,#2123,.T.);
#5472=EDGE_CURVE('',#3002,#3005,#2290,.T.);
#5484=EDGE_CURVE('',#3007,#2975,#2131,.T.);
#5486=EDGE_CURVE('',#3005,#3007,#2294,.T.);
#5518=EDGE_CURVE('',#3009,#2974,#2135,.T.);
#5520=EDGE_CURVE('',#3007,#3009,#2301,.T.);
#5552=EDGE_CURVE('',#3011,#2973,#2143,.T.);
#5554=EDGE_CURVE('',#3009,#3011,#2308,.T.);
#5586=EDGE_CURVE('',#2971,#3013,#2139,.T.);
#5588=EDGE_CURVE('',#3011,#3013,#2315,.T.);
#5601=EDGE_CURVE('',#2968,#3015,#2157,.T.);
#5603=EDGE_CURVE('',#3015,#3017,#2162,.T.);
#5605=EDGE_CURVE('',#3017,#3013,#2167,.T.);
#5637=EDGE_CURVE('',#3019,#2967,#2171,.T.);
#5639=EDGE_CURVE('',#3015,#3019,#2322,.T.);
#5671=EDGE_CURVE('',#3021,#2966,#2179,.T.);
#5673=EDGE_CURVE('',#3019,#3021,#2329,.T.);
#5705=EDGE_CURVE('',#2965,#3023,#2175,.T.);
#5707=EDGE_CURVE('',#3021,#3023,#2336,.T.);
#5719=EDGE_CURVE('',#2963,#3025,#2188,.T.);
#5721=EDGE_CURVE('',#3025,#3023,#2193,.T.);
#5753=EDGE_CURVE('',#3027,#2962,#2197,.T.);
#5755=EDGE_CURVE('',#3025,#3027,#2343,.T.);
#5787=EDGE_CURVE('',#3029,#2961,#2201,.T.);
#5789=EDGE_CURVE('',#3027,#3029,#2350,.T.);
#5821=EDGE_CURVE('',#3031,#2960,#2205,.T.);
#5823=EDGE_CURVE('',#3029,#3031,#2357,.T.);
#5855=EDGE_CURVE('',#3033,#2959,#2229,.T.);
#5857=EDGE_CURVE('',#3031,#3033,#2364,.T.);
#5870=EDGE_CURVE('',#3035,#2955,#2233,.T.);
#5872=EDGE_CURVE('',#3035,#3037,#2220,.T.);
#5874=EDGE_CURVE('',#3037,#3033,#2225,.T.);
#5906=EDGE_CURVE('',#3039,#2954,#2237,.T.);
#5908=EDGE_CURVE('',#3035,#3039,#2371,.T.);
#5940=EDGE_CURVE('',#3041,#2953,#2241,.T.);
#5942=EDGE_CURVE('',#3039,#3041,#2378,.T.);
#5974=EDGE_CURVE('',#3043,#2952,#2249,.T.);
#5976=EDGE_CURVE('',#3041,#3043,#2385,.T.);
#6008=EDGE_CURVE('',#2951,#3045,#2245,.T.);
#6010=EDGE_CURVE('',#3043,#3045,#2392,.T.);
#6022=EDGE_CURVE('',#3047,#2949,#2253,.T.);
#6024=EDGE_CURVE('',#3045,#3047,#2396,.T.);
#6056=EDGE_CURVE('',#3049,#2948,#2257,.T.);
#6058=EDGE_CURVE('',#3047,#3049,#2403,.T.);
#6090=EDGE_CURVE('',#3051,#2947,#2261,.T.);
#6092=EDGE_CURVE('',#3049,#3051,#2410,.T.);
#6126=EDGE_CURVE('',#3052,#2992,#2424,.T.);
#6128=EDGE_CURVE('',#3051,#3052,#2417,.T.);
#6211=EDGE_CURVE('',#2807,#2806,#2458,.T.);
#6231=(LENGTH_UNIT()NAMED_UNIT(*)SI_UNIT(.MILLI.,.METRE.));
#6233=(NAMED_UNIT(*)PLANE_ANGLE_UNIT()SI_UNIT($,.RADIAN.));
#6236=(NAMED_UNIT(*)SI_UNIT($,.STERADIAN.)SOLID_ANGLE_UNIT());
#6242=AXIS2_PLACEMENT_3D('',#6239,#6240,#6241);
#6243=ADVANCED_BREP_SHAPE_REPRESENTATION('',(#6242,#6230),#6238);
#6250=PRODUCT_DEFINITION('design','',#6249,#6246);
#6251=PRODUCT_DEFINITION_SHAPE('','SHAPE FOR MDM1803-A_97.',#6250);
#6252=SHAPE_DEFINITION_REPRESENTATION(#6251,#6243);
#6253=SHAPE_DEFINITION_REPRESENTATION(#6254,#6255);
#6254=PRODUCT_DEFINITION_SHAPE('','SHAPE FOR MDM1803-A_ASM_54_ASM.',#15821);
#6255=SHAPE_REPRESENTATION('',(#6266,#6261,#6404,#6399,#6417,#6412,#6430,#6425,
#6443,#6438,#6456,#6451,#6469,#6464,#8566,#8561,#8579,#8574,#8592,#8587,#15776,
#15771,#15789,#15784,#15802,#15797,#15816),#15812);
#6256=NEXT_ASSEMBLY_USAGE_OCCURRENCE('72','Next assembly relationship',
'MDM1803-A',#15821,#6250,$);
#6257=PRODUCT_DEFINITION_SHAPE('Placement #72',
'Placement of MDM1803-A_97 with respect to MDM1803-A_ASM_54_ASM',#6256);
#6266=AXIS2_PLACEMENT_3D('',#6263,#6264,#6265);
#6273=CIRCLE('',#6272,1.25E0);
#6278=CIRCLE('',#6277,3.05E0);
#6283=CIRCLE('',#6282,1.25E0);
#6288=CIRCLE('',#6287,5.55E0);
#6293=CIRCLE('',#6292,1.25E0);
#6298=CIRCLE('',#6297,3.05E0);
#6303=CIRCLE('',#6302,1.25E0);
#6308=CIRCLE('',#6307,5.55E0);
#6322=EDGE_CURVE('',#6311,#6312,#6273,.T.);
#6324=EDGE_CURVE('',#6314,#6312,#6308,.T.);
#6326=EDGE_CURVE('',#6316,#6314,#6283,.T.);
#6328=EDGE_CURVE('',#6316,#6311,#6278,.T.);
#6339=EDGE_CURVE('',#6316,#6311,#6298,.T.);
#6342=EDGE_CURVE('',#6314,#6312,#6288,.T.);
#6352=EDGE_CURVE('',#6312,#6311,#6303,.T.);
#6355=EDGE_CURVE('',#6314,#6316,#6293,.T.);
#6375=(LENGTH_UNIT()NAMED_UNIT(*)SI_UNIT(.MILLI.,.METRE.));
#6377=(NAMED_UNIT(*)PLANE_ANGLE_UNIT()SI_UNIT($,.RADIAN.));
#6380=(NAMED_UNIT(*)SI_UNIT($,.STERADIAN.)SOLID_ANGLE_UNIT());
#6386=AXIS2_PLACEMENT_3D('',#6383,#6384,#6385);
#6387=ADVANCED_BREP_SHAPE_REPRESENTATION('',(#6386,#6374),#6382);
#6391=PRODUCT_DEFINITION('design','',#6390,#6246);
#6392=PRODUCT_DEFINITION_SHAPE('','SHAPE FOR MFQ111_439_1_2_3_4_5.',#6391);
#6393=SHAPE_DEFINITION_REPRESENTATION(#6392,#6387);
#6394=NEXT_ASSEMBLY_USAGE_OCCURRENCE('73','Next assembly relationship','MFQ111',
#15821,#6391,$);
#6395=PRODUCT_DEFINITION_SHAPE('Placement #73',
'Placement of MFQ111_439_1_2_3_4_5 with respect to MDM1803-A_ASM_54_ASM',#6394);
#6404=AXIS2_PLACEMENT_3D('',#6401,#6402,#6403);
#6407=NEXT_ASSEMBLY_USAGE_OCCURRENCE('74','Next assembly relationship',
'MFQ111_439_1_2_3_4_5',#15821,#6391,$);
#6408=PRODUCT_DEFINITION_SHAPE('Placement #74',
'Placement of MFQ111_439_1_2_3_4_5 with respect to MDM1803-A_ASM_54_ASM',#6407);
#6417=AXIS2_PLACEMENT_3D('',#6414,#6415,#6416);
#6420=NEXT_ASSEMBLY_USAGE_OCCURRENCE('75','Next assembly relationship',
'MFQ111_439_1_2_3_4_5',#15821,#6391,$);
#6421=PRODUCT_DEFINITION_SHAPE('Placement #75',
'Placement of MFQ111_439_1_2_3_4_5 with respect to MDM1803-A_ASM_54_ASM',#6420);
#6430=AXIS2_PLACEMENT_3D('',#6427,#6428,#6429);
#6433=NEXT_ASSEMBLY_USAGE_OCCURRENCE('76','Next assembly relationship',
'MFQ111_439_1_2_3_4_5',#15821,#6391,$);
#6434=PRODUCT_DEFINITION_SHAPE('Placement #76',
'Placement of MFQ111_439_1_2_3_4_5 with respect to MDM1803-A_ASM_54_ASM',#6433);
#6443=AXIS2_PLACEMENT_3D('',#6440,#6441,#6442);
#6446=NEXT_ASSEMBLY_USAGE_OCCURRENCE('77','Next assembly relationship',
'MFQ111_439_1_2_3_4_5',#15821,#6391,$);
#6447=PRODUCT_DEFINITION_SHAPE('Placement #77',
'Placement of MFQ111_439_1_2_3_4_5 with respect to MDM1803-A_ASM_54_ASM',#6446);
#6456=AXIS2_PLACEMENT_3D('',#6453,#6454,#6455);
#6459=NEXT_ASSEMBLY_USAGE_OCCURRENCE('78','Next assembly relationship',
'MFQ111_439_1_2_3_4_5',#15821,#6391,$);
#6460=PRODUCT_DEFINITION_SHAPE('Placement #78',
'Placement of MFQ111_439_1_2_3_4_5 with respect to MDM1803-A_ASM_54_ASM',#6459);
#6469=AXIS2_PLACEMENT_3D('',#6466,#6467,#6468);
#6476=CIRCLE('',#6475,7.191510783756E0);
#6481=CIRCLE('',#6480,7.191510783756E0);
#6490=CIRCLE('',#6489,6.8E0);
#6499=CIRCLE('',#6498,5.6E0);
#6504=CIRCLE('',#6503,5.6E0);
#6513=CIRCLE('',#6512,6.8E0);
#6518=CIRCLE('',#6517,5.6E0);
#6523=CIRCLE('',#6522,6.8E0);
#6532=CIRCLE('',#6531,5.6E0);
#6545=CIRCLE('',#6544,4.800000642870E0);
#6550=CIRCLE('',#6549,4.800000642870E0);
#6555=CIRCLE('',#6554,7.691491908127E0);
#6560=CIRCLE('',#6559,7.691491908127E0);
#6565=CIRCLE('',#6564,5.E-1);
#6570=CIRCLE('',#6569,7.691491908127E0);
#6575=CIRCLE('',#6574,7.691491908127E0);
#6580=CIRCLE('',#6579,5.E-1);
#6585=CIRCLE('',#6584,7.751745373558E0);
#6602=CIRCLE('',#6601,7.697638793255E0);
#6607=CIRCLE('',#6606,7.751745373558E0);
#6624=CIRCLE('',#6623,7.697638793255E0);
#6629=CIRCLE('',#6628,7.752618060324E0);
#6634=CIRCLE('',#6633,7.752618060324E0);
#6639=CIRCLE('',#6638,7.65E0);
#6644=CIRCLE('',#6643,7.65E0);
#6649=CIRCLE('',#6648,7.65E0);
#6654=CIRCLE('',#6653,2.E-1);
#6659=CIRCLE('',#6658,7.449999981951E0);
#6664=CIRCLE('',#6663,7.449999981951E0);
#6669=CIRCLE('',#6668,6.8E0);
#6674=CIRCLE('',#6673,6.8E0);
#6679=CIRCLE('',#6678,7.65E0);
#6684=CIRCLE('',#6683,2.E-1);
#6729=CIRCLE('',#6728,6.E-1);
#6738=CIRCLE('',#6737,6.E-1);
#6751=CIRCLE('',#6750,5.564219842058E0);
#6760=CIRCLE('',#6759,5.584337331169E0);
#6765=CIRCLE('',#6764,5.584337331169E0);
#6770=CIRCLE('',#6769,5.584337331169E0);
#6775=CIRCLE('',#6774,6.184314485008E0);
#6784=CIRCLE('',#6783,6.2E0);
#6793=CIRCLE('',#6792,6.E-1);
#6802=CIRCLE('',#6801,6.E-1);
#6807=CIRCLE('',#6806,6.8E0);
#6816=CIRCLE('',#6815,6.E-1);
#6821=CIRCLE('',#6820,6.E-1);
#6826=CIRCLE('',#6825,5.589527758651E0);
#6835=CIRCLE('',#6834,5.564219842058E0);
#6844=CIRCLE('',#6843,6.E-1);
#6857=CIRCLE('',#6856,6.E-1);
#6862=CIRCLE('',#6861,6.184314485008E0);
#6871=CIRCLE('',#6870,6.2E0);
#6880=CIRCLE('',#6879,5.584337331169E0);
#6889=CIRCLE('',#6888,6.E-1);
#6894=CIRCLE('',#6893,6.E-1);
#6899=CIRCLE('',#6898,6.8E0);
#6924=CIRCLE('',#6923,6.2E0);
#6929=CIRCLE('',#6928,6.8E0);
#6934=CIRCLE('',#6933,6.8E0);
#6939=CIRCLE('',#6938,6.184314485008E0);
#6948=CIRCLE('',#6947,6.2E0);
#6953=CIRCLE('',#6952,5.584337331169E0);
#6958=CIRCLE('',#6957,6.E-1);
#6971=CIRCLE('',#6970,6.E-1);
#6976=CIRCLE('',#6975,6.8E0);
#6985=CIRCLE('',#6984,6.45E0);
#6998=CIRCLE('',#6997,6.8E0);
#7003=CIRCLE('',#7002,6.45E0);
#7020=CIRCLE('',#7019,5.560729094942E0);
#7025=CIRCLE('',#7024,5.560729094942E0);
#7030=CIRCLE('',#7029,5.560729094942E0);
#7035=CIRCLE('',#7034,5.560729094942E0);
#7040=CIRCLE('',#7039,5.E0);
#7045=CIRCLE('',#7044,5.E0);
#7058=CIRCLE('',#7057,4.175E0);
#7063=CIRCLE('',#7062,4.175E0);
#7068=CIRCLE('',#7067,3.925E0);
#7073=CIRCLE('',#7072,3.925E0);
#7086=CIRCLE('',#7085,3.925E0);
#7095=CIRCLE('',#7094,3.925E0);
#7104=CIRCLE('',#7103,6.8E0);
#7113=CIRCLE('',#7112,6.45E0);
#7126=CIRCLE('',#7125,6.8E0);
#7131=CIRCLE('',#7130,6.45E0);
#7148=CIRCLE('',#7147,6.8E0);
#7157=CIRCLE('',#7156,6.45E0);
#7170=CIRCLE('',#7169,6.8E0);
#7175=CIRCLE('',#7174,6.45E0);
#7515=EDGE_CURVE('',#7266,#7267,#6476,.T.);
#7517=EDGE_CURVE('',#7267,#7266,#6481,.T.);
#7521=EDGE_CURVE('',#7270,#7271,#6485,.T.);
#7523=EDGE_CURVE('',#7271,#7273,#6490,.T.);
#7525=EDGE_CURVE('',#7273,#7275,#6494,.T.);
#7527=EDGE_CURVE('',#7275,#7277,#6499,.T.);
#7529=EDGE_CURVE('',#7277,#7270,#6504,.T.);
#7533=EDGE_CURVE('',#7280,#7281,#6508,.T.);
#7535=EDGE_CURVE('',#7281,#7283,#6513,.T.);
#7537=EDGE_CURVE('',#7285,#7283,#6852,.T.);
#7539=EDGE_CURVE('',#7285,#7280,#6518,.T.);
#7543=EDGE_CURVE('',#7288,#7289,#6742,.T.);
#7545=EDGE_CURVE('',#7288,#7291,#6523,.T.);
#7547=EDGE_CURVE('',#7291,#7293,#6527,.T.);
#7549=EDGE_CURVE('',#7293,#7289,#6532,.T.);
#7553=EDGE_CURVE('',#7296,#7297,#7191,.T.);
#7555=EDGE_CURVE('',#7299,#7296,#7231,.T.);
#7557=EDGE_CURVE('',#7299,#7301,#6536,.T.);
#7559=EDGE_CURVE('',#7303,#7301,#7219,.T.);
#7561=EDGE_CURVE('',#7303,#7305,#6540,.T.);
#7563=EDGE_CURVE('',#7307,#7305,#7207,.T.);
#7565=EDGE_CURVE('',#7297,#7307,#7199,.T.);
#7569=EDGE_CURVE('',#7310,#7311,#6545,.T.);
#7571=EDGE_CURVE('',#7311,#7310,#6550,.T.);
#7582=EDGE_CURVE('',#7485,#7266,#6580,.T.);
#7584=EDGE_CURVE('',#7485,#7495,#6555,.T.);
#7586=EDGE_CURVE('',#7495,#7489,#6560,.T.);
#7588=EDGE_CURVE('',#7489,#7267,#6565,.T.);
#7600=EDGE_CURVE('',#7489,#7487,#6570,.T.);
#7602=EDGE_CURVE('',#7487,#7485,#6575,.T.);
#7613=EDGE_CURVE('',#7474,#7475,#6585,.T.);
#7615=EDGE_CURVE('',#7475,#7471,#6589,.T.);
#7617=EDGE_CURVE('',#7470,#7471,#6629,.T.);
#7619=EDGE_CURVE('',#7477,#7470,#6611,.T.);
#7621=EDGE_CURVE('',#7479,#7477,#6607,.T.);
#7623=EDGE_CURVE('',#7479,#7481,#6593,.T.);
#7625=EDGE_CURVE('',#7483,#7481,#6624,.T.);
#7627=EDGE_CURVE('',#7483,#7485,#6597,.T.);
#7631=EDGE_CURVE('',#7491,#7489,#6619,.T.);
#7633=EDGE_CURVE('',#7491,#7493,#6602,.T.);
#7635=EDGE_CURVE('',#7474,#7493,#6615,.T.);
#7647=EDGE_CURVE('',#7471,#7470,#6634,.T.);
#7671=EDGE_CURVE('',#7464,#7465,#6639,.T.);
#7673=EDGE_CURVE('',#7461,#7465,#6649,.T.);
#7675=EDGE_CURVE('',#7461,#7467,#6644,.T.);
#7677=EDGE_CURVE('',#7464,#7467,#6679,.T.);
#7687=EDGE_CURVE('',#7458,#7459,#6659,.T.);
#7689=EDGE_CURVE('',#7461,#7458,#6684,.T.);
#7693=EDGE_CURVE('',#7464,#7459,#6654,.T.);
#7704=EDGE_CURVE('',#7459,#7458,#6664,.T.);
#7708=EDGE_CURVE('',#7403,#7405,#6669,.T.);
#7710=EDGE_CURVE('',#7405,#7403,#6674,.T.);
#7733=EDGE_CURVE('',#7288,#7397,#6688,.T.);
#7735=EDGE_CURVE('',#7405,#7397,#6911,.T.);
#7738=EDGE_CURVE('',#7403,#7401,#6692,.T.);
#7740=EDGE_CURVE('',#7401,#7283,#6696,.T.);
#7743=EDGE_CURVE('',#7281,#7423,#6700,.T.);
#7745=EDGE_CURVE('',#7371,#7423,#6807,.T.);
#7747=EDGE_CURVE('',#7371,#7291,#6704,.T.);
#7752=EDGE_CURVE('',#7426,#7427,#7104,.T.);
#7754=EDGE_CURVE('',#7426,#7429,#6708,.T.);
#7756=EDGE_CURVE('',#7431,#7429,#7126,.T.);
#7758=EDGE_CURVE('',#7431,#7427,#6712,.T.);
#7762=EDGE_CURVE('',#7434,#7435,#7148,.T.);
#7764=EDGE_CURVE('',#7434,#7437,#6716,.T.);
#7766=EDGE_CURVE('',#7439,#7437,#7170,.T.);
#7768=EDGE_CURVE('',#7439,#7435,#6720,.T.);
#7778=EDGE_CURVE('',#7289,#7377,#6724,.T.);
#7780=EDGE_CURVE('',#7377,#7362,#6729,.T.);
#7782=EDGE_CURVE('',#7362,#7369,#6733,.T.);
#7784=EDGE_CURVE('',#7369,#7397,#6738,.T.);
#7796=EDGE_CURVE('',#7325,#7351,#6770,.T.);
#7798=EDGE_CURVE('',#7345,#7325,#6839,.T.);
#7800=EDGE_CURVE('',#7343,#7345,#6835,.T.);
#7802=EDGE_CURVE('',#7343,#7341,#6746,.T.);
#7804=EDGE_CURVE('',#7373,#7341,#7035,.T.);
#7806=EDGE_CURVE('',#7337,#7373,#7030,.T.);
#7808=EDGE_CURVE('',#7335,#7337,#6830,.T.);
#7810=EDGE_CURVE('',#7335,#7333,#6751,.T.);
#7812=EDGE_CURVE('',#7333,#7331,#6755,.T.);
#7814=EDGE_CURVE('',#7329,#7331,#6826,.T.);
#7816=EDGE_CURVE('',#7375,#7329,#6962,.T.);
#7818=EDGE_CURVE('',#7377,#7375,#6953,.T.);
#7822=EDGE_CURVE('',#7351,#7293,#6797,.T.);
#7832=EDGE_CURVE('',#7348,#7349,#6775,.T.);
#7834=EDGE_CURVE('',#7322,#7348,#6816,.T.);
#7836=EDGE_CURVE('',#7322,#7323,#6760,.T.);
#7838=EDGE_CURVE('',#7323,#7325,#6765,.T.);
#7841=EDGE_CURVE('',#7349,#7351,#6793,.T.);
#7852=EDGE_CURVE('',#7349,#7353,#6779,.T.);
#7854=EDGE_CURVE('',#7353,#7355,#6784,.T.);
#7856=EDGE_CURVE('',#7355,#7348,#6788,.T.);
#7871=EDGE_CURVE('',#7371,#7353,#6802,.T.);
#7882=EDGE_CURVE('',#7355,#7423,#6821,.T.);
#7894=EDGE_CURVE('',#7280,#7322,#6811,.T.);
#7913=EDGE_CURVE('',#7327,#7285,#6848,.T.);
#7915=EDGE_CURVE('',#7313,#7327,#6880,.T.);
#7917=EDGE_CURVE('',#7270,#7313,#6884,.T.);
#7921=EDGE_CURVE('',#7329,#7275,#6966,.T.);
#7927=EDGE_CURVE('',#7339,#7337,#7025,.T.);
#7929=EDGE_CURVE('',#7341,#7339,#7020,.T.);
#7942=EDGE_CURVE('',#7357,#7359,#6866,.T.);
#7944=EDGE_CURVE('',#7357,#7327,#6844,.T.);
#7949=EDGE_CURVE('',#7401,#7359,#6857,.T.);
#7959=EDGE_CURVE('',#7315,#7357,#6862,.T.);
#7962=EDGE_CURVE('',#7359,#7317,#6871,.T.);
#7964=EDGE_CURVE('',#7317,#7315,#6875,.T.);
#7975=EDGE_CURVE('',#7313,#7315,#6889,.T.);
#7990=EDGE_CURVE('',#7317,#7319,#6894,.T.);
#7992=EDGE_CURVE('',#7271,#7319,#6907,.T.);
#8005=EDGE_CURVE('',#7401,#7319,#6899,.T.);
#8016=EDGE_CURVE('',#7399,#7397,#6934,.T.);
#8018=EDGE_CURVE('',#7395,#7399,#6929,.T.);
#8020=EDGE_CURVE('',#7395,#7273,#6903,.T.);
#8030=EDGE_CURVE('',#7408,#7409,#6976,.T.);
#8032=EDGE_CURVE('',#7408,#7411,#6915,.T.);
#8034=EDGE_CURVE('',#7413,#7411,#6998,.T.);
#8036=EDGE_CURVE('',#7413,#7409,#6919,.T.);
#8046=EDGE_CURVE('',#7369,#7367,#6924,.T.);
#8048=EDGE_CURVE('',#7365,#7367,#6948,.T.);
#8050=EDGE_CURVE('',#7395,#7365,#6971,.T.);
#8063=EDGE_CURVE('',#7362,#7363,#6939,.T.);
#8065=EDGE_CURVE('',#7363,#7365,#6943,.T.);
#8081=EDGE_CURVE('',#7363,#7375,#6958,.T.);
#8107=EDGE_CURVE('',#7409,#7415,#6980,.T.);
#8109=EDGE_CURVE('',#7415,#7417,#6985,.T.);
#8111=EDGE_CURVE('',#7417,#7408,#6989,.T.);
#8122=EDGE_CURVE('',#7413,#7419,#6993,.T.);
#8124=EDGE_CURVE('',#7415,#7419,#7011,.T.);
#8136=EDGE_CURVE('',#7421,#7411,#7007,.T.);
#8138=EDGE_CURVE('',#7421,#7419,#7003,.T.);
#8151=EDGE_CURVE('',#7421,#7417,#7015,.T.);
#8180=EDGE_CURVE('',#7380,#7381,#7040,.T.);
#8182=EDGE_CURVE('',#7381,#7380,#7045,.T.);
#8193=EDGE_CURVE('',#7383,#7380,#7053,.T.);
#8195=EDGE_CURVE('',#7385,#7383,#7063,.T.);
#8197=EDGE_CURVE('',#7385,#7381,#7049,.T.);
#8209=EDGE_CURVE('',#7383,#7385,#7058,.T.);
#8224=EDGE_CURVE('',#7388,#7389,#7068,.T.);
#8226=EDGE_CURVE('',#7389,#7388,#7073,.T.);
#8237=EDGE_CURVE('',#7388,#7391,#7077,.T.);
#8239=EDGE_CURVE('',#7393,#7391,#7095,.T.);
#8241=EDGE_CURVE('',#7389,#7393,#7081,.T.);
#8253=EDGE_CURVE('',#7391,#7393,#7086,.T.);
#8265=EDGE_CURVE('',#7391,#7311,#7099,.T.);
#8268=EDGE_CURVE('',#7393,#7310,#7090,.T.);
#8291=EDGE_CURVE('',#7427,#7441,#7108,.T.);
#8293=EDGE_CURVE('',#7441,#7443,#7113,.T.);
#8295=EDGE_CURVE('',#7443,#7426,#7117,.T.);
#8306=EDGE_CURVE('',#7431,#7445,#7121,.T.);
#8308=EDGE_CURVE('',#7441,#7445,#7139,.T.);
#8320=EDGE_CURVE('',#7447,#7429,#7135,.T.);
#8322=EDGE_CURVE('',#7447,#7445,#7131,.T.);
#8335=EDGE_CURVE('',#7447,#7443,#7143,.T.);
#8359=EDGE_CURVE('',#7435,#7449,#7152,.T.);
#8361=EDGE_CURVE('',#7449,#7451,#7157,.T.);
#8363=EDGE_CURVE('',#7451,#7434,#7161,.T.);
#8374=EDGE_CURVE('',#7439,#7453,#7165,.T.);
#8376=EDGE_CURVE('',#7449,#7453,#7183,.T.);
#8388=EDGE_CURVE('',#7455,#7437,#7179,.T.);
#8390=EDGE_CURVE('',#7455,#7453,#7175,.T.);
#8403=EDGE_CURVE('',#7455,#7451,#7187,.T.);
#8427=EDGE_CURVE('',#7497,#7297,#7203,.T.);
#8429=EDGE_CURVE('',#7499,#7497,#7239,.T.);
#8431=EDGE_CURVE('',#7499,#7296,#7195,.T.);
#8442=EDGE_CURVE('',#7501,#7307,#7211,.T.);
#8444=EDGE_CURVE('',#7497,#7501,#7243,.T.);
#8456=EDGE_CURVE('',#7503,#7305,#7215,.T.);
#8458=EDGE_CURVE('',#7501,#7503,#7247,.T.);
#8470=EDGE_CURVE('',#7505,#7303,#7223,.T.);
#8472=EDGE_CURVE('',#7503,#7505,#7251,.T.);
#8484=EDGE_CURVE('',#7507,#7301,#7227,.T.);
#8486=EDGE_CURVE('',#7505,#7507,#7255,.T.);
#8498=EDGE_CURVE('',#7509,#7299,#7235,.T.);
#8500=EDGE_CURVE('',#7507,#7509,#7259,.T.);
#8513=EDGE_CURVE('',#7509,#7499,#7263,.T.);
#8536=(LENGTH_UNIT()NAMED_UNIT(*)SI_UNIT(.MILLI.,.METRE.));
#8538=(NAMED_UNIT(*)PLANE_ANGLE_UNIT()SI_UNIT($,.RADIAN.));
#8541=(NAMED_UNIT(*)SI_UNIT($,.STERADIAN.)SOLID_ANGLE_UNIT());
#8547=AXIS2_PLACEMENT_3D('',#8544,#8545,#8546);
#8548=ADVANCED_BREP_SHAPE_REPRESENTATION('',(#8547,#8535),#8543);
#8553=PRODUCT_DEFINITION('design','',#8552,#8549);
#8554=PRODUCT_DEFINITION_SHAPE('','SHAPE FOR KSKM_174_1_2_3_4_5.',#8553);
#8555=SHAPE_DEFINITION_REPRESENTATION(#8554,#8548);
#8556=NEXT_ASSEMBLY_USAGE_OCCURRENCE('79','Next assembly relationship','KSKM',
#15821,#8553,$);
#8557=PRODUCT_DEFINITION_SHAPE('Placement #79',
'Placement of KSKM_174_1_2_3_4_5 with respect to MDM1803-A_ASM_54_ASM',#8556);
#8566=AXIS2_PLACEMENT_3D('',#8563,#8564,#8565);
#8569=NEXT_ASSEMBLY_USAGE_OCCURRENCE('80','Next assembly relationship',
'KSKM_174_1_2_3_4_5',#15821,#8553,$);
#8570=PRODUCT_DEFINITION_SHAPE('Placement #80',
'Placement of KSKM_174_1_2_3_4_5 with respect to MDM1803-A_ASM_54_ASM',#8569);
#8579=AXIS2_PLACEMENT_3D('',#8576,#8577,#8578);
#8582=NEXT_ASSEMBLY_USAGE_OCCURRENCE('81','Next assembly relationship',
'KSKM_174_1_2_3_4_5',#15821,#8553,$);
#8583=PRODUCT_DEFINITION_SHAPE('Placement #81',
'Placement of KSKM_174_1_2_3_4_5 with respect to MDM1803-A_ASM_54_ASM',#8582);
#8592=AXIS2_PLACEMENT_3D('',#8589,#8590,#8591);
#8601=B_SPLINE_CURVE_WITH_KNOTS('',3,(#8595,#8596,#8597,#8598,#8599,#8600),
.UNSPECIFIED.,.F.,.F.,(4,1,1,4),(0.E0,3.333333333333E-1,6.666666666667E-1,1.E0),
.UNSPECIFIED.);
#8608=B_SPLINE_CURVE_WITH_KNOTS('',3,(#8602,#8603,#8604,#8605,#8606,#8607),
.UNSPECIFIED.,.F.,.F.,(4,1,1,4),(0.E0,3.333333333333E-1,6.666666666667E-1,1.E0),
.UNSPECIFIED.);
#8615=B_SPLINE_CURVE_WITH_KNOTS('',3,(#8609,#8610,#8611,#8612,#8613,#8614),
.UNSPECIFIED.,.F.,.F.,(4,1,1,4),(0.E0,3.333333333333E-1,6.666666666667E-1,1.E0),
.UNSPECIFIED.);
#8620=B_SPLINE_CURVE_WITH_KNOTS('',3,(#8616,#8617,#8618,#8619),.UNSPECIFIED.,
.F.,.F.,(4,4),(0.E0,1.E0),.UNSPECIFIED.);
#8627=B_SPLINE_CURVE_WITH_KNOTS('',3,(#8621,#8622,#8623,#8624,#8625,#8626),
.UNSPECIFIED.,.F.,.F.,(4,1,1,4),(0.E0,3.333333333333E-1,6.666666666667E-1,1.E0),
.UNSPECIFIED.);
#8636=CIRCLE('',#8635,3.45E0);
#8641=CIRCLE('',#8640,3.45E0);
#8650=CIRCLE('',#8649,3.897686861879E0);
#8657=B_SPLINE_CURVE_WITH_KNOTS('',3,(#8651,#8652,#8653,#8654,#8655,#8656),
.UNSPECIFIED.,.F.,.F.,(4,1,1,4),(0.E0,3.333333333333E-1,6.666666666667E-1,1.E0),
.UNSPECIFIED.);
#8662=B_SPLINE_CURVE_WITH_KNOTS('',3,(#8658,#8659,#8660,#8661),.UNSPECIFIED.,
.F.,.F.,(4,4),(0.E0,1.E0),.UNSPECIFIED.);
#8667=CIRCLE('',#8666,4.081753045571E0);
#8674=B_SPLINE_CURVE_WITH_KNOTS('',3,(#8668,#8669,#8670,#8671,#8672,#8673),
.UNSPECIFIED.,.F.,.F.,(4,1,1,4),(0.E0,3.333333333333E-1,6.666666666667E-1,1.E0),
.UNSPECIFIED.);
#8679=CIRCLE('',#8678,4.54E0);
#8686=B_SPLINE_CURVE_WITH_KNOTS('',3,(#8680,#8681,#8682,#8683,#8684,#8685),
.UNSPECIFIED.,.F.,.F.,(4,1,1,4),(0.E0,3.333333333333E-1,6.666666666667E-1,1.E0),
.UNSPECIFIED.);
#8691=B_SPLINE_CURVE_WITH_KNOTS('',3,(#8687,#8688,#8689,#8690),.UNSPECIFIED.,
.F.,.F.,(4,4),(0.E0,1.E0),.UNSPECIFIED.);
#8696=B_SPLINE_CURVE_WITH_KNOTS('',3,(#8692,#8693,#8694,#8695),.UNSPECIFIED.,
.F.,.F.,(4,4),(0.E0,1.E0),.UNSPECIFIED.);
#8705=CIRCLE('',#8704,4.54E0);
#8714=CIRCLE('',#8713,3.8E0);
#8719=CIRCLE('',#8718,3.8E0);
#8730=B_SPLINE_CURVE_WITH_KNOTS('',3,(#8720,#8721,#8722,#8723,#8724,#8725,#8726,
#8727,#8728,#8729),.UNSPECIFIED.,.F.,.F.,(4,1,1,1,1,1,1,4),(0.E0,
1.428571428571E-1,2.857142857143E-1,4.285714285714E-1,5.714285714286E-1,
7.142857142857E-1,8.571428571429E-1,1.E0),.UNSPECIFIED.);
#8737=B_SPLINE_CURVE_WITH_KNOTS('',3,(#8731,#8732,#8733,#8734,#8735,#8736),
.UNSPECIFIED.,.F.,.F.,(4,1,1,4),(0.E0,2.945704908131E-1,8.146267183926E-1,1.E0),
.UNSPECIFIED.);
#8744=B_SPLINE_CURVE_WITH_KNOTS('',3,(#8738,#8739,#8740,#8741,#8742,#8743),
.UNSPECIFIED.,.F.,.F.,(4,1,1,4),(0.E0,1.853732816055E-1,7.054295091862E-1,1.E0),
.UNSPECIFIED.);
#8755=B_SPLINE_CURVE_WITH_KNOTS('',3,(#8745,#8746,#8747,#8748,#8749,#8750,#8751,
#8752,#8753,#8754),.UNSPECIFIED.,.F.,.F.,(4,1,1,1,1,1,1,4),(0.E0,
1.428571428571E-1,2.857142857143E-1,4.285714285714E-1,5.714285714286E-1,
7.142857142857E-1,8.571428571429E-1,1.E0),.UNSPECIFIED.);
#8763=B_SPLINE_CURVE_WITH_KNOTS('',3,(#8756,#8757,#8758,#8759,#8760,#8761,
#8762),.UNSPECIFIED.,.F.,.F.,(4,1,1,1,4),(0.E0,2.5E-1,5.E-1,7.5E-1,1.E0),
.UNSPECIFIED.);
#8768=B_SPLINE_CURVE_WITH_KNOTS('',3,(#8764,#8765,#8766,#8767),.UNSPECIFIED.,
.F.,.F.,(4,4),(0.E0,1.E0),.UNSPECIFIED.);
#8777=B_SPLINE_CURVE_WITH_KNOTS('',3,(#8773,#8774,#8775,#8776),.UNSPECIFIED.,
.F.,.F.,(4,4),(0.E0,1.E0),.UNSPECIFIED.);
#8785=B_SPLINE_CURVE_WITH_KNOTS('',3,(#8778,#8779,#8780,#8781,#8782,#8783,
#8784),.UNSPECIFIED.,.F.,.F.,(4,1,1,1,4),(0.E0,2.5E-1,5.E-1,7.5E-1,1.E0),
.UNSPECIFIED.);
#8794=CIRCLE('',#8793,3.821333333334E0);
#8803=B_SPLINE_CURVE_WITH_KNOTS('',3,(#8799,#8800,#8801,#8802),.UNSPECIFIED.,
.F.,.F.,(4,4),(0.E0,1.E0),.UNSPECIFIED.);
#8811=B_SPLINE_CURVE_WITH_KNOTS('',3,(#8804,#8805,#8806,#8807,#8808,#8809,
#8810),.UNSPECIFIED.,.F.,.F.,(4,1,1,1,4),(0.E0,2.5E-1,5.E-1,7.5E-1,1.E0),
.UNSPECIFIED.);
#8819=B_SPLINE_CURVE_WITH_KNOTS('',3,(#8812,#8813,#8814,#8815,#8816,#8817,
#8818),.UNSPECIFIED.,.F.,.F.,(4,1,1,1,4),(0.E0,2.5E-1,5.E-1,7.5E-1,1.E0),
.UNSPECIFIED.);
#8826=B_SPLINE_CURVE_WITH_KNOTS('',3,(#8820,#8821,#8822,#8823,#8824,#8825),
.UNSPECIFIED.,.F.,.F.,(4,1,1,4),(0.E0,3.333333333333E-1,6.666666666667E-1,1.E0),
.UNSPECIFIED.);
#8831=B_SPLINE_CURVE_WITH_KNOTS('',3,(#8827,#8828,#8829,#8830),.UNSPECIFIED.,
.F.,.F.,(4,4),(0.E0,1.E0),.UNSPECIFIED.);
#8836=B_SPLINE_CURVE_WITH_KNOTS('',3,(#8832,#8833,#8834,#8835),.UNSPECIFIED.,
.F.,.F.,(4,4),(0.E0,1.E0),.UNSPECIFIED.);
#8843=B_SPLINE_CURVE_WITH_KNOTS('',3,(#8837,#8838,#8839,#8840,#8841,#8842),
.UNSPECIFIED.,.F.,.F.,(4,1,1,4),(0.E0,3.333333333333E-1,6.666666666667E-1,1.E0),
.UNSPECIFIED.);
#8854=B_SPLINE_CURVE_WITH_KNOTS('',3,(#8844,#8845,#8846,#8847,#8848,#8849,#8850,
#8851,#8852,#8853),.UNSPECIFIED.,.F.,.F.,(4,1,1,1,1,1,1,4),(0.E0,
1.428571428571E-1,2.857142857143E-1,4.285714285714E-1,5.714285714286E-1,
7.142857142857E-1,8.571428571429E-1,1.E0),.UNSPECIFIED.);
#8862=B_SPLINE_CURVE_WITH_KNOTS('',3,(#8855,#8856,#8857,#8858,#8859,#8860,
#8861),.UNSPECIFIED.,.F.,.F.,(4,1,1,1,4),(0.E0,2.5E-1,5.E-1,7.5E-1,1.E0),
.UNSPECIFIED.);
#8867=B_SPLINE_CURVE_WITH_KNOTS('',3,(#8863,#8864,#8865,#8866),.UNSPECIFIED.,
.F.,.F.,(4,4),(0.E0,1.E0),.UNSPECIFIED.);
#8878=B_SPLINE_CURVE_WITH_KNOTS('',3,(#8872,#8873,#8874,#8875,#8876,#8877),
.UNSPECIFIED.,.F.,.F.,(4,1,1,4),(0.E0,3.333333333333E-1,6.666666666667E-1,1.E0),
.UNSPECIFIED.);
#8883=B_SPLINE_CURVE_WITH_KNOTS('',3,(#8879,#8880,#8881,#8882),.UNSPECIFIED.,
.F.,.F.,(4,4),(0.E0,1.E0),.UNSPECIFIED.);
#8892=CIRCLE('',#8891,3.45E0);
#8897=CIRCLE('',#8896,3.45E0);
#8906=CIRCLE('',#8905,3.897686861879E0);
#8911=CIRCLE('',#8910,3.269977249568E0);
#8918=B_SPLINE_CURVE_WITH_KNOTS('',3,(#8912,#8913,#8914,#8915,#8916,#8917),
.UNSPECIFIED.,.F.,.F.,(4,1,1,4),(0.E0,3.333333333333E-1,6.666666666667E-1,1.E0),
.UNSPECIFIED.);
#8925=B_SPLINE_CURVE_WITH_KNOTS('',3,(#8919,#8920,#8921,#8922,#8923,#8924),
.UNSPECIFIED.,.F.,.F.,(4,1,1,4),(0.E0,3.333333333333E-1,6.666666666667E-1,1.E0),
.UNSPECIFIED.);
#8930=B_SPLINE_CURVE_WITH_KNOTS('',3,(#8926,#8927,#8928,#8929),.UNSPECIFIED.,
.F.,.F.,(4,4),(0.E0,1.E0),.UNSPECIFIED.);
#8937=B_SPLINE_CURVE_WITH_KNOTS('',3,(#8931,#8932,#8933,#8934,#8935,#8936),
.UNSPECIFIED.,.F.,.F.,(4,1,1,4),(0.E0,3.333333333333E-1,6.666666666667E-1,1.E0),
.UNSPECIFIED.);
#8944=B_SPLINE_CURVE_WITH_KNOTS('',3,(#8938,#8939,#8940,#8941,#8942,#8943),
.UNSPECIFIED.,.F.,.F.,(4,1,1,4),(0.E0,3.333333333333E-1,6.666666666667E-1,1.E0),
.UNSPECIFIED.);
#8955=B_SPLINE_CURVE_WITH_KNOTS('',3,(#8945,#8946,#8947,#8948,#8949,#8950,#8951,
#8952,#8953,#8954),.UNSPECIFIED.,.F.,.F.,(4,1,1,1,1,1,1,4),(0.E0,
1.428571428571E-1,2.857142857143E-1,4.285714285714E-1,5.714285714286E-1,
7.142857142857E-1,8.571428571429E-1,1.E0),.UNSPECIFIED.);
#8963=B_SPLINE_CURVE_WITH_KNOTS('',3,(#8956,#8957,#8958,#8959,#8960,#8961,
#8962),.UNSPECIFIED.,.F.,.F.,(4,1,1,1,4),(0.E0,2.5E-1,5.E-1,7.5E-1,1.E0),
.UNSPECIFIED.);
#8968=B_SPLINE_CURVE_WITH_KNOTS('',3,(#8964,#8965,#8966,#8967),.UNSPECIFIED.,
.F.,.F.,(4,4),(0.E0,1.E0),.UNSPECIFIED.);
#8973=CIRCLE('',#8972,3.27E0);
#8982=CIRCLE('',#8981,3.27E0);
#8987=B_SPLINE_CURVE_WITH_KNOTS('',3,(#8983,#8984,#8985,#8986),.UNSPECIFIED.,
.F.,.F.,(4,4),(0.E0,1.E0),.UNSPECIFIED.);
#8995=B_SPLINE_CURVE_WITH_KNOTS('',3,(#8988,#8989,#8990,#8991,#8992,#8993,
#8994),.UNSPECIFIED.,.F.,.F.,(4,1,1,1,4),(0.E0,2.5E-1,5.E-1,7.5E-1,1.E0),
.UNSPECIFIED.);
#9003=B_SPLINE_CURVE_WITH_KNOTS('',3,(#8996,#8997,#8998,#8999,#9000,#9001,
#9002),.UNSPECIFIED.,.F.,.F.,(4,1,1,1,4),(0.E0,2.5E-1,5.E-1,7.5E-1,1.E0),
.UNSPECIFIED.);
#9010=B_SPLINE_CURVE_WITH_KNOTS('',3,(#9004,#9005,#9006,#9007,#9008,#9009),
.UNSPECIFIED.,.F.,.F.,(4,1,1,4),(0.E0,3.333333333333E-1,6.666666666667E-1,1.E0),
.UNSPECIFIED.);
#9015=B_SPLINE_CURVE_WITH_KNOTS('',3,(#9011,#9012,#9013,#9014),.UNSPECIFIED.,
.F.,.F.,(4,4),(0.E0,1.E0),.UNSPECIFIED.);
#9020=CIRCLE('',#9019,3.27E0);
#9025=CIRCLE('',#9024,3.27E0);
#9030=B_SPLINE_CURVE_WITH_KNOTS('',3,(#9026,#9027,#9028,#9029),.UNSPECIFIED.,
.F.,.F.,(4,4),(0.E0,1.E0),.UNSPECIFIED.);
#9041=B_SPLINE_CURVE_WITH_KNOTS('',3,(#9035,#9036,#9037,#9038,#9039,#9040),
.UNSPECIFIED.,.F.,.F.,(4,1,1,4),(0.E0,3.333333333333E-1,6.666666666667E-1,1.E0),
.UNSPECIFIED.);
#9048=B_SPLINE_CURVE_WITH_KNOTS('',3,(#9042,#9043,#9044,#9045,#9046,#9047),
.UNSPECIFIED.,.F.,.F.,(4,1,1,4),(0.E0,1.853732180516E-1,7.054294862050E-1,1.E0),
.UNSPECIFIED.);
#9059=B_SPLINE_CURVE_WITH_KNOTS('',3,(#9049,#9050,#9051,#9052,#9053,#9054,#9055,
#9056,#9057,#9058),.UNSPECIFIED.,.F.,.F.,(4,1,1,1,1,1,1,4),(0.E0,
1.428571428571E-1,2.857142857143E-1,4.285714285714E-1,5.714285714286E-1,
7.142857142857E-1,8.571428571429E-1,1.E0),.UNSPECIFIED.);
#9067=B_SPLINE_CURVE_WITH_KNOTS('',3,(#9060,#9061,#9062,#9063,#9064,#9065,
#9066),.UNSPECIFIED.,.F.,.F.,(4,1,1,1,4),(0.E0,2.5E-1,5.E-1,7.5E-1,1.E0),
.UNSPECIFIED.);
#9072=B_SPLINE_CURVE_WITH_KNOTS('',3,(#9068,#9069,#9070,#9071),.UNSPECIFIED.,
.F.,.F.,(4,4),(0.E0,1.E0),.UNSPECIFIED.);
#9081=B_SPLINE_CURVE_WITH_KNOTS('',3,(#9077,#9078,#9079,#9080),.UNSPECIFIED.,
.F.,.F.,(4,4),(0.E0,1.E0),.UNSPECIFIED.);
#9089=B_SPLINE_CURVE_WITH_KNOTS('',3,(#9082,#9083,#9084,#9085,#9086,#9087,
#9088),.UNSPECIFIED.,.F.,.F.,(4,1,1,1,4),(0.E0,2.5E-1,5.E-1,7.5E-1,1.E0),
.UNSPECIFIED.);
#9100=B_SPLINE_CURVE_WITH_KNOTS('',3,(#9090,#9091,#9092,#9093,#9094,#9095,#9096,
#9097,#9098,#9099),.UNSPECIFIED.,.F.,.F.,(4,1,1,1,1,1,1,4),(0.E0,
1.428571428571E-1,2.857142857143E-1,4.285714285714E-1,5.714285714286E-1,
7.142857142857E-1,8.571428571429E-1,1.E0),.UNSPECIFIED.);
#9107=B_SPLINE_CURVE_WITH_KNOTS('',3,(#9101,#9102,#9103,#9104,#9105,#9106),
.UNSPECIFIED.,.F.,.F.,(4,1,1,4),(0.E0,2.945705137950E-1,8.146267819484E-1,1.E0),
.UNSPECIFIED.);
#9122=B_SPLINE_CURVE_WITH_KNOTS('',3,(#9116,#9117,#9118,#9119,#9120,#9121),
.UNSPECIFIED.,.F.,.F.,(4,1,1,4),(0.E0,3.333333333333E-1,6.666666666667E-1,1.E0),
.UNSPECIFIED.);
#9127=CIRCLE('',#9126,3.821333333334E0);
#9148=CIRCLE('',#9147,4.54E0);
#9153=CIRCLE('',#9152,4.54E0);
#9162=CIRCLE('',#9161,3.8E0);
#9173=B_SPLINE_CURVE_WITH_KNOTS('',3,(#9167,#9168,#9169,#9170,#9171,#9172),
.UNSPECIFIED.,.F.,.F.,(4,1,1,4),(0.E0,3.333333333333E-1,6.666666666667E-1,1.E0),
.UNSPECIFIED.);
#9178=B_SPLINE_CURVE_WITH_KNOTS('',3,(#9174,#9175,#9176,#9177),.UNSPECIFIED.,
.F.,.F.,(4,4),(0.E0,1.E0),.UNSPECIFIED.);
#9187=CIRCLE('',#9186,3.897686861879E0);
#9196=CIRCLE('',#9195,3.45E0);
#9201=B_SPLINE_CURVE_WITH_KNOTS('',3,(#9197,#9198,#9199,#9200),.UNSPECIFIED.,
.F.,.F.,(4,4),(0.E0,1.E0),.UNSPECIFIED.);
#9208=B_SPLINE_CURVE_WITH_KNOTS('',3,(#9202,#9203,#9204,#9205,#9206,#9207),
.UNSPECIFIED.,.F.,.F.,(4,1,1,4),(0.E0,3.333333333333E-1,6.666666666667E-1,1.E0),
.UNSPECIFIED.);
#9215=B_SPLINE_CURVE_WITH_KNOTS('',3,(#9209,#9210,#9211,#9212,#9213,#9214),
.UNSPECIFIED.,.F.,.F.,(4,1,1,4),(0.E0,3.333333333333E-1,6.666666666667E-1,1.E0),
.UNSPECIFIED.);
#9222=B_SPLINE_CURVE_WITH_KNOTS('',3,(#9216,#9217,#9218,#9219,#9220,#9221),
.UNSPECIFIED.,.F.,.F.,(4,1,1,4),(0.E0,3.333333333333E-1,6.666666666667E-1,1.E0),
.UNSPECIFIED.);
#9228=B_SPLINE_CURVE_WITH_KNOTS('',3,(#9223,#9224,#9225,#9226,#9227),
.UNSPECIFIED.,.F.,.F.,(4,1,4),(0.E0,4.009993048369E-1,1.E0),.UNSPECIFIED.);
#9233=CIRCLE('',#9232,3.27E0);
#9240=B_SPLINE_CURVE_WITH_KNOTS('',3,(#9234,#9235,#9236,#9237,#9238,#9239),
.UNSPECIFIED.,.F.,.F.,(4,1,1,4),(0.E0,3.333333333333E-1,6.666666666667E-1,1.E0),
.UNSPECIFIED.);
#9247=B_SPLINE_CURVE_WITH_KNOTS('',3,(#9241,#9242,#9243,#9244,#9245,#9246),
.UNSPECIFIED.,.F.,.F.,(4,1,1,4),(0.E0,3.333333333333E-1,6.666666666667E-1,1.E0),
.UNSPECIFIED.);
#9254=B_SPLINE_CURVE_WITH_KNOTS('',3,(#9248,#9249,#9250,#9251,#9252,#9253),
.UNSPECIFIED.,.F.,.F.,(4,1,1,4),(0.E0,3.333333333333E-1,6.666666666667E-1,1.E0),
.UNSPECIFIED.);
#9260=B_SPLINE_CURVE_WITH_KNOTS('',3,(#9255,#9256,#9257,#9258,#9259),
.UNSPECIFIED.,.F.,.F.,(4,1,4),(0.E0,5.990006949209E-1,1.E0),.UNSPECIFIED.);
#9265=CIRCLE('',#9264,3.295405711908E0);
#9272=B_SPLINE_CURVE_WITH_KNOTS('',3,(#9266,#9267,#9268,#9269,#9270,#9271),
.UNSPECIFIED.,.F.,.F.,(4,1,1,4),(0.E0,3.333333333333E-1,6.666666666667E-1,1.E0),
.UNSPECIFIED.);
#9279=B_SPLINE_CURVE_WITH_KNOTS('',3,(#9273,#9274,#9275,#9276,#9277,#9278),
.UNSPECIFIED.,.F.,.F.,(4,1,1,4),(0.E0,3.333333333333E-1,6.666666666667E-1,1.E0),
.UNSPECIFIED.);
#9284=CIRCLE('',#9283,3.033826121272E0);
#9291=B_SPLINE_CURVE_WITH_KNOTS('',3,(#9285,#9286,#9287,#9288,#9289,#9290),
.UNSPECIFIED.,.F.,.F.,(4,1,1,4),(0.E0,3.333333333333E-1,6.666666666667E-1,1.E0),
.UNSPECIFIED.);
#9298=B_SPLINE_CURVE_WITH_KNOTS('',3,(#9292,#9293,#9294,#9295,#9296,#9297),
.UNSPECIFIED.,.F.,.F.,(4,1,1,4),(0.E0,3.333333333333E-1,6.666666666667E-1,1.E0),
.UNSPECIFIED.);
#9306=B_SPLINE_CURVE_WITH_KNOTS('',3,(#9299,#9300,#9301,#9302,#9303,#9304,
#9305),.UNSPECIFIED.,.F.,.F.,(4,1,1,1,4),(0.E0,2.5E-1,5.E-1,7.5E-1,1.E0),
.UNSPECIFIED.);
#9313=B_SPLINE_CURVE_WITH_KNOTS('',3,(#9307,#9308,#9309,#9310,#9311,#9312),
.UNSPECIFIED.,.F.,.F.,(4,1,1,4),(0.E0,1.445457130045E-1,8.094039408423E-1,1.E0),
.UNSPECIFIED.);
#9320=B_SPLINE_CURVE_WITH_KNOTS('',3,(#9314,#9315,#9316,#9317,#9318,#9319),
.UNSPECIFIED.,.F.,.F.,(4,1,1,4),(0.E0,1.905958572970E-1,8.554540774159E-1,1.E0),
.UNSPECIFIED.);
#9325=CIRCLE('',#9324,2.9E0);
#9330=B_SPLINE_CURVE_WITH_KNOTS('',3,(#9326,#9327,#9328,#9329),.UNSPECIFIED.,
.F.,.F.,(4,4),(0.E0,1.E0),.UNSPECIFIED.);
#9335=B_SPLINE_CURVE_WITH_KNOTS('',3,(#9331,#9332,#9333,#9334),.UNSPECIFIED.,
.F.,.F.,(4,4),(0.E0,1.E0),.UNSPECIFIED.);
#9342=B_SPLINE_CURVE_WITH_KNOTS('',3,(#9336,#9337,#9338,#9339,#9340,#9341),
.UNSPECIFIED.,.F.,.F.,(4,1,1,4),(0.E0,3.333333333333E-1,6.666666666667E-1,1.E0),
.UNSPECIFIED.);
#9347=CIRCLE('',#9346,4.54E0);
#9352=CIRCLE('',#9351,4.54E0);
#9359=B_SPLINE_CURVE_WITH_KNOTS('',3,(#9353,#9354,#9355,#9356,#9357,#9358),
.UNSPECIFIED.,.F.,.F.,(4,1,1,4),(0.E0,3.333333333333E-1,6.666666666667E-1,1.E0),
.UNSPECIFIED.);
#9364=CIRCLE('',#9363,4.081753045571E0);
#9369=CIRCLE('',#9368,4.081753045571E0);
#9374=CIRCLE('',#9373,3.828013333013E0);
#9379=CIRCLE('',#9378,3.E-1);
#9384=CIRCLE('',#9383,3.828013333013E0);
#9389=CIRCLE('',#9388,3.E-1);
#9394=CIRCLE('',#9393,4.949999452458E0);
#9399=CIRCLE('',#9398,4.949999452458E0);
#9404=CIRCLE('',#9403,4.949999452458E0);
#9409=CIRCLE('',#9408,4.949999452458E0);
#9414=CIRCLE('',#9413,4.128006132665E0);
#9419=CIRCLE('',#9418,4.128006132665E0);
#9424=CIRCLE('',#9423,5.15E0);
#9429=CIRCLE('',#9428,5.15E0);
#9434=CIRCLE('',#9433,2.E-1);
#9439=CIRCLE('',#9438,5.15E0);
#9444=CIRCLE('',#9443,5.15E0);
#9449=CIRCLE('',#9448,2.E-1);
#9462=CIRCLE('',#9461,2.E-1);
#9467=CIRCLE('',#9466,5.15E0);
#9472=CIRCLE('',#9471,5.15E0);
#9483=B_SPLINE_CURVE_WITH_KNOTS('',3,(#9477,#9478,#9479,#9480,#9481,#9482),
.UNSPECIFIED.,.F.,.F.,(4,1,1,4),(0.E0,3.333333333333E-1,6.666666666667E-1,1.E0),
.UNSPECIFIED.);
#9504=CIRCLE('',#9503,4.95E0);
#9509=CIRCLE('',#9508,4.949999764328E0);
#9514=CIRCLE('',#9513,4.950025915937E0);
#9531=CIRCLE('',#9530,3.87E0);
#9536=CIRCLE('',#9535,3.869998667840E0);
#9541=CIRCLE('',#9540,3.87E0);
#9600=B_SPLINE_CURVE_WITH_KNOTS('',3,(#9594,#9595,#9596,#9597,#9598,#9599),
.UNSPECIFIED.,.F.,.F.,(4,1,1,4),(0.E0,3.333333333333E-1,6.666666666667E-1,1.E0),
.UNSPECIFIED.);
#9605=B_SPLINE_CURVE_WITH_KNOTS('',3,(#9601,#9602,#9603,#9604),.UNSPECIFIED.,
.F.,.F.,(4,4),(0.E0,1.E0),.UNSPECIFIED.);
#9734=CIRCLE('',#9733,3.87E0);
#9751=CIRCLE('',#9750,3.87E0);
#9784=CIRCLE('',#9783,3.87E0);
#9905=CIRCLE('',#9904,5.15E0);
#9910=CIRCLE('',#9909,5.15E0);
#9915=CIRCLE('',#9914,2.E-1);
#9930=B_SPLINE_CURVE_WITH_KNOTS('',3,(#9924,#9925,#9926,#9927,#9928,#9929),
.UNSPECIFIED.,.F.,.F.,(4,1,1,4),(0.E0,3.333333333333E-1,6.666666666667E-1,1.E0),
.UNSPECIFIED.);
#9937=B_SPLINE_CURVE_WITH_KNOTS('',3,(#9931,#9932,#9933,#9934,#9935,#9936),
.UNSPECIFIED.,.F.,.F.,(4,1,1,4),(0.E0,3.333333333333E-1,6.666666666667E-1,1.E0),
.UNSPECIFIED.);
#9944=B_SPLINE_CURVE_WITH_KNOTS('',3,(#9938,#9939,#9940,#9941,#9942,#9943),
.UNSPECIFIED.,.F.,.F.,(4,1,1,4),(0.E0,3.333333333333E-1,6.666666666667E-1,1.E0),
.UNSPECIFIED.);
#9949=CIRCLE('',#9948,3.27E0);
#9954=CIRCLE('',#9953,3.27E0);
#9959=CIRCLE('',#9958,6.E-1);
#10060=B_SPLINE_CURVE_WITH_KNOTS('',3,(#10056,#10057,#10058,#10059),
.UNSPECIFIED.,.F.,.F.,(4,4),(0.E0,1.E0),.UNSPECIFIED.);
#10067=B_SPLINE_CURVE_WITH_KNOTS('',3,(#10061,#10062,#10063,#10064,#10065,
#10066),.UNSPECIFIED.,.F.,.F.,(4,1,1,4),(0.E0,3.333333333333E-1,
6.666666666667E-1,1.E0),.UNSPECIFIED.);
#10072=B_SPLINE_CURVE_WITH_KNOTS('',3,(#10068,#10069,#10070,#10071),
.UNSPECIFIED.,.F.,.F.,(4,4),(0.E0,1.E0),.UNSPECIFIED.);
#10465=CIRCLE('',#10464,3.27E0);
#10470=CIRCLE('',#10469,3.27E0);
#10475=CIRCLE('',#10474,6.E-1);
#10860=CIRCLE('',#10859,4.54E0);
#10869=CIRCLE('',#10868,3.8E0);
#10874=CIRCLE('',#10873,3.8E0);
#10879=B_SPLINE_CURVE_WITH_KNOTS('',3,(#10875,#10876,#10877,#10878),
.UNSPECIFIED.,.F.,.F.,(4,4),(0.E0,1.E0),.UNSPECIFIED.);
#10884=B_SPLINE_CURVE_WITH_KNOTS('',3,(#10880,#10881,#10882,#10883),
.UNSPECIFIED.,.F.,.F.,(4,4),(0.E0,1.E0),.UNSPECIFIED.);
#10891=B_SPLINE_CURVE_WITH_KNOTS('',3,(#10885,#10886,#10887,#10888,#10889,
#10890),.UNSPECIFIED.,.F.,.F.,(4,1,1,4),(0.E0,3.333333333333E-1,
6.666666666667E-1,1.E0),.UNSPECIFIED.);
#10896=CIRCLE('',#10895,4.54E0);
#10903=B_SPLINE_CURVE_WITH_KNOTS('',3,(#10897,#10898,#10899,#10900,#10901,
#10902),.UNSPECIFIED.,.F.,.F.,(4,1,1,4),(0.E0,3.333333333333E-1,
6.666666666667E-1,1.E0),.UNSPECIFIED.);
#10908=CIRCLE('',#10907,4.081753045571E0);
#10925=CIRCLE('',#10924,3.821333333334E0);
#10930=CIRCLE('',#10929,3.27E0);
#10935=CIRCLE('',#10934,3.27E0);
#10942=B_SPLINE_CURVE_WITH_KNOTS('',3,(#10936,#10937,#10938,#10939,#10940,
#10941),.UNSPECIFIED.,.F.,.F.,(4,1,1,4),(0.E0,3.333333333333E-1,
6.666666666667E-1,1.E0),.UNSPECIFIED.);
#10949=B_SPLINE_CURVE_WITH_KNOTS('',3,(#10943,#10944,#10945,#10946,#10947,
#10948),.UNSPECIFIED.,.F.,.F.,(4,1,1,4),(0.E0,3.333333333333E-1,
6.666666666667E-1,1.E0),.UNSPECIFIED.);
#10956=B_SPLINE_CURVE_WITH_KNOTS('',3,(#10950,#10951,#10952,#10953,#10954,
#10955),.UNSPECIFIED.,.F.,.F.,(4,1,1,4),(0.E0,3.333333333333E-1,
6.666666666667E-1,1.E0),.UNSPECIFIED.);
#10962=B_SPLINE_CURVE_WITH_KNOTS('',3,(#10957,#10958,#10959,#10960,#10961),
.UNSPECIFIED.,.F.,.F.,(4,1,4),(0.E0,5.990006949209E-1,1.E0),.UNSPECIFIED.);
#10967=CIRCLE('',#10966,3.295405711908E0);
#10972=CIRCLE('',#10971,3.295405711908E0);
#10979=B_SPLINE_CURVE_WITH_KNOTS('',3,(#10973,#10974,#10975,#10976,#10977,
#10978),.UNSPECIFIED.,.F.,.F.,(4,1,1,4),(0.E0,3.333333333333E-1,
6.666666666667E-1,1.E0),.UNSPECIFIED.);
#10986=B_SPLINE_CURVE_WITH_KNOTS('',3,(#10980,#10981,#10982,#10983,#10984,
#10985),.UNSPECIFIED.,.F.,.F.,(4,1,1,4),(0.E0,3.333333333333E-1,
6.666666666667E-1,1.E0),.UNSPECIFIED.);
#10991=CIRCLE('',#10990,3.033826121272E0);
#10998=B_SPLINE_CURVE_WITH_KNOTS('',3,(#10992,#10993,#10994,#10995,#10996,
#10997),.UNSPECIFIED.,.F.,.F.,(4,1,1,4),(0.E0,3.333333333333E-1,
6.666666666667E-1,1.E0),.UNSPECIFIED.);
#11005=B_SPLINE_CURVE_WITH_KNOTS('',3,(#10999,#11000,#11001,#11002,#11003,
#11004),.UNSPECIFIED.,.F.,.F.,(4,1,1,4),(0.E0,3.333333333333E-1,
6.666666666667E-1,1.E0),.UNSPECIFIED.);
#11011=B_SPLINE_CURVE_WITH_KNOTS('',3,(#11006,#11007,#11008,#11009,#11010),
.UNSPECIFIED.,.F.,.F.,(4,1,4),(0.E0,4.009993048369E-1,1.E0),.UNSPECIFIED.);
#11019=B_SPLINE_CURVE_WITH_KNOTS('',3,(#11012,#11013,#11014,#11015,#11016,
#11017,#11018),.UNSPECIFIED.,.F.,.F.,(4,1,1,1,4),(0.E0,2.5E-1,5.E-1,7.5E-1,
1.E0),.UNSPECIFIED.);
#11026=B_SPLINE_CURVE_WITH_KNOTS('',3,(#11020,#11021,#11022,#11023,#11024,
#11025),.UNSPECIFIED.,.F.,.F.,(4,1,1,4),(0.E0,1.445457130045E-1,
8.094039408423E-1,1.E0),.UNSPECIFIED.);
#11033=B_SPLINE_CURVE_WITH_KNOTS('',3,(#11027,#11028,#11029,#11030,#11031,
#11032),.UNSPECIFIED.,.F.,.F.,(4,1,1,4),(0.E0,1.905958572974E-1,
8.554540774163E-1,1.E0),.UNSPECIFIED.);
#11038=CIRCLE('',#11037,2.9E0);
#11045=B_SPLINE_CURVE_WITH_KNOTS('',3,(#11039,#11040,#11041,#11042,#11043,
#11044),.UNSPECIFIED.,.F.,.F.,(4,1,1,4),(0.E0,3.333333333333E-1,
6.666666666667E-1,1.E0),.UNSPECIFIED.);
#11052=B_SPLINE_CURVE_WITH_KNOTS('',3,(#11046,#11047,#11048,#11049,#11050,
#11051),.UNSPECIFIED.,.F.,.F.,(4,1,1,4),(0.E0,3.333333333333E-1,
6.666666666667E-1,1.E0),.UNSPECIFIED.);
#11059=B_SPLINE_CURVE_WITH_KNOTS('',3,(#11053,#11054,#11055,#11056,#11057,
#11058),.UNSPECIFIED.,.F.,.F.,(4,1,1,4),(0.E0,3.333333333333E-1,
6.666666666667E-1,1.E0),.UNSPECIFIED.);
#11066=B_SPLINE_CURVE_WITH_KNOTS('',3,(#11060,#11061,#11062,#11063,#11064,
#11065),.UNSPECIFIED.,.F.,.F.,(4,1,1,4),(0.E0,3.333333333333E-1,
6.666666666667E-1,1.E0),.UNSPECIFIED.);
#11071=CIRCLE('',#11070,3.27E0);
#11077=B_SPLINE_CURVE_WITH_KNOTS('',3,(#11072,#11073,#11074,#11075,#11076),
.UNSPECIFIED.,.F.,.F.,(4,1,4),(0.E0,5.990006949209E-1,1.E0),.UNSPECIFIED.);
#11082=CIRCLE('',#11081,3.295405711908E0);
#11087=CIRCLE('',#11086,3.295405711908E0);
#11094=B_SPLINE_CURVE_WITH_KNOTS('',3,(#11088,#11089,#11090,#11091,#11092,
#11093),.UNSPECIFIED.,.F.,.F.,(4,1,1,4),(0.E0,3.333333333333E-1,
6.666666666667E-1,1.E0),.UNSPECIFIED.);
#11101=B_SPLINE_CURVE_WITH_KNOTS('',3,(#11095,#11096,#11097,#11098,#11099,
#11100),.UNSPECIFIED.,.F.,.F.,(4,1,1,4),(0.E0,3.333333333333E-1,
6.666666666667E-1,1.E0),.UNSPECIFIED.);
#11106=CIRCLE('',#11105,3.033826121272E0);
#11113=B_SPLINE_CURVE_WITH_KNOTS('',3,(#11107,#11108,#11109,#11110,#11111,
#11112),.UNSPECIFIED.,.F.,.F.,(4,1,1,4),(0.E0,3.333333333333E-1,
6.666666666667E-1,1.E0),.UNSPECIFIED.);
#11120=B_SPLINE_CURVE_WITH_KNOTS('',3,(#11114,#11115,#11116,#11117,#11118,
#11119),.UNSPECIFIED.,.F.,.F.,(4,1,1,4),(0.E0,3.333333333333E-1,
6.666666666667E-1,1.E0),.UNSPECIFIED.);
#11126=B_SPLINE_CURVE_WITH_KNOTS('',3,(#11121,#11122,#11123,#11124,#11125),
.UNSPECIFIED.,.F.,.F.,(4,1,4),(0.E0,4.009993048369E-1,1.E0),.UNSPECIFIED.);
#11134=B_SPLINE_CURVE_WITH_KNOTS('',3,(#11127,#11128,#11129,#11130,#11131,
#11132,#11133),.UNSPECIFIED.,.F.,.F.,(4,1,1,1,4),(0.E0,2.5E-1,5.E-1,7.5E-1,
1.E0),.UNSPECIFIED.);
#11141=B_SPLINE_CURVE_WITH_KNOTS('',3,(#11135,#11136,#11137,#11138,#11139,
#11140),.UNSPECIFIED.,.F.,.F.,(4,1,1,4),(0.E0,1.445457130045E-1,
8.094039408423E-1,1.E0),.UNSPECIFIED.);
#11148=B_SPLINE_CURVE_WITH_KNOTS('',3,(#11142,#11143,#11144,#11145,#11146,
#11147),.UNSPECIFIED.,.F.,.F.,(4,1,1,4),(0.E0,1.905958572971E-1,
8.554540774160E-1,1.E0),.UNSPECIFIED.);
#11153=CIRCLE('',#11152,2.9E0);
#11168=B_SPLINE_CURVE_WITH_KNOTS('',3,(#11162,#11163,#11164,#11165,#11166,
#11167),.UNSPECIFIED.,.F.,.F.,(4,1,1,4),(0.E0,3.333333333333E-1,
6.666666666667E-1,1.E0),.UNSPECIFIED.);
#11177=CIRCLE('',#11176,3.821333333334E0);
#11194=CIRCLE('',#11193,4.54E0);
#11199=CIRCLE('',#11198,4.54E0);
#11208=CIRCLE('',#11207,3.8E0);
#11219=B_SPLINE_CURVE_WITH_KNOTS('',3,(#11213,#11214,#11215,#11216,#11217,
#11218),.UNSPECIFIED.,.F.,.F.,(4,1,1,4),(0.E0,3.333333333333E-1,
6.666666666667E-1,1.E0),.UNSPECIFIED.);
#11224=B_SPLINE_CURVE_WITH_KNOTS('',3,(#11220,#11221,#11222,#11223),
.UNSPECIFIED.,.F.,.F.,(4,4),(0.E0,1.E0),.UNSPECIFIED.);
#11233=CIRCLE('',#11232,3.45E0);
#11242=CIRCLE('',#11241,3.897686861879E0);
#11247=CIRCLE('',#11246,3.269977249568E0);
#11254=B_SPLINE_CURVE_WITH_KNOTS('',3,(#11248,#11249,#11250,#11251,#11252,
#11253),.UNSPECIFIED.,.F.,.F.,(4,1,1,4),(0.E0,3.333333333333E-1,
6.666666666667E-1,1.E0),.UNSPECIFIED.);
#11261=B_SPLINE_CURVE_WITH_KNOTS('',3,(#11255,#11256,#11257,#11258,#11259,
#11260),.UNSPECIFIED.,.F.,.F.,(4,1,1,4),(0.E0,3.333333333333E-1,
6.666666666667E-1,1.E0),.UNSPECIFIED.);
#11266=CIRCLE('',#11265,3.269977235812E0);
#11271=B_SPLINE_CURVE_WITH_KNOTS('',3,(#11267,#11268,#11269,#11270),
.UNSPECIFIED.,.F.,.F.,(4,4),(0.E0,1.E0),.UNSPECIFIED.);
#11278=B_SPLINE_CURVE_WITH_KNOTS('',3,(#11272,#11273,#11274,#11275,#11276,
#11277),.UNSPECIFIED.,.F.,.F.,(4,1,1,4),(0.E0,3.333333333333E-1,
6.666666666667E-1,1.E0),.UNSPECIFIED.);
#11283=B_SPLINE_CURVE_WITH_KNOTS('',3,(#11279,#11280,#11281,#11282),
.UNSPECIFIED.,.F.,.F.,(4,4),(0.E0,1.E0),.UNSPECIFIED.);
#11288=B_SPLINE_CURVE_WITH_KNOTS('',3,(#11284,#11285,#11286,#11287),
.UNSPECIFIED.,.F.,.F.,(4,4),(0.E0,1.E0),.UNSPECIFIED.);
#11295=B_SPLINE_CURVE_WITH_KNOTS('',3,(#11289,#11290,#11291,#11292,#11293,
#11294),.UNSPECIFIED.,.F.,.F.,(4,1,1,4),(0.E0,3.333333333333E-1,
6.666666666667E-1,1.E0),.UNSPECIFIED.);
#11300=CIRCLE('',#11299,4.54E0);
#11305=CIRCLE('',#11304,4.54E0);
#11312=B_SPLINE_CURVE_WITH_KNOTS('',3,(#11306,#11307,#11308,#11309,#11310,
#11311),.UNSPECIFIED.,.F.,.F.,(4,1,1,4),(0.E0,3.333333333333E-1,
6.666666666667E-1,1.E0),.UNSPECIFIED.);
#11317=CIRCLE('',#11316,4.081753045571E0);
#11322=CIRCLE('',#11321,4.081753045571E0);
#11328=B_SPLINE_CURVE_WITH_KNOTS('',3,(#11323,#11324,#11325,#11326,#11327),
.UNSPECIFIED.,.F.,.F.,(4,1,4),(0.E0,4.009993048369E-1,1.E0),.UNSPECIFIED.);
#11333=CIRCLE('',#11332,3.27E0);
#11340=B_SPLINE_CURVE_WITH_KNOTS('',3,(#11334,#11335,#11336,#11337,#11338,
#11339),.UNSPECIFIED.,.F.,.F.,(4,1,1,4),(0.E0,3.333333333333E-1,
6.666666666667E-1,1.E0),.UNSPECIFIED.);
#11347=B_SPLINE_CURVE_WITH_KNOTS('',3,(#11341,#11342,#11343,#11344,#11345,
#11346),.UNSPECIFIED.,.F.,.F.,(4,1,1,4),(0.E0,3.333333333333E-1,
6.666666666667E-1,1.E0),.UNSPECIFIED.);
#11354=B_SPLINE_CURVE_WITH_KNOTS('',3,(#11348,#11349,#11350,#11351,#11352,
#11353),.UNSPECIFIED.,.F.,.F.,(4,1,1,4),(0.E0,3.333333333333E-1,
6.666666666667E-1,1.E0),.UNSPECIFIED.);
#11360=B_SPLINE_CURVE_WITH_KNOTS('',3,(#11355,#11356,#11357,#11358,#11359),
.UNSPECIFIED.,.F.,.F.,(4,1,4),(0.E0,5.990006949209E-1,1.E0),.UNSPECIFIED.);
#11365=CIRCLE('',#11364,3.295405711908E0);
#11372=B_SPLINE_CURVE_WITH_KNOTS('',3,(#11366,#11367,#11368,#11369,#11370,
#11371),.UNSPECIFIED.,.F.,.F.,(4,1,1,4),(0.E0,3.333333333333E-1,
6.666666666667E-1,1.E0),.UNSPECIFIED.);
#11379=B_SPLINE_CURVE_WITH_KNOTS('',3,(#11373,#11374,#11375,#11376,#11377,
#11378),.UNSPECIFIED.,.F.,.F.,(4,1,1,4),(0.E0,3.333333333333E-1,
6.666666666667E-1,1.E0),.UNSPECIFIED.);
#11384=CIRCLE('',#11383,3.033826121272E0);
#11391=B_SPLINE_CURVE_WITH_KNOTS('',3,(#11385,#11386,#11387,#11388,#11389,
#11390),.UNSPECIFIED.,.F.,.F.,(4,1,1,4),(0.E0,3.333333333333E-1,
6.666666666667E-1,1.E0),.UNSPECIFIED.);
#11398=B_SPLINE_CURVE_WITH_KNOTS('',3,(#11392,#11393,#11394,#11395,#11396,
#11397),.UNSPECIFIED.,.F.,.F.,(4,1,1,4),(0.E0,3.333333333333E-1,
6.666666666667E-1,1.E0),.UNSPECIFIED.);
#11406=B_SPLINE_CURVE_WITH_KNOTS('',3,(#11399,#11400,#11401,#11402,#11403,
#11404,#11405),.UNSPECIFIED.,.F.,.F.,(4,1,1,1,4),(0.E0,2.5E-1,5.E-1,7.5E-1,
1.E0),.UNSPECIFIED.);
#11413=B_SPLINE_CURVE_WITH_KNOTS('',3,(#11407,#11408,#11409,#11410,#11411,
#11412),.UNSPECIFIED.,.F.,.F.,(4,1,1,4),(0.E0,1.445457130045E-1,
8.094039408423E-1,1.E0),.UNSPECIFIED.);
#11420=B_SPLINE_CURVE_WITH_KNOTS('',3,(#11414,#11415,#11416,#11417,#11418,
#11419),.UNSPECIFIED.,.F.,.F.,(4,1,1,4),(0.E0,1.905958572973E-1,
8.554540774162E-1,1.E0),.UNSPECIFIED.);
#11425=CIRCLE('',#11424,2.9E0);
#11440=B_SPLINE_CURVE_WITH_KNOTS('',3,(#11434,#11435,#11436,#11437,#11438,
#11439),.UNSPECIFIED.,.F.,.F.,(4,1,1,4),(0.E0,3.333333333333E-1,
6.666666666667E-1,1.E0),.UNSPECIFIED.);
#12144=EDGE_CURVE('',#11441,#11442,#8620,.T.);
#12146=EDGE_CURVE('',#11444,#11441,#8641,.T.);
#12148=EDGE_CURVE('',#11446,#11444,#8636,.T.);
#12150=EDGE_CURVE('',#11447,#11446,#8662,.T.);
#12152=EDGE_CURVE('',#11449,#11447,#8982,.T.);
#12154=EDGE_CURVE('',#11449,#11450,#8601,.T.);
#12156=EDGE_CURVE('',#11452,#11450,#11087,.T.);
#12158=EDGE_CURVE('',#11454,#11452,#11082,.T.);
#12160=EDGE_CURVE('',#11454,#11455,#8608,.T.);
#12162=EDGE_CURVE('',#11455,#11442,#8615,.T.);
#12172=EDGE_CURVE('',#11441,#11494,#8645,.T.);
#12175=EDGE_CURVE('',#11495,#11442,#8867,.T.);
#12177=EDGE_CURVE('',#11497,#11495,#8798,.T.);
#12179=EDGE_CURVE('',#11498,#11497,#8777,.T.);
#12181=EDGE_CURVE('',#11500,#11498,#8709,.T.);
#12183=EDGE_CURVE('',#11501,#11500,#8696,.T.);
#12185=EDGE_CURVE('',#11502,#11501,#8674,.T.);
#12187=EDGE_CURVE('',#11502,#11494,#8627,.T.);
#12197=EDGE_CURVE('',#11504,#11446,#8631,.T.);
#12202=EDGE_CURVE('',#11494,#11504,#8650,.T.);
#12213=EDGE_CURVE('',#11504,#11517,#8657,.T.);
#12215=EDGE_CURVE('',#11518,#11517,#8686,.T.);
#12217=EDGE_CURVE('',#11519,#11518,#8691,.T.);
#12219=EDGE_CURVE('',#11521,#11519,#8700,.T.);
#12221=EDGE_CURVE('',#11522,#11521,#9072,.T.);
#12223=EDGE_CURVE('',#11524,#11522,#9135,.T.);
#12225=EDGE_CURVE('',#11447,#11524,#8987,.T.);
#12237=EDGE_CURVE('',#11502,#11517,#8667,.T.);
#12251=EDGE_CURVE('',#11501,#11518,#8679,.T.);
#12262=EDGE_CURVE('',#11519,#11500,#8705,.T.);
#12278=EDGE_CURVE('',#11498,#11571,#8714,.T.);
#12280=EDGE_CURVE('',#11571,#11521,#8719,.T.);
#12290=EDGE_CURVE('',#11594,#11595,#8794,.T.);
#12292=EDGE_CURVE('',#11594,#11596,#8730,.T.);
#12294=EDGE_CURVE('',#11596,#11585,#8737,.T.);
#12296=EDGE_CURVE('',#11583,#11585,#11208,.T.);
#12298=EDGE_CURVE('',#11583,#11597,#8744,.T.);
#12300=EDGE_CURVE('',#11597,#11598,#8755,.T.);
#12302=EDGE_CURVE('',#11600,#11598,#11177,.T.);
#12304=EDGE_CURVE('',#11600,#11601,#8763,.T.);
#12306=EDGE_CURVE('',#11601,#11573,#8768,.T.);
#12308=EDGE_CURVE('',#11577,#11573,#10874,.T.);
#12310=EDGE_CURVE('',#11577,#11603,#8772,.T.);
#12312=EDGE_CURVE('',#11605,#11603,#9384,.T.);
#12314=EDGE_CURVE('',#11571,#11605,#9076,.T.);
#12318=EDGE_CURVE('',#11497,#11595,#8785,.T.);
#12328=EDGE_CURVE('',#11595,#11607,#8789,.T.);
#12330=EDGE_CURVE('',#11594,#11607,#11433,.T.);
#12344=EDGE_CURVE('',#11608,#11495,#8862,.T.);
#12346=EDGE_CURVE('',#11607,#11608,#11440,.T.);
#12356=EDGE_CURVE('',#11484,#11609,#8803,.T.);
#12358=EDGE_CURVE('',#11609,#11610,#8811,.T.);
#12360=EDGE_CURVE('',#11610,#11611,#8819,.T.);
#12362=EDGE_CURVE('',#11611,#11581,#8826,.T.);
#12364=EDGE_CURVE('',#11581,#11457,#8831,.T.);
#12366=EDGE_CURVE('',#11466,#11457,#11266,.T.);
#12368=EDGE_CURVE('',#11462,#11466,#11333,.T.);
#12370=EDGE_CURVE('',#11460,#11462,#11247,.T.);
#12372=EDGE_CURVE('',#11460,#11579,#8836,.T.);
#12374=EDGE_CURVE('',#11579,#11612,#8843,.T.);
#12376=EDGE_CURVE('',#11612,#11608,#8854,.T.);
#12381=EDGE_CURVE('',#11613,#11455,#11045,.T.);
#12383=EDGE_CURVE('',#11615,#11613,#8977,.T.);
#12385=EDGE_CURVE('',#11617,#11615,#9954,.T.);
#12387=EDGE_CURVE('',#11619,#11617,#9949,.T.);
#12389=EDGE_CURVE('',#11619,#11621,#8871,.T.);
#12391=EDGE_CURVE('',#11486,#11621,#10930,.T.);
#12393=EDGE_CURVE('',#11484,#11486,#8911,.T.);
#12403=EDGE_CURVE('',#11514,#11483,#8887,.T.);
#12405=EDGE_CURVE('',#11514,#11539,#8878,.T.);
#12407=EDGE_CURVE('',#11542,#11539,#10903,.T.);
#12409=EDGE_CURVE('',#11562,#11542,#10879,.T.);
#12411=EDGE_CURVE('',#11573,#11562,#10855,.T.);
#12414=EDGE_CURVE('',#11609,#11601,#11157,.T.);
#12417=EDGE_CURVE('',#11484,#11483,#8883,.T.);
#12428=EDGE_CURVE('',#11483,#11481,#8892,.T.);
#12430=EDGE_CURVE('',#11481,#11478,#8897,.T.);
#12432=EDGE_CURVE('',#11478,#11516,#8901,.T.);
#12434=EDGE_CURVE('',#11516,#11514,#8906,.T.);
#12444=EDGE_CURVE('',#11478,#11479,#8930,.T.);
#12450=EDGE_CURVE('',#11486,#11487,#8918,.T.);
#12452=EDGE_CURVE('',#11489,#11487,#10972,.T.);
#12454=EDGE_CURVE('',#11491,#11489,#10967,.T.);
#12456=EDGE_CURVE('',#11491,#11492,#8925,.T.);
#12458=EDGE_CURVE('',#11479,#11492,#8973,.T.);
#12470=EDGE_CURVE('',#11622,#11479,#8968,.T.);
#12472=EDGE_CURVE('',#11624,#11622,#10916,.T.);
#12474=EDGE_CURVE('',#11575,#11624,#9081,.T.);
#12476=EDGE_CURVE('',#11563,#11575,#10864,.T.);
#12478=EDGE_CURVE('',#11540,#11563,#10884,.T.);
#12480=EDGE_CURVE('',#11538,#11540,#10891,.T.);
#12482=EDGE_CURVE('',#11538,#11516,#8937,.T.);
#12492=EDGE_CURVE('',#11556,#11625,#8944,.T.);
#12494=EDGE_CURVE('',#11625,#11626,#8955,.T.);
#12496=EDGE_CURVE('',#11626,#11622,#8963,.T.);
#12500=EDGE_CURVE('',#11621,#11492,#10935,.T.);
#12503=EDGE_CURVE('',#11628,#11619,#10470,.T.);
#12505=EDGE_CURVE('',#11615,#11628,#10465,.T.);
#12508=EDGE_CURVE('',#11449,#11613,#11071,.T.);
#12512=EDGE_CURVE('',#11524,#11629,#8995,.T.);
#12514=EDGE_CURVE('',#11629,#11630,#9003,.T.);
#12516=EDGE_CURVE('',#11630,#11587,#9010,.T.);
#12518=EDGE_CURVE('',#11587,#11476,#9015,.T.);
#12520=EDGE_CURVE('',#11476,#11474,#9020,.T.);
#12522=EDGE_CURVE('',#11470,#11474,#9233,.T.);
#12524=EDGE_CURVE('',#11470,#11467,#9025,.T.);
#12526=EDGE_CURVE('',#11467,#11556,#9030,.T.);
#12539=B_SPLINE_CURVE_WITH_KNOTS('',3,(#12531,#12532,#12533,#12534,#12535,
#12536,#12537,#12538),.UNSPECIFIED.,.F.,.F.,(4,1,1,1,1,4),(0.E0,
2.809023173185E-2,2.030492043271E-1,6.938882920424E-1,9.719095968761E-1,1.E0),
.UNSPECIFIED.);
#12543=EDGE_CURVE('',#11632,#11625,#9034,.T.);
#12546=EDGE_CURVE('',#11591,#11556,#9166,.T.);
#12548=EDGE_CURVE('',#11632,#11591,#9107,.T.);
#12559=EDGE_CURVE('',#11633,#11632,#9100,.T.);
#12561=EDGE_CURVE('',#11635,#11633,#10920,.T.);
#12563=EDGE_CURVE('',#11635,#11626,#9041,.T.);
#12574=EDGE_CURVE('',#11589,#11636,#9048,.T.);
#12576=EDGE_CURVE('',#11636,#11637,#9059,.T.);
#12578=EDGE_CURVE('',#11639,#11637,#9127,.T.);
#12580=EDGE_CURVE('',#11639,#11522,#9067,.T.);
#12585=EDGE_CURVE('',#11603,#11605,#9374,.T.);
#12588=EDGE_CURVE('',#11575,#11577,#10869,.T.);
#12591=EDGE_CURVE('',#11624,#11640,#9089,.T.);
#12593=EDGE_CURVE('',#11633,#11640,#10925,.T.);
#12597=EDGE_CURVE('',#11589,#11591,#9162,.T.);
#12610=B_SPLINE_CURVE_WITH_KNOTS('',3,(#12602,#12603,#12604,#12605,#12606,
#12607,#12608,#12609),.UNSPECIFIED.,.F.,.F.,(4,1,1,1,1,4),(0.E0,
2.809023173186E-2,2.030492043271E-1,6.938882920424E-1,9.719095968761E-1,1.E0),
.UNSPECIFIED.);
#12614=EDGE_CURVE('',#11630,#11636,#9111,.T.);
#12617=EDGE_CURVE('',#11589,#11587,#9115,.T.);
#12628=EDGE_CURVE('',#11637,#11642,#9131,.T.);
#12633=EDGE_CURVE('',#11629,#11642,#9122,.T.);
#12643=EDGE_CURVE('',#11639,#11642,#9139,.T.);
#12668=EDGE_CURVE('',#11556,#11554,#9143,.T.);
#12670=EDGE_CURVE('',#11554,#11559,#9148,.T.);
#12672=EDGE_CURVE('',#11559,#11557,#9153,.T.);
#12674=EDGE_CURVE('',#11557,#11587,#9157,.T.);
#12687=EDGE_CURVE('',#11508,#11468,#9191,.T.);
#12689=EDGE_CURVE('',#11508,#11530,#9173,.T.);
#12691=EDGE_CURVE('',#11535,#11530,#9359,.T.);
#12693=EDGE_CURVE('',#11554,#11535,#9335,.T.);
#12697=EDGE_CURVE('',#11467,#11468,#9178,.T.);
#12707=EDGE_CURVE('',#11477,#11506,#9182,.T.);
#12709=EDGE_CURVE('',#11506,#11508,#9187,.T.);
#12712=EDGE_CURVE('',#11468,#11477,#9196,.T.);
#12723=EDGE_CURVE('',#11477,#11476,#9201,.T.);
#12727=EDGE_CURVE('',#11531,#11557,#9330,.T.);
#12729=EDGE_CURVE('',#11527,#11531,#9342,.T.);
#12731=EDGE_CURVE('',#11527,#11506,#9208,.T.);
#12743=EDGE_CURVE('',#11470,#11471,#9215,.T.);
#12745=EDGE_CURVE('',#11473,#11471,#9265,.T.);
#12747=EDGE_CURVE('',#11473,#11474,#9222,.T.);
#12761=EDGE_CURVE('',#12121,#11470,#9254,.T.);
#12763=EDGE_CURVE('',#12121,#12123,#9228,.T.);
#12765=EDGE_CURVE('',#11471,#12123,#9272,.T.);
#12776=EDGE_CURVE('',#11474,#12117,#9240,.T.);
#12778=EDGE_CURVE('',#12117,#12118,#9247,.T.);
#12780=EDGE_CURVE('',#12120,#12118,#9325,.T.);
#12782=EDGE_CURVE('',#12121,#12120,#9306,.T.);
#12794=EDGE_CURVE('',#12122,#11473,#9298,.T.);
#12796=EDGE_CURVE('',#12122,#12117,#9260,.T.);
#12809=EDGE_CURVE('',#12123,#12124,#9279,.T.);
#12811=EDGE_CURVE('',#12124,#12126,#9284,.T.);
#12813=EDGE_CURVE('',#12126,#12122,#9291,.T.);
#12847=EDGE_CURVE('',#12124,#12120,#9320,.T.);
#12857=EDGE_CURVE('',#12118,#12126,#9313,.T.);
#12902=EDGE_CURVE('',#11534,#11535,#9352,.T.);
#12904=EDGE_CURVE('',#11531,#11534,#9347,.T.);
#12918=EDGE_CURVE('',#11528,#11530,#9369,.T.);
#12920=EDGE_CURVE('',#11527,#11528,#9364,.T.);
#12948=EDGE_CURVE('',#11644,#11605,#9389,.T.);
#12950=EDGE_CURVE('',#11646,#11644,#9414,.T.);
#12952=EDGE_CURVE('',#11646,#11603,#9379,.T.);
#12964=EDGE_CURVE('',#11644,#11646,#9419,.T.);
#12975=EDGE_CURVE('',#11652,#11649,#9394,.T.);
#12977=EDGE_CURVE('',#11649,#11650,#9399,.T.);
#12979=EDGE_CURVE('',#11650,#11654,#9404,.T.);
#12981=EDGE_CURVE('',#11654,#11652,#9409,.T.);
#12997=EDGE_CURVE('',#11656,#11652,#9449,.T.);
#12999=EDGE_CURVE('',#11656,#11659,#9424,.T.);
#13001=EDGE_CURVE('',#11659,#11660,#9429,.T.);
#13003=EDGE_CURVE('',#11660,#11650,#9434,.T.);
#13016=EDGE_CURVE('',#11660,#11662,#9439,.T.);
#13018=EDGE_CURVE('',#11662,#11656,#9444,.T.);
#13031=EDGE_CURVE('',#11660,#11664,#9453,.T.);
#13033=EDGE_CURVE('',#11668,#11664,#9910,.T.);
#13035=EDGE_CURVE('',#11667,#11668,#9905,.T.);
#13037=EDGE_CURVE('',#11656,#11667,#9457,.T.);
#13050=EDGE_CURVE('',#11670,#11667,#9472,.T.);
#13052=EDGE_CURVE('',#11664,#11670,#9467,.T.);
#13063=EDGE_CURVE('',#11671,#11672,#9483,.T.);
#13065=EDGE_CURVE('',#11674,#11671,#9514,.T.);
#13067=EDGE_CURVE('',#11674,#11664,#9462,.T.);
#13071=EDGE_CURVE('',#11676,#11667,#9915,.T.);
#13073=EDGE_CURVE('',#11672,#11676,#9504,.T.);
#13083=EDGE_CURVE('',#11678,#11671,#9476,.T.);
#13086=EDGE_CURVE('',#11680,#11672,#9884,.T.);
#13088=EDGE_CURVE('',#11678,#11680,#9856,.T.);
#13098=EDGE_CURVE('',#11682,#11671,#9487,.T.);
#13101=EDGE_CURVE('',#11684,#11678,#9852,.T.);
#13103=EDGE_CURVE('',#11684,#11682,#9491,.T.);
#13114=EDGE_CURVE('',#11706,#11682,#9844,.T.);
#13116=EDGE_CURVE('',#11706,#11708,#9495,.T.);
#13118=EDGE_CURVE('',#11710,#11708,#9892,.T.);
#13120=EDGE_CURVE('',#11710,#11712,#9499,.T.);
#13122=EDGE_CURVE('',#11672,#11712,#9880,.T.);
#13125=EDGE_CURVE('',#11676,#11674,#9509,.T.);
#13130=EDGE_CURVE('',#11715,#11716,#9518,.T.);
#13132=EDGE_CURVE('',#11716,#11718,#9522,.T.);
#13134=EDGE_CURVE('',#11718,#11720,#9526,.T.);
#13136=EDGE_CURVE('',#11720,#11722,#9531,.T.);
#13138=EDGE_CURVE('',#11722,#11724,#9536,.T.);
#13140=EDGE_CURVE('',#11724,#11726,#9541,.T.);
#13142=EDGE_CURVE('',#11726,#11728,#9545,.T.);
#13144=EDGE_CURVE('',#11728,#11730,#9549,.T.);
#13146=EDGE_CURVE('',#11730,#11732,#9553,.T.);
#13148=EDGE_CURVE('',#11732,#11734,#9557,.T.);
#13150=EDGE_CURVE('',#11734,#11736,#9561,.T.);
#13152=EDGE_CURVE('',#11736,#11738,#9565,.T.);
#13154=EDGE_CURVE('',#11738,#11740,#9569,.T.);
#13156=EDGE_CURVE('',#11740,#11742,#9573,.T.);
#13158=EDGE_CURVE('',#11742,#11744,#9577,.T.);
#13160=EDGE_CURVE('',#11744,#11746,#9581,.T.);
#13162=EDGE_CURVE('',#11746,#11748,#9585,.T.);
#13164=EDGE_CURVE('',#11748,#11750,#9589,.T.);
#13166=EDGE_CURVE('',#11750,#11726,#9593,.T.);
#13168=EDGE_CURVE('',#11726,#11751,#9600,.T.);
#13170=EDGE_CURVE('',#11751,#11752,#9605,.T.);
#13172=EDGE_CURVE('',#11752,#11754,#9609,.T.);
#13174=EDGE_CURVE('',#11754,#11756,#9613,.T.);
#13176=EDGE_CURVE('',#11756,#11758,#9617,.T.);
#13178=EDGE_CURVE('',#11760,#11758,#10264,.T.);
#13180=EDGE_CURVE('',#11762,#11760,#10256,.T.);
#13182=EDGE_CURVE('',#11764,#11762,#10248,.T.);
#13184=EDGE_CURVE('',#11766,#11764,#10240,.T.);
#13186=EDGE_CURVE('',#11768,#11766,#10232,.T.);
#13188=EDGE_CURVE('',#11768,#11770,#9621,.T.);
#13190=EDGE_CURVE('',#11770,#11772,#9625,.T.);
#13192=EDGE_CURVE('',#11772,#11774,#9629,.T.);
#13194=EDGE_CURVE('',#11776,#11774,#10212,.T.);
#13196=EDGE_CURVE('',#11776,#11778,#9633,.T.);
#13198=EDGE_CURVE('',#11778,#11780,#9637,.T.);
#13200=EDGE_CURVE('',#11780,#11782,#9641,.T.);
#13202=EDGE_CURVE('',#11782,#11784,#9645,.T.);
#13204=EDGE_CURVE('',#11786,#11784,#10188,.T.);
#13206=EDGE_CURVE('',#11786,#11788,#9649,.T.);
#13208=EDGE_CURVE('',#11788,#11790,#9653,.T.);
#13210=EDGE_CURVE('',#11790,#11792,#9657,.T.);
#13212=EDGE_CURVE('',#11792,#11794,#9661,.T.);
#13214=EDGE_CURVE('',#11796,#11794,#10164,.T.);
#13216=EDGE_CURVE('',#11796,#11798,#9665,.T.);
#13218=EDGE_CURVE('',#11798,#11800,#9669,.T.);
#13220=EDGE_CURVE('',#11800,#11802,#9673,.T.);
#13222=EDGE_CURVE('',#11804,#11802,#10144,.T.);
#13224=EDGE_CURVE('',#11804,#11806,#9677,.T.);
#13226=EDGE_CURVE('',#11806,#11808,#9681,.T.);
#13228=EDGE_CURVE('',#11808,#11810,#9685,.T.);
#13230=EDGE_CURVE('',#11810,#11812,#9689,.T.);
#13232=EDGE_CURVE('',#11814,#11812,#10120,.T.);
#13234=EDGE_CURVE('',#11814,#11816,#9693,.T.);
#13236=EDGE_CURVE('',#11816,#11818,#9697,.T.);
#13238=EDGE_CURVE('',#11818,#11820,#9701,.T.);
#13240=EDGE_CURVE('',#11820,#11822,#9705,.T.);
#13242=EDGE_CURVE('',#11822,#11824,#9709,.T.);
#13244=EDGE_CURVE('',#11826,#11824,#10092,.T.);
#13246=EDGE_CURVE('',#11826,#11828,#9713,.T.);
#13248=EDGE_CURVE('',#11828,#11830,#9717,.T.);
#13250=EDGE_CURVE('',#11830,#11832,#9721,.T.);
#13252=EDGE_CURVE('',#11832,#11834,#9725,.T.);
#13254=EDGE_CURVE('',#11834,#11836,#9729,.T.);
#13256=EDGE_CURVE('',#11836,#11838,#9734,.T.);
#13258=EDGE_CURVE('',#11838,#11840,#9738,.T.);
#13260=EDGE_CURVE('',#11840,#11842,#9742,.T.);
#13262=EDGE_CURVE('',#11842,#11844,#9746,.T.);
#13264=EDGE_CURVE('',#11844,#11846,#9751,.T.);
#13266=EDGE_CURVE('',#11846,#11848,#9755,.T.);
#13268=EDGE_CURVE('',#11848,#11850,#9759,.T.);
#13270=EDGE_CURVE('',#11850,#11852,#9763,.T.);
#13272=EDGE_CURVE('',#11852,#11854,#9767,.T.);
#13274=EDGE_CURVE('',#11854,#11856,#9771,.T.);
#13276=EDGE_CURVE('',#11856,#11858,#9775,.T.);
#13278=EDGE_CURVE('',#11858,#11860,#9779,.T.);
#13280=EDGE_CURVE('',#11860,#11715,#9784,.T.);
#13284=EDGE_CURVE('',#11863,#11864,#9788,.T.);
#13286=EDGE_CURVE('',#11864,#11866,#9792,.T.);
#13288=EDGE_CURVE('',#11866,#11868,#9796,.T.);
#13290=EDGE_CURVE('',#11868,#11870,#9800,.T.);
#13292=EDGE_CURVE('',#11872,#11870,#10651,.T.);
#13294=EDGE_CURVE('',#11872,#11874,#9804,.T.);
#13296=EDGE_CURVE('',#11874,#11876,#9808,.T.);
#13298=EDGE_CURVE('',#11876,#11878,#9812,.T.);
#13300=EDGE_CURVE('',#11880,#11878,#10631,.T.);
#13302=EDGE_CURVE('',#11880,#11882,#9816,.T.);
#13304=EDGE_CURVE('',#11882,#11884,#9820,.T.);
#13306=EDGE_CURVE('',#11884,#11886,#9824,.T.);
#13308=EDGE_CURVE('',#11886,#11888,#9828,.T.);
#13310=EDGE_CURVE('',#11888,#11890,#9832,.T.);
#13312=EDGE_CURVE('',#11890,#11892,#9836,.T.);
#13314=EDGE_CURVE('',#11892,#11863,#9840,.T.);
#13326=EDGE_CURVE('',#12090,#11684,#9876,.T.);
#13328=EDGE_CURVE('',#12090,#11706,#9848,.T.);
#13340=EDGE_CURVE('',#11680,#12092,#9860,.T.);
#13342=EDGE_CURVE('',#12092,#12094,#9864,.T.);
#13344=EDGE_CURVE('',#12094,#12096,#9868,.T.);
#13346=EDGE_CURVE('',#12096,#12090,#9872,.T.);
#13358=EDGE_CURVE('',#12092,#11712,#9888,.T.);
#13371=EDGE_CURVE('',#12094,#11710,#9896,.T.);
#13384=EDGE_CURVE('',#12096,#11708,#9900,.T.);
#13422=EDGE_CURVE('',#11894,#11715,#9923,.T.);
#13424=EDGE_CURVE('',#11896,#11894,#10487,.T.);
#13426=EDGE_CURVE('',#11896,#11716,#9919,.T.);
#13437=EDGE_CURVE('',#11720,#11715,#9930,.T.);
#13439=EDGE_CURVE('',#11898,#11720,#10479,.T.);
#13441=EDGE_CURVE('',#11894,#11898,#10491,.T.);
#13453=EDGE_CURVE('',#11860,#11846,#9937,.T.);
#13456=EDGE_CURVE('',#11844,#11838,#9944,.T.);
#13459=EDGE_CURVE('',#11751,#11836,#10067,.T.);
#13463=EDGE_CURVE('',#11619,#11724,#10475,.T.);
#13467=EDGE_CURVE('',#11615,#11722,#9959,.T.);
#13478=EDGE_CURVE('',#11900,#11860,#9967,.T.);
#13480=EDGE_CURVE('',#11902,#11900,#10011,.T.);
#13482=EDGE_CURVE('',#11902,#11846,#9963,.T.);
#13494=EDGE_CURVE('',#11904,#11858,#9971,.T.);
#13496=EDGE_CURVE('',#11900,#11904,#10015,.T.);
#13508=EDGE_CURVE('',#11906,#11856,#9975,.T.);
#13510=EDGE_CURVE('',#11904,#11906,#10019,.T.);
#13522=EDGE_CURVE('',#11908,#11854,#9979,.T.);
#13524=EDGE_CURVE('',#11906,#11908,#10023,.T.);
#13536=EDGE_CURVE('',#11910,#11852,#9983,.T.);
#13538=EDGE_CURVE('',#11908,#11910,#9995,.T.);
#13550=EDGE_CURVE('',#11912,#11850,#9987,.T.);
#13552=EDGE_CURVE('',#11910,#11912,#9999,.T.);
#13564=EDGE_CURVE('',#11914,#11848,#9991,.T.);
#13566=EDGE_CURVE('',#11912,#11914,#10003,.T.);
#13579=EDGE_CURVE('',#11914,#11902,#10007,.T.);
#13606=EDGE_CURVE('',#11920,#11838,#10027,.T.);
#13609=EDGE_CURVE('',#11922,#11844,#10051,.T.);
#13611=EDGE_CURVE('',#11920,#11922,#10039,.T.);
#13623=EDGE_CURVE('',#11919,#11920,#10035,.T.);
#13625=EDGE_CURVE('',#11919,#11840,#10031,.T.);
#13637=EDGE_CURVE('',#11922,#11924,#10043,.T.);
#13639=EDGE_CURVE('',#11924,#11919,#10047,.T.);
#13650=EDGE_CURVE('',#11924,#11842,#10055,.T.);
#13674=EDGE_CURVE('',#11938,#11836,#10072,.T.);
#13676=EDGE_CURVE('',#11936,#11938,#10308,.T.);
#13678=EDGE_CURVE('',#11936,#11751,#10060,.T.);
#13690=EDGE_CURVE('',#11940,#11834,#10076,.T.);
#13692=EDGE_CURVE('',#11938,#11940,#10312,.T.);
#13704=EDGE_CURVE('',#11942,#11832,#10080,.T.);
#13706=EDGE_CURVE('',#11940,#11942,#10316,.T.);
#13718=EDGE_CURVE('',#11944,#11830,#10084,.T.);
#13720=EDGE_CURVE('',#11942,#11944,#10320,.T.);
#13732=EDGE_CURVE('',#11946,#11828,#10088,.T.);
#13734=EDGE_CURVE('',#11944,#11946,#10324,.T.);
#13746=EDGE_CURVE('',#11948,#11826,#10096,.T.);
#13748=EDGE_CURVE('',#11946,#11948,#10328,.T.);
#13760=EDGE_CURVE('',#11950,#11824,#10100,.T.);
#13762=EDGE_CURVE('',#11948,#11950,#10332,.T.);
#13774=EDGE_CURVE('',#11952,#11822,#10104,.T.);
#13776=EDGE_CURVE('',#11950,#11952,#10336,.T.);
#13788=EDGE_CURVE('',#11954,#11820,#10108,.T.);
#13790=EDGE_CURVE('',#11952,#11954,#10340,.T.);
#13802=EDGE_CURVE('',#11956,#11818,#10112,.T.);
#13804=EDGE_CURVE('',#11954,#11956,#10344,.T.);
#13816=EDGE_CURVE('',#11958,#11816,#10116,.T.);
#13818=EDGE_CURVE('',#11956,#11958,#10348,.T.);
#13830=EDGE_CURVE('',#11960,#11814,#10124,.T.);
#13832=EDGE_CURVE('',#11958,#11960,#10352,.T.);
#13844=EDGE_CURVE('',#11962,#11812,#10128,.T.);
#13846=EDGE_CURVE('',#11960,#11962,#10356,.T.);
#13858=EDGE_CURVE('',#11964,#11810,#10132,.T.);
#13860=EDGE_CURVE('',#11962,#11964,#10360,.T.);
#13872=EDGE_CURVE('',#11966,#11808,#10136,.T.);
#13874=EDGE_CURVE('',#11964,#11966,#10364,.T.);
#13886=EDGE_CURVE('',#11968,#11806,#10140,.T.);
#13888=EDGE_CURVE('',#11966,#11968,#10368,.T.);
#13900=EDGE_CURVE('',#11970,#11804,#10148,.T.);
#13902=EDGE_CURVE('',#11968,#11970,#10372,.T.);
#13914=EDGE_CURVE('',#11972,#11802,#10152,.T.);
#13916=EDGE_CURVE('',#11970,#11972,#10376,.T.);
#13928=EDGE_CURVE('',#11974,#11800,#10156,.T.);
#13930=EDGE_CURVE('',#11972,#11974,#10380,.T.);
#13942=EDGE_CURVE('',#11976,#11798,#10160,.T.);
#13944=EDGE_CURVE('',#11974,#11976,#10384,.T.);
#13956=EDGE_CURVE('',#11978,#11796,#10168,.T.);
#13958=EDGE_CURVE('',#11976,#11978,#10388,.T.);
#13970=EDGE_CURVE('',#11980,#11794,#10172,.T.);
#13972=EDGE_CURVE('',#11978,#11980,#10392,.T.);
#13984=EDGE_CURVE('',#11982,#11792,#10176,.T.);
#13986=EDGE_CURVE('',#11980,#11982,#10396,.T.);
#13998=EDGE_CURVE('',#11984,#11790,#10180,.T.);
#14000=EDGE_CURVE('',#11982,#11984,#10400,.T.);
#14012=EDGE_CURVE('',#11986,#11788,#10184,.T.);
#14014=EDGE_CURVE('',#11984,#11986,#10404,.T.);
#14026=EDGE_CURVE('',#11988,#11786,#10192,.T.);
#14028=EDGE_CURVE('',#11986,#11988,#10408,.T.);
#14040=EDGE_CURVE('',#11990,#11784,#10196,.T.);
#14042=EDGE_CURVE('',#11988,#11990,#10412,.T.);
#14054=EDGE_CURVE('',#11992,#11782,#10200,.T.);
#14056=EDGE_CURVE('',#11990,#11992,#10416,.T.);
#14068=EDGE_CURVE('',#11994,#11780,#10204,.T.);
#14070=EDGE_CURVE('',#11992,#11994,#10420,.T.);
#14082=EDGE_CURVE('',#11996,#11778,#10208,.T.);
#14084=EDGE_CURVE('',#11994,#11996,#10424,.T.);
#14096=EDGE_CURVE('',#11998,#11776,#10216,.T.);
#14098=EDGE_CURVE('',#11996,#11998,#10428,.T.);
#14110=EDGE_CURVE('',#12000,#11774,#10220,.T.);
#14112=EDGE_CURVE('',#11998,#12000,#10432,.T.);
#14124=EDGE_CURVE('',#12002,#11772,#10224,.T.);
#14126=EDGE_CURVE('',#12000,#12002,#10436,.T.);
#14138=EDGE_CURVE('',#12004,#11770,#10228,.T.);
#14140=EDGE_CURVE('',#12002,#12004,#10440,.T.);
#14152=EDGE_CURVE('',#12006,#11768,#10236,.T.);
#14154=EDGE_CURVE('',#12004,#12006,#10444,.T.);
#14166=EDGE_CURVE('',#12008,#11766,#10244,.T.);
#14168=EDGE_CURVE('',#12006,#12008,#10448,.T.);
#14180=EDGE_CURVE('',#12010,#11764,#10252,.T.);
#14182=EDGE_CURVE('',#12008,#12010,#10452,.T.);
#14194=EDGE_CURVE('',#12012,#11762,#10260,.T.);
#14196=EDGE_CURVE('',#12010,#12012,#10456,.T.);
#14208=EDGE_CURVE('',#11927,#11760,#10268,.T.);
#14210=EDGE_CURVE('',#12012,#11927,#10460,.T.);
#14222=EDGE_CURVE('',#11928,#11758,#10272,.T.);
#14224=EDGE_CURVE('',#11927,#11928,#10288,.T.);
#14236=EDGE_CURVE('',#11930,#11756,#10276,.T.);
#14238=EDGE_CURVE('',#11928,#11930,#10292,.T.);
#14250=EDGE_CURVE('',#11932,#11754,#10280,.T.);
#14252=EDGE_CURVE('',#11930,#11932,#10296,.T.);
#14264=EDGE_CURVE('',#11934,#11752,#10284,.T.);
#14266=EDGE_CURVE('',#11932,#11934,#10300,.T.);
#14279=EDGE_CURVE('',#11934,#11936,#10304,.T.);
#14356=EDGE_CURVE('',#11916,#11718,#10483,.T.);
#14358=EDGE_CURVE('',#11898,#11916,#10495,.T.);
#14371=EDGE_CURVE('',#11916,#11896,#10499,.T.);
#14395=EDGE_CURVE('',#12020,#11750,#10507,.T.);
#14397=EDGE_CURVE('',#12018,#12020,#10559,.T.);
#14399=EDGE_CURVE('',#12018,#11728,#10503,.T.);
#14411=EDGE_CURVE('',#12022,#11748,#10511,.T.);
#14413=EDGE_CURVE('',#12020,#12022,#10563,.T.);
#14425=EDGE_CURVE('',#12024,#11746,#10515,.T.);
#14427=EDGE_CURVE('',#12022,#12024,#10567,.T.);
#14439=EDGE_CURVE('',#12026,#11744,#10519,.T.);
#14441=EDGE_CURVE('',#12024,#12026,#10571,.T.);
#14453=EDGE_CURVE('',#12028,#11742,#10523,.T.);
#14455=EDGE_CURVE('',#12026,#12028,#10575,.T.);
#14467=EDGE_CURVE('',#12030,#11740,#10527,.T.);
#14469=EDGE_CURVE('',#12028,#12030,#10579,.T.);
#14481=EDGE_CURVE('',#12032,#11738,#10531,.T.);
#14483=EDGE_CURVE('',#12030,#12032,#10583,.T.);
#14495=EDGE_CURVE('',#12034,#11736,#10535,.T.);
#14497=EDGE_CURVE('',#12032,#12034,#10587,.T.);
#14509=EDGE_CURVE('',#12036,#11734,#10539,.T.);
#14511=EDGE_CURVE('',#12034,#12036,#10591,.T.);
#14523=EDGE_CURVE('',#12015,#11732,#10543,.T.);
#14525=EDGE_CURVE('',#12036,#12015,#10595,.T.);
#14537=EDGE_CURVE('',#12016,#11730,#10547,.T.);
#14539=EDGE_CURVE('',#12015,#12016,#10551,.T.);
#14552=EDGE_CURVE('',#12016,#12018,#10555,.T.);
#14584=EDGE_CURVE('',#12040,#11863,#10603,.T.);
#14586=EDGE_CURVE('',#12039,#12040,#10671,.T.);
#14588=EDGE_CURVE('',#12039,#11864,#10599,.T.);
#14599=EDGE_CURVE('',#12042,#11892,#10607,.T.);
#14601=EDGE_CURVE('',#12040,#12042,#10675,.T.);
#14613=EDGE_CURVE('',#12044,#11890,#10611,.T.);
#14615=EDGE_CURVE('',#12042,#12044,#10679,.T.);
#14627=EDGE_CURVE('',#12046,#11888,#10615,.T.);
#14629=EDGE_CURVE('',#12044,#12046,#10683,.T.);
#14641=EDGE_CURVE('',#12048,#11886,#10619,.T.);
#14643=EDGE_CURVE('',#12046,#12048,#10687,.T.);
#14655=EDGE_CURVE('',#12050,#11884,#10623,.T.);
#14657=EDGE_CURVE('',#12048,#12050,#10691,.T.);
#14669=EDGE_CURVE('',#12052,#11882,#10627,.T.);
#14671=EDGE_CURVE('',#12050,#12052,#10695,.T.);
#14683=EDGE_CURVE('',#12054,#11880,#10635,.T.);
#14685=EDGE_CURVE('',#12052,#12054,#10699,.T.);
#14697=EDGE_CURVE('',#12056,#11878,#10639,.T.);
#14699=EDGE_CURVE('',#12054,#12056,#10703,.T.);
#14711=EDGE_CURVE('',#12058,#11876,#10643,.T.);
#14713=EDGE_CURVE('',#12056,#12058,#10707,.T.);
#14725=EDGE_CURVE('',#12060,#11874,#10647,.T.);
#14727=EDGE_CURVE('',#12058,#12060,#10711,.T.);
#14739=EDGE_CURVE('',#12062,#11872,#10655,.T.);
#14741=EDGE_CURVE('',#12060,#12062,#10715,.T.);
#14753=EDGE_CURVE('',#12064,#11870,#10659,.T.);
#14755=EDGE_CURVE('',#12062,#12064,#10719,.T.);
#14767=EDGE_CURVE('',#12066,#11868,#10663,.T.);
#14769=EDGE_CURVE('',#12064,#12066,#10723,.T.);
#14781=EDGE_CURVE('',#12068,#11866,#10667,.T.);
#14783=EDGE_CURVE('',#12066,#12068,#10727,.T.);
#14796=EDGE_CURVE('',#12068,#12039,#10731,.T.);
#14825=EDGE_CURVE('',#12071,#12072,#10735,.T.);
#14827=EDGE_CURVE('',#12072,#12074,#10739,.T.);
#14829=EDGE_CURVE('',#12074,#12076,#10743,.T.);
#14831=EDGE_CURVE('',#12076,#12078,#10747,.T.);
#14833=EDGE_CURVE('',#12078,#12080,#10751,.T.);
#14835=EDGE_CURVE('',#12080,#12082,#10755,.T.);
#14837=EDGE_CURVE('',#12082,#12084,#10759,.T.);
#14839=EDGE_CURVE('',#12084,#12086,#10763,.T.);
#14841=EDGE_CURVE('',#12086,#12088,#10767,.T.);
#14843=EDGE_CURVE('',#12088,#12071,#10771,.T.);
#14853=EDGE_CURVE('',#11687,#11688,#10779,.T.);
#14855=EDGE_CURVE('',#12072,#11687,#10851,.T.);
#14858=EDGE_CURVE('',#12071,#11688,#10775,.T.);
#14869=EDGE_CURVE('',#11688,#11690,#10783,.T.);
#14871=EDGE_CURVE('',#11690,#11692,#10787,.T.);
#14873=EDGE_CURVE('',#11692,#11694,#10791,.T.);
#14875=EDGE_CURVE('',#11694,#11696,#10795,.T.);
#14877=EDGE_CURVE('',#11698,#11696,#10827,.T.);
#14879=EDGE_CURVE('',#11698,#11700,#10799,.T.);
#14881=EDGE_CURVE('',#11700,#11702,#10803,.T.);
#14883=EDGE_CURVE('',#11702,#11704,#10807,.T.);
#14885=EDGE_CURVE('',#11687,#11704,#10847,.T.);
#14898=EDGE_CURVE('',#12088,#11690,#10811,.T.);
#14911=EDGE_CURVE('',#12086,#11692,#10815,.T.);
#14924=EDGE_CURVE('',#12084,#11694,#10819,.T.);
#14937=EDGE_CURVE('',#12082,#11696,#10823,.T.);
#14950=EDGE_CURVE('',#12080,#11698,#10831,.T.);
#14963=EDGE_CURVE('',#12078,#11700,#10835,.T.);
#14976=EDGE_CURVE('',#12076,#11702,#10839,.T.);
#14989=EDGE_CURVE('',#12074,#11704,#10843,.T.);
#15012=EDGE_CURVE('',#11562,#11563,#10860,.T.);
#15027=EDGE_CURVE('',#11540,#11542,#10896,.T.);
#15038=EDGE_CURVE('',#11538,#11539,#10908,.T.);
#15063=EDGE_CURVE('',#11635,#11640,#10912,.T.);
#15090=EDGE_CURVE('',#11492,#12097,#10942,.T.);
#15092=EDGE_CURVE('',#12097,#12098,#10949,.T.);
#15094=EDGE_CURVE('',#12100,#12098,#11038,.T.);
#15096=EDGE_CURVE('',#12101,#12100,#11019,.T.);
#15098=EDGE_CURVE('',#12101,#11486,#10956,.T.);
#15109=EDGE_CURVE('',#12102,#11491,#11005,.T.);
#15111=EDGE_CURVE('',#12102,#12097,#10962,.T.);
#15124=EDGE_CURVE('',#11487,#12103,#10979,.T.);
#15126=EDGE_CURVE('',#12103,#12104,#10986,.T.);
#15128=EDGE_CURVE('',#12104,#12106,#10991,.T.);
#15130=EDGE_CURVE('',#12106,#12102,#10998,.T.);
#15143=EDGE_CURVE('',#12101,#12103,#11011,.T.);
#15177=EDGE_CURVE('',#12104,#12100,#11033,.T.);
#15187=EDGE_CURVE('',#12098,#12106,#11026,.T.);
#15233=EDGE_CURVE('',#11455,#12107,#11052,.T.);
#15235=EDGE_CURVE('',#12107,#12108,#11059,.T.);
#15237=EDGE_CURVE('',#12110,#12108,#11153,.T.);
#15239=EDGE_CURVE('',#12111,#12110,#11134,.T.);
#15241=EDGE_CURVE('',#12111,#11449,#11066,.T.);
#15253=EDGE_CURVE('',#12112,#11454,#11120,.T.);
#15255=EDGE_CURVE('',#12112,#12107,#11077,.T.);
#15268=EDGE_CURVE('',#11450,#12113,#11094,.T.);
#15270=EDGE_CURVE('',#12113,#12114,#11101,.T.);
#15272=EDGE_CURVE('',#12114,#12116,#11106,.T.);
#15274=EDGE_CURVE('',#12116,#12112,#11113,.T.);
#15287=EDGE_CURVE('',#12111,#12113,#11126,.T.);
#15321=EDGE_CURVE('',#12114,#12110,#11148,.T.);
#15331=EDGE_CURVE('',#12108,#12116,#11141,.T.);
#15378=EDGE_CURVE('',#11600,#12128,#11161,.T.);
#15380=EDGE_CURVE('',#12128,#11610,#11168,.T.);
#15391=EDGE_CURVE('',#11598,#12128,#11172,.T.);
#15405=EDGE_CURVE('',#11611,#11597,#11181,.T.);
#15420=B_SPLINE_CURVE_WITH_KNOTS('',3,(#15412,#15413,#15414,#15415,#15416,
#15417,#15418,#15419),.UNSPECIFIED.,.F.,.F.,(4,1,1,1,1,4),(0.E0,
2.809030329648E-2,2.030492630090E-1,6.938883145823E-1,9.719095989445E-1,1.E0),
.UNSPECIFIED.);
#15426=EDGE_CURVE('',#11583,#11581,#11185,.T.);
#15437=EDGE_CURVE('',#11579,#11569,#11189,.T.);
#15439=EDGE_CURVE('',#11569,#11566,#11194,.T.);
#15441=EDGE_CURVE('',#11566,#11567,#11199,.T.);
#15443=EDGE_CURVE('',#11567,#11581,#11203,.T.);
#15447=EDGE_CURVE('',#11585,#11579,#11212,.T.);
#15457=EDGE_CURVE('',#11510,#11459,#11228,.T.);
#15459=EDGE_CURVE('',#11510,#11548,#11219,.T.);
#15461=EDGE_CURVE('',#11553,#11548,#11312,.T.);
#15463=EDGE_CURVE('',#11569,#11553,#11283,.T.);
#15467=EDGE_CURVE('',#11460,#11459,#11224,.T.);
#15478=EDGE_CURVE('',#11459,#11456,#11233,.T.);
#15480=EDGE_CURVE('',#11456,#11512,#11237,.T.);
#15482=EDGE_CURVE('',#11512,#11510,#11242,.T.);
#15492=EDGE_CURVE('',#11456,#11457,#11271,.T.);
#15497=EDGE_CURVE('',#11462,#11463,#11254,.T.);
#15499=EDGE_CURVE('',#11465,#11463,#11365,.T.);
#15501=EDGE_CURVE('',#11465,#11466,#11261,.T.);
#15516=EDGE_CURVE('',#11549,#11567,#11288,.T.);
#15518=EDGE_CURVE('',#11545,#11549,#11295,.T.);
#15520=EDGE_CURVE('',#11545,#11512,#11278,.T.);
#15533=EDGE_CURVE('',#11552,#11553,#11305,.T.);
#15535=EDGE_CURVE('',#11549,#11552,#11300,.T.);
#15546=EDGE_CURVE('',#11546,#11548,#11322,.T.);
#15548=EDGE_CURVE('',#11545,#11546,#11317,.T.);
#15576=EDGE_CURVE('',#12133,#11462,#11354,.T.);
#15578=EDGE_CURVE('',#12133,#12135,#11328,.T.);
#15580=EDGE_CURVE('',#11463,#12135,#11372,.T.);
#15591=EDGE_CURVE('',#11466,#12129,#11340,.T.);
#15593=EDGE_CURVE('',#12129,#12130,#11347,.T.);
#15595=EDGE_CURVE('',#12132,#12130,#11425,.T.);
#15597=EDGE_CURVE('',#12133,#12132,#11406,.T.);
#15609=EDGE_CURVE('',#12134,#11465,#11398,.T.);
#15611=EDGE_CURVE('',#12134,#12129,#11360,.T.);
#15624=EDGE_CURVE('',#12135,#12136,#11379,.T.);
#15626=EDGE_CURVE('',#12136,#12138,#11384,.T.);
#15628=EDGE_CURVE('',#12138,#12134,#11391,.T.);
#15662=EDGE_CURVE('',#12136,#12132,#11420,.T.);
#15672=EDGE_CURVE('',#12130,#12138,#11413,.T.);
#15720=B_SPLINE_CURVE_WITH_KNOTS('',3,(#15712,#15713,#15714,#15715,#15716,
#15717,#15718,#15719),.UNSPECIFIED.,.F.,.F.,(4,1,1,1,1,4),(0.E0,
2.809030329858E-2,2.030492630107E-1,6.938883145830E-1,9.719095989445E-1,1.E0),
.UNSPECIFIED.);
#15724=EDGE_CURVE('',#11596,#11612,#11429,.T.);
#15747=(LENGTH_UNIT()NAMED_UNIT(*)SI_UNIT(.MILLI.,.METRE.));
#15749=(NAMED_UNIT(*)PLANE_ANGLE_UNIT()SI_UNIT($,.RADIAN.));
#15752=(NAMED_UNIT(*)SI_UNIT($,.STERADIAN.)SOLID_ANGLE_UNIT());
#15758=AXIS2_PLACEMENT_3D('',#15755,#15756,#15757);
#15759=ADVANCED_BREP_SHAPE_REPRESENTATION('',(#15758,#15746),#15754);
#15763=PRODUCT_DEFINITION('design','',#15762,#8549);
#15764=PRODUCT_DEFINITION_SHAPE('','SHAPE FOR DM4F_453_1_2_3_4_5.',#15763);
#15765=SHAPE_DEFINITION_REPRESENTATION(#15764,#15759);
#15766=NEXT_ASSEMBLY_USAGE_OCCURRENCE('82','Next assembly relationship','DM4F',
#15821,#15763,$);
#15767=PRODUCT_DEFINITION_SHAPE('Placement #82',
'Placement of DM4F_453_1_2_3_4_5 with respect to MDM1803-A_ASM_54_ASM',#15766);
#15776=AXIS2_PLACEMENT_3D('',#15773,#15774,#15775);
#15779=NEXT_ASSEMBLY_USAGE_OCCURRENCE('83','Next assembly relationship',
'DM4F_453_1_2_3_4_5',#15821,#15763,$);
#15780=PRODUCT_DEFINITION_SHAPE('Placement #83',
'Placement of DM4F_453_1_2_3_4_5 with respect to MDM1803-A_ASM_54_ASM',#15779);
#15789=AXIS2_PLACEMENT_3D('',#15786,#15787,#15788);
#15792=NEXT_ASSEMBLY_USAGE_OCCURRENCE('84','Next assembly relationship',
'DM4F_453_1_2_3_4_5',#15821,#15763,$);
#15793=PRODUCT_DEFINITION_SHAPE('Placement #84',
'Placement of DM4F_453_1_2_3_4_5 with respect to MDM1803-A_ASM_54_ASM',#15792);
#15802=AXIS2_PLACEMENT_3D('',#15799,#15800,#15801);
#15805=(LENGTH_UNIT()NAMED_UNIT(*)SI_UNIT(.MILLI.,.METRE.));
#15807=(NAMED_UNIT(*)PLANE_ANGLE_UNIT()SI_UNIT($,.RADIAN.));
#15810=(NAMED_UNIT(*)SI_UNIT($,.STERADIAN.)SOLID_ANGLE_UNIT());
#15816=AXIS2_PLACEMENT_3D('',#15813,#15814,#15815);
#15821=PRODUCT_DEFINITION('design','',#15820,#15817);
#15822=SHAPE_DEFINITION_REPRESENTATION(#15823,#15824);
#15823=PRODUCT_DEFINITION_SHAPE('','SHAPE FOR MDM1803-A_ASM_ASM.',#15849);
#15824=SHAPE_REPRESENTATION('',(#15830,#15845),#15841);
#15825=NEXT_ASSEMBLY_USAGE_OCCURRENCE('85','Next assembly relationship',
'MDM1803-A_ASM_54',#15849,#15821,$);
#15826=PRODUCT_DEFINITION_SHAPE('Placement #85',
'Placement of MDM1803-A_ASM_54_ASM with respect to MDM1803-A_ASM_ASM',#15825);
#15834=(LENGTH_UNIT()NAMED_UNIT(*)SI_UNIT(.MILLI.,.METRE.));
#15836=(NAMED_UNIT(*)PLANE_ANGLE_UNIT()SI_UNIT($,.RADIAN.));
#15839=(NAMED_UNIT(*)SI_UNIT($,.STERADIAN.)SOLID_ANGLE_UNIT());
#15845=AXIS2_PLACEMENT_3D('',#15842,#15843,#15844);
#15849=PRODUCT_DEFINITION('design','',#15848,#15817);
ENDSEC;
END-ISO-10303-21;
