ISO-10303-21;
HEADER;
FILE_DESCRIPTION((''),'2;1');
FILE_NAME('_GB_T845-2017_16510001','2026-07-01T13:56:03',('Administrator'),(''),
'CREO PARAMETRIC BY PTC INC, 2019010','CREO PARAMETRIC BY PTC INC, 2019010','');
FILE_SCHEMA(('CONFIG_CONTROL_DESIGN'));
ENDSEC;
DATA;
#2=CARTESIAN_POINT('',(0.E0,0.E0,-1.938876529029E0));
#3=DIRECTION('',(0.E0,0.E0,-1.E0));
#4=DIRECTION('',(-1.E0,0.E0,0.E0));
#5=AXIS2_PLACEMENT_3D('',#2,#3,#4);
#7=CARTESIAN_POINT('',(-1.525332935454E0,0.E0,-8.554131087028E-1));
#8=DIRECTION('',(0.E0,1.E0,0.E0));
#9=DIRECTION('',(-4.298796802063E-1,0.E0,-9.028861836055E-1));
#10=AXIS2_PLACEMENT_3D('',#7,#8,#9);
#12=CARTESIAN_POINT('',(1.525332935454E0,0.E0,-8.554131087028E-1));
#13=DIRECTION('',(0.E0,-1.E0,0.E0));
#14=DIRECTION('',(4.298796802063E-1,0.E0,-9.028861836055E-1));
#15=AXIS2_PLACEMENT_3D('',#12,#13,#14);
#17=CARTESIAN_POINT('',(0.E0,0.E0,-1.938876529029E0));
#18=DIRECTION('',(0.E0,0.E0,-1.E0));
#19=DIRECTION('',(1.E0,0.E0,0.E0));
#20=AXIS2_PLACEMENT_3D('',#17,#18,#19);
#22=CARTESIAN_POINT('',(0.E0,0.E0,2.348278752608E0));
#23=DIRECTION('',(0.E0,-1.E0,0.E0));
#24=DIRECTION('',(3.089998003287E-1,0.E0,-9.510621028076E-1));
#25=AXIS2_PLACEMENT_3D('',#22,#23,#24);
#27=CARTESIAN_POINT('',(0.E0,0.E0,2.348278752608E0));
#28=DIRECTION('',(0.E0,1.E0,0.E0));
#29=DIRECTION('',(-3.089998003287E-1,0.E0,-9.510621028076E-1));
#30=AXIS2_PLACEMENT_3D('',#27,#28,#29);
#32=CARTESIAN_POINT('',(1.426496508460E0,-2.692355571318E-1,-2.172647152403E0));
#33=CARTESIAN_POINT('',(1.412021615565E0,-2.505252987715E-1,-2.034308896452E0));
#34=CARTESIAN_POINT('',(1.382690415357E0,-2.134612484765E-1,-1.760023264133E0));
#35=CARTESIAN_POINT('',(1.337238317866E0,-1.589539395971E-1,-1.355789237684E0));
#36=CARTESIAN_POINT('',(1.305866539474E0,-1.233504164679E-1,-1.091121663750E0));
#37=CARTESIAN_POINT('',(1.289843409802E0,-1.057369155195E-1,-9.6E-1));
#39=CARTESIAN_POINT('',(1.467257138451E0,0.E0,-2.167616475268E0));
#40=CARTESIAN_POINT('',(1.467257138451E0,-3.035734979279E-2,-2.167616475268E0));
#41=CARTESIAN_POINT('',(1.464327077485E0,-9.107650129407E-2,-2.167955625253E0));
#42=CARTESIAN_POINT('',(1.450599291939E0,-1.812880436207E-1,-2.169665786742E0));
#43=CARTESIAN_POINT('',(1.435507598596E0,-2.402168369359E-1,-2.171532023019E0));
#44=CARTESIAN_POINT('',(1.426496508460E0,-2.692355571318E-1,-2.172647152403E0));
#46=CARTESIAN_POINT('',(1.426496508460E0,2.692355571318E-1,-2.172647152403E0));
#47=CARTESIAN_POINT('',(1.435507598333E0,2.402168377846E-1,-2.171532023052E0));
#48=CARTESIAN_POINT('',(1.450599291496E0,1.812880456511E-1,-2.169665786797E0));
#49=CARTESIAN_POINT('',(1.464327077306E0,9.107650336533E-2,-2.167955625275E0));
#50=CARTESIAN_POINT('',(1.467257138451E0,3.035735068175E-2,-2.167616475268E0));
#51=CARTESIAN_POINT('',(1.467257138451E0,0.E0,-2.167616475268E0));
#53=DIRECTION('',(-4.449304466199E-2,1.369355110750E-1,9.895802316050E-1));
#54=VECTOR('',#53,1.410120706422E0);
#55=CARTESIAN_POINT('',(5.524271672622E-1,-3.407669564172E-1,
-2.355427575252E0));
#56=LINE('',#55,#54);
#57=CARTESIAN_POINT('',(-1.497845410204E-2,2.858059300919E-1,2.308056225054E0));
#58=DIRECTION('',(-5.182662631444E-2,9.889109407697E-1,-1.391731009601E-1));
#59=DIRECTION('',(3.041423244698E-1,-1.171103296871E-1,-9.454007706506E-1));
#60=AXIS2_PLACEMENT_3D('',#57,#58,#59);
#62=DIRECTION('',(-1.005647941256E-1,1.005647941256E-1,9.898350591715E-1));
#63=VECTOR('',#62,1.416246601668E0);
#64=CARTESIAN_POINT('',(4.247547357185E-1,-4.247547357185E-1,
-2.361850538764E0));
#65=LINE('',#64,#63);
#66=CARTESIAN_POINT('',(-3.973532122187E-2,6.118702897548E-2,2.338025291412E0));
#67=DIRECTION('',(-5.393386453656E-1,8.305086836297E-1,-1.391731009601E-1));
#68=DIRECTION('',(1.247259928081E-1,-8.466275872967E-2,-9.885725284481E-1));
#69=AXIS2_PLACEMENT_3D('',#66,#67,#68);
#71=DIRECTION('',(-1.369355110750E-1,4.449304466198E-2,9.895802316050E-1));
#72=VECTOR('',#71,1.410120706422E0);
#73=CARTESIAN_POINT('',(3.407669564172E-1,-5.524271672622E-1,
-2.355427575252E0));
#74=LINE('',#73,#72);
#75=CARTESIAN_POINT('',(-6.118702897548E-2,3.973532122187E-2,2.338025291412E0));
#76=DIRECTION('',(-8.305086836297E-1,5.393386453656E-1,-1.391731009601E-1));
#77=DIRECTION('',(1.023529355997E-1,-9.783460558217E-2,-9.899253843218E-1));
#78=AXIS2_PLACEMENT_3D('',#75,#76,#77);
#80=CARTESIAN_POINT('',(2.692355571318E-1,-1.426496508460E0,-2.172647152403E0));
#81=CARTESIAN_POINT('',(2.509972478630E-1,-1.412386731451E0,-2.037798351967E0));
#82=CARTESIAN_POINT('',(2.145499292369E-1,-1.383732534461E0,-1.768147088526E0));
#83=CARTESIAN_POINT('',(1.600569445057E-1,-1.338065585258E0,-1.363934835446E0));
#84=CARTESIAN_POINT('',(1.238182896842E-1,-1.306292167135E0,-1.094604691612E0));
#85=CARTESIAN_POINT('',(1.057369155195E-1,-1.289843409802E0,-9.6E-1));
#87=CARTESIAN_POINT('',(-2.858059300919E-1,1.497845410204E-2,2.308056225054E0));
#88=DIRECTION('',(-9.889109407697E-1,5.182662631444E-2,-1.391731009601E-1));
#89=DIRECTION('',(1.322030136507E-1,-1.197190857150E-1,-9.839663122776E-1));
#90=AXIS2_PLACEMENT_3D('',#87,#88,#89);
#92=CARTESIAN_POINT('',(-2.692355571318E-1,-1.426496508460E0,
-2.172647152403E0));
#93=CARTESIAN_POINT('',(-2.505252987715E-1,-1.412021615565E0,
-2.034308896452E0));
#94=CARTESIAN_POINT('',(-2.134612484765E-1,-1.382690415357E0,
-1.760023264133E0));
#95=CARTESIAN_POINT('',(-1.589539395971E-1,-1.337238317866E0,
-1.355789237684E0));
#96=CARTESIAN_POINT('',(-1.233504164679E-1,-1.305866539474E0,
-1.091121663750E0));
#97=CARTESIAN_POINT('',(-1.057369155194E-1,-1.289843409802E0,-9.6E-1));
#99=CARTESIAN_POINT('',(2.692355571318E-1,-1.426496508460E0,-2.172647152403E0));
#100=CARTESIAN_POINT('',(2.112280089370E-1,-1.444509406404E0,
-2.170418042331E0));
#101=CARTESIAN_POINT('',(9.162773056604E-2,-1.468851886077E0,
-2.167402691111E0));
#102=CARTESIAN_POINT('',(-9.162773056602E-2,-1.468851886077E0,
-2.167402691111E0));
#103=CARTESIAN_POINT('',(-2.112280089370E-1,-1.444509406404E0,
-2.170418042331E0));
#104=CARTESIAN_POINT('',(-2.692355571318E-1,-1.426496508460E0,
-2.172647152403E0));
#106=DIRECTION('',(1.369355110750E-1,4.449304466198E-2,9.895802316050E-1));
#107=VECTOR('',#106,1.410120706422E0);
#108=CARTESIAN_POINT('',(-3.407669564172E-1,-5.524271672622E-1,
-2.355427575252E0));
#109=LINE('',#108,#107);
#110=CARTESIAN_POINT('',(2.858059300919E-1,1.497845410204E-2,2.308056225054E0));
#111=DIRECTION('',(9.889109407697E-1,5.182662631444E-2,-1.391731009601E-1));
#112=DIRECTION('',(-1.171103296871E-1,-3.041423244698E-1,-9.454007706506E-1));
#113=AXIS2_PLACEMENT_3D('',#110,#111,#112);
#115=DIRECTION('',(1.005647941256E-1,1.005647941256E-1,9.898350591715E-1));
#116=VECTOR('',#115,1.416246601668E0);
#117=CARTESIAN_POINT('',(-4.247547357185E-1,-4.247547357185E-1,
-2.361850538764E0));
#118=LINE('',#117,#116);
#119=CARTESIAN_POINT('',(6.118702897549E-2,3.973532122187E-2,2.338025291412E0));
#120=DIRECTION('',(8.305086836297E-1,5.393386453656E-1,-1.391731009601E-1));
#121=DIRECTION('',(-8.466275872967E-2,-1.247259928081E-1,-9.885725284481E-1));
#122=AXIS2_PLACEMENT_3D('',#119,#120,#121);
#124=DIRECTION('',(4.449304466198E-2,1.369355110750E-1,9.895802316050E-1));
#125=VECTOR('',#124,1.410120706422E0);
#126=CARTESIAN_POINT('',(-5.524271672622E-1,-3.407669564172E-1,
-2.355427575252E0));
#127=LINE('',#126,#125);
#128=CARTESIAN_POINT('',(3.973532122188E-2,6.118702897548E-2,2.338025291412E0));
#129=DIRECTION('',(5.393386453656E-1,8.305086836297E-1,-1.391731009601E-1));
#130=DIRECTION('',(-9.783460558217E-2,-1.023529355997E-1,-9.899253843218E-1));
#131=AXIS2_PLACEMENT_3D('',#128,#129,#130);
#133=CARTESIAN_POINT('',(-1.426496508460E0,-2.692355571318E-1,
-2.172647152403E0));
#134=CARTESIAN_POINT('',(-1.412386731451E0,-2.509972478629E-1,
-2.037798351966E0));
#135=CARTESIAN_POINT('',(-1.383732534461E0,-2.145499292366E-1,
-1.768147088524E0));
#136=CARTESIAN_POINT('',(-1.338065585257E0,-1.600569445054E-1,
-1.363934835444E0));
#137=CARTESIAN_POINT('',(-1.306292167135E0,-1.238182896841E-1,
-1.094604691611E0));
#138=CARTESIAN_POINT('',(-1.289843409802E0,-1.057369155195E-1,-9.6E-1));
#140=CARTESIAN_POINT('',(1.497845410204E-2,2.858059300919E-1,2.308056225054E0));
#141=DIRECTION('',(5.182662631444E-2,9.889109407697E-1,-1.391731009601E-1));
#142=DIRECTION('',(-1.197190857150E-1,-1.322030136507E-1,-9.839663122776E-1));
#143=AXIS2_PLACEMENT_3D('',#140,#141,#142);
#145=CARTESIAN_POINT('',(-1.426496508460E0,2.692355571318E-1,
-2.172647152403E0));
#146=CARTESIAN_POINT('',(-1.412021615565E0,2.505252987715E-1,
-2.034308896452E0));
#147=CARTESIAN_POINT('',(-1.382690415357E0,2.134612484765E-1,
-1.760023264133E0));
#148=CARTESIAN_POINT('',(-1.337238317866E0,1.589539395971E-1,
-1.355789237684E0));
#149=CARTESIAN_POINT('',(-1.305866539474E0,1.233504164679E-1,
-1.091121663750E0));
#150=CARTESIAN_POINT('',(-1.289843409802E0,1.057369155195E-1,-9.6E-1));
#152=CARTESIAN_POINT('',(-1.467257138451E0,0.E0,-2.167616475268E0));
#153=CARTESIAN_POINT('',(-1.467257138451E0,3.035734979279E-2,
-2.167616475268E0));
#154=CARTESIAN_POINT('',(-1.464327077485E0,9.107650129407E-2,
-2.167955625253E0));
#155=CARTESIAN_POINT('',(-1.450599291939E0,1.812880436207E-1,
-2.169665786742E0));
#156=CARTESIAN_POINT('',(-1.435507598596E0,2.402168369359E-1,
-2.171532023019E0));
#157=CARTESIAN_POINT('',(-1.426496508460E0,2.692355571318E-1,
-2.172647152403E0));
#159=CARTESIAN_POINT('',(-1.426496508460E0,-2.692355571318E-1,
-2.172647152403E0));
#160=CARTESIAN_POINT('',(-1.435507598333E0,-2.402168377846E-1,
-2.171532023052E0));
#161=CARTESIAN_POINT('',(-1.450599291496E0,-1.812880456511E-1,
-2.169665786797E0));
#162=CARTESIAN_POINT('',(-1.464327077306E0,-9.107650336533E-2,
-2.167955625275E0));
#163=CARTESIAN_POINT('',(-1.467257138451E0,-3.035735068175E-2,
-2.167616475268E0));
#164=CARTESIAN_POINT('',(-1.467257138451E0,0.E0,-2.167616475268E0));
#166=DIRECTION('',(4.449304466199E-2,-1.369355110750E-1,9.895802316050E-1));
#167=VECTOR('',#166,1.410120706422E0);
#168=CARTESIAN_POINT('',(-5.524271672622E-1,3.407669564172E-1,
-2.355427575252E0));
#169=LINE('',#168,#167);
#170=CARTESIAN_POINT('',(1.497845410204E-2,-2.858059300919E-1,
2.308056225054E0));
#171=DIRECTION('',(5.182662631444E-2,-9.889109407697E-1,-1.391731009601E-1));
#172=DIRECTION('',(-3.041423244698E-1,1.171103296871E-1,-9.454007706506E-1));
#173=AXIS2_PLACEMENT_3D('',#170,#171,#172);
#175=DIRECTION('',(1.005647941256E-1,-1.005647941256E-1,9.898350591715E-1));
#176=VECTOR('',#175,1.416246601668E0);
#177=CARTESIAN_POINT('',(-4.247547357185E-1,4.247547357185E-1,
-2.361850538764E0));
#178=LINE('',#177,#176);
#179=CARTESIAN_POINT('',(3.973532122188E-2,-6.118702897548E-2,
2.338025291412E0));
#180=DIRECTION('',(5.393386453656E-1,-8.305086836297E-1,-1.391731009601E-1));
#181=DIRECTION('',(-1.247259928081E-1,8.466275872967E-2,-9.885725284481E-1));
#182=AXIS2_PLACEMENT_3D('',#179,#180,#181);
#184=DIRECTION('',(1.369355110750E-1,-4.449304466198E-2,9.895802316050E-1));
#185=VECTOR('',#184,1.410120706422E0);
#186=CARTESIAN_POINT('',(-3.407669564172E-1,5.524271672622E-1,
-2.355427575252E0));
#187=LINE('',#186,#185);
#188=CARTESIAN_POINT('',(6.118702897549E-2,-3.973532122187E-2,
2.338025291412E0));
#189=DIRECTION('',(8.305086836297E-1,-5.393386453656E-1,-1.391731009601E-1));
#190=DIRECTION('',(-1.023529355997E-1,9.783460558217E-2,-9.899253843218E-1));
#191=AXIS2_PLACEMENT_3D('',#188,#189,#190);
#193=CARTESIAN_POINT('',(-2.692355571318E-1,1.426496508460E0,
-2.172647152403E0));
#194=CARTESIAN_POINT('',(-2.509972478630E-1,1.412386731451E0,
-2.037798351967E0));
#195=CARTESIAN_POINT('',(-2.145499292369E-1,1.383732534461E0,
-1.768147088526E0));
#196=CARTESIAN_POINT('',(-1.600569445057E-1,1.338065585258E0,
-1.363934835446E0));
#197=CARTESIAN_POINT('',(-1.238182896842E-1,1.306292167135E0,
-1.094604691612E0));
#198=CARTESIAN_POINT('',(-1.057369155195E-1,1.289843409802E0,-9.6E-1));
#200=CARTESIAN_POINT('',(2.858059300919E-1,-1.497845410204E-2,
2.308056225054E0));
#201=DIRECTION('',(9.889109407697E-1,-5.182662631444E-2,-1.391731009601E-1));
#202=DIRECTION('',(-1.322030136507E-1,1.197190857150E-1,-9.839663122776E-1));
#203=AXIS2_PLACEMENT_3D('',#200,#201,#202);
#205=CARTESIAN_POINT('',(2.692355571318E-1,1.426496508460E0,-2.172647152403E0));
#206=CARTESIAN_POINT('',(2.505252987715E-1,1.412021615565E0,-2.034308896452E0));
#207=CARTESIAN_POINT('',(2.134612484765E-1,1.382690415357E0,-1.760023264133E0));
#208=CARTESIAN_POINT('',(1.589539395971E-1,1.337238317866E0,-1.355789237684E0));
#209=CARTESIAN_POINT('',(1.233504164679E-1,1.305866539474E0,-1.091121663750E0));
#210=CARTESIAN_POINT('',(1.057369155195E-1,1.289843409802E0,-9.6E-1));
#212=CARTESIAN_POINT('',(-2.692355571318E-1,1.426496508460E0,
-2.172647152403E0));
#213=CARTESIAN_POINT('',(-2.112280089370E-1,1.444509406404E0,
-2.170418042331E0));
#214=CARTESIAN_POINT('',(-9.162773056603E-2,1.468851886077E0,
-2.167402691111E0));
#215=CARTESIAN_POINT('',(9.162773056603E-2,1.468851886077E0,-2.167402691111E0));
#216=CARTESIAN_POINT('',(2.112280089370E-1,1.444509406404E0,-2.170418042331E0));
#217=CARTESIAN_POINT('',(2.692355571318E-1,1.426496508460E0,-2.172647152403E0));
#219=DIRECTION('',(-1.369355110750E-1,-4.449304466199E-2,9.895802316050E-1));
#220=VECTOR('',#219,1.410120706422E0);
#221=CARTESIAN_POINT('',(3.407669564172E-1,5.524271672622E-1,
-2.355427575252E0));
#222=LINE('',#221,#220);
#223=CARTESIAN_POINT('',(-2.858059300919E-1,-1.497845410204E-2,
2.308056225054E0));
#224=DIRECTION('',(-9.889109407697E-1,-5.182662631444E-2,-1.391731009601E-1));
#225=DIRECTION('',(1.171103296871E-1,3.041423244698E-1,-9.454007706506E-1));
#226=AXIS2_PLACEMENT_3D('',#223,#224,#225);
#228=DIRECTION('',(-1.005647941256E-1,-1.005647941256E-1,9.898350591715E-1));
#229=VECTOR('',#228,1.416246601668E0);
#230=CARTESIAN_POINT('',(4.247547357185E-1,4.247547357185E-1,
-2.361850538764E0));
#231=LINE('',#230,#229);
#232=CARTESIAN_POINT('',(-6.118702897548E-2,-3.973532122187E-2,
2.338025291412E0));
#233=DIRECTION('',(-8.305086836297E-1,-5.393386453656E-1,-1.391731009601E-1));
#234=DIRECTION('',(8.466275872967E-2,1.247259928081E-1,-9.885725284481E-1));
#235=AXIS2_PLACEMENT_3D('',#232,#233,#234);
#237=DIRECTION('',(-4.449304466198E-2,-1.369355110750E-1,9.895802316050E-1));
#238=VECTOR('',#237,1.410120706422E0);
#239=CARTESIAN_POINT('',(5.524271672622E-1,3.407669564172E-1,
-2.355427575252E0));
#240=LINE('',#239,#238);
#241=CARTESIAN_POINT('',(-3.973532122187E-2,-6.118702897548E-2,
2.338025291412E0));
#242=DIRECTION('',(-5.393386453656E-1,-8.305086836297E-1,-1.391731009601E-1));
#243=DIRECTION('',(9.783460558217E-2,1.023529355997E-1,-9.899253843218E-1));
#244=AXIS2_PLACEMENT_3D('',#241,#242,#243);
#246=CARTESIAN_POINT('',(1.426496508460E0,2.692355571318E-1,-2.172647152403E0));
#247=CARTESIAN_POINT('',(1.412386731451E0,2.509972478629E-1,-2.037798351966E0));
#248=CARTESIAN_POINT('',(1.383732534461E0,2.145499292366E-1,-1.768147088524E0));
#249=CARTESIAN_POINT('',(1.338065585257E0,1.600569445053E-1,-1.363934835444E0));
#250=CARTESIAN_POINT('',(1.306292167135E0,1.238182896841E-1,-1.094604691611E0));
#251=CARTESIAN_POINT('',(1.289843409802E0,1.057369155195E-1,-9.6E-1));
#253=CARTESIAN_POINT('',(-1.497845410204E-2,-2.858059300919E-1,
2.308056225054E0));
#254=DIRECTION('',(-5.182662631444E-2,-9.889109407697E-1,-1.391731009601E-1));
#255=DIRECTION('',(1.197190857150E-1,1.322030136507E-1,-9.839663122776E-1));
#256=AXIS2_PLACEMENT_3D('',#253,#254,#255);
#258=CARTESIAN_POINT('',(5.75E-1,0.E0,-9.6E-1));
#259=DIRECTION('',(0.E0,0.E0,-1.E0));
#260=DIRECTION('',(9.892367007109E-1,1.463241263997E-1,0.E0));
#261=AXIS2_PLACEMENT_3D('',#258,#259,#260);
#263=DIRECTION('',(9.986295347546E-1,-5.233595624294E-2,0.E0));
#264=VECTOR('',#263,8.012548980995E-1);
#265=CARTESIAN_POINT('',(4.896866036926E-1,1.476713568058E-1,-9.6E-1));
#266=LINE('',#265,#264);
#267=DIRECTION('',(8.386705679454E-1,-5.446390350150E-1,0.E0));
#268=VECTOR('',#267,2.472441788554E-1);
#269=CARTESIAN_POINT('',(2.823301877907E-1,2.823301877907E-1,-9.6E-1));
#270=LINE('',#269,#268);
#271=DIRECTION('',(5.446390350150E-1,-8.386705679454E-1,0.E0));
#272=VECTOR('',#271,2.472441788554E-1);
#273=CARTESIAN_POINT('',(1.476713568058E-1,4.896866036926E-1,-9.6E-1));
#274=LINE('',#273,#272);
#275=DIRECTION('',(5.233595624294E-2,-9.986295347546E-1,0.E0));
#276=VECTOR('',#275,8.012548980995E-1);
#277=CARTESIAN_POINT('',(1.057369155195E-1,1.289843409802E0,-9.6E-1));
#278=LINE('',#277,#276);
#279=CARTESIAN_POINT('',(0.E0,5.75E-1,-9.6E-1));
#280=DIRECTION('',(0.E0,0.E0,-1.E0));
#281=DIRECTION('',(-1.463241263997E-1,9.892367007109E-1,0.E0));
#282=AXIS2_PLACEMENT_3D('',#279,#280,#281);
#284=DIRECTION('',(5.233595624294E-2,9.986295347546E-1,0.E0));
#285=VECTOR('',#284,8.012548980995E-1);
#286=CARTESIAN_POINT('',(-1.476713568058E-1,4.896866036926E-1,-9.6E-1));
#287=LINE('',#286,#285);
#288=DIRECTION('',(5.446390350150E-1,8.386705679454E-1,0.E0));
#289=VECTOR('',#288,2.472441788554E-1);
#290=CARTESIAN_POINT('',(-2.823301877907E-1,2.823301877907E-1,-9.6E-1));
#291=LINE('',#290,#289);
#292=DIRECTION('',(8.386705679454E-1,5.446390350150E-1,0.E0));
#293=VECTOR('',#292,2.472441788554E-1);
#294=CARTESIAN_POINT('',(-4.896866036925E-1,1.476713568058E-1,-9.6E-1));
#295=LINE('',#294,#293);
#296=DIRECTION('',(9.986295347546E-1,5.233595624294E-2,0.E0));
#297=VECTOR('',#296,8.012548980995E-1);
#298=CARTESIAN_POINT('',(-1.289843409802E0,1.057369155195E-1,-9.6E-1));
#299=LINE('',#298,#297);
#300=CARTESIAN_POINT('',(-5.75E-1,0.E0,-9.6E-1));
#301=DIRECTION('',(0.E0,0.E0,-1.E0));
#302=DIRECTION('',(-1.E0,0.E0,0.E0));
#303=AXIS2_PLACEMENT_3D('',#300,#301,#302);
#305=CARTESIAN_POINT('',(-5.75E-1,0.E0,-9.6E-1));
#306=DIRECTION('',(0.E0,0.E0,-1.E0));
#307=DIRECTION('',(-9.892367007109E-1,-1.463241263997E-1,0.E0));
#308=AXIS2_PLACEMENT_3D('',#305,#306,#307);
#310=DIRECTION('',(-9.986295347546E-1,5.233595624294E-2,0.E0));
#311=VECTOR('',#310,8.012548980995E-1);
#312=CARTESIAN_POINT('',(-4.896866036926E-1,-1.476713568058E-1,-9.6E-1));
#313=LINE('',#312,#311);
#314=DIRECTION('',(-8.386705679454E-1,5.446390350150E-1,0.E0));
#315=VECTOR('',#314,2.472441788554E-1);
#316=CARTESIAN_POINT('',(-2.823301877907E-1,-2.823301877907E-1,-9.6E-1));
#317=LINE('',#316,#315);
#318=DIRECTION('',(-5.446390350150E-1,8.386705679454E-1,0.E0));
#319=VECTOR('',#318,2.472441788554E-1);
#320=CARTESIAN_POINT('',(-1.476713568058E-1,-4.896866036926E-1,-9.6E-1));
#321=LINE('',#320,#319);
#322=DIRECTION('',(-5.233595624294E-2,9.986295347546E-1,0.E0));
#323=VECTOR('',#322,8.012548980995E-1);
#324=CARTESIAN_POINT('',(-1.057369155194E-1,-1.289843409802E0,-9.6E-1));
#325=LINE('',#324,#323);
#326=CARTESIAN_POINT('',(0.E0,-5.75E-1,-9.6E-1));
#327=DIRECTION('',(0.E0,0.E0,-1.E0));
#328=DIRECTION('',(1.463241263997E-1,-9.892367007109E-1,0.E0));
#329=AXIS2_PLACEMENT_3D('',#326,#327,#328);
#331=DIRECTION('',(-5.233595624294E-2,-9.986295347546E-1,0.E0));
#332=VECTOR('',#331,8.012548980995E-1);
#333=CARTESIAN_POINT('',(1.476713568058E-1,-4.896866036926E-1,-9.6E-1));
#334=LINE('',#333,#332);
#335=DIRECTION('',(-5.446390350150E-1,-8.386705679454E-1,0.E0));
#336=VECTOR('',#335,2.472441788554E-1);
#337=CARTESIAN_POINT('',(2.823301877907E-1,-2.823301877907E-1,-9.6E-1));
#338=LINE('',#337,#336);
#339=DIRECTION('',(-8.386705679454E-1,-5.446390350150E-1,0.E0));
#340=VECTOR('',#339,2.472441788554E-1);
#341=CARTESIAN_POINT('',(4.896866036926E-1,-1.476713568058E-1,-9.6E-1));
#342=LINE('',#341,#340);
#343=DIRECTION('',(-9.986295347546E-1,-5.233595624294E-2,0.E0));
#344=VECTOR('',#343,8.012548980995E-1);
#345=CARTESIAN_POINT('',(1.289843409802E0,-1.057369155195E-1,-9.6E-1));
#346=LINE('',#345,#344);
#347=CARTESIAN_POINT('',(0.E0,0.E0,-9.6E-1));
#348=DIRECTION('',(0.E0,0.E0,-1.E0));
#349=DIRECTION('',(1.E0,0.E0,0.E0));
#350=AXIS2_PLACEMENT_3D('',#347,#348,#349);
#352=CARTESIAN_POINT('',(1.525332935454E0,0.E0,-8.554131087028E-1));
#353=DIRECTION('',(0.E0,-1.E0,0.E0));
#354=DIRECTION('',(8.214475461921E-1,0.E0,-5.702840773290E-1));
#355=AXIS2_PLACEMENT_3D('',#352,#353,#354);
#357=CARTESIAN_POINT('',(0.E0,0.E0,-1.539754001498E0));
#358=DIRECTION('',(0.E0,0.E0,1.E0));
#359=DIRECTION('',(-1.E0,0.E0,0.E0));
#360=AXIS2_PLACEMENT_3D('',#357,#358,#359);
#362=CARTESIAN_POINT('',(-1.525332935454E0,0.E0,-8.554131087028E-1));
#363=DIRECTION('',(0.E0,1.E0,0.E0));
#364=DIRECTION('',(-8.214475461921E-1,0.E0,-5.702840773290E-1));
#365=AXIS2_PLACEMENT_3D('',#362,#363,#364);
#367=DIRECTION('',(-8.715574274766E-2,0.E0,9.961946980917E-1));
#368=VECTOR('',#367,9.091016189882E-1);
#369=CARTESIAN_POINT('',(-2.720766573164E0,0.E0,-9.6E-1));
#370=LINE('',#369,#368);
#371=DIRECTION('',(8.715574274766E-2,0.E0,9.961946980917E-1));
#372=VECTOR('',#371,9.091016189882E-1);
#373=CARTESIAN_POINT('',(2.720766573164E0,0.E0,-9.6E-1));
#374=LINE('',#373,#372);
#375=CARTESIAN_POINT('',(0.E0,0.E0,-9.6E-1));
#376=DIRECTION('',(0.E0,0.E0,-1.E0));
#377=DIRECTION('',(-1.E0,0.E0,0.E0));
#378=AXIS2_PLACEMENT_3D('',#375,#376,#377);
#380=CARTESIAN_POINT('',(0.E0,0.E0,-1.539754001498E0));
#381=DIRECTION('',(0.E0,0.E0,1.E0));
#382=DIRECTION('',(1.E0,0.E0,0.E0));
#383=AXIS2_PLACEMENT_3D('',#380,#381,#382);
#385=CARTESIAN_POINT('',(0.E0,0.E0,-5.435778713738E-2));
#386=DIRECTION('',(0.E0,0.E0,1.E0));
#387=DIRECTION('',(1.E0,0.E0,0.E0));
#388=AXIS2_PLACEMENT_3D('',#385,#386,#387);
#390=CARTESIAN_POINT('',(0.E0,0.E0,-5.435778713738E-2));
#391=DIRECTION('',(0.E0,0.E0,1.E0));
#392=DIRECTION('',(-1.E0,0.E0,0.E0));
#393=AXIS2_PLACEMENT_3D('',#390,#391,#392);
#395=CARTESIAN_POINT('',(-2.750190265095E0,0.E0,-5.E-2));
#396=DIRECTION('',(0.E0,1.E0,0.E0));
#397=DIRECTION('',(-9.961946980917E-1,0.E0,-8.715574274767E-2));
#398=AXIS2_PLACEMENT_3D('',#395,#396,#397);
#400=CARTESIAN_POINT('',(2.750190265095E0,0.E0,-5.E-2));
#401=DIRECTION('',(0.E0,-1.E0,0.E0));
#402=DIRECTION('',(9.961946980917E-1,0.E0,-8.715574274767E-2));
#403=AXIS2_PLACEMENT_3D('',#400,#401,#402);
#405=CARTESIAN_POINT('',(2.750190265095E0,0.E0,-5.E-2));
#406=DIRECTION('',(0.E0,-1.E0,0.E0));
#407=DIRECTION('',(7.372773368101E-1,0.E0,6.755902076157E-1));
#408=AXIS2_PLACEMENT_3D('',#405,#406,#407);
#410=CARTESIAN_POINT('',(0.E0,0.E0,-1.622048961922E-2));
#411=DIRECTION('',(0.E0,0.E0,1.E0));
#412=DIRECTION('',(-1.E0,0.E0,0.E0));
#413=AXIS2_PLACEMENT_3D('',#410,#411,#412);
#415=CARTESIAN_POINT('',(-2.750190265095E0,0.E0,-5.E-2));
#416=DIRECTION('',(0.E0,1.E0,0.E0));
#417=DIRECTION('',(-7.372773368101E-1,0.E0,6.755902076157E-1));
#418=AXIS2_PLACEMENT_3D('',#415,#416,#417);
#420=CARTESIAN_POINT('',(0.E0,0.E0,0.E0));
#421=DIRECTION('',(0.E0,0.E0,-1.E0));
#422=DIRECTION('',(1.E0,0.E0,0.E0));
#423=AXIS2_PLACEMENT_3D('',#420,#421,#422);
#425=CARTESIAN_POINT('',(0.E0,0.E0,0.E0));
#426=DIRECTION('',(0.E0,0.E0,-1.E0));
#427=DIRECTION('',(-1.E0,0.E0,0.E0));
#428=AXIS2_PLACEMENT_3D('',#425,#426,#427);
#430=CARTESIAN_POINT('',(0.E0,0.E0,0.E0));
#431=DIRECTION('',(0.E0,0.E0,1.E0));
#432=DIRECTION('',(1.E0,0.E0,0.E0));
#433=AXIS2_PLACEMENT_3D('',#430,#431,#432);
#435=CARTESIAN_POINT('',(0.E0,0.E0,0.E0));
#436=DIRECTION('',(0.E0,0.E0,1.E0));
#437=DIRECTION('',(-1.E0,0.E0,0.E0));
#438=AXIS2_PLACEMENT_3D('',#435,#436,#437);
#440=CARTESIAN_POINT('',(-1.24E0,0.E0,2.E-1));
#441=DIRECTION('',(0.E0,1.E0,0.E0));
#442=DIRECTION('',(7.071067811865E-1,0.E0,-7.071067811865E-1));
#443=AXIS2_PLACEMENT_3D('',#440,#441,#442);
#445=CARTESIAN_POINT('',(0.E0,0.E0,5.857864376269E-2));
#446=DIRECTION('',(0.E0,0.E0,1.E0));
#447=DIRECTION('',(-1.E0,0.E0,0.E0));
#448=AXIS2_PLACEMENT_3D('',#445,#446,#447);
#450=CARTESIAN_POINT('',(1.24E0,0.E0,2.E-1));
#451=DIRECTION('',(0.E0,-1.E0,0.E0));
#452=DIRECTION('',(-7.071067811865E-1,0.E0,-7.071067811865E-1));
#453=AXIS2_PLACEMENT_3D('',#450,#451,#452);
#455=CARTESIAN_POINT('',(0.E0,0.E0,5.857864376269E-2));
#456=DIRECTION('',(0.E0,0.E0,1.E0));
#457=DIRECTION('',(1.E0,0.E0,0.E0));
#458=AXIS2_PLACEMENT_3D('',#455,#456,#457);
#460=CARTESIAN_POINT('',(-9.775561094542E-2,1.035390317821E0,
2.000089677524E-1));
#461=CARTESIAN_POINT('',(9.568902296854E-3,1.045523393038E0,1.872291718724E-1));
#462=CARTESIAN_POINT('',(2.266755590551E-1,1.034591231994E0,1.633820305378E-1));
#463=CARTESIAN_POINT('',(5.341781939543E-1,9.247264647090E-1,
1.312856502054E-1));
#464=CARTESIAN_POINT('',(7.975749400467E-1,7.299272841006E-1,
1.022077704570E-1));
#465=CARTESIAN_POINT('',(9.288808434541E-1,5.542108449899E-1,
8.482610556988E-2));
#466=CARTESIAN_POINT('',(9.808741883271E-1,4.583085823068E-1,
7.652315842765E-2));
#468=CARTESIAN_POINT('',(0.E0,0.E0,2.E-1));
#469=DIRECTION('',(0.E0,0.E0,-1.E0));
#470=DIRECTION('',(-1.E0,0.E0,0.E0));
#471=AXIS2_PLACEMENT_3D('',#468,#469,#470);
#473=CARTESIAN_POINT('',(0.E0,0.E0,2.E-1));
#474=DIRECTION('',(0.E0,0.E0,-1.E0));
#475=DIRECTION('',(6.490564040975E-1,7.607402870231E-1,0.E0));
#476=AXIS2_PLACEMENT_3D('',#473,#474,#475);
#478=CARTESIAN_POINT('',(9.808741883271E-1,4.583085823068E-1,
7.652315842765E-2));
#479=CARTESIAN_POINT('',(9.505094106891E-1,4.919829172915E-1,
9.341420202881E-2));
#480=CARTESIAN_POINT('',(8.926142034979E-1,5.651913221703E-1,
1.243364700680E-1));
#481=CARTESIAN_POINT('',(7.940713479424E-1,6.811237200686E-1,
1.628813098255E-1));
#482=CARTESIAN_POINT('',(7.169847140504E-1,7.553612890088E-1,
1.877040034432E-1));
#483=CARTESIAN_POINT('',(6.750161032958E-1,7.911685100092E-1,
1.999953142312E-1));
#485=CARTESIAN_POINT('',(9.026598838744E-1,5.165465905226E-1,1.199998666607E1));
#486=CARTESIAN_POINT('',(9.829992417848E-1,4.508093919828E-1,1.199998666607E1));
#487=CARTESIAN_POINT('',(1.120826486857E0,2.957674483158E-1,1.200000619939E1));
#488=CARTESIAN_POINT('',(1.263947488627E0,-3.051913174885E-2,1.199999830303E1));
#489=CARTESIAN_POINT('',(1.300893562927E0,-4.157964881478E-1,1.200000058847E1));
#490=CARTESIAN_POINT('',(1.251243573700E0,-6.696317194416E-1,1.199999975820E1));
#491=CARTESIAN_POINT('',(1.203613454159E0,-7.976837148026E-1,1.199999975820E1));
#493=CARTESIAN_POINT('',(1.203613454159E0,-7.976837148026E-1,1.199999975820E1));
#494=CARTESIAN_POINT('',(1.079435381765E0,-9.896255863139E-1,1.197121623524E1));
#495=CARTESIAN_POINT('',(7.201351870919E-1,-1.331661971523E0,1.191148041473E1));
#496=CARTESIAN_POINT('',(-3.703031491006E-2,-1.519388266799E0,
1.182078081390E1));
#497=CARTESIAN_POINT('',(-8.000142211068E-1,-1.291594591376E0,
1.172791027310E1));
#498=CARTESIAN_POINT('',(-1.343799140905E0,-7.094141170144E-1,
1.163503903119E1));
#499=CARTESIAN_POINT('',(-1.518054440373E0,6.794601794790E-2,1.154216797715E1));
#500=CARTESIAN_POINT('',(-1.273539310080E0,8.316874576939E-1,1.144870116953E1));
#501=CARTESIAN_POINT('',(-7.703286172120E-1,1.277351695264E0,1.137041503936E1));
#502=CARTESIAN_POINT('',(-2.691948511894E-1,1.442604408405E0,1.130730957026E1));
#503=CARTESIAN_POINT('',(1.256616787595E-1,1.462283464206E0,1.125998046876E1));
#504=CARTESIAN_POINT('',(5.117700814129E-1,1.375566716239E0,1.121265136718E1));
#505=CARTESIAN_POINT('',(9.768083296219E-1,1.126856428042E0,1.114954589844E1));
#506=CARTESIAN_POINT('',(1.399886539888E0,5.979926107336E-1,1.107066406250E1));
#507=CARTESIAN_POINT('',(1.507956251082E0,-2.080796843729E-1,1.097600585938E1));
#508=CARTESIAN_POINT('',(1.239306011565E0,-8.299206733256E-1,1.089712402344E1));
#509=CARTESIAN_POINT('',(8.559328964738E-1,-1.191975395831E0,1.083401855469E1));
#510=CARTESIAN_POINT('',(3.901386475818E-1,-1.439747192767E0,1.077091308594E1));
#511=CARTESIAN_POINT('',(-2.850323752130E-1,-1.495577925356E0,1.069203125E1));
#512=CARTESIAN_POINT('',(-8.922848315378E-1,-1.195343979768E0,
1.061314941406E1));
#513=CARTESIAN_POINT('',(-1.234399439965E0,-7.936190172349E-1,
1.055004394531E1));
#514=CARTESIAN_POINT('',(-1.401612080461E0,-4.353710933878E-1,
1.050271484375E1));
#515=CARTESIAN_POINT('',(-1.466989979079E0,-4.508329781701E-2,
1.045538574219E1));
#516=CARTESIAN_POINT('',(-1.412130543425E0,4.794241545291E-1,1.039228027344E1));
#517=CARTESIAN_POINT('',(-1.081992894107E0,1.070779504877E0,1.031339843750E1));
#518=CARTESIAN_POINT('',(-3.762788382274E-1,1.475006263299E0,1.021874023437E1));
#519=CARTESIAN_POINT('',(3.009645701305E-1,1.460844974340E0,1.013985839844E1));
#520=CARTESIAN_POINT('',(7.809109979061E-1,1.242418802650E0,1.007675292969E1));
#521=CARTESIAN_POINT('',(1.186120762940E0,9.045428011544E-1,1.001364746094E1));
#522=CARTESIAN_POINT('',(1.492578472537E0,3.003436181952E-1,9.934765625E0));
#523=CARTESIAN_POINT('',(1.443663521464E0,-3.753066577740E-1,9.855883789062E0));
#524=CARTESIAN_POINT('',(1.200718244374E0,-8.437113366125E-1,9.792778320312E0));
#525=CARTESIAN_POINT('',(9.320428054717E-1,-1.133737457183E0,9.745449218750E0));
#526=CARTESIAN_POINT('',(5.952717357214E-1,-1.341545251980E0,9.698120117188E0));
#527=CARTESIAN_POINT('',(8.883435201526E-2,-1.488646583150E0,9.635014648437E0));
#528=CARTESIAN_POINT('',(-5.833770553670E-1,-1.406040035786E0,
9.556132812500E0));
#529=CARTESIAN_POINT('',(-1.224003171260E0,-9.050113135290E-1,
9.461474609375E0));
#530=CARTESIAN_POINT('',(-1.466424336012E0,-2.724837211272E-1,
9.382592773437E0));
#531=CARTESIAN_POINT('',(-1.445235479211E0,2.544029824070E-1,9.319487304688E0));
#532=CARTESIAN_POINT('',(-1.285226603196E0,7.571477542959E-1,9.256381835937E0));
#533=CARTESIAN_POINT('',(-8.413192203327E-1,1.268928191495E0,9.1775E0));
#534=CARTESIAN_POINT('',(-1.971538416512E-1,1.478563428906E0,9.098618164062E0));
#535=CARTESIAN_POINT('',(3.282957173282E-1,1.430312918170E0,9.035512695313E0));
#536=CARTESIAN_POINT('',(6.982601828354E-1,1.290928785843E0,8.988183593750E0));
#537=CARTESIAN_POINT('',(1.017777236419E0,1.057459975359E0,8.940854492187E0));
#538=CARTESIAN_POINT('',(1.345093053626E0,6.439603005680E-1,8.877749023437E0));
#539=CARTESIAN_POINT('',(1.522229497528E0,-9.732821718095E-3,8.798867187500E0));
#540=CARTESIAN_POINT('',(1.299954176046E0,-7.920532690740E-1,8.704208984375E0));
#541=CARTESIAN_POINT('',(8.056502048598E-1,-1.255219287191E0,8.625327148437E0));
#542=CARTESIAN_POINT('',(3.097139292445E-1,-1.434400135897E0,8.562221679688E0));
#543=CARTESIAN_POINT('',(-2.162440953344E-1,-1.475912814034E0,
8.499116210938E0));
#544=CARTESIAN_POINT('',(-8.576897456935E-1,-1.257920937819E0,8.420234375E0));
#545=CARTESIAN_POINT('',(-1.294884379738E0,-7.404686986531E-1,
8.341352539063E0));
#546=CARTESIAN_POINT('',(-1.448461603809E0,-2.356525072874E-1,
8.278247070313E0));
#547=CARTESIAN_POINT('',(-1.458974210071E0,1.595577243515E-1,8.230917968750E0));
#548=CARTESIAN_POINT('',(-1.363321814959E0,5.435491986169E-1,8.183588867187E0));
#549=CARTESIAN_POINT('',(-1.103888323997E0,1.002691757104E0,8.120483398437E0));
#550=CARTESIAN_POINT('',(-5.653502342192E-1,1.413384761355E0,8.041601562500E0));
#551=CARTESIAN_POINT('',(2.430125652703E-1,1.502722241131E0,7.946943359375E0));
#552=CARTESIAN_POINT('',(8.584526880537E-1,1.219715825060E0,7.868061523438E0));
#553=CARTESIAN_POINT('',(1.211514582943E0,8.280452180556E-1,7.804956054688E0));
#554=CARTESIAN_POINT('',(1.448411913903E0,3.566273560170E-1,7.741850585937E0));
#555=CARTESIAN_POINT('',(1.488561714632E0,-3.196573280925E-1,7.66296875E0));
#556=CARTESIAN_POINT('',(1.174318603128E0,-9.197800111566E-1,7.584086914062E0));
#557=CARTESIAN_POINT('',(7.647637555799E-1,-1.252481345191E0,7.520981445313E0));
#558=CARTESIAN_POINT('',(4.027324681626E-1,-1.411336590661E0,7.473652343750E0));
#559=CARTESIAN_POINT('',(1.103279247268E-2,-1.467641093711E0,7.426323242188E0));
#560=CARTESIAN_POINT('',(-5.120605545912E-1,-1.400626352763E0,
7.363217773437E0));
#561=CARTESIAN_POINT('',(-1.095596559935E0,-1.056856446648E0,7.284335937500E0));
#562=CARTESIAN_POINT('',(-1.483339904605E0,-3.419531667881E-1,
7.189677734375E0));
#563=CARTESIAN_POINT('',(-1.453468441983E0,3.347793298384E-1,7.110795898437E0));
#564=CARTESIAN_POINT('',(-1.223964944231E0,8.095284325584E-1,7.047690429687E0));
#565=CARTESIAN_POINT('',(-8.767778798438E-1,1.206789415273E0,6.984584960938E0));
#566=CARTESIAN_POINT('',(-2.656306646704E-1,1.499145468478E0,6.905703125E0));
#567=CARTESIAN_POINT('',(4.087027440044E-1,1.434566665449E0,6.826821289063E0));
#568=CARTESIAN_POINT('',(8.713442916380E-1,1.180818465019E0,6.763715820313E0));
#569=CARTESIAN_POINT('',(1.155058291129E0,9.054859232175E-1,6.716386718750E0));
#570=CARTESIAN_POINT('',(1.354996086273E0,5.639837840257E-1,6.669057617187E0));
#571=CARTESIAN_POINT('',(1.490307017062E0,5.426957267234E-2,6.605952148438E0));
#572=CARTESIAN_POINT('',(1.392125479882E0,-6.158441517353E-1,6.527070312500E0));
#573=CARTESIAN_POINT('',(8.763672857438E-1,-1.244672495618E0,6.432412109375E0));
#574=CARTESIAN_POINT('',(2.383851189721E-1,-1.472351943857E0,6.353530273438E0));
#575=CARTESIAN_POINT('',(-2.878680925690E-1,-1.438943511438E0,
6.290424804687E0));
#576=CARTESIAN_POINT('',(-7.867648500948E-1,-1.267312595239E0,
6.227319335938E0));
#577=CARTESIAN_POINT('',(-1.288107582089E0,-8.116499508010E-1,6.1484375E0));
#578=CARTESIAN_POINT('',(-1.482739899738E0,-1.627938582952E-1,
6.069555664063E0));
#579=CARTESIAN_POINT('',(-1.422310444864E0,3.613946877472E-1,6.006450195312E0));
#580=CARTESIAN_POINT('',(-1.274379602999E0,7.280254394682E-1,5.959121093750E0));
#581=CARTESIAN_POINT('',(-1.033559937106E0,1.042039326930E0,5.911791992188E0));
#582=CARTESIAN_POINT('',(-6.125769216506E-1,1.359672646883E0,5.848686523437E0));
#583=CARTESIAN_POINT('',(4.505028431368E-2,1.521593849503E0,5.769804687500E0));
#584=CARTESIAN_POINT('',(8.220026893762E-1,1.281226295206E0,5.675146484375E0));
#585=CARTESIAN_POINT('',(1.273574745245E0,7.763086240681E-1,5.596264648437E0));
#586=CARTESIAN_POINT('',(1.441200212811E0,2.763483570096E-1,5.533159179687E0));
#587=CARTESIAN_POINT('',(1.470497982666E0,-2.504312807390E-1,5.470053710938E0));
#588=CARTESIAN_POINT('',(1.237681419088E0,-8.866462036888E-1,5.391171875E0));
#589=CARTESIAN_POINT('',(7.102243224819E-1,-1.311716761473E0,5.312290039063E0));
#590=CARTESIAN_POINT('',(2.019806077492E-1,-1.453539458011E0,5.249184570312E0));
#591=CARTESIAN_POINT('',(-1.933671469006E-1,-1.454879225074E0,
5.201855468750E0));
#592=CARTESIAN_POINT('',(-5.750358325104E-1,-1.350342880082E0,
5.154526367187E0));
#593=CARTESIAN_POINT('',(-1.028035179593E0,-1.080325812494E0,5.091420898438E0));
#594=CARTESIAN_POINT('',(-1.426121990315E0,-5.324034557570E-1,
5.012539062500E0));
#595=CARTESIAN_POINT('',(-1.496679086910E0,2.778145994670E-1,4.917880859375E0));
#596=CARTESIAN_POINT('',(-1.199468889564E0,8.865224726403E-1,4.838999023438E0));
#597=CARTESIAN_POINT('',(-7.997116822953E-1,1.230401435723E0,4.775893554687E0));
#598=CARTESIAN_POINT('',(-3.229240402551E-1,1.456296744356E0,4.712788085938E0));
#599=CARTESIAN_POINT('',(3.541101630215E-1,1.480743994793E0,4.63390625E0));
#600=CARTESIAN_POINT('',(9.467799395040E-1,1.152660920101E0,4.555024414062E0));
#601=CARTESIAN_POINT('',(1.269888857668E0,7.354967104412E-1,4.491918945312E0));
#602=CARTESIAN_POINT('',(1.420301173245E0,3.698769935146E-1,4.444589843750E0));
#603=CARTESIAN_POINT('',(1.467501963829E0,-2.302365342739E-2,4.397260742188E0));
#604=CARTESIAN_POINT('',(1.388368001360E0,-5.444212380312E-1,4.334155273438E0));
#605=CARTESIAN_POINT('',(1.031150939756E0,-1.119823696125E0,4.255273437500E0));
#606=CARTESIAN_POINT('',(3.074433722579E-1,-1.490874848445E0,4.160615234375E0));
#607=CARTESIAN_POINT('',(-3.684138291744E-1,-1.445309296310E0,
4.081733398438E0));
#608=CARTESIAN_POINT('',(-8.377099803950E-1,-1.204852047587E0,
4.018627929687E0));
#609=CARTESIAN_POINT('',(-1.226808277463E0,-8.485408615656E-1,
3.955522460938E0));
#610=CARTESIAN_POINT('',(-1.504905256521E0,-2.307746835507E-1,3.876640625E0));
#611=CARTESIAN_POINT('',(-1.424697373692E0,4.418787661450E-1,3.797758789063E0));
#612=CARTESIAN_POINT('',(-1.160282879459E0,8.985080753862E-1,3.734653320312E0));
#613=CARTESIAN_POINT('',(-8.784414862831E-1,1.175757189316E0,3.687324218750E0));
#614=CARTESIAN_POINT('',(-5.323921578873E-1,1.367717329231E0,3.639995117187E0));
#615=CARTESIAN_POINT('',(-1.967557213041E-2,1.491165002098E0,3.576889648438E0));
#616=CARTESIAN_POINT('',(6.479796496870E-1,1.377461340493E0,3.498007812500E0));
#617=CARTESIAN_POINT('',(1.264671631865E0,8.472513820733E-1,3.403349609375E0));
#618=CARTESIAN_POINT('',(1.477486770653E0,2.041581594592E-1,3.324467773437E0));
#619=CARTESIAN_POINT('',(1.431876751230E0,-3.211782014964E-1,3.261362304688E0));
#620=CARTESIAN_POINT('',(1.248716208716E0,-8.159583160232E-1,3.198256835937E0));
#621=CARTESIAN_POINT('',(7.815436521321E-1,-1.306593397153E0,3.119375E0));
#622=CARTESIAN_POINT('',(1.283462193435E-1,-1.486117996175E0,3.040493164062E0));
#623=CARTESIAN_POINT('',(-3.942990668787E-1,-1.413542135120E0,
2.977387695313E0));
#624=CARTESIAN_POINT('',(-7.573986941924E-1,-1.257144236390E0,
2.930058593750E0));
#625=CARTESIAN_POINT('',(-1.065740336216E0,-1.009103383316E0,2.882729492188E0));
#626=CARTESIAN_POINT('',(-1.373520130733E0,-5.808637035414E-1,
2.819624023437E0));
#627=CARTESIAN_POINT('',(-1.520138906354E0,8.034348979349E-2,2.740742187500E0));
#628=CARTESIAN_POINT('',(-1.261808544033E0,8.515095061570E-1,2.646083984375E0));
#629=CARTESIAN_POINT('',(-7.465490435120E-1,1.291244452906E0,2.567202148437E0));
#630=CARTESIAN_POINT('',(-2.428339862879E-1,1.447224282180E0,2.504096679688E0));
#631=CARTESIAN_POINT('',(2.844836225833E-1,1.464291368507E0,2.440991210937E0));
#632=CARTESIAN_POINT('',(9.151252511886E-1,1.216775476539E0,2.362109375E0));
#633=CARTESIAN_POINT('',(1.327842855352E0,6.795975293872E-1,2.283227539062E0));
#634=CARTESIAN_POINT('',(1.457834660783E0,1.681999525938E-1,2.220122070313E0));
#635=CARTESIAN_POINT('',(1.450000866652E0,-2.270724514384E-1,2.172792968750E0));
#636=CARTESIAN_POINT('',(1.336636861158E0,-6.062128424086E-1,2.125463867187E0));
#637=CARTESIAN_POINT('',(1.056181595083E0,-1.052825054017E0,2.062358398438E0));
#638=CARTESIAN_POINT('',(4.991700837028E-1,-1.438091389657E0,1.983476562500E0));
#639=CARTESIAN_POINT('',(-3.124673252453E-1,-1.489829836497E0,
1.888818359375E0));
#640=CARTESIAN_POINT('',(-9.141140918809E-1,-1.178576742603E0,
1.809936523437E0));
#641=CARTESIAN_POINT('',(-1.248627207242E0,-7.709464396183E-1,
1.746831054687E0));
#642=CARTESIAN_POINT('',(-1.463389724270E0,-2.890528638509E-1,
1.683725585938E0));
#643=CARTESIAN_POINT('',(-1.472296259959E0,3.965005568095E-1,1.603902994792E0));
#644=CARTESIAN_POINT('',(-1.118867433811E0,9.902623228750E-1,1.523610026042E0));
#645=CARTESIAN_POINT('',(-6.750399430348E-1,1.304259642700E0,1.458623046875E0));
#646=CARTESIAN_POINT('',(-1.626879669698E-1,1.485072234464E0,1.393636067708E0));
#647=CARTESIAN_POINT('',(5.343836467448E-1,1.430297299797E0,1.312402343750E0));
#648=CARTESIAN_POINT('',(1.096548494896E0,1.014532274287E0,1.231168619792E0));
#649=CARTESIAN_POINT('',(1.364900598469E0,5.421449269808E-1,1.166181640624E0));
#650=CARTESIAN_POINT('',(1.494218475117E0,1.409821266620E-2,1.101194661466E0));
#651=CARTESIAN_POINT('',(1.368367699441E0,-6.744942772884E-1,1.019960937440E0));
#652=CARTESIAN_POINT('',(7.964174297155E-1,-1.285618727343E0,
9.224804689703E-1));
#653=CARTESIAN_POINT('',(3.447004570753E-3,-1.489095994312E0,
8.259830721061E-1));
#654=CARTESIAN_POINT('',(-7.546287877821E-1,-1.248121404205E0,
7.304687529229E-1));
#655=CARTESIAN_POINT('',(-1.259333765237E0,-6.655855475777E-1,
6.359374890806E-1));
#656=CARTESIAN_POINT('',(-1.382714806583E0,7.552847045413E-2,
5.414062907548E-1));
#657=CARTESIAN_POINT('',(-1.109711214841E0,7.514942631117E-1,
4.468748479002E-1));
#658=CARTESIAN_POINT('',(-5.443069475793E-1,1.171865263764E0,
3.523443176445E-1));
#659=CARTESIAN_POINT('',(1.309924473224E-1,1.233775561314E0,2.578103815219E-1));
#660=CARTESIAN_POINT('',(6.989746748181E-1,9.555350628869E-1,
1.658849460965E-1));
#661=CARTESIAN_POINT('',(9.194617925642E-1,6.270388233448E-1,
1.054375125303E-1));
#662=CARTESIAN_POINT('',(9.808741883271E-1,4.583085823068E-1,
7.652315842765E-2));
#664=CARTESIAN_POINT('',(0.E0,0.E0,1.2E1));
#665=DIRECTION('',(0.E0,0.E0,1.E0));
#666=DIRECTION('',(-9.999999999999E-1,-4.299497479908E-7,0.E0));
#667=AXIS2_PLACEMENT_3D('',#664,#665,#666);
#669=CARTESIAN_POINT('',(0.E0,0.E0,1.2E1));
#670=DIRECTION('',(0.E0,0.E0,1.E0));
#671=DIRECTION('',(8.679374175728E-1,4.966735740675E-1,0.E0));
#672=AXIS2_PLACEMENT_3D('',#669,#670,#671);
#674=CARTESIAN_POINT('',(-1.039749445445E0,3.408887096800E-5,1.179477806152E1));
#675=CARTESIAN_POINT('',(-1.039749445445E0,-1.017290399472E-1,
1.181186321289E1));
#676=CARTESIAN_POINT('',(-1.009982425149E0,-3.051480488927E-1,
1.184597840468E1));
#677=CARTESIAN_POINT('',(-8.789540802476E-1,-5.834663713386E-1,
1.189724010300E1));
#678=CARTESIAN_POINT('',(-6.722696877852E-1,-8.131864246538E-1,
1.194868331889E1));
#679=CARTESIAN_POINT('',(-4.962232515549E-1,-9.196353383823E-1,
1.198292192129E1));
#680=CARTESIAN_POINT('',(-4.023614601435E-1,-9.590156051343E-1,
1.200000451254E1));
#682=DIRECTION('',(-6.823235557755E-4,-1.668333536880E-4,9.999997533006E-1));
#683=VECTOR('',#682,2.052219891052E-1);
#684=CARTESIAN_POINT('',(-1.039749445445E0,3.408887096800E-5,1.179477806152E1));
#685=LINE('',#684,#683);
#686=CARTESIAN_POINT('',(1.038980116891E0,1.092151093872E-4,1.188917659785E1));
#687=CARTESIAN_POINT('',(1.038980116891E0,-1.218496451107E-1,1.186482817836E1));
#688=CARTESIAN_POINT('',(9.967380778413E-1,-3.651965062596E-1,
1.181877064666E1));
#689=CARTESIAN_POINT('',(8.139553297196E-1,-6.805736835555E-1,
1.175109189901E1));
#690=CARTESIAN_POINT('',(5.306233006672E-1,-9.198474379205E-1,
1.168542482591E1));
#691=CARTESIAN_POINT('',(1.807593026830E-1,-1.045646180057E0,1.162374646210E1));
#692=CARTESIAN_POINT('',(-1.831902295340E-1,-1.045062728033E0,
1.156302519931E1));
#693=CARTESIAN_POINT('',(-5.313195370571E-1,-9.193462130461E-1,
1.150172821542E1));
#694=CARTESIAN_POINT('',(-8.147607230204E-1,-6.796853304050E-1,
1.144030746249E1));
#695=CARTESIAN_POINT('',(-9.970043927378E-1,-3.642516454632E-1,
1.137997301681E1));
#696=CARTESIAN_POINT('',(-1.038877055984E0,-1.217551503532E-1,
1.133846289752E1));
#697=CARTESIAN_POINT('',(-1.038877055984E0,-1.081761699787E-4,
1.131780850465E1));
#699=DIRECTION('',(-1.169164706837E-3,2.196943445009E-4,9.999992923939E-1));
#700=VECTOR('',#699,6.445860162335E-1);
#701=CARTESIAN_POINT('',(1.039733744112E0,-3.239679292373E-5,1.124459103773E1));
#702=LINE('',#701,#700);
#703=CARTESIAN_POINT('',(-1.039672063231E0,4.775419346196E-5,1.069478856283E1));
#704=CARTESIAN_POINT('',(-1.039672063231E0,-1.199913258930E-1,
1.071490624491E1));
#705=CARTESIAN_POINT('',(-9.982011559543E-1,-3.608365557240E-1,
1.075522552757E1));
#706=CARTESIAN_POINT('',(-8.139754952675E-1,-6.816342523076E-1,
1.081675925223E1));
#707=CARTESIAN_POINT('',(-5.291903378706E-1,-9.198328850586E-1,
1.087788483974E1));
#708=CARTESIAN_POINT('',(-1.867435684558E-1,-1.044486627081E0,
1.093880202232E1));
#709=CARTESIAN_POINT('',(1.835201006903E-1,-1.045813038784E0,1.100020181388E1));
#710=CARTESIAN_POINT('',(5.317192753536E-1,-9.182548650458E-1,
1.106124103373E1));
#711=CARTESIAN_POINT('',(8.109059201825E-1,-6.844134531248E-1,
1.112216928976E1));
#712=CARTESIAN_POINT('',(9.974869128047E-1,-3.637548708941E-1,
1.118307369444E1));
#713=CARTESIAN_POINT('',(1.039733744112E0,-1.213722133366E-1,1.122421423874E1));
#714=CARTESIAN_POINT('',(1.039733744112E0,-3.239679292373E-5,1.124459103773E1));
#716=DIRECTION('',(1.276053174693E-3,-2.502812849783E-4,9.999991545234E-1));
#717=VECTOR('',#716,6.230204685664E-1);
#718=CARTESIAN_POINT('',(-1.039672063231E0,4.775419346196E-5,1.069478856283E1));
#719=LINE('',#718,#717);
#720=CARTESIAN_POINT('',(1.038894629882E0,1.026816383830E-4,1.076781429556E1));
#721=CARTESIAN_POINT('',(1.038894629882E0,-1.219322889406E-1,1.074714341105E1));
#722=CARTESIAN_POINT('',(9.968588262362E-1,-3.652620909835E-1,
1.070767112416E1));
#723=CARTESIAN_POINT('',(8.133879038634E-1,-6.809672779697E-1,
1.064627941493E1));
#724=CARTESIAN_POINT('',(5.324764337918E-1,-9.185605438098E-1,
1.058537838604E1));
#725=CARTESIAN_POINT('',(1.820843499378E-1,-1.045680512905E0,1.052369881571E1));
#726=CARTESIAN_POINT('',(-1.831791422352E-1,-1.044960441750E0,
1.046292911644E1));
#727=CARTESIAN_POINT('',(-5.296095146302E-1,-9.202630886949E-1,
1.040200137890E1));
#728=CARTESIAN_POINT('',(-8.148535194721E-1,-6.800218176731E-1,
1.034010931322E1));
#729=CARTESIAN_POINT('',(-9.974109644530E-1,-3.631036782943E-1,
1.027968980091E1));
#730=CARTESIAN_POINT('',(-1.038969698650E0,-1.211796282151E-1,
1.023831802887E1));
#731=CARTESIAN_POINT('',(-1.038969698650E0,-9.442692749962E-5,
1.021779172186E1));
#733=DIRECTION('',(-9.919946702491E-4,2.274786572567E-4,9.999994820999E-1));
#734=VECTOR('',#733,6.229869952788E-1);
#735=CARTESIAN_POINT('',(1.039512629661E0,-3.903460679144E-5,1.014482762292E1));
#736=LINE('',#735,#734);
#737=CARTESIAN_POINT('',(-1.039464757356E0,6.057665340395E-5,9.594912018303E0));
#738=CARTESIAN_POINT('',(-1.039464757356E0,-1.201585470213E-1,
9.615269357880E0));
#739=CARTESIAN_POINT('',(-9.980045832605E-1,-3.613141147085E-1,
9.654968009349E0));
#740=CARTESIAN_POINT('',(-8.146146782486E-1,-6.807052761885E-1,
9.716560672378E0));
#741=CARTESIAN_POINT('',(-5.295122713331E-1,-9.198675111125E-1,
9.778264848727E0));
#742=CARTESIAN_POINT('',(-1.861997277215E-1,-1.044479203253E0,
9.838005402504E0));
#743=CARTESIAN_POINT('',(1.824333445732E-1,-1.045944412372E0,9.900098456477E0));
#744=CARTESIAN_POINT('',(5.318681000337E-1,-9.183772729232E-1,
9.961311221335E0));
#745=CARTESIAN_POINT('',(8.111464988413E-1,-6.839373658456E-1,
1.002215376798E1));
#746=CARTESIAN_POINT('',(9.972297258674E-1,-3.645226356327E-1,
1.008308909392E1));
#747=CARTESIAN_POINT('',(1.039512629661E0,-1.217072751603E-1,1.012418448002E1));
#748=CARTESIAN_POINT('',(1.039512629661E0,-3.903460679144E-5,1.014482762292E1));
#750=DIRECTION('',(7.947899587601E-4,-2.488498601908E-4,9.999996531913E-1));
#751=VECTOR('',#750,6.228799195818E-1);
#752=CARTESIAN_POINT('',(-1.039464757356E0,6.057665340395E-5,9.594912018303E0));
#753=LINE('',#752,#751);
#754=CARTESIAN_POINT('',(1.039098924676E0,9.213704347877E-5,9.667855117328E0));
#755=CARTESIAN_POINT('',(1.039098924676E0,-1.218849681486E-1,9.647299032296E0));
#756=CARTESIAN_POINT('',(9.970255023570E-1,-3.650292376434E-1,
9.607048344170E0));
#757=CARTESIAN_POINT('',(8.123799146539E-1,-6.821765299299E-1,
9.546106039689E0));
#758=CARTESIAN_POINT('',(5.329510091865E-1,-9.179994742824E-1,
9.485602752177E0));
#759=CARTESIAN_POINT('',(1.827990369885E-1,-1.045786442274E0,9.423486422451E0));
#760=CARTESIAN_POINT('',(-1.843765137305E-1,-1.044722909912E0,
9.363345970329E0));
#761=CARTESIAN_POINT('',(-5.286431439210E-1,-9.205601092953E-1,
9.302098549264E0));
#762=CARTESIAN_POINT('',(-8.145173792154E-1,-6.808020461831E-1,
9.240213648686E0));
#763=CARTESIAN_POINT('',(-9.978170501976E-1,-3.619620319865E-1,
9.180048585869E0));
#764=CARTESIAN_POINT('',(-1.039222691524E0,-1.206355041500E-1,
9.138390172579E0));
#765=CARTESIAN_POINT('',(-1.039222691524E0,-8.270903205068E-5,
9.117960046752E0));
#767=DIRECTION('',(-4.161687234394E-4,2.521535396861E-4,9.999998816111E-1));
#768=VECTOR('',#767,6.231076872752E-1);
#769=CARTESIAN_POINT('',(1.039358242607E0,-6.498176547330E-5,9.044747503822E0));
#770=LINE('',#769,#768);
#771=CARTESIAN_POINT('',(-1.039289214156E0,7.802678398504E-5,8.494945940851E0));
#772=CARTESIAN_POINT('',(-1.039289214156E0,-1.205021057106E-1,
8.515391267918E0));
#773=CARTESIAN_POINT('',(-9.977399117442E-1,-3.620065888364E-1,
8.555393786002E0));
#774=CARTESIAN_POINT('',(-8.149589688734E-1,-6.800981964690E-1,
8.616123207801E0));
#775=CARTESIAN_POINT('',(-5.298788993E-1,-9.198347044422E-1,8.678226809485E0));
#776=CARTESIAN_POINT('',(-1.855225439474E-1,-1.044563173907E0,
8.739076594269E0));
#777=CARTESIAN_POINT('',(1.818209962608E-1,-1.045948502026E0,8.799489157953E0));
#778=CARTESIAN_POINT('',(5.318522457903E-1,-9.185895113750E-1,
8.861638357608E0));
#779=CARTESIAN_POINT('',(8.117379898017E-1,-6.831329991957E-1,
8.922040968259E0));
#780=CARTESIAN_POINT('',(9.969716784867E-1,-3.650414256304E-1,
8.982934948902E0));
#781=CARTESIAN_POINT('',(1.039358242607E0,-1.220234018289E-1,9.024332483145E0));
#782=CARTESIAN_POINT('',(1.039358242607E0,-6.498176547330E-5,9.044747503822E0));
#784=DIRECTION('',(1.067754789923E-4,-2.579970633853E-4,9.999999610183E-1));
#785=VECTOR('',#784,6.230141301867E-1);
#786=CARTESIAN_POINT('',(-1.039289214156E0,7.802678398504E-5,8.494945940851E0));
#787=LINE('',#786,#785);
#788=CARTESIAN_POINT('',(1.039343957355E0,6.082118181086E-5,8.568017333822E0));
#789=CARTESIAN_POINT('',(1.039343957355E0,-1.215322169460E-1,8.547359490961E0));
#790=CARTESIAN_POINT('',(9.973395154364E-1,-3.643285613772E-1,
8.507492967221E0));
#791=CARTESIAN_POINT('',(8.116330139777E-1,-6.831884361664E-1,
8.446021552689E0));
#792=CARTESIAN_POINT('',(5.332051988127E-1,-9.175331838889E-1,
8.385792010836E0));
#793=CARTESIAN_POINT('',(1.841539117442E-1,-1.045698528952E0,8.323829180170E0));
#794=CARTESIAN_POINT('',(-1.851314118555E-1,-1.044674639431E0,
8.262740896135E0));
#795=CARTESIAN_POINT('',(-5.279591962172E-1,-9.206681229147E-1,
8.202275330813E0));
#796=CARTESIAN_POINT('',(-8.137156778927E-1,-6.820193597480E-1,
8.140488097210E0));
#797=CARTESIAN_POINT('',(-9.981266199349E-1,-3.612583252814E-1,
8.079246306055E0));
#798=CARTESIAN_POINT('',(-1.039494816305E0,-1.201977466209E-1,
8.038392295498E0));
#799=CARTESIAN_POINT('',(-1.039494816305E0,-4.714268146592E-5,
8.018059081586E0));
#801=DIRECTION('',(2.336397860285E-4,2.262308483734E-4,9.999999471160E-1));
#802=VECTOR('',#801,6.230053697171E-1);
#803=CARTESIAN_POINT('',(1.039198398513E0,-8.012185152146E-5,7.945011997052E0));
#804=LINE('',#803,#802);
#805=CARTESIAN_POINT('',(-1.039121146232E0,8.502855907109E-5,7.394956612817E0));
#806=CARTESIAN_POINT('',(-1.039121146232E0,-1.209331161559E-1,
7.415463679418E0));
#807=CARTESIAN_POINT('',(-9.974080558358E-1,-3.629599299503E-1,
7.455399635588E0));
#808=CARTESIAN_POINT('',(-8.150497839281E-1,-6.797580159623E-1,
7.516526863095E0));
#809=CARTESIAN_POINT('',(-5.301926971231E-1,-9.198291198988E-1,
7.577250737464E0));
#810=CARTESIAN_POINT('',(-1.844854383120E-1,-1.044747337126E0,
7.639448201758E0));
#811=CARTESIAN_POINT('',(1.815311858457E-1,-1.045845342215E0,7.699382690197E0));
#812=CARTESIAN_POINT('',(5.317182047828E-1,-9.188627252802E-1,
7.761661335919E0));
#813=CARTESIAN_POINT('',(8.125153473351E-1,-6.821713836951E-1,
7.822182163487E0));
#814=CARTESIAN_POINT('',(9.968273172471E-1,-3.652457773411E-1,
7.882957075121E0));
#815=CARTESIAN_POINT('',(1.039198398513E0,-1.221287454911E-1,7.924395988514E0));
#816=CARTESIAN_POINT('',(1.039198398513E0,-8.012185152146E-5,7.945011997052E0));
#818=DIRECTION('',(-5.996926929280E-4,-2.121179427490E-4,9.999997976873E-1));
#819=VECTOR('',#818,6.231025948305E-1);
#820=CARTESIAN_POINT('',(-1.039121146232E0,8.502855907109E-5,7.394956612817E0));
#821=LINE('',#820,#819);
#822=CARTESIAN_POINT('',(1.039616822915E0,2.500307113484E-5,7.468107377286E0));
#823=CARTESIAN_POINT('',(1.039616822915E0,-1.210802531509E-1,7.447668439086E0));
#824=CARTESIAN_POINT('',(9.977128534596E-1,-3.632150899386E-1,
7.407374151335E0));
#825=CARTESIAN_POINT('',(8.113649089913E-1,-6.837948924668E-1,
7.345641715056E0));
#826=CARTESIAN_POINT('',(5.328521392451E-1,-9.174724627892E-1,
7.285640922206E0));
#827=CARTESIAN_POINT('',(1.856273904270E-1,-1.045454825019E0,7.224190072450E0));
#828=CARTESIAN_POINT('',(-1.855221165506E-1,-1.044798867998E0,
7.162433725154E0));
#829=CARTESIAN_POINT('',(-5.279404636812E-1,-9.204024530656E-1,
7.102757549538E0));
#830=CARTESIAN_POINT('',(-8.126114994405E-1,-6.834111098268E-1,
7.040676650991E0));
#831=CARTESIAN_POINT('',(-9.982916105615E-1,-3.610429691905E-1,
6.979411134271E0));
#832=CARTESIAN_POINT('',(-1.039738475816E0,-1.200688550571E-1,
6.938515623334E0));
#833=CARTESIAN_POINT('',(-1.039738475816E0,-6.300994359578E-6,
6.918402640936E0));
#835=DIRECTION('',(9.406001590179E-4,1.668308064131E-4,9.999995437193E-1));
#836=VECTOR('',#835,6.230582927952E-1);
#837=CARTESIAN_POINT('',(1.039030774186E0,-7.894224629455E-5,6.845049368780E0));
#838=LINE('',#837,#836);
#839=CARTESIAN_POINT('',(-1.039041811393E0,9.679471058101E-5,6.295095481887E0));
#840=CARTESIAN_POINT('',(-1.039041811393E0,-1.213617370347E-1,
6.315549740542E0));
#841=CARTESIAN_POINT('',(-9.971109891768E-1,-3.639019339410E-1,
6.355456729994E0));
#842=CARTESIAN_POINT('',(-8.147366390430E-1,-6.798634572988E-1,
6.416479817150E0));
#843=CARTESIAN_POINT('',(-5.307939304974E-1,-9.195997634950E-1,
6.478184970272E0));
#844=CARTESIAN_POINT('',(-1.832727675816E-1,-1.045051600719E0,
6.539067587931E0));
#845=CARTESIAN_POINT('',(1.816760725453E-1,-1.045633104791E0,6.599712085770E0));
#846=CARTESIAN_POINT('',(5.315203191319E-1,-9.191288038906E-1,
6.661391274996E0));
#847=CARTESIAN_POINT('',(8.133521564241E-1,-6.812094740829E-1,
6.722528859361E0));
#848=CARTESIAN_POINT('',(9.968443806872E-1,-3.650536119475E-1,
6.782728253645E0));
#849=CARTESIAN_POINT('',(1.039030774186E0,-1.220422106975E-1,6.824216901308E0));
#850=CARTESIAN_POINT('',(1.039030774186E0,-7.894224629455E-5,6.845049368780E0));
#852=DIRECTION('',(-1.117689677579E-3,-1.654010188050E-4,9.999993617059E-1));
#853=VECTOR('',#852,6.233075569027E-1);
#854=CARTESIAN_POINT('',(-1.039041811393E0,9.679471058101E-5,6.295095481887E0));
#855=LINE('',#854,#853);
#856=CARTESIAN_POINT('',(1.039865847347E0,6.729208738711E-7,6.368304780563E0));
#857=CARTESIAN_POINT('',(1.039865847347E0,-1.206296532776E-1,6.348169322038E0));
#858=CARTESIAN_POINT('',(9.980123140877E-1,-3.621946355800E-1,
6.307694275309E0));
#859=CARTESIAN_POINT('',(8.113338900389E-1,-6.842227785765E-1,
6.245843762597E0));
#860=CARTESIAN_POINT('',(5.316129558408E-1,-9.180461960630E-1,
6.185326417782E0));
#861=CARTESIAN_POINT('',(1.862902233419E-1,-1.045235663215E0,6.124674533528E0));
#862=CARTESIAN_POINT('',(-1.860401889184E-1,-1.044943123547E0,
6.062406774389E0));
#863=CARTESIAN_POINT('',(-5.290038663364E-1,-9.196077005290E-1,
6.002006840662E0));
#864=CARTESIAN_POINT('',(-8.118976032450E-1,-6.841111746451E-1,
5.941091285152E0));
#865=CARTESIAN_POINT('',(-9.982573736247E-1,-3.612093165880E-1,
5.879167101328E0));
#866=CARTESIAN_POINT('',(-1.039965658064E0,-1.201199741226E-1,
5.838486763767E0));
#867=CARTESIAN_POINT('',(-1.039965658064E0,-9.579540055609E-7,
5.818283619544E0));
#869=DIRECTION('',(1.388421667413E-3,1.517472717556E-4,9.999990246285E-1));
#870=VECTOR('',#869,6.230756684459E-1);
#871=CARTESIAN_POINT('',(1.039000755588E0,-9.387711191010E-5,5.745229719848E0));
#872=LINE('',#871,#870);
#873=CARTESIAN_POINT('',(-1.039011861812E0,1.013887097037E-4,5.195105562219E0));
#874=CARTESIAN_POINT('',(-1.039011861812E0,-1.216752107338E-1,
5.215635237345E0));
#875=CARTESIAN_POINT('',(-9.969434395994E-1,-3.645950788886E-1,
5.255837129614E0));
#876=CARTESIAN_POINT('',(-8.141147885976E-1,-6.804047611912E-1,
5.315806375511E0));
#877=CARTESIAN_POINT('',(-5.312777994721E-1,-9.193362171139E-1,
5.378342643201E0));
#878=CARTESIAN_POINT('',(-1.823203282791E-1,-1.045355829696E0,
5.439067077448E0));
#879=CARTESIAN_POINT('',(1.822632134188E-1,-1.045367533554E0,5.500042729600E0));
#880=CARTESIAN_POINT('',(5.312476860367E-1,-9.193564824316E-1,
5.561015424760E0));
#881=CARTESIAN_POINT('',(8.141306274864E-1,-6.804054292457E-1,
5.622961931182E0));
#882=CARTESIAN_POINT('',(9.969199925231E-1,-3.645604410206E-1,
5.682935123811E0));
#883=CARTESIAN_POINT('',(1.039000755588E0,-1.219070093394E-1,5.724802588064E0));
#884=CARTESIAN_POINT('',(1.039000755588E0,-9.387711191010E-5,5.745229719848E0));
#886=DIRECTION('',(-1.530533865816E-3,-1.642332255615E-4,9.999988152461E-1));
#887=VECTOR('',#886,6.231787956388E-1);
#888=CARTESIAN_POINT('',(-1.039011861812E0,1.013887097037E-4,5.195105562219E0));
#889=LINE('',#888,#887);
#890=CARTESIAN_POINT('',(1.040008538265E0,2.568165607076E-6,5.268457144440E0));
#891=CARTESIAN_POINT('',(1.040008538265E0,-1.203312721170E-1,5.248179966168E0));
#892=CARTESIAN_POINT('',(9.981182933001E-1,-3.617123772705E-1,
5.207744603191E0));
#893=CARTESIAN_POINT('',(8.114241743925E-1,-6.845007732291E-1,
5.145570439482E0));
#894=CARTESIAN_POINT('',(5.297107225446E-1,-9.191217078248E-1,
5.084879987952E0));
#895=CARTESIAN_POINT('',(1.862534951198E-1,-1.045018277916E0,5.024398941029E0));
#896=CARTESIAN_POINT('',(-1.862137744175E-1,-1.045131340335E0,
4.962477605285E0));
#897=CARTESIAN_POINT('',(-5.304375759673E-1,-9.186889139307E-1,
4.901603572905E0));
#898=CARTESIAN_POINT('',(-8.112050763416E-1,-6.845911272037E-1,
4.841520221279E0));
#899=CARTESIAN_POINT('',(-9.980191014009E-1,-3.620791759747E-1,
4.779278443314E0));
#900=CARTESIAN_POINT('',(-1.039982490460E0,-1.205253499858E-1,
4.738839306370E0));
#901=CARTESIAN_POINT('',(-1.039982490460E0,-5.324838625678E-6,
4.718530567873E0));
#903=DIRECTION('',(1.550093854205E-3,1.718631933914E-4,9.999987838353E-1));
#904=VECTOR('',#903,6.233065437332E-1);
#905=CARTESIAN_POINT('',(1.039042354622E0,-1.045552874607E-4,4.645151358750E0));
#906=LINE('',#905,#904);
#907=CARTESIAN_POINT('',(-1.039035156488E0,9.440857409341E-5,4.095182973304E0));
#908=CARTESIAN_POINT('',(-1.039035156488E0,-1.218868991648E-1,
4.115937160080E0));
#909=CARTESIAN_POINT('',(-9.968217690863E-1,-3.651565797932E-1,
4.155775380344E0));
#910=CARTESIAN_POINT('',(-8.134139664464E-1,-6.811114874514E-1,
4.216871612367E0));
#911=CARTESIAN_POINT('',(-5.315273722974E-1,-9.191414272297E-1,
4.277808147647E0));
#912=CARTESIAN_POINT('',(-1.816921696626E-1,-1.045619299325E0,
4.339306829485E0));
#913=CARTESIAN_POINT('',(1.831898507345E-1,-1.045067202667E0,4.400089485053E0));
#914=CARTESIAN_POINT('',(5.307679385155E-1,-9.196169677928E-1,
4.461192834741E0));
#915=CARTESIAN_POINT('',(8.147387623329E-1,-6.798857600764E-1,
4.522533166082E0));
#916=CARTESIAN_POINT('',(9.970945426657E-1,-3.638361110076E-1,
4.582880218316E0));
#917=CARTESIAN_POINT('',(1.039042354622E0,-1.216004327150E-1,4.624790494254E0));
#918=CARTESIAN_POINT('',(1.039042354622E0,-1.045552874607E-4,4.645151358750E0));
#920=DIRECTION('',(-1.519750575139E-3,-1.599962799844E-4,9.999988323790E-1));
#921=VECTOR('',#920,6.233483224037E-1);
#922=CARTESIAN_POINT('',(-1.039035156488E0,9.440857409341E-5,4.095182973304E0));
#923=LINE('',#922,#921);
#924=CARTESIAN_POINT('',(1.039909266173E0,1.061124233353E-5,4.168432850239E0));
#925=CARTESIAN_POINT('',(1.039909266173E0,-1.200366071862E-1,4.148175700160E0));
#926=CARTESIAN_POINT('',(9.982765456712E-1,-3.611048281767E-1,
4.107607516804E0));
#927=CARTESIAN_POINT('',(8.121692674511E-1,-6.839013434521E-1,
4.046246001734E0));
#928=CARTESIAN_POINT('',(5.282948817147E-1,-9.200797838224E-1,
3.984706136914E0));
#929=CARTESIAN_POINT('',(1.858144666628E-1,-1.044870310252E0,3.924159008071E0));
#930=CARTESIAN_POINT('',(-1.861940330374E-1,-1.045322738030E0,
3.863054974258E0));
#931=CARTESIAN_POINT('',(-5.323039512097E-1,-9.176762479982E-1,
3.801192289465E0));
#932=CARTESIAN_POINT('',(-8.112991014842E-1,-6.840918249990E-1,
3.741026702747E0));
#933=CARTESIAN_POINT('',(-9.978528099105E-1,-3.626220006765E-1,
3.679636981935E0));
#934=CARTESIAN_POINT('',(-1.039830758193E0,-1.209027388889E-1,
3.638668876716E0));
#935=CARTESIAN_POINT('',(-1.039830758193E0,-2.838124198160E-5,
3.618355824926E0));
#937=DIRECTION('',(1.303322802898E-3,1.712014088627E-4,9.999991360195E-1));
#938=VECTOR('',#937,6.231753682736E-1);
#939=CARTESIAN_POINT('',(1.039097067505E0,-9.607725868343E-5,3.545258020377E0));
#940=LINE('',#939,#938);
#941=CARTESIAN_POINT('',(-1.039120453640E0,7.863293792087E-5,2.995055066851E0));
#942=CARTESIAN_POINT('',(-1.039120453640E0,-1.220236492362E-1,
3.015470392476E0));
#943=CARTESIAN_POINT('',(-9.968220102223E-1,-3.653669221202E-1,
3.055343564129E0));
#944=CARTESIAN_POINT('',(-8.126127832275E-1,-6.820090505601E-1,
3.117314740607E0));
#945=CARTESIAN_POINT('',(-5.317919931590E-1,-9.188451759179E-1,
3.177520063102E0));
#946=CARTESIAN_POINT('',(-1.815861085883E-1,-1.045819375305E0,
3.239666427881E0));
#947=CARTESIAN_POINT('',(1.843279348611E-1,-1.044789988675E0,3.299848967677E0));
#948=CARTESIAN_POINT('',(5.302525005591E-1,-9.197949944180E-1,
3.361314820116E0));
#949=CARTESIAN_POINT('',(8.149722495074E-1,-6.798494550780E-1,
3.423113282944E0));
#950=CARTESIAN_POINT('',(9.974081086833E-1,-3.629277179268E-1,
3.483039320252E0));
#951=CARTESIAN_POINT('',(1.039097067505E0,-1.211554307076E-1,3.524805671604E0));
#952=CARTESIAN_POINT('',(1.039097067505E0,-9.607725868343E-5,3.545258020377E0));
#954=DIRECTION('',(-1.139584819140E-3,-1.716893609571E-4,9.999993359344E-1));
#955=VECTOR('',#954,6.233011719883E-1);
#956=CARTESIAN_POINT('',(-1.039120453640E0,7.863293792087E-5,2.995055066851E0));
#957=LINE('',#956,#955);
#958=CARTESIAN_POINT('',(1.039679243413E0,3.182180800809E-5,3.068340872917E0));
#959=CARTESIAN_POINT('',(1.039679243413E0,-1.200181703366E-1,3.047980336148E0));
#960=CARTESIAN_POINT('',(9.982077557270E-1,-3.611225825880E-1,
3.007690896228E0));
#961=CARTESIAN_POINT('',(8.131626389383E-1,-6.827429229427E-1,
2.946268250579E0));
#962=CARTESIAN_POINT('',(5.278417486100E-1,-9.205888349451E-1,
2.884420365022E0));
#963=CARTESIAN_POINT('',(1.853676097369E-1,-1.044720508480E0,2.824135970076E0));
#964=CARTESIAN_POINT('',(-1.849451602440E-1,-1.045587971379E0,
2.762823500526E0));
#965=CARTESIAN_POINT('',(-5.331289331032E-1,-9.174253459158E-1,
2.701148105314E0));
#966=CARTESIAN_POINT('',(-8.114510296975E-1,-6.835540564810E-1,
2.640937500192E0));
#967=CARTESIAN_POINT('',(-9.975070128584E-1,-3.637314255086E-1,
2.579824218827E0));
#968=CARTESIAN_POINT('',(-1.039542257389E0,-1.214002264144E-1,
2.538992703193E0));
#969=CARTESIAN_POINT('',(-1.039542257389E0,-4.451072411564E-5,
2.518367025590E0));
#971=DIRECTION('',(7.158448130139E-4,1.887444277832E-4,9.999997259708E-1));
#972=VECTOR('',#971,6.232294533877E-1);
#973=CARTESIAN_POINT('',(1.039233107841E0,-8.580927854919E-5,2.445111590312E0));
#974=LINE('',#973,#972);
#975=CARTESIAN_POINT('',(-1.039290296845E0,6.922994632303E-5,1.895156842377E0));
#976=CARTESIAN_POINT('',(-1.039290296845E0,-1.218798169584E-1,
1.915772543221E0));
#977=CARTESIAN_POINT('',(-9.969839973832E-1,-3.651289363519E-1,
1.955750122117E0));
#978=CARTESIAN_POINT('',(-8.118079408133E-1,-6.830116139622E-1,
2.017314702612E0));
#979=CARTESIAN_POINT('',(-5.318945738806E-1,-9.185897992067E-1,
2.077415346003E0));
#980=CARTESIAN_POINT('',(-1.818204330890E-1,-1.045930858259E0,
2.139564434721E0));
#981=CARTESIAN_POINT('',(1.853615906493E-1,-1.044598346476E0,2.200420752897E0));
#982=CARTESIAN_POINT('',(5.299462651230E-1,-9.198138103321E-1,
2.260455085401E0));
#983=CARTESIAN_POINT('',(8.149561651915E-1,-6.800855694691E-1,
2.323069259686E0));
#984=CARTESIAN_POINT('',(9.977314509228E-1,-3.620209433609E-1,
2.383371472431E0));
#985=CARTESIAN_POINT('',(1.039233107841E0,-1.206912575378E-1,2.424687941972E0));
#986=CARTESIAN_POINT('',(1.039233107841E0,-8.580927854919E-5,2.445111590312E0));
#988=DIRECTION('',(-4.042946119846E-4,-1.825077033599E-4,9.999999016184E-1));
#989=VECTOR('',#988,6.232102445254E-1);
#990=CARTESIAN_POINT('',(-1.039290296845E0,6.922994632303E-5,1.895156842377E0));
#991=LINE('',#990,#989);
#992=CARTESIAN_POINT('',(1.039403484078E0,5.702167181252E-5,1.968230459115E0));
#993=CARTESIAN_POINT('',(1.039403484078E0,-1.202463585753E-1,1.947853943703E0));
#994=CARTESIAN_POINT('',(9.979704543191E-1,-3.615934601646E-1,
1.907795037711E0));
#995=CARTESIAN_POINT('',(8.141888299618E-1,-6.813538245762E-1,
1.846200962569E0));
#996=CARTESIAN_POINT('',(5.281132910123E-1,-9.207400456102E-1,
1.785077672439E0));
#997=CARTESIAN_POINT('',(1.846844643619E-1,-1.044682911953E0,1.724007469149E0));
#998=CARTESIAN_POINT('',(-1.834916324135E-1,-1.045764848728E0,
1.662951819497E0));
#999=CARTESIAN_POINT('',(-5.333040425232E-1,-9.176305312256E-1,
1.601784389247E0));
#1000=CARTESIAN_POINT('',(-8.119938532043E-1,-6.826782929320E-1,
1.540558153479E0));
#1001=CARTESIAN_POINT('',(-9.971652694643E-1,-3.646434652273E-1,
1.479976860921E0));
#1002=CARTESIAN_POINT('',(-1.039239955278E0,-1.218766596360E-1,
1.438661055531E0));
#1003=CARTESIAN_POINT('',(-1.039239955278E0,-6.186024602194E-5,
1.418110108642E0));
#1005=DIRECTION('',(1.026904167639E-4,1.869415275299E-4,9.999999772538E-1));
#1006=VECTOR('',#1005,6.229830267906E-1);
#1007=CARTESIAN_POINT('',(1.039339509691E0,-5.943972684090E-5,
1.345247446495E0));
#1008=LINE('',#1007,#1006);
#1009=CARTESIAN_POINT('',(-1.039551409433E0,5.760987677539E-5,
7.153823232065E-1));
#1010=CARTESIAN_POINT('',(-1.039551409433E0,-1.218399298465E-1,
7.410356949814E-1));
#1011=CARTESIAN_POINT('',(-9.970728228432E-1,-3.651125889136E-1,
7.915913463966E-1));
#1012=CARTESIAN_POINT('',(-8.104960569327E-1,-6.847935646787E-1,
8.664342732870E-1));
#1013=CARTESIAN_POINT('',(-5.305826909058E-1,-9.191615162130E-1,
9.394486327680E-1));
#1014=CARTESIAN_POINT('',(-1.807797028888E-1,-1.046245126182E0,
1.012035902247E0));
#1015=CARTESIAN_POINT('',(1.878793589829E-1,-1.044160440591E0,
1.082355131663E0));
#1016=CARTESIAN_POINT('',(5.308235105655E-1,-9.191130159291E-1,
1.150758623183E0));
#1017=CARTESIAN_POINT('',(8.155851482037E-1,-6.794783258034E-1,
1.217617759889E0));
#1018=CARTESIAN_POINT('',(9.982221965244E-1,-3.605000816567E-1,
1.282657067292E0));
#1019=CARTESIAN_POINT('',(1.039339509691E0,-1.200311241527E-1,
1.324800441638E0));
#1020=CARTESIAN_POINT('',(1.039339509691E0,-5.943972684090E-5,
1.345247446495E0));
#1022=DIRECTION('',(4.432073500855E-4,-1.700090871786E-4,9.999998873321E-1));
#1023=VECTOR('',#1022,7.027278646102E-1);
#1024=CARTESIAN_POINT('',(-1.039551409433E0,5.760987677539E-5,
7.153823232065E-1));
#1025=LINE('',#1024,#1023);
#1026=CARTESIAN_POINT('',(1.039094750947E0,5.589156641359E-5,
8.677472927232E-1));
#1027=CARTESIAN_POINT('',(1.039094750947E0,-1.209467937069E-1,
8.473883953805E-1));
#1028=CARTESIAN_POINT('',(9.974886584565E-1,-3.631153278485E-1,
8.077482034457E-1));
#1029=CARTESIAN_POINT('',(8.140758114021E-1,-6.812050621114E-1,
7.495100094359E-1));
#1030=CARTESIAN_POINT('',(5.279452089561E-1,-9.211279280617E-1,
6.919801107197E-1));
#1031=CARTESIAN_POINT('',(1.822899590075E-1,-1.045107994026E0,
6.378614737035E-1));
#1032=CARTESIAN_POINT('',(-1.840166370264E-1,-1.045478510284E0,
5.850865381654E-1));
#1033=CARTESIAN_POINT('',(-5.342229383037E-1,-9.173947010619E-1,
5.331278992201E-1));
#1034=CARTESIAN_POINT('',(-8.136543571189E-1,-6.805071955881E-1,
4.839707170249E-1));
#1035=CARTESIAN_POINT('',(-9.970679173012E-1,-3.646596696143E-1,
4.359366467267E-1));
#1036=CARTESIAN_POINT('',(-1.038836413899E0,-1.219821505610E-1,
4.037399413045E-1));
#1037=CARTESIAN_POINT('',(-1.038836413899E0,-8.221791299802E-5,
3.879378778517E-1));
#1039=DIRECTION('',(-1.355674860140E-3,8.370159709624E-5,9.999990775694E-1));
#1040=VECTOR('',#1039,6.677479086743E-1);
#1041=CARTESIAN_POINT('',(1.04E0,0.E0,2.E-1));
#1042=LINE('',#1041,#1040);
#1043=DIRECTION('',(6.191214364800E-3,-4.374654556199E-4,9.999807385588E-1));
#1044=VECTOR('',#1043,1.879414978758E-1);
#1045=CARTESIAN_POINT('',(-1.04E0,0.E0,2.E-1));
#1046=LINE('',#1045,#1044);
#1047=CARTESIAN_POINT('',(1.203613454159E0,-7.976837148026E-1,
1.199999975820E1));
#1048=CARTESIAN_POINT('',(1.109292885060E0,-8.922859570218E-1,
1.199999975820E1));
#1049=CARTESIAN_POINT('',(9.057085716894E-1,-1.044329465496E0,
1.200000015540E1));
#1050=CARTESIAN_POINT('',(5.560152689525E-1,-1.178929771806E0,
1.199999981878E1));
#1051=CARTESIAN_POINT('',(1.978760375758E-1,-1.203823042736E0,
1.200000056947E1));
#1052=CARTESIAN_POINT('',(-1.380552584176E-1,-1.127475239716E0,
1.199999790335E1));
#1053=CARTESIAN_POINT('',(-3.195262817462E-1,-1.024370521965E0,
1.200000451254E1));
#1054=CARTESIAN_POINT('',(-4.023614601435E-1,-9.590156051343E-1,
1.200000451254E1));
#1056=CARTESIAN_POINT('',(1.039733744112E0,-3.239679292373E-5,
1.124459103773E1));
#1057=CARTESIAN_POINT('',(1.039733744112E0,1.199268000824E-1,1.126473598695E1));
#1058=CARTESIAN_POINT('',(9.983124742276E-1,3.606611083136E-1,
1.130550338706E1));
#1059=CARTESIAN_POINT('',(8.135825960251E-1,6.820986551879E-1,
1.136593859779E1));
#1060=CARTESIAN_POINT('',(5.294487956250E-1,9.195848651004E-1,
1.142862119453E1));
#1061=CARTESIAN_POINT('',(1.868979333904E-1,1.044555555496E0,1.148828249317E1));
#1062=CARTESIAN_POINT('',(-1.839962173378E-1,1.045714226651E0,
1.155032675027E1));
#1063=CARTESIAN_POINT('',(-5.314196090772E-1,9.183263548452E-1,
1.161121969612E1));
#1064=CARTESIAN_POINT('',(-8.106889620466E-1,6.847689236527E-1,
1.167194797792E1));
#1065=CARTESIAN_POINT('',(-9.976193985760E-1,3.634901219137E-1,
1.173323124359E1));
#1066=CARTESIAN_POINT('',(-1.039749445445E0,1.212592166058E-1,
1.177442540844E1));
#1067=CARTESIAN_POINT('',(-1.039749445445E0,3.408887096800E-5,
1.179477806152E1));
#1069=CARTESIAN_POINT('',(9.026598838744E-1,5.165465905226E-1,
1.199998666607E1));
#1070=CARTESIAN_POINT('',(9.325222676080E-1,4.643620540915E-1,
1.198734685659E1));
#1071=CARTESIAN_POINT('',(9.830096004243E-1,3.548527635990E-1,
1.196223313271E1));
#1072=CARTESIAN_POINT('',(1.030085590128E0,1.798945839966E-1,1.192596864271E1));
#1073=CARTESIAN_POINT('',(1.038980116891E0,6.005840635864E-2,1.190114512604E1));
#1074=CARTESIAN_POINT('',(1.038980116891E0,1.092151093872E-4,1.188917659785E1));
#1076=CARTESIAN_POINT('',(-1.038877055984E0,-1.081761699787E-4,
1.131780850465E1));
#1077=CARTESIAN_POINT('',(-1.038877055984E0,1.218643655597E-1,
1.129709883379E1));
#1078=CARTESIAN_POINT('',(-9.968427597493E-1,3.651175204447E-1,
1.125750925137E1));
#1079=CARTESIAN_POINT('',(-8.138622983854E-1,6.805029890460E-1,
1.119625199546E1));
#1080=CARTESIAN_POINT('',(-5.319175065069E-1,9.189833331637E-1,
1.113518081416E1));
#1081=CARTESIAN_POINT('',(-1.819093902339E-1,1.045573661186E0,
1.107367128025E1));
#1082=CARTESIAN_POINT('',(1.827087395717E-1,1.045103232705E0,1.101310279400E1));
#1083=CARTESIAN_POINT('',(5.302249823453E-1,9.199904734880E-1,
1.095170530540E1));
#1084=CARTESIAN_POINT('',(8.148470282566E-1,6.798247024275E-1,
1.089054631409E1));
#1085=CARTESIAN_POINT('',(9.971947509740E-1,3.637184162906E-1,
1.082982220196E1));
#1086=CARTESIAN_POINT('',(1.038894629882E0,1.214811826779E-1,1.078837398402E1));
#1087=CARTESIAN_POINT('',(1.038894629882E0,1.026816383830E-4,1.076781429556E1));
#1089=CARTESIAN_POINT('',(1.039512629661E0,-3.903460679144E-5,
1.014482762292E1));
#1090=CARTESIAN_POINT('',(1.039512629661E0,1.200525597561E-1,1.016520326026E1));
#1091=CARTESIAN_POINT('',(9.981346446706E-1,3.610626612486E-1,
1.020524209331E1));
#1092=CARTESIAN_POINT('',(8.142906908800E-1,6.811838495936E-1,
1.026683264245E1));
#1093=CARTESIAN_POINT('',(5.292579262501E-1,9.199016609845E-1,
1.032808206668E1));
#1094=CARTESIAN_POINT('',(1.864761922734E-1,1.044478414090E0,1.038861965095E1));
#1095=CARTESIAN_POINT('',(-1.830612007655E-1,1.045873666118E0,
1.044998277301E1));
#1096=CARTESIAN_POINT('',(-5.318621096940E-1,9.182706548301E-1,
1.051143010613E1));
#1097=CARTESIAN_POINT('',(-8.110731810443E-1,6.841280831627E-1,
1.057174400527E1));
#1098=CARTESIAN_POINT('',(-9.973326044712E-1,3.640996527548E-1,
1.063283018497E1));
#1099=CARTESIAN_POINT('',(-1.039672063231E0,1.216075820829E-1,
1.067441601442E1));
#1100=CARTESIAN_POINT('',(-1.039672063231E0,4.775419346196E-5,
1.069478856283E1));
#1102=CARTESIAN_POINT('',(-1.038969698650E0,-9.442692749962E-5,
1.021779172186E1));
#1103=CARTESIAN_POINT('',(-1.038969698650E0,1.219375756193E-1,
1.019710491355E1));
#1104=CARTESIAN_POINT('',(-9.969298733534E-1,3.652050826066E-1,
1.015738598424E1));
#1105=CARTESIAN_POINT('',(-8.128890066386E-1,6.815353577838E-1,
1.009639727196E1));
#1106=CARTESIAN_POINT('',(-5.328321585143E-1,9.182167572648E-1,
1.003557755246E1));
#1107=CARTESIAN_POINT('',(-1.824457928995E-1,1.045743516095E0,
9.973638431277E0));
#1108=CARTESIAN_POINT('',(1.837357920820E-1,1.044833823800E0,9.913351397081E0));
#1109=CARTESIAN_POINT('',(5.290212459618E-1,9.204819826097E-1,
9.851944714172E0));
#1110=CARTESIAN_POINT('',(8.147235336990E-1,6.803829399006E-1,
9.790115262571E0));
#1111=CARTESIAN_POINT('',(9.975996215067E-1,3.625394367455E-1,
9.729848080247E0));
#1112=CARTESIAN_POINT('',(1.039098924676E0,1.209272526316E-1,9.688218749561E0));
#1113=CARTESIAN_POINT('',(1.039098924676E0,9.213704347877E-5,9.667855117328E0));
#1115=CARTESIAN_POINT('',(1.039358242607E0,-6.498176547330E-5,
9.044747503822E0));
#1116=CARTESIAN_POINT('',(1.039358242607E0,1.203610955600E-1,9.064906020613E0));
#1117=CARTESIAN_POINT('',(9.978464983451E-1,3.616951398962E-1,
9.104703291178E0));
#1118=CARTESIAN_POINT('',(8.148815279306E-1,6.802990974016E-1,
9.166884846637E0));
#1119=CARTESIAN_POINT('',(5.296070318E-1,9.199107274601E-1,9.227857016335E0));
#1120=CARTESIAN_POINT('',(1.859170321283E-1,1.044502910924E0,9.288966633789E0));
#1121=CARTESIAN_POINT('',(-1.822020782488E-1,1.045949334013E0,
9.349491208746E0));
#1122=CARTESIAN_POINT('',(-5.319246652488E-1,9.184363409998E-1,
9.411656730169E0));
#1123=CARTESIAN_POINT('',(-8.114478561232E-1,6.835249853060E-1,
9.472151771342E0));
#1124=CARTESIAN_POINT('',(-9.970816761241E-1,3.647894818991E-1,
9.533049487163E0));
#1125=CARTESIAN_POINT('',(-1.039464757356E0,1.218858349688E-1,
9.574282703459E0));
#1126=CARTESIAN_POINT('',(-1.039464757356E0,6.057665340395E-5,
9.594912018303E0));
#1128=CARTESIAN_POINT('',(-1.039222691524E0,-8.270903205068E-5,
9.117960046752E0));
#1129=CARTESIAN_POINT('',(-1.039222691524E0,1.217021504949E-1,
9.097321122523E0));
#1130=CARTESIAN_POINT('',(-9.971883945575E-1,3.646606040443E-1,
9.057250002454E0));
#1131=CARTESIAN_POINT('',(-8.120398545017E-1,6.826035428657E-1,
8.996153431309E0));
#1132=CARTESIAN_POINT('',(-5.333546310735E-1,9.176054952312E-1,
8.935446996434E0));
#1133=CARTESIAN_POINT('',(-1.835678478351E-1,1.045751640814E0,
8.873777866779E0));
#1134=CARTESIAN_POINT('',(1.846692001357E-1,1.044695461976E0,8.812879872146E0));
#1135=CARTESIAN_POINT('',(5.281152512183E-1,9.207269064168E-1,
8.752175811484E0));
#1136=CARTESIAN_POINT('',(8.141314546830E-1,6.814311038671E-1,
8.690248166508E0));
#1137=CARTESIAN_POINT('',(9.980136255968E-1,3.615174982480E-1,
8.629784925907E0));
#1138=CARTESIAN_POINT('',(1.039343957355E0,1.203639319023E-1,8.588456026655E0));
#1139=CARTESIAN_POINT('',(1.039343957355E0,6.082118181086E-5,8.568017333822E0));
#1141=CARTESIAN_POINT('',(1.039198398513E0,-8.012185152146E-5,
7.945011997052E0));
#1142=CARTESIAN_POINT('',(1.039198398513E0,1.207315725015E-1,7.965419068005E0));
#1143=CARTESIAN_POINT('',(9.975697636989E-1,3.624872960266E-1,
8.005554777814E0));
#1144=CARTESIAN_POINT('',(8.150247166917E-1,6.799065929821E-1,
8.066414690411E0));
#1145=CARTESIAN_POINT('',(5.299959904700E-1,9.198692752175E-1,
8.127875541643E0));
#1146=CARTESIAN_POINT('',(1.849169400415E-1,1.044657769194E0,8.189040266078E0));
#1147=CARTESIAN_POINT('',(-1.816462824154E-1,1.045913207399E0,
8.249699318092E0));
#1148=CARTESIAN_POINT('',(-5.319596640423E-1,9.186336202382E-1,
8.311023162601E0));
#1149=CARTESIAN_POINT('',(-8.121187496185E-1,6.826246241198E-1,
8.372176133037E0));
#1150=CARTESIAN_POINT('',(-9.968739877602E-1,3.652074379282E-1,
8.433121624585E0));
#1151=CARTESIAN_POINT('',(-1.039289214156E0,1.220928579735E-1,
8.474257349131E0));
#1152=CARTESIAN_POINT('',(-1.039289214156E0,7.802678398504E-5,
8.494945940851E0));
#1154=CARTESIAN_POINT('',(-1.039494816305E0,-4.714268146592E-5,
8.018059081586E0));
#1155=CARTESIAN_POINT('',(-1.039494816305E0,1.213267768305E-1,
7.997518844684E0));
#1156=CARTESIAN_POINT('',(-9.975108684310E-1,3.638033033998E-1,
7.957486724145E0));
#1157=CARTESIAN_POINT('',(-8.114721777118E-1,6.835127514312E-1,
7.895702578914E0));
#1158=CARTESIAN_POINT('',(-5.330875061147E-1,9.174627547042E-1,
7.835983253521E0));
#1159=CARTESIAN_POINT('',(-1.849094113773E-1,1.045584135630E0,
7.774075217827E0));
#1160=CARTESIAN_POINT('',(1.853564047050E-1,1.044729098693E0,7.712597095260E0));
#1161=CARTESIAN_POINT('',(5.279208379786E-1,9.205459539253E-1,
7.652791213495E0));
#1162=CARTESIAN_POINT('',(8.131633205139E-1,6.827300330651E-1,
7.590424309653E0));
#1163=CARTESIAN_POINT('',(9.982383272045E-1,3.610831775760E-1,
7.529345074668E0));
#1164=CARTESIAN_POINT('',(1.039616822915E0,1.200928689627E-1,7.488371235085E0));
#1165=CARTESIAN_POINT('',(1.039616822915E0,2.500307113484E-5,7.468107377286E0));
#1167=CARTESIAN_POINT('',(1.039030774186E0,-7.894224629455E-5,
6.845049368780E0));
#1168=CARTESIAN_POINT('',(1.039030774186E0,1.211209521194E-1,6.865751444816E0));
#1169=CARTESIAN_POINT('',(9.972964004784E-1,3.634022442543E-1,
6.905746469230E0));
#1170=CARTESIAN_POINT('',(8.149013137712E-1,6.797839532752E-1,
6.966234992824E0));
#1171=CARTESIAN_POINT('',(5.305539679399E-1,9.196949010056E-1,
7.028116222101E0));
#1172=CARTESIAN_POINT('',(1.837905703930E-1,1.044910767525E0,7.088796641089E0));
#1173=CARTESIAN_POINT('',(-1.815010310312E-1,1.045747655639E0,
7.149868790231E0));
#1174=CARTESIAN_POINT('',(-5.316404667521E-1,9.190033222669E-1,
7.211577715107E0));
#1175=CARTESIAN_POINT('',(-8.129427112607E-1,6.816568613411E-1,
7.272253912315E0));
#1176=CARTESIAN_POINT('',(-9.967825936689E-1,3.652726500745E-1,
7.333228305138E0));
#1177=CARTESIAN_POINT('',(-1.039121146232E0,1.221266334897E-1,
7.374276116299E0));
#1178=CARTESIAN_POINT('',(-1.039121146232E0,8.502855907109E-5,
7.394956612817E0));
#1180=CARTESIAN_POINT('',(-1.039738475816E0,-6.300994359578E-6,
6.918402640936E0));
#1181=CARTESIAN_POINT('',(-1.039738475816E0,1.208882691930E-1,
6.898150278481E0));
#1182=CARTESIAN_POINT('',(-9.978868274246E-1,3.626449718412E-1,
6.857413633716E0));
#1183=CARTESIAN_POINT('',(-8.113113757971E-1,6.840526000495E-1,
6.795734187088E0));
#1184=CARTESIAN_POINT('',(-5.323345827406E-1,9.176749414856E-1,
6.735567372499E0));
#1185=CARTESIAN_POINT('',(-1.861061295397E-1,1.045340035085E0,
6.674140658259E0));
#1186=CARTESIAN_POINT('',(1.858312922173E-1,1.044862420269E0,6.612579593796E0));
#1187=CARTESIAN_POINT('',(5.283528409950E-1,9.200563919735E-1,
6.552204357632E0));
#1188=CARTESIAN_POINT('',(8.122300162781E-1,6.838248238945E-1,
6.490770555013E0));
#1189=CARTESIAN_POINT('',(9.983013762289E-1,3.610469658046E-1,
6.429331245288E0));
#1190=CARTESIAN_POINT('',(1.039865847347E0,1.200709481636E-1,6.388346756105E0));
#1191=CARTESIAN_POINT('',(1.039865847347E0,6.729208738711E-7,6.368304780563E0));
#1193=CARTESIAN_POINT('',(1.039000755588E0,-9.387711191010E-5,
5.745229719848E0));
#1194=CARTESIAN_POINT('',(1.039000755588E0,1.215510814523E-1,5.765628650193E0));
#1195=CARTESIAN_POINT('',(9.970268913216E-1,3.642500195972E-1,
5.805921044983E0));
#1196=CARTESIAN_POINT('',(8.144587612486E-1,6.801004474237E-1,
5.866169081717E0));
#1197=CARTESIAN_POINT('',(5.309947286857E-1,9.194930409921E-1,
5.927982473413E0));
#1198=CARTESIAN_POINT('',(1.828129332194E-1,1.045203675686E0,5.989380905192E0));
#1199=CARTESIAN_POINT('',(-1.820405701798E-1,1.045483924734E0,
6.049109838657E0));
#1200=CARTESIAN_POINT('',(-5.313328275894E-1,9.192705933077E-1,
6.111546613336E0));
#1201=CARTESIAN_POINT('',(-8.137743047298E-1,6.807703091880E-1,
6.172566356788E0));
#1202=CARTESIAN_POINT('',(-9.968205113569E-1,3.649058482882E-1,
6.233060877061E0));
#1203=CARTESIAN_POINT('',(-1.039041811393E0,1.220317382546E-1,
6.274560992967E0));
#1204=CARTESIAN_POINT('',(-1.039041811393E0,9.679471058101E-5,
6.295095481887E0));
#1206=CARTESIAN_POINT('',(-1.039965658064E0,-9.579540055609E-7,
5.818283619544E0));
#1207=CARTESIAN_POINT('',(-1.039965658064E0,1.205391339088E-1,
5.798009653455E0));
#1208=CARTESIAN_POINT('',(-9.980264102412E-1,3.621105815061E-1,
5.757514812537E0));
#1209=CARTESIAN_POINT('',(-8.111325268794E-1,6.846590996285E-1,
5.695773952088E0));
#1210=CARTESIAN_POINT('',(-5.304971059240E-1,9.186508735704E-1,
5.634888409601E0));
#1211=CARTESIAN_POINT('',(-1.861658506865E-1,1.045147628443E0,
5.574781769733E0));
#1212=CARTESIAN_POINT('',(1.862168590083E-1,1.045008097165E0,5.512483941659E0));
#1213=CARTESIAN_POINT('',(5.296166552074E-1,9.191802756581E-1,
5.451859868667E0));
#1214=CARTESIAN_POINT('',(8.114124150695E-1,6.845214763862E-1,
5.391630216646E0));
#1215=CARTESIAN_POINT('',(9.981000041145E-1,3.617603152150E-1,
5.329043903678E0));
#1216=CARTESIAN_POINT('',(1.040008538265E0,1.203446311268E-1,5.288735708296E0));
#1217=CARTESIAN_POINT('',(1.040008538265E0,2.568165607076E-6,5.268457144440E0));
#1219=CARTESIAN_POINT('',(1.039042354622E0,-1.045552874607E-4,
4.645151358750E0));
#1220=CARTESIAN_POINT('',(1.039042354622E0,1.218277414057E-1,4.665585360490E0));
#1221=CARTESIAN_POINT('',(9.968466962601E-1,3.649046026998E-1,
4.705858877950E0));
#1222=CARTESIAN_POINT('',(8.138161924486E-1,6.807128299584E-1,
4.766656648546E0));
#1223=CARTESIAN_POINT('',(5.313038411211E-1,9.193050951050E-1,
4.827559596252E0));
#1224=CARTESIAN_POINT('',(1.819910078623E-1,1.045474802167E0,4.889573919063E0));
#1225=CARTESIAN_POINT('',(-1.827045172923E-1,1.045226476938E0,
4.950138740152E0));
#1226=CARTESIAN_POINT('',(-5.310431243073E-1,9.194699539198E-1,
5.011016755649E0));
#1227=CARTESIAN_POINT('',(-8.144327305901E-1,6.801358336500E-1,
5.073073855219E0));
#1228=CARTESIAN_POINT('',(-9.970040869002E-1,3.642254226791E-1,
5.132824507707E0));
#1229=CARTESIAN_POINT('',(-1.039011861812E0,1.217479639649E-1,
5.174597807186E0));
#1230=CARTESIAN_POINT('',(-1.039011861812E0,1.013887097037E-4,
5.195105562219E0));
#1232=CARTESIAN_POINT('',(-1.039982490460E0,-5.324838625678E-6,
4.718530567873E0));
#1233=CARTESIAN_POINT('',(-1.039982490460E0,1.201111276087E-1,
4.698289835106E0));
#1234=CARTESIAN_POINT('',(-9.982441355859E-1,3.612486767351E-1,
4.657866091495E0));
#1235=CARTESIAN_POINT('',(-8.118581931275E-1,6.841533865909E-1,
4.595957408213E0));
#1236=CARTESIAN_POINT('',(-5.290074585656E-1,9.195983179346E-1,
4.534727472884E0));
#1237=CARTESIAN_POINT('',(-1.860395184166E-1,1.044953248233E0,
4.474312411213E0));
#1238=CARTESIAN_POINT('',(1.863801321145E-1,1.045220288677E0,4.412494409019E0));
#1239=CARTESIAN_POINT('',(5.316227631773E-1,9.180318517955E-1,
4.351509302841E0));
#1240=CARTESIAN_POINT('',(8.113578780337E-1,6.842069657918E-1,
4.291014963369E0));
#1241=CARTESIAN_POINT('',(9.980103780567E-1,3.621488182802E-1,
4.229263110036E0));
#1242=CARTESIAN_POINT('',(1.039909266173E0,1.205961659928E-1,4.188780840904E0));
#1243=CARTESIAN_POINT('',(1.039909266173E0,1.061124233353E-5,4.168432850239E0));
#1245=CARTESIAN_POINT('',(1.039097067505E0,-9.607725868343E-5,
3.545258020377E0));
#1246=CARTESIAN_POINT('',(1.039097067505E0,1.219416695512E-1,3.565875663625E0));
#1247=CARTESIAN_POINT('',(9.968033956417E-1,3.653183950822E-1,
3.605548600451E0));
#1248=CARTESIAN_POINT('',(8.129729646917E-1,6.815911526977E-1,
3.666823495923E0));
#1249=CARTESIAN_POINT('',(5.316851763307E-1,9.189981005485E-1,
3.727914064148E0));
#1250=CARTESIAN_POINT('',(1.814405732824E-1,1.045748397667E0,3.788744148124E0));
#1251=CARTESIAN_POINT('',(-1.836812243958E-1,1.044928354704E0,
3.850480891342E0));
#1252=CARTESIAN_POINT('',(-5.305704135804E-1,9.196874011661E-1,
3.910897791603E0));
#1253=CARTESIAN_POINT('',(-8.148495359201E-1,6.798514310064E-1,
3.973167089211E0));
#1254=CARTESIAN_POINT('',(-9.972671387182E-1,3.634028949369E-1,
4.033016726729E0));
#1255=CARTESIAN_POINT('',(-1.039035156488E0,1.213449284967E-1,
4.074553124487E0));
#1256=CARTESIAN_POINT('',(-1.039035156488E0,9.440857409341E-5,
4.095182973304E0));
#1258=CARTESIAN_POINT('',(-1.039830758193E0,-2.838124198160E-5,
3.618355824926E0));
#1259=CARTESIAN_POINT('',(-1.039830758193E0,1.200083700785E-1,
3.598183533684E0));
#1260=CARTESIAN_POINT('',(-9.982662714836E-1,3.609942987647E-1,
3.557492223116E0));
#1261=CARTESIAN_POINT('',(-8.126790244180E-1,6.833487744974E-1,
3.496110688151E0));
#1262=CARTESIAN_POINT('',(-5.279637343492E-1,9.203815710853E-1,
3.434625549501E0));
#1263=CARTESIAN_POINT('',(-1.856447408288E-1,1.044781902339E0,
3.373981826687E0));
#1264=CARTESIAN_POINT('',(1.856516899960E-1,1.045457174346E0,3.313162893033E0));
#1265=CARTESIAN_POINT('',(5.327812326151E-1,9.174971178582E-1,
3.251207562775E0));
#1266=CARTESIAN_POINT('',(8.113428463036E-1,6.838569574917E-1,
3.191060620293E0));
#1267=CARTESIAN_POINT('',(9.977076450025E-1,3.631376450515E-1,
3.129949676471E0));
#1268=CARTESIAN_POINT('',(1.039679243413E0,1.211220074594E-1,3.088877827008E0));
#1269=CARTESIAN_POINT('',(1.039679243413E0,3.182180800809E-5,3.068340872917E0));
#1271=CARTESIAN_POINT('',(1.039233107841E0,-8.580927854919E-5,
2.445111590312E0));
#1272=CARTESIAN_POINT('',(1.039233107841E0,1.219171322785E-1,2.465771893895E0));
#1273=CARTESIAN_POINT('',(9.969100599253E-1,3.652470790216E-1,
2.505813727543E0));
#1274=CARTESIAN_POINT('',(8.121304562494E-1,6.826024137080E-1,
2.566844124157E0));
#1275=CARTESIAN_POINT('',(5.318646849465E-1,9.186971971688E-1,
2.627794764476E0));
#1276=CARTESIAN_POINT('',(1.816405897439E-1,1.045897113482E0,2.689754112437E0));
#1277=CARTESIAN_POINT('',(-1.848861456554E-1,1.044673754963E0,
2.750101161790E0));
#1278=CARTESIAN_POINT('',(-5.300654689999E-1,9.198299265517E-1,
2.811125263249E0));
#1279=CARTESIAN_POINT('',(-8.150169906233E-1,6.799097852026E-1,
2.872977058022E0));
#1280=CARTESIAN_POINT('',(-9.975840851969E-1,3.624505945477E-1,
2.933141104807E0));
#1281=CARTESIAN_POINT('',(-1.039120453640E0,1.209518912267E-1,
2.974845232248E0));
#1282=CARTESIAN_POINT('',(-1.039120453640E0,7.863293792087E-5,
2.995055066851E0));
#1284=CARTESIAN_POINT('',(-1.039542257389E0,-4.451072411564E-5,
2.518367025590E0));
#1285=CARTESIAN_POINT('',(-1.039542257389E0,1.200947508814E-1,
2.497948097127E0));
#1286=CARTESIAN_POINT('',(-9.981107643833E-1,3.612914278430E-1,
2.457869385032E0));
#1287=CARTESIAN_POINT('',(-8.137074549757E-1,6.820374597857E-1,
2.396305822077E0));
#1288=CARTESIAN_POINT('',(-5.278877481366E-1,9.207059193282E-1,
2.334896350793E0));
#1289=CARTESIAN_POINT('',(-1.851529514094E-1,1.044662033145E0,
2.273978070093E0));
#1290=CARTESIAN_POINT('',(1.841522571471E-1,1.045708270014E0,2.212888966079E0));
#1291=CARTESIAN_POINT('',(5.332427018443E-1,9.175051763668E-1,
2.151321460221E0));
#1292=CARTESIAN_POINT('',(8.116297613050E-1,6.832066376617E-1,
2.090870564067E0));
#1293=CARTESIAN_POINT('',(9.973053528498E-1,3.642952697219E-1,
2.029613791729E0));
#1294=CARTESIAN_POINT('',(1.039403484078E0,1.216589709398E-1,1.988826921062E0));
#1295=CARTESIAN_POINT('',(1.039403484078E0,5.702167181252E-5,1.968230459115E0));
#1297=CARTESIAN_POINT('',(1.039339509691E0,-5.943972684090E-5,
1.345247446495E0));
#1298=CARTESIAN_POINT('',(1.039339509691E0,1.217945764513E-1,1.366015260772E0));
#1299=CARTESIAN_POINT('',(9.970590608055E-1,3.651054006252E-1,
1.405536355798E0));
#1300=CARTESIAN_POINT('',(8.113303572548E-1,6.836073599890E-1,
1.467266288028E0));
#1301=CARTESIAN_POINT('',(5.317762583882E-1,9.185526825437E-1,
1.527601569375E0));
#1302=CARTESIAN_POINT('',(1.818991694435E-1,1.045987257191E0,1.588994076664E0));
#1303=CARTESIAN_POINT('',(-1.859645393441E-1,1.044480834107E0,
1.650417891486E0));
#1304=CARTESIAN_POINT('',(-5.297110397998E-1,9.198550717151E-1,
1.711228285274E0));
#1305=CARTESIAN_POINT('',(-8.149086798039E-1,6.802605604811E-1,
1.772543790599E0));
#1306=CARTESIAN_POINT('',(-9.978848577205E-1,3.616047815739E-1,
1.833640791746E0));
#1307=CARTESIAN_POINT('',(-1.039290296845E0,1.204882201581E-1,
1.874799800307E0));
#1308=CARTESIAN_POINT('',(-1.039290296845E0,6.922994632303E-5,
1.895156842377E0));
#1310=CARTESIAN_POINT('',(-1.039239955278E0,-6.186024602194E-5,
1.418110108642E0));
#1311=CARTESIAN_POINT('',(-1.039239955278E0,1.205088469231E-1,
1.397769048181E0));
#1312=CARTESIAN_POINT('',(-9.977961721839E-1,3.620754533848E-1,
1.357478611350E0));
#1313=CARTESIAN_POINT('',(-8.144754232555E-1,6.808406603422E-1,
1.296471688769E0));
#1314=CARTESIAN_POINT('',(-5.285540345060E-1,9.206240315872E-1,
1.234750724448E0));
#1315=CARTESIAN_POINT('',(-1.842176811215E-1,1.044749385753E0,
1.173814336503E0));
#1316=CARTESIAN_POINT('',(1.829252024222E-1,1.045766509977E0,1.113431958327E0));
#1317=CARTESIAN_POINT('',(5.331075204441E-1,9.179086040437E-1,
1.051396153787E0));
#1318=CARTESIAN_POINT('',(8.124859369676E-1,6.820628708542E-1,
9.908927356154E-1));
#1319=CARTESIAN_POINT('',(9.970592006952E-1,3.648427676949E-1,
9.299437422986E-1));
#1320=CARTESIAN_POINT('',(1.039094750947E0,1.219987845050E-1,
8.882643815251E-1));
#1321=CARTESIAN_POINT('',(1.039094750947E0,5.589156641359E-5,
8.677472927232E-1));
#1323=CARTESIAN_POINT('',(6.750161032958E-1,7.911685100092E-1,
1.999953142312E-1));
#1324=CARTESIAN_POINT('',(5.888177552474E-1,8.647121237468E-1,
2.252401499842E-1));
#1325=CARTESIAN_POINT('',(3.921873099567E-1,9.835200887029E-1,
2.750412926706E-1));
#1326=CARTESIAN_POINT('',(5.404347048565E-2,1.057321201237E0,
3.509180433354E-1));
#1327=CARTESIAN_POINT('',(-2.857489373350E-1,1.018849889248E0,
4.248613059167E-1));
#1328=CARTESIAN_POINT('',(-5.942059992485E-1,8.759877728017E-1,
4.979867393975E-1));
#1329=CARTESIAN_POINT('',(-8.443943080648E-1,6.384760670193E-1,
5.719201148524E-1));
#1330=CARTESIAN_POINT('',(-1.003713411598E0,3.360119879626E-1,
6.435666091459E-1));
#1331=CARTESIAN_POINT('',(-1.039551409433E0,1.119438574448E-1,
6.918358307024E-1));
#1332=CARTESIAN_POINT('',(-1.039551409433E0,5.760987677539E-5,
7.153823232065E-1));
#1334=CARTESIAN_POINT('',(-1.038836413899E0,-8.221791299802E-5,
3.879378778517E-1));
#1335=CARTESIAN_POINT('',(-1.038836413899E0,1.283385265623E-1,
3.712905121907E-1));
#1336=CARTESIAN_POINT('',(-9.920828193951E-1,3.849340277001E-1,
3.400684900242E-1));
#1337=CARTESIAN_POINT('',(-7.879233416735E-1,7.147811866540E-1,
2.923480492975E-1));
#1338=CARTESIAN_POINT('',(-4.740111235132E-1,9.528020005103E-1,
2.453022725264E-1));
#1339=CARTESIAN_POINT('',(-2.244123344386E-1,1.023431986337E0,
2.150907698902E-1));
#1340=CARTESIAN_POINT('',(-9.775561094542E-2,1.035390317821E0,
2.000089677524E-1));
#1342=CARTESIAN_POINT('',(0.E0,0.E0,2.E-1));
#1343=DIRECTION('',(0.E0,0.E0,-1.E0));
#1344=DIRECTION('',(1.E0,0.E0,0.E0));
#1345=AXIS2_PLACEMENT_3D('',#1342,#1343,#1344);
#1347=CARTESIAN_POINT('',(1.24E0,0.E0,2.E-1));
#1348=DIRECTION('',(0.E0,-1.E0,0.E0));
#1349=DIRECTION('',(-1.E0,0.E0,0.E0));
#1350=AXIS2_PLACEMENT_3D('',#1347,#1348,#1349);
#1352=CARTESIAN_POINT('',(-1.24E0,0.E0,2.E-1));
#1353=DIRECTION('',(0.E0,1.E0,0.E0));
#1354=DIRECTION('',(1.E0,0.E0,0.E0));
#1355=AXIS2_PLACEMENT_3D('',#1352,#1353,#1354);
#1357=CARTESIAN_POINT('',(0.E0,0.E0,-1.622048961922E-2));
#1358=DIRECTION('',(0.E0,0.E0,1.E0));
#1359=DIRECTION('',(1.E0,0.E0,0.E0));
#1360=AXIS2_PLACEMENT_3D('',#1357,#1358,#1359);
#1362=VERTEX_POINT('',#485);
#1363=VERTEX_POINT('',#491);
#1364=VERTEX_POINT('',#662);
#1365=VERTEX_POINT('',#1054);
#1366=VERTEX_POINT('',#246);
#1367=VERTEX_POINT('',#251);
#1368=CARTESIAN_POINT('',(4.896866036926E-1,1.476713568058E-1,-9.6E-1));
#1369=VERTEX_POINT('',#1368);
#1370=CARTESIAN_POINT('',(5.524271672622E-1,3.407669564172E-1,
-2.355427575252E0));
#1371=VERTEX_POINT('',#1370);
#1372=CARTESIAN_POINT('',(2.823301877907E-1,2.823301877907E-1,-9.6E-1));
#1373=VERTEX_POINT('',#1372);
#1374=CARTESIAN_POINT('',(4.247547357185E-1,4.247547357185E-1,
-2.361850538764E0));
#1375=VERTEX_POINT('',#1374);
#1376=CARTESIAN_POINT('',(1.476713568058E-1,4.896866036926E-1,-9.6E-1));
#1377=VERTEX_POINT('',#1376);
#1378=CARTESIAN_POINT('',(3.407669564172E-1,5.524271672622E-1,
-2.355427575252E0));
#1379=VERTEX_POINT('',#1378);
#1380=CARTESIAN_POINT('',(1.057369155195E-1,1.289843409802E0,-9.6E-1));
#1381=VERTEX_POINT('',#1380);
#1382=VERTEX_POINT('',#205);
#1383=CARTESIAN_POINT('',(-1.057369155195E-1,1.289843409802E0,-9.6E-1));
#1384=VERTEX_POINT('',#1383);
#1385=VERTEX_POINT('',#193);
#1386=CARTESIAN_POINT('',(-1.476713568058E-1,4.896866036926E-1,-9.6E-1));
#1387=VERTEX_POINT('',#1386);
#1388=CARTESIAN_POINT('',(-3.407669564172E-1,5.524271672622E-1,
-2.355427575252E0));
#1389=VERTEX_POINT('',#1388);
#1390=CARTESIAN_POINT('',(-2.823301877907E-1,2.823301877907E-1,-9.6E-1));
#1391=VERTEX_POINT('',#1390);
#1392=CARTESIAN_POINT('',(-4.247547357185E-1,4.247547357185E-1,
-2.361850538764E0));
#1393=VERTEX_POINT('',#1392);
#1394=CARTESIAN_POINT('',(-4.896866036925E-1,1.476713568058E-1,-9.6E-1));
#1395=VERTEX_POINT('',#1394);
#1396=CARTESIAN_POINT('',(-5.524271672622E-1,3.407669564172E-1,
-2.355427575252E0));
#1397=VERTEX_POINT('',#1396);
#1398=CARTESIAN_POINT('',(-1.289843409802E0,1.057369155195E-1,-9.6E-1));
#1399=VERTEX_POINT('',#1398);
#1400=VERTEX_POINT('',#145);
#1401=CARTESIAN_POINT('',(-1.297621198029E0,0.E0,-9.6E-1));
#1402=VERTEX_POINT('',#1401);
#1403=CARTESIAN_POINT('',(-1.289843409802E0,-1.057369155195E-1,-9.6E-1));
#1404=VERTEX_POINT('',#1403);
#1405=VERTEX_POINT('',#133);
#1406=CARTESIAN_POINT('',(-4.896866036926E-1,-1.476713568058E-1,-9.6E-1));
#1407=VERTEX_POINT('',#1406);
#1408=CARTESIAN_POINT('',(-5.524271672622E-1,-3.407669564172E-1,
-2.355427575252E0));
#1409=VERTEX_POINT('',#1408);
#1410=CARTESIAN_POINT('',(-2.823301877907E-1,-2.823301877907E-1,-9.6E-1));
#1411=VERTEX_POINT('',#1410);
#1412=CARTESIAN_POINT('',(-4.247547357185E-1,-4.247547357185E-1,
-2.361850538764E0));
#1413=VERTEX_POINT('',#1412);
#1414=CARTESIAN_POINT('',(-1.476713568058E-1,-4.896866036926E-1,-9.6E-1));
#1415=VERTEX_POINT('',#1414);
#1416=CARTESIAN_POINT('',(-3.407669564172E-1,-5.524271672622E-1,
-2.355427575252E0));
#1417=VERTEX_POINT('',#1416);
#1418=CARTESIAN_POINT('',(-1.057369155194E-1,-1.289843409802E0,-9.6E-1));
#1419=VERTEX_POINT('',#1418);
#1420=VERTEX_POINT('',#92);
#1421=CARTESIAN_POINT('',(1.057369155195E-1,-1.289843409802E0,-9.6E-1));
#1422=VERTEX_POINT('',#1421);
#1423=VERTEX_POINT('',#80);
#1424=CARTESIAN_POINT('',(1.476713568058E-1,-4.896866036926E-1,-9.6E-1));
#1425=VERTEX_POINT('',#1424);
#1426=CARTESIAN_POINT('',(3.407669564172E-1,-5.524271672622E-1,
-2.355427575252E0));
#1427=VERTEX_POINT('',#1426);
#1428=CARTESIAN_POINT('',(2.823301877907E-1,-2.823301877907E-1,-9.6E-1));
#1429=VERTEX_POINT('',#1428);
#1430=CARTESIAN_POINT('',(4.247547357185E-1,-4.247547357185E-1,
-2.361850538764E0));
#1431=VERTEX_POINT('',#1430);
#1432=CARTESIAN_POINT('',(4.896866036926E-1,-1.476713568058E-1,-9.6E-1));
#1433=VERTEX_POINT('',#1432);
#1434=CARTESIAN_POINT('',(5.524271672622E-1,-3.407669564172E-1,
-2.355427575252E0));
#1435=VERTEX_POINT('',#1434);
#1436=CARTESIAN_POINT('',(1.289843409802E0,-1.057369155195E-1,-9.6E-1));
#1437=VERTEX_POINT('',#1436);
#1438=VERTEX_POINT('',#32);
#1439=CARTESIAN_POINT('',(-1.467217186461E0,0.E0,-2.167629222564E0));
#1440=CARTESIAN_POINT('',(-2.041188551701E0,0.E0,-1.938876529029E0));
#1441=VERTEX_POINT('',#1439);
#1442=VERTEX_POINT('',#1440);
#1443=CARTESIAN_POINT('',(1.467217186461E0,0.E0,-2.167629222564E0));
#1444=CARTESIAN_POINT('',(2.041188551701E0,0.E0,-1.938876529029E0));
#1445=VERTEX_POINT('',#1443);
#1446=VERTEX_POINT('',#1444);
#1447=CARTESIAN_POINT('',(-1.039749445445E0,3.408887096800E-5,
1.179477806152E1));
#1448=CARTESIAN_POINT('',(-1.039889473242E0,-1.490017249336E-7,1.2E1));
#1449=VERTEX_POINT('',#1447);
#1450=VERTEX_POINT('',#1448);
#1451=CARTESIAN_POINT('',(1.039733744112E0,-3.239679292373E-5,
1.124459103773E1));
#1452=CARTESIAN_POINT('',(1.038980116891E0,1.092151093872E-4,1.188917659785E1));
#1453=VERTEX_POINT('',#1451);
#1454=VERTEX_POINT('',#1452);
#1455=CARTESIAN_POINT('',(-1.039672063231E0,4.775419346196E-5,
1.069478856283E1));
#1456=CARTESIAN_POINT('',(-1.038877055984E0,-1.081761699787E-4,
1.131780850465E1));
#1457=VERTEX_POINT('',#1455);
#1458=VERTEX_POINT('',#1456);
#1459=CARTESIAN_POINT('',(1.039512629661E0,-3.903460679144E-5,
1.014482762292E1));
#1460=CARTESIAN_POINT('',(1.038894629882E0,1.026816383830E-4,1.076781429556E1));
#1461=VERTEX_POINT('',#1459);
#1462=VERTEX_POINT('',#1460);
#1463=CARTESIAN_POINT('',(-1.039464757356E0,6.057665340395E-5,
9.594912018303E0));
#1464=CARTESIAN_POINT('',(-1.038969698650E0,-9.442692749962E-5,
1.021779172186E1));
#1465=VERTEX_POINT('',#1463);
#1466=VERTEX_POINT('',#1464);
#1467=CARTESIAN_POINT('',(1.039358242607E0,-6.498176547330E-5,
9.044747503822E0));
#1468=CARTESIAN_POINT('',(1.039098924676E0,9.213704347877E-5,9.667855117328E0));
#1469=VERTEX_POINT('',#1467);
#1470=VERTEX_POINT('',#1468);
#1471=CARTESIAN_POINT('',(-1.039289214156E0,7.802678398504E-5,
8.494945940851E0));
#1472=CARTESIAN_POINT('',(-1.039222691524E0,-8.270903205068E-5,
9.117960046752E0));
#1473=VERTEX_POINT('',#1471);
#1474=VERTEX_POINT('',#1472);
#1475=CARTESIAN_POINT('',(1.039198398513E0,-8.012185152146E-5,
7.945011997052E0));
#1476=CARTESIAN_POINT('',(1.039343957355E0,6.082118181086E-5,8.568017333822E0));
#1477=VERTEX_POINT('',#1475);
#1478=VERTEX_POINT('',#1476);
#1479=CARTESIAN_POINT('',(-1.039121146232E0,8.502855907109E-5,
7.394956612817E0));
#1480=CARTESIAN_POINT('',(-1.039494816305E0,-4.714268146592E-5,
8.018059081586E0));
#1481=VERTEX_POINT('',#1479);
#1482=VERTEX_POINT('',#1480);
#1483=CARTESIAN_POINT('',(1.039030774186E0,-7.894224629455E-5,
6.845049368780E0));
#1484=CARTESIAN_POINT('',(1.039616822915E0,2.500307113484E-5,7.468107377286E0));
#1485=VERTEX_POINT('',#1483);
#1486=VERTEX_POINT('',#1484);
#1487=CARTESIAN_POINT('',(-1.039041811393E0,9.679471058101E-5,
6.295095481887E0));
#1488=CARTESIAN_POINT('',(-1.039738475816E0,-6.300994359578E-6,
6.918402640936E0));
#1489=VERTEX_POINT('',#1487);
#1490=VERTEX_POINT('',#1488);
#1491=CARTESIAN_POINT('',(1.039000755588E0,-9.387711191010E-5,
5.745229719848E0));
#1492=CARTESIAN_POINT('',(1.039865847347E0,6.729208738711E-7,6.368304780563E0));
#1493=VERTEX_POINT('',#1491);
#1494=VERTEX_POINT('',#1492);
#1495=CARTESIAN_POINT('',(-1.039011861812E0,1.013887097037E-4,
5.195105562219E0));
#1496=CARTESIAN_POINT('',(-1.039965658064E0,-9.579540055609E-7,
5.818283619544E0));
#1497=VERTEX_POINT('',#1495);
#1498=VERTEX_POINT('',#1496);
#1499=CARTESIAN_POINT('',(1.039042354622E0,-1.045552874607E-4,
4.645151358750E0));
#1500=CARTESIAN_POINT('',(1.040008538265E0,2.568165607076E-6,5.268457144440E0));
#1501=VERTEX_POINT('',#1499);
#1502=VERTEX_POINT('',#1500);
#1503=CARTESIAN_POINT('',(-1.039035156488E0,9.440857409341E-5,
4.095182973304E0));
#1504=CARTESIAN_POINT('',(-1.039982490460E0,-5.324838625678E-6,
4.718530567873E0));
#1505=VERTEX_POINT('',#1503);
#1506=VERTEX_POINT('',#1504);
#1507=CARTESIAN_POINT('',(1.039097067505E0,-9.607725868343E-5,
3.545258020377E0));
#1508=CARTESIAN_POINT('',(1.039909266173E0,1.061124233353E-5,4.168432850239E0));
#1509=VERTEX_POINT('',#1507);
#1510=VERTEX_POINT('',#1508);
#1511=CARTESIAN_POINT('',(-1.039120453640E0,7.863293792087E-5,
2.995055066851E0));
#1512=CARTESIAN_POINT('',(-1.039830758193E0,-2.838124198160E-5,
3.618355824926E0));
#1513=VERTEX_POINT('',#1511);
#1514=VERTEX_POINT('',#1512);
#1515=CARTESIAN_POINT('',(1.039233107841E0,-8.580927854919E-5,
2.445111590312E0));
#1516=CARTESIAN_POINT('',(1.039679243413E0,3.182180800809E-5,3.068340872917E0));
#1517=VERTEX_POINT('',#1515);
#1518=VERTEX_POINT('',#1516);
#1519=CARTESIAN_POINT('',(-1.039290296845E0,6.922994632303E-5,
1.895156842377E0));
#1520=CARTESIAN_POINT('',(-1.039542257389E0,-4.451072411564E-5,
2.518367025590E0));
#1521=VERTEX_POINT('',#1519);
#1522=VERTEX_POINT('',#1520);
#1523=CARTESIAN_POINT('',(1.039339509691E0,-5.943972684090E-5,
1.345247446495E0));
#1524=CARTESIAN_POINT('',(1.039403484078E0,5.702167181252E-5,1.968230459115E0));
#1525=VERTEX_POINT('',#1523);
#1526=VERTEX_POINT('',#1524);
#1527=CARTESIAN_POINT('',(-1.039551409433E0,5.760987677539E-5,
7.153823232065E-1));
#1528=CARTESIAN_POINT('',(-1.039239955278E0,-6.186024602194E-5,
1.418110108642E0));
#1529=VERTEX_POINT('',#1527);
#1530=VERTEX_POINT('',#1528);
#1531=CARTESIAN_POINT('',(1.04E0,0.E0,2.E-1));
#1532=CARTESIAN_POINT('',(1.039094750947E0,5.589156641359E-5,
8.677472927232E-1));
#1533=VERTEX_POINT('',#1531);
#1534=VERTEX_POINT('',#1532);
#1535=CARTESIAN_POINT('',(-1.04E0,0.E0,2.E-1));
#1536=CARTESIAN_POINT('',(-1.038836413899E0,-8.221791299802E-5,
3.879378778517E-1));
#1537=VERTEX_POINT('',#1535);
#1538=VERTEX_POINT('',#1536);
#1539=VERTEX_POINT('',#1323);
#1540=VERTEX_POINT('',#1340);
#1541=CARTESIAN_POINT('',(2.8E0,0.E0,-5.435778713738E-2));
#1542=CARTESIAN_POINT('',(2.787054131936E0,0.E0,-1.622048961922E-2));
#1543=VERTEX_POINT('',#1541);
#1544=VERTEX_POINT('',#1542);
#1545=CARTESIAN_POINT('',(-2.787054131936E0,0.E0,-1.622048961922E-2));
#1546=VERTEX_POINT('',#1545);
#1547=CARTESIAN_POINT('',(-2.8E0,0.E0,-5.435778713738E-2));
#1548=VERTEX_POINT('',#1547);
#1549=CARTESIAN_POINT('',(-2.750190265095E0,0.E0,0.E0));
#1550=VERTEX_POINT('',#1549);
#1551=CARTESIAN_POINT('',(2.750190265095E0,0.E0,0.E0));
#1552=VERTEX_POINT('',#1551);
#1553=CARTESIAN_POINT('',(2.720766573164E0,0.E0,-9.6E-1));
#1554=VERTEX_POINT('',#1553);
#1555=CARTESIAN_POINT('',(-2.720766573164E0,0.E0,-9.6E-1));
#1556=VERTEX_POINT('',#1555);
#1557=CARTESIAN_POINT('',(2.511069990884E0,0.E0,-1.539754001498E0));
#1558=VERTEX_POINT('',#1557);
#1559=CARTESIAN_POINT('',(-2.511069990884E0,0.E0,-1.539754001498E0));
#1560=VERTEX_POINT('',#1559);
#1561=CARTESIAN_POINT('',(-1.098578643763E0,0.E0,5.857864376269E-2));
#1562=VERTEX_POINT('',#1561);
#1563=CARTESIAN_POINT('',(1.098578643763E0,0.E0,5.857864376269E-2));
#1564=VERTEX_POINT('',#1563);
#1565=CARTESIAN_POINT('',(1.24E0,0.E0,0.E0));
#1566=VERTEX_POINT('',#1565);
#1567=CARTESIAN_POINT('',(-1.24E0,0.E0,0.E0));
#1568=VERTEX_POINT('',#1567);
#1569=CARTESIAN_POINT('',(0.E0,0.E0,2.348278752608E0));
#1570=DIRECTION('',(0.E0,0.E0,1.E0));
#1571=DIRECTION('',(1.E0,0.E0,0.E0));
#1572=AXIS2_PLACEMENT_3D('',#1569,#1570,#1571);
#1573=SPHERICAL_SURFACE('',#1572,4.748278752608E0);
#1575=ORIENTED_EDGE('',*,*,#1574,.F.);
#1577=ORIENTED_EDGE('',*,*,#1576,.F.);
#1579=ORIENTED_EDGE('',*,*,#1578,.T.);
#1581=ORIENTED_EDGE('',*,*,#1580,.T.);
#1583=ORIENTED_EDGE('',*,*,#1582,.T.);
#1585=ORIENTED_EDGE('',*,*,#1584,.T.);
#1587=ORIENTED_EDGE('',*,*,#1586,.T.);
#1589=ORIENTED_EDGE('',*,*,#1588,.T.);
#1591=ORIENTED_EDGE('',*,*,#1590,.T.);
#1593=ORIENTED_EDGE('',*,*,#1592,.T.);
#1595=ORIENTED_EDGE('',*,*,#1594,.T.);
#1597=ORIENTED_EDGE('',*,*,#1596,.T.);
#1599=ORIENTED_EDGE('',*,*,#1598,.T.);
#1601=ORIENTED_EDGE('',*,*,#1600,.T.);
#1602=EDGE_LOOP('',(#1575,#1577,#1579,#1581,#1583,#1585,#1587,#1589,#1591,#1593,
#1595,#1597,#1599,#1601));
#1603=FACE_OUTER_BOUND('',#1602,.F.);
#1604=ADVANCED_FACE('',(#1603),#1573,.T.);
#1605=CARTESIAN_POINT('',(0.E0,0.E0,-8.554131087028E-1));
#1606=DIRECTION('',(0.E0,0.E0,1.E0));
#1607=DIRECTION('',(1.E0,0.E0,0.E0));
#1608=AXIS2_PLACEMENT_3D('',#1605,#1606,#1607);
#1609=TOROIDAL_SURFACE('',#1608,1.525332935454E0,1.2E0);
#1610=ORIENTED_EDGE('',*,*,#1574,.T.);
#1612=ORIENTED_EDGE('',*,*,#1611,.T.);
#1614=ORIENTED_EDGE('',*,*,#1613,.T.);
#1616=ORIENTED_EDGE('',*,*,#1615,.F.);
#1617=EDGE_LOOP('',(#1610,#1612,#1614,#1616));
#1618=FACE_OUTER_BOUND('',#1617,.F.);
#1619=ADVANCED_FACE('',(#1618),#1609,.T.);
#1620=CARTESIAN_POINT('',(0.E0,0.E0,-8.554131087028E-1));
#1621=DIRECTION('',(0.E0,0.E0,1.E0));
#1622=DIRECTION('',(1.E0,0.E0,0.E0));
#1623=AXIS2_PLACEMENT_3D('',#1620,#1621,#1622);
#1624=TOROIDAL_SURFACE('',#1623,1.525332935454E0,1.2E0);
#1626=ORIENTED_EDGE('',*,*,#1625,.T.);
#1627=ORIENTED_EDGE('',*,*,#1615,.T.);
#1629=ORIENTED_EDGE('',*,*,#1628,.T.);
#1630=ORIENTED_EDGE('',*,*,#1611,.F.);
#1631=EDGE_LOOP('',(#1626,#1627,#1629,#1630));
#1632=FACE_OUTER_BOUND('',#1631,.F.);
#1633=ADVANCED_FACE('',(#1632),#1624,.T.);
#1634=CARTESIAN_POINT('',(0.E0,0.E0,2.348278752608E0));
#1635=DIRECTION('',(0.E0,0.E0,1.E0));
#1636=DIRECTION('',(1.E0,0.E0,0.E0));
#1637=AXIS2_PLACEMENT_3D('',#1634,#1635,#1636);
#1638=SPHERICAL_SURFACE('',#1637,4.748278752608E0);
#1639=ORIENTED_EDGE('',*,*,#1625,.F.);
#1640=ORIENTED_EDGE('',*,*,#1600,.F.);
#1642=ORIENTED_EDGE('',*,*,#1641,.T.);
#1644=ORIENTED_EDGE('',*,*,#1643,.T.);
#1646=ORIENTED_EDGE('',*,*,#1645,.T.);
#1648=ORIENTED_EDGE('',*,*,#1647,.T.);
#1650=ORIENTED_EDGE('',*,*,#1649,.T.);
#1652=ORIENTED_EDGE('',*,*,#1651,.T.);
#1654=ORIENTED_EDGE('',*,*,#1653,.T.);
#1656=ORIENTED_EDGE('',*,*,#1655,.T.);
#1658=ORIENTED_EDGE('',*,*,#1657,.T.);
#1660=ORIENTED_EDGE('',*,*,#1659,.T.);
#1662=ORIENTED_EDGE('',*,*,#1661,.T.);
#1663=ORIENTED_EDGE('',*,*,#1576,.T.);
#1664=EDGE_LOOP('',(#1639,#1640,#1642,#1644,#1646,#1648,#1650,#1652,#1654,#1656,
#1658,#1660,#1662,#1663));
#1665=FACE_OUTER_BOUND('',#1664,.F.);
#1666=ADVANCED_FACE('',(#1665),#1638,.T.);
#1667=CARTESIAN_POINT('',(5.75E-1,0.E0,-1.566323576201E0));
#1668=DIRECTION('',(0.E0,0.E0,-1.E0));
#1669=DIRECTION('',(1.E0,0.E0,0.E0));
#1670=AXIS2_PLACEMENT_3D('',#1667,#1668,#1669);
#1671=CONICAL_SURFACE('',#1670,8.078344195276E-1,8.E0);
#1673=ORIENTED_EDGE('',*,*,#1672,.F.);
#1674=ORIENTED_EDGE('',*,*,#1641,.F.);
#1675=ORIENTED_EDGE('',*,*,#1598,.F.);
#1677=ORIENTED_EDGE('',*,*,#1676,.T.);
#1679=ORIENTED_EDGE('',*,*,#1678,.T.);
#1680=EDGE_LOOP('',(#1673,#1674,#1675,#1677,#1679));
#1681=FACE_OUTER_BOUND('',#1680,.F.);
#1682=ADVANCED_FACE('',(#1681),#1671,.F.);
#1683=CARTESIAN_POINT('',(1.965089534815E-2,-3.749614201743E-1,-2.4E0));
#1684=DIRECTION('',(5.182662631444E-2,-9.889109407697E-1,1.391731009601E-1));
#1685=DIRECTION('',(0.E0,-1.393603877523E-1,-9.902417292386E-1));
#1686=AXIS2_PLACEMENT_3D('',#1683,#1684,#1685);
#1687=PLANE('',#1686);
#1689=ORIENTED_EDGE('',*,*,#1688,.F.);
#1690=ORIENTED_EDGE('',*,*,#1643,.F.);
#1691=ORIENTED_EDGE('',*,*,#1672,.T.);
#1693=ORIENTED_EDGE('',*,*,#1692,.T.);
#1694=EDGE_LOOP('',(#1689,#1690,#1691,#1693));
#1695=FACE_OUTER_BOUND('',#1694,.F.);
#1696=ADVANCED_FACE('',(#1695),#1687,.F.);
#1697=CARTESIAN_POINT('',(3.229322032039E-1,-4.972719854011E-1,-2.4E0));
#1698=DIRECTION('',(5.393386453656E-1,-8.305086836297E-1,1.391731009601E-1));
#1699=DIRECTION('',(8.386705679454E-1,5.446390350150E-1,0.E0));
#1700=AXIS2_PLACEMENT_3D('',#1697,#1698,#1699);
#1701=PLANE('',#1700);
#1703=ORIENTED_EDGE('',*,*,#1702,.F.);
#1704=ORIENTED_EDGE('',*,*,#1645,.F.);
#1705=ORIENTED_EDGE('',*,*,#1688,.T.);
#1707=ORIENTED_EDGE('',*,*,#1706,.T.);
#1708=EDGE_LOOP('',(#1703,#1704,#1705,#1707));
#1709=FACE_OUTER_BOUND('',#1708,.F.);
#1710=ADVANCED_FACE('',(#1709),#1701,.F.);
#1711=CARTESIAN_POINT('',(4.972719854011E-1,-3.229322032039E-1,-2.4E0));
#1712=DIRECTION('',(8.305086836297E-1,-5.393386453656E-1,1.391731009601E-1));
#1713=DIRECTION('',(5.446390350150E-1,8.386705679454E-1,0.E0));
#1714=AXIS2_PLACEMENT_3D('',#1711,#1712,#1713);
#1715=PLANE('',#1714);
#1717=ORIENTED_EDGE('',*,*,#1716,.F.);
#1718=ORIENTED_EDGE('',*,*,#1647,.F.);
#1719=ORIENTED_EDGE('',*,*,#1702,.T.);
#1721=ORIENTED_EDGE('',*,*,#1720,.T.);
#1722=EDGE_LOOP('',(#1717,#1718,#1719,#1721));
#1723=FACE_OUTER_BOUND('',#1722,.F.);
#1724=ADVANCED_FACE('',(#1723),#1715,.F.);
#1725=CARTESIAN_POINT('',(3.749614201743E-1,-1.965089534815E-2,-2.4E0));
#1726=DIRECTION('',(9.889109407697E-1,-5.182662631444E-2,1.391731009601E-1));
#1727=DIRECTION('',(1.393603877523E-1,0.E0,-9.902417292386E-1));
#1728=AXIS2_PLACEMENT_3D('',#1725,#1726,#1727);
#1729=PLANE('',#1728);
#1731=ORIENTED_EDGE('',*,*,#1730,.F.);
#1732=ORIENTED_EDGE('',*,*,#1649,.F.);
#1733=ORIENTED_EDGE('',*,*,#1716,.T.);
#1735=ORIENTED_EDGE('',*,*,#1734,.T.);
#1736=EDGE_LOOP('',(#1731,#1732,#1733,#1735));
#1737=FACE_OUTER_BOUND('',#1736,.F.);
#1738=ADVANCED_FACE('',(#1737),#1729,.F.);
#1739=CARTESIAN_POINT('',(0.E0,-5.75E-1,-1.566323576201E0));
#1740=DIRECTION('',(0.E0,0.E0,-1.E0));
#1741=DIRECTION('',(1.E0,0.E0,0.E0));
#1742=AXIS2_PLACEMENT_3D('',#1739,#1740,#1741);
#1743=CONICAL_SURFACE('',#1742,8.078344195276E-1,8.E0);
#1745=ORIENTED_EDGE('',*,*,#1744,.F.);
#1746=ORIENTED_EDGE('',*,*,#1651,.F.);
#1747=ORIENTED_EDGE('',*,*,#1730,.T.);
#1749=ORIENTED_EDGE('',*,*,#1748,.T.);
#1750=EDGE_LOOP('',(#1745,#1746,#1747,#1749));
#1751=FACE_OUTER_BOUND('',#1750,.F.);
#1752=ADVANCED_FACE('',(#1751),#1743,.F.);
#1753=CARTESIAN_POINT('',(-3.749614201743E-1,-1.965089534815E-2,-2.4E0));
#1754=DIRECTION('',(-9.889109407697E-1,-5.182662631444E-2,1.391731009601E-1));
#1755=DIRECTION('',(1.393603877523E-1,0.E0,9.902417292386E-1));
#1756=AXIS2_PLACEMENT_3D('',#1753,#1754,#1755);
#1757=PLANE('',#1756);
#1759=ORIENTED_EDGE('',*,*,#1758,.F.);
#1760=ORIENTED_EDGE('',*,*,#1653,.F.);
#1761=ORIENTED_EDGE('',*,*,#1744,.T.);
#1763=ORIENTED_EDGE('',*,*,#1762,.T.);
#1764=EDGE_LOOP('',(#1759,#1760,#1761,#1763));
#1765=FACE_OUTER_BOUND('',#1764,.F.);
#1766=ADVANCED_FACE('',(#1765),#1757,.F.);
#1767=CARTESIAN_POINT('',(-4.972719854011E-1,-3.229322032039E-1,-2.4E0));
#1768=DIRECTION('',(-8.305086836297E-1,-5.393386453656E-1,1.391731009601E-1));
#1769=DIRECTION('',(5.446390350150E-1,-8.386705679454E-1,0.E0));
#1770=AXIS2_PLACEMENT_3D('',#1767,#1768,#1769);
#1771=PLANE('',#1770);
#1773=ORIENTED_EDGE('',*,*,#1772,.F.);
#1774=ORIENTED_EDGE('',*,*,#1655,.F.);
#1775=ORIENTED_EDGE('',*,*,#1758,.T.);
#1777=ORIENTED_EDGE('',*,*,#1776,.T.);
#1778=EDGE_LOOP('',(#1773,#1774,#1775,#1777));
#1779=FACE_OUTER_BOUND('',#1778,.F.);
#1780=ADVANCED_FACE('',(#1779),#1771,.F.);
#1781=CARTESIAN_POINT('',(-3.229322032039E-1,-4.972719854011E-1,-2.4E0));
#1782=DIRECTION('',(-5.393386453656E-1,-8.305086836297E-1,1.391731009601E-1));
#1783=DIRECTION('',(8.386705679454E-1,-5.446390350150E-1,0.E0));
#1784=AXIS2_PLACEMENT_3D('',#1781,#1782,#1783);
#1785=PLANE('',#1784);
#1787=ORIENTED_EDGE('',*,*,#1786,.F.);
#1788=ORIENTED_EDGE('',*,*,#1657,.F.);
#1789=ORIENTED_EDGE('',*,*,#1772,.T.);
#1791=ORIENTED_EDGE('',*,*,#1790,.T.);
#1792=EDGE_LOOP('',(#1787,#1788,#1789,#1791));
#1793=FACE_OUTER_BOUND('',#1792,.F.);
#1794=ADVANCED_FACE('',(#1793),#1785,.F.);
#1795=CARTESIAN_POINT('',(-1.965089534815E-2,-3.749614201743E-1,-2.4E0));
#1796=DIRECTION('',(-5.182662631444E-2,-9.889109407697E-1,1.391731009601E-1));
#1797=DIRECTION('',(0.E0,-1.393603877523E-1,-9.902417292386E-1));
#1798=AXIS2_PLACEMENT_3D('',#1795,#1796,#1797);
#1799=PLANE('',#1798);
#1801=ORIENTED_EDGE('',*,*,#1800,.F.);
#1802=ORIENTED_EDGE('',*,*,#1659,.F.);
#1803=ORIENTED_EDGE('',*,*,#1786,.T.);
#1805=ORIENTED_EDGE('',*,*,#1804,.T.);
#1806=EDGE_LOOP('',(#1801,#1802,#1803,#1805));
#1807=FACE_OUTER_BOUND('',#1806,.F.);
#1808=ADVANCED_FACE('',(#1807),#1799,.F.);
#1809=CARTESIAN_POINT('',(-5.75E-1,0.E0,-1.566323576201E0));
#1810=DIRECTION('',(0.E0,0.E0,-1.E0));
#1811=DIRECTION('',(1.E0,0.E0,0.E0));
#1812=AXIS2_PLACEMENT_3D('',#1809,#1810,#1811);
#1813=CONICAL_SURFACE('',#1812,8.078344195276E-1,8.E0);
#1815=ORIENTED_EDGE('',*,*,#1814,.F.);
#1816=ORIENTED_EDGE('',*,*,#1578,.F.);
#1817=ORIENTED_EDGE('',*,*,#1661,.F.);
#1818=ORIENTED_EDGE('',*,*,#1800,.T.);
#1820=ORIENTED_EDGE('',*,*,#1819,.T.);
#1822=ORIENTED_EDGE('',*,*,#1821,.T.);
#1823=EDGE_LOOP('',(#1815,#1816,#1817,#1818,#1820,#1822));
#1824=FACE_OUTER_BOUND('',#1823,.F.);
#1825=ADVANCED_FACE('',(#1824),#1813,.F.);
#1826=CARTESIAN_POINT('',(-1.965089534815E-2,3.749614201743E-1,-2.4E0));
#1827=DIRECTION('',(-5.182662631444E-2,9.889109407697E-1,1.391731009601E-1));
#1828=DIRECTION('',(0.E0,-1.393603877523E-1,9.902417292386E-1));
#1829=AXIS2_PLACEMENT_3D('',#1826,#1827,#1828);
#1830=PLANE('',#1829);
#1832=ORIENTED_EDGE('',*,*,#1831,.F.);
#1833=ORIENTED_EDGE('',*,*,#1580,.F.);
#1834=ORIENTED_EDGE('',*,*,#1814,.T.);
#1836=ORIENTED_EDGE('',*,*,#1835,.T.);
#1837=EDGE_LOOP('',(#1832,#1833,#1834,#1836));
#1838=FACE_OUTER_BOUND('',#1837,.F.);
#1839=ADVANCED_FACE('',(#1838),#1830,.F.);
#1840=CARTESIAN_POINT('',(-3.229322032039E-1,4.972719854011E-1,-2.4E0));
#1841=DIRECTION('',(-5.393386453656E-1,8.305086836297E-1,1.391731009601E-1));
#1842=DIRECTION('',(-8.386705679454E-1,-5.446390350150E-1,0.E0));
#1843=AXIS2_PLACEMENT_3D('',#1840,#1841,#1842);
#1844=PLANE('',#1843);
#1846=ORIENTED_EDGE('',*,*,#1845,.F.);
#1847=ORIENTED_EDGE('',*,*,#1582,.F.);
#1848=ORIENTED_EDGE('',*,*,#1831,.T.);
#1850=ORIENTED_EDGE('',*,*,#1849,.T.);
#1851=EDGE_LOOP('',(#1846,#1847,#1848,#1850));
#1852=FACE_OUTER_BOUND('',#1851,.F.);
#1853=ADVANCED_FACE('',(#1852),#1844,.F.);
#1854=CARTESIAN_POINT('',(-4.972719854011E-1,3.229322032039E-1,-2.4E0));
#1855=DIRECTION('',(-8.305086836297E-1,5.393386453656E-1,1.391731009601E-1));
#1856=DIRECTION('',(-5.446390350150E-1,-8.386705679454E-1,0.E0));
#1857=AXIS2_PLACEMENT_3D('',#1854,#1855,#1856);
#1858=PLANE('',#1857);
#1860=ORIENTED_EDGE('',*,*,#1859,.F.);
#1861=ORIENTED_EDGE('',*,*,#1584,.F.);
#1862=ORIENTED_EDGE('',*,*,#1845,.T.);
#1864=ORIENTED_EDGE('',*,*,#1863,.T.);
#1865=EDGE_LOOP('',(#1860,#1861,#1862,#1864));
#1866=FACE_OUTER_BOUND('',#1865,.F.);
#1867=ADVANCED_FACE('',(#1866),#1858,.F.);
#1868=CARTESIAN_POINT('',(-3.749614201743E-1,1.965089534815E-2,-2.4E0));
#1869=DIRECTION('',(-9.889109407697E-1,5.182662631444E-2,1.391731009601E-1));
#1870=DIRECTION('',(1.393603877523E-1,0.E0,9.902417292386E-1));
#1871=AXIS2_PLACEMENT_3D('',#1868,#1869,#1870);
#1872=PLANE('',#1871);
#1874=ORIENTED_EDGE('',*,*,#1873,.F.);
#1875=ORIENTED_EDGE('',*,*,#1586,.F.);
#1876=ORIENTED_EDGE('',*,*,#1859,.T.);
#1878=ORIENTED_EDGE('',*,*,#1877,.T.);
#1879=EDGE_LOOP('',(#1874,#1875,#1876,#1878));
#1880=FACE_OUTER_BOUND('',#1879,.F.);
#1881=ADVANCED_FACE('',(#1880),#1872,.F.);
#1882=CARTESIAN_POINT('',(0.E0,5.75E-1,-1.566323576201E0));
#1883=DIRECTION('',(0.E0,0.E0,-1.E0));
#1884=DIRECTION('',(1.E0,0.E0,0.E0));
#1885=AXIS2_PLACEMENT_3D('',#1882,#1883,#1884);
#1886=CONICAL_SURFACE('',#1885,8.078344195276E-1,8.E0);
#1888=ORIENTED_EDGE('',*,*,#1887,.F.);
#1889=ORIENTED_EDGE('',*,*,#1588,.F.);
#1890=ORIENTED_EDGE('',*,*,#1873,.T.);
#1892=ORIENTED_EDGE('',*,*,#1891,.T.);
#1893=EDGE_LOOP('',(#1888,#1889,#1890,#1892));
#1894=FACE_OUTER_BOUND('',#1893,.F.);
#1895=ADVANCED_FACE('',(#1894),#1886,.F.);
#1896=CARTESIAN_POINT('',(3.749614201743E-1,1.965089534815E-2,-2.4E0));
#1897=DIRECTION('',(9.889109407697E-1,5.182662631444E-2,1.391731009601E-1));
#1898=DIRECTION('',(1.393603877523E-1,0.E0,-9.902417292386E-1));
#1899=AXIS2_PLACEMENT_3D('',#1896,#1897,#1898);
#1900=PLANE('',#1899);
#1902=ORIENTED_EDGE('',*,*,#1901,.F.);
#1903=ORIENTED_EDGE('',*,*,#1590,.F.);
#1904=ORIENTED_EDGE('',*,*,#1887,.T.);
#1906=ORIENTED_EDGE('',*,*,#1905,.T.);
#1907=EDGE_LOOP('',(#1902,#1903,#1904,#1906));
#1908=FACE_OUTER_BOUND('',#1907,.F.);
#1909=ADVANCED_FACE('',(#1908),#1900,.F.);
#1910=CARTESIAN_POINT('',(4.972719854011E-1,3.229322032039E-1,-2.4E0));
#1911=DIRECTION('',(8.305086836297E-1,5.393386453656E-1,1.391731009601E-1));
#1912=DIRECTION('',(-5.446390350150E-1,8.386705679454E-1,0.E0));
#1913=AXIS2_PLACEMENT_3D('',#1910,#1911,#1912);
#1914=PLANE('',#1913);
#1916=ORIENTED_EDGE('',*,*,#1915,.F.);
#1917=ORIENTED_EDGE('',*,*,#1592,.F.);
#1918=ORIENTED_EDGE('',*,*,#1901,.T.);
#1920=ORIENTED_EDGE('',*,*,#1919,.T.);
#1921=EDGE_LOOP('',(#1916,#1917,#1918,#1920));
#1922=FACE_OUTER_BOUND('',#1921,.F.);
#1923=ADVANCED_FACE('',(#1922),#1914,.F.);
#1924=CARTESIAN_POINT('',(3.229322032039E-1,4.972719854011E-1,-2.4E0));
#1925=DIRECTION('',(5.393386453656E-1,8.305086836297E-1,1.391731009601E-1));
#1926=DIRECTION('',(-8.386705679454E-1,5.446390350150E-1,0.E0));
#1927=AXIS2_PLACEMENT_3D('',#1924,#1925,#1926);
#1928=PLANE('',#1927);
#1930=ORIENTED_EDGE('',*,*,#1929,.F.);
#1931=ORIENTED_EDGE('',*,*,#1594,.F.);
#1932=ORIENTED_EDGE('',*,*,#1915,.T.);
#1934=ORIENTED_EDGE('',*,*,#1933,.T.);
#1935=EDGE_LOOP('',(#1930,#1931,#1932,#1934));
#1936=FACE_OUTER_BOUND('',#1935,.F.);
#1937=ADVANCED_FACE('',(#1936),#1928,.F.);
#1938=CARTESIAN_POINT('',(1.965089534815E-2,3.749614201743E-1,-2.4E0));
#1939=DIRECTION('',(5.182662631444E-2,9.889109407697E-1,1.391731009601E-1));
#1940=DIRECTION('',(0.E0,-1.393603877523E-1,9.902417292386E-1));
#1941=AXIS2_PLACEMENT_3D('',#1938,#1939,#1940);
#1942=PLANE('',#1941);
#1943=ORIENTED_EDGE('',*,*,#1676,.F.);
#1944=ORIENTED_EDGE('',*,*,#1596,.F.);
#1945=ORIENTED_EDGE('',*,*,#1929,.T.);
#1947=ORIENTED_EDGE('',*,*,#1946,.T.);
#1948=EDGE_LOOP('',(#1943,#1944,#1945,#1947));
#1949=FACE_OUTER_BOUND('',#1948,.F.);
#1950=ADVANCED_FACE('',(#1949),#1942,.F.);
#1951=CARTESIAN_POINT('',(5.75E-1,0.E0,-9.6E-1));
#1952=DIRECTION('',(0.E0,0.E0,1.E0));
#1953=DIRECTION('',(1.E0,0.E0,0.E0));
#1954=AXIS2_PLACEMENT_3D('',#1951,#1952,#1953);
#1955=PLANE('',#1954);
#1956=ORIENTED_EDGE('',*,*,#1678,.F.);
#1957=ORIENTED_EDGE('',*,*,#1946,.F.);
#1958=ORIENTED_EDGE('',*,*,#1933,.F.);
#1959=ORIENTED_EDGE('',*,*,#1919,.F.);
#1960=ORIENTED_EDGE('',*,*,#1905,.F.);
#1961=ORIENTED_EDGE('',*,*,#1891,.F.);
#1962=ORIENTED_EDGE('',*,*,#1877,.F.);
#1963=ORIENTED_EDGE('',*,*,#1863,.F.);
#1964=ORIENTED_EDGE('',*,*,#1849,.F.);
#1965=ORIENTED_EDGE('',*,*,#1835,.F.);
#1966=ORIENTED_EDGE('',*,*,#1821,.F.);
#1967=ORIENTED_EDGE('',*,*,#1819,.F.);
#1968=ORIENTED_EDGE('',*,*,#1804,.F.);
#1969=ORIENTED_EDGE('',*,*,#1790,.F.);
#1970=ORIENTED_EDGE('',*,*,#1776,.F.);
#1971=ORIENTED_EDGE('',*,*,#1762,.F.);
#1972=ORIENTED_EDGE('',*,*,#1748,.F.);
#1973=ORIENTED_EDGE('',*,*,#1734,.F.);
#1974=ORIENTED_EDGE('',*,*,#1720,.F.);
#1975=ORIENTED_EDGE('',*,*,#1706,.F.);
#1976=ORIENTED_EDGE('',*,*,#1692,.F.);
#1977=EDGE_LOOP('',(#1956,#1957,#1958,#1959,#1960,#1961,#1962,#1963,#1964,#1965,
#1966,#1967,#1968,#1969,#1970,#1971,#1972,#1973,#1974,#1975,#1976));
#1978=FACE_OUTER_BOUND('',#1977,.F.);
#1979=ADVANCED_FACE('',(#1978),#1955,.F.);
#1980=CARTESIAN_POINT('',(0.E0,0.E0,-8.554131087028E-1));
#1981=DIRECTION('',(0.E0,0.E0,1.E0));
#1982=DIRECTION('',(1.E0,0.E0,0.E0));
#1983=AXIS2_PLACEMENT_3D('',#1980,#1981,#1982);
#1984=TOROIDAL_SURFACE('',#1983,1.525332935454E0,1.2E0);
#1986=ORIENTED_EDGE('',*,*,#1985,.F.);
#1988=ORIENTED_EDGE('',*,*,#1987,.F.);
#1989=ORIENTED_EDGE('',*,*,#1628,.F.);
#1991=ORIENTED_EDGE('',*,*,#1990,.T.);
#1992=EDGE_LOOP('',(#1986,#1988,#1989,#1991));
#1993=FACE_OUTER_BOUND('',#1992,.F.);
#1994=ADVANCED_FACE('',(#1993),#1984,.T.);
#1995=CARTESIAN_POINT('',(0.E0,0.E0,-5.071788935687E-1));
#1996=DIRECTION('',(0.E0,0.E0,1.E0));
#1997=DIRECTION('',(1.E0,0.E0,0.E0));
#1998=AXIS2_PLACEMENT_3D('',#1995,#1996,#1997);
#1999=CONICAL_SURFACE('',#1998,2.760383286582E0,5.E0);
#2000=ORIENTED_EDGE('',*,*,#1985,.T.);
#2002=ORIENTED_EDGE('',*,*,#2001,.T.);
#2004=ORIENTED_EDGE('',*,*,#2003,.T.);
#2006=ORIENTED_EDGE('',*,*,#2005,.F.);
#2007=EDGE_LOOP('',(#2000,#2002,#2004,#2006));
#2008=FACE_OUTER_BOUND('',#2007,.F.);
#2009=ADVANCED_FACE('',(#2008),#1999,.T.);
#2010=CARTESIAN_POINT('',(0.E0,0.E0,-5.071788935687E-1));
#2011=DIRECTION('',(0.E0,0.E0,1.E0));
#2012=DIRECTION('',(1.E0,0.E0,0.E0));
#2013=AXIS2_PLACEMENT_3D('',#2010,#2011,#2012);
#2014=CONICAL_SURFACE('',#2013,2.760383286582E0,5.E0);
#2016=ORIENTED_EDGE('',*,*,#2015,.T.);
#2017=ORIENTED_EDGE('',*,*,#2005,.T.);
#2019=ORIENTED_EDGE('',*,*,#2018,.T.);
#2020=ORIENTED_EDGE('',*,*,#2001,.F.);
#2021=EDGE_LOOP('',(#2016,#2017,#2019,#2020));
#2022=FACE_OUTER_BOUND('',#2021,.F.);
#2023=ADVANCED_FACE('',(#2022),#2014,.T.);
#2024=CARTESIAN_POINT('',(0.E0,0.E0,-8.554131087028E-1));
#2025=DIRECTION('',(0.E0,0.E0,1.E0));
#2026=DIRECTION('',(1.E0,0.E0,0.E0));
#2027=AXIS2_PLACEMENT_3D('',#2024,#2025,#2026);
#2028=TOROIDAL_SURFACE('',#2027,1.525332935454E0,1.2E0);
#2029=ORIENTED_EDGE('',*,*,#2015,.F.);
#2030=ORIENTED_EDGE('',*,*,#1990,.F.);
#2031=ORIENTED_EDGE('',*,*,#1613,.F.);
#2032=ORIENTED_EDGE('',*,*,#1987,.T.);
#2033=EDGE_LOOP('',(#2029,#2030,#2031,#2032));
#2034=FACE_OUTER_BOUND('',#2033,.F.);
#2035=ADVANCED_FACE('',(#2034),#2028,.T.);
#2036=CARTESIAN_POINT('',(0.E0,0.E0,-5.E-2));
#2037=DIRECTION('',(0.E0,0.E0,1.E0));
#2038=DIRECTION('',(1.E0,0.E0,0.E0));
#2039=AXIS2_PLACEMENT_3D('',#2036,#2037,#2038);
#2040=TOROIDAL_SURFACE('',#2039,2.750190265095E0,5.E-2);
#2041=ORIENTED_EDGE('',*,*,#2018,.F.);
#2043=ORIENTED_EDGE('',*,*,#2042,.T.);
#2045=ORIENTED_EDGE('',*,*,#2044,.T.);
#2047=ORIENTED_EDGE('',*,*,#2046,.F.);
#2048=EDGE_LOOP('',(#2041,#2043,#2045,#2047));
#2049=FACE_OUTER_BOUND('',#2048,.F.);
#2050=ADVANCED_FACE('',(#2049),#2040,.T.);
#2051=CARTESIAN_POINT('',(0.E0,0.E0,-5.E-2));
#2052=DIRECTION('',(0.E0,0.E0,1.E0));
#2053=DIRECTION('',(1.E0,0.E0,0.E0));
#2054=AXIS2_PLACEMENT_3D('',#2051,#2052,#2053);
#2055=TOROIDAL_SURFACE('',#2054,2.750190265095E0,5.E-2);
#2056=ORIENTED_EDGE('',*,*,#2003,.F.);
#2057=ORIENTED_EDGE('',*,*,#2046,.T.);
#2059=ORIENTED_EDGE('',*,*,#2058,.T.);
#2060=ORIENTED_EDGE('',*,*,#2042,.F.);
#2061=EDGE_LOOP('',(#2056,#2057,#2059,#2060));
#2062=FACE_OUTER_BOUND('',#2061,.F.);
#2063=ADVANCED_FACE('',(#2062),#2055,.T.);
#2064=CARTESIAN_POINT('',(0.E0,0.E0,-5.E-2));
#2065=DIRECTION('',(0.E0,0.E0,1.E0));
#2066=DIRECTION('',(1.E0,0.E0,0.E0));
#2067=AXIS2_PLACEMENT_3D('',#2064,#2065,#2066);
#2068=TOROIDAL_SURFACE('',#2067,2.750190265095E0,5.E-2);
#2070=ORIENTED_EDGE('',*,*,#2069,.T.);
#2072=ORIENTED_EDGE('',*,*,#2071,.F.);
#2073=ORIENTED_EDGE('',*,*,#2058,.F.);
#2075=ORIENTED_EDGE('',*,*,#2074,.T.);
#2076=EDGE_LOOP('',(#2070,#2072,#2073,#2075));
#2077=FACE_OUTER_BOUND('',#2076,.F.);
#2078=ADVANCED_FACE('',(#2077),#2068,.T.);
#2079=CARTESIAN_POINT('',(1.04E0,0.E0,0.E0));
#2080=DIRECTION('',(0.E0,0.E0,1.E0));
#2081=DIRECTION('',(1.E0,0.E0,0.E0));
#2082=AXIS2_PLACEMENT_3D('',#2079,#2080,#2081);
#2083=PLANE('',#2082);
#2085=ORIENTED_EDGE('',*,*,#2084,.F.);
#2086=ORIENTED_EDGE('',*,*,#2069,.F.);
#2087=EDGE_LOOP('',(#2085,#2086));
#2088=FACE_OUTER_BOUND('',#2087,.F.);
#2090=ORIENTED_EDGE('',*,*,#2089,.F.);
#2092=ORIENTED_EDGE('',*,*,#2091,.F.);
#2093=EDGE_LOOP('',(#2090,#2092));
#2094=FACE_BOUND('',#2093,.F.);
#2095=ADVANCED_FACE('',(#2088,#2094),#2083,.T.);
#2096=CARTESIAN_POINT('',(0.E0,0.E0,2.E-1));
#2097=DIRECTION('',(0.E0,0.E0,1.E0));
#2098=DIRECTION('',(1.E0,0.E0,0.E0));
#2099=AXIS2_PLACEMENT_3D('',#2096,#2097,#2098);
#2100=TOROIDAL_SURFACE('',#2099,1.24E0,2.E-1);
#2101=ORIENTED_EDGE('',*,*,#2089,.T.);
#2103=ORIENTED_EDGE('',*,*,#2102,.F.);
#2105=ORIENTED_EDGE('',*,*,#2104,.T.);
#2107=ORIENTED_EDGE('',*,*,#2106,.T.);
#2108=EDGE_LOOP('',(#2101,#2103,#2105,#2107));
#2109=FACE_OUTER_BOUND('',#2108,.F.);
#2110=ADVANCED_FACE('',(#2109),#2100,.F.);
#2111=CARTESIAN_POINT('',(0.E0,0.E0,2.E-1));
#2112=DIRECTION('',(0.E0,0.E0,1.E0));
#2113=DIRECTION('',(1.E0,0.E0,0.E0));
#2114=AXIS2_PLACEMENT_3D('',#2111,#2112,#2113);
#2115=TOROIDAL_SURFACE('',#2114,1.24E0,2.E-1);
#2116=ORIENTED_EDGE('',*,*,#2091,.T.);
#2117=ORIENTED_EDGE('',*,*,#2106,.F.);
#2119=ORIENTED_EDGE('',*,*,#2118,.T.);
#2120=ORIENTED_EDGE('',*,*,#2102,.T.);
#2121=EDGE_LOOP('',(#2116,#2117,#2119,#2120));
#2122=FACE_OUTER_BOUND('',#2121,.F.);
#2123=ADVANCED_FACE('',(#2122),#2115,.F.);
#2124=CARTESIAN_POINT('',(0.E0,0.E0,2.E-1));
#2125=DIRECTION('',(0.E0,0.E0,1.E0));
#2126=DIRECTION('',(1.E0,0.E0,0.E0));
#2127=AXIS2_PLACEMENT_3D('',#2124,#2125,#2126);
#2128=TOROIDAL_SURFACE('',#2127,1.24E0,2.E-1);
#2130=ORIENTED_EDGE('',*,*,#2129,.F.);
#2132=ORIENTED_EDGE('',*,*,#2131,.F.);
#2134=ORIENTED_EDGE('',*,*,#2133,.T.);
#2135=ORIENTED_EDGE('',*,*,#2118,.F.);
#2137=ORIENTED_EDGE('',*,*,#2136,.F.);
#2139=ORIENTED_EDGE('',*,*,#2138,.F.);
#2141=ORIENTED_EDGE('',*,*,#2140,.F.);
#2142=EDGE_LOOP('',(#2130,#2132,#2134,#2135,#2137,#2139,#2141));
#2143=FACE_OUTER_BOUND('',#2142,.F.);
#2144=ADVANCED_FACE('',(#2143),#2128,.F.);
#2145=CARTESIAN_POINT('',(1.093791845395E0,1.190764550903E-1,
4.894928579314E-2));
#2146=CARTESIAN_POINT('',(9.218819579450E-1,9.999791021715E-2,
-5.107278164910E-2));
#2147=CARTESIAN_POINT('',(7.499720704955E-1,8.091936534401E-2,
-1.510948490913E-1));
#2148=CARTESIAN_POINT('',(5.780621830459E-1,6.184082047087E-2,
-2.511169165336E-1));
#2149=CARTESIAN_POINT('',(1.093996843446E0,2.406060370936E-1,
6.813811040361E-2));
#2150=CARTESIAN_POINT('',(9.237985583468E-1,2.025230154158E-1,
-3.189492735169E-2));
#2151=CARTESIAN_POINT('',(7.536002732475E-1,1.644399937381E-1,
-1.319279651070E-1));
#2152=CARTESIAN_POINT('',(5.834019881481E-1,1.263569720603E-1,
-2.319610028623E-1));
#2153=CARTESIAN_POINT('',(1.036527275847E0,5.481528183142E-1,
1.162522992022E-1));
#2154=CARTESIAN_POINT('',(8.796310099715E-1,4.634352952425E-1,
1.620584163627E-2));
#2155=CARTESIAN_POINT('',(7.227347440962E-1,3.787177721709E-1,
-8.384061592966E-2));
#2156=CARTESIAN_POINT('',(5.658384782209E-1,2.940002490992E-1,
-1.838870734956E-1));
#2157=CARTESIAN_POINT('',(7.304003436148E-1,9.999351755809E-1,
1.958701041759E-1));
#2158=CARTESIAN_POINT('',(6.259052697375E-1,8.516465104838E-1,
9.583284605557E-2));
#2159=CARTESIAN_POINT('',(5.214101958602E-1,7.033578453868E-1,
-4.204412064752E-3));
#2160=CARTESIAN_POINT('',(4.169151219829E-1,5.550691802897E-1,
-1.042416701851E-1));
#2161=CARTESIAN_POINT('',(1.355516406169E-1,1.288215250504E0,
2.878164680392E-1));
#2162=CARTESIAN_POINT('',(1.203297388283E-1,1.106740699120E0,
1.877762071482E-1));
#2163=CARTESIAN_POINT('',(1.051078370397E-1,9.252661477360E-1,
8.773594625727E-2));
#2164=CARTESIAN_POINT('',(8.988593525118E-2,7.437915963520E-1,
-1.230431463369E-2));
#2165=CARTESIAN_POINT('',(-5.688177625077E-1,1.220692403388E0,
3.823474693358E-1));
#2166=CARTESIAN_POINT('',(-4.870874718015E-1,1.057880520953E0,
2.823080356623E-1));
#2167=CARTESIAN_POINT('',(-4.053571810953E-1,8.950686385186E-1,
1.822686019889E-1));
#2168=CARTESIAN_POINT('',(-3.236268903891E-1,7.322567560840E-1,
8.222916831543E-2));
#2169=CARTESIAN_POINT('',(-1.156002111423E0,7.804706162793E-1,
4.768787859757E-1));
#2170=CARTESIAN_POINT('',(-1.001658882048E0,6.838595440909E-1,
3.768391306500E-1));
#2171=CARTESIAN_POINT('',(-8.473156526734E-1,5.872484719025E-1,
2.767994753243E-1));
#2172=CARTESIAN_POINT('',(-6.929724232983E-1,4.906373997142E-1,
1.767598199986E-1));
#2173=CARTESIAN_POINT('',(-1.437357150867E0,7.620783256815E-2,
5.714100181196E-1));
#2174=CARTESIAN_POINT('',(-1.255166372619E0,7.394190796074E-2,
4.713704221854E-1));
#2175=CARTESIAN_POINT('',(-1.072975594371E0,7.167598335332E-2,
3.713308262511E-1));
#2176=CARTESIAN_POINT('',(-8.907848161229E-1,6.941005874590E-2,
2.712912303169E-1));
#2177=CARTESIAN_POINT('',(-1.306259818893E0,-6.935740197501E-1,
6.659412729040E-1));
#2178=CARTESIAN_POINT('',(-1.149797461943E0,-6.002536860654E-1,
5.659016610562E-1));
#2179=CARTESIAN_POINT('',(-9.933351049934E-1,-5.069333523807E-1,
4.658620492084E-1));
#2180=CARTESIAN_POINT('',(-8.368727480438E-1,-4.136130186960E-1,
3.658224373605E-1));
#2181=CARTESIAN_POINT('',(-7.801667463533E-1,-1.296416074845E0,
7.604725216224E-1));
#2182=CARTESIAN_POINT('',(-6.950171780258E-1,-1.135390377856E0,
6.604329140374E-1));
#2183=CARTESIAN_POINT('',(-6.098676096982E-1,-9.743646808680E-1,
5.603933064525E-1));
#2184=CARTESIAN_POINT('',(-5.247180413707E-1,-8.133389838796E-1,
4.603536988675E-1));
#2185=CARTESIAN_POINT('',(7.224060489493E-3,-1.543719090349E0,
8.559868448847E-1));
#2186=CARTESIAN_POINT('',(-5.369537135849E-3,-1.361592868953E0,
7.559472361500E-1));
#2187=CARTESIAN_POINT('',(-1.796313476119E-2,-1.179466647557E0,
6.559076274153E-1));
#2188=CARTESIAN_POINT('',(-3.055673238653E-2,-9.973404261617E-1,
5.558680186807E-1));
#2189=CARTESIAN_POINT('',(8.287394352881E-1,-1.329871713913E0,
9.524842406226E-1));
#2190=CARTESIAN_POINT('',(7.209702944432E-1,-1.182321887801E0,
8.524446322054E-1));
#2191=CARTESIAN_POINT('',(6.132011535983E-1,-1.034772061689E0,
7.524050237882E-1));
#2192=CARTESIAN_POINT('',(5.054320127534E-1,-8.872222355772E-1,
6.523654153709E-1));
#2193=CARTESIAN_POINT('',(1.419452696298E0,-6.945872871918E-1,
1.049964709399E0));
#2194=CARTESIAN_POINT('',(1.249123341683E0,-6.275924811559E-1,
9.499251008949E-1));
#2195=CARTESIAN_POINT('',(1.078793987069E0,-5.605976751199E-1,
8.498854923913E-1));
#2196=CARTESIAN_POINT('',(9.084646324546E-1,-4.936028690840E-1,
7.498458838876E-1));
#2197=CARTESIAN_POINT('',(1.547452787311E0,1.982619755473E-2,1.131198433351E0));
#2198=CARTESIAN_POINT('',(1.369957112212E0,7.277531342369E-4,1.031158824868E0));
#2199=CARTESIAN_POINT('',(1.192461437113E0,-1.837069128625E-2,
9.311192163851E-1));
#2200=CARTESIAN_POINT('',(1.014965762014E0,-3.746913570674E-2,
8.310796079023E-1));
#2201=CARTESIAN_POINT('',(1.411830182042E0,5.659662149829E-1,1.196185412518E0));
#2202=CARTESIAN_POINT('',(1.255355949931E0,4.865404570131E-1,1.096145804033E0));
#2203=CARTESIAN_POINT('',(1.098881717820E0,4.071146990434E-1,
9.961061955471E-1));
#2204=CARTESIAN_POINT('',(9.424074857089E-1,3.276889410736E-1,
8.960665870616E-1));
#2205=CARTESIAN_POINT('',(1.132214927570E0,1.054527890441E0,1.261172391685E0));
#2206=CARTESIAN_POINT('',(1.013294680702E0,9.211731310481E-1,1.161132783200E0));
#2207=CARTESIAN_POINT('',(8.943744338333E-1,7.878183716550E-1,
1.061093174715E0));
#2208=CARTESIAN_POINT('',(7.754541869649E-1,6.544636122618E-1,
9.610535662301E-1));
#2209=CARTESIAN_POINT('',(5.486412271773E-1,1.483078878037E0,1.342406115643E0));
#2210=CARTESIAN_POINT('',(5.011031119836E-1,1.307092723996E0,1.242366507158E0));
#2211=CARTESIAN_POINT('',(4.535649967900E-1,1.131106569955E0,1.142326898673E0));
#2212=CARTESIAN_POINT('',(4.060268815963E-1,9.551204159135E-1,
1.042287290188E0));
#2213=CARTESIAN_POINT('',(-1.733659160187E-1,1.537581222801E0,
1.423639839601E0));
#2214=CARTESIAN_POINT('',(-1.377631309392E-1,1.362503947386E0,
1.323600231116E0));
#2215=CARTESIAN_POINT('',(-1.021603458597E-1,1.187426671971E0,
1.223560622631E0));
#2216=CARTESIAN_POINT('',(-6.655756078024E-2,1.012349396556E0,
1.123521014146E0));
#2217=CARTESIAN_POINT('',(-7.035997197931E-1,1.348477250002E0,
1.488626818768E0));
#2218=CARTESIAN_POINT('',(-6.083747295649E-1,1.201045382490E0,
1.388587210283E0));
#2219=CARTESIAN_POINT('',(-5.131497393367E-1,1.053613514979E0,
1.288547601798E0));
#2220=CARTESIAN_POINT('',(-4.179247491085E-1,9.061816474678E-1,
1.188507993313E0));
#2221=CARTESIAN_POINT('',(-1.162010642094E0,1.021929456431E0,1.553613797935E0));
#2222=CARTESIAN_POINT('',(-1.018161072752E0,9.163438102631E-1,
1.453574189450E0));
#2223=CARTESIAN_POINT('',(-8.743115034094E-1,8.107581640951E-1,
1.353534580965E0));
#2224=CARTESIAN_POINT('',(-7.304619340669E-1,7.051725179271E-1,
1.253494972479E0));
#2225=CARTESIAN_POINT('',(-1.526219784063E0,4.057119747879E-1,
1.633906766685E0));
#2226=CARTESIAN_POINT('',(-1.346426114830E0,3.749989480577E-1,
1.533867158200E0));
#2227=CARTESIAN_POINT('',(-1.166632445597E0,3.442859213276E-1,
1.433827549715E0));
#2228=CARTESIAN_POINT('',(-9.868387763635E-1,3.135728945974E-1,
1.333787941229E0));
#2229=CARTESIAN_POINT('',(-1.514570259460E0,-3.043878921733E-1,
1.713729357831E0));
#2230=CARTESIAN_POINT('',(-1.343922358233E0,-2.532573131598E-1,
1.613689749345E0));
#2231=CARTESIAN_POINT('',(-1.173274457006E0,-2.021267341463E-1,
1.513650140860E0));
#2232=CARTESIAN_POINT('',(-1.002626555779E0,-1.509961551328E-1,
1.413610532375E0));
#2233=CARTESIAN_POINT('',(-1.290657915058E0,-8.025758112747E-1,
1.776834826581E0));
#2234=CARTESIAN_POINT('',(-1.150517683048E0,-6.971160721319E-1,
1.676795218095E0));
#2235=CARTESIAN_POINT('',(-1.010377451037E0,-5.916563329891E-1,
1.576755609610E0));
#2236=CARTESIAN_POINT('',(-8.702372190267E-1,-4.861965938463E-1,
1.476716001125E0));
#2237=CARTESIAN_POINT('',(-9.426797032851E-1,-1.223796602695E0,
1.839940295331E0));
#2238=CARTESIAN_POINT('',(-8.474352589796E-1,-1.073022989445E0,
1.739900686845E0));
#2239=CARTESIAN_POINT('',(-7.521908146741E-1,-9.222493761953E-1,
1.639861078360E0));
#2240=CARTESIAN_POINT('',(-6.569463703686E-1,-7.714757629453E-1,
1.539821469875E0));
#2241=CARTESIAN_POINT('',(-3.186011650600E-1,-1.544031414682E0,
1.918822131268E0));
#2242=CARTESIAN_POINT('',(-2.981495053232E-1,-1.363310647967E0,
1.818782522783E0));
#2243=CARTESIAN_POINT('',(-2.776978455865E-1,-1.182589881252E0,
1.718742914298E0));
#2244=CARTESIAN_POINT('',(-2.572461858498E-1,-1.001869114537E0,
1.618703305813E0));
#2245=CARTESIAN_POINT('',(5.218253808726E-1,-1.487707000683E0,
2.013480334393E0));
#2246=CARTESIAN_POINT('',(4.462873096243E-1,-1.322276923443E0,
1.913440725908E0));
#2247=CARTESIAN_POINT('',(3.707492383760E-1,-1.156846846202E0,
1.813401117423E0));
#2248=CARTESIAN_POINT('',(2.952111671277E-1,-9.914167689616E-1,
1.713361508938E0));
#2249=CARTESIAN_POINT('',(1.097364702365E0,-1.086958517503E0,2.092362170331E0));
#2250=CARTESIAN_POINT('',(9.600505692171E-1,-9.731495492322E-1,
1.992322561845E0));
#2251=CARTESIAN_POINT('',(8.227364360691E-1,-8.593405809615E-1,
1.892282953360E0));
#2252=CARTESIAN_POINT('',(6.854223029211E-1,-7.455316126909E-1,
1.792243344875E0));
#2253=CARTESIAN_POINT('',(1.386400989829E0,-6.232417164772E-1,
2.155467639081E0));
#2254=CARTESIAN_POINT('',(1.220475719945E0,-5.664634587023E-1,
2.055428030595E0));
#2255=CARTESIAN_POINT('',(1.054550450060E0,-5.096852009273E-1,
1.955388422110E0));
#2256=CARTESIAN_POINT('',(8.886251801754E-1,-4.529069431523E-1,
1.855348813625E0));
#2257=CARTESIAN_POINT('',(1.502498789178E0,-2.304336301765E-1,
2.202796740643E0));
#2258=CARTESIAN_POINT('',(1.327458409773E0,-2.192266723912E-1,
2.102757132158E0));
#2259=CARTESIAN_POINT('',(1.152418030367E0,-2.080197146060E-1,
2.002717523673E0));
#2260=CARTESIAN_POINT('',(9.773776509616E-1,-1.968127568208E-1,
1.902677915188E0));
#2261=CARTESIAN_POINT('',(1.509279046353E0,1.792087986422E-1,2.250125842206E0));
#2262=CARTESIAN_POINT('',(1.337751406109E0,1.425027254031E-1,2.150086233720E0));
#2263=CARTESIAN_POINT('',(1.166223765865E0,1.057966521639E-1,2.050046625235E0));
#2264=CARTESIAN_POINT('',(9.946961256206E-1,6.909057892478E-2,
1.950007016750E0));
#2265=CARTESIAN_POINT('',(1.372977306451E0,7.081788257141E-1,2.313231310956E0));
#2266=CARTESIAN_POINT('',(1.222488466808E0,6.128820842E-1,2.213191702470E0));
#2267=CARTESIAN_POINT('',(1.071999627164E0,5.175853426858E-1,2.113152093985E0));
#2268=CARTESIAN_POINT('',(9.215107875205E-1,4.222886011717E-1,
2.013112485500E0));
#2269=CARTESIAN_POINT('',(9.437220218102E-1,1.263315644865E0,2.392113146893E0));
#2270=CARTESIAN_POINT('',(8.483736853703E-1,1.108139814479E0,2.292073538408E0));
#2271=CARTESIAN_POINT('',(7.530253489303E-1,9.529639840934E-1,
2.192033929923E0));
#2272=CARTESIAN_POINT('',(6.576770124904E-1,7.977881537073E-1,
2.091994321438E0));
#2273=CARTESIAN_POINT('',(2.895933966105E-1,1.517475156911E0,2.470994982831E0));
#2274=CARTESIAN_POINT('',(2.725562122540E-1,1.340147939898E0,2.370955374345E0));
#2275=CARTESIAN_POINT('',(2.555190278974E-1,1.162820722886E0,2.270915765860E0));
#2276=CARTESIAN_POINT('',(2.384818435408E-1,9.854935058733E-1,
2.170876157375E0));
#2277=CARTESIAN_POINT('',(-2.562665234770E-1,1.498082534483E0,
2.534100451581E0));
#2278=CARTESIAN_POINT('',(-2.114792958525E-1,1.328509199943E0,
2.434060843095E0));
#2279=CARTESIAN_POINT('',(-1.666920682279E-1,1.158935865402E0,
2.334021234610E0));
#2280=CARTESIAN_POINT('',(-1.219048406034E-1,9.893625308618E-1,
2.233981626125E0));
#2281=CARTESIAN_POINT('',(-7.776481321104E-1,1.334760862962E0,
2.597205920330E0));
#2282=CARTESIAN_POINT('',(-6.739564809832E-1,1.189666951429E0,
2.497166311845E0));
#2283=CARTESIAN_POINT('',(-5.702648298560E-1,1.044573039895E0,
2.397126703360E0));
#2284=CARTESIAN_POINT('',(-4.665731787289E-1,8.994791283613E-1,
2.297087094875E0));
#2285=CARTESIAN_POINT('',(-1.309689354310E0,8.776411494796E-1,
2.676087756268E0));
#2286=CARTESIAN_POINT('',(-1.150043509409E0,7.905121252894E-1,
2.576048147783E0));
#2287=CARTESIAN_POINT('',(-9.903976645073E-1,7.033831010992E-1,
2.476008539298E0));
#2288=CARTESIAN_POINT('',(-8.307518196059E-1,6.162540769091E-1,
2.375968930813E0));
#2289=CARTESIAN_POINT('',(-1.574635367848E0,7.808361503586E-2,
2.770745959393E0));
#2290=CARTESIAN_POINT('',(-1.392931391056E0,8.561856720065E-2,
2.670706350908E0));
#2291=CARTESIAN_POINT('',(-1.211227414264E0,9.315351936545E-2,
2.570666742423E0));
#2292=CARTESIAN_POINT('',(-1.029523437472E0,1.006884715302E-1,
2.470627133938E0));
#2293=CARTESIAN_POINT('',(-1.420669687609E0,-6.061235718926E-1,
2.849627795330E0));
#2294=CARTESIAN_POINT('',(-1.263462012956E0,-5.219012498043E-1,
2.749588186845E0));
#2295=CARTESIAN_POINT('',(-1.106254338303E0,-4.376789277159E-1,
2.649548578360E0));
#2296=CARTESIAN_POINT('',(-9.490466636493E-1,-3.534566056275E-1,
2.549508969875E0));
#2297=CARTESIAN_POINT('',(-1.100287374833E0,-1.048763857026E0,
2.912733264081E0));
#2298=CARTESIAN_POINT('',(-9.850994501322E-1,-9.165265411188E-1,
2.812693655595E0));
#2299=CARTESIAN_POINT('',(-8.699115254312E-1,-7.842892252118E-1,
2.712654047110E0));
#2300=CARTESIAN_POINT('',(-7.547236007302E-1,-6.520519093047E-1,
2.612614438625E0));
#2301=CARTESIAN_POINT('',(-7.803198066280E-1,-1.304493491901E0,
2.960062365643E0));
#2302=CARTESIAN_POINT('',(-7.038954449751E-1,-1.146619975186E0,
2.860022757158E0));
#2303=CARTESIAN_POINT('',(-6.274710833222E-1,-9.887464584712E-1,
2.759983148673E0));
#2304=CARTESIAN_POINT('',(-5.510467216692E-1,-8.308729417561E-1,
2.659943540188E0));
#2305=CARTESIAN_POINT('',(-4.035148113214E-1,-1.465337786985E0,
3.007391467206E0));
#2306=CARTESIAN_POINT('',(-3.727873591452E-1,-1.292638942575E0,
2.907351858720E0));
#2307=CARTESIAN_POINT('',(-3.420599069689E-1,-1.119940098165E0,
2.807312250235E0));
#2308=CARTESIAN_POINT('',(-3.113324547927E-1,-9.472412537551E-1,
2.707272641750E0));
#2309=CARTESIAN_POINT('',(1.377848880753E-1,-1.538700509508E0,
3.070496935956E0));
#2310=CARTESIAN_POINT('',(1.063141540653E-1,-1.363378084522E0,
2.970457327470E0));
#2311=CARTESIAN_POINT('',(7.484342005523E-2,-1.188055659536E0,
2.870417718985E0));
#2312=CARTESIAN_POINT('',(4.337268604520E-2,-1.012733234550E0,
2.770378110500E0));
#2313=CARTESIAN_POINT('',(8.138536993343E-1,-1.350636823536E0,
3.149378771893E0));
#2314=CARTESIAN_POINT('',(7.061244283691E-1,-1.203785716034E0,
3.049339163408E0));
#2315=CARTESIAN_POINT('',(5.983951574040E-1,-1.056934608532E0,
2.949299554923E0));
#2316=CARTESIAN_POINT('',(4.906658864388E-1,-9.100835010293E-1,
2.849259946438E0));
#2317=CARTESIAN_POINT('',(1.296040858250E0,-8.407575637141E-1,
3.228260607831E0));
#2318=CARTESIAN_POINT('',(1.138249383632E0,-7.580710588783E-1,
3.128220999345E0));
#2319=CARTESIAN_POINT('',(9.804579090133E-1,-6.753845540424E-1,
3.028181390860E0));
#2320=CARTESIAN_POINT('',(8.226664343948E-1,-5.926980492065E-1,
2.928141782375E0));
#2321=CARTESIAN_POINT('',(1.484044095240E0,-3.279282460578E-1,
3.291366076581E0));
#2322=CARTESIAN_POINT('',(1.310105942092E0,-3.054220152549E-1,
3.191326468095E0));
#2323=CARTESIAN_POINT('',(1.136167788944E0,-2.829157844519E-1,
3.091286859610E0));
#2324=CARTESIAN_POINT('',(9.622296357966E-1,-2.604095536490E-1,
2.991247251125E0));
#2325=CARTESIAN_POINT('',(1.529520848828E0,2.165390303619E-1,3.354471545331E0));
#2326=CARTESIAN_POINT('',(1.356027035214E0,1.752583046510E-1,3.254431936845E0));
#2327=CARTESIAN_POINT('',(1.182533221600E0,1.339775789401E-1,3.154392328360E0));
#2328=CARTESIAN_POINT('',(1.009039407985E0,9.269685322923E-2,3.054352719875E0));
#2329=CARTESIAN_POINT('',(1.306937990780E0,8.817331117228E-1,3.433353381268E0));
#2330=CARTESIAN_POINT('',(1.166012042769E0,7.667629424278E-1,3.333313772783E0));
#2331=CARTESIAN_POINT('',(1.025086094758E0,6.517927731328E-1,3.233274164298E0));
#2332=CARTESIAN_POINT('',(8.841601467464E-1,5.368226038378E-1,
3.133234555813E0));
#2333=CARTESIAN_POINT('',(6.664492778428E-1,1.428782332155E0,3.528011584393E0));
#2334=CARTESIAN_POINT('',(6.048672082229E-1,1.257666116128E0,3.427971975908E0));
#2335=CARTESIAN_POINT('',(5.432851386030E-1,1.086549900100E0,3.327932367423E0));
#2336=CARTESIAN_POINT('',(4.817030689831E-1,9.154336840733E-1,
3.227892758938E0));
#2337=CARTESIAN_POINT('',(-2.527798508925E-2,1.544360440171E0,
3.606893420331E0));
#2338=CARTESIAN_POINT('',(-6.598227058498E-3,1.366994380431E0,
3.506853811845E0));
#2339=CARTESIAN_POINT('',(1.208153097225E-2,1.189628320691E0,3.406814203360E0));
#2340=CARTESIAN_POINT('',(3.076128900300E-2,1.012262260950E0,3.306774594875E0));
#2341=CARTESIAN_POINT('',(-5.560858903784E-1,1.414675375322E0,
3.669998889080E0));
#2342=CARTESIAN_POINT('',(-4.770854323557E-1,1.258106242517E0,
3.569959280595E0));
#2343=CARTESIAN_POINT('',(-3.980849743329E-1,1.101537109712E0,
3.469919672110E0));
#2344=CARTESIAN_POINT('',(-3.190845163102E-1,9.449679769062E-1,
3.369880063625E0));
#2345=CARTESIAN_POINT('',(-9.136423406641E-1,1.214849762059E0,
3.717327990643E0));
#2346=CARTESIAN_POINT('',(-7.962744409489E-1,1.084505961092E0,
3.617288382158E0));
#2347=CARTESIAN_POINT('',(-6.789065412338E-1,9.541621601252E-1,
3.517248773673E0));
#2348=CARTESIAN_POINT('',(-5.615386415186E-1,8.238183591583E-1,
3.417209165188E0));
#2349=CARTESIAN_POINT('',(-1.204772743944E0,9.265860285873E-1,
3.764657092206E0));
#2350=CARTESIAN_POINT('',(-1.056433107165E0,8.329675510399E-1,
3.664617483720E0));
#2351=CARTESIAN_POINT('',(-9.080934703871E-1,7.393490734925E-1,
3.564577875235E0));
#2352=CARTESIAN_POINT('',(-7.597538336087E-1,6.457305959451E-1,
3.464538266750E0));
#2353=CARTESIAN_POINT('',(-1.476954572293E0,4.529780620795E-1,
3.827762560956E0));
#2354=CARTESIAN_POINT('',(-1.302716822879E0,4.159704077184E-1,
3.727722952470E0));
#2355=CARTESIAN_POINT('',(-1.128479073466E0,3.789627533574E-1,
3.627683343985E0));
#2356=CARTESIAN_POINT('',(-9.542413240519E-1,3.419550989963E-1,
3.527643735500E0));
#2357=CARTESIAN_POINT('',(-1.557884311817E0,-2.440781514348E-1,
3.906644396893E0));
#2358=CARTESIAN_POINT('',(-1.381239722976E0,-1.997212711278E-1,
3.806604788408E0));
#2359=CARTESIAN_POINT('',(-1.204595134135E0,-1.553643908208E-1,
3.706565179923E0));
#2360=CARTESIAN_POINT('',(-1.027950545294E0,-1.110075105139E-1,
3.606525571438E0));
#2361=CARTESIAN_POINT('',(-1.267630876973E0,-8.830102756716E-1,
3.985526232831E0));
#2362=CARTESIAN_POINT('',(-1.131518761239E0,-7.680811692854E-1,
3.885486624345E0));
#2363=CARTESIAN_POINT('',(-9.954066455055E-1,-6.531520628991E-1,
3.785447015860E0));
#2364=CARTESIAN_POINT('',(-8.592945297718E-1,-5.382229565128E-1,
3.685407407375E0));
#2365=CARTESIAN_POINT('',(-8.636447342665E-1,-1.250616481642E0,
4.048631701580E0));
#2366=CARTESIAN_POINT('',(-7.771721856578E-1,-1.098027131153E0,
3.948592093095E0));
#2367=CARTESIAN_POINT('',(-6.906996370491E-1,-9.454377806642E-1,
3.848552484610E0));
#2368=CARTESIAN_POINT('',(-6.042270884403E-1,-7.928484301755E-1,
3.748512876125E0));
#2369=CARTESIAN_POINT('',(-3.765814646051E-1,-1.498168741893E0,
4.111737170331E0));
#2370=CARTESIAN_POINT('',(-3.493486535558E-1,-1.321922959873E0,
4.011697561845E0));
#2371=CARTESIAN_POINT('',(-3.221158425064E-1,-1.145677177852E0,
3.911657953360E0));
#2372=CARTESIAN_POINT('',(-2.948830314571E-1,-9.694313958320E-1,
3.811618344875E0));
#2373=CARTESIAN_POINT('',(3.234285189733E-1,-1.543027603502E0,
4.190619006268E0));
#2374=CARTESIAN_POINT('',(2.701302928471E-1,-1.369138093345E0,
4.090579397783E0));
#2375=CARTESIAN_POINT('',(2.168320667209E-1,-1.195248583189E0,
3.990539789298E0));
#2376=CARTESIAN_POINT('',(1.635338405947E-1,-1.021359073033E0,
3.890500180813E0));
#2377=CARTESIAN_POINT('',(1.071709577863E0,-1.156292425527E0,4.285277209393E0));
#2378=CARTESIAN_POINT('',(9.364775713201E-1,-1.034697133297E0,
4.185237600908E0));
#2379=CARTESIAN_POINT('',(8.012455647774E-1,-9.131018410669E-1,
4.085197992423E0));
#2380=CARTESIAN_POINT('',(6.660135582347E-1,-7.915065488366E-1,
3.985158383938E0));
#2381=CARTESIAN_POINT('',(1.439745333788E0,-5.593044962553E-1,
4.364159045331E0));
#2382=CARTESIAN_POINT('',(1.268441264440E0,-5.096802246462E-1,
4.264119436845E0));
#2383=CARTESIAN_POINT('',(1.097137195092E0,-4.600559530371E-1,
4.164079828360E0));
#2384=CARTESIAN_POINT('',(9.258331257445E-1,-4.104316814279E-1,
4.064040219875E0));
#2385=CARTESIAN_POINT('',(1.519929116548E0,-1.879935350001E-2,
4.427264514081E0));
#2386=CARTESIAN_POINT('',(1.345124700268E0,-3.288415964920E-2,
4.327224905595E0));
#2387=CARTESIAN_POINT('',(1.170320283988E0,-4.696896579840E-2,
4.227185297110E0));
#2388=CARTESIAN_POINT('',(9.955158677078E-1,-6.105377194759E-2,
4.127145688625E0));
#2389=CARTESIAN_POINT('',(1.469786073933E0,3.877256348267E-1,4.474593615643E0));
#2390=CARTESIAN_POINT('',(1.304791815597E0,3.282140809052E-1,4.374554007158E0));
#2391=CARTESIAN_POINT('',(1.139797557261E0,2.687025269836E-1,4.274514398673E0));
#2392=CARTESIAN_POINT('',(9.748032989246E-1,2.091909730620E-1,
4.174474790188E0));
#2393=CARTESIAN_POINT('',(1.312678200262E0,7.661037628675E-1,4.521922717206E0));
#2394=CARTESIAN_POINT('',(1.170008502077E0,6.640526756733E-1,4.421883108720E0));
#2395=CARTESIAN_POINT('',(1.027338803891E0,5.620015884790E-1,4.321843500235E0));
#2396=CARTESIAN_POINT('',(8.846691057060E-1,4.599505012848E-1,
4.221803891750E0));
#2397=CARTESIAN_POINT('',(9.767763692300E-1,1.196867518924E0,4.585028185956E0));
#2398=CARTESIAN_POINT('',(8.767612412510E-1,1.049472356258E0,4.484988577470E0));
#2399=CARTESIAN_POINT('',(7.767461132720E-1,9.020771935920E-1,
4.384948968985E0));
#2400=CARTESIAN_POINT('',(6.767309852930E-1,7.546820309258E-1,
4.284909360500E0));
#2401=CARTESIAN_POINT('',(3.617799524299E-1,1.534826680454E0,4.663910021893E0));
#2402=CARTESIAN_POINT('',(3.362070767156E-1,1.354502329283E0,4.563870413408E0));
#2403=CARTESIAN_POINT('',(3.106342010013E-1,1.174177978113E0,4.463830804923E0));
#2404=CARTESIAN_POINT('',(2.850613252870E-1,9.938536269422E-1,
4.363791196438E0));
#2405=CARTESIAN_POINT('',(-3.394425372577E-1,1.507107810044E0,
4.742791857831E0));
#2406=CARTESIAN_POINT('',(-2.843659962550E-1,1.337691806741E0,
4.642752249345E0));
#2407=CARTESIAN_POINT('',(-2.292894552523E-1,1.168275803437E0,
4.542712640860E0));
#2408=CARTESIAN_POINT('',(-1.742129142497E-1,9.988598001330E-1,
4.442673032375E0));
#2409=CARTESIAN_POINT('',(-8.323077595757E-1,1.271686912935E0,
4.805897326581E0));
#2410=CARTESIAN_POINT('',(-7.236247972832E-1,1.134031454442E0,
4.705857718095E0));
#2411=CARTESIAN_POINT('',(-6.149418349907E-1,9.963759959500E-1,
4.605818109610E0));
#2412=CARTESIAN_POINT('',(-5.062588726982E-1,8.587205374574E-1,
4.505778501125E0));
#2413=CARTESIAN_POINT('',(-1.245339386147E0,9.140311767012E-1,
4.869002795331E0));
#2414=CARTESIAN_POINT('',(-1.092396398328E0,8.223107092214E-1,
4.768963186845E0));
#2415=CARTESIAN_POINT('',(-9.394534105092E-1,7.305902417415E-1,
4.668923578360E0));
#2416=CARTESIAN_POINT('',(-7.865104226905E-1,6.388697742617E-1,
4.568883969875E0));
#2417=CARTESIAN_POINT('',(-1.551008393159E0,2.826891515465E-1,
4.947884631268E0));
#2418=CARTESIAN_POINT('',(-1.369861751135E0,2.664362523005E-1,
4.847845022783E0));
#2419=CARTESIAN_POINT('',(-1.188715109111E0,2.501833530544E-1,
4.747805414298E0));
#2420=CARTESIAN_POINT('',(-1.007568467086E0,2.339304538084E-1,
4.647765805813E0));
#2421=CARTESIAN_POINT('',(-1.475198576553E0,-5.562038766051E-1,
5.042542834393E0));
#2422=CARTESIAN_POINT('',(-1.311565734304E0,-4.768476945918E-1,
4.942503225908E0));
#2423=CARTESIAN_POINT('',(-1.147932892056E0,-3.974915125785E-1,
4.842463617423E0));
#2424=CARTESIAN_POINT('',(-9.843000498068E-1,-3.181353305652E-1,
4.742424008938E0));
#2425=CARTESIAN_POINT('',(-1.061203887495E0,-1.122289826588E0,
5.121424670331E0));
#2426=CARTESIAN_POINT('',(-9.506116404851E-1,-9.823719670798E-1,
5.021385061845E0));
#2427=CARTESIAN_POINT('',(-8.400193934755E-1,-8.424541075721E-1,
4.921345453360E0));
#2428=CARTESIAN_POINT('',(-7.294271464659E-1,-7.025362480643E-1,
4.821305844875E0));
#2429=CARTESIAN_POINT('',(-5.909054517616E-1,-1.400488729730E0,
5.184530139080E0));
#2430=CARTESIAN_POINT('',(-5.379924212814E-1,-1.233290712634E0,
5.084490530595E0));
#2431=CARTESIAN_POINT('',(-4.850793908013E-1,-1.066092695539E0,
4.984450922110E0));
#2432=CARTESIAN_POINT('',(-4.321663603211E-1,-8.988946784434E-1,
4.884411313625E0));
#2433=CARTESIAN_POINT('',(-1.955093186109E-1,-1.507441002947E0,
5.231859240643E0));
#2434=CARTESIAN_POINT('',(-1.883668159961E-1,-1.332187714845E0,
5.131819632158E0));
#2435=CARTESIAN_POINT('',(-1.812243133813E-1,-1.156934426743E0,
5.031780023673E0));
#2436=CARTESIAN_POINT('',(-1.740818107665E-1,-9.816811386418E-1,
4.931740415188E0));
#2437=CARTESIAN_POINT('',(2.141801470097E-1,-1.504714556835E0,
5.279188342206E0));
#2438=CARTESIAN_POINT('',(1.735040234984E-1,-1.334084781725E0,
5.179148733720E0));
#2439=CARTESIAN_POINT('',(1.328278999871E-1,-1.163455006616E0,
5.079109125235E0));
#2440=CARTESIAN_POINT('',(9.215177647573E-2,-9.928252315061E-1,
4.979069516750E0));
#2441=CARTESIAN_POINT('',(7.398451725740E-1,-1.356175893445E0,
5.342293810956E0));
#2442=CARTESIAN_POINT('',(6.410823151313E-1,-1.207938726069E0,
5.242254202470E0));
#2443=CARTESIAN_POINT('',(5.423194576885E-1,-1.059701558692E0,
5.142214593985E0));
#2444=CARTESIAN_POINT('',(4.435566002458E-1,-9.114643913156E-1,
5.042174985500E0));
#2445=CARTESIAN_POINT('',(1.284872584704E0,-9.141554102490E-1,
5.421175646893E0));
#2446=CARTESIAN_POINT('',(1.127526176758E0,-8.224332673188E-1,
5.321136038408E0));
#2447=CARTESIAN_POINT('',(9.701797688115E-1,-7.307111243886E-1,
5.221096429923E0));
#2448=CARTESIAN_POINT('',(8.128333608651E-1,-6.389889814584E-1,
5.121056821438E0));
#2449=CARTESIAN_POINT('',(1.523786014176E0,-2.543056629289E-1,
5.500057482831E0));
#2450=CARTESIAN_POINT('',(1.346111226212E0,-2.413875645384E-1,
5.400017874345E0));
#2451=CARTESIAN_POINT('',(1.168436438247E0,-2.284694661479E-1,
5.299978265860E0));
#2452=CARTESIAN_POINT('',(9.907616502827E-1,-2.155513677574E-1,
5.199938657375E0));
#2453=CARTESIAN_POINT('',(1.491733099596E0,2.909573349294E-1,5.563162951580E0));
#2454=CARTESIAN_POINT('',(1.323244609961E0,2.422475781469E-1,5.463123343095E0));
#2455=CARTESIAN_POINT('',(1.154756120325E0,1.935378213644E-1,5.363083734610E0));
#2456=CARTESIAN_POINT('',(9.862676306897E-1,1.448280645819E-1,
5.263044126125E0));
#2457=CARTESIAN_POINT('',(1.316357851797E0,8.084090453992E-1,5.626268420331E0));
#2458=CARTESIAN_POINT('',(1.173708946037E0,7.013787162252E-1,5.526228811845E0));
#2459=CARTESIAN_POINT('',(1.031060040277E0,5.943483870513E-1,5.426189203360E0));
#2460=CARTESIAN_POINT('',(8.884111345164E-1,4.873180578774E-1,
5.326149594875E0));
#2461=CARTESIAN_POINT('',(8.470163255739E-1,1.329700543831E0,5.705150256268E0));
#2462=CARTESIAN_POINT('',(7.636149992029E-1,1.168076036376E0,5.605110647783E0));
#2463=CARTESIAN_POINT('',(6.802136728318E-1,1.006451528921E0,5.505071039298E0));
#2464=CARTESIAN_POINT('',(5.968123464607E-1,8.448270214653E-1,
5.405031430813E0));
#2465=CARTESIAN_POINT('',(4.152654402100E-2,1.576023203749E0,5.799808459393E0));
#2466=CARTESIAN_POINT('',(5.327552013438E-2,1.394542978252E0,5.699768850908E0));
#2467=CARTESIAN_POINT('',(6.502449624776E-2,1.213062752756E0,5.599729242423E0));
#2468=CARTESIAN_POINT('',(7.677347236115E-2,1.031582527259E0,5.499689633938E0));
#2469=CARTESIAN_POINT('',(-6.389239941938E-1,1.406223408758E0,
5.878690295331E0));
#2470=CARTESIAN_POINT('',(-5.510766784846E-1,1.251012256998E0,
5.778650686845E0));
#2471=CARTESIAN_POINT('',(-4.632293627754E-1,1.095801105239E0,
5.678611078360E0));
#2472=CARTESIAN_POINT('',(-3.753820470661E-1,9.405899534792E-1,
5.578571469875E0));
#2473=CARTESIAN_POINT('',(-1.074011323530E0,1.075656828152E0,5.941795764081E0));
#2474=CARTESIAN_POINT('',(-9.391369192398E-1,9.635681990117E-1,
5.841756155595E0));
#2475=CARTESIAN_POINT('',(-8.042625149495E-1,8.514795698714E-1,
5.741716547110E0));
#2476=CARTESIAN_POINT('',(-6.693881106593E-1,7.393909407310E-1,
5.641676938625E0));
#2477=CARTESIAN_POINT('',(-1.322247946455E0,7.498417427193E-1,
5.989124865643E0));
#2478=CARTESIAN_POINT('',(-1.162643668856E0,6.771010738590E-1,
5.889085257158E0));
#2479=CARTESIAN_POINT('',(-1.003039391258E0,6.043604049988E-1,
5.789045648673E0));
#2480=CARTESIAN_POINT('',(-8.434351136589E-1,5.316197361386E-1,
5.689006040188E0));
#2481=CARTESIAN_POINT('',(-1.474305983824E0,3.694061436745E-1,
6.036453967205E0));
#2482=CARTESIAN_POINT('',(-1.300940668987E0,3.426940716983E-1,
5.936414358720E0));
#2483=CARTESIAN_POINT('',(-1.127575354150E0,3.159819997220E-1,
5.836374750235E0));
#2484=CARTESIAN_POINT('',(-9.542100393125E-1,2.892699277457E-1,
5.736335141750E0));
#2485=CARTESIAN_POINT('',(-1.535089252527E0,-1.734500507904E-1,
6.099559435956E0));
#2486=CARTESIAN_POINT('',(-1.360544239451E0,-1.379198071609E-1,
5.999519827470E0));
#2487=CARTESIAN_POINT('',(-1.185999226375E0,-1.023895635314E-1,
5.899480218985E0));
#2488=CARTESIAN_POINT('',(-1.011454213299E0,-6.685931990196E-2,
5.799440610500E0));
#2489=CARTESIAN_POINT('',(-1.331389465377E0,-8.449732330061E-1,
6.178441271893E0));
#2490=CARTESIAN_POINT('',(-1.187077521066E0,-7.338655990352E-1,
6.078401663408E0));
#2491=CARTESIAN_POINT('',(-1.042765576755E0,-6.227579650642E-1,
5.978362054923E0));
#2492=CARTESIAN_POINT('',(-8.984536324444E-1,-5.116503310933E-1,
5.878322446438E0));
#2493=CARTESIAN_POINT('',(-8.104593538937E-1,-1.315199917458E0,
6.257323107831E0));
#2494=CARTESIAN_POINT('',(-7.314563241498E-1,-1.155532360217E0,
6.157283499345E0));
#2495=CARTESIAN_POINT('',(-6.524532944060E-1,-9.958648029750E-1,
6.057243890860E0));
#2496=CARTESIAN_POINT('',(-5.734502646622E-1,-8.361972457333E-1,
5.957204282375E0));
#2497=CARTESIAN_POINT('',(-2.934058881154E-1,-1.491253431178E0,
6.320428576580E0));
#2498=CARTESIAN_POINT('',(-2.749415796844E-1,-1.316839897128E0,
6.220388968095E0));
#2499=CARTESIAN_POINT('',(-2.564772712534E-1,-1.142426363079E0,
6.120349359610E0));
#2500=CARTESIAN_POINT('',(-2.380129628224E-1,-9.680128290293E-1,
6.020309751125E0));
#2501=CARTESIAN_POINT('',(2.519699962647E-1,-1.524084741624E0,
6.383534045331E0));
#2502=CARTESIAN_POINT('',(2.066748310262E-1,-1.351595467513E0,
6.283494436845E0));
#2503=CARTESIAN_POINT('',(1.613796657876E-1,-1.179106193401E0,
6.183454828360E0));
#2504=CARTESIAN_POINT('',(1.160845005491E-1,-1.006616919289E0,
6.083415219875E0));
#2505=CARTESIAN_POINT('',(9.118204326766E-1,-1.286127400613E0,
6.462415881268E0));
#2506=CARTESIAN_POINT('',(7.936113304554E-1,-1.147907030180E0,
6.362376272783E0));
#2507=CARTESIAN_POINT('',(6.754022282341E-1,-1.009686659747E0,
6.262336664298E0));
#2508=CARTESIAN_POINT('',(5.571931260129E-1,-8.714662893135E-1,
6.162297055813E0));
#2509=CARTESIAN_POINT('',(1.443861203025E0,-6.331180134962E-1,
6.557074084393E0));
#2510=CARTESIAN_POINT('',(1.271362175022E0,-5.755229093289E-1,
6.457034475908E0));
#2511=CARTESIAN_POINT('',(1.098863147019E0,-5.179278051615E-1,
6.356994867423E0));
#2512=CARTESIAN_POINT('',(9.263641190153E-1,-4.603327009941E-1,
6.256955258938E0));
#2513=CARTESIAN_POINT('',(1.543358141695E0,6.110476381060E-2,6.635955920331E0));
#2514=CARTESIAN_POINT('',(1.366473256791E0,3.831463436189E-2,6.535916311845E0));
#2515=CARTESIAN_POINT('',(1.189588371886E0,1.552450491318E-2,6.435876703360E0));
#2516=CARTESIAN_POINT('',(1.012703486982E0,-7.265624535527E-3,
6.335837094875E0));
#2517=CARTESIAN_POINT('',(1.401391727758E0,5.887606987496E-1,6.699061389080E0));
#2518=CARTESIAN_POINT('',(1.246697783739E0,5.061486572609E-1,6.599021780595E0));
#2519=CARTESIAN_POINT('',(1.092003839719E0,4.235366157723E-1,6.498982172110E0));
#2520=CARTESIAN_POINT('',(9.373098956997E-1,3.409245742837E-1,
6.398942563625E0));
#2521=CARTESIAN_POINT('',(1.193323578654E0,9.415843603505E-1,6.746390490643E0));
#2522=CARTESIAN_POINT('',(1.065738140523E0,8.212237093434E-1,6.646350882158E0));
#2523=CARTESIAN_POINT('',(9.381527023914E-1,7.008630583363E-1,
6.546311273673E0));
#2524=CARTESIAN_POINT('',(8.105672642599E-1,5.805024073292E-1,
6.446271665188E0));
#2525=CARTESIAN_POINT('',(8.983823933751E-1,1.225947840732E0,6.793719592206E0));
#2526=CARTESIAN_POINT('',(8.082310243537E-1,1.075475923614E0,6.693679983720E0));
#2527=CARTESIAN_POINT('',(7.180796553322E-1,9.250040064950E-1,
6.593640375235E0));
#2528=CARTESIAN_POINT('',(6.279282863107E-1,7.745320893763E-1,
6.493600766750E0));
#2529=CARTESIAN_POINT('',(4.185865351229E-1,1.487067330673E0,6.856825060956E0));
#2530=CARTESIAN_POINT('',(3.856316587370E-1,1.312017806468E0,6.756785452470E0));
#2531=CARTESIAN_POINT('',(3.526767823511E-1,1.136968282263E0,6.656745843985E0));
#2532=CARTESIAN_POINT('',(3.197219059652E-1,9.619187580580E-1,
6.556706235500E0));
#2533=CARTESIAN_POINT('',(-2.801598167354E-1,1.551801582065E0,
6.935706896893E0));
#2534=CARTESIAN_POINT('',(-2.317162180645E-1,1.376233756581E0,
6.835667288408E0));
#2535=CARTESIAN_POINT('',(-1.832726193937E-1,1.200665931097E0,
6.735627679923E0));
#2536=CARTESIAN_POINT('',(-1.348290207228E-1,1.025098105613E0,
6.635588071438E0));
#2537=CARTESIAN_POINT('',(-9.121852151967E-1,1.246801235311E0,
7.014588732831E0));
#2538=CARTESIAN_POINT('',(-7.941288595213E-1,1.113392448386E0,
6.914549124345E0));
#2539=CARTESIAN_POINT('',(-6.760725038458E-1,9.799836614604E-1,
6.814509515860E0));
#2540=CARTESIAN_POINT('',(-5.580161481704E-1,8.465748745351E-1,
6.714469907375E0));
#2541=CARTESIAN_POINT('',(-1.270318818011E0,8.343943383004E-1,
7.077694201581E0));
#2542=CARTESIAN_POINT('',(-1.115764137313E0,7.514855798976E-1,
6.977654593095E0));
#2543=CARTESIAN_POINT('',(-9.612094566154E-1,6.685768214949E-1,
6.877614984610E0));
#2544=CARTESIAN_POINT('',(-8.066547759176E-1,5.856680630922E-1,
6.777575376125E0));
#2545=CARTESIAN_POINT('',(-1.506503169133E0,3.417182758682E-1,
7.140799670331E0));
#2546=CARTESIAN_POINT('',(-1.329672957282E0,3.185822032906E-1,
7.040760061845E0));
#2547=CARTESIAN_POINT('',(-1.152842745431E0,2.954461307130E-1,
6.940720453360E0));
#2548=CARTESIAN_POINT('',(-9.760125335795E-1,2.723100581354E-1,
6.840680844875E0));
#2549=CARTESIAN_POINT('',(-1.535107717784E0,-3.591441031842E-1,
7.219681506268E0));
#2550=CARTESIAN_POINT('',(-1.362501694080E0,-3.018254916212E-1,
7.119641897783E0));
#2551=CARTESIAN_POINT('',(-1.189895670375E0,-2.445068800581E-1,
7.019602289298E0));
#2552=CARTESIAN_POINT('',(-1.017289646671E0,-1.871882684951E-1,
6.919562680813E0));
#2553=CARTESIAN_POINT('',(-1.131114394594E0,-1.098250344392E0,
7.314339709393E0));
#2554=CARTESIAN_POINT('',(-1.012689608330E0,-9.602333864322E-1,
7.214300100908E0));
#2555=CARTESIAN_POINT('',(-8.942648220664E-1,-8.222164284722E-1,
7.114260492423E0));
#2556=CARTESIAN_POINT('',(-7.758400358028E-1,-6.841994705121E-1,
7.014220883938E0));
#2557=CARTESIAN_POINT('',(-5.257477046853E-1,-1.452335187453E0,
7.393221545330E0));
#2558=CARTESIAN_POINT('',(-4.801115379533E-1,-1.279925811856E0,
7.293181936845E0));
#2559=CARTESIAN_POINT('',(-4.344753712213E-1,-1.107516436258E0,
7.193142328360E0));
#2560=CARTESIAN_POINT('',(-3.888392044894E-1,-9.351070606608E-1,
7.093102719875E0));
#2561=CARTESIAN_POINT('',(1.647241517874E-2,-1.519956115998E0,
7.456327014081E0));
#2562=CARTESIAN_POINT('',(-1.664561990710E-3,-1.345525568861E0,
7.356287405595E0));
#2563=CARTESIAN_POINT('',(-1.980153916016E-2,-1.171095021725E0,
7.256247797110E0));
#2564=CARTESIAN_POINT('',(-3.793851632960E-2,-9.966644745880E-1,
7.156208188625E0));
#2565=CARTESIAN_POINT('',(4.217244956003E-1,-1.460394029308E0,
7.503656115643E0));
#2566=CARTESIAN_POINT('',(3.584006243223E-1,-1.296825029616E0,
7.403616507158E0));
#2567=CARTESIAN_POINT('',(2.950767530444E-1,-1.133256029923E0,
7.303576898673E0));
#2568=CARTESIAN_POINT('',(2.317528817664E-1,-9.696870302308E-1,
7.203537290188E0));
#2569=CARTESIAN_POINT('',(7.963554031592E-1,-1.294548996671E0,
7.550985217206E0));
#2570=CARTESIAN_POINT('',(6.910214449321E-1,-1.154285585826E0,
7.450945608720E0));
#2571=CARTESIAN_POINT('',(5.856874867050E-1,-1.014022174980E0,
7.350906000235E0));
#2572=CARTESIAN_POINT('',(4.803535284778E-1,-8.737587641344E-1,
7.250866391750E0));
#2573=CARTESIAN_POINT('',(1.219209303590E0,-9.487426454955E-1,
7.614090685955E0));
#2574=CARTESIAN_POINT('',(1.069533185704E0,-8.521744336621E-1,
7.514051077470E0));
#2575=CARTESIAN_POINT('',(9.198570678185E-1,-7.556062218287E-1,
7.414011468985E0));
#2576=CARTESIAN_POINT('',(7.701809499327E-1,-6.590380099953E-1,
7.313971860500E0));
#2577=CARTESIAN_POINT('',(1.542807801082E0,-3.260701794593E-1,
7.692972521893E0));
#2578=CARTESIAN_POINT('',(1.361938633377E0,-3.046882298068E-1,
7.592932913408E0));
#2579=CARTESIAN_POINT('',(1.181069465671E0,-2.833062801543E-1,
7.492893304923E0));
#2580=CARTESIAN_POINT('',(1.000200297966E0,-2.619243305018E-1,
7.392853696438E0));
#2581=CARTESIAN_POINT('',(1.498826023673E0,3.743203680753E-1,7.771854357830E0));
#2582=CARTESIAN_POINT('',(1.330733564449E0,3.153277185663E-1,7.671814749345E0));
#2583=CARTESIAN_POINT('',(1.162641105224E0,2.563350690573E-1,7.571775140860E0));
#2584=CARTESIAN_POINT('',(9.945486459997E-1,1.973424195483E-1,
7.471735532375E0));
#2585=CARTESIAN_POINT('',(1.252032622844E0,8.615904610157E-1,7.834959826581E0));
#2586=CARTESIAN_POINT('',(1.116935980236E0,7.497427578594E-1,7.734920218095E0));
#2587=CARTESIAN_POINT('',(9.818393376273E-1,6.378950547031E-1,
7.634880609610E0));
#2588=CARTESIAN_POINT('',(8.467426950187E-1,5.260473515468E-1,
7.534841001125E0));
#2589=CARTESIAN_POINT('',(8.848896592876E-1,1.266212252964E0,7.898065295331E0));
#2590=CARTESIAN_POINT('',(7.967426002711E-1,1.111182263399E0,7.798025686845E0));
#2591=CARTESIAN_POINT('',(7.085955412546E-1,9.561522738348E-1,
7.697986078360E0));
#2592=CARTESIAN_POINT('',(6.204484822382E-1,8.011222842703E-1,
7.597946469875E0));
#2593=CARTESIAN_POINT('',(2.466252095457E-1,1.557150024265E0,7.976947131268E0));
#2594=CARTESIAN_POINT('',(2.345798067147E-1,1.375675037225E0,7.876907522783E0));
#2595=CARTESIAN_POINT('',(2.225344038838E-1,1.194200050185E0,7.776867914298E0));
#2596=CARTESIAN_POINT('',(2.104890010528E-1,1.012725063145E0,7.676828305813E0));
#2597=CARTESIAN_POINT('',(-5.902829647745E-1,1.461895897153E0,
8.071605334393E0));
#2598=CARTESIAN_POINT('',(-5.071513967799E-1,1.300148399216E0,
7.971565725908E0));
#2599=CARTESIAN_POINT('',(-4.240198287853E-1,1.138400901279E0,
7.871526117423E0));
#2600=CARTESIAN_POINT('',(-3.408882607908E-1,9.766534033416E-1,
7.771486508938E0));
#2601=CARTESIAN_POINT('',(-1.146610649421E0,1.034877849956E0,8.150487170330E0));
#2602=CARTESIAN_POINT('',(-1.004164402188E0,9.275618718497E-1,
8.050447561845E0));
#2603=CARTESIAN_POINT('',(-8.617181549541E-1,8.202458937431E-1,
7.950407953360E0));
#2604=CARTESIAN_POINT('',(-7.192719077207E-1,7.129299156365E-1,
7.850368344875E0));
#2605=CARTESIAN_POINT('',(-1.413822384812E0,5.582510181140E-1,
8.213592639081E0));
#2606=CARTESIAN_POINT('',(-1.245441647402E0,5.092317057505E-1,
8.113553030595E0));
#2607=CARTESIAN_POINT('',(-1.077060909993E0,4.602123933870E-1,
8.013513422110E0));
#2608=CARTESIAN_POINT('',(-9.086801725830E-1,4.111930810234E-1,
7.913473813625E0));
#2609=CARTESIAN_POINT('',(-1.511571541639E0,1.604797355955E-1,
8.260921740643E0));
#2610=CARTESIAN_POINT('',(-1.336199709184E0,1.574055339852E-1,
8.160882132158E0));
#2611=CARTESIAN_POINT('',(-1.160827876729E0,1.543313323749E-1,
8.060842523673E0));
#2612=CARTESIAN_POINT('',(-9.854560442748E-1,1.512571307647E-1,
7.960802915188E0));
#2613=CARTESIAN_POINT('',(-1.499339860895E0,-2.490361709761E-1,
8.308250842206E0));
#2614=CARTESIAN_POINT('',(-1.329699825722E0,-2.044118990583E-1,
8.208211233720E0));
#2615=CARTESIAN_POINT('',(-1.160059790548E0,-1.597876271405E-1,
8.108171625235E0));
#2616=CARTESIAN_POINT('',(-9.904197553747E-1,-1.151633552227E-1,
8.008132016750E0));
#2617=CARTESIAN_POINT('',(-1.338644253769E0,-7.711131533009E-1,
8.371356310956E0));
#2618=CARTESIAN_POINT('',(-1.192738576276E0,-6.689373583329E-1,
8.271316702470E0));
#2619=CARTESIAN_POINT('',(-1.046832898783E0,-5.667615633649E-1,
8.171277093985E0));
#2620=CARTESIAN_POINT('',(-9.009272212898E-1,-4.645857683969E-1,
8.071237485500E0));
#2621=CARTESIAN_POINT('',(-8.840965759883E-1,-1.305737690862E0,
8.450238146893E0));
#2622=CARTESIAN_POINT('',(-7.960500139277E-1,-1.146305427795E0,
8.350198538408E0));
#2623=CARTESIAN_POINT('',(-7.080034518671E-1,-9.868731647282E-1,
8.250158929923E0));
#2624=CARTESIAN_POINT('',(-6.199568898065E-1,-8.274409016612E-1,
8.150119321438E0));
#2625=CARTESIAN_POINT('',(-2.188809995439E-1,-1.529276395958E0,
8.529119982831E0));
#2626=CARTESIAN_POINT('',(-2.100889428094E-1,-1.351349705204E0,
8.429080374345E0));
#2627=CARTESIAN_POINT('',(-2.012968860750E-1,-1.173423014451E0,
8.329040765860E0));
#2628=CARTESIAN_POINT('',(-1.925048293405E-1,-9.954963236967E-1,
8.229001157375E0));
#2629=CARTESIAN_POINT('',(3.254914817588E-1,-1.484580447966E0,
8.592225451581E0));
#2630=CARTESIAN_POINT('',(2.728854233601E-1,-1.317267525078E0,
8.492185843095E0));
#2631=CARTESIAN_POINT('',(2.202793649614E-1,-1.149954602191E0,
8.392146234610E0));
#2632=CARTESIAN_POINT('',(1.676733065628E-1,-9.826416793029E-1,
8.292106626125E0));
#2633=CARTESIAN_POINT('',(8.387346746011E-1,-1.297246053874E0,
8.655330920331E0));
#2634=CARTESIAN_POINT('',(7.284232973629E-1,-1.157118962527E0,
8.555291311845E0));
#2635=CARTESIAN_POINT('',(6.181119201247E-1,-1.016991871179E0,
8.455251703360E0));
#2636=CARTESIAN_POINT('',(5.078005428865E-1,-8.768647798322E-1,
8.355212094875E0));
#2637=CARTESIAN_POINT('',(1.348995762284E0,-8.159354296709E-1,
8.734212756268E0));
#2638=CARTESIAN_POINT('',(1.185479618239E0,-7.363067081749E-1,
8.634173147783E0));
#2639=CARTESIAN_POINT('',(1.021963474193E0,-6.566779866788E-1,
8.534133539298E0));
#2640=CARTESIAN_POINT('',(8.584473301479E-1,-5.770492651827E-1,
8.434093930813E0));
#2641=CARTESIAN_POINT('',(1.576562437294E0,-4.947113231922E-3,
8.828870959393E0));
#2642=CARTESIAN_POINT('',(1.395403680274E0,-2.090378711240E-2,
8.728831350908E0));
#2643=CARTESIAN_POINT('',(1.214244923255E0,-3.686046099287E-2,
8.628791742423E0));
#2644=CARTESIAN_POINT('',(1.033086166236E0,-5.281713487334E-2,
8.528752133938E0));
#2645=CARTESIAN_POINT('',(1.391019955459E0,6.713803908447E-1,8.907752795331E0));
#2646=CARTESIAN_POINT('',(1.237888899315E0,5.799553824928E-1,8.807713186845E0));
#2647=CARTESIAN_POINT('',(1.084757843171E0,4.885303741409E-1,8.707673578360E0));
#2648=CARTESIAN_POINT('',(9.316267870275E-1,3.971053657890E-1,
8.607633969875E0));
#2649=CARTESIAN_POINT('',(1.050447099059E0,1.098680493637E0,8.970858264081E0));
#2650=CARTESIAN_POINT('',(9.415181190802E-1,9.612416234587E-1,
8.870818655595E0));
#2651=CARTESIAN_POINT('',(8.325891391011E-1,8.238027532803E-1,
8.770779047110E0));
#2652=CARTESIAN_POINT('',(7.236601591220E-1,6.863638831018E-1,
8.670739438625E0));
#2653=CARTESIAN_POINT('',(7.189599300149E-1,1.339290442758E0,9.018187365643E0));
#2654=CARTESIAN_POINT('',(6.499421208219E-1,1.178041342456E0,8.918147757158E0));
#2655=CARTESIAN_POINT('',(5.809243116288E-1,1.016792242153E0,8.818108148673E0));
#2656=CARTESIAN_POINT('',(5.119065024358E-1,8.555431418513E-1,
8.718068540188E0));
#2657=CARTESIAN_POINT('',(3.350985710090E-1,1.482480347469E0,9.065516467206E0));
#2658=CARTESIAN_POINT('',(3.124162622235E-1,1.308541909951E0,8.965476858720E0));
#2659=CARTESIAN_POINT('',(2.897339534380E-1,1.134603472434E0,8.865437250235E0));
#2660=CARTESIAN_POINT('',(2.670516446526E-1,9.606650349165E-1,
8.765397641750E0));
#2661=CARTESIAN_POINT('',(-2.090218201327E-1,1.530651433884E0,
9.128621935955E0));
#2662=CARTESIAN_POINT('',(-1.694511979780E-1,1.356977815668E0,
9.028582327470E0));
#2663=CARTESIAN_POINT('',(-1.298805758234E-1,1.183304197451E0,
8.928542718985E0));
#2664=CARTESIAN_POINT('',(-9.030995366873E-2,1.009630579235E0,
8.828503110500E0));
#2665=CARTESIAN_POINT('',(-8.756377947745E-1,1.311425226757E0,
9.207503771893E0));
#2666=CARTESIAN_POINT('',(-7.612116231861E-1,1.169730149733E0,
9.107464163408E0));
#2667=CARTESIAN_POINT('',(-6.467854515977E-1,1.028035072708E0,
9.007424554923E0));
#2668=CARTESIAN_POINT('',(-5.323592800093E-1,8.863399956836E-1,
8.907384946438E0));
#2669=CARTESIAN_POINT('',(-1.333650813394E0,7.797247560075E-1,
9.286385607830E0));
#2670=CARTESIAN_POINT('',(-1.172193145782E0,7.044477401693E-1,
9.186345999345E0));
#2671=CARTESIAN_POINT('',(-1.010735478169E0,6.291707243311E-1,
9.086306390860E0));
#2672=CARTESIAN_POINT('',(-8.492778105574E-1,5.538937084929E-1,
8.986266782375E0));
#2673=CARTESIAN_POINT('',(-1.497659808648E0,2.587255471380E-1,
9.349491076581E0));
#2674=CARTESIAN_POINT('',(-1.322864805852E0,2.443131031E-1,9.249451468095E0));
#2675=CARTESIAN_POINT('',(-1.148069803056E0,2.299006590619E-1,
9.149411859610E0));
#2676=CARTESIAN_POINT('',(-9.732748002608E-1,2.154882150238E-1,
9.049372251125E0));
#2677=CARTESIAN_POINT('',(-1.517827998087E0,-2.872652900959E-1,
9.412596545331E0));
#2678=CARTESIAN_POINT('',(-1.346436139524E0,-2.379800743006E-1,
9.312556936845E0));
#2679=CARTESIAN_POINT('',(-1.175044280961E0,-1.886948585053E-1,
9.212517328360E0));
#2680=CARTESIAN_POINT('',(-1.003652422398E0,-1.394096427099E-1,
9.112477719875E0));
#2681=CARTESIAN_POINT('',(-1.264624301134E0,-9.414167881631E-1,
9.491478381268E0));
#2682=CARTESIAN_POINT('',(-1.129183932394E0,-8.200324021564E-1,
9.391438772783E0));
#2683=CARTESIAN_POINT('',(-9.937435636540E-1,-6.986480161497E-1,
9.291399164298E0));
#2684=CARTESIAN_POINT('',(-8.583031949142E-1,-5.772636301430E-1,
9.191359555813E0));
#2685=CARTESIAN_POINT('',(-5.994458497027E-1,-1.458162633553E0,
9.586136584393E0));
#2686=CARTESIAN_POINT('',(-5.458687228036E-1,-1.284373674872E0,
9.486096975908E0));
#2687=CARTESIAN_POINT('',(-4.922915959045E-1,-1.110584716191E0,
9.386057367423E0));
#2688=CARTESIAN_POINT('',(-4.387144690054E-1,-9.367957575101E-1,
9.286017758938E0));
#2689=CARTESIAN_POINT('',(9.689864095610E-2,-1.541524829212E0,
9.665018420330E0));
#2690=CARTESIAN_POINT('',(7.001041132856E-2,-1.365216361986E0,
9.564978811845E0));
#2691=CARTESIAN_POINT('',(4.312218170103E-2,-1.188907894761E0,
9.464939203360E0));
#2692=CARTESIAN_POINT('',(1.623395207349E-2,-1.012599427536E0,
9.364899594875E0));
#2693=CARTESIAN_POINT('',(6.211184916636E-1,-1.387353507342E0,
9.728123889081E0));
#2694=CARTESIAN_POINT('',(5.349393487782E-1,-1.234618046343E0,
9.628084280595E0));
#2695=CARTESIAN_POINT('',(4.487602058929E-1,-1.081882585343E0,
9.528044672110E0));
#2696=CARTESIAN_POINT('',(3.625810630075E-1,-9.291471243433E-1,
9.428005063625E0));
#2697=CARTESIAN_POINT('',(9.690193883214E-1,-1.171154855724E0,
9.775452990643E0));
#2698=CARTESIAN_POINT('',(8.457307936546E-1,-1.046396478213E0,
9.675413382158E0));
#2699=CARTESIAN_POINT('',(7.224421989878E-1,-9.216381007025E-1,
9.575373773673E0));
#2700=CARTESIAN_POINT('',(5.991536043210E-1,-7.968797231916E-1,
9.475334165188E0));
#2701=CARTESIAN_POINT('',(1.246462831613E0,-8.696950283456E-1,
9.822782092206E0));
#2702=CARTESIAN_POINT('',(1.093939655058E0,-7.830593094351E-1,
9.722742483720E0));
#2703=CARTESIAN_POINT('',(9.414164785018E-1,-6.964235905245E-1,
9.622702875235E0));
#2704=CARTESIAN_POINT('',(7.888933019460E-1,-6.097878716139E-1,
9.522663266750E0));
#2705=CARTESIAN_POINT('',(1.496379384573E0,-3.839696221953E-1,
9.885887560955E0));
#2706=CARTESIAN_POINT('',(1.320612340177E0,-3.550852681843E-1,
9.785847952470E0));
#2707=CARTESIAN_POINT('',(1.144845295782E0,-3.262009141733E-1,
9.685808343985E0));
#2708=CARTESIAN_POINT('',(9.690782513869E-1,-2.973165601623E-1,
9.585768735500E0));
#2709=CARTESIAN_POINT('',(1.544883291976E0,3.160906312867E-1,9.964769396893E0));
#2710=CARTESIAN_POINT('',(1.370486763527E0,2.635863984822E-1,9.864729788408E0));
#2711=CARTESIAN_POINT('',(1.196090235078E0,2.110821656777E-1,9.764690179923E0));
#2712=CARTESIAN_POINT('',(1.021693706629E0,1.585779328731E-1,9.664650571438E0));
#2713=CARTESIAN_POINT('',(1.225300259328E0,9.408689928393E-1,1.004365123283E1));
#2714=CARTESIAN_POINT('',(1.094666634552E0,8.197489547698E-1,9.943611624345E0));
#2715=CARTESIAN_POINT('',(9.640330097751E-1,6.986289167003E-1,
9.843572015860E0));
#2716=CARTESIAN_POINT('',(8.333993849984E-1,5.775088786308E-1,
9.743532407375E0));
#2717=CARTESIAN_POINT('',(8.046946665872E-1,1.289337157126E0,1.010675670158E1));
#2718=CARTESIAN_POINT('',(7.253943402255E-1,1.132900365468E0,1.000671709310E1));
#2719=CARTESIAN_POINT('',(6.460940138637E-1,9.764635738093E-1,
9.906677484610E0));
#2720=CARTESIAN_POINT('',(5.667936875020E-1,8.200267821509E-1,
9.806637876125E0));
#2721=CARTESIAN_POINT('',(3.066710905162E-1,1.514026426755E0,1.016986217033E1));
#2722=CARTESIAN_POINT('',(2.876442139210E-1,1.336706998477E0,1.006982256185E1));
#2723=CARTESIAN_POINT('',(2.686173373257E-1,1.159387570200E0,9.969782953360E0));
#2724=CARTESIAN_POINT('',(2.495904607304E-1,9.820681419221E-1,
9.869743344875E0));
#2725=CARTESIAN_POINT('',(-3.946663079245E-1,1.526361260463E0,
1.024874400627E1));
#2726=CARTESIAN_POINT('',(-3.333581738642E-1,1.355131662120E0,
1.014870439778E1));
#2727=CARTESIAN_POINT('',(-2.720500398039E-1,1.183902063777E0,
1.004866478930E1));
#2728=CARTESIAN_POINT('',(-2.107419057436E-1,1.012672465435E0,
9.948625180813E0));
#2729=CARTESIAN_POINT('',(-1.124199763137E0,1.105327320380E0,1.034340220939E1));
#2730=CARTESIAN_POINT('',(-9.834721683478E-1,9.901368053577E-1,
1.024336260091E1));
#2731=CARTESIAN_POINT('',(-8.427445735589E-1,8.749462903356E-1,
1.014332299242E1));
#2732=CARTESIAN_POINT('',(-7.020169787701E-1,7.597557753134E-1,
1.004328338394E1));
#2733=CARTESIAN_POINT('',(-1.464143037997E0,4.919078267112E-1,
1.042228404533E1));
#2734=CARTESIAN_POINT('',(-1.290721189176E0,4.502843374379E-1,
1.032224443685E1));
#2735=CARTESIAN_POINT('',(-1.117299340355E0,4.086608481646E-1,
1.022220482836E1));
#2736=CARTESIAN_POINT('',(-9.438774915336E-1,3.670373588914E-1,
1.012216521988E1));
#2737=CARTESIAN_POINT('',(-1.519164702154E0,-5.173531436220E-2,
1.048538951408E1));
#2738=CARTESIAN_POINT('',(-1.345201945476E0,-2.955593194353E-2,
1.038534990560E1));
#2739=CARTESIAN_POINT('',(-1.171239188799E0,-7.376549524862E-3,
1.028531029711E1));
#2740=CARTESIAN_POINT('',(-9.972764321217E-1,1.480283289381E-2,
1.018527068863E1));
#2741=CARTESIAN_POINT('',(-1.450215642317E0,-4.554962807824E-1,
1.053271861564E1));
#2742=CARTESIAN_POINT('',(-1.288159974235E0,-3.883941885915E-1,
1.043267900716E1));
#2743=CARTESIAN_POINT('',(-1.126104306152E0,-3.212920964005E-1,
1.033263939867E1));
#2744=CARTESIAN_POINT('',(-9.640486380699E-1,-2.541900042096E-1,
1.023259979019E1));
#2745=CARTESIAN_POINT('',(-1.275722749201E0,-8.261782495915E-1,
1.058004771721E1));
#2746=CARTESIAN_POINT('',(-1.137941149875E0,-7.176181369117E-1,
1.048000810872E1));
#2747=CARTESIAN_POINT('',(-1.000159550549E0,-6.090580242319E-1,
1.037996850024E1));
#2748=CARTESIAN_POINT('',(-8.623779512239E-1,-5.004979115522E-1,
1.027992889175E1));
#2749=CARTESIAN_POINT('',(-9.201980756934E-1,-1.240894610682E0,
1.064315318596E1));
#2750=CARTESIAN_POINT('',(-8.271287767120E-1,-1.089018129981E0,
1.054311357747E1));
#2751=CARTESIAN_POINT('',(-7.340594777306E-1,-9.371416492799E-1,
1.044307396899E1));
#2752=CARTESIAN_POINT('',(-6.409901787492E-1,-7.852651685788E-1,
1.034303436050E1));
#2753=CARTESIAN_POINT('',(-2.901848355741E-1,-1.549958204032E0,
1.072203502189E1));
#2754=CARTESIAN_POINT('',(-2.730053249749E-1,-1.368641607991E0,
1.062199541341E1));
#2755=CARTESIAN_POINT('',(-2.558258143757E-1,-1.187325011951E0,
1.052195580492E1));
#2756=CARTESIAN_POINT('',(-2.386463037766E-1,-1.006008415911E0,
1.042191619644E1));
#2757=CARTESIAN_POINT('',(4.089966479932E-1,-1.489737201410E0,
1.080091685783E1));
#2758=CARTESIAN_POINT('',(3.461196542374E-1,-1.323058794755E0,
1.070087724935E1));
#2759=CARTESIAN_POINT('',(2.832426604816E-1,-1.156380388101E0,
1.060083764086E1));
#2760=CARTESIAN_POINT('',(2.203656667258E-1,-9.897019814467E-1,
1.050079803238E1));
#2761=CARTESIAN_POINT('',(8.904092428036E-1,-1.231704181614E0,
1.086402232658E1));
#2762=CARTESIAN_POINT('',(7.754570227584E-1,-1.099239097240E0,
1.076398271810E1));
#2763=CARTESIAN_POINT('',(6.605048027133E-1,-9.667740128665E-1,
1.066394310961E1));
#2764=CARTESIAN_POINT('',(5.455525826681E-1,-8.343089284927E-1,
1.056390350113E1));
#2765=CARTESIAN_POINT('',(1.286403335167E0,-8.552716771820E-1,
1.092712779533E1));
#2766=CARTESIAN_POINT('',(1.129369818493E0,-7.707454879562E-1,
1.082708818685E1));
#2767=CARTESIAN_POINT('',(9.723363018200E-1,-6.862192987303E-1,
1.072704857836E1));
#2768=CARTESIAN_POINT('',(8.153027851467E-1,-6.016931095045E-1,
1.062700896988E1));
#2769=CARTESIAN_POINT('',(1.562453203394E0,-2.104284731195E-1,
1.100600963127E1));
#2770=CARTESIAN_POINT('',(1.380747590099E0,-2.025970608781E-1,
1.090597002278E1));
#2771=CARTESIAN_POINT('',(1.199041976804E0,-1.947656486367E-1,
1.080593041430E1));
#2772=CARTESIAN_POINT('',(1.017336363509E0,-1.869342363953E-1,
1.070589080581E1));
#2773=CARTESIAN_POINT('',(1.447806109475E0,6.240442169601E-1,1.110066783439E1));
#2774=CARTESIAN_POINT('',(1.288031031960E0,5.371820552253E-1,1.100062822591E1));
#2775=CARTESIAN_POINT('',(1.128255954446E0,4.503198934905E-1,1.090058861742E1));
#2776=CARTESIAN_POINT('',(9.684808769311E-1,3.634577317557E-1,
1.080054900894E1));
#2777=CARTESIAN_POINT('',(1.007994462843E0,1.170314087868E0,1.117954967033E1));
#2778=CARTESIAN_POINT('',(9.040125845134E-1,1.025416063326E0,1.107951006185E1));
#2779=CARTESIAN_POINT('',(8.000307061837E-1,8.805180387845E-1,
1.097947045336E1));
#2780=CARTESIAN_POINT('',(6.960488278541E-1,7.356200142427E-1,
1.087943084488E1));
#2781=CARTESIAN_POINT('',(5.252962095063E-1,1.426394768245E0,1.124265513908E1));
#2782=CARTESIAN_POINT('',(4.801969279152E-1,1.256922128657E0,1.114261553060E1));
#2783=CARTESIAN_POINT('',(4.350976463241E-1,1.087449489068E0,1.104257592211E1));
#2784=CARTESIAN_POINT('',(3.899983647330E-1,9.179768494795E-1,
1.094253631363E1));
#2785=CARTESIAN_POINT('',(1.253629415328E-1,1.514888204737E0,1.128998424064E1));
#2786=CARTESIAN_POINT('',(1.263590012960E-1,1.339491668753E0,1.118994463216E1));
#2787=CARTESIAN_POINT('',(1.273550610592E-1,1.164095132769E0,1.108990502367E1));
#2788=CARTESIAN_POINT('',(1.283511208224E-1,9.886985967850E-1,
1.098986541519E1));
#2789=CARTESIAN_POINT('',(-2.837550920607E-1,1.493157770620E0,
1.133731334221E1));
#2790=CARTESIAN_POINT('',(-2.352078353653E-1,1.324601012271E0,
1.123727373372E1));
#2791=CARTESIAN_POINT('',(-1.866605786699E-1,1.156044253922E0,
1.113723412524E1));
#2792=CARTESIAN_POINT('',(-1.381133219745E-1,9.874874955727E-1,
1.103719451675E1));
#2793=CARTESIAN_POINT('',(-8.019819868054E-1,1.320392242477E0,
1.140041881096E1));
#2794=CARTESIAN_POINT('',(-6.964422364028E-1,1.176884963008E0,
1.130037920247E1));
#2795=CARTESIAN_POINT('',(-5.909024860002E-1,1.033377683538E0,
1.120033959399E1));
#2796=CARTESIAN_POINT('',(-4.853627355976E-1,8.898704040690E-1,
1.110029998550E1));
#2797=CARTESIAN_POINT('',(-1.321814836581E0,8.570837972870E-1,
1.147870494377E1));
#2798=CARTESIAN_POINT('',(-1.160852887402E0,7.724064976233E-1,
1.137866533528E1));
#2799=CARTESIAN_POINT('',(-9.998909382234E-1,6.877291979596E-1,
1.127862572680E1));
#2800=CARTESIAN_POINT('',(-8.389289890446E-1,6.030518982959E-1,
1.117858611831E1));
#2801=CARTESIAN_POINT('',(-1.572444894935E0,6.522908837689E-2,
1.157217174064E1));
#2802=CARTESIAN_POINT('',(-1.391094469733E0,7.428779131592E-2,
1.147213213216E1));
#2803=CARTESIAN_POINT('',(-1.209744044531E0,8.334649425495E-2,
1.137209252367E1));
#2804=CARTESIAN_POINT('',(-1.028393619329E0,9.240519719397E-2,
1.127205291519E1));
#2805=CARTESIAN_POINT('',(-1.389344489755E0,-7.392873801964E-1,
1.166504283439E1));
#2806=CARTESIAN_POINT('',(-1.237485249223E0,-6.396822579997E-1,
1.156500322591E1));
#2807=CARTESIAN_POINT('',(-1.085626008691E0,-5.400771358029E-1,
1.146496361742E1));
#2808=CARTESIAN_POINT('',(-9.337667681594E-1,-4.404720136062E-1,
1.136492400894E1));
#2809=CARTESIAN_POINT('',(-8.241738150085E-1,-1.340392087226E0,
1.175791392814E1));
#2810=CARTESIAN_POINT('',(-7.436214520865E-1,-1.177692262025E0,
1.165787431966E1));
#2811=CARTESIAN_POINT('',(-6.630690891645E-1,-1.014992436824E0,
1.155783471117E1));
#2812=CARTESIAN_POINT('',(-5.825167262424E-1,-8.522926116222E-1,
1.145779510269E1));
#2813=CARTESIAN_POINT('',(-3.325635493549E-2,-1.573730067593E0,
1.185078502189E1));
#2814=CARTESIAN_POINT('',(-4.583444861504E-2,-1.392532569081E0,
1.175074541341E1));
#2815=CARTESIAN_POINT('',(-5.841254229459E-2,-1.211335070568E0,
1.165070580492E1));
#2816=CARTESIAN_POINT('',(-7.099063597413E-2,-1.030137572055E0,
1.155066619644E1));
#2817=CARTESIAN_POINT('',(7.691886632760E-1,-1.372040735121E0,
1.194365611564E1));
#2818=CARTESIAN_POINT('',(6.661131701027E-1,-1.222442948658E0,
1.184361650716E1));
#2819=CARTESIAN_POINT('',(5.630376769295E-1,-1.072845162195E0,
1.174357689867E1));
#2820=CARTESIAN_POINT('',(4.599621837562E-1,-9.232473757319E-1,
1.164353729019E1));
#2821=CARTESIAN_POINT('',(1.338146906318E0,-8.062139953968E-1,
1.203652720939E1));
#2822=CARTESIAN_POINT('',(1.174194371060E0,-7.289876772585E-1,
1.193648760091E1));
#2823=CARTESIAN_POINT('',(1.010241835802E0,-6.517613591202E-1,
1.183644799242E1));
#2824=CARTESIAN_POINT('',(8.462893005431E-1,-5.745350409819E-1,
1.173640838394E1));
#2825=CARTESIAN_POINT('',(1.545377155092E0,-5.917655432853E-2,
1.212939830314E1));
#2826=CARTESIAN_POINT('',(1.365054418224E0,-7.187321095056E-2,
1.202935869466E1));
#2827=CARTESIAN_POINT('',(1.184731681357E0,-8.456986757258E-2,
1.192931908617E1));
#2828=CARTESIAN_POINT('',(1.004408944489E0,-9.726652419460E-2,
1.182927947769E1));
#2829=CARTESIAN_POINT('',(1.414823746962E0,4.859031946489E-1,1.219897467488E1));
#2830=CARTESIAN_POINT('',(1.255737535375E0,4.097704390931E-1,1.209893506640E1));
#2831=CARTESIAN_POINT('',(1.096651323787E0,3.336376835372E-1,1.199889545791E1));
#2832=CARTESIAN_POINT('',(9.375651122002E-1,2.575049279813E-1,
1.189885584943E1));
#2833=CARTESIAN_POINT('',(1.190246853566E0,8.606582253892E-1,1.225615186960E1));
#2834=CARTESIAN_POINT('',(1.062247814690E0,7.419509665943E-1,1.215611226111E1));
#2835=CARTESIAN_POINT('',(9.342487758136E-1,6.232437077994E-1,
1.205607265263E1));
#2836=CARTESIAN_POINT('',(8.062497369373E-1,5.045364490045E-1,
1.195603304414E1));
#2837=CARTESIAN_POINT('',(1.054799562912E0,1.006602908268E0,1.228237203306E1));
#2838=CARTESIAN_POINT('',(9.447731343408E-1,8.717246247148E-1,
1.218233242457E1));
#2839=CARTESIAN_POINT('',(8.347467057692E-1,7.368463411618E-1,
1.208229281609E1));
#2840=CARTESIAN_POINT('',(7.247202771977E-1,6.019680576088E-1,
1.198225320760E1));
#2841=CARTESIAN_POINT('',(9.475939244484E-1,1.093129897084E0,1.230092988728E1));
#2842=CARTESIAN_POINT('',(8.515085994187E-1,9.489434224811E-1,
1.220089027880E1));
#2843=CARTESIAN_POINT('',(7.554232743890E-1,8.047569478785E-1,
1.210085067031E1));
#2844=CARTESIAN_POINT('',(6.593379493593E-1,6.605704732758E-1,
1.200081106183E1));
#2845=B_SPLINE_SURFACE_WITH_KNOTS('',3,3,((#2145,#2146,#2147,#2148),(#2149,
#2150,#2151,#2152),(#2153,#2154,#2155,#2156),(#2157,#2158,#2159,#2160),(#2161,
#2162,#2163,#2164),(#2165,#2166,#2167,#2168),(#2169,#2170,#2171,#2172),(#2173,
#2174,#2175,#2176),(#2177,#2178,#2179,#2180),(#2181,#2182,#2183,#2184),(#2185,
#2186,#2187,#2188),(#2189,#2190,#2191,#2192),(#2193,#2194,#2195,#2196),(#2197,
#2198,#2199,#2200),(#2201,#2202,#2203,#2204),(#2205,#2206,#2207,#2208),(#2209,
#2210,#2211,#2212),(#2213,#2214,#2215,#2216),(#2217,#2218,#2219,#2220),(#2221,
#2222,#2223,#2224),(#2225,#2226,#2227,#2228),(#2229,#2230,#2231,#2232),(#2233,
#2234,#2235,#2236),(#2237,#2238,#2239,#2240),(#2241,#2242,#2243,#2244),(#2245,
#2246,#2247,#2248),(#2249,#2250,#2251,#2252),(#2253,#2254,#2255,#2256),(#2257,
#2258,#2259,#2260),(#2261,#2262,#2263,#2264),(#2265,#2266,#2267,#2268),(#2269,
#2270,#2271,#2272),(#2273,#2274,#2275,#2276),(#2277,#2278,#2279,#2280),(#2281,
#2282,#2283,#2284),(#2285,#2286,#2287,#2288),(#2289,#2290,#2291,#2292),(#2293,
#2294,#2295,#2296),(#2297,#2298,#2299,#2300),(#2301,#2302,#2303,#2304),(#2305,
#2306,#2307,#2308),(#2309,#2310,#2311,#2312),(#2313,#2314,#2315,#2316),(#2317,
#2318,#2319,#2320),(#2321,#2322,#2323,#2324),(#2325,#2326,#2327,#2328),(#2329,
#2330,#2331,#2332),(#2333,#2334,#2335,#2336),(#2337,#2338,#2339,#2340),(#2341,
#2342,#2343,#2344),(#2345,#2346,#2347,#2348),(#2349,#2350,#2351,#2352),(#2353,
#2354,#2355,#2356),(#2357,#2358,#2359,#2360),(#2361,#2362,#2363,#2364),(#2365,
#2366,#2367,#2368),(#2369,#2370,#2371,#2372),(#2373,#2374,#2375,#2376),(#2377,
#2378,#2379,#2380),(#2381,#2382,#2383,#2384),(#2385,#2386,#2387,#2388),(#2389,
#2390,#2391,#2392),(#2393,#2394,#2395,#2396),(#2397,#2398,#2399,#2400),(#2401,
#2402,#2403,#2404),(#2405,#2406,#2407,#2408),(#2409,#2410,#2411,#2412),(#2413,
#2414,#2415,#2416),(#2417,#2418,#2419,#2420),(#2421,#2422,#2423,#2424),(#2425,
#2426,#2427,#2428),(#2429,#2430,#2431,#2432),(#2433,#2434,#2435,#2436),(#2437,
#2438,#2439,#2440),(#2441,#2442,#2443,#2444),(#2445,#2446,#2447,#2448),(#2449,
#2450,#2451,#2452),(#2453,#2454,#2455,#2456),(#2457,#2458,#2459,#2460),(#2461,
#2462,#2463,#2464),(#2465,#2466,#2467,#2468),(#2469,#2470,#2471,#2472),(#2473,
#2474,#2475,#2476),(#2477,#2478,#2479,#2480),(#2481,#2482,#2483,#2484),(#2485,
#2486,#2487,#2488),(#2489,#2490,#2491,#2492),(#2493,#2494,#2495,#2496),(#2497,
#2498,#2499,#2500),(#2501,#2502,#2503,#2504),(#2505,#2506,#2507,#2508),(#2509,
#2510,#2511,#2512),(#2513,#2514,#2515,#2516),(#2517,#2518,#2519,#2520),(#2521,
#2522,#2523,#2524),(#2525,#2526,#2527,#2528),(#2529,#2530,#2531,#2532),(#2533,
#2534,#2535,#2536),(#2537,#2538,#2539,#2540),(#2541,#2542,#2543,#2544),(#2545,
#2546,#2547,#2548),(#2549,#2550,#2551,#2552),(#2553,#2554,#2555,#2556),(#2557,
#2558,#2559,#2560),(#2561,#2562,#2563,#2564),(#2565,#2566,#2567,#2568),(#2569,
#2570,#2571,#2572),(#2573,#2574,#2575,#2576),(#2577,#2578,#2579,#2580),(#2581,
#2582,#2583,#2584),(#2585,#2586,#2587,#2588),(#2589,#2590,#2591,#2592),(#2593,
#2594,#2595,#2596),(#2597,#2598,#2599,#2600),(#2601,#2602,#2603,#2604),(#2605,
#2606,#2607,#2608),(#2609,#2610,#2611,#2612),(#2613,#2614,#2615,#2616),(#2617,
#2618,#2619,#2620),(#2621,#2622,#2623,#2624),(#2625,#2626,#2627,#2628),(#2629,
#2630,#2631,#2632),(#2633,#2634,#2635,#2636),(#2637,#2638,#2639,#2640),(#2641,
#2642,#2643,#2644),(#2645,#2646,#2647,#2648),(#2649,#2650,#2651,#2652),(#2653,
#2654,#2655,#2656),(#2657,#2658,#2659,#2660),(#2661,#2662,#2663,#2664),(#2665,
#2666,#2667,#2668),(#2669,#2670,#2671,#2672),(#2673,#2674,#2675,#2676),(#2677,
#2678,#2679,#2680),(#2681,#2682,#2683,#2684),(#2685,#2686,#2687,#2688),(#2689,
#2690,#2691,#2692),(#2693,#2694,#2695,#2696),(#2697,#2698,#2699,#2700),(#2701,
#2702,#2703,#2704),(#2705,#2706,#2707,#2708),(#2709,#2710,#2711,#2712),(#2713,
#2714,#2715,#2716),(#2717,#2718,#2719,#2720),(#2721,#2722,#2723,#2724),(#2725,
#2726,#2727,#2728),(#2729,#2730,#2731,#2732),(#2733,#2734,#2735,#2736),(#2737,
#2738,#2739,#2740),(#2741,#2742,#2743,#2744),(#2745,#2746,#2747,#2748),(#2749,
#2750,#2751,#2752),(#2753,#2754,#2755,#2756),(#2757,#2758,#2759,#2760),(#2761,
#2762,#2763,#2764),(#2765,#2766,#2767,#2768),(#2769,#2770,#2771,#2772),(#2773,
#2774,#2775,#2776),(#2777,#2778,#2779,#2780),(#2781,#2782,#2783,#2784),(#2785,
#2786,#2787,#2788),(#2789,#2790,#2791,#2792),(#2793,#2794,#2795,#2796),(#2797,
#2798,#2799,#2800),(#2801,#2802,#2803,#2804),(#2805,#2806,#2807,#2808),(#2809,
#2810,#2811,#2812),(#2813,#2814,#2815,#2816),(#2817,#2818,#2819,#2820),(#2821,
#2822,#2823,#2824),(#2825,#2826,#2827,#2828),(#2829,#2830,#2831,#2832),(#2833,
#2834,#2835,#2836),(#2837,#2838,#2839,#2840),(#2841,#2842,#2843,#2844)),
.UNSPECIFIED.,.F.,.F.,.F.,(4,1,1,1,1,1,1,1,1,1,1,1,1,1,1,1,1,1,1,1,1,1,1,1,1,1,
1,1,1,1,1,1,1,1,1,1,1,1,1,1,1,1,1,1,1,1,1,1,1,1,1,1,1,1,1,1,1,1,1,1,1,1,1,1,1,1,
1,1,1,1,1,1,1,1,1,1,1,1,1,1,1,1,1,1,1,1,1,1,1,1,1,1,1,1,1,1,1,1,1,1,1,1,1,1,1,1,
1,1,1,1,1,1,1,1,1,1,1,1,1,1,1,1,1,1,1,1,1,1,1,1,1,1,1,1,1,1,1,1,1,1,1,1,1,1,1,1,
1,1,1,1,1,1,1,1,1,1,1,1,1,1,1,1,1,1,1,1,1,1,1,1,1,1,4),(4,4),
(-4.741559218696E-3,0.E0,7.148505212588E-3,1.493606879942E-2,2.272363238626E-2,
3.051119597309E-2,3.829875955993E-2,4.608632314677E-2,5.387388673360E-2,
6.166145032044E-2,6.969197301918E-2,7.772249571792E-2,8.575301841666E-2,
8.976827976602E-2,9.378354111539E-2,1.018140638141E-1,1.098445865129E-1,
1.138598478622E-1,1.178751092116E-1,1.259056319104E-1,1.337036540020E-1,
1.376026650478E-1,1.415016760937E-1,1.492996981853E-1,1.570977202770E-1,
1.648957423686E-1,1.687947534144E-1,1.726937644603E-1,1.765927755061E-1,
1.804917865519E-1,1.882898086436E-1,1.960878307352E-1,1.999868417811E-1,
2.038858528269E-1,2.116838749185E-1,2.194818970102E-1,2.272799191018E-1,
2.311789301477E-1,2.350779411935E-1,2.389769522393E-1,2.428759632851E-1,
2.506739853768E-1,2.584720074684E-1,2.623710185143E-1,2.662700295601E-1,
2.740680516518E-1,2.818660737434E-1,2.896640958351E-1,2.935631068809E-1,
2.974621179267E-1,3.013611289725E-1,3.052601400184E-1,3.130581621100E-1,
3.208561842017E-1,3.247551952475E-1,3.286542062933E-1,3.364522283850E-1,
3.442502504766E-1,3.520482725683E-1,3.559472836141E-1,3.598462946599E-1,
3.637453057058E-1,3.676443167516E-1,3.754423388432E-1,3.832403609349E-1,
3.871393719807E-1,3.910383830265E-1,3.988364051182E-1,4.066344272099E-1,
4.144324493015E-1,4.183314603473E-1,4.222304713932E-1,4.261294824390E-1,
4.300284934848E-1,4.378265155765E-1,4.456245376681E-1,4.495235487139E-1,
4.534225597598E-1,4.612205818514E-1,4.690186039431E-1,4.768166260347E-1,
4.807156370806E-1,4.846146481264E-1,4.885136591722E-1,4.924126702180E-1,
5.002106923097E-1,5.080087144013E-1,5.119077254472E-1,5.158067364930E-1,
5.236047585846E-1,5.314027806763E-1,5.392008027679E-1,5.430998138138E-1,
5.469988248596E-1,5.508978359054E-1,5.547968469513E-1,5.625948690429E-1,
5.703928911346E-1,5.742919021804E-1,5.781909132262E-1,5.859889353179E-1,
5.937869574095E-1,6.015849795012E-1,6.054839905470E-1,6.093830015928E-1,
6.132820126386E-1,6.171810236845E-1,6.249790457761E-1,6.327770678678E-1,
6.366760789136E-1,6.405750899594E-1,6.483731120511E-1,6.561711341427E-1,
6.639691562344E-1,6.678681672802E-1,6.717671783260E-1,6.756661893719E-1,
6.795652004177E-1,6.873632225094E-1,6.951612446010E-1,6.990602556468E-1,
7.029592666927E-1,7.107572887843E-1,7.185553108760E-1,7.263533329676E-1,
7.302523440134E-1,7.341513550593E-1,7.380503661051E-1,7.419493771509E-1,
7.497473992426E-1,7.575454213342E-1,7.614444323801E-1,7.653434434259E-1,
7.731414655175E-1,7.809394876092E-1,7.887375097008E-1,7.926365207467E-1,
7.965355317925E-1,8.004345428383E-1,8.043335538841E-1,8.121315759758E-1,
8.199295980674E-1,8.238286091133E-1,8.277276201591E-1,8.355256422508E-1,
8.433236643424E-1,8.511216864341E-1,8.550206974799E-1,8.589197085257E-1,
8.628187195715E-1,8.667177306174E-1,8.745157527090E-1,8.823137748007E-1,
8.862127858465E-1,8.901117968923E-1,8.979098189840E-1,9.057078410756E-1,
9.135058631673E-1,9.174048742131E-1,9.213038852589E-1,9.252028963048E-1,
9.291019073506E-1,9.368999294422E-1,9.445507279661E-1,9.522015264899E-1,
9.598523250138E-1,9.675031235376E-1,9.751539220615E-1,9.828047205853E-1,
9.904555191091E-1,9.981063176330E-1,1.E0,1.004586434744E0),(-1.251699478212E-1,
1.126867891166E0),.UNSPECIFIED.);
#2847=ORIENTED_EDGE('',*,*,#2846,.F.);
#2849=ORIENTED_EDGE('',*,*,#2848,.T.);
#2851=ORIENTED_EDGE('',*,*,#2850,.T.);
#2853=ORIENTED_EDGE('',*,*,#2852,.T.);
#2855=ORIENTED_EDGE('',*,*,#2854,.T.);
#2857=ORIENTED_EDGE('',*,*,#2856,.T.);
#2859=ORIENTED_EDGE('',*,*,#2858,.T.);
#2861=ORIENTED_EDGE('',*,*,#2860,.T.);
#2863=ORIENTED_EDGE('',*,*,#2862,.T.);
#2865=ORIENTED_EDGE('',*,*,#2864,.T.);
#2867=ORIENTED_EDGE('',*,*,#2866,.T.);
#2869=ORIENTED_EDGE('',*,*,#2868,.T.);
#2871=ORIENTED_EDGE('',*,*,#2870,.T.);
#2873=ORIENTED_EDGE('',*,*,#2872,.T.);
#2875=ORIENTED_EDGE('',*,*,#2874,.T.);
#2877=ORIENTED_EDGE('',*,*,#2876,.T.);
#2879=ORIENTED_EDGE('',*,*,#2878,.T.);
#2881=ORIENTED_EDGE('',*,*,#2880,.T.);
#2883=ORIENTED_EDGE('',*,*,#2882,.T.);
#2885=ORIENTED_EDGE('',*,*,#2884,.T.);
#2887=ORIENTED_EDGE('',*,*,#2886,.T.);
#2889=ORIENTED_EDGE('',*,*,#2888,.T.);
#2891=ORIENTED_EDGE('',*,*,#2890,.T.);
#2893=ORIENTED_EDGE('',*,*,#2892,.T.);
#2894=ORIENTED_EDGE('',*,*,#2129,.T.);
#2896=ORIENTED_EDGE('',*,*,#2895,.F.);
#2897=EDGE_LOOP('',(#2847,#2849,#2851,#2853,#2855,#2857,#2859,#2861,#2863,#2865,
#2867,#2869,#2871,#2873,#2875,#2877,#2879,#2881,#2883,#2885,#2887,#2889,#2891,
#2893,#2894,#2896));
#2898=FACE_OUTER_BOUND('',#2897,.F.);
#2899=ADVANCED_FACE('',(#2898),#2845,.F.);
#2900=CARTESIAN_POINT('',(0.E0,0.E0,1.2E1));
#2901=DIRECTION('',(0.E0,0.E0,-1.E0));
#2902=DIRECTION('',(-1.E0,0.E0,0.E0));
#2903=AXIS2_PLACEMENT_3D('',#2900,#2901,#2902);
#2904=PLANE('',#2903);
#2906=ORIENTED_EDGE('',*,*,#2905,.F.);
#2908=ORIENTED_EDGE('',*,*,#2907,.F.);
#2909=ORIENTED_EDGE('',*,*,#2846,.T.);
#2911=ORIENTED_EDGE('',*,*,#2910,.T.);
#2912=EDGE_LOOP('',(#2906,#2908,#2909,#2911));
#2913=FACE_OUTER_BOUND('',#2912,.F.);
#2914=ADVANCED_FACE('',(#2913),#2904,.F.);
#2915=CARTESIAN_POINT('',(0.E0,0.E0,-3.55E0));
#2916=DIRECTION('',(0.E0,0.E0,1.E0));
#2917=DIRECTION('',(1.E0,0.E0,0.E0));
#2918=AXIS2_PLACEMENT_3D('',#2915,#2916,#2917);
#2919=CYLINDRICAL_SURFACE('',#2918,1.04E0);
#2920=ORIENTED_EDGE('',*,*,#2905,.T.);
#2922=ORIENTED_EDGE('',*,*,#2921,.F.);
#2924=ORIENTED_EDGE('',*,*,#2923,.T.);
#2925=EDGE_LOOP('',(#2920,#2922,#2924));
#2926=FACE_OUTER_BOUND('',#2925,.F.);
#2927=ADVANCED_FACE('',(#2926),#2919,.T.);
#2928=CARTESIAN_POINT('',(0.E0,0.E0,-3.55E0));
#2929=DIRECTION('',(0.E0,0.E0,1.E0));
#2930=DIRECTION('',(1.E0,0.E0,0.E0));
#2931=AXIS2_PLACEMENT_3D('',#2928,#2929,#2930);
#2932=CYLINDRICAL_SURFACE('',#2931,1.04E0);
#2933=ORIENTED_EDGE('',*,*,#2850,.F.);
#2935=ORIENTED_EDGE('',*,*,#2934,.F.);
#2937=ORIENTED_EDGE('',*,*,#2936,.F.);
#2939=ORIENTED_EDGE('',*,*,#2938,.T.);
#2940=EDGE_LOOP('',(#2933,#2935,#2937,#2939));
#2941=FACE_OUTER_BOUND('',#2940,.F.);
#2942=ADVANCED_FACE('',(#2941),#2932,.T.);
#2943=CARTESIAN_POINT('',(0.E0,0.E0,-3.55E0));
#2944=DIRECTION('',(0.E0,0.E0,1.E0));
#2945=DIRECTION('',(1.E0,0.E0,0.E0));
#2946=AXIS2_PLACEMENT_3D('',#2943,#2944,#2945);
#2947=CYLINDRICAL_SURFACE('',#2946,1.04E0);
#2948=ORIENTED_EDGE('',*,*,#2854,.F.);
#2950=ORIENTED_EDGE('',*,*,#2949,.F.);
#2952=ORIENTED_EDGE('',*,*,#2951,.F.);
#2954=ORIENTED_EDGE('',*,*,#2953,.T.);
#2955=EDGE_LOOP('',(#2948,#2950,#2952,#2954));
#2956=FACE_OUTER_BOUND('',#2955,.F.);
#2957=ADVANCED_FACE('',(#2956),#2947,.T.);
#2958=CARTESIAN_POINT('',(0.E0,0.E0,-3.55E0));
#2959=DIRECTION('',(0.E0,0.E0,1.E0));
#2960=DIRECTION('',(1.E0,0.E0,0.E0));
#2961=AXIS2_PLACEMENT_3D('',#2958,#2959,#2960);
#2962=CYLINDRICAL_SURFACE('',#2961,1.04E0);
#2963=ORIENTED_EDGE('',*,*,#2858,.F.);
#2965=ORIENTED_EDGE('',*,*,#2964,.F.);
#2967=ORIENTED_EDGE('',*,*,#2966,.F.);
#2969=ORIENTED_EDGE('',*,*,#2968,.T.);
#2970=EDGE_LOOP('',(#2963,#2965,#2967,#2969));
#2971=FACE_OUTER_BOUND('',#2970,.F.);
#2972=ADVANCED_FACE('',(#2971),#2962,.T.);
#2973=CARTESIAN_POINT('',(0.E0,0.E0,-3.55E0));
#2974=DIRECTION('',(0.E0,0.E0,1.E0));
#2975=DIRECTION('',(1.E0,0.E0,0.E0));
#2976=AXIS2_PLACEMENT_3D('',#2973,#2974,#2975);
#2977=CYLINDRICAL_SURFACE('',#2976,1.04E0);
#2978=ORIENTED_EDGE('',*,*,#2862,.F.);
#2980=ORIENTED_EDGE('',*,*,#2979,.F.);
#2982=ORIENTED_EDGE('',*,*,#2981,.F.);
#2984=ORIENTED_EDGE('',*,*,#2983,.T.);
#2985=EDGE_LOOP('',(#2978,#2980,#2982,#2984));
#2986=FACE_OUTER_BOUND('',#2985,.F.);
#2987=ADVANCED_FACE('',(#2986),#2977,.T.);
#2988=CARTESIAN_POINT('',(0.E0,0.E0,-3.55E0));
#2989=DIRECTION('',(0.E0,0.E0,1.E0));
#2990=DIRECTION('',(1.E0,0.E0,0.E0));
#2991=AXIS2_PLACEMENT_3D('',#2988,#2989,#2990);
#2992=CYLINDRICAL_SURFACE('',#2991,1.04E0);
#2993=ORIENTED_EDGE('',*,*,#2866,.F.);
#2995=ORIENTED_EDGE('',*,*,#2994,.F.);
#2997=ORIENTED_EDGE('',*,*,#2996,.F.);
#2999=ORIENTED_EDGE('',*,*,#2998,.T.);
#3000=EDGE_LOOP('',(#2993,#2995,#2997,#2999));
#3001=FACE_OUTER_BOUND('',#3000,.F.);
#3002=ADVANCED_FACE('',(#3001),#2992,.T.);
#3003=CARTESIAN_POINT('',(0.E0,0.E0,-3.55E0));
#3004=DIRECTION('',(0.E0,0.E0,1.E0));
#3005=DIRECTION('',(1.E0,0.E0,0.E0));
#3006=AXIS2_PLACEMENT_3D('',#3003,#3004,#3005);
#3007=CYLINDRICAL_SURFACE('',#3006,1.04E0);
#3008=ORIENTED_EDGE('',*,*,#2870,.F.);
#3010=ORIENTED_EDGE('',*,*,#3009,.F.);
#3012=ORIENTED_EDGE('',*,*,#3011,.F.);
#3014=ORIENTED_EDGE('',*,*,#3013,.T.);
#3015=EDGE_LOOP('',(#3008,#3010,#3012,#3014));
#3016=FACE_OUTER_BOUND('',#3015,.F.);
#3017=ADVANCED_FACE('',(#3016),#3007,.T.);
#3018=CARTESIAN_POINT('',(0.E0,0.E0,-3.55E0));
#3019=DIRECTION('',(0.E0,0.E0,1.E0));
#3020=DIRECTION('',(1.E0,0.E0,0.E0));
#3021=AXIS2_PLACEMENT_3D('',#3018,#3019,#3020);
#3022=CYLINDRICAL_SURFACE('',#3021,1.04E0);
#3023=ORIENTED_EDGE('',*,*,#2874,.F.);
#3025=ORIENTED_EDGE('',*,*,#3024,.F.);
#3027=ORIENTED_EDGE('',*,*,#3026,.F.);
#3029=ORIENTED_EDGE('',*,*,#3028,.T.);
#3030=EDGE_LOOP('',(#3023,#3025,#3027,#3029));
#3031=FACE_OUTER_BOUND('',#3030,.F.);
#3032=ADVANCED_FACE('',(#3031),#3022,.T.);
#3033=CARTESIAN_POINT('',(0.E0,0.E0,-3.55E0));
#3034=DIRECTION('',(0.E0,0.E0,1.E0));
#3035=DIRECTION('',(1.E0,0.E0,0.E0));
#3036=AXIS2_PLACEMENT_3D('',#3033,#3034,#3035);
#3037=CYLINDRICAL_SURFACE('',#3036,1.04E0);
#3038=ORIENTED_EDGE('',*,*,#2878,.F.);
#3040=ORIENTED_EDGE('',*,*,#3039,.F.);
#3042=ORIENTED_EDGE('',*,*,#3041,.F.);
#3044=ORIENTED_EDGE('',*,*,#3043,.T.);
#3045=EDGE_LOOP('',(#3038,#3040,#3042,#3044));
#3046=FACE_OUTER_BOUND('',#3045,.F.);
#3047=ADVANCED_FACE('',(#3046),#3037,.T.);
#3048=CARTESIAN_POINT('',(0.E0,0.E0,-3.55E0));
#3049=DIRECTION('',(0.E0,0.E0,1.E0));
#3050=DIRECTION('',(1.E0,0.E0,0.E0));
#3051=AXIS2_PLACEMENT_3D('',#3048,#3049,#3050);
#3052=CYLINDRICAL_SURFACE('',#3051,1.04E0);
#3053=ORIENTED_EDGE('',*,*,#2882,.F.);
#3055=ORIENTED_EDGE('',*,*,#3054,.F.);
#3057=ORIENTED_EDGE('',*,*,#3056,.F.);
#3059=ORIENTED_EDGE('',*,*,#3058,.T.);
#3060=EDGE_LOOP('',(#3053,#3055,#3057,#3059));
#3061=FACE_OUTER_BOUND('',#3060,.F.);
#3062=ADVANCED_FACE('',(#3061),#3052,.T.);
#3063=CARTESIAN_POINT('',(0.E0,0.E0,-3.55E0));
#3064=DIRECTION('',(0.E0,0.E0,1.E0));
#3065=DIRECTION('',(1.E0,0.E0,0.E0));
#3066=AXIS2_PLACEMENT_3D('',#3063,#3064,#3065);
#3067=CYLINDRICAL_SURFACE('',#3066,1.04E0);
#3068=ORIENTED_EDGE('',*,*,#2886,.F.);
#3070=ORIENTED_EDGE('',*,*,#3069,.F.);
#3072=ORIENTED_EDGE('',*,*,#3071,.F.);
#3074=ORIENTED_EDGE('',*,*,#3073,.T.);
#3075=EDGE_LOOP('',(#3068,#3070,#3072,#3074));
#3076=FACE_OUTER_BOUND('',#3075,.F.);
#3077=ADVANCED_FACE('',(#3076),#3067,.T.);
#3078=CARTESIAN_POINT('',(0.E0,0.E0,-3.55E0));
#3079=DIRECTION('',(0.E0,0.E0,1.E0));
#3080=DIRECTION('',(1.E0,0.E0,0.E0));
#3081=AXIS2_PLACEMENT_3D('',#3078,#3079,#3080);
#3082=CYLINDRICAL_SURFACE('',#3081,1.04E0);
#3083=ORIENTED_EDGE('',*,*,#2890,.F.);
#3085=ORIENTED_EDGE('',*,*,#3084,.F.);
#3087=ORIENTED_EDGE('',*,*,#3086,.T.);
#3089=ORIENTED_EDGE('',*,*,#3088,.T.);
#3090=EDGE_LOOP('',(#3083,#3085,#3087,#3089));
#3091=FACE_OUTER_BOUND('',#3090,.F.);
#3092=ADVANCED_FACE('',(#3091),#3082,.T.);
#3093=CARTESIAN_POINT('',(5.785015568046E-1,6.189719674721E-2,
2.888281986714E-1));
#3094=CARTESIAN_POINT('',(7.502633874564E-1,8.092410895524E-2,
1.888612505850E-1));
#3095=CARTESIAN_POINT('',(9.220252181082E-1,9.995102116327E-2,
8.889430249868E-2));
#3096=CARTESIAN_POINT('',(1.093787048760E0,1.189779333713E-1,
-1.107264558768E-2));
#3097=CARTESIAN_POINT('',(5.838572403045E-1,1.264472497591E-1,
3.079895368925E-1));
#3098=CARTESIAN_POINT('',(7.539070433377E-1,1.644794319568E-1,
2.080334175295E-1));
#3099=CARTESIAN_POINT('',(9.239568463708E-1,2.025116141545E-1,
1.080772981666E-1));
#3100=CARTESIAN_POINT('',(1.094006649404E0,2.405437963521E-1,
8.121178803592E-3));
#3101=CARTESIAN_POINT('',(5.662786740697E-1,2.941935309127E-1,
3.560687221527E-1));
#3102=CARTESIAN_POINT('',(7.230347600179E-1,3.788392227644E-1,
2.561258455223E-1));
#3103=CARTESIAN_POINT('',(8.797908459660E-1,4.634849146161E-1,
1.561829688920E-1));
#3104=CARTESIAN_POINT('',(1.036546931914E0,5.481306064678E-1,
5.624009226158E-2));
#3105=CARTESIAN_POINT('',(4.171934839429E-1,5.554771294927E-1,
4.357185654371E-1));
#3106=CARTESIAN_POINT('',(5.215950265100E-1,7.036298029369E-1,
3.357666122999E-1));
#3107=CARTESIAN_POINT('',(6.259965690771E-1,8.517824763812E-1,
2.358146591628E-1));
#3108=CARTESIAN_POINT('',(7.303981116442E-1,9.999351498255E-1,
1.358627060257E-1));
#3109=CARTESIAN_POINT('',(8.992779543275E-2,7.442795026723E-1,
5.276557654634E-1));
#3110=CARTESIAN_POINT('',(1.051358105585E-1,9.255915931024E-1,
4.277067747992E-1));
#3111=CARTESIAN_POINT('',(1.203438256843E-1,1.106903683533E0,
3.277577841350E-1));
#3112=CARTESIAN_POINT('',(1.355518408101E-1,1.288215773963E0,
2.278087934708E-1));
#3113=CARTESIAN_POINT('',(-3.238477225415E-1,7.326967855584E-1,
6.221892182304E-1));
#3114=CARTESIAN_POINT('',(-4.055044536133E-1,8.953620351553E-1,
5.222394114477E-1));
#3115=CARTESIAN_POINT('',(-4.871611846850E-1,1.058027284752E0,
4.222896046651E-1));
#3116=CARTESIAN_POINT('',(-5.688179157568E-1,1.220692534349E0,
3.223397978824E-1));
#3117=CARTESIAN_POINT('',(-6.933890081938E-1,4.908980537526E-1,
7.167198780008E-1));
#3118=CARTESIAN_POINT('',(-8.475934376077E-1,5.874222895272E-1,
6.167702898964E-1));
#3119=CARTESIAN_POINT('',(-1.001797867022E0,6.839465253018E-1,
5.168207017920E-1));
#3120=CARTESIAN_POINT('',(-1.156002296436E0,7.804707610764E-1,
4.168711136876E-1));
#3121=CARTESIAN_POINT('',(-8.912766438395E-1,6.941621343100E-2,
8.112512861521E-1));
#3122=CARTESIAN_POINT('',(-1.073303558576E0,7.168008558163E-2,
7.113016394531E-1));
#3123=CARTESIAN_POINT('',(-1.255330473312E0,7.394395773225E-2,
6.113519927542E-1));
#3124=CARTESIAN_POINT('',(-1.437357388048E0,7.620782988287E-2,
5.114023460552E-1));
#3125=CARTESIAN_POINT('',(-8.372951046821E-1,-4.138649414246E-1,
9.057824937764E-1));
#3126=CARTESIAN_POINT('',(-9.936167426758E-1,-5.071013402692E-1,
8.058328627775E-1));
#3127=CARTESIAN_POINT('',(-1.149938380669E0,-6.003377391138E-1,
7.058832317786E-1));
#3128=CARTESIAN_POINT('',(-1.306260018663E0,-6.935741379584E-1,
6.059336007797E-1));
#3129=CARTESIAN_POINT('',(-5.249478985071E-1,-8.137736602207E-1,
1.000313755128E0));
#3130=CARTESIAN_POINT('',(-6.100208842807E-1,-9.746545340809E-1,
9.003641199233E-1));
#3131=CARTESIAN_POINT('',(-6.950938700544E-1,-1.135535407941E0,
8.004144847187E-1));
#3132=CARTESIAN_POINT('',(-7.801668558281E-1,-1.296416281801E0,
7.004648495141E-1));
#3133=CARTESIAN_POINT('',(-3.052273644218E-2,-9.978320655609E-1,
1.095828074983E0));
#3134=CARTESIAN_POINT('',(-1.794046539044E-2,-1.179794484994E0,
9.958784409127E-1));
#3135=CARTESIAN_POINT('',(-5.358194338705E-3,-1.361756904427E0,
8.959288068424E-1));
#3136=CARTESIAN_POINT('',(7.224076713031E-3,-1.543719323860E0,
7.959791727721E-1));
#3137=CARTESIAN_POINT('',(5.057229289066E-1,-8.876205371427E-1,
1.192325471662E0));
#3138=CARTESIAN_POINT('',(6.133951437743E-1,-1.035037659166E0,
1.092375837278E0));
#3139=CARTESIAN_POINT('',(7.210673586421E-1,-1.182454781189E0,
9.924262028947E-1));
#3140=CARTESIAN_POINT('',(8.287395735099E-1,-1.329871903212E0,
8.924765685112E-1));
#3141=CARTESIAN_POINT('',(9.089244261972E-1,-4.937837175395E-1,
1.289805940181E0));
#3142=CARTESIAN_POINT('',(1.079100589062E0,-5.607182694E-1,1.189856305883E0));
#3143=CARTESIAN_POINT('',(1.249276751927E0,-6.276528212605E-1,
1.089906671585E0));
#3144=CARTESIAN_POINT('',(1.419452914792E0,-6.945873731210E-1,
9.899570372869E-1));
#3145=CARTESIAN_POINT('',(1.015444900778E0,-3.741758061206E-2,
1.371039664195E0));
#3146=CARTESIAN_POINT('',(1.192780938849E0,-1.833631305731E-2,
1.271090029877E0));
#3147=CARTESIAN_POINT('',(1.370116976921E0,7.449544974453E-4,1.171140395558E0));
#3148=CARTESIAN_POINT('',(1.547453014993E0,1.982622205220E-2,1.071190761239E0));
#3149=CARTESIAN_POINT('',(9.428298783706E-1,3.279033460694E-1,
1.436026643355E0));
#3150=CARTESIAN_POINT('',(1.099163379833E0,4.072576696684E-1,1.336077009039E0));
#3151=CARTESIAN_POINT('',(1.255496881296E0,4.866119932673E-1,1.236127374723E0));
#3152=CARTESIAN_POINT('',(1.411830382759E0,5.659663168663E-1,1.136177740406E0));
#3153=CARTESIAN_POINT('',(7.757752049295E-1,6.548235953150E-1,
1.501013622523E0));
#3154=CARTESIAN_POINT('',(8.945884966579E-1,7.880584173772E-1,
1.401063988206E0));
#3155=CARTESIAN_POINT('',(1.013401788386E0,9.212932394394E-1,1.301114353890E0));
#3156=CARTESIAN_POINT('',(1.132215080115E0,1.054528061502E0,1.201164719573E0));
#3157=CARTESIAN_POINT('',(4.061552078436E-1,9.555954798196E-1,
1.582247346481E0));
#3158=CARTESIAN_POINT('',(4.536505679480E-1,1.131423354474E0,1.482297712164E0));
#3159=CARTESIAN_POINT('',(5.011459280524E-1,1.307251229128E0,1.382348077848E0));
#3160=CARTESIAN_POINT('',(5.486412881568E-1,1.483079103783E0,1.282398443531E0));
#3161=CARTESIAN_POINT('',(-6.665366833057E-2,1.012822007E0,1.663481070439E0));
#3162=CARTESIAN_POINT('',(-1.022244327831E-1,1.187741820460E0,
1.563531436123E0));
#3163=CARTESIAN_POINT('',(-1.377951972356E-1,1.362661633921E0,
1.463581801806E0));
#3164=CARTESIAN_POINT('',(-1.733659616881E-1,1.537581447381E0,
1.363632167490E0));
#3165=CARTESIAN_POINT('',(-4.181818031710E-1,9.065796308164E-1,
1.728468049606E0));
#3166=CARTESIAN_POINT('',(-5.133211494283E-1,1.053878900251E0,
1.628518415289E0));
#3167=CARTESIAN_POINT('',(-6.084604956855E-1,1.201178169685E0,
1.528568780973E0));
#3168=CARTESIAN_POINT('',(-7.035998419428E-1,1.348477439120E0,
1.428619146656E0));
#3169=CARTESIAN_POINT('',(-7.308502472198E-1,7.054575399494E-1,
1.793455028773E0));
#3170=CARTESIAN_POINT('',(-8.745704403522E-1,8.109482239232E-1,
1.693505394456E0));
#3171=CARTESIAN_POINT('',(-1.018290633485E0,9.164389078971E-1,
1.593555760140E0));
#3172=CARTESIAN_POINT('',(-1.162010826617E0,1.021929591871E0,1.493606125823E0));
#3173=CARTESIAN_POINT('',(-9.873241184252E-1,3.136558025428E-1,
1.873747997523E0));
#3174=CARTESIAN_POINT('',(-1.166956083848E0,3.443412064236E-1,
1.773798363206E0));
#3175=CARTESIAN_POINT('',(-1.346588049270E0,3.750266103043E-1,
1.673848728890E0));
#3176=CARTESIAN_POINT('',(-1.526220014693E0,4.057120141850E-1,
1.573899094573E0));
#3177=CARTESIAN_POINT('',(-1.003087209396E0,-1.511341790173E-1,
1.953570588668E0));
#3178=CARTESIAN_POINT('',(-1.173581632384E0,-2.022187719319E-1,
1.853620954352E0));
#3179=CARTESIAN_POINT('',(-1.344076055371E0,-2.533033648464E-1,
1.753671320035E0));
#3180=CARTESIAN_POINT('',(-1.514570478358E0,-3.043879577609E-1,
1.653721685719E0));
#3181=CARTESIAN_POINT('',(-8.706155190493E-1,-4.864812759902E-1,
2.016676057418E0));
#3182=CARTESIAN_POINT('',(-1.010629710974E0,-5.918461661778E-1,
1.916726423102E0));
#3183=CARTESIAN_POINT('',(-1.150643902898E0,-6.972110563654E-1,
1.816776788785E0));
#3184=CARTESIAN_POINT('',(-1.290658094823E0,-8.025759465530E-1,
1.716827154469E0));
#3185=CARTESIAN_POINT('',(-6.572034769462E-1,-7.718827671331E-1,
2.079781526168E0));
#3186=CARTESIAN_POINT('',(-7.523622597841E-1,-9.225207767887E-1,
1.979831891852E0));
#3187=CARTESIAN_POINT('',(-8.475210426219E-1,-1.073158786444E0,
1.879882257535E0));
#3188=CARTESIAN_POINT('',(-9.426798254598E-1,-1.223796796100E0,
1.779932623219E0));
#3189=CARTESIAN_POINT('',(-2.573013938599E-1,-1.002356959242E0,
2.158663362106E0));
#3190=CARTESIAN_POINT('',(-2.777346596713E-1,-1.182915188328E0,
2.058713727789E0));
#3191=CARTESIAN_POINT('',(-2.981679254828E-1,-1.363473417415E0,
1.958764093473E0));
#3192=CARTESIAN_POINT('',(-3.186011912943E-1,-1.544031646501E0,
1.858814459156E0));
#3193=CARTESIAN_POINT('',(2.954150775512E-1,-9.918633373814E-1,
2.253321565231E0));
#3194=CARTESIAN_POINT('',(3.708852109571E-1,-1.157144629217E0,
2.153371930914E0));
#3195=CARTESIAN_POINT('',(4.463553443630E-1,-1.322425921053E0,
2.053422296598E0));
#3196=CARTESIAN_POINT('',(5.218254777689E-1,-1.487707212888E0,
1.953472662281E0));
#3197=CARTESIAN_POINT('',(6.857929740619E-1,-7.458388330704E-1,
2.332203401168E0));
#3198=CARTESIAN_POINT('',(8.229836088761E-1,-8.595454432106E-1,
2.232253766852E0));
#3199=CARTESIAN_POINT('',(9.601742436903E-1,-9.732520533509E-1,
2.132304132535E0));
#3200=CARTESIAN_POINT('',(1.097364878505E0,-1.086958663491E0,2.032354498219E0));
#3201=CARTESIAN_POINT('',(8.890730853376E-1,-4.530602126017E-1,
2.395308869918E0));
#3202=CARTESIAN_POINT('',(1.054849124448E0,-5.097874048376E-1,
2.295359235602E0));
#3203=CARTESIAN_POINT('',(1.220625163559E0,-5.665145970735E-1,
2.195409601285E0));
#3204=CARTESIAN_POINT('',(1.386401202669E0,-6.232417893094E-1,
2.095459966969E0));
#3205=CARTESIAN_POINT('',(9.778501618068E-1,-1.968430093209E-1,
2.442637971481E0));
#3206=CARTESIAN_POINT('',(1.152733112441E0,-2.080398877313E-1,
2.342688337164E0));
#3207=CARTESIAN_POINT('',(1.327616063076E0,-2.192367661417E-1,
2.242738702848E0));
#3208=CARTESIAN_POINT('',(1.502499013711E0,-2.304336445522E-1,
2.142789068531E0));
#3209=CARTESIAN_POINT('',(9.951591540404E-1,6.918966473431E-2,
2.489967073043E0));
#3210=CARTESIAN_POINT('',(1.166532524820E0,1.058627250652E-1,2.390017438727E0));
#3211=CARTESIAN_POINT('',(1.337905895600E0,1.425357853960E-1,2.290067804410E0));
#3212=CARTESIAN_POINT('',(1.509279266380E0,1.792088457269E-1,2.190118170094E0));
#3213=CARTESIAN_POINT('',(9.219170229793E-1,4.225458489224E-1,
2.553072541793E0));
#3214=CARTESIAN_POINT('',(1.072270515150E0,5.177568819336E-1,2.453122907477E0));
#3215=CARTESIAN_POINT('',(1.222624007320E0,6.129679149447E-1,2.353173273160E0));
#3216=CARTESIAN_POINT('',(1.372977499490E0,7.081789479558E-1,2.253223638844E0));
#3217=CARTESIAN_POINT('',(6.579343995184E-1,7.982070414122E-1,
2.631954377731E0));
#3218=CARTESIAN_POINT('',(7.531969810517E-1,9.532433089138E-1,
2.532004743414E0));
#3219=CARTESIAN_POINT('',(8.484595625849E-1,1.108279576415E0,2.432055109098E0));
#3220=CARTESIAN_POINT('',(9.437221441181E-1,1.263315843917E0,2.332105474781E0));
#3221=CARTESIAN_POINT('',(2.385278343826E-1,9.859721898975E-1,
2.710836213668E0));
#3222=CARTESIAN_POINT('',(2.555496957433E-1,1.163139921391E0,2.610886579352E0));
#3223=CARTESIAN_POINT('',(2.725715571041E-1,1.340307652884E0,2.510936945035E0));
#3224=CARTESIAN_POINT('',(2.895934184649E-1,1.517475384377E0,2.410987310719E0));
#3225=CARTESIAN_POINT('',(-1.220257409971E-1,9.898202837524E-1,
2.773941682418E0));
#3226=CARTESIAN_POINT('',(-1.667726876406E-1,1.159241106503E0,
2.673992048102E0));
#3227=CARTESIAN_POINT('',(-2.115196342842E-1,1.328661929253E0,
2.574042413785E0));
#3228=CARTESIAN_POINT('',(-2.562665809278E-1,1.498082752003E0,
2.474092779469E0));
#3229=CARTESIAN_POINT('',(-4.668530880269E-1,8.998708005402E-1,
2.837047151168E0));
#3230=CARTESIAN_POINT('',(-5.704514803915E-1,1.044834216721E0,
2.737097516852E0));
#3231=CARTESIAN_POINT('',(-6.740498727561E-1,1.189797632901E0,
2.637147882535E0));
#3232=CARTESIAN_POINT('',(-7.776482651207E-1,1.334761049081E0,
2.537198248219E0));
#3233=CARTESIAN_POINT('',(-8.311827738428E-1,6.164892764042E-1,
2.915928987106E0));
#3234=CARTESIAN_POINT('',(-9.906850355937E-1,7.035399380175E-1,
2.815979352789E0));
#3235=CARTESIAN_POINT('',(-1.150187297345E0,7.905905996309E-1,
2.716029718473E0));
#3236=CARTESIAN_POINT('',(-1.309689559095E0,8.776412612442E-1,
2.616080084156E0));
#3237=CARTESIAN_POINT('',(-1.030013936293E0,1.006681313857E-1,
3.010587190231E0));
#3238=CARTESIAN_POINT('',(-1.211554491171E0,9.313995604727E-2,
2.910637555914E0));
#3239=CARTESIAN_POINT('',(-1.393095046050E0,8.561178070884E-2,
2.810687921598E0));
#3240=CARTESIAN_POINT('',(-1.574635600928E0,7.808360537041E-2,
2.710738287281E0));
#3241=CARTESIAN_POINT('',(-9.494710361940E-1,-3.536839586574E-1,
3.089469026168E0));
#3242=CARTESIAN_POINT('',(-1.106537320552E0,-4.378305324145E-1,
2.989519391852E0));
#3243=CARTESIAN_POINT('',(-1.263603604909E0,-5.219771061716E-1,
2.889569757535E0));
#3244=CARTESIAN_POINT('',(-1.420669889267E0,-6.061236799286E-1,
2.789620123219E0));
#3245=CARTESIAN_POINT('',(-7.550345435186E-1,-6.524088758866E-1,
3.152574494918E0));
#3246=CARTESIAN_POINT('',(-8.701188698759E-1,-7.845272594754E-1,
3.052624860602E0));
#3247=CARTESIAN_POINT('',(-9.852031962331E-1,-9.166456430642E-1,
2.952675226285E0));
#3248=CARTESIAN_POINT('',(-1.100287522590E0,-1.048764026653E0,
2.852725591969E0));
#3249=CARTESIAN_POINT('',(-5.512530245797E-1,-8.312991117009E-1,
3.199903596481E0));
#3250=CARTESIAN_POINT('',(-6.276086512736E-1,-9.890306392717E-1,
3.099953962164E0));
#3251=CARTESIAN_POINT('',(-7.039642779674E-1,-1.146762166843E0,
3.000004327848E0));
#3252=CARTESIAN_POINT('',(-7.803199046612E-1,-1.304493694413E0,
2.900054693531E0));
#3253=CARTESIAN_POINT('',(-3.114154016787E-1,-9.477074437692E-1,
3.247232698043E0));
#3254=CARTESIAN_POINT('',(-3.421152180315E-1,-1.120250965351E0,
3.147283063727E0));
#3255=CARTESIAN_POINT('',(-3.728150343843E-1,-1.292794486933E0,
3.047333429410E0));
#3256=CARTESIAN_POINT('',(-4.035148507370E-1,-1.465338008515E0,
2.947383795094E0));
#3257=CARTESIAN_POINT('',(4.345763937527E-2,-1.013206506761E0,
3.310338166793E0));
#3258=CARTESIAN_POINT('',(7.490006906496E-2,-1.188371249308E0,
3.210388532477E0));
#3259=CARTESIAN_POINT('',(1.063424987546E-1,-1.363535991855E0,
3.110438898160E0));
#3260=CARTESIAN_POINT('',(1.377849284443E-1,-1.538700734403E0,
3.010489263844E0));
#3261=CARTESIAN_POINT('',(4.909566950457E-1,-9.104799166516E-1,
3.389220002731E0));
#3262=CARTESIAN_POINT('',(5.985890758717E-1,-1.057198948404E0,
3.289270368414E0));
#3263=CARTESIAN_POINT('',(7.062214566978E-1,-1.203917980157E0,
3.189320734098E0));
#3264=CARTESIAN_POINT('',(8.138538375238E-1,-1.350637011909E0,
3.089371099781E0));
#3265=CARTESIAN_POINT('',(8.230923828720E-1,-5.929212563912E-1,
3.468101838668E0));
#3266=CARTESIAN_POINT('',(9.807419421337E-1,-6.755333941875E-1,
3.368152204352E0));
#3267=CARTESIAN_POINT('',(1.138391501395E0,-7.581455319838E-1,
3.268202570035E0));
#3268=CARTESIAN_POINT('',(1.296041060657E0,-8.407576697801E-1,
3.168252935719E0));
#3269=CARTESIAN_POINT('',(9.626991712492E-1,-2.604703078485E-1,
3.531207307418E0));
#3270=CARTESIAN_POINT('',(1.136480886953E0,-2.829562968749E-1,
3.431257673102E0));
#3271=CARTESIAN_POINT('',(1.310262602656E0,-3.054422859013E-1,
3.331308038785E0));
#3272=CARTESIAN_POINT('',(1.484044318359E0,-3.279282749277E-1,
3.231358404469E0));
#3273=CARTESIAN_POINT('',(1.009507743970E0,9.280828803454E-2,3.594312776168E0));
#3274=CARTESIAN_POINT('',(1.182845519773E0,1.340518864612E-1,3.494363141852E0));
#3275=CARTESIAN_POINT('',(1.356183295575E0,1.752954848880E-1,3.394413507535E0));
#3276=CARTESIAN_POINT('',(1.529521071377E0,2.165390833147E-1,3.294463873219E0));
#3277=CARTESIAN_POINT('',(8.845405677615E-1,5.371329588089E-1,
3.673194612106E0));
#3278=CARTESIAN_POINT('',(1.025339769025E0,6.519997256061E-1,3.573244977789E0));
#3279=CARTESIAN_POINT('',(1.166138970289E0,7.668664924034E-1,3.473295343473E0));
#3280=CARTESIAN_POINT('',(1.306938171553E0,8.817332592006E-1,3.373345709156E0));
#3281=CARTESIAN_POINT('',(4.818693060300E-1,9.158956018785E-1,
3.767852815231E0));
#3282=CARTESIAN_POINT('',(5.433959896324E-1,1.086857918470E0,3.667903180914E0));
#3283=CARTESIAN_POINT('',(6.049226732348E-1,1.257820235062E0,3.567953546598E0));
#3284=CARTESIAN_POINT('',(6.664493568371E-1,1.428782551654E0,3.468003912281E0));
#3285=CARTESIAN_POINT('',(3.071086413368E-2,1.012741049828E0,3.846734651168E0));
#3286=CARTESIAN_POINT('',(1.204790640557E-2,1.189947589114E0,3.746785016852E0));
#3287=CARTESIAN_POINT('',(-6.615051322547E-3,1.367154128401E0,
3.646835382535E0));
#3288=CARTESIAN_POINT('',(-2.527800905066E-2,1.544360667687E0,
3.546885748219E0));
#3289=CARTESIAN_POINT('',(-3.192977732360E-1,9.453906257461E-1,
3.909840119918E0));
#3290=CARTESIAN_POINT('',(-3.982271793960E-1,1.101818942551E0,
3.809890485602E0));
#3291=CARTESIAN_POINT('',(-4.771565855561E-1,1.258247259356E0,
3.709940851285E0));
#3292=CARTESIAN_POINT('',(-5.560859917161E-1,1.414675576161E0,
3.609991216969E0));
#3293=CARTESIAN_POINT('',(-5.618554690169E-1,8.241702143118E-1,
3.957169221481E0));
#3294=CARTESIAN_POINT('',(-6.791178097504E-1,9.543967859603E-1,
3.857219587164E0));
#3295=CARTESIAN_POINT('',(-7.963801504840E-1,1.084623357609E0,
3.757269952848E0));
#3296=CARTESIAN_POINT('',(-9.136424912176E-1,1.214849929257E0,
3.657320318531E0));
#3297=CARTESIAN_POINT('',(-7.601542674252E-1,6.459833133244E-1,
4.004498323043E0));
#3298=CARTESIAN_POINT('',(-9.083604896922E-1,7.395175917750E-1,
3.904548688727E0));
#3299=CARTESIAN_POINT('',(-1.056566711959E0,8.330518702256E-1,
3.804599054410E0));
#3300=CARTESIAN_POINT('',(-1.204772934226E0,9.265861486762E-1,
3.704649420094E0));
#3301=CARTESIAN_POINT('',(-9.547116682464E-1,3.420549989057E-1,
4.067603791793E0));
#3302=CARTESIAN_POINT('',(-1.128792710763E0,3.790293691208E-1,
3.967654157477E0));
#3303=CARTESIAN_POINT('',(-1.302873753280E0,4.160037393359E-1,
3.867704523160E0));
#3304=CARTESIAN_POINT('',(-1.476954795796E0,4.529781095510E-1,
3.767754888844E0));
#3305=CARTESIAN_POINT('',(-1.028427386605E0,-1.111272492112E-1,
4.146485627731E0));
#3306=CARTESIAN_POINT('',(-1.204913103872E0,-1.554442355853E-1,
4.046535993414E0));
#3307=CARTESIAN_POINT('',(-1.381398821140E0,-1.997612219594E-1,
3.946586359098E0));
#3308=CARTESIAN_POINT('',(-1.557884538407E0,-2.440782083335E-1,
3.846636724781E0));
#3309=CARTESIAN_POINT('',(-8.596619561398E-1,-5.385332006370E-1,
4.225367463668E0));
#3310=CARTESIAN_POINT('',(-9.956516546167E-1,-6.533589414569E-1,
4.125417829352E0));
#3311=CARTESIAN_POINT('',(-1.131641353094E0,-7.681846822768E-1,
4.025468195035E0));
#3312=CARTESIAN_POINT('',(-1.267631051570E0,-8.830104230967E-1,
3.925518560719E0));
#3313=CARTESIAN_POINT('',(-6.044605158196E-1,-7.932603358354E-1,
4.288472932418E0));
#3314=CARTESIAN_POINT('',(-6.908552922761E-1,-9.457124496820E-1,
4.188523298102E0));
#3315=CARTESIAN_POINT('',(-7.772500687326E-1,-1.098164563529E0,
4.088573663785E0));
#3316=CARTESIAN_POINT('',(-8.636448451890E-1,-1.250616677375E0,
3.988624029469E0));
#3317=CARTESIAN_POINT('',(-2.949565447722E-1,-9.699071605882E-1,
4.351578401168E0));
#3318=CARTESIAN_POINT('',(-3.221648630275E-1,-1.145994429716E0,
4.251628766852E0));
#3319=CARTESIAN_POINT('',(-3.493731812827E-1,-1.322081698844E0,
4.151679132535E0));
#3320=CARTESIAN_POINT('',(-3.765814995379E-1,-1.498168967972E0,
4.051729498219E0));
#3321=CARTESIAN_POINT('',(1.636777159105E-1,-1.021828477177E0,
4.430460237106E0));
#3322=CARTESIAN_POINT('',(2.169280063875E-1,-1.195561593637E0,
4.330510602789E0));
#3323=CARTESIAN_POINT('',(2.701782968646E-1,-1.369294710098E0,
4.230560968473E0));
#3324=CARTESIAN_POINT('',(3.234285873416E-1,-1.543027826558E0,
4.130611334156E0));
#3325=CARTESIAN_POINT('',(6.663786088015E-1,-7.918347879236E-1,
4.525118440231E0));
#3326=CARTESIAN_POINT('',(8.014889896448E-1,-9.133207191169E-1,
4.425168805914E0));
#3327=CARTESIAN_POINT('',(9.365993704881E-1,-1.034806650310E0,
4.325219171598E0));
#3328=CARTESIAN_POINT('',(1.071709751331E0,-1.156292581504E0,4.225269537281E0));
#3329=CARTESIAN_POINT('',(9.262955506483E-1,-4.105656391273E-1,
4.604000276168E0));
#3330=CARTESIAN_POINT('',(1.097445551608E0,-4.601452793885E-1,
4.504050641852E0));
#3331=CARTESIAN_POINT('',(1.268595552568E0,-5.097249196496E-1,
4.404101007535E0));
#3332=CARTESIAN_POINT('',(1.439745553528E0,-5.593045599107E-1,
4.304151373219E0));
#3333=CARTESIAN_POINT('',(9.959877415850E-1,-6.101575087107E-2,
4.667105744918E0));
#3334=CARTESIAN_POINT('',(1.170634941316E0,-4.694361239163E-2,
4.567156110602E0));
#3335=CARTESIAN_POINT('',(1.345282141047E0,-3.287147391220E-2,
4.467206476285E0));
#3336=CARTESIAN_POINT('',(1.519929340778E0,-1.879933543276E-2,
4.367256841969E0));
#3337=CARTESIAN_POINT('',(9.752486908778E-1,2.093516208779E-1,
4.714434846481E0));
#3338=CARTESIAN_POINT('',(1.140094555778E0,2.688096509737E-1,4.614485212164E0));
#3339=CARTESIAN_POINT('',(1.304940420679E0,3.282676810694E-1,4.514535577848E0));
#3340=CARTESIAN_POINT('',(1.469786285579E0,3.877257111651E-1,4.414585943531E0));
#3341=CARTESIAN_POINT('',(8.850542338685E-1,4.602259819804E-1,
4.761763948043E0));
#3342=CARTESIAN_POINT('',(1.027595617003E0,5.621852859114E-1,4.661814313727E0));
#3343=CARTESIAN_POINT('',(1.170137000137E0,6.641445898424E-1,4.561864679410E0));
#3344=CARTESIAN_POINT('',(1.312678383271E0,7.661038937733E-1,4.461915045094E0));
#3345=CARTESIAN_POINT('',(6.770009700406E-1,7.550799151919E-1,
4.824869416793E0));
#3346=CARTESIAN_POINT('',(7.769261458685E-1,9.023425127930E-1,
4.724919782477E0));
#3347=CARTESIAN_POINT('',(8.768513216963E-1,1.049605110394E0,4.624970148160E0));
#3348=CARTESIAN_POINT('',(9.767764975242E-1,1.196867707995E0,4.525020513844E0));
#3349=CARTESIAN_POINT('',(2.851303577078E-1,9.943404015475E-1,
4.903751252731E0));
#3350=CARTESIAN_POINT('',(3.106802335497E-1,1.174502571620E0,4.803801618414E0));
#3351=CARTESIAN_POINT('',(3.362301093916E-1,1.354664741692E0,4.703851984098E0));
#3352=CARTESIAN_POINT('',(3.617799852335E-1,1.534826911764E0,4.603902349781E0));
#3353=CARTESIAN_POINT('',(-1.743615900183E-1,9.993171283175E-1,
4.982633088668E0));
#3354=CARTESIAN_POINT('',(-2.293885959812E-1,1.168580761332E0,
4.882683454352E0));
#3355=CARTESIAN_POINT('',(-2.844156019441E-1,1.337844394347E0,
4.782733820035E0));
#3356=CARTESIAN_POINT('',(-3.394426079070E-1,1.507108027362E0,
4.682784185719E0));
#3357=CARTESIAN_POINT('',(-5.065522557368E-1,8.590921299853E-1,
5.045738557418E0));
#3358=CARTESIAN_POINT('',(-6.151374701541E-1,9.966237831609E-1,
4.945788923102E0));
#3359=CARTESIAN_POINT('',(-7.237226845713E-1,1.134155436337E0,
4.845839288785E0));
#3360=CARTESIAN_POINT('',(-8.323078989886E-1,1.271687089512E0,
4.745889654469E0));
#3361=CARTESIAN_POINT('',(-7.869232829728E-1,6.391173680784E-1,
5.108844026168E0));
#3362=CARTESIAN_POINT('',(-9.397287160932E-1,7.307553435041E-1,
5.008894391852E0));
#3363=CARTESIAN_POINT('',(-1.092534149214E0,8.223933189298E-1,
4.908944757535E0));
#3364=CARTESIAN_POINT('',(-1.245339582334E0,9.140312943554E-1,
4.808995123219E0));
#3365=CARTESIAN_POINT('',(-1.008057461416E0,2.339743275202E-1,
5.187725862106E0));
#3366=CARTESIAN_POINT('',(-1.189041182786E0,2.502126091451E-1,
5.087776227789E0));
#3367=CARTESIAN_POINT('',(-1.370024904155E0,2.664508907700E-1,
4.987826593473E0));
#3368=CARTESIAN_POINT('',(-1.551008625525E0,2.826891723949E-1,
4.887876959156E0));
#3369=CARTESIAN_POINT('',(-9.847417667002E-1,-3.183495477463E-1,
5.282384065231E0));
#3370=CARTESIAN_POINT('',(-1.148227439951E0,-3.976343579639E-1,
5.182434430914E0));
#3371=CARTESIAN_POINT('',(-1.311713113202E0,-4.769191681815E-1,
5.082484796598E0));
#3372=CARTESIAN_POINT('',(-1.475198786453E0,-5.562039783991E-1,
4.982535162281E0));
#3373=CARTESIAN_POINT('',(-7.297256835023E-1,-7.029139478059E-1,
5.361265901168E0));
#3374=CARTESIAN_POINT('',(-8.402184654537E-1,-8.427059672262E-1,
5.261316266852E0));
#3375=CARTESIAN_POINT('',(-9.507112474052E-1,-9.824979866466E-1,
5.161366632535E0));
#3376=CARTESIAN_POINT('',(-1.061204029357E0,-1.122290006067E0,
5.061416998219E0));
#3377=CARTESIAN_POINT('',(-4.323091958248E-1,-8.993460193092E-1,
5.424371369918E0));
#3378=CARTESIAN_POINT('',(-4.851746370951E-1,-1.066393660940E0,
5.324421735602E0));
#3379=CARTESIAN_POINT('',(-5.380400783654E-1,-1.233441302571E0,
5.224472101285E0));
#3380=CARTESIAN_POINT('',(-5.909055196357E-1,-1.400488944203E0,
5.124522466969E0));
#3381=CARTESIAN_POINT('',(-1.741010915173E-1,-9.821542242211E-1,
5.471700471481E0));
#3382=CARTESIAN_POINT('',(-1.812371702692E-1,-1.157249892065E0,
5.371750837164E0));
#3383=CARTESIAN_POINT('',(-1.883732490211E-1,-1.332345559909E0,
5.271801202848E0));
#3384=CARTESIAN_POINT('',(-1.955093277729E-1,-1.507441227753E0,
5.171851568531E0));
#3385=CARTESIAN_POINT('',(9.226157919422E-2,-9.932858361937E-1,
5.519029573043E0));
#3386=CARTESIAN_POINT('',(1.329011191918E-1,-1.163762149366E0,
5.419079938727E0));
#3387=CARTESIAN_POINT('',(1.735406591894E-1,-1.334238462538E0,
5.319130304410E0));
#3388=CARTESIAN_POINT('',(2.141801991870E-1,-1.504714775710E0,
5.219180670094E0));
#3389=CARTESIAN_POINT('',(4.438232045654E-1,-9.118645485222E-1,
5.582135041793E0));
#3390=CARTESIAN_POINT('',(5.424972361309E-1,-1.059968393547E0,
5.482185407477E0));
#3391=CARTESIAN_POINT('',(6.411712676964E-1,-1.208072238571E0,
5.382235773160E0));
#3392=CARTESIAN_POINT('',(7.398452992619E-1,-1.356176083596E0,
5.282286138844E0));
#3393=CARTESIAN_POINT('',(8.132581079119E-1,-6.392365797979E-1,
5.661016877731E0));
#3394=CARTESIAN_POINT('',(9.704630007880E-1,-7.308762291670E-1,
5.561067243414E0));
#3395=CARTESIAN_POINT('',(1.127667893664E0,-8.225158785362E-1,
5.461117609098E0));
#3396=CARTESIAN_POINT('',(1.284872786540E0,-9.141555279054E-1,
5.361167974781E0));
#3397=CARTESIAN_POINT('',(9.912412725535E-1,-2.155862393774E-1,
5.739898713668E0));
#3398=CARTESIAN_POINT('',(1.168756262398E0,-2.284927194181E-1,
5.639949079352E0));
#3399=CARTESIAN_POINT('',(1.346271252243E0,-2.413991994588E-1,
5.539999445035E0));
#3400=CARTESIAN_POINT('',(1.523786242088E0,-2.543056794995E-1,
5.440049810719E0));
#3401=CARTESIAN_POINT('',(9.867224551075E-1,1.449595536042E-1,
5.803004182418E0));
#3402=CARTESIAN_POINT('',(1.155059408647E0,1.936255015401E-1,5.703054548102E0));
#3403=CARTESIAN_POINT('',(1.323396362185E0,2.422914494759E-1,5.603104913785E0));
#3404=CARTESIAN_POINT('',(1.491733315724E0,2.909573974117E-1,5.503155279469E0));
#3405=CARTESIAN_POINT('',(8.887962065510E-1,4.876069797335E-1,
5.866109651168E0));
#3406=CARTESIAN_POINT('',(1.031316815960E0,5.945410473863E-1,5.766160016852E0));
#3407=CARTESIAN_POINT('',(1.173837425370E0,7.014751150392E-1,5.666210382535E0));
#3408=CARTESIAN_POINT('',(1.316358034779E0,8.084091826921E-1,5.566260748219E0));
#3409=CARTESIAN_POINT('',(5.970374832626E-1,8.452633169812E-1,
5.944991487106E0));
#3410=CARTESIAN_POINT('',(6.803637996940E-1,1.006742461706E0,5.845041852789E0));
#3411=CARTESIAN_POINT('',(7.636901161254E-1,1.168221606430E0,5.745092218473E0));
#3412=CARTESIAN_POINT('',(8.470164325568E-1,1.329700751155E0,5.645142584156E0));
#3413=CARTESIAN_POINT('',(7.674175671557E-2,1.032072422076E0,6.039649690231E0));
#3414=CARTESIAN_POINT('',(6.500334746039E-2,1.213389426898E0,5.939700055914E0));
#3415=CARTESIAN_POINT('',(5.326493820520E-2,1.394706431721E0,5.839750421598E0));
#3416=CARTESIAN_POINT('',(4.152652895002E-2,1.576023436543E0,5.739800787281E0));
#3417=CARTESIAN_POINT('',(-3.756191855455E-1,9.410089365320E-1,
6.118531526168E0));
#3418=CARTESIAN_POINT('',(-4.633874926569E-1,1.096080493640E0,
6.018581891852E0));
#3419=CARTESIAN_POINT('',(-5.511557997684E-1,1.251152050747E0,
5.918632257535E0));
#3420=CARTESIAN_POINT('',(-6.389241068798E-1,1.406223607855E0,
5.818682623219E0));
#3421=CARTESIAN_POINT('',(-6.697521959006E-1,7.396935171599E-1,
6.181636994918E0));
#3422=CARTESIAN_POINT('',(-8.045052961137E-1,8.516813354178E-1,
6.081687360602E0));
#3423=CARTESIAN_POINT('',(-9.392583963269E-1,9.636691536757E-1,
5.981737726285E0));
#3424=CARTESIAN_POINT('',(-1.074011496540E0,1.075656971934E0,5.881788091969E0));
#3425=CARTESIAN_POINT('',(-8.438659556873E-1,5.318160951447E-1,
6.228966096481E0));
#3426=CARTESIAN_POINT('',(-1.003326687521E0,6.044913421055E-1,
6.129016462164E0));
#3427=CARTESIAN_POINT('',(-1.162787419354E0,6.771665890664E-1,
6.029066827848E0));
#3428=CARTESIAN_POINT('',(-1.322248151187E0,7.498418360272E-1,
5.929117193531E0));
#3429=CARTESIAN_POINT('',(-9.546780284230E-1,2.893420353574E-1,
6.276295198043E0));
#3430=CARTESIAN_POINT('',(-1.127887421018E0,3.160300828847E-1,
6.176345563727E0));
#3431=CARTESIAN_POINT('',(-1.301096813613E0,3.427181304121E-1,
6.076395929410E0));
#3432=CARTESIAN_POINT('',(-1.474306206208E0,3.694061779394E-1,
5.976446295094E0));
#3433=CARTESIAN_POINT('',(-1.011925386933E0,-6.695523163106E-2,
6.339400666793E0));
#3434=CARTESIAN_POINT('',(-1.186313416763E0,-1.024535198763E-1,
6.239451032477E0));
#3435=CARTESIAN_POINT('',(-1.360701446594E0,-1.379518081215E-1,
6.139501398160E0));
#3436=CARTESIAN_POINT('',(-1.535089476424E0,-1.734500963668E-1,
6.039551763844E0));
#3437=CARTESIAN_POINT('',(-8.988431937503E-1,-5.119502593854E-1,
6.418282502731E0));
#3438=CARTESIAN_POINT('',(-1.043025345998E0,-6.229579647667E-1,
6.318332868414E0));
#3439=CARTESIAN_POINT('',(-1.187207498245E0,-7.339656701479E-1,
6.218383234098E0));
#3440=CARTESIAN_POINT('',(-1.331389650492E0,-8.449733755292E-1,
6.118433599781E0));
#3441=CARTESIAN_POINT('',(-5.736635285301E-1,-8.366282585813E-1,
6.497164338668E0));
#3442=CARTESIAN_POINT('',(-6.525955040983E-1,-9.961522131448E-1,
6.397214704352E0));
#3443=CARTESIAN_POINT('',(-7.315274796665E-1,-1.155676167708E0,
6.297265070035E0));
#3444=CARTESIAN_POINT('',(-8.104594552347E-1,-1.315200122272E0,
6.197315435719E0));
#3445=CARTESIAN_POINT('',(-2.380628060987E-1,-9.684836477438E-1,
6.560269807418E0));
#3446=CARTESIAN_POINT('',(-2.565105079992E-1,-1.142740316798E0,
6.460320173102E0));
#3447=CARTESIAN_POINT('',(-2.749582098998E-1,-1.316996985852E0,
6.360370538785E0));
#3448=CARTESIAN_POINT('',(-2.934059118004E-1,-1.491253654906E0,
6.260420904469E0));
#3449=CARTESIAN_POINT('',(1.162067720894E-1,-1.007082543581E0,
6.623375276168E0));
#3450=CARTESIAN_POINT('',(1.614611995153E-1,-1.179416683349E0,
6.523425641852E0));
#3451=CARTESIAN_POINT('',(2.067156269411E-1,-1.351750823117E0,
6.423476007535E0));
#3452=CARTESIAN_POINT('',(2.519700543670E-1,-1.524084962885E0,
6.323526373219E0));
#3453=CARTESIAN_POINT('',(5.575122242861E-1,-8.718394067867E-1,
6.702257112106E0));
#3454=CARTESIAN_POINT('',(6.756150109604E-1,-1.009935463829E0,
6.602307477789E0));
#3455=CARTESIAN_POINT('',(7.937177976348E-1,-1.148031520872E0,
6.502357843473E0));
#3456=CARTESIAN_POINT('',(9.118205843091E-1,-1.286127577915E0,
6.402408209156E0));
#3457=CARTESIAN_POINT('',(9.268297696373E-1,-4.604881754706E-1,
6.796915315231E0));
#3458=CARTESIAN_POINT('',(1.099173654524E0,-5.180314794392E-1,
6.696965680914E0));
#3459=CARTESIAN_POINT('',(1.271517539411E0,-5.755747834077E-1,
6.597016046598E0));
#3460=CARTESIAN_POINT('',(1.443861424298E0,-6.331180873762E-1,
6.497066412281E0));
#3461=CARTESIAN_POINT('',(1.013180976958E0,-7.204103968867E-3,
6.875797151168E0));
#3462=CARTESIAN_POINT('',(1.189906774170E0,1.556552836895E-2,6.775847516852E0));
#3463=CARTESIAN_POINT('',(1.366632571382E0,3.833516070677E-2,6.675897882535E0));
#3464=CARTESIAN_POINT('',(1.543358368593E0,6.110479304459E-2,6.575948248219E0));
#3465=CARTESIAN_POINT('',(9.377274825816E-1,3.411475804591E-1,
6.938902619918E0));
#3466=CARTESIAN_POINT('',(1.092282297118E0,4.236853218794E-1,6.838952985602E0));
#3467=CARTESIAN_POINT('',(1.246837111655E0,5.062230632997E-1,6.739003351285E0));
#3468=CARTESIAN_POINT('',(1.401391926192E0,5.887608047200E-1,6.639053716969E0));
#3469=CARTESIAN_POINT('',(8.109116733810E-1,5.808273135774E-1,
6.986231721481E0));
#3470=CARTESIAN_POINT('',(9.383823630254E-1,7.010797139659E-1,
6.886282087164E0));
#3471=CARTESIAN_POINT('',(1.065853052670E0,8.213321143544E-1,6.786332452848E0));
#3472=CARTESIAN_POINT('',(1.193323742314E0,9.415845147429E-1,6.686382818531E0));
#3473=CARTESIAN_POINT('',(6.281716444417E-1,7.749382791537E-1,
7.033560823043E0));
#3474=CARTESIAN_POINT('',(7.182419326334E-1,9.252748640192E-1,
6.933611188727E0));
#3475=CARTESIAN_POINT('',(8.083122208250E-1,1.075611448885E0,6.833661554410E0));
#3476=CARTESIAN_POINT('',(8.983825090166E-1,1.225948033750E0,6.733711920094E0));
#3477=CARTESIAN_POINT('',(3.198108656472E-1,9.623912935891E-1,
7.096666291793E0));
#3478=CARTESIAN_POINT('',(3.527361028967E-1,1.137283380799E0,6.996716657477E0));
#3479=CARTESIAN_POINT('',(3.856613401462E-1,1.312175468008E0,6.896767023160E0));
#3480=CARTESIAN_POINT('',(4.185865773957E-1,1.487067555218E0,6.796817388844E0));
#3481=CARTESIAN_POINT('',(-1.349597912675E-1,1.025572040267E0,
7.175548127731E0));
#3482=CARTESIAN_POINT('',(-1.833598204704E-1,1.200981962603E0,
7.075598493414E0));
#3483=CARTESIAN_POINT('',(-2.317598496734E-1,1.376391884938E0,
6.975648859098E0));
#3484=CARTESIAN_POINT('',(-2.801598788763E-1,1.551801807274E0,
6.875699224781E0));
#3485=CARTESIAN_POINT('',(-5.583348341136E-1,8.469350034316E-1,
7.254429963668E0));
#3486=CARTESIAN_POINT('',(-6.762850116202E-1,9.802238044347E-1,
7.154480329352E0));
#3487=CARTESIAN_POINT('',(-7.942351891267E-1,1.113512605438E0,
7.054530695035E0));
#3488=CARTESIAN_POINT('',(-9.121853666333E-1,1.246801406441E0,
6.954581060719E0));
#3489=CARTESIAN_POINT('',(-8.070719868667E-1,5.858918702368E-1,
7.317535432418E0));
#3490=CARTESIAN_POINT('',(-9.614876633330E-1,6.687260617084E-1,
7.217585798102E0));
#3491=CARTESIAN_POINT('',(-1.115903339799E0,7.515602531799E-1,
7.117636163785E0));
#3492=CARTESIAN_POINT('',(-1.270319016266E0,8.343944446514E-1,
7.017686529469E0));
#3493=CARTESIAN_POINT('',(-9.764898759685E-1,2.723725125545E-1,
7.380640901168E0));
#3494=CARTESIAN_POINT('',(-1.153161049300E0,2.954877768850E-1,
7.280691266852E0));
#3495=CARTESIAN_POINT('',(-1.329832222631E0,3.186030412154E-1,
7.180741632535E0));
#3496=CARTESIAN_POINT('',(-1.506503395962E0,3.417183055459E-1,
7.080791998219E0));
#3497=CARTESIAN_POINT('',(-1.017755586121E0,-1.873429965966E-1,
7.459522737106E0));
#3498=CARTESIAN_POINT('',(-1.190206370479E0,-2.446100566343E-1,
7.359573102789E0));
#3499=CARTESIAN_POINT('',(-1.362657154837E0,-3.018771166719E-1,
7.259623468473E0));
#3500=CARTESIAN_POINT('',(-1.535107939195E0,-3.591441767096E-1,
7.159673834156E0));
#3501=CARTESIAN_POINT('',(-7.761597163019E-1,-6.845720388857E-1,
7.554180940231E0));
#3502=CARTESIAN_POINT('',(-8.944779930356E-1,-8.224648664016E-1,
7.454231305914E0));
#3503=CARTESIAN_POINT('',(-1.012796269769E0,-9.603576939174E-1,
7.354281671598E0));
#3504=CARTESIAN_POINT('',(-1.131114546503E0,-1.098250521433E0,
7.254332037281E0));
#3505=CARTESIAN_POINT('',(-3.889623965425E-1,-9.355724692716E-1,
7.633062776168E0));
#3506=CARTESIAN_POINT('',(-4.345575187700E-1,-1.107826782385E0,
7.533113141852E0));
#3507=CARTESIAN_POINT('',(-4.801526409975E-1,-1.280081095498E0,
7.433163507535E0));
#3508=CARTESIAN_POINT('',(-5.257477632250E-1,-1.452335408611E0,
7.333213873219E0));
#3509=CARTESIAN_POINT('',(-3.788955666416E-2,-9.971353392282E-1,
7.696168244918E0));
#3510=CARTESIAN_POINT('',(-1.976889162813E-2,-1.171409006068E0,
7.596218610602E0));
#3511=CARTESIAN_POINT('',(-1.648226592101E-3,-1.345682672908E0,
7.496268976285E0));
#3512=CARTESIAN_POINT('',(1.647243844393E-2,-1.519956339748E0,
7.396319341969E0));
#3513=CARTESIAN_POINT('',(2.319238207008E-1,-9.701285747851E-1,
7.743497346481E0));
#3514=CARTESIAN_POINT('',(2.951907394102E-1,-1.133550462899E0,
7.643547712164E0));
#3515=CARTESIAN_POINT('',(3.584576581195E-1,-1.296972351013E0,
7.543598077848E0));
#3516=CARTESIAN_POINT('',(4.217245768289E-1,-1.460394239126E0,
7.443648443531E0));
#3517=CARTESIAN_POINT('',(4.806378710839E-1,-8.741373966707E-1,
7.790826448043E0));
#3518=CARTESIAN_POINT('',(5.858770934813E-1,-1.014274656645E0,
7.690876813727E0));
#3519=CARTESIAN_POINT('',(6.911163158787E-1,-1.154411916619E0,
7.590927179410E0));
#3520=CARTESIAN_POINT('',(7.963555382762E-1,-1.294549176594E0,
7.490977545094E0));
#3521=CARTESIAN_POINT('',(7.705849914986E-1,-6.592986900027E-1,
7.853931916793E0));
#3522=CARTESIAN_POINT('',(9.201264928613E-1,-7.557800497912E-1,
7.753982282477E0));
#3523=CARTESIAN_POINT('',(1.069667994224E0,-8.522614095797E-1,
7.654032648160E0));
#3524=CARTESIAN_POINT('',(1.219209495587E0,-9.487427693683E-1,
7.554083013844E0));
#3525=CARTESIAN_POINT('',(1.000688543271E0,-2.619820497728E-1,
7.932813752731E0));
#3526=CARTESIAN_POINT('',(1.181395039878E0,-2.833447688109E-1,
7.832864118414E0));
#3527=CARTESIAN_POINT('',(1.362101536485E0,-3.047074878489E-1,
7.732914484098E0));
#3528=CARTESIAN_POINT('',(1.542808033092E0,-3.260702068869E-1,
7.632964849781E0));
#3529=CARTESIAN_POINT('',(9.950024013576E-1,1.975016666134E-1,
8.011695588668E0));
#3530=CARTESIAN_POINT('',(1.162943680670E0,2.564412589916E-1,7.911745954352E0));
#3531=CARTESIAN_POINT('',(1.330884959982E0,3.153808513698E-1,7.811796320035E0));
#3532=CARTESIAN_POINT('',(1.498826239294E0,3.743204437480E-1,7.711846685719E0));
#3533=CARTESIAN_POINT('',(8.471073801788E-1,5.263492776106E-1,
8.074801057418E0));
#3534=CARTESIAN_POINT('',(9.820825188323E-1,6.380963865698E-1,
7.974851423102E0));
#3535=CARTESIAN_POINT('',(1.117057657486E0,7.498434955289E-1,7.874901788785E0));
#3536=CARTESIAN_POINT('',(1.252032796139E0,8.615906044881E-1,7.774952154469E0));
#3537=CARTESIAN_POINT('',(6.206864298563E-1,8.015407782867E-1,
8.137906526168E0));
#3538=CARTESIAN_POINT('',(7.087542106903E-1,9.564313361339E-1,
8.037956891852E0));
#3539=CARTESIAN_POINT('',(7.968219915242E-1,1.111321893981E0,7.938007257535E0));
#3540=CARTESIAN_POINT('',(8.848897723581E-1,1.266212451828E0,7.838057623219E0));
#3541=CARTESIAN_POINT('',(2.105215168843E-1,1.013214943822E0,8.216788362106E0));
#3542=CARTESIAN_POINT('',(2.225560862551E-1,1.194526714898E0,8.116838727789E0));
#3543=CARTESIAN_POINT('',(2.345906556260E-1,1.375838485975E0,8.016889093473E0));
#3544=CARTESIAN_POINT('',(2.466252249969E-1,1.557150257052E0,7.916939459156E0));
#3545=CARTESIAN_POINT('',(-3.411126693963E-1,9.770900308628E-1,
8.311446565231E0));
#3546=CARTESIAN_POINT('',(-4.241694700680E-1,1.138692055453E0,
8.211496930914E0));
#3547=CARTESIAN_POINT('',(-5.072262707397E-1,1.300294080044E0,
8.111547296598E0));
#3548=CARTESIAN_POINT('',(-5.902830714114E-1,1.461896104634E0,
8.011597662281E0));
#3549=CARTESIAN_POINT('',(-7.196564326910E-1,7.132196085845E-1,
8.390328401168E0));
#3550=CARTESIAN_POINT('',(-8.619745658418E-1,8.204390682616E-1,
8.290378766852E0));
#3551=CARTESIAN_POINT('',(-1.004292698993E0,9.276585279386E-1,
8.190429132535E0));
#3552=CARTESIAN_POINT('',(-1.146610832144E0,1.034877987616E0,8.090479498219E0));
#3553=CARTESIAN_POINT('',(-9.091347061303E-1,4.113254056722E-1,
8.453433869918E0));
#3554=CARTESIAN_POINT('',(-1.077364004354E0,4.603006307793E-1,
8.353484235602E0));
#3555=CARTESIAN_POINT('',(-1.245593302578E0,5.092758558864E-1,
8.253534601285E0));
#3556=CARTESIAN_POINT('',(-1.413822600802E0,5.582510809935E-1,
8.153584966969E0));
#3557=CARTESIAN_POINT('',(-9.859294498574E-1,1.512654293847E-1,
8.500762971481E0));
#3558=CARTESIAN_POINT('',(-1.161143555437E0,1.543368661028E-1,
8.400813337164E0));
#3559=CARTESIAN_POINT('',(-1.336357661017E0,1.574083028208E-1,
8.300863702848E0));
#3560=CARTESIAN_POINT('',(-1.511571766597E0,1.604797395389E-1,
8.200914068531E0));
#3561=CARTESIAN_POINT('',(-9.908776883196E-1,-1.152838157274E-1,
8.548092073043E0));
#3562=CARTESIAN_POINT('',(-1.160365151713E0,-1.598679532242E-1,
8.448142438727E0));
#3563=CARTESIAN_POINT('',(-1.329852615107E0,-2.044520907210E-1,
8.348192804410E0));
#3564=CARTESIAN_POINT('',(-1.499340078500E0,-2.490362282178E-1,
8.248243170094E0));
#3565=CARTESIAN_POINT('',(-9.013210847814E-1,-4.648615857335E-1,
8.611197541793E0));
#3566=CARTESIAN_POINT('',(-1.047095536831E0,-5.669454852779E-1,
8.511247907477E0));
#3567=CARTESIAN_POINT('',(-1.192869988880E0,-6.690293848223E-1,
8.411298273160E0));
#3568=CARTESIAN_POINT('',(-1.338644440929E0,-7.711132843667E-1,
8.311348638844E0));
#3569=CARTESIAN_POINT('',(-6.201945661392E-1,-8.278712793469E-1,
8.690079377731E0));
#3570=CARTESIAN_POINT('',(-7.081619404028E-1,-9.871601513558E-1,
8.590129743414E0));
#3571=CARTESIAN_POINT('',(-7.961293146663E-1,-1.146449023365E0,
8.490180109098E0));
#3572=CARTESIAN_POINT('',(-8.840966889299E-1,-1.305737895374E0,
8.390230474781E0));
#3573=CARTESIAN_POINT('',(-1.925285629623E-1,-9.959766259637E-1,
8.768961213668E0));
#3574=CARTESIAN_POINT('',(-2.013127122488E-1,-1.173743292040E0,
8.669011579352E0));
#3575=CARTESIAN_POINT('',(-2.100968615353E-1,-1.351509958117E0,
8.569061945035E0));
#3576=CARTESIAN_POINT('',(-2.188810108219E-1,-1.529276624193E0,
8.469112310719E0));
#3577=CARTESIAN_POINT('',(1.678153134140E-1,-9.830933303499E-1,
8.832066682418E0));
#3578=CARTESIAN_POINT('',(2.203740586890E-1,-1.150255774429E0,
8.732117048102E0));
#3579=CARTESIAN_POINT('',(2.729328039641E-1,-1.317418218507E0,
8.632167413785E0));
#3580=CARTESIAN_POINT('',(3.254915492391E-1,-1.484580662586E0,
8.532217779469E0));
#3581=CARTESIAN_POINT('',(5.080983217320E-1,-8.772430443824E-1,
8.895172151168E0));
#3582=CARTESIAN_POINT('',(6.183104865223E-1,-1.017244107462E0,
8.795222516852E0));
#3583=CARTESIAN_POINT('',(7.285226513126E-1,-1.157245170542E0,
8.695272882535E0));
#3584=CARTESIAN_POINT('',(8.387348161028E-1,-1.297246233622E0,
8.595323248219E0));
#3585=CARTESIAN_POINT('',(8.588887320215E-1,-5.772642180675E-1,
8.974053987106E0));
#3586=CARTESIAN_POINT('',(1.022257812026E0,-6.568213226498E-1,
8.874104352789E0));
#3587=CARTESIAN_POINT('',(1.185626892030E0,-7.363784272322E-1,
8.774154718473E0));
#3588=CARTESIAN_POINT('',(1.348995972034E0,-8.159355318145E-1,
8.674205084156E0));
#3589=CARTESIAN_POINT('',(1.033575193269E0,-5.277406080386E-2,
9.068712190231E0));
#3590=CARTESIAN_POINT('',(1.214571018737E0,-3.683173812375E-2,
8.968762555914E0));
#3591=CARTESIAN_POINT('',(1.395566844206E0,-2.088941544364E-2,
8.868812921598E0));
#3592=CARTESIAN_POINT('',(1.576562669675E0,-4.947092763520E-3,
8.768863287281E0));
#3593=CARTESIAN_POINT('',(9.320401549888E-1,3.973521620318E-1,
9.147594026168E0));
#3594=CARTESIAN_POINT('',(1.085033487288E0,4.886949440612E-1,9.047644391852E0));
#3595=CARTESIAN_POINT('',(1.238026819588E0,5.800377260906E-1,8.947694757535E0));
#3596=CARTESIAN_POINT('',(1.391020151888E0,6.713805081199E-1,8.847745123219E0));
#3597=CARTESIAN_POINT('',(7.239542062703E-1,6.867348909626E-1,
9.210699494918E0));
#3598=CARTESIAN_POINT('',(8.327852171095E-1,8.240501506206E-1,
9.110749860602E0));
#3599=CARTESIAN_POINT('',(9.416162279487E-1,9.613654102787E-1,
9.010800226285E0));
#3600=CARTESIAN_POINT('',(1.050447238788E0,1.098680669937E0,8.910850591969E0));
#3601=CARTESIAN_POINT('',(5.120928118089E-1,8.559784239784E-1,
9.258028596481E0));
#3602=CARTESIAN_POINT('',(5.810485473884E-1,1.017082499186E0,9.158078962164E0));
#3603=CARTESIAN_POINT('',(6.500042829679E-1,1.178186574393E0,9.058129327848E0));
#3604=CARTESIAN_POINT('',(7.189600185474E-1,1.339290649600E0,8.958179693531E0));
#3605=CARTESIAN_POINT('',(2.671128741639E-1,9.611345711368E-1,
9.305357698043E0));
#3606=CARTESIAN_POINT('',(2.897747828108E-1,1.134916570954E0,9.205408063727E0));
#3607=CARTESIAN_POINT('',(3.124366914578E-1,1.308698570771E0,9.105458429410E0));
#3608=CARTESIAN_POINT('',(3.350986001047E-1,1.482480570588E0,9.005508795094E0));
#3609=CARTESIAN_POINT('',(-9.041677215361E-2,1.010099400592E0,
9.368463166793E0));
#3610=CARTESIAN_POINT('',(-1.299518050663E-1,1.183616819282E0,
9.268513532477E0));
#3611=CARTESIAN_POINT('',(-1.694868379791E-1,1.357134237973E0,
9.168563898160E0));
#3612=CARTESIAN_POINT('',(-2.090218708918E-1,1.530651656663E0,
9.068614263844E0));
#3613=CARTESIAN_POINT('',(-5.326681664917E-1,8.867224929156E-1,
9.447345002731E0));
#3614=CARTESIAN_POINT('',(-6.469914248460E-1,1.028290131449E0,
9.347395368414E0));
#3615=CARTESIAN_POINT('',(-7.613146832002E-1,1.169857769983E0,
9.247445734098E0));
#3616=CARTESIAN_POINT('',(-8.756379415545E-1,1.311425408516E0,
9.147496099781E0));
#3617=CARTESIAN_POINT('',(-8.497136556993E-1,5.540969142132E-1,
9.526226838668E0));
#3618=CARTESIAN_POINT('',(-1.011026110634E0,6.293062269985E-1,
9.426277204352E0));
#3619=CARTESIAN_POINT('',(-1.172338565569E0,7.045155397837E-1,
9.326327570035E0));
#3620=CARTESIAN_POINT('',(-1.333651020503E0,7.797248525690E-1,
9.226377935719E0));
#3621=CARTESIAN_POINT('',(-9.737466487269E-1,2.155271205389E-1,
9.589332307418E0));
#3622=CARTESIAN_POINT('',(-1.148384443440E0,2.299266022344E-1,
9.489382673102E0));
#3623=CARTESIAN_POINT('',(-1.323022238153E0,2.443260839300E-1,
9.389433038785E0));
#3624=CARTESIAN_POINT('',(-1.497660032866E0,2.587255656255E-1,
9.289483404469E0));
#3625=CARTESIAN_POINT('',(-1.004115084284E0,-1.395426851488E-1,
9.652437776168E0));
#3626=CARTESIAN_POINT('',(-1.175352795502E0,-1.887835745380E-1,
9.552488141852E0));
#3627=CARTESIAN_POINT('',(-1.346590506721E0,-2.380244639272E-1,
9.452538507535E0));
#3628=CARTESIAN_POINT('',(-1.517828217939E0,-2.872653533164E-1,
9.352588873219E0));
#3629=CARTESIAN_POINT('',(-8.586688079421E-1,-5.775912999015E-1,
9.731319612106E0));
#3630=CARTESIAN_POINT('',(-9.939873635846E-1,-6.988665145572E-1,
9.631369977789E0));
#3631=CARTESIAN_POINT('',(-1.129305919227E0,-8.201417292130E-1,
9.531420343473E0));
#3632=CARTESIAN_POINT('',(-1.264624474870E0,-9.414169438687E-1,
9.431470709156E0));
#3633=CARTESIAN_POINT('',(-4.388590971969E-1,-9.372648902214E-1,
9.825977815231E0));
#3634=CARTESIAN_POINT('',(-4.923880376075E-1,-1.110897545641E0,
9.726028180914E0));
#3635=CARTESIAN_POINT('',(-5.459169780181E-1,-1.284530201061E0,
9.626078546598E0));
#3636=CARTESIAN_POINT('',(-5.994459184286E-1,-1.458162856480E0,
9.526128912281E0));
#3637=CARTESIAN_POINT('',(1.630653521203E-2,-1.013075361507E0,
9.904859651168E0));
#3638=CARTESIAN_POINT('',(4.317058195699E-2,-1.189225259462E0,
9.804910016852E0));
#3639=CARTESIAN_POINT('',(7.003462870195E-2,-1.365375157416E0,
9.704960382535E0));
#3640=CARTESIAN_POINT('',(9.689867544692E-2,-1.541525055371E0,
9.605010748219E0));
#3641=CARTESIAN_POINT('',(3.628136983559E-1,-9.295594244196E-1,
9.967965119918E0));
#3642=CARTESIAN_POINT('',(4.489153329739E-1,-1.082157517367E0,
9.868015485602E0));
#3643=CARTESIAN_POINT('',(5.350169675918E-1,-1.234755610315E0,
9.768065851285E0));
#3644=CARTESIAN_POINT('',(6.211186022097E-1,-1.387353703263E0,
9.668116216969E0));
#3645=CARTESIAN_POINT('',(5.994864143747E-1,-7.972165008347E-1,
1.001529422148E1));
#3646=CARTESIAN_POINT('',(7.226641250730E-1,-9.218626724757E-1,
9.915344587164E0));
#3647=CARTESIAN_POINT('',(8.458418357713E-1,-1.046508844117E0,
9.815394952848E0));
#3648=CARTESIAN_POINT('',(9.690195464696E-1,-1.171155015758E0,
9.715445318531E0));
#3649=CARTESIAN_POINT('',(7.893050289734E-1,-6.100217394615E-1,
1.006262332304E1));
#3650=CARTESIAN_POINT('',(9.416910284030E-1,-6.965795394668E-1,
9.962673688727E0));
#3651=CARTESIAN_POINT('',(1.094077027833E0,-7.831373394721E-1,
9.862724054410E0));
#3652=CARTESIAN_POINT('',(1.246463027262E0,-8.696951394774E-1,
9.762774420094E0));
#3653=CARTESIAN_POINT('',(9.695527238201E-1,-2.973945317170E-1,
1.012572879179E1));
#3654=CARTESIAN_POINT('',(1.145161685893E0,-3.262529075602E-1,
1.002577915748E1));
#3655=CARTESIAN_POINT('',(1.320770647965E0,-3.551112834034E-1,
9.925829523160E0));
#3656=CARTESIAN_POINT('',(1.496379610037E0,-3.839696592466E-1,
9.825879888844E0));
#3657=CARTESIAN_POINT('',(1.022164479438E0,1.587196648524E-1,1.020461062773E1));
#3658=CARTESIAN_POINT('',(1.196404158186E0,2.111766761137E-1,1.010466099341E1));
#3659=CARTESIAN_POINT('',(1.370643836934E0,2.636336873751E-1,1.000471135910E1));
#3660=CARTESIAN_POINT('',(1.544883515682E0,3.160906986365E-1,9.904761724781E0));
#3661=CARTESIAN_POINT('',(8.337520225137E-1,5.778358347980E-1,
1.028349246367E1));
#3662=CARTESIAN_POINT('',(9.642681573086E-1,6.988469392673E-1,
1.018354282935E1));
#3663=CARTESIAN_POINT('',(1.094784292104E0,8.198580437365E-1,1.008359319504E1));
#3664=CARTESIAN_POINT('',(1.225300426898E0,9.408691482058E-1,9.983643560719E0));
#3665=CARTESIAN_POINT('',(5.670077539041E-1,8.204490737439E-1,
1.034659793242E1));
#3666=CARTESIAN_POINT('',(6.462367587059E-1,9.767451684277E-1,
1.024664829810E1));
#3667=CARTESIAN_POINT('',(7.254657635077E-1,1.133041263111E0,1.014669866379E1));
#3668=CARTESIAN_POINT('',(8.046947683096E-1,1.289337357795E0,1.004674902947E1));
#3669=CARTESIAN_POINT('',(2.496418226252E-1,9.825468049210E-1,
1.040970340117E1));
#3670=CARTESIAN_POINT('',(2.686515867244E-1,1.159706754684E0,1.030975376685E1));
#3671=CARTESIAN_POINT('',(2.876613508237E-1,1.336866704448E0,1.020980413254E1));
#3672=CARTESIAN_POINT('',(3.066711149229E-1,1.514026654211E0,1.010985449822E1));
#3673=CARTESIAN_POINT('',(-2.109074033182E-1,1.013134689309E0,
1.048858523711E1));
#3674=CARTESIAN_POINT('',(-2.721603977346E-1,1.184210286242E0,
1.038863560279E1));
#3675=CARTESIAN_POINT('',(-3.334133921510E-1,1.355285883175E0,
1.028868596847E1));
#3676=CARTESIAN_POINT('',(-3.946663865674E-1,1.526361480108E0,
1.018873633416E1));
#3677=CARTESIAN_POINT('',(-7.023968643427E-1,7.600667250943E-1,
1.058324344023E1));
#3678=CARTESIAN_POINT('',(-8.429978907801E-1,8.751536394430E-1,
1.048329380591E1));
#3679=CARTESIAN_POINT('',(-9.835989172174E-1,9.902405537916E-1,
1.038334417160E1));
#3680=CARTESIAN_POINT('',(-1.124199943655E0,1.105327468140E0,1.028339453728E1));
#3681=CARTESIAN_POINT('',(-9.443456332541E-1,3.671497189660E-1,
1.066212527617E1));
#3682=CARTESIAN_POINT('',(-1.117611508987E0,4.087357726786E-1,
1.056217564185E1));
#3683=CARTESIAN_POINT('',(-1.290877384721E0,4.503218263911E-1,
1.046222600754E1));
#3684=CARTESIAN_POINT('',(-1.464143260454E0,4.919078801036E-1,
1.036227637322E1));
#3685=CARTESIAN_POINT('',(-9.977460339900E-1,1.474296100156E-2,
1.072523074492E1));
#3686=CARTESIAN_POINT('',(-1.171552331095E0,-7.416473603214E-3,
1.062528111060E1));
#3687=CARTESIAN_POINT('',(-1.345358628199E0,-2.957590820799E-2,
1.052533147629E1));
#3688=CARTESIAN_POINT('',(-1.519164925304E0,-5.173534281276E-2,
1.042538184197E1));
#3689=CARTESIAN_POINT('',(-9.644860974777E-1,-2.543711422213E-1,
1.077255984648E1));
#3690=CARTESIAN_POINT('',(-1.126396015050E0,-3.214128837667E-1,
1.067261021216E1));
#3691=CARTESIAN_POINT('',(-1.288305932622E0,-3.884546253121E-1,
1.057266057785E1));
#3692=CARTESIAN_POINT('',(-1.450215850194E0,-4.554963668575E-1,
1.047271094353E1));
#3693=CARTESIAN_POINT('',(-8.627498842612E-1,-5.007909629657E-1,
1.081988894804E1));
#3694=CARTESIAN_POINT('',(-1.000407564821E0,-6.092534382594E-1,
1.071993931373E1));
#3695=CARTESIAN_POINT('',(-1.138065245380E0,-7.177159135531E-1,
1.061998967941E1));
#3696=CARTESIAN_POINT('',(-1.275722925940E0,-8.261783888467E-1,
1.052004004509E1));
#3697=CARTESIAN_POINT('',(-6.412414136544E-1,-7.856751498901E-1,
1.088299441679E1));
#3698=CARTESIAN_POINT('',(-7.342270074622E-1,-9.374150350939E-1,
1.078304478248E1));
#3699=CARTESIAN_POINT('',(-8.272126012701E-1,-1.089154920298E0,
1.068309514816E1));
#3700=CARTESIAN_POINT('',(-9.201981950779E-1,-1.240894805501E0,
1.058314551384E1));
#3701=CARTESIAN_POINT('',(-2.386926788193E-1,-1.006497869021E0,
1.096187625273E1));
#3702=CARTESIAN_POINT('',(-2.558567384165E-1,-1.187651391552E0,
1.086192661841E1));
#3703=CARTESIAN_POINT('',(-2.730207980138E-1,-1.368804914084E0,
1.076197698410E1));
#3704=CARTESIAN_POINT('',(-2.901848576110E-1,-1.549958436615E0,
1.066202734978E1));
#3705=CARTESIAN_POINT('',(2.205353993416E-1,-9.901519196556E-1,
1.104075808867E1));
#3706=CARTESIAN_POINT('',(2.833558424439E-1,-1.156680418176E0,
1.094080845435E1));
#3707=CARTESIAN_POINT('',(3.461762855462E-1,-1.323208916696E0,
1.084085882004E1));
#3708=CARTESIAN_POINT('',(4.089967286486E-1,-1.489737415216E0,
1.074090918572E1));
#3709=CARTESIAN_POINT('',(5.458628891862E-1,-8.346665099219E-1,
1.110386355742E1));
#3710=CARTESIAN_POINT('',(6.607117228769E-1,-9.670124571257E-1,
1.100391392310E1));
#3711=CARTESIAN_POINT('',(7.755605565676E-1,-1.099358404330E0,
1.090396428879E1));
#3712=CARTESIAN_POINT('',(8.904093902584E-1,-1.231704351533E0,
1.080401465447E1));
#3713=CARTESIAN_POINT('',(8.157266875626E-1,-6.019212828041E-1,
1.116696902617E1));
#3714=CARTESIAN_POINT('',(9.726189705754E-1,-6.863714504053E-1,
1.106701939185E1));
#3715=CARTESIAN_POINT('',(1.129511253588E0,-7.708216180065E-1,
1.096706975754E1));
#3716=CARTESIAN_POINT('',(1.286403536601E0,-8.552717856078E-1,
1.086712012322E1));
#3717=CARTESIAN_POINT('',(1.017826866747E0,-1.869553768244E-1,
1.124585086211E1));
#3718=CARTESIAN_POINT('',(1.199369056657E0,-1.947797456049E-1,
1.114590122779E1));
#3719=CARTESIAN_POINT('',(1.380911246567E0,-2.026041143853E-1,
1.104595159347E1));
#3720=CARTESIAN_POINT('',(1.562453436477E0,-2.104284831657E-1,
1.094600195916E1));
#3721=CARTESIAN_POINT('',(9.689121800239E-1,3.636922109036E-1,
1.134050906523E1));
#3722=CARTESIAN_POINT('',(1.128543558158E0,4.504762500638E-1,1.124055943091E1));
#3723=CARTESIAN_POINT('',(1.288174936292E0,5.372602892239E-1,1.114060979660E1));
#3724=CARTESIAN_POINT('',(1.447806314426E0,6.240443283840E-1,1.104066016228E1));
#3725=CARTESIAN_POINT('',(6.963295206016E-1,7.360111575432E-1,
1.141939090117E1));
#3726=CARTESIAN_POINT('',(8.002178791428E-1,8.807788629391E-1,
1.131944126685E1));
#3727=CARTESIAN_POINT('',(9.041062376840E-1,1.025546568335E0,1.121949163254E1));
#3728=CARTESIAN_POINT('',(1.007994596225E0,1.170314273731E0,1.111954199822E1));
#3729=CARTESIAN_POINT('',(3.901201074994E-1,9.184343307118E-1,
1.148249636992E1));
#3730=CARTESIAN_POINT('',(4.351788274523E-1,1.087754549023E0,1.138254673560E1));
#3731=CARTESIAN_POINT('',(4.802375474051E-1,1.257074767334E0,1.128259710129E1));
#3732=CARTESIAN_POINT('',(5.252962673580E-1,1.426394985645E0,1.118264746697E1));
#3733=CARTESIAN_POINT('',(1.283484320122E-1,9.891720684364E-1,
1.152982547148E1));
#3734=CARTESIAN_POINT('',(1.273532680923E-1,1.164410855522E0,1.142987583716E1));
#3735=CARTESIAN_POINT('',(1.263581041724E-1,1.339649642608E0,1.132992620285E1));
#3736=CARTESIAN_POINT('',(1.253629402525E-1,1.514888429694E0,1.122997656853E1));
#3737=CARTESIAN_POINT('',(-1.382443723094E-1,9.879425065838E-1,
1.157715457304E1));
#3738=CARTESIAN_POINT('',(-1.867479663145E-1,1.156347666708E0,
1.147720493873E1));
#3739=CARTESIAN_POINT('',(-2.352515603196E-1,1.324752826833E0,
1.137725530441E1));
#3740=CARTESIAN_POINT('',(-2.837551543246E-1,1.493157986958E0,
1.127730567009E1));
#3741=CARTESIAN_POINT('',(-4.856476338775E-1,8.902577809864E-1,
1.164026004179E1));
#3742=CARTESIAN_POINT('',(-5.910924633314E-1,1.033635995962E0,
1.154031040748E1));
#3743=CARTESIAN_POINT('',(-6.965372927852E-1,1.177014210937E0,
1.144036077316E1));
#3744=CARTESIAN_POINT('',(-8.019821222391E-1,1.320392425913E0,
1.134041113884E1));
#3745=CARTESIAN_POINT('',(-8.393634948225E-1,6.032805773450E-1,
1.171854617461E1));
#3746=CARTESIAN_POINT('',(-1.000180677426E0,6.878816885917E-1,
1.161859654029E1));
#3747=CARTESIAN_POINT('',(-1.160997860030E0,7.724827998385E-1,
1.151864690597E1));
#3748=CARTESIAN_POINT('',(-1.321815042633E0,8.570839110852E-1,
1.141869727166E1));
#3749=CARTESIAN_POINT('',(-1.028883168058E0,9.238039397193E-2,
1.181201297148E1));
#3750=CARTESIAN_POINT('',(-1.210070488395E0,8.332994872830E-2,
1.171206333716E1));
#3751=CARTESIAN_POINT('',(-1.391257808732E0,7.427950348466E-2,
1.161211370285E1));
#3752=CARTESIAN_POINT('',(-1.572445129069E0,6.522905824103E-2,
1.151216406853E1));
#3753=CARTESIAN_POINT('',(-9.341766869037E-1,-4.407395873299E-1,
1.190488406523E1));
#3754=CARTESIAN_POINT('',(-1.085899350913E0,-5.402555378629E-1,
1.180493443091E1));
#3755=CARTESIAN_POINT('',(-1.237622014923E0,-6.397714883959E-1,
1.170498479660E1));
#3756=CARTESIAN_POINT('',(-1.389344678933E0,-7.392874389290E-1,
1.160503516228E1));
#3757=CARTESIAN_POINT('',(-5.827342322551E-1,-8.527366770412E-1,
1.199775515898E1));
#3758=CARTESIAN_POINT('',(-6.632141346057E-1,-1.015288635880E0,
1.189780552466E1));
#3759=CARTESIAN_POINT('',(-7.436940369563E-1,-1.177840594718E0,
1.179785589035E1));
#3760=CARTESIAN_POINT('',(-8.241739393069E-1,-1.340392553556E0,
1.169790625603E1));
#3761=CARTESIAN_POINT('',(-7.095645894779E-2,-1.030608539314E0,
1.209062625273E1));
#3762=CARTESIAN_POINT('',(-5.838972614528E-2,-1.211648805726E0,
1.199067661841E1));
#3763=CARTESIAN_POINT('',(-4.582299334277E-2,-1.392689072139E0,
1.189072698410E1));
#3764=CARTESIAN_POINT('',(-3.325626054026E-2,-1.573729338551E0,
1.179077734978E1));
#3765=CARTESIAN_POINT('',(4.478021036018E-1,-9.262217216921E-1,
1.218132285069E1));
#3766=CARTESIAN_POINT('',(5.486680550849E-1,-1.076403411058E0,
1.208137321638E1));
#3767=CARTESIAN_POINT('',(6.495340065679E-1,-1.226585100424E0,
1.198142358206E1));
#3768=CARTESIAN_POINT('',(7.503999580509E-1,-1.376766789790E0,
1.188147394774E1));
#3769=CARTESIAN_POINT('',(7.723271115026E-1,-6.438477805631E-1,
1.225829100146E1));
#3770=CARTESIAN_POINT('',(9.244610558457E-1,-7.353704727974E-1,
1.215834136714E1));
#3771=CARTESIAN_POINT('',(1.076595000189E0,-8.268931650318E-1,
1.205839173282E1));
#3772=CARTESIAN_POINT('',(1.228728944532E0,-9.184158572662E-1,
1.195844209851E1));
#3773=CARTESIAN_POINT('',(8.844178411759E-1,-4.252757335836E-1,
1.230430212097E1));
#3774=CARTESIAN_POINT('',(1.051213871138E0,-4.745154857877E-1,
1.220435248665E1));
#3775=CARTESIAN_POINT('',(1.218009901100E0,-5.237552379918E-1,
1.210440285234E1));
#3776=CARTESIAN_POINT('',(1.384805931063E0,-5.729949901959E-1,
1.200445321802E1));
#3777=CARTESIAN_POINT('',(9.125022420329E-1,-3.397656278733E-1,
1.232153070502E1));
#3778=CARTESIAN_POINT('',(1.082119942952E0,-3.728099544317E-1,
1.222158107070E1));
#3779=CARTESIAN_POINT('',(1.251737643871E0,-4.058542809902E-1,
1.212163143638E1));
#3780=CARTESIAN_POINT('',(1.421355344790E0,-4.388986075487E-1,
1.202168180207E1));
#3781=B_SPLINE_SURFACE_WITH_KNOTS('',3,3,((#3093,#3094,#3095,#3096),(#3097,
#3098,#3099,#3100),(#3101,#3102,#3103,#3104),(#3105,#3106,#3107,#3108),(#3109,
#3110,#3111,#3112),(#3113,#3114,#3115,#3116),(#3117,#3118,#3119,#3120),(#3121,
#3122,#3123,#3124),(#3125,#3126,#3127,#3128),(#3129,#3130,#3131,#3132),(#3133,
#3134,#3135,#3136),(#3137,#3138,#3139,#3140),(#3141,#3142,#3143,#3144),(#3145,
#3146,#3147,#3148),(#3149,#3150,#3151,#3152),(#3153,#3154,#3155,#3156),(#3157,
#3158,#3159,#3160),(#3161,#3162,#3163,#3164),(#3165,#3166,#3167,#3168),(#3169,
#3170,#3171,#3172),(#3173,#3174,#3175,#3176),(#3177,#3178,#3179,#3180),(#3181,
#3182,#3183,#3184),(#3185,#3186,#3187,#3188),(#3189,#3190,#3191,#3192),(#3193,
#3194,#3195,#3196),(#3197,#3198,#3199,#3200),(#3201,#3202,#3203,#3204),(#3205,
#3206,#3207,#3208),(#3209,#3210,#3211,#3212),(#3213,#3214,#3215,#3216),(#3217,
#3218,#3219,#3220),(#3221,#3222,#3223,#3224),(#3225,#3226,#3227,#3228),(#3229,
#3230,#3231,#3232),(#3233,#3234,#3235,#3236),(#3237,#3238,#3239,#3240),(#3241,
#3242,#3243,#3244),(#3245,#3246,#3247,#3248),(#3249,#3250,#3251,#3252),(#3253,
#3254,#3255,#3256),(#3257,#3258,#3259,#3260),(#3261,#3262,#3263,#3264),(#3265,
#3266,#3267,#3268),(#3269,#3270,#3271,#3272),(#3273,#3274,#3275,#3276),(#3277,
#3278,#3279,#3280),(#3281,#3282,#3283,#3284),(#3285,#3286,#3287,#3288),(#3289,
#3290,#3291,#3292),(#3293,#3294,#3295,#3296),(#3297,#3298,#3299,#3300),(#3301,
#3302,#3303,#3304),(#3305,#3306,#3307,#3308),(#3309,#3310,#3311,#3312),(#3313,
#3314,#3315,#3316),(#3317,#3318,#3319,#3320),(#3321,#3322,#3323,#3324),(#3325,
#3326,#3327,#3328),(#3329,#3330,#3331,#3332),(#3333,#3334,#3335,#3336),(#3337,
#3338,#3339,#3340),(#3341,#3342,#3343,#3344),(#3345,#3346,#3347,#3348),(#3349,
#3350,#3351,#3352),(#3353,#3354,#3355,#3356),(#3357,#3358,#3359,#3360),(#3361,
#3362,#3363,#3364),(#3365,#3366,#3367,#3368),(#3369,#3370,#3371,#3372),(#3373,
#3374,#3375,#3376),(#3377,#3378,#3379,#3380),(#3381,#3382,#3383,#3384),(#3385,
#3386,#3387,#3388),(#3389,#3390,#3391,#3392),(#3393,#3394,#3395,#3396),(#3397,
#3398,#3399,#3400),(#3401,#3402,#3403,#3404),(#3405,#3406,#3407,#3408),(#3409,
#3410,#3411,#3412),(#3413,#3414,#3415,#3416),(#3417,#3418,#3419,#3420),(#3421,
#3422,#3423,#3424),(#3425,#3426,#3427,#3428),(#3429,#3430,#3431,#3432),(#3433,
#3434,#3435,#3436),(#3437,#3438,#3439,#3440),(#3441,#3442,#3443,#3444),(#3445,
#3446,#3447,#3448),(#3449,#3450,#3451,#3452),(#3453,#3454,#3455,#3456),(#3457,
#3458,#3459,#3460),(#3461,#3462,#3463,#3464),(#3465,#3466,#3467,#3468),(#3469,
#3470,#3471,#3472),(#3473,#3474,#3475,#3476),(#3477,#3478,#3479,#3480),(#3481,
#3482,#3483,#3484),(#3485,#3486,#3487,#3488),(#3489,#3490,#3491,#3492),(#3493,
#3494,#3495,#3496),(#3497,#3498,#3499,#3500),(#3501,#3502,#3503,#3504),(#3505,
#3506,#3507,#3508),(#3509,#3510,#3511,#3512),(#3513,#3514,#3515,#3516),(#3517,
#3518,#3519,#3520),(#3521,#3522,#3523,#3524),(#3525,#3526,#3527,#3528),(#3529,
#3530,#3531,#3532),(#3533,#3534,#3535,#3536),(#3537,#3538,#3539,#3540),(#3541,
#3542,#3543,#3544),(#3545,#3546,#3547,#3548),(#3549,#3550,#3551,#3552),(#3553,
#3554,#3555,#3556),(#3557,#3558,#3559,#3560),(#3561,#3562,#3563,#3564),(#3565,
#3566,#3567,#3568),(#3569,#3570,#3571,#3572),(#3573,#3574,#3575,#3576),(#3577,
#3578,#3579,#3580),(#3581,#3582,#3583,#3584),(#3585,#3586,#3587,#3588),(#3589,
#3590,#3591,#3592),(#3593,#3594,#3595,#3596),(#3597,#3598,#3599,#3600),(#3601,
#3602,#3603,#3604),(#3605,#3606,#3607,#3608),(#3609,#3610,#3611,#3612),(#3613,
#3614,#3615,#3616),(#3617,#3618,#3619,#3620),(#3621,#3622,#3623,#3624),(#3625,
#3626,#3627,#3628),(#3629,#3630,#3631,#3632),(#3633,#3634,#3635,#3636),(#3637,
#3638,#3639,#3640),(#3641,#3642,#3643,#3644),(#3645,#3646,#3647,#3648),(#3649,
#3650,#3651,#3652),(#3653,#3654,#3655,#3656),(#3657,#3658,#3659,#3660),(#3661,
#3662,#3663,#3664),(#3665,#3666,#3667,#3668),(#3669,#3670,#3671,#3672),(#3673,
#3674,#3675,#3676),(#3677,#3678,#3679,#3680),(#3681,#3682,#3683,#3684),(#3685,
#3686,#3687,#3688),(#3689,#3690,#3691,#3692),(#3693,#3694,#3695,#3696),(#3697,
#3698,#3699,#3700),(#3701,#3702,#3703,#3704),(#3705,#3706,#3707,#3708),(#3709,
#3710,#3711,#3712),(#3713,#3714,#3715,#3716),(#3717,#3718,#3719,#3720),(#3721,
#3722,#3723,#3724),(#3725,#3726,#3727,#3728),(#3729,#3730,#3731,#3732),(#3733,
#3734,#3735,#3736),(#3737,#3738,#3739,#3740),(#3741,#3742,#3743,#3744),(#3745,
#3746,#3747,#3748),(#3749,#3750,#3751,#3752),(#3753,#3754,#3755,#3756),(#3757,
#3758,#3759,#3760),(#3761,#3762,#3763,#3764),(#3765,#3766,#3767,#3768),(#3769,
#3770,#3771,#3772),(#3773,#3774,#3775,#3776),(#3777,#3778,#3779,#3780)),
.UNSPECIFIED.,.F.,.F.,.F.,(4,1,1,1,1,1,1,1,1,1,1,1,1,1,1,1,1,1,1,1,1,1,1,1,1,1,
1,1,1,1,1,1,1,1,1,1,1,1,1,1,1,1,1,1,1,1,1,1,1,1,1,1,1,1,1,1,1,1,1,1,1,1,1,1,1,1,
1,1,1,1,1,1,1,1,1,1,1,1,1,1,1,1,1,1,1,1,1,1,1,1,1,1,1,1,1,1,1,1,1,1,1,1,1,1,1,1,
1,1,1,1,1,1,1,1,1,1,1,1,1,1,1,1,1,1,1,1,1,1,1,1,1,1,1,1,1,1,1,1,1,1,1,1,1,1,1,1,
1,1,1,1,1,1,1,1,1,1,1,1,1,1,1,1,1,1,1,1,1,1,1,4),(4,4),(-4.828425966047E-3,0.E0,
7.277489635908E-3,1.520564119422E-2,2.313379275254E-2,3.106194431086E-2,
3.899009586917E-2,4.691824742749E-2,5.484639898581E-2,6.277455054412E-2,
7.095004732668E-2,7.912554410923E-2,8.730104089178E-2,9.138878928306E-2,
9.547653767433E-2,1.036520344569E-1,1.118275312394E-1,1.159152796307E-1,
1.200030280220E-1,1.281785248045E-1,1.361173236738E-1,1.400867231085E-1,
1.440561225431E-1,1.519949214124E-1,1.599337202817E-1,1.678725191510E-1,
1.718419185857E-1,1.758113180203E-1,1.797807174550E-1,1.837501168896E-1,
1.916889157589E-1,1.996277146282E-1,2.035971140628E-1,2.075665134975E-1,
2.155053123668E-1,2.234441112361E-1,2.313829101054E-1,2.353523095400E-1,
2.393217089747E-1,2.432911084093E-1,2.472605078439E-1,2.551993067132E-1,
2.631381055825E-1,2.671075050172E-1,2.710769044518E-1,2.790157033211E-1,
2.869545021904E-1,2.948933010597E-1,2.988627004944E-1,3.028320999290E-1,
3.068014993637E-1,3.107708987983E-1,3.187096976676E-1,3.266484965369E-1,
3.306178959715E-1,3.345872954062E-1,3.425260942755E-1,3.504648931448E-1,
3.584036920141E-1,3.623730914487E-1,3.663424908834E-1,3.703118903180E-1,
3.742812897526E-1,3.822200886219E-1,3.901588874912E-1,3.941282869259E-1,
3.980976863605E-1,4.060364852298E-1,4.139752840991E-1,4.219140829684E-1,
4.258834824031E-1,4.298528818377E-1,4.338222812723E-1,4.377916807070E-1,
4.457304795763E-1,4.536692784456E-1,4.576386778802E-1,4.616080773149E-1,
4.695468761842E-1,4.774856750535E-1,4.854244739228E-1,4.893938733574E-1,
4.933632727920E-1,4.973326722267E-1,5.013020716613E-1,5.092408705306E-1,
5.171796693999E-1,5.211490688346E-1,5.251184682692E-1,5.330572671385E-1,
5.409960660078E-1,5.489348648771E-1,5.529042643117E-1,5.568736637464E-1,
5.608430631810E-1,5.648124626157E-1,5.727512614850E-1,5.806900603543E-1,
5.846594597889E-1,5.886288592236E-1,5.965676580929E-1,6.045064569622E-1,
6.124452558314E-1,6.164146552661E-1,6.203840547007E-1,6.243534541354E-1,
6.283228535700E-1,6.362616524393E-1,6.442004513086E-1,6.481698507433E-1,
6.521392501779E-1,6.600780490472E-1,6.680168479165E-1,6.759556467858E-1,
6.799250462204E-1,6.838944456551E-1,6.878638450897E-1,6.918332445244E-1,
6.997720433937E-1,7.077108422630E-1,7.116802416976E-1,7.156496411323E-1,
7.235884400016E-1,7.315272388708E-1,7.394660377401E-1,7.434354371748E-1,
7.474048366094E-1,7.513742360441E-1,7.553436354787E-1,7.632824343480E-1,
7.712212332173E-1,7.751906326520E-1,7.791600320866E-1,7.870988309559E-1,
7.950376298252E-1,8.029764286945E-1,8.069458281291E-1,8.109152275638E-1,
8.148846269984E-1,8.188540264331E-1,8.267928253024E-1,8.347316241717E-1,
8.387010236063E-1,8.426704230410E-1,8.506092219103E-1,8.585480207795E-1,
8.664868196488E-1,8.704562190835E-1,8.744256185181E-1,8.783950179528E-1,
8.823644173874E-1,8.903032162567E-1,8.982420151260E-1,9.022114145607E-1,
9.061808139953E-1,9.141196128646E-1,9.220584117339E-1,9.299972106032E-1,
9.339666100378E-1,9.379360094725E-1,9.419054089071E-1,9.458748083418E-1,
9.538136072111E-1,9.616025247028E-1,9.693914421945E-1,9.771803596861E-1,
9.849692771778E-1,9.927581946695E-1,1.E0,1.004334783222E0),(-1.257342230556E-1,
1.125169697269E0),.UNSPECIFIED.);
#3782=ORIENTED_EDGE('',*,*,#2910,.F.);
#3783=ORIENTED_EDGE('',*,*,#2895,.T.);
#3784=ORIENTED_EDGE('',*,*,#2140,.T.);
#3786=ORIENTED_EDGE('',*,*,#3785,.T.);
#3787=ORIENTED_EDGE('',*,*,#3071,.T.);
#3789=ORIENTED_EDGE('',*,*,#3788,.T.);
#3790=ORIENTED_EDGE('',*,*,#3056,.T.);
#3792=ORIENTED_EDGE('',*,*,#3791,.T.);
#3793=ORIENTED_EDGE('',*,*,#3041,.T.);
#3795=ORIENTED_EDGE('',*,*,#3794,.T.);
#3796=ORIENTED_EDGE('',*,*,#3026,.T.);
#3798=ORIENTED_EDGE('',*,*,#3797,.T.);
#3799=ORIENTED_EDGE('',*,*,#3011,.T.);
#3801=ORIENTED_EDGE('',*,*,#3800,.T.);
#3802=ORIENTED_EDGE('',*,*,#2996,.T.);
#3804=ORIENTED_EDGE('',*,*,#3803,.T.);
#3805=ORIENTED_EDGE('',*,*,#2981,.T.);
#3807=ORIENTED_EDGE('',*,*,#3806,.T.);
#3808=ORIENTED_EDGE('',*,*,#2966,.T.);
#3810=ORIENTED_EDGE('',*,*,#3809,.T.);
#3811=ORIENTED_EDGE('',*,*,#2951,.T.);
#3813=ORIENTED_EDGE('',*,*,#3812,.T.);
#3814=ORIENTED_EDGE('',*,*,#2936,.T.);
#3816=ORIENTED_EDGE('',*,*,#3815,.T.);
#3817=ORIENTED_EDGE('',*,*,#2921,.T.);
#3818=EDGE_LOOP('',(#3782,#3783,#3784,#3786,#3787,#3789,#3790,#3792,#3793,#3795,
#3796,#3798,#3799,#3801,#3802,#3804,#3805,#3807,#3808,#3810,#3811,#3813,#3814,
#3816,#3817));
#3819=FACE_OUTER_BOUND('',#3818,.F.);
#3820=ADVANCED_FACE('',(#3819),#3781,.F.);
#3821=CARTESIAN_POINT('',(0.E0,0.E0,-3.55E0));
#3822=DIRECTION('',(0.E0,0.E0,1.E0));
#3823=DIRECTION('',(1.E0,0.E0,0.E0));
#3824=AXIS2_PLACEMENT_3D('',#3821,#3822,#3823);
#3825=CYLINDRICAL_SURFACE('',#3824,1.04E0);
#3826=ORIENTED_EDGE('',*,*,#2907,.T.);
#3827=ORIENTED_EDGE('',*,*,#2923,.F.);
#3828=ORIENTED_EDGE('',*,*,#3815,.F.);
#3829=ORIENTED_EDGE('',*,*,#2934,.T.);
#3830=ORIENTED_EDGE('',*,*,#2848,.F.);
#3831=EDGE_LOOP('',(#3826,#3827,#3828,#3829,#3830));
#3832=FACE_OUTER_BOUND('',#3831,.F.);
#3833=ADVANCED_FACE('',(#3832),#3825,.T.);
#3834=CARTESIAN_POINT('',(0.E0,0.E0,-3.55E0));
#3835=DIRECTION('',(0.E0,0.E0,1.E0));
#3836=DIRECTION('',(1.E0,0.E0,0.E0));
#3837=AXIS2_PLACEMENT_3D('',#3834,#3835,#3836);
#3838=CYLINDRICAL_SURFACE('',#3837,1.04E0);
#3839=ORIENTED_EDGE('',*,*,#2852,.F.);
#3840=ORIENTED_EDGE('',*,*,#2938,.F.);
#3841=ORIENTED_EDGE('',*,*,#3812,.F.);
#3842=ORIENTED_EDGE('',*,*,#2949,.T.);
#3843=EDGE_LOOP('',(#3839,#3840,#3841,#3842));
#3844=FACE_OUTER_BOUND('',#3843,.F.);
#3845=ADVANCED_FACE('',(#3844),#3838,.T.);
#3846=CARTESIAN_POINT('',(0.E0,0.E0,-3.55E0));
#3847=DIRECTION('',(0.E0,0.E0,1.E0));
#3848=DIRECTION('',(1.E0,0.E0,0.E0));
#3849=AXIS2_PLACEMENT_3D('',#3846,#3847,#3848);
#3850=CYLINDRICAL_SURFACE('',#3849,1.04E0);
#3851=ORIENTED_EDGE('',*,*,#2856,.F.);
#3852=ORIENTED_EDGE('',*,*,#2953,.F.);
#3853=ORIENTED_EDGE('',*,*,#3809,.F.);
#3854=ORIENTED_EDGE('',*,*,#2964,.T.);
#3855=EDGE_LOOP('',(#3851,#3852,#3853,#3854));
#3856=FACE_OUTER_BOUND('',#3855,.F.);
#3857=ADVANCED_FACE('',(#3856),#3850,.T.);
#3858=CARTESIAN_POINT('',(0.E0,0.E0,-3.55E0));
#3859=DIRECTION('',(0.E0,0.E0,1.E0));
#3860=DIRECTION('',(1.E0,0.E0,0.E0));
#3861=AXIS2_PLACEMENT_3D('',#3858,#3859,#3860);
#3862=CYLINDRICAL_SURFACE('',#3861,1.04E0);
#3863=ORIENTED_EDGE('',*,*,#2860,.F.);
#3864=ORIENTED_EDGE('',*,*,#2968,.F.);
#3865=ORIENTED_EDGE('',*,*,#3806,.F.);
#3866=ORIENTED_EDGE('',*,*,#2979,.T.);
#3867=EDGE_LOOP('',(#3863,#3864,#3865,#3866));
#3868=FACE_OUTER_BOUND('',#3867,.F.);
#3869=ADVANCED_FACE('',(#3868),#3862,.T.);
#3870=CARTESIAN_POINT('',(0.E0,0.E0,-3.55E0));
#3871=DIRECTION('',(0.E0,0.E0,1.E0));
#3872=DIRECTION('',(1.E0,0.E0,0.E0));
#3873=AXIS2_PLACEMENT_3D('',#3870,#3871,#3872);
#3874=CYLINDRICAL_SURFACE('',#3873,1.04E0);
#3875=ORIENTED_EDGE('',*,*,#2864,.F.);
#3876=ORIENTED_EDGE('',*,*,#2983,.F.);
#3877=ORIENTED_EDGE('',*,*,#3803,.F.);
#3878=ORIENTED_EDGE('',*,*,#2994,.T.);
#3879=EDGE_LOOP('',(#3875,#3876,#3877,#3878));
#3880=FACE_OUTER_BOUND('',#3879,.F.);
#3881=ADVANCED_FACE('',(#3880),#3874,.T.);
#3882=CARTESIAN_POINT('',(0.E0,0.E0,-3.55E0));
#3883=DIRECTION('',(0.E0,0.E0,1.E0));
#3884=DIRECTION('',(1.E0,0.E0,0.E0));
#3885=AXIS2_PLACEMENT_3D('',#3882,#3883,#3884);
#3886=CYLINDRICAL_SURFACE('',#3885,1.04E0);
#3887=ORIENTED_EDGE('',*,*,#2868,.F.);
#3888=ORIENTED_EDGE('',*,*,#2998,.F.);
#3889=ORIENTED_EDGE('',*,*,#3800,.F.);
#3890=ORIENTED_EDGE('',*,*,#3009,.T.);
#3891=EDGE_LOOP('',(#3887,#3888,#3889,#3890));
#3892=FACE_OUTER_BOUND('',#3891,.F.);
#3893=ADVANCED_FACE('',(#3892),#3886,.T.);
#3894=CARTESIAN_POINT('',(0.E0,0.E0,-3.55E0));
#3895=DIRECTION('',(0.E0,0.E0,1.E0));
#3896=DIRECTION('',(1.E0,0.E0,0.E0));
#3897=AXIS2_PLACEMENT_3D('',#3894,#3895,#3896);
#3898=CYLINDRICAL_SURFACE('',#3897,1.04E0);
#3899=ORIENTED_EDGE('',*,*,#2872,.F.);
#3900=ORIENTED_EDGE('',*,*,#3013,.F.);
#3901=ORIENTED_EDGE('',*,*,#3797,.F.);
#3902=ORIENTED_EDGE('',*,*,#3024,.T.);
#3903=EDGE_LOOP('',(#3899,#3900,#3901,#3902));
#3904=FACE_OUTER_BOUND('',#3903,.F.);
#3905=ADVANCED_FACE('',(#3904),#3898,.T.);
#3906=CARTESIAN_POINT('',(0.E0,0.E0,-3.55E0));
#3907=DIRECTION('',(0.E0,0.E0,1.E0));
#3908=DIRECTION('',(1.E0,0.E0,0.E0));
#3909=AXIS2_PLACEMENT_3D('',#3906,#3907,#3908);
#3910=CYLINDRICAL_SURFACE('',#3909,1.04E0);
#3911=ORIENTED_EDGE('',*,*,#2876,.F.);
#3912=ORIENTED_EDGE('',*,*,#3028,.F.);
#3913=ORIENTED_EDGE('',*,*,#3794,.F.);
#3914=ORIENTED_EDGE('',*,*,#3039,.T.);
#3915=EDGE_LOOP('',(#3911,#3912,#3913,#3914));
#3916=FACE_OUTER_BOUND('',#3915,.F.);
#3917=ADVANCED_FACE('',(#3916),#3910,.T.);
#3918=CARTESIAN_POINT('',(0.E0,0.E0,-3.55E0));
#3919=DIRECTION('',(0.E0,0.E0,1.E0));
#3920=DIRECTION('',(1.E0,0.E0,0.E0));
#3921=AXIS2_PLACEMENT_3D('',#3918,#3919,#3920);
#3922=CYLINDRICAL_SURFACE('',#3921,1.04E0);
#3923=ORIENTED_EDGE('',*,*,#2880,.F.);
#3924=ORIENTED_EDGE('',*,*,#3043,.F.);
#3925=ORIENTED_EDGE('',*,*,#3791,.F.);
#3926=ORIENTED_EDGE('',*,*,#3054,.T.);
#3927=EDGE_LOOP('',(#3923,#3924,#3925,#3926));
#3928=FACE_OUTER_BOUND('',#3927,.F.);
#3929=ADVANCED_FACE('',(#3928),#3922,.T.);
#3930=CARTESIAN_POINT('',(0.E0,0.E0,-3.55E0));
#3931=DIRECTION('',(0.E0,0.E0,1.E0));
#3932=DIRECTION('',(1.E0,0.E0,0.E0));
#3933=AXIS2_PLACEMENT_3D('',#3930,#3931,#3932);
#3934=CYLINDRICAL_SURFACE('',#3933,1.04E0);
#3935=ORIENTED_EDGE('',*,*,#2884,.F.);
#3936=ORIENTED_EDGE('',*,*,#3058,.F.);
#3937=ORIENTED_EDGE('',*,*,#3788,.F.);
#3938=ORIENTED_EDGE('',*,*,#3069,.T.);
#3939=EDGE_LOOP('',(#3935,#3936,#3937,#3938));
#3940=FACE_OUTER_BOUND('',#3939,.F.);
#3941=ADVANCED_FACE('',(#3940),#3934,.T.);
#3942=CARTESIAN_POINT('',(0.E0,0.E0,-3.55E0));
#3943=DIRECTION('',(0.E0,0.E0,1.E0));
#3944=DIRECTION('',(1.E0,0.E0,0.E0));
#3945=AXIS2_PLACEMENT_3D('',#3942,#3943,#3944);
#3946=CYLINDRICAL_SURFACE('',#3945,1.04E0);
#3947=ORIENTED_EDGE('',*,*,#2888,.F.);
#3948=ORIENTED_EDGE('',*,*,#3073,.F.);
#3949=ORIENTED_EDGE('',*,*,#3785,.F.);
#3950=ORIENTED_EDGE('',*,*,#2138,.T.);
#3951=ORIENTED_EDGE('',*,*,#3084,.T.);
#3952=EDGE_LOOP('',(#3947,#3948,#3949,#3950,#3951));
#3953=FACE_OUTER_BOUND('',#3952,.F.);
#3954=ADVANCED_FACE('',(#3953),#3946,.T.);
#3955=CARTESIAN_POINT('',(0.E0,0.E0,-3.55E0));
#3956=DIRECTION('',(0.E0,0.E0,1.E0));
#3957=DIRECTION('',(1.E0,0.E0,0.E0));
#3958=AXIS2_PLACEMENT_3D('',#3955,#3956,#3957);
#3959=CYLINDRICAL_SURFACE('',#3958,1.04E0);
#3960=ORIENTED_EDGE('',*,*,#2892,.F.);
#3961=ORIENTED_EDGE('',*,*,#3088,.F.);
#3962=ORIENTED_EDGE('',*,*,#2131,.T.);
#3963=EDGE_LOOP('',(#3960,#3961,#3962));
#3964=FACE_OUTER_BOUND('',#3963,.F.);
#3965=ADVANCED_FACE('',(#3964),#3959,.T.);
#3966=CARTESIAN_POINT('',(0.E0,0.E0,2.E-1));
#3967=DIRECTION('',(0.E0,0.E0,1.E0));
#3968=DIRECTION('',(1.E0,0.E0,0.E0));
#3969=AXIS2_PLACEMENT_3D('',#3966,#3967,#3968);
#3970=TOROIDAL_SURFACE('',#3969,1.24E0,2.E-1);
#3971=ORIENTED_EDGE('',*,*,#3086,.F.);
#3972=ORIENTED_EDGE('',*,*,#2136,.T.);
#3973=ORIENTED_EDGE('',*,*,#2104,.F.);
#3974=ORIENTED_EDGE('',*,*,#2133,.F.);
#3975=EDGE_LOOP('',(#3971,#3972,#3973,#3974));
#3976=FACE_OUTER_BOUND('',#3975,.F.);
#3977=ADVANCED_FACE('',(#3976),#3970,.F.);
#3978=CARTESIAN_POINT('',(0.E0,0.E0,-5.E-2));
#3979=DIRECTION('',(0.E0,0.E0,1.E0));
#3980=DIRECTION('',(1.E0,0.E0,0.E0));
#3981=AXIS2_PLACEMENT_3D('',#3978,#3979,#3980);
#3982=TOROIDAL_SURFACE('',#3981,2.750190265095E0,5.E-2);
#3983=ORIENTED_EDGE('',*,*,#2084,.T.);
#3984=ORIENTED_EDGE('',*,*,#2074,.F.);
#3985=ORIENTED_EDGE('',*,*,#2044,.F.);
#3986=ORIENTED_EDGE('',*,*,#2071,.T.);
#3987=EDGE_LOOP('',(#3983,#3984,#3985,#3986));
#3988=FACE_OUTER_BOUND('',#3987,.F.);
#3989=ADVANCED_FACE('',(#3988),#3982,.T.);
#3990=CLOSED_SHELL('',(#1604,#1619,#1633,#1666,#1682,#1696,#1710,#1724,#1738,
#1752,#1766,#1780,#1794,#1808,#1825,#1839,#1853,#1867,#1881,#1895,#1909,#1923,
#1937,#1950,#1979,#1994,#2009,#2023,#2035,#2050,#2063,#2078,#2095,#2110,#2123,
#2144,#2899,#2914,#2927,#2942,#2957,#2972,#2987,#3002,#3017,#3032,#3047,#3062,
#3077,#3092,#3820,#3833,#3845,#3857,#3869,#3881,#3893,#3905,#3917,#3929,#3941,
#3954,#3965,#3977,#3989));
#3991=MANIFOLD_SOLID_BREP('',#3990);
#3993=DIMENSIONAL_EXPONENTS(0.E0,0.E0,0.E0,0.E0,0.E0,0.E0,0.E0);
#3995=PLANE_ANGLE_MEASURE_WITH_UNIT(PLANE_ANGLE_MEASURE(1.745329251994E-2),
#3994);
#3996=(CONVERSION_BASED_UNIT('DEGREE',#3995)NAMED_UNIT(*)PLANE_ANGLE_UNIT());
#3998=UNCERTAINTY_MEASURE_WITH_UNIT(LENGTH_MEASURE(5.E-3),#3992,'closure',
'Maximum model space distance between geometric entities at asserted connectivities');
#3999=(GEOMETRIC_REPRESENTATION_CONTEXT(3)GLOBAL_UNCERTAINTY_ASSIGNED_CONTEXT((
#3998))GLOBAL_UNIT_ASSIGNED_CONTEXT((#3992,#3996,#3997))REPRESENTATION_CONTEXT(
'ID1','3'));
#4001=APPLICATION_CONTEXT(
'CONFIGURATION CONTROLLED 3D DESIGNS OF MECHANICAL PARTS AND ASSEMBLIES');
#4002=APPLICATION_PROTOCOL_DEFINITION('international standard',
'config_control_design',1994,#4001);
#4003=DESIGN_CONTEXT('',#4001,'design');
#4004=MECHANICAL_CONTEXT('',#4001,'mechanical');
#4005=PRODUCT('_GB_T845-2017_16510001','_GB_T845-2017_16510001','NOT SPECIFIED',
(#4004));
#4006=PRODUCT_DEFINITION_FORMATION_WITH_SPECIFIED_SOURCE('1','LAST_VERSION',
#4005,.MADE.);
#4010=PRODUCT_CATEGORY('part','');
#4011=PRODUCT_RELATED_PRODUCT_CATEGORY('detail','',(#4005));
#4012=PRODUCT_CATEGORY_RELATIONSHIP('','',#4010,#4011);
#4013=SECURITY_CLASSIFICATION_LEVEL('unclassified');
#4014=SECURITY_CLASSIFICATION('','',#4013);
#4015=CC_DESIGN_SECURITY_CLASSIFICATION(#4014,(#4006));
#4016=APPROVAL_STATUS('approved');
#4017=APPROVAL(#4016,'');
#4018=CC_DESIGN_APPROVAL(#4017,(#4014,#4006,#4007));
#4019=CALENDAR_DATE(126,1,7);
#4020=COORDINATED_UNIVERSAL_TIME_OFFSET(8,0,.AHEAD.);
#4021=LOCAL_TIME(13,56,3.E0,#4020);
#4022=DATE_AND_TIME(#4019,#4021);
#4023=APPROVAL_DATE_TIME(#4022,#4017);
#4024=DATE_TIME_ROLE('creation_date');
#4025=CC_DESIGN_DATE_AND_TIME_ASSIGNMENT(#4022,#4024,(#4007));
#4026=DATE_TIME_ROLE('classification_date');
#4027=CC_DESIGN_DATE_AND_TIME_ASSIGNMENT(#4022,#4026,(#4014));
#4028=PERSON('UNSPECIFIED','UNSPECIFIED',$,$,$,$);
#4029=ORGANIZATION('UNSPECIFIED','UNSPECIFIED','UNSPECIFIED');
#4030=PERSON_AND_ORGANIZATION(#4028,#4029);
#4031=APPROVAL_ROLE('approver');
#4032=APPROVAL_PERSON_ORGANIZATION(#4030,#4017,#4031);
#4033=PERSON_AND_ORGANIZATION_ROLE('creator');
#4034=CC_DESIGN_PERSON_AND_ORGANIZATION_ASSIGNMENT(#4030,#4033,(#4006,#4007));
#4035=PERSON_AND_ORGANIZATION_ROLE('design_supplier');
#4036=CC_DESIGN_PERSON_AND_ORGANIZATION_ASSIGNMENT(#4030,#4035,(#4006));
#4037=PERSON_AND_ORGANIZATION_ROLE('classification_officer');
#4038=CC_DESIGN_PERSON_AND_ORGANIZATION_ASSIGNMENT(#4030,#4037,(#4014));
#4039=PERSON_AND_ORGANIZATION_ROLE('design_owner');
#4040=CC_DESIGN_PERSON_AND_ORGANIZATION_ASSIGNMENT(#4030,#4039,(#4005));
#6=CIRCLE('',#5,2.041188551701E0);
#11=CIRCLE('',#10,1.2E0);
#16=CIRCLE('',#15,1.2E0);
#21=CIRCLE('',#20,2.041188551701E0);
#26=CIRCLE('',#25,4.748278752608E0);
#31=CIRCLE('',#30,4.748278752608E0);
#38=B_SPLINE_CURVE_WITH_KNOTS('',3,(#32,#33,#34,#35,#36,#37),.UNSPECIFIED.,.F.,
.F.,(4,1,1,4),(0.E0,3.333333333333E-1,6.666666666667E-1,1.E0),.UNSPECIFIED.);
#45=B_SPLINE_CURVE_WITH_KNOTS('',3,(#39,#40,#41,#42,#43,#44),.UNSPECIFIED.,.F.,
.F.,(4,1,1,4),(0.E0,3.333333333333E-1,6.666666666667E-1,1.E0),.UNSPECIFIED.);
#52=B_SPLINE_CURVE_WITH_KNOTS('',3,(#46,#47,#48,#49,#50,#51),.UNSPECIFIED.,.F.,
.F.,(4,1,1,4),(0.E0,3.333333333333E-1,6.666666666667E-1,1.E0),.UNSPECIFIED.);
#61=CIRCLE('',#60,4.739475063442E0);
#70=CIRCLE('',#69,4.747707155116E0);
#79=CIRCLE('',#78,4.747707155116E0);
#86=B_SPLINE_CURVE_WITH_KNOTS('',3,(#80,#81,#82,#83,#84,#85),.UNSPECIFIED.,.F.,
.F.,(4,1,1,4),(0.E0,3.333333333333E-1,6.666666666667E-1,1.E0),.UNSPECIFIED.);
#91=CIRCLE('',#90,4.739475063442E0);
#98=B_SPLINE_CURVE_WITH_KNOTS('',3,(#92,#93,#94,#95,#96,#97),.UNSPECIFIED.,.F.,
.F.,(4,1,1,4),(0.E0,3.333333333333E-1,6.666666666667E-1,1.E0),.UNSPECIFIED.);
#105=B_SPLINE_CURVE_WITH_KNOTS('',3,(#99,#100,#101,#102,#103,#104),
.UNSPECIFIED.,.F.,.F.,(4,1,1,4),(0.E0,3.333333333333E-1,6.666666666667E-1,1.E0),
.UNSPECIFIED.);
#114=CIRCLE('',#113,4.739475063442E0);
#123=CIRCLE('',#122,4.747707155116E0);
#132=CIRCLE('',#131,4.747707155116E0);
#139=B_SPLINE_CURVE_WITH_KNOTS('',3,(#133,#134,#135,#136,#137,#138),
.UNSPECIFIED.,.F.,.F.,(4,1,1,4),(0.E0,3.333333333333E-1,6.666666666667E-1,1.E0),
.UNSPECIFIED.);
#144=CIRCLE('',#143,4.739475063442E0);
#151=B_SPLINE_CURVE_WITH_KNOTS('',3,(#145,#146,#147,#148,#149,#150),
.UNSPECIFIED.,.F.,.F.,(4,1,1,4),(0.E0,3.333333333333E-1,6.666666666667E-1,1.E0),
.UNSPECIFIED.);
#158=B_SPLINE_CURVE_WITH_KNOTS('',3,(#152,#153,#154,#155,#156,#157),
.UNSPECIFIED.,.F.,.F.,(4,1,1,4),(0.E0,3.333333333333E-1,6.666666666667E-1,1.E0),
.UNSPECIFIED.);
#165=B_SPLINE_CURVE_WITH_KNOTS('',3,(#159,#160,#161,#162,#163,#164),
.UNSPECIFIED.,.F.,.F.,(4,1,1,4),(0.E0,3.333333333333E-1,6.666666666667E-1,1.E0),
.UNSPECIFIED.);
#174=CIRCLE('',#173,4.739475063442E0);
#183=CIRCLE('',#182,4.747707155116E0);
#192=CIRCLE('',#191,4.747707155116E0);
#199=B_SPLINE_CURVE_WITH_KNOTS('',3,(#193,#194,#195,#196,#197,#198),
.UNSPECIFIED.,.F.,.F.,(4,1,1,4),(0.E0,3.333333333333E-1,6.666666666667E-1,1.E0),
.UNSPECIFIED.);
#204=CIRCLE('',#203,4.739475063442E0);
#211=B_SPLINE_CURVE_WITH_KNOTS('',3,(#205,#206,#207,#208,#209,#210),
.UNSPECIFIED.,.F.,.F.,(4,1,1,4),(0.E0,3.333333333333E-1,6.666666666667E-1,1.E0),
.UNSPECIFIED.);
#218=B_SPLINE_CURVE_WITH_KNOTS('',3,(#212,#213,#214,#215,#216,#217),
.UNSPECIFIED.,.F.,.F.,(4,1,1,4),(0.E0,3.333333333333E-1,6.666666666667E-1,1.E0),
.UNSPECIFIED.);
#227=CIRCLE('',#226,4.739475063442E0);
#236=CIRCLE('',#235,4.747707155116E0);
#245=CIRCLE('',#244,4.747707155116E0);
#252=B_SPLINE_CURVE_WITH_KNOTS('',3,(#246,#247,#248,#249,#250,#251),
.UNSPECIFIED.,.F.,.F.,(4,1,1,4),(0.E0,3.333333333333E-1,6.666666666667E-1,1.E0),
.UNSPECIFIED.);
#257=CIRCLE('',#256,4.739475063442E0);
#262=CIRCLE('',#261,7.226211980286E-1);
#283=CIRCLE('',#282,7.226211980286E-1);
#304=CIRCLE('',#303,7.226211980286E-1);
#309=CIRCLE('',#308,7.226211980286E-1);
#330=CIRCLE('',#329,7.226211980286E-1);
#351=CIRCLE('',#350,2.720766573164E0);
#356=CIRCLE('',#355,1.2E0);
#361=CIRCLE('',#360,2.511069990884E0);
#366=CIRCLE('',#365,1.2E0);
#379=CIRCLE('',#378,2.720766573164E0);
#384=CIRCLE('',#383,2.511069990884E0);
#389=CIRCLE('',#388,2.8E0);
#394=CIRCLE('',#393,2.8E0);
#399=CIRCLE('',#398,5.E-2);
#404=CIRCLE('',#403,5.E-2);
#409=CIRCLE('',#408,5.E-2);
#414=CIRCLE('',#413,2.787054131936E0);
#419=CIRCLE('',#418,5.E-2);
#424=CIRCLE('',#423,1.24E0);
#429=CIRCLE('',#428,1.24E0);
#434=CIRCLE('',#433,2.750190265095E0);
#439=CIRCLE('',#438,2.750190265095E0);
#444=CIRCLE('',#443,2.E-1);
#449=CIRCLE('',#448,1.098578643763E0);
#454=CIRCLE('',#453,2.E-1);
#459=CIRCLE('',#458,1.098578643763E0);
#467=B_SPLINE_CURVE_WITH_KNOTS('',3,(#460,#461,#462,#463,#464,#465,#466),
.UNSPECIFIED.,.F.,.F.,(4,1,1,1,4),(0.E0,2.5E-1,5.E-1,7.5E-1,1.E0),
.UNSPECIFIED.);
#472=CIRCLE('',#471,1.04E0);
#477=CIRCLE('',#476,1.04E0);
#484=B_SPLINE_CURVE_WITH_KNOTS('',3,(#478,#479,#480,#481,#482,#483),
.UNSPECIFIED.,.F.,.F.,(4,1,1,4),(0.E0,3.333333333333E-1,6.666666666667E-1,1.E0),
.UNSPECIFIED.);
#492=B_SPLINE_CURVE_WITH_KNOTS('',3,(#485,#486,#487,#488,#489,#490,#491),
.UNSPECIFIED.,.F.,.F.,(4,1,1,1,4),(0.E0,2.5E-1,5.E-1,7.5E-1,1.E0),
.UNSPECIFIED.);
#663=B_SPLINE_CURVE_WITH_KNOTS('',3,(#493,#494,#495,#496,#497,#498,#499,#500,
#501,#502,#503,#504,#505,#506,#507,#508,#509,#510,#511,#512,#513,#514,#515,#516,
#517,#518,#519,#520,#521,#522,#523,#524,#525,#526,#527,#528,#529,#530,#531,#532,
#533,#534,#535,#536,#537,#538,#539,#540,#541,#542,#543,#544,#545,#546,#547,#548,
#549,#550,#551,#552,#553,#554,#555,#556,#557,#558,#559,#560,#561,#562,#563,#564,
#565,#566,#567,#568,#569,#570,#571,#572,#573,#574,#575,#576,#577,#578,#579,#580,
#581,#582,#583,#584,#585,#586,#587,#588,#589,#590,#591,#592,#593,#594,#595,#596,
#597,#598,#599,#600,#601,#602,#603,#604,#605,#606,#607,#608,#609,#610,#611,#612,
#613,#614,#615,#616,#617,#618,#619,#620,#621,#622,#623,#624,#625,#626,#627,#628,
#629,#630,#631,#632,#633,#634,#635,#636,#637,#638,#639,#640,#641,#642,#643,#644,
#645,#646,#647,#648,#649,#650,#651,#652,#653,#654,#655,#656,#657,#658,#659,#660,
#661,#662),.UNSPECIFIED.,.F.,.F.,(4,1,1,1,1,1,1,1,1,1,1,1,1,1,1,1,1,1,1,1,1,1,1,
1,1,1,1,1,1,1,1,1,1,1,1,1,1,1,1,1,1,1,1,1,1,1,1,1,1,1,1,1,1,1,1,1,1,1,1,1,1,1,1,
1,1,1,1,1,1,1,1,1,1,1,1,1,1,1,1,1,1,1,1,1,1,1,1,1,1,1,1,1,1,1,1,1,1,1,1,1,1,1,1,
1,1,1,1,1,1,1,1,1,1,1,1,1,1,1,1,1,1,1,1,1,1,1,1,1,1,1,1,1,1,1,1,1,1,1,1,1,1,1,1,
1,1,1,1,1,1,1,1,1,1,1,1,1,1,1,1,1,1,1,1,1,1,1,1,4),(0.E0,7.242070232217E-3,
1.503100540772E-2,2.281994058322E-2,3.060887575872E-2,3.839781093423E-2,
4.618674610973E-2,5.412556300312E-2,5.809497144982E-2,6.206437989651E-2,
6.603378834321E-2,7.000319678990E-2,7.794201368329E-2,8.588083057668E-2,
9.381964747007E-2,9.778905591677E-2,1.017584643635E-1,1.096972812569E-1,
1.176360981502E-1,1.216055065969E-1,1.255749150436E-1,1.295443234903E-1,
1.335137319370E-1,1.414525488304E-1,1.493913657238E-1,1.573301826172E-1,
1.612995910639E-1,1.652689995106E-1,1.732078164040E-1,1.811466332974E-1,
1.851160417441E-1,1.890854501908E-1,1.930548586375E-1,1.970242670841E-1,
2.049630839775E-1,2.129019008709E-1,2.208407177643E-1,2.248101262110E-1,
2.287795346577E-1,2.367183515511E-1,2.446571684445E-1,2.486265768912E-1,
2.525959853379E-1,2.565653937846E-1,2.605348022313E-1,2.684736191247E-1,
2.764124360181E-1,2.843512529114E-1,2.883206613581E-1,2.922900698048E-1,
3.002288866982E-1,3.081677035916E-1,3.121371120383E-1,3.161065204850E-1,
3.200759289317E-1,3.240453373784E-1,3.319841542718E-1,3.399229711652E-1,
3.478617880586E-1,3.518311965053E-1,3.558006049520E-1,3.637394218454E-1,
3.716782387387E-1,3.756476471854E-1,3.796170556321E-1,3.835864640788E-1,
3.875558725255E-1,3.954946894189E-1,4.034335063123E-1,4.113723232057E-1,
4.153417316524E-1,4.193111400991E-1,4.272499569925E-1,4.351887738859E-1,
4.391581823326E-1,4.431275907793E-1,4.470969992260E-1,4.510664076726E-1,
4.590052245660E-1,4.669440414594E-1,4.748828583528E-1,4.788522667995E-1,
4.828216752462E-1,4.907604921396E-1,4.986993090330E-1,5.026687174797E-1,
5.066381259264E-1,5.106075343731E-1,5.145769428198E-1,5.225157597132E-1,
5.304545766066E-1,5.383933934999E-1,5.423628019466E-1,5.463322103933E-1,
5.542710272867E-1,5.622098441801E-1,5.661792526268E-1,5.701486610735E-1,
5.741180695202E-1,5.780874779669E-1,5.860262948603E-1,5.939651117537E-1,
6.019039286471E-1,6.058733370938E-1,6.098427455405E-1,6.177815624338E-1,
6.257203793272E-1,6.296897877739E-1,6.336591962206E-1,6.376286046673E-1,
6.415980131140E-1,6.495368300074E-1,6.574756469008E-1,6.654144637942E-1,
6.693838722409E-1,6.733532806876E-1,6.812920975810E-1,6.892309144744E-1,
6.932003229211E-1,6.971697313678E-1,7.011391398144E-1,7.051085482611E-1,
7.130473651545E-1,7.209861820479E-1,7.289249989413E-1,7.328944073880E-1,
7.368638158347E-1,7.448026327281E-1,7.527414496215E-1,7.567108580682E-1,
7.606802665149E-1,7.646496749616E-1,7.686190834083E-1,7.765579003017E-1,
7.844967171951E-1,7.924355340884E-1,7.964049425351E-1,8.003743509818E-1,
8.083131678752E-1,8.162519847686E-1,8.202213932153E-1,8.241908016620E-1,
8.281602101087E-1,8.321296185554E-1,8.400684354488E-1,8.480072523422E-1,
8.559460692356E-1,8.599154776823E-1,8.638848861290E-1,8.718237030223E-1,
8.799992183664E-1,8.840869760384E-1,8.881747337104E-1,8.963502490545E-1,
9.045257643985E-1,9.086135220705E-1,9.127012797426E-1,9.208767950866E-1,
9.290523104307E-1,9.372278257747E-1,9.451559953329E-1,9.530841648912E-1,
9.610123344494E-1,9.689405040077E-1,9.768686735659E-1,9.847968431241E-1,
9.927250126824E-1,1.E0),.UNSPECIFIED.);
#668=CIRCLE('',#667,1.04E0);
#673=CIRCLE('',#672,1.04E0);
#681=B_SPLINE_CURVE_WITH_KNOTS('',3,(#674,#675,#676,#677,#678,#679,#680),
.UNSPECIFIED.,.F.,.F.,(4,1,1,1,4),(0.E0,2.5E-1,5.E-1,7.5E-1,1.E0),
.UNSPECIFIED.);
#698=B_SPLINE_CURVE_WITH_KNOTS('',3,(#686,#687,#688,#689,#690,#691,#692,#693,
#694,#695,#696,#697),.UNSPECIFIED.,.F.,.F.,(4,1,1,1,1,1,1,1,1,4),(0.E0,
1.111111111111E-1,2.222222222222E-1,3.333333333333E-1,4.444444444444E-1,
5.555555555556E-1,6.666666666667E-1,7.777777777778E-1,8.888888888889E-1,1.E0),
.UNSPECIFIED.);
#715=B_SPLINE_CURVE_WITH_KNOTS('',3,(#703,#704,#705,#706,#707,#708,#709,#710,
#711,#712,#713,#714),.UNSPECIFIED.,.F.,.F.,(4,1,1,1,1,1,1,1,1,4),(0.E0,
1.111111111111E-1,2.222222222222E-1,3.333333333333E-1,4.444444444444E-1,
5.555555555556E-1,6.666666666667E-1,7.777777777778E-1,8.888888888889E-1,1.E0),
.UNSPECIFIED.);
#732=B_SPLINE_CURVE_WITH_KNOTS('',3,(#720,#721,#722,#723,#724,#725,#726,#727,
#728,#729,#730,#731),.UNSPECIFIED.,.F.,.F.,(4,1,1,1,1,1,1,1,1,4),(0.E0,
1.111111111111E-1,2.222222222222E-1,3.333333333333E-1,4.444444444444E-1,
5.555555555556E-1,6.666666666667E-1,7.777777777778E-1,8.888888888889E-1,1.E0),
.UNSPECIFIED.);
#749=B_SPLINE_CURVE_WITH_KNOTS('',3,(#737,#738,#739,#740,#741,#742,#743,#744,
#745,#746,#747,#748),.UNSPECIFIED.,.F.,.F.,(4,1,1,1,1,1,1,1,1,4),(0.E0,
1.111111111111E-1,2.222222222222E-1,3.333333333333E-1,4.444444444444E-1,
5.555555555556E-1,6.666666666667E-1,7.777777777778E-1,8.888888888889E-1,1.E0),
.UNSPECIFIED.);
#766=B_SPLINE_CURVE_WITH_KNOTS('',3,(#754,#755,#756,#757,#758,#759,#760,#761,
#762,#763,#764,#765),.UNSPECIFIED.,.F.,.F.,(4,1,1,1,1,1,1,1,1,4),(0.E0,
1.111111111111E-1,2.222222222222E-1,3.333333333333E-1,4.444444444444E-1,
5.555555555556E-1,6.666666666667E-1,7.777777777778E-1,8.888888888889E-1,1.E0),
.UNSPECIFIED.);
#783=B_SPLINE_CURVE_WITH_KNOTS('',3,(#771,#772,#773,#774,#775,#776,#777,#778,
#779,#780,#781,#782),.UNSPECIFIED.,.F.,.F.,(4,1,1,1,1,1,1,1,1,4),(0.E0,
1.111111111111E-1,2.222222222222E-1,3.333333333333E-1,4.444444444444E-1,
5.555555555556E-1,6.666666666667E-1,7.777777777778E-1,8.888888888889E-1,1.E0),
.UNSPECIFIED.);
#800=B_SPLINE_CURVE_WITH_KNOTS('',3,(#788,#789,#790,#791,#792,#793,#794,#795,
#796,#797,#798,#799),.UNSPECIFIED.,.F.,.F.,(4,1,1,1,1,1,1,1,1,4),(0.E0,
1.111111111111E-1,2.222222222222E-1,3.333333333333E-1,4.444444444444E-1,
5.555555555556E-1,6.666666666667E-1,7.777777777778E-1,8.888888888889E-1,1.E0),
.UNSPECIFIED.);
#817=B_SPLINE_CURVE_WITH_KNOTS('',3,(#805,#806,#807,#808,#809,#810,#811,#812,
#813,#814,#815,#816),.UNSPECIFIED.,.F.,.F.,(4,1,1,1,1,1,1,1,1,4),(0.E0,
1.111111111111E-1,2.222222222222E-1,3.333333333333E-1,4.444444444444E-1,
5.555555555556E-1,6.666666666667E-1,7.777777777778E-1,8.888888888889E-1,1.E0),
.UNSPECIFIED.);
#834=B_SPLINE_CURVE_WITH_KNOTS('',3,(#822,#823,#824,#825,#826,#827,#828,#829,
#830,#831,#832,#833),.UNSPECIFIED.,.F.,.F.,(4,1,1,1,1,1,1,1,1,4),(0.E0,
1.111111111111E-1,2.222222222222E-1,3.333333333333E-1,4.444444444444E-1,
5.555555555556E-1,6.666666666667E-1,7.777777777778E-1,8.888888888889E-1,1.E0),
.UNSPECIFIED.);
#851=B_SPLINE_CURVE_WITH_KNOTS('',3,(#839,#840,#841,#842,#843,#844,#845,#846,
#847,#848,#849,#850),.UNSPECIFIED.,.F.,.F.,(4,1,1,1,1,1,1,1,1,4),(0.E0,
1.111111111111E-1,2.222222222222E-1,3.333333333333E-1,4.444444444444E-1,
5.555555555556E-1,6.666666666667E-1,7.777777777778E-1,8.888888888889E-1,1.E0),
.UNSPECIFIED.);
#868=B_SPLINE_CURVE_WITH_KNOTS('',3,(#856,#857,#858,#859,#860,#861,#862,#863,
#864,#865,#866,#867),.UNSPECIFIED.,.F.,.F.,(4,1,1,1,1,1,1,1,1,4),(0.E0,
1.111111111111E-1,2.222222222222E-1,3.333333333333E-1,4.444444444444E-1,
5.555555555556E-1,6.666666666667E-1,7.777777777778E-1,8.888888888889E-1,1.E0),
.UNSPECIFIED.);
#885=B_SPLINE_CURVE_WITH_KNOTS('',3,(#873,#874,#875,#876,#877,#878,#879,#880,
#881,#882,#883,#884),.UNSPECIFIED.,.F.,.F.,(4,1,1,1,1,1,1,1,1,4),(0.E0,
1.111111111111E-1,2.222222222222E-1,3.333333333333E-1,4.444444444444E-1,
5.555555555556E-1,6.666666666667E-1,7.777777777778E-1,8.888888888889E-1,1.E0),
.UNSPECIFIED.);
#902=B_SPLINE_CURVE_WITH_KNOTS('',3,(#890,#891,#892,#893,#894,#895,#896,#897,
#898,#899,#900,#901),.UNSPECIFIED.,.F.,.F.,(4,1,1,1,1,1,1,1,1,4),(0.E0,
1.111111111111E-1,2.222222222222E-1,3.333333333333E-1,4.444444444444E-1,
5.555555555556E-1,6.666666666667E-1,7.777777777778E-1,8.888888888889E-1,1.E0),
.UNSPECIFIED.);
#919=B_SPLINE_CURVE_WITH_KNOTS('',3,(#907,#908,#909,#910,#911,#912,#913,#914,
#915,#916,#917,#918),.UNSPECIFIED.,.F.,.F.,(4,1,1,1,1,1,1,1,1,4),(0.E0,
1.111111111111E-1,2.222222222222E-1,3.333333333333E-1,4.444444444444E-1,
5.555555555556E-1,6.666666666667E-1,7.777777777778E-1,8.888888888889E-1,1.E0),
.UNSPECIFIED.);
#936=B_SPLINE_CURVE_WITH_KNOTS('',3,(#924,#925,#926,#927,#928,#929,#930,#931,
#932,#933,#934,#935),.UNSPECIFIED.,.F.,.F.,(4,1,1,1,1,1,1,1,1,4),(0.E0,
1.111111111111E-1,2.222222222222E-1,3.333333333333E-1,4.444444444444E-1,
5.555555555556E-1,6.666666666667E-1,7.777777777778E-1,8.888888888889E-1,1.E0),
.UNSPECIFIED.);
#953=B_SPLINE_CURVE_WITH_KNOTS('',3,(#941,#942,#943,#944,#945,#946,#947,#948,
#949,#950,#951,#952),.UNSPECIFIED.,.F.,.F.,(4,1,1,1,1,1,1,1,1,4),(0.E0,
1.111111111111E-1,2.222222222222E-1,3.333333333333E-1,4.444444444444E-1,
5.555555555556E-1,6.666666666667E-1,7.777777777778E-1,8.888888888889E-1,1.E0),
.UNSPECIFIED.);
#970=B_SPLINE_CURVE_WITH_KNOTS('',3,(#958,#959,#960,#961,#962,#963,#964,#965,
#966,#967,#968,#969),.UNSPECIFIED.,.F.,.F.,(4,1,1,1,1,1,1,1,1,4),(0.E0,
1.111111111111E-1,2.222222222222E-1,3.333333333333E-1,4.444444444444E-1,
5.555555555556E-1,6.666666666667E-1,7.777777777778E-1,8.888888888889E-1,1.E0),
.UNSPECIFIED.);
#987=B_SPLINE_CURVE_WITH_KNOTS('',3,(#975,#976,#977,#978,#979,#980,#981,#982,
#983,#984,#985,#986),.UNSPECIFIED.,.F.,.F.,(4,1,1,1,1,1,1,1,1,4),(0.E0,
1.111111111111E-1,2.222222222222E-1,3.333333333333E-1,4.444444444444E-1,
5.555555555556E-1,6.666666666667E-1,7.777777777778E-1,8.888888888889E-1,1.E0),
.UNSPECIFIED.);
#1004=B_SPLINE_CURVE_WITH_KNOTS('',3,(#992,#993,#994,#995,#996,#997,#998,#999,
#1000,#1001,#1002,#1003),.UNSPECIFIED.,.F.,.F.,(4,1,1,1,1,1,1,1,1,4),(0.E0,
1.111111111111E-1,2.222222222222E-1,3.333333333333E-1,4.444444444444E-1,
5.555555555556E-1,6.666666666667E-1,7.777777777778E-1,8.888888888889E-1,1.E0),
.UNSPECIFIED.);
#1021=B_SPLINE_CURVE_WITH_KNOTS('',3,(#1009,#1010,#1011,#1012,#1013,#1014,#1015,
#1016,#1017,#1018,#1019,#1020),.UNSPECIFIED.,.F.,.F.,(4,1,1,1,1,1,1,1,1,4),
(0.E0,1.111111111111E-1,2.222222222222E-1,3.333333333333E-1,4.444444444444E-1,
5.555555555556E-1,6.666666666667E-1,7.777777777778E-1,8.888888888889E-1,1.E0),
.UNSPECIFIED.);
#1038=B_SPLINE_CURVE_WITH_KNOTS('',3,(#1026,#1027,#1028,#1029,#1030,#1031,#1032,
#1033,#1034,#1035,#1036,#1037),.UNSPECIFIED.,.F.,.F.,(4,1,1,1,1,1,1,1,1,4),
(0.E0,1.111111111111E-1,2.222222222222E-1,3.333333333333E-1,4.444444444444E-1,
5.555555555556E-1,6.666666666667E-1,7.777777777778E-1,8.888888888889E-1,1.E0),
.UNSPECIFIED.);
#1055=B_SPLINE_CURVE_WITH_KNOTS('',3,(#1047,#1048,#1049,#1050,#1051,#1052,#1053,
#1054),.UNSPECIFIED.,.F.,.F.,(4,1,1,1,1,4),(0.E0,2.E-1,4.E-1,6.E-1,8.E-1,1.E0),
.UNSPECIFIED.);
#1068=B_SPLINE_CURVE_WITH_KNOTS('',3,(#1056,#1057,#1058,#1059,#1060,#1061,#1062,
#1063,#1064,#1065,#1066,#1067),.UNSPECIFIED.,.F.,.F.,(4,1,1,1,1,1,1,1,1,4),
(0.E0,1.111111111111E-1,2.222222222222E-1,3.333333333333E-1,4.444444444444E-1,
5.555555555556E-1,6.666666666667E-1,7.777777777778E-1,8.888888888889E-1,1.E0),
.UNSPECIFIED.);
#1075=B_SPLINE_CURVE_WITH_KNOTS('',3,(#1069,#1070,#1071,#1072,#1073,#1074),
.UNSPECIFIED.,.F.,.F.,(4,1,1,4),(0.E0,3.333333333333E-1,6.666666666667E-1,1.E0),
.UNSPECIFIED.);
#1088=B_SPLINE_CURVE_WITH_KNOTS('',3,(#1076,#1077,#1078,#1079,#1080,#1081,#1082,
#1083,#1084,#1085,#1086,#1087),.UNSPECIFIED.,.F.,.F.,(4,1,1,1,1,1,1,1,1,4),
(0.E0,1.111111111111E-1,2.222222222222E-1,3.333333333333E-1,4.444444444444E-1,
5.555555555556E-1,6.666666666667E-1,7.777777777778E-1,8.888888888889E-1,1.E0),
.UNSPECIFIED.);
#1101=B_SPLINE_CURVE_WITH_KNOTS('',3,(#1089,#1090,#1091,#1092,#1093,#1094,#1095,
#1096,#1097,#1098,#1099,#1100),.UNSPECIFIED.,.F.,.F.,(4,1,1,1,1,1,1,1,1,4),
(0.E0,1.111111111111E-1,2.222222222222E-1,3.333333333333E-1,4.444444444444E-1,
5.555555555556E-1,6.666666666667E-1,7.777777777778E-1,8.888888888889E-1,1.E0),
.UNSPECIFIED.);
#1114=B_SPLINE_CURVE_WITH_KNOTS('',3,(#1102,#1103,#1104,#1105,#1106,#1107,#1108,
#1109,#1110,#1111,#1112,#1113),.UNSPECIFIED.,.F.,.F.,(4,1,1,1,1,1,1,1,1,4),
(0.E0,1.111111111111E-1,2.222222222222E-1,3.333333333333E-1,4.444444444444E-1,
5.555555555556E-1,6.666666666667E-1,7.777777777778E-1,8.888888888889E-1,1.E0),
.UNSPECIFIED.);
#1127=B_SPLINE_CURVE_WITH_KNOTS('',3,(#1115,#1116,#1117,#1118,#1119,#1120,#1121,
#1122,#1123,#1124,#1125,#1126),.UNSPECIFIED.,.F.,.F.,(4,1,1,1,1,1,1,1,1,4),
(0.E0,1.111111111111E-1,2.222222222222E-1,3.333333333333E-1,4.444444444444E-1,
5.555555555556E-1,6.666666666667E-1,7.777777777778E-1,8.888888888889E-1,1.E0),
.UNSPECIFIED.);
#1140=B_SPLINE_CURVE_WITH_KNOTS('',3,(#1128,#1129,#1130,#1131,#1132,#1133,#1134,
#1135,#1136,#1137,#1138,#1139),.UNSPECIFIED.,.F.,.F.,(4,1,1,1,1,1,1,1,1,4),
(0.E0,1.111111111111E-1,2.222222222222E-1,3.333333333333E-1,4.444444444444E-1,
5.555555555556E-1,6.666666666667E-1,7.777777777778E-1,8.888888888889E-1,1.E0),
.UNSPECIFIED.);
#1153=B_SPLINE_CURVE_WITH_KNOTS('',3,(#1141,#1142,#1143,#1144,#1145,#1146,#1147,
#1148,#1149,#1150,#1151,#1152),.UNSPECIFIED.,.F.,.F.,(4,1,1,1,1,1,1,1,1,4),
(0.E0,1.111111111111E-1,2.222222222222E-1,3.333333333333E-1,4.444444444444E-1,
5.555555555556E-1,6.666666666667E-1,7.777777777778E-1,8.888888888889E-1,1.E0),
.UNSPECIFIED.);
#1166=B_SPLINE_CURVE_WITH_KNOTS('',3,(#1154,#1155,#1156,#1157,#1158,#1159,#1160,
#1161,#1162,#1163,#1164,#1165),.UNSPECIFIED.,.F.,.F.,(4,1,1,1,1,1,1,1,1,4),
(0.E0,1.111111111111E-1,2.222222222222E-1,3.333333333333E-1,4.444444444444E-1,
5.555555555556E-1,6.666666666667E-1,7.777777777778E-1,8.888888888889E-1,1.E0),
.UNSPECIFIED.);
#1179=B_SPLINE_CURVE_WITH_KNOTS('',3,(#1167,#1168,#1169,#1170,#1171,#1172,#1173,
#1174,#1175,#1176,#1177,#1178),.UNSPECIFIED.,.F.,.F.,(4,1,1,1,1,1,1,1,1,4),
(0.E0,1.111111111111E-1,2.222222222222E-1,3.333333333333E-1,4.444444444444E-1,
5.555555555556E-1,6.666666666667E-1,7.777777777778E-1,8.888888888889E-1,1.E0),
.UNSPECIFIED.);
#1192=B_SPLINE_CURVE_WITH_KNOTS('',3,(#1180,#1181,#1182,#1183,#1184,#1185,#1186,
#1187,#1188,#1189,#1190,#1191),.UNSPECIFIED.,.F.,.F.,(4,1,1,1,1,1,1,1,1,4),
(0.E0,1.111111111111E-1,2.222222222222E-1,3.333333333333E-1,4.444444444444E-1,
5.555555555556E-1,6.666666666667E-1,7.777777777778E-1,8.888888888889E-1,1.E0),
.UNSPECIFIED.);
#1205=B_SPLINE_CURVE_WITH_KNOTS('',3,(#1193,#1194,#1195,#1196,#1197,#1198,#1199,
#1200,#1201,#1202,#1203,#1204),.UNSPECIFIED.,.F.,.F.,(4,1,1,1,1,1,1,1,1,4),
(0.E0,1.111111111111E-1,2.222222222222E-1,3.333333333333E-1,4.444444444444E-1,
5.555555555556E-1,6.666666666667E-1,7.777777777778E-1,8.888888888889E-1,1.E0),
.UNSPECIFIED.);
#1218=B_SPLINE_CURVE_WITH_KNOTS('',3,(#1206,#1207,#1208,#1209,#1210,#1211,#1212,
#1213,#1214,#1215,#1216,#1217),.UNSPECIFIED.,.F.,.F.,(4,1,1,1,1,1,1,1,1,4),
(0.E0,1.111111111111E-1,2.222222222222E-1,3.333333333333E-1,4.444444444444E-1,
5.555555555556E-1,6.666666666667E-1,7.777777777778E-1,8.888888888889E-1,1.E0),
.UNSPECIFIED.);
#1231=B_SPLINE_CURVE_WITH_KNOTS('',3,(#1219,#1220,#1221,#1222,#1223,#1224,#1225,
#1226,#1227,#1228,#1229,#1230),.UNSPECIFIED.,.F.,.F.,(4,1,1,1,1,1,1,1,1,4),
(0.E0,1.111111111111E-1,2.222222222222E-1,3.333333333333E-1,4.444444444444E-1,
5.555555555556E-1,6.666666666667E-1,7.777777777778E-1,8.888888888889E-1,1.E0),
.UNSPECIFIED.);
#1244=B_SPLINE_CURVE_WITH_KNOTS('',3,(#1232,#1233,#1234,#1235,#1236,#1237,#1238,
#1239,#1240,#1241,#1242,#1243),.UNSPECIFIED.,.F.,.F.,(4,1,1,1,1,1,1,1,1,4),
(0.E0,1.111111111111E-1,2.222222222222E-1,3.333333333333E-1,4.444444444444E-1,
5.555555555556E-1,6.666666666667E-1,7.777777777778E-1,8.888888888889E-1,1.E0),
.UNSPECIFIED.);
#1257=B_SPLINE_CURVE_WITH_KNOTS('',3,(#1245,#1246,#1247,#1248,#1249,#1250,#1251,
#1252,#1253,#1254,#1255,#1256),.UNSPECIFIED.,.F.,.F.,(4,1,1,1,1,1,1,1,1,4),
(0.E0,1.111111111111E-1,2.222222222222E-1,3.333333333333E-1,4.444444444444E-1,
5.555555555556E-1,6.666666666667E-1,7.777777777778E-1,8.888888888889E-1,1.E0),
.UNSPECIFIED.);
#1270=B_SPLINE_CURVE_WITH_KNOTS('',3,(#1258,#1259,#1260,#1261,#1262,#1263,#1264,
#1265,#1266,#1267,#1268,#1269),.UNSPECIFIED.,.F.,.F.,(4,1,1,1,1,1,1,1,1,4),
(0.E0,1.111111111111E-1,2.222222222222E-1,3.333333333333E-1,4.444444444444E-1,
5.555555555556E-1,6.666666666667E-1,7.777777777778E-1,8.888888888889E-1,1.E0),
.UNSPECIFIED.);
#1283=B_SPLINE_CURVE_WITH_KNOTS('',3,(#1271,#1272,#1273,#1274,#1275,#1276,#1277,
#1278,#1279,#1280,#1281,#1282),.UNSPECIFIED.,.F.,.F.,(4,1,1,1,1,1,1,1,1,4),
(0.E0,1.111111111111E-1,2.222222222222E-1,3.333333333333E-1,4.444444444444E-1,
5.555555555556E-1,6.666666666667E-1,7.777777777778E-1,8.888888888889E-1,1.E0),
.UNSPECIFIED.);
#1296=B_SPLINE_CURVE_WITH_KNOTS('',3,(#1284,#1285,#1286,#1287,#1288,#1289,#1290,
#1291,#1292,#1293,#1294,#1295),.UNSPECIFIED.,.F.,.F.,(4,1,1,1,1,1,1,1,1,4),
(0.E0,1.111111111111E-1,2.222222222222E-1,3.333333333333E-1,4.444444444444E-1,
5.555555555556E-1,6.666666666667E-1,7.777777777778E-1,8.888888888889E-1,1.E0),
.UNSPECIFIED.);
#1309=B_SPLINE_CURVE_WITH_KNOTS('',3,(#1297,#1298,#1299,#1300,#1301,#1302,#1303,
#1304,#1305,#1306,#1307,#1308),.UNSPECIFIED.,.F.,.F.,(4,1,1,1,1,1,1,1,1,4),
(0.E0,1.111111111111E-1,2.222222222222E-1,3.333333333333E-1,4.444444444444E-1,
5.555555555556E-1,6.666666666667E-1,7.777777777778E-1,8.888888888889E-1,1.E0),
.UNSPECIFIED.);
#1322=B_SPLINE_CURVE_WITH_KNOTS('',3,(#1310,#1311,#1312,#1313,#1314,#1315,#1316,
#1317,#1318,#1319,#1320,#1321),.UNSPECIFIED.,.F.,.F.,(4,1,1,1,1,1,1,1,1,4),
(0.E0,1.111111111111E-1,2.222222222222E-1,3.333333333333E-1,4.444444444444E-1,
5.555555555556E-1,6.666666666667E-1,7.777777777778E-1,8.888888888889E-1,1.E0),
.UNSPECIFIED.);
#1333=B_SPLINE_CURVE_WITH_KNOTS('',3,(#1323,#1324,#1325,#1326,#1327,#1328,#1329,
#1330,#1331,#1332),.UNSPECIFIED.,.F.,.F.,(4,1,1,1,1,1,1,4),(0.E0,
1.428571428571E-1,2.857142857143E-1,4.285714285714E-1,5.714285714286E-1,
7.142857142857E-1,8.571428571429E-1,1.E0),.UNSPECIFIED.);
#1341=B_SPLINE_CURVE_WITH_KNOTS('',3,(#1334,#1335,#1336,#1337,#1338,#1339,
#1340),.UNSPECIFIED.,.F.,.F.,(4,1,1,1,4),(0.E0,2.5E-1,5.E-1,7.5E-1,1.E0),
.UNSPECIFIED.);
#1346=CIRCLE('',#1345,1.04E0);
#1351=CIRCLE('',#1350,2.E-1);
#1356=CIRCLE('',#1355,2.E-1);
#1361=CIRCLE('',#1360,2.787054131936E0);
#1574=EDGE_CURVE('',#1442,#1446,#6,.T.);
#1576=EDGE_CURVE('',#1441,#1442,#31,.T.);
#1578=EDGE_CURVE('',#1441,#1400,#158,.T.);
#1580=EDGE_CURVE('',#1400,#1397,#174,.T.);
#1582=EDGE_CURVE('',#1397,#1393,#183,.T.);
#1584=EDGE_CURVE('',#1393,#1389,#192,.T.);
#1586=EDGE_CURVE('',#1389,#1385,#204,.T.);
#1588=EDGE_CURVE('',#1385,#1382,#218,.T.);
#1590=EDGE_CURVE('',#1382,#1379,#227,.T.);
#1592=EDGE_CURVE('',#1379,#1375,#236,.T.);
#1594=EDGE_CURVE('',#1375,#1371,#245,.T.);
#1596=EDGE_CURVE('',#1371,#1366,#257,.T.);
#1598=EDGE_CURVE('',#1366,#1445,#52,.T.);
#1600=EDGE_CURVE('',#1445,#1446,#26,.T.);
#1611=EDGE_CURVE('',#1446,#1558,#16,.T.);
#1613=EDGE_CURVE('',#1558,#1560,#384,.T.);
#1615=EDGE_CURVE('',#1442,#1560,#11,.T.);
#1625=EDGE_CURVE('',#1446,#1442,#21,.T.);
#1628=EDGE_CURVE('',#1560,#1558,#361,.T.);
#1641=EDGE_CURVE('',#1445,#1438,#45,.T.);
#1643=EDGE_CURVE('',#1438,#1435,#61,.T.);
#1645=EDGE_CURVE('',#1435,#1431,#70,.T.);
#1647=EDGE_CURVE('',#1431,#1427,#79,.T.);
#1649=EDGE_CURVE('',#1427,#1423,#91,.T.);
#1651=EDGE_CURVE('',#1423,#1420,#105,.T.);
#1653=EDGE_CURVE('',#1420,#1417,#114,.T.);
#1655=EDGE_CURVE('',#1417,#1413,#123,.T.);
#1657=EDGE_CURVE('',#1413,#1409,#132,.T.);
#1659=EDGE_CURVE('',#1409,#1405,#144,.T.);
#1661=EDGE_CURVE('',#1405,#1441,#165,.T.);
#1672=EDGE_CURVE('',#1438,#1437,#38,.T.);
#1676=EDGE_CURVE('',#1366,#1367,#252,.T.);
#1678=EDGE_CURVE('',#1367,#1437,#262,.T.);
#1688=EDGE_CURVE('',#1435,#1433,#56,.T.);
#1692=EDGE_CURVE('',#1437,#1433,#346,.T.);
#1702=EDGE_CURVE('',#1431,#1429,#65,.T.);
#1706=EDGE_CURVE('',#1433,#1429,#342,.T.);
#1716=EDGE_CURVE('',#1427,#1425,#74,.T.);
#1720=EDGE_CURVE('',#1429,#1425,#338,.T.);
#1730=EDGE_CURVE('',#1423,#1422,#86,.T.);
#1734=EDGE_CURVE('',#1425,#1422,#334,.T.);
#1744=EDGE_CURVE('',#1420,#1419,#98,.T.);
#1748=EDGE_CURVE('',#1422,#1419,#330,.T.);
#1758=EDGE_CURVE('',#1417,#1415,#109,.T.);
#1762=EDGE_CURVE('',#1419,#1415,#325,.T.);
#1772=EDGE_CURVE('',#1413,#1411,#118,.T.);
#1776=EDGE_CURVE('',#1415,#1411,#321,.T.);
#1786=EDGE_CURVE('',#1409,#1407,#127,.T.);
#1790=EDGE_CURVE('',#1411,#1407,#317,.T.);
#1800=EDGE_CURVE('',#1405,#1404,#139,.T.);
#1804=EDGE_CURVE('',#1407,#1404,#313,.T.);
#1814=EDGE_CURVE('',#1400,#1399,#151,.T.);
#1819=EDGE_CURVE('',#1404,#1402,#309,.T.);
#1821=EDGE_CURVE('',#1402,#1399,#304,.T.);
#1831=EDGE_CURVE('',#1397,#1395,#169,.T.);
#1835=EDGE_CURVE('',#1399,#1395,#299,.T.);
#1845=EDGE_CURVE('',#1393,#1391,#178,.T.);
#1849=EDGE_CURVE('',#1395,#1391,#295,.T.);
#1859=EDGE_CURVE('',#1389,#1387,#187,.T.);
#1863=EDGE_CURVE('',#1391,#1387,#291,.T.);
#1873=EDGE_CURVE('',#1385,#1384,#199,.T.);
#1877=EDGE_CURVE('',#1387,#1384,#287,.T.);
#1887=EDGE_CURVE('',#1382,#1381,#211,.T.);
#1891=EDGE_CURVE('',#1384,#1381,#283,.T.);
#1901=EDGE_CURVE('',#1379,#1377,#222,.T.);
#1905=EDGE_CURVE('',#1381,#1377,#278,.T.);
#1915=EDGE_CURVE('',#1375,#1373,#231,.T.);
#1919=EDGE_CURVE('',#1377,#1373,#274,.T.);
#1929=EDGE_CURVE('',#1371,#1369,#240,.T.);
#1933=EDGE_CURVE('',#1373,#1369,#270,.T.);
#1946=EDGE_CURVE('',#1369,#1367,#266,.T.);
#1985=EDGE_CURVE('',#1554,#1556,#351,.T.);
#1987=EDGE_CURVE('',#1558,#1554,#356,.T.);
#1990=EDGE_CURVE('',#1560,#1556,#366,.T.);
#2001=EDGE_CURVE('',#1556,#1548,#370,.T.);
#2003=EDGE_CURVE('',#1548,#1543,#394,.T.);
#2005=EDGE_CURVE('',#1554,#1543,#374,.T.);
#2015=EDGE_CURVE('',#1556,#1554,#379,.T.);
#2018=EDGE_CURVE('',#1543,#1548,#389,.T.);
#2042=EDGE_CURVE('',#1543,#1544,#404,.T.);
#2044=EDGE_CURVE('',#1544,#1546,#1361,.T.);
#2046=EDGE_CURVE('',#1548,#1546,#399,.T.);
#2058=EDGE_CURVE('',#1546,#1544,#414,.T.);
#2069=EDGE_CURVE('',#1550,#1552,#439,.T.);
#2071=EDGE_CURVE('',#1544,#1552,#409,.T.);
#2074=EDGE_CURVE('',#1546,#1550,#419,.T.);
#2084=EDGE_CURVE('',#1552,#1550,#434,.T.);
#2089=EDGE_CURVE('',#1566,#1568,#424,.T.);
#2091=EDGE_CURVE('',#1568,#1566,#429,.T.);
#2102=EDGE_CURVE('',#1562,#1568,#444,.T.);
#2104=EDGE_CURVE('',#1562,#1564,#449,.T.);
#2106=EDGE_CURVE('',#1564,#1566,#454,.T.);
#2118=EDGE_CURVE('',#1564,#1562,#459,.T.);
#2129=EDGE_CURVE('',#1540,#1364,#467,.T.);
#2131=EDGE_CURVE('',#1537,#1540,#472,.T.);
#2133=EDGE_CURVE('',#1537,#1562,#1356,.T.);
#2136=EDGE_CURVE('',#1533,#1564,#1351,.T.);
#2138=EDGE_CURVE('',#1539,#1533,#477,.T.);
#2140=EDGE_CURVE('',#1364,#1539,#484,.T.);
#2846=EDGE_CURVE('',#1362,#1363,#492,.T.);
#2848=EDGE_CURVE('',#1362,#1454,#1075,.T.);
#2850=EDGE_CURVE('',#1454,#1458,#698,.T.);
#2852=EDGE_CURVE('',#1458,#1462,#1088,.T.);
#2854=EDGE_CURVE('',#1462,#1466,#732,.T.);
#2856=EDGE_CURVE('',#1466,#1470,#1114,.T.);
#2858=EDGE_CURVE('',#1470,#1474,#766,.T.);
#2860=EDGE_CURVE('',#1474,#1478,#1140,.T.);
#2862=EDGE_CURVE('',#1478,#1482,#800,.T.);
#2864=EDGE_CURVE('',#1482,#1486,#1166,.T.);
#2866=EDGE_CURVE('',#1486,#1490,#834,.T.);
#2868=EDGE_CURVE('',#1490,#1494,#1192,.T.);
#2870=EDGE_CURVE('',#1494,#1498,#868,.T.);
#2872=EDGE_CURVE('',#1498,#1502,#1218,.T.);
#2874=EDGE_CURVE('',#1502,#1506,#902,.T.);
#2876=EDGE_CURVE('',#1506,#1510,#1244,.T.);
#2878=EDGE_CURVE('',#1510,#1514,#936,.T.);
#2880=EDGE_CURVE('',#1514,#1518,#1270,.T.);
#2882=EDGE_CURVE('',#1518,#1522,#970,.T.);
#2884=EDGE_CURVE('',#1522,#1526,#1296,.T.);
#2886=EDGE_CURVE('',#1526,#1530,#1004,.T.);
#2888=EDGE_CURVE('',#1530,#1534,#1322,.T.);
#2890=EDGE_CURVE('',#1534,#1538,#1038,.T.);
#2892=EDGE_CURVE('',#1538,#1540,#1341,.T.);
#2895=EDGE_CURVE('',#1363,#1364,#663,.T.);
#2905=EDGE_CURVE('',#1450,#1365,#668,.T.);
#2907=EDGE_CURVE('',#1362,#1450,#673,.T.);
#2910=EDGE_CURVE('',#1363,#1365,#1055,.T.);
#2921=EDGE_CURVE('',#1449,#1365,#681,.T.);
#2923=EDGE_CURVE('',#1449,#1450,#685,.T.);
#2934=EDGE_CURVE('',#1453,#1454,#702,.T.);
#2936=EDGE_CURVE('',#1457,#1453,#715,.T.);
#2938=EDGE_CURVE('',#1457,#1458,#719,.T.);
#2949=EDGE_CURVE('',#1461,#1462,#736,.T.);
#2951=EDGE_CURVE('',#1465,#1461,#749,.T.);
#2953=EDGE_CURVE('',#1465,#1466,#753,.T.);
#2964=EDGE_CURVE('',#1469,#1470,#770,.T.);
#2966=EDGE_CURVE('',#1473,#1469,#783,.T.);
#2968=EDGE_CURVE('',#1473,#1474,#787,.T.);
#2979=EDGE_CURVE('',#1477,#1478,#804,.T.);
#2981=EDGE_CURVE('',#1481,#1477,#817,.T.);
#2983=EDGE_CURVE('',#1481,#1482,#821,.T.);
#2994=EDGE_CURVE('',#1485,#1486,#838,.T.);
#2996=EDGE_CURVE('',#1489,#1485,#851,.T.);
#2998=EDGE_CURVE('',#1489,#1490,#855,.T.);
#3009=EDGE_CURVE('',#1493,#1494,#872,.T.);
#3011=EDGE_CURVE('',#1497,#1493,#885,.T.);
#3013=EDGE_CURVE('',#1497,#1498,#889,.T.);
#3024=EDGE_CURVE('',#1501,#1502,#906,.T.);
#3026=EDGE_CURVE('',#1505,#1501,#919,.T.);
#3028=EDGE_CURVE('',#1505,#1506,#923,.T.);
#3039=EDGE_CURVE('',#1509,#1510,#940,.T.);
#3041=EDGE_CURVE('',#1513,#1509,#953,.T.);
#3043=EDGE_CURVE('',#1513,#1514,#957,.T.);
#3054=EDGE_CURVE('',#1517,#1518,#974,.T.);
#3056=EDGE_CURVE('',#1521,#1517,#987,.T.);
#3058=EDGE_CURVE('',#1521,#1522,#991,.T.);
#3069=EDGE_CURVE('',#1525,#1526,#1008,.T.);
#3071=EDGE_CURVE('',#1529,#1525,#1021,.T.);
#3073=EDGE_CURVE('',#1529,#1530,#1025,.T.);
#3084=EDGE_CURVE('',#1533,#1534,#1042,.T.);
#3086=EDGE_CURVE('',#1533,#1537,#1346,.T.);
#3088=EDGE_CURVE('',#1537,#1538,#1046,.T.);
#3785=EDGE_CURVE('',#1539,#1529,#1333,.T.);
#3788=EDGE_CURVE('',#1525,#1521,#1309,.T.);
#3791=EDGE_CURVE('',#1517,#1513,#1283,.T.);
#3794=EDGE_CURVE('',#1509,#1505,#1257,.T.);
#3797=EDGE_CURVE('',#1501,#1497,#1231,.T.);
#3800=EDGE_CURVE('',#1493,#1489,#1205,.T.);
#3803=EDGE_CURVE('',#1485,#1481,#1179,.T.);
#3806=EDGE_CURVE('',#1477,#1473,#1153,.T.);
#3809=EDGE_CURVE('',#1469,#1465,#1127,.T.);
#3812=EDGE_CURVE('',#1461,#1457,#1101,.T.);
#3815=EDGE_CURVE('',#1453,#1449,#1068,.T.);
#3992=(LENGTH_UNIT()NAMED_UNIT(*)SI_UNIT(.MILLI.,.METRE.));
#3994=(NAMED_UNIT(*)PLANE_ANGLE_UNIT()SI_UNIT($,.RADIAN.));
#3997=(NAMED_UNIT(*)SI_UNIT($,.STERADIAN.)SOLID_ANGLE_UNIT());
#4000=ADVANCED_BREP_SHAPE_REPRESENTATION('',(#3991),#3999);
#4007=PRODUCT_DEFINITION('design','',#4006,#4003);
#4008=PRODUCT_DEFINITION_SHAPE('','SHAPE FOR _GB_T845-2017_16510001.',#4007);
#4009=SHAPE_DEFINITION_REPRESENTATION(#4008,#4000);
ENDSEC;
END-ISO-10303-21;
