ISO-10303-21;
HEADER;
FILE_DESCRIPTION((''),'2;1');
FILE_NAME('_GB_T845-2017_16450004','2026-07-01T14:06:04',('Administrator'),(''),
'CREO PARAMETRIC BY PTC INC, 2019010','CREO PARAMETRIC BY PTC INC, 2019010','');
FILE_SCHEMA(('CONFIG_CONTROL_DESIGN'));
ENDSEC;
DATA;
#2=CARTESIAN_POINT('',(0.E0,0.E0,-2.148413524456E0));
#3=DIRECTION('',(0.E0,0.E0,-1.E0));
#4=DIRECTION('',(-1.E0,0.E0,0.E0));
#5=AXIS2_PLACEMENT_3D('',#2,#3,#4);
#7=CARTESIAN_POINT('',(-2.118714372563E0,0.E0,-9.266975344281E-1));
#8=DIRECTION('',(0.E0,1.E0,0.E0));
#9=DIRECTION('',(-3.417757662347E-1,0.E0,-9.397815307904E-1));
#10=AXIS2_PLACEMENT_3D('',#7,#8,#9);
#12=CARTESIAN_POINT('',(2.118714372563E0,0.E0,-9.266975344281E-1));
#13=DIRECTION('',(0.E0,-1.E0,0.E0));
#14=DIRECTION('',(3.417757662347E-1,0.E0,-9.397815307904E-1));
#15=AXIS2_PLACEMENT_3D('',#12,#13,#14);
#17=CARTESIAN_POINT('',(0.E0,0.E0,-2.148413524456E0));
#18=DIRECTION('',(0.E0,0.E0,-1.E0));
#19=DIRECTION('',(1.E0,0.E0,0.E0));
#20=AXIS2_PLACEMENT_3D('',#17,#18,#19);
#22=CARTESIAN_POINT('',(0.E0,0.E0,4.899135754721E0));
#23=DIRECTION('',(0.E0,-1.E0,0.E0));
#24=DIRECTION('',(2.553522189921E-1,0.E0,-9.668480978188E-1));
#25=AXIS2_PLACEMENT_3D('',#22,#23,#24);
#27=CARTESIAN_POINT('',(0.E0,0.E0,4.899135754721E0));
#28=DIRECTION('',(0.E0,1.E0,0.E0));
#29=DIRECTION('',(-2.553522189921E-1,0.E0,-9.668480978188E-1));
#30=AXIS2_PLACEMENT_3D('',#27,#28,#29);
#32=CARTESIAN_POINT('',(1.859923523338E0,-3.571032347719E-1,-2.356909920079E0));
#33=CARTESIAN_POINT('',(1.844303743796E0,-3.368215101544E-1,-2.206979080675E0));
#34=CARTESIAN_POINT('',(1.812748085148E0,-2.966122555826E-1,-1.909516461753E0));
#35=CARTESIAN_POINT('',(1.764250393453E0,-2.373744172216E-1,-1.470534950341E0));
#36=CARTESIAN_POINT('',(1.731085876199E0,-1.986051082021E-1,-1.182704912627E0));
#37=CARTESIAN_POINT('',(1.714250821209E0,-1.794040049219E-1,-1.04E0));
#39=CARTESIAN_POINT('',(1.914965505917E0,0.E0,-2.351376459033E0));
#40=CARTESIAN_POINT('',(1.914965505917E0,-4.029204697324E-2,-2.351376459033E0));
#41=CARTESIAN_POINT('',(1.910980912306E0,-1.208794073774E-1,-2.351758430160E0));
#42=CARTESIAN_POINT('',(1.892456097320E0,-2.405490965793E-1,-2.353633848896E0));
#43=CARTESIAN_POINT('',(1.872083074385E0,-3.186614031183E-1,-2.355684992206E0));
#44=CARTESIAN_POINT('',(1.859923523338E0,-3.571032347719E-1,-2.356909920079E0));
#46=CARTESIAN_POINT('',(1.859923523338E0,3.571032347719E-1,-2.356909920079E0));
#47=CARTESIAN_POINT('',(1.872083074174E0,3.186614037860E-1,-2.355684992228E0));
#48=CARTESIAN_POINT('',(1.892456096964E0,2.405490981778E-1,-2.353633848932E0));
#49=CARTESIAN_POINT('',(1.910980912163E0,1.208794090091E-1,-2.351758430174E0));
#50=CARTESIAN_POINT('',(1.914965505917E0,4.029204767360E-2,-2.351376459033E0));
#51=CARTESIAN_POINT('',(1.914965505917E0,0.E0,-2.351376459033E0));
#53=DIRECTION('',(-4.449304466199E-2,1.369355110750E-1,9.895802316050E-1));
#54=VECTOR('',#53,1.528172113879E0);
#55=CARTESIAN_POINT('',(7.186136133435E-1,-4.444075330973E-1,
-2.552248914384E0));
#56=LINE('',#55,#54);
#57=CARTESIAN_POINT('',(-2.903895211357E-2,5.540962145476E-1,4.821155741325E0));
#58=DIRECTION('',(-5.182662631444E-2,9.889109407697E-1,-1.391731009601E-1));
#59=DIRECTION('',(2.525967447386E-1,-1.218478491219E-1,-9.598687338443E-1));
#60=AXIS2_PLACEMENT_3D('',#57,#58,#59);
#62=DIRECTION('',(-1.005647941256E-1,1.005647941256E-1,9.898350591715E-1));
#63=VECTOR('',#62,1.534699860240E0);
#64=CARTESIAN_POINT('',(5.530644480339E-1,-5.530644480339E-1,
-2.559099726972E0));
#65=LINE('',#64,#63);
#66=CARTESIAN_POINT('',(-1.512154022418E-1,2.328512999013E-1,4.860115527590E0));
#67=DIRECTION('',(-5.393386453656E-1,8.305086836297E-1,-1.391731009601E-1));
#68=DIRECTION('',(1.160717191598E-1,-9.037476981544E-2,-9.891206988998E-1));
#69=AXIS2_PLACEMENT_3D('',#66,#67,#68);
#71=DIRECTION('',(-1.369355110750E-1,4.449304466198E-2,9.895802316050E-1));
#72=VECTOR('',#71,1.528172113879E0);
#73=CARTESIAN_POINT('',(4.444075330973E-1,-7.186136133435E-1,
-2.552248914384E0));
#74=LINE('',#73,#72);
#75=CARTESIAN_POINT('',(-2.328512999013E-1,1.512154022418E-1,4.860115527590E0));
#76=DIRECTION('',(-8.305086836297E-1,5.393386453656E-1,-1.391731009601E-1));
#77=DIRECTION('',(1.048741653165E-1,-9.398050826819E-2,-9.900348849989E-1));
#78=AXIS2_PLACEMENT_3D('',#75,#76,#77);
#80=CARTESIAN_POINT('',(3.571032347719E-1,-1.859923523338E0,-2.356909920079E0));
#81=CARTESIAN_POINT('',(3.372968120916E-1,-1.844669793114E0,-2.210492707832E0));
#82=CARTESIAN_POINT('',(2.977126411524E-1,-1.813733592838E0,-1.917702374547E0));
#83=CARTESIAN_POINT('',(2.384840533187E-1,-1.765096633952E0,-1.478734732188E0));
#84=CARTESIAN_POINT('',(1.990772022897E-1,-1.731499796681E0,-1.186213572757E0));
#85=CARTESIAN_POINT('',(1.794040049219E-1,-1.714250821209E0,-1.04E0));
#87=CARTESIAN_POINT('',(-5.540962145476E-1,2.903895211358E-2,4.821155741325E0));
#88=DIRECTION('',(-9.889109407697E-1,5.182662631444E-2,-1.391731009601E-1));
#89=DIRECTION('',(1.335223963113E-1,-9.997795439786E-2,-9.859899483857E-1));
#90=AXIS2_PLACEMENT_3D('',#87,#88,#89);
#92=CARTESIAN_POINT('',(-3.571032347719E-1,-1.859923523338E0,
-2.356909920079E0));
#93=CARTESIAN_POINT('',(-3.368215101544E-1,-1.844303743796E0,
-2.206979080675E0));
#94=CARTESIAN_POINT('',(-2.966122555826E-1,-1.812748085148E0,
-1.909516461753E0));
#95=CARTESIAN_POINT('',(-2.373744172216E-1,-1.764250393453E0,
-1.470534950341E0));
#96=CARTESIAN_POINT('',(-1.986051082021E-1,-1.731085876199E0,
-1.182704912627E0));
#97=CARTESIAN_POINT('',(-1.794040049219E-1,-1.714250821209E0,-1.04E0));
#99=CARTESIAN_POINT('',(3.571032347719E-1,-1.859923523338E0,-2.356909920079E0));
#100=CARTESIAN_POINT('',(2.802463711154E-1,-1.884234148425E0,
-2.354460918290E0));
#101=CARTESIAN_POINT('',(1.215997813812E-1,-1.917101152027E0,
-2.351147734429E0));
#102=CARTESIAN_POINT('',(-1.215997813812E-1,-1.917101152027E0,
-2.351147734429E0));
#103=CARTESIAN_POINT('',(-2.802463711154E-1,-1.884234148425E0,
-2.354460918290E0));
#104=CARTESIAN_POINT('',(-3.571032347719E-1,-1.859923523338E0,
-2.356909920079E0));
#106=DIRECTION('',(1.369355110750E-1,4.449304466198E-2,9.895802316050E-1));
#107=VECTOR('',#106,1.528172113879E0);
#108=CARTESIAN_POINT('',(-4.444075330973E-1,-7.186136133435E-1,
-2.552248914384E0));
#109=LINE('',#108,#107);
#110=CARTESIAN_POINT('',(5.540962145476E-1,2.903895211358E-2,4.821155741325E0));
#111=DIRECTION('',(9.889109407697E-1,5.182662631444E-2,-1.391731009601E-1));
#112=DIRECTION('',(-1.218478491219E-1,-2.525967447386E-1,-9.598687338443E-1));
#113=AXIS2_PLACEMENT_3D('',#110,#111,#112);
#115=DIRECTION('',(1.005647941256E-1,1.005647941256E-1,9.898350591715E-1));
#116=VECTOR('',#115,1.534699860240E0);
#117=CARTESIAN_POINT('',(-5.530644480339E-1,-5.530644480339E-1,
-2.559099726972E0));
#118=LINE('',#117,#116);
#119=CARTESIAN_POINT('',(2.328512999013E-1,1.512154022418E-1,4.860115527590E0));
#120=DIRECTION('',(8.305086836297E-1,5.393386453656E-1,-1.391731009601E-1));
#121=DIRECTION('',(-9.037476981544E-2,-1.160717191598E-1,-9.891206988998E-1));
#122=AXIS2_PLACEMENT_3D('',#119,#120,#121);
#124=DIRECTION('',(4.449304466199E-2,1.369355110750E-1,9.895802316050E-1));
#125=VECTOR('',#124,1.528172113879E0);
#126=CARTESIAN_POINT('',(-7.186136133435E-1,-4.444075330973E-1,
-2.552248914384E0));
#127=LINE('',#126,#125);
#128=CARTESIAN_POINT('',(1.512154022418E-1,2.328512999013E-1,4.860115527590E0));
#129=DIRECTION('',(5.393386453656E-1,8.305086836297E-1,-1.391731009601E-1));
#130=DIRECTION('',(-9.398050826819E-2,-1.048741653165E-1,-9.900348849989E-1));
#131=AXIS2_PLACEMENT_3D('',#128,#129,#130);
#133=CARTESIAN_POINT('',(-1.859923523338E0,-3.571032347719E-1,
-2.356909920079E0));
#134=CARTESIAN_POINT('',(-1.844669793114E0,-3.372968120915E-1,
-2.210492707832E0));
#135=CARTESIAN_POINT('',(-1.813733592838E0,-2.977126411523E-1,
-1.917702374547E0));
#136=CARTESIAN_POINT('',(-1.765096633952E0,-2.384840533187E-1,
-1.478734732188E0));
#137=CARTESIAN_POINT('',(-1.731499796681E0,-1.990772022897E-1,
-1.186213572757E0));
#138=CARTESIAN_POINT('',(-1.714250821209E0,-1.794040049219E-1,-1.04E0));
#140=CARTESIAN_POINT('',(2.903895211358E-2,5.540962145476E-1,4.821155741325E0));
#141=DIRECTION('',(5.182662631444E-2,9.889109407697E-1,-1.391731009601E-1));
#142=DIRECTION('',(-9.997795439786E-2,-1.335223963113E-1,-9.859899483857E-1));
#143=AXIS2_PLACEMENT_3D('',#140,#141,#142);
#145=CARTESIAN_POINT('',(-1.859923523338E0,3.571032347719E-1,
-2.356909920079E0));
#146=CARTESIAN_POINT('',(-1.844303743796E0,3.368215101544E-1,
-2.206979080675E0));
#147=CARTESIAN_POINT('',(-1.812748085148E0,2.966122555826E-1,
-1.909516461753E0));
#148=CARTESIAN_POINT('',(-1.764250393453E0,2.373744172216E-1,
-1.470534950341E0));
#149=CARTESIAN_POINT('',(-1.731085876199E0,1.986051082021E-1,
-1.182704912627E0));
#150=CARTESIAN_POINT('',(-1.714250821209E0,1.794040049219E-1,-1.04E0));
#152=CARTESIAN_POINT('',(-1.914965505917E0,0.E0,-2.351376459033E0));
#153=CARTESIAN_POINT('',(-1.914965505917E0,4.029204697324E-2,
-2.351376459033E0));
#154=CARTESIAN_POINT('',(-1.910980912306E0,1.208794073774E-1,
-2.351758430160E0));
#155=CARTESIAN_POINT('',(-1.892456097320E0,2.405490965793E-1,
-2.353633848896E0));
#156=CARTESIAN_POINT('',(-1.872083074385E0,3.186614031183E-1,
-2.355684992206E0));
#157=CARTESIAN_POINT('',(-1.859923523338E0,3.571032347719E-1,
-2.356909920079E0));
#159=CARTESIAN_POINT('',(-1.859923523338E0,-3.571032347719E-1,
-2.356909920079E0));
#160=CARTESIAN_POINT('',(-1.872083074174E0,-3.186614037860E-1,
-2.355684992228E0));
#161=CARTESIAN_POINT('',(-1.892456096964E0,-2.405490981778E-1,
-2.353633848932E0));
#162=CARTESIAN_POINT('',(-1.910980912163E0,-1.208794090091E-1,
-2.351758430174E0));
#163=CARTESIAN_POINT('',(-1.914965505917E0,-4.029204767360E-2,
-2.351376459033E0));
#164=CARTESIAN_POINT('',(-1.914965505917E0,0.E0,-2.351376459033E0));
#166=DIRECTION('',(4.449304466198E-2,-1.369355110750E-1,9.895802316050E-1));
#167=VECTOR('',#166,1.528172113879E0);
#168=CARTESIAN_POINT('',(-7.186136133435E-1,4.444075330973E-1,
-2.552248914384E0));
#169=LINE('',#168,#167);
#170=CARTESIAN_POINT('',(2.903895211358E-2,-5.540962145476E-1,
4.821155741325E0));
#171=DIRECTION('',(5.182662631444E-2,-9.889109407697E-1,-1.391731009601E-1));
#172=DIRECTION('',(-2.525967447386E-1,1.218478491219E-1,-9.598687338443E-1));
#173=AXIS2_PLACEMENT_3D('',#170,#171,#172);
#175=DIRECTION('',(1.005647941256E-1,-1.005647941256E-1,9.898350591715E-1));
#176=VECTOR('',#175,1.534699860240E0);
#177=CARTESIAN_POINT('',(-5.530644480339E-1,5.530644480339E-1,
-2.559099726972E0));
#178=LINE('',#177,#176);
#179=CARTESIAN_POINT('',(1.512154022418E-1,-2.328512999013E-1,
4.860115527590E0));
#180=DIRECTION('',(5.393386453656E-1,-8.305086836297E-1,-1.391731009601E-1));
#181=DIRECTION('',(-1.160717191598E-1,9.037476981544E-2,-9.891206988998E-1));
#182=AXIS2_PLACEMENT_3D('',#179,#180,#181);
#184=DIRECTION('',(1.369355110750E-1,-4.449304466199E-2,9.895802316050E-1));
#185=VECTOR('',#184,1.528172113879E0);
#186=CARTESIAN_POINT('',(-4.444075330973E-1,7.186136133435E-1,
-2.552248914384E0));
#187=LINE('',#186,#185);
#188=CARTESIAN_POINT('',(2.328512999013E-1,-1.512154022418E-1,
4.860115527590E0));
#189=DIRECTION('',(8.305086836297E-1,-5.393386453656E-1,-1.391731009601E-1));
#190=DIRECTION('',(-1.048741653165E-1,9.398050826819E-2,-9.900348849989E-1));
#191=AXIS2_PLACEMENT_3D('',#188,#189,#190);
#193=CARTESIAN_POINT('',(-3.571032347719E-1,1.859923523338E0,
-2.356909920079E0));
#194=CARTESIAN_POINT('',(-3.372968120912E-1,1.844669793114E0,
-2.210492707829E0));
#195=CARTESIAN_POINT('',(-2.977126411515E-1,1.813733592837E0,
-1.917702374541E0));
#196=CARTESIAN_POINT('',(-2.384840533178E-1,1.765096633951E0,
-1.478734732181E0));
#197=CARTESIAN_POINT('',(-1.990772022893E-1,1.731499796681E0,
-1.186213572754E0));
#198=CARTESIAN_POINT('',(-1.794040049219E-1,1.714250821209E0,-1.04E0));
#200=CARTESIAN_POINT('',(5.540962145476E-1,-2.903895211358E-2,
4.821155741325E0));
#201=DIRECTION('',(9.889109407697E-1,-5.182662631444E-2,-1.391731009601E-1));
#202=DIRECTION('',(-1.335223963113E-1,9.997795439786E-2,-9.859899483857E-1));
#203=AXIS2_PLACEMENT_3D('',#200,#201,#202);
#205=CARTESIAN_POINT('',(3.571032347719E-1,1.859923523338E0,-2.356909920079E0));
#206=CARTESIAN_POINT('',(3.368215101544E-1,1.844303743796E0,-2.206979080675E0));
#207=CARTESIAN_POINT('',(2.966122555826E-1,1.812748085148E0,-1.909516461753E0));
#208=CARTESIAN_POINT('',(2.373744172216E-1,1.764250393453E0,-1.470534950341E0));
#209=CARTESIAN_POINT('',(1.986051082021E-1,1.731085876199E0,-1.182704912627E0));
#210=CARTESIAN_POINT('',(1.794040049219E-1,1.714250821209E0,-1.04E0));
#212=CARTESIAN_POINT('',(-3.571032347719E-1,1.859923523338E0,
-2.356909920079E0));
#213=CARTESIAN_POINT('',(-2.802463711154E-1,1.884234148425E0,
-2.354460918290E0));
#214=CARTESIAN_POINT('',(-1.215997813812E-1,1.917101152027E0,
-2.351147734429E0));
#215=CARTESIAN_POINT('',(1.215997813812E-1,1.917101152027E0,-2.351147734429E0));
#216=CARTESIAN_POINT('',(2.802463711154E-1,1.884234148425E0,-2.354460918290E0));
#217=CARTESIAN_POINT('',(3.571032347719E-1,1.859923523338E0,-2.356909920079E0));
#219=DIRECTION('',(-1.369355110750E-1,-4.449304466199E-2,9.895802316050E-1));
#220=VECTOR('',#219,1.528172113879E0);
#221=CARTESIAN_POINT('',(4.444075330973E-1,7.186136133435E-1,
-2.552248914384E0));
#222=LINE('',#221,#220);
#223=CARTESIAN_POINT('',(-5.540962145476E-1,-2.903895211358E-2,
4.821155741325E0));
#224=DIRECTION('',(-9.889109407697E-1,-5.182662631444E-2,-1.391731009601E-1));
#225=DIRECTION('',(1.218478491219E-1,2.525967447386E-1,-9.598687338443E-1));
#226=AXIS2_PLACEMENT_3D('',#223,#224,#225);
#228=DIRECTION('',(-1.005647941256E-1,-1.005647941256E-1,9.898350591715E-1));
#229=VECTOR('',#228,1.534699860240E0);
#230=CARTESIAN_POINT('',(5.530644480339E-1,5.530644480339E-1,
-2.559099726972E0));
#231=LINE('',#230,#229);
#232=CARTESIAN_POINT('',(-2.328512999013E-1,-1.512154022418E-1,
4.860115527590E0));
#233=DIRECTION('',(-8.305086836297E-1,-5.393386453656E-1,-1.391731009601E-1));
#234=DIRECTION('',(9.037476981544E-2,1.160717191598E-1,-9.891206988998E-1));
#235=AXIS2_PLACEMENT_3D('',#232,#233,#234);
#237=DIRECTION('',(-4.449304466198E-2,-1.369355110750E-1,9.895802316050E-1));
#238=VECTOR('',#237,1.528172113879E0);
#239=CARTESIAN_POINT('',(7.186136133435E-1,4.444075330973E-1,
-2.552248914384E0));
#240=LINE('',#239,#238);
#241=CARTESIAN_POINT('',(-1.512154022418E-1,-2.328512999013E-1,
4.860115527590E0));
#242=DIRECTION('',(-5.393386453656E-1,-8.305086836297E-1,-1.391731009601E-1));
#243=DIRECTION('',(9.398050826819E-2,1.048741653165E-1,-9.900348849989E-1));
#244=AXIS2_PLACEMENT_3D('',#241,#242,#243);
#246=CARTESIAN_POINT('',(1.859923523338E0,3.571032347719E-1,-2.356909920079E0));
#247=CARTESIAN_POINT('',(1.844669793114E0,3.372968120908E-1,-2.210492707826E0));
#248=CARTESIAN_POINT('',(1.813733592836E0,2.977126411506E-1,-1.917702374534E0));
#249=CARTESIAN_POINT('',(1.765096633950E0,2.384840533169E-1,-1.478734732174E0));
#250=CARTESIAN_POINT('',(1.731499796681E0,1.990772022889E-1,-1.186213572751E0));
#251=CARTESIAN_POINT('',(1.714250821209E0,1.794040049219E-1,-1.04E0));
#253=CARTESIAN_POINT('',(-2.903895211357E-2,-5.540962145476E-1,
4.821155741325E0));
#254=DIRECTION('',(-5.182662631444E-2,-9.889109407697E-1,-1.391731009601E-1));
#255=DIRECTION('',(9.997795439786E-2,1.335223963113E-1,-9.859899483857E-1));
#256=AXIS2_PLACEMENT_3D('',#253,#254,#255);
#258=CARTESIAN_POINT('',(7.475E-1,0.E0,-1.04E0));
#259=DIRECTION('',(0.E0,0.E0,-1.E0));
#260=DIRECTION('',(9.832134544255E-1,1.824590448204E-1,0.E0));
#261=AXIS2_PLACEMENT_3D('',#258,#259,#260);
#263=DIRECTION('',(9.986295347546E-1,-5.233595624295E-2,0.E0));
#264=VECTOR('',#263,1.065089906680E0);
#265=CARTESIAN_POINT('',(6.506205832295E-1,2.351465036727E-1,-1.04E0));
#266=LINE('',#265,#264);
#267=DIRECTION('',(8.386705679454E-1,-5.446390350150E-1,0.E0));
#268=VECTOR('',#267,3.003478604267E-1);
#269=CARTESIAN_POINT('',(3.987276725443E-1,3.987276725443E-1,-1.04E0));
#270=LINE('',#269,#268);
#271=DIRECTION('',(5.446390350150E-1,-8.386705679454E-1,0.E0));
#272=VECTOR('',#271,3.003478604267E-1);
#273=CARTESIAN_POINT('',(2.351465036727E-1,6.506205832295E-1,-1.04E0));
#274=LINE('',#273,#272);
#275=DIRECTION('',(5.233595624294E-2,-9.986295347546E-1,0.E0));
#276=VECTOR('',#275,1.065089906680E0);
#277=CARTESIAN_POINT('',(1.794040049219E-1,1.714250821209E0,-1.04E0));
#278=LINE('',#277,#276);
#279=CARTESIAN_POINT('',(0.E0,7.475E-1,-1.04E0));
#280=DIRECTION('',(0.E0,0.E0,-1.E0));
#281=DIRECTION('',(-1.824590448204E-1,9.832134544255E-1,0.E0));
#282=AXIS2_PLACEMENT_3D('',#279,#280,#281);
#284=DIRECTION('',(5.233595624294E-2,9.986295347546E-1,0.E0));
#285=VECTOR('',#284,1.065089906680E0);
#286=CARTESIAN_POINT('',(-2.351465036727E-1,6.506205832295E-1,-1.04E0));
#287=LINE('',#286,#285);
#288=DIRECTION('',(5.446390350150E-1,8.386705679454E-1,0.E0));
#289=VECTOR('',#288,3.003478604267E-1);
#290=CARTESIAN_POINT('',(-3.987276725443E-1,3.987276725443E-1,-1.04E0));
#291=LINE('',#290,#289);
#292=DIRECTION('',(8.386705679454E-1,5.446390350150E-1,0.E0));
#293=VECTOR('',#292,3.003478604267E-1);
#294=CARTESIAN_POINT('',(-6.506205832295E-1,2.351465036727E-1,-1.04E0));
#295=LINE('',#294,#293);
#296=DIRECTION('',(9.986295347546E-1,5.233595624294E-2,0.E0));
#297=VECTOR('',#296,1.065089906680E0);
#298=CARTESIAN_POINT('',(-1.714250821209E0,1.794040049219E-1,-1.04E0));
#299=LINE('',#298,#297);
#300=CARTESIAN_POINT('',(-7.475E-1,0.E0,-1.04E0));
#301=DIRECTION('',(0.E0,0.E0,-1.E0));
#302=DIRECTION('',(-1.E0,0.E0,0.E0));
#303=AXIS2_PLACEMENT_3D('',#300,#301,#302);
#305=CARTESIAN_POINT('',(-7.475E-1,0.E0,-1.04E0));
#306=DIRECTION('',(0.E0,0.E0,-1.E0));
#307=DIRECTION('',(-9.832134544255E-1,-1.824590448204E-1,0.E0));
#308=AXIS2_PLACEMENT_3D('',#305,#306,#307);
#310=DIRECTION('',(-9.986295347546E-1,5.233595624294E-2,0.E0));
#311=VECTOR('',#310,1.065089906680E0);
#312=CARTESIAN_POINT('',(-6.506205832295E-1,-2.351465036727E-1,-1.04E0));
#313=LINE('',#312,#311);
#314=DIRECTION('',(-8.386705679454E-1,5.446390350150E-1,0.E0));
#315=VECTOR('',#314,3.003478604267E-1);
#316=CARTESIAN_POINT('',(-3.987276725443E-1,-3.987276725443E-1,-1.04E0));
#317=LINE('',#316,#315);
#318=DIRECTION('',(-5.446390350150E-1,8.386705679454E-1,0.E0));
#319=VECTOR('',#318,3.003478604267E-1);
#320=CARTESIAN_POINT('',(-2.351465036727E-1,-6.506205832295E-1,-1.04E0));
#321=LINE('',#320,#319);
#322=DIRECTION('',(-5.233595624294E-2,9.986295347546E-1,0.E0));
#323=VECTOR('',#322,1.065089906680E0);
#324=CARTESIAN_POINT('',(-1.794040049219E-1,-1.714250821209E0,-1.04E0));
#325=LINE('',#324,#323);
#326=CARTESIAN_POINT('',(0.E0,-7.475E-1,-1.04E0));
#327=DIRECTION('',(0.E0,0.E0,-1.E0));
#328=DIRECTION('',(1.824590448204E-1,-9.832134544255E-1,0.E0));
#329=AXIS2_PLACEMENT_3D('',#326,#327,#328);
#331=DIRECTION('',(-5.233595624294E-2,-9.986295347546E-1,0.E0));
#332=VECTOR('',#331,1.065089906680E0);
#333=CARTESIAN_POINT('',(2.351465036727E-1,-6.506205832295E-1,-1.04E0));
#334=LINE('',#333,#332);
#335=DIRECTION('',(-5.446390350150E-1,-8.386705679454E-1,0.E0));
#336=VECTOR('',#335,3.003478604267E-1);
#337=CARTESIAN_POINT('',(3.987276725443E-1,-3.987276725443E-1,-1.04E0));
#338=LINE('',#337,#336);
#339=DIRECTION('',(-8.386705679454E-1,-5.446390350150E-1,0.E0));
#340=VECTOR('',#339,3.003478604267E-1);
#341=CARTESIAN_POINT('',(6.506205832295E-1,-2.351465036727E-1,-1.04E0));
#342=LINE('',#341,#340);
#343=DIRECTION('',(-9.986295347546E-1,-5.233595624294E-2,0.E0));
#344=VECTOR('',#343,1.065089906680E0);
#345=CARTESIAN_POINT('',(1.714250821209E0,-1.794040049219E-1,-1.04E0));
#346=LINE('',#345,#344);
#347=CARTESIAN_POINT('',(0.E0,0.E0,-1.04E0));
#348=DIRECTION('',(0.E0,0.E0,-1.E0));
#349=DIRECTION('',(1.E0,0.E0,0.E0));
#350=AXIS2_PLACEMENT_3D('',#347,#348,#349);
#352=CARTESIAN_POINT('',(2.118714372563E0,0.E0,-9.266975344281E-1));
#353=DIRECTION('',(0.E0,-1.E0,0.E0));
#354=DIRECTION('',(7.932741798781E-1,0.E0,-6.088645789818E-1));
#355=AXIS2_PLACEMENT_3D('',#352,#353,#354);
#357=CARTESIAN_POINT('',(0.E0,0.E0,-1.718221487104E0));
#358=DIRECTION('',(0.E0,0.E0,1.E0));
#359=DIRECTION('',(-1.E0,0.E0,0.E0));
#360=AXIS2_PLACEMENT_3D('',#357,#358,#359);
#362=CARTESIAN_POINT('',(-2.118714372563E0,0.E0,-9.266975344281E-1));
#363=DIRECTION('',(0.E0,1.E0,0.E0));
#364=DIRECTION('',(-7.932741798781E-1,0.E0,-6.088645789818E-1));
#365=AXIS2_PLACEMENT_3D('',#362,#363,#364);
#367=DIRECTION('',(-8.715574274766E-2,0.E0,9.961946980917E-1));
#368=VECTOR('',#367,9.894072059916E-1);
#369=CARTESIAN_POINT('',(-3.413767480082E0,0.E0,-1.04E0));
#370=LINE('',#369,#368);
#371=DIRECTION('',(8.715574274766E-2,0.E0,9.961946980917E-1));
#372=VECTOR('',#371,9.894072059916E-1);
#373=CARTESIAN_POINT('',(3.413767480082E0,0.E0,-1.04E0));
#374=LINE('',#373,#372);
#375=CARTESIAN_POINT('',(0.E0,0.E0,-1.04E0));
#376=DIRECTION('',(0.E0,0.E0,-1.E0));
#377=DIRECTION('',(-1.E0,0.E0,0.E0));
#378=AXIS2_PLACEMENT_3D('',#375,#376,#377);
#380=CARTESIAN_POINT('',(0.E0,0.E0,-1.718221487104E0));
#381=DIRECTION('',(0.E0,0.E0,1.E0));
#382=DIRECTION('',(1.E0,0.E0,0.E0));
#383=AXIS2_PLACEMENT_3D('',#380,#381,#382);
#385=CARTESIAN_POINT('',(0.E0,0.E0,-5.435778713738E-2));
#386=DIRECTION('',(0.E0,0.E0,1.E0));
#387=DIRECTION('',(1.E0,0.E0,0.E0));
#388=AXIS2_PLACEMENT_3D('',#385,#386,#387);
#390=CARTESIAN_POINT('',(0.E0,0.E0,-5.435778713738E-2));
#391=DIRECTION('',(0.E0,0.E0,1.E0));
#392=DIRECTION('',(-1.E0,0.E0,0.E0));
#393=AXIS2_PLACEMENT_3D('',#390,#391,#392);
#395=CARTESIAN_POINT('',(-3.450190265095E0,0.E0,-5.E-2));
#396=DIRECTION('',(0.E0,1.E0,0.E0));
#397=DIRECTION('',(-9.961946980917E-1,0.E0,-8.715574274767E-2));
#398=AXIS2_PLACEMENT_3D('',#395,#396,#397);
#400=CARTESIAN_POINT('',(3.450190265095E0,0.E0,-5.E-2));
#401=DIRECTION('',(0.E0,-1.E0,0.E0));
#402=DIRECTION('',(9.961946980917E-1,0.E0,-8.715574274767E-2));
#403=AXIS2_PLACEMENT_3D('',#400,#401,#402);
#405=CARTESIAN_POINT('',(3.450190265095E0,0.E0,-5.E-2));
#406=DIRECTION('',(0.E0,-1.E0,0.E0));
#407=DIRECTION('',(7.372773368101E-1,0.E0,6.755902076157E-1));
#408=AXIS2_PLACEMENT_3D('',#405,#406,#407);
#410=CARTESIAN_POINT('',(0.E0,0.E0,-1.622048961922E-2));
#411=DIRECTION('',(0.E0,0.E0,1.E0));
#412=DIRECTION('',(-1.E0,0.E0,0.E0));
#413=AXIS2_PLACEMENT_3D('',#410,#411,#412);
#415=CARTESIAN_POINT('',(-3.450190265095E0,0.E0,-5.E-2));
#416=DIRECTION('',(0.E0,1.E0,0.E0));
#417=DIRECTION('',(-7.372773368101E-1,0.E0,6.755902076157E-1));
#418=AXIS2_PLACEMENT_3D('',#415,#416,#417);
#420=CARTESIAN_POINT('',(0.E0,0.E0,0.E0));
#421=DIRECTION('',(0.E0,0.E0,-1.E0));
#422=DIRECTION('',(1.E0,0.E0,0.E0));
#423=AXIS2_PLACEMENT_3D('',#420,#421,#422);
#425=CARTESIAN_POINT('',(0.E0,0.E0,0.E0));
#426=DIRECTION('',(0.E0,0.E0,-1.E0));
#427=DIRECTION('',(-1.E0,0.E0,0.E0));
#428=AXIS2_PLACEMENT_3D('',#425,#426,#427);
#430=CARTESIAN_POINT('',(0.E0,0.E0,0.E0));
#431=DIRECTION('',(0.E0,0.E0,1.E0));
#432=DIRECTION('',(1.E0,0.E0,0.E0));
#433=AXIS2_PLACEMENT_3D('',#430,#431,#432);
#435=CARTESIAN_POINT('',(0.E0,0.E0,0.E0));
#436=DIRECTION('',(0.E0,0.E0,1.E0));
#437=DIRECTION('',(-1.E0,0.E0,0.E0));
#438=AXIS2_PLACEMENT_3D('',#435,#436,#437);
#440=CARTESIAN_POINT('',(-1.455E0,0.E0,2.E-1));
#441=DIRECTION('',(0.E0,1.E0,0.E0));
#442=DIRECTION('',(7.071067811865E-1,0.E0,-7.071067811865E-1));
#443=AXIS2_PLACEMENT_3D('',#440,#441,#442);
#445=CARTESIAN_POINT('',(0.E0,0.E0,5.857864376269E-2));
#446=DIRECTION('',(0.E0,0.E0,1.E0));
#447=DIRECTION('',(-1.E0,0.E0,0.E0));
#448=AXIS2_PLACEMENT_3D('',#445,#446,#447);
#450=CARTESIAN_POINT('',(1.455E0,0.E0,2.E-1));
#451=DIRECTION('',(0.E0,-1.E0,0.E0));
#452=DIRECTION('',(-7.071067811865E-1,0.E0,-7.071067811865E-1));
#453=AXIS2_PLACEMENT_3D('',#450,#451,#452);
#455=CARTESIAN_POINT('',(0.E0,0.E0,5.857864376269E-2));
#456=DIRECTION('',(0.E0,0.E0,1.E0));
#457=DIRECTION('',(1.E0,0.E0,0.E0));
#458=AXIS2_PLACEMENT_3D('',#455,#456,#457);
#460=CARTESIAN_POINT('',(1.535676458169E-1,1.245562898843E0,1.999986030788E-1));
#461=CARTESIAN_POINT('',(2.688265110008E-1,1.231354827670E0,1.869136402647E-1));
#462=CARTESIAN_POINT('',(4.945435211657E-1,1.173417992543E0,1.628016448169E-1));
#463=CARTESIAN_POINT('',(7.982970880533E-1,1.003604299403E0,1.299050960249E-1));
#464=CARTESIAN_POINT('',(1.047623292974E0,7.626069387891E-1,1.008246441025E-1));
#465=CARTESIAN_POINT('',(1.168040703504E0,5.648463802556E-1,8.313431347752E-2));
#466=CARTESIAN_POINT('',(1.214913489100E0,4.597612897916E-1,7.485056009284E-2));
#468=CARTESIAN_POINT('',(0.E0,0.E0,2.E-1));
#469=DIRECTION('',(0.E0,0.E0,-1.E0));
#470=DIRECTION('',(-1.E0,0.E0,0.E0));
#471=AXIS2_PLACEMENT_3D('',#468,#469,#470);
#473=CARTESIAN_POINT('',(0.E0,0.E0,2.E-1));
#474=DIRECTION('',(0.E0,0.E0,-1.E0));
#475=DIRECTION('',(7.504343389236E-1,6.609450075190E-1,0.E0));
#476=AXIS2_PLACEMENT_3D('',#473,#474,#475);
#478=CARTESIAN_POINT('',(1.214913489100E0,4.597612897916E-1,7.485056009284E-2));
#479=CARTESIAN_POINT('',(1.186421144480E0,4.956793747852E-1,9.222165246332E-2));
#480=CARTESIAN_POINT('',(1.133907520853E0,5.745590932067E-1,1.238947101104E-1));
#481=CARTESIAN_POINT('',(1.046806203618E0,7.024694721485E-1,1.626636499465E-1));
#482=CARTESIAN_POINT('',(9.788268709551E-1,7.874189541654E-1,
1.876030990852E-1));
#483=CARTESIAN_POINT('',(9.417726128390E-1,8.294902118001E-1,
1.999958453554E-1));
#485=CARTESIAN_POINT('',(7.038660586395E-1,3.706046476972E-1,1.476664062500E1));
#486=CARTESIAN_POINT('',(7.648717081932E-1,3.064983073890E-1,1.473490234375E1));
#487=CARTESIAN_POINT('',(8.698519604173E-1,1.508059913691E-1,1.467142578125E1));
#488=CARTESIAN_POINT('',(9.436462166158E-1,-1.487487206719E-1,
1.457621093750E1));
#489=CARTESIAN_POINT('',(9.060296975018E-1,-4.809640616090E-1,
1.448099609375E1));
#490=CARTESIAN_POINT('',(7.449028807363E-1,-8.037606020313E-1,1.438578125E1));
#491=CARTESIAN_POINT('',(4.600123411233E-1,-1.068358621382E0,1.429056640625E1));
#492=CARTESIAN_POINT('',(7.642941691803E-2,-1.226384190326E0,1.419535156250E1));
#493=CARTESIAN_POINT('',(-3.664467864323E-1,-1.240008115299E0,
1.410013671875E1));
#494=CARTESIAN_POINT('',(-8.105478773715E-1,-1.083597905433E0,
1.400492187500E1));
#495=CARTESIAN_POINT('',(-1.189459499044E0,-7.614664458615E-1,
1.390970703125E1));
#496=CARTESIAN_POINT('',(-1.437866435118E0,-2.968849600583E-1,
1.381449218750E1));
#497=CARTESIAN_POINT('',(-1.498096747809E0,2.525649849092E-1,1.371927734375E1));
#498=CARTESIAN_POINT('',(-1.343714492808E0,8.121962835771E-1,1.36240625E1));
#499=CARTESIAN_POINT('',(-9.694550255096E-1,1.292091879636E0,1.352884765625E1));
#500=CARTESIAN_POINT('',(-4.163475721601E-1,1.604172147615E0,1.343363281250E1));
#501=CARTESIAN_POINT('',(2.415128245334E-1,1.677964864284E0,1.333841796875E1));
#502=CARTESIAN_POINT('',(8.995546896568E-1,1.476564109078E0,1.324320312500E1));
#503=CARTESIAN_POINT('',(1.439570991531E0,1.009437383688E0,1.314798828125E1));
#504=CARTESIAN_POINT('',(1.750301844507E0,3.387259747209E-1,1.305277343750E1));
#505=CARTESIAN_POINT('',(1.751737389586E0,-4.250519196759E-1,1.295755859375E1));
#506=CARTESIAN_POINT('',(1.414637278188E0,-1.142341077281E0,1.286173502604E1));
#507=CARTESIAN_POINT('',(7.742998955778E-1,-1.657692641671E0,1.276530273437E1));
#508=CARTESIAN_POINT('',(-5.975043993166E-2,-1.830153616632E0,
1.266826171875E1));
#509=CARTESIAN_POINT('',(-8.802096428852E-1,-1.605116907951E0,
1.257122070312E1));
#510=CARTESIAN_POINT('',(-1.510819511358E0,-1.034026426936E0,1.247417968750E1));
#511=CARTESIAN_POINT('',(-1.815071081973E0,-2.394296771620E-1,
1.237713867187E1));
#512=CARTESIAN_POINT('',(-1.727343312973E0,6.068724140403E-1,1.228009765625E1));
#513=CARTESIAN_POINT('',(-1.266528399040E0,1.322131261129E0,1.218305664062E1));
#514=CARTESIAN_POINT('',(-5.239705849516E-1,1.756703340048E0,1.208493489583E1));
#515=CARTESIAN_POINT('',(3.462438285986E-1,1.802496353822E0,1.198573242187E1));
#516=CARTESIAN_POINT('',(1.146163863888E0,1.433490018703E0,1.188544921875E1));
#517=CARTESIAN_POINT('',(1.682009014293E0,7.343195323315E-1,1.178516601562E1));
#518=CARTESIAN_POINT('',(1.830396364831E0,-1.339760254980E-1,1.168488281250E1));
#519=CARTESIAN_POINT('',(1.557158697236E0,-9.714095526697E-1,1.158459960937E1));
#520=CARTESIAN_POINT('',(9.252157249623E-1,-1.585107397328E0,1.148431640625E1));
#521=CARTESIAN_POINT('',(8.010042347761E-2,-1.833692249833E0,1.138403320312E1));
#522=CARTESIAN_POINT('',(-7.835161617771E-1,-1.659847751278E0,1.128375E1));
#523=CARTESIAN_POINT('',(-1.466613300053E0,-1.103579987143E0,1.118346679688E1));
#524=CARTESIAN_POINT('',(-1.811814561303E0,-2.931169218547E-1,
1.108318359375E1));
#525=CARTESIAN_POINT('',(-1.739646104337E0,5.848173843349E-1,1.098290039063E1));
#526=CARTESIAN_POINT('',(-1.266763033909E0,1.328010288265E0,1.088261718750E1));
#527=CARTESIAN_POINT('',(-5.020862979628E-1,1.765301473033E0,1.078233398438E1));
#528=CARTESIAN_POINT('',(3.782753094780E-1,1.795966960940E0,1.068205078125E1));
#529=CARTESIAN_POINT('',(1.171548527817E0,1.412910969244E0,1.058176757813E1));
#530=CARTESIAN_POINT('',(1.694966972222E0,7.043288249938E-1,1.048148437500E1));
#531=CARTESIAN_POINT('',(1.827870808551E0,-1.665282777399E-1,1.038120117188E1));
#532=CARTESIAN_POINT('',(1.539688649292E0,-9.989736722219E-1,1.028091796875E1));
#533=CARTESIAN_POINT('',(8.968580785071E-1,-1.601257483450E0,1.018063476563E1));
#534=CARTESIAN_POINT('',(4.746506379394E-2,-1.834678984880E0,1.008035156250E1));
#535=CARTESIAN_POINT('',(-8.128613335477E-1,-1.645489712429E0,
9.980068359375E0));
#536=CARTESIAN_POINT('',(-1.485974552638E0,-1.077250743078E0,9.879785156250E0));
#537=CARTESIAN_POINT('',(-1.816814858974E0,-2.608201070701E-1,
9.779501953125E0));
#538=CARTESIAN_POINT('',(-1.729118640429E0,6.157441497564E-1,9.67921875E0));
#539=CARTESIAN_POINT('',(-1.243039385962E0,1.350443055070E0,9.578935546875E0));
#540=CARTESIAN_POINT('',(-4.706342115041E-1,1.774004783960E0,9.478652343750E0));
#541=CARTESIAN_POINT('',(4.101353479427E-1,1.788901600887E0,9.378369140625E0));
#542=CARTESIAN_POINT('',(1.196400381918E0,1.391734901476E0,9.278085937500E0));
#543=CARTESIAN_POINT('',(1.707079498444E0,6.739877797697E-1,9.177802734375E0));
#544=CARTESIAN_POINT('',(1.824547186954E0,-1.990404409417E-1,9.077519531250E0));
#545=CARTESIAN_POINT('',(1.521714715550E0,-1.026268816890E0,8.977236328125E0));
#546=CARTESIAN_POINT('',(8.682945811981E-1,-1.617113679029E0,8.876953125E0));
#547=CARTESIAN_POINT('',(1.482233749698E-2,-1.835381066251E0,8.776669921875E0));
#548=CARTESIAN_POINT('',(-8.420161172481E-1,-1.630827517810E0,
8.676386718750E0));
#549=CARTESIAN_POINT('',(-1.504846532566E0,-1.050626886535E0,8.576103515625E0));
#550=CARTESIAN_POINT('',(-1.821020116503E0,-2.284417762382E-1,
8.475820312500E0));
#551=CARTESIAN_POINT('',(-1.717729190828E0,6.463639595950E-1,8.375537109375E0));
#552=CARTESIAN_POINT('',(-1.218751165637E0,1.372310143812E0,8.275253906250E0));
#553=CARTESIAN_POINT('',(-4.389891873424E-1,1.782170545553E0,8.174970703125E0));
#554=CARTESIAN_POINT('',(4.419506781E-1,1.781480207234E0,8.0746875E0));
#555=CARTESIAN_POINT('',(1.221066615009E0,1.370342906630E0,7.974404296875E0));
#556=CARTESIAN_POINT('',(1.718846734484E0,6.435490951781E-1,7.874121093750E0));
#557=CARTESIAN_POINT('',(1.820663147045E0,-2.314425334306E-1,7.773837890625E0));
#558=CARTESIAN_POINT('',(1.503096774319E0,-1.053090687866E0,7.673554687500E0));
#559=CARTESIAN_POINT('',(8.392982289648E-1,-1.632163724675E0,7.573271484375E0));
#560=CARTESIAN_POINT('',(-1.785912459641E-2,-1.835284878764E0,
7.472988281250E0));
#561=CARTESIAN_POINT('',(-8.709530616229E-1,-1.615637374070E0,
7.372705078125E0));
#562=CARTESIAN_POINT('',(-1.523446376566E0,-1.023769147986E0,7.272421875E0));
#563=CARTESIAN_POINT('',(-1.824942843536E0,-1.960280027618E-1,
7.172138671875E0));
#564=CARTESIAN_POINT('',(-1.706018267269E0,6.768243540945E-1,7.071855468750E0));
#565=CARTESIAN_POINT('',(-1.194121448826E0,1.393719450514E0,6.971572265625E0));
#566=CARTESIAN_POINT('',(-4.071845205859E-1,1.789553205701E0,6.871289062500E0));
#567=CARTESIAN_POINT('',(4.735456907162E-1,1.773170725027E0,6.771005859375E0));
#568=CARTESIAN_POINT('',(1.245225698029E0,1.348333228664E0,6.670722656250E0));
#569=CARTESIAN_POINT('',(1.730098105778E0,6.128653232359E-1,6.570439453125E0));
#570=CARTESIAN_POINT('',(1.816420398611E0,-2.638353011805E-1,6.47015625E0));
#571=CARTESIAN_POINT('',(1.484245628264E0,-1.079749172271E0,6.369873046875E0));
#572=CARTESIAN_POINT('',(8.101706109286E-1,-1.646879812171E0,6.269589843750E0));
#573=CARTESIAN_POINT('',(-5.048640594551E-2,-1.834620141637E0,
6.169306640625E0));
#574=CARTESIAN_POINT('',(-8.994826541764E-1,-1.599759627155E0,
6.069023437500E0));
#575=CARTESIAN_POINT('',(-1.541286764869E0,-9.964010486373E-1,
5.968740234375E0));
#576=CARTESIAN_POINT('',(-1.828075030792E0,-1.634968389402E-1,
5.868457031250E0));
#577=CARTESIAN_POINT('',(-1.693760460338E0,7.071201192415E-1,5.768173828125E0));
#578=CARTESIAN_POINT('',(-1.169232115091E0,1.414881052131E0,5.667890625E0));
#579=CARTESIAN_POINT('',(-3.753166793243E-1,1.796658217431E0,5.567607421875E0));
#580=CARTESIAN_POINT('',(5.050138190211E-1,1.764525595493E0,5.467324218750E0));
#581=CARTESIAN_POINT('',(1.268962966524E0,1.325938509463E0,5.367041015625E0));
#582=CARTESIAN_POINT('',(1.740585972349E0,5.819453433987E-1,5.266757812500E0));
#583=CARTESIAN_POINT('',(1.811272143532E0,-2.960965439715E-1,5.166474609375E0));
#584=CARTESIAN_POINT('',(1.464729728762E0,-1.105963994094E0,5.066191406250E0));
#585=CARTESIAN_POINT('',(7.807481526426E-1,-1.661106764235E0,4.965908203125E0));
#586=CARTESIAN_POINT('',(-8.313983731211E-2,-1.833597528928E0,4.865625E0));
#587=CARTESIAN_POINT('',(-9.278726923790E-1,-1.583633678215E0,
4.765341796875E0));
#588=CARTESIAN_POINT('',(-1.558807792887E0,-9.688693407193E-1,
4.665058593750E0));
#589=CARTESIAN_POINT('',(-1.830636097018E0,-1.309634360523E-1,
4.564775390625E0));
#590=CARTESIAN_POINT('',(-1.680778178727E0,7.370784379945E-1,4.464492187500E0));
#591=CARTESIAN_POINT('',(-1.143759905579E0,1.435337319126E0,4.364208984375E0));
#592=CARTESIAN_POINT('',(-3.432539411475E-1,1.802988149278E0,4.263925781250E0));
#593=CARTESIAN_POINT('',(5.363721378831E-1,1.755319996395E0,4.163642578125E0));
#594=CARTESIAN_POINT('',(1.292479383125E0,1.303260977255E0,4.063359375E0));
#595=CARTESIAN_POINT('',(1.750803787747E0,5.509350749890E-1,3.963076171875E0));
#596=CARTESIAN_POINT('',(1.805777350106E0,-3.282646743008E-1,3.862792968750E0));
#597=CARTESIAN_POINT('',(1.444789008657E0,-1.131797093896E0,3.762509765625E0));
#598=CARTESIAN_POINT('',(7.510152310755E-1,-1.674597274730E0,3.662226562500E0));
#599=CARTESIAN_POINT('',(-1.157518225051E-1,-1.831660846574E0,
3.561943359375E0));
#600=CARTESIAN_POINT('',(-9.558868941344E-1,-1.566802406231E0,
3.461660156250E0));
#601=CARTESIAN_POINT('',(-1.575871198115E0,-9.409959229415E-1,
3.361376953125E0));
#602=CARTESIAN_POINT('',(-1.832843620323E0,-9.836866411540E-2,3.26109375E0));
#603=CARTESIAN_POINT('',(-1.667535125096E0,7.669223993417E-1,3.160810546875E0));
#604=CARTESIAN_POINT('',(-1.118093344686E0,1.455491946772E0,3.060527343750E0));
#605=CARTESIAN_POINT('',(-3.111325659896E-1,1.808749973788E0,2.960244140625E0));
#606=CARTESIAN_POINT('',(5.674662157195E-1,1.745360135852E0,2.859960937500E0));
#607=CARTESIAN_POINT('',(1.315351483757E0,1.279933754365E0,2.759677734375E0));
#608=CARTESIAN_POINT('',(1.760269562781E0,5.196543088846E-1,2.659394531250E0));
#609=CARTESIAN_POINT('',(1.799713981857E0,-3.603788884300E-1,2.559111328125E0));
#610=CARTESIAN_POINT('',(1.424545045087E0,-1.157438356644E0,2.458828125E0));
#611=CARTESIAN_POINT('',(7.211657899905E-1,-1.687827965065E0,2.358544921875E0));
#612=CARTESIAN_POINT('',(-1.483053783040E-1,-1.829370150245E0,
2.258261718750E0));
#613=CARTESIAN_POINT('',(-9.835631968415E-1,-1.549510589473E0,
2.157978515625E0));
#614=CARTESIAN_POINT('',(-1.592232435871E0,-9.127411935991E-1,
2.057695312500E0));
#615=CARTESIAN_POINT('',(-1.834137415564E0,-6.572346555532E-2,
1.957412109375E0));
#616=CARTESIAN_POINT('',(-1.653553204364E0,7.964568269120E-1,1.857128906250E0));
#617=CARTESIAN_POINT('',(-1.092041067154E0,1.475244396655E0,1.756845703125E0));
#618=CARTESIAN_POINT('',(-2.922460293507E-1,1.808538753534E0,1.658206380208E0));
#619=CARTESIAN_POINT('',(5.548561380824E-1,1.742356549867E0,1.561210937500E0));
#620=CARTESIAN_POINT('',(1.271875439325E0,1.313781949923E0,1.465859375E0));
#621=CARTESIAN_POINT('',(1.723103665632E0,6.112672134210E-1,1.370507812500E0));
#622=CARTESIAN_POINT('',(1.816274919716E0,-2.194002086118E-1,1.275156250001E0));
#623=CARTESIAN_POINT('',(1.523348832649E0,-1.001952713314E0,1.179804687498E0));
#624=CARTESIAN_POINT('',(9.106723688479E-1,-1.563235780371E0,1.084453125008E0));
#625=CARTESIAN_POINT('',(1.180226748272E-1,-1.784079799498E0,
9.891015624696E-1));
#626=CARTESIAN_POINT('',(-6.953621915822E-1,-1.621111225197E0,
8.916796876165E-1));
#627=CARTESIAN_POINT('',(-1.343400073914E0,-1.094236233985E0,
7.921874995335E-1));
#628=CARTESIAN_POINT('',(-1.659408027798E0,-3.226329742412E-1,
6.906250017373E-1));
#629=CARTESIAN_POINT('',(-1.570182007161E0,4.847620731528E-1,
5.890624935173E-1));
#630=CARTESIAN_POINT('',(-1.119322685027E0,1.131731370233E0,4.875000241933E-1));
#631=CARTESIAN_POINT('',(-4.370969459128E-1,1.472882139095E0,
3.859374097093E-1));
#632=CARTESIAN_POINT('',(2.978480516010E-1,1.447828402597E0,2.843753369693E-1));
#633=CARTESIAN_POINT('',(9.071919387084E-1,1.089658099906E0,1.828112424134E-1));
#634=CARTESIAN_POINT('',(1.147677550326E0,6.908723926813E-1,1.129739748363E-1));
#635=CARTESIAN_POINT('',(1.211343098511E0,4.727254987442E-1,7.698358683789E-2));
#636=CARTESIAN_POINT('',(1.214913489100E0,4.597612897916E-1,7.485056009284E-2));
#638=CARTESIAN_POINT('',(-1.231187060423E0,2.106241553392E-5,1.363938481292E1));
#639=CARTESIAN_POINT('',(-1.226373024626E0,-1.183282245555E-1,
1.366865725629E1));
#640=CARTESIAN_POINT('',(-1.181370406127E0,-3.509466131527E-1,
1.372735963965E1));
#641=CARTESIAN_POINT('',(-1.018404723222E0,-6.552565536461E-1,
1.381229915215E1));
#642=CARTESIAN_POINT('',(-7.779308592404E-1,-8.940732221084E-1,
1.389852124534E1));
#643=CARTESIAN_POINT('',(-4.863621364426E-1,-1.047562712835E0,
1.398239733053E1));
#644=CARTESIAN_POINT('',(-1.710539830714E-1,-1.106829525901E0,
1.406691464749E1));
#645=CARTESIAN_POINT('',(1.412194570710E-1,-1.070991532291E0,1.415060835253E1));
#646=CARTESIAN_POINT('',(3.282834796587E-1,-9.864055882208E-1,
1.420751304883E1));
#647=CARTESIAN_POINT('',(4.118410770941E-1,-9.315804974965E-1,
1.423584488583E1));
#649=CARTESIAN_POINT('',(-1.148068581374E0,8.987339761263E-5,1.395806039405E1));
#650=CARTESIAN_POINT('',(-1.156299642869E0,1.124779321741E-1,1.393549350547E1));
#651=CARTESIAN_POINT('',(-1.138465231751E0,3.412300661727E-1,1.389086699830E1));
#652=CARTESIAN_POINT('',(-1.007274875251E0,6.653373185641E-1,1.382838252033E1));
#653=CARTESIAN_POINT('',(-7.871974050658E-1,9.359010602895E-1,
1.376535259059E1));
#654=CARTESIAN_POINT('',(-5.009704135166E-1,1.130085243202E0,1.370566973071E1));
#655=CARTESIAN_POINT('',(-1.651914446973E-1,1.236807143902E0,1.364601492563E1));
#656=CARTESIAN_POINT('',(1.914288556896E-1,1.241974577599E0,1.358678442669E1));
#657=CARTESIAN_POINT('',(5.336669745254E-1,1.145093868413E0,1.352883847308E1));
#658=CARTESIAN_POINT('',(8.378923941040E-1,9.528192559681E-1,1.347062448144E1));
#659=CARTESIAN_POINT('',(1.079183072055E0,6.742169157355E-1,1.341240954935E1));
#660=CARTESIAN_POINT('',(1.179977995962E0,4.452362214191E-1,1.337299032076E1));
#661=CARTESIAN_POINT('',(1.212259144931E0,3.247469116931E-1,1.335334590308E1));
#663=DIRECTION('',(5.668760990227E-1,6.548111044131E-1,-4.998738899905E-1));
#664=VECTOR('',#663,1.648993300985E-1);
#665=CARTESIAN_POINT('',(6.103885696618E-1,2.626267352384E-1,1.484906949459E1));
#666=LINE('',#665,#664);
#667=CARTESIAN_POINT('',(7.222306405241E-1,-7.079887476709E-5,
1.474860270016E1));
#668=CARTESIAN_POINT('',(7.157421845388E-1,3.246131019187E-2,1.475984103559E1));
#669=CARTESIAN_POINT('',(6.990308119673E-1,9.631804324388E-2,1.478175066478E1));
#670=CARTESIAN_POINT('',(6.604950093491E-1,1.840840369542E-1,1.481593193680E1));
#671=CARTESIAN_POINT('',(6.281404744188E-1,2.375061974179E-1,1.483802630312E1));
#672=CARTESIAN_POINT('',(6.103885696618E-1,2.626267352384E-1,1.484906949459E1));
#674=CARTESIAN_POINT('',(6.605533425957E-1,3.204274749012E-1,1.472838153896E1));
#675=CARTESIAN_POINT('',(6.854071456491E-1,2.907408735832E-1,1.471207460678E1));
#676=CARTESIAN_POINT('',(7.310072064480E-1,2.264950071513E-1,1.467956481838E1));
#677=CARTESIAN_POINT('',(7.839140618490E-1,1.183270599472E-1,1.463193849329E1));
#678=CARTESIAN_POINT('',(8.077384688466E-1,4.014420450379E-2,1.460096348021E1));
#679=CARTESIAN_POINT('',(8.165956105684E-1,6.025123525366E-6,1.458562246074E1));
#681=CARTESIAN_POINT('',(-7.910218432834E-2,4.885851039828E-1,
1.514272660242E1));
#682=CARTESIAN_POINT('',(-3.833029110416E-2,5.120732889385E-1,
1.511385308961E1));
#683=CARTESIAN_POINT('',(5.333546526125E-2,5.484040071998E-1,1.505659113828E1));
#684=CARTESIAN_POINT('',(2.104522636221E-1,5.624306812844E-1,1.497141083616E1));
#685=CARTESIAN_POINT('',(3.743300765034E-1,5.297722547178E-1,1.488853280500E1));
#686=CARTESIAN_POINT('',(5.305888279002E-1,4.499627576167E-1,1.480742469150E1));
#687=CARTESIAN_POINT('',(6.208296697393E-1,3.678753780025E-1,1.475444480330E1));
#688=CARTESIAN_POINT('',(6.605533425957E-1,3.204274749012E-1,1.472838153896E1));
#690=CARTESIAN_POINT('',(6.103885696618E-1,2.626267352384E-1,1.484906949459E1));
#691=CARTESIAN_POINT('',(5.778906085185E-1,3.086142657691E-1,1.486928598473E1));
#692=CARTESIAN_POINT('',(5.016932130011E-1,3.907963176137E-1,1.491050931312E1));
#693=CARTESIAN_POINT('',(3.623008394454E-1,4.778739855388E-1,1.497319917411E1));
#694=CARTESIAN_POINT('',(2.110463885499E-1,5.220143869966E-1,1.503616510216E1));
#695=CARTESIAN_POINT('',(6.129181311047E-2,5.233335171797E-1,1.509833021936E1));
#696=CARTESIAN_POINT('',(-3.011022693182E-2,4.983975056821E-1,
1.513856677227E1));
#697=CARTESIAN_POINT('',(-7.208704707130E-2,4.804860996043E-1,
1.515845956556E1));
#699=CARTESIAN_POINT('',(-4.195772091166E-1,-9.281162994957E-1,
1.423586096754E1));
#700=CARTESIAN_POINT('',(-3.129481044844E-1,-9.582269049939E-1,1.42644121E1));
#701=CARTESIAN_POINT('',(-9.398991013755E-2,-9.822958974813E-1,
1.432025390958E1));
#702=CARTESIAN_POINT('',(2.114927610944E-1,-9.127563050269E-1,
1.440574961101E1));
#703=CARTESIAN_POINT('',(4.710884060473E-1,-7.531245602926E-1,
1.448966405612E1));
#704=CARTESIAN_POINT('',(6.527645625798E-1,-5.247310595573E-1,
1.457625080517E1));
#705=CARTESIAN_POINT('',(7.430583910402E-1,-2.625826680944E-1,
1.466136593471E1));
#706=CARTESIAN_POINT('',(7.390003673889E-1,-8.415160093519E-2,
1.471955668121E1));
#707=CARTESIAN_POINT('',(7.222306405241E-1,-7.079887476709E-5,
1.474860270016E1));
#709=DIRECTION('',(-5.E-1,0.E0,-8.660254037844E-1));
#710=VECTOR('',#709,2.037069675359E0);
#711=CARTESIAN_POINT('',(0.E0,0.E0,1.6E1));
#712=LINE('',#711,#710);
#713=DIRECTION('',(4.998629930646E-1,-4.900060376973E-5,-8.661044889408E-1));
#714=VECTOR('',#713,1.444857191960E0);
#715=CARTESIAN_POINT('',(0.E0,0.E0,1.6E1));
#716=LINE('',#715,#714);
#717=CARTESIAN_POINT('',(8.165956105684E-1,6.025123525366E-6,1.458562246074E1));
#718=CARTESIAN_POINT('',(8.344366991148E-1,-8.084498019060E-2,
1.455472078891E1));
#719=CARTESIAN_POINT('',(8.456190379264E-1,-2.520238615862E-1,
1.449360712678E1));
#720=CARTESIAN_POINT('',(7.799161366550E-1,-5.139547466502E-1,
1.440458610167E1));
#721=CARTESIAN_POINT('',(6.357619762093E-1,-7.509679177533E-1,
1.431841782258E1));
#722=CARTESIAN_POINT('',(4.923972647650E-1,-8.787247377210E-1,
1.426315903616E1));
#723=CARTESIAN_POINT('',(4.118410770941E-1,-9.315804974965E-1,
1.423584488583E1));
#725=DIRECTION('',(4.999919081287E-1,-1.491791887566E-5,-8.660300754496E-1));
#726=VECTOR('',#725,4.038849905931E-1);
#727=CARTESIAN_POINT('',(8.165956105684E-1,6.025123525366E-6,1.458562246074E1));
#728=LINE('',#727,#726);
#729=CARTESIAN_POINT('',(0.E0,0.E0,1.423584591186E1));
#730=DIRECTION('',(0.E0,0.E0,-1.E0));
#731=DIRECTION('',(1.E0,0.E0,0.E0));
#732=AXIS2_PLACEMENT_3D('',#729,#730,#731);
#734=CARTESIAN_POINT('',(0.E0,0.E0,1.423584591186E1));
#735=DIRECTION('',(0.E0,0.E0,-1.E0));
#736=DIRECTION('',(-1.E0,0.E0,0.E0));
#737=AXIS2_PLACEMENT_3D('',#734,#735,#736);
#739=CARTESIAN_POINT('',(0.E0,0.E0,1.423584591186E1));
#740=DIRECTION('',(0.E0,0.E0,-1.E0));
#741=DIRECTION('',(-4.119094344020E-1,-9.112247899671E-1,0.E0));
#742=AXIS2_PLACEMENT_3D('',#739,#740,#741);
#744=CARTESIAN_POINT('',(-1.148068581374E0,8.987339761263E-5,1.395806039405E1));
#745=CARTESIAN_POINT('',(-1.140077746226E0,-1.090181014180E-1,
1.397996866027E1));
#746=CARTESIAN_POINT('',(-1.092355998255E0,-3.239988829727E-1,
1.402288089659E1));
#747=CARTESIAN_POINT('',(-9.285441822787E-1,-6.063273896916E-1,
1.409198252019E1));
#748=CARTESIAN_POINT('',(-6.957864261024E-1,-8.181650369277E-1,
1.416203801628E1));
#749=CARTESIAN_POINT('',(-5.128782710017E-1,-9.017693515711E-1,
1.421087856724E1));
#750=CARTESIAN_POINT('',(-4.195772091166E-1,-9.281162994957E-1,
1.423586096754E1));
#752=CARTESIAN_POINT('',(0.E0,0.E0,1.335334591186E1));
#753=DIRECTION('',(0.E0,0.E0,1.E0));
#754=DIRECTION('',(1.E0,0.E0,0.E0));
#755=AXIS2_PLACEMENT_3D('',#752,#753,#754);
#757=CARTESIAN_POINT('',(0.E0,0.E0,1.335334591186E1));
#758=DIRECTION('',(0.E0,0.E0,1.E0));
#759=DIRECTION('',(5.951968070470E-1,-8.035799654552E-1,0.E0));
#760=AXIS2_PLACEMENT_3D('',#757,#758,#759);
#762=CARTESIAN_POINT('',(-3.035503715940E-1,4.098257823822E-1,
1.335334591186E1));
#763=DIRECTION('',(8.035799654552E-1,5.951968070470E-1,0.E0));
#764=DIRECTION('',(5.154555551541E-1,-6.959206640564E-1,5.E-1));
#765=AXIS2_PLACEMENT_3D('',#762,#763,#764);
#767=CARTESIAN_POINT('',(1.254360833902E0,-1.303595111696E-4,1.200489108545E1));
#768=CARTESIAN_POINT('',(1.254360833902E0,1.322150914927E-1,1.202667999340E1));
#769=CARTESIAN_POINT('',(1.213133179353E0,3.964685655886E-1,1.206958789454E1));
#770=CARTESIAN_POINT('',(1.030392230332E0,7.518511458008E-1,1.213469204906E1));
#771=CARTESIAN_POINT('',(7.498693666128E-1,1.032216352042E0,1.219949544121E1));
#772=CARTESIAN_POINT('',(3.914096247292E-1,1.214625041148E0,1.226482884701E1));
#773=CARTESIAN_POINT('',(-3.400987138017E-3,1.275528091450E0,1.232968731994E1));
#774=CARTESIAN_POINT('',(-3.943930669833E-1,1.213244323341E0,1.239478785027E1));
#775=CARTESIAN_POINT('',(-7.521065234591E-1,1.030938640181E0,1.245982150243E1));
#776=CARTESIAN_POINT('',(-1.033542275188E0,7.473743136536E-1,1.252501066189E1));
#777=CARTESIAN_POINT('',(-1.213293676118E0,3.950090828379E-1,1.258935041569E1));
#778=CARTESIAN_POINT('',(-1.254064267942E0,1.319208007631E-1,1.263330591695E1));
#779=CARTESIAN_POINT('',(-1.254064267942E0,5.586355148349E-5,1.265516695210E1));
#781=CARTESIAN_POINT('',(-7.469620937429E-1,1.008508917163E0,1.335334371340E1));
#782=CARTESIAN_POINT('',(-6.399432379656E-1,1.087775802839E0,1.332075870106E1));
#783=CARTESIAN_POINT('',(-4.010415291360E-1,1.211567064345E0,1.325655676951E1));
#784=CARTESIAN_POINT('',(-3.975888664577E-3,1.275975298243E0,1.316349144905E1));
#785=CARTESIAN_POINT('',(3.905732381924E-1,1.214485562315E0,1.307349243731E1));
#786=CARTESIAN_POINT('',(7.477055930344E-1,1.034287214136E0,1.298604271494E1));
#787=CARTESIAN_POINT('',(1.033893590923E0,7.480476441084E-1,1.290057320569E1));
#788=CARTESIAN_POINT('',(1.214229501541E0,3.918112907781E-1,1.281929628182E1));
#789=CARTESIAN_POINT('',(1.254406463078E0,1.304167912224E-1,1.276608686764E1));
#790=CARTESIAN_POINT('',(1.254406463078E0,7.718314265065E-5,1.274044027460E1));
#792=CARTESIAN_POINT('',(-1.254018820758E0,-1.227723166843E-4,
1.206134813262E1));
#793=CARTESIAN_POINT('',(-1.254018820758E0,1.321753658003E-1,1.203952132957E1));
#794=CARTESIAN_POINT('',(-1.213147120060E0,3.961483949526E-1,1.199690586542E1));
#795=CARTESIAN_POINT('',(-1.032068681632E0,7.493164878059E-1,1.193198978804E1));
#796=CARTESIAN_POINT('',(-7.513697499401E-1,1.031378367760E0,1.186704346465E1));
#797=CARTESIAN_POINT('',(-3.925521659235E-1,1.214103884020E0,1.180161404722E1));
#798=CARTESIAN_POINT('',(2.563457433532E-4,1.275470984261E0,1.173689525348E1));
#799=CARTESIAN_POINT('',(3.927221509615E-1,1.214012084055E0,1.167200690761E1));
#800=CARTESIAN_POINT('',(7.515118439146E-1,1.031312900058E0,1.160656651458E1));
#801=CARTESIAN_POINT('',(1.032369435973E0,7.489139982532E-1,1.154174400366E1));
#802=CARTESIAN_POINT('',(1.213144920270E0,3.959740861555E-1,1.147724401608E1));
#803=CARTESIAN_POINT('',(1.254019815750E0,1.322479958914E-1,1.143333324381E1));
#804=CARTESIAN_POINT('',(1.254019815750E0,1.568343138399E-5,1.141141327306E1));
#806=CARTESIAN_POINT('',(1.254813977470E0,-3.244367467688E-5,1.070433381528E1));
#807=CARTESIAN_POINT('',(1.254813977470E0,1.304467154015E-1,1.072580798887E1));
#808=CARTESIAN_POINT('',(1.214114993802E0,3.920856512342E-1,1.076919939259E1));
#809=CARTESIAN_POINT('',(1.032981383469E0,7.492132777750E-1,1.083429124247E1));
#810=CARTESIAN_POINT('',(7.491518141218E-1,1.032546318097E0,1.089964550475E1));
#811=CARTESIAN_POINT('',(3.966965446395E-1,1.212308884100E0,1.096427068782E1));
#812=CARTESIAN_POINT('',(1.801394506658E-3,1.276142045463E0,1.102924860554E1));
#813=CARTESIAN_POINT('',(-3.947993515688E-1,1.213117432025E0,1.109445973485E1));
#814=CARTESIAN_POINT('',(-7.477793499748E-1,1.033403273694E0,1.115920109471E1));
#815=CARTESIAN_POINT('',(-1.031367138252E0,7.515071725349E-1,1.122406648703E1));
#816=CARTESIAN_POINT('',(-1.213946150387E0,3.930581440627E-1,1.128956956662E1));
#817=CARTESIAN_POINT('',(-1.254946584377E0,1.307777574154E-1,1.133275918567E1));
#818=CARTESIAN_POINT('',(-1.254946584377E0,-3.572599628542E-6,
1.135439891214E1));
#820=CARTESIAN_POINT('',(-1.254400524105E0,-6.151801312483E-5,
1.076158722011E1));
#821=CARTESIAN_POINT('',(-1.254400524105E0,1.304816929588E-1,1.074010253848E1));
#822=CARTESIAN_POINT('',(-1.214080857149E0,3.920456025803E-1,1.069724187031E1));
#823=CARTESIAN_POINT('',(-1.034574219717E0,7.466613412393E-1,1.063249922885E1));
#824=CARTESIAN_POINT('',(-7.509254908059E-1,1.031591304772E0,1.056716674514E1));
#825=CARTESIAN_POINT('',(-3.971648601953E-1,1.212017626272E0,1.050239442917E1));
#826=CARTESIAN_POINT('',(-5.277319726413E-3,1.275931877766E0,1.043777621575E1));
#827=CARTESIAN_POINT('',(3.925350649262E-1,1.214210871837E0,1.037218821440E1));
#828=CARTESIAN_POINT('',(7.478604559563E-1,1.033270301354E0,1.030731592394E1));
#829=CARTESIAN_POINT('',(1.029523217749E0,7.536846322511E-1,1.024266301292E1));
#830=CARTESIAN_POINT('',(1.213538473086E0,3.950396111145E-1,1.017683564049E1));
#831=CARTESIAN_POINT('',(1.254873879621E0,1.316319085885E-1,1.013357557796E1));
#832=CARTESIAN_POINT('',(1.254873879621E0,1.288787644830E-5,1.011180239833E1));
#834=CARTESIAN_POINT('',(1.254138185842E0,-8.471241275655E-5,9.405098617469E0));
#835=CARTESIAN_POINT('',(1.254138185842E0,1.321360711626E-1,9.426875689341E0));
#836=CARTESIAN_POINT('',(1.213140988042E0,3.959486509277E-1,9.469527297326E0));
#837=CARTESIAN_POINT('',(1.032194991658E0,7.492035939601E-1,9.534446734980E0));
#838=CARTESIAN_POINT('',(7.513312473531E-1,1.031395379358E0,9.599125624968E0));
#839=CARTESIAN_POINT('',(3.928624341400E-1,1.213943134721E0,9.664645866784E0));
#840=CARTESIAN_POINT('',(4.369118471301E-4,1.275482332106E0,9.729184241504E0));
#841=CARTESIAN_POINT('',(-3.924790662591E-1,1.214127235311E0,9.794160673065E0));
#842=CARTESIAN_POINT('',(-7.510866175876E-1,1.031518590902E0,9.859509311496E0));
#843=CARTESIAN_POINT('',(-1.031757170594E0,7.498357741550E-1,9.924179049210E0));
#844=CARTESIAN_POINT('',(-1.213070096816E0,3.961418659051E-1,9.989304923562E0));
#845=CARTESIAN_POINT('',(-1.254231990173E0,1.323786896407E-1,1.003299212207E1));
#846=CARTESIAN_POINT('',(-1.254231990173E0,8.898285283162E-5,1.005494384815E1));
#848=CARTESIAN_POINT('',(-1.254941961537E0,8.952093185874E-6,9.461780860241E0));
#849=CARTESIAN_POINT('',(-1.254941961537E0,1.313825565492E-1,9.440179017535E0));
#850=CARTESIAN_POINT('',(-1.213685361272E0,3.944021729659E-1,9.396738924303E0));
#851=CARTESIAN_POINT('',(-1.029844639929E0,7.534113267426E-1,9.331305984589E0));
#852=CARTESIAN_POINT('',(-7.475584735680E-1,1.033453538282E0,9.266356430657E0));
#853=CARTESIAN_POINT('',(-3.932651508046E-1,1.213864383261E0,9.201535816653E0));
#854=CARTESIAN_POINT('',(4.473068042438E-3,1.276029100524E0,9.136251015121E0));
#855=CARTESIAN_POINT('',(3.972769220092E-1,1.211987356203E0,9.071352933847E0));
#856=CARTESIAN_POINT('',(7.502464324070E-1,1.031954265748E0,9.006736835844E0));
#857=CARTESIAN_POINT('',(1.034104266583E0,7.474793348490E-1,8.941467215394E0));
#858=CARTESIAN_POINT('',(1.214181440321E0,3.918106477522E-1,8.876620863557E0));
#859=CARTESIAN_POINT('',(1.254496802641E0,1.304298856439E-1,8.833120383954E0));
#860=CARTESIAN_POINT('',(1.254496802641E0,3.754327739960E-5,8.811527999215E0));
#862=CARTESIAN_POINT('',(1.254973520142E0,-6.776561493372E-5,8.104300628179E0));
#863=CARTESIAN_POINT('',(1.254973520142E0,1.308682087916E-1,8.125839009122E0));
#864=CARTESIAN_POINT('',(1.213889658507E0,3.933935491602E-1,8.169437327361E0));
#865=CARTESIAN_POINT('',(1.030886922274E0,7.521620741356E-1,8.234568636443E0));
#866=CARTESIAN_POINT('',(7.474469044005E-1,1.033618605655E0,8.299823818673E0));
#867=CARTESIAN_POINT('',(3.941240568237E-1,1.213400663016E0,8.364595235555E0));
#868=CARTESIAN_POINT('',(-2.842168867577E-3,1.276115277747E0,8.429903062483E0));
#869=CARTESIAN_POINT('',(-3.971288614163E-1,1.212124507729E0,8.495037200484E0));
#870=CARTESIAN_POINT('',(-7.496561073016E-1,1.032240382325E0,8.559669931941E0));
#871=CARTESIAN_POINT('',(-1.033422711862E0,7.485198565422E-1,8.624818629220E0));
#872=CARTESIAN_POINT('',(-1.214166669446E0,3.919635236126E-1,8.689685738268E0));
#873=CARTESIAN_POINT('',(-1.254662882907E0,1.303783740571E-1,8.733139553393E0));
#874=CARTESIAN_POINT('',(-1.254662882907E0,-3.462765854816E-5,
8.754714538254E0));
#876=CARTESIAN_POINT('',(-1.254056165553E0,-1.520284301275E-4,
8.161370695275E0));
#877=CARTESIAN_POINT('',(-1.254056165553E0,1.322033904397E-1,8.139545237578E0));
#878=CARTESIAN_POINT('',(-1.213145202028E0,3.963197845775E-1,8.096868237614E0));
#879=CARTESIAN_POINT('',(-1.031594144443E0,7.499784525981E-1,8.031877199803E0));
#880=CARTESIAN_POINT('',(-7.511625786170E-1,1.031459263185E0,7.967013114921E0));
#881=CARTESIAN_POINT('',(-3.922682327705E-1,1.214272781348E0,7.901654339592E0));
#882=CARTESIAN_POINT('',(1.266010240260E-3,1.275476444189E0,7.836839159807E0));
#883=CARTESIAN_POINT('',(3.930594585920E-1,1.213819165394E0,7.771854969601E0));
#884=CARTESIAN_POINT('',(7.516691162026E-1,1.031262720966E0,7.706638049916E0));
#885=CARTESIAN_POINT('',(1.032872609432E0,7.482377692912E-1,7.641584737132E0));
#886=CARTESIAN_POINT('',(1.213193740116E0,3.956704214105E-1,7.577132084460E0));
#887=CARTESIAN_POINT('',(1.253981592038E0,1.321452227929E-1,7.533229314692E0));
#888=CARTESIAN_POINT('',(1.253981592038E0,2.731374799641E-5,7.511349909551E0));
#890=CARTESIAN_POINT('',(1.254109973377E0,4.766189986509E-5,6.805026784738E0));
#891=CARTESIAN_POINT('',(1.254109973377E0,1.317665119068E-1,6.826744539537E0));
#892=CARTESIAN_POINT('',(1.213367695368E0,3.945713952376E-1,6.869403854308E0));
#893=CARTESIAN_POINT('',(1.033951662455E0,7.468690974196E-1,6.934137397988E0));
#894=CARTESIAN_POINT('',(7.522350260429E-1,1.030854172376E0,6.999045371251E0));
#895=CARTESIAN_POINT('',(3.949570089105E-1,1.213002653178E0,7.064360846266E0));
#896=CARTESIAN_POINT('',(4.115419019447E-3,1.275568710190E0,7.128847243936E0));
#897=CARTESIAN_POINT('',(-3.912910958583E-1,1.214695605628E0,7.193836042832E0));
#898=CARTESIAN_POINT('',(-7.495476110017E-1,1.032380581664E0,7.259317444574E0));
#899=CARTESIAN_POINT('',(-1.030098290403E0,7.523560337966E-1,7.323805001596E0));
#900=CARTESIAN_POINT('',(-1.213115977653E0,3.963616357164E-1,7.389029749346E0));
#901=CARTESIAN_POINT('',(-1.254508057154E0,1.324000899580E-1,7.432661171876E0));
#902=CARTESIAN_POINT('',(-1.254508057154E0,9.420500044586E-5,7.454606699925E0));
#904=CARTESIAN_POINT('',(-1.254336546317E0,-2.678002559665E-5,
6.861503773690E0));
#905=CARTESIAN_POINT('',(-1.254336546317E0,1.306651761268E-1,6.839983877445E0));
#906=CARTESIAN_POINT('',(-1.213978140899E0,3.923260167066E-1,6.797229118246E0));
#907=CARTESIAN_POINT('',(-1.034726098955E0,7.463443360425E-1,6.732519468296E0));
#908=CARTESIAN_POINT('',(-7.512504554598E-1,1.031430387807E0,6.667159321264E0));
#909=CARTESIAN_POINT('',(-3.968965332303E-1,1.212115524714E0,6.602356418876E0));
#910=CARTESIAN_POINT('',(-5.532200834382E-3,1.275862887870E0,6.537781229792E0));
#911=CARTESIAN_POINT('',(3.921804903350E-1,1.214385072011E0,6.472258322199E0));
#912=CARTESIAN_POINT('',(7.481416091078E-1,1.033091594882E0,6.407334425865E0));
#913=CARTESIAN_POINT('',(1.029390529436E0,7.537641428813E-1,6.342616077721E0));
#914=CARTESIAN_POINT('',(1.213458434181E0,3.953512900897E-1,6.276994007062E0));
#915=CARTESIAN_POINT('',(1.254790947177E0,1.319499007191E-1,6.233674491145E0));
#916=CARTESIAN_POINT('',(1.254790947177E0,1.562251140556E-4,6.211861851482E0));
#918=CARTESIAN_POINT('',(1.254907798001E0,-2.233575308996E-5,5.504521061833E0));
#919=CARTESIAN_POINT('',(1.254907798001E0,1.315501148322E-1,5.526168305393E0));
#920=CARTESIAN_POINT('',(1.213561755589E0,3.949258198849E-1,5.569568033091E0));
#921=CARTESIAN_POINT('',(1.029529002278E0,7.537817496072E-1,5.635097933002E0));
#922=CARTESIAN_POINT('',(7.472801693426E-1,1.033726028132E0,5.699786261416E0));
#923=CARTESIAN_POINT('',(3.919920949820E-1,1.214357570112E0,5.764949107831E0));
#924=CARTESIAN_POINT('',(-5.754445815891E-3,1.275930755641E0,5.830102463667E0));
#925=CARTESIAN_POINT('',(-3.976821654465E-1,1.211864683297E0,5.895014092393E0));
#926=CARTESIAN_POINT('',(-7.514591278335E-1,1.031194164959E0,5.959902464240E0));
#927=CARTESIAN_POINT('',(-1.034724558666E0,7.463593130427E-1,6.025178168581E0));
#928=CARTESIAN_POINT('',(-1.214030770014E0,3.921490863275E-1,6.089780379195E0));
#929=CARTESIAN_POINT('',(-1.254350753682E0,1.306471764096E-1,6.133401574700E0));
#930=CARTESIAN_POINT('',(-1.254350753682E0,4.575391780341E-5,6.155028116076E0));
#932=CARTESIAN_POINT('',(-1.254971548474E0,-1.791992634716E-5,
5.561833824350E0));
#933=CARTESIAN_POINT('',(-1.254971548474E0,1.311652080848E-1,5.540244393717E0));
#934=CARTESIAN_POINT('',(-1.213773443144E0,3.940021784664E-1,5.496886462804E0));
#935=CARTESIAN_POINT('',(-1.030176294214E0,7.530341476715E-1,5.431438364443E0));
#936=CARTESIAN_POINT('',(-7.475079110482E-1,1.033494080101E0,5.366260115528E0));
#937=CARTESIAN_POINT('',(-3.937674584736E-1,1.213622383991E0,5.301709024235E0));
#938=CARTESIAN_POINT('',(3.721066423550E-3,1.276079735446E0,5.236312130342E0));
#939=CARTESIAN_POINT('',(3.972105203656E-1,1.212036370677E0,5.171285554372E0));
#940=CARTESIAN_POINT('',(7.498193784571E-1,1.032180590652E0,5.106814705115E0));
#941=CARTESIAN_POINT('',(1.033719641928E0,7.480966555746E-1,5.041536609936E0));
#942=CARTESIAN_POINT('',(1.214218065882E0,3.917800874744E-1,4.976607489103E0));
#943=CARTESIAN_POINT('',(1.254577590198E0,1.303687784565E-1,4.933123955959E0));
#944=CARTESIAN_POINT('',(1.254577590198E0,1.180169721057E-5,4.911585829903E0));
#946=CARTESIAN_POINT('',(1.254209226441E0,-1.279317052929E-4,4.204769076336E0));
#947=CARTESIAN_POINT('',(1.254209226441E0,1.308911365967E-1,4.226418454257E0));
#948=CARTESIAN_POINT('',(1.213775350318E0,3.930530919137E-1,4.269158911242E0));
#949=CARTESIAN_POINT('',(1.034834620309E0,7.459107051058E-1,4.333625621920E0));
#950=CARTESIAN_POINT('',(7.521945562050E-1,1.030810127407E0,4.399122111298E0));
#951=CARTESIAN_POINT('',(3.969416514250E-1,1.212162439662E0,4.464109436209E0));
#952=CARTESIAN_POINT('',(6.025925187450E-3,1.275765099032E0,4.528702506063E0));
#953=CARTESIAN_POINT('',(-3.912341143198E-1,1.214718152697E0,4.593915633989E0));
#954=CARTESIAN_POINT('',(-7.480136776216E-1,1.033276958384E0,4.659139161453E0));
#955=CARTESIAN_POINT('',(-1.029325197093E0,7.537916266411E-1,4.723773811050E0));
#956=CARTESIAN_POINT('',(-1.213339096441E0,3.957517229228E-1,4.789055459902E0));
#957=CARTESIAN_POINT('',(-1.254797971231E0,1.319624187934E-1,4.832675866516E0));
#958=CARTESIAN_POINT('',(-1.254797971231E0,-1.802998605737E-6,
4.854485290242E0));
#960=CARTESIAN_POINT('',(-1.254139160105E0,-1.104542267743E-4,
4.261359028307E0));
#961=CARTESIAN_POINT('',(-1.254139160105E0,1.322757438549E-1,4.239510684859E0));
#962=CARTESIAN_POINT('',(-1.213134415851E0,3.964385375836E-1,4.196829743872E0));
#963=CARTESIAN_POINT('',(-1.031095054160E0,7.507178812380E-1,4.131717299975E0));
#964=CARTESIAN_POINT('',(-7.507914305855E-1,1.031652505836E0,4.066956335503E0));
#965=CARTESIAN_POINT('',(-3.919502691962E-1,1.214433398928E0,4.001623524764E0));
#966=CARTESIAN_POINT('',(2.264729783991E-3,1.275495308969E0,3.936615067461E0));
#967=CARTESIAN_POINT('',(3.935755942531E-1,1.213577785306E0,3.871829983554E0));
#968=CARTESIAN_POINT('',(7.518764710571E-1,1.031146733897E0,3.806738231056E0));
#969=CARTESIAN_POINT('',(1.033334028520E0,7.476268554965E-1,3.741387375269E0));
#970=CARTESIAN_POINT('',(1.213253294430E0,3.953147047457E-1,3.677106003267E0));
#971=CARTESIAN_POINT('',(1.253977586271E0,1.320226100844E-1,3.633145593128E0));
#972=CARTESIAN_POINT('',(1.253977586271E0,3.595883315674E-5,3.611321292980E0));
#974=CARTESIAN_POINT('',(1.254637307684E0,3.411561662349E-5,2.904903434424E0));
#975=CARTESIAN_POINT('',(1.254637307684E0,1.321389222712E-1,2.926679053740E0));
#976=CARTESIAN_POINT('',(1.213284703086E0,3.960521689937E-1,2.969679233450E0));
#977=CARTESIAN_POINT('',(1.029409092364E0,7.535394211108E-1,3.035303440078E0));
#978=CARTESIAN_POINT('',(7.484295429301E-1,1.033031766614E0,3.099734606184E0));
#979=CARTESIAN_POINT('',(3.911158331020E-1,1.214772667031E0,3.165002678318E0));
#980=CARTESIAN_POINT('',(-5.669039155156E-3,1.275695794664E0,3.230271280685E0));
#981=CARTESIAN_POINT('',(-3.963658120529E-1,1.21239237E0,3.294719406008E0));
#982=CARTESIAN_POINT('',(-7.522438637062E-1,1.030815231771E0,3.359952840436E0));
#983=CARTESIAN_POINT('',(-1.034683246222E0,7.460473140168E-1,3.425004819206E0));
#984=CARTESIAN_POINT('',(-1.213640285100E0,3.934589237169E-1,3.489371414416E0));
#985=CARTESIAN_POINT('',(-1.254140091862E0,1.313520045689E-1,3.533340352359E0));
#986=CARTESIAN_POINT('',(-1.254140091862E0,1.163924708744E-4,3.555089077957E0));
#988=CARTESIAN_POINT('',(-1.254250815009E0,-4.421739110020E-5,
2.961453521413E0));
#989=CARTESIAN_POINT('',(-1.254250815009E0,1.308143825589E-1,2.939838750887E0));
#990=CARTESIAN_POINT('',(-1.213868847728E0,3.927207227234E-1,2.897346309633E0));
#991=CARTESIAN_POINT('',(-1.034784814078E0,7.461385434275E-1,2.832492565051E0));
#992=CARTESIAN_POINT('',(-7.515295810241E-1,1.031298529475E0,2.767119002642E0));
#993=CARTESIAN_POINT('',(-3.965312183994E-1,1.212258081901E0,2.702311296081E0));
#994=CARTESIAN_POINT('',(-5.588643705084E-3,1.275793218293E0,2.637743996410E0));
#995=CARTESIAN_POINT('',(3.918945852640E-1,1.214520669916E0,2.572277871484E0));
#996=CARTESIAN_POINT('',(7.484679965387E-1,1.032900591144E0,2.507284724834E0));
#997=CARTESIAN_POINT('',(1.029361137957E0,7.536759220232E-1,2.442565391729E0));
#998=CARTESIAN_POINT('',(1.213384051398E0,3.957112454678E-1,2.377174584967E0));
#999=CARTESIAN_POINT('',(1.254696076220E0,1.320514158028E-1,2.333668149922E0));
#1000=CARTESIAN_POINT('',(1.254696076220E0,8.950278093333E-5,2.311875150761E0));
#1002=CARTESIAN_POINT('',(1.254555576437E0,-4.205744566775E-5,
1.604134703950E0));
#1003=CARTESIAN_POINT('',(1.254555576437E0,1.304676776868E-1,1.625767223825E0));
#1004=CARTESIAN_POINT('',(1.214077484470E0,3.918954284712E-1,1.669204736795E0));
#1005=CARTESIAN_POINT('',(1.034456952244E0,7.468875089297E-1,1.733826687640E0));
#1006=CARTESIAN_POINT('',(7.509068259970E-1,1.031516362306E0,1.799136989416E0));
#1007=CARTESIAN_POINT('',(3.976291746567E-1,1.211892673335E0,1.864054777710E0));
#1008=CARTESIAN_POINT('',(5.006703030923E-3,1.275992621530E0,1.928549769033E0));
#1009=CARTESIAN_POINT('',(-3.925513286253E-1,1.214094991566E0,
1.994222364874E0));
#1010=CARTESIAN_POINT('',(-7.471760784672E-1,1.033785608433E0,
2.059122133860E0));
#1011=CARTESIAN_POINT('',(-1.029815085335E0,7.534959814710E-1,
2.123998365440E0));
#1012=CARTESIAN_POINT('',(-1.213634031008E0,3.944870221123E-1,
2.189388076784E0));
#1013=CARTESIAN_POINT('',(-1.254993358542E0,1.313986711401E-1,
2.232865309774E0));
#1014=CARTESIAN_POINT('',(-1.254993358542E0,9.153354769743E-6,
2.254513834269E0));
#1016=CARTESIAN_POINT('',(-1.255001712693E0,4.053517829714E-6,
1.661878836122E0));
#1017=CARTESIAN_POINT('',(-1.255001712693E0,1.190118530354E-1,
1.642247072677E0));
#1018=CARTESIAN_POINT('',(-1.221054571144E0,3.576485158368E-1,
1.603094283061E0));
#1019=CARTESIAN_POINT('',(-1.069150015158E0,6.899270514910E-1,
1.543235652626E0));
#1020=CARTESIAN_POINT('',(-8.308608675200E-1,9.631814259432E-1,
1.484221487476E0));
#1021=CARTESIAN_POINT('',(-5.277845709798E-1,1.157415646422E0,
1.425493459531E0));
#1022=CARTESIAN_POINT('',(-1.796477759557E-1,1.259616893818E0,
1.366019545471E0));
#1023=CARTESIAN_POINT('',(1.841699683690E-1,1.258821268576E0,1.306950139521E0));
#1024=CARTESIAN_POINT('',(5.300682669936E-1,1.156212901312E0,1.247813673264E0));
#1025=CARTESIAN_POINT('',(8.329572663913E-1,9.615896733972E-1,
1.189093193803E0));
#1026=CARTESIAN_POINT('',(1.071331779197E0,6.863782669733E-1,1.129806105698E0));
#1027=CARTESIAN_POINT('',(1.221329417246E0,3.561714140476E-1,1.070476453152E0));
#1028=CARTESIAN_POINT('',(1.254744857049E0,1.185422457447E-1,1.031331791488E0));
#1029=CARTESIAN_POINT('',(1.254744857049E0,6.552921645047E-5,1.011746713722E0));
#1031=CARTESIAN_POINT('',(9.417726128390E-1,8.294902118001E-1,
1.999958453554E-1));
#1032=CARTESIAN_POINT('',(8.579874789399E-1,9.246195203718E-1,
2.280176695240E-1));
#1033=CARTESIAN_POINT('',(6.613068443538E-1,1.089612104023E0,
2.837411035166E-1));
#1034=CARTESIAN_POINT('',(3.029975817218E-1,1.238012654766E0,
3.679767148449E-1));
#1035=CARTESIAN_POINT('',(-7.965359163109E-2,1.271595286128E0,
4.507053356351E-1));
#1036=CARTESIAN_POINT('',(-4.532093976072E-1,1.190997209226E0,
5.332308603044E-1));
#1037=CARTESIAN_POINT('',(-7.893763960231E-1,1.000642585483E0,
6.153522054111E-1));
#1038=CARTESIAN_POINT('',(-1.050873775151E0,7.200176779571E-1,
6.967023558134E-1));
#1039=CARTESIAN_POINT('',(-1.216851815238E0,3.784223415345E-1,
7.762848014275E-1));
#1040=CARTESIAN_POINT('',(-1.254097265222E0,1.262835976235E-1,
8.295096948674E-1));
#1041=CARTESIAN_POINT('',(-1.254097265222E0,6.455691491963E-5,
8.559289407888E-1));
#1043=CARTESIAN_POINT('',(-1.254160723166E0,-1.001987655103E-4,
4.487139982196E-1));
#1044=CARTESIAN_POINT('',(-1.254160723166E0,1.190268029712E-1,
4.339895500827E-1));
#1045=CARTESIAN_POINT('',(-1.221245704594E0,3.566699374890E-1,
4.055368893389E-1));
#1046=CARTESIAN_POINT('',(-1.072991830172E0,6.822250069006E-1,
3.630335326205E-1));
#1047=CARTESIAN_POINT('',(-8.422281417903E-1,9.529034558784E-1,
3.212223980485E-1));
#1048=CARTESIAN_POINT('',(-5.422958398392E-1,1.150507721293E0,
2.801425791957E-1));
#1049=CARTESIAN_POINT('',(-2.001349739038E-1,1.255856306045E0,
2.397108029546E-1));
#1050=CARTESIAN_POINT('',(3.721596972369E-2,1.259905681868E0,
2.132076291490E-1));
#1051=CARTESIAN_POINT('',(1.535676458169E-1,1.245562898843E0,
1.999986030788E-1));
#1053=CARTESIAN_POINT('',(1.254629822456E0,6.566483698021E-6,1.330153569654E1));
#1054=CARTESIAN_POINT('',(1.254629822456E0,3.656324876284E-2,1.330737043240E1));
#1055=CARTESIAN_POINT('',(1.251975556053E0,1.096279314968E-1,1.331867227205E1));
#1056=CARTESIAN_POINT('',(1.237444152038E0,2.182285008112E-1,1.333611755547E1));
#1057=CARTESIAN_POINT('',(1.221702096934E0,2.895011163900E-1,1.334759947523E1));
#1058=CARTESIAN_POINT('',(1.212259144931E0,3.247469116931E-1,1.335334590308E1));
#1060=CARTESIAN_POINT('',(0.E0,0.E0,1.423584591186E1));
#1061=DIRECTION('',(0.E0,0.E0,-1.E0));
#1062=DIRECTION('',(5.951968070470E-1,-8.035799654552E-1,0.E0));
#1063=AXIS2_PLACEMENT_3D('',#1060,#1061,#1062);
#1065=CARTESIAN_POINT('',(0.E0,0.E0,1.335334591186E1));
#1066=DIRECTION('',(0.E0,0.E0,1.E0));
#1067=DIRECTION('',(-1.E0,0.E0,0.E0));
#1068=AXIS2_PLACEMENT_3D('',#1065,#1066,#1067);
#1070=CARTESIAN_POINT('',(0.E0,0.E0,1.335334591186E1));
#1071=DIRECTION('',(0.E0,0.E0,1.E0));
#1072=DIRECTION('',(-5.951968070479E-1,8.035799654546E-1,0.E0));
#1073=AXIS2_PLACEMENT_3D('',#1070,#1071,#1072);
#1075=CARTESIAN_POINT('',(-1.231187060423E0,2.106241553392E-5,
1.363938481292E1));
#1076=CARTESIAN_POINT('',(-1.236419255297E0,1.286504616989E-1,
1.360756969259E1));
#1077=CARTESIAN_POINT('',(-1.204752586101E0,3.884437154250E-1,
1.354454382424E1));
#1078=CARTESIAN_POINT('',(-1.035607391876E0,7.410513859603E-1,
1.344886133807E1));
#1079=CARTESIAN_POINT('',(-8.518360804695E-1,9.308306962951E-1,
1.338527565779E1));
#1080=CARTESIAN_POINT('',(-7.469620937429E-1,1.008508917163E0,
1.335334371340E1));
#1082=DIRECTION('',(7.144693202357E-3,-1.267378644192E-4,9.999744683223E-1));
#1083=VECTOR('',#1082,5.181153815355E-2);
#1084=CARTESIAN_POINT('',(1.254629822456E0,6.566483698021E-6,1.330153569654E1));
#1085=LINE('',#1084,#1083);
#1086=CARTESIAN_POINT('',(-1.254064267942E0,5.586355148349E-5,
1.265516695210E1));
#1087=CARTESIAN_POINT('',(-1.254064267942E0,-1.316848965288E-1,
1.267700740073E1));
#1088=CARTESIAN_POINT('',(-1.213358484977E0,-3.948739962201E-1,
1.271925648946E1));
#1089=CARTESIAN_POINT('',(-1.033545422915E0,-7.474933514640E-1,
1.278417745151E1));
#1090=CARTESIAN_POINT('',(-7.512887696654E-1,-1.031620132476E0,
1.284930546254E1));
#1091=CARTESIAN_POINT('',(-3.932577396970E-1,-1.213607423846E0,
1.291448918456E1));
#1092=CARTESIAN_POINT('',(-2.025603522798E-3,-1.275585278484E0,
1.297910180476E1));
#1093=CARTESIAN_POINT('',(3.933993375056E-1,-1.214047254078E0,
1.304472586199E1));
#1094=CARTESIAN_POINT('',(7.519093759960E-1,-1.030790572163E0,
1.310999222168E1));
#1095=CARTESIAN_POINT('',(1.031909479763E0,-7.496522852473E-1,
1.317463430674E1));
#1096=CARTESIAN_POINT('',(1.213088803787E0,-3.956071079913E-1,
1.323806385305E1));
#1097=CARTESIAN_POINT('',(1.254629822456E0,-1.320828837921E-1,
1.328045317471E1));
#1098=CARTESIAN_POINT('',(1.254629822456E0,6.566483698021E-6,1.330153569654E1));
#1100=DIRECTION('',(-1.340245508056E-3,-8.001315472407E-5,9.999990986695E-1));
#1101=VECTOR('',#1100,6.981795890459E-1);
#1102=CARTESIAN_POINT('',(-1.254064267942E0,5.586355148349E-5,
1.265516695210E1));
#1103=LINE('',#1102,#1101);
#1104=CARTESIAN_POINT('',(1.254406463078E0,7.718314265065E-5,1.274044027460E1));
#1105=CARTESIAN_POINT('',(1.254406463078E0,-1.324397258169E-1,
1.271436525959E1));
#1106=CARTESIAN_POINT('',(1.213061575239E0,-3.970289336474E-1,
1.266395354076E1));
#1107=CARTESIAN_POINT('',(1.029305450540E0,-7.534346014888E-1,
1.259001169990E1));
#1108=CARTESIAN_POINT('',(7.487644457094E-1,-1.032888538655E0,
1.251984603586E1));
#1109=CARTESIAN_POINT('',(3.904189237679E-1,-1.215060301475E0,
1.245148438682E1));
#1110=CARTESIAN_POINT('',(-6.093312852443E-3,-1.275613917803E0,
1.238594831152E1));
#1111=CARTESIAN_POINT('',(-3.963090688997E-1,-1.212423212116E0,
1.232146289762E1));
#1112=CARTESIAN_POINT('',(-7.525915067407E-1,-1.030595266288E0,
1.225637209683E1));
#1113=CARTESIAN_POINT('',(-1.034700053152E0,-7.459100545946E-1,1.219110237E1));
#1114=CARTESIAN_POINT('',(-1.213598810708E0,-3.937108203506E-1,
1.212710123888E1));
#1115=CARTESIAN_POINT('',(-1.254018820758E0,-1.314942317202E-1,
1.208302205041E1));
#1116=CARTESIAN_POINT('',(-1.254018820758E0,-1.227723166843E-4,
1.206134813262E1));
#1118=DIRECTION('',(6.203415700094E-5,2.821601168513E-4,9.999999582687E-1));
#1119=VECTOR('',#1118,7.355492198411E-1);
#1120=CARTESIAN_POINT('',(1.254360833902E0,-1.303595111696E-4,
1.200489108545E1));
#1121=LINE('',#1120,#1119);
#1122=CARTESIAN_POINT('',(-1.254946584377E0,-3.572599628542E-6,
1.135439891214E1));
#1123=CARTESIAN_POINT('',(-1.254946584377E0,-1.315225797197E-1,
1.137616069832E1));
#1124=CARTESIAN_POINT('',(-1.213560064079E0,-3.948472699592E-1,
1.141930052728E1));
#1125=CARTESIAN_POINT('',(-1.029612365428E0,-7.536818087224E-1,
1.148523145507E1));
#1126=CARTESIAN_POINT('',(-7.473203560963E-1,-1.033695483255E0,
1.154967357760E1));
#1127=CARTESIAN_POINT('',(-3.921274692979E-1,-1.214305420831E0,
1.161502669076E1));
#1128=CARTESIAN_POINT('',(5.635190381222E-3,-1.275943991817E0,
1.168043404585E1));
#1129=CARTESIAN_POINT('',(3.976928862882E-1,-1.211866157717E0,
1.174520156372E1));
#1130=CARTESIAN_POINT('',(7.514085734189E-1,-1.031216683720E0,
1.180983227289E1));
#1131=CARTESIAN_POINT('',(1.034703945303E0,-7.464225164956E-1,
1.187531192965E1));
#1132=CARTESIAN_POINT('',(1.214059058431E0,-3.920187444534E-1,
1.193956840744E1));
#1133=CARTESIAN_POINT('',(1.254360833902E0,-1.307161789090E-1,
1.198339187731E1));
#1134=CARTESIAN_POINT('',(1.254360833902E0,-1.303595111696E-4,
1.200489108545E1));
#1136=DIRECTION('',(1.312347168427E-3,-1.686112796553E-4,9.999991246572E-1));
#1137=VECTOR('',#1136,7.069498392959E-1);
#1138=CARTESIAN_POINT('',(-1.254946584377E0,-3.572599628542E-6,
1.135439891214E1));
#1139=LINE('',#1138,#1137);
#1140=CARTESIAN_POINT('',(1.254019815750E0,1.568343138399E-5,1.141141327306E1));
#1141=CARTESIAN_POINT('',(1.254019815750E0,-1.314718532374E-1,
1.138961676278E1));
#1142=CARTESIAN_POINT('',(1.213510365766E0,-3.941598235718E-1,
1.134732708497E1));
#1143=CARTESIAN_POINT('',(1.034356146460E0,-7.463832132803E-1,
1.128238150754E1));
#1144=CARTESIAN_POINT('',(7.520167973365E-1,-1.031075958148E0,
1.121737131509E1));
#1145=CARTESIAN_POINT('',(3.949946726974E-1,-1.212915621777E0,
1.115218098606E1));
#1146=CARTESIAN_POINT('',(4.471137023005E-3,-1.275601006710E0,
1.108743180627E1));
#1147=CARTESIAN_POINT('',(-3.915936451022E-1,-1.214650266612E0,
1.102247849322E1));
#1148=CARTESIAN_POINT('',(-7.497329791733E-1,-1.032194305069E0,
1.095695081521E1));
#1149=CARTESIAN_POINT('',(-1.029988784712E0,-7.524689125188E-1,
1.089218939277E1));
#1150=CARTESIAN_POINT('',(-1.213192001813E0,-3.963384811881E-1,
1.082734336661E1));
#1151=CARTESIAN_POINT('',(-1.254400524105E0,-1.323884986918E-1,
1.078336547292E1));
#1152=CARTESIAN_POINT('',(-1.254400524105E0,-6.151801312483E-5,
1.076158722011E1));
#1154=DIRECTION('',(-1.123156963643E-3,6.806459311529E-5,9.999993669426E-1));
#1155=VECTOR('',#1154,7.070799053973E-1);
#1156=CARTESIAN_POINT('',(1.254813977470E0,-3.244367467688E-5,
1.070433381528E1));
#1157=LINE('',#1156,#1155);
#1158=CARTESIAN_POINT('',(-1.254231990173E0,8.898285283162E-5,
1.005494384815E1));
#1159=CARTESIAN_POINT('',(-1.254231990173E0,-1.309429695070E-1,
1.007668686654E1));
#1160=CARTESIAN_POINT('',(-1.213739869424E0,-3.931046183274E-1,
1.011906319401E1));
#1161=CARTESIAN_POINT('',(-1.034856901027E0,-7.458620283571E-1,
1.018392573637E1));
#1162=CARTESIAN_POINT('',(-7.522810607307E-1,-1.030759169560E0,
1.024909513450E1));
#1163=CARTESIAN_POINT('',(-3.968710529726E-1,-1.212197556833E0,
1.031388246328E1));
#1164=CARTESIAN_POINT('',(-5.986903444086E-3,-1.275752604317E0,
1.037859440370E1));
#1165=CARTESIAN_POINT('',(3.912022956251E-1,-1.214733783347E0,
1.044383271087E1));
#1166=CARTESIAN_POINT('',(7.480924647340E-1,-1.033229977008E0,
1.050888670598E1));
#1167=CARTESIAN_POINT('',(1.029359412298E0,-7.537342643405E-1,
1.057378411016E1));
#1168=CARTESIAN_POINT('',(1.213317857072E0,-3.957622343587E-1,
1.063891063610E1));
#1169=CARTESIAN_POINT('',(1.254813977470E0,-1.320090382495E-1,
1.068261319475E1));
#1170=CARTESIAN_POINT('',(1.254813977470E0,-3.244367467688E-5,
1.070433381528E1));
#1172=DIRECTION('',(-2.384992627937E-4,-2.129799333520E-4,9.999999488788E-1));
#1173=VECTOR('',#1172,7.066434080799E-1);
#1174=CARTESIAN_POINT('',(-1.254231990173E0,8.898285283162E-5,
1.005494384815E1));
#1175=LINE('',#1174,#1173);
#1176=CARTESIAN_POINT('',(1.254873879621E0,1.288787644830E-5,1.011180239833E1));
#1177=CARTESIAN_POINT('',(1.254873879621E0,-1.304852391087E-1,
1.009021464343E1));
#1178=CARTESIAN_POINT('',(1.214101435406E0,-3.923324101252E-1,
1.004728969155E1));
#1179=CARTESIAN_POINT('',(1.032326368479E0,-7.501851575999E-1,
9.981739107702E0));
#1180=CARTESIAN_POINT('',(7.484982278679E-1,-1.032940041188E0,
9.916593772966E0));
#1181=CARTESIAN_POINT('',(3.961988429102E-1,-1.212497511327E0,
9.852300710254E0));
#1182=CARTESIAN_POINT('',(8.633821372134E-4,-1.276162815894E0,
9.786956780882E0));
#1183=CARTESIAN_POINT('',(-3.954668554901E-1,-1.212850061846E0,
9.721751616148E0));
#1184=CARTESIAN_POINT('',(-7.479982698526E-1,-1.033208420404E0,
9.657283992783E0));
#1185=CARTESIAN_POINT('',(-1.031500377244E0,-7.513392809084E-1,
9.592063062620E0));
#1186=CARTESIAN_POINT('',(-1.214024308249E0,-3.927844438513E-1,
9.526868337013E0));
#1187=CARTESIAN_POINT('',(-1.254941961537E0,-1.307062808635E-1,
9.483274446516E0));
#1188=CARTESIAN_POINT('',(-1.254941961537E0,8.952093185874E-6,
9.461780860241E0));
#1190=DIRECTION('',(1.041020854326E-3,1.381062872887E-4,9.999994486010E-1));
#1191=VECTOR('',#1190,7.067041705407E-1);
#1192=CARTESIAN_POINT('',(1.254138185842E0,-8.471241275655E-5,
9.405098617469E0));
#1193=LINE('',#1192,#1191);
#1194=CARTESIAN_POINT('',(-1.254662882907E0,-3.462765854816E-5,
8.754714538254E0));
#1195=CARTESIAN_POINT('',(-1.254662882907E0,-1.320863001211E-1,
8.776560617991E0));
#1196=CARTESIAN_POINT('',(-1.213310457934E0,-3.959497278666E-1,
8.819454997246E0));
#1197=CARTESIAN_POINT('',(-1.029428361481E0,-7.535244217890E-1,
8.885092391908E0));
#1198=CARTESIAN_POINT('',(-7.484721889652E-1,-1.032995152559E0,
8.949690205433E0));
#1199=CARTESIAN_POINT('',(-3.911554614340E-1,-1.214768064420E0,
9.014779378985E0));
#1200=CARTESIAN_POINT('',(5.752947136884E-3,-1.275713076468E0,
9.080413754223E0));
#1201=CARTESIAN_POINT('',(3.965627491839E-1,-1.212326001104E0,
9.144668819858E0));
#1202=CARTESIAN_POINT('',(7.522915145274E-1,-1.030762317878E0,
9.210035048019E0));
#1203=CARTESIAN_POINT('',(1.034691678231E0,-7.460362339126E-1,
9.275351894903E0));
#1204=CARTESIAN_POINT('',(1.213658761675E0,-3.934178799722E-1,
9.339481882305E0));
#1205=CARTESIAN_POINT('',(1.254138185842E0,-1.313105717095E-1,
9.383485411949E0));
#1206=CARTESIAN_POINT('',(1.254138185842E0,-8.471241275655E-5,
9.405098617469E0));
#1208=DIRECTION('',(-3.946993357763E-4,6.163459763461E-5,9.999999202068E-1));
#1209=VECTOR('',#1208,7.070663784064E-1);
#1210=CARTESIAN_POINT('',(-1.254662882907E0,-3.462765854816E-5,
8.754714538254E0));
#1211=LINE('',#1210,#1209);
#1212=CARTESIAN_POINT('',(1.254496802641E0,3.754327739960E-5,8.811527999215E0));
#1213=CARTESIAN_POINT('',(1.254496802641E0,-1.321361366706E-1,
8.789640632993E0));
#1214=CARTESIAN_POINT('',(1.213278698066E0,-3.962248514148E-1,
8.746881793251E0));
#1215=CARTESIAN_POINT('',(1.029556490660E0,-7.531975253170E-1,
8.681097783473E0));
#1216=CARTESIAN_POINT('',(7.490354803291E-1,-1.032598672260E0,
8.616812188427E0));
#1217=CARTESIAN_POINT('',(3.915739875427E-1,-1.214653807940E0,
8.551337909503E0));
#1218=CARTESIAN_POINT('',(-5.254978072719E-3,-1.275685480229E0,
8.485986943044E0));
#1219=CARTESIAN_POINT('',(-3.958153621287E-1,-1.212561898340E0,
8.421535861481E0));
#1220=CARTESIAN_POINT('',(-7.518770637837E-1,-1.031123465956E0,
8.356526085701E0));
#1221=CARTESIAN_POINT('',(-1.034654108733E0,-7.461386045777E-1,
8.291072162087E0));
#1222=CARTESIAN_POINT('',(-1.213708252213E0,-3.933606712399E-1,
8.227026979511E0));
#1223=CARTESIAN_POINT('',(-1.254056165553E0,-1.313498385620E-1,
8.183005262861E0));
#1224=CARTESIAN_POINT('',(-1.254056165553E0,-1.520284301275E-4,
8.161370695275E0));
#1226=DIRECTION('',(-6.740652392034E-4,1.489038342611E-4,9.999997617318E-1));
#1227=VECTOR('',#1226,7.072275395450E-1);
#1228=CARTESIAN_POINT('',(1.254973520142E0,-6.776561493372E-5,
8.104300628179E0));
#1229=LINE('',#1228,#1227);
#1230=CARTESIAN_POINT('',(-1.254508057154E0,9.420500044586E-5,
7.454606699925E0));
#1231=CARTESIAN_POINT('',(-1.254508057154E0,-1.303871059110E-1,
7.476249586553E0));
#1232=CARTESIAN_POINT('',(-1.214062810050E0,-3.920028577296E-1,
7.518639975756E0));
#1233=CARTESIAN_POINT('',(-1.034569669274E0,-7.466630867131E-1,
7.584145133343E0));
#1234=CARTESIAN_POINT('',(-7.511583499683E-1,-1.031354969820E0,
7.649179993952E0));
#1235=CARTESIAN_POINT('',(-3.977495881635E-1,-1.211859104473E0,
7.713959894998E0));
#1236=CARTESIAN_POINT('',(-5.182416593022E-3,-1.275990164468E0,
7.778774400537E0));
#1237=CARTESIAN_POINT('',(3.925009603231E-1,-1.214135425318E0,
7.844215784094E0));
#1238=CARTESIAN_POINT('',(7.472854756808E-1,-1.033712735248E0,
7.908883750972E0));
#1239=CARTESIAN_POINT('',(1.029837516682E0,-7.534509221247E-1,
7.973856564107E0));
#1240=CARTESIAN_POINT('',(1.213643270261E0,-3.944549359341E-1,
8.039286712906E0));
#1241=CARTESIAN_POINT('',(1.254973520142E0,-1.314523670560E-1,
8.082688450100E0));
#1242=CARTESIAN_POINT('',(1.254973520142E0,-6.776561493372E-5,
8.104300628179E0));
#1244=DIRECTION('',(6.393810158173E-4,-3.483954572083E-4,9.999997349062E-1));
#1245=VECTOR('',#1244,7.067641827091E-1);
#1246=CARTESIAN_POINT('',(-1.254508057154E0,9.420500044586E-5,
7.454606699925E0));
#1247=LINE('',#1246,#1245);
#1248=CARTESIAN_POINT('',(1.253981592038E0,2.731374799641E-5,7.511349909551E0));
#1249=CARTESIAN_POINT('',(1.253981592038E0,-1.316657888471E-1,
7.489540854543E0));
#1250=CARTESIAN_POINT('',(1.213404419714E0,-3.946396923939E-1,
7.447233445830E0));
#1251=CARTESIAN_POINT('',(1.034019494708E0,-7.467694530543E-1,
7.382281283831E0));
#1252=CARTESIAN_POINT('',(7.519894146513E-1,-1.031098117273E0,
7.317350826491E0));
#1253=CARTESIAN_POINT('',(3.944561580438E-1,-1.213158867711E0,
7.252039474524E0));
#1254=CARTESIAN_POINT('',(3.741199349071E-3,-1.275555476662E0,
7.187425810830E0));
#1255=CARTESIAN_POINT('',(-3.916709196765E-1,-1.214598305043E0,
7.122456431720E0));
#1256=CARTESIAN_POINT('',(-7.501375870113E-1,-1.031981850317E0,
7.056878619130E0));
#1257=CARTESIAN_POINT('',(-1.030359811917E0,-7.518714414001E-1,
6.992224935830E0));
#1258=CARTESIAN_POINT('',(-1.213135778083E0,-3.964282823276E-1,
6.927416003252E0));
#1259=CARTESIAN_POINT('',(-1.254336546317E0,-1.324175201197E-1,
6.883303393762E0));
#1260=CARTESIAN_POINT('',(-1.254336546317E0,-2.678002559665E-5,
6.861503773690E0));
#1262=DIRECTION('',(-1.817600646986E-4,-2.880855915557E-5,9.999999830667E-1));
#1263=VECTOR('',#1262,7.063231367733E-1);
#1264=CARTESIAN_POINT('',(1.254109973377E0,4.766189986509E-5,6.805026784738E0));
#1265=LINE('',#1264,#1263);
#1266=CARTESIAN_POINT('',(-1.254350753682E0,4.575391780341E-5,
6.155028116076E0));
#1267=CARTESIAN_POINT('',(-1.254350753682E0,-1.322687715029E-1,
6.176938333469E0));
#1268=CARTESIAN_POINT('',(-1.213147292253E0,-3.963880778685E-1,
6.219580865429E0));
#1269=CARTESIAN_POINT('',(-1.030458661558E0,-7.517439693343E-1,
6.284834878253E0));
#1270=CARTESIAN_POINT('',(-7.500626313815E-1,-1.032076562123E0,
6.349576958518E0));
#1271=CARTESIAN_POINT('',(-3.915295902321E-1,-1.214595317100E0,
6.414762166990E0));
#1272=CARTESIAN_POINT('',(3.303583994427E-3,-1.275538129152E0,
6.479879044926E0));
#1273=CARTESIAN_POINT('',(3.944687850416E-1,-1.213234839806E0,
6.544509165113E0));
#1274=CARTESIAN_POINT('',(7.521596768772E-1,-1.030882252987E0,
6.609591357337E0));
#1275=CARTESIAN_POINT('',(1.033494162552E0,-7.474341852882E-1,
6.675051197543E0));
#1276=CARTESIAN_POINT('',(1.213287039602E0,-3.950275716437E-1,
6.738920543166E0));
#1277=CARTESIAN_POINT('',(1.254109973377E0,-1.318434520435E-1,
6.783280627127E0));
#1278=CARTESIAN_POINT('',(1.254109973377E0,4.766189986509E-5,6.805026784738E0));
#1280=DIRECTION('',(2.011019839887E-5,-1.026701234804E-4,9.999999945272E-1));
#1281=VECTOR('',#1280,7.064756614799E-1);
#1282=CARTESIAN_POINT('',(-1.254350753682E0,4.575391780341E-5,
6.155028116076E0));
#1283=LINE('',#1282,#1281);
#1284=CARTESIAN_POINT('',(1.254790947177E0,1.562251140556E-4,6.211861851482E0));
#1285=CARTESIAN_POINT('',(1.254790947177E0,-1.302509348423E-1,
6.190278688432E0));
#1286=CARTESIAN_POINT('',(1.214162668104E0,-3.920901778185E-1,
6.147179203897E0));
#1287=CARTESIAN_POINT('',(1.032895596445E0,-7.493472398324E-1,
6.081870423161E0));
#1288=CARTESIAN_POINT('',(7.489636820475E-1,-1.032672536435E0,
6.016774704144E0));
#1289=CARTESIAN_POINT('',(3.967182442528E-1,-1.212263324816E0,
5.952235971274E0));
#1290=CARTESIAN_POINT('',(2.059725345328E-3,-1.276146787909E0,
5.887090107415E0));
#1291=CARTESIAN_POINT('',(-3.948117539796E-1,-1.213142688951E0,
5.821914224655E0));
#1292=CARTESIAN_POINT('',(-7.476845009747E-1,-1.033396051648E0,
5.757262543013E0));
#1293=CARTESIAN_POINT('',(-1.030953657758E0,-7.520760673053E-1,
5.692220079635E0));
#1294=CARTESIAN_POINT('',(-1.213939004258E0,-3.932002067287E-1,
5.626912428022E0));
#1295=CARTESIAN_POINT('',(-1.254971548474E0,-1.308910122255E-1,
5.583372230934E0));
#1296=CARTESIAN_POINT('',(-1.254971548474E0,-1.791992634716E-5,
5.561833824350E0));
#1298=DIRECTION('',(-1.651973423323E-4,2.524396466774E-4,9.999999544920E-1));
#1299=VECTOR('',#1298,7.073408218389E-1);
#1300=CARTESIAN_POINT('',(1.254907798001E0,-2.233575308996E-5,
5.504521061833E0));
#1301=LINE('',#1300,#1299);
#1302=CARTESIAN_POINT('',(-1.254797971231E0,-1.802998605737E-6,
4.854485290242E0));
#1303=CARTESIAN_POINT('',(-1.254797971231E0,-1.304784518276E-1,
4.876048866202E0));
#1304=CARTESIAN_POINT('',(-1.214107209364E0,-3.921579874042E-1,
4.918930192090E0));
#1305=CARTESIAN_POINT('',(-1.032904500230E0,-7.493086553007E-1,
4.984265165822E0));
#1306=CARTESIAN_POINT('',(-7.491151584709E-1,-1.032577639979E0,
5.049514775410E0));
#1307=CARTESIAN_POINT('',(-3.965196877403E-1,-1.212379105835E0,
5.113874357421E0));
#1308=CARTESIAN_POINT('',(-1.605390682619E-3,-1.276136795699E0,
5.179476015510E0));
#1309=CARTESIAN_POINT('',(3.949363464594E-1,-1.213069456490E0,
5.244577078756E0));
#1310=CARTESIAN_POINT('',(7.479053795118E-1,-1.033317914188E0,
5.309242872776E0));
#1311=CARTESIAN_POINT('',(1.031474305207E0,-7.513544963611E-1,
5.374330551889E0));
#1312=CARTESIAN_POINT('',(1.213983379820E0,-3.929411937233E-1,
5.439685294216E0));
#1313=CARTESIAN_POINT('',(1.254907798001E0,-1.307838948814E-1,
5.483007231954E0));
#1314=CARTESIAN_POINT('',(1.254907798001E0,-2.233575308996E-5,
5.504521061833E0));
#1316=DIRECTION('',(-2.453913871621E-4,-2.278498713833E-5,9.999999696320E-1));
#1317=VECTOR('',#1316,7.073485555893E-1);
#1318=CARTESIAN_POINT('',(-1.254797971231E0,-1.802998605737E-6,
4.854485290242E0));
#1319=LINE('',#1318,#1317);
#1320=CARTESIAN_POINT('',(1.254577590198E0,1.180169721057E-5,4.911585829903E0));
#1321=CARTESIAN_POINT('',(1.254577590198E0,-1.320475419075E-1,
4.889766431662E0));
#1322=CARTESIAN_POINT('',(1.213355125540E0,-3.959678377868E-1,
4.846808339211E0));
#1323=CARTESIAN_POINT('',(1.029392690694E0,-7.535414469284E-1,
4.781157799666E0));
#1324=CARTESIAN_POINT('',(7.486302843810E-1,-1.032826732528E0,
4.716728765776E0));
#1325=CARTESIAN_POINT('',(3.917031006529E-1,-1.214596445027E0,
4.651317902590E0));
#1326=CARTESIAN_POINT('',(-5.560931187514E-3,-1.275749624434E0,
4.586053956260E0));
#1327=CARTESIAN_POINT('',(-3.962972311197E-1,-1.212357230361E0,
4.521492495981E0));
#1328=CARTESIAN_POINT('',(-7.517017117761E-1,-1.031204664530E0,
4.456438137359E0));
#1329=CARTESIAN_POINT('',(-1.034757379182E0,-7.461032999895E-1,
4.391068783095E0));
#1330=CARTESIAN_POINT('',(-1.213815025027E0,-3.929436966689E-1,
4.326922617681E0));
#1331=CARTESIAN_POINT('',(-1.254139160105E0,-1.311075841227E-1,
4.282978127021E0));
#1332=CARTESIAN_POINT('',(-1.254139160105E0,-1.104542267743E-4,
4.261359028307E0));
#1334=DIRECTION('',(5.211587000887E-4,1.976939285767E-4,9.999998446553E-1));
#1335=VECTOR('',#1334,7.068168633676E-1);
#1336=CARTESIAN_POINT('',(1.254209226441E0,-1.279317052929E-4,
4.204769076336E0));
#1337=LINE('',#1336,#1335);
#1338=CARTESIAN_POINT('',(-1.254140091862E0,1.163924708744E-4,
3.555089077957E0));
#1339=CARTESIAN_POINT('',(-1.254140091862E0,-1.320910188896E-1,
3.576998852793E0));
#1340=CARTESIAN_POINT('',(-1.213135747683E0,-3.959736933912E-1,
3.619415035243E0));
#1341=CARTESIAN_POINT('',(-1.032224992601E0,-7.491389733003E-1,
3.684584839188E0));
#1342=CARTESIAN_POINT('',(-7.514522886001E-1,-1.031304035090E0,
3.749391982764E0));
#1343=CARTESIAN_POINT('',(-3.930095035801E-1,-1.213891938375E0,
3.814669470345E0));
#1344=CARTESIAN_POINT('',(-6.220519000638E-4,-1.275488280700E0,
3.879312436851E0));
#1345=CARTESIAN_POINT('',(3.924575326788E-1,-1.214154325101E0,
3.944298763003E0));
#1346=CARTESIAN_POINT('',(7.511112808270E-1,-1.031484166312E0,
4.009459644168E0));
#1347=CARTESIAN_POINT('',(1.031682195169E0,-7.499448236781E-1,
4.074401635561E0));
#1348=CARTESIAN_POINT('',(1.213114741807E0,-3.960573522961E-1,
4.138960350020E0));
#1349=CARTESIAN_POINT('',(1.254209226441E0,-1.324068375720E-1,
4.182911524903E0));
#1350=CARTESIAN_POINT('',(1.254209226441E0,-1.279317052929E-4,
4.204769076336E0));
#1352=DIRECTION('',(1.319264776944E-6,-3.211897742992E-4,9.999999484177E-1));
#1353=VECTOR('',#1352,7.062699867816E-1);
#1354=CARTESIAN_POINT('',(-1.254140091862E0,1.163924708744E-4,
3.555089077957E0));
#1355=LINE('',#1354,#1353);
#1356=CARTESIAN_POINT('',(1.253977586271E0,3.595883315674E-5,3.611321292980E0));
#1357=CARTESIAN_POINT('',(1.253977586271E0,-1.318386601500E-1,
3.589515517629E0));
#1358=CARTESIAN_POINT('',(1.213313601718E0,-3.950470042636E-1,
3.547105790415E0));
#1359=CARTESIAN_POINT('',(1.033655248902E0,-7.472026962126E-1,
3.482163046901E0));
#1360=CARTESIAN_POINT('',(7.520119209331E-1,-1.031066046515E0,
3.417322560867E0));
#1361=CARTESIAN_POINT('',(3.939853251629E-1,-1.213397099746E0,
3.351927908382E0));
#1362=CARTESIAN_POINT('',(2.886091915435E-3,-1.275519302021E0,
3.287327504820E0));
#1363=CARTESIAN_POINT('',(-3.917920388150E-1,-1.214513160745E0,
3.222389194779E0));
#1364=CARTESIAN_POINT('',(-7.504954536438E-1,-1.031810462580E0,
3.156809678306E0));
#1365=CARTESIAN_POINT('',(-1.030809935118E0,-7.511883087494E-1,
3.092195586189E0));
#1366=CARTESIAN_POINT('',(-1.213112694543E0,-3.964017636354E-1,
3.027442560275E0));
#1367=CARTESIAN_POINT('',(-1.254250815009E0,-1.324433909995E-1,
2.983322758562E0));
#1368=CARTESIAN_POINT('',(-1.254250815009E0,-4.421739110020E-5,
2.961453521413E0));
#1370=DIRECTION('',(-9.338964424576E-4,2.609242825787E-6,9.999995639152E-1));
#1371=VECTOR('',#1370,7.064181666147E-1);
#1372=CARTESIAN_POINT('',(1.254637307684E0,3.411561662349E-5,2.904903434424E0));
#1373=LINE('',#1372,#1371);
#1374=CARTESIAN_POINT('',(-1.254993358542E0,9.153354769743E-6,
2.254513834269E0));
#1375=CARTESIAN_POINT('',(-1.254993358542E0,-1.309567681528E-1,
2.276092564503E0));
#1376=CARTESIAN_POINT('',(-1.213853072755E0,-3.934785742459E-1,
2.319444100407E0));
#1377=CARTESIAN_POINT('',(-1.030815389896E0,-7.522546363084E-1,
2.384710574059E0));
#1378=CARTESIAN_POINT('',(-7.474257008330E-1,-1.033635084820E0,
2.449920390495E0));
#1379=CARTESIAN_POINT('',(-3.939715049330E-1,-1.213465732350E0,
2.514425653379E0));
#1380=CARTESIAN_POINT('',(3.038436766174E-3,-1.276106657207E0,
2.579848782052E0));
#1381=CARTESIAN_POINT('',(3.972463619684E-1,-1.212091832576E0,
2.644974590477E0));
#1382=CARTESIAN_POINT('',(7.498714881257E-1,-1.032091254491E0,
2.709292458186E0));
#1383=CARTESIAN_POINT('',(1.033505384337E0,-7.483766939149E-1,
2.775080476498E0));
#1384=CARTESIAN_POINT('',(1.214185110911E0,-3.919061342546E-1,
2.839743456086E0));
#1385=CARTESIAN_POINT('',(1.254637307684E0,-1.303831933196E-1,
2.883405975372E0));
#1386=CARTESIAN_POINT('',(1.254637307684E0,3.411561662349E-5,2.904903434424E0));
#1388=DIRECTION('',(1.050362760556E-3,-7.549543086562E-5,9.999994455191E-1));
#1389=VECTOR('',#1388,7.069400791280E-1);
#1390=CARTESIAN_POINT('',(-1.254993358542E0,9.153354769743E-6,
2.254513834269E0));
#1391=LINE('',#1390,#1389);
#1392=CARTESIAN_POINT('',(1.254696076220E0,8.950278093333E-5,2.311875150761E0));
#1393=CARTESIAN_POINT('',(1.254696076220E0,-1.302794052462E-1,
2.290345230209E0));
#1394=CARTESIAN_POINT('',(1.214196182792E0,-3.918709979805E-1,
2.247174115871E0));
#1395=CARTESIAN_POINT('',(1.033392612033E0,-7.486116243726E-1,
2.182155625377E0));
#1396=CARTESIAN_POINT('',(7.494248150766E-1,-1.032410429037E0,
2.116885017988E0));
#1397=CARTESIAN_POINT('',(3.970385071446E-1,-1.212112932725E0,
2.052202736996E0));
#1398=CARTESIAN_POINT('',(3.057456261443E-3,-1.276114975106E0,
1.987250979679E0));
#1399=CARTESIAN_POINT('',(-3.942369598675E-1,-1.213412164038E0,
1.921984741140E0));
#1400=CARTESIAN_POINT('',(-7.475652924982E-1,-1.033457958622E0,
1.857233701320E0));
#1401=CARTESIAN_POINT('',(-1.030495226544E0,-7.526522024681E-1,
1.792334365881E0));
#1402=CARTESIAN_POINT('',(-1.213836533639E0,-3.936527508304E-1,
1.726913146781E0));
#1403=CARTESIAN_POINT('',(-1.255001712693E0,-1.310354476550E-1,
1.683495373016E0));
#1404=CARTESIAN_POINT('',(-1.255001712693E0,4.053517829714E-6,
1.661878836122E0));
#1406=DIRECTION('',(1.985187914949E-4,1.858876687471E-4,9.999999630180E-1));
#1407=VECTOR('',#1406,7.077404729847E-1);
#1408=CARTESIAN_POINT('',(1.254555576437E0,-4.205744566775E-5,
1.604134703950E0));
#1409=LINE('',#1408,#1407);
#1410=CARTESIAN_POINT('',(-1.254097265222E0,6.455691491963E-5,
8.559289407888E-1));
#1411=CARTESIAN_POINT('',(-1.254097265222E0,-1.318488120141E-1,
8.835400818217E-1));
#1412=CARTESIAN_POINT('',(-1.213231392172E0,-3.952882094667E-1,
9.369622631138E-1));
#1413=CARTESIAN_POINT('',(-1.033274433319E0,-7.478472743357E-1,
1.017502561236E0));
#1414=CARTESIAN_POINT('',(-7.511696991138E-1,-1.031626449662E0,
1.096396955648E0));
#1415=CARTESIAN_POINT('',(-3.937844678798E-1,-1.213388789087E0,
1.174952908903E0));
#1416=CARTESIAN_POINT('',(-2.656123769201E-3,-1.275602436967E0,
1.250691620708E0));
#1417=CARTESIAN_POINT('',(3.928220756861E-1,-1.214192548301E0,
1.325481296357E0));
#1418=CARTESIAN_POINT('',(7.505795613722E-1,-1.031575785573E0,
1.398508764327E0));
#1419=CARTESIAN_POINT('',(1.030635583529E0,-7.515817581389E-1,
1.469037449233E0));
#1420=CARTESIAN_POINT('',(1.213291257553E0,-3.956595114777E-1,
1.537706256170E0));
#1421=CARTESIAN_POINT('',(1.254555576437E0,-1.320583885098E-1,
1.582252459666E0));
#1422=CARTESIAN_POINT('',(1.254555576437E0,-4.205744566775E-5,
1.604134703950E0));
#1424=DIRECTION('',(-1.122212316542E-3,-7.507086876243E-5,9.999993675017E-1));
#1425=VECTOR('',#1424,8.059504050950E-1);
#1426=CARTESIAN_POINT('',(-1.254097265222E0,6.455691491963E-5,
8.559289407888E-1));
#1427=LINE('',#1426,#1425);
#1428=CARTESIAN_POINT('',(1.254744857049E0,6.552921645047E-5,1.011746713722E0));
#1429=CARTESIAN_POINT('',(1.254744857049E0,-1.320394337145E-1,
9.899087859993E-1));
#1430=CARTESIAN_POINT('',(1.213286970825E0,-3.961170761569E-1,
9.470606898333E-1));
#1431=CARTESIAN_POINT('',(1.028989256263E0,-7.542285057046E-1,
8.839953975906E-1));
#1432=CARTESIAN_POINT('',(7.477466954709E-1,-1.033437627695E0,
8.239266376531E-1));
#1433=CARTESIAN_POINT('',(3.910045436052E-1,-1.214819547075E0,
7.653836081851E-1));
#1434=CARTESIAN_POINT('',(-6.732956589705E-3,-1.275807593929E0,
7.082564366554E-1));
#1435=CARTESIAN_POINT('',(-3.976209789303E-1,-1.211875343379E0,
6.537558666709E-1));
#1436=CARTESIAN_POINT('',(-7.521757281628E-1,-1.030798552633E0,
6.004826337052E-1));
#1437=CARTESIAN_POINT('',(-1.035253869016E0,-7.454967845609E-1,
5.481542594629E-1));
#1438=CARTESIAN_POINT('',(-1.214082233351E0,-3.919970686557E-1,
4.982883688832E-1));
#1439=CARTESIAN_POINT('',(-1.254160723166E0,-1.307008694137E-1,
4.648566256136E-1));
#1440=CARTESIAN_POINT('',(-1.254160723166E0,-1.001987655103E-4,
4.487139982196E-1));
#1442=DIRECTION('',(-3.143134838479E-4,8.072618206207E-5,9.999999473452E-1));
#1443=VECTOR('',#1442,8.117467564642E-1);
#1444=CARTESIAN_POINT('',(1.255E0,0.E0,2.E-1));
#1445=LINE('',#1444,#1443);
#1446=DIRECTION('',(3.374446123810E-3,-4.028650884909E-4,9.999942253899E-1));
#1447=VECTOR('',#1446,2.487154344543E-1);
#1448=CARTESIAN_POINT('',(-1.255E0,0.E0,2.E-1));
#1449=LINE('',#1448,#1447);
#1450=CARTESIAN_POINT('',(0.E0,0.E0,2.E-1));
#1451=DIRECTION('',(0.E0,0.E0,-1.E0));
#1452=DIRECTION('',(1.E0,0.E0,0.E0));
#1453=AXIS2_PLACEMENT_3D('',#1450,#1451,#1452);
#1455=CARTESIAN_POINT('',(1.455E0,0.E0,2.E-1));
#1456=DIRECTION('',(0.E0,-1.E0,0.E0));
#1457=DIRECTION('',(-1.E0,0.E0,0.E0));
#1458=AXIS2_PLACEMENT_3D('',#1455,#1456,#1457);
#1460=CARTESIAN_POINT('',(-1.455E0,0.E0,2.E-1));
#1461=DIRECTION('',(0.E0,1.E0,0.E0));
#1462=DIRECTION('',(1.E0,0.E0,0.E0));
#1463=AXIS2_PLACEMENT_3D('',#1460,#1461,#1462);
#1465=CARTESIAN_POINT('',(-8.451523475620E-2,4.948344926277E-1,1.51475E1));
#1466=CARTESIAN_POINT('',(-3.806380853914E-2,5.277934175534E-1,
1.511576176301E1));
#1467=CARTESIAN_POINT('',(7.354570423680E-2,5.806410777400E-1,
1.505228513613E1));
#1468=CARTESIAN_POINT('',(3.495773065177E-1,6.040220387164E-1,
1.492533204332E1));
#1469=CARTESIAN_POINT('',(5.818547595319E-1,4.988173283136E-1,
1.483011718750E1));
#1470=CARTESIAN_POINT('',(7.038660586395E-1,3.706046476972E-1,
1.476664062500E1));
#1472=DIRECTION('',(-5.659256191174E-1,-6.556168759180E-1,-4.998946945489E-1));
#1473=VECTOR('',#1472,7.653429104570E-2);
#1474=CARTESIAN_POINT('',(7.038660586395E-1,3.706046476972E-1,
1.476664062500E1));
#1475=LINE('',#1474,#1473);
#1476=CARTESIAN_POINT('',(-7.910218432834E-2,4.885851039828E-1,
1.514272660242E1));
#1477=CARTESIAN_POINT('',(-7.832463299975E-2,4.876874178244E-1,
1.514447669321E1));
#1478=CARTESIAN_POINT('',(-7.676828767603E-2,4.858906108442E-1,
1.514797558302E1));
#1479=CARTESIAN_POINT('',(-7.442995202048E-2,4.831909928582E-1,
1.515321995542E1));
#1480=CARTESIAN_POINT('',(-7.286845962873E-2,4.813882435671E-1,
1.515671349132E1));
#1481=CARTESIAN_POINT('',(-7.208704707130E-2,4.804860996043E-1,
1.515845956556E1));
#1483=DIRECTION('',(5.670018406372E-1,-6.546059216910E-1,-5.000000000011E-1));
#1484=VECTOR('',#1483,9.546795159924E-3);
#1485=CARTESIAN_POINT('',(-8.451523475620E-2,4.948344926277E-1,1.51475E1));
#1486=LINE('',#1485,#1484);
#1487=DIRECTION('',(-5.670018406378E-1,6.546059216914E-1,-4.999999999998E-1));
#1488=VECTOR('',#1487,2.191913111061E-2);
#1489=CARTESIAN_POINT('',(-7.208704707130E-2,4.804860996043E-1,
1.515845956556E1));
#1490=LINE('',#1489,#1488);
#1491=CARTESIAN_POINT('',(0.E0,0.E0,-1.622048961922E-2));
#1492=DIRECTION('',(0.E0,0.E0,1.E0));
#1493=DIRECTION('',(1.E0,0.E0,0.E0));
#1494=AXIS2_PLACEMENT_3D('',#1491,#1492,#1493);
#1496=CARTESIAN_POINT('',(-8.451523475620E-2,4.948344926277E-1,1.51475E1));
#1497=CARTESIAN_POINT('',(-7.910218432834E-2,4.885851039828E-1,
1.514272660242E1));
#1498=VERTEX_POINT('',#1496);
#1499=VERTEX_POINT('',#1497);
#1500=CARTESIAN_POINT('',(-7.208704707130E-2,4.804860996043E-1,
1.515845956556E1));
#1501=VERTEX_POINT('',#1500);
#1502=VERTEX_POINT('',#246);
#1503=VERTEX_POINT('',#251);
#1504=CARTESIAN_POINT('',(6.506205832295E-1,2.351465036727E-1,-1.04E0));
#1505=VERTEX_POINT('',#1504);
#1506=CARTESIAN_POINT('',(7.186136133435E-1,4.444075330973E-1,
-2.552248914384E0));
#1507=VERTEX_POINT('',#1506);
#1508=CARTESIAN_POINT('',(3.987276725443E-1,3.987276725443E-1,-1.04E0));
#1509=VERTEX_POINT('',#1508);
#1510=CARTESIAN_POINT('',(5.530644480339E-1,5.530644480339E-1,
-2.559099726972E0));
#1511=VERTEX_POINT('',#1510);
#1512=CARTESIAN_POINT('',(2.351465036727E-1,6.506205832295E-1,-1.04E0));
#1513=VERTEX_POINT('',#1512);
#1514=CARTESIAN_POINT('',(4.444075330973E-1,7.186136133435E-1,
-2.552248914384E0));
#1515=VERTEX_POINT('',#1514);
#1516=CARTESIAN_POINT('',(1.794040049219E-1,1.714250821209E0,-1.04E0));
#1517=VERTEX_POINT('',#1516);
#1518=VERTEX_POINT('',#205);
#1519=CARTESIAN_POINT('',(-1.794040049219E-1,1.714250821209E0,-1.04E0));
#1520=VERTEX_POINT('',#1519);
#1521=VERTEX_POINT('',#193);
#1522=CARTESIAN_POINT('',(-2.351465036727E-1,6.506205832295E-1,-1.04E0));
#1523=VERTEX_POINT('',#1522);
#1524=CARTESIAN_POINT('',(-4.444075330973E-1,7.186136133435E-1,
-2.552248914384E0));
#1525=VERTEX_POINT('',#1524);
#1526=CARTESIAN_POINT('',(-3.987276725443E-1,3.987276725443E-1,-1.04E0));
#1527=VERTEX_POINT('',#1526);
#1528=CARTESIAN_POINT('',(-5.530644480339E-1,5.530644480339E-1,
-2.559099726972E0));
#1529=VERTEX_POINT('',#1528);
#1530=CARTESIAN_POINT('',(-6.506205832295E-1,2.351465036727E-1,-1.04E0));
#1531=VERTEX_POINT('',#1530);
#1532=CARTESIAN_POINT('',(-7.186136133435E-1,4.444075330973E-1,
-2.552248914384E0));
#1533=VERTEX_POINT('',#1532);
#1534=CARTESIAN_POINT('',(-1.714250821209E0,1.794040049219E-1,-1.04E0));
#1535=VERTEX_POINT('',#1534);
#1536=VERTEX_POINT('',#145);
#1537=CARTESIAN_POINT('',(-1.730756297864E0,0.E0,-1.04E0));
#1538=VERTEX_POINT('',#1537);
#1539=CARTESIAN_POINT('',(-1.714250821209E0,-1.794040049219E-1,-1.04E0));
#1540=VERTEX_POINT('',#1539);
#1541=VERTEX_POINT('',#133);
#1542=CARTESIAN_POINT('',(-6.506205832295E-1,-2.351465036727E-1,-1.04E0));
#1543=VERTEX_POINT('',#1542);
#1544=CARTESIAN_POINT('',(-7.186136133435E-1,-4.444075330973E-1,
-2.552248914384E0));
#1545=VERTEX_POINT('',#1544);
#1546=CARTESIAN_POINT('',(-3.987276725443E-1,-3.987276725443E-1,-1.04E0));
#1547=VERTEX_POINT('',#1546);
#1548=CARTESIAN_POINT('',(-5.530644480339E-1,-5.530644480339E-1,
-2.559099726972E0));
#1549=VERTEX_POINT('',#1548);
#1550=CARTESIAN_POINT('',(-2.351465036727E-1,-6.506205832295E-1,-1.04E0));
#1551=VERTEX_POINT('',#1550);
#1552=CARTESIAN_POINT('',(-4.444075330973E-1,-7.186136133435E-1,
-2.552248914384E0));
#1553=VERTEX_POINT('',#1552);
#1554=CARTESIAN_POINT('',(-1.794040049219E-1,-1.714250821209E0,-1.04E0));
#1555=VERTEX_POINT('',#1554);
#1556=VERTEX_POINT('',#92);
#1557=CARTESIAN_POINT('',(1.794040049219E-1,-1.714250821209E0,-1.04E0));
#1558=VERTEX_POINT('',#1557);
#1559=VERTEX_POINT('',#80);
#1560=CARTESIAN_POINT('',(2.351465036727E-1,-6.506205832295E-1,-1.04E0));
#1561=VERTEX_POINT('',#1560);
#1562=CARTESIAN_POINT('',(4.444075330973E-1,-7.186136133435E-1,
-2.552248914384E0));
#1563=VERTEX_POINT('',#1562);
#1564=CARTESIAN_POINT('',(3.987276725443E-1,-3.987276725443E-1,-1.04E0));
#1565=VERTEX_POINT('',#1564);
#1566=CARTESIAN_POINT('',(5.530644480339E-1,-5.530644480339E-1,
-2.559099726972E0));
#1567=VERTEX_POINT('',#1566);
#1568=CARTESIAN_POINT('',(6.506205832295E-1,-2.351465036727E-1,-1.04E0));
#1569=VERTEX_POINT('',#1568);
#1570=CARTESIAN_POINT('',(7.186136133435E-1,-4.444075330973E-1,
-2.552248914384E0));
#1571=VERTEX_POINT('',#1570);
#1572=CARTESIAN_POINT('',(1.714250821209E0,-1.794040049219E-1,-1.04E0));
#1573=VERTEX_POINT('',#1572);
#1574=VERTEX_POINT('',#32);
#1575=CARTESIAN_POINT('',(-1.914920955491E0,0.E0,-2.351389385016E0));
#1576=CARTESIAN_POINT('',(-2.563022868668E0,0.E0,-2.148413524456E0));
#1577=VERTEX_POINT('',#1575);
#1578=VERTEX_POINT('',#1576);
#1579=CARTESIAN_POINT('',(1.914920955491E0,0.E0,-2.351389385016E0));
#1580=CARTESIAN_POINT('',(2.563022868668E0,0.E0,-2.148413524456E0));
#1581=VERTEX_POINT('',#1579);
#1582=VERTEX_POINT('',#1580);
#1583=CARTESIAN_POINT('',(0.E0,0.E0,1.6E1));
#1584=CARTESIAN_POINT('',(7.222306405241E-1,-7.079887476709E-5,
1.474860270016E1));
#1585=VERTEX_POINT('',#1583);
#1586=VERTEX_POINT('',#1584);
#1587=CARTESIAN_POINT('',(-1.018534837680E0,0.E0,1.423584591186E1));
#1588=VERTEX_POINT('',#1587);
#1589=CARTESIAN_POINT('',(8.165956105684E-1,6.025123525366E-6,
1.458562246074E1));
#1590=CARTESIAN_POINT('',(1.018534837680E0,0.E0,1.423584591186E1));
#1591=VERTEX_POINT('',#1589);
#1592=VERTEX_POINT('',#1590);
#1593=VERTEX_POINT('',#699);
#1594=VERTEX_POINT('',#723);
#1595=CARTESIAN_POINT('',(6.062286832530E-1,-8.184741896775E-1,
1.423584591186E1));
#1596=CARTESIAN_POINT('',(7.469719928440E-1,-1.008492856646E0,
1.335334591186E1));
#1597=VERTEX_POINT('',#1595);
#1598=VERTEX_POINT('',#1596);
#1599=VERTEX_POINT('',#1075);
#1600=VERTEX_POINT('',#1080);
#1601=VERTEX_POINT('',#744);
#1602=VERTEX_POINT('',#661);
#1603=CARTESIAN_POINT('',(-1.254064267942E0,5.586355148349E-5,
1.265516695210E1));
#1604=CARTESIAN_POINT('',(-1.255E0,0.E0,1.335334591186E1));
#1605=VERTEX_POINT('',#1603);
#1606=VERTEX_POINT('',#1604);
#1607=CARTESIAN_POINT('',(1.254360833902E0,-1.303595111696E-4,
1.200489108545E1));
#1608=CARTESIAN_POINT('',(1.254406463078E0,7.718314265065E-5,1.274044027460E1));
#1609=VERTEX_POINT('',#1607);
#1610=VERTEX_POINT('',#1608);
#1611=CARTESIAN_POINT('',(-1.254946584377E0,-3.572599628542E-6,
1.135439891214E1));
#1612=CARTESIAN_POINT('',(-1.254018820758E0,-1.227723166843E-4,
1.206134813262E1));
#1613=VERTEX_POINT('',#1611);
#1614=VERTEX_POINT('',#1612);
#1615=CARTESIAN_POINT('',(1.254813977470E0,-3.244367467688E-5,
1.070433381528E1));
#1616=CARTESIAN_POINT('',(1.254019815750E0,1.568343138399E-5,1.141141327306E1));
#1617=VERTEX_POINT('',#1615);
#1618=VERTEX_POINT('',#1616);
#1619=CARTESIAN_POINT('',(-1.254231990173E0,8.898285283162E-5,
1.005494384815E1));
#1620=CARTESIAN_POINT('',(-1.254400524105E0,-6.151801312483E-5,
1.076158722011E1));
#1621=VERTEX_POINT('',#1619);
#1622=VERTEX_POINT('',#1620);
#1623=CARTESIAN_POINT('',(1.254138185842E0,-8.471241275655E-5,
9.405098617469E0));
#1624=CARTESIAN_POINT('',(1.254873879621E0,1.288787644830E-5,1.011180239833E1));
#1625=VERTEX_POINT('',#1623);
#1626=VERTEX_POINT('',#1624);
#1627=CARTESIAN_POINT('',(-1.254662882907E0,-3.462765854816E-5,
8.754714538254E0));
#1628=CARTESIAN_POINT('',(-1.254941961537E0,8.952093185874E-6,
9.461780860241E0));
#1629=VERTEX_POINT('',#1627);
#1630=VERTEX_POINT('',#1628);
#1631=CARTESIAN_POINT('',(1.254973520142E0,-6.776561493372E-5,
8.104300628179E0));
#1632=CARTESIAN_POINT('',(1.254496802641E0,3.754327739960E-5,8.811527999215E0));
#1633=VERTEX_POINT('',#1631);
#1634=VERTEX_POINT('',#1632);
#1635=CARTESIAN_POINT('',(-1.254508057154E0,9.420500044586E-5,
7.454606699925E0));
#1636=CARTESIAN_POINT('',(-1.254056165553E0,-1.520284301275E-4,
8.161370695275E0));
#1637=VERTEX_POINT('',#1635);
#1638=VERTEX_POINT('',#1636);
#1639=CARTESIAN_POINT('',(1.254109973377E0,4.766189986509E-5,6.805026784738E0));
#1640=CARTESIAN_POINT('',(1.253981592038E0,2.731374799641E-5,7.511349909551E0));
#1641=VERTEX_POINT('',#1639);
#1642=VERTEX_POINT('',#1640);
#1643=CARTESIAN_POINT('',(-1.254350753682E0,4.575391780341E-5,
6.155028116076E0));
#1644=CARTESIAN_POINT('',(-1.254336546317E0,-2.678002559665E-5,
6.861503773690E0));
#1645=VERTEX_POINT('',#1643);
#1646=VERTEX_POINT('',#1644);
#1647=CARTESIAN_POINT('',(1.254907798001E0,-2.233575308996E-5,
5.504521061833E0));
#1648=CARTESIAN_POINT('',(1.254790947177E0,1.562251140556E-4,6.211861851482E0));
#1649=VERTEX_POINT('',#1647);
#1650=VERTEX_POINT('',#1648);
#1651=CARTESIAN_POINT('',(-1.254797971231E0,-1.802998605737E-6,
4.854485290242E0));
#1652=CARTESIAN_POINT('',(-1.254971548474E0,-1.791992634716E-5,
5.561833824350E0));
#1653=VERTEX_POINT('',#1651);
#1654=VERTEX_POINT('',#1652);
#1655=CARTESIAN_POINT('',(1.254209226441E0,-1.279317052929E-4,
4.204769076336E0));
#1656=CARTESIAN_POINT('',(1.254577590198E0,1.180169721057E-5,4.911585829903E0));
#1657=VERTEX_POINT('',#1655);
#1658=VERTEX_POINT('',#1656);
#1659=CARTESIAN_POINT('',(-1.254140091862E0,1.163924708744E-4,
3.555089077957E0));
#1660=CARTESIAN_POINT('',(-1.254139160105E0,-1.104542267743E-4,
4.261359028307E0));
#1661=VERTEX_POINT('',#1659);
#1662=VERTEX_POINT('',#1660);
#1663=CARTESIAN_POINT('',(1.254637307684E0,3.411561662349E-5,2.904903434424E0));
#1664=CARTESIAN_POINT('',(1.253977586271E0,3.595883315674E-5,3.611321292980E0));
#1665=VERTEX_POINT('',#1663);
#1666=VERTEX_POINT('',#1664);
#1667=CARTESIAN_POINT('',(-1.254993358542E0,9.153354769743E-6,
2.254513834269E0));
#1668=CARTESIAN_POINT('',(-1.254250815009E0,-4.421739110020E-5,
2.961453521413E0));
#1669=VERTEX_POINT('',#1667);
#1670=VERTEX_POINT('',#1668);
#1671=CARTESIAN_POINT('',(1.254555576437E0,-4.205744566775E-5,
1.604134703950E0));
#1672=CARTESIAN_POINT('',(1.254696076220E0,8.950278093333E-5,2.311875150761E0));
#1673=VERTEX_POINT('',#1671);
#1674=VERTEX_POINT('',#1672);
#1675=CARTESIAN_POINT('',(-1.254097265222E0,6.455691491963E-5,
8.559289407888E-1));
#1676=CARTESIAN_POINT('',(-1.255001712693E0,4.053517829714E-6,
1.661878836122E0));
#1677=VERTEX_POINT('',#1675);
#1678=VERTEX_POINT('',#1676);
#1679=CARTESIAN_POINT('',(1.255E0,0.E0,2.E-1));
#1680=CARTESIAN_POINT('',(1.254744857049E0,6.552921645047E-5,1.011746713722E0));
#1681=VERTEX_POINT('',#1679);
#1682=VERTEX_POINT('',#1680);
#1683=CARTESIAN_POINT('',(-1.255E0,0.E0,2.E-1));
#1684=CARTESIAN_POINT('',(-1.254160723166E0,-1.001987655103E-4,
4.487139982196E-1));
#1685=VERTEX_POINT('',#1683);
#1686=VERTEX_POINT('',#1684);
#1687=CARTESIAN_POINT('',(1.254629822456E0,6.566483698021E-6,1.330153569654E1));
#1688=CARTESIAN_POINT('',(1.255E0,0.E0,1.335334591186E1));
#1689=VERTEX_POINT('',#1687);
#1690=VERTEX_POINT('',#1688);
#1691=VERTEX_POINT('',#1031);
#1692=VERTEX_POINT('',#1051);
#1693=CARTESIAN_POINT('',(3.5E0,0.E0,-5.435778713738E-2));
#1694=CARTESIAN_POINT('',(3.487054131936E0,0.E0,-1.622048961922E-2));
#1695=VERTEX_POINT('',#1693);
#1696=VERTEX_POINT('',#1694);
#1697=CARTESIAN_POINT('',(-3.487054131936E0,0.E0,-1.622048961922E-2));
#1698=VERTEX_POINT('',#1697);
#1699=CARTESIAN_POINT('',(-3.5E0,0.E0,-5.435778713739E-2));
#1700=VERTEX_POINT('',#1699);
#1701=CARTESIAN_POINT('',(-3.450190265095E0,0.E0,0.E0));
#1702=VERTEX_POINT('',#1701);
#1703=CARTESIAN_POINT('',(3.450190265095E0,0.E0,0.E0));
#1704=VERTEX_POINT('',#1703);
#1705=CARTESIAN_POINT('',(3.413767480082E0,0.E0,-1.04E0));
#1706=VERTEX_POINT('',#1705);
#1707=CARTESIAN_POINT('',(-3.413767480082E0,0.E0,-1.04E0));
#1708=VERTEX_POINT('',#1707);
#1709=CARTESIAN_POINT('',(3.149970806404E0,0.E0,-1.718221487104E0));
#1710=VERTEX_POINT('',#1709);
#1711=CARTESIAN_POINT('',(-3.149970806404E0,0.E0,-1.718221487104E0));
#1712=VERTEX_POINT('',#1711);
#1713=CARTESIAN_POINT('',(7.038660586395E-1,3.706046476972E-1,
1.476664062500E1));
#1714=CARTESIAN_POINT('',(6.605533425957E-1,3.204274749012E-1,
1.472838153896E1));
#1715=VERTEX_POINT('',#1713);
#1716=VERTEX_POINT('',#1714);
#1717=CARTESIAN_POINT('',(6.103885696618E-1,2.626267352384E-1,
1.484906949459E1));
#1718=VERTEX_POINT('',#1717);
#1719=VERTEX_POINT('',#636);
#1720=CARTESIAN_POINT('',(-1.313578643763E0,0.E0,5.857864376269E-2));
#1721=VERTEX_POINT('',#1720);
#1722=CARTESIAN_POINT('',(1.313578643763E0,0.E0,5.857864376269E-2));
#1723=VERTEX_POINT('',#1722);
#1724=CARTESIAN_POINT('',(1.455E0,0.E0,0.E0));
#1725=VERTEX_POINT('',#1724);
#1726=CARTESIAN_POINT('',(-1.455E0,0.E0,0.E0));
#1727=VERTEX_POINT('',#1726);
#1728=CARTESIAN_POINT('',(0.E0,0.E0,4.899135754721E0));
#1729=DIRECTION('',(0.E0,0.E0,1.E0));
#1730=DIRECTION('',(1.E0,0.E0,0.E0));
#1731=AXIS2_PLACEMENT_3D('',#1728,#1729,#1730);
#1732=SPHERICAL_SURFACE('',#1731,7.499135754721E0);
#1734=ORIENTED_EDGE('',*,*,#1733,.F.);
#1736=ORIENTED_EDGE('',*,*,#1735,.F.);
#1738=ORIENTED_EDGE('',*,*,#1737,.T.);
#1740=ORIENTED_EDGE('',*,*,#1739,.T.);
#1742=ORIENTED_EDGE('',*,*,#1741,.T.);
#1744=ORIENTED_EDGE('',*,*,#1743,.T.);
#1746=ORIENTED_EDGE('',*,*,#1745,.T.);
#1748=ORIENTED_EDGE('',*,*,#1747,.T.);
#1750=ORIENTED_EDGE('',*,*,#1749,.T.);
#1752=ORIENTED_EDGE('',*,*,#1751,.T.);
#1754=ORIENTED_EDGE('',*,*,#1753,.T.);
#1756=ORIENTED_EDGE('',*,*,#1755,.T.);
#1758=ORIENTED_EDGE('',*,*,#1757,.T.);
#1760=ORIENTED_EDGE('',*,*,#1759,.T.);
#1761=EDGE_LOOP('',(#1734,#1736,#1738,#1740,#1742,#1744,#1746,#1748,#1750,#1752,
#1754,#1756,#1758,#1760));
#1762=FACE_OUTER_BOUND('',#1761,.F.);
#1763=ADVANCED_FACE('',(#1762),#1732,.T.);
#1764=CARTESIAN_POINT('',(0.E0,0.E0,-9.266975344281E-1));
#1765=DIRECTION('',(0.E0,0.E0,1.E0));
#1766=DIRECTION('',(1.E0,0.E0,0.E0));
#1767=AXIS2_PLACEMENT_3D('',#1764,#1765,#1766);
#1768=TOROIDAL_SURFACE('',#1767,2.118714372563E0,1.3E0);
#1769=ORIENTED_EDGE('',*,*,#1733,.T.);
#1771=ORIENTED_EDGE('',*,*,#1770,.T.);
#1773=ORIENTED_EDGE('',*,*,#1772,.T.);
#1775=ORIENTED_EDGE('',*,*,#1774,.F.);
#1776=EDGE_LOOP('',(#1769,#1771,#1773,#1775));
#1777=FACE_OUTER_BOUND('',#1776,.F.);
#1778=ADVANCED_FACE('',(#1777),#1768,.T.);
#1779=CARTESIAN_POINT('',(0.E0,0.E0,-9.266975344281E-1));
#1780=DIRECTION('',(0.E0,0.E0,1.E0));
#1781=DIRECTION('',(1.E0,0.E0,0.E0));
#1782=AXIS2_PLACEMENT_3D('',#1779,#1780,#1781);
#1783=TOROIDAL_SURFACE('',#1782,2.118714372563E0,1.3E0);
#1785=ORIENTED_EDGE('',*,*,#1784,.T.);
#1786=ORIENTED_EDGE('',*,*,#1774,.T.);
#1788=ORIENTED_EDGE('',*,*,#1787,.T.);
#1789=ORIENTED_EDGE('',*,*,#1770,.F.);
#1790=EDGE_LOOP('',(#1785,#1786,#1788,#1789));
#1791=FACE_OUTER_BOUND('',#1790,.F.);
#1792=ADVANCED_FACE('',(#1791),#1783,.T.);
#1793=CARTESIAN_POINT('',(0.E0,0.E0,4.899135754721E0));
#1794=DIRECTION('',(0.E0,0.E0,1.E0));
#1795=DIRECTION('',(1.E0,0.E0,0.E0));
#1796=AXIS2_PLACEMENT_3D('',#1793,#1794,#1795);
#1797=SPHERICAL_SURFACE('',#1796,7.499135754721E0);
#1798=ORIENTED_EDGE('',*,*,#1784,.F.);
#1799=ORIENTED_EDGE('',*,*,#1759,.F.);
#1801=ORIENTED_EDGE('',*,*,#1800,.T.);
#1803=ORIENTED_EDGE('',*,*,#1802,.T.);
#1805=ORIENTED_EDGE('',*,*,#1804,.T.);
#1807=ORIENTED_EDGE('',*,*,#1806,.T.);
#1809=ORIENTED_EDGE('',*,*,#1808,.T.);
#1811=ORIENTED_EDGE('',*,*,#1810,.T.);
#1813=ORIENTED_EDGE('',*,*,#1812,.T.);
#1815=ORIENTED_EDGE('',*,*,#1814,.T.);
#1817=ORIENTED_EDGE('',*,*,#1816,.T.);
#1819=ORIENTED_EDGE('',*,*,#1818,.T.);
#1821=ORIENTED_EDGE('',*,*,#1820,.T.);
#1822=ORIENTED_EDGE('',*,*,#1735,.T.);
#1823=EDGE_LOOP('',(#1798,#1799,#1801,#1803,#1805,#1807,#1809,#1811,#1813,#1815,
#1817,#1819,#1821,#1822));
#1824=FACE_OUTER_BOUND('',#1823,.F.);
#1825=ADVANCED_FACE('',(#1824),#1797,.T.);
#1826=CARTESIAN_POINT('',(7.475E-1,0.E0,-1.698454960040E0));
#1827=DIRECTION('',(0.E0,0.E0,-1.E0));
#1828=DIRECTION('',(1.E0,0.E0,0.E0));
#1829=AXIS2_PLACEMENT_3D('',#1826,#1827,#1828);
#1830=CONICAL_SURFACE('',#1829,1.075796107562E0,8.E0);
#1832=ORIENTED_EDGE('',*,*,#1831,.F.);
#1833=ORIENTED_EDGE('',*,*,#1800,.F.);
#1834=ORIENTED_EDGE('',*,*,#1757,.F.);
#1836=ORIENTED_EDGE('',*,*,#1835,.T.);
#1838=ORIENTED_EDGE('',*,*,#1837,.T.);
#1839=EDGE_LOOP('',(#1832,#1833,#1834,#1836,#1838));
#1840=FACE_OUTER_BOUND('',#1839,.F.);
#1841=ADVANCED_FACE('',(#1840),#1830,.F.);
#1842=CARTESIAN_POINT('',(2.554616395259E-2,-4.874498462266E-1,-2.6E0));
#1843=DIRECTION('',(5.182662631444E-2,-9.889109407697E-1,1.391731009601E-1));
#1844=DIRECTION('',(0.E0,-1.393603877523E-1,-9.902417292386E-1));
#1845=AXIS2_PLACEMENT_3D('',#1842,#1843,#1844);
#1846=PLANE('',#1845);
#1848=ORIENTED_EDGE('',*,*,#1847,.F.);
#1849=ORIENTED_EDGE('',*,*,#1802,.F.);
#1850=ORIENTED_EDGE('',*,*,#1831,.T.);
#1852=ORIENTED_EDGE('',*,*,#1851,.T.);
#1853=EDGE_LOOP('',(#1848,#1849,#1850,#1852));
#1854=FACE_OUTER_BOUND('',#1853,.F.);
#1855=ADVANCED_FACE('',(#1854),#1846,.F.);
#1856=CARTESIAN_POINT('',(4.198118641651E-1,-6.464535810215E-1,-2.6E0));
#1857=DIRECTION('',(5.393386453656E-1,-8.305086836297E-1,1.391731009601E-1));
#1858=DIRECTION('',(8.386705679454E-1,5.446390350150E-1,0.E0));
#1859=AXIS2_PLACEMENT_3D('',#1856,#1857,#1858);
#1860=PLANE('',#1859);
#1862=ORIENTED_EDGE('',*,*,#1861,.F.);
#1863=ORIENTED_EDGE('',*,*,#1804,.F.);
#1864=ORIENTED_EDGE('',*,*,#1847,.T.);
#1866=ORIENTED_EDGE('',*,*,#1865,.T.);
#1867=EDGE_LOOP('',(#1862,#1863,#1864,#1866));
#1868=FACE_OUTER_BOUND('',#1867,.F.);
#1869=ADVANCED_FACE('',(#1868),#1860,.F.);
#1870=CARTESIAN_POINT('',(6.464535810215E-1,-4.198118641651E-1,-2.6E0));
#1871=DIRECTION('',(8.305086836297E-1,-5.393386453656E-1,1.391731009601E-1));
#1872=DIRECTION('',(5.446390350150E-1,8.386705679454E-1,0.E0));
#1873=AXIS2_PLACEMENT_3D('',#1870,#1871,#1872);
#1874=PLANE('',#1873);
#1876=ORIENTED_EDGE('',*,*,#1875,.F.);
#1877=ORIENTED_EDGE('',*,*,#1806,.F.);
#1878=ORIENTED_EDGE('',*,*,#1861,.T.);
#1880=ORIENTED_EDGE('',*,*,#1879,.T.);
#1881=EDGE_LOOP('',(#1876,#1877,#1878,#1880));
#1882=FACE_OUTER_BOUND('',#1881,.F.);
#1883=ADVANCED_FACE('',(#1882),#1874,.F.);
#1884=CARTESIAN_POINT('',(4.874498462266E-1,-2.554616395260E-2,-2.6E0));
#1885=DIRECTION('',(9.889109407697E-1,-5.182662631444E-2,1.391731009601E-1));
#1886=DIRECTION('',(1.393603877523E-1,0.E0,-9.902417292386E-1));
#1887=AXIS2_PLACEMENT_3D('',#1884,#1885,#1886);
#1888=PLANE('',#1887);
#1890=ORIENTED_EDGE('',*,*,#1889,.F.);
#1891=ORIENTED_EDGE('',*,*,#1808,.F.);
#1892=ORIENTED_EDGE('',*,*,#1875,.T.);
#1894=ORIENTED_EDGE('',*,*,#1893,.T.);
#1895=EDGE_LOOP('',(#1890,#1891,#1892,#1894));
#1896=FACE_OUTER_BOUND('',#1895,.F.);
#1897=ADVANCED_FACE('',(#1896),#1888,.F.);
#1898=CARTESIAN_POINT('',(0.E0,-7.475E-1,-1.698454960040E0));
#1899=DIRECTION('',(0.E0,0.E0,-1.E0));
#1900=DIRECTION('',(1.E0,0.E0,0.E0));
#1901=AXIS2_PLACEMENT_3D('',#1898,#1899,#1900);
#1902=CONICAL_SURFACE('',#1901,1.075796107562E0,8.E0);
#1904=ORIENTED_EDGE('',*,*,#1903,.F.);
#1905=ORIENTED_EDGE('',*,*,#1810,.F.);
#1906=ORIENTED_EDGE('',*,*,#1889,.T.);
#1908=ORIENTED_EDGE('',*,*,#1907,.T.);
#1909=EDGE_LOOP('',(#1904,#1905,#1906,#1908));
#1910=FACE_OUTER_BOUND('',#1909,.F.);
#1911=ADVANCED_FACE('',(#1910),#1902,.F.);
#1912=CARTESIAN_POINT('',(-4.874498462266E-1,-2.554616395259E-2,-2.6E0));
#1913=DIRECTION('',(-9.889109407697E-1,-5.182662631444E-2,1.391731009601E-1));
#1914=DIRECTION('',(1.393603877523E-1,0.E0,9.902417292386E-1));
#1915=AXIS2_PLACEMENT_3D('',#1912,#1913,#1914);
#1916=PLANE('',#1915);
#1918=ORIENTED_EDGE('',*,*,#1917,.F.);
#1919=ORIENTED_EDGE('',*,*,#1812,.F.);
#1920=ORIENTED_EDGE('',*,*,#1903,.T.);
#1922=ORIENTED_EDGE('',*,*,#1921,.T.);
#1923=EDGE_LOOP('',(#1918,#1919,#1920,#1922));
#1924=FACE_OUTER_BOUND('',#1923,.F.);
#1925=ADVANCED_FACE('',(#1924),#1916,.F.);
#1926=CARTESIAN_POINT('',(-6.464535810215E-1,-4.198118641651E-1,-2.6E0));
#1927=DIRECTION('',(-8.305086836297E-1,-5.393386453656E-1,1.391731009601E-1));
#1928=DIRECTION('',(5.446390350150E-1,-8.386705679454E-1,0.E0));
#1929=AXIS2_PLACEMENT_3D('',#1926,#1927,#1928);
#1930=PLANE('',#1929);
#1932=ORIENTED_EDGE('',*,*,#1931,.F.);
#1933=ORIENTED_EDGE('',*,*,#1814,.F.);
#1934=ORIENTED_EDGE('',*,*,#1917,.T.);
#1936=ORIENTED_EDGE('',*,*,#1935,.T.);
#1937=EDGE_LOOP('',(#1932,#1933,#1934,#1936));
#1938=FACE_OUTER_BOUND('',#1937,.F.);
#1939=ADVANCED_FACE('',(#1938),#1930,.F.);
#1940=CARTESIAN_POINT('',(-4.198118641651E-1,-6.464535810215E-1,-2.6E0));
#1941=DIRECTION('',(-5.393386453656E-1,-8.305086836297E-1,1.391731009601E-1));
#1942=DIRECTION('',(8.386705679454E-1,-5.446390350150E-1,0.E0));
#1943=AXIS2_PLACEMENT_3D('',#1940,#1941,#1942);
#1944=PLANE('',#1943);
#1946=ORIENTED_EDGE('',*,*,#1945,.F.);
#1947=ORIENTED_EDGE('',*,*,#1816,.F.);
#1948=ORIENTED_EDGE('',*,*,#1931,.T.);
#1950=ORIENTED_EDGE('',*,*,#1949,.T.);
#1951=EDGE_LOOP('',(#1946,#1947,#1948,#1950));
#1952=FACE_OUTER_BOUND('',#1951,.F.);
#1953=ADVANCED_FACE('',(#1952),#1944,.F.);
#1954=CARTESIAN_POINT('',(-2.554616395259E-2,-4.874498462266E-1,-2.6E0));
#1955=DIRECTION('',(-5.182662631444E-2,-9.889109407697E-1,1.391731009601E-1));
#1956=DIRECTION('',(0.E0,-1.393603877523E-1,-9.902417292386E-1));
#1957=AXIS2_PLACEMENT_3D('',#1954,#1955,#1956);
#1958=PLANE('',#1957);
#1960=ORIENTED_EDGE('',*,*,#1959,.F.);
#1961=ORIENTED_EDGE('',*,*,#1818,.F.);
#1962=ORIENTED_EDGE('',*,*,#1945,.T.);
#1964=ORIENTED_EDGE('',*,*,#1963,.T.);
#1965=EDGE_LOOP('',(#1960,#1961,#1962,#1964));
#1966=FACE_OUTER_BOUND('',#1965,.F.);
#1967=ADVANCED_FACE('',(#1966),#1958,.F.);
#1968=CARTESIAN_POINT('',(-7.475E-1,0.E0,-1.698454960040E0));
#1969=DIRECTION('',(0.E0,0.E0,-1.E0));
#1970=DIRECTION('',(1.E0,0.E0,0.E0));
#1971=AXIS2_PLACEMENT_3D('',#1968,#1969,#1970);
#1972=CONICAL_SURFACE('',#1971,1.075796107562E0,8.E0);
#1974=ORIENTED_EDGE('',*,*,#1973,.F.);
#1975=ORIENTED_EDGE('',*,*,#1737,.F.);
#1976=ORIENTED_EDGE('',*,*,#1820,.F.);
#1977=ORIENTED_EDGE('',*,*,#1959,.T.);
#1979=ORIENTED_EDGE('',*,*,#1978,.T.);
#1981=ORIENTED_EDGE('',*,*,#1980,.T.);
#1982=EDGE_LOOP('',(#1974,#1975,#1976,#1977,#1979,#1981));
#1983=FACE_OUTER_BOUND('',#1982,.F.);
#1984=ADVANCED_FACE('',(#1983),#1972,.F.);
#1985=CARTESIAN_POINT('',(-2.554616395259E-2,4.874498462266E-1,-2.6E0));
#1986=DIRECTION('',(-5.182662631444E-2,9.889109407697E-1,1.391731009601E-1));
#1987=DIRECTION('',(0.E0,-1.393603877523E-1,9.902417292386E-1));
#1988=AXIS2_PLACEMENT_3D('',#1985,#1986,#1987);
#1989=PLANE('',#1988);
#1991=ORIENTED_EDGE('',*,*,#1990,.F.);
#1992=ORIENTED_EDGE('',*,*,#1739,.F.);
#1993=ORIENTED_EDGE('',*,*,#1973,.T.);
#1995=ORIENTED_EDGE('',*,*,#1994,.T.);
#1996=EDGE_LOOP('',(#1991,#1992,#1993,#1995));
#1997=FACE_OUTER_BOUND('',#1996,.F.);
#1998=ADVANCED_FACE('',(#1997),#1989,.F.);
#1999=CARTESIAN_POINT('',(-4.198118641651E-1,6.464535810215E-1,-2.6E0));
#2000=DIRECTION('',(-5.393386453656E-1,8.305086836297E-1,1.391731009601E-1));
#2001=DIRECTION('',(-8.386705679454E-1,-5.446390350150E-1,0.E0));
#2002=AXIS2_PLACEMENT_3D('',#1999,#2000,#2001);
#2003=PLANE('',#2002);
#2005=ORIENTED_EDGE('',*,*,#2004,.F.);
#2006=ORIENTED_EDGE('',*,*,#1741,.F.);
#2007=ORIENTED_EDGE('',*,*,#1990,.T.);
#2009=ORIENTED_EDGE('',*,*,#2008,.T.);
#2010=EDGE_LOOP('',(#2005,#2006,#2007,#2009));
#2011=FACE_OUTER_BOUND('',#2010,.F.);
#2012=ADVANCED_FACE('',(#2011),#2003,.F.);
#2013=CARTESIAN_POINT('',(-6.464535810215E-1,4.198118641651E-1,-2.6E0));
#2014=DIRECTION('',(-8.305086836297E-1,5.393386453656E-1,1.391731009601E-1));
#2015=DIRECTION('',(-5.446390350150E-1,-8.386705679454E-1,0.E0));
#2016=AXIS2_PLACEMENT_3D('',#2013,#2014,#2015);
#2017=PLANE('',#2016);
#2019=ORIENTED_EDGE('',*,*,#2018,.F.);
#2020=ORIENTED_EDGE('',*,*,#1743,.F.);
#2021=ORIENTED_EDGE('',*,*,#2004,.T.);
#2023=ORIENTED_EDGE('',*,*,#2022,.T.);
#2024=EDGE_LOOP('',(#2019,#2020,#2021,#2023));
#2025=FACE_OUTER_BOUND('',#2024,.F.);
#2026=ADVANCED_FACE('',(#2025),#2017,.F.);
#2027=CARTESIAN_POINT('',(-4.874498462266E-1,2.554616395259E-2,-2.6E0));
#2028=DIRECTION('',(-9.889109407697E-1,5.182662631444E-2,1.391731009601E-1));
#2029=DIRECTION('',(1.393603877523E-1,0.E0,9.902417292386E-1));
#2030=AXIS2_PLACEMENT_3D('',#2027,#2028,#2029);
#2031=PLANE('',#2030);
#2033=ORIENTED_EDGE('',*,*,#2032,.F.);
#2034=ORIENTED_EDGE('',*,*,#1745,.F.);
#2035=ORIENTED_EDGE('',*,*,#2018,.T.);
#2037=ORIENTED_EDGE('',*,*,#2036,.T.);
#2038=EDGE_LOOP('',(#2033,#2034,#2035,#2037));
#2039=FACE_OUTER_BOUND('',#2038,.F.);
#2040=ADVANCED_FACE('',(#2039),#2031,.F.);
#2041=CARTESIAN_POINT('',(0.E0,7.475E-1,-1.698454960040E0));
#2042=DIRECTION('',(0.E0,0.E0,-1.E0));
#2043=DIRECTION('',(1.E0,0.E0,0.E0));
#2044=AXIS2_PLACEMENT_3D('',#2041,#2042,#2043);
#2045=CONICAL_SURFACE('',#2044,1.075796107562E0,8.E0);
#2047=ORIENTED_EDGE('',*,*,#2046,.F.);
#2048=ORIENTED_EDGE('',*,*,#1747,.F.);
#2049=ORIENTED_EDGE('',*,*,#2032,.T.);
#2051=ORIENTED_EDGE('',*,*,#2050,.T.);
#2052=EDGE_LOOP('',(#2047,#2048,#2049,#2051));
#2053=FACE_OUTER_BOUND('',#2052,.F.);
#2054=ADVANCED_FACE('',(#2053),#2045,.F.);
#2055=CARTESIAN_POINT('',(4.874498462266E-1,2.554616395260E-2,-2.6E0));
#2056=DIRECTION('',(9.889109407697E-1,5.182662631444E-2,1.391731009601E-1));
#2057=DIRECTION('',(1.393603877523E-1,0.E0,-9.902417292386E-1));
#2058=AXIS2_PLACEMENT_3D('',#2055,#2056,#2057);
#2059=PLANE('',#2058);
#2061=ORIENTED_EDGE('',*,*,#2060,.F.);
#2062=ORIENTED_EDGE('',*,*,#1749,.F.);
#2063=ORIENTED_EDGE('',*,*,#2046,.T.);
#2065=ORIENTED_EDGE('',*,*,#2064,.T.);
#2066=EDGE_LOOP('',(#2061,#2062,#2063,#2065));
#2067=FACE_OUTER_BOUND('',#2066,.F.);
#2068=ADVANCED_FACE('',(#2067),#2059,.F.);
#2069=CARTESIAN_POINT('',(6.464535810215E-1,4.198118641651E-1,-2.6E0));
#2070=DIRECTION('',(8.305086836297E-1,5.393386453656E-1,1.391731009601E-1));
#2071=DIRECTION('',(-5.446390350150E-1,8.386705679454E-1,0.E0));
#2072=AXIS2_PLACEMENT_3D('',#2069,#2070,#2071);
#2073=PLANE('',#2072);
#2075=ORIENTED_EDGE('',*,*,#2074,.F.);
#2076=ORIENTED_EDGE('',*,*,#1751,.F.);
#2077=ORIENTED_EDGE('',*,*,#2060,.T.);
#2079=ORIENTED_EDGE('',*,*,#2078,.T.);
#2080=EDGE_LOOP('',(#2075,#2076,#2077,#2079));
#2081=FACE_OUTER_BOUND('',#2080,.F.);
#2082=ADVANCED_FACE('',(#2081),#2073,.F.);
#2083=CARTESIAN_POINT('',(4.198118641651E-1,6.464535810215E-1,-2.6E0));
#2084=DIRECTION('',(5.393386453656E-1,8.305086836297E-1,1.391731009601E-1));
#2085=DIRECTION('',(-8.386705679454E-1,5.446390350150E-1,0.E0));
#2086=AXIS2_PLACEMENT_3D('',#2083,#2084,#2085);
#2087=PLANE('',#2086);
#2089=ORIENTED_EDGE('',*,*,#2088,.F.);
#2090=ORIENTED_EDGE('',*,*,#1753,.F.);
#2091=ORIENTED_EDGE('',*,*,#2074,.T.);
#2093=ORIENTED_EDGE('',*,*,#2092,.T.);
#2094=EDGE_LOOP('',(#2089,#2090,#2091,#2093));
#2095=FACE_OUTER_BOUND('',#2094,.F.);
#2096=ADVANCED_FACE('',(#2095),#2087,.F.);
#2097=CARTESIAN_POINT('',(2.554616395259E-2,4.874498462266E-1,-2.6E0));
#2098=DIRECTION('',(5.182662631444E-2,9.889109407697E-1,1.391731009601E-1));
#2099=DIRECTION('',(0.E0,-1.393603877523E-1,9.902417292386E-1));
#2100=AXIS2_PLACEMENT_3D('',#2097,#2098,#2099);
#2101=PLANE('',#2100);
#2102=ORIENTED_EDGE('',*,*,#1835,.F.);
#2103=ORIENTED_EDGE('',*,*,#1755,.F.);
#2104=ORIENTED_EDGE('',*,*,#2088,.T.);
#2106=ORIENTED_EDGE('',*,*,#2105,.T.);
#2107=EDGE_LOOP('',(#2102,#2103,#2104,#2106));
#2108=FACE_OUTER_BOUND('',#2107,.F.);
#2109=ADVANCED_FACE('',(#2108),#2101,.F.);
#2110=CARTESIAN_POINT('',(7.475E-1,0.E0,-1.04E0));
#2111=DIRECTION('',(0.E0,0.E0,1.E0));
#2112=DIRECTION('',(1.E0,0.E0,0.E0));
#2113=AXIS2_PLACEMENT_3D('',#2110,#2111,#2112);
#2114=PLANE('',#2113);
#2115=ORIENTED_EDGE('',*,*,#1837,.F.);
#2116=ORIENTED_EDGE('',*,*,#2105,.F.);
#2117=ORIENTED_EDGE('',*,*,#2092,.F.);
#2118=ORIENTED_EDGE('',*,*,#2078,.F.);
#2119=ORIENTED_EDGE('',*,*,#2064,.F.);
#2120=ORIENTED_EDGE('',*,*,#2050,.F.);
#2121=ORIENTED_EDGE('',*,*,#2036,.F.);
#2122=ORIENTED_EDGE('',*,*,#2022,.F.);
#2123=ORIENTED_EDGE('',*,*,#2008,.F.);
#2124=ORIENTED_EDGE('',*,*,#1994,.F.);
#2125=ORIENTED_EDGE('',*,*,#1980,.F.);
#2126=ORIENTED_EDGE('',*,*,#1978,.F.);
#2127=ORIENTED_EDGE('',*,*,#1963,.F.);
#2128=ORIENTED_EDGE('',*,*,#1949,.F.);
#2129=ORIENTED_EDGE('',*,*,#1935,.F.);
#2130=ORIENTED_EDGE('',*,*,#1921,.F.);
#2131=ORIENTED_EDGE('',*,*,#1907,.F.);
#2132=ORIENTED_EDGE('',*,*,#1893,.F.);
#2133=ORIENTED_EDGE('',*,*,#1879,.F.);
#2134=ORIENTED_EDGE('',*,*,#1865,.F.);
#2135=ORIENTED_EDGE('',*,*,#1851,.F.);
#2136=EDGE_LOOP('',(#2115,#2116,#2117,#2118,#2119,#2120,#2121,#2122,#2123,#2124,
#2125,#2126,#2127,#2128,#2129,#2130,#2131,#2132,#2133,#2134,#2135));
#2137=FACE_OUTER_BOUND('',#2136,.F.);
#2138=ADVANCED_FACE('',(#2137),#2114,.F.);
#2139=CARTESIAN_POINT('',(0.E0,0.E0,-9.266975344281E-1));
#2140=DIRECTION('',(0.E0,0.E0,1.E0));
#2141=DIRECTION('',(1.E0,0.E0,0.E0));
#2142=AXIS2_PLACEMENT_3D('',#2139,#2140,#2141);
#2143=TOROIDAL_SURFACE('',#2142,2.118714372563E0,1.3E0);
#2145=ORIENTED_EDGE('',*,*,#2144,.F.);
#2147=ORIENTED_EDGE('',*,*,#2146,.F.);
#2148=ORIENTED_EDGE('',*,*,#1787,.F.);
#2150=ORIENTED_EDGE('',*,*,#2149,.T.);
#2151=EDGE_LOOP('',(#2145,#2147,#2148,#2150));
#2152=FACE_OUTER_BOUND('',#2151,.F.);
#2153=ADVANCED_FACE('',(#2152),#2143,.T.);
#2154=CARTESIAN_POINT('',(0.E0,0.E0,-5.471788935687E-1));
#2155=DIRECTION('',(0.E0,0.E0,1.E0));
#2156=DIRECTION('',(1.E0,0.E0,0.E0));
#2157=AXIS2_PLACEMENT_3D('',#2154,#2155,#2156);
#2158=CONICAL_SURFACE('',#2157,3.456883740041E0,5.E0);
#2159=ORIENTED_EDGE('',*,*,#2144,.T.);
#2161=ORIENTED_EDGE('',*,*,#2160,.T.);
#2163=ORIENTED_EDGE('',*,*,#2162,.T.);
#2165=ORIENTED_EDGE('',*,*,#2164,.F.);
#2166=EDGE_LOOP('',(#2159,#2161,#2163,#2165));
#2167=FACE_OUTER_BOUND('',#2166,.F.);
#2168=ADVANCED_FACE('',(#2167),#2158,.T.);
#2169=CARTESIAN_POINT('',(0.E0,0.E0,-5.471788935687E-1));
#2170=DIRECTION('',(0.E0,0.E0,1.E0));
#2171=DIRECTION('',(1.E0,0.E0,0.E0));
#2172=AXIS2_PLACEMENT_3D('',#2169,#2170,#2171);
#2173=CONICAL_SURFACE('',#2172,3.456883740041E0,5.E0);
#2175=ORIENTED_EDGE('',*,*,#2174,.T.);
#2176=ORIENTED_EDGE('',*,*,#2164,.T.);
#2178=ORIENTED_EDGE('',*,*,#2177,.T.);
#2179=ORIENTED_EDGE('',*,*,#2160,.F.);
#2180=EDGE_LOOP('',(#2175,#2176,#2178,#2179));
#2181=FACE_OUTER_BOUND('',#2180,.F.);
#2182=ADVANCED_FACE('',(#2181),#2173,.T.);
#2183=CARTESIAN_POINT('',(0.E0,0.E0,-9.266975344281E-1));
#2184=DIRECTION('',(0.E0,0.E0,1.E0));
#2185=DIRECTION('',(1.E0,0.E0,0.E0));
#2186=AXIS2_PLACEMENT_3D('',#2183,#2184,#2185);
#2187=TOROIDAL_SURFACE('',#2186,2.118714372563E0,1.3E0);
#2188=ORIENTED_EDGE('',*,*,#2174,.F.);
#2189=ORIENTED_EDGE('',*,*,#2149,.F.);
#2190=ORIENTED_EDGE('',*,*,#1772,.F.);
#2191=ORIENTED_EDGE('',*,*,#2146,.T.);
#2192=EDGE_LOOP('',(#2188,#2189,#2190,#2191));
#2193=FACE_OUTER_BOUND('',#2192,.F.);
#2194=ADVANCED_FACE('',(#2193),#2187,.T.);
#2195=CARTESIAN_POINT('',(0.E0,0.E0,-5.E-2));
#2196=DIRECTION('',(0.E0,0.E0,1.E0));
#2197=DIRECTION('',(1.E0,0.E0,0.E0));
#2198=AXIS2_PLACEMENT_3D('',#2195,#2196,#2197);
#2199=TOROIDAL_SURFACE('',#2198,3.450190265095E0,5.E-2);
#2200=ORIENTED_EDGE('',*,*,#2177,.F.);
#2202=ORIENTED_EDGE('',*,*,#2201,.T.);
#2204=ORIENTED_EDGE('',*,*,#2203,.T.);
#2206=ORIENTED_EDGE('',*,*,#2205,.F.);
#2207=EDGE_LOOP('',(#2200,#2202,#2204,#2206));
#2208=FACE_OUTER_BOUND('',#2207,.F.);
#2209=ADVANCED_FACE('',(#2208),#2199,.T.);
#2210=CARTESIAN_POINT('',(0.E0,0.E0,-5.E-2));
#2211=DIRECTION('',(0.E0,0.E0,1.E0));
#2212=DIRECTION('',(1.E0,0.E0,0.E0));
#2213=AXIS2_PLACEMENT_3D('',#2210,#2211,#2212);
#2214=TOROIDAL_SURFACE('',#2213,3.450190265095E0,5.E-2);
#2215=ORIENTED_EDGE('',*,*,#2162,.F.);
#2216=ORIENTED_EDGE('',*,*,#2205,.T.);
#2218=ORIENTED_EDGE('',*,*,#2217,.T.);
#2219=ORIENTED_EDGE('',*,*,#2201,.F.);
#2220=EDGE_LOOP('',(#2215,#2216,#2218,#2219));
#2221=FACE_OUTER_BOUND('',#2220,.F.);
#2222=ADVANCED_FACE('',(#2221),#2214,.T.);
#2223=CARTESIAN_POINT('',(0.E0,0.E0,-5.E-2));
#2224=DIRECTION('',(0.E0,0.E0,1.E0));
#2225=DIRECTION('',(1.E0,0.E0,0.E0));
#2226=AXIS2_PLACEMENT_3D('',#2223,#2224,#2225);
#2227=TOROIDAL_SURFACE('',#2226,3.450190265095E0,5.E-2);
#2229=ORIENTED_EDGE('',*,*,#2228,.T.);
#2231=ORIENTED_EDGE('',*,*,#2230,.F.);
#2232=ORIENTED_EDGE('',*,*,#2217,.F.);
#2234=ORIENTED_EDGE('',*,*,#2233,.T.);
#2235=EDGE_LOOP('',(#2229,#2231,#2232,#2234));
#2236=FACE_OUTER_BOUND('',#2235,.F.);
#2237=ADVANCED_FACE('',(#2236),#2227,.T.);
#2238=CARTESIAN_POINT('',(1.255E0,0.E0,0.E0));
#2239=DIRECTION('',(0.E0,0.E0,1.E0));
#2240=DIRECTION('',(1.E0,0.E0,0.E0));
#2241=AXIS2_PLACEMENT_3D('',#2238,#2239,#2240);
#2242=PLANE('',#2241);
#2244=ORIENTED_EDGE('',*,*,#2243,.F.);
#2245=ORIENTED_EDGE('',*,*,#2228,.F.);
#2246=EDGE_LOOP('',(#2244,#2245));
#2247=FACE_OUTER_BOUND('',#2246,.F.);
#2249=ORIENTED_EDGE('',*,*,#2248,.F.);
#2251=ORIENTED_EDGE('',*,*,#2250,.F.);
#2252=EDGE_LOOP('',(#2249,#2251));
#2253=FACE_BOUND('',#2252,.F.);
#2254=ADVANCED_FACE('',(#2247,#2253),#2242,.T.);
#2255=CARTESIAN_POINT('',(0.E0,0.E0,2.E-1));
#2256=DIRECTION('',(0.E0,0.E0,1.E0));
#2257=DIRECTION('',(1.E0,0.E0,0.E0));
#2258=AXIS2_PLACEMENT_3D('',#2255,#2256,#2257);
#2259=TOROIDAL_SURFACE('',#2258,1.455E0,2.E-1);
#2260=ORIENTED_EDGE('',*,*,#2248,.T.);
#2262=ORIENTED_EDGE('',*,*,#2261,.F.);
#2264=ORIENTED_EDGE('',*,*,#2263,.T.);
#2266=ORIENTED_EDGE('',*,*,#2265,.T.);
#2267=EDGE_LOOP('',(#2260,#2262,#2264,#2266));
#2268=FACE_OUTER_BOUND('',#2267,.F.);
#2269=ADVANCED_FACE('',(#2268),#2259,.F.);
#2270=CARTESIAN_POINT('',(0.E0,0.E0,2.E-1));
#2271=DIRECTION('',(0.E0,0.E0,1.E0));
#2272=DIRECTION('',(1.E0,0.E0,0.E0));
#2273=AXIS2_PLACEMENT_3D('',#2270,#2271,#2272);
#2274=TOROIDAL_SURFACE('',#2273,1.455E0,2.E-1);
#2275=ORIENTED_EDGE('',*,*,#2250,.T.);
#2276=ORIENTED_EDGE('',*,*,#2265,.F.);
#2278=ORIENTED_EDGE('',*,*,#2277,.T.);
#2279=ORIENTED_EDGE('',*,*,#2261,.T.);
#2280=EDGE_LOOP('',(#2275,#2276,#2278,#2279));
#2281=FACE_OUTER_BOUND('',#2280,.F.);
#2282=ADVANCED_FACE('',(#2281),#2274,.F.);
#2283=CARTESIAN_POINT('',(0.E0,0.E0,2.E-1));
#2284=DIRECTION('',(0.E0,0.E0,1.E0));
#2285=DIRECTION('',(1.E0,0.E0,0.E0));
#2286=AXIS2_PLACEMENT_3D('',#2283,#2284,#2285);
#2287=TOROIDAL_SURFACE('',#2286,1.455E0,2.E-1);
#2289=ORIENTED_EDGE('',*,*,#2288,.F.);
#2291=ORIENTED_EDGE('',*,*,#2290,.F.);
#2293=ORIENTED_EDGE('',*,*,#2292,.T.);
#2294=ORIENTED_EDGE('',*,*,#2277,.F.);
#2296=ORIENTED_EDGE('',*,*,#2295,.F.);
#2298=ORIENTED_EDGE('',*,*,#2297,.F.);
#2300=ORIENTED_EDGE('',*,*,#2299,.F.);
#2301=EDGE_LOOP('',(#2289,#2291,#2293,#2294,#2296,#2298,#2300));
#2302=FACE_OUTER_BOUND('',#2301,.F.);
#2303=ADVANCED_FACE('',(#2302),#2287,.F.);
#2304=CARTESIAN_POINT('',(1.311922603496E0,7.619294971599E-2,
4.206649003577E-2));
#2305=CARTESIAN_POINT('',(1.105516980916E0,6.399317827073E-2,
-7.730409563409E-2));
#2306=CARTESIAN_POINT('',(8.991113583356E-1,5.179340682546E-2,
-1.966746813039E-1));
#2307=CARTESIAN_POINT('',(6.927057357553E-1,3.959363538020E-2,
-3.160452669738E-1));
#2308=CARTESIAN_POINT('',(1.316930326734E0,2.234815799132E-1,
6.515047503079E-2));
#2309=CARTESIAN_POINT('',(1.111898212741E0,1.878819035467E-1,
-5.421301003769E-2));
#2310=CARTESIAN_POINT('',(9.068660987489E-1,1.522822271803E-1,
-1.735764951062E-1));
#2311=CARTESIAN_POINT('',(7.018339847565E-1,1.166825508139E-1,
-2.929399801746E-1));
#2312=CARTESIAN_POINT('',(1.268034073633E0,5.943374845453E-1,
1.220956658556E-1));
#2313=CARTESIAN_POINT('',(1.076073268921E0,5.023549105804E-1,
2.711396519040E-3));
#2314=CARTESIAN_POINT('',(8.841124642083E-1,4.103723366156E-1,
-1.166728728175E-1));
#2315=CARTESIAN_POINT('',(6.921516594958E-1,3.183897626507E-1,
-2.360571421540E-1));
#2316=CARTESIAN_POINT('',(9.412523180717E-1,1.131994619300E0,
2.128869686819E-1));
#2317=CARTESIAN_POINT('',(8.062452350335E-1,9.640375752956E-1,
9.351382274633E-2));
#2318=CARTESIAN_POINT('',(6.712381519952E-1,7.960805312910E-1,
-2.585932318920E-2));
#2319=CARTESIAN_POINT('',(5.362310689569E-1,6.281234872865E-1,
-1.452324691247E-1));
#2320=CARTESIAN_POINT('',(3.076164503457E-1,1.501200366438E0,
3.144503103060E-1));
#2321=CARTESIAN_POINT('',(2.687930711748E-1,1.289330217358E0,
1.950738303692E-1));
#2322=CARTESIAN_POINT('',(2.299696920040E-1,1.077460068279E0,
7.569735043253E-2));
#2323=CARTESIAN_POINT('',(1.911463128331E-1,8.655899191997E-1,
-4.367912950419E-2));
#2324=CARTESIAN_POINT('',(-4.539264822692E-1,1.524494389003E0,
4.160125847935E-1));
#2325=CARTESIAN_POINT('',(-3.871123776799E-1,1.319638635417E0,
2.966369981997E-1));
#2326=CARTESIAN_POINT('',(-3.202982730905E-1,1.114782881831E0,
1.772614116059E-1));
#2327=CARTESIAN_POINT('',(-2.534841685011E-1,9.099271282459E-1,
5.788582501212E-2));
#2328=CARTESIAN_POINT('',(-1.158791391159E0,1.169021308172E0,
5.175751452194E-1));
#2329=CARTESIAN_POINT('',(-1.002133756181E0,1.021006473914E0,
3.981993192550E-1));
#2330=CARTESIAN_POINT('',(-8.454761212020E-1,8.729916396553E-1,
2.788234932907E-1));
#2331=CARTESIAN_POINT('',(-6.888184862233E-1,7.249768053970E-1,
1.594476673263E-1));
#2332=CARTESIAN_POINT('',(-1.622671153712E0,4.986306503679E-1,
6.191376290282E-1));
#2333=CARTESIAN_POINT('',(-1.414327546517E0,4.435832243115E-1,
4.997618672032E-1));
#2334=CARTESIAN_POINT('',(-1.205983939322E0,3.885357982551E-1,
3.803861053782E-1));
#2335=CARTESIAN_POINT('',(-9.976403321276E-1,3.334883721987E-1,
2.610103435532E-1));
#2336=CARTESIAN_POINT('',(-1.712146351059E0,-3.354934205590E-1,
7.207001333668E-1));
#2337=CARTESIAN_POINT('',(-1.502814921952E0,-2.844471906582E-1,
6.013243543550E-1));
#2338=CARTESIAN_POINT('',(-1.293483492844E0,-2.334009607573E-1,
4.819485753432E-1));
#2339=CARTESIAN_POINT('',(-1.084152063737E0,-1.823547308565E-1,
3.625727963315E-1));
#2340=CARTESIAN_POINT('',(-1.383604116545E0,-1.130732464663E0,
8.222626322036E-1));
#2341=CARTESIAN_POINT('',(-1.224024076184E0,-9.858697008350E-1,
7.028868577996E-1));
#2342=CARTESIAN_POINT('',(-1.064444035823E0,-8.410069370070E-1,
5.835110833956E-1));
#2343=CARTESIAN_POINT('',(-9.048639954618E-1,-6.961441731790E-1,
4.641353089916E-1));
#2344=CARTESIAN_POINT('',(-7.136136366821E-1,-1.672118711507E0,
9.217548200114E-1));
#2345=CARTESIAN_POINT('',(-6.411690716325E-1,-1.469657159745E0,
8.023790443884E-1));
#2346=CARTESIAN_POINT('',(-5.687245065829E-1,-1.267195607983E0,
6.830032687654E-1));
#2347=CARTESIAN_POINT('',(-4.962799415333E-1,-1.064734056221E0,
5.636274931424E-1));
#2348=CARTESIAN_POINT('',(1.253385930674E-1,-1.837622950491E0,
1.019176694934E0));
#2349=CARTESIAN_POINT('',(9.629987551516E-2,-1.625096696780E0,
8.998009196180E-1));
#2350=CARTESIAN_POINT('',(6.726115796294E-2,-1.412570443070E0,
7.804251443021E-1));
#2351=CARTESIAN_POINT('',(3.822244041072E-2,-1.200044189359E0,
6.610493689863E-1));
#2352=CARTESIAN_POINT('',(9.413990398393E-1,-1.607678540752E0,
1.114528257454E0));
#2353=CARTESIAN_POINT('',(8.194371426814E-1,-1.431274032064E0,
9.951524820578E-1));
#2354=CARTESIAN_POINT('',(6.974752455235E-1,-1.254869523375E0,
8.757767066614E-1));
#2355=CARTESIAN_POINT('',(5.755133483656E-1,-1.078465014686E0,
7.564009312650E-1));
#2356=CARTESIAN_POINT('',(1.570868089183E0,-1.027728582008E0,1.209879819949E0));
#2357=CARTESIAN_POINT('',(1.382252192181E0,-9.254176671340E-1,
1.090504044574E0));
#2358=CARTESIAN_POINT('',(1.193636295179E0,-8.231067522604E-1,
9.711282691991E-1));
#2359=CARTESIAN_POINT('',(1.005020398178E0,-7.207958373867E-1,
8.517524938243E-1));
#2360=CARTESIAN_POINT('',(1.870284083478E0,-2.207343261290E-1,
1.305231382450E0));
#2361=CARTESIAN_POINT('',(1.655908109739E0,-2.154388777349E-1,
1.185855607070E0));
#2362=CARTESIAN_POINT('',(1.441532135999E0,-2.101434293408E-1,
1.066479831689E0));
#2363=CARTESIAN_POINT('',(1.227156162260E0,-2.048479809468E-1,
9.471040563084E-1));
#2364=CARTESIAN_POINT('',(1.771988316084E0,6.341113529342E-1,1.400582944950E0));
#2365=CARTESIAN_POINT('',(1.577952826437E0,5.434372097201E-1,1.281207169571E0));
#2366=CARTESIAN_POINT('',(1.383917336790E0,4.527630665060E-1,1.161831394192E0));
#2367=CARTESIAN_POINT('',(1.189881847143E0,3.620889232918E-1,1.042455618813E0));
#2368=CARTESIAN_POINT('',(1.305524707407E0,1.355977582778E0,1.495934507450E0));
#2369=CARTESIAN_POINT('',(1.171962287519E0,1.188492488632E0,1.376558732070E0));
#2370=CARTESIAN_POINT('',(1.038399867630E0,1.021007394487E0,1.257182956691E0));
#2371=CARTESIAN_POINT('',(9.048374477418E-1,8.535223003416E-1,
1.137807181312E0));
#2372=CARTESIAN_POINT('',(5.662108840893E-1,1.795119359788E0,1.591286069950E0));
#2373=CARTESIAN_POINT('',(5.211410373973E-1,1.585690478434E0,1.471910294571E0));
#2374=CARTESIAN_POINT('',(4.760711907053E-1,1.376261597079E0,1.352534519191E0));
#2375=CARTESIAN_POINT('',(4.310013440132E-1,1.166832715724E0,1.233158743812E0));
#2376=CARTESIAN_POINT('',(-3.059832683585E-1,1.860838580308E0,
1.688281512658E0));
#2377=CARTESIAN_POINT('',(-2.514567068927E-1,1.653247395670E0,
1.568905737279E0));
#2378=CARTESIAN_POINT('',(-1.969301454269E-1,1.445656211032E0,
1.449529961899E0));
#2379=CARTESIAN_POINT('',(-1.424035839611E-1,1.238065026394E0,
1.330154186520E0));
#2380=CARTESIAN_POINT('',(-1.128355924793E0,1.515447220895E0,1.786920835575E0));
#2381=CARTESIAN_POINT('',(-9.842131086085E-1,1.355872086052E0,
1.667545060195E0));
#2382=CARTESIAN_POINT('',(-8.400702924243E-1,1.196296951209E0,
1.548169284816E0));
#2383=CARTESIAN_POINT('',(-6.959274762400E-1,1.036721816366E0,
1.428793509437E0));
#2384=CARTESIAN_POINT('',(-1.704411577014E0,8.151055435866E-1,
1.887204038700E0));
#2385=CARTESIAN_POINT('',(-1.502541886838E0,7.410840902622E-1,
1.767828263320E0));
#2386=CARTESIAN_POINT('',(-1.300672196663E0,6.670626369377E-1,
1.648452487941E0));
#2387=CARTESIAN_POINT('',(-1.098802506488E0,5.930411836133E-1,
1.529076712562E0));
#2388=CARTESIAN_POINT('',(-1.887827669602E0,-7.290491879762E-2,
1.987487241825E0));
#2389=CARTESIAN_POINT('',(-1.674717528962E0,-4.439992216699E-2,
1.868111466445E0));
#2390=CARTESIAN_POINT('',(-1.461607388322E0,-1.589492553637E-2,
1.748735691066E0));
#2391=CARTESIAN_POINT('',(-1.248497247682E0,1.261007109425E-2,
1.629359915687E0));
#2392=CARTESIAN_POINT('',(-1.636405225655E0,-9.440920348359E-1,
2.087770444950E0));
#2393=CARTESIAN_POINT('',(-1.461072297696E0,-8.196526499827E-1,
1.968394669570E0));
#2394=CARTESIAN_POINT('',(-1.285739369737E0,-6.952132651296E-1,
1.849018894191E0));
#2395=CARTESIAN_POINT('',(-1.110406441778E0,-5.707738802764E-1,
1.729643118812E0));
#2396=CARTESIAN_POINT('',(-1.008062014588E0,-1.597822249434E0,
2.188053648075E0));
#2397=CARTESIAN_POINT('',(-9.108200367091E-1,-1.406061103334E0,
2.068677872695E0));
#2398=CARTESIAN_POINT('',(-8.135780588298E-1,-1.214299957235E0,
1.949302097316E0));
#2399=CARTESIAN_POINT('',(-7.163360809506E-1,-1.022538811135E0,
1.829926321937E0));
#2400=CARTESIAN_POINT('',(-1.474865960780E-1,-1.883533945847E0,
2.288336851200E0));
#2401=CARTESIAN_POINT('',(-1.507365489504E-1,-1.668544199476E0,
2.168961075820E0));
#2402=CARTESIAN_POINT('',(-1.539865018227E-1,-1.453554453104E0,
2.049585300441E0));
#2403=CARTESIAN_POINT('',(-1.572364546950E-1,-1.238564706733E0,
1.930209525062E0));
#2404=CARTESIAN_POINT('',(7.471304445762E-1,-1.735375108249E0,
2.388620054325E0));
#2405=CARTESIAN_POINT('',(6.440701910993E-1,-1.546648521784E0,
2.269244278945E0));
#2406=CARTESIAN_POINT('',(5.410099376224E-1,-1.357921935320E0,
2.149868503566E0));
#2407=CARTESIAN_POINT('',(4.379496841454E-1,-1.169195348855E0,
2.030492728187E0));
#2408=CARTESIAN_POINT('',(1.469696359205E0,-1.187382951790E0,2.488903257450E0));
#2409=CARTESIAN_POINT('',(1.290479421716E0,-1.068525311847E0,2.369527482070E0));
#2410=CARTESIAN_POINT('',(1.111262484227E0,-9.496676719035E-1,
2.250151706691E0));
#2411=CARTESIAN_POINT('',(9.320455467382E-1,-8.308100319604E-1,
2.130775931312E0));
#2412=CARTESIAN_POINT('',(1.853616702796E0,-3.658002196355E-1,
2.589186460575E0));
#2413=CARTESIAN_POINT('',(1.639663227517E0,-3.442815906707E-1,
2.469810685195E0));
#2414=CARTESIAN_POINT('',(1.425709752239E0,-3.227629617059E-1,
2.350434909816E0));
#2415=CARTESIAN_POINT('',(1.211756276961E0,-3.012443327410E-1,
2.231059134437E0));
#2416=CARTESIAN_POINT('',(1.810484877371E0,5.399720161324E-1,2.689469663700E0));
#2417=CARTESIAN_POINT('',(1.611167646597E0,4.593259188729E-1,2.570093888320E0));
#2418=CARTESIAN_POINT('',(1.411850415823E0,3.786798216134E-1,2.450718112941E0));
#2419=CARTESIAN_POINT('',(1.212533185049E0,2.980337243539E-1,2.331342337562E0));
#2420=CARTESIAN_POINT('',(1.350326094122E0,1.321297812035E0,2.789752866825E0));
#2421=CARTESIAN_POINT('',(1.211503056919E0,1.157113449240E0,2.670377091445E0));
#2422=CARTESIAN_POINT('',(1.072680019716E0,9.929290864455E-1,2.551001316066E0));
#2423=CARTESIAN_POINT('',(9.338569825130E-1,8.287447236506E-1,
2.431625540687E0));
#2424=CARTESIAN_POINT('',(5.791621532192E-1,1.798249801162E0,2.890036069950E0));
#2425=CARTESIAN_POINT('',(5.327380315583E-1,1.588317398822E0,2.770660294570E0));
#2426=CARTESIAN_POINT('',(4.863139098974E-1,1.378384996481E0,2.651284519191E0));
#2427=CARTESIAN_POINT('',(4.398897882364E-1,1.168452594140E0,2.531908743812E0));
#2428=CARTESIAN_POINT('',(-3.254045441368E-1,1.861004344677E0,
2.990319273075E0));
#2429=CARTESIAN_POINT('',(-2.687554683476E-1,1.653593585897E0,
2.870943497695E0));
#2430=CARTESIAN_POINT('',(-2.121063925585E-1,1.446182827117E0,
2.751567722316E0));
#2431=CARTESIAN_POINT('',(-1.554573167693E-1,1.238772068337E0,
2.632191946937E0));
#2432=CARTESIAN_POINT('',(-1.155059253499E0,1.495088772808E0,3.090602476200E0));
#2433=CARTESIAN_POINT('',(-1.008332251230E0,1.337918997461E0,2.971226700821E0));
#2434=CARTESIAN_POINT('',(-8.616052489618E-1,1.180749222114E0,
2.851850925441E0));
#2435=CARTESIAN_POINT('',(-7.148782466932E-1,1.023579446767E0,
2.732475150062E0));
#2436=CARTESIAN_POINT('',(-1.718697653083E0,7.847350322174E-1,
3.190885679325E0));
#2437=CARTESIAN_POINT('',(-1.515620693770E0,7.140322060662E-1,
3.071509903945E0));
#2438=CARTESIAN_POINT('',(-1.312543734456E0,6.433293799150E-1,
2.952134128566E0));
#2439=CARTESIAN_POINT('',(-1.109466775143E0,5.726265537638E-1,
2.832758353187E0));
#2440=CARTESIAN_POINT('',(-1.886411165869E0,-1.064827256699E-1,
3.291168882450E0));
#2441=CARTESIAN_POINT('',(-1.673788086142E0,-7.427597176245E-2,
3.171793107070E0));
#2442=CARTESIAN_POINT('',(-1.461165006415E0,-4.206921785500E-2,
3.052417331691E0));
#2443=CARTESIAN_POINT('',(-1.248541926688E0,-9.862463947547E-3,
2.933041556312E0));
#2444=CARTESIAN_POINT('',(-1.619463372039E0,-9.731613785208E-1,
3.391452085575E0));
#2445=CARTESIAN_POINT('',(-1.446435054664E0,-8.454885841745E-1,
3.272076310195E0));
#2446=CARTESIAN_POINT('',(-1.273406737289E0,-7.178157898283E-1,
3.152700534816E0));
#2447=CARTESIAN_POINT('',(-1.100378419914E0,-5.901429954821E-1,
3.033324759437E0));
#2448=CARTESIAN_POINT('',(-9.794678660099E-1,-1.615570477876E0,
3.491735288700E0));
#2449=CARTESIAN_POINT('',(-8.858690495614E-1,-1.421997718851E0,
3.372359513320E0));
#2450=CARTESIAN_POINT('',(-7.922702331128E-1,-1.228424959825E0,
3.252983737941E0));
#2451=CARTESIAN_POINT('',(-6.986714166643E-1,-1.034852200799E0,
3.133607962562E0));
#2452=CARTESIAN_POINT('',(-1.139083378067E-1,-1.885797804389E0,
3.592018491825E0));
#2453=CARTESIAN_POINT('',(-1.212255928724E-1,-1.670914583956E0,
3.472642716445E0));
#2454=CARTESIAN_POINT('',(-1.285428479381E-1,-1.456031363524E0,
3.353266941066E0));
#2455=CARTESIAN_POINT('',(-1.358601030038E-1,-1.241148143091E0,
3.233891165687E0));
#2456=CARTESIAN_POINT('',(7.778498761894E-1,-1.721650579313E0,
3.692301694950E0));
#2457=CARTESIAN_POINT('',(6.713364111915E-1,-1.534884162634E0,
3.572925919570E0));
#2458=CARTESIAN_POINT('',(5.648229461935E-1,-1.348117745956E0,
3.453550144191E0));
#2459=CARTESIAN_POINT('',(4.583094811955E-1,-1.161351329277E0,
3.334174368812E0));
#2460=CARTESIAN_POINT('',(1.490444733714E0,-1.160947795546E0,3.792584898075E0));
#2461=CARTESIAN_POINT('',(1.309225662167E0,-1.045241318836E0,3.673209122695E0));
#2462=CARTESIAN_POINT('',(1.128006590620E0,-9.295348421260E-1,
3.553833347316E0));
#2463=CARTESIAN_POINT('',(9.467875190722E-1,-8.138283654159E-1,
3.434457571937E0));
#2464=CARTESIAN_POINT('',(1.859757176438E0,-3.327995828753E-1,
3.892868101200E0));
#2465=CARTESIAN_POINT('',(1.645497650435E0,-3.147993885865E-1,
3.773492325820E0));
#2466=CARTESIAN_POINT('',(1.431238124432E0,-2.967991942978E-1,
3.654116550441E0));
#2467=CARTESIAN_POINT('',(1.216978598429E0,-2.787990000090E-1,
3.534740775062E0));
#2468=CARTESIAN_POINT('',(1.800682940050E0,5.720766058124E-1,3.993151304325E0));
#2469=CARTESIAN_POINT('',(1.602700022057E0,4.881605452943E-1,3.873775528945E0));
#2470=CARTESIAN_POINT('',(1.404717104064E0,4.042444847762E-1,3.754399753566E0));
#2471=CARTESIAN_POINT('',(1.206734186072E0,3.203284242581E-1,3.635023978187E0));
#2472=CARTESIAN_POINT('',(1.326737096814E0,1.345233932638E0,4.093434507450E0));
#2473=CARTESIAN_POINT('',(1.190759603077E0,1.178632701469E0,3.974058732070E0));
#2474=CARTESIAN_POINT('',(1.054782109341E0,1.012031470299E0,3.854682956691E0));
#2475=CARTESIAN_POINT('',(9.188046156047E-1,8.454302391304E-1,
3.735307181312E0));
#2476=CARTESIAN_POINT('',(5.470908609479E-1,1.808423698110E0,4.193717710575E0));
#2477=CARTESIAN_POINT('',(5.045455494993E-1,1.597641731369E0,4.074341935195E0));
#2478=CARTESIAN_POINT('',(4.620002380507E-1,1.386859764627E0,3.954966159816E0));
#2479=CARTESIAN_POINT('',(4.194549266020E-1,1.176077797885E0,3.835590384437E0));
#2480=CARTESIAN_POINT('',(-3.585126037174E-1,1.854964684976E0,
4.294000913700E0));
#2481=CARTESIAN_POINT('',(-2.979471289494E-1,1.648656724045E0,
4.174625138320E0));
#2482=CARTESIAN_POINT('',(-2.373816541815E-1,1.442348763114E0,
4.055249362941E0));
#2483=CARTESIAN_POINT('',(-1.768161794135E-1,1.236040802182E0,
3.935873587562E0));
#2484=CARTESIAN_POINT('',(-1.181467314808E0,1.474226391196E0,4.394284116825E0));
#2485=CARTESIAN_POINT('',(-1.031797110637E0,1.319865869597E0,4.274908341445E0));
#2486=CARTESIAN_POINT('',(-8.821269064653E-1,1.165505347997E0,
4.155532566066E0));
#2487=CARTESIAN_POINT('',(-7.324567022938E-1,1.011144826398E0,
4.036156790687E0));
#2488=CARTESIAN_POINT('',(-1.732254043706E0,7.539410289956E-1,
4.494567319950E0));
#2489=CARTESIAN_POINT('',(-1.527933370956E0,6.870091583207E-1,
4.375191544570E0));
#2490=CARTESIAN_POINT('',(-1.323612698206E0,6.200772876458E-1,
4.255815769191E0));
#2491=CARTESIAN_POINT('',(-1.119292025457E0,5.531454169709E-1,
4.136439993812E0));
#2492=CARTESIAN_POINT('',(-1.884044590295E0,-1.400045357124E-1,
4.594850523075E0));
#2493=CARTESIAN_POINT('',(-1.672052829080E0,-1.041181340812E-1,
4.475474747695E0));
#2494=CARTESIAN_POINT('',(-1.460061067865E0,-6.823173245001E-2,
4.356098972316E0));
#2495=CARTESIAN_POINT('',(-1.248069306650E0,-3.234533081882E-2,
4.236723196937E0));
#2496=CARTESIAN_POINT('',(-1.601862080641E0,-1.001743576110E0,
4.695133726200E0));
#2497=CARTESIAN_POINT('',(-1.430968768944E0,-8.712574561791E-1,
4.575757950820E0));
#2498=CARTESIAN_POINT('',(-1.260075457247E0,-7.407713362480E-1,
4.456382175441E0));
#2499=CARTESIAN_POINT('',(-1.089182145550E0,-6.102852163168E-1,
4.337006400062E0));
#2500=CARTESIAN_POINT('',(-9.506514836429E-1,-1.632786713E0,4.795416929325E0));
#2501=CARTESIAN_POINT('',(-8.602367240780E-1,-1.437685938316E0,
4.676041153945E0));
#2502=CARTESIAN_POINT('',(-7.698219645130E-1,-1.242585163631E0,
4.556665378566E0));
#2503=CARTESIAN_POINT('',(-6.794072049480E-1,-1.047484388946E0,
4.437289603187E0));
#2504=CARTESIAN_POINT('',(-8.035624513623E-2,-1.887704566782E0,
4.895700132450E0));
#2505=CARTESIAN_POINT('',(-9.140502355440E-2,-1.672940106209E0,
4.776324357070E0));
#2506=CARTESIAN_POINT('',(-1.024538019726E-1,-1.458175645635E0,
4.656948581691E0));
#2507=CARTESIAN_POINT('',(-1.135025803907E-1,-1.243411185062E0,
4.537572806312E0));
#2508=CARTESIAN_POINT('',(8.084507918108E-1,-1.707662729944E0,
4.995983335575E0));
#2509=CARTESIAN_POINT('',(6.984920397998E-1,-1.522870376515E0,
4.876607560195E0));
#2510=CARTESIAN_POINT('',(5.885332877887E-1,-1.338078023085E0,
4.757231784816E0));
#2511=CARTESIAN_POINT('',(4.785745357777E-1,-1.153285669656E0,
4.637856009437E0));
#2512=CARTESIAN_POINT('',(1.510930283937E0,-1.134246422350E0,5.096266538700E0));
#2513=CARTESIAN_POINT('',(1.327548644432E0,-1.021986341423E0,4.976890763320E0));
#2514=CARTESIAN_POINT('',(1.144167004927E0,-9.097262604948E-1,
4.857514987941E0));
#2515=CARTESIAN_POINT('',(9.607853654219E-1,-7.974661795670E-1,
4.738139212562E0));
#2516=CARTESIAN_POINT('',(1.865326472955E0,-2.996091082630E-1,
5.196549741825E0));
#2517=CARTESIAN_POINT('',(1.650771225420E0,-2.856668559200E-1,
5.077173966445E0));
#2518=CARTESIAN_POINT('',(1.436215977885E0,-2.717246035770E-1,
4.957798191066E0));
#2519=CARTESIAN_POINT('',(1.221660730350E0,-2.577823512340E-1,
4.838422415687E0));
#2520=CARTESIAN_POINT('',(1.790059628206E0,6.040013862595E-1,5.296832944950E0));
#2521=CARTESIAN_POINT('',(1.593686227733E0,5.164553971373E-1,5.177457169570E0));
#2522=CARTESIAN_POINT('',(1.397312827259E0,4.289094080152E-1,5.058081394191E0));
#2523=CARTESIAN_POINT('',(1.200939426786E0,3.413634188930E-1,4.938705618812E0));
#2524=CARTESIAN_POINT('',(1.302480488602E0,1.368491821332E0,5.397116148075E0));
#2525=CARTESIAN_POINT('',(1.169441001795E0,1.199587009099E0,5.277740372695E0));
#2526=CARTESIAN_POINT('',(1.036401514988E0,1.030682196867E0,5.158364597316E0));
#2527=CARTESIAN_POINT('',(9.033620281812E-1,8.617773846341E-1,
5.038988821937E0));
#2528=CARTESIAN_POINT('',(5.148580692624E-1,1.817793576342E0,5.497399351200E0));
#2529=CARTESIAN_POINT('',(4.757837606937E-1,1.606359544343E0,5.378023575821E0));
#2530=CARTESIAN_POINT('',(4.367094521249E-1,1.394925512344E0,5.258647800441E0));
#2531=CARTESIAN_POINT('',(3.976351435561E-1,1.183491480345E0,5.139272025062E0));
#2532=CARTESIAN_POINT('',(-3.914283396143E-1,1.848381602497E0,
5.597682554325E0));
#2533=CARTESIAN_POINT('',(-3.274771020604E-1,1.643078460181E0,
5.478306778945E0));
#2534=CARTESIAN_POINT('',(-2.635258645064E-1,1.437775317864E0,
5.358931003566E0));
#2535=CARTESIAN_POINT('',(-1.995746269524E-1,1.232472175547E0,
5.239555228187E0));
#2536=CARTESIAN_POINT('',(-1.207616251709E0,1.453116872860E0,5.697965757450E0));
#2537=CARTESIAN_POINT('',(-1.055259946091E0,1.301349270360E0,5.578589982070E0));
#2538=CARTESIAN_POINT('',(-9.029036404740E-1,1.149581667861E0,
5.459214206691E0));
#2539=CARTESIAN_POINT('',(-7.505473348566E-1,9.978140653610E-1,
5.339838431312E0));
#2540=CARTESIAN_POINT('',(-1.745545833341E0,7.230314140654E-1,
5.798248960575E0));
#2541=CARTESIAN_POINT('',(-1.539996645292E0,6.598754775100E-1,
5.678873185195E0));
#2542=CARTESIAN_POINT('',(-1.334447457243E0,5.967195409545E-1,
5.559497409816E0));
#2543=CARTESIAN_POINT('',(-1.128898269194E0,5.335636043990E-1,
5.440121634437E0));
#2544=CARTESIAN_POINT('',(-1.881304500880E0,-1.735472399633E-1,
5.898532163700E0));
#2545=CARTESIAN_POINT('',(-1.670023327792E0,-1.336546670211E-1,
5.779156388320E0));
#2546=CARTESIAN_POINT('',(-1.458742154704E0,-9.376209407881E-2,
5.659780612941E0));
#2547=CARTESIAN_POINT('',(-1.247460981616E0,-5.386952113655E-2,
5.540404837562E0));
#2548=CARTESIAN_POINT('',(-1.583709996283E0,-1.030083062735E0,
5.998815366825E0));
#2549=CARTESIAN_POINT('',(-1.415321506140E0,-8.963906656719E-1,
5.879439591445E0));
#2550=CARTESIAN_POINT('',(-1.246933015996E0,-7.626982686092E-1,
5.760063816066E0));
#2551=CARTESIAN_POINT('',(-1.078544525853E0,-6.290058715465E-1,
5.640688040687E0));
#2552=CARTESIAN_POINT('',(-9.213469967472E-1,-1.649318301215E0,
6.099098569950E0));
#2553=CARTESIAN_POINT('',(-8.345619143573E-1,-1.452607442085E0,
5.979722794571E0));
#2554=CARTESIAN_POINT('',(-7.477768319675E-1,-1.255896582956E0,
5.860347019191E0));
#2555=CARTESIAN_POINT('',(-6.609917495776E-1,-1.059185723826E0,
5.740971243812E0));
#2556=CARTESIAN_POINT('',(-4.676459910940E-2,-1.888660467239E0,
6.199381773075E0));
#2557=CARTESIAN_POINT('',(-6.153738781161E-2,-1.674160804397E0,
6.080005997695E0));
#2558=CARTESIAN_POINT('',(-7.631017651382E-2,-1.459661141556E0,
5.960630222316E0));
#2559=CARTESIAN_POINT('',(-9.108296521603E-2,-1.245161478714E0,
5.841254446937E0));
#2560=CARTESIAN_POINT('',(8.386316905734E-1,-1.692970526985E0,
6.299664976200E0));
#2561=CARTESIAN_POINT('',(7.256624972908E-1,-1.510024871539E0,
6.180289200820E0));
#2562=CARTESIAN_POINT('',(6.126933040082E-1,-1.327079216093E0,
6.060913425441E0));
#2563=CARTESIAN_POINT('',(4.997241107257E-1,-1.144133560647E0,
5.941537650062E0));
#2564=CARTESIAN_POINT('',(1.530908494581E0,-1.107271364537E0,6.399948179325E0));
#2565=CARTESIAN_POINT('',(1.345691825718E0,-9.980288517273E-1,
6.280572403945E0));
#2566=CARTESIAN_POINT('',(1.160475156854E0,-8.887863389174E-1,
6.161196628566E0));
#2567=CARTESIAN_POINT('',(9.752584879913E-1,-7.795438261075E-1,
6.041820853187E0));
#2568=CARTESIAN_POINT('',(1.870537807531E0,-2.664093995694E-1,
6.500231382450E0));
#2569=CARTESIAN_POINT('',(1.655732181584E0,-2.561921547546E-1,
6.380855607071E0));
#2570=CARTESIAN_POINT('',(1.440926555638E0,-2.459749099399E-1,
6.261479831691E0));
#2571=CARTESIAN_POINT('',(1.226120929691E0,-2.357576651251E-1,
6.142104056312E0));
#2572=CARTESIAN_POINT('',(1.779162585154E0,6.358342375229E-1,6.600514585575E0));
#2573=CARTESIAN_POINT('',(1.584413309189E0,5.446648317952E-1,6.481138810195E0));
#2574=CARTESIAN_POINT('',(1.389664033224E0,4.534954260675E-1,6.361763034816E0));
#2575=CARTESIAN_POINT('',(1.194914757258E0,3.623260203398E-1,6.242387259437E0));
#2576=CARTESIAN_POINT('',(1.277933004348E0,1.391514464866E0,6.700797788700E0));
#2577=CARTESIAN_POINT('',(1.148109467947E0,1.220117262806E0,6.581422013320E0));
#2578=CARTESIAN_POINT('',(1.018285931546E0,1.048720060747E0,6.462046237941E0));
#2579=CARTESIAN_POINT('',(8.884623951445E-1,8.773228586878E-1,
6.342670462562E0));
#2580=CARTESIAN_POINT('',(4.823799540783E-1,1.826613820259E0,6.801080991825E0));
#2581=CARTESIAN_POINT('',(4.473145378073E-1,1.614484715168E0,6.681705216445E0));
#2582=CARTESIAN_POINT('',(4.122491215364E-1,1.402355610076E0,6.562329441066E0));
#2583=CARTESIAN_POINT('',(3.771837052655E-1,1.190226504985E0,6.442953665687E0));
#2584=CARTESIAN_POINT('',(-4.242462716778E-1,1.840963402163E0,
6.901364194950E0));
#2585=CARTESIAN_POINT('',(-3.565238844425E-1,1.636903384296E0,
6.781988419570E0));
#2586=CARTESIAN_POINT('',(-2.888014972073E-1,1.432843366429E0,
6.662612644191E0));
#2587=CARTESIAN_POINT('',(-2.210791099720E-1,1.228783348561E0,
6.543236868812E0));
#2588=CARTESIAN_POINT('',(-1.233156211970E0,1.431276019893E0,7.001647398075E0));
#2589=CARTESIAN_POINT('',(-1.078217405804E0,1.282204537077E0,6.882271622695E0));
#2590=CARTESIAN_POINT('',(-9.232785996374E-1,1.133133054261E0,
6.762895847316E0));
#2591=CARTESIAN_POINT('',(-7.683397934711E-1,9.840615714452E-1,
6.643520071937E0));
#2592=CARTESIAN_POINT('',(-1.758053486664E0,6.918816775297E-1,
7.101930601200E0));
#2593=CARTESIAN_POINT('',(-1.551512595357E0,6.321153684964E-1,
6.982554825820E0));
#2594=CARTESIAN_POINT('',(-1.344971704050E0,5.723490594630E-1,
6.863179050441E0));
#2595=CARTESIAN_POINT('',(-1.138430812743E0,5.125827504297E-1,
6.743803275062E0));
#2596=CARTESIAN_POINT('',(-1.878004650240E0,-2.069522340557E-1,
7.202213804325E0));
#2597=CARTESIAN_POINT('',(-1.667388975351E0,-1.635912086866E-1,
7.082838028945E0));
#2598=CARTESIAN_POINT('',(-1.456773300463E0,-1.202301833175E-1,
6.963462253566E0));
#2599=CARTESIAN_POINT('',(-1.246157625575E0,-7.686915794838E-2,
6.844086478187E0));
#2600=CARTESIAN_POINT('',(-1.565286390224E0,-1.058189101324E0,
7.302497007450E0));
#2601=CARTESIAN_POINT('',(-1.399212838241E0,-9.215676375583E-1,
7.183121232070E0));
#2602=CARTESIAN_POINT('',(-1.233139286257E0,-7.849461737927E-1,
7.063745456691E0));
#2603=CARTESIAN_POINT('',(-1.067065734274E0,-6.483247100271E-1,
6.944369681312E0));
#2604=CARTESIAN_POINT('',(-8.919013291489E-1,-1.665598001044E0,
7.402780210575E0));
#2605=CARTESIAN_POINT('',(-8.087523793335E-1,-1.467291689560E0,
7.283404435195E0));
#2606=CARTESIAN_POINT('',(-7.256034295182E-1,-1.268985378076E0,
7.164028659816E0));
#2607=CARTESIAN_POINT('',(-6.424544797029E-1,-1.070679066592E0,
7.044652884437E0));
#2608=CARTESIAN_POINT('',(-1.311526957413E-2,-1.889246743873E0,
7.503063413700E0));
#2609=CARTESIAN_POINT('',(-3.194482493908E-2,-1.675058510485E0,
7.383687638320E0));
#2610=CARTESIAN_POINT('',(-5.077438030403E-2,-1.460870277096E0,
7.264311862941E0));
#2611=CARTESIAN_POINT('',(-6.960393566898E-2,-1.246682043707E0,
7.144936087562E0));
#2612=CARTESIAN_POINT('',(8.686254662115E-1,-1.677706251973E0,
7.603346616825E0));
#2613=CARTESIAN_POINT('',(7.522182752574E-1,-1.496936490842E0,
7.483970841446E0));
#2614=CARTESIAN_POINT('',(6.358110843033E-1,-1.316166729711E0,
7.364595066066E0));
#2615=CARTESIAN_POINT('',(5.194038933491E-1,-1.135396968580E0,
7.245219290687E0));
#2616=CARTESIAN_POINT('',(1.550253615383E0,-1.079742967158E0,7.703629819950E0));
#2617=CARTESIAN_POINT('',(1.363076236336E0,-9.739533580379E-1,
7.584254044570E0));
#2618=CARTESIAN_POINT('',(1.175898857289E0,-8.681637489175E-1,
7.464878269191E0));
#2619=CARTESIAN_POINT('',(9.887214782415E-1,-7.623741397971E-1,
7.345502493812E0));
#2620=CARTESIAN_POINT('',(1.874806836117E0,-2.330764155535E-1,
7.803913023075E0));
#2621=CARTESIAN_POINT('',(1.659896897624E0,-2.265911259002E-1,
7.684537247696E0));
#2622=CARTESIAN_POINT('',(1.444986959131E0,-2.201058362468E-1,
7.565161472316E0));
#2623=CARTESIAN_POINT('',(1.230077020637E0,-2.136205465935E-1,
7.445785696937E0));
#2624=CARTESIAN_POINT('',(1.767523148E0,6.673186936979E-1,7.904196226200E0));
#2625=CARTESIAN_POINT('',(1.574314203173E0,5.729711705911E-1,7.784820450820E0));
#2626=CARTESIAN_POINT('',(1.381105258346E0,4.786236474844E-1,7.665444675441E0));
#2627=CARTESIAN_POINT('',(1.187896313520E0,3.842761243777E-1,7.546068900062E0));
#2628=CARTESIAN_POINT('',(1.253063064426E0,1.414059280962E0,8.004479429325E0));
#2629=CARTESIAN_POINT('',(1.126061098103E0,1.240537980887E0,7.885103653946E0));
#2630=CARTESIAN_POINT('',(9.990591317804E-1,1.067016680811E0,7.765727878566E0));
#2631=CARTESIAN_POINT('',(8.720571654578E-1,8.934953807352E-1,
7.646352103187E0));
#2632=CARTESIAN_POINT('',(4.498572945402E-1,1.835078764558E0,8.104762632450E0));
#2633=CARTESIAN_POINT('',(4.184739425382E-1,1.622332591274E0,7.985386857070E0));
#2634=CARTESIAN_POINT('',(3.870905905362E-1,1.409586417990E0,7.866011081691E0));
#2635=CARTESIAN_POINT('',(3.557072385342E-1,1.196840244706E0,7.746635306312E0));
#2636=CARTESIAN_POINT('',(-4.569997601192E-1,1.833263729328E0,
8.205045835575E0));
#2637=CARTESIAN_POINT('',(-3.855112606474E-1,1.630462014658E0,
8.085670060196E0));
#2638=CARTESIAN_POINT('',(-3.140227611756E-1,1.427660299988E0,
7.966294284816E0));
#2639=CARTESIAN_POINT('',(-2.425342617038E-1,1.224858585319E0,
7.846918509437E0));
#2640=CARTESIAN_POINT('',(-1.258490806759E0,1.409122478295E0,8.305329038700E0));
#2641=CARTESIAN_POINT('',(-1.100754162369E0,1.263005051222E0,8.185953263320E0));
#2642=CARTESIAN_POINT('',(-9.430175179799E-1,1.116887624150E0,
8.066577487941E0));
#2643=CARTESIAN_POINT('',(-7.852808735904E-1,9.707701970781E-1,
7.947201712562E0));
#2644=CARTESIAN_POINT('',(-1.770038423429E0,6.604335303755E-1,
8.405612241825E0));
#2645=CARTESIAN_POINT('',(-1.562409904698E0,6.045878604031E-1,
8.286236466445E0));
#2646=CARTESIAN_POINT('',(-1.354781385967E0,5.487421904308E-1,
8.166860691066E0));
#2647=CARTESIAN_POINT('',(-1.147152867236E0,4.928965204584E-1,
8.047484915687E0));
#2648=CARTESIAN_POINT('',(-1.873864105164E0,-2.403423860110E-1,
8.505895444950E0));
#2649=CARTESIAN_POINT('',(-1.664113004946E0,-1.931058685498E-1,
8.386519669571E0));
#2650=CARTESIAN_POINT('',(-1.454361904727E0,-1.458693510886E-1,
8.267143894191E0));
#2651=CARTESIAN_POINT('',(-1.244610804508E0,-9.863283362736E-2,
8.147768118812E0));
#2652=CARTESIAN_POINT('',(-1.546074877642E0,-1.085761373859E0,
8.606178648075E0));
#2653=CARTESIAN_POINT('',(-1.382429192317E0,-9.463037447391E-1,
8.486802872695E0));
#2654=CARTESIAN_POINT('',(-1.218783506993E0,-8.068461156187E-1,
8.367427097316E0));
#2655=CARTESIAN_POINT('',(-1.055137821669E0,-6.673884864983E-1,
8.248051321937E0));
#2656=CARTESIAN_POINT('',(-8.621392659406E-1,-1.681121115148E0,
8.706461851200E0));
#2657=CARTESIAN_POINT('',(-7.822654205885E-1,-1.481493160427E0,
8.587086075820E0));
#2658=CARTESIAN_POINT('',(-7.023915752364E-1,-1.281865205706E0,
8.467710300441E0));
#2659=CARTESIAN_POINT('',(-6.225177298843E-1,-1.082237250985E0,
8.348334525062E0));
#2660=CARTESIAN_POINT('',(2.045231001710E-2,-1.889262394830E0,
8.806745054325E0));
#2661=CARTESIAN_POINT('',(-1.894468873234E-3,-1.675393831214E0,
8.687369278945E0));
#2662=CARTESIAN_POINT('',(-2.424124776357E-2,-1.461525267599E0,
8.567993503566E0));
#2663=CARTESIAN_POINT('',(-4.658802665391E-2,-1.247656703983E0,
8.448617728187E0));
#2664=CARTESIAN_POINT('',(8.984137531134E-1,-1.662148725535E0,
8.907028257450E0));
#2665=CARTESIAN_POINT('',(7.788631740037E-1,-1.483393283480E0,
8.787652482071E0));
#2666=CARTESIAN_POINT('',(6.593125948941E-1,-1.304637841424E0,
8.668276706691E0));
#2667=CARTESIAN_POINT('',(5.397620157844E-1,-1.125882399369E0,
8.548900931312E0));
#2668=CARTESIAN_POINT('',(1.569362023659E0,-1.052049200711E0,9.007311460575E0));
#2669=CARTESIAN_POINT('',(1.380237857382E0,-9.497203643076E-1,
8.887935685195E0));
#2670=CARTESIAN_POINT('',(1.191113691104E0,-8.473915279039E-1,
8.768559909816E0));
#2671=CARTESIAN_POINT('',(1.001989524827E0,-7.450626915002E-1,
8.649184134437E0));
#2672=CARTESIAN_POINT('',(1.878713745510E0,-1.996495228254E-1,
9.107594663700E0));
#2673=CARTESIAN_POINT('',(1.663713032277E0,-1.972319234265E-1,
8.988218888320E0));
#2674=CARTESIAN_POINT('',(1.448712319044E0,-1.948143240276E-1,
8.868843112941E0));
#2675=CARTESIAN_POINT('',(1.233711605812E0,-1.923967246288E-1,
8.749467337562E0));
#2676=CARTESIAN_POINT('',(1.755295954082E0,6.986734444954E-1,9.207877866825E0));
#2677=CARTESIAN_POINT('',(1.563912697918E0,6.006898238977E-1,9.088502091445E0));
#2678=CARTESIAN_POINT('',(1.372529441755E0,5.027062032999E-1,8.969126316066E0));
#2679=CARTESIAN_POINT('',(1.181146185592E0,4.047225827022E-1,8.849750540687E0));
#2680=CARTESIAN_POINT('',(1.227579961096E0,1.436028755371E0,9.308161069950E0));
#2681=CARTESIAN_POINT('',(1.103820358488E0,1.260215293466E0,9.188785294571E0));
#2682=CARTESIAN_POINT('',(9.800607558807E-1,1.084401831560E0,9.069409519191E0));
#2683=CARTESIAN_POINT('',(8.563011532731E-1,9.085883696541E-1,
8.950033743812E0));
#2684=CARTESIAN_POINT('',(4.171089410341E-1,1.842619173771E0,9.408444273075E0));
#2685=CARTESIAN_POINT('',(3.894289936938E-1,1.629400597750E0,9.289068497695E0));
#2686=CARTESIAN_POINT('',(3.617490463534E-1,1.416182021729E0,9.169692722316E0));
#2687=CARTESIAN_POINT('',(3.340690990131E-1,1.202963445709E0,9.050316946937E0));
#2688=CARTESIAN_POINT('',(-4.894798822525E-1,1.824790881867E0,
9.508727476200E0));
#2689=CARTESIAN_POINT('',(-4.146766686044E-1,1.623208068350E0,
9.389351700821E0));
#2690=CARTESIAN_POINT('',(-3.398734549563E-1,1.421625254833E0,
9.269975925441E0));
#2691=CARTESIAN_POINT('',(-2.650702413082E-1,1.220042441316E0,
9.150600150062E0));
#2692=CARTESIAN_POINT('',(-1.283381759002E0,1.386600863322E0,9.609010679325E0));
#2693=CARTESIAN_POINT('',(-1.123252719827E0,1.243081415710E0,9.489634903945E0));
#2694=CARTESIAN_POINT('',(-9.631236806516E-1,1.099561968099E0,
9.370259128566E0));
#2695=CARTESIAN_POINT('',(-8.029946414764E-1,9.560425204882E-1,
9.250883353187E0));
#2696=CARTESIAN_POINT('',(-1.781674197426E0,6.289059642010E-1,
9.709293882450E0));
#2697=CARTESIAN_POINT('',(-1.573067955128E0,5.766634077520E-1,
9.589918107070E0));
#2698=CARTESIAN_POINT('',(-1.364461712831E0,5.244208513030E-1,
9.470542331691E0));
#2699=CARTESIAN_POINT('',(-1.155855470533E0,4.721782948540E-1,
9.351166556312E0));
#2700=CARTESIAN_POINT('',(-1.869437098859E0,-2.736962101098E-1,
9.809577085575E0));
#2701=CARTESIAN_POINT('',(-1.660566175382E0,-2.225877141856E-1,
9.690201310195E0));
#2702=CARTESIAN_POINT('',(-1.451695251905E0,-1.714792182614E-1,
9.570825534816E0));
#2703=CARTESIAN_POINT('',(-1.242824328428E0,-1.203707223372E-1,
9.451449759437E0));
#2704=CARTESIAN_POINT('',(-1.526531921670E0,-1.113160168913E0,
9.909860288700E0));
#2705=CARTESIAN_POINT('',(-1.365549509251E0,-9.706266136729E-1,
9.790484513320E0));
#2706=CARTESIAN_POINT('',(-1.204567096833E0,-8.280930584333E-1,
9.671108737941E0));
#2707=CARTESIAN_POINT('',(-1.043584684414E0,-6.855595031936E-1,
9.551732962562E0));
#2708=CARTESIAN_POINT('',(-8.320286231987E-1,-1.696153542176E0,
1.001014349182E1));
#2709=CARTESIAN_POINT('',(-7.559488231241E-1,-1.495056041780E0,
9.890767716445E0));
#2710=CARTESIAN_POINT('',(-6.798690230495E-1,-1.293958541383E0,
9.771391941066E0));
#2711=CARTESIAN_POINT('',(-6.037892229748E-1,-1.092861040987E0,
9.652016165687E0));
#2712=CARTESIAN_POINT('',(5.408815431106E-2,-1.888439996055E0,
1.011042669495E1));
#2713=CARTESIAN_POINT('',(2.779943996521E-2,-1.675049002518E0,
9.991050919570E0));
#2714=CARTESIAN_POINT('',(1.510725619363E-3,-1.461658008980E0,
9.871675144191E0));
#2715=CARTESIAN_POINT('',(-2.477798872648E-2,-1.248267015443E0,
9.752299368812E0));
#2716=CARTESIAN_POINT('',(9.277487043292E-1,-1.645754425744E0,
1.021070989807E1));
#2717=CARTESIAN_POINT('',(8.051360303664E-1,-1.469134854833E0,
1.009133412270E1));
#2718=CARTESIAN_POINT('',(6.825233564035E-1,-1.292515283922E0,
9.971958347316E0));
#2719=CARTESIAN_POINT('',(5.599106824407E-1,-1.115895713011E0,
9.852582571937E0));
#2720=CARTESIAN_POINT('',(1.587748795567E0,-1.023965858732E0,1.031099310120E1));
#2721=CARTESIAN_POINT('',(1.396985970631E0,-9.247655759708E-1,
1.019161732582E1));
#2722=CARTESIAN_POINT('',(1.206223145695E0,-8.255652932092E-1,
1.007224155044E1));
#2723=CARTESIAN_POINT('',(1.015460320760E0,-7.263650104476E-1,
9.952865775062E0));
#2724=CARTESIAN_POINT('',(1.882044745010E0,-1.662476203813E-1,
1.041127630432E1));
#2725=CARTESIAN_POINT('',(1.667014747023E0,-1.673616201237E-1,
1.029190052895E1));
#2726=CARTESIAN_POINT('',(1.451984749036E0,-1.684756198661E-1,
1.017252475357E1));
#2727=CARTESIAN_POINT('',(1.236954751049E0,-1.695896196086E-1,
1.005314897819E1));
#2728=CARTESIAN_POINT('',(1.742756646766E0,7.298526753623E-1,1.051155950745E1));
#2729=CARTESIAN_POINT('',(1.553067392251E0,6.285420848441E-1,1.039218373207E1));
#2730=CARTESIAN_POINT('',(1.363378137735E0,5.272314943259E-1,1.027280795669E1));
#2731=CARTESIAN_POINT('',(1.173688883219E0,4.259209038077E-1,1.015343218131E1));
#2732=CARTESIAN_POINT('',(1.201908917502E0,1.457779007960E0,1.061184271057E1));
#2733=CARTESIAN_POINT('',(1.081400884312E0,1.279686461887E0,1.049246693520E1));
#2734=CARTESIAN_POINT('',(9.608928511224E-1,1.101593915815E0,1.037309115982E1));
#2735=CARTESIAN_POINT('',(8.403848179324E-1,9.235013697432E-1,
1.025371538444E1));
#2736=CARTESIAN_POINT('',(3.842313719600E-1,1.849808509639E0,1.071212591370E1));
#2737=CARTESIAN_POINT('',(3.605902598825E-1,1.636097842387E0,1.059275013832E1));
#2738=CARTESIAN_POINT('',(3.369491478050E-1,1.422387175136E0,1.047337436294E1));
#2739=CARTESIAN_POINT('',(3.133080357275E-1,1.208676507884E0,1.035399858756E1));
#2740=CARTESIAN_POINT('',(-5.218889851657E-1,1.815720340699E0,
1.081240911682E1));
#2741=CARTESIAN_POINT('',(-4.432871321770E-1,1.615595156497E0,
1.069303334145E1));
#2742=CARTESIAN_POINT('',(-3.646852791884E-1,1.415469972294E0,
1.057365756607E1));
#2743=CARTESIAN_POINT('',(-2.860834261998E-1,1.215344788092E0,
1.045428179069E1));
#2744=CARTESIAN_POINT('',(-1.307760744065E0,1.363412257315E0,1.091269231995E1));
#2745=CARTESIAN_POINT('',(-1.145030506825E0,1.222892925860E0,1.079331654457E1));
#2746=CARTESIAN_POINT('',(-9.823002695847E-1,1.082373594406E0,
1.067394076919E1));
#2747=CARTESIAN_POINT('',(-8.195700323446E-1,9.418542629514E-1,
1.055456499381E1));
#2748=CARTESIAN_POINT('',(-1.792412248430E0,5.970624925313E-1,
1.101297552307E1));
#2749=CARTESIAN_POINT('',(-1.582970132908E0,5.484585740617E-1,
1.089359974770E1));
#2750=CARTESIAN_POINT('',(-1.373528017386E0,4.998546555921E-1,
1.077422397232E1));
#2751=CARTESIAN_POINT('',(-1.164085901863E0,4.512507371225E-1,
1.065484819694E1));
#2752=CARTESIAN_POINT('',(-1.864213698355E0,-3.068543700555E-1,
1.111325872620E1));
#2753=CARTESIAN_POINT('',(-1.656228326213E0,-2.523269782496E-1,
1.099388295082E1));
#2754=CARTESIAN_POINT('',(-1.448242954072E0,-1.977995864436E-1,
1.087450717544E1));
#2755=CARTESIAN_POINT('',(-1.240257581930E0,-1.432721946376E-1,
1.075513140006E1));
#2756=CARTESIAN_POINT('',(-1.506578874234E0,-1.140153844455E0,
1.121354192932E1));
#2757=CARTESIAN_POINT('',(-1.347945444630E0,-9.949829933398E-1,
1.109416615395E1));
#2758=CARTESIAN_POINT('',(-1.189312015026E0,-8.498121422249E-1,
1.097479037857E1));
#2759=CARTESIAN_POINT('',(-1.030678585422E0,-7.046412911100E-1,
1.085541460319E1));
#2760=CARTESIAN_POINT('',(-8.018044627906E-1,-1.710846358951E0,
1.131382513245E1));
#2761=CARTESIAN_POINT('',(-7.292135899990E-1,-1.508420040649E0,
1.119444935707E1));
#2762=CARTESIAN_POINT('',(-6.566227172074E-1,-1.305993722346E0,
1.107507358169E1));
#2763=CARTESIAN_POINT('',(-5.840318444158E-1,-1.103567404044E0,
1.095569780631E1));
#2764=CARTESIAN_POINT('',(8.771613941704E-2,-1.887328944398E0,
1.141410833557E1));
#2765=CARTESIAN_POINT('',(5.748744476858E-2,-1.674431394798E0,
1.129473256020E1));
#2766=CARTESIAN_POINT('',(2.725875012012E-2,-1.461533845198E0,
1.117535678482E1));
#2767=CARTESIAN_POINT('',(-2.969944528342E-3,-1.248636295599E0,
1.105598100944E1));
#2768=CARTESIAN_POINT('',(9.569437712978E-1,-1.629013184989E0,
1.151439153870E1));
#2769=CARTESIAN_POINT('',(8.310071644057E-1,-1.454740055705E0,
1.139501576332E1));
#2770=CARTESIAN_POINT('',(7.050705575137E-1,-1.280466926421E0,
1.127563998794E1));
#2771=CARTESIAN_POINT('',(5.791339506216E-1,-1.106193797137E0,
1.115626421256E1));
#2772=CARTESIAN_POINT('',(1.605681675615E0,-9.954871176045E-1,
1.161467474182E1));
#2773=CARTESIAN_POINT('',(1.413081753491E0,-8.999171982322E-1,
1.149529896645E1));
#2774=CARTESIAN_POINT('',(1.220481831366E0,-8.043472788600E-1,
1.137592319107E1));
#2775=CARTESIAN_POINT('',(1.027881909242E0,-7.087773594877E-1,
1.125654741569E1));
#2776=CARTESIAN_POINT('',(1.884548657198E0,-1.326952360771E-1,
1.171495794495E1));
#2777=CARTESIAN_POINT('',(1.669604570061E0,-1.377790118668E-1,
1.159558216957E1));
#2778=CARTESIAN_POINT('',(1.454660482924E0,-1.428627876565E-1,
1.147620639419E1));
#2779=CARTESIAN_POINT('',(1.239716395787E0,-1.479465634462E-1,
1.135683061881E1));
#2780=CARTESIAN_POINT('',(1.729339425866E0,7.606642630911E-1,1.181524114807E1));
#2781=CARTESIAN_POINT('',(1.541473101753E0,6.560953915547E-1,1.169586537270E1));
#2782=CARTESIAN_POINT('',(1.353606777640E0,5.515265200182E-1,1.157648959732E1));
#2783=CARTESIAN_POINT('',(1.165740453527E0,4.469576484817E-1,1.145711382194E1));
#2784=CARTESIAN_POINT('',(1.175780630963E0,1.478846536837E0,1.191552435120E1));
#2785=CARTESIAN_POINT('',(1.058224223203E0,1.298815092923E0,1.179614857582E1));
#2786=CARTESIAN_POINT('',(9.406678154425E-1,1.118783649009E0,1.167677280044E1));
#2787=CARTESIAN_POINT('',(8.231114076825E-1,9.387522050952E-1,
1.155739702506E1));
#2788=CARTESIAN_POINT('',(3.513154351680E-1,1.856433829379E0,1.201580755432E1));
#2789=CARTESIAN_POINT('',(3.311849513656E-1,1.642342404265E0,1.189643177895E1));
#2790=CARTESIAN_POINT('',(3.110544675631E-1,1.428250979151E0,1.177705600357E1));
#2791=CARTESIAN_POINT('',(2.909239837607E-1,1.214159554037E0,1.165768022819E1));
#2792=CARTESIAN_POINT('',(-5.443727578257E-1,1.806819294816E0,
1.211501002828E1));
#2793=CARTESIAN_POINT('',(-4.633913952223E-1,1.607896448200E0,
1.199563425290E1));
#2794=CARTESIAN_POINT('',(-3.824100326188E-1,1.408973601584E0,
1.187625847752E1));
#2795=CARTESIAN_POINT('',(-3.014286700154E-1,1.210050754968E0,
1.175688270215E1));
#2796=CARTESIAN_POINT('',(-1.307521779367E0,1.357341417089E0,1.221313177307E1));
#2797=CARTESIAN_POINT('',(-1.144808728306E0,1.217583440097E0,1.209375599770E1));
#2798=CARTESIAN_POINT('',(-9.820956772462E-1,1.077825463106E0,
1.197438022232E1));
#2799=CARTESIAN_POINT('',(-8.193826261859E-1,9.380674861139E-1,
1.185500444694E1));
#2800=CARTESIAN_POINT('',(-1.779826176230E0,6.197415030355E-1,
1.231017278870E1));
#2801=CARTESIAN_POINT('',(-1.571508473691E0,5.686608476204E-1,
1.219079701332E1));
#2802=CARTESIAN_POINT('',(-1.363190771152E0,5.175801922052E-1,
1.207142123794E1));
#2803=CARTESIAN_POINT('',(-1.154873068612E0,4.664995367900E-1,
1.195204546256E1));
#2804=CARTESIAN_POINT('',(-1.867700901506E0,-2.516713059290E-1,
1.240721380432E1));
#2805=CARTESIAN_POINT('',(-1.658799892497E0,-2.030811981910E-1,
1.228783802895E1));
#2806=CARTESIAN_POINT('',(-1.449898883489E0,-1.544910904530E-1,
1.216846225357E1));
#2807=CARTESIAN_POINT('',(-1.240997874481E0,-1.059009827150E-1,
1.204908647819E1));
#2808=CARTESIAN_POINT('',(-1.552242734128E0,-1.068729181502E0,
1.250425481995E1));
#2809=CARTESIAN_POINT('',(-1.387823530151E0,-9.309852084369E-1,
1.238487904457E1));
#2810=CARTESIAN_POINT('',(-1.223404326174E0,-7.932412353713E-1,
1.226550326919E1));
#2811=CARTESIAN_POINT('',(-1.058985122197E0,-6.554972623057E-1,
1.214612749381E1));
#2812=CARTESIAN_POINT('',(-9.014703266256E-1,-1.654781138815E0,
1.260129583557E1));
#2813=CARTESIAN_POINT('',(-8.170813181701E-1,-1.457651298141E0,
1.248192006020E1));
#2814=CARTESIAN_POINT('',(-7.326923097146E-1,-1.260521457467E0,
1.236254428482E1));
#2815=CARTESIAN_POINT('',(-6.483033012592E-1,-1.063391616792E0,
1.224316850944E1));
#2816=CARTESIAN_POINT('',(-5.634164965748E-2,-1.884099353557E0,
1.269833685120E1));
#2817=CARTESIAN_POINT('',(-6.987199678943E-2,-1.669975136993E0,
1.257896107582E1));
#2818=CARTESIAN_POINT('',(-8.340234392138E-2,-1.455850920429E0,
1.245958530044E1));
#2819=CARTESIAN_POINT('',(-9.693269105333E-2,-1.241726703865E0,
1.234020952506E1));
#2820=CARTESIAN_POINT('',(8.019243423756E-1,-1.704154922652E0,
1.279537786682E1));
#2821=CARTESIAN_POINT('',(6.922759555760E-1,-1.519734427505E0,
1.267600209145E1));
#2822=CARTESIAN_POINT('',(5.826275687764E-1,-1.335313932358E0,
1.255662631607E1));
#2823=CARTESIAN_POINT('',(4.729791819769E-1,-1.150893437210E0,
1.243725054069E1));
#2824=CARTESIAN_POINT('',(1.459980787567E0,-1.171525586266E0,1.289181015849E1));
#2825=CARTESIAN_POINT('',(1.280000978680E0,-1.055684919730E0,1.277243438311E1));
#2826=CARTESIAN_POINT('',(1.100021169793E0,-9.398442531946E-1,
1.265305860773E1));
#2827=CARTESIAN_POINT('',(9.200413609060E-1,-8.240035866588E-1,
1.253368283235E1));
#2828=CARTESIAN_POINT('',(1.805135246104E0,-4.316627272749E-1,
1.298763372620E1));
#2829=CARTESIAN_POINT('',(1.593185704865E0,-4.054227669248E-1,
1.286825795082E1));
#2830=CARTESIAN_POINT('',(1.381236163627E0,-3.791828065747E-1,
1.274888217544E1));
#2831=CARTESIAN_POINT('',(1.169286622388E0,-3.529428462246E-1,
1.262950640006E1));
#2832=CARTESIAN_POINT('',(1.801428241739E0,3.552525632643E-1,1.308284856995E1));
#2833=CARTESIAN_POINT('',(1.598494694494E0,2.896543709693E-1,1.296347279457E1));
#2834=CARTESIAN_POINT('',(1.395561147249E0,2.240561786742E-1,1.284409701919E1));
#2835=CARTESIAN_POINT('',(1.192627600005E0,1.584579863792E-1,1.272472124381E1));
#2836=CARTESIAN_POINT('',(1.479211997416E0,1.045622385842E0,1.317806341370E1));
#2837=CARTESIAN_POINT('',(1.321866861122E0,9.019949987846E-1,1.305868763832E1));
#2838=CARTESIAN_POINT('',(1.164521724828E0,7.583676117276E-1,1.293931186294E1));
#2839=CARTESIAN_POINT('',(1.007176588534E0,6.147402246705E-1,1.281993608756E1));
#2840=CARTESIAN_POINT('',(9.209696682422E-1,1.525720329861E0,1.327327825745E1));
#2841=CARTESIAN_POINT('',(8.359682246867E-1,1.330606909148E0,1.315390248207E1));
#2842=CARTESIAN_POINT('',(7.509667811313E-1,1.135493488435E0,1.303452670669E1));
#2843=CARTESIAN_POINT('',(6.659653375759E-1,9.403800677217E-1,
1.291515093131E1));
#2844=CARTESIAN_POINT('',(2.414205740228E-1,1.731529309117E0,1.336849310120E1));
#2845=CARTESIAN_POINT('',(2.417867395334E-1,1.518918536900E0,1.324911732582E1));
#2846=CARTESIAN_POINT('',(2.421529050440E-1,1.306307764684E0,1.312974155044E1));
#2847=CARTESIAN_POINT('',(2.425190705546E-1,1.093696992468E0,1.301036577506E1));
#2848=CARTESIAN_POINT('',(-4.375049339008E-1,1.653308072339E0,
1.346370794495E1));
#2849=CARTESIAN_POINT('',(-3.535260364850E-1,1.458275211796E0,
1.334433216957E1));
#2850=CARTESIAN_POINT('',(-2.695471390692E-1,1.263242351254E0,
1.322495639419E1));
#2851=CARTESIAN_POINT('',(-1.855682416534E-1,1.068209490712E0,
1.310558061881E1));
#2852=CARTESIAN_POINT('',(-1.007965413328E0,1.329214167927E0,1.355892278870E1));
#2853=CARTESIAN_POINT('',(-8.551079848988E-1,1.181866456128E0,
1.343954701332E1));
#2854=CARTESIAN_POINT('',(-7.022505564699E-1,1.034518744329E0,
1.332017123794E1));
#2855=CARTESIAN_POINT('',(-5.493931280410E-1,8.871710325304E-1,
1.320079546256E1));
#2856=CARTESIAN_POINT('',(-1.393493965451E0,8.315324785265E-1,
1.365413763245E1));
#2857=CARTESIAN_POINT('',(-1.195906701134E0,7.547822507819E-1,
1.353476185707E1));
#2858=CARTESIAN_POINT('',(-9.983194368169E-1,6.780320230373E-1,
1.341538608169E1));
#2859=CARTESIAN_POINT('',(-8.007321724999E-1,6.012817952927E-1,
1.329601030631E1));
#2860=CARTESIAN_POINT('',(-1.551490197804E0,2.520883617283E-1,
1.374935247620E1));
#2861=CARTESIAN_POINT('',(-1.339558147164E0,2.539801991751E-1,
1.362997670082E1));
#2862=CARTESIAN_POINT('',(-1.127626096525E0,2.558720366220E-1,
1.351060092544E1));
#2863=CARTESIAN_POINT('',(-9.156940458849E-1,2.577638740689E-1,
1.339122515006E1));
#2864=CARTESIAN_POINT('',(-1.487046023281E0,-3.175825134136E-1,
1.384456731995E1));
#2865=CARTESIAN_POINT('',(-1.291839851551E0,-2.354287112861E-1,
1.372519154457E1));
#2866=CARTESIAN_POINT('',(-1.096633679822E0,-1.532749091586E-1,
1.360581576919E1));
#2867=CARTESIAN_POINT('',(-9.014275080922E-1,-7.112110703106E-2,
1.348643999381E1));
#2868=CARTESIAN_POINT('',(-1.227847983924E0,-7.984287738548E-1,
1.393978216370E1));
#2869=CARTESIAN_POINT('',(-1.075474418958E0,-6.517159847632E-1,
1.382040638832E1));
#2870=CARTESIAN_POINT('',(-9.231008539923E-1,-5.050031956716E-1,
1.370103061294E1));
#2871=CARTESIAN_POINT('',(-7.707272890263E-1,-3.582904065800E-1,
1.358165483756E1));
#2872=CARTESIAN_POINT('',(-8.326929817855E-1,-1.132115705006E0,
1.403499700745E1));
#2873=CARTESIAN_POINT('',(-7.447934849275E-1,-9.395363388691E-1,
1.391562123207E1));
#2874=CARTESIAN_POINT('',(-6.568939880694E-1,-7.469569727322E-1,
1.379624545669E1));
#2875=CARTESIAN_POINT('',(-5.689944912114E-1,-5.543776065953E-1,
1.367686968131E1));
#2876=CARTESIAN_POINT('',(-3.696114733204E-1,-1.293144814102E0,
1.413021185120E1));
#2877=CARTESIAN_POINT('',(-3.570500340076E-1,-1.082231873606E0,
1.401083607582E1));
#2878=CARTESIAN_POINT('',(-3.444885946949E-1,-8.713189331106E-1,
1.389146030044E1));
#2879=CARTESIAN_POINT('',(-3.319271553822E-1,-6.604059926148E-1,
1.377208452506E1));
#2880=CARTESIAN_POINT('',(9.206757180028E-2,-1.277281362391E0,
1.422542669495E1));
#2881=CARTESIAN_POINT('',(2.999579646616E-2,-1.075257667565E0,
1.410605091957E1));
#2882=CARTESIAN_POINT('',(-3.207597886795E-2,-8.732339727395E-1,
1.398667514419E1));
#2883=CARTESIAN_POINT('',(-9.414775420206E-2,-6.712102779139E-1,
1.386729936881E1));
#2884=CARTESIAN_POINT('',(4.928397027743E-1,-1.110269815167E0,
1.432064153870E1));
#2885=CARTESIAN_POINT('',(3.625396365224E-1,-9.439137313329E-1,
1.420126576332E1));
#2886=CARTESIAN_POINT('',(2.322395702705E-1,-7.775576474986E-1,
1.408188998794E1));
#2887=CARTESIAN_POINT('',(1.019395040185E-1,-6.112015636644E-1,
1.396251421256E1));
#2888=CARTESIAN_POINT('',(7.901405059852E-1,-8.316984847261E-1,
1.441585638245E1));
#2889=CARTESIAN_POINT('',(6.105809778799E-1,-7.208059919099E-1,
1.429648060707E1));
#2890=CARTESIAN_POINT('',(4.310214497747E-1,-6.099134990937E-1,
1.417710483169E1));
#2891=CARTESIAN_POINT('',(2.514619216695E-1,-4.990210062774E-1,
1.405772905631E1));
#2892=CARTESIAN_POINT('',(9.581959329235E-1,-4.915000112950E-1,
1.451107122620E1));
#2893=CARTESIAN_POINT('',(7.511350060107E-1,-4.496801734201E-1,
1.439169545082E1));
#2894=CARTESIAN_POINT('',(5.440740790978E-1,-4.078603355452E-1,
1.427231967544E1));
#2895=CARTESIAN_POINT('',(3.370131521849E-1,-3.660404976704E-1,
1.415294390006E1));
#2896=CARTESIAN_POINT('',(9.961406258469E-1,-1.403789580042E-1,
1.460628606995E1));
#2897=CARTESIAN_POINT('',(7.877770944312E-1,-1.736006540303E-1,
1.448691029457E1));
#2898=CARTESIAN_POINT('',(5.794135630156E-1,-2.068223500564E-1,
1.436753451919E1));
#2899=CARTESIAN_POINT('',(3.710500315999E-1,-2.400440460825E-1,
1.424815874381E1));
#2900=CARTESIAN_POINT('',(9.164687802309E-1,1.763840496821E-1,
1.470150091370E1));
#2901=CARTESIAN_POINT('',(7.314348815356E-1,7.485829417946E-2,
1.458212513832E1));
#2902=CARTESIAN_POINT('',(5.464009828403E-1,-2.666746132317E-2,
1.446274936294E1));
#2903=CARTESIAN_POINT('',(3.613670841450E-1,-1.281932168258E-1,
1.434337358756E1));
#2904=CARTESIAN_POINT('',(7.400973891077E-1,4.348999341871E-1,
1.480061718588E1));
#2905=CARTESIAN_POINT('',(6.044753719155E-1,2.722152673227E-1,
1.468124141050E1));
#2906=CARTESIAN_POINT('',(4.688533547232E-1,1.095306004583E-1,
1.456186563512E1));
#2907=CARTESIAN_POINT('',(3.332313375310E-1,-5.315406640618E-2,
1.444248985974E1));
#2908=CARTESIAN_POINT('',(5.792717598292E-1,5.442365555193E-1,
1.486799517681E1));
#2909=CARTESIAN_POINT('',(4.873717535899E-1,3.577450238715E-1,
1.474861940143E1));
#2910=CARTESIAN_POINT('',(3.954717473505E-1,1.712534922237E-1,
1.462924362605E1));
#2911=CARTESIAN_POINT('',(3.035717411112E-1,-1.523803942415E-2,
1.450986785067E1));
#2912=CARTESIAN_POINT('',(4.910732443744E-1,5.787783906700E-1,
1.490363488649E1));
#2913=CARTESIAN_POINT('',(4.226222143834E-1,3.879936731092E-1,
1.478425911111E1));
#2914=CARTESIAN_POINT('',(3.541711843924E-1,1.972089555484E-1,
1.466488333573E1));
#2915=CARTESIAN_POINT('',(2.857201544014E-1,6.424237987568E-3,
1.454550756035E1));
#2916=B_SPLINE_SURFACE_WITH_KNOTS('',3,3,((#2304,#2305,#2306,#2307),(#2308,
#2309,#2310,#2311),(#2312,#2313,#2314,#2315),(#2316,#2317,#2318,#2319),(#2320,
#2321,#2322,#2323),(#2324,#2325,#2326,#2327),(#2328,#2329,#2330,#2331),(#2332,
#2333,#2334,#2335),(#2336,#2337,#2338,#2339),(#2340,#2341,#2342,#2343),(#2344,
#2345,#2346,#2347),(#2348,#2349,#2350,#2351),(#2352,#2353,#2354,#2355),(#2356,
#2357,#2358,#2359),(#2360,#2361,#2362,#2363),(#2364,#2365,#2366,#2367),(#2368,
#2369,#2370,#2371),(#2372,#2373,#2374,#2375),(#2376,#2377,#2378,#2379),(#2380,
#2381,#2382,#2383),(#2384,#2385,#2386,#2387),(#2388,#2389,#2390,#2391),(#2392,
#2393,#2394,#2395),(#2396,#2397,#2398,#2399),(#2400,#2401,#2402,#2403),(#2404,
#2405,#2406,#2407),(#2408,#2409,#2410,#2411),(#2412,#2413,#2414,#2415),(#2416,
#2417,#2418,#2419),(#2420,#2421,#2422,#2423),(#2424,#2425,#2426,#2427),(#2428,
#2429,#2430,#2431),(#2432,#2433,#2434,#2435),(#2436,#2437,#2438,#2439),(#2440,
#2441,#2442,#2443),(#2444,#2445,#2446,#2447),(#2448,#2449,#2450,#2451),(#2452,
#2453,#2454,#2455),(#2456,#2457,#2458,#2459),(#2460,#2461,#2462,#2463),(#2464,
#2465,#2466,#2467),(#2468,#2469,#2470,#2471),(#2472,#2473,#2474,#2475),(#2476,
#2477,#2478,#2479),(#2480,#2481,#2482,#2483),(#2484,#2485,#2486,#2487),(#2488,
#2489,#2490,#2491),(#2492,#2493,#2494,#2495),(#2496,#2497,#2498,#2499),(#2500,
#2501,#2502,#2503),(#2504,#2505,#2506,#2507),(#2508,#2509,#2510,#2511),(#2512,
#2513,#2514,#2515),(#2516,#2517,#2518,#2519),(#2520,#2521,#2522,#2523),(#2524,
#2525,#2526,#2527),(#2528,#2529,#2530,#2531),(#2532,#2533,#2534,#2535),(#2536,
#2537,#2538,#2539),(#2540,#2541,#2542,#2543),(#2544,#2545,#2546,#2547),(#2548,
#2549,#2550,#2551),(#2552,#2553,#2554,#2555),(#2556,#2557,#2558,#2559),(#2560,
#2561,#2562,#2563),(#2564,#2565,#2566,#2567),(#2568,#2569,#2570,#2571),(#2572,
#2573,#2574,#2575),(#2576,#2577,#2578,#2579),(#2580,#2581,#2582,#2583),(#2584,
#2585,#2586,#2587),(#2588,#2589,#2590,#2591),(#2592,#2593,#2594,#2595),(#2596,
#2597,#2598,#2599),(#2600,#2601,#2602,#2603),(#2604,#2605,#2606,#2607),(#2608,
#2609,#2610,#2611),(#2612,#2613,#2614,#2615),(#2616,#2617,#2618,#2619),(#2620,
#2621,#2622,#2623),(#2624,#2625,#2626,#2627),(#2628,#2629,#2630,#2631),(#2632,
#2633,#2634,#2635),(#2636,#2637,#2638,#2639),(#2640,#2641,#2642,#2643),(#2644,
#2645,#2646,#2647),(#2648,#2649,#2650,#2651),(#2652,#2653,#2654,#2655),(#2656,
#2657,#2658,#2659),(#2660,#2661,#2662,#2663),(#2664,#2665,#2666,#2667),(#2668,
#2669,#2670,#2671),(#2672,#2673,#2674,#2675),(#2676,#2677,#2678,#2679),(#2680,
#2681,#2682,#2683),(#2684,#2685,#2686,#2687),(#2688,#2689,#2690,#2691),(#2692,
#2693,#2694,#2695),(#2696,#2697,#2698,#2699),(#2700,#2701,#2702,#2703),(#2704,
#2705,#2706,#2707),(#2708,#2709,#2710,#2711),(#2712,#2713,#2714,#2715),(#2716,
#2717,#2718,#2719),(#2720,#2721,#2722,#2723),(#2724,#2725,#2726,#2727),(#2728,
#2729,#2730,#2731),(#2732,#2733,#2734,#2735),(#2736,#2737,#2738,#2739),(#2740,
#2741,#2742,#2743),(#2744,#2745,#2746,#2747),(#2748,#2749,#2750,#2751),(#2752,
#2753,#2754,#2755),(#2756,#2757,#2758,#2759),(#2760,#2761,#2762,#2763),(#2764,
#2765,#2766,#2767),(#2768,#2769,#2770,#2771),(#2772,#2773,#2774,#2775),(#2776,
#2777,#2778,#2779),(#2780,#2781,#2782,#2783),(#2784,#2785,#2786,#2787),(#2788,
#2789,#2790,#2791),(#2792,#2793,#2794,#2795),(#2796,#2797,#2798,#2799),(#2800,
#2801,#2802,#2803),(#2804,#2805,#2806,#2807),(#2808,#2809,#2810,#2811),(#2812,
#2813,#2814,#2815),(#2816,#2817,#2818,#2819),(#2820,#2821,#2822,#2823),(#2824,
#2825,#2826,#2827),(#2828,#2829,#2830,#2831),(#2832,#2833,#2834,#2835),(#2836,
#2837,#2838,#2839),(#2840,#2841,#2842,#2843),(#2844,#2845,#2846,#2847),(#2848,
#2849,#2850,#2851),(#2852,#2853,#2854,#2855),(#2856,#2857,#2858,#2859),(#2860,
#2861,#2862,#2863),(#2864,#2865,#2866,#2867),(#2868,#2869,#2870,#2871),(#2872,
#2873,#2874,#2875),(#2876,#2877,#2878,#2879),(#2880,#2881,#2882,#2883),(#2884,
#2885,#2886,#2887),(#2888,#2889,#2890,#2891),(#2892,#2893,#2894,#2895),(#2896,
#2897,#2898,#2899),(#2900,#2901,#2902,#2903),(#2904,#2905,#2906,#2907),(#2908,
#2909,#2910,#2911),(#2912,#2913,#2914,#2915)),.UNSPECIFIED.,.F.,.F.,.F.,(4,1,1,
1,1,1,1,1,1,1,1,1,1,1,1,1,1,1,1,1,1,1,1,1,1,1,1,1,1,1,1,1,1,1,1,1,1,1,1,1,1,1,1,
1,1,1,1,1,1,1,1,1,1,1,1,1,1,1,1,1,1,1,1,1,1,1,1,1,1,1,1,1,1,1,1,1,1,1,1,1,1,1,1,
1,1,1,1,1,1,1,1,1,1,1,1,1,1,1,1,1,1,1,1,1,1,1,1,1,1,1,1,1,1,1,1,1,1,1,1,1,1,1,1,
1,1,1,1,1,1,1,1,1,1,1,1,1,1,1,1,1,1,1,1,1,1,1,1,1,1,1,4),(4,4),(
8.121459689690E-4,5.502267039833E-3,1.238010083962E-2,1.925793463942E-2,
2.613576843921E-2,3.301360223900E-2,3.989143603879E-2,4.676926983858E-2,
5.364710363837E-2,6.052493743817E-2,6.698216524789E-2,7.343939305762E-2,
7.989662086735E-2,8.635384867708E-2,9.281107648680E-2,9.926830429653E-2,
1.057255321063E-1,1.121827599160E-1,1.189739594631E-1,1.257651590102E-1,
1.325563585573E-1,1.393475581045E-1,1.461387576516E-1,1.529299571987E-1,
1.597211567458E-1,1.665123562930E-1,1.733035558401E-1,1.800947553872E-1,
1.868859549343E-1,1.936771544814E-1,2.004683540286E-1,2.072595535757E-1,
2.140507531228E-1,2.208419526699E-1,2.276331522170E-1,2.344243517642E-1,
2.412155513113E-1,2.480067508584E-1,2.547979504055E-1,2.615891499526E-1,
2.683803494998E-1,2.751715490469E-1,2.819627485940E-1,2.887539481411E-1,
2.955451476883E-1,3.023363472354E-1,3.091275467825E-1,3.159187463296E-1,
3.227099458767E-1,3.295011454239E-1,3.362923449710E-1,3.430835445181E-1,
3.498747440652E-1,3.566659436123E-1,3.634571431595E-1,3.702483427066E-1,
3.770395422537E-1,3.838307418008E-1,3.906219413479E-1,3.974131408951E-1,
4.042043404422E-1,4.109955399893E-1,4.177867395364E-1,4.245779390836E-1,
4.313691386307E-1,4.381603381778E-1,4.449515377249E-1,4.517427372720E-1,
4.585339368192E-1,4.653251363663E-1,4.721163359134E-1,4.789075354605E-1,
4.856987350076E-1,4.924899345548E-1,4.992811341019E-1,5.060723336490E-1,
5.128635331961E-1,5.196547327433E-1,5.264459322904E-1,5.332371318375E-1,
5.400283313846E-1,5.468195309317E-1,5.536107304789E-1,5.604019300260E-1,
5.671931295731E-1,5.739843291202E-1,5.807755286673E-1,5.875667282145E-1,
5.943579277616E-1,6.011491273087E-1,6.079403268558E-1,6.147315264029E-1,
6.215227259501E-1,6.283139254972E-1,6.351051250443E-1,6.418963245914E-1,
6.486875241386E-1,6.554787236857E-1,6.622699232328E-1,6.690611227799E-1,
6.758523223270E-1,6.826435218742E-1,6.894347214213E-1,6.962259209684E-1,
7.030171205155E-1,7.098083200626E-1,7.165995196098E-1,7.233907191569E-1,
7.301819187040E-1,7.369731182511E-1,7.437643177982E-1,7.505555173454E-1,
7.573467168925E-1,7.641379164396E-1,7.709291159867E-1,7.777203155339E-1,
7.845115150810E-1,7.913027146281E-1,7.980939141752E-1,8.048851137223E-1,
8.116763132695E-1,8.184675128166E-1,8.250391507462E-1,8.316107886759E-1,
8.381824266056E-1,8.447540645352E-1,8.513257024649E-1,8.578973403946E-1,
8.644689783242E-1,8.710406162539E-1,8.774885854412E-1,8.839365546285E-1,
8.903845238158E-1,8.968324930031E-1,9.032804621904E-1,9.097284313777E-1,
9.161764005650E-1,9.226243697523E-1,9.290723389397E-1,9.355203081270E-1,
9.419682773143E-1,9.484162465016E-1,9.548642156889E-1,9.613121848762E-1,
9.677601540635E-1,9.742081232508E-1,9.806560924381E-1,9.871040616254E-1,
9.935520308127E-1,1.E0,1.007240585842E0),(-1.008300147741E-1,1.099829155912E0),
.UNSPECIFIED.);
#2918=ORIENTED_EDGE('',*,*,#2917,.F.);
#2920=ORIENTED_EDGE('',*,*,#2919,.T.);
#2922=ORIENTED_EDGE('',*,*,#2921,.T.);
#2924=ORIENTED_EDGE('',*,*,#2923,.T.);
#2926=ORIENTED_EDGE('',*,*,#2925,.F.);
#2928=ORIENTED_EDGE('',*,*,#2927,.T.);
#2930=ORIENTED_EDGE('',*,*,#2929,.T.);
#2932=ORIENTED_EDGE('',*,*,#2931,.T.);
#2934=ORIENTED_EDGE('',*,*,#2933,.T.);
#2936=ORIENTED_EDGE('',*,*,#2935,.T.);
#2938=ORIENTED_EDGE('',*,*,#2937,.T.);
#2940=ORIENTED_EDGE('',*,*,#2939,.T.);
#2942=ORIENTED_EDGE('',*,*,#2941,.T.);
#2944=ORIENTED_EDGE('',*,*,#2943,.T.);
#2946=ORIENTED_EDGE('',*,*,#2945,.T.);
#2948=ORIENTED_EDGE('',*,*,#2947,.T.);
#2950=ORIENTED_EDGE('',*,*,#2949,.T.);
#2952=ORIENTED_EDGE('',*,*,#2951,.T.);
#2954=ORIENTED_EDGE('',*,*,#2953,.T.);
#2956=ORIENTED_EDGE('',*,*,#2955,.T.);
#2958=ORIENTED_EDGE('',*,*,#2957,.T.);
#2960=ORIENTED_EDGE('',*,*,#2959,.T.);
#2962=ORIENTED_EDGE('',*,*,#2961,.T.);
#2964=ORIENTED_EDGE('',*,*,#2963,.T.);
#2966=ORIENTED_EDGE('',*,*,#2965,.T.);
#2968=ORIENTED_EDGE('',*,*,#2967,.T.);
#2970=ORIENTED_EDGE('',*,*,#2969,.T.);
#2971=ORIENTED_EDGE('',*,*,#2288,.T.);
#2972=EDGE_LOOP('',(#2918,#2920,#2922,#2924,#2926,#2928,#2930,#2932,#2934,#2936,
#2938,#2940,#2942,#2944,#2946,#2948,#2950,#2952,#2954,#2956,#2958,#2960,#2962,
#2964,#2966,#2968,#2970,#2971));
#2973=FACE_OUTER_BOUND('',#2972,.F.);
#2974=ADVANCED_FACE('',(#2973),#2916,.F.);
#2975=CARTESIAN_POINT('',(6.928433820658E-1,3.960049520951E-2,
3.399790354825E-1));
#2976=CARTESIAN_POINT('',(8.992118833445E-1,5.179768135551E-2,
2.206195539803E-1));
#2977=CARTESIAN_POINT('',(1.105580384623E0,6.399486750151E-2,
1.012600724781E-1));
#2978=CARTESIAN_POINT('',(1.311948885902E0,7.619205364751E-2,
-1.809940902403E-2));
#2979=CARTESIAN_POINT('',(7.019709098463E-1,1.167054088195E-1,
3.630844463559E-1));
#2980=CARTESIAN_POINT('',(9.069661856906E-1,1.522984248561E-1,
2.437178653183E-1));
#2981=CARTESIAN_POINT('',(1.111961461535E0,1.878914408928E-1,
1.243512842807E-1));
#2982=CARTESIAN_POINT('',(1.316956737379E0,2.234844569294E-1,
4.984703243008E-3));
#2983=CARTESIAN_POINT('',(6.922800346699E-1,3.184507335925E-1,
4.199674261846E-1));
#2984=CARTESIAN_POINT('',(8.842063750705E-1,4.104166473449E-1,
3.006216257840E-1));
#2985=CARTESIAN_POINT('',(1.076132715471E0,5.023825610972E-1,
1.812758253835E-1));
#2986=CARTESIAN_POINT('',(1.268059055872E0,5.943484748496E-1,
6.193002498290E-2));
#2987=CARTESIAN_POINT('',(5.363212010032E-1,6.282356170483E-1,
5.107922200635E-1));
#2988=CARTESIAN_POINT('',(6.713039885401E-1,7.961624359676E-1,
3.914352982480E-1));
#2989=CARTESIAN_POINT('',(8.062867760770E-1,9.640892548870E-1,
2.720783764324E-1));
#2990=CARTESIAN_POINT('',(9.412695636139E-1,1.132016073806E0,
1.527214546169E-1));
#2991=CARTESIAN_POINT('',(1.911722316999E-1,8.657313657791E-1,
6.123455619099E-1));
#2992=CARTESIAN_POINT('',(2.299886243228E-1,1.077563387292E0,
4.929919734955E-1));
#2993=CARTESIAN_POINT('',(2.688050169458E-1,1.289395408805E0,
3.736383850812E-1));
#2994=CARTESIAN_POINT('',(3.076214095687E-1,1.501227430319E0,
2.542847966669E-1));
#2995=CARTESIAN_POINT('',(-2.535287742495E-1,9.100638919464E-1,
7.139105158298E-1));
#2996=CARTESIAN_POINT('',(-3.203308551573E-1,1.114882780257E0,
5.945560342333E-1));
#2997=CARTESIAN_POINT('',(-3.871329360652E-1,1.319701668568E0,
4.752015526368E-1));
#2998=CARTESIAN_POINT('',(-4.539350169730E-1,1.524520556878E0,
3.558470710403E-1));
#2999=CARTESIAN_POINT('',(-6.889230723894E-1,7.250756215450E-1,
8.154723583038E-1));
#3000=CARTESIAN_POINT('',(-8.455525156933E-1,8.730638194629E-1,
6.961181160348E-1));
#3001=CARTESIAN_POINT('',(-1.002181958997E0,1.021052017381E0,
5.767638737658E-1));
#3002=CARTESIAN_POINT('',(-1.158811402301E0,1.169040215299E0,
4.574096314967E-1));
#3003=CARTESIAN_POINT('',(-9.977794243532E-1,3.335251223976E-1,
9.170350344879E-1));
#3004=CARTESIAN_POINT('',(-1.206085538609E0,3.885626422714E-1,
7.976807280910E-1));
#3005=CARTESIAN_POINT('',(-1.414391652864E0,4.436001621452E-1,
6.783264216942E-1));
#3006=CARTESIAN_POINT('',(-1.622697767119E0,4.986376820191E-1,
5.589721152974E-1));
#3007=CARTESIAN_POINT('',(-1.084291815442E0,-1.823888098178E-1,
1.018597487278E0));
#3008=CARTESIAN_POINT('',(-1.293585573844E0,-2.334258535802E-1,
8.992431980644E-1));
#3009=CARTESIAN_POINT('',(-1.502879332246E0,-2.844628973427E-1,
7.798889088513E-1));
#3010=CARTESIAN_POINT('',(-1.712173090648E0,-3.354999411051E-1,
6.605346196382E-1));
#3011=CARTESIAN_POINT('',(-9.049705326543E-1,-6.962408849741E-1,
1.120159999935E0));
#3012=CARTESIAN_POINT('',(-1.064521855432E0,-8.410775796996E-1,
1.000805706115E0));
#3013=CARTESIAN_POINT('',(-1.224073178211E0,-9.859142744252E-1,
8.814514122945E-1));
#3014=CARTESIAN_POINT('',(-1.383624500989E0,-1.130750969151E0,
7.620971184744E-1));
#3015=CARTESIAN_POINT('',(-4.963283062320E-1,-1.064869221529E0,
1.219652184086E0));
#3016=CARTESIAN_POINT('',(-5.687598343580E-1,-1.267294338870E0,
1.100297891485E0));
#3017=CARTESIAN_POINT('',(-6.411913624839E-1,-1.469719456211E0,
9.809435988836E-1));
#3018=CARTESIAN_POINT('',(-7.136228906099E-1,-1.672144573552E0,
8.615893062823E-1));
#3019=CARTESIAN_POINT('',(3.824182694198E-2,-1.200186073960E0,
1.317074059930E0));
#3020=CARTESIAN_POINT('',(6.727531876688E-2,-1.412674082034E0,
1.197719767022E0));
#3021=CARTESIAN_POINT('',(9.630881059178E-2,-1.625162090107E0,
1.078365474113E0));
#3022=CARTESIAN_POINT('',(1.253423024167E-1,-1.837650098181E0,
9.590111812047E-1));
#3023=CARTESIAN_POINT('',(5.755947713185E-1,-1.078582784058E0,
1.412425622209E0));
#3024=CARTESIAN_POINT('',(6.975347205506E-1,-1.254955547479E0,
1.293071329381E0));
#3025=CARTESIAN_POINT('',(8.194746697827E-1,-1.431328310900E0,
1.173717036553E0));
#3026=CARTESIAN_POINT('',(9.414146190148E-1,-1.607701074321E0,
1.054362743725E0));
#3027=CARTESIAN_POINT('',(1.005146319991E0,-7.208641411520E-1,
1.507777184768E0));
#3028=CARTESIAN_POINT('',(1.193728274198E0,-8.231566444363E-1,
1.388422891919E0));
#3029=CARTESIAN_POINT('',(1.382310228404E0,-9.254491477206E-1,
1.269068599069E0));
#3030=CARTESIAN_POINT('',(1.570892182611E0,-1.027741651005E0,1.149714306220E0));
#3031=CARTESIAN_POINT('',(1.227299281752E0,-2.048515162398E-1,
1.603128747252E0));
#3032=CARTESIAN_POINT('',(1.441636676984E0,-2.101460116796E-1,
1.483774454408E0));
#3033=CARTESIAN_POINT('',(1.655974072216E0,-2.154405071194E-1,
1.364420161565E0));
#3034=CARTESIAN_POINT('',(1.870311467448E0,-2.207350025592E-1,
1.245065868721E0));
#3035=CARTESIAN_POINT('',(1.190011387130E0,3.621494582348E-1,1.698480309756E0));
#3036=CARTESIAN_POINT('',(1.384011958687E0,4.528072839809E-1,1.579126016911E0));
#3037=CARTESIAN_POINT('',(1.578012530243E0,5.434651097269E-1,1.459771724066E0));
#3038=CARTESIAN_POINT('',(1.772013101800E0,6.341229354729E-1,1.340417431221E0));
#3039=CARTESIAN_POINT('',(9.049266153169E-1,8.536341150252E-1,
1.793831872255E0));
#3040=CARTESIAN_POINT('',(1.038464999682E0,1.021089069016E0,1.674477579410E0));
#3041=CARTESIAN_POINT('',(1.172003384046E0,1.188544023007E0,1.555123286566E0));
#3042=CARTESIAN_POINT('',(1.305541768411E0,1.355998976998E0,1.435768993721E0));
#3043=CARTESIAN_POINT('',(4.310314330828E-1,1.166972532490E0,1.889183434756E0));
#3044=CARTESIAN_POINT('',(4.760931691298E-1,1.376363725602E0,1.769829141911E0));
#3045=CARTESIAN_POINT('',(5.211549051769E-1,1.585754918714E0,1.650474849066E0));
#3046=CARTESIAN_POINT('',(5.662166412239E-1,1.795146111826E0,1.531120556221E0));
#3047=CARTESIAN_POINT('',(-1.424399864257E-1,1.238203616295E0,
1.986178877464E0));
#3048=CARTESIAN_POINT('',(-1.969567354423E-1,1.445757443398E0,
1.866824584619E0));
#3049=CARTESIAN_POINT('',(-2.514734844589E-1,1.653311270500E0,
1.747470291774E0));
#3050=CARTESIAN_POINT('',(-3.059902334754E-1,1.860865097602E0,
1.628115998929E0));
#3051=CARTESIAN_POINT('',(-6.960237073909E-1,1.036828350284E0,
2.084818200380E0));
#3052=CARTESIAN_POINT('',(-8.401405840325E-1,1.196374768426E0,
1.965463907536E0));
#3053=CARTESIAN_POINT('',(-9.842574606742E-1,1.355921186569E0,
1.846109614691E0));
#3054=CARTESIAN_POINT('',(-1.128374337316E0,1.515467604712E0,1.726755321846E0));
#3055=CARTESIAN_POINT('',(-1.098937276663E0,5.930906010580E-1,
2.185101403505E0));
#3056=CARTESIAN_POINT('',(-1.300770638927E0,6.670987336863E-1,
2.065747110661E0));
#3057=CARTESIAN_POINT('',(-1.502604001191E0,7.411068663147E-1,
1.946392817816E0));
#3058=CARTESIAN_POINT('',(-1.704437363456E0,8.151149989431E-1,
1.827038524971E0));
#3059=CARTESIAN_POINT('',(-1.248639522092E0,1.259104088029E-2,
2.285384606630E0));
#3060=CARTESIAN_POINT('',(-1.461711312020E0,-1.590882606996E-2,
2.166030313786E0));
#3061=CARTESIAN_POINT('',(-1.674783101949E0,-4.440869302020E-2,
2.046676020941E0));
#3062=CARTESIAN_POINT('',(-1.887854891877E0,-7.290855997044E-2,
1.927321728096E0));
#3063=CARTESIAN_POINT('',(-1.110523495752E0,-5.708569572242E-1,
2.385667809755E0));
#3064=CARTESIAN_POINT('',(-1.285824871282E0,-6.952739483098E-1,
2.266313516911E0));
#3065=CARTESIAN_POINT('',(-1.461126246812E0,-8.196909393954E-1,
2.146959224066E0));
#3066=CARTESIAN_POINT('',(-1.636427622342E0,-9.441079304809E-1,
2.027604931221E0));
#3067=CARTESIAN_POINT('',(-7.164010006441E-1,-1.022666832748E0,
2.485951012880E0));
#3068=CARTESIAN_POINT('',(-8.136254791259E-1,-1.214393470042E0,
2.366596720036E0));
#3069=CARTESIAN_POINT('',(-9.108499576077E-1,-1.406120107336E0,
2.247242427191E0));
#3070=CARTESIAN_POINT('',(-1.008074436089E0,-1.597846744629E0,
2.127888134346E0));
#3071=CARTESIAN_POINT('',(-1.572342849948E-1,-1.238708235986E0,
2.586234216005E0));
#3072=CARTESIAN_POINT('',(-1.539849169750E-1,-1.453659293397E0,
2.466879923161E0));
#3073=CARTESIAN_POINT('',(-1.507355489552E-1,-1.668610350808E0,
2.347525630316E0));
#3074=CARTESIAN_POINT('',(-1.474861809354E-1,-1.883561408219E0,
2.228171337471E0));
#3075=CARTESIAN_POINT('',(4.380184881765E-1,-1.169321344566E0,
2.686517419130E0));
#3076=CARTESIAN_POINT('',(5.410601952152E-1,-1.358013968316E0,
2.567163126286E0));
#3077=CARTESIAN_POINT('',(6.441019022539E-1,-1.546706592066E0,
2.447808833441E0));
#3078=CARTESIAN_POINT('',(7.471436092926E-1,-1.735399215816E0,
2.328454540596E0));
#3079=CARTESIAN_POINT('',(9.321651937149E-1,-8.308893824808E-1,
2.786800622255E0));
#3080=CARTESIAN_POINT('',(1.111349879819E0,-9.497256331318E-1,
2.667446329411E0));
#3081=CARTESIAN_POINT('',(1.290534565924E0,-1.068561883783E0,2.548092036566E0));
#3082=CARTESIAN_POINT('',(1.469719252028E0,-1.187398134434E0,2.428737743721E0));
#3083=CARTESIAN_POINT('',(1.211899114389E0,-3.012586987877E-1,
2.887083825380E0));
#3084=CARTESIAN_POINT('',(1.425814087192E0,-3.227734553196E-1,
2.767729532536E0));
#3085=CARTESIAN_POINT('',(1.639729059994E0,-3.442882118515E-1,
2.648375239691E0));
#3086=CARTESIAN_POINT('',(1.853644032797E0,-3.658029683834E-1,
2.529020946846E0));
#3087=CARTESIAN_POINT('',(1.212666251177E0,2.980875644756E-1,2.987367028505E0));
#3088=CARTESIAN_POINT('',(1.411947613374E0,3.787191488864E-1,2.868012735661E0));
#3089=CARTESIAN_POINT('',(1.611228975570E0,4.593507332972E-1,2.748658442816E0));
#3090=CARTESIAN_POINT('',(1.810510337766E0,5.399823177080E-1,2.629304149971E0));
#3091=CARTESIAN_POINT('',(9.339496621276E-1,8.288543347337E-1,
3.087650231630E0));
#3092=CARTESIAN_POINT('',(1.072747717121E0,9.930091513646E-1,2.968295938786E0));
#3093=CARTESIAN_POINT('',(1.211545772114E0,1.157163967995E0,2.848941645941E0));
#3094=CARTESIAN_POINT('',(1.350343827107E0,1.321318784626E0,2.729587353096E0));
#3095=CARTESIAN_POINT('',(4.399207814332E-1,1.168592747061E0,3.187933434755E0));
#3096=CARTESIAN_POINT('',(4.863365487375E-1,1.378487370547E0,3.068579141911E0));
#3097=CARTESIAN_POINT('',(5.327523160419E-1,1.588381994033E0,2.949224849066E0));
#3098=CARTESIAN_POINT('',(5.791680833462E-1,1.798276617519E0,2.829870556221E0));
#3099=CARTESIAN_POINT('',(-1.554951362452E-1,1.238910537784E0,
3.288216637880E0));
#3100=CARTESIAN_POINT('',(-2.121340176233E-1,1.446283971497E0,
3.168862345036E0));
#3101=CARTESIAN_POINT('',(-2.687728990014E-1,1.653657405210E0,
3.049508052191E0));
#3102=CARTESIAN_POINT('',(-3.254117803795E-1,1.861030838924E0,
2.930153759346E0));
#3103=CARTESIAN_POINT('',(-7.149762030719E-1,1.023684374843E0,
3.388499841005E0));
#3104=CARTESIAN_POINT('',(-8.616768007550E-1,1.180825866352E0,
3.269145548161E0));
#3105=CARTESIAN_POINT('',(-1.008377398438E0,1.337967357861E0,3.149791255316E0));
#3106=CARTESIAN_POINT('',(-1.155077996121E0,1.495108849370E0,3.030436962471E0));
#3107=CARTESIAN_POINT('',(-1.109602351303E0,5.726737556606E-1,
3.488783044130E0));
#3108=CARTESIAN_POINT('',(-1.312642765448E0,6.433638583267E-1,
3.369428751286E0));
#3109=CARTESIAN_POINT('',(-1.515683179594E0,7.140539609928E-1,
3.250074458441E0));
#3110=CARTESIAN_POINT('',(-1.718723593739E0,7.847440636589E-1,
3.130720165596E0));
#3111=CARTESIAN_POINT('',(-1.248683875931E0,-9.883965490797E-3,
3.589066247255E0));
#3112=CARTESIAN_POINT('',(-1.461268692597E0,-4.208492355987E-2,
3.469711954411E0));
#3113=CARTESIAN_POINT('',(-1.673853509262E0,-7.428588162894E-2,
3.350357661566E0));
#3114=CARTESIAN_POINT('',(-1.886438325928E0,-1.064868396980E-1,
3.231003368721E0));
#3115=CARTESIAN_POINT('',(-1.100493935307E0,-5.902282310857E-1,
3.689349450380E0));
#3116=CARTESIAN_POINT('',(-1.273491114985E0,-7.178780497889E-1,
3.569995157536E0));
#3117=CARTESIAN_POINT('',(-1.446488294662E0,-8.455278684920E-1,
3.450640864691E0));
#3118=CARTESIAN_POINT('',(-1.619485474339E0,-9.731776871952E-1,
3.331286571846E0));
#3119=CARTESIAN_POINT('',(-6.987339041477E-1,-1.034981431862E0,
3.789632653505E0));
#3120=CARTESIAN_POINT('',(-7.923158768120E-1,-1.228519356069E0,
3.670278360661E0));
#3121=CARTESIAN_POINT('',(-8.858978494763E-1,-1.422057280277E0,
3.550924067816E0));
#3122=CARTESIAN_POINT('',(-9.794798221406E-1,-1.615595204484E0,
3.431569774971E0));
#3123=CARTESIAN_POINT('',(-1.358552179329E-1,-1.241291601226E0,
3.889915856630E0));
#3124=CARTESIAN_POINT('',(-1.285392796602E-1,-1.456136151869E0,
3.770561563786E0));
#3125=CARTESIAN_POINT('',(-1.212233413875E-1,-1.670980702511E0,
3.651207270941E0));
#3126=CARTESIAN_POINT('',(-1.139074031148E-1,-1.885825253153E0,
3.531852978096E0));
#3127=CARTESIAN_POINT('',(4.583805906244E-1,-1.161476016360E0,
3.990199059755E0));
#3128=CARTESIAN_POINT('',(5.648748877537E-1,-1.348208823070E0,
3.870844766911E0));
#3129=CARTESIAN_POINT('',(6.713691848830E-1,-1.534941629781E0,
3.751490474066E0));
#3130=CARTESIAN_POINT('',(7.778634820123E-1,-1.721674436492E0,
3.632136181221E0));
#3131=CARTESIAN_POINT('',(9.469085026931E-1,-8.139056121890E-1,
4.090482262880E0));
#3132=CARTESIAN_POINT('',(1.128094962557E0,-9.295912666815E-1,
3.971127970036E0));
#3133=CARTESIAN_POINT('',(1.309281422422E0,-1.045276921174E0,3.851773677191E0));
#3134=CARTESIAN_POINT('',(1.490467882286E0,-1.160962575666E0,3.732419384346E0));
#3135=CARTESIAN_POINT('',(1.217121640180E0,-2.788110171144E-1,
4.190765466005E0));
#3136=CARTESIAN_POINT('',(1.431342608631E0,-2.968079721379E-1,
4.071411173161E0));
#3137=CARTESIAN_POINT('',(1.645563577082E0,-3.148049271615E-1,
3.952056880316E0));
#3138=CARTESIAN_POINT('',(1.859784545533E0,-3.328018821851E-1,
3.832702587471E0));
#3139=CARTESIAN_POINT('',(1.206866361400E0,3.203844474391E-1,4.291048669130E0));
#3140=CARTESIAN_POINT('',(1.404813650934E0,4.042854066550E-1,4.171694376286E0));
#3141=CARTESIAN_POINT('',(1.602760940468E0,4.881863658709E-1,4.052340083441E0));
#3142=CARTESIAN_POINT('',(1.800708230002E0,5.720873250868E-1,3.932985790596E0));
#3143=CARTESIAN_POINT('',(9.188953955067E-1,8.455414637383E-1,
4.391331872255E0));
#3144=CARTESIAN_POINT('',(1.054848419109E0,1.012112713811E0,4.271977579411E0));
#3145=CARTESIAN_POINT('',(1.190801442712E0,1.178683963883E0,4.152623286566E0));
#3146=CARTESIAN_POINT('',(1.326754466314E0,1.345255213955E0,4.033268993721E0));
#3147=CARTESIAN_POINT('',(4.194833302672E-1,1.176218517983E0,4.491615075380E0));
#3148=CARTESIAN_POINT('',(4.620209853792E-1,1.386962552985E0,4.372260782536E0));
#3149=CARTESIAN_POINT('',(5.045586404912E-1,1.597706587987E0,4.252906489691E0));
#3150=CARTESIAN_POINT('',(5.470962956032E-1,1.808450622989E0,4.133552196846E0));
#3151=CARTESIAN_POINT('',(-1.768566135156E-1,1.236178535391E0,
4.591898278505E0));
#3152=CARTESIAN_POINT('',(-2.374111890882E-1,1.442449369712E0,
4.472543985661E0));
#3153=CARTESIAN_POINT('',(-2.979657646608E-1,1.648720204033E0,
4.353189692816E0));
#3154=CARTESIAN_POINT('',(-3.585203402334E-1,1.854991038354E0,
4.233835399971E0));
#3155=CARTESIAN_POINT('',(-7.325566235829E-1,1.011247878989E0,
4.692181481630E0));
#3156=CARTESIAN_POINT('',(-8.821998935183E-1,1.165580622296E0,
4.572827188786E0));
#3157=CARTESIAN_POINT('',(-1.031843163454E0,1.319913365602E0,4.453472895941E0));
#3158=CARTESIAN_POINT('',(-1.181486433389E0,1.474246108909E0,4.334118603096E0));
#3159=CARTESIAN_POINT('',(-1.119428431932E0,5.531901013411E-1,
4.792464684755E0));
#3160=CARTESIAN_POINT('',(-1.323712335698E0,6.201099271416E-1,
4.673110391911E0));
#3161=CARTESIAN_POINT('',(-1.527996239465E0,6.870297529421E-1,
4.553756099066E0));
#3162=CARTESIAN_POINT('',(-1.732280143231E0,7.539495787426E-1,
4.434401806221E0));
#3163=CARTESIAN_POINT('',(-1.248210834418E0,-3.236928893081E-2,
4.892747887880E0));
#3164=CARTESIAN_POINT('',(-1.460164446182E0,-6.824923254438E-2,
4.773393595036E0));
#3165=CARTESIAN_POINT('',(-1.672118057946E0,-1.041291761580E-1,
4.654039302191E0));
#3166=CARTESIAN_POINT('',(-1.884071669710E0,-1.400091197715E-1,
4.534685009346E0));
#3167=CARTESIAN_POINT('',(-1.089296235593E0,-6.103723301241E-1,
4.993031091005E0));
#3168=CARTESIAN_POINT('',(-1.260158793802E0,-7.408349681339E-1,
4.873676798161E0));
#3169=CARTESIAN_POINT('',(-1.431021352011E0,-8.712976061436E-1,
4.754322505316E0));
#3170=CARTESIAN_POINT('',(-1.601883910220E0,-1.001760244153E0,
4.634968212471E0));
#3171=CARTESIAN_POINT('',(-6.794675667240E-1,-1.047614640128E0,
5.093314294130E0));
#3172=CARTESIAN_POINT('',(-7.698660554988E-1,-1.242680305016E0,
4.973960001286E0));
#3173=CARTESIAN_POINT('',(-8.602645442736E-1,-1.437745969905E0,
4.854605708441E0));
#3174=CARTESIAN_POINT('',(-9.506630330485E-1,-1.632811634794E0,
4.735251415596E0));
#3175=CARTESIAN_POINT('',(-1.134952041184E-1,-1.243554563912E0,
5.193597497255E0));
#3176=CARTESIAN_POINT('',(-1.024484140079E-1,-1.458280376067E0,
5.074243204411E0));
#3177=CARTESIAN_POINT('',(-9.140162389732E-2,-1.673006188222E0,
4.954888911566E0));
#3178=CARTESIAN_POINT('',(-8.035483378677E-2,-1.887732000376E0,
4.835534618721E0));
#3179=CARTESIAN_POINT('',(4.786479453137E-1,-1.153409038835E0,
5.293880700380E0));
#3180=CARTESIAN_POINT('',(5.885869094518E-1,-1.338168137543E0,
5.174526407536E0));
#3181=CARTESIAN_POINT('',(6.985258735898E-1,-1.522927236252E0,
5.055172114691E0));
#3182=CARTESIAN_POINT('',(8.084648377279E-1,-1.707686334960E0,
4.935817821846E0));
#3183=CARTESIAN_POINT('',(9.609077927942E-1,-7.975411254927E-1,
5.394163903505E0));
#3184=CARTESIAN_POINT('',(1.144256431446E0,-9.097810044067E-1,
5.274809610661E0));
#3185=CARTESIAN_POINT('',(1.327605070099E0,-1.022020883321E0,5.155455317816E0));
#3186=CARTESIAN_POINT('',(1.510953708751E0,-1.134260762235E0,5.036101024971E0));
#3187=CARTESIAN_POINT('',(1.221803969527E0,-2.577916592178E-1,
5.494447106630E0));
#3188=CARTESIAN_POINT('',(1.436320606293E0,-2.717314025516E-1,
5.375092813786E0));
#3189=CARTESIAN_POINT('',(1.650837243059E0,-2.856711458854E-1,
5.255738520941E0));
#3190=CARTESIAN_POINT('',(1.865353879825E0,-2.996108892192E-1,
5.136384228096E0));
#3191=CARTESIAN_POINT('',(1.201070527585E0,3.414218654498E-1,5.594730309755E0));
#3192=CARTESIAN_POINT('',(1.397408589244E0,4.289521000378E-1,5.475376016911E0));
#3193=CARTESIAN_POINT('',(1.593746650903E0,5.164823346258E-1,5.356021724066E0));
#3194=CARTESIAN_POINT('',(1.790084712563E0,6.040125692138E-1,5.236667431221E0));
#3195=CARTESIAN_POINT('',(9.034508466410E-1,8.618901471353E-1,
5.695013512880E0));
#3196=CARTESIAN_POINT('',(1.036466392030E0,1.030764563725E0,5.575659220036E0));
#3197=CARTESIAN_POINT('',(1.169481937418E0,1.199638980315E0,5.456304927191E0));
#3198=CARTESIAN_POINT('',(1.302497482807E0,1.368513396904E0,5.336950634346E0));
#3199=CARTESIAN_POINT('',(3.976612299459E-1,1.183632635768E0,5.795296716005E0));
#3200=CARTESIAN_POINT('',(4.367285068101E-1,1.395028618683E0,5.675942423161E0));
#3201=CARTESIAN_POINT('',(4.757957836744E-1,1.606424601599E0,5.556588130316E0));
#3202=CARTESIAN_POINT('',(5.148630605386E-1,1.817820584514E0,5.437233837471E0));
#3203=CARTESIAN_POINT('',(-1.996173214228E-1,1.232609237929E0,
5.895579919130E0));
#3204=CARTESIAN_POINT('',(-2.635570504889E-1,1.437875434460E0,
5.776225626286E0));
#3205=CARTESIAN_POINT('',(-3.274967795549E-1,1.643141630990E0,
5.656871333441E0));
#3206=CARTESIAN_POINT('',(-3.914365086210E-1,1.848407827521E0,
5.537517040596E0));
#3207=CARTESIAN_POINT('',(-7.506490494132E-1,9.979153868937E-1,
5.995863122255E0));
#3208=CARTESIAN_POINT('',(-9.029779374111E-1,1.149655677715E0,
5.876508829411E0));
#3209=CARTESIAN_POINT('',(-1.055306825409E0,1.301395968537E0,5.757154536566E0));
#3210=CARTESIAN_POINT('',(-1.207635713407E0,1.453136259358E0,5.637800243721E0));
#3211=CARTESIAN_POINT('',(-1.129035495838E0,5.336057679187E-1,
6.096146325380E0));
#3212=CARTESIAN_POINT('',(-1.334547693824E0,5.967503391064E-1,
5.976792032536E0));
#3213=CARTESIAN_POINT('',(-1.540059891809E0,6.598949102942E-1,
5.857437739691E0));
#3214=CARTESIAN_POINT('',(-1.745572089794E0,7.230394814819E-1,
5.738083446846E0));
#3215=CARTESIAN_POINT('',(-1.247602034989E0,-5.389615380760E-2,
6.196429528505E0));
#3216=CARTESIAN_POINT('',(-1.458845186502E0,-9.378154779274E-2,
6.077075235661E0));
#3217=CARTESIAN_POINT('',(-1.670088338014E0,-1.336669417779E-1,
5.957720942816E0));
#3218=CARTESIAN_POINT('',(-1.881331489527E0,-1.735523357630E-1,
5.838366649971E0));
#3219=CARTESIAN_POINT('',(-1.078656943652E0,-6.290951258956E-1,
6.296712731630E0));
#3220=CARTESIAN_POINT('',(-1.247015131069E0,-7.627634640442E-1,
6.177358438786E0));
#3221=CARTESIAN_POINT('',(-1.415373318485E0,-8.964318021928E-1,
6.058004145941E0));
#3222=CARTESIAN_POINT('',(-1.583731505901E0,-1.030100140341E0,
5.938649853096E0));
#3223=CARTESIAN_POINT('',(-6.610496881457E-1,-1.059317049916E0,
6.396995934755E0));
#3224=CARTESIAN_POINT('',(-7.478191529321E-1,-1.255992509503E0,
6.277641641911E0));
#3225=CARTESIAN_POINT('',(-8.345886177184E-1,-1.452667969090E0,
6.158287349066E0));
#3226=CARTESIAN_POINT('',(-9.213580825048E-1,-1.649343428677E0,
6.038933056221E0));
#3227=CARTESIAN_POINT('',(-9.107310275811E-2,-1.245304680783E0,
6.497279137880E0));
#3228=CARTESIAN_POINT('',(-7.630297252611E-2,-1.459765742858E0,
6.377924845036E0));
#3229=CARTESIAN_POINT('',(-6.153284229411E-2,-1.674226804933E0,
6.258570552191E0));
#3230=CARTESIAN_POINT('',(-4.676271206211E-2,-1.888687867008E0,
6.139216259346E0));
#3231=CARTESIAN_POINT('',(4.997995300617E-1,-1.144255696952E0,
6.597562341005E0));
#3232=CARTESIAN_POINT('',(6.127483937206E-1,-1.327168430004E0,
6.478208048161E0));
#3233=CARTESIAN_POINT('',(7.256972573795E-1,-1.510081163056E0,
6.358853755316E0));
#3234=CARTESIAN_POINT('',(8.386461210384E-1,-1.692993896107E0,
6.239499462471E0));
#3235=CARTESIAN_POINT('',(9.753821404472E-1,-7.796167574752E-1,
6.697845544130E0));
#3236=CARTESIAN_POINT('',(1.160565478231E0,-8.888396113046E-1,
6.578491251286E0));
#3237=CARTESIAN_POINT('',(1.345748816014E0,-9.980624651339E-1,
6.459136958441E0));
#3238=CARTESIAN_POINT('',(1.530932153798E0,-1.107285318963E0,6.339782665596E0));
#3239=CARTESIAN_POINT('',(1.226264336024E0,-2.357644862575E-1,
6.798128747255E0));
#3240=CARTESIAN_POINT('',(1.441031306144E0,-2.459798924051E-1,
6.678774454411E0));
#3241=CARTESIAN_POINT('',(1.655798276264E0,-2.561952985527E-1,
6.559420161566E0));
#3242=CARTESIAN_POINT('',(1.870565246384E0,-2.664107047004E-1,
6.440065868721E0));
#3243=CARTESIAN_POINT('',(1.195044773776E0,3.623868859249E-1,6.898411950380E0));
#3244=CARTESIAN_POINT('',(1.389759003200E0,4.535398850584E-1,6.779057657536E0));
#3245=CARTESIAN_POINT('',(1.584473232624E0,5.446928841920E-1,6.659703364691E0));
#3246=CARTESIAN_POINT('',(1.779187462048E0,6.358458833255E-1,6.540349071846E0));
#3247=CARTESIAN_POINT('',(8.885490666045E-1,8.774372851327E-1,
6.998695153505E0));
#3248=CARTESIAN_POINT('',(1.018349240321E0,1.048803643025E0,6.879340860661E0));
#3249=CARTESIAN_POINT('',(1.148149414037E0,1.220170000918E0,6.759986567816E0));
#3250=CARTESIAN_POINT('',(1.277949587754E0,1.391536358811E0,6.640632274971E0));
#3251=CARTESIAN_POINT('',(3.772071152797E-1,1.190368124446E0,7.098978356630E0));
#3252=CARTESIAN_POINT('',(4.122662212752E-1,1.402459055370E0,6.979624063786E0));
#3253=CARTESIAN_POINT('',(4.473253272708E-1,1.614549986294E0,6.860269770941E0));
#3254=CARTESIAN_POINT('',(4.823844332663E-1,1.826640917219E0,6.740915478096E0));
#3255=CARTESIAN_POINT('',(-2.211243220987E-1,1.228919581021E0,
7.199261559755E0));
#3256=CARTESIAN_POINT('',(-2.888345222004E-1,1.432942876812E0,
7.079907266911E0));
#3257=CARTESIAN_POINT('',(-3.565447223021E-1,1.636966172602E0,
6.960552974066E0));
#3258=CARTESIAN_POINT('',(-4.242549224038E-1,1.840989468393E0,
6.841198681221E0));
#3259=CARTESIAN_POINT('',(-7.684432321303E-1,9.841610930220E-1,
7.299544762880E0));
#3260=CARTESIAN_POINT('',(-9.233541559374E-1,1.133205749346E0,
7.180190470036E0));
#3261=CARTESIAN_POINT('',(-1.078265079745E0,1.282250405670E0,7.060836177191E0));
#3262=CARTESIAN_POINT('',(-1.233176003552E0,1.431295061994E0,6.941481884346E0));
#3263=CARTESIAN_POINT('',(-1.138568701458E0,5.126226510009E-1,
7.399827966005E0));
#3264=CARTESIAN_POINT('',(-1.345072424237E0,5.723782046546E-1,
7.280473673161E0));
#3265=CARTESIAN_POINT('',(-1.551576147017E0,6.321337583082E-1,
7.161119380316E0));
#3266=CARTESIAN_POINT('',(-1.758079869796E0,6.918893119618E-1,
7.041765087471E0));
#3267=CARTESIAN_POINT('',(-1.246298234655E0,-7.689810619213E-2,
7.500111169130E0));
#3268=CARTESIAN_POINT('',(-1.456876007729E0,-1.202513284310E-1,
7.380756876286E0));
#3269=CARTESIAN_POINT('',(-1.667453780803E0,-1.636045506699E-1,
7.261402583441E0));
#3270=CARTESIAN_POINT('',(-1.878031553877E0,-2.069577729088E-1,
7.142048290596E0));
#3271=CARTESIAN_POINT('',(-1.067176606598E0,-6.484159198497E-1,
7.600394372255E0));
#3272=CARTESIAN_POINT('',(-1.233220272444E0,-7.850127975945E-1,
7.481040079411E0));
#3273=CARTESIAN_POINT('',(-1.399263938290E0,-9.216096753392E-1,
7.361685786566E0));
#3274=CARTESIAN_POINT('',(-1.565307604137E0,-1.058206553084E0,
7.242331493721E0));
#3275=CARTESIAN_POINT('',(-6.425099907533E-1,-1.070811457821E0,
7.700677575380E0));
#3276=CARTESIAN_POINT('',(-7.256439773136E-1,-1.269082082650E0,
7.581323282536E0));
#3277=CARTESIAN_POINT('',(-8.087779638738E-1,-1.467352707478E0,
7.461968989691E0));
#3278=CARTESIAN_POINT('',(-8.919119504340E-1,-1.665623332307E0,
7.342614696846E0));
#3279=CARTESIAN_POINT('',(-6.959136487404E-2,-1.246825037862E0,
7.800960778505E0));
#3280=CARTESIAN_POINT('',(-5.076519802381E-2,-1.460974726529E0,
7.681606485661E0));
#3281=CARTESIAN_POINT('',(-3.193903117358E-2,-1.675124415195E0,
7.562252192816E0));
#3282=CARTESIAN_POINT('',(-1.311286432335E-2,-1.889274103862E0,
7.442897899971E0));
#3283=CARTESIAN_POINT('',(5.194816079260E-1,-1.135517652237E0,
7.901243981630E0));
#3284=CARTESIAN_POINT('',(6.358678505639E-1,-1.316254882541E0,
7.781889688786E0));
#3285=CARTESIAN_POINT('',(7.522540932018E-1,-1.496992112846E0,
7.662535395941E0));
#3286=CARTESIAN_POINT('',(8.686403358397E-1,-1.677729343150E0,
7.543181103096E0));
#3287=CARTESIAN_POINT('',(9.888464396866E-1,-7.624447659726E-1,
8.001527184755E0));
#3288=CARTESIAN_POINT('',(1.175990134810E0,-8.682153374875E-1,
7.882172891911E0));
#3289=CARTESIAN_POINT('',(1.363133829934E0,-9.739859090024E-1,
7.762818599066E0));
#3290=CARTESIAN_POINT('',(1.550277525058E0,-1.079756480517E0,7.643464306221E0));
#3291=CARTESIAN_POINT('',(1.230220496610E0,-2.136248762362E-1,
8.101810387880E0));
#3292=CARTESIAN_POINT('',(1.445091760505E0,-2.201089988147E-1,
7.982456095036E0));
#3293=CARTESIAN_POINT('',(1.659963024400E0,-2.265931213933E-1,
7.863101802191E0));
#3294=CARTESIAN_POINT('',(1.874834288295E0,-2.330772439718E-1,
7.743747509346E0));
#3295=CARTESIAN_POINT('',(1.188025301697E0,3.843391117049E-1,8.202093591005E0));
#3296=CARTESIAN_POINT('',(1.381199477176E0,4.786696562923E-1,8.082739298161E0));
#3297=CARTESIAN_POINT('',(1.574373652655E0,5.730002008796E-1,7.963385005316E0));
#3298=CARTESIAN_POINT('',(1.767547828135E0,6.673307454670E-1,7.844030712471E0));
#3299=CARTESIAN_POINT('',(8.721419532101E-1,8.936112252487E-1,
8.302376794130E0));
#3300=CARTESIAN_POINT('',(9.991210646100E-1,1.067101298911E0,8.183022501286E0));
#3301=CARTESIAN_POINT('',(1.126100176010E0,1.240591372573E0,8.063668208441E0));
#3302=CARTESIAN_POINT('',(1.253079287410E0,1.414081446236E0,7.944313915596E0));
#3303=CARTESIAN_POINT('',(3.557281903663E-1,1.196982276127E0,8.402659997255E0));
#3304=CARTESIAN_POINT('',(3.871058947070E-1,1.409690164198E0,8.283305704411E0));
#3305=CARTESIAN_POINT('',(4.184835990478E-1,1.622398052269E0,8.163951411566E0));
#3306=CARTESIAN_POINT('',(4.498613033886E-1,1.835105940340E0,8.044597118721E0));
#3307=CARTESIAN_POINT('',(-2.425819881238E-1,1.224993977723E0,
8.502943200380E0));
#3308=CARTESIAN_POINT('',(-3.140576227229E-1,1.427759196757E0,
8.383588907536E0));
#3309=CARTESIAN_POINT('',(-3.855332573220E-1,1.630524415791E0,
8.264234614691E0));
#3310=CARTESIAN_POINT('',(-4.570088919211E-1,1.833289634825E0,
8.144880321846E0));
#3311=CARTESIAN_POINT('',(-7.853861801137E-1,9.708677464985E-1,
8.603226403505E0));
#3312=CARTESIAN_POINT('',(-9.430944386528E-1,1.116958878683E0,
8.483872110661E0));
#3313=CARTESIAN_POINT('',(-1.100802697192E0,1.263050010867E0,8.364517817816E0));
#3314=CARTESIAN_POINT('',(-1.258510955731E0,1.409141143051E0,8.245163524971E0));
#3315=CARTESIAN_POINT('',(-1.147291482061E0,4.929338035728E-1,
8.703509606630E0));
#3316=CARTESIAN_POINT('',(-1.354882636538E0,5.487694237128E-1,
8.584155313786E0));
#3317=CARTESIAN_POINT('',(-1.562473791015E0,6.046050438527E-1,
8.464801020941E0));
#3318=CARTESIAN_POINT('',(-1.770064945492E0,6.604406639927E-1,
8.345446728096E0));
#3319=CARTESIAN_POINT('',(-1.244750836390E0,-9.866436918745E-2,
8.803792809755E0));
#3320=CARTESIAN_POINT('',(-1.454464190380E0,-1.458923860956E-1,
8.684438516911E0));
#3321=CARTESIAN_POINT('',(-1.664177544371E0,-1.931204030037E-1,
8.565084224066E0));
#3322=CARTESIAN_POINT('',(-1.873890898362E0,-2.403484199119E-1,
8.445729931221E0));
#3323=CARTESIAN_POINT('',(-1.055247073126E0,-6.674815897726E-1,
8.904076012880E0));
#3324=CARTESIAN_POINT('',(-1.218863309225E0,-8.069141224837E-1,
8.784721720036E0));
#3325=CARTESIAN_POINT('',(-1.382479545324E0,-9.463466551947E-1,
8.665367427191E0));
#3326=CARTESIAN_POINT('',(-1.546095781423E0,-1.085779187906E0,
8.546013134346E0));
#3327=CARTESIAN_POINT('',(-6.225710544431E-1,-1.082370524556E0,
9.004359216005E0));
#3328=CARTESIAN_POINT('',(-7.024305259188E-1,-1.281962554782E0,
8.885004923161E0));
#3329=CARTESIAN_POINT('',(-7.822899973945E-1,-1.481554585009E0,
8.765650630316E0));
#3330=CARTESIAN_POINT('',(-8.621494688703E-1,-1.681146615235E0,
8.646296337471E0));
#3331=CARTESIAN_POINT('',(-4.657310772622E-2,-1.247799484724E0,
9.104642419130E0));
#3332=CARTESIAN_POINT('',(-2.423035030042E-2,-1.461629561144E0,
8.985288126286E0));
#3333=CARTESIAN_POINT('',(-1.887592874622E-3,-1.675459637564E0,
8.865933833441E0));
#3334=CARTESIAN_POINT('',(2.045516455118E-2,-1.889289713984E0,
8.746579540596E0));
#3335=CARTESIAN_POINT('',(5.398418289179E-1,-1.126001738247E0,
9.204925622255E0));
#3336=CARTESIAN_POINT('',(6.593708940359E-1,-1.304725011967E0,
9.085571329411E0));
#3337=CARTESIAN_POINT('',(7.788999591539E-1,-1.483448285687E0,
8.966217036566E0));
#3338=CARTESIAN_POINT('',(8.984290242719E-1,-1.662171559408E0,
8.846862743721E0));
#3339=CARTESIAN_POINT('',(1.002115785966E0,-7.451310072301E-1,
9.305208825380E0));
#3340=CARTESIAN_POINT('',(1.191205917982E0,-8.474414288194E-1,
9.185854532536E0));
#3341=CARTESIAN_POINT('',(1.380296049997E0,-9.497518504086E-1,
9.066500239691E0));
#3342=CARTESIAN_POINT('',(1.569386182012E0,-1.052062271998E0,8.947145946846E0));
#3343=CARTESIAN_POINT('',(1.233855142386E0,-1.923983386417E-1,
9.405492028505E0));
#3344=CARTESIAN_POINT('',(1.448817164685E0,-1.948155029761E-1,
9.286137735661E0));
#3345=CARTESIAN_POINT('',(1.663779186984E0,-1.972326673104E-1,
9.166783442816E0));
#3346=CARTESIAN_POINT('',(1.878741209283E0,-1.996498316448E-1,
9.047429149971E0));
#3347=CARTESIAN_POINT('',(1.181273954921E0,4.047879975236E-1,9.505775231630E0));
#3348=CARTESIAN_POINT('',(1.372622770283E0,5.027539852599E-1,9.386420938786E0));
#3349=CARTESIAN_POINT('',(1.563971585645E0,6.007199729962E-1,9.267066645941E0));
#3350=CARTESIAN_POINT('',(1.755320401007E0,6.986859607326E-1,9.147712353096E0));
#3351=CARTESIAN_POINT('',(8.563837763917E-1,9.087057444372E-1,
9.606058434755E0));
#3352=CARTESIAN_POINT('',(9.801211075634E-1,1.084487567438E0,9.486704141911E0));
#3353=CARTESIAN_POINT('',(1.103858438735E0,1.260269390440E0,9.367349849066E0));
#3354=CARTESIAN_POINT('',(1.227595769907E0,1.436051213441E0,9.247995556221E0));
#3355=CARTESIAN_POINT('',(3.340875784161E-1,1.203105792511E0,9.706341637880E0));
#3356=CARTESIAN_POINT('',(3.617625445497E-1,1.416285998306E0,9.586987345036E0));
#3357=CARTESIAN_POINT('',(3.894375106832E-1,1.629466204102E0,9.467633052191E0));
#3358=CARTESIAN_POINT('',(4.171124768168E-1,1.842646409897E0,9.348278759346E0));
#3359=CARTESIAN_POINT('',(-2.651201806637E-1,1.220177019970E0,
9.806624841005E0));
#3360=CARTESIAN_POINT('',(-3.399099329323E-1,1.421723557201E0,
9.687270548161E0));
#3361=CARTESIAN_POINT('',(-4.146996852010E-1,1.623270094432E0,
9.567916255316E0));
#3362=CARTESIAN_POINT('',(-4.894894374696E-1,1.824816631663E0,
9.448561962471E0));
#3363=CARTESIAN_POINT('',(-8.031015451858E-1,9.561383354722E-1,
9.906908044130E0));
#3364=CARTESIAN_POINT('',(-9.632017679819E-1,1.099631955720E0,
9.787553751286E0));
#3365=CARTESIAN_POINT('',(-1.123301990778E0,1.243125575969E0,9.668199458441E0));
#3366=CARTESIAN_POINT('',(-1.283402213574E0,1.386619196217E0,9.548845165596E0));
#3367=CARTESIAN_POINT('',(-1.155994738097E0,4.722131724946E-1,
1.000719124726E1));
#3368=CARTESIAN_POINT('',(-1.364563440192E0,5.244463275176E-1,
9.887836954411E0));
#3369=CARTESIAN_POINT('',(-1.573132142287E0,5.766794825406E-1,
9.768482661566E0));
#3370=CARTESIAN_POINT('',(-1.781700844382E0,6.289126375636E-1,
9.649128368721E0));
#3371=CARTESIAN_POINT('',(-1.242963772695E0,-1.204048428679E-1,
1.010747445038E1));
#3372=CARTESIAN_POINT('',(-1.451797108338E0,-1.715041414485E-1,
9.988120157536E0));
#3373=CARTESIAN_POINT('',(-1.660630443982E0,-2.226034400291E-1,
9.868765864691E0));
#3374=CARTESIAN_POINT('',(-1.869463779625E0,-2.737027386097E-1,
9.749411571846E0));
#3375=CARTESIAN_POINT('',(-1.043692157843E0,-6.856546599862E-1,
1.020775765351E1));
#3376=CARTESIAN_POINT('',(-1.204645600312E0,-8.281625652814E-1,
1.008840336066E1));
#3377=CARTESIAN_POINT('',(-1.365599042781E0,-9.706704705766E-1,
9.969049067816E0));
#3378=CARTESIAN_POINT('',(-1.526552485251E0,-1.113178375872E0,
9.849694774971E0));
#3379=CARTESIAN_POINT('',(-6.038400145919E-1,-1.092995295641E0,
1.030804085663E1));
#3380=CARTESIAN_POINT('',(-6.799061235561E-1,-1.294056607087E0,
1.018868656379E1));
#3381=CARTESIAN_POINT('',(-7.559722325202E-1,-1.495117918533E0,
1.006933227094E1));
#3382=CARTESIAN_POINT('',(-8.320383414844E-1,-1.696179229980E0,
9.949977978096E0));
#3383=CARTESIAN_POINT('',(-2.476043812420E-2,-1.248409477353E0,
1.040832405976E1));
#3384=CARTESIAN_POINT('',(1.523545377296E-3,-1.461762069637E0,
1.028896976691E1));
#3385=CARTESIAN_POINT('',(2.780752887880E-2,-1.675114661921E0,
1.016961547407E1));
#3386=CARTESIAN_POINT('',(5.409151238030E-2,-1.888467254206E0,
1.005026118122E1));
#3387=CARTESIAN_POINT('',(5.599925398586E-1,-1.116013625960E0,
1.050860726288E1));
#3388=CARTESIAN_POINT('',(6.825831487836E-1,-1.292601412901E0,
1.038925297004E1));
#3389=CARTESIAN_POINT('',(8.051737577086E-1,-1.469189199843E0,
1.026989867719E1));
#3390=CARTESIAN_POINT('',(9.277643666337E-1,-1.645776986784E0,
1.015054438435E1));
#3391=CARTESIAN_POINT('',(1.015587675883E0,-7.264312375246E-1,
1.060889046601E1));
#3392=CARTESIAN_POINT('',(1.206316171669E0,-8.256136684776E-1,
1.048953617316E1));
#3393=CARTESIAN_POINT('',(1.397044667454E0,-9.247960994306E-1,
1.037018188032E1));
#3394=CARTESIAN_POINT('',(1.587773163239E0,-1.023978530384E0,1.025082758747E1));
#3395=CARTESIAN_POINT('',(1.237098307174E0,-1.695888758915E-1,
1.070917366913E1));
#3396=CARTESIAN_POINT('',(1.452089608958E0,-1.684750766214E-1,
1.058981937629E1));
#3397=CARTESIAN_POINT('',(1.667080910741E0,-1.673612773512E-1,
1.047046508344E1));
#3398=CARTESIAN_POINT('',(1.882072212524E0,-1.662474780811E-1,
1.035111079060E1));
#3399=CARTESIAN_POINT('',(1.173815521617E0,4.259885397467E-1,1.080945687226E1));
#3400=CARTESIAN_POINT('',(1.363470640179E0,5.272808986912E-1,1.069010257941E1));
#3401=CARTESIAN_POINT('',(1.553125758741E0,6.285732576357E-1,1.057074828657E1));
#3402=CARTESIAN_POINT('',(1.742780877303E0,7.298656165801E-1,1.045139399372E1));
#3403=CARTESIAN_POINT('',(8.404652702715E-1,9.236202660651E-1,
1.090974007538E1));
#3404=CARTESIAN_POINT('',(9.609516171690E-1,1.101680763095E0,1.079038578254E1));
#3405=CARTESIAN_POINT('',(1.081437964067E0,1.279741260125E0,1.067103148969E1));
#3406=CARTESIAN_POINT('',(1.201924310964E0,1.457801757155E0,1.055167719685E1));
#3407=CARTESIAN_POINT('',(3.133238187647E-1,1.208819183211E0,1.101002327851E1));
#3408=CARTESIAN_POINT('',(3.369606764530E-1,1.422491391682E0,1.089066898566E1));
#3409=CARTESIAN_POINT('',(3.605975341413E-1,1.636163600153E0,1.077131469282E1));
#3410=CARTESIAN_POINT('',(3.842343918296E-1,1.849835808624E0,1.065196039997E1));
#3411=CARTESIAN_POINT('',(-2.861359015640E-1,1.215478393618E0,
1.111030648163E1));
#3412=CARTESIAN_POINT('',(-3.647236095805E-1,1.415567563846E0,
1.099095218879E1));
#3413=CARTESIAN_POINT('',(-4.433113175970E-1,1.615656734073E0,
1.087159789594E1));
#3414=CARTESIAN_POINT('',(-5.218990256135E-1,1.815745904301E0,
1.075224360310E1));
#3415=CARTESIAN_POINT('',(-8.196786726393E-1,9.419480750286E-1,
1.121058968476E1));
#3416=CARTESIAN_POINT('',(-9.823796253958E-1,1.082442119013E0,
1.109123539191E1));
#3417=CARTESIAN_POINT('',(-1.145080578152E0,1.222936162997E0,1.097188109907E1));
#3418=CARTESIAN_POINT('',(-1.307781530909E0,1.363430206981E0,1.085252680622E1));
#3419=CARTESIAN_POINT('',(-1.164225727464E0,4.512831855728E-1,
1.131087288788E1));
#3420=CARTESIAN_POINT('',(-1.373630152362E0,4.998783574157E-1,
1.119151859504E1));
#3421=CARTESIAN_POINT('',(-1.583034577260E0,5.484735292585E-1,
1.107216430219E1));
#3422=CARTESIAN_POINT('',(-1.792439002159E0,5.970687011013E-1,
1.095281000935E1));
#3423=CARTESIAN_POINT('',(-1.240396434994E0,-1.433085976566E-1,
1.141115609101E1));
#3424=CARTESIAN_POINT('',(-1.448344378664E0,-1.978261768639E-1,
1.129180179816E1));
#3425=CARTESIAN_POINT('',(-1.656292322333E0,-2.523437560712E-1,
1.117244750532E1));
#3426=CARTESIAN_POINT('',(-1.864240266002E0,-3.068613352785E-1,
1.105309321247E1));
#3427=CARTESIAN_POINT('',(-1.030784490648E0,-7.047382085871E-1,
1.151143929413E1));
#3428=CARTESIAN_POINT('',(-1.189389373019E0,-8.498829351570E-1,
1.139208500129E1));
#3429=CARTESIAN_POINT('',(-1.347994255389E0,-9.950276617269E-1,
1.127273070844E1));
#3430=CARTESIAN_POINT('',(-1.506599137760E0,-1.140172388297E0,
1.115337641560E1));
#3431=CARTESIAN_POINT('',(-5.840803067909E-1,-1.103702545829E0,
1.161172249726E1));
#3432=CARTESIAN_POINT('',(-6.566581163298E-1,-1.306092436051E0,
1.149236820441E1));
#3433=CARTESIAN_POINT('',(-7.292359258687E-1,-1.508482326273E0,
1.137301391157E1));
#3434=CARTESIAN_POINT('',(-8.018137354076E-1,-1.710872216495E0,
1.125365961872E1));
#3435=CARTESIAN_POINT('',(-2.949763556759E-3,-1.248778428081E0,
1.171200570038E1));
#3436=CARTESIAN_POINT('',(2.727349121939E-2,-1.461637665226E0,
1.159265140754E1));
#3437=CARTESIAN_POINT('',(5.749674599555E-2,-1.674496902372E0,
1.147329711469E1));
#3438=CARTESIAN_POINT('',(8.772000077170E-2,-1.887356139517E0,
1.135394282185E1));
#3439=CARTESIAN_POINT('',(5.792180271295E-1,-1.106310143579E0,
1.181228890351E1));
#3440=CARTESIAN_POINT('',(7.051319708180E-1,-1.280551911153E0,
1.169293461066E1));
#3441=CARTESIAN_POINT('',(8.310459145065E-1,-1.454793678726E0,
1.157358031782E1));
#3442=CARTESIAN_POINT('',(9.569598581950E-1,-1.629035446300E0,
1.145422602497E1));
#3443=CARTESIAN_POINT('',(1.028010490830E0,-7.088411628987E-1,
1.191257210663E1));
#3444=CARTESIAN_POINT('',(1.220575753205E0,-8.043938837725E-1,
1.179321781379E1));
#3445=CARTESIAN_POINT('',(1.413141015580E0,-8.999466046463E-1,
1.167386352094E1));
#3446=CARTESIAN_POINT('',(1.605706277955E0,-9.954993255201E-1,
1.155450922810E1));
#3447=CARTESIAN_POINT('',(1.239859894558E0,-1.479431694678E-1,
1.201285530976E1));
#3448=CARTESIAN_POINT('',(1.454765300951E0,-1.428603085404E-1,
1.189350101691E1));
#3449=CARTESIAN_POINT('',(1.669670707345E0,-1.377774476129E-1,
1.177414672407E1));
#3450=CARTESIAN_POINT('',(1.884576113738E0,-1.326945866855E-1,
1.165479243122E1));
#3451=CARTESIAN_POINT('',(1.165865874918E0,4.470274596809E-1,1.211313851288E1));
#3452=CARTESIAN_POINT('',(1.353698391127E0,5.515775132924E-1,1.199378422004E1));
#3453=CARTESIAN_POINT('',(1.541530907336E0,6.561275669039E-1,1.187442992719E1));
#3454=CARTESIAN_POINT('',(1.729363423545E0,7.606776205154E-1,1.175507563435E1));
#3455=CARTESIAN_POINT('',(8.231898894877E-1,9.388723958443E-1,
1.221342171601E1));
#3456=CARTESIAN_POINT('',(9.407251421216E-1,1.118871441797E0,1.209406742316E1));
#3457=CARTESIAN_POINT('',(1.058260394756E0,1.298870487751E0,1.197471313032E1));
#3458=CARTESIAN_POINT('',(1.175795647390E0,1.478869533704E0,1.185535883747E1));
#3459=CARTESIAN_POINT('',(2.909374230682E-1,1.214302483562E0,1.231370491913E1));
#3460=CARTESIAN_POINT('',(3.110642842444E-1,1.428355381375E0,1.219435062629E1));
#3461=CARTESIAN_POINT('',(3.311911454206E-1,1.642408279188E0,1.207499633344E1));
#3462=CARTESIAN_POINT('',(3.513180065968E-1,1.856461177001E0,1.195564204060E1));
#3463=CARTESIAN_POINT('',(-3.014827339634E-1,1.210183557802E0,
1.241290739309E1));
#3464=CARTESIAN_POINT('',(-3.824495233848E-1,1.409070606813E0,
1.229355310024E1));
#3465=CARTESIAN_POINT('',(-4.634163128061E-1,1.607957655823E0,
1.217419880740E1));
#3466=CARTESIAN_POINT('',(-5.443831022275E-1,1.806844704834E0,
1.205484451455E1));
#3467=CARTESIAN_POINT('',(-8.194912550069E-1,9.381607899034E-1,
1.251102913788E1));
#3468=CARTESIAN_POINT('',(-9.821750246764E-1,1.077893616436E0,
1.239167484504E1));
#3469=CARTESIAN_POINT('',(-1.144858794346E0,1.217626442969E0,1.227232055219E1));
#3470=CARTESIAN_POINT('',(-1.307542564015E0,1.357359269501E0,1.215296625935E1));
#3471=CARTESIAN_POINT('',(-1.155012143544E0,4.665336387341E-1,
1.260807015351E1));
#3472=CARTESIAN_POINT('',(-1.363292357805E0,5.176051018158E-1,
1.248871586066E1));
#3473=CARTESIAN_POINT('',(-1.571572572067E0,5.686765648974E-1,
1.236936156782E1));
#3474=CARTESIAN_POINT('',(-1.779852786329E0,6.197480279791E-1,
1.225000727497E1));
#3475=CARTESIAN_POINT('',(-1.241137338833E0,-1.059334219452E-1,
1.270511116913E1));
#3476=CARTESIAN_POINT('',(-1.450000754594E0,-1.545147855418E-1,
1.258575687629E1));
#3477=CARTESIAN_POINT('',(-1.658864170354E0,-2.030961491383E-1,
1.246640258344E1));
#3478=CARTESIAN_POINT('',(-1.867727586115E0,-2.516775127349E-1,
1.234704829060E1));
#3479=CARTESIAN_POINT('',(-1.059094890062E0,-6.555892215266E-1,
1.280215218476E1));
#3480=CARTESIAN_POINT('',(-1.223484505614E0,-7.933084065676E-1,
1.268279789191E1));
#3481=CARTESIAN_POINT('',(-1.387874121166E0,-9.310275916087E-1,
1.256344359907E1));
#3482=CARTESIAN_POINT('',(-1.552263736717E0,-1.068746776650E0,
1.244408930622E1));
#3483=CARTESIAN_POINT('',(-6.483596401849E-1,-1.063523222598E0,
1.289919320038E1));
#3484=CARTESIAN_POINT('',(-7.327334622277E-1,-1.260617588331E0,
1.277983890754E1));
#3485=CARTESIAN_POINT('',(-8.171072842706E-1,-1.457711954064E0,
1.266048461469E1));
#3486=CARTESIAN_POINT('',(-9.014811063134E-1,-1.654806319798E0,
1.254113032185E1));
#3487=CARTESIAN_POINT('',(-9.692365806153E-2,-1.241869655282E0,
1.299623421601E1));
#3488=CARTESIAN_POINT('',(-8.339574581344E-2,-1.455955338644E0,
1.287687992316E1));
#3489=CARTESIAN_POINT('',(-6.986783356535E-2,-1.670041022006E0,
1.275752563032E1));
#3490=CARTESIAN_POINT('',(-5.633992131725E-2,-1.884126705368E0,
1.263817133747E1));
#3491=CARTESIAN_POINT('',(4.730523843101E-1,-1.151016558133E0,
1.309327523163E1));
#3492=CARTESIAN_POINT('',(5.826810390891E-1,-1.335403865478E0,
1.297392093879E1));
#3493=CARTESIAN_POINT('',(6.923096938682E-1,-1.519791172823E0,
1.285456664594E1));
#3494=CARTESIAN_POINT('',(8.019383486472E-1,-1.704178480167E0,
1.273521235310E1));
#3495=CARTESIAN_POINT('',(9.201615171830E-1,-8.240809230184E-1,
1.318970752330E1));
#3496=CARTESIAN_POINT('',(1.100108937401E0,-9.399007431881E-1,
1.307035323045E1));
#3497=CARTESIAN_POINT('',(1.280056357619E0,-1.055720563358E0,1.295099893761E1));
#3498=CARTESIAN_POINT('',(1.460003777838E0,-1.171540383527E0,1.283164464476E1));
#3499=CARTESIAN_POINT('',(1.169428121970E0,-3.529603642782E-1,
1.328553109101E1));
#3500=CARTESIAN_POINT('',(1.381339521356E0,-3.791956025576E-1,
1.316617679816E1));
#3501=CARTESIAN_POINT('',(1.593250920741E0,-4.054308408370E-1,
1.304682250532E1));
#3502=CARTESIAN_POINT('',(1.805162320126E0,-4.316660791164E-1,
1.292746821247E1));
#3503=CARTESIAN_POINT('',(1.192763080421E0,1.585017803726E-1,1.338074593476E1));
#3504=CARTESIAN_POINT('',(1.395660108306E0,2.240881677983E-1,1.326139164191E1));
#3505=CARTESIAN_POINT('',(1.598557136191E0,2.896745552241E-1,1.314203734907E1));
#3506=CARTESIAN_POINT('',(1.801454164075E0,3.552609426498E-1,1.302268305622E1));
#3507=CARTESIAN_POINT('',(1.007281633682E0,6.148361117159E-1,1.347596077851E1));
#3508=CARTESIAN_POINT('',(1.164598454581E0,7.584376519855E-1,1.335660648566E1));
#3509=CARTESIAN_POINT('',(1.321915275479E0,9.020391922552E-1,1.323725219282E1));
#3510=CARTESIAN_POINT('',(1.479232096378E0,1.045640732525E0,1.311789789997E1));
#3511=CARTESIAN_POINT('',(6.660220853692E-1,9.405103273457E-1,
1.357117562226E1));
#3512=CARTESIAN_POINT('',(7.510082322999E-1,1.135588635987E0,1.345182132941E1));
#3513=CARTESIAN_POINT('',(8.359943792306E-1,1.330666944628E0,1.333246703657E1));
#3514=CARTESIAN_POINT('',(9.209805261612E-1,1.525745253269E0,1.321311274372E1));
#3515=CARTESIAN_POINT('',(2.425188260989E-1,1.093838933494E0,1.366639046601E1));
#3516=CARTESIAN_POINT('',(2.421527264824E-1,1.306411444864E0,1.354703617316E1));
#3517=CARTESIAN_POINT('',(2.417866268660E-1,1.518983956234E0,1.342768188032E1));
#3518=CARTESIAN_POINT('',(2.414205272495E-1,1.731556467603E0,1.330832758747E1));
#3519=CARTESIAN_POINT('',(-1.856243067850E-1,1.068339696553E0,
1.376160530976E1));
#3520=CARTESIAN_POINT('',(-2.695880915906E-1,1.263337459521E0,
1.364225101691E1));
#3521=CARTESIAN_POINT('',(-3.535518763962E-1,1.458335222489E0,
1.352289672407E1));
#3522=CARTESIAN_POINT('',(-4.375156612018E-1,1.653332985457E0,
1.340354243122E1));
#3523=CARTESIAN_POINT('',(-5.494951771521E-1,8.872694033009E-1,
1.385682015351E1));
#3524=CARTESIAN_POINT('',(-7.023250977808E-1,1.034590598813E0,
1.373746586066E1));
#3525=CARTESIAN_POINT('',(-8.551550184095E-1,1.181911794325E0,
1.361811156782E1));
#3526=CARTESIAN_POINT('',(-1.007984939038E0,1.329232989837E0,1.349875727497E1));
#3527=CARTESIAN_POINT('',(-8.008640836860E-1,6.013330344938E-1,
1.395203499726E1));
#3528=CARTESIAN_POINT('',(-9.984157907453E-1,6.780694504797E-1,
1.383268070441E1));
#3529=CARTESIAN_POINT('',(-1.195967497805E0,7.548058664655E-1,
1.371332641157E1));
#3530=CARTESIAN_POINT('',(-1.393519204864E0,8.315422824513E-1,
1.359397211872E1));
#3531=CARTESIAN_POINT('',(-9.158355337904E-1,2.577626110597E-1,
1.404724984101E1));
#3532=CARTESIAN_POINT('',(-1.127729445724E0,2.558711140627E-1,
1.392789554816E1));
#3533=CARTESIAN_POINT('',(-1.339623357658E0,2.539796170657E-1,
1.380854125532E1));
#3534=CARTESIAN_POINT('',(-1.551517269592E0,2.520881200687E-1,
1.368918696247E1));
#3535=CARTESIAN_POINT('',(-9.015578296377E-1,-7.117595371119E-2,
1.414246468476E1));
#3536=CARTESIAN_POINT('',(-1.096728872604E0,-1.533149716676E-1,
1.402311039191E1));
#3537=CARTESIAN_POINT('',(-1.291899915571E0,-2.354539896241E-1,
1.390375609907E1));
#3538=CARTESIAN_POINT('',(-1.487070958537E0,-3.175930075805E-1,
1.378440180622E1));
#3539=CARTESIAN_POINT('',(-7.708290151054E-1,-3.583883534699E-1,
1.423767952851E1));
#3540=CARTESIAN_POINT('',(-9.231751593461E-1,-5.050747405336E-1,
1.411832523566E1));
#3541=CARTESIAN_POINT('',(-1.075521303587E0,-6.517611275974E-1,
1.399897094282E1));
#3542=CARTESIAN_POINT('',(-1.227867447827E0,-7.984475146611E-1,
1.387961664997E1));
#3543=CARTESIAN_POINT('',(-5.690531737734E-1,-5.545061744597E-1,
1.433289437226E1));
#3544=CARTESIAN_POINT('',(-6.569368524810E-1,-7.470508845464E-1,
1.421354007941E1));
#3545=CARTESIAN_POINT('',(-7.448205311887E-1,-9.395955946331E-1,
1.409418578657E1));
#3546=CARTESIAN_POINT('',(-8.327042098963E-1,-1.132140304720E0,
1.397483149372E1));
#3547=CARTESIAN_POINT('',(-3.319355415216E-1,-6.605468001524E-1,
1.442810921601E1));
#3548=CARTESIAN_POINT('',(-3.444947203125E-1,-8.714217853386E-1,
1.430875492316E1));
#3549=CARTESIAN_POINT('',(-3.570538991033E-1,-1.082296770525E0,
1.418940063032E1));
#3550=CARTESIAN_POINT('',(-3.696130778942E-1,-1.293171755711E0,
1.407004633747E1));
#3551=CARTESIAN_POINT('',(-9.410631447902E-2,-6.713451509043E-1,
1.452332405976E1));
#3552=CARTESIAN_POINT('',(-3.204570940997E-2,-8.733324901044E-1,
1.440396976691E1));
#3553=CARTESIAN_POINT('',(3.001489565908E-2,-1.075319829304E0,
1.428461547407E1));
#3554=CARTESIAN_POINT('',(9.207550072813E-2,-1.277307168505E0,
1.416526118122E1));
#3555=CARTESIAN_POINT('',(1.020264936145E-1,-6.113126246096E-1,
1.461853890351E1));
#3556=CARTESIAN_POINT('',(2.323031114268E-1,-7.776387714630E-1,
1.449918461066E1));
#3557=CARTESIAN_POINT('',(3.625797292391E-1,-9.439649183163E-1,
1.437983031782E1));
#3558=CARTESIAN_POINT('',(4.928563470514E-1,-1.110291065170E0,
1.426047602497E1));
#3559=CARTESIAN_POINT('',(2.515817973630E-1,-4.990950391880E-1,
1.471375374726E1));
#3560=CARTESIAN_POINT('',(4.311090124320E-1,-6.099675760978E-1,
1.459439945441E1));
#3561=CARTESIAN_POINT('',(6.106362275010E-1,-7.208401130076E-1,
1.447504516157E1));
#3562=CARTESIAN_POINT('',(7.901634425700E-1,-8.317126499174E-1,
1.435569086872E1));
#3563=CARTESIAN_POINT('',(3.371513880806E-1,-3.660684170023E-1,
1.480896859101E1));
#3564=CARTESIAN_POINT('',(5.441750528816E-1,-4.078807290948E-1,
1.468961429816E1));
#3565=CARTESIAN_POINT('',(7.511987176826E-1,-4.496930411872E-1,
1.457026000532E1));
#3566=CARTESIAN_POINT('',(9.582223824836E-1,-4.915053532797E-1,
1.445090571247E1));
#3567=CARTESIAN_POINT('',(3.711891371271E-1,-2.400218669540E-1,
1.490418343476E1));
#3568=CARTESIAN_POINT('',(5.795151720178E-1,-2.068061494125E-1,
1.478482914191E1));
#3569=CARTESIAN_POINT('',(7.878412069085E-1,-1.735904318709E-1,
1.466547484907E1));
#3570=CARTESIAN_POINT('',(9.961672417992E-1,-1.403747143294E-1,
1.454612055622E1));
#3571=CARTESIAN_POINT('',(3.614906145817E-1,-1.281254372405E-1,
1.499939827851E1));
#3572=CARTESIAN_POINT('',(5.464912150882E-1,-2.661795203214E-2,
1.488004398566E1));
#3573=CARTESIAN_POINT('',(7.314918155947E-1,7.488953317625E-2,
1.476068969282E1));
#3574=CARTESIAN_POINT('',(9.164924161013E-1,1.763970183846E-1,
1.464133539997E1));
#3575=CARTESIAN_POINT('',(3.333218798493E-1,-5.304545583087E-2,
1.509851455161E1));
#3576=CARTESIAN_POINT('',(4.689194904151E-1,1.096099353240E-1,
1.497916025877E1));
#3577=CARTESIAN_POINT('',(6.045171009810E-1,2.722653264789E-1,
1.485980596592E1));
#3578=CARTESIAN_POINT('',(7.401147115468E-1,4.349207176337E-1,
1.474045167308E1));
#3579=CARTESIAN_POINT('',(3.036330936334E-1,-1.511353481118E-2,
1.516589254347E1));
#3580=CARTESIAN_POINT('',(3.955165605960E-1,1.713444369928E-1,
1.504653825063E1));
#3581=CARTESIAN_POINT('',(4.874000275585E-1,3.578024087968E-1,
1.492718395778E1));
#3582=CARTESIAN_POINT('',(5.792834945211E-1,5.442603806008E-1,
1.480782966494E1));
#3583=CARTESIAN_POINT('',(2.857658515796E-1,6.551609421717E-3,
1.520153225408E1));
#3584=CARTESIAN_POINT('',(3.542045614787E-1,1.973019942280E-1,
1.508217796124E1));
#3585=CARTESIAN_POINT('',(4.226432713778E-1,3.880523790343E-1,
1.496282366839E1));
#3586=CARTESIAN_POINT('',(4.910819812768E-1,5.788027638406E-1,
1.484346937555E1));
#3587=B_SPLINE_SURFACE_WITH_KNOTS('',3,3,((#2975,#2976,#2977,#2978),(#2979,
#2980,#2981,#2982),(#2983,#2984,#2985,#2986),(#2987,#2988,#2989,#2990),(#2991,
#2992,#2993,#2994),(#2995,#2996,#2997,#2998),(#2999,#3000,#3001,#3002),(#3003,
#3004,#3005,#3006),(#3007,#3008,#3009,#3010),(#3011,#3012,#3013,#3014),(#3015,
#3016,#3017,#3018),(#3019,#3020,#3021,#3022),(#3023,#3024,#3025,#3026),(#3027,
#3028,#3029,#3030),(#3031,#3032,#3033,#3034),(#3035,#3036,#3037,#3038),(#3039,
#3040,#3041,#3042),(#3043,#3044,#3045,#3046),(#3047,#3048,#3049,#3050),(#3051,
#3052,#3053,#3054),(#3055,#3056,#3057,#3058),(#3059,#3060,#3061,#3062),(#3063,
#3064,#3065,#3066),(#3067,#3068,#3069,#3070),(#3071,#3072,#3073,#3074),(#3075,
#3076,#3077,#3078),(#3079,#3080,#3081,#3082),(#3083,#3084,#3085,#3086),(#3087,
#3088,#3089,#3090),(#3091,#3092,#3093,#3094),(#3095,#3096,#3097,#3098),(#3099,
#3100,#3101,#3102),(#3103,#3104,#3105,#3106),(#3107,#3108,#3109,#3110),(#3111,
#3112,#3113,#3114),(#3115,#3116,#3117,#3118),(#3119,#3120,#3121,#3122),(#3123,
#3124,#3125,#3126),(#3127,#3128,#3129,#3130),(#3131,#3132,#3133,#3134),(#3135,
#3136,#3137,#3138),(#3139,#3140,#3141,#3142),(#3143,#3144,#3145,#3146),(#3147,
#3148,#3149,#3150),(#3151,#3152,#3153,#3154),(#3155,#3156,#3157,#3158),(#3159,
#3160,#3161,#3162),(#3163,#3164,#3165,#3166),(#3167,#3168,#3169,#3170),(#3171,
#3172,#3173,#3174),(#3175,#3176,#3177,#3178),(#3179,#3180,#3181,#3182),(#3183,
#3184,#3185,#3186),(#3187,#3188,#3189,#3190),(#3191,#3192,#3193,#3194),(#3195,
#3196,#3197,#3198),(#3199,#3200,#3201,#3202),(#3203,#3204,#3205,#3206),(#3207,
#3208,#3209,#3210),(#3211,#3212,#3213,#3214),(#3215,#3216,#3217,#3218),(#3219,
#3220,#3221,#3222),(#3223,#3224,#3225,#3226),(#3227,#3228,#3229,#3230),(#3231,
#3232,#3233,#3234),(#3235,#3236,#3237,#3238),(#3239,#3240,#3241,#3242),(#3243,
#3244,#3245,#3246),(#3247,#3248,#3249,#3250),(#3251,#3252,#3253,#3254),(#3255,
#3256,#3257,#3258),(#3259,#3260,#3261,#3262),(#3263,#3264,#3265,#3266),(#3267,
#3268,#3269,#3270),(#3271,#3272,#3273,#3274),(#3275,#3276,#3277,#3278),(#3279,
#3280,#3281,#3282),(#3283,#3284,#3285,#3286),(#3287,#3288,#3289,#3290),(#3291,
#3292,#3293,#3294),(#3295,#3296,#3297,#3298),(#3299,#3300,#3301,#3302),(#3303,
#3304,#3305,#3306),(#3307,#3308,#3309,#3310),(#3311,#3312,#3313,#3314),(#3315,
#3316,#3317,#3318),(#3319,#3320,#3321,#3322),(#3323,#3324,#3325,#3326),(#3327,
#3328,#3329,#3330),(#3331,#3332,#3333,#3334),(#3335,#3336,#3337,#3338),(#3339,
#3340,#3341,#3342),(#3343,#3344,#3345,#3346),(#3347,#3348,#3349,#3350),(#3351,
#3352,#3353,#3354),(#3355,#3356,#3357,#3358),(#3359,#3360,#3361,#3362),(#3363,
#3364,#3365,#3366),(#3367,#3368,#3369,#3370),(#3371,#3372,#3373,#3374),(#3375,
#3376,#3377,#3378),(#3379,#3380,#3381,#3382),(#3383,#3384,#3385,#3386),(#3387,
#3388,#3389,#3390),(#3391,#3392,#3393,#3394),(#3395,#3396,#3397,#3398),(#3399,
#3400,#3401,#3402),(#3403,#3404,#3405,#3406),(#3407,#3408,#3409,#3410),(#3411,
#3412,#3413,#3414),(#3415,#3416,#3417,#3418),(#3419,#3420,#3421,#3422),(#3423,
#3424,#3425,#3426),(#3427,#3428,#3429,#3430),(#3431,#3432,#3433,#3434),(#3435,
#3436,#3437,#3438),(#3439,#3440,#3441,#3442),(#3443,#3444,#3445,#3446),(#3447,
#3448,#3449,#3450),(#3451,#3452,#3453,#3454),(#3455,#3456,#3457,#3458),(#3459,
#3460,#3461,#3462),(#3463,#3464,#3465,#3466),(#3467,#3468,#3469,#3470),(#3471,
#3472,#3473,#3474),(#3475,#3476,#3477,#3478),(#3479,#3480,#3481,#3482),(#3483,
#3484,#3485,#3486),(#3487,#3488,#3489,#3490),(#3491,#3492,#3493,#3494),(#3495,
#3496,#3497,#3498),(#3499,#3500,#3501,#3502),(#3503,#3504,#3505,#3506),(#3507,
#3508,#3509,#3510),(#3511,#3512,#3513,#3514),(#3515,#3516,#3517,#3518),(#3519,
#3520,#3521,#3522),(#3523,#3524,#3525,#3526),(#3527,#3528,#3529,#3530),(#3531,
#3532,#3533,#3534),(#3535,#3536,#3537,#3538),(#3539,#3540,#3541,#3542),(#3543,
#3544,#3545,#3546),(#3547,#3548,#3549,#3550),(#3551,#3552,#3553,#3554),(#3555,
#3556,#3557,#3558),(#3559,#3560,#3561,#3562),(#3563,#3564,#3565,#3566),(#3567,
#3568,#3569,#3570),(#3571,#3572,#3573,#3574),(#3575,#3576,#3577,#3578),(#3579,
#3580,#3581,#3582),(#3583,#3584,#3585,#3586)),.UNSPECIFIED.,.F.,.F.,.F.,(4,1,1,
1,1,1,1,1,1,1,1,1,1,1,1,1,1,1,1,1,1,1,1,1,1,1,1,1,1,1,1,1,1,1,1,1,1,1,1,1,1,1,1,
1,1,1,1,1,1,1,1,1,1,1,1,1,1,1,1,1,1,1,1,1,1,1,1,1,1,1,1,1,1,1,1,1,1,1,1,1,1,1,1,
1,1,1,1,1,1,1,1,1,1,1,1,1,1,1,1,1,1,1,1,1,1,1,1,1,1,1,1,1,1,1,1,1,1,1,1,1,1,1,1,
1,1,1,1,1,1,1,1,1,1,1,1,1,1,1,1,1,1,1,1,1,1,1,1,1,1,1,4),(4,4),(
8.121199171613E-4,5.502267039833E-3,1.238010083962E-2,1.925793463942E-2,
2.613576843921E-2,3.301360223900E-2,3.989143603879E-2,4.676926983858E-2,
5.364710363837E-2,6.052493743817E-2,6.698216524789E-2,7.343939305762E-2,
7.989662086735E-2,8.635384867708E-2,9.281107648680E-2,9.926830429653E-2,
1.057255321063E-1,1.121827599160E-1,1.189739594631E-1,1.257651590102E-1,
1.325563585573E-1,1.393475581045E-1,1.461387576516E-1,1.529299571987E-1,
1.597211567458E-1,1.665123562930E-1,1.733035558401E-1,1.800947553872E-1,
1.868859549343E-1,1.936771544814E-1,2.004683540286E-1,2.072595535757E-1,
2.140507531228E-1,2.208419526699E-1,2.276331522170E-1,2.344243517642E-1,
2.412155513113E-1,2.480067508584E-1,2.547979504055E-1,2.615891499526E-1,
2.683803494998E-1,2.751715490469E-1,2.819627485940E-1,2.887539481411E-1,
2.955451476883E-1,3.023363472354E-1,3.091275467825E-1,3.159187463296E-1,
3.227099458767E-1,3.295011454239E-1,3.362923449710E-1,3.430835445181E-1,
3.498747440652E-1,3.566659436123E-1,3.634571431595E-1,3.702483427066E-1,
3.770395422537E-1,3.838307418008E-1,3.906219413479E-1,3.974131408951E-1,
4.042043404422E-1,4.109955399893E-1,4.177867395364E-1,4.245779390836E-1,
4.313691386307E-1,4.381603381778E-1,4.449515377249E-1,4.517427372720E-1,
4.585339368192E-1,4.653251363663E-1,4.721163359134E-1,4.789075354605E-1,
4.856987350076E-1,4.924899345548E-1,4.992811341019E-1,5.060723336490E-1,
5.128635331961E-1,5.196547327433E-1,5.264459322904E-1,5.332371318375E-1,
5.400283313846E-1,5.468195309317E-1,5.536107304789E-1,5.604019300260E-1,
5.671931295731E-1,5.739843291202E-1,5.807755286673E-1,5.875667282145E-1,
5.943579277616E-1,6.011491273087E-1,6.079403268558E-1,6.147315264029E-1,
6.215227259501E-1,6.283139254972E-1,6.351051250443E-1,6.418963245914E-1,
6.486875241386E-1,6.554787236857E-1,6.622699232328E-1,6.690611227799E-1,
6.758523223270E-1,6.826435218742E-1,6.894347214213E-1,6.962259209684E-1,
7.030171205155E-1,7.098083200626E-1,7.165995196098E-1,7.233907191569E-1,
7.301819187040E-1,7.369731182511E-1,7.437643177982E-1,7.505555173454E-1,
7.573467168925E-1,7.641379164396E-1,7.709291159867E-1,7.777203155339E-1,
7.845115150810E-1,7.913027146281E-1,7.980939141752E-1,8.048851137223E-1,
8.116763132695E-1,8.184675128166E-1,8.250391507462E-1,8.316107886759E-1,
8.381824266056E-1,8.447540645352E-1,8.513257024649E-1,8.578973403946E-1,
8.644689783242E-1,8.710406162539E-1,8.774885854412E-1,8.839365546285E-1,
8.903845238158E-1,8.968324930031E-1,9.032804621904E-1,9.097284313777E-1,
9.161764005650E-1,9.226243697523E-1,9.290723389397E-1,9.355203081270E-1,
9.419682773143E-1,9.484162465016E-1,9.548642156889E-1,9.613121848762E-1,
9.677601540635E-1,9.742081232508E-1,9.806560924381E-1,9.871040616254E-1,
9.935520308127E-1,1.E0,1.007240586030E0),(-9.957362782347E-2,1.100882208059E0),
.UNSPECIFIED.);
#3589=ORIENTED_EDGE('',*,*,#3588,.T.);
#3590=ORIENTED_EDGE('',*,*,#2917,.T.);
#3591=ORIENTED_EDGE('',*,*,#2299,.T.);
#3593=ORIENTED_EDGE('',*,*,#3592,.T.);
#3595=ORIENTED_EDGE('',*,*,#3594,.T.);
#3597=ORIENTED_EDGE('',*,*,#3596,.T.);
#3599=ORIENTED_EDGE('',*,*,#3598,.T.);
#3601=ORIENTED_EDGE('',*,*,#3600,.T.);
#3603=ORIENTED_EDGE('',*,*,#3602,.T.);
#3605=ORIENTED_EDGE('',*,*,#3604,.T.);
#3607=ORIENTED_EDGE('',*,*,#3606,.T.);
#3609=ORIENTED_EDGE('',*,*,#3608,.T.);
#3611=ORIENTED_EDGE('',*,*,#3610,.T.);
#3613=ORIENTED_EDGE('',*,*,#3612,.T.);
#3615=ORIENTED_EDGE('',*,*,#3614,.T.);
#3617=ORIENTED_EDGE('',*,*,#3616,.T.);
#3619=ORIENTED_EDGE('',*,*,#3618,.T.);
#3621=ORIENTED_EDGE('',*,*,#3620,.T.);
#3623=ORIENTED_EDGE('',*,*,#3622,.T.);
#3625=ORIENTED_EDGE('',*,*,#3624,.T.);
#3627=ORIENTED_EDGE('',*,*,#3626,.T.);
#3629=ORIENTED_EDGE('',*,*,#3628,.T.);
#3631=ORIENTED_EDGE('',*,*,#3630,.T.);
#3633=ORIENTED_EDGE('',*,*,#3632,.T.);
#3635=ORIENTED_EDGE('',*,*,#3634,.F.);
#3637=ORIENTED_EDGE('',*,*,#3636,.T.);
#3639=ORIENTED_EDGE('',*,*,#3638,.T.);
#3641=ORIENTED_EDGE('',*,*,#3640,.T.);
#3642=EDGE_LOOP('',(#3589,#3590,#3591,#3593,#3595,#3597,#3599,#3601,#3603,#3605,
#3607,#3609,#3611,#3613,#3615,#3617,#3619,#3621,#3623,#3625,#3627,#3629,#3631,
#3633,#3635,#3637,#3639,#3641));
#3643=FACE_OUTER_BOUND('',#3642,.F.);
#3644=ADVANCED_FACE('',(#3643),#3587,.F.);
#3645=CARTESIAN_POINT('',(5.977955805106E-1,1.977553510038E-1,
1.486331423256E1));
#3646=CARTESIAN_POINT('',(6.551138628317E-1,2.567519086419E-1,
1.481582073125E1));
#3647=CARTESIAN_POINT('',(7.124321451527E-1,3.157484662801E-1,
1.476832722994E1));
#3648=CARTESIAN_POINT('',(7.697504274738E-1,3.747450239183E-1,
1.472083372863E1));
#3649=CARTESIAN_POINT('',(5.908156407587E-1,2.065927433746E-1,
1.486858270565E1));
#3650=CARTESIAN_POINT('',(6.470068195466E-1,2.666898544624E-1,
1.482108923887E1));
#3651=CARTESIAN_POINT('',(7.031979983346E-1,3.267869655501E-1,
1.477359577209E1));
#3652=CARTESIAN_POINT('',(7.593891771225E-1,3.868840766379E-1,
1.472610230532E1));
#3653=CARTESIAN_POINT('',(4.975197975082E-1,3.176816531020E-1,
1.493732734791E1));
#3654=CARTESIAN_POINT('',(5.385565291171E-1,3.917067780907E-1,
1.488983408149E1));
#3655=CARTESIAN_POINT('',(5.795932607260E-1,4.657319030795E-1,
1.484234081507E1));
#3656=CARTESIAN_POINT('',(6.206299923348E-1,5.397570280682E-1,
1.479484754865E1));
#3657=CARTESIAN_POINT('',(3.237155476548E-1,4.007855084824E-1,
1.503781911571E1));
#3658=CARTESIAN_POINT('',(3.346354749675E-1,4.866005587735E-1,
1.499032232090E1));
#3659=CARTESIAN_POINT('',(3.455554022802E-1,5.724156090645E-1,
1.494282552609E1));
#3660=CARTESIAN_POINT('',(3.564753295929E-1,6.582306593556E-1,
1.489532873128E1));
#3661=CARTESIAN_POINT('',(1.421301906825E-1,3.938634023311E-1,
1.516475109339E1));
#3662=CARTESIAN_POINT('',(1.131709226476E-1,4.727288286893E-1,
1.511726321428E1));
#3663=CARTESIAN_POINT('',(8.421165461275E-2,5.515942550475E-1,
1.506977533517E1));
#3664=CARTESIAN_POINT('',(5.525238657789E-2,6.304596814057E-1,
1.502228745606E1));
#3665=CARTESIAN_POINT('',(6.237739630118E-2,3.609051230759E-1,
1.523584003267E1));
#3666=CARTESIAN_POINT('',(1.435043969225E-2,4.287130019901E-1,
1.518833219704E1));
#3667=CARTESIAN_POINT('',(-3.367651691668E-2,4.965208809043E-1,
1.514082436141E1));
#3668=CARTESIAN_POINT('',(-8.170347352561E-2,5.643287598184E-1,
1.509331652578E1));
#3669=CARTESIAN_POINT('',(3.021085906702E-2,3.394277527358E-1,
1.527509252210E1));
#3670=CARTESIAN_POINT('',(-2.735711692914E-2,3.982560100569E-1,
1.522760611778E1));
#3671=CARTESIAN_POINT('',(-8.492509292530E-2,4.570842673780E-1,
1.518011971347E1));
#3672=CARTESIAN_POINT('',(-1.424930689215E-1,5.159125246991E-1,
1.513263330915E1));
#3673=CARTESIAN_POINT('',(2.450190047559E-2,3.352330005635E-1,
1.528264406668E1));
#3674=CARTESIAN_POINT('',(-3.486609353748E-2,3.922232502946E-1,
1.523516335267E1));
#3675=CARTESIAN_POINT('',(-9.423408755056E-2,4.492135000256E-1,
1.518768263866E1));
#3676=CARTESIAN_POINT('',(-1.536020815636E-1,5.062037497567E-1,
1.514020192464E1));
#3677=B_SPLINE_SURFACE_WITH_KNOTS('',3,3,((#3645,#3646,#3647,#3648),(#3649,
#3650,#3651,#3652),(#3653,#3654,#3655,#3656),(#3657,#3658,#3659,#3660),(#3661,
#3662,#3663,#3664),(#3665,#3666,#3667,#3668),(#3669,#3670,#3671,#3672),(#3673,
#3674,#3675,#3676)),.UNSPECIFIED.,.F.,.F.,.F.,(4,1,1,1,1,4),(4,4),(
-4.150000242237E-2,0.E0,5.E-1,7.5E-1,1.E0,1.059589250154E0),(6.228979176950E-1,
1.100583215519E0),.UNSPECIFIED.);
#3678=ORIENTED_EDGE('',*,*,#3588,.F.);
#3680=ORIENTED_EDGE('',*,*,#3679,.T.);
#3682=ORIENTED_EDGE('',*,*,#3681,.T.);
#3684=ORIENTED_EDGE('',*,*,#3683,.T.);
#3685=EDGE_LOOP('',(#3678,#3680,#3682,#3684));
#3686=FACE_OUTER_BOUND('',#3685,.F.);
#3687=ADVANCED_FACE('',(#3686),#3677,.F.);
#3688=CARTESIAN_POINT('',(0.E0,0.E0,1.509194115454E1));
#3689=DIRECTION('',(0.E0,0.E0,-1.E0));
#3690=DIRECTION('',(-1.E0,0.E0,0.E0));
#3691=AXIS2_PLACEMENT_3D('',#3688,#3689,#3690);
#3692=CONICAL_SURFACE('',#3691,5.242680188638E-1,3.E1);
#3693=ORIENTED_EDGE('',*,*,#3640,.F.);
#3695=ORIENTED_EDGE('',*,*,#3694,.F.);
#3697=ORIENTED_EDGE('',*,*,#3696,.T.);
#3699=ORIENTED_EDGE('',*,*,#3698,.T.);
#3701=ORIENTED_EDGE('',*,*,#3700,.F.);
#3702=ORIENTED_EDGE('',*,*,#2921,.F.);
#3704=ORIENTED_EDGE('',*,*,#3703,.F.);
#3706=ORIENTED_EDGE('',*,*,#3705,.T.);
#3707=ORIENTED_EDGE('',*,*,#3679,.F.);
#3708=EDGE_LOOP('',(#3693,#3695,#3697,#3699,#3701,#3702,#3704,#3706,#3707));
#3709=FACE_OUTER_BOUND('',#3708,.F.);
#3710=ADVANCED_FACE('',(#3709),#3692,.T.);
#3711=CARTESIAN_POINT('',(0.E0,0.E0,1.509194115454E1));
#3712=DIRECTION('',(0.E0,0.E0,-1.E0));
#3713=DIRECTION('',(-1.E0,0.E0,0.E0));
#3714=AXIS2_PLACEMENT_3D('',#3711,#3712,#3713);
#3715=CONICAL_SURFACE('',#3714,5.242680188638E-1,3.E1);
#3716=ORIENTED_EDGE('',*,*,#3638,.F.);
#3718=ORIENTED_EDGE('',*,*,#3717,.T.);
#3719=ORIENTED_EDGE('',*,*,#3696,.F.);
#3720=ORIENTED_EDGE('',*,*,#3694,.T.);
#3721=EDGE_LOOP('',(#3716,#3718,#3719,#3720));
#3722=FACE_OUTER_BOUND('',#3721,.F.);
#3723=ADVANCED_FACE('',(#3722),#3715,.T.);
#3724=CARTESIAN_POINT('',(0.E0,0.E0,1.509194115454E1));
#3725=DIRECTION('',(0.E0,0.E0,-1.E0));
#3726=DIRECTION('',(-1.E0,0.E0,0.E0));
#3727=AXIS2_PLACEMENT_3D('',#3724,#3725,#3726);
#3728=CONICAL_SURFACE('',#3727,5.242680188638E-1,3.E1);
#3730=ORIENTED_EDGE('',*,*,#3729,.T.);
#3732=ORIENTED_EDGE('',*,*,#3731,.T.);
#3733=ORIENTED_EDGE('',*,*,#2923,.F.);
#3734=ORIENTED_EDGE('',*,*,#3700,.T.);
#3735=EDGE_LOOP('',(#3730,#3732,#3733,#3734));
#3736=FACE_OUTER_BOUND('',#3735,.F.);
#3737=ADVANCED_FACE('',(#3736),#3728,.T.);
#3738=CARTESIAN_POINT('',(6.372668214016E-1,-1.079980234418E0,
1.329335506863E1));
#3739=CARTESIAN_POINT('',(6.433681347848E-1,-1.090320169962E0,
1.364637679561E1));
#3740=CARTESIAN_POINT('',(5.969081240066E-1,-1.011584086981E0,
1.398756673778E1));
#3741=CARTESIAN_POINT('',(5.019222426103E-1,-8.506108948866E-1,
1.428728959939E1));
#3742=CARTESIAN_POINT('',(2.120363439574E0,-2.048454517862E-1,
1.329335506863E1));
#3743=CARTESIAN_POINT('',(2.140664201197E0,-2.068066809833E-1,
1.364637679561E1));
#3744=CARTESIAN_POINT('',(1.986078861198E0,-1.918723998027E-1,
1.398756673778E1));
#3745=CARTESIAN_POINT('',(1.670034492615E0,-1.613397796592E-1,
1.428728959939E1));
#3746=CARTESIAN_POINT('',(1.579018155644E0,1.429896653310E0,1.329335506863E1));
#3747=CARTESIAN_POINT('',(1.594135974871E0,1.443586754998E0,1.364637679561E1));
#3748=CARTESIAN_POINT('',(1.479017474949E0,1.339339975324E0,1.398756673778E1));
#3749=CARTESIAN_POINT('',(1.243661692696E0,1.126211048226E0,1.428728959939E1));
#3750=CARTESIAN_POINT('',(-1.332728897770E-1,1.246877959242E0,
1.329335506863E1));
#3751=CARTESIAN_POINT('',(-1.345488696942E-1,1.258815805250E0,
1.364637679561E1));
#3752=CARTESIAN_POINT('',(-1.248325943641E-1,1.167912024479E0,
1.398756673778E1));
#3753=CARTESIAN_POINT('',(-1.049680062880E-1,9.820623960740E-1,
1.428728959939E1));
#3754=CARTESIAN_POINT('',(-1.845563935198E0,1.063859265174E0,1.329335506863E1));
#3755=CARTESIAN_POINT('',(-1.863233714260E0,1.074044855502E0,1.364637679561E1));
#3756=CARTESIAN_POINT('',(-1.728682663677E0,9.964840736342E-1,
1.398756673778E1));
#3757=CARTESIAN_POINT('',(-1.453597705272E0,8.379137439221E-1,
1.428728959939E1));
#3758=CARTESIAN_POINT('',(-2.029167361616E0,-6.483691799860E-1,
1.329335506863E1));
#3759=CARTESIAN_POINT('',(-2.048594994695E0,-6.545767894554E-1,
1.364637679561E1));
#3760=CARTESIAN_POINT('',(-1.900658315230E0,-6.073073599500E-1,
1.398756673778E1));
#3761=CARTESIAN_POINT('',(-1.598206902618E0,-5.106666500261E-1,
1.428728959939E1));
#3762=CARTESIAN_POINT('',(-3.946102198741E-1,-1.190272692606E0,
1.329335506863E1));
#3763=CARTESIAN_POINT('',(-3.983882929430E-1,-1.201668589058E0,
1.364637679561E1));
#3764=CARTESIAN_POINT('',(-3.696191895584E-1,-1.114891621750E0,
1.398756673778E1));
#3765=CARTESIAN_POINT('',(-3.108017550334E-1,-9.374791204047E-1,
1.428728959939E1));
#3766=(BOUNDED_SURFACE()B_SPLINE_SURFACE(3,3,((#3738,#3739,#3740,#3741),(#3742,
#3743,#3744,#3745),(#3746,#3747,#3748,#3749),(#3750,#3751,#3752,#3753),(#3754,
#3755,#3756,#3757),(#3758,#3759,#3760,#3761),(#3762,#3763,#3764,#3765)),
.UNSPECIFIED.,.F.,.F.,.F.)B_SPLINE_SURFACE_WITH_KNOTS((4,3,4),(4,4),(0.E0,1.E0,
2.E0),(0.E0,1.E0),.UNSPECIFIED.)GEOMETRIC_REPRESENTATION_ITEM()RATIONAL_B_SPLINE_SURFACE(((1.687225145114E0,1.638375115623E0,1.638375115623E0,1.687225145114E0),(
8.005204900962E-1,7.773431153030E-1,7.773431153030E-1,8.005204900962E-1),(
8.005204900962E-1,7.773431153030E-1,7.773431153030E-1,8.005204900962E-1),(
1.687225145114E0,1.638375115623E0,1.638375115623E0,1.687225145114E0),(
8.005204900962E-1,7.773431153030E-1,7.773431153030E-1,8.005204900962E-1),(
8.005204900962E-1,7.773431153030E-1,7.773431153030E-1,8.005204900962E-1),(
1.687225145114E0,1.638375115623E0,1.638375115623E0,1.687225145114E0)))REPRESENTATION_ITEM('')SURFACE());
#3767=ORIENTED_EDGE('',*,*,#3729,.F.);
#3768=ORIENTED_EDGE('',*,*,#3698,.F.);
#3769=ORIENTED_EDGE('',*,*,#3717,.F.);
#3770=ORIENTED_EDGE('',*,*,#3636,.F.);
#3771=ORIENTED_EDGE('',*,*,#3634,.T.);
#3773=ORIENTED_EDGE('',*,*,#3772,.F.);
#3775=ORIENTED_EDGE('',*,*,#3774,.F.);
#3777=ORIENTED_EDGE('',*,*,#3776,.F.);
#3778=EDGE_LOOP('',(#3767,#3768,#3769,#3770,#3771,#3773,#3775,#3777));
#3779=FACE_OUTER_BOUND('',#3778,.F.);
#3780=ADVANCED_FACE('',(#3779),#3766,.T.);
#3781=CARTESIAN_POINT('',(0.E0,0.E0,-3.55E0));
#3782=DIRECTION('',(0.E0,0.E0,1.E0));
#3783=DIRECTION('',(1.E0,0.E0,0.E0));
#3784=AXIS2_PLACEMENT_3D('',#3781,#3782,#3783);
#3785=CYLINDRICAL_SURFACE('',#3784,1.255E0);
#3787=ORIENTED_EDGE('',*,*,#3786,.T.);
#3789=ORIENTED_EDGE('',*,*,#3788,.F.);
#3790=ORIENTED_EDGE('',*,*,#3628,.F.);
#3792=ORIENTED_EDGE('',*,*,#3791,.T.);
#3793=ORIENTED_EDGE('',*,*,#2929,.F.);
#3794=EDGE_LOOP('',(#3787,#3789,#3790,#3792,#3793));
#3795=FACE_OUTER_BOUND('',#3794,.F.);
#3796=ADVANCED_FACE('',(#3795),#3785,.T.);
#3797=CARTESIAN_POINT('',(0.E0,0.E0,-3.55E0));
#3798=DIRECTION('',(0.E0,0.E0,1.E0));
#3799=DIRECTION('',(1.E0,0.E0,0.E0));
#3800=AXIS2_PLACEMENT_3D('',#3797,#3798,#3799);
#3801=CYLINDRICAL_SURFACE('',#3800,1.255E0);
#3802=ORIENTED_EDGE('',*,*,#2933,.F.);
#3804=ORIENTED_EDGE('',*,*,#3803,.F.);
#3805=ORIENTED_EDGE('',*,*,#3624,.F.);
#3807=ORIENTED_EDGE('',*,*,#3806,.T.);
#3808=EDGE_LOOP('',(#3802,#3804,#3805,#3807));
#3809=FACE_OUTER_BOUND('',#3808,.F.);
#3810=ADVANCED_FACE('',(#3809),#3801,.T.);
#3811=CARTESIAN_POINT('',(0.E0,0.E0,-3.55E0));
#3812=DIRECTION('',(0.E0,0.E0,1.E0));
#3813=DIRECTION('',(1.E0,0.E0,0.E0));
#3814=AXIS2_PLACEMENT_3D('',#3811,#3812,#3813);
#3815=CYLINDRICAL_SURFACE('',#3814,1.255E0);
#3816=ORIENTED_EDGE('',*,*,#2937,.F.);
#3818=ORIENTED_EDGE('',*,*,#3817,.F.);
#3819=ORIENTED_EDGE('',*,*,#3620,.F.);
#3821=ORIENTED_EDGE('',*,*,#3820,.T.);
#3822=EDGE_LOOP('',(#3816,#3818,#3819,#3821));
#3823=FACE_OUTER_BOUND('',#3822,.F.);
#3824=ADVANCED_FACE('',(#3823),#3815,.T.);
#3825=CARTESIAN_POINT('',(0.E0,0.E0,-3.55E0));
#3826=DIRECTION('',(0.E0,0.E0,1.E0));
#3827=DIRECTION('',(1.E0,0.E0,0.E0));
#3828=AXIS2_PLACEMENT_3D('',#3825,#3826,#3827);
#3829=CYLINDRICAL_SURFACE('',#3828,1.255E0);
#3830=ORIENTED_EDGE('',*,*,#2941,.F.);
#3832=ORIENTED_EDGE('',*,*,#3831,.F.);
#3833=ORIENTED_EDGE('',*,*,#3616,.F.);
#3835=ORIENTED_EDGE('',*,*,#3834,.T.);
#3836=EDGE_LOOP('',(#3830,#3832,#3833,#3835));
#3837=FACE_OUTER_BOUND('',#3836,.F.);
#3838=ADVANCED_FACE('',(#3837),#3829,.T.);
#3839=CARTESIAN_POINT('',(0.E0,0.E0,-3.55E0));
#3840=DIRECTION('',(0.E0,0.E0,1.E0));
#3841=DIRECTION('',(1.E0,0.E0,0.E0));
#3842=AXIS2_PLACEMENT_3D('',#3839,#3840,#3841);
#3843=CYLINDRICAL_SURFACE('',#3842,1.255E0);
#3844=ORIENTED_EDGE('',*,*,#2945,.F.);
#3846=ORIENTED_EDGE('',*,*,#3845,.F.);
#3847=ORIENTED_EDGE('',*,*,#3612,.F.);
#3849=ORIENTED_EDGE('',*,*,#3848,.T.);
#3850=EDGE_LOOP('',(#3844,#3846,#3847,#3849));
#3851=FACE_OUTER_BOUND('',#3850,.F.);
#3852=ADVANCED_FACE('',(#3851),#3843,.T.);
#3853=CARTESIAN_POINT('',(0.E0,0.E0,-3.55E0));
#3854=DIRECTION('',(0.E0,0.E0,1.E0));
#3855=DIRECTION('',(1.E0,0.E0,0.E0));
#3856=AXIS2_PLACEMENT_3D('',#3853,#3854,#3855);
#3857=CYLINDRICAL_SURFACE('',#3856,1.255E0);
#3858=ORIENTED_EDGE('',*,*,#2949,.F.);
#3860=ORIENTED_EDGE('',*,*,#3859,.F.);
#3861=ORIENTED_EDGE('',*,*,#3608,.F.);
#3863=ORIENTED_EDGE('',*,*,#3862,.T.);
#3864=EDGE_LOOP('',(#3858,#3860,#3861,#3863));
#3865=FACE_OUTER_BOUND('',#3864,.F.);
#3866=ADVANCED_FACE('',(#3865),#3857,.T.);
#3867=CARTESIAN_POINT('',(0.E0,0.E0,-3.55E0));
#3868=DIRECTION('',(0.E0,0.E0,1.E0));
#3869=DIRECTION('',(1.E0,0.E0,0.E0));
#3870=AXIS2_PLACEMENT_3D('',#3867,#3868,#3869);
#3871=CYLINDRICAL_SURFACE('',#3870,1.255E0);
#3872=ORIENTED_EDGE('',*,*,#2953,.F.);
#3874=ORIENTED_EDGE('',*,*,#3873,.F.);
#3875=ORIENTED_EDGE('',*,*,#3604,.F.);
#3877=ORIENTED_EDGE('',*,*,#3876,.T.);
#3878=EDGE_LOOP('',(#3872,#3874,#3875,#3877));
#3879=FACE_OUTER_BOUND('',#3878,.F.);
#3880=ADVANCED_FACE('',(#3879),#3871,.T.);
#3881=CARTESIAN_POINT('',(0.E0,0.E0,-3.55E0));
#3882=DIRECTION('',(0.E0,0.E0,1.E0));
#3883=DIRECTION('',(1.E0,0.E0,0.E0));
#3884=AXIS2_PLACEMENT_3D('',#3881,#3882,#3883);
#3885=CYLINDRICAL_SURFACE('',#3884,1.255E0);
#3886=ORIENTED_EDGE('',*,*,#2957,.F.);
#3888=ORIENTED_EDGE('',*,*,#3887,.F.);
#3889=ORIENTED_EDGE('',*,*,#3600,.F.);
#3891=ORIENTED_EDGE('',*,*,#3890,.T.);
#3892=EDGE_LOOP('',(#3886,#3888,#3889,#3891));
#3893=FACE_OUTER_BOUND('',#3892,.F.);
#3894=ADVANCED_FACE('',(#3893),#3885,.T.);
#3895=CARTESIAN_POINT('',(0.E0,0.E0,-3.55E0));
#3896=DIRECTION('',(0.E0,0.E0,1.E0));
#3897=DIRECTION('',(1.E0,0.E0,0.E0));
#3898=AXIS2_PLACEMENT_3D('',#3895,#3896,#3897);
#3899=CYLINDRICAL_SURFACE('',#3898,1.255E0);
#3900=ORIENTED_EDGE('',*,*,#2961,.F.);
#3902=ORIENTED_EDGE('',*,*,#3901,.F.);
#3903=ORIENTED_EDGE('',*,*,#3596,.F.);
#3905=ORIENTED_EDGE('',*,*,#3904,.T.);
#3906=EDGE_LOOP('',(#3900,#3902,#3903,#3905));
#3907=FACE_OUTER_BOUND('',#3906,.F.);
#3908=ADVANCED_FACE('',(#3907),#3899,.T.);
#3909=CARTESIAN_POINT('',(0.E0,0.E0,-3.55E0));
#3910=DIRECTION('',(0.E0,0.E0,1.E0));
#3911=DIRECTION('',(1.E0,0.E0,0.E0));
#3912=AXIS2_PLACEMENT_3D('',#3909,#3910,#3911);
#3913=CYLINDRICAL_SURFACE('',#3912,1.255E0);
#3914=ORIENTED_EDGE('',*,*,#2965,.F.);
#3916=ORIENTED_EDGE('',*,*,#3915,.F.);
#3917=ORIENTED_EDGE('',*,*,#3592,.F.);
#3918=ORIENTED_EDGE('',*,*,#2297,.T.);
#3920=ORIENTED_EDGE('',*,*,#3919,.T.);
#3921=EDGE_LOOP('',(#3914,#3916,#3917,#3918,#3920));
#3922=FACE_OUTER_BOUND('',#3921,.F.);
#3923=ADVANCED_FACE('',(#3922),#3913,.T.);
#3924=CARTESIAN_POINT('',(0.E0,0.E0,-3.55E0));
#3925=DIRECTION('',(0.E0,0.E0,1.E0));
#3926=DIRECTION('',(1.E0,0.E0,0.E0));
#3927=AXIS2_PLACEMENT_3D('',#3924,#3925,#3926);
#3928=CYLINDRICAL_SURFACE('',#3927,1.255E0);
#3929=ORIENTED_EDGE('',*,*,#2969,.F.);
#3931=ORIENTED_EDGE('',*,*,#3930,.F.);
#3932=ORIENTED_EDGE('',*,*,#2290,.T.);
#3933=EDGE_LOOP('',(#3929,#3931,#3932));
#3934=FACE_OUTER_BOUND('',#3933,.F.);
#3935=ADVANCED_FACE('',(#3934),#3928,.T.);
#3936=CARTESIAN_POINT('',(0.E0,0.E0,-3.55E0));
#3937=DIRECTION('',(0.E0,0.E0,1.E0));
#3938=DIRECTION('',(1.E0,0.E0,0.E0));
#3939=AXIS2_PLACEMENT_3D('',#3936,#3937,#3938);
#3940=CYLINDRICAL_SURFACE('',#3939,1.255E0);
#3941=ORIENTED_EDGE('',*,*,#3632,.F.);
#3943=ORIENTED_EDGE('',*,*,#3942,.T.);
#3944=ORIENTED_EDGE('',*,*,#3772,.T.);
#3945=EDGE_LOOP('',(#3941,#3943,#3944));
#3946=FACE_OUTER_BOUND('',#3945,.F.);
#3947=ADVANCED_FACE('',(#3946),#3940,.T.);
#3948=CARTESIAN_POINT('',(-6.816198888453E-1,1.052549588154E0,
1.329335506863E1));
#3949=CARTESIAN_POINT('',(-6.881458469061E-1,1.062626897490E0,
1.364637679561E1));
#3950=CARTESIAN_POINT('',(-6.384522706538E-1,9.858906489237E-1,
1.398756673778E1));
#3951=CARTESIAN_POINT('',(-5.368554767444E-1,8.290060489624E-1,
1.428728959939E1));
#3952=CARTESIAN_POINT('',(-1.329357428982E0,6.330816646689E-1,
1.329335506863E1));
#3953=CARTESIAN_POINT('',(-1.342084949072E0,6.391429085679E-1,
1.364637679561E1));
#3954=CARTESIAN_POINT('',(-1.245167993090E0,5.929880171218E-1,
1.398756673778E1));
#3955=CARTESIAN_POINT('',(-1.047024636427E0,4.986259416223E-1,
1.428728959939E1));
#3956=CARTESIAN_POINT('',(-1.466985331053E0,-1.262442339455E-1,
1.329335506863E1));
#3957=CARTESIAN_POINT('',(-1.481030526774E0,-1.274529201791E-1,
1.364637679561E1));
#3958=CARTESIAN_POINT('',(-1.374079792791E0,-1.182490698093E-1,
1.398756673778E1));
#3959=CARTESIAN_POINT('',(-1.155422724847E0,-9.943211680030E-2,
1.428728959939E1));
#3960=CARTESIAN_POINT('',(-1.007673355032E0,-7.463650031665E-1,
1.329335506863E1));
#3961=CARTESIAN_POINT('',(-1.017321010803E0,-7.535108432284E-1,
1.364637679561E1));
#3962=CARTESIAN_POINT('',(-9.438564691643E-1,-6.990970169833E-1,
1.398756673778E1));
#3963=CARTESIAN_POINT('',(-7.936607605962E-1,-5.878498356013E-1,
1.428728959939E1));
#3964=CARTESIAN_POINT('',(-5.483613790115E-1,-1.366485772387E0,
1.329335506863E1));
#3965=CARTESIAN_POINT('',(-5.536114948315E-1,-1.379568766278E0,
1.364637679561E1));
#3966=CARTESIAN_POINT('',(-5.136331455379E-1,-1.279944964157E0,
1.398756673778E1));
#3967=CARTESIAN_POINT('',(-4.318987963455E-1,-1.076267554402E0,
1.428728959939E1));
#3968=CARTESIAN_POINT('',(2.181078908663E-1,-1.456163629566E0,
1.329335506863E1));
#3969=CARTESIAN_POINT('',(2.201960971699E-1,-1.470105216265E0,
1.364637679561E1));
#3970=CARTESIAN_POINT('',(2.042949163455E-1,-1.363943439671E0,
1.398756673778E1));
#3971=CARTESIAN_POINT('',(1.717855034E-1,-1.146899367759E0,1.428728959939E1));
#3972=CARTESIAN_POINT('',(8.081645558019E-1,-9.588202955397E-1,
1.329335506863E1));
#3973=CARTESIAN_POINT('',(8.159020764989E-1,-9.680002228555E-1,
1.364637679561E1));
#3974=CARTESIAN_POINT('',(7.569827467737E-1,-8.980973191281E-1,
1.398756673778E1));
#3975=CARTESIAN_POINT('',(6.365242197202E-1,-7.551832557971E-1,
1.428728959939E1));
#3976=(BOUNDED_SURFACE()B_SPLINE_SURFACE(3,3,((#3948,#3949,#3950,#3951),(#3952,
#3953,#3954,#3955),(#3956,#3957,#3958,#3959),(#3960,#3961,#3962,#3963),(#3964,
#3965,#3966,#3967),(#3968,#3969,#3970,#3971),(#3972,#3973,#3974,#3975)),
.UNSPECIFIED.,.F.,.F.,.F.)B_SPLINE_SURFACE_WITH_KNOTS((4,3,4),(4,4),(0.E0,1.E0,
2.E0),(0.E0,1.E0),.UNSPECIFIED.)GEOMETRIC_REPRESENTATION_ITEM()RATIONAL_B_SPLINE_SURFACE(((1.213615992397E0,1.178478312527E0,1.178478312527E0,1.213615992397E0),(
9.583902076684E-1,9.306420496687E-1,9.306420496687E-1,9.583902076684E-1),(
9.583902076684E-1,9.306420496687E-1,9.306420496687E-1,9.583902076684E-1),(
1.213615992397E0,1.178478312527E0,1.178478312527E0,1.213615992397E0),(
9.583902076684E-1,9.306420496687E-1,9.306420496687E-1,9.583902076684E-1),(
9.583902076684E-1,9.306420496687E-1,9.306420496687E-1,9.583902076684E-1),(
1.213615992397E0,1.178478312527E0,1.178478312527E0,1.213615992397E0)))REPRESENTATION_ITEM('')SURFACE());
#3977=ORIENTED_EDGE('',*,*,#3731,.F.);
#3978=ORIENTED_EDGE('',*,*,#3776,.T.);
#3980=ORIENTED_EDGE('',*,*,#3979,.F.);
#3981=ORIENTED_EDGE('',*,*,#3786,.F.);
#3982=ORIENTED_EDGE('',*,*,#2927,.F.);
#3983=ORIENTED_EDGE('',*,*,#2925,.T.);
#3984=EDGE_LOOP('',(#3977,#3978,#3980,#3981,#3982,#3983));
#3985=FACE_OUTER_BOUND('',#3984,.F.);
#3986=ADVANCED_FACE('',(#3985),#3976,.T.);
#3987=CARTESIAN_POINT('',(0.E0,0.E0,-3.55E0));
#3988=DIRECTION('',(0.E0,0.E0,1.E0));
#3989=DIRECTION('',(1.E0,0.E0,0.E0));
#3990=AXIS2_PLACEMENT_3D('',#3987,#3988,#3989);
#3991=CYLINDRICAL_SURFACE('',#3990,1.255E0);
#3992=ORIENTED_EDGE('',*,*,#3979,.T.);
#3993=ORIENTED_EDGE('',*,*,#3774,.T.);
#3994=ORIENTED_EDGE('',*,*,#3942,.F.);
#3995=ORIENTED_EDGE('',*,*,#3630,.F.);
#3996=ORIENTED_EDGE('',*,*,#3788,.T.);
#3997=EDGE_LOOP('',(#3992,#3993,#3994,#3995,#3996));
#3998=FACE_OUTER_BOUND('',#3997,.F.);
#3999=ADVANCED_FACE('',(#3998),#3991,.T.);
#4000=CARTESIAN_POINT('',(0.E0,0.E0,-3.55E0));
#4001=DIRECTION('',(0.E0,0.E0,1.E0));
#4002=DIRECTION('',(1.E0,0.E0,0.E0));
#4003=AXIS2_PLACEMENT_3D('',#4000,#4001,#4002);
#4004=CYLINDRICAL_SURFACE('',#4003,1.255E0);
#4005=ORIENTED_EDGE('',*,*,#2931,.F.);
#4006=ORIENTED_EDGE('',*,*,#3791,.F.);
#4007=ORIENTED_EDGE('',*,*,#3626,.F.);
#4008=ORIENTED_EDGE('',*,*,#3803,.T.);
#4009=EDGE_LOOP('',(#4005,#4006,#4007,#4008));
#4010=FACE_OUTER_BOUND('',#4009,.F.);
#4011=ADVANCED_FACE('',(#4010),#4004,.T.);
#4012=CARTESIAN_POINT('',(0.E0,0.E0,-3.55E0));
#4013=DIRECTION('',(0.E0,0.E0,1.E0));
#4014=DIRECTION('',(1.E0,0.E0,0.E0));
#4015=AXIS2_PLACEMENT_3D('',#4012,#4013,#4014);
#4016=CYLINDRICAL_SURFACE('',#4015,1.255E0);
#4017=ORIENTED_EDGE('',*,*,#2935,.F.);
#4018=ORIENTED_EDGE('',*,*,#3806,.F.);
#4019=ORIENTED_EDGE('',*,*,#3622,.F.);
#4020=ORIENTED_EDGE('',*,*,#3817,.T.);
#4021=EDGE_LOOP('',(#4017,#4018,#4019,#4020));
#4022=FACE_OUTER_BOUND('',#4021,.F.);
#4023=ADVANCED_FACE('',(#4022),#4016,.T.);
#4024=CARTESIAN_POINT('',(0.E0,0.E0,-3.55E0));
#4025=DIRECTION('',(0.E0,0.E0,1.E0));
#4026=DIRECTION('',(1.E0,0.E0,0.E0));
#4027=AXIS2_PLACEMENT_3D('',#4024,#4025,#4026);
#4028=CYLINDRICAL_SURFACE('',#4027,1.255E0);
#4029=ORIENTED_EDGE('',*,*,#2939,.F.);
#4030=ORIENTED_EDGE('',*,*,#3820,.F.);
#4031=ORIENTED_EDGE('',*,*,#3618,.F.);
#4032=ORIENTED_EDGE('',*,*,#3831,.T.);
#4033=EDGE_LOOP('',(#4029,#4030,#4031,#4032));
#4034=FACE_OUTER_BOUND('',#4033,.F.);
#4035=ADVANCED_FACE('',(#4034),#4028,.T.);
#4036=CARTESIAN_POINT('',(0.E0,0.E0,-3.55E0));
#4037=DIRECTION('',(0.E0,0.E0,1.E0));
#4038=DIRECTION('',(1.E0,0.E0,0.E0));
#4039=AXIS2_PLACEMENT_3D('',#4036,#4037,#4038);
#4040=CYLINDRICAL_SURFACE('',#4039,1.255E0);
#4041=ORIENTED_EDGE('',*,*,#2943,.F.);
#4042=ORIENTED_EDGE('',*,*,#3834,.F.);
#4043=ORIENTED_EDGE('',*,*,#3614,.F.);
#4044=ORIENTED_EDGE('',*,*,#3845,.T.);
#4045=EDGE_LOOP('',(#4041,#4042,#4043,#4044));
#4046=FACE_OUTER_BOUND('',#4045,.F.);
#4047=ADVANCED_FACE('',(#4046),#4040,.T.);
#4048=CARTESIAN_POINT('',(0.E0,0.E0,-3.55E0));
#4049=DIRECTION('',(0.E0,0.E0,1.E0));
#4050=DIRECTION('',(1.E0,0.E0,0.E0));
#4051=AXIS2_PLACEMENT_3D('',#4048,#4049,#4050);
#4052=CYLINDRICAL_SURFACE('',#4051,1.255E0);
#4053=ORIENTED_EDGE('',*,*,#2947,.F.);
#4054=ORIENTED_EDGE('',*,*,#3848,.F.);
#4055=ORIENTED_EDGE('',*,*,#3610,.F.);
#4056=ORIENTED_EDGE('',*,*,#3859,.T.);
#4057=EDGE_LOOP('',(#4053,#4054,#4055,#4056));
#4058=FACE_OUTER_BOUND('',#4057,.F.);
#4059=ADVANCED_FACE('',(#4058),#4052,.T.);
#4060=CARTESIAN_POINT('',(0.E0,0.E0,-3.55E0));
#4061=DIRECTION('',(0.E0,0.E0,1.E0));
#4062=DIRECTION('',(1.E0,0.E0,0.E0));
#4063=AXIS2_PLACEMENT_3D('',#4060,#4061,#4062);
#4064=CYLINDRICAL_SURFACE('',#4063,1.255E0);
#4065=ORIENTED_EDGE('',*,*,#2951,.F.);
#4066=ORIENTED_EDGE('',*,*,#3862,.F.);
#4067=ORIENTED_EDGE('',*,*,#3606,.F.);
#4068=ORIENTED_EDGE('',*,*,#3873,.T.);
#4069=EDGE_LOOP('',(#4065,#4066,#4067,#4068));
#4070=FACE_OUTER_BOUND('',#4069,.F.);
#4071=ADVANCED_FACE('',(#4070),#4064,.T.);
#4072=CARTESIAN_POINT('',(0.E0,0.E0,-3.55E0));
#4073=DIRECTION('',(0.E0,0.E0,1.E0));
#4074=DIRECTION('',(1.E0,0.E0,0.E0));
#4075=AXIS2_PLACEMENT_3D('',#4072,#4073,#4074);
#4076=CYLINDRICAL_SURFACE('',#4075,1.255E0);
#4077=ORIENTED_EDGE('',*,*,#2955,.F.);
#4078=ORIENTED_EDGE('',*,*,#3876,.F.);
#4079=ORIENTED_EDGE('',*,*,#3602,.F.);
#4080=ORIENTED_EDGE('',*,*,#3887,.T.);
#4081=EDGE_LOOP('',(#4077,#4078,#4079,#4080));
#4082=FACE_OUTER_BOUND('',#4081,.F.);
#4083=ADVANCED_FACE('',(#4082),#4076,.T.);
#4084=CARTESIAN_POINT('',(0.E0,0.E0,-3.55E0));
#4085=DIRECTION('',(0.E0,0.E0,1.E0));
#4086=DIRECTION('',(1.E0,0.E0,0.E0));
#4087=AXIS2_PLACEMENT_3D('',#4084,#4085,#4086);
#4088=CYLINDRICAL_SURFACE('',#4087,1.255E0);
#4089=ORIENTED_EDGE('',*,*,#2959,.F.);
#4090=ORIENTED_EDGE('',*,*,#3890,.F.);
#4091=ORIENTED_EDGE('',*,*,#3598,.F.);
#4092=ORIENTED_EDGE('',*,*,#3901,.T.);
#4093=EDGE_LOOP('',(#4089,#4090,#4091,#4092));
#4094=FACE_OUTER_BOUND('',#4093,.F.);
#4095=ADVANCED_FACE('',(#4094),#4088,.T.);
#4096=CARTESIAN_POINT('',(0.E0,0.E0,-3.55E0));
#4097=DIRECTION('',(0.E0,0.E0,1.E0));
#4098=DIRECTION('',(1.E0,0.E0,0.E0));
#4099=AXIS2_PLACEMENT_3D('',#4096,#4097,#4098);
#4100=CYLINDRICAL_SURFACE('',#4099,1.255E0);
#4101=ORIENTED_EDGE('',*,*,#2963,.F.);
#4102=ORIENTED_EDGE('',*,*,#3904,.F.);
#4103=ORIENTED_EDGE('',*,*,#3594,.F.);
#4104=ORIENTED_EDGE('',*,*,#3915,.T.);
#4105=EDGE_LOOP('',(#4101,#4102,#4103,#4104));
#4106=FACE_OUTER_BOUND('',#4105,.F.);
#4107=ADVANCED_FACE('',(#4106),#4100,.T.);
#4108=CARTESIAN_POINT('',(0.E0,0.E0,-3.55E0));
#4109=DIRECTION('',(0.E0,0.E0,1.E0));
#4110=DIRECTION('',(1.E0,0.E0,0.E0));
#4111=AXIS2_PLACEMENT_3D('',#4108,#4109,#4110);
#4112=CYLINDRICAL_SURFACE('',#4111,1.255E0);
#4113=ORIENTED_EDGE('',*,*,#2967,.F.);
#4114=ORIENTED_EDGE('',*,*,#3919,.F.);
#4116=ORIENTED_EDGE('',*,*,#4115,.T.);
#4117=ORIENTED_EDGE('',*,*,#3930,.T.);
#4118=EDGE_LOOP('',(#4113,#4114,#4116,#4117));
#4119=FACE_OUTER_BOUND('',#4118,.F.);
#4120=ADVANCED_FACE('',(#4119),#4112,.T.);
#4121=CARTESIAN_POINT('',(0.E0,0.E0,2.E-1));
#4122=DIRECTION('',(0.E0,0.E0,1.E0));
#4123=DIRECTION('',(1.E0,0.E0,0.E0));
#4124=AXIS2_PLACEMENT_3D('',#4121,#4122,#4123);
#4125=TOROIDAL_SURFACE('',#4124,1.455E0,2.E-1);
#4126=ORIENTED_EDGE('',*,*,#4115,.F.);
#4127=ORIENTED_EDGE('',*,*,#2295,.T.);
#4128=ORIENTED_EDGE('',*,*,#2263,.F.);
#4129=ORIENTED_EDGE('',*,*,#2292,.F.);
#4130=EDGE_LOOP('',(#4126,#4127,#4128,#4129));
#4131=FACE_OUTER_BOUND('',#4130,.F.);
#4132=ADVANCED_FACE('',(#4131),#4125,.F.);
#4133=CARTESIAN_POINT('',(7.656429152180E-1,3.796108262051E-1,
1.478297371133E1));
#4134=CARTESIAN_POINT('',(7.264142985777E-1,3.386111645792E-1,
1.475021108855E1));
#4135=CARTESIAN_POINT('',(6.871856819374E-1,2.976115029533E-1,
1.471744846576E1));
#4136=CARTESIAN_POINT('',(6.479570652972E-1,2.566118413274E-1,
1.468468584297E1));
#4137=CARTESIAN_POINT('',(7.565966776012E-1,3.900381970347E-1,
1.478754142249E1));
#4138=CARTESIAN_POINT('',(7.180475821151E-1,3.483856137587E-1,
1.475477878206E1));
#4139=CARTESIAN_POINT('',(6.794984866291E-1,3.067330304828E-1,
1.472201614163E1));
#4140=CARTESIAN_POINT('',(6.409493911431E-1,2.650804472068E-1,
1.468925350120E1));
#4141=CARTESIAN_POINT('',(6.188176270633E-1,5.406379726562E-1,
1.485558578817E1));
#4142=CARTESIAN_POINT('',(5.906539580044E-1,4.895161179234E-1,
1.482282302914E1));
#4143=CARTESIAN_POINT('',(5.624902889455E-1,4.383942631906E-1,
1.479006027011E1));
#4144=CARTESIAN_POINT('',(5.343266198866E-1,3.872724084578E-1,
1.475729751107E1));
#4145=CARTESIAN_POINT('',(3.564833757786E-1,6.582938908971E-1,
1.495536612376E1));
#4146=CARTESIAN_POINT('',(3.489504269553E-1,5.990956596630E-1,
1.492260578175E1));
#4147=CARTESIAN_POINT('',(3.414174781319E-1,5.398974284290E-1,
1.488984543975E1));
#4148=CARTESIAN_POINT('',(3.338845293086E-1,4.806991971949E-1,
1.485708509775E1));
#4149=CARTESIAN_POINT('',(5.523104837263E-2,6.305177922203E-1,
1.508232485511E1));
#4150=CARTESIAN_POINT('',(7.520816706780E-2,5.761136552992E-1,
1.504955836274E1));
#4151=CARTESIAN_POINT('',(9.518528576297E-2,5.217095183781E-1,
1.501679187037E1));
#4152=CARTESIAN_POINT('',(1.151624044581E-1,4.673053814570E-1,
1.498402537801E1));
#4153=CARTESIAN_POINT('',(-7.980546348792E-2,5.653123086996E-1,
1.515235129990E1));
#4154=CARTESIAN_POINT('',(-4.686045351396E-2,5.184283844413E-1,
1.511959837992E1));
#4155=CARTESIAN_POINT('',(-1.391544354001E-2,4.715444601829E-1,
1.508684545993E1));
#4156=CARTESIAN_POINT('',(1.902956643394E-2,4.246605359246E-1,
1.505409253995E1));
#4157=CARTESIAN_POINT('',(-1.394233972324E-1,5.184190964328E-1,
1.519066446018E1));
#4158=CARTESIAN_POINT('',(-1.000472944591E-1,4.775224951274E-1,
1.515789769027E1));
#4159=CARTESIAN_POINT('',(-6.067119168581E-2,4.366258938219E-1,
1.512513092036E1));
#4160=CARTESIAN_POINT('',(-2.129508891249E-2,3.957292925165E-1,
1.509236415045E1));
#4161=CARTESIAN_POINT('',(-1.491965138697E-1,5.100864740709E-1,
1.519722959533E1));
#4162=CARTESIAN_POINT('',(-1.087375039044E-1,4.702723717787E-1,
1.516445966488E1));
#4163=CARTESIAN_POINT('',(-6.827849393899E-2,4.304582694866E-1,
1.513168973443E1));
#4164=CARTESIAN_POINT('',(-2.781948397362E-2,3.906441671944E-1,
1.509891980398E1));
#4165=B_SPLINE_SURFACE_WITH_KNOTS('',3,3,((#4133,#4134,#4135,#4136),(#4137,
#4138,#4139,#4140),(#4141,#4142,#4143,#4144),(#4145,#4146,#4147,#4148),(#4149,
#4150,#4151,#4152),(#4153,#4154,#4155,#4156),(#4157,#4158,#4159,#4160),(#4161,
#4162,#4163,#4164)),.UNSPECIFIED.,.F.,.F.,.F.,(4,1,1,1,1,4),(4,4),(
-3.597938272395E-2,0.E0,5.E-1,7.5E-1,1.E0,1.051690371269E0),(-1.006994725489E-1,
2.288211033061E-1),.UNSPECIFIED.);
#4166=ORIENTED_EDGE('',*,*,#3683,.F.);
#4168=ORIENTED_EDGE('',*,*,#4167,.T.);
#4169=ORIENTED_EDGE('',*,*,#3703,.T.);
#4170=ORIENTED_EDGE('',*,*,#2919,.F.);
#4171=EDGE_LOOP('',(#4166,#4168,#4169,#4170));
#4172=FACE_OUTER_BOUND('',#4171,.F.);
#4173=ADVANCED_FACE('',(#4172),#4165,.F.);
#4174=CARTESIAN_POINT('',(9.155696166405E-2,2.915584286694E-1,1.51475E1));
#4175=DIRECTION('',(7.558738102033E-1,6.547173306464E-1,0.E0));
#4176=DIRECTION('',(0.E0,0.E0,-1.E0));
#4177=AXIS2_PLACEMENT_3D('',#4174,#4175,#4176);
#4178=PLANE('',#4177);
#4179=ORIENTED_EDGE('',*,*,#3705,.F.);
#4180=ORIENTED_EDGE('',*,*,#4167,.F.);
#4181=ORIENTED_EDGE('',*,*,#3681,.F.);
#4182=EDGE_LOOP('',(#4179,#4180,#4181));
#4183=FACE_OUTER_BOUND('',#4182,.F.);
#4184=ADVANCED_FACE('',(#4183),#4178,.F.);
#4185=CARTESIAN_POINT('',(0.E0,0.E0,-5.E-2));
#4186=DIRECTION('',(0.E0,0.E0,1.E0));
#4187=DIRECTION('',(1.E0,0.E0,0.E0));
#4188=AXIS2_PLACEMENT_3D('',#4185,#4186,#4187);
#4189=TOROIDAL_SURFACE('',#4188,3.450190265095E0,5.E-2);
#4190=ORIENTED_EDGE('',*,*,#2243,.T.);
#4191=ORIENTED_EDGE('',*,*,#2233,.F.);
#4192=ORIENTED_EDGE('',*,*,#2203,.F.);
#4193=ORIENTED_EDGE('',*,*,#2230,.T.);
#4194=EDGE_LOOP('',(#4190,#4191,#4192,#4193));
#4195=FACE_OUTER_BOUND('',#4194,.F.);
#4196=ADVANCED_FACE('',(#4195),#4189,.T.);
#4197=CLOSED_SHELL('',(#1763,#1778,#1792,#1825,#1841,#1855,#1869,#1883,#1897,
#1911,#1925,#1939,#1953,#1967,#1984,#1998,#2012,#2026,#2040,#2054,#2068,#2082,
#2096,#2109,#2138,#2153,#2168,#2182,#2194,#2209,#2222,#2237,#2254,#2269,#2282,
#2303,#2974,#3644,#3687,#3710,#3723,#3737,#3780,#3796,#3810,#3824,#3838,#3852,
#3866,#3880,#3894,#3908,#3923,#3935,#3947,#3986,#3999,#4011,#4023,#4035,#4047,
#4059,#4071,#4083,#4095,#4107,#4120,#4132,#4173,#4184,#4196));
#4198=MANIFOLD_SOLID_BREP('',#4197);
#4200=DIMENSIONAL_EXPONENTS(0.E0,0.E0,0.E0,0.E0,0.E0,0.E0,0.E0);
#4202=PLANE_ANGLE_MEASURE_WITH_UNIT(PLANE_ANGLE_MEASURE(1.745329251994E-2),
#4201);
#4203=(CONVERSION_BASED_UNIT('DEGREE',#4202)NAMED_UNIT(*)PLANE_ANGLE_UNIT());
#4205=UNCERTAINTY_MEASURE_WITH_UNIT(LENGTH_MEASURE(5.E-3),#4199,'closure',
'Maximum model space distance between geometric entities at asserted connectivities');
#4206=(GEOMETRIC_REPRESENTATION_CONTEXT(3)GLOBAL_UNCERTAINTY_ASSIGNED_CONTEXT((
#4205))GLOBAL_UNIT_ASSIGNED_CONTEXT((#4199,#4203,#4204))REPRESENTATION_CONTEXT(
'ID1','3'));
#4208=APPLICATION_CONTEXT(
'CONFIGURATION CONTROLLED 3D DESIGNS OF MECHANICAL PARTS AND ASSEMBLIES');
#4209=APPLICATION_PROTOCOL_DEFINITION('international standard',
'config_control_design',1994,#4208);
#4210=DESIGN_CONTEXT('',#4208,'design');
#4211=MECHANICAL_CONTEXT('',#4208,'mechanical');
#4212=PRODUCT('_GB_T845-2017_16450004','_GB_T845-2017_16450004','NOT SPECIFIED',
(#4211));
#4213=PRODUCT_DEFINITION_FORMATION_WITH_SPECIFIED_SOURCE('1','LAST_VERSION',
#4212,.MADE.);
#4217=PRODUCT_CATEGORY('part','');
#4218=PRODUCT_RELATED_PRODUCT_CATEGORY('detail','',(#4212));
#4219=PRODUCT_CATEGORY_RELATIONSHIP('','',#4217,#4218);
#4220=SECURITY_CLASSIFICATION_LEVEL('unclassified');
#4221=SECURITY_CLASSIFICATION('','',#4220);
#4222=CC_DESIGN_SECURITY_CLASSIFICATION(#4221,(#4213));
#4223=APPROVAL_STATUS('approved');
#4224=APPROVAL(#4223,'');
#4225=CC_DESIGN_APPROVAL(#4224,(#4221,#4213,#4214));
#4226=CALENDAR_DATE(126,1,7);
#4227=COORDINATED_UNIVERSAL_TIME_OFFSET(8,0,.AHEAD.);
#4228=LOCAL_TIME(14,6,4.E0,#4227);
#4229=DATE_AND_TIME(#4226,#4228);
#4230=APPROVAL_DATE_TIME(#4229,#4224);
#4231=DATE_TIME_ROLE('creation_date');
#4232=CC_DESIGN_DATE_AND_TIME_ASSIGNMENT(#4229,#4231,(#4214));
#4233=DATE_TIME_ROLE('classification_date');
#4234=CC_DESIGN_DATE_AND_TIME_ASSIGNMENT(#4229,#4233,(#4221));
#4235=PERSON('UNSPECIFIED','UNSPECIFIED',$,$,$,$);
#4236=ORGANIZATION('UNSPECIFIED','UNSPECIFIED','UNSPECIFIED');
#4237=PERSON_AND_ORGANIZATION(#4235,#4236);
#4238=APPROVAL_ROLE('approver');
#4239=APPROVAL_PERSON_ORGANIZATION(#4237,#4224,#4238);
#4240=PERSON_AND_ORGANIZATION_ROLE('creator');
#4241=CC_DESIGN_PERSON_AND_ORGANIZATION_ASSIGNMENT(#4237,#4240,(#4213,#4214));
#4242=PERSON_AND_ORGANIZATION_ROLE('design_supplier');
#4243=CC_DESIGN_PERSON_AND_ORGANIZATION_ASSIGNMENT(#4237,#4242,(#4213));
#4244=PERSON_AND_ORGANIZATION_ROLE('classification_officer');
#4245=CC_DESIGN_PERSON_AND_ORGANIZATION_ASSIGNMENT(#4237,#4244,(#4221));
#4246=PERSON_AND_ORGANIZATION_ROLE('design_owner');
#4247=CC_DESIGN_PERSON_AND_ORGANIZATION_ASSIGNMENT(#4237,#4246,(#4212));
#6=CIRCLE('',#5,2.563022868668E0);
#11=CIRCLE('',#10,1.3E0);
#16=CIRCLE('',#15,1.3E0);
#21=CIRCLE('',#20,2.563022868668E0);
#26=CIRCLE('',#25,7.499135754721E0);
#31=CIRCLE('',#30,7.499135754721E0);
#38=B_SPLINE_CURVE_WITH_KNOTS('',3,(#32,#33,#34,#35,#36,#37),.UNSPECIFIED.,.F.,
.F.,(4,1,1,4),(0.E0,3.333333333333E-1,6.666666666667E-1,1.E0),.UNSPECIFIED.);
#45=B_SPLINE_CURVE_WITH_KNOTS('',3,(#39,#40,#41,#42,#43,#44),.UNSPECIFIED.,.F.,
.F.,(4,1,1,4),(0.E0,3.333333333333E-1,6.666666666667E-1,1.E0),.UNSPECIFIED.);
#52=B_SPLINE_CURVE_WITH_KNOTS('',3,(#46,#47,#48,#49,#50,#51),.UNSPECIFIED.,.F.,
.F.,(4,1,1,4),(0.E0,3.333333333333E-1,6.666666666667E-1,1.E0),.UNSPECIFIED.);
#61=CIRCLE('',#60,7.478174263116E0);
#70=CIRCLE('',#69,7.493892757698E0);
#79=CIRCLE('',#78,7.493892757698E0);
#86=B_SPLINE_CURVE_WITH_KNOTS('',3,(#80,#81,#82,#83,#84,#85),.UNSPECIFIED.,.F.,
.F.,(4,1,1,4),(0.E0,3.333333333333E-1,6.666666666667E-1,1.E0),.UNSPECIFIED.);
#91=CIRCLE('',#90,7.478174263116E0);
#98=B_SPLINE_CURVE_WITH_KNOTS('',3,(#92,#93,#94,#95,#96,#97),.UNSPECIFIED.,.F.,
.F.,(4,1,1,4),(0.E0,3.333333333333E-1,6.666666666667E-1,1.E0),.UNSPECIFIED.);
#105=B_SPLINE_CURVE_WITH_KNOTS('',3,(#99,#100,#101,#102,#103,#104),
.UNSPECIFIED.,.F.,.F.,(4,1,1,4),(0.E0,3.333333333333E-1,6.666666666667E-1,1.E0),
.UNSPECIFIED.);
#114=CIRCLE('',#113,7.478174263116E0);
#123=CIRCLE('',#122,7.493892757698E0);
#132=CIRCLE('',#131,7.493892757698E0);
#139=B_SPLINE_CURVE_WITH_KNOTS('',3,(#133,#134,#135,#136,#137,#138),
.UNSPECIFIED.,.F.,.F.,(4,1,1,4),(0.E0,3.333333333333E-1,6.666666666667E-1,1.E0),
.UNSPECIFIED.);
#144=CIRCLE('',#143,7.478174263116E0);
#151=B_SPLINE_CURVE_WITH_KNOTS('',3,(#145,#146,#147,#148,#149,#150),
.UNSPECIFIED.,.F.,.F.,(4,1,1,4),(0.E0,3.333333333333E-1,6.666666666667E-1,1.E0),
.UNSPECIFIED.);
#158=B_SPLINE_CURVE_WITH_KNOTS('',3,(#152,#153,#154,#155,#156,#157),
.UNSPECIFIED.,.F.,.F.,(4,1,1,4),(0.E0,3.333333333333E-1,6.666666666667E-1,1.E0),
.UNSPECIFIED.);
#165=B_SPLINE_CURVE_WITH_KNOTS('',3,(#159,#160,#161,#162,#163,#164),
.UNSPECIFIED.,.F.,.F.,(4,1,1,4),(0.E0,3.333333333333E-1,6.666666666667E-1,1.E0),
.UNSPECIFIED.);
#174=CIRCLE('',#173,7.478174263116E0);
#183=CIRCLE('',#182,7.493892757698E0);
#192=CIRCLE('',#191,7.493892757698E0);
#199=B_SPLINE_CURVE_WITH_KNOTS('',3,(#193,#194,#195,#196,#197,#198),
.UNSPECIFIED.,.F.,.F.,(4,1,1,4),(0.E0,3.333333333333E-1,6.666666666667E-1,1.E0),
.UNSPECIFIED.);
#204=CIRCLE('',#203,7.478174263116E0);
#211=B_SPLINE_CURVE_WITH_KNOTS('',3,(#205,#206,#207,#208,#209,#210),
.UNSPECIFIED.,.F.,.F.,(4,1,1,4),(0.E0,3.333333333333E-1,6.666666666667E-1,1.E0),
.UNSPECIFIED.);
#218=B_SPLINE_CURVE_WITH_KNOTS('',3,(#212,#213,#214,#215,#216,#217),
.UNSPECIFIED.,.F.,.F.,(4,1,1,4),(0.E0,3.333333333333E-1,6.666666666667E-1,1.E0),
.UNSPECIFIED.);
#227=CIRCLE('',#226,7.478174263116E0);
#236=CIRCLE('',#235,7.493892757698E0);
#245=CIRCLE('',#244,7.493892757698E0);
#252=B_SPLINE_CURVE_WITH_KNOTS('',3,(#246,#247,#248,#249,#250,#251),
.UNSPECIFIED.,.F.,.F.,(4,1,1,4),(0.E0,3.333333333333E-1,6.666666666667E-1,1.E0),
.UNSPECIFIED.);
#257=CIRCLE('',#256,7.478174263116E0);
#262=CIRCLE('',#261,9.832562978643E-1);
#283=CIRCLE('',#282,9.832562978643E-1);
#304=CIRCLE('',#303,9.832562978643E-1);
#309=CIRCLE('',#308,9.832562978643E-1);
#330=CIRCLE('',#329,9.832562978643E-1);
#351=CIRCLE('',#350,3.413767480082E0);
#356=CIRCLE('',#355,1.3E0);
#361=CIRCLE('',#360,3.149970806404E0);
#366=CIRCLE('',#365,1.3E0);
#379=CIRCLE('',#378,3.413767480082E0);
#384=CIRCLE('',#383,3.149970806404E0);
#389=CIRCLE('',#388,3.5E0);
#394=CIRCLE('',#393,3.5E0);
#399=CIRCLE('',#398,5.E-2);
#404=CIRCLE('',#403,5.E-2);
#409=CIRCLE('',#408,5.E-2);
#414=CIRCLE('',#413,3.487054131936E0);
#419=CIRCLE('',#418,5.E-2);
#424=CIRCLE('',#423,1.455E0);
#429=CIRCLE('',#428,1.455E0);
#434=CIRCLE('',#433,3.450190265095E0);
#439=CIRCLE('',#438,3.450190265095E0);
#444=CIRCLE('',#443,2.E-1);
#449=CIRCLE('',#448,1.313578643763E0);
#454=CIRCLE('',#453,2.E-1);
#459=CIRCLE('',#458,1.313578643763E0);
#467=B_SPLINE_CURVE_WITH_KNOTS('',3,(#460,#461,#462,#463,#464,#465,#466),
.UNSPECIFIED.,.F.,.F.,(4,1,1,1,4),(0.E0,2.5E-1,5.E-1,7.5E-1,1.E0),
.UNSPECIFIED.);
#472=CIRCLE('',#471,1.255E0);
#477=CIRCLE('',#476,1.255E0);
#484=B_SPLINE_CURVE_WITH_KNOTS('',3,(#478,#479,#480,#481,#482,#483),
.UNSPECIFIED.,.F.,.F.,(4,1,1,4),(0.E0,3.333333333333E-1,6.666666666667E-1,1.E0),
.UNSPECIFIED.);
#637=B_SPLINE_CURVE_WITH_KNOTS('',3,(#485,#486,#487,#488,#489,#490,#491,#492,
#493,#494,#495,#496,#497,#498,#499,#500,#501,#502,#503,#504,#505,#506,#507,#508,
#509,#510,#511,#512,#513,#514,#515,#516,#517,#518,#519,#520,#521,#522,#523,#524,
#525,#526,#527,#528,#529,#530,#531,#532,#533,#534,#535,#536,#537,#538,#539,#540,
#541,#542,#543,#544,#545,#546,#547,#548,#549,#550,#551,#552,#553,#554,#555,#556,
#557,#558,#559,#560,#561,#562,#563,#564,#565,#566,#567,#568,#569,#570,#571,#572,
#573,#574,#575,#576,#577,#578,#579,#580,#581,#582,#583,#584,#585,#586,#587,#588,
#589,#590,#591,#592,#593,#594,#595,#596,#597,#598,#599,#600,#601,#602,#603,#604,
#605,#606,#607,#608,#609,#610,#611,#612,#613,#614,#615,#616,#617,#618,#619,#620,
#621,#622,#623,#624,#625,#626,#627,#628,#629,#630,#631,#632,#633,#634,#635,
#636),.UNSPECIFIED.,.F.,.F.,(4,1,1,1,1,1,1,1,1,1,1,1,1,1,1,1,1,1,1,1,1,1,1,1,1,
1,1,1,1,1,1,1,1,1,1,1,1,1,1,1,1,1,1,1,1,1,1,1,1,1,1,1,1,1,1,1,1,1,1,1,1,1,1,1,1,
1,1,1,1,1,1,1,1,1,1,1,1,1,1,1,1,1,1,1,1,1,1,1,1,1,1,1,1,1,1,1,1,1,1,1,1,1,1,1,1,
1,1,1,1,1,1,1,1,1,1,1,1,1,1,1,1,1,1,1,1,1,1,1,1,1,1,1,1,1,1,1,1,1,1,1,1,1,1,1,1,
1,1,1,1,4),(0.E0,6.480819945315E-3,1.296163989063E-2,1.944245983595E-2,
2.592327978126E-2,3.240409972658E-2,3.888491967189E-2,4.536573961721E-2,
5.184655956253E-2,5.832737950784E-2,6.480819945316E-2,7.128901939847E-2,
7.776983934379E-2,8.425065928911E-2,9.073147923442E-2,9.721229917974E-2,
1.036931191251E-1,1.101739390704E-1,1.166547590157E-1,1.231355789610E-1,
1.296163989063E-1,1.362215176547E-1,1.428266364031E-1,1.494317551514E-1,
1.560368738998E-1,1.626419926482E-1,1.692471113965E-1,1.758522301449E-1,
1.824573488933E-1,1.892831478695E-1,1.961089468458E-1,2.029347458220E-1,
2.097605447983E-1,2.165863437745E-1,2.234121427508E-1,2.302379417270E-1,
2.370637407033E-1,2.438895396795E-1,2.507153386558E-1,2.575411376320E-1,
2.643669366083E-1,2.711927355845E-1,2.780185345608E-1,2.848443335370E-1,
2.916701325133E-1,2.984959314895E-1,3.053217304658E-1,3.121475294420E-1,
3.189733284183E-1,3.257991273945E-1,3.326249263708E-1,3.394507253470E-1,
3.462765243233E-1,3.531023232995E-1,3.599281222758E-1,3.667539212521E-1,
3.735797202283E-1,3.804055192046E-1,3.872313181808E-1,3.940571171571E-1,
4.008829161333E-1,4.077087151096E-1,4.145345140858E-1,4.213603130621E-1,
4.281861120383E-1,4.350119110146E-1,4.418377099908E-1,4.486635089671E-1,
4.554893079433E-1,4.623151069196E-1,4.691409058958E-1,4.759667048721E-1,
4.827925038483E-1,4.896183028246E-1,4.964441018008E-1,5.032699007771E-1,
5.100956997533E-1,5.169214987296E-1,5.237472977058E-1,5.305730966821E-1,
5.373988956583E-1,5.442246946346E-1,5.510504936108E-1,5.578762925871E-1,
5.647020915633E-1,5.715278905396E-1,5.783536895158E-1,5.851794884921E-1,
5.920052874683E-1,5.988310864446E-1,6.056568854208E-1,6.124826843971E-1,
6.193084833733E-1,6.261342823496E-1,6.329600813258E-1,6.397858803021E-1,
6.466116792783E-1,6.534374782546E-1,6.602632772308E-1,6.670890762071E-1,
6.739148751834E-1,6.807406741596E-1,6.875664731359E-1,6.943922721121E-1,
7.012180710884E-1,7.080438700646E-1,7.148696690409E-1,7.216954680171E-1,
7.285212669934E-1,7.353470659696E-1,7.421728649459E-1,7.489986639221E-1,
7.558244628984E-1,7.626502618746E-1,7.694760608509E-1,7.763018598271E-1,
7.831276588034E-1,7.899534577796E-1,7.967792567559E-1,8.036050557321E-1,
8.104308547084E-1,8.172566536846E-1,8.240824526609E-1,8.309082516371E-1,
8.377340506134E-1,8.445598495896E-1,8.513856485659E-1,8.582114475421E-1,
8.650372465184E-1,8.718630454946E-1,8.786888444709E-1,8.855146434471E-1,
8.923404424234E-1,8.988305681614E-1,9.053206938995E-1,9.118108196376E-1,
9.183009453756E-1,9.247910711137E-1,9.312811968517E-1,9.377713225898E-1,
9.442614483278E-1,9.511743229362E-1,9.580871975445E-1,9.650000721529E-1,
9.719129467612E-1,9.788258213695E-1,9.857386959779E-1,9.926515705862E-1,
9.995644451945E-1,1.E0),.UNSPECIFIED.);
#648=B_SPLINE_CURVE_WITH_KNOTS('',3,(#638,#639,#640,#641,#642,#643,#644,#645,
#646,#647),.UNSPECIFIED.,.F.,.F.,(4,1,1,1,1,1,1,4),(0.E0,1.428571428571E-1,
2.857142857143E-1,4.285714285714E-1,5.714285714286E-1,7.142857142857E-1,
8.571428571429E-1,1.E0),.UNSPECIFIED.);
#662=B_SPLINE_CURVE_WITH_KNOTS('',3,(#649,#650,#651,#652,#653,#654,#655,#656,
#657,#658,#659,#660,#661),.UNSPECIFIED.,.F.,.F.,(4,1,1,1,1,1,1,1,1,1,4),(0.E0,
1.E-1,2.E-1,3.E-1,4.E-1,5.E-1,6.E-1,7.E-1,8.E-1,9.E-1,1.E0),.UNSPECIFIED.);
#673=B_SPLINE_CURVE_WITH_KNOTS('',3,(#667,#668,#669,#670,#671,#672),
.UNSPECIFIED.,.F.,.F.,(4,1,1,4),(0.E0,3.333333333333E-1,6.666666666667E-1,1.E0),
.UNSPECIFIED.);
#680=B_SPLINE_CURVE_WITH_KNOTS('',3,(#674,#675,#676,#677,#678,#679),
.UNSPECIFIED.,.F.,.F.,(4,1,1,4),(0.E0,3.333333333333E-1,6.666666666667E-1,1.E0),
.UNSPECIFIED.);
#689=B_SPLINE_CURVE_WITH_KNOTS('',3,(#681,#682,#683,#684,#685,#686,#687,#688),
.UNSPECIFIED.,.F.,.F.,(4,1,1,1,1,4),(0.E0,2.E-1,4.E-1,6.E-1,8.E-1,1.E0),
.UNSPECIFIED.);
#698=B_SPLINE_CURVE_WITH_KNOTS('',3,(#690,#691,#692,#693,#694,#695,#696,#697),
.UNSPECIFIED.,.F.,.F.,(4,1,1,1,1,4),(0.E0,2.E-1,4.E-1,6.E-1,8.E-1,1.E0),
.UNSPECIFIED.);
#708=B_SPLINE_CURVE_WITH_KNOTS('',3,(#699,#700,#701,#702,#703,#704,#705,#706,
#707),.UNSPECIFIED.,.F.,.F.,(4,1,1,1,1,1,4),(0.E0,1.666666666667E-1,
3.333333333333E-1,5.E-1,6.666666666667E-1,8.333333333333E-1,1.E0),
.UNSPECIFIED.);
#724=B_SPLINE_CURVE_WITH_KNOTS('',3,(#717,#718,#719,#720,#721,#722,#723),
.UNSPECIFIED.,.F.,.F.,(4,1,1,1,4),(0.E0,2.5E-1,5.E-1,7.5E-1,1.E0),
.UNSPECIFIED.);
#733=CIRCLE('',#732,1.018534837680E0);
#738=CIRCLE('',#737,1.018534837680E0);
#743=CIRCLE('',#742,1.018534837680E0);
#751=B_SPLINE_CURVE_WITH_KNOTS('',3,(#744,#745,#746,#747,#748,#749,#750),
.UNSPECIFIED.,.F.,.F.,(4,1,1,1,4),(0.E0,2.5E-1,5.E-1,7.5E-1,1.E0),
.UNSPECIFIED.);
#756=CIRCLE('',#755,1.255E0);
#761=CIRCLE('',#760,1.255E0);
#766=CIRCLE('',#765,1.765E0);
#780=B_SPLINE_CURVE_WITH_KNOTS('',3,(#767,#768,#769,#770,#771,#772,#773,#774,
#775,#776,#777,#778,#779),.UNSPECIFIED.,.F.,.F.,(4,1,1,1,1,1,1,1,1,1,4),(0.E0,
1.E-1,2.E-1,3.E-1,4.E-1,5.E-1,6.E-1,7.E-1,8.E-1,9.E-1,1.E0),.UNSPECIFIED.);
#791=B_SPLINE_CURVE_WITH_KNOTS('',3,(#781,#782,#783,#784,#785,#786,#787,#788,
#789,#790),.UNSPECIFIED.,.F.,.F.,(4,1,1,1,1,1,1,4),(0.E0,1.428571428571E-1,
2.857142857143E-1,4.285714285714E-1,5.714285714286E-1,7.142857142857E-1,
8.571428571429E-1,1.E0),.UNSPECIFIED.);
#805=B_SPLINE_CURVE_WITH_KNOTS('',3,(#792,#793,#794,#795,#796,#797,#798,#799,
#800,#801,#802,#803,#804),.UNSPECIFIED.,.F.,.F.,(4,1,1,1,1,1,1,1,1,1,4),(0.E0,
1.E-1,2.E-1,3.E-1,4.E-1,5.E-1,6.E-1,7.E-1,8.E-1,9.E-1,1.E0),.UNSPECIFIED.);
#819=B_SPLINE_CURVE_WITH_KNOTS('',3,(#806,#807,#808,#809,#810,#811,#812,#813,
#814,#815,#816,#817,#818),.UNSPECIFIED.,.F.,.F.,(4,1,1,1,1,1,1,1,1,1,4),(0.E0,
1.E-1,2.E-1,3.E-1,4.E-1,5.E-1,6.E-1,7.E-1,8.E-1,9.E-1,1.E0),.UNSPECIFIED.);
#833=B_SPLINE_CURVE_WITH_KNOTS('',3,(#820,#821,#822,#823,#824,#825,#826,#827,
#828,#829,#830,#831,#832),.UNSPECIFIED.,.F.,.F.,(4,1,1,1,1,1,1,1,1,1,4),(0.E0,
1.E-1,2.E-1,3.E-1,4.E-1,5.E-1,6.E-1,7.E-1,8.E-1,9.E-1,1.E0),.UNSPECIFIED.);
#847=B_SPLINE_CURVE_WITH_KNOTS('',3,(#834,#835,#836,#837,#838,#839,#840,#841,
#842,#843,#844,#845,#846),.UNSPECIFIED.,.F.,.F.,(4,1,1,1,1,1,1,1,1,1,4),(0.E0,
1.E-1,2.E-1,3.E-1,4.E-1,5.E-1,6.E-1,7.E-1,8.E-1,9.E-1,1.E0),.UNSPECIFIED.);
#861=B_SPLINE_CURVE_WITH_KNOTS('',3,(#848,#849,#850,#851,#852,#853,#854,#855,
#856,#857,#858,#859,#860),.UNSPECIFIED.,.F.,.F.,(4,1,1,1,1,1,1,1,1,1,4),(0.E0,
1.E-1,2.E-1,3.E-1,4.E-1,5.E-1,6.E-1,7.E-1,8.E-1,9.E-1,1.E0),.UNSPECIFIED.);
#875=B_SPLINE_CURVE_WITH_KNOTS('',3,(#862,#863,#864,#865,#866,#867,#868,#869,
#870,#871,#872,#873,#874),.UNSPECIFIED.,.F.,.F.,(4,1,1,1,1,1,1,1,1,1,4),(0.E0,
1.E-1,2.E-1,3.E-1,4.E-1,5.E-1,6.E-1,7.E-1,8.E-1,9.E-1,1.E0),.UNSPECIFIED.);
#889=B_SPLINE_CURVE_WITH_KNOTS('',3,(#876,#877,#878,#879,#880,#881,#882,#883,
#884,#885,#886,#887,#888),.UNSPECIFIED.,.F.,.F.,(4,1,1,1,1,1,1,1,1,1,4),(0.E0,
1.E-1,2.E-1,3.E-1,4.E-1,5.E-1,6.E-1,7.E-1,8.E-1,9.E-1,1.E0),.UNSPECIFIED.);
#903=B_SPLINE_CURVE_WITH_KNOTS('',3,(#890,#891,#892,#893,#894,#895,#896,#897,
#898,#899,#900,#901,#902),.UNSPECIFIED.,.F.,.F.,(4,1,1,1,1,1,1,1,1,1,4),(0.E0,
1.E-1,2.E-1,3.E-1,4.E-1,5.E-1,6.E-1,7.E-1,8.E-1,9.E-1,1.E0),.UNSPECIFIED.);
#917=B_SPLINE_CURVE_WITH_KNOTS('',3,(#904,#905,#906,#907,#908,#909,#910,#911,
#912,#913,#914,#915,#916),.UNSPECIFIED.,.F.,.F.,(4,1,1,1,1,1,1,1,1,1,4),(0.E0,
1.E-1,2.E-1,3.E-1,4.E-1,5.E-1,6.E-1,7.E-1,8.E-1,9.E-1,1.E0),.UNSPECIFIED.);
#931=B_SPLINE_CURVE_WITH_KNOTS('',3,(#918,#919,#920,#921,#922,#923,#924,#925,
#926,#927,#928,#929,#930),.UNSPECIFIED.,.F.,.F.,(4,1,1,1,1,1,1,1,1,1,4),(0.E0,
1.E-1,2.E-1,3.E-1,4.E-1,5.E-1,6.E-1,7.E-1,8.E-1,9.E-1,1.E0),.UNSPECIFIED.);
#945=B_SPLINE_CURVE_WITH_KNOTS('',3,(#932,#933,#934,#935,#936,#937,#938,#939,
#940,#941,#942,#943,#944),.UNSPECIFIED.,.F.,.F.,(4,1,1,1,1,1,1,1,1,1,4),(0.E0,
1.E-1,2.E-1,3.E-1,4.E-1,5.E-1,6.E-1,7.E-1,8.E-1,9.E-1,1.E0),.UNSPECIFIED.);
#959=B_SPLINE_CURVE_WITH_KNOTS('',3,(#946,#947,#948,#949,#950,#951,#952,#953,
#954,#955,#956,#957,#958),.UNSPECIFIED.,.F.,.F.,(4,1,1,1,1,1,1,1,1,1,4),(0.E0,
1.E-1,2.E-1,3.E-1,4.E-1,5.E-1,6.E-1,7.E-1,8.E-1,9.E-1,1.E0),.UNSPECIFIED.);
#973=B_SPLINE_CURVE_WITH_KNOTS('',3,(#960,#961,#962,#963,#964,#965,#966,#967,
#968,#969,#970,#971,#972),.UNSPECIFIED.,.F.,.F.,(4,1,1,1,1,1,1,1,1,1,4),(0.E0,
1.E-1,2.E-1,3.E-1,4.E-1,5.E-1,6.E-1,7.E-1,8.E-1,9.E-1,1.E0),.UNSPECIFIED.);
#987=B_SPLINE_CURVE_WITH_KNOTS('',3,(#974,#975,#976,#977,#978,#979,#980,#981,
#982,#983,#984,#985,#986),.UNSPECIFIED.,.F.,.F.,(4,1,1,1,1,1,1,1,1,1,4),(0.E0,
1.E-1,2.E-1,3.E-1,4.E-1,5.E-1,6.E-1,7.E-1,8.E-1,9.E-1,1.E0),.UNSPECIFIED.);
#1001=B_SPLINE_CURVE_WITH_KNOTS('',3,(#988,#989,#990,#991,#992,#993,#994,#995,
#996,#997,#998,#999,#1000),.UNSPECIFIED.,.F.,.F.,(4,1,1,1,1,1,1,1,1,1,4),(0.E0,
1.E-1,2.E-1,3.E-1,4.E-1,5.E-1,6.E-1,7.E-1,8.E-1,9.E-1,1.E0),.UNSPECIFIED.);
#1015=B_SPLINE_CURVE_WITH_KNOTS('',3,(#1002,#1003,#1004,#1005,#1006,#1007,#1008,
#1009,#1010,#1011,#1012,#1013,#1014),.UNSPECIFIED.,.F.,.F.,(4,1,1,1,1,1,1,1,1,1,
4),(0.E0,1.E-1,2.E-1,3.E-1,4.E-1,5.E-1,6.E-1,7.E-1,8.E-1,9.E-1,1.E0),
.UNSPECIFIED.);
#1030=B_SPLINE_CURVE_WITH_KNOTS('',3,(#1016,#1017,#1018,#1019,#1020,#1021,#1022,
#1023,#1024,#1025,#1026,#1027,#1028,#1029),.UNSPECIFIED.,.F.,.F.,(4,1,1,1,1,1,1,
1,1,1,1,4),(0.E0,9.090909090909E-2,1.818181818182E-1,2.727272727273E-1,
3.636363636364E-1,4.545454545455E-1,5.454545454545E-1,6.363636363636E-1,
7.272727272727E-1,8.181818181818E-1,9.090909090909E-1,1.E0),.UNSPECIFIED.);
#1042=B_SPLINE_CURVE_WITH_KNOTS('',3,(#1031,#1032,#1033,#1034,#1035,#1036,#1037,
#1038,#1039,#1040,#1041),.UNSPECIFIED.,.F.,.F.,(4,1,1,1,1,1,1,1,4),(0.E0,
1.25E-1,2.5E-1,3.75E-1,5.E-1,6.25E-1,7.5E-1,8.75E-1,1.E0),.UNSPECIFIED.);
#1052=B_SPLINE_CURVE_WITH_KNOTS('',3,(#1043,#1044,#1045,#1046,#1047,#1048,#1049,
#1050,#1051),.UNSPECIFIED.,.F.,.F.,(4,1,1,1,1,1,4),(0.E0,1.666666666667E-1,
3.333333333333E-1,5.E-1,6.666666666667E-1,8.333333333333E-1,1.E0),
.UNSPECIFIED.);
#1059=B_SPLINE_CURVE_WITH_KNOTS('',3,(#1053,#1054,#1055,#1056,#1057,#1058),
.UNSPECIFIED.,.F.,.F.,(4,1,1,4),(0.E0,3.333333333333E-1,6.666666666667E-1,1.E0),
.UNSPECIFIED.);
#1064=CIRCLE('',#1063,1.018534837680E0);
#1069=CIRCLE('',#1068,1.255E0);
#1074=CIRCLE('',#1073,1.255E0);
#1081=B_SPLINE_CURVE_WITH_KNOTS('',3,(#1075,#1076,#1077,#1078,#1079,#1080),
.UNSPECIFIED.,.F.,.F.,(4,1,1,4),(0.E0,3.333333333333E-1,6.666666666667E-1,1.E0),
.UNSPECIFIED.);
#1099=B_SPLINE_CURVE_WITH_KNOTS('',3,(#1086,#1087,#1088,#1089,#1090,#1091,#1092,
#1093,#1094,#1095,#1096,#1097,#1098),.UNSPECIFIED.,.F.,.F.,(4,1,1,1,1,1,1,1,1,1,
4),(0.E0,1.E-1,2.E-1,3.E-1,4.E-1,5.E-1,6.E-1,7.E-1,8.E-1,9.E-1,1.E0),
.UNSPECIFIED.);
#1117=B_SPLINE_CURVE_WITH_KNOTS('',3,(#1104,#1105,#1106,#1107,#1108,#1109,#1110,
#1111,#1112,#1113,#1114,#1115,#1116),.UNSPECIFIED.,.F.,.F.,(4,1,1,1,1,1,1,1,1,1,
4),(0.E0,1.E-1,2.E-1,3.E-1,4.E-1,5.E-1,6.E-1,7.E-1,8.E-1,9.E-1,1.E0),
.UNSPECIFIED.);
#1135=B_SPLINE_CURVE_WITH_KNOTS('',3,(#1122,#1123,#1124,#1125,#1126,#1127,#1128,
#1129,#1130,#1131,#1132,#1133,#1134),.UNSPECIFIED.,.F.,.F.,(4,1,1,1,1,1,1,1,1,1,
4),(0.E0,1.E-1,2.E-1,3.E-1,4.E-1,5.E-1,6.E-1,7.E-1,8.E-1,9.E-1,1.E0),
.UNSPECIFIED.);
#1153=B_SPLINE_CURVE_WITH_KNOTS('',3,(#1140,#1141,#1142,#1143,#1144,#1145,#1146,
#1147,#1148,#1149,#1150,#1151,#1152),.UNSPECIFIED.,.F.,.F.,(4,1,1,1,1,1,1,1,1,1,
4),(0.E0,1.E-1,2.E-1,3.E-1,4.E-1,5.E-1,6.E-1,7.E-1,8.E-1,9.E-1,1.E0),
.UNSPECIFIED.);
#1171=B_SPLINE_CURVE_WITH_KNOTS('',3,(#1158,#1159,#1160,#1161,#1162,#1163,#1164,
#1165,#1166,#1167,#1168,#1169,#1170),.UNSPECIFIED.,.F.,.F.,(4,1,1,1,1,1,1,1,1,1,
4),(0.E0,1.E-1,2.E-1,3.E-1,4.E-1,5.E-1,6.E-1,7.E-1,8.E-1,9.E-1,1.E0),
.UNSPECIFIED.);
#1189=B_SPLINE_CURVE_WITH_KNOTS('',3,(#1176,#1177,#1178,#1179,#1180,#1181,#1182,
#1183,#1184,#1185,#1186,#1187,#1188),.UNSPECIFIED.,.F.,.F.,(4,1,1,1,1,1,1,1,1,1,
4),(0.E0,1.E-1,2.E-1,3.E-1,4.E-1,5.E-1,6.E-1,7.E-1,8.E-1,9.E-1,1.E0),
.UNSPECIFIED.);
#1207=B_SPLINE_CURVE_WITH_KNOTS('',3,(#1194,#1195,#1196,#1197,#1198,#1199,#1200,
#1201,#1202,#1203,#1204,#1205,#1206),.UNSPECIFIED.,.F.,.F.,(4,1,1,1,1,1,1,1,1,1,
4),(0.E0,1.E-1,2.E-1,3.E-1,4.E-1,5.E-1,6.E-1,7.E-1,8.E-1,9.E-1,1.E0),
.UNSPECIFIED.);
#1225=B_SPLINE_CURVE_WITH_KNOTS('',3,(#1212,#1213,#1214,#1215,#1216,#1217,#1218,
#1219,#1220,#1221,#1222,#1223,#1224),.UNSPECIFIED.,.F.,.F.,(4,1,1,1,1,1,1,1,1,1,
4),(0.E0,1.E-1,2.E-1,3.E-1,4.E-1,5.E-1,6.E-1,7.E-1,8.E-1,9.E-1,1.E0),
.UNSPECIFIED.);
#1243=B_SPLINE_CURVE_WITH_KNOTS('',3,(#1230,#1231,#1232,#1233,#1234,#1235,#1236,
#1237,#1238,#1239,#1240,#1241,#1242),.UNSPECIFIED.,.F.,.F.,(4,1,1,1,1,1,1,1,1,1,
4),(0.E0,1.E-1,2.E-1,3.E-1,4.E-1,5.E-1,6.E-1,7.E-1,8.E-1,9.E-1,1.E0),
.UNSPECIFIED.);
#1261=B_SPLINE_CURVE_WITH_KNOTS('',3,(#1248,#1249,#1250,#1251,#1252,#1253,#1254,
#1255,#1256,#1257,#1258,#1259,#1260),.UNSPECIFIED.,.F.,.F.,(4,1,1,1,1,1,1,1,1,1,
4),(0.E0,1.E-1,2.E-1,3.E-1,4.E-1,5.E-1,6.E-1,7.E-1,8.E-1,9.E-1,1.E0),
.UNSPECIFIED.);
#1279=B_SPLINE_CURVE_WITH_KNOTS('',3,(#1266,#1267,#1268,#1269,#1270,#1271,#1272,
#1273,#1274,#1275,#1276,#1277,#1278),.UNSPECIFIED.,.F.,.F.,(4,1,1,1,1,1,1,1,1,1,
4),(0.E0,1.E-1,2.E-1,3.E-1,4.E-1,5.E-1,6.E-1,7.E-1,8.E-1,9.E-1,1.E0),
.UNSPECIFIED.);
#1297=B_SPLINE_CURVE_WITH_KNOTS('',3,(#1284,#1285,#1286,#1287,#1288,#1289,#1290,
#1291,#1292,#1293,#1294,#1295,#1296),.UNSPECIFIED.,.F.,.F.,(4,1,1,1,1,1,1,1,1,1,
4),(0.E0,1.E-1,2.E-1,3.E-1,4.E-1,5.E-1,6.E-1,7.E-1,8.E-1,9.E-1,1.E0),
.UNSPECIFIED.);
#1315=B_SPLINE_CURVE_WITH_KNOTS('',3,(#1302,#1303,#1304,#1305,#1306,#1307,#1308,
#1309,#1310,#1311,#1312,#1313,#1314),.UNSPECIFIED.,.F.,.F.,(4,1,1,1,1,1,1,1,1,1,
4),(0.E0,1.E-1,2.E-1,3.E-1,4.E-1,5.E-1,6.E-1,7.E-1,8.E-1,9.E-1,1.E0),
.UNSPECIFIED.);
#1333=B_SPLINE_CURVE_WITH_KNOTS('',3,(#1320,#1321,#1322,#1323,#1324,#1325,#1326,
#1327,#1328,#1329,#1330,#1331,#1332),.UNSPECIFIED.,.F.,.F.,(4,1,1,1,1,1,1,1,1,1,
4),(0.E0,1.E-1,2.E-1,3.E-1,4.E-1,5.E-1,6.E-1,7.E-1,8.E-1,9.E-1,1.E0),
.UNSPECIFIED.);
#1351=B_SPLINE_CURVE_WITH_KNOTS('',3,(#1338,#1339,#1340,#1341,#1342,#1343,#1344,
#1345,#1346,#1347,#1348,#1349,#1350),.UNSPECIFIED.,.F.,.F.,(4,1,1,1,1,1,1,1,1,1,
4),(0.E0,1.E-1,2.E-1,3.E-1,4.E-1,5.E-1,6.E-1,7.E-1,8.E-1,9.E-1,1.E0),
.UNSPECIFIED.);
#1369=B_SPLINE_CURVE_WITH_KNOTS('',3,(#1356,#1357,#1358,#1359,#1360,#1361,#1362,
#1363,#1364,#1365,#1366,#1367,#1368),.UNSPECIFIED.,.F.,.F.,(4,1,1,1,1,1,1,1,1,1,
4),(0.E0,1.E-1,2.E-1,3.E-1,4.E-1,5.E-1,6.E-1,7.E-1,8.E-1,9.E-1,1.E0),
.UNSPECIFIED.);
#1387=B_SPLINE_CURVE_WITH_KNOTS('',3,(#1374,#1375,#1376,#1377,#1378,#1379,#1380,
#1381,#1382,#1383,#1384,#1385,#1386),.UNSPECIFIED.,.F.,.F.,(4,1,1,1,1,1,1,1,1,1,
4),(0.E0,1.E-1,2.E-1,3.E-1,4.E-1,5.E-1,6.E-1,7.E-1,8.E-1,9.E-1,1.E0),
.UNSPECIFIED.);
#1405=B_SPLINE_CURVE_WITH_KNOTS('',3,(#1392,#1393,#1394,#1395,#1396,#1397,#1398,
#1399,#1400,#1401,#1402,#1403,#1404),.UNSPECIFIED.,.F.,.F.,(4,1,1,1,1,1,1,1,1,1,
4),(0.E0,1.E-1,2.E-1,3.E-1,4.E-1,5.E-1,6.E-1,7.E-1,8.E-1,9.E-1,1.E0),
.UNSPECIFIED.);
#1423=B_SPLINE_CURVE_WITH_KNOTS('',3,(#1410,#1411,#1412,#1413,#1414,#1415,#1416,
#1417,#1418,#1419,#1420,#1421,#1422),.UNSPECIFIED.,.F.,.F.,(4,1,1,1,1,1,1,1,1,1,
4),(0.E0,1.E-1,2.E-1,3.E-1,4.E-1,5.E-1,6.E-1,7.E-1,8.E-1,9.E-1,1.E0),
.UNSPECIFIED.);
#1441=B_SPLINE_CURVE_WITH_KNOTS('',3,(#1428,#1429,#1430,#1431,#1432,#1433,#1434,
#1435,#1436,#1437,#1438,#1439,#1440),.UNSPECIFIED.,.F.,.F.,(4,1,1,1,1,1,1,1,1,1,
4),(0.E0,1.E-1,2.E-1,3.E-1,4.E-1,5.E-1,6.E-1,7.E-1,8.E-1,9.E-1,1.E0),
.UNSPECIFIED.);
#1454=CIRCLE('',#1453,1.255E0);
#1459=CIRCLE('',#1458,2.E-1);
#1464=CIRCLE('',#1463,2.E-1);
#1471=B_SPLINE_CURVE_WITH_KNOTS('',3,(#1465,#1466,#1467,#1468,#1469,#1470),
.UNSPECIFIED.,.F.,.F.,(4,1,1,4),(0.E0,2.5E-1,5.E-1,1.E0),.UNSPECIFIED.);
#1482=B_SPLINE_CURVE_WITH_KNOTS('',3,(#1476,#1477,#1478,#1479,#1480,#1481),
.UNSPECIFIED.,.F.,.F.,(4,1,1,4),(0.E0,3.333333333333E-1,6.666666666667E-1,1.E0),
.UNSPECIFIED.);
#1495=CIRCLE('',#1494,3.487054131936E0);
#1733=EDGE_CURVE('',#1578,#1582,#6,.T.);
#1735=EDGE_CURVE('',#1577,#1578,#31,.T.);
#1737=EDGE_CURVE('',#1577,#1536,#158,.T.);
#1739=EDGE_CURVE('',#1536,#1533,#174,.T.);
#1741=EDGE_CURVE('',#1533,#1529,#183,.T.);
#1743=EDGE_CURVE('',#1529,#1525,#192,.T.);
#1745=EDGE_CURVE('',#1525,#1521,#204,.T.);
#1747=EDGE_CURVE('',#1521,#1518,#218,.T.);
#1749=EDGE_CURVE('',#1518,#1515,#227,.T.);
#1751=EDGE_CURVE('',#1515,#1511,#236,.T.);
#1753=EDGE_CURVE('',#1511,#1507,#245,.T.);
#1755=EDGE_CURVE('',#1507,#1502,#257,.T.);
#1757=EDGE_CURVE('',#1502,#1581,#52,.T.);
#1759=EDGE_CURVE('',#1581,#1582,#26,.T.);
#1770=EDGE_CURVE('',#1582,#1710,#16,.T.);
#1772=EDGE_CURVE('',#1710,#1712,#384,.T.);
#1774=EDGE_CURVE('',#1578,#1712,#11,.T.);
#1784=EDGE_CURVE('',#1582,#1578,#21,.T.);
#1787=EDGE_CURVE('',#1712,#1710,#361,.T.);
#1800=EDGE_CURVE('',#1581,#1574,#45,.T.);
#1802=EDGE_CURVE('',#1574,#1571,#61,.T.);
#1804=EDGE_CURVE('',#1571,#1567,#70,.T.);
#1806=EDGE_CURVE('',#1567,#1563,#79,.T.);
#1808=EDGE_CURVE('',#1563,#1559,#91,.T.);
#1810=EDGE_CURVE('',#1559,#1556,#105,.T.);
#1812=EDGE_CURVE('',#1556,#1553,#114,.T.);
#1814=EDGE_CURVE('',#1553,#1549,#123,.T.);
#1816=EDGE_CURVE('',#1549,#1545,#132,.T.);
#1818=EDGE_CURVE('',#1545,#1541,#144,.T.);
#1820=EDGE_CURVE('',#1541,#1577,#165,.T.);
#1831=EDGE_CURVE('',#1574,#1573,#38,.T.);
#1835=EDGE_CURVE('',#1502,#1503,#252,.T.);
#1837=EDGE_CURVE('',#1503,#1573,#262,.T.);
#1847=EDGE_CURVE('',#1571,#1569,#56,.T.);
#1851=EDGE_CURVE('',#1573,#1569,#346,.T.);
#1861=EDGE_CURVE('',#1567,#1565,#65,.T.);
#1865=EDGE_CURVE('',#1569,#1565,#342,.T.);
#1875=EDGE_CURVE('',#1563,#1561,#74,.T.);
#1879=EDGE_CURVE('',#1565,#1561,#338,.T.);
#1889=EDGE_CURVE('',#1559,#1558,#86,.T.);
#1893=EDGE_CURVE('',#1561,#1558,#334,.T.);
#1903=EDGE_CURVE('',#1556,#1555,#98,.T.);
#1907=EDGE_CURVE('',#1558,#1555,#330,.T.);
#1917=EDGE_CURVE('',#1553,#1551,#109,.T.);
#1921=EDGE_CURVE('',#1555,#1551,#325,.T.);
#1931=EDGE_CURVE('',#1549,#1547,#118,.T.);
#1935=EDGE_CURVE('',#1551,#1547,#321,.T.);
#1945=EDGE_CURVE('',#1545,#1543,#127,.T.);
#1949=EDGE_CURVE('',#1547,#1543,#317,.T.);
#1959=EDGE_CURVE('',#1541,#1540,#139,.T.);
#1963=EDGE_CURVE('',#1543,#1540,#313,.T.);
#1973=EDGE_CURVE('',#1536,#1535,#151,.T.);
#1978=EDGE_CURVE('',#1540,#1538,#309,.T.);
#1980=EDGE_CURVE('',#1538,#1535,#304,.T.);
#1990=EDGE_CURVE('',#1533,#1531,#169,.T.);
#1994=EDGE_CURVE('',#1535,#1531,#299,.T.);
#2004=EDGE_CURVE('',#1529,#1527,#178,.T.);
#2008=EDGE_CURVE('',#1531,#1527,#295,.T.);
#2018=EDGE_CURVE('',#1525,#1523,#187,.T.);
#2022=EDGE_CURVE('',#1527,#1523,#291,.T.);
#2032=EDGE_CURVE('',#1521,#1520,#199,.T.);
#2036=EDGE_CURVE('',#1523,#1520,#287,.T.);
#2046=EDGE_CURVE('',#1518,#1517,#211,.T.);
#2050=EDGE_CURVE('',#1520,#1517,#283,.T.);
#2060=EDGE_CURVE('',#1515,#1513,#222,.T.);
#2064=EDGE_CURVE('',#1517,#1513,#278,.T.);
#2074=EDGE_CURVE('',#1511,#1509,#231,.T.);
#2078=EDGE_CURVE('',#1513,#1509,#274,.T.);
#2088=EDGE_CURVE('',#1507,#1505,#240,.T.);
#2092=EDGE_CURVE('',#1509,#1505,#270,.T.);
#2105=EDGE_CURVE('',#1505,#1503,#266,.T.);
#2144=EDGE_CURVE('',#1706,#1708,#351,.T.);
#2146=EDGE_CURVE('',#1710,#1706,#356,.T.);
#2149=EDGE_CURVE('',#1712,#1708,#366,.T.);
#2160=EDGE_CURVE('',#1708,#1700,#370,.T.);
#2162=EDGE_CURVE('',#1700,#1695,#394,.T.);
#2164=EDGE_CURVE('',#1706,#1695,#374,.T.);
#2174=EDGE_CURVE('',#1708,#1706,#379,.T.);
#2177=EDGE_CURVE('',#1695,#1700,#389,.T.);
#2201=EDGE_CURVE('',#1695,#1696,#404,.T.);
#2203=EDGE_CURVE('',#1696,#1698,#1495,.T.);
#2205=EDGE_CURVE('',#1700,#1698,#399,.T.);
#2217=EDGE_CURVE('',#1698,#1696,#414,.T.);
#2228=EDGE_CURVE('',#1702,#1704,#439,.T.);
#2230=EDGE_CURVE('',#1696,#1704,#409,.T.);
#2233=EDGE_CURVE('',#1698,#1702,#419,.T.);
#2243=EDGE_CURVE('',#1704,#1702,#434,.T.);
#2248=EDGE_CURVE('',#1725,#1727,#424,.T.);
#2250=EDGE_CURVE('',#1727,#1725,#429,.T.);
#2261=EDGE_CURVE('',#1721,#1727,#444,.T.);
#2263=EDGE_CURVE('',#1721,#1723,#449,.T.);
#2265=EDGE_CURVE('',#1723,#1725,#454,.T.);
#2277=EDGE_CURVE('',#1723,#1721,#459,.T.);
#2288=EDGE_CURVE('',#1692,#1719,#467,.T.);
#2290=EDGE_CURVE('',#1685,#1692,#472,.T.);
#2292=EDGE_CURVE('',#1685,#1721,#1464,.T.);
#2295=EDGE_CURVE('',#1681,#1723,#1459,.T.);
#2297=EDGE_CURVE('',#1691,#1681,#477,.T.);
#2299=EDGE_CURVE('',#1719,#1691,#484,.T.);
#2917=EDGE_CURVE('',#1715,#1719,#637,.T.);
#2919=EDGE_CURVE('',#1715,#1716,#1475,.T.);
#2921=EDGE_CURVE('',#1716,#1591,#680,.T.);
#2923=EDGE_CURVE('',#1591,#1594,#724,.T.);
#2925=EDGE_CURVE('',#1599,#1594,#648,.T.);
#2927=EDGE_CURVE('',#1599,#1600,#1081,.T.);
#2929=EDGE_CURVE('',#1600,#1610,#791,.T.);
#2931=EDGE_CURVE('',#1610,#1614,#1117,.T.);
#2933=EDGE_CURVE('',#1614,#1618,#805,.T.);
#2935=EDGE_CURVE('',#1618,#1622,#1153,.T.);
#2937=EDGE_CURVE('',#1622,#1626,#833,.T.);
#2939=EDGE_CURVE('',#1626,#1630,#1189,.T.);
#2941=EDGE_CURVE('',#1630,#1634,#861,.T.);
#2943=EDGE_CURVE('',#1634,#1638,#1225,.T.);
#2945=EDGE_CURVE('',#1638,#1642,#889,.T.);
#2947=EDGE_CURVE('',#1642,#1646,#1261,.T.);
#2949=EDGE_CURVE('',#1646,#1650,#917,.T.);
#2951=EDGE_CURVE('',#1650,#1654,#1297,.T.);
#2953=EDGE_CURVE('',#1654,#1658,#945,.T.);
#2955=EDGE_CURVE('',#1658,#1662,#1333,.T.);
#2957=EDGE_CURVE('',#1662,#1666,#973,.T.);
#2959=EDGE_CURVE('',#1666,#1670,#1369,.T.);
#2961=EDGE_CURVE('',#1670,#1674,#1001,.T.);
#2963=EDGE_CURVE('',#1674,#1678,#1405,.T.);
#2965=EDGE_CURVE('',#1678,#1682,#1030,.T.);
#2967=EDGE_CURVE('',#1682,#1686,#1441,.T.);
#2969=EDGE_CURVE('',#1686,#1692,#1052,.T.);
#3588=EDGE_CURVE('',#1718,#1715,#666,.T.);
#3592=EDGE_CURVE('',#1691,#1677,#1042,.T.);
#3594=EDGE_CURVE('',#1677,#1673,#1423,.T.);
#3596=EDGE_CURVE('',#1673,#1669,#1015,.T.);
#3598=EDGE_CURVE('',#1669,#1665,#1387,.T.);
#3600=EDGE_CURVE('',#1665,#1661,#987,.T.);
#3602=EDGE_CURVE('',#1661,#1657,#1351,.T.);
#3604=EDGE_CURVE('',#1657,#1653,#959,.T.);
#3606=EDGE_CURVE('',#1653,#1649,#1315,.T.);
#3608=EDGE_CURVE('',#1649,#1645,#931,.T.);
#3610=EDGE_CURVE('',#1645,#1641,#1279,.T.);
#3612=EDGE_CURVE('',#1641,#1637,#903,.T.);
#3614=EDGE_CURVE('',#1637,#1633,#1243,.T.);
#3616=EDGE_CURVE('',#1633,#1629,#875,.T.);
#3618=EDGE_CURVE('',#1629,#1625,#1207,.T.);
#3620=EDGE_CURVE('',#1625,#1621,#847,.T.);
#3622=EDGE_CURVE('',#1621,#1617,#1171,.T.);
#3624=EDGE_CURVE('',#1617,#1613,#819,.T.);
#3626=EDGE_CURVE('',#1613,#1609,#1135,.T.);
#3628=EDGE_CURVE('',#1609,#1605,#780,.T.);
#3630=EDGE_CURVE('',#1605,#1689,#1099,.T.);
#3632=EDGE_CURVE('',#1689,#1602,#1059,.T.);
#3634=EDGE_CURVE('',#1601,#1602,#662,.T.);
#3636=EDGE_CURVE('',#1601,#1593,#751,.T.);
#3638=EDGE_CURVE('',#1593,#1586,#708,.T.);
#3640=EDGE_CURVE('',#1586,#1718,#673,.T.);
#3679=EDGE_CURVE('',#1718,#1501,#698,.T.);
#3681=EDGE_CURVE('',#1501,#1498,#1490,.T.);
#3683=EDGE_CURVE('',#1498,#1715,#1471,.T.);
#3694=EDGE_CURVE('',#1585,#1586,#716,.T.);
#3696=EDGE_CURVE('',#1585,#1588,#712,.T.);
#3698=EDGE_CURVE('',#1588,#1592,#738,.T.);
#3700=EDGE_CURVE('',#1591,#1592,#728,.T.);
#3703=EDGE_CURVE('',#1499,#1716,#689,.T.);
#3705=EDGE_CURVE('',#1499,#1501,#1482,.T.);
#3717=EDGE_CURVE('',#1593,#1588,#743,.T.);
#3729=EDGE_CURVE('',#1592,#1597,#733,.T.);
#3731=EDGE_CURVE('',#1597,#1594,#1064,.T.);
#3772=EDGE_CURVE('',#1690,#1602,#756,.T.);
#3774=EDGE_CURVE('',#1598,#1690,#761,.T.);
#3776=EDGE_CURVE('',#1597,#1598,#766,.T.);
#3786=EDGE_CURVE('',#1600,#1606,#1074,.T.);
#3788=EDGE_CURVE('',#1605,#1606,#1103,.T.);
#3791=EDGE_CURVE('',#1609,#1610,#1121,.T.);
#3803=EDGE_CURVE('',#1613,#1614,#1139,.T.);
#3806=EDGE_CURVE('',#1617,#1618,#1157,.T.);
#3817=EDGE_CURVE('',#1621,#1622,#1175,.T.);
#3820=EDGE_CURVE('',#1625,#1626,#1193,.T.);
#3831=EDGE_CURVE('',#1629,#1630,#1211,.T.);
#3834=EDGE_CURVE('',#1633,#1634,#1229,.T.);
#3845=EDGE_CURVE('',#1637,#1638,#1247,.T.);
#3848=EDGE_CURVE('',#1641,#1642,#1265,.T.);
#3859=EDGE_CURVE('',#1645,#1646,#1283,.T.);
#3862=EDGE_CURVE('',#1649,#1650,#1301,.T.);
#3873=EDGE_CURVE('',#1653,#1654,#1319,.T.);
#3876=EDGE_CURVE('',#1657,#1658,#1337,.T.);
#3887=EDGE_CURVE('',#1661,#1662,#1355,.T.);
#3890=EDGE_CURVE('',#1665,#1666,#1373,.T.);
#3901=EDGE_CURVE('',#1669,#1670,#1391,.T.);
#3904=EDGE_CURVE('',#1673,#1674,#1409,.T.);
#3915=EDGE_CURVE('',#1677,#1678,#1427,.T.);
#3919=EDGE_CURVE('',#1681,#1682,#1445,.T.);
#3930=EDGE_CURVE('',#1685,#1686,#1449,.T.);
#3942=EDGE_CURVE('',#1689,#1690,#1085,.T.);
#3979=EDGE_CURVE('',#1606,#1598,#1069,.T.);
#4115=EDGE_CURVE('',#1681,#1685,#1454,.T.);
#4167=EDGE_CURVE('',#1498,#1499,#1486,.T.);
#4199=(LENGTH_UNIT()NAMED_UNIT(*)SI_UNIT(.MILLI.,.METRE.));
#4201=(NAMED_UNIT(*)PLANE_ANGLE_UNIT()SI_UNIT($,.RADIAN.));
#4204=(NAMED_UNIT(*)SI_UNIT($,.STERADIAN.)SOLID_ANGLE_UNIT());
#4207=ADVANCED_BREP_SHAPE_REPRESENTATION('',(#4198),#4206);
#4214=PRODUCT_DEFINITION('design','',#4213,#4210);
#4215=PRODUCT_DEFINITION_SHAPE('','SHAPE FOR _GB_T845-2017_16450004.',#4214);
#4216=SHAPE_DEFINITION_REPRESENTATION(#4215,#4207);
ENDSEC;
END-ISO-10303-21;
