ISO-10303-21;
HEADER;
FILE_DESCRIPTION((''),'2;1');
FILE_NAME('_GB_T845-2017_16450005','2026-07-01T16:05:25',('Administrator'),(''),
'CREO PARAMETRIC BY PTC INC, 2019010','CREO PARAMETRIC BY PTC INC, 2019010','');
FILE_SCHEMA(('CONFIG_CONTROL_DESIGN'));
ENDSEC;
DATA;
#2=CARTESIAN_POINT('',(0.E0,0.E0,-2.312254004623E0));
#3=DIRECTION('',(0.E0,0.E0,-1.E0));
#4=DIRECTION('',(-1.E0,0.E0,0.E0));
#5=AXIS2_PLACEMENT_3D('',#2,#3,#4);
#7=CARTESIAN_POINT('',(-2.262095809671E0,0.E0,-9.979819601533E-1));
#8=DIRECTION('',(0.E0,1.E0,0.E0));
#9=DIRECTION('',(-3.445560535574E-1,0.E0,-9.387657460501E-1));
#10=AXIS2_PLACEMENT_3D('',#7,#8,#9);
#12=CARTESIAN_POINT('',(2.262095809671E0,0.E0,-9.979819601533E-1));
#13=DIRECTION('',(0.E0,-1.E0,0.E0));
#14=DIRECTION('',(3.445560535574E-1,0.E0,-9.387657460501E-1));
#15=AXIS2_PLACEMENT_3D('',#12,#13,#14);
#17=CARTESIAN_POINT('',(0.E0,0.E0,-2.312254004623E0));
#18=DIRECTION('',(0.E0,0.E0,-1.E0));
#19=DIRECTION('',(1.E0,0.E0,0.E0));
#20=AXIS2_PLACEMENT_3D('',#17,#18,#19);
#22=CARTESIAN_POINT('',(0.E0,0.E0,5.165247617380E0));
#23=DIRECTION('',(0.E0,-1.E0,0.E0));
#24=DIRECTION('',(2.709230516404E-1,0.E0,-9.626010077336E-1));
#25=AXIS2_PLACEMENT_3D('',#22,#23,#24);
#27=CARTESIAN_POINT('',(0.E0,0.E0,5.165247617380E0));
#28=DIRECTION('',(0.E0,1.E0,0.E0));
#29=DIRECTION('',(-2.709230516404E-1,0.E0,-9.626010077336E-1));
#30=AXIS2_PLACEMENT_3D('',#27,#28,#29);
#32=CARTESIAN_POINT('',(2.096595223727E0,-4.005758935547E-1,-2.508669050628E0));
#33=CARTESIAN_POINT('',(2.080109010450E0,-3.791969668103E-1,-2.350619260671E0));
#34=CARTESIAN_POINT('',(2.046836115804E0,-3.368062530488E-1,-2.037016544328E0));
#35=CARTESIAN_POINT('',(1.995831812184E0,-2.743336674495E-1,-1.574116717155E0));
#36=CARTESIAN_POINT('',(1.961051695109E0,-2.334320629378E-1,-1.270533768755E0));
#37=CARTESIAN_POINT('',(1.943428199786E0,-2.131704961330E-1,-1.12E0));
#39=CARTESIAN_POINT('',(2.158021907612E0,0.E0,-2.502092024185E0));
#40=CARTESIAN_POINT('',(2.158021907612E0,-4.518833117624E-2,-2.502092024185E0));
#41=CARTESIAN_POINT('',(2.153584048609E0,-1.355694391244E-1,-2.502543001929E0));
#42=CARTESIAN_POINT('',(2.132906301034E0,-2.698018426227E-1,-2.504774027853E0));
#43=CARTESIAN_POINT('',(2.110168042386E0,-3.574389432214E-1,-2.507212547406E0));
#44=CARTESIAN_POINT('',(2.096595223727E0,-4.005758935547E-1,-2.508669050628E0));
#46=CARTESIAN_POINT('',(2.096595223727E0,4.005758935547E-1,-2.508669050628E0));
#47=CARTESIAN_POINT('',(2.110168042109E0,3.574389441007E-1,-2.507212547436E0));
#48=CARTESIAN_POINT('',(2.132906300569E0,2.698018447275E-1,-2.504774027903E0));
#49=CARTESIAN_POINT('',(2.153584048422E0,1.355694412725E-1,-2.502543001949E0));
#50=CARTESIAN_POINT('',(2.158021907612E0,4.518833209819E-2,-2.502092024185E0));
#51=CARTESIAN_POINT('',(2.158021907612E0,0.E0,-2.502092024185E0));
#53=DIRECTION('',(-4.449304466198E-2,1.369355110750E-1,9.895802316050E-1));
#54=VECTOR('',#53,1.639885136974E0);
#55=CARTESIAN_POINT('',(8.105938838295E-1,-5.009221903577E-1,
-2.742797913653E0));
#56=LINE('',#55,#54);
#57=CARTESIAN_POINT('',(-2.918924509337E-2,5.569639754383E-1,5.086864013368E0));
#58=DIRECTION('',(-5.182662631444E-2,9.889109407697E-1,-1.391731009601E-1));
#59=DIRECTION('',(2.675520826122E-1,-1.205163505007E-1,-9.559768262630E-1));
#60=AXIS2_PLACEMENT_3D('',#57,#58,#59);
#62=DIRECTION('',(-1.005647941256E-1,1.005647941256E-1,9.898350591715E-1));
#63=VECTOR('',#62,1.647764337352E0);
#64=CARTESIAN_POINT('',(6.236814884331E-1,-6.236814884331E-1,
-2.751014910363E0));
#65=LINE('',#64,#63);
#66=CARTESIAN_POINT('',(-1.334228792947E-1,2.054532171972E-1,5.130818644025E0));
#67=DIRECTION('',(-5.393386453656E-1,8.305086836297E-1,-1.391731009601E-1));
#68=DIRECTION('',(1.185741396543E-1,-8.872496707214E-2,-9.889732320054E-1));
#69=AXIS2_PLACEMENT_3D('',#66,#67,#68);
#71=DIRECTION('',(-1.369355110750E-1,4.449304466198E-2,9.895802316050E-1));
#72=VECTOR('',#71,1.639885136974E0);
#73=CARTESIAN_POINT('',(5.009221903577E-1,-8.105938838294E-1,
-2.742797913653E0));
#74=LINE('',#73,#72);
#75=CARTESIAN_POINT('',(-2.054532171971E-1,1.334228792947E-1,5.130818644025E0));
#76=DIRECTION('',(-8.305086836297E-1,5.393386453656E-1,-1.391731009601E-1));
#77=DIRECTION('',(1.041442675787E-1,-9.509682723716E-2,-9.900053358341E-1));
#78=AXIS2_PLACEMENT_3D('',#75,#76,#77);
#80=CARTESIAN_POINT('',(4.005758935547E-1,-2.096595223727E0,-2.508669050628E0));
#81=CARTESIAN_POINT('',(3.796922321541E-1,-2.080490930935E0,-2.354280650435E0));
#82=CARTESIAN_POINT('',(3.379539514539E-1,-2.047847510798E0,-2.045548284238E0));
#83=CARTESIAN_POINT('',(2.754895543168E-1,-1.996719861363E0,-1.582660708445E0));
#84=CARTESIAN_POINT('',(2.339242372622E-1,-1.961479787960E0,-1.274190389028E0));
#85=CARTESIAN_POINT('',(2.131704961330E-1,-1.943428199786E0,-1.12E0));
#87=CARTESIAN_POINT('',(-5.569639754383E-1,2.918924509337E-2,5.086864013368E0));
#88=DIRECTION('',(-9.889109407697E-1,5.182662631444E-2,-1.391731009601E-1));
#89=DIRECTION('',(1.331459755101E-1,-1.056954401453E-1,-9.854443785105E-1));
#90=AXIS2_PLACEMENT_3D('',#87,#88,#89);
#92=CARTESIAN_POINT('',(-4.005758935547E-1,-2.096595223727E0,
-2.508669050628E0));
#93=CARTESIAN_POINT('',(-3.791969668103E-1,-2.080109010450E0,
-2.350619260671E0));
#94=CARTESIAN_POINT('',(-3.368062530488E-1,-2.046836115804E0,
-2.037016544328E0));
#95=CARTESIAN_POINT('',(-2.743336674495E-1,-1.995831812184E0,
-1.574116717156E0));
#96=CARTESIAN_POINT('',(-2.334320629378E-1,-1.961051695109E0,
-1.270533768755E0));
#97=CARTESIAN_POINT('',(-2.131704961330E-1,-1.943428199786E0,-1.12E0));
#99=CARTESIAN_POINT('',(4.005758935547E-1,-2.096595223727E0,-2.508669050628E0));
#100=CARTESIAN_POINT('',(3.143359365789E-1,-2.123730180837E0,
-2.505757190281E0));
#101=CARTESIAN_POINT('',(1.363804158791E-1,-2.160411014349E0,
-2.501817982157E0));
#102=CARTESIAN_POINT('',(-1.363804158791E-1,-2.160411014349E0,
-2.501817982157E0));
#103=CARTESIAN_POINT('',(-3.143359365789E-1,-2.123730180837E0,
-2.505757190281E0));
#104=CARTESIAN_POINT('',(-4.005758935547E-1,-2.096595223727E0,
-2.508669050628E0));
#106=DIRECTION('',(1.369355110750E-1,4.449304466198E-2,9.895802316050E-1));
#107=VECTOR('',#106,1.639885136974E0);
#108=CARTESIAN_POINT('',(-5.009221903577E-1,-8.105938838295E-1,
-2.742797913653E0));
#109=LINE('',#108,#107);
#110=CARTESIAN_POINT('',(5.569639754383E-1,2.918924509337E-2,5.086864013368E0));
#111=DIRECTION('',(9.889109407697E-1,5.182662631444E-2,-1.391731009601E-1));
#112=DIRECTION('',(-1.205163505007E-1,-2.675520826122E-1,-9.559768262630E-1));
#113=AXIS2_PLACEMENT_3D('',#110,#111,#112);
#115=DIRECTION('',(1.005647941256E-1,1.005647941256E-1,9.898350591715E-1));
#116=VECTOR('',#115,1.647764337352E0);
#117=CARTESIAN_POINT('',(-6.236814884331E-1,-6.236814884331E-1,
-2.751014910363E0));
#118=LINE('',#117,#116);
#119=CARTESIAN_POINT('',(2.054532171972E-1,1.334228792947E-1,5.130818644025E0));
#120=DIRECTION('',(8.305086836297E-1,5.393386453656E-1,-1.391731009601E-1));
#121=DIRECTION('',(-8.872496707214E-2,-1.185741396543E-1,-9.889732320054E-1));
#122=AXIS2_PLACEMENT_3D('',#119,#120,#121);
#124=DIRECTION('',(4.449304466198E-2,1.369355110750E-1,9.895802316050E-1));
#125=VECTOR('',#124,1.639885136974E0);
#126=CARTESIAN_POINT('',(-8.105938838294E-1,-5.009221903577E-1,
-2.742797913653E0));
#127=LINE('',#126,#125);
#128=CARTESIAN_POINT('',(1.334228792947E-1,2.054532171972E-1,5.130818644025E0));
#129=DIRECTION('',(5.393386453656E-1,8.305086836297E-1,-1.391731009601E-1));
#130=DIRECTION('',(-9.509682723716E-2,-1.041442675787E-1,-9.900053358341E-1));
#131=AXIS2_PLACEMENT_3D('',#128,#129,#130);
#133=CARTESIAN_POINT('',(-2.096595223727E0,-4.005758935547E-1,
-2.508669050628E0));
#134=CARTESIAN_POINT('',(-2.080490930935E0,-3.796922321536E-1,
-2.354280650432E0));
#135=CARTESIAN_POINT('',(-2.047847510797E0,-3.379539514529E-1,
-2.045548284231E0));
#136=CARTESIAN_POINT('',(-1.996719861362E0,-2.754895543159E-1,
-1.582660708438E0));
#137=CARTESIAN_POINT('',(-1.961479787960E0,-2.339242372618E-1,
-1.274190389025E0));
#138=CARTESIAN_POINT('',(-1.943428199786E0,-2.131704961330E-1,-1.12E0));
#140=CARTESIAN_POINT('',(2.918924509338E-2,5.569639754383E-1,5.086864013368E0));
#141=DIRECTION('',(5.182662631444E-2,9.889109407697E-1,-1.391731009601E-1));
#142=DIRECTION('',(-1.056954401453E-1,-1.331459755101E-1,-9.854443785105E-1));
#143=AXIS2_PLACEMENT_3D('',#140,#141,#142);
#145=CARTESIAN_POINT('',(-2.096595223727E0,4.005758935547E-1,
-2.508669050628E0));
#146=CARTESIAN_POINT('',(-2.080109010450E0,3.791969668103E-1,
-2.350619260671E0));
#147=CARTESIAN_POINT('',(-2.046836115804E0,3.368062530488E-1,
-2.037016544328E0));
#148=CARTESIAN_POINT('',(-1.995831812184E0,2.743336674495E-1,
-1.574116717156E0));
#149=CARTESIAN_POINT('',(-1.961051695109E0,2.334320629378E-1,
-1.270533768755E0));
#150=CARTESIAN_POINT('',(-1.943428199786E0,2.131704961330E-1,-1.12E0));
#152=CARTESIAN_POINT('',(-2.158021907612E0,0.E0,-2.502092024185E0));
#153=CARTESIAN_POINT('',(-2.158021907612E0,4.518833117624E-2,
-2.502092024185E0));
#154=CARTESIAN_POINT('',(-2.153584048609E0,1.355694391244E-1,
-2.502543001929E0));
#155=CARTESIAN_POINT('',(-2.132906301034E0,2.698018426227E-1,
-2.504774027853E0));
#156=CARTESIAN_POINT('',(-2.110168042386E0,3.574389432214E-1,
-2.507212547406E0));
#157=CARTESIAN_POINT('',(-2.096595223727E0,4.005758935547E-1,
-2.508669050628E0));
#159=CARTESIAN_POINT('',(-2.096595223727E0,-4.005758935547E-1,
-2.508669050628E0));
#160=CARTESIAN_POINT('',(-2.110168042109E0,-3.574389441007E-1,
-2.507212547436E0));
#161=CARTESIAN_POINT('',(-2.132906300569E0,-2.698018447275E-1,
-2.504774027903E0));
#162=CARTESIAN_POINT('',(-2.153584048422E0,-1.355694412725E-1,
-2.502543001949E0));
#163=CARTESIAN_POINT('',(-2.158021907612E0,-4.518833209819E-2,
-2.502092024185E0));
#164=CARTESIAN_POINT('',(-2.158021907612E0,0.E0,-2.502092024185E0));
#166=DIRECTION('',(4.449304466198E-2,-1.369355110750E-1,9.895802316050E-1));
#167=VECTOR('',#166,1.639885136974E0);
#168=CARTESIAN_POINT('',(-8.105938838294E-1,5.009221903577E-1,
-2.742797913653E0));
#169=LINE('',#168,#167);
#170=CARTESIAN_POINT('',(2.918924509338E-2,-5.569639754383E-1,
5.086864013368E0));
#171=DIRECTION('',(5.182662631444E-2,-9.889109407697E-1,-1.391731009601E-1));
#172=DIRECTION('',(-2.675520826122E-1,1.205163505007E-1,-9.559768262630E-1));
#173=AXIS2_PLACEMENT_3D('',#170,#171,#172);
#175=DIRECTION('',(1.005647941256E-1,-1.005647941256E-1,9.898350591715E-1));
#176=VECTOR('',#175,1.647764337352E0);
#177=CARTESIAN_POINT('',(-6.236814884331E-1,6.236814884331E-1,
-2.751014910363E0));
#178=LINE('',#177,#176);
#179=CARTESIAN_POINT('',(1.334228792947E-1,-2.054532171972E-1,
5.130818644025E0));
#180=DIRECTION('',(5.393386453656E-1,-8.305086836297E-1,-1.391731009601E-1));
#181=DIRECTION('',(-1.185741396543E-1,8.872496707214E-2,-9.889732320054E-1));
#182=AXIS2_PLACEMENT_3D('',#179,#180,#181);
#184=DIRECTION('',(1.369355110750E-1,-4.449304466199E-2,9.895802316050E-1));
#185=VECTOR('',#184,1.639885136974E0);
#186=CARTESIAN_POINT('',(-5.009221903577E-1,8.105938838295E-1,
-2.742797913653E0));
#187=LINE('',#186,#185);
#188=CARTESIAN_POINT('',(2.054532171972E-1,-1.334228792947E-1,
5.130818644025E0));
#189=DIRECTION('',(8.305086836297E-1,-5.393386453656E-1,-1.391731009601E-1));
#190=DIRECTION('',(-1.041442675787E-1,9.509682723716E-2,-9.900053358341E-1));
#191=AXIS2_PLACEMENT_3D('',#188,#189,#190);
#193=CARTESIAN_POINT('',(-4.005758935547E-1,2.096595223727E0,
-2.508669050628E0));
#194=CARTESIAN_POINT('',(-3.796922321543E-1,2.080490930936E0,
-2.354280650437E0));
#195=CARTESIAN_POINT('',(-3.379539514544E-1,2.047847510798E0,
-2.045548284242E0));
#196=CARTESIAN_POINT('',(-2.754895543173E-1,1.996719861363E0,
-1.582660708449E0));
#197=CARTESIAN_POINT('',(-2.339242372624E-1,1.961479787960E0,
-1.274190389029E0));
#198=CARTESIAN_POINT('',(-2.131704961330E-1,1.943428199786E0,-1.12E0));
#200=CARTESIAN_POINT('',(5.569639754383E-1,-2.918924509337E-2,
5.086864013368E0));
#201=DIRECTION('',(9.889109407697E-1,-5.182662631444E-2,-1.391731009601E-1));
#202=DIRECTION('',(-1.331459755101E-1,1.056954401453E-1,-9.854443785105E-1));
#203=AXIS2_PLACEMENT_3D('',#200,#201,#202);
#205=CARTESIAN_POINT('',(4.005758935547E-1,2.096595223727E0,-2.508669050628E0));
#206=CARTESIAN_POINT('',(3.791969668103E-1,2.080109010450E0,-2.350619260671E0));
#207=CARTESIAN_POINT('',(3.368062530488E-1,2.046836115804E0,-2.037016544328E0));
#208=CARTESIAN_POINT('',(2.743336674495E-1,1.995831812184E0,-1.574116717156E0));
#209=CARTESIAN_POINT('',(2.334320629378E-1,1.961051695109E0,-1.270533768755E0));
#210=CARTESIAN_POINT('',(2.131704961330E-1,1.943428199786E0,-1.12E0));
#212=CARTESIAN_POINT('',(-4.005758935547E-1,2.096595223727E0,
-2.508669050628E0));
#213=CARTESIAN_POINT('',(-3.143359365789E-1,2.123730180837E0,
-2.505757190281E0));
#214=CARTESIAN_POINT('',(-1.363804158791E-1,2.160411014349E0,
-2.501817982157E0));
#215=CARTESIAN_POINT('',(1.363804158791E-1,2.160411014349E0,-2.501817982157E0));
#216=CARTESIAN_POINT('',(3.143359365789E-1,2.123730180837E0,-2.505757190281E0));
#217=CARTESIAN_POINT('',(4.005758935547E-1,2.096595223727E0,-2.508669050628E0));
#219=DIRECTION('',(-1.369355110750E-1,-4.449304466198E-2,9.895802316050E-1));
#220=VECTOR('',#219,1.639885136974E0);
#221=CARTESIAN_POINT('',(5.009221903577E-1,8.105938838294E-1,
-2.742797913653E0));
#222=LINE('',#221,#220);
#223=CARTESIAN_POINT('',(-5.569639754383E-1,-2.918924509337E-2,
5.086864013368E0));
#224=DIRECTION('',(-9.889109407697E-1,-5.182662631444E-2,-1.391731009601E-1));
#225=DIRECTION('',(1.205163505007E-1,2.675520826122E-1,-9.559768262630E-1));
#226=AXIS2_PLACEMENT_3D('',#223,#224,#225);
#228=DIRECTION('',(-1.005647941256E-1,-1.005647941256E-1,9.898350591715E-1));
#229=VECTOR('',#228,1.647764337352E0);
#230=CARTESIAN_POINT('',(6.236814884331E-1,6.236814884331E-1,
-2.751014910363E0));
#231=LINE('',#230,#229);
#232=CARTESIAN_POINT('',(-2.054532171971E-1,-1.334228792947E-1,
5.130818644025E0));
#233=DIRECTION('',(-8.305086836297E-1,-5.393386453656E-1,-1.391731009601E-1));
#234=DIRECTION('',(8.872496707214E-2,1.185741396543E-1,-9.889732320054E-1));
#235=AXIS2_PLACEMENT_3D('',#232,#233,#234);
#237=DIRECTION('',(-4.449304466198E-2,-1.369355110750E-1,9.895802316050E-1));
#238=VECTOR('',#237,1.639885136974E0);
#239=CARTESIAN_POINT('',(8.105938838295E-1,5.009221903577E-1,
-2.742797913653E0));
#240=LINE('',#239,#238);
#241=CARTESIAN_POINT('',(-1.334228792947E-1,-2.054532171972E-1,
5.130818644025E0));
#242=DIRECTION('',(-5.393386453656E-1,-8.305086836297E-1,-1.391731009601E-1));
#243=DIRECTION('',(9.509682723716E-2,1.041442675787E-1,-9.900053358341E-1));
#244=AXIS2_PLACEMENT_3D('',#241,#242,#243);
#246=CARTESIAN_POINT('',(2.096595223727E0,4.005758935547E-1,-2.508669050628E0));
#247=CARTESIAN_POINT('',(2.080490930935E0,3.796922321537E-1,-2.354280650433E0));
#248=CARTESIAN_POINT('',(2.047847510797E0,3.379539514529E-1,-2.045548284231E0));
#249=CARTESIAN_POINT('',(1.996719861362E0,2.754895543159E-1,-1.582660708438E0));
#250=CARTESIAN_POINT('',(1.961479787960E0,2.339242372618E-1,-1.274190389025E0));
#251=CARTESIAN_POINT('',(1.943428199786E0,2.131704961330E-1,-1.12E0));
#253=CARTESIAN_POINT('',(-2.918924509337E-2,-5.569639754383E-1,
5.086864013368E0));
#254=DIRECTION('',(-5.182662631444E-2,-9.889109407697E-1,-1.391731009601E-1));
#255=DIRECTION('',(1.056954401453E-1,1.331459755101E-1,-9.854443785105E-1));
#256=AXIS2_PLACEMENT_3D('',#253,#254,#255);
#258=CARTESIAN_POINT('',(8.433333333333E-1,0.E0,-1.12E0));
#259=DIRECTION('',(0.E0,0.E0,-1.E0));
#260=DIRECTION('',(9.817383868229E-1,1.902360108875E-1,0.E0));
#261=AXIS2_PLACEMENT_3D('',#258,#259,#260);
#263=DIRECTION('',(9.986295347546E-1,-5.233595624294E-2,0.E0));
#264=VECTOR('',#263,1.207452570380E0);
#265=CARTESIAN_POINT('',(7.376304011895E-1,2.763636810218E-1,-1.12E0));
#266=LINE('',#265,#264);
#267=DIRECTION('',(8.386705679454E-1,-5.446390350150E-1,0.E0));
#268=VECTOR('',#267,3.334515419979E-1);
#269=CARTESIAN_POINT('',(4.579744070798E-1,4.579744070798E-1,-1.12E0));
#270=LINE('',#269,#268);
#271=DIRECTION('',(5.446390350150E-1,-8.386705679454E-1,0.E0));
#272=VECTOR('',#271,3.334515419979E-1);
#273=CARTESIAN_POINT('',(2.763636810218E-1,7.376304011895E-1,-1.12E0));
#274=LINE('',#273,#272);
#275=DIRECTION('',(5.233595624294E-2,-9.986295347546E-1,0.E0));
#276=VECTOR('',#275,1.207452570380E0);
#277=CARTESIAN_POINT('',(2.131704961330E-1,1.943428199786E0,-1.12E0));
#278=LINE('',#277,#276);
#279=CARTESIAN_POINT('',(0.E0,8.433333333333E-1,-1.12E0));
#280=DIRECTION('',(0.E0,0.E0,-1.E0));
#281=DIRECTION('',(-1.902360108875E-1,9.817383868229E-1,0.E0));
#282=AXIS2_PLACEMENT_3D('',#279,#280,#281);
#284=DIRECTION('',(5.233595624294E-2,9.986295347546E-1,0.E0));
#285=VECTOR('',#284,1.207452570380E0);
#286=CARTESIAN_POINT('',(-2.763636810218E-1,7.376304011895E-1,-1.12E0));
#287=LINE('',#286,#285);
#288=DIRECTION('',(5.446390350150E-1,8.386705679454E-1,0.E0));
#289=VECTOR('',#288,3.334515419979E-1);
#290=CARTESIAN_POINT('',(-4.579744070798E-1,4.579744070798E-1,-1.12E0));
#291=LINE('',#290,#289);
#292=DIRECTION('',(8.386705679454E-1,5.446390350150E-1,0.E0));
#293=VECTOR('',#292,3.334515419979E-1);
#294=CARTESIAN_POINT('',(-7.376304011895E-1,2.763636810218E-1,-1.12E0));
#295=LINE('',#294,#293);
#296=DIRECTION('',(9.986295347546E-1,5.233595624294E-2,0.E0));
#297=VECTOR('',#296,1.207452570380E0);
#298=CARTESIAN_POINT('',(-1.943428199786E0,2.131704961330E-1,-1.12E0));
#299=LINE('',#298,#297);
#300=CARTESIAN_POINT('',(-8.433333333333E-1,0.E0,-1.12E0));
#301=DIRECTION('',(0.E0,0.E0,-1.E0));
#302=DIRECTION('',(-1.E0,0.E0,0.E0));
#303=AXIS2_PLACEMENT_3D('',#300,#301,#302);
#305=CARTESIAN_POINT('',(-8.433333333333E-1,0.E0,-1.12E0));
#306=DIRECTION('',(0.E0,0.E0,-1.E0));
#307=DIRECTION('',(-9.817383868229E-1,-1.902360108875E-1,0.E0));
#308=AXIS2_PLACEMENT_3D('',#305,#306,#307);
#310=DIRECTION('',(-9.986295347546E-1,5.233595624294E-2,0.E0));
#311=VECTOR('',#310,1.207452570380E0);
#312=CARTESIAN_POINT('',(-7.376304011895E-1,-2.763636810218E-1,-1.12E0));
#313=LINE('',#312,#311);
#314=DIRECTION('',(-8.386705679454E-1,5.446390350150E-1,0.E0));
#315=VECTOR('',#314,3.334515419979E-1);
#316=CARTESIAN_POINT('',(-4.579744070798E-1,-4.579744070798E-1,-1.12E0));
#317=LINE('',#316,#315);
#318=DIRECTION('',(-5.446390350150E-1,8.386705679454E-1,0.E0));
#319=VECTOR('',#318,3.334515419979E-1);
#320=CARTESIAN_POINT('',(-2.763636810218E-1,-7.376304011895E-1,-1.12E0));
#321=LINE('',#320,#319);
#322=DIRECTION('',(-5.233595624294E-2,9.986295347546E-1,0.E0));
#323=VECTOR('',#322,1.207452570380E0);
#324=CARTESIAN_POINT('',(-2.131704961330E-1,-1.943428199786E0,-1.12E0));
#325=LINE('',#324,#323);
#326=CARTESIAN_POINT('',(0.E0,-8.433333333333E-1,-1.12E0));
#327=DIRECTION('',(0.E0,0.E0,-1.E0));
#328=DIRECTION('',(1.902360108875E-1,-9.817383868229E-1,0.E0));
#329=AXIS2_PLACEMENT_3D('',#326,#327,#328);
#331=DIRECTION('',(-5.233595624294E-2,-9.986295347546E-1,0.E0));
#332=VECTOR('',#331,1.207452570380E0);
#333=CARTESIAN_POINT('',(2.763636810218E-1,-7.376304011895E-1,-1.12E0));
#334=LINE('',#333,#332);
#335=DIRECTION('',(-5.446390350150E-1,-8.386705679454E-1,0.E0));
#336=VECTOR('',#335,3.334515419979E-1);
#337=CARTESIAN_POINT('',(4.579744070798E-1,-4.579744070798E-1,-1.12E0));
#338=LINE('',#337,#336);
#339=DIRECTION('',(-8.386705679454E-1,-5.446390350150E-1,0.E0));
#340=VECTOR('',#339,3.334515419979E-1);
#341=CARTESIAN_POINT('',(7.376304011895E-1,-2.763636810218E-1,-1.12E0));
#342=LINE('',#341,#340);
#343=DIRECTION('',(-9.986295347546E-1,-5.233595624294E-2,0.E0));
#344=VECTOR('',#343,1.207452570380E0);
#345=CARTESIAN_POINT('',(1.943428199786E0,-2.131704961330E-1,-1.12E0));
#346=LINE('',#345,#344);
#347=CARTESIAN_POINT('',(0.E0,0.E0,-1.12E0));
#348=DIRECTION('',(0.E0,0.E0,-1.E0));
#349=DIRECTION('',(1.E0,0.E0,0.E0));
#350=AXIS2_PLACEMENT_3D('',#347,#348,#349);
#352=CARTESIAN_POINT('',(2.262095809671E0,0.E0,-9.979819601533E-1));
#353=DIRECTION('',(0.E0,-1.E0,0.E0));
#354=DIRECTION('',(7.941744417589E-1,0.E0,-6.076898518627E-1));
#355=AXIS2_PLACEMENT_3D('',#352,#353,#354);
#357=CARTESIAN_POINT('',(0.E0,0.E0,-1.848747752761E0));
#358=DIRECTION('',(0.E0,0.E0,1.E0));
#359=DIRECTION('',(-1.E0,0.E0,0.E0));
#360=AXIS2_PLACEMENT_3D('',#357,#358,#359);
#362=CARTESIAN_POINT('',(-2.262095809671E0,0.E0,-9.979819601533E-1));
#363=DIRECTION('',(0.E0,1.E0,0.E0));
#364=DIRECTION('',(-7.941744417589E-1,0.E0,-6.076898518627E-1));
#365=AXIS2_PLACEMENT_3D('',#362,#363,#364);
#367=DIRECTION('',(-8.715574274766E-2,0.E0,9.961946980917E-1));
#368=VECTOR('',#367,1.069712792995E0);
#369=CARTESIAN_POINT('',(-3.656768387E0,0.E0,-1.12E0));
#370=LINE('',#369,#368);
#371=DIRECTION('',(8.715574274766E-2,0.E0,9.961946980917E-1));
#372=VECTOR('',#371,1.069712792995E0);
#373=CARTESIAN_POINT('',(3.656768387E0,0.E0,-1.12E0));
#374=LINE('',#373,#372);
#375=CARTESIAN_POINT('',(0.E0,0.E0,-1.12E0));
#376=DIRECTION('',(0.E0,0.E0,-1.E0));
#377=DIRECTION('',(-1.E0,0.E0,0.E0));
#378=AXIS2_PLACEMENT_3D('',#375,#376,#377);
#380=CARTESIAN_POINT('',(0.E0,0.E0,-1.848747752761E0));
#381=DIRECTION('',(0.E0,0.E0,1.E0));
#382=DIRECTION('',(1.E0,0.E0,0.E0));
#383=AXIS2_PLACEMENT_3D('',#380,#381,#382);
#385=CARTESIAN_POINT('',(0.E0,0.E0,-5.435778713738E-2));
#386=DIRECTION('',(0.E0,0.E0,1.E0));
#387=DIRECTION('',(1.E0,0.E0,0.E0));
#388=AXIS2_PLACEMENT_3D('',#385,#386,#387);
#390=CARTESIAN_POINT('',(0.E0,0.E0,-5.435778713738E-2));
#391=DIRECTION('',(0.E0,0.E0,1.E0));
#392=DIRECTION('',(-1.E0,0.E0,0.E0));
#393=AXIS2_PLACEMENT_3D('',#390,#391,#392);
#395=CARTESIAN_POINT('',(-3.700190265095E0,0.E0,-5.E-2));
#396=DIRECTION('',(0.E0,1.E0,0.E0));
#397=DIRECTION('',(-9.961946980917E-1,0.E0,-8.715574274767E-2));
#398=AXIS2_PLACEMENT_3D('',#395,#396,#397);
#400=CARTESIAN_POINT('',(3.700190265095E0,0.E0,-5.E-2));
#401=DIRECTION('',(0.E0,-1.E0,0.E0));
#402=DIRECTION('',(9.961946980917E-1,0.E0,-8.715574274767E-2));
#403=AXIS2_PLACEMENT_3D('',#400,#401,#402);
#405=CARTESIAN_POINT('',(3.700190265095E0,0.E0,-5.E-2));
#406=DIRECTION('',(0.E0,-1.E0,0.E0));
#407=DIRECTION('',(7.372773368101E-1,0.E0,6.755902076157E-1));
#408=AXIS2_PLACEMENT_3D('',#405,#406,#407);
#410=CARTESIAN_POINT('',(0.E0,0.E0,-1.622048961922E-2));
#411=DIRECTION('',(0.E0,0.E0,1.E0));
#412=DIRECTION('',(-1.E0,0.E0,0.E0));
#413=AXIS2_PLACEMENT_3D('',#410,#411,#412);
#415=CARTESIAN_POINT('',(-3.700190265095E0,0.E0,-5.E-2));
#416=DIRECTION('',(0.E0,1.E0,0.E0));
#417=DIRECTION('',(-7.372773368101E-1,0.E0,6.755902076157E-1));
#418=AXIS2_PLACEMENT_3D('',#415,#416,#417);
#420=CARTESIAN_POINT('',(0.E0,0.E0,0.E0));
#421=DIRECTION('',(0.E0,0.E0,-1.E0));
#422=DIRECTION('',(1.E0,0.E0,0.E0));
#423=AXIS2_PLACEMENT_3D('',#420,#421,#422);
#425=CARTESIAN_POINT('',(0.E0,0.E0,0.E0));
#426=DIRECTION('',(0.E0,0.E0,-1.E0));
#427=DIRECTION('',(-1.E0,0.E0,0.E0));
#428=AXIS2_PLACEMENT_3D('',#425,#426,#427);
#430=CARTESIAN_POINT('',(0.E0,0.E0,0.E0));
#431=DIRECTION('',(0.E0,0.E0,1.E0));
#432=DIRECTION('',(1.E0,0.E0,0.E0));
#433=AXIS2_PLACEMENT_3D('',#430,#431,#432);
#435=CARTESIAN_POINT('',(0.E0,0.E0,0.E0));
#436=DIRECTION('',(0.E0,0.E0,1.E0));
#437=DIRECTION('',(-1.E0,0.E0,0.E0));
#438=AXIS2_PLACEMENT_3D('',#435,#436,#437);
#440=CARTESIAN_POINT('',(-1.585E0,0.E0,2.E-1));
#441=DIRECTION('',(0.E0,1.E0,0.E0));
#442=DIRECTION('',(7.071067811865E-1,0.E0,-7.071067811865E-1));
#443=AXIS2_PLACEMENT_3D('',#440,#441,#442);
#445=CARTESIAN_POINT('',(0.E0,0.E0,5.857864376269E-2));
#446=DIRECTION('',(0.E0,0.E0,1.E0));
#447=DIRECTION('',(-1.E0,0.E0,0.E0));
#448=AXIS2_PLACEMENT_3D('',#445,#446,#447);
#450=CARTESIAN_POINT('',(1.585E0,0.E0,2.E-1));
#451=DIRECTION('',(0.E0,-1.E0,0.E0));
#452=DIRECTION('',(-7.071067811865E-1,0.E0,-7.071067811865E-1));
#453=AXIS2_PLACEMENT_3D('',#450,#451,#452);
#455=CARTESIAN_POINT('',(0.E0,0.E0,5.857864376269E-2));
#456=DIRECTION('',(0.E0,0.E0,1.E0));
#457=DIRECTION('',(1.E0,0.E0,0.E0));
#458=AXIS2_PLACEMENT_3D('',#455,#456,#457);
#460=CARTESIAN_POINT('',(5.014061272425E-2,1.384044910652E0,1.999973326308E-1));
#461=CARTESIAN_POINT('',(1.883928184176E-1,1.379013815769E0,1.868546071897E-1));
#462=CARTESIAN_POINT('',(4.635665377489E-1,1.330018785984E0,1.617288037711E-1));
#463=CARTESIAN_POINT('',(8.404784993286E-1,1.142484078338E0,1.277742127881E-1));
#464=CARTESIAN_POINT('',(1.149483083449E0,8.552235166886E-1,9.782021460324E-2));
#465=CARTESIAN_POINT('',(1.293664607736E0,6.131482405752E-1,7.978553363488E-2));
#466=CARTESIAN_POINT('',(1.347563513750E0,4.840667560469E-1,7.134952447527E-2));
#468=CARTESIAN_POINT('',(0.E0,0.E0,2.E-1));
#469=DIRECTION('',(0.E0,0.E0,-1.E0));
#470=DIRECTION('',(-1.E0,0.E0,0.E0));
#471=AXIS2_PLACEMENT_3D('',#468,#469,#470);
#473=CARTESIAN_POINT('',(0.E0,0.E0,2.E-1));
#474=DIRECTION('',(0.E0,0.E0,-1.E0));
#475=DIRECTION('',(7.641733880715E-1,6.450108781744E-1,0.E0));
#476=AXIS2_PLACEMENT_3D('',#473,#474,#475);
#478=CARTESIAN_POINT('',(1.347563513750E0,4.840667560469E-1,7.134952447527E-2));
#479=CARTESIAN_POINT('',(1.316958493079E0,5.235057480640E-1,8.976341244704E-2));
#480=CARTESIAN_POINT('',(1.261700409101E0,6.107110233396E-1,1.229138220737E-1));
#481=CARTESIAN_POINT('',(1.169988043203E0,7.523348865815E-1,1.620971123294E-1));
#482=CARTESIAN_POINT('',(1.097847650705E0,8.465790701359E-1,1.873950956820E-1));
#483=CARTESIAN_POINT('',(1.058387007203E0,8.933298687067E-1,1.999999933818E-1));
#485=CARTESIAN_POINT('',(-5.374017030147E-1,-1.061005121363E0,1.023578125E1));
#486=CARTESIAN_POINT('',(-5.816028684234E-1,-1.047962324465E0,
1.022502523771E1));
#487=CARTESIAN_POINT('',(-6.695716655829E-1,-1.016057485373E0,
1.020351314384E1));
#488=CARTESIAN_POINT('',(-7.979130950605E-1,-9.511625057604E-1,
1.017124508982E1));
#489=CARTESIAN_POINT('',(-9.203289714797E-1,-8.696407767524E-1,
1.013897719959E1));
#490=CARTESIAN_POINT('',(-1.034514103344E0,-7.719330071347E-1,
1.010670932879E1));
#491=CARTESIAN_POINT('',(-1.138129893584E0,-6.583679864851E-1,
1.007444105763E1));
#492=CARTESIAN_POINT('',(-1.228969477928E0,-5.297233518454E-1,
1.004217190349E1));
#493=CARTESIAN_POINT('',(-1.305202466453E0,-3.880343012126E-1,
1.000990229512E1));
#494=CARTESIAN_POINT('',(-1.364930876267E0,-2.351369582842E-1,
9.977633305669E0));
#495=CARTESIAN_POINT('',(-1.406321830775E0,-7.295567461588E-2,
9.945366318476E0));
#496=CARTESIAN_POINT('',(-1.427356880704E0,9.674485732709E-2,9.913103883327E0));
#497=CARTESIAN_POINT('',(-1.426934703505E0,2.714719580700E-1,9.880845226966E0));
#498=CARTESIAN_POINT('',(-1.404668824470E0,4.481650744874E-1,9.848585271734E0));
#499=CARTESIAN_POINT('',(-1.359997802636E0,6.238860608448E-1,9.816317915410E0));
#500=CARTESIAN_POINT('',(-1.292457008444E0,7.956575812725E-1,9.784036715523E0));
#501=CARTESIAN_POINT('',(-1.201376302459E0,9.605113154702E-1,9.751732884440E0));
#502=CARTESIAN_POINT('',(-1.088031860074E0,1.115411884825E0,9.719426533064E0));
#503=CARTESIAN_POINT('',(-9.539798120866E-1,1.257384812219E0,9.687136196440E0));
#504=CARTESIAN_POINT('',(-8.007221379272E-1,1.383394798925E0,9.654878258580E0));
#505=CARTESIAN_POINT('',(-6.297479975394E-1,1.490465277621E0,9.622707915029E0));
#506=CARTESIAN_POINT('',(-4.425172525598E-1,1.575491831310E0,9.590484658809E0));
#507=CARTESIAN_POINT('',(-2.425865393221E-1,1.636695125553E0,9.558191007527E0));
#508=CARTESIAN_POINT('',(-3.329989111076E-2,1.672392211464E0,9.525881281671E0));
#509=CARTESIAN_POINT('',(1.819291319069E-1,1.680922207796E0,9.493587150824E0));
#510=CARTESIAN_POINT('',(3.998089549494E-1,1.660433503095E0,9.461372896554E0));
#511=CARTESIAN_POINT('',(6.168456553838E-1,1.609808360394E0,9.429083980172E0));
#512=CARTESIAN_POINT('',(8.284820372178E-1,1.530034976466E0,9.396761596075E0));
#513=CARTESIAN_POINT('',(1.030413809377E0,1.421838092120E0,9.364454702094E0));
#514=CARTESIAN_POINT('',(1.218433854874E0,1.286160660260E0,9.332219607185E0));
#515=CARTESIAN_POINT('',(1.388409204152E0,1.123446049367E0,9.300101717656E0));
#516=CARTESIAN_POINT('',(1.536985921966E0,9.357939404309E-1,9.267888295204E0));
#517=CARTESIAN_POINT('',(1.660817090861E0,7.270922603720E-1,9.235610959336E0));
#518=CARTESIAN_POINT('',(1.756634747562E0,5.009293657311E-1,9.203281329804E0));
#519=CARTESIAN_POINT('',(1.821233604108E0,2.611753219255E-1,9.170926446468E0));
#520=CARTESIAN_POINT('',(1.851760051704E0,1.120479451615E-2,9.138646394649E0));
#521=CARTESIAN_POINT('',(1.847233689944E0,-2.442942616371E-1,9.106401627723E0));
#522=CARTESIAN_POINT('',(1.806276891135E0,-4.996822048132E-1,9.074131898148E0));
#523=CARTESIAN_POINT('',(1.728931554586E0,-7.495654618763E-1,9.041861298027E0));
#524=CARTESIAN_POINT('',(1.615759078177E0,-9.887072421086E-1,9.009596888954E0));
#525=CARTESIAN_POINT('',(1.467566900013E0,-1.211854890660E0,8.977329869567E0));
#526=CARTESIAN_POINT('',(1.287107204304E0,-1.413808692412E0,8.945059711189E0));
#527=CARTESIAN_POINT('',(1.076738170652E0,-1.589276894742E0,8.912791177383E0));
#528=CARTESIAN_POINT('',(8.407005675035E-1,-1.733997045809E0,8.880524120088E0));
#529=CARTESIAN_POINT('',(5.832422587847E-1,-1.843606907935E0,8.848255267418E0));
#530=CARTESIAN_POINT('',(3.095060509362E-1,-1.914733001832E0,8.815985504920E0));
#531=CARTESIAN_POINT('',(2.550621015230E-2,-1.944896557933E0,8.783719661645E0));
#532=CARTESIAN_POINT('',(-2.628122757671E-1,-1.931713731281E0,
8.751457080283E0));
#533=CARTESIAN_POINT('',(-5.485383767194E-1,-1.875110194587E0,
8.719186704878E0));
#534=CARTESIAN_POINT('',(-8.248101970715E-1,-1.774537312074E0,
8.686907113904E0));
#535=CARTESIAN_POINT('',(-1.084958163452E0,-1.631798235704E0,8.654640459220E0));
#536=CARTESIAN_POINT('',(-1.322349798913E0,-1.448657481161E0,8.622389784234E0));
#537=CARTESIAN_POINT('',(-1.530314435297E0,-1.228407359072E0,8.590077021469E0));
#538=CARTESIAN_POINT('',(-1.702166670103E0,-9.779508248775E-1,
8.557864208360E0));
#539=CARTESIAN_POINT('',(-1.833009727558E0,-7.014300042475E-1,
8.525565640611E0));
#540=CARTESIAN_POINT('',(-1.919738573078E0,-4.076149657271E-1,
8.493256887475E0));
#541=CARTESIAN_POINT('',(-1.959774190260E0,-1.045081470663E-1,
8.461119716855E0));
#542=CARTESIAN_POINT('',(-1.952231275533E0,2.010588612044E-1,8.428838265125E0));
#543=CARTESIAN_POINT('',(-1.897274026695E0,5.015885444882E-1,8.396449043670E0));
#544=CARTESIAN_POINT('',(-1.796425158042E0,7.904215700094E-1,8.364210638638E0));
#545=CARTESIAN_POINT('',(-1.652231114380E0,1.060151065674E0,8.331984770720E0));
#546=CARTESIAN_POINT('',(-1.467110301383E0,1.303586299556E0,8.299650618796E0));
#547=CARTESIAN_POINT('',(-1.246687805119E0,1.515647660598E0,8.267365665675E0));
#548=CARTESIAN_POINT('',(-9.962665434796E-1,1.690869617287E0,8.235265523084E0));
#549=CARTESIAN_POINT('',(-7.215216348806E-1,1.825100718690E0,8.202980143089E0));
#550=CARTESIAN_POINT('',(-4.294156785782E-1,1.914936707694E0,8.170566578596E0));
#551=CARTESIAN_POINT('',(-1.266358304704E-1,1.958540692846E0,8.138322824482E0));
#552=CARTESIAN_POINT('',(1.791654967928E-1,1.954913669709E0,8.106108976510E0));
#553=CARTESIAN_POINT('',(4.805085970251E-1,1.902850771773E0,8.073786500528E0));
#554=CARTESIAN_POINT('',(7.702915975309E-1,1.804962496877E0,8.041510640469E0));
#555=CARTESIAN_POINT('',(1.041224654267E0,1.663543493311E0,8.009384744142E0));
#556=CARTESIAN_POINT('',(1.287108242937E0,1.481794098896E0,7.977091025915E0));
#557=CARTESIAN_POINT('',(1.501431055037E0,1.263795976454E0,7.944656032927E0));
#558=CARTESIAN_POINT('',(1.679738601386E0,1.015222781010E0,7.912407887496E0));
#559=CARTESIAN_POINT('',(1.817297151939E0,7.420230351854E-1,7.880277919538E0));
#560=CARTESIAN_POINT('',(1.910016639551E0,4.505709154504E-1,7.847950848344E0));
#561=CARTESIAN_POINT('',(1.956759168275E0,1.486246830820E-1,7.815668622212E0));
#562=CARTESIAN_POINT('',(1.956351664438E0,-1.570790217328E-1,7.783489207261E0));
#563=CARTESIAN_POINT('',(1.908521857035E0,-4.591818862724E-1,7.751147983182E0));
#564=CARTESIAN_POINT('',(1.813557257244E0,-7.499468318817E-1,7.718757655642E0));
#565=CARTESIAN_POINT('',(1.675160708186E0,-1.022697869991E0,7.686568584764E0));
#566=CARTESIAN_POINT('',(1.495979284433E0,-1.270417749795E0,7.654445350994E0));
#567=CARTESIAN_POINT('',(1.280464675032E0,-1.487234395395E0,7.622106256894E0));
#568=CARTESIAN_POINT('',(1.033955545658E0,-1.667957359233E0,7.589749493684E0));
#569=CARTESIAN_POINT('',(7.623622364569E-1,-1.808788567240E0,7.557532379976E0));
#570=CARTESIAN_POINT('',(4.722601236445E-1,-1.905303645812E0,7.525270582652E0));
#571=CARTESIAN_POINT('',(1.704258355843E-1,-1.955017509345E0,7.492930890050E0));
#572=CARTESIAN_POINT('',(-1.352899442592E-1,-1.957853379239E0,
7.460757512511E0));
#573=CARTESIAN_POINT('',(-4.376985253283E-1,-1.913160504367E0,
7.428575279592E0));
#574=CARTESIAN_POINT('',(-7.295368442216E-1,-1.822096017541E0,
7.396184702473E0));
#575=CARTESIAN_POINT('',(-1.003607036145E0,-1.686448204970E0,7.363819911280E0));
#576=CARTESIAN_POINT('',(-1.253762805570E0,-1.510359545105E0,7.331642386583E0));
#577=CARTESIAN_POINT('',(-1.473024520906E0,-1.297092315670E0,7.299447103042E0));
#578=CARTESIAN_POINT('',(-1.656325181849E0,-1.052400333504E0,7.267099578280E0));
#579=CARTESIAN_POINT('',(-1.799643726952E0,-7.825751819395E-1,
7.234881323337E0));
#580=CARTESIAN_POINT('',(-1.899811070652E0,-4.936101513998E-1,
7.202669224737E0));
#581=CARTESIAN_POINT('',(-1.953316227858E0,-1.924839052565E-1,
7.170248284059E0));
#582=CARTESIAN_POINT('',(-1.959204040396E0,1.133689584612E-1,7.137935955876E0));
#583=CARTESIAN_POINT('',(-1.918094656525E0,4.163596074313E-1,7.105838783498E0));
#584=CARTESIAN_POINT('',(-1.829929286314E0,7.091363247612E-1,7.073604854575E0));
#585=CARTESIAN_POINT('',(-1.697608710420E0,9.846141398864E-1,7.041226003635E0));
#586=CARTESIAN_POINT('',(-1.524065188632E0,1.236436951510E0,7.008939435074E0));
#587=CARTESIAN_POINT('',(-1.313850896151E0,1.458602808685E0,6.976724982808E0));
#588=CARTESIAN_POINT('',(-1.071163241665E0,1.644604482908E0,6.944415826550E0));
#589=CARTESIAN_POINT('',(-8.024809819017E-1,1.790856075803E0,6.912113909920E0));
#590=CARTESIAN_POINT('',(-5.147209737426E-1,1.893823972692E0,6.879990230058E0));
#591=CARTESIAN_POINT('',(-2.143514219009E-1,1.950970690849E0,6.847728846970E0));
#592=CARTESIAN_POINT('',(9.119365934359E-2,1.960445843546E0,6.815289234595E0));
#593=CARTESIAN_POINT('',(3.947270669335E-1,1.922514203579E0,6.783012300670E0));
#594=CARTESIAN_POINT('',(6.887624418595E-1,1.838196493326E0,6.750885849963E0));
#595=CARTESIAN_POINT('',(9.657352102239E-1,1.708428685416E0,6.718583693552E0));
#596=CARTESIAN_POINT('',(1.219187635311E0,1.537714653835E0,6.686278355415E0));
#597=CARTESIAN_POINT('',(1.443292281140E0,1.329878602110E0,6.654096306948E0));
#598=CARTESIAN_POINT('',(1.632748312734E0,1.089743170867E0,6.621798038502E0));
#599=CARTESIAN_POINT('',(1.781808581516E0,8.226602395205E-1,6.589382254818E0));
#600=CARTESIAN_POINT('',(1.888050217633E0,5.358233015143E-1,6.557158377849E0));
#601=CARTESIAN_POINT('',(1.948423908388E0,2.361170653544E-1,6.525060140066E0));
#602=CARTESIAN_POINT('',(1.961285398369E0,-6.934761402139E-2,6.492742871154E0));
#603=CARTESIAN_POINT('',(1.926658513922E0,-3.729972641701E-1,6.460370002835E0));
#604=CARTESIAN_POINT('',(1.845612448270E0,-6.680008760153E-1,6.428141677164E0));
#605=CARTESIAN_POINT('',(1.719714933286E0,-9.466319807175E-1,6.395896499102E0));
#606=CARTESIAN_POINT('',(1.551308978903E0,-1.201966413160E0,6.363557342760E0));
#607=CARTESIAN_POINT('',(1.345787749437E0,-1.428387846390E0,6.331349443479E0));
#608=CARTESIAN_POINT('',(1.107699876111E0,-1.620070296810E0,6.299191578681E0));
#609=CARTESIAN_POINT('',(8.427380329968E-1,-1.772622269764E0,6.266838435128E0));
#610=CARTESIAN_POINT('',(5.571104016007E-1,-1.881736949313E0,6.234438180258E0));
#611=CARTESIAN_POINT('',(2.579772417940E-1,-1.945829121924E0,6.202236370287E0));
#612=CARTESIAN_POINT('',(-4.745439327584E-2,-1.962235580902E0,
6.170073363091E0));
#613=CARTESIAN_POINT('',(-3.516007003108E-1,-1.930640159529E0,
6.137725330930E0));
#614=CARTESIAN_POINT('',(-6.470023221550E-1,-1.852685550714E0,
6.105484979580E0));
#615=CARTESIAN_POINT('',(-9.271249444763E-1,-1.730040446607E0,
6.073291765398E0));
#616=CARTESIAN_POINT('',(-1.184660923577E0,-1.565061640640E0,6.040890703445E0));
#617=CARTESIAN_POINT('',(-1.413175386414E0,-1.361694215901E0,6.008549149808E0));
#618=CARTESIAN_POINT('',(-1.607779625976E0,-1.125810172070E0,5.976426487055E0));
#619=CARTESIAN_POINT('',(-1.762942039341E0,-8.623525815123E-1,
5.944231935562E0));
#620=CARTESIAN_POINT('',(-1.875409218513E0,-5.781552470928E-1,
5.911866176616E0));
#621=CARTESIAN_POINT('',(-1.942427487480E0,-2.798263095065E-1,
5.879549886294E0));
#622=CARTESIAN_POINT('',(-1.962871720977E0,2.538481537162E-2,5.847339449883E0));
#623=CARTESIAN_POINT('',(-1.934870892947E0,3.298429118791E-1,5.815046797883E0));
#624=CARTESIAN_POINT('',(-1.859760157761E0,6.263999040160E-1,5.782724334328E0));
#625=CARTESIAN_POINT('',(-1.740035281027E0,9.076264678705E-1,5.750591028938E0));
#626=CARTESIAN_POINT('',(-1.578070843782E0,1.166944059971E0,5.718360779714E0));
#627=CARTESIAN_POINT('',(-1.377692263813E0,1.397801295092E0,5.685928346437E0));
#628=CARTESIAN_POINT('',(-1.143735263789E0,1.594825565432E0,5.653621232135E0));
#629=CARTESIAN_POINT('',(-8.822562667474E-1,1.753577627277E0,5.621485193872E0));
#630=CARTESIAN_POINT('',(-5.989647693167E-1,1.868925733304E0,5.589217522399E0));
#631=CARTESIAN_POINT('',(-3.014903460612E-1,1.939090995714E0,5.556891835797E0));
#632=CARTESIAN_POINT('',(3.200531488005E-3,1.962500823414E0,5.524701492385E0));
#633=CARTESIAN_POINT('',(3.081401303749E-1,1.938656395496E0,5.492440270620E0));
#634=CARTESIAN_POINT('',(6.054540823557E-1,1.866901706293E0,5.460011974658E0));
#635=CARTESIAN_POINT('',(8.881666994072E-1,1.750078586164E0,5.427754454494E0));
#636=CARTESIAN_POINT('',(1.149282228468E0,1.591046656421E0,5.395668237141E0));
#637=CARTESIAN_POINT('',(1.382302110511E0,1.393086732698E0,5.363377547996E0));
#638=CARTESIAN_POINT('',(1.581760825460E0,1.161559363962E0,5.330995269771E0));
#639=CARTESIAN_POINT('',(1.743261380958E0,9.017517279939E-1,5.298750437419E0));
#640=CARTESIAN_POINT('',(1.862551638753E0,6.201943984637E-1,5.266519356564E0));
#641=CARTESIAN_POINT('',(1.935725546583E0,3.232462335863E-1,5.234187836732E0));
#642=CARTESIAN_POINT('',(1.962391244382E0,1.856755156762E-2,5.201939931410E0));
#643=CARTESIAN_POINT('',(1.941533354939E0,-2.863526663018E-1,5.169804929914E0));
#644=CARTESIAN_POINT('',(1.873707796453E0,-5.844913939826E-1,5.137486250734E0));
#645=CARTESIAN_POINT('',(1.759966278757E0,-8.682707818480E-1,5.105061790535E0));
#646=CARTESIAN_POINT('',(1.603883214350E0,-1.131377684119E0,5.072833842473E0));
#647=CARTESIAN_POINT('',(1.408731407028E0,-1.366907544472E0,5.040693771476E0));
#648=CARTESIAN_POINT('',(1.178996217682E0,-1.568772247474E0,5.008354455400E0));
#649=CARTESIAN_POINT('',(9.212014297115E-1,-1.732743131132E0,4.976089968965E0));
#650=CARTESIAN_POINT('',(6.410025359593E-1,-1.855090036760E0,4.943907874648E0));
#651=CARTESIAN_POINT('',(3.450699758109E-1,-1.932372431890E0,4.911537349428E0));
#652=CARTESIAN_POINT('',(4.062208582521E-2,-1.962057671924E0,4.879168345602E0));
#653=CARTESIAN_POINT('',(-2.647206444460E-1,-1.944777153450E0,
4.847006859902E0));
#654=CARTESIAN_POINT('',(-5.635087927116E-1,-1.879956329040E0,
4.814856968173E0));
#655=CARTESIAN_POINT('',(-8.485631634288E-1,-1.769574598114E0,
4.782505097310E0));
#656=CARTESIAN_POINT('',(-1.113043507750E0,-1.616269546434E0,4.750163638811E0));
#657=CARTESIAN_POINT('',(-1.351032354085E0,-1.424043546488E0,4.717951359933E0));
#658=CARTESIAN_POINT('',(-1.555719916921E0,-1.196941054526E0,4.685676548415E0));
#659=CARTESIAN_POINT('',(-1.722407136744E0,-9.404264844216E-1,
4.653341310901E0));
#660=CARTESIAN_POINT('',(-1.847655320090E0,-6.615717959532E-1,
4.621188118044E0));
#661=CARTESIAN_POINT('',(-1.928075512289E0,-3.666223818904E-1,
4.588986741687E0));
#662=CARTESIAN_POINT('',(-1.961674590384E0,-6.277318137611E-2,
4.556573626332E0));
#663=CARTESIAN_POINT('',(-1.947433700046E0,2.427266679377E-1,4.524234896955E0));
#664=CARTESIAN_POINT('',(-1.886521709593E0,5.425107763149E-1,4.492075693300E0));
#665=CARTESIAN_POINT('',(-1.779029102611E0,8.288758782837E-1,4.459851174392E0));
#666=CARTESIAN_POINT('',(-1.628511582565E0,1.094946104975E0,4.427509919535E0));
#667=CARTESIAN_POINT('',(-1.438860643971E0,1.334509961874E0,4.395305368571E0));
#668=CARTESIAN_POINT('',(-1.214360978890E0,1.542227737915E0,4.363074948652E0));
#669=CARTESIAN_POINT('',(-9.599302714929E-1,1.711948609325E0,4.330646574172E0));
#670=CARTESIAN_POINT('',(-6.821714318472E-1,1.840127998481E0,4.298356799578E0));
#671=CARTESIAN_POINT('',(-3.881487380195E-1,1.923991290698E0,4.266269253941E0));
#672=CARTESIAN_POINT('',(-8.459505469283E-2,1.960693186335E0,4.234009741541E0));
#673=CARTESIAN_POINT('',(2.208132096145E-1,1.950002876813E0,4.201626057030E0));
#674=CARTESIAN_POINT('',(5.211597870325E-1,1.892130444440E0,4.169359204456E0));
#675=CARTESIAN_POINT('',(8.089571950904E-1,1.788682015732E0,4.137139122660E0));
#676=CARTESIAN_POINT('',(1.076677713189E0,1.640916003489E0,4.104819309298E0));
#677=CARTESIAN_POINT('',(1.318472706950E0,1.453560964256E0,4.072537370125E0));
#678=CARTESIAN_POINT('',(1.528223961726E0,1.231278212276E0,4.040413479175E0));
#679=CARTESIAN_POINT('',(1.701098542861E0,9.790789359146E-1,4.008128296962E0));
#680=CARTESIAN_POINT('',(1.832309373326E0,7.029683902682E-1,3.975690890245E0));
#681=CARTESIAN_POINT('',(1.919434611422E0,4.097289304930E-1,3.943435175386E0));
#682=CARTESIAN_POINT('',(1.960070240734E0,1.065609491318E-1,3.911307350387E0));
#683=CARTESIAN_POINT('',(1.952318009384E0,-1.991924220621E-1,3.878986035888E0));
#684=CARTESIAN_POINT('',(1.897675819379E0,-4.998189734896E-1,3.846697465579E0));
#685=CARTESIAN_POINT('',(1.797248005671E0,-7.885393163495E-1,3.814517864483E0));
#686=CARTESIAN_POINT('',(1.653232381521E0,-1.058382251441E0,3.782188694701E0));
#687=CARTESIAN_POINT('',(1.468359458958E0,-1.302065744136E0,3.749790285868E0));
#688=CARTESIAN_POINT('',(1.248312583120E0,-1.514505827257E0,3.717591728261E0));
#689=CARTESIAN_POINT('',(9.979582299299E-1,-1.689984194397E0,3.685476482413E0));
#690=CARTESIAN_POINT('',(7.233500475274E-1,-1.824340796515E0,3.653142786257E0));
#691=CARTESIAN_POINT('',(4.312891696378E-1,-1.914452326899E0,3.620781097838E0));
#692=CARTESIAN_POINT('',(1.285605229314E-1,-1.958641803448E0,3.588561486037E0));
#693=CARTESIAN_POINT('',(-1.771566568287E-1,-1.954973592677E0,
3.556304346107E0));
#694=CARTESIAN_POINT('',(-4.786328971091E-1,-1.903175971111E0,
3.523964036798E0));
#695=CARTESIAN_POINT('',(-7.684596100324E-1,-1.805810904538E0,
3.491782159686E0));
#696=CARTESIAN_POINT('',(-1.039586397114E0,-1.664626400048E0,3.459606493182E0));
#697=CARTESIAN_POINT('',(-1.285583186968E0,-1.483099386273E0,3.427226060350E0));
#698=CARTESIAN_POINT('',(-1.500162650543E0,-1.265238579886E0,3.394850879918E0));
#699=CARTESIAN_POINT('',(-1.678922181589E0,-1.016981821299E0,3.362666943116E0));
#700=CARTESIAN_POINT('',(-1.816373544674E0,-7.437321692146E-1,
3.330481208608E0));
#701=CARTESIAN_POINT('',(-1.909501874067E0,-4.525124425552E-1,
3.298132641123E0));
#702=CARTESIAN_POINT('',(-1.956634464106E0,-1.506493757924E-1,
3.265908752939E0));
#703=CARTESIAN_POINT('',(-1.956723998184E0,1.551750901731E-1,3.233702461691E0));
#704=CARTESIAN_POINT('',(-1.908800849331E0,4.572406899813E-1,3.201285792483E0));
#705=CARTESIAN_POINT('',(-1.814261146155E0,7.481743923439E-1,3.168965396801E0));
#706=CARTESIAN_POINT('',(-1.676278458118E0,1.021045779567E0,3.136862805950E0));
#707=CARTESIAN_POINT('',(-1.497174346141E0,1.268860051678E0,3.104638871588E0));
#708=CARTESIAN_POINT('',(-1.281995834286E0,1.485884807568E0,3.072263187678E0));
#709=CARTESIAN_POINT('',(-1.035608021266E0,1.667032748834E0,3.039968528417E0));
#710=CARTESIAN_POINT('',(-7.642651262372E-1,1.808197870382E0,3.007755666559E0));
#711=CARTESIAN_POINT('',(-4.740960584497E-1,1.904587782100E0,2.975450757393E0));
#712=CARTESIAN_POINT('',(-1.723393015852E-1,1.954845332611E0,2.943142542064E0));
#713=CARTESIAN_POINT('',(1.332764624801E-1,1.957994880448E0,2.911017356849E0));
#714=CARTESIAN_POINT('',(4.358059060370E-1,1.913704288170E0,2.878764537146E0));
#715=CARTESIAN_POINT('',(7.276383722315E-1,1.822707837957E0,2.846325687187E0));
#716=CARTESIAN_POINT('',(1.002031386123E0,1.687519886781E0,2.814040756110E0));
#717=CARTESIAN_POINT('',(1.252311539593E0,1.511656457819E0,2.781913071987E0));
#718=CARTESIAN_POINT('',(1.471587197668E0,1.298410306289E0,2.749619264483E0));
#719=CARTESIAN_POINT('',(1.655224169367E0,1.054141632646E0,2.717308059097E0));
#720=CARTESIAN_POINT('',(1.798964942803E0,7.844238718702E-1,2.685124386636E0));
#721=CARTESIAN_POINT('',(1.899437239169E0,4.955222660228E-1,2.652836681528E0));
#722=CARTESIAN_POINT('',(1.952920765583E0,1.943755724737E-1,2.620416272663E0));
#723=CARTESIAN_POINT('',(1.959428060364E0,-1.114412474134E-1,2.588183217960E0));
#724=CARTESIAN_POINT('',(1.918442532155E0,-4.144088502976E-1,2.556089507059E0));
#725=CARTESIAN_POINT('',(1.830633110614E0,-7.072697948785E-1,2.523778930217E0));
#726=CARTESIAN_POINT('',(1.698563260169E0,-9.828688112562E-1,2.491402818696E0));
#727=CARTESIAN_POINT('',(1.525431111540E0,-1.235095967992E0,2.459170576457E0));
#728=CARTESIAN_POINT('',(1.315322970071E0,-1.457232249364E0,2.426929473234E0));
#729=CARTESIAN_POINT('',(1.072647329017E0,-1.643400636724E0,2.394591772469E0));
#730=CARTESIAN_POINT('',(8.043301093746E-1,-1.790101653387E0,2.362373268961E0));
#731=CARTESIAN_POINT('',(5.166367880762E-1,-1.893326940357E0,2.330222026123E0));
#732=CARTESIAN_POINT('',(2.163413414811E-1,-1.950796885666E0,2.297878417601E0));
#733=CARTESIAN_POINT('',(-8.925609093072E-2,-1.960446139909E0,
2.265470512735E0));
#734=CARTESIAN_POINT('',(-3.928916738731E-1,-1.923109098921E0,
2.233261848755E0));
#735=CARTESIAN_POINT('',(-6.868922035135E-1,-1.838721197701E0,
2.201105981522E0));
#736=CARTESIAN_POINT('',(-9.639607320338E-1,-1.709324871423E0,
2.168759387973E0));
#737=CARTESIAN_POINT('',(-1.217590487118E0,-1.538997609610E0,2.136512659158E0));
#738=CARTESIAN_POINT('',(-1.442141380891E0,-1.331440422350E0,2.104323205018E0));
#739=CARTESIAN_POINT('',(-1.631557681073E0,-1.091304308909E0,2.071929343904E0));
#740=CARTESIAN_POINT('',(-1.780931509243E0,-8.243542427372E-1,
2.039580482606E0));
#741=CARTESIAN_POINT('',(-1.887637833190E0,-5.377677279073E-1,
2.007448328539E0));
#742=CARTESIAN_POINT('',(-1.948073934876E0,-2.380471275014E-1,
1.975264684696E0));
#743=CARTESIAN_POINT('',(-1.961353502469E0,6.731547281617E-2,1.942902344719E0));
#744=CARTESIAN_POINT('',(-1.927053992010E0,3.711228361485E-1,1.910582745987E0));
#745=CARTESIAN_POINT('',(-1.846493043007E0,6.662302974659E-1,1.878373174468E0));
#746=CARTESIAN_POINT('',(-1.720480384405E0,9.448020430018E-1,1.846076715027E0));
#747=CARTESIAN_POINT('',(-1.552443985406E0,1.200445833238E0,1.813720553211E0));
#748=CARTESIAN_POINT('',(-1.347363144203E0,1.427184528334E0,1.781589986171E0));
#749=CARTESIAN_POINT('',(-1.109172218781E0,1.618919089155E0,1.749383149005E0));
#750=CARTESIAN_POINT('',(-8.442815068108E-1,1.771572890172E0,1.717031390135E0));
#751=CARTESIAN_POINT('',(-5.590065602320E-1,1.881094802276E0,1.684731719968E0));
#752=CARTESIAN_POINT('',(-2.599851163534E-1,1.945392416570E0,1.652563268812E0));
#753=CARTESIAN_POINT('',(4.530425815297E-2,1.962384707648E0,1.620199891215E0));
#754=CARTESIAN_POINT('',(3.495383188306E-1,1.931118440462E0,1.587832655555E0));
#755=CARTESIAN_POINT('',(6.454461932877E-1,1.853631483414E0,1.555617233353E0));
#756=CARTESIAN_POINT('',(9.255473588909E-1,1.730917165740E0,1.523492568490E0));
#757=CARTESIAN_POINT('',(1.182938862761E0,1.565722443782E0,1.491123434383E0));
#758=CARTESIAN_POINT('',(1.411809153702E0,1.363129730926E0,1.458867602956E0));
#759=CARTESIAN_POINT('',(1.606257994290E0,1.127363937377E0,1.426707970749E0));
#760=CARTESIAN_POINT('',(1.762131470473E0,8.642936470962E-1,1.394420689931E0));
#761=CARTESIAN_POINT('',(1.874826353511E0,5.801628865118E-1,1.361974613327E0));
#762=CARTESIAN_POINT('',(1.942432510561E0,2.817225563806E-1,1.329714661777E0));
#763=CARTESIAN_POINT('',(1.963008263856E0,-2.338193718662E-2,1.297552875558E0));
#764=CARTESIAN_POINT('',(1.934607661454E0,-3.278876915824E-1,1.265327492408E0));
#765=CARTESIAN_POINT('',(1.858874201728E0,-6.240711367208E-1,1.233015856763E0));
#766=CARTESIAN_POINT('',(1.737054278386E0,-9.040050449465E-1,1.200709628061E0));
#767=CARTESIAN_POINT('',(1.572498196554E0,-1.160697830865E0,1.168426102021E0));
#768=CARTESIAN_POINT('',(1.369985355068E0,-1.387764720095E0,1.136226566912E0));
#769=CARTESIAN_POINT('',(1.134346173789E0,-1.579112246337E0,1.103899211597E0));
#770=CARTESIAN_POINT('',(8.725854482734E-1,-1.730621472418E0,1.071676599250E0));
#771=CARTESIAN_POINT('',(5.907815629476E-1,-1.838033448534E0,1.039392879378E0));
#772=CARTESIAN_POINT('',(2.968736810898E-1,-1.899647295754E0,1.007113538676E0));
#773=CARTESIAN_POINT('',(-1.787862141434E-3,-1.913618553331E0,
9.748781751601E-1));
#774=CARTESIAN_POINT('',(-2.976189714658E-1,-1.880607428415E0,
9.425770676118E-1));
#775=CARTESIAN_POINT('',(-5.827613305258E-1,-1.801512260047E0,
9.103318053272E-1));
#776=CARTESIAN_POINT('',(-8.506326853488E-1,-1.679126655804E0,
8.780659953584E-1));
#777=CARTESIAN_POINT('',(-1.094031568409E0,-1.516925486623E0,
8.457678181353E-1));
#778=CARTESIAN_POINT('',(-1.307606803818E0,-1.319585489766E0,
8.135480171545E-1));
#779=CARTESIAN_POINT('',(-1.486019005652E0,-1.092572478680E0,
7.812185684473E-1));
#780=CARTESIAN_POINT('',(-1.625281436127E0,-8.420751339776E-1,
7.489990882628E-1));
#781=CARTESIAN_POINT('',(-1.722754318621E0,-5.747269515601E-1,
7.167018352490E-1));
#782=CARTESIAN_POINT('',(-1.776000287285E0,-2.976130742979E-1,
6.844208364844E-1));
#783=CARTESIAN_POINT('',(-1.785245964432E0,-1.789984929007E-2,
6.521786450678E-1));
#784=CARTESIAN_POINT('',(-1.750097144686E0,2.571235340560E-1,
6.199075144355E-1));
#785=CARTESIAN_POINT('',(-1.673068603815E0,5.209616264122E-1,
5.876486066258E-1));
#786=CARTESIAN_POINT('',(-1.556286731620E0,7.671831054132E-1,
5.553368854992E-1));
#787=CARTESIAN_POINT('',(-1.403717932778E0,9.895436371120E-1,
5.229629018374E-1));
#788=CARTESIAN_POINT('',(-1.220301046663E0,1.182492796302E0,4.909790100887E-1));
#789=CARTESIAN_POINT('',(-1.009920955591E0,1.342188039576E0,4.587519527862E-1));
#790=CARTESIAN_POINT('',(-7.796379763486E-1,1.466189623379E0,
4.264064991615E-1));
#791=CARTESIAN_POINT('',(-5.360548712108E-1,1.552189282348E0,
3.940188757836E-1));
#792=CARTESIAN_POINT('',(-2.860820102926E-1,1.598103549015E0,
3.617470511984E-1));
#793=CARTESIAN_POINT('',(-3.521631751663E-2,1.602666674322E0,
3.296190156610E-1));
#794=CARTESIAN_POINT('',(2.113026266143E-1,1.568255237771E0,2.974491719109E-1));
#795=CARTESIAN_POINT('',(4.473124432449E-1,1.496946490093E0,2.651778125444E-1));
#796=CARTESIAN_POINT('',(6.666699150800E-1,1.391197344516E0,2.327493127521E-1));
#797=CARTESIAN_POINT('',(8.628210864792E-1,1.253736456738E0,2.003094572744E-1));
#798=CARTESIAN_POINT('',(1.032782668435E0,1.089369300035E0,1.681659647878E-1));
#799=CARTESIAN_POINT('',(1.172766738903E0,9.026972607802E-1,1.358779625335E-1));
#800=CARTESIAN_POINT('',(1.280198288076E0,6.994569222414E-1,1.036161096372E-1));
#801=CARTESIAN_POINT('',(1.329069275674E0,5.564911561720E-1,8.210568632185E-2));
#802=CARTESIAN_POINT('',(1.347563513750E0,4.840667560469E-1,7.134952447527E-2));
#804=DIRECTION('',(-1.627067580068E-1,-8.506054169089E-1,-4.999969356148E-1));
#805=VECTOR('',#804,3.199312851442E-1);
#806=CARTESIAN_POINT('',(-4.853467208239E-1,-7.888698371804E-1,
1.039574591218E1));
#807=LINE('',#806,#805);
#808=CARTESIAN_POINT('',(6.766492541929E-1,-5.812659147066E-6,
1.082768578557E1));
#809=CARTESIAN_POINT('',(6.988512360041E-1,-7.843181313133E-2,
1.078923082504E1));
#810=CARTESIAN_POINT('',(7.151858326197E-1,-2.493972537754E-1,
1.071337310599E1));
#811=CARTESIAN_POINT('',(6.427587076531E-1,-5.124210541611E-1,
1.060246725690E1));
#812=CARTESIAN_POINT('',(5.302546147505E-1,-6.693842575592E-1,
1.053020065036E1));
#813=CARTESIAN_POINT('',(4.601035061180E-1,-7.374006210823E-1,
1.049455496604E1));
#815=DIRECTION('',(5.001568457225E-1,6.512193609013E-6,-8.659348299003E-1));
#816=VECTOR('',#815,8.925808254426E-1);
#817=CARTESIAN_POINT('',(6.766492541929E-1,-5.812659147066E-6,
1.082768578557E1));
#818=LINE('',#817,#816);
#819=CARTESIAN_POINT('',(-5.126929442818E-1,-9.308670335027E-1,
1.015932004975E1));
#820=CARTESIAN_POINT('',(-5.526824548464E-1,-9.168004750379E-1,
1.014722024882E1));
#821=CARTESIAN_POINT('',(-6.314543693578E-1,-8.835012164716E-1,
1.012328264632E1));
#822=CARTESIAN_POINT('',(-7.413811513647E-1,-8.204489024763E-1,
1.008880776113E1));
#823=CARTESIAN_POINT('',(-8.098476782374E-1,-7.698525402654E-1,
1.006601788005E1));
#824=CARTESIAN_POINT('',(-8.425203201645E-1,-7.426204066145E-1,
1.005475075277E1));
#826=CARTESIAN_POINT('',(4.601035061180E-1,-7.374006210823E-1,
1.049455496604E1));
#827=CARTESIAN_POINT('',(3.838209780561E-1,-8.113618208447E-1,
1.045579374092E1));
#828=CARTESIAN_POINT('',(1.976500397620E-1,-9.347204791591E-1,
1.037947781671E1));
#829=CARTESIAN_POINT('',(-1.462745175686E-1,-1.010036511162E0,
1.026829544678E1));
#830=CARTESIAN_POINT('',(-3.933067148729E-1,-9.728618804553E-1,
1.019544326279E1));
#831=CARTESIAN_POINT('',(-5.126929442818E-1,-9.308670335027E-1,
1.015932004975E1));
#833=CARTESIAN_POINT('',(-1.068122097519E0,-1.024568652298E-4,
1.015019693123E1));
#834=CARTESIAN_POINT('',(-1.052403385516E0,-1.181655900848E-1,
1.017742253905E1));
#835=CARTESIAN_POINT('',(-9.813585790702E-1,-3.456132934825E-1,
1.023159417536E1));
#836=CARTESIAN_POINT('',(-7.723655122699E-1,-6.231279433968E-1,
1.031459022059E1));
#837=CARTESIAN_POINT('',(-5.849324317157E-1,-7.464246289159E-1,
1.036797668061E1));
#838=CARTESIAN_POINT('',(-4.853467208239E-1,-7.888698371804E-1,
1.039574591218E1));
#840=DIRECTION('',(-5.000483818594E-1,-4.796585501561E-5,-8.659974673745E-1));
#841=VECTOR('',#840,2.136037504105E0);
#842=CARTESIAN_POINT('',(0.E0,0.E0,1.2E1));
#843=LINE('',#842,#841);
#844=DIRECTION('',(4.999049581033E-1,-2.756957958487E-5,-8.660802688572E-1));
#845=VECTOR('',#844,1.314142606185E0);
#846=CARTESIAN_POINT('',(0.E0,0.E0,1.2E1));
#847=LINE('',#846,#845);
#848=CARTESIAN_POINT('',(3.871210511571E-1,-6.840568668969E-1,
1.063858498272E1));
#849=CARTESIAN_POINT('',(4.570897311812E-1,-6.276299866217E-1,
1.066395499043E1));
#850=CARTESIAN_POINT('',(5.766621365883E-1,-4.925873604524E-1,
1.071292953913E1));
#851=CARTESIAN_POINT('',(6.705788839671E-1,-2.463090355411E-1,
1.078882150375E1));
#852=CARTESIAN_POINT('',(6.709288113426E-1,-7.915033980513E-2,
1.083762877923E1));
#853=CARTESIAN_POINT('',(6.569464044868E-1,-3.623035916709E-5,
1.086184701832E1));
#855=CARTESIAN_POINT('',(-4.853467208239E-1,-7.888698371804E-1,
1.039574591218E1));
#856=CARTESIAN_POINT('',(-4.117046985493E-1,-8.202573820850E-1,
1.041628080972E1));
#857=CARTESIAN_POINT('',(-2.570763759484E-1,-8.648080350696E-1,
1.045537333084E1));
#858=CARTESIAN_POINT('',(-1.891808510161E-2,-8.660460140647E-1,
1.051767432360E1));
#859=CARTESIAN_POINT('',(2.046971259888E-1,-8.052838119438E-1,
1.057833727632E1));
#860=CARTESIAN_POINT('',(3.313589750281E-1,-7.290303191973E-1,
1.061836070773E1));
#861=CARTESIAN_POINT('',(3.871210511571E-1,-6.840568668969E-1,
1.063858498272E1));
#863=CARTESIAN_POINT('',(6.097950767860E-1,1.549216754620E-1,1.091024641421E1));
#864=CARTESIAN_POINT('',(6.218549685292E-1,1.389791906598E-1,1.090124425344E1));
#865=CARTESIAN_POINT('',(6.575351107810E-1,8.661636379027E-2,1.087320364485E1));
#866=CARTESIAN_POINT('',(7.054505520047E-1,-1.513340826889E-2,
1.082611251722E1));
#867=CARTESIAN_POINT('',(7.491248808987E-1,-2.052909309987E-1,
1.074994184830E1));
#868=CARTESIAN_POINT('',(7.266934218672E-1,-4.758557650968E-1,
1.065472640422E1));
#869=CARTESIAN_POINT('',(6.084587172214E-1,-6.900363939989E-1,
1.057855468208E1));
#870=CARTESIAN_POINT('',(5.243624245739E-1,-7.842661913135E-1,
1.054046874458E1));
#872=DIRECTION('',(-6.997215185849E-1,5.103236836140E-1,-4.999595327343E-1));
#873=VECTOR('',#872,9.183498970546E-2);
#874=CARTESIAN_POINT('',(5.243624245739E-1,-7.842661913135E-1,
1.054046874458E1));
#875=LINE('',#874,#873);
#876=DIRECTION('',(6.994113861501E-1,-5.106881456405E-1,-5.000213303710E-1));
#877=VECTOR('',#876,1.962241052040E-1);
#878=CARTESIAN_POINT('',(3.871210511571E-1,-6.840568668969E-1,
1.063858498272E1));
#879=LINE('',#878,#877);
#880=CARTESIAN_POINT('',(-1.040936529086E0,4.216438594955E-1,1.005480470246E1));
#881=CARTESIAN_POINT('',(-1.053099656741E0,3.753986241589E-1,1.006535258112E1));
#882=CARTESIAN_POINT('',(-1.071682517235E0,2.816441234686E-1,1.008595261709E1));
#883=CARTESIAN_POINT('',(-1.079945456313E0,1.402258671585E-1,1.011889582613E1));
#884=CARTESIAN_POINT('',(-1.074279760213E0,4.614770350915E-2,1.013953154659E1));
#885=CARTESIAN_POINT('',(-1.068122097519E0,-1.024568652298E-4,
1.015019693123E1));
#887=CARTESIAN_POINT('',(6.097950767860E-1,1.549216754620E-1,1.091024641421E1));
#888=CARTESIAN_POINT('',(6.192940924135E-1,1.392079069076E-1,1.090100193698E1));
#889=CARTESIAN_POINT('',(6.370111679337E-1,1.066669344500E-1,1.088254725168E1));
#890=CARTESIAN_POINT('',(6.595720940767E-1,5.496885162037E-2,1.085508195092E1));
#891=CARTESIAN_POINT('',(6.713959942715E-1,1.855073641737E-2,1.083678469866E1));
#892=CARTESIAN_POINT('',(6.766492541929E-1,-5.812659147066E-6,
1.082768578557E1));
#894=CARTESIAN_POINT('',(6.569464044868E-1,-3.623035916709E-5,
1.086184701832E1));
#895=CARTESIAN_POINT('',(6.537550883389E-1,1.802061333045E-2,1.086737454003E1));
#896=CARTESIAN_POINT('',(6.464267726224E-1,5.403002908633E-2,1.087787209583E1));
#897=CARTESIAN_POINT('',(6.303268165021E-1,1.055074329550E-1,1.089427760187E1));
#898=CARTESIAN_POINT('',(6.170842542507E-1,1.387203740871E-1,1.090491956811E1));
#899=CARTESIAN_POINT('',(6.097950767860E-1,1.549216754620E-1,1.091024641421E1));
#901=CARTESIAN_POINT('',(-2.410785771635E-1,-1.363888874783E0,
9.077270147919E0));
#902=CARTESIAN_POINT('',(-1.092085454863E-1,-1.387197692344E0,
9.096807726716E0));
#903=CARTESIAN_POINT('',(1.617429317227E-1,-1.394541776977E0,9.136125786539E0));
#904=CARTESIAN_POINT('',(5.528636776022E-1,-1.287873138894E0,9.195319877163E0));
#905=CARTESIAN_POINT('',(8.987211750112E-1,-1.069369317766E0,9.255496637437E0));
#906=CARTESIAN_POINT('',(1.160635096672E0,-7.645890610669E-1,9.315405468387E0));
#907=CARTESIAN_POINT('',(1.324274615313E0,-3.974101940983E-1,9.375109583171E0));
#908=CARTESIAN_POINT('',(1.353704050245E0,-1.321663564482E-1,9.417616478193E0));
#909=CARTESIAN_POINT('',(1.349831456447E0,-1.602347210230E-4,9.438254318682E0));
#911=CARTESIAN_POINT('',(0.E0,0.E0,9.077268960314E0));
#912=DIRECTION('',(0.E0,0.E0,1.E0));
#913=DIRECTION('',(-7.868093497462E-1,-6.171961172528E-1,0.E0));
#914=AXIS2_PLACEMENT_3D('',#911,#912,#913);
#916=CARTESIAN_POINT('',(4.484813293553E-1,3.518017868341E-1,9.077268960314E0));
#917=DIRECTION('',(6.171961172528E-1,-7.868093497462E-1,0.E0));
#918=DIRECTION('',(-6.853627763574E-1,-5.376184772256E-1,4.911662017375E-1));
#919=AXIS2_PLACEMENT_3D('',#916,#917,#918);
#921=CARTESIAN_POINT('',(-8.425203201645E-1,-7.426204066145E-1,
1.005475075277E1));
#922=CARTESIAN_POINT('',(-8.508451304133E-1,-7.356818080823E-1,
1.005187995043E1));
#923=CARTESIAN_POINT('',(-8.673650883441E-1,-7.214389565116E-1,
1.004615808112E1));
#924=CARTESIAN_POINT('',(-8.834139207765E-1,-7.068081407205E-1,
1.004037908582E1));
#925=CARTESIAN_POINT('',(-8.913697369568E-1,-6.992993461848E-1,
1.003749665299E1));
#927=CARTESIAN_POINT('',(0.E0,0.E0,1.005476896031E1));
#928=DIRECTION('',(0.E0,0.E0,-1.E0));
#929=DIRECTION('',(1.E0,0.E0,0.E0));
#930=AXIS2_PLACEMENT_3D('',#927,#928,#929);
#932=CARTESIAN_POINT('',(0.E0,0.E0,1.005476896031E1));
#933=DIRECTION('',(0.E0,0.E0,-1.E0));
#934=DIRECTION('',(-9.268398598058E-1,3.754568873722E-1,0.E0));
#935=AXIS2_PLACEMENT_3D('',#932,#933,#934);
#937=CARTESIAN_POINT('',(1.349831456447E0,-1.602347210230E-4,9.438254318682E0));
#938=CARTESIAN_POINT('',(1.345830836713E0,1.362099406869E-1,9.459574435437E0));
#939=CARTESIAN_POINT('',(1.297806117110E0,4.074604800193E-1,9.499954740078E0));
#940=CARTESIAN_POINT('',(1.104815240104E0,7.653106201702E-1,9.565194649744E0));
#941=CARTESIAN_POINT('',(8.087275067612E-1,1.051720664131E0,9.631488399593E0));
#942=CARTESIAN_POINT('',(4.393077943689E-1,1.227968409315E0,9.699664773092E0));
#943=CARTESIAN_POINT('',(5.088602375732E-2,1.278235720687E0,9.766513690176E0));
#944=CARTESIAN_POINT('',(-3.276799743568E-1,1.208467228163E0,9.835686079129E0));
#945=CARTESIAN_POINT('',(-6.645790548494E-1,1.023829347562E0,9.906064118203E0));
#946=CARTESIAN_POINT('',(-9.148880555091E-1,7.508760052395E-1,
9.979179071083E0));
#947=CARTESIAN_POINT('',(-1.011642615096E0,5.330217866955E-1,1.002940098566E1));
#948=CARTESIAN_POINT('',(-1.040936529086E0,4.216438594955E-1,1.005480470246E1));
#950=CARTESIAN_POINT('',(-1.384963859234E0,-2.975292813589E-5,
8.789695337004E0));
#951=CARTESIAN_POINT('',(-1.384963859234E0,-1.287093014277E-1,
8.809017030974E0));
#952=CARTESIAN_POINT('',(-1.348940768137E0,-3.864842190222E-1,
8.846664302351E0));
#953=CARTESIAN_POINT('',(-1.189381106695E0,-7.446660260207E-1,
8.905780361473E0));
#954=CARTESIAN_POINT('',(-9.374711781463E-1,-1.043826656663E0,
8.963662633235E0));
#955=CARTESIAN_POINT('',(-6.154389276482E-1,-1.260751833537E0,
9.020590035016E0));
#956=CARTESIAN_POINT('',(-3.680526729418E-1,-1.341445443202E0,
9.058457940399E0));
#957=CARTESIAN_POINT('',(-2.410785771635E-1,-1.363888874783E0,
9.077270147919E0));
#959=DIRECTION('',(-1.256748287376E-4,1.034619496720E-4,9.999999867507E-1));
#960=VECTOR('',#959,2.875736271208E-1);
#961=CARTESIAN_POINT('',(-1.384963859234E0,-2.975292813589E-5,
8.789695337004E0));
#962=LINE('',#961,#960);
#963=CARTESIAN_POINT('',(1.385050938352E0,-6.069870599510E-6,8.881077862730E0));
#964=CARTESIAN_POINT('',(1.385050938352E0,-1.456109530332E-1,8.851099242552E0));
#965=CARTESIAN_POINT('',(1.338727075372E0,-4.366539580786E-1,8.792121886659E0));
#966=CARTESIAN_POINT('',(1.137212127575E0,-8.302762394646E-1,8.706605914503E0));
#967=CARTESIAN_POINT('',(8.249480568520E-1,-1.141029337149E0,8.624304924141E0));
#968=CARTESIAN_POINT('',(4.312598752074E-1,-1.340300420213E0,8.544824221250E0));
#969=CARTESIAN_POINT('',(-3.404257961851E-3,-1.407953145318E0,
8.468454438162E0));
#970=CARTESIAN_POINT('',(-4.385162767540E-1,-1.337860783059E0,
8.394885499236E0));
#971=CARTESIAN_POINT('',(-8.293175551614E-1,-1.137731898550E0,
8.324544826484E0));
#972=CARTESIAN_POINT('',(-1.140383078689E0,-8.256455886240E-1,
8.256712923138E0));
#973=CARTESIAN_POINT('',(-1.339231648164E0,-4.343244781809E-1,
8.192106263645E0));
#974=CARTESIAN_POINT('',(-1.384791301153E0,-1.448112632830E-1,
8.148692990034E0));
#975=CARTESIAN_POINT('',(-1.384791301153E0,-2.995714182361E-5,
8.127015710766E0));
#977=DIRECTION('',(1.222116999381E-4,-2.914922284144E-4,9.999999500483E-1));
#978=VECTOR('',#977,7.415225404141E-1);
#979=CARTESIAN_POINT('',(1.384960315622E0,2.100781871253E-4,8.139555359356E0));
#980=LINE('',#979,#978);
#981=CARTESIAN_POINT('',(-1.384989691470E0,1.677857188006E-4,7.489410776639E0));
#982=CARTESIAN_POINT('',(-1.384989691470E0,-1.451185232953E-1,
7.511090834198E0));
#983=CARTESIAN_POINT('',(-1.338876957820E0,-4.356443868738E-1,
7.554904829973E0));
#984=CARTESIAN_POINT('',(-1.139040387318E0,-8.276064900353E-1,
7.619428039884E0));
#985=CARTESIAN_POINT('',(-8.272748406315E-1,-1.139275419155E0,
7.684629979897E0));
#986=CARTESIAN_POINT('',(-4.353268457613E-1,-1.338970440300E0,
7.749608010165E0));
#987=CARTESIAN_POINT('',(1.549767768556E-4,-1.407961284996E0,7.814163230645E0));
#988=CARTESIAN_POINT('',(4.346836467511E-1,-1.339184419682E0,7.880137422833E0));
#989=CARTESIAN_POINT('',(8.276512120572E-1,-1.139032335225E0,7.943930083498E0));
#990=CARTESIAN_POINT('',(1.138763356014E0,-8.279397313543E-1,8.010073577268E0));
#991=CARTESIAN_POINT('',(1.339095237627E0,-4.352609758158E-1,8.074100479267E0));
#992=CARTESIAN_POINT('',(1.384960315622E0,-1.448828412789E-1,8.117889418567E0));
#993=CARTESIAN_POINT('',(1.384960315622E0,2.100781871253E-4,8.139555359356E0));
#995=DIRECTION('',(3.111492506437E-4,-3.101338006629E-4,9.999999035016E-1));
#996=VECTOR('',#995,6.376049956551E-1);
#997=CARTESIAN_POINT('',(-1.384989691470E0,1.677857188006E-4,7.489410776639E0));
#998=LINE('',#997,#996);
#999=CARTESIAN_POINT('',(1.384772644893E0,2.193776090619E-4,7.477132842080E0));
#1000=CARTESIAN_POINT('',(1.384772644893E0,-1.449394126568E-1,
7.455311519316E0));
#1001=CARTESIAN_POINT('',(1.339003280655E0,-4.354566727136E-1,
7.412053705538E0));
#1002=CARTESIAN_POINT('',(1.139395678294E0,-8.270808114745E-1,
7.347379370705E0));
#1003=CARTESIAN_POINT('',(8.275092003128E-1,-1.139113057903E0,
7.282265991138E0));
#1004=CARTESIAN_POINT('',(4.359017442180E-1,-1.338788692902E0,
7.217105931641E0));
#1005=CARTESIAN_POINT('',(-7.681253363090E-6,-1.407978756250E0,
7.152570903411E0));
#1006=CARTESIAN_POINT('',(-4.343212613144E-1,-1.339296137587E0,
7.086919548038E0));
#1007=CARTESIAN_POINT('',(-8.275836534378E-1,-1.139108269935E0,
7.022605771178E0));
#1008=CARTESIAN_POINT('',(-1.138734699836E0,-8.280046034743E-1,
6.957079044323E0));
#1009=CARTESIAN_POINT('',(-1.339053037012E0,-4.352342253741E-1,
6.892329209476E0));
#1010=CARTESIAN_POINT('',(-1.385072756897E0,-1.449177971735E-1,
6.848769388427E0));
#1011=CARTESIAN_POINT('',(-1.385072756897E0,1.663693099541E-4,
6.827265055197E0));
#1013=DIRECTION('',(-1.574400030055E-4,3.753685924426E-4,9.999999171555E-1));
#1014=VECTOR('',#1013,6.376420071481E-1);
#1015=CARTESIAN_POINT('',(1.384873035252E0,-1.997317364360E-5,
6.839490887758E0));
#1016=LINE('',#1015,#1014);
#1017=CARTESIAN_POINT('',(-1.384861627160E0,-3.108511115793E-5,
6.189652169940E0));
#1018=CARTESIAN_POINT('',(-1.384861627160E0,-1.450045217717E-1,
6.211104080544E0));
#1019=CARTESIAN_POINT('',(-1.339161847613E0,-4.348213918096E-1,
6.254248972177E0));
#1020=CARTESIAN_POINT('',(-1.139366018890E0,-8.271787465765E-1,
6.319668969354E0));
#1021=CARTESIAN_POINT('',(-8.277587015845E-1,-1.138958006759E0,
6.384526932502E0));
#1022=CARTESIAN_POINT('',(-4.354282767483E-1,-1.338951290123E0,
6.449186972228E0));
#1023=CARTESIAN_POINT('',(-1.051347609859E-4,-1.407981566844E0,
6.515156139907E0));
#1024=CARTESIAN_POINT('',(4.349635727347E-1,-1.339122395351E0,
6.578896716840E0));
#1025=CARTESIAN_POINT('',(8.277892857114E-1,-1.138936113777E0,
6.645125481783E0));
#1026=CARTESIAN_POINT('',(1.139102717277E0,-8.275353995585E-1,
6.709040137671E0));
#1027=CARTESIAN_POINT('',(1.339274155281E0,-4.346701522237E-1,
6.774930108211E0));
#1028=CARTESIAN_POINT('',(1.384873035252E0,-1.448180562625E-1,
6.817667651946E0));
#1029=CARTESIAN_POINT('',(1.384873035252E0,-1.997317364360E-5,
6.839490887758E0));
#1031=DIRECTION('',(-3.311252336237E-4,3.096775573158E-4,9.999998972279E-1));
#1032=VECTOR('',#1031,6.376129507851E-1);
#1033=CARTESIAN_POINT('',(-1.384861627160E0,-3.108511115793E-5,
6.189652169940E0));
#1034=LINE('',#1033,#1032);
#1035=CARTESIAN_POINT('',(1.384827827436E0,1.937748995634E-5,6.177203759108E0));
#1036=CARTESIAN_POINT('',(1.384827827436E0,-1.447862886947E-1,
6.155562536458E0));
#1037=CARTESIAN_POINT('',(1.339323817261E0,-4.345834851556E-1,
6.112601537689E0));
#1038=CARTESIAN_POINT('',(1.139121466380E0,-8.275020979765E-1,
6.047073061598E0));
#1039=CARTESIAN_POINT('',(8.278829049186E-1,-1.138855469446E0,
5.982270325508E0));
#1040=CARTESIAN_POINT('',(4.351531520739E-1,-1.339054706404E0,
5.917388729475E0));
#1041=CARTESIAN_POINT('',(2.085250812803E-4,-1.407954210748E0,
5.851947724994E0));
#1042=CARTESIAN_POINT('',(-4.349466843031E-1,-1.339128385454E0,
5.787608135201E0));
#1043=CARTESIAN_POINT('',(-8.275980606211E-1,-1.139057156272E0,
5.721770196673E0));
#1044=CARTESIAN_POINT('',(-1.139033342789E0,-8.276637042997E-1,
5.657567184980E0));
#1045=CARTESIAN_POINT('',(-1.339273186520E0,-4.346824518764E-1,
5.591929302867E0));
#1046=CARTESIAN_POINT('',(-1.384856798184E0,-1.449032355502E-1,
5.548918564224E0));
#1047=CARTESIAN_POINT('',(-1.384856798184E0,-7.546123367513E-5,
5.527151530093E0));
#1049=DIRECTION('',(-1.037873634306E-4,9.203261227724E-5,9.999999903791E-1));
#1050=VECTOR('',#1049,6.377166515560E-1);
#1051=CARTESIAN_POINT('',(1.384894014366E0,-3.931323937906E-5,
5.539487113687E0));
#1052=LINE('',#1051,#1050);
#1053=CARTESIAN_POINT('',(-1.384930958471E0,-1.482968375252E-5,
4.889441676751E0));
#1054=CARTESIAN_POINT('',(-1.384930958471E0,-1.449584823703E-1,
4.911107506234E0));
#1055=CARTESIAN_POINT('',(-1.339226852047E0,-4.348557058586E-1,
4.954791674800E0));
#1056=CARTESIAN_POINT('',(-1.138735045801E0,-8.280497126167E-1,
5.019510404939E0));
#1057=CARTESIAN_POINT('',(-8.275650122632E-1,-1.139090988111E0,
5.084326578685E0));
#1058=CARTESIAN_POINT('',(-4.344921422183E-1,-1.339249949766E0,
5.150129413553E0));
#1059=CARTESIAN_POINT('',(-8.730480743235E-6,-1.407964668557E0,
5.213975974577E0));
#1060=CARTESIAN_POINT('',(4.355812497889E-1,-1.338891309139E0,
5.280023999632E0));
#1061=CARTESIAN_POINT('',(8.274501015419E-1,-1.139153234333E0,
5.344217256943E0));
#1062=CARTESIAN_POINT('',(1.139241601751E0,-8.273341146891E-1,
5.409852427366E0));
#1063=CARTESIAN_POINT('',(1.338947885641E0,-4.354094892246E-1,
5.474355613733E0));
#1064=CARTESIAN_POINT('',(1.384894014366E0,-1.452209068261E-1,
5.517759529860E0));
#1065=CARTESIAN_POINT('',(1.384894014366E0,-3.931323937906E-5,
5.539487113687E0));
#1067=DIRECTION('',(1.162915791009E-4,-9.507701491643E-5,9.999999887183E-1));
#1068=VECTOR('',#1067,6.377098605367E-1);
#1069=CARTESIAN_POINT('',(-1.384930958471E0,-1.482968375252E-5,
4.889441676751E0));
#1070=LINE('',#1069,#1068);
#1071=CARTESIAN_POINT('',(1.384998658173E0,-1.801745421271E-5,
4.877346252931E0));
#1072=CARTESIAN_POINT('',(1.384998658173E0,-1.451196215312E-1,
4.855677084388E0));
#1073=CARTESIAN_POINT('',(1.339080959512E0,-4.351840621199E-1,
4.811802220311E0));
#1074=CARTESIAN_POINT('',(1.138664519200E0,-8.281346330875E-1,
4.747417983918E0));
#1075=CARTESIAN_POINT('',(8.274190980340E-1,-1.139212368585E0,
4.682102059225E0));
#1076=CARTESIAN_POINT('',(4.342576600706E-1,-1.339324867515E0,
4.616955050047E0));
#1077=CARTESIAN_POINT('',(-2.404743623386E-4,-1.407976180871E0,
4.552458011311E0));
#1078=CARTESIAN_POINT('',(-4.359459834965E-1,-1.338769986398E0,
4.486755831158E0));
#1079=CARTESIAN_POINT('',(-8.276389838492E-1,-1.139009894348E0,
4.422616290849E0));
#1080=CARTESIAN_POINT('',(-1.139407669018E0,-8.270939983536E-1,
4.356728671440E0));
#1081=CARTESIAN_POINT('',(-1.338963392062E0,-4.353172429424E-1,
4.292556202254E0));
#1082=CARTESIAN_POINT('',(-1.384866820332E0,-1.452279709866E-1,
4.248817594082E0));
#1083=CARTESIAN_POINT('',(-1.384866820332E0,-3.650828723467E-5,
4.227168478422E0));
#1085=DIRECTION('',(8.186231355202E-6,2.386298805296E-4,9.999999714944E-1));
#1086=VECTOR('',#1085,6.375834447344E-1);
#1087=CARTESIAN_POINT('',(1.384993438768E0,-1.701639154573E-4,
4.239762826371E0));
#1088=LINE('',#1087,#1086);
#1089=CARTESIAN_POINT('',(-1.384878300282E0,-2.859789256027E-4,
3.589684449452E0));
#1090=CARTESIAN_POINT('',(-1.384878300282E0,-1.455594713936E-1,
3.611314146941E0));
#1091=CARTESIAN_POINT('',(-1.338925011478E0,-4.354755240736E-1,
3.654694267419E0));
#1092=CARTESIAN_POINT('',(-1.138981041714E0,-8.277151765944E-1,
3.719402445591E0));
#1093=CARTESIAN_POINT('',(-8.272501940818E-1,-1.139303955583E0,
3.784863214089E0));
#1094=CARTESIAN_POINT('',(-4.351005842502E-1,-1.339026634227E0,
3.849020493561E0));
#1095=CARTESIAN_POINT('',(8.827667165826E-6,-1.407962572999E0,
3.915216981183E0));
#1096=CARTESIAN_POINT('',(4.348492394034E-1,-1.339123070971E0,
3.978939633813E0));
#1097=CARTESIAN_POINT('',(8.273946373738E-1,-1.139192123486E0,
4.044969852073E0));
#1098=CARTESIAN_POINT('',(1.138813703237E0,-8.279505309035E-1,
4.109244621438E0));
#1099=CARTESIAN_POINT('',(1.339010117871E0,-4.352510035339E-1,
4.174465165334E0));
#1100=CARTESIAN_POINT('',(1.384993438768E0,-1.453047494650E-1,
4.217953906889E0));
#1101=CARTESIAN_POINT('',(1.384993438768E0,-1.701639154573E-4,
4.239762826371E0));
#1103=DIRECTION('',(1.800821467089E-5,3.913362655193E-4,9.999999232658E-1));
#1104=VECTOR('',#1103,6.374840778863E-1);
#1105=CARTESIAN_POINT('',(-1.384878300282E0,-2.859789256027E-4,
3.589684449452E0));
#1106=LINE('',#1105,#1104);
#1107=CARTESIAN_POINT('',(1.384863356184E0,-1.492727123598E-4,
3.577164170294E0));
#1108=CARTESIAN_POINT('',(1.384863356184E0,-1.453768058529E-1,
3.555558568086E0));
#1109=CARTESIAN_POINT('',(1.338915826607E0,-4.354086008666E-1,
3.512443019583E0));
#1110=CARTESIAN_POINT('',(1.139383068285E0,-8.271548304721E-1,
3.446946874736E0));
#1111=CARTESIAN_POINT('',(8.274196020901E-1,-1.139178311696E0,
3.382400932339E0));
#1112=CARTESIAN_POINT('',(4.357685684395E-1,-1.338820033212E0,
3.317268401117E0));
#1113=CARTESIAN_POINT('',(1.780941891058E-6,-1.407987510883E0,
3.252097147040E0));
#1114=CARTESIAN_POINT('',(-4.345053942335E-1,-1.339229826165E0,
3.187610650360E0));
#1115=CARTESIAN_POINT('',(-8.274936938371E-1,-1.139157995268E0,
3.121829604265E0));
#1116=CARTESIAN_POINT('',(-1.138797166364E0,-8.279542565937E-1,
3.057723529834E0));
#1117=CARTESIAN_POINT('',(-1.339065905092E0,-4.351482136272E-1,
2.991868725934E0));
#1118=CARTESIAN_POINT('',(-1.384936215576E0,-1.453516306129E-1,
2.949099909324E0));
#1119=CARTESIAN_POINT('',(-1.384936215576E0,-2.872387214974E-4,
2.927251716098E0));
#1121=DIRECTION('',(-2.231372985097E-5,1.139725034471E-6,9.999999997504E-1));
#1122=VECTOR('',#1121,6.374039569001E-1);
#1123=CARTESIAN_POINT('',(1.384877579043E0,-1.499991776065E-4,
2.939760213553E0));
#1124=LINE('',#1123,#1122);
#1125=CARTESIAN_POINT('',(-1.384795048856E0,2.893778273118E-5,
2.289635520813E0));
#1126=CARTESIAN_POINT('',(-1.384795048856E0,-1.448876750375E-1,
2.311470505703E0));
#1127=CARTESIAN_POINT('',(-1.339189625090E0,-4.348509363636E-1,
2.354362663480E0));
#1128=CARTESIAN_POINT('',(-1.139415920692E0,-8.271050827837E-1,
2.419667015625E0));
#1129=CARTESIAN_POINT('',(-8.277114052355E-1,-1.138975082228E0,
2.484086000211E0));
#1130=CARTESIAN_POINT('',(-4.356587302991E-1,-1.338890384605E0,
2.550143451847E0));
#1131=CARTESIAN_POINT('',(6.138794453996E-5,-1.407977873800E0,
2.613932285363E0));
#1132=CARTESIAN_POINT('',(4.347057053241E-1,-1.339198090078E0,
2.679966889519E0));
#1133=CARTESIAN_POINT('',(8.278670305476E-1,-1.138892718788E0,
2.744242668892E0));
#1134=CARTESIAN_POINT('',(1.139024820400E0,-8.276512961345E-1,
2.809569003749E0));
#1135=CARTESIAN_POINT('',(1.339305693265E0,-4.345284624125E-1,
2.874715301087E0));
#1136=CARTESIAN_POINT('',(1.384877579043E0,-1.449906970861E-1,
2.918200683586E0));
#1137=CARTESIAN_POINT('',(1.384877579043E0,-1.499991776065E-4,
2.939760213553E0));
#1139=DIRECTION('',(-2.213976066828E-4,-4.958726894725E-4,9.999998525467E-1));
#1140=VECTOR('',#1139,6.376162893040E-1);
#1141=CARTESIAN_POINT('',(-1.384795048856E0,2.893778273118E-5,
2.289635520813E0));
#1142=LINE('',#1141,#1140);
#1143=CARTESIAN_POINT('',(1.384885111945E0,-1.410796759645E-4,
2.277160121430E0));
#1144=CARTESIAN_POINT('',(1.384885111945E0,-1.449802752548E-1,
2.255626267423E0));
#1145=CARTESIAN_POINT('',(1.339306457553E0,-4.344730389305E-1,
2.211971478582E0));
#1146=CARTESIAN_POINT('',(1.139109051298E0,-8.275583934797E-1,
2.147612011706E0));
#1147=CARTESIAN_POINT('',(8.278864924922E-1,-1.138828068391E0,
2.081994696999E0));
#1148=CARTESIAN_POINT('',(4.352523305524E-1,-1.339034520435E0,
2.017362755036E0));
#1149=CARTESIAN_POINT('',(1.811305305525E-4,-1.407941140828E0,
1.952281489303E0));
#1150=CARTESIAN_POINT('',(-4.347449768180E-1,-1.339200824945E0,
1.887056486184E0));
#1151=CARTESIAN_POINT('',(-8.276582713594E-1,-1.139014046355E0,
1.822531547459E0));
#1152=CARTESIAN_POINT('',(-1.138891925829E0,-8.278380122785E-1,
1.756799463673E0));
#1153=CARTESIAN_POINT('',(-1.339332004495E0,-4.346430362187E-1,
1.692577849926E0));
#1154=CARTESIAN_POINT('',(-1.384822999725E0,-1.448507727837E-1,
1.648711172527E0));
#1155=CARTESIAN_POINT('',(-1.384822999725E0,9.504894877311E-6,
1.627069212350E0));
#1157=DIRECTION('',(-6.066880829746E-5,-3.225532052909E-4,9.999999461394E-1));
#1158=VECTOR('',#1157,6.377418920431E-1);
#1159=CARTESIAN_POINT('',(1.384923802985E0,6.462601546233E-5,1.639418263736E0));
#1160=LINE('',#1159,#1158);
#1161=CARTESIAN_POINT('',(-1.384937490666E0,-9.900489116843E-6,
8.795866369349E-1));
#1162=CARTESIAN_POINT('',(-1.384937490666E0,-1.451252864465E-1,
9.076414788657E-1));
#1163=CARTESIAN_POINT('',(-1.339110154356E0,-4.353690382427E-1,
9.633010071157E-1));
#1164=CARTESIAN_POINT('',(-1.138220999325E0,-8.288106597673E-1,
1.045757840395E0));
#1165=CARTESIAN_POINT('',(-8.266107200830E-1,-1.139832942293E0,
1.126538394984E0));
#1166=CARTESIAN_POINT('',(-4.329665290020E-1,-1.339771184990E0,
1.206010828748E0));
#1167=CARTESIAN_POINT('',(1.683806554145E-3,-1.407972313446E0,
1.283465868579E0));
#1168=CARTESIAN_POINT('',(4.372610945280E-1,-1.338332241350E0,
1.359230545318E0));
#1169=CARTESIAN_POINT('',(8.286968973861E-1,-1.138234545878E0,
1.432724165146E0));
#1170=CARTESIAN_POINT('',(1.140092009773E0,-8.260995539041E-1,
1.504177734793E0));
#1171=CARTESIAN_POINT('',(1.339118012944E0,-4.346261202059E-1,
1.573488643329E0));
#1172=CARTESIAN_POINT('',(1.384923802985E0,-1.448120571031E-1,
1.617812360776E0));
#1173=CARTESIAN_POINT('',(1.384923802985E0,6.462601546233E-5,1.639418263736E0));
#1175=DIRECTION('',(1.531687074060E-4,2.596098477506E-5,9.999999879327E-1));
#1176=VECTOR('',#1175,7.474825844354E-1);
#1177=CARTESIAN_POINT('',(-1.384937490666E0,-9.900489116843E-6,
8.795866369349E-1));
#1178=LINE('',#1177,#1176);
#1179=CARTESIAN_POINT('',(1.384983067363E0,9.992433620324E-5,
9.770872693125E-1));
#1180=CARTESIAN_POINT('',(1.384983067363E0,-1.451541404711E-1,
9.552663313942E-1));
#1181=CARTESIAN_POINT('',(1.338965843669E0,-4.357597924880E-1,
9.125099715930E-1));
#1182=CARTESIAN_POINT('',(1.138214578039E0,-8.287618117271E-1,
8.502522966625E-1));
#1183=CARTESIAN_POINT('',(8.266606162249E-1,-1.139802571661E0,
7.904690947145E-1));
#1184=CARTESIAN_POINT('',(4.330847496892E-1,-1.339715756141E0,
7.327473804829E-1));
#1185=CARTESIAN_POINT('',(-1.456871659210E-3,-1.407981930767E0,
6.772033326703E-1));
#1186=CARTESIAN_POINT('',(-4.371919819886E-1,-1.338350582241E0,
6.233971357235E-1));
#1187=CARTESIAN_POINT('',(-8.284611316322E-1,-1.138392880667E0,
5.715344356138E-1));
#1188=CARTESIAN_POINT('',(-1.139965201925E0,-8.262772273838E-1,
5.211343351302E-1));
#1189=CARTESIAN_POINT('',(-1.339101627883E0,-4.348044883412E-1,
4.724427569375E-1));
#1190=CARTESIAN_POINT('',(-1.384809564402E0,-1.450077580214E-1,
4.407467306207E-1));
#1191=CARTESIAN_POINT('',(-1.384809564402E0,-3.460494506588E-5,
4.251351746815E-1));
#1193=DIRECTION('',(-2.178987845748E-5,1.285883057150E-4,9.999999914951E-1));
#1194=VECTOR('',#1193,7.770872759215E-1);
#1195=CARTESIAN_POINT('',(1.385E0,0.E0,2.E-1));
#1196=LINE('',#1195,#1194);
#1197=DIRECTION('',(8.458719448223E-4,-1.537073552647E-4,9.999996304373E-1));
#1198=VECTOR('',#1197,2.251352578831E-1);
#1199=CARTESIAN_POINT('',(-1.385E0,0.E0,2.E-1));
#1200=LINE('',#1199,#1198);
#1201=CARTESIAN_POINT('',(-8.913697369568E-1,-6.992993461848E-1,
1.003749665299E1));
#1202=CARTESIAN_POINT('',(-9.376588286937E-1,-6.556111481350E-1,
1.002072587916E1));
#1203=CARTESIAN_POINT('',(-1.023545714458E0,-5.587467914254E-1,
9.986976387839E0));
#1204=CARTESIAN_POINT('',(-1.126029452990E0,-3.898854214464E-1,
9.937058888042E0));
#1205=CARTESIAN_POINT('',(-1.199409963946E0,-1.997179345869E-1,
9.886072994771E0));
#1206=CARTESIAN_POINT('',(-1.224492637823E0,-6.716444251468E-2,
9.852434473848E0));
#1207=CARTESIAN_POINT('',(-1.231495134043E0,-1.135492408559E-4,
9.835807595889E0));
#1209=CARTESIAN_POINT('',(0.E0,0.E0,9.077268960314E0));
#1210=DIRECTION('',(0.E0,0.E0,1.E0));
#1211=DIRECTION('',(-1.E0,0.E0,0.E0));
#1212=AXIS2_PLACEMENT_3D('',#1209,#1210,#1211);
#1214=CARTESIAN_POINT('',(0.E0,0.E0,9.077268960314E0));
#1215=DIRECTION('',(0.E0,0.E0,1.E0));
#1216=DIRECTION('',(7.868093497462E-1,6.171961172529E-1,0.E0));
#1217=AXIS2_PLACEMENT_3D('',#1214,#1215,#1216);
#1219=CARTESIAN_POINT('',(-1.231495134043E0,-1.135492408559E-4,
9.835807595889E0));
#1220=CARTESIAN_POINT('',(-1.244770060112E0,1.269976441298E-1,
9.804287325297E0));
#1221=CARTESIAN_POINT('',(-1.229902825233E0,3.901959407957E-1,
9.741854564363E0));
#1222=CARTESIAN_POINT('',(-1.077325839722E0,7.677409085413E-1,
9.645175645390E0));
#1223=CARTESIAN_POINT('',(-8.049278428245E-1,1.082539951329E0,
9.551030021485E0));
#1224=CARTESIAN_POINT('',(-4.449252673275E-1,1.296599599492E0,
9.454764952569E0));
#1225=CARTESIAN_POINT('',(-2.638184507317E-2,1.386954865708E0,
9.360336910002E0));
#1226=CARTESIAN_POINT('',(3.979373816584E-1,1.340657510495E0,9.265181494921E0));
#1227=CARTESIAN_POINT('',(7.894152490953E-1,1.162923055152E0,9.172285483059E0));
#1228=CARTESIAN_POINT('',(1.001554914972E0,9.671889111098E-1,9.108465120551E0));
#1229=CARTESIAN_POINT('',(1.089729490663E0,8.547828563345E-1,9.077265187803E0));
#1231=CARTESIAN_POINT('',(1.384960315622E0,2.100781871253E-4,8.139555359356E0));
#1232=CARTESIAN_POINT('',(1.384960315622E0,1.453556654900E-1,8.161229164748E0));
#1233=CARTESIAN_POINT('',(1.339044308255E0,4.351985585589E-1,8.205004758619E0));
#1234=CARTESIAN_POINT('',(1.138758592591E0,8.280119723417E-1,8.269123309550E0));
#1235=CARTESIAN_POINT('',(8.274704484850E-1,1.139150725034E0,8.335063335625E0));
#1236=CARTESIAN_POINT('',(4.346604523237E-1,1.339184121934E0,8.399003730312E0));
#1237=CARTESIAN_POINT('',(6.862312725986E-5,1.407960944077E0,8.465010660782E0));
#1238=CARTESIAN_POINT('',(-4.353143532556E-1,1.338972093098E0,
8.529271793497E0));
#1239=CARTESIAN_POINT('',(-8.273156717228E-1,1.139244054524E0,
8.594546904556E0));
#1240=CARTESIAN_POINT('',(-1.139052981792E0,8.276115947500E-1,
8.659776467434E0));
#1241=CARTESIAN_POINT('',(-1.338942403048E0,4.354397666883E-1,
8.724085697115E0));
#1242=CARTESIAN_POINT('',(-1.384963859234E0,1.451765719631E-1,
8.767892088509E0));
#1243=CARTESIAN_POINT('',(-1.384963859234E0,-2.975292813589E-5,
8.789695337004E0));
#1245=CARTESIAN_POINT('',(1.089729490663E0,8.547828563345E-1,9.077265187803E0));
#1246=CARTESIAN_POINT('',(1.152939263144E0,7.742022457416E-1,9.054898869225E0));
#1247=CARTESIAN_POINT('',(1.261384482984E0,5.989822948366E-1,9.010818062370E0));
#1248=CARTESIAN_POINT('',(1.362049598051E0,3.075773101943E-1,8.945078360800E0));
#1249=CARTESIAN_POINT('',(1.385050938352E0,1.025943210979E-1,8.902202278917E0));
#1250=CARTESIAN_POINT('',(1.385050938352E0,-6.069870599510E-6,
8.881077862730E0));
#1252=CARTESIAN_POINT('',(-1.384791301153E0,-2.995714182361E-5,
8.127015710766E0));
#1253=CARTESIAN_POINT('',(-1.384791301153E0,1.447412988467E-1,
8.105339936249E0));
#1254=CARTESIAN_POINT('',(-1.339336227604E0,4.345992271503E-1,
8.062762969702E0));
#1255=CARTESIAN_POINT('',(-1.139155050195E0,8.274460009545E-1,
7.996762646745E0));
#1256=CARTESIAN_POINT('',(-8.278923262107E-1,1.138849092539E0,
7.932652099661E0));
#1257=CARTESIAN_POINT('',(-4.352254260253E-1,1.339031975896E0,
7.866949668749E0));
#1258=CARTESIAN_POINT('',(-1.986963022723E-4,1.407957672125E0,
7.802431659155E0));
#1259=CARTESIAN_POINT('',(4.349132245866E-1,1.339137261873E0,7.737321981695E0));
#1260=CARTESIAN_POINT('',(8.276077933088E-1,1.139055307218E0,7.671976204963E0));
#1261=CARTESIAN_POINT('',(1.139041375596E0,8.276524133386E-1,7.607577700482E0));
#1262=CARTESIAN_POINT('',(1.339304417879E0,4.346288529946E-1,7.541816699935E0));
#1263=CARTESIAN_POINT('',(1.384772644893E0,1.450540737939E-1,7.498905444671E0));
#1264=CARTESIAN_POINT('',(1.384772644893E0,2.193776090619E-4,7.477132842080E0));
#1266=CARTESIAN_POINT('',(1.384873035252E0,-1.997317364360E-5,
6.839490887758E0));
#1267=CARTESIAN_POINT('',(1.384873035252E0,1.450816470427E-1,6.861359871152E0));
#1268=CARTESIAN_POINT('',(1.338984709552E0,4.352918314119E-1,6.904167519196E0));
#1269=CARTESIAN_POINT('',(1.139426197730E0,8.270871401623E-1,6.969850959689E0));
#1270=CARTESIAN_POINT('',(8.275084549138E-1,1.139111071690E0,7.034070588982E0));
#1271=CARTESIAN_POINT('',(4.358385843706E-1,1.338816196615E0,7.100013645979E0));
#1272=CARTESIAN_POINT('',(-8.548773396355E-5,1.407978477732E0,
7.164121918413E0));
#1273=CARTESIAN_POINT('',(-4.344137524806E-1,1.339269821902E0,
7.229626597742E0));
#1274=CARTESIAN_POINT('',(-8.276650063780E-1,1.139042094849E0,
7.294644653575E0));
#1275=CARTESIAN_POINT('',(-1.138832356237E0,8.279211429586E-1,
7.359116652795E0));
#1276=CARTESIAN_POINT('',(-1.339189622271E0,4.347970053028E-1,
7.425145043026E0));
#1277=CARTESIAN_POINT('',(-1.384989691470E0,1.450680721435E-1,
7.467788322525E0));
#1278=CARTESIAN_POINT('',(-1.384989691470E0,1.677857188006E-4,
7.489410776639E0));
#1280=CARTESIAN_POINT('',(-1.385072756897E0,1.663693099541E-4,
6.827265055197E0));
#1281=CARTESIAN_POINT('',(-1.385072756897E0,1.452961706556E-1,
6.805753957980E0));
#1282=CARTESIAN_POINT('',(-1.339032799207E0,4.351439322755E-1,
6.761863290647E0));
#1283=CARTESIAN_POINT('',(-1.138684156858E0,8.281264700628E-1,
6.697511338216E0));
#1284=CARTESIAN_POINT('',(-8.274643681083E-1,1.139181090663E0,
6.631746777380E0));
#1285=CARTESIAN_POINT('',(-4.342330265433E-1,1.339330281764E0,
6.567428587671E0));
#1286=CARTESIAN_POINT('',(1.584488145239E-4,1.407976471525E0,6.501946979471E0));
#1287=CARTESIAN_POINT('',(4.359798166175E-1,1.338763491150E0,6.437146089188E0));
#1288=CARTESIAN_POINT('',(8.276094234649E-1,1.139027856523E0,6.372343491700E0));
#1289=CARTESIAN_POINT('',(1.139411337370E0,8.270873312039E-1,6.306796238883E0));
#1290=CARTESIAN_POINT('',(1.338984667285E0,4.353171517554E-1,6.242618789836E0));
#1291=CARTESIAN_POINT('',(1.384827827436E0,1.451923368368E-1,6.198899873761E0));
#1292=CARTESIAN_POINT('',(1.384827827436E0,1.937748995634E-5,6.177203759108E0));
#1294=CARTESIAN_POINT('',(1.384894014366E0,-3.931323937906E-5,
5.539487113687E0));
#1295=CARTESIAN_POINT('',(1.384894014366E0,1.447580594640E-1,5.561157195794E0));
#1296=CARTESIAN_POINT('',(1.339350791969E0,4.344440780221E-1,5.604995727805E0));
#1297=CARTESIAN_POINT('',(1.139089132754E0,8.275352315707E-1,5.668936416620E0));
#1298=CARTESIAN_POINT('',(8.280969373052E-1,1.138708583972E0,5.735113369234E0));
#1299=CARTESIAN_POINT('',(4.350156274908E-1,1.339110251373E0,5.799052576407E0));
#1300=CARTESIAN_POINT('',(2.898240748797E-4,1.407961718150E0,5.864645759118E0));
#1301=CARTESIAN_POINT('',(-4.352117447709E-1,1.339042820208E0,
5.929762024100E0));
#1302=CARTESIAN_POINT('',(-8.275799582620E-1,1.139079750744E0,
5.994207451267E0));
#1303=CARTESIAN_POINT('',(-1.139245831164E0,8.273645333403E-1,
6.059996843855E0));
#1304=CARTESIAN_POINT('',(-1.339171983662E0,4.348507001606E-1,
6.123937141088E0));
#1305=CARTESIAN_POINT('',(-1.384861627160E0,1.449861808797E-1,
6.168193773853E0));
#1306=CARTESIAN_POINT('',(-1.384861627160E0,-3.108511115793E-5,
6.189652169940E0));
#1308=CARTESIAN_POINT('',(-1.384856798184E0,-7.546123367513E-5,
5.527151530093E0));
#1309=CARTESIAN_POINT('',(-1.384856798184E0,1.450967438282E-1,
5.505332729401E0));
#1310=CARTESIAN_POINT('',(-1.338933069741E0,4.354735769121E-1,
5.462493469806E0));
#1311=CARTESIAN_POINT('',(-1.139420863106E0,8.270758475248E-1,
5.396939014343E0));
#1312=CARTESIAN_POINT('',(-8.274459700343E-1,1.139161042115E0,
5.332608783335E0));
#1313=CARTESIAN_POINT('',(-4.358677700363E-1,1.338791905907E0,
5.267004699095E0));
#1314=CARTESIAN_POINT('',(1.942712527579E-5,1.407986527398E0,5.202440632003E0));
#1315=CARTESIAN_POINT('',(4.344055109243E-1,1.339261869159E0,5.137192304812E0));
#1316=CARTESIAN_POINT('',(8.275422623846E-1,1.139137832086E0,5.072205901511E0));
#1317=CARTESIAN_POINT('',(1.138775313909E0,8.279501835581E-1,5.007471154983E0));
#1318=CARTESIAN_POINT('',(1.339051902672E0,4.352573642044E-1,4.941885746411E0));
#1319=CARTESIAN_POINT('',(1.384998658173E0,1.450528952252E-1,4.899010838085E0));
#1320=CARTESIAN_POINT('',(1.384998658173E0,-1.801745421271E-5,
4.877346252931E0));
#1322=CARTESIAN_POINT('',(1.384993438768E0,-1.701639154573E-4,
4.239762826371E0));
#1323=CARTESIAN_POINT('',(1.384993438768E0,1.449492916941E-1,4.261569472325E0));
#1324=CARTESIAN_POINT('',(1.338977071771E0,4.355391033627E-1,4.303938058576E0));
#1325=CARTESIAN_POINT('',(1.138777925915E0,8.279411300335E-1,4.370176194135E0));
#1326=CARTESIAN_POINT('',(8.273355309588E-1,1.139265243660E0,4.434017316375E0));
#1327=CARTESIAN_POINT('',(4.346636566019E-1,1.339172437750E0,4.499938579391E0));
#1328=CARTESIAN_POINT('',(-6.255264429728E-5,1.407975390112E0,
4.564496688591E0));
#1329=CARTESIAN_POINT('',(-4.354009540554E-1,1.338925943127E0,
4.629437006965E0));
#1330=CARTESIAN_POINT('',(-8.273328124924E-1,1.139253407394E0,
4.694793855767E0));
#1331=CARTESIAN_POINT('',(-1.139166475309E0,8.274251868508E-1,
4.759082300049E0));
#1332=CARTESIAN_POINT('',(-1.338883853532E0,4.356082602862E-1,
4.825129457442E0));
#1333=CARTESIAN_POINT('',(-1.384930958471E0,1.451963335509E-1,
4.867735860433E0));
#1334=CARTESIAN_POINT('',(-1.384930958471E0,-1.482968375252E-5,
4.889441676751E0));
#1336=CARTESIAN_POINT('',(-1.384866820332E0,-3.650828723467E-5,
4.227168478422E0));
#1337=CARTESIAN_POINT('',(-1.384866820332E0,1.447891565044E-1,
4.205573905921E0));
#1338=CARTESIAN_POINT('',(-1.339321111256E0,4.345450986209E-1,
4.162184659699E0));
#1339=CARTESIAN_POINT('',(-1.139106032357E0,8.275286866531E-1,
4.097477963824E0));
#1340=CARTESIAN_POINT('',(-8.279264267202E-1,1.138816304903E0,
4.031862042095E0));
#1341=CARTESIAN_POINT('',(-4.351734452297E-1,1.339054706814E0,
3.967649956368E0));
#1342=CARTESIAN_POINT('',(-2.295644470409E-4,1.407946004629E0,
3.901913524210E0));
#1343=CARTESIAN_POINT('',(4.348633880868E-1,1.339161183891E0,3.837521035734E0));
#1344=CARTESIAN_POINT('',(8.276174385928E-1,1.139042923588E0,3.772177075020E0));
#1345=CARTESIAN_POINT('',(1.138953355913E0,8.277501497918E-1,3.707112270947E0));
#1346=CARTESIAN_POINT('',(1.339293294687E0,4.347369134343E-1,3.642435758140E0));
#1347=CARTESIAN_POINT('',(1.384863356184E0,1.447180586833E-1,3.598716185034E0));
#1348=CARTESIAN_POINT('',(1.384863356184E0,-1.492727123598E-4,
3.577164170294E0));
#1350=CARTESIAN_POINT('',(1.384877579043E0,-1.499991776065E-4,
2.939760213553E0));
#1351=CARTESIAN_POINT('',(1.384877579043E0,1.449990955654E-1,2.961365648372E0));
#1352=CARTESIAN_POINT('',(1.338993687168E0,4.353497551136E-1,3.004844809015E0));
#1353=CARTESIAN_POINT('',(1.139330394468E0,8.271853744860E-1,3.069090229275E0));
#1354=CARTESIAN_POINT('',(8.276005257945E-1,1.139048765184E0,3.134983281379E0));
#1355=CARTESIAN_POINT('',(4.356909849951E-1,1.338876432470E0,3.199159931945E0));
#1356=CARTESIAN_POINT('',(-9.637661177257E-5,1.407965479590E0,
3.264562391626E0));
#1357=CARTESIAN_POINT('',(-4.344803148408E-1,1.339261608202E0,
3.329749713361E0));
#1358=CARTESIAN_POINT('',(-8.277597025225E-1,1.138967253139E0,
3.394073638119E0));
#1359=CARTESIAN_POINT('',(-1.138752108438E0,8.279634971953E-1,
3.460154358953E0));
#1360=CARTESIAN_POINT('',(-1.339287043602E0,4.348797475665E-1,
3.523911840984E0));
#1361=CARTESIAN_POINT('',(-1.384878300282E0,1.446545779259E-1,
3.568104322580E0));
#1362=CARTESIAN_POINT('',(-1.384878300282E0,-2.859789256027E-4,
3.589684449452E0));
#1364=CARTESIAN_POINT('',(-1.384936215576E0,-2.872387214974E-4,
2.927251716098E0));
#1365=CARTESIAN_POINT('',(-1.384936215576E0,1.447818762544E-1,
2.905402811527E0));
#1366=CARTESIAN_POINT('',(-1.339088028646E0,4.354015905617E-1,
2.862321044264E0));
#1367=CARTESIAN_POINT('',(-1.138670078616E0,8.280748168389E-1,
2.796939627613E0));
#1368=CARTESIAN_POINT('',(-8.273665737799E-1,1.139266036687E0,
2.732485979020E0));
#1369=CARTESIAN_POINT('',(-4.342666264643E-1,1.339312013528E0,
2.666646874196E0));
#1370=CARTESIAN_POINT('',(2.456170874451E-4,1.407981001041E0,2.602570259002E0));
#1371=CARTESIAN_POINT('',(4.359427195565E-1,1.338763557040E0,2.536742159298E0));
#1372=CARTESIAN_POINT('',(8.276089834733E-1,1.139043130121E0,2.472413508658E0));
#1373=CARTESIAN_POINT('',(1.139432383081E0,8.270391169647E-1,2.407111802152E0));
#1374=CARTESIAN_POINT('',(1.338936920670E0,4.354451622437E-1,2.342164220523E0));
#1375=CARTESIAN_POINT('',(1.384885111945E0,1.450491501341E-1,2.298746165177E0));
#1376=CARTESIAN_POINT('',(1.384885111945E0,-1.410796759645E-4,
2.277160121430E0));
#1378=CARTESIAN_POINT('',(1.384923802985E0,6.462601546233E-5,1.639418263736E0));
#1379=CARTESIAN_POINT('',(1.384923802985E0,1.448847304895E-1,1.661015728950E0));
#1380=CARTESIAN_POINT('',(1.339278444672E0,4.345227091324E-1,1.704094952093E0));
#1381=CARTESIAN_POINT('',(1.139175622903E0,8.274460315692E-1,1.769799516818E0));
#1382=CARTESIAN_POINT('',(8.279256432138E-1,1.138845866503E0,1.834415151314E0));
#1383=CARTESIAN_POINT('',(4.349607711204E-1,1.339125395881E0,1.899557963252E0));
#1384=CARTESIAN_POINT('',(-2.860836534196E-6,1.407985926024E0,
1.964670821156E0));
#1385=CARTESIAN_POINT('',(-4.354996882137E-1,1.338930881799E0,
2.029207259515E0));
#1386=CARTESIAN_POINT('',(-8.277065443264E-1,1.138992615225E0,
2.095179466034E0));
#1387=CARTESIAN_POINT('',(-1.139378687697E0,8.271512470007E-1,
2.158933594684E0));
#1388=CARTESIAN_POINT('',(-1.339184030027E0,4.348682720441E-1,
2.225126415994E0));
#1389=CARTESIAN_POINT('',(-1.384795048856E0,1.449330945781E-1,
2.267802412706E0));
#1390=CARTESIAN_POINT('',(-1.384795048856E0,2.893778273118E-5,
2.289635520813E0));
#1392=CARTESIAN_POINT('',(-1.384822999725E0,9.504894877311E-6,
1.627069212350E0));
#1393=CARTESIAN_POINT('',(-1.384822999725E0,1.452265298804E-1,
1.605373954533E0));
#1394=CARTESIAN_POINT('',(-1.338940114874E0,4.354981201559E-1,
1.562299797605E0));
#1395=CARTESIAN_POINT('',(-1.139306463811E0,8.272272775803E-1,
1.497406774755E0));
#1396=CARTESIAN_POINT('',(-8.274168800171E-1,1.139191202788E0,
1.432007040311E0));
#1397=CARTESIAN_POINT('',(-4.356086577611E-1,1.338875782717E0,
1.367617864493E0));
#1398=CARTESIAN_POINT('',(7.924790684330E-5,1.407986889545E0,1.301755912207E0));
#1399=CARTESIAN_POINT('',(4.346960846511E-1,1.339176637762E0,1.237680283395E0));
#1400=CARTESIAN_POINT('',(8.276331903617E-1,1.139052145794E0,1.172034634124E0));
#1401=CARTESIAN_POINT('',(1.138876974027E0,8.278290652376E-1,1.107360296244E0));
#1402=CARTESIAN_POINT('',(1.339072585863E0,4.351145114026E-1,1.042227096510E0));
#1403=CARTESIAN_POINT('',(1.384983067363E0,1.451579331332E-1,
9.988787545195E-1));
#1404=CARTESIAN_POINT('',(1.384983067363E0,9.992433620324E-5,
9.770872693125E-1));
#1406=CARTESIAN_POINT('',(1.058387007203E0,8.933298687067E-1,
1.999999933818E-1));
#1407=CARTESIAN_POINT('',(9.673906751048E-1,1.001137314681E0,
2.290669156469E-1));
#1408=CARTESIAN_POINT('',(7.522479339837E-1,1.188764825522E0,
2.870705961673E-1));
#1409=CARTESIAN_POINT('',(3.591232558327E-1,1.360092944194E0,
3.732316189701E-1));
#1410=CARTESIAN_POINT('',(-6.577095073640E-2,1.405108748150E0,
4.597450283031E-1));
#1411=CARTESIAN_POINT('',(-4.849938835013E-1,1.320364452035E0,
5.451421197084E-1));
#1412=CARTESIAN_POINT('',(-8.585175856600E-1,1.114208490779E0,
6.298259330154E-1));
#1413=CARTESIAN_POINT('',(-1.153409112937E0,8.050591173610E-1,
7.144202073604E-1));
#1414=CARTESIAN_POINT('',(-1.341660743747E0,4.224477364971E-1,
7.974315952962E-1));
#1415=CARTESIAN_POINT('',(-1.384937490666E0,1.408683488511E-1,
8.523509514103E-1));
#1416=CARTESIAN_POINT('',(-1.384937490666E0,-9.900489116843E-6,
8.795866369349E-1));
#1418=CARTESIAN_POINT('',(-1.384809564402E0,-3.460494506588E-5,
4.251351746815E-1));
#1419=CARTESIAN_POINT('',(-1.384809564402E0,1.482518591322E-1,
4.091668220601E-1));
#1420=CARTESIAN_POINT('',(-1.337075392055E0,4.448193061830E-1,
3.779700367921E-1));
#1421=CARTESIAN_POINT('',(-1.128075208822E0,8.441174517092E-1,
3.317696376392E-1));
#1422=CARTESIAN_POINT('',(-8.045428647444E-1,1.156808989266E0,
2.874784646283E-1));
#1423=CARTESIAN_POINT('',(-3.967190258919E-1,1.352163018149E0,
2.428474010350E-1));
#1424=CARTESIAN_POINT('',(-9.837863147882E-2,1.389449630278E0,
2.141160777132E-1));
#1425=CARTESIAN_POINT('',(5.014061272425E-2,1.384044910652E0,
1.999973326308E-1));
#1427=CARTESIAN_POINT('',(0.E0,0.E0,2.E-1));
#1428=DIRECTION('',(0.E0,0.E0,-1.E0));
#1429=DIRECTION('',(1.E0,0.E0,0.E0));
#1430=AXIS2_PLACEMENT_3D('',#1427,#1428,#1429);
#1432=CARTESIAN_POINT('',(1.585E0,0.E0,2.E-1));
#1433=DIRECTION('',(0.E0,-1.E0,0.E0));
#1434=DIRECTION('',(-1.E0,0.E0,0.E0));
#1435=AXIS2_PLACEMENT_3D('',#1432,#1433,#1434);
#1437=CARTESIAN_POINT('',(-1.585E0,0.E0,2.E-1));
#1438=DIRECTION('',(0.E0,1.E0,0.E0));
#1439=DIRECTION('',(1.E0,0.E0,0.E0));
#1440=AXIS2_PLACEMENT_3D('',#1437,#1438,#1439);
#1442=CARTESIAN_POINT('',(5.243624245739E-1,-7.842661913135E-1,
1.054046874458E1));
#1443=CARTESIAN_POINT('',(4.122340376094E-1,-9.099058964700E-1,
1.048968750190E1));
#1444=CARTESIAN_POINT('',(9.829448192959E-2,-1.116020566141E0,
1.038812498443E1));
#1445=CARTESIAN_POINT('',(-3.287193055644E-1,-1.122582731384E0,1.02865625E1));
#1446=CARTESIAN_POINT('',(-5.374017030147E-1,-1.061005121363E0,1.023578125E1));
#1448=DIRECTION('',(1.615512035768E-1,8.508709382044E-1,-4.999198487178E-1));
#1449=VECTOR('',#1448,1.529469182889E-1);
#1450=CARTESIAN_POINT('',(-5.374017030147E-1,-1.061005121363E0,1.023578125E1));
#1451=LINE('',#1450,#1449);
#1452=CARTESIAN_POINT('',(0.E0,0.E0,-1.622048961922E-2));
#1453=DIRECTION('',(0.E0,0.E0,1.E0));
#1454=DIRECTION('',(1.E0,0.E0,0.E0));
#1455=AXIS2_PLACEMENT_3D('',#1452,#1453,#1454);
#1457=VERTEX_POINT('',#246);
#1458=VERTEX_POINT('',#251);
#1459=CARTESIAN_POINT('',(7.376304011895E-1,2.763636810218E-1,-1.12E0));
#1460=VERTEX_POINT('',#1459);
#1461=CARTESIAN_POINT('',(8.105938838295E-1,5.009221903577E-1,
-2.742797913653E0));
#1462=VERTEX_POINT('',#1461);
#1463=CARTESIAN_POINT('',(4.579744070798E-1,4.579744070798E-1,-1.12E0));
#1464=VERTEX_POINT('',#1463);
#1465=CARTESIAN_POINT('',(6.236814884331E-1,6.236814884331E-1,
-2.751014910363E0));
#1466=VERTEX_POINT('',#1465);
#1467=CARTESIAN_POINT('',(2.763636810218E-1,7.376304011895E-1,-1.12E0));
#1468=VERTEX_POINT('',#1467);
#1469=CARTESIAN_POINT('',(5.009221903577E-1,8.105938838294E-1,
-2.742797913653E0));
#1470=VERTEX_POINT('',#1469);
#1471=CARTESIAN_POINT('',(2.131704961330E-1,1.943428199786E0,-1.12E0));
#1472=VERTEX_POINT('',#1471);
#1473=VERTEX_POINT('',#205);
#1474=CARTESIAN_POINT('',(-2.131704961330E-1,1.943428199786E0,-1.12E0));
#1475=VERTEX_POINT('',#1474);
#1476=VERTEX_POINT('',#193);
#1477=CARTESIAN_POINT('',(-2.763636810218E-1,7.376304011895E-1,-1.12E0));
#1478=VERTEX_POINT('',#1477);
#1479=CARTESIAN_POINT('',(-5.009221903577E-1,8.105938838295E-1,
-2.742797913653E0));
#1480=VERTEX_POINT('',#1479);
#1481=CARTESIAN_POINT('',(-4.579744070798E-1,4.579744070798E-1,-1.12E0));
#1482=VERTEX_POINT('',#1481);
#1483=CARTESIAN_POINT('',(-6.236814884331E-1,6.236814884331E-1,
-2.751014910363E0));
#1484=VERTEX_POINT('',#1483);
#1485=CARTESIAN_POINT('',(-7.376304011895E-1,2.763636810218E-1,-1.12E0));
#1486=VERTEX_POINT('',#1485);
#1487=CARTESIAN_POINT('',(-8.105938838294E-1,5.009221903577E-1,
-2.742797913653E0));
#1488=VERTEX_POINT('',#1487);
#1489=CARTESIAN_POINT('',(-1.943428199786E0,2.131704961330E-1,-1.12E0));
#1490=VERTEX_POINT('',#1489);
#1491=VERTEX_POINT('',#145);
#1492=CARTESIAN_POINT('',(-1.963891397700E0,0.E0,-1.12E0));
#1493=VERTEX_POINT('',#1492);
#1494=CARTESIAN_POINT('',(-1.943428199786E0,-2.131704961330E-1,-1.12E0));
#1495=VERTEX_POINT('',#1494);
#1496=VERTEX_POINT('',#133);
#1497=CARTESIAN_POINT('',(-7.376304011895E-1,-2.763636810218E-1,-1.12E0));
#1498=VERTEX_POINT('',#1497);
#1499=CARTESIAN_POINT('',(-8.105938838294E-1,-5.009221903577E-1,
-2.742797913653E0));
#1500=VERTEX_POINT('',#1499);
#1501=CARTESIAN_POINT('',(-4.579744070798E-1,-4.579744070798E-1,-1.12E0));
#1502=VERTEX_POINT('',#1501);
#1503=CARTESIAN_POINT('',(-6.236814884331E-1,-6.236814884331E-1,
-2.751014910363E0));
#1504=VERTEX_POINT('',#1503);
#1505=CARTESIAN_POINT('',(-2.763636810218E-1,-7.376304011895E-1,-1.12E0));
#1506=VERTEX_POINT('',#1505);
#1507=CARTESIAN_POINT('',(-5.009221903577E-1,-8.105938838295E-1,
-2.742797913653E0));
#1508=VERTEX_POINT('',#1507);
#1509=CARTESIAN_POINT('',(-2.131704961330E-1,-1.943428199786E0,-1.12E0));
#1510=VERTEX_POINT('',#1509);
#1511=VERTEX_POINT('',#92);
#1512=CARTESIAN_POINT('',(2.131704961330E-1,-1.943428199786E0,-1.12E0));
#1513=VERTEX_POINT('',#1512);
#1514=VERTEX_POINT('',#80);
#1515=CARTESIAN_POINT('',(2.763636810218E-1,-7.376304011895E-1,-1.12E0));
#1516=VERTEX_POINT('',#1515);
#1517=CARTESIAN_POINT('',(5.009221903577E-1,-8.105938838294E-1,
-2.742797913653E0));
#1518=VERTEX_POINT('',#1517);
#1519=CARTESIAN_POINT('',(4.579744070798E-1,-4.579744070798E-1,-1.12E0));
#1520=VERTEX_POINT('',#1519);
#1521=CARTESIAN_POINT('',(6.236814884331E-1,-6.236814884331E-1,
-2.751014910363E0));
#1522=VERTEX_POINT('',#1521);
#1523=CARTESIAN_POINT('',(7.376304011895E-1,-2.763636810218E-1,-1.12E0));
#1524=VERTEX_POINT('',#1523);
#1525=CARTESIAN_POINT('',(8.105938838295E-1,-5.009221903577E-1,
-2.742797913653E0));
#1526=VERTEX_POINT('',#1525);
#1527=CARTESIAN_POINT('',(1.943428199786E0,-2.131704961330E-1,-1.12E0));
#1528=VERTEX_POINT('',#1527);
#1529=VERTEX_POINT('',#32);
#1530=CARTESIAN_POINT('',(-2.157969191572E0,0.E0,-2.502107765958E0));
#1531=CARTESIAN_POINT('',(-2.744474284652E0,0.E0,-2.312254004623E0));
#1532=VERTEX_POINT('',#1530);
#1533=VERTEX_POINT('',#1531);
#1534=CARTESIAN_POINT('',(2.157969191572E0,0.E0,-2.502107765958E0));
#1535=CARTESIAN_POINT('',(2.744474284652E0,0.E0,-2.312254004623E0));
#1536=VERTEX_POINT('',#1534);
#1537=VERTEX_POINT('',#1535);
#1538=CARTESIAN_POINT('',(6.766492541929E-1,-5.812659147066E-6,
1.082768578557E1));
#1539=CARTESIAN_POINT('',(1.123079664399E0,0.E0,1.005476896031E1));
#1540=VERTEX_POINT('',#1538);
#1541=VERTEX_POINT('',#1539);
#1542=CARTESIAN_POINT('',(0.E0,0.E0,1.2E1));
#1543=CARTESIAN_POINT('',(6.569464044868E-1,-3.623035916709E-5,
1.086184701832E1));
#1544=VERTEX_POINT('',#1542);
#1545=VERTEX_POINT('',#1543);
#1546=CARTESIAN_POINT('',(-1.068122097519E0,-1.024568652298E-4,
1.015019693123E1));
#1547=VERTEX_POINT('',#1546);
#1548=VERTEX_POINT('',#880);
#1549=VERTEX_POINT('',#887);
#1550=CARTESIAN_POINT('',(-8.914028984234E-1,-6.992423361420E-1,
1.003749888471E1));
#1551=CARTESIAN_POINT('',(-1.089730949398E0,-8.548166223952E-1,
9.077268960314E0));
#1552=VERTEX_POINT('',#1550);
#1553=VERTEX_POINT('',#1551);
#1554=VERTEX_POINT('',#1207);
#1555=VERTEX_POINT('',#1229);
#1556=VERTEX_POINT('',#901);
#1557=VERTEX_POINT('',#909);
#1558=VERTEX_POINT('',#921);
#1559=CARTESIAN_POINT('',(-1.384963859234E0,-2.975292813589E-5,
8.789695337004E0));
#1560=CARTESIAN_POINT('',(-1.385E0,0.E0,9.077268960314E0));
#1561=VERTEX_POINT('',#1559);
#1562=VERTEX_POINT('',#1560);
#1563=CARTESIAN_POINT('',(1.384960315622E0,2.100781871253E-4,8.139555359356E0));
#1564=CARTESIAN_POINT('',(1.385050938352E0,-6.069870599510E-6,
8.881077862730E0));
#1565=VERTEX_POINT('',#1563);
#1566=VERTEX_POINT('',#1564);
#1567=CARTESIAN_POINT('',(-1.384989691470E0,1.677857188006E-4,
7.489410776639E0));
#1568=CARTESIAN_POINT('',(-1.384791301153E0,-2.995714182361E-5,
8.127015710766E0));
#1569=VERTEX_POINT('',#1567);
#1570=VERTEX_POINT('',#1568);
#1571=CARTESIAN_POINT('',(1.384873035252E0,-1.997317364360E-5,
6.839490887758E0));
#1572=CARTESIAN_POINT('',(1.384772644893E0,2.193776090619E-4,7.477132842080E0));
#1573=VERTEX_POINT('',#1571);
#1574=VERTEX_POINT('',#1572);
#1575=CARTESIAN_POINT('',(-1.384861627160E0,-3.108511115793E-5,
6.189652169940E0));
#1576=CARTESIAN_POINT('',(-1.385072756897E0,1.663693099541E-4,
6.827265055197E0));
#1577=VERTEX_POINT('',#1575);
#1578=VERTEX_POINT('',#1576);
#1579=CARTESIAN_POINT('',(1.384894014366E0,-3.931323937906E-5,
5.539487113687E0));
#1580=CARTESIAN_POINT('',(1.384827827436E0,1.937748995634E-5,6.177203759108E0));
#1581=VERTEX_POINT('',#1579);
#1582=VERTEX_POINT('',#1580);
#1583=CARTESIAN_POINT('',(-1.384930958471E0,-1.482968375252E-5,
4.889441676751E0));
#1584=CARTESIAN_POINT('',(-1.384856798184E0,-7.546123367513E-5,
5.527151530093E0));
#1585=VERTEX_POINT('',#1583);
#1586=VERTEX_POINT('',#1584);
#1587=CARTESIAN_POINT('',(1.384993438768E0,-1.701639154573E-4,
4.239762826371E0));
#1588=CARTESIAN_POINT('',(1.384998658173E0,-1.801745421271E-5,
4.877346252931E0));
#1589=VERTEX_POINT('',#1587);
#1590=VERTEX_POINT('',#1588);
#1591=CARTESIAN_POINT('',(-1.384878300282E0,-2.859789256027E-4,
3.589684449452E0));
#1592=CARTESIAN_POINT('',(-1.384866820332E0,-3.650828723467E-5,
4.227168478422E0));
#1593=VERTEX_POINT('',#1591);
#1594=VERTEX_POINT('',#1592);
#1595=CARTESIAN_POINT('',(1.384877579043E0,-1.499991776065E-4,
2.939760213553E0));
#1596=CARTESIAN_POINT('',(1.384863356184E0,-1.492727123598E-4,
3.577164170294E0));
#1597=VERTEX_POINT('',#1595);
#1598=VERTEX_POINT('',#1596);
#1599=CARTESIAN_POINT('',(-1.384795048856E0,2.893778273118E-5,
2.289635520813E0));
#1600=CARTESIAN_POINT('',(-1.384936215576E0,-2.872387214974E-4,
2.927251716098E0));
#1601=VERTEX_POINT('',#1599);
#1602=VERTEX_POINT('',#1600);
#1603=CARTESIAN_POINT('',(1.384923802985E0,6.462601546233E-5,1.639418263736E0));
#1604=CARTESIAN_POINT('',(1.384885111945E0,-1.410796759645E-4,
2.277160121430E0));
#1605=VERTEX_POINT('',#1603);
#1606=VERTEX_POINT('',#1604);
#1607=CARTESIAN_POINT('',(-1.384937490666E0,-9.900489116843E-6,
8.795866369349E-1));
#1608=CARTESIAN_POINT('',(-1.384822999725E0,9.504894877311E-6,
1.627069212350E0));
#1609=VERTEX_POINT('',#1607);
#1610=VERTEX_POINT('',#1608);
#1611=CARTESIAN_POINT('',(1.385E0,0.E0,2.E-1));
#1612=CARTESIAN_POINT('',(1.384983067363E0,9.992433620324E-5,
9.770872693125E-1));
#1613=VERTEX_POINT('',#1611);
#1614=VERTEX_POINT('',#1612);
#1615=CARTESIAN_POINT('',(-1.385E0,0.E0,2.E-1));
#1616=CARTESIAN_POINT('',(-1.384809564402E0,-3.460494506588E-5,
4.251351746815E-1));
#1617=VERTEX_POINT('',#1615);
#1618=VERTEX_POINT('',#1616);
#1619=VERTEX_POINT('',#1406);
#1620=VERTEX_POINT('',#1425);
#1621=CARTESIAN_POINT('',(3.75E0,0.E0,-5.435778713738E-2));
#1622=CARTESIAN_POINT('',(3.737054131936E0,0.E0,-1.622048961922E-2));
#1623=VERTEX_POINT('',#1621);
#1624=VERTEX_POINT('',#1622);
#1625=CARTESIAN_POINT('',(-3.737054131936E0,0.E0,-1.622048961922E-2));
#1626=VERTEX_POINT('',#1625);
#1627=CARTESIAN_POINT('',(-3.75E0,0.E0,-5.435778713738E-2));
#1628=VERTEX_POINT('',#1627);
#1629=CARTESIAN_POINT('',(-3.700190265095E0,0.E0,0.E0));
#1630=VERTEX_POINT('',#1629);
#1631=CARTESIAN_POINT('',(3.700190265095E0,0.E0,0.E0));
#1632=VERTEX_POINT('',#1631);
#1633=CARTESIAN_POINT('',(3.656768387E0,0.E0,-1.12E0));
#1634=VERTEX_POINT('',#1633);
#1635=CARTESIAN_POINT('',(-3.656768387E0,0.E0,-1.12E0));
#1636=VERTEX_POINT('',#1635);
#1637=CARTESIAN_POINT('',(3.373940028134E0,0.E0,-1.848747752761E0));
#1638=VERTEX_POINT('',#1637);
#1639=CARTESIAN_POINT('',(-3.373940028134E0,0.E0,-1.848747752761E0));
#1640=VERTEX_POINT('',#1639);
#1641=CARTESIAN_POINT('',(-5.374017030147E-1,-1.061005121363E0,1.023578125E1));
#1642=CARTESIAN_POINT('',(-5.126929442818E-1,-9.308670335027E-1,
1.015932004975E1));
#1643=VERTEX_POINT('',#1641);
#1644=VERTEX_POINT('',#1642);
#1645=CARTESIAN_POINT('',(5.243624245739E-1,-7.842661913135E-1,
1.054046874458E1));
#1646=CARTESIAN_POINT('',(4.601035061180E-1,-7.374006210823E-1,
1.049455496604E1));
#1647=VERTEX_POINT('',#1645);
#1648=VERTEX_POINT('',#1646);
#1649=CARTESIAN_POINT('',(-4.853467208239E-1,-7.888698371804E-1,
1.039574591218E1));
#1650=VERTEX_POINT('',#1649);
#1651=CARTESIAN_POINT('',(3.871210511571E-1,-6.840568668969E-1,
1.063858498272E1));
#1652=VERTEX_POINT('',#1651);
#1653=VERTEX_POINT('',#802);
#1654=CARTESIAN_POINT('',(-1.443578643763E0,0.E0,5.857864376269E-2));
#1655=VERTEX_POINT('',#1654);
#1656=CARTESIAN_POINT('',(1.443578643763E0,0.E0,5.857864376269E-2));
#1657=VERTEX_POINT('',#1656);
#1658=CARTESIAN_POINT('',(1.585E0,0.E0,0.E0));
#1659=VERTEX_POINT('',#1658);
#1660=CARTESIAN_POINT('',(-1.585E0,0.E0,0.E0));
#1661=VERTEX_POINT('',#1660);
#1662=CARTESIAN_POINT('',(0.E0,0.E0,5.165247617380E0));
#1663=DIRECTION('',(0.E0,0.E0,1.E0));
#1664=DIRECTION('',(1.E0,0.E0,0.E0));
#1665=AXIS2_PLACEMENT_3D('',#1662,#1663,#1664);
#1666=SPHERICAL_SURFACE('',#1665,7.965247617380E0);
#1668=ORIENTED_EDGE('',*,*,#1667,.F.);
#1670=ORIENTED_EDGE('',*,*,#1669,.F.);
#1672=ORIENTED_EDGE('',*,*,#1671,.T.);
#1674=ORIENTED_EDGE('',*,*,#1673,.T.);
#1676=ORIENTED_EDGE('',*,*,#1675,.T.);
#1678=ORIENTED_EDGE('',*,*,#1677,.T.);
#1680=ORIENTED_EDGE('',*,*,#1679,.T.);
#1682=ORIENTED_EDGE('',*,*,#1681,.T.);
#1684=ORIENTED_EDGE('',*,*,#1683,.T.);
#1686=ORIENTED_EDGE('',*,*,#1685,.T.);
#1688=ORIENTED_EDGE('',*,*,#1687,.T.);
#1690=ORIENTED_EDGE('',*,*,#1689,.T.);
#1692=ORIENTED_EDGE('',*,*,#1691,.T.);
#1694=ORIENTED_EDGE('',*,*,#1693,.T.);
#1695=EDGE_LOOP('',(#1668,#1670,#1672,#1674,#1676,#1678,#1680,#1682,#1684,#1686,
#1688,#1690,#1692,#1694));
#1696=FACE_OUTER_BOUND('',#1695,.F.);
#1697=ADVANCED_FACE('',(#1696),#1666,.T.);
#1698=CARTESIAN_POINT('',(0.E0,0.E0,-9.979819601533E-1));
#1699=DIRECTION('',(0.E0,0.E0,1.E0));
#1700=DIRECTION('',(1.E0,0.E0,0.E0));
#1701=AXIS2_PLACEMENT_3D('',#1698,#1699,#1700);
#1702=TOROIDAL_SURFACE('',#1701,2.262095809671E0,1.4E0);
#1703=ORIENTED_EDGE('',*,*,#1667,.T.);
#1705=ORIENTED_EDGE('',*,*,#1704,.T.);
#1707=ORIENTED_EDGE('',*,*,#1706,.T.);
#1709=ORIENTED_EDGE('',*,*,#1708,.F.);
#1710=EDGE_LOOP('',(#1703,#1705,#1707,#1709));
#1711=FACE_OUTER_BOUND('',#1710,.F.);
#1712=ADVANCED_FACE('',(#1711),#1702,.T.);
#1713=CARTESIAN_POINT('',(0.E0,0.E0,-9.979819601533E-1));
#1714=DIRECTION('',(0.E0,0.E0,1.E0));
#1715=DIRECTION('',(1.E0,0.E0,0.E0));
#1716=AXIS2_PLACEMENT_3D('',#1713,#1714,#1715);
#1717=TOROIDAL_SURFACE('',#1716,2.262095809671E0,1.4E0);
#1719=ORIENTED_EDGE('',*,*,#1718,.T.);
#1720=ORIENTED_EDGE('',*,*,#1708,.T.);
#1722=ORIENTED_EDGE('',*,*,#1721,.T.);
#1723=ORIENTED_EDGE('',*,*,#1704,.F.);
#1724=EDGE_LOOP('',(#1719,#1720,#1722,#1723));
#1725=FACE_OUTER_BOUND('',#1724,.F.);
#1726=ADVANCED_FACE('',(#1725),#1717,.T.);
#1727=CARTESIAN_POINT('',(0.E0,0.E0,5.165247617380E0));
#1728=DIRECTION('',(0.E0,0.E0,1.E0));
#1729=DIRECTION('',(1.E0,0.E0,0.E0));
#1730=AXIS2_PLACEMENT_3D('',#1727,#1728,#1729);
#1731=SPHERICAL_SURFACE('',#1730,7.965247617380E0);
#1732=ORIENTED_EDGE('',*,*,#1718,.F.);
#1733=ORIENTED_EDGE('',*,*,#1693,.F.);
#1735=ORIENTED_EDGE('',*,*,#1734,.T.);
#1737=ORIENTED_EDGE('',*,*,#1736,.T.);
#1739=ORIENTED_EDGE('',*,*,#1738,.T.);
#1741=ORIENTED_EDGE('',*,*,#1740,.T.);
#1743=ORIENTED_EDGE('',*,*,#1742,.T.);
#1745=ORIENTED_EDGE('',*,*,#1744,.T.);
#1747=ORIENTED_EDGE('',*,*,#1746,.T.);
#1749=ORIENTED_EDGE('',*,*,#1748,.T.);
#1751=ORIENTED_EDGE('',*,*,#1750,.T.);
#1753=ORIENTED_EDGE('',*,*,#1752,.T.);
#1755=ORIENTED_EDGE('',*,*,#1754,.T.);
#1756=ORIENTED_EDGE('',*,*,#1669,.T.);
#1757=EDGE_LOOP('',(#1732,#1733,#1735,#1737,#1739,#1741,#1743,#1745,#1747,#1749,
#1751,#1753,#1755,#1756));
#1758=FACE_OUTER_BOUND('',#1757,.F.);
#1759=ADVANCED_FACE('',(#1758),#1731,.T.);
#1760=CARTESIAN_POINT('',(8.433333333333E-1,0.E0,-1.814334525314E0));
#1761=DIRECTION('',(0.E0,0.E0,-1.E0));
#1762=DIRECTION('',(1.E0,0.E0,0.E0));
#1763=AXIS2_PLACEMENT_3D('',#1760,#1761,#1762);
#1764=CONICAL_SURFACE('',#1763,1.218140418117E0,8.E0);
#1766=ORIENTED_EDGE('',*,*,#1765,.F.);
#1767=ORIENTED_EDGE('',*,*,#1734,.F.);
#1768=ORIENTED_EDGE('',*,*,#1691,.F.);
#1770=ORIENTED_EDGE('',*,*,#1769,.T.);
#1772=ORIENTED_EDGE('',*,*,#1771,.T.);
#1773=EDGE_LOOP('',(#1766,#1767,#1768,#1770,#1772));
#1774=FACE_OUTER_BOUND('',#1773,.F.);
#1775=ADVANCED_FACE('',(#1774),#1764,.F.);
#1776=CARTESIAN_POINT('',(2.882131317729E-2,-5.499434162556E-1,-2.8E0));
#1777=DIRECTION('',(5.182662631444E-2,-9.889109407697E-1,1.391731009601E-1));
#1778=DIRECTION('',(0.E0,-1.393603877523E-1,-9.902417292386E-1));
#1779=AXIS2_PLACEMENT_3D('',#1776,#1777,#1778);
#1780=PLANE('',#1779);
#1782=ORIENTED_EDGE('',*,*,#1781,.F.);
#1783=ORIENTED_EDGE('',*,*,#1736,.F.);
#1784=ORIENTED_EDGE('',*,*,#1765,.T.);
#1786=ORIENTED_EDGE('',*,*,#1785,.T.);
#1787=EDGE_LOOP('',(#1782,#1783,#1784,#1786));
#1788=FACE_OUTER_BOUND('',#1787,.F.);
#1789=ADVANCED_FACE('',(#1788),#1780,.F.);
#1790=CARTESIAN_POINT('',(4.736338980324E-1,-7.293322452550E-1,-2.8E0));
#1791=DIRECTION('',(5.393386453656E-1,-8.305086836297E-1,1.391731009601E-1));
#1792=DIRECTION('',(8.386705679454E-1,5.446390350150E-1,0.E0));
#1793=AXIS2_PLACEMENT_3D('',#1790,#1791,#1792);
#1794=PLANE('',#1793);
#1796=ORIENTED_EDGE('',*,*,#1795,.F.);
#1797=ORIENTED_EDGE('',*,*,#1738,.F.);
#1798=ORIENTED_EDGE('',*,*,#1781,.T.);
#1800=ORIENTED_EDGE('',*,*,#1799,.T.);
#1801=EDGE_LOOP('',(#1796,#1797,#1798,#1800));
#1802=FACE_OUTER_BOUND('',#1801,.F.);
#1803=ADVANCED_FACE('',(#1802),#1794,.F.);
#1804=CARTESIAN_POINT('',(7.293322452550E-1,-4.736338980324E-1,-2.8E0));
#1805=DIRECTION('',(8.305086836297E-1,-5.393386453656E-1,1.391731009601E-1));
#1806=DIRECTION('',(5.446390350150E-1,8.386705679454E-1,0.E0));
#1807=AXIS2_PLACEMENT_3D('',#1804,#1805,#1806);
#1808=PLANE('',#1807);
#1810=ORIENTED_EDGE('',*,*,#1809,.F.);
#1811=ORIENTED_EDGE('',*,*,#1740,.F.);
#1812=ORIENTED_EDGE('',*,*,#1795,.T.);
#1814=ORIENTED_EDGE('',*,*,#1813,.T.);
#1815=EDGE_LOOP('',(#1810,#1811,#1812,#1814));
#1816=FACE_OUTER_BOUND('',#1815,.F.);
#1817=ADVANCED_FACE('',(#1816),#1808,.F.);
#1818=CARTESIAN_POINT('',(5.499434162556E-1,-2.882131317729E-2,-2.8E0));
#1819=DIRECTION('',(9.889109407697E-1,-5.182662631444E-2,1.391731009601E-1));
#1820=DIRECTION('',(1.393603877523E-1,0.E0,-9.902417292386E-1));
#1821=AXIS2_PLACEMENT_3D('',#1818,#1819,#1820);
#1822=PLANE('',#1821);
#1824=ORIENTED_EDGE('',*,*,#1823,.F.);
#1825=ORIENTED_EDGE('',*,*,#1742,.F.);
#1826=ORIENTED_EDGE('',*,*,#1809,.T.);
#1828=ORIENTED_EDGE('',*,*,#1827,.T.);
#1829=EDGE_LOOP('',(#1824,#1825,#1826,#1828));
#1830=FACE_OUTER_BOUND('',#1829,.F.);
#1831=ADVANCED_FACE('',(#1830),#1822,.F.);
#1832=CARTESIAN_POINT('',(0.E0,-8.433333333333E-1,-1.814334525314E0));
#1833=DIRECTION('',(0.E0,0.E0,-1.E0));
#1834=DIRECTION('',(1.E0,0.E0,0.E0));
#1835=AXIS2_PLACEMENT_3D('',#1832,#1833,#1834);
#1836=CONICAL_SURFACE('',#1835,1.218140418117E0,8.E0);
#1838=ORIENTED_EDGE('',*,*,#1837,.F.);
#1839=ORIENTED_EDGE('',*,*,#1744,.F.);
#1840=ORIENTED_EDGE('',*,*,#1823,.T.);
#1842=ORIENTED_EDGE('',*,*,#1841,.T.);
#1843=EDGE_LOOP('',(#1838,#1839,#1840,#1842));
#1844=FACE_OUTER_BOUND('',#1843,.F.);
#1845=ADVANCED_FACE('',(#1844),#1836,.F.);
#1846=CARTESIAN_POINT('',(-5.499434162556E-1,-2.882131317729E-2,-2.8E0));
#1847=DIRECTION('',(-9.889109407697E-1,-5.182662631444E-2,1.391731009601E-1));
#1848=DIRECTION('',(1.393603877523E-1,0.E0,9.902417292386E-1));
#1849=AXIS2_PLACEMENT_3D('',#1846,#1847,#1848);
#1850=PLANE('',#1849);
#1852=ORIENTED_EDGE('',*,*,#1851,.F.);
#1853=ORIENTED_EDGE('',*,*,#1746,.F.);
#1854=ORIENTED_EDGE('',*,*,#1837,.T.);
#1856=ORIENTED_EDGE('',*,*,#1855,.T.);
#1857=EDGE_LOOP('',(#1852,#1853,#1854,#1856));
#1858=FACE_OUTER_BOUND('',#1857,.F.);
#1859=ADVANCED_FACE('',(#1858),#1850,.F.);
#1860=CARTESIAN_POINT('',(-7.293322452550E-1,-4.736338980324E-1,-2.8E0));
#1861=DIRECTION('',(-8.305086836297E-1,-5.393386453656E-1,1.391731009601E-1));
#1862=DIRECTION('',(5.446390350150E-1,-8.386705679454E-1,0.E0));
#1863=AXIS2_PLACEMENT_3D('',#1860,#1861,#1862);
#1864=PLANE('',#1863);
#1866=ORIENTED_EDGE('',*,*,#1865,.F.);
#1867=ORIENTED_EDGE('',*,*,#1748,.F.);
#1868=ORIENTED_EDGE('',*,*,#1851,.T.);
#1870=ORIENTED_EDGE('',*,*,#1869,.T.);
#1871=EDGE_LOOP('',(#1866,#1867,#1868,#1870));
#1872=FACE_OUTER_BOUND('',#1871,.F.);
#1873=ADVANCED_FACE('',(#1872),#1864,.F.);
#1874=CARTESIAN_POINT('',(-4.736338980324E-1,-7.293322452550E-1,-2.8E0));
#1875=DIRECTION('',(-5.393386453656E-1,-8.305086836297E-1,1.391731009601E-1));
#1876=DIRECTION('',(8.386705679454E-1,-5.446390350150E-1,0.E0));
#1877=AXIS2_PLACEMENT_3D('',#1874,#1875,#1876);
#1878=PLANE('',#1877);
#1880=ORIENTED_EDGE('',*,*,#1879,.F.);
#1881=ORIENTED_EDGE('',*,*,#1750,.F.);
#1882=ORIENTED_EDGE('',*,*,#1865,.T.);
#1884=ORIENTED_EDGE('',*,*,#1883,.T.);
#1885=EDGE_LOOP('',(#1880,#1881,#1882,#1884));
#1886=FACE_OUTER_BOUND('',#1885,.F.);
#1887=ADVANCED_FACE('',(#1886),#1878,.F.);
#1888=CARTESIAN_POINT('',(-2.882131317729E-2,-5.499434162556E-1,-2.8E0));
#1889=DIRECTION('',(-5.182662631444E-2,-9.889109407697E-1,1.391731009601E-1));
#1890=DIRECTION('',(0.E0,-1.393603877523E-1,-9.902417292386E-1));
#1891=AXIS2_PLACEMENT_3D('',#1888,#1889,#1890);
#1892=PLANE('',#1891);
#1894=ORIENTED_EDGE('',*,*,#1893,.F.);
#1895=ORIENTED_EDGE('',*,*,#1752,.F.);
#1896=ORIENTED_EDGE('',*,*,#1879,.T.);
#1898=ORIENTED_EDGE('',*,*,#1897,.T.);
#1899=EDGE_LOOP('',(#1894,#1895,#1896,#1898));
#1900=FACE_OUTER_BOUND('',#1899,.F.);
#1901=ADVANCED_FACE('',(#1900),#1892,.F.);
#1902=CARTESIAN_POINT('',(-8.433333333333E-1,0.E0,-1.814334525314E0));
#1903=DIRECTION('',(0.E0,0.E0,-1.E0));
#1904=DIRECTION('',(1.E0,0.E0,0.E0));
#1905=AXIS2_PLACEMENT_3D('',#1902,#1903,#1904);
#1906=CONICAL_SURFACE('',#1905,1.218140418117E0,8.E0);
#1908=ORIENTED_EDGE('',*,*,#1907,.F.);
#1909=ORIENTED_EDGE('',*,*,#1671,.F.);
#1910=ORIENTED_EDGE('',*,*,#1754,.F.);
#1911=ORIENTED_EDGE('',*,*,#1893,.T.);
#1913=ORIENTED_EDGE('',*,*,#1912,.T.);
#1915=ORIENTED_EDGE('',*,*,#1914,.T.);
#1916=EDGE_LOOP('',(#1908,#1909,#1910,#1911,#1913,#1915));
#1917=FACE_OUTER_BOUND('',#1916,.F.);
#1918=ADVANCED_FACE('',(#1917),#1906,.F.);
#1919=CARTESIAN_POINT('',(-2.882131317729E-2,5.499434162556E-1,-2.8E0));
#1920=DIRECTION('',(-5.182662631444E-2,9.889109407697E-1,1.391731009601E-1));
#1921=DIRECTION('',(0.E0,-1.393603877523E-1,9.902417292386E-1));
#1922=AXIS2_PLACEMENT_3D('',#1919,#1920,#1921);
#1923=PLANE('',#1922);
#1925=ORIENTED_EDGE('',*,*,#1924,.F.);
#1926=ORIENTED_EDGE('',*,*,#1673,.F.);
#1927=ORIENTED_EDGE('',*,*,#1907,.T.);
#1929=ORIENTED_EDGE('',*,*,#1928,.T.);
#1930=EDGE_LOOP('',(#1925,#1926,#1927,#1929));
#1931=FACE_OUTER_BOUND('',#1930,.F.);
#1932=ADVANCED_FACE('',(#1931),#1923,.F.);
#1933=CARTESIAN_POINT('',(-4.736338980324E-1,7.293322452550E-1,-2.8E0));
#1934=DIRECTION('',(-5.393386453656E-1,8.305086836297E-1,1.391731009601E-1));
#1935=DIRECTION('',(-8.386705679454E-1,-5.446390350150E-1,0.E0));
#1936=AXIS2_PLACEMENT_3D('',#1933,#1934,#1935);
#1937=PLANE('',#1936);
#1939=ORIENTED_EDGE('',*,*,#1938,.F.);
#1940=ORIENTED_EDGE('',*,*,#1675,.F.);
#1941=ORIENTED_EDGE('',*,*,#1924,.T.);
#1943=ORIENTED_EDGE('',*,*,#1942,.T.);
#1944=EDGE_LOOP('',(#1939,#1940,#1941,#1943));
#1945=FACE_OUTER_BOUND('',#1944,.F.);
#1946=ADVANCED_FACE('',(#1945),#1937,.F.);
#1947=CARTESIAN_POINT('',(-7.293322452550E-1,4.736338980324E-1,-2.8E0));
#1948=DIRECTION('',(-8.305086836297E-1,5.393386453656E-1,1.391731009601E-1));
#1949=DIRECTION('',(-5.446390350150E-1,-8.386705679454E-1,0.E0));
#1950=AXIS2_PLACEMENT_3D('',#1947,#1948,#1949);
#1951=PLANE('',#1950);
#1953=ORIENTED_EDGE('',*,*,#1952,.F.);
#1954=ORIENTED_EDGE('',*,*,#1677,.F.);
#1955=ORIENTED_EDGE('',*,*,#1938,.T.);
#1957=ORIENTED_EDGE('',*,*,#1956,.T.);
#1958=EDGE_LOOP('',(#1953,#1954,#1955,#1957));
#1959=FACE_OUTER_BOUND('',#1958,.F.);
#1960=ADVANCED_FACE('',(#1959),#1951,.F.);
#1961=CARTESIAN_POINT('',(-5.499434162556E-1,2.882131317729E-2,-2.8E0));
#1962=DIRECTION('',(-9.889109407697E-1,5.182662631444E-2,1.391731009601E-1));
#1963=DIRECTION('',(1.393603877523E-1,0.E0,9.902417292386E-1));
#1964=AXIS2_PLACEMENT_3D('',#1961,#1962,#1963);
#1965=PLANE('',#1964);
#1967=ORIENTED_EDGE('',*,*,#1966,.F.);
#1968=ORIENTED_EDGE('',*,*,#1679,.F.);
#1969=ORIENTED_EDGE('',*,*,#1952,.T.);
#1971=ORIENTED_EDGE('',*,*,#1970,.T.);
#1972=EDGE_LOOP('',(#1967,#1968,#1969,#1971));
#1973=FACE_OUTER_BOUND('',#1972,.F.);
#1974=ADVANCED_FACE('',(#1973),#1965,.F.);
#1975=CARTESIAN_POINT('',(0.E0,8.433333333333E-1,-1.814334525314E0));
#1976=DIRECTION('',(0.E0,0.E0,-1.E0));
#1977=DIRECTION('',(1.E0,0.E0,0.E0));
#1978=AXIS2_PLACEMENT_3D('',#1975,#1976,#1977);
#1979=CONICAL_SURFACE('',#1978,1.218140418117E0,8.E0);
#1981=ORIENTED_EDGE('',*,*,#1980,.F.);
#1982=ORIENTED_EDGE('',*,*,#1681,.F.);
#1983=ORIENTED_EDGE('',*,*,#1966,.T.);
#1985=ORIENTED_EDGE('',*,*,#1984,.T.);
#1986=EDGE_LOOP('',(#1981,#1982,#1983,#1985));
#1987=FACE_OUTER_BOUND('',#1986,.F.);
#1988=ADVANCED_FACE('',(#1987),#1979,.F.);
#1989=CARTESIAN_POINT('',(5.499434162556E-1,2.882131317729E-2,-2.8E0));
#1990=DIRECTION('',(9.889109407697E-1,5.182662631444E-2,1.391731009601E-1));
#1991=DIRECTION('',(1.393603877523E-1,0.E0,-9.902417292386E-1));
#1992=AXIS2_PLACEMENT_3D('',#1989,#1990,#1991);
#1993=PLANE('',#1992);
#1995=ORIENTED_EDGE('',*,*,#1994,.F.);
#1996=ORIENTED_EDGE('',*,*,#1683,.F.);
#1997=ORIENTED_EDGE('',*,*,#1980,.T.);
#1999=ORIENTED_EDGE('',*,*,#1998,.T.);
#2000=EDGE_LOOP('',(#1995,#1996,#1997,#1999));
#2001=FACE_OUTER_BOUND('',#2000,.F.);
#2002=ADVANCED_FACE('',(#2001),#1993,.F.);
#2003=CARTESIAN_POINT('',(7.293322452550E-1,4.736338980324E-1,-2.8E0));
#2004=DIRECTION('',(8.305086836297E-1,5.393386453656E-1,1.391731009601E-1));
#2005=DIRECTION('',(-5.446390350150E-1,8.386705679454E-1,0.E0));
#2006=AXIS2_PLACEMENT_3D('',#2003,#2004,#2005);
#2007=PLANE('',#2006);
#2009=ORIENTED_EDGE('',*,*,#2008,.F.);
#2010=ORIENTED_EDGE('',*,*,#1685,.F.);
#2011=ORIENTED_EDGE('',*,*,#1994,.T.);
#2013=ORIENTED_EDGE('',*,*,#2012,.T.);
#2014=EDGE_LOOP('',(#2009,#2010,#2011,#2013));
#2015=FACE_OUTER_BOUND('',#2014,.F.);
#2016=ADVANCED_FACE('',(#2015),#2007,.F.);
#2017=CARTESIAN_POINT('',(4.736338980324E-1,7.293322452550E-1,-2.8E0));
#2018=DIRECTION('',(5.393386453656E-1,8.305086836297E-1,1.391731009601E-1));
#2019=DIRECTION('',(-8.386705679454E-1,5.446390350150E-1,0.E0));
#2020=AXIS2_PLACEMENT_3D('',#2017,#2018,#2019);
#2021=PLANE('',#2020);
#2023=ORIENTED_EDGE('',*,*,#2022,.F.);
#2024=ORIENTED_EDGE('',*,*,#1687,.F.);
#2025=ORIENTED_EDGE('',*,*,#2008,.T.);
#2027=ORIENTED_EDGE('',*,*,#2026,.T.);
#2028=EDGE_LOOP('',(#2023,#2024,#2025,#2027));
#2029=FACE_OUTER_BOUND('',#2028,.F.);
#2030=ADVANCED_FACE('',(#2029),#2021,.F.);
#2031=CARTESIAN_POINT('',(2.882131317729E-2,5.499434162556E-1,-2.8E0));
#2032=DIRECTION('',(5.182662631444E-2,9.889109407697E-1,1.391731009601E-1));
#2033=DIRECTION('',(0.E0,-1.393603877523E-1,9.902417292386E-1));
#2034=AXIS2_PLACEMENT_3D('',#2031,#2032,#2033);
#2035=PLANE('',#2034);
#2036=ORIENTED_EDGE('',*,*,#1769,.F.);
#2037=ORIENTED_EDGE('',*,*,#1689,.F.);
#2038=ORIENTED_EDGE('',*,*,#2022,.T.);
#2040=ORIENTED_EDGE('',*,*,#2039,.T.);
#2041=EDGE_LOOP('',(#2036,#2037,#2038,#2040));
#2042=FACE_OUTER_BOUND('',#2041,.F.);
#2043=ADVANCED_FACE('',(#2042),#2035,.F.);
#2044=CARTESIAN_POINT('',(8.433333333333E-1,0.E0,-1.12E0));
#2045=DIRECTION('',(0.E0,0.E0,1.E0));
#2046=DIRECTION('',(1.E0,0.E0,0.E0));
#2047=AXIS2_PLACEMENT_3D('',#2044,#2045,#2046);
#2048=PLANE('',#2047);
#2049=ORIENTED_EDGE('',*,*,#1771,.F.);
#2050=ORIENTED_EDGE('',*,*,#2039,.F.);
#2051=ORIENTED_EDGE('',*,*,#2026,.F.);
#2052=ORIENTED_EDGE('',*,*,#2012,.F.);
#2053=ORIENTED_EDGE('',*,*,#1998,.F.);
#2054=ORIENTED_EDGE('',*,*,#1984,.F.);
#2055=ORIENTED_EDGE('',*,*,#1970,.F.);
#2056=ORIENTED_EDGE('',*,*,#1956,.F.);
#2057=ORIENTED_EDGE('',*,*,#1942,.F.);
#2058=ORIENTED_EDGE('',*,*,#1928,.F.);
#2059=ORIENTED_EDGE('',*,*,#1914,.F.);
#2060=ORIENTED_EDGE('',*,*,#1912,.F.);
#2061=ORIENTED_EDGE('',*,*,#1897,.F.);
#2062=ORIENTED_EDGE('',*,*,#1883,.F.);
#2063=ORIENTED_EDGE('',*,*,#1869,.F.);
#2064=ORIENTED_EDGE('',*,*,#1855,.F.);
#2065=ORIENTED_EDGE('',*,*,#1841,.F.);
#2066=ORIENTED_EDGE('',*,*,#1827,.F.);
#2067=ORIENTED_EDGE('',*,*,#1813,.F.);
#2068=ORIENTED_EDGE('',*,*,#1799,.F.);
#2069=ORIENTED_EDGE('',*,*,#1785,.F.);
#2070=EDGE_LOOP('',(#2049,#2050,#2051,#2052,#2053,#2054,#2055,#2056,#2057,#2058,
#2059,#2060,#2061,#2062,#2063,#2064,#2065,#2066,#2067,#2068,#2069));
#2071=FACE_OUTER_BOUND('',#2070,.F.);
#2072=ADVANCED_FACE('',(#2071),#2048,.F.);
#2073=CARTESIAN_POINT('',(0.E0,0.E0,-9.979819601533E-1));
#2074=DIRECTION('',(0.E0,0.E0,1.E0));
#2075=DIRECTION('',(1.E0,0.E0,0.E0));
#2076=AXIS2_PLACEMENT_3D('',#2073,#2074,#2075);
#2077=TOROIDAL_SURFACE('',#2076,2.262095809671E0,1.4E0);
#2079=ORIENTED_EDGE('',*,*,#2078,.F.);
#2081=ORIENTED_EDGE('',*,*,#2080,.F.);
#2082=ORIENTED_EDGE('',*,*,#1721,.F.);
#2084=ORIENTED_EDGE('',*,*,#2083,.T.);
#2085=EDGE_LOOP('',(#2079,#2081,#2082,#2084));
#2086=FACE_OUTER_BOUND('',#2085,.F.);
#2087=ADVANCED_FACE('',(#2086),#2077,.T.);
#2088=CARTESIAN_POINT('',(0.E0,0.E0,-5.871788935687E-1));
#2089=DIRECTION('',(0.E0,0.E0,1.E0));
#2090=DIRECTION('',(1.E0,0.E0,0.E0));
#2091=AXIS2_PLACEMENT_3D('',#2088,#2089,#2090);
#2092=CONICAL_SURFACE('',#2091,3.703384193500E0,5.E0);
#2093=ORIENTED_EDGE('',*,*,#2078,.T.);
#2095=ORIENTED_EDGE('',*,*,#2094,.T.);
#2097=ORIENTED_EDGE('',*,*,#2096,.T.);
#2099=ORIENTED_EDGE('',*,*,#2098,.F.);
#2100=EDGE_LOOP('',(#2093,#2095,#2097,#2099));
#2101=FACE_OUTER_BOUND('',#2100,.F.);
#2102=ADVANCED_FACE('',(#2101),#2092,.T.);
#2103=CARTESIAN_POINT('',(0.E0,0.E0,-5.871788935687E-1));
#2104=DIRECTION('',(0.E0,0.E0,1.E0));
#2105=DIRECTION('',(1.E0,0.E0,0.E0));
#2106=AXIS2_PLACEMENT_3D('',#2103,#2104,#2105);
#2107=CONICAL_SURFACE('',#2106,3.703384193500E0,5.E0);
#2109=ORIENTED_EDGE('',*,*,#2108,.T.);
#2110=ORIENTED_EDGE('',*,*,#2098,.T.);
#2112=ORIENTED_EDGE('',*,*,#2111,.T.);
#2113=ORIENTED_EDGE('',*,*,#2094,.F.);
#2114=EDGE_LOOP('',(#2109,#2110,#2112,#2113));
#2115=FACE_OUTER_BOUND('',#2114,.F.);
#2116=ADVANCED_FACE('',(#2115),#2107,.T.);
#2117=CARTESIAN_POINT('',(0.E0,0.E0,-9.979819601533E-1));
#2118=DIRECTION('',(0.E0,0.E0,1.E0));
#2119=DIRECTION('',(1.E0,0.E0,0.E0));
#2120=AXIS2_PLACEMENT_3D('',#2117,#2118,#2119);
#2121=TOROIDAL_SURFACE('',#2120,2.262095809671E0,1.4E0);
#2122=ORIENTED_EDGE('',*,*,#2108,.F.);
#2123=ORIENTED_EDGE('',*,*,#2083,.F.);
#2124=ORIENTED_EDGE('',*,*,#1706,.F.);
#2125=ORIENTED_EDGE('',*,*,#2080,.T.);
#2126=EDGE_LOOP('',(#2122,#2123,#2124,#2125));
#2127=FACE_OUTER_BOUND('',#2126,.F.);
#2128=ADVANCED_FACE('',(#2127),#2121,.T.);
#2129=CARTESIAN_POINT('',(0.E0,0.E0,-5.E-2));
#2130=DIRECTION('',(0.E0,0.E0,1.E0));
#2131=DIRECTION('',(1.E0,0.E0,0.E0));
#2132=AXIS2_PLACEMENT_3D('',#2129,#2130,#2131);
#2133=TOROIDAL_SURFACE('',#2132,3.700190265095E0,5.E-2);
#2134=ORIENTED_EDGE('',*,*,#2111,.F.);
#2136=ORIENTED_EDGE('',*,*,#2135,.T.);
#2138=ORIENTED_EDGE('',*,*,#2137,.T.);
#2140=ORIENTED_EDGE('',*,*,#2139,.F.);
#2141=EDGE_LOOP('',(#2134,#2136,#2138,#2140));
#2142=FACE_OUTER_BOUND('',#2141,.F.);
#2143=ADVANCED_FACE('',(#2142),#2133,.T.);
#2144=CARTESIAN_POINT('',(0.E0,0.E0,-5.E-2));
#2145=DIRECTION('',(0.E0,0.E0,1.E0));
#2146=DIRECTION('',(1.E0,0.E0,0.E0));
#2147=AXIS2_PLACEMENT_3D('',#2144,#2145,#2146);
#2148=TOROIDAL_SURFACE('',#2147,3.700190265095E0,5.E-2);
#2149=ORIENTED_EDGE('',*,*,#2096,.F.);
#2150=ORIENTED_EDGE('',*,*,#2139,.T.);
#2152=ORIENTED_EDGE('',*,*,#2151,.T.);
#2153=ORIENTED_EDGE('',*,*,#2135,.F.);
#2154=EDGE_LOOP('',(#2149,#2150,#2152,#2153));
#2155=FACE_OUTER_BOUND('',#2154,.F.);
#2156=ADVANCED_FACE('',(#2155),#2148,.T.);
#2157=CARTESIAN_POINT('',(0.E0,0.E0,-5.E-2));
#2158=DIRECTION('',(0.E0,0.E0,1.E0));
#2159=DIRECTION('',(1.E0,0.E0,0.E0));
#2160=AXIS2_PLACEMENT_3D('',#2157,#2158,#2159);
#2161=TOROIDAL_SURFACE('',#2160,3.700190265095E0,5.E-2);
#2163=ORIENTED_EDGE('',*,*,#2162,.T.);
#2165=ORIENTED_EDGE('',*,*,#2164,.F.);
#2166=ORIENTED_EDGE('',*,*,#2151,.F.);
#2168=ORIENTED_EDGE('',*,*,#2167,.T.);
#2169=EDGE_LOOP('',(#2163,#2165,#2166,#2168));
#2170=FACE_OUTER_BOUND('',#2169,.F.);
#2171=ADVANCED_FACE('',(#2170),#2161,.T.);
#2172=CARTESIAN_POINT('',(1.385E0,0.E0,0.E0));
#2173=DIRECTION('',(0.E0,0.E0,1.E0));
#2174=DIRECTION('',(1.E0,0.E0,0.E0));
#2175=AXIS2_PLACEMENT_3D('',#2172,#2173,#2174);
#2176=PLANE('',#2175);
#2178=ORIENTED_EDGE('',*,*,#2177,.F.);
#2179=ORIENTED_EDGE('',*,*,#2162,.F.);
#2180=EDGE_LOOP('',(#2178,#2179));
#2181=FACE_OUTER_BOUND('',#2180,.F.);
#2183=ORIENTED_EDGE('',*,*,#2182,.F.);
#2185=ORIENTED_EDGE('',*,*,#2184,.F.);
#2186=EDGE_LOOP('',(#2183,#2185));
#2187=FACE_BOUND('',#2186,.F.);
#2188=ADVANCED_FACE('',(#2181,#2187),#2176,.T.);
#2189=CARTESIAN_POINT('',(0.E0,0.E0,2.E-1));
#2190=DIRECTION('',(0.E0,0.E0,1.E0));
#2191=DIRECTION('',(1.E0,0.E0,0.E0));
#2192=AXIS2_PLACEMENT_3D('',#2189,#2190,#2191);
#2193=TOROIDAL_SURFACE('',#2192,1.585E0,2.E-1);
#2194=ORIENTED_EDGE('',*,*,#2182,.T.);
#2196=ORIENTED_EDGE('',*,*,#2195,.F.);
#2198=ORIENTED_EDGE('',*,*,#2197,.T.);
#2200=ORIENTED_EDGE('',*,*,#2199,.T.);
#2201=EDGE_LOOP('',(#2194,#2196,#2198,#2200));
#2202=FACE_OUTER_BOUND('',#2201,.F.);
#2203=ADVANCED_FACE('',(#2202),#2193,.F.);
#2204=CARTESIAN_POINT('',(0.E0,0.E0,2.E-1));
#2205=DIRECTION('',(0.E0,0.E0,1.E0));
#2206=DIRECTION('',(1.E0,0.E0,0.E0));
#2207=AXIS2_PLACEMENT_3D('',#2204,#2205,#2206);
#2208=TOROIDAL_SURFACE('',#2207,1.585E0,2.E-1);
#2209=ORIENTED_EDGE('',*,*,#2184,.T.);
#2210=ORIENTED_EDGE('',*,*,#2199,.F.);
#2212=ORIENTED_EDGE('',*,*,#2211,.T.);
#2213=ORIENTED_EDGE('',*,*,#2195,.T.);
#2214=EDGE_LOOP('',(#2209,#2210,#2212,#2213));
#2215=FACE_OUTER_BOUND('',#2214,.F.);
#2216=ADVANCED_FACE('',(#2215),#2208,.F.);
#2217=CARTESIAN_POINT('',(0.E0,0.E0,2.E-1));
#2218=DIRECTION('',(0.E0,0.E0,1.E0));
#2219=DIRECTION('',(1.E0,0.E0,0.E0));
#2220=AXIS2_PLACEMENT_3D('',#2217,#2218,#2219);
#2221=TOROIDAL_SURFACE('',#2220,1.585E0,2.E-1);
#2223=ORIENTED_EDGE('',*,*,#2222,.F.);
#2225=ORIENTED_EDGE('',*,*,#2224,.F.);
#2227=ORIENTED_EDGE('',*,*,#2226,.T.);
#2228=ORIENTED_EDGE('',*,*,#2211,.F.);
#2230=ORIENTED_EDGE('',*,*,#2229,.F.);
#2232=ORIENTED_EDGE('',*,*,#2231,.F.);
#2234=ORIENTED_EDGE('',*,*,#2233,.F.);
#2235=EDGE_LOOP('',(#2223,#2225,#2227,#2228,#2230,#2232,#2234));
#2236=FACE_OUTER_BOUND('',#2235,.F.);
#2237=ADVANCED_FACE('',(#2236),#2221,.F.);
#2238=CARTESIAN_POINT('',(1.442625634142E0,8.101341523226E-2,
4.178742948995E-2));
#2239=CARTESIAN_POINT('',(1.216729907865E0,6.811651986004E-2,
-8.883841467365E-2));
#2240=CARTESIAN_POINT('',(9.908341815884E-1,5.521962448782E-2,
-2.194642588372E-1));
#2241=CARTESIAN_POINT('',(7.649384553114E-1,4.232272911560E-2,
-3.500901030008E-1));
#2242=CARTESIAN_POINT('',(1.448704745743E0,2.438651067359E-1,
6.500305421853E-2));
#2243=CARTESIAN_POINT('',(1.224264924723E0,2.052436342186E-1,
-6.561585581344E-2));
#2244=CARTESIAN_POINT('',(9.998251037023E-1,1.666221617013E-1,
-1.962347658454E-1));
#2245=CARTESIAN_POINT('',(7.753852826819E-1,1.280006891840E-1,
-3.268536758774E-1));
#2246=CARTESIAN_POINT('',(1.405067930137E0,5.801807983436E-1,
1.119222504370E-1));
#2247=CARTESIAN_POINT('',(1.192456474767E0,4.905877703979E-1,
-1.871415012942E-2));
#2248=CARTESIAN_POINT('',(9.798450193972E-1,4.009947424522E-1,
-1.493505506958E-1));
#2249=CARTESIAN_POINT('',(7.672335640275E-1,3.114017145065E-1,
-2.799869512622E-1));
#2250=CARTESIAN_POINT('',(1.164803327843E0,1.048959862401E0,1.825336693356E-1));
#2251=CARTESIAN_POINT('',(9.948855843469E-1,8.927055093700E-1,
5.190437205741E-2));
#2252=CARTESIAN_POINT('',(8.249678408507E-1,7.364511563386E-1,
-7.872492522078E-2));
#2253=CARTESIAN_POINT('',(6.550500973545E-1,5.801968033072E-1,
-2.093542224990E-1));
#2254=CARTESIAN_POINT('',(6.324891501271E-1,1.546502196088E0,
2.773258784167E-1));
#2255=CARTESIAN_POINT('',(5.470508763748E-1,1.325367364810E0,
1.466942383082E-1));
#2256=CARTESIAN_POINT('',(4.616126026226E-1,1.104232533532E0,
1.606259819970E-2));
#2257=CARTESIAN_POINT('',(3.761743288703E-1,8.830977022536E-1,
-1.145690419088E-1));
#2258=CARTESIAN_POINT('',(-3.332215653242E-1,1.778939628677E0,
3.958151940215E-1));
#2259=CARTESIAN_POINT('',(-2.804206563835E-1,1.539286672228E0,
2.651847103026E-1));
#2260=CARTESIAN_POINT('',(-2.276197474427E-1,1.299633715779E0,
1.345542265837E-1));
#2261=CARTESIAN_POINT('',(-1.748188385020E-1,1.059980759329E0,
3.923742864852E-3));
#2262=CARTESIAN_POINT('',(-1.268568561267E0,1.311517837796E0,
5.143048550019E-1));
#2263=CARTESIAN_POINT('',(-1.097935143491E0,1.146853569823E0,
3.836740359050E-1));
#2264=CARTESIAN_POINT('',(-9.273017257154E-1,9.821893018493E-1,
2.530432168081E-1));
#2265=CARTESIAN_POINT('',(-7.566683079397E-1,8.175250338760E-1,
1.224123977112E-1));
#2266=CARTESIAN_POINT('',(-1.721034056192E0,6.182798349635E-1,
6.090965114822E-1));
#2267=CARTESIAN_POINT('',(-1.501012680564E0,5.483668102557E-1,
4.784657363831E-1));
#2268=CARTESIAN_POINT('',(-1.280991304935E0,4.784537855479E-1,
3.478349612841E-1));
#2269=CARTESIAN_POINT('',(-1.060969929307E0,4.085407608401E-1,
2.172041861851E-1));
#2270=CARTESIAN_POINT('',(-1.865988500126E0,1.989939412428E-3,
6.801902635292E-1));
#2271=CARTESIAN_POINT('',(-1.635294928863E0,1.135004588646E-2,
5.495594795883E-1));
#2272=CARTESIAN_POINT('',(-1.404601357600E0,2.071015236049E-2,
4.189286956474E-1));
#2273=CARTESIAN_POINT('',(-1.173907786337E0,3.007025883451E-2,
2.882979117065E-1));
#2274=CARTESIAN_POINT('',(-1.789749833625E0,-6.389736843949E-1,
7.512840129807E-1));
#2275=CARTESIAN_POINT('',(-1.576109210470E0,-5.514017191717E-1,
6.206532314090E-1));
#2276=CARTESIAN_POINT('',(-1.362468587314E0,-4.638297539485E-1,
4.900224498372E-1));
#2277=CARTESIAN_POINT('',(-1.148827964158E0,-3.762577887253E-1,
3.593916682655E-1));
#2278=CARTESIAN_POINT('',(-1.493812255392E0,-1.225051198687E0,
8.223777631277E-1));
#2279=CARTESIAN_POINT('',(-1.323003108613E0,-1.069669536965E0,
6.917469809211E-1));
#2280=CARTESIAN_POINT('',(-1.152193961833E0,-9.142878752423E-1,
5.611161987146E-1));
#2281=CARTESIAN_POINT('',(-9.813848150526E-1,-7.589062135198E-1,
4.304854165080E-1));
#2282=CARTESIAN_POINT('',(-1.007744974367E0,-1.681346675550E0,
8.934715130883E-1));
#2283=CARTESIAN_POINT('',(-9.004774778016E-1,-1.476854164671E0,
7.628407310519E-1));
#2284=CARTESIAN_POINT('',(-7.932099812366E-1,-1.272361653793E0,
6.322099490154E-1));
#2285=CARTESIAN_POINT('',(-6.859424846715E-1,-1.067869142915E0,
5.015791669789E-1));
#2286=CARTESIAN_POINT('',(-3.865443347603E-1,-1.947110984407E0,
9.645652630989E-1));
#2287=CARTESIAN_POINT('',(-3.558792977351E-1,-1.718227528835E0,
8.339344810168E-1));
#2288=CARTESIAN_POINT('',(-3.252142607100E-1,-1.489344073263E0,
7.033036989348E-1));
#2289=CARTESIAN_POINT('',(-2.945492236848E-1,-1.260460617692E0,
5.726729168527E-1));
#2290=CARTESIAN_POINT('',(2.958778388998E-1,-1.984339685459E0,
1.035659013096E0));
#2291=CARTESIAN_POINT('',(2.461670685725E-1,-1.758826271724E0,
9.050282310262E-1));
#2292=CARTESIAN_POINT('',(1.964562982451E-1,-1.533312857990E0,
7.743974489564E-1));
#2293=CARTESIAN_POINT('',(1.467455279178E-1,-1.307799444255E0,
6.437666668865E-1));
#2294=CARTESIAN_POINT('',(9.559128453307E-1,-1.783427757810E0,
1.106752763097E0));
#2295=CARTESIAN_POINT('',(8.318331888042E-1,-1.588642133884E0,
9.761219810237E-1));
#2296=CARTESIAN_POINT('',(7.077535322778E-1,-1.393856509959E0,
8.454911989506E-1));
#2297=CARTESIAN_POINT('',(5.836738757513E-1,-1.199070886033E0,
7.148604168775E-1));
#2298=CARTESIAN_POINT('',(1.510898947912E0,-1.365115784017E0,1.177846513097E0));
#2299=CARTESIAN_POINT('',(1.327533867854E0,-1.224809235576E0,1.047215731024E0));
#2300=CARTESIAN_POINT('',(1.144168787797E0,-1.084502687136E0,
9.165849489521E-1));
#2301=CARTESIAN_POINT('',(9.608037077391E-1,-9.441961386950E-1,
7.859541668799E-1));
#2302=CARTESIAN_POINT('',(1.908387798595E0,-7.512788341653E-1,
1.252260575597E0));
#2303=CARTESIAN_POINT('',(1.686206795509E0,-6.854502112943E-1,
1.121629793524E0));
#2304=CARTESIAN_POINT('',(1.464025792423E0,-6.196215884232E-1,
9.909990114517E-1));
#2305=CARTESIAN_POINT('',(1.241844789337E0,-5.537929655522E-1,
8.603682293792E-1));
#2306=CARTESIAN_POINT('',(2.059776919969E0,3.389770951825E-3,1.329994950597E0));
#2307=CARTESIAN_POINT('',(1.828717264745E0,-1.977167581242E-2,
1.199364168524E0));
#2308=CARTESIAN_POINT('',(1.597657609521E0,-4.293312257667E-2,
1.068733386452E0));
#2309=CARTESIAN_POINT('',(1.366597954297E0,-6.609456934091E-2,
9.381026043794E-1));
#2310=CARTESIAN_POINT('',(1.901238354481E0,7.892531224495E-1,1.411049638097E0));
#2311=CARTESIAN_POINT('',(1.696099570587E0,6.808531249462E-1,1.280418856024E0));
#2312=CARTESIAN_POINT('',(1.490960786694E0,5.724531274429E-1,1.149788073952E0));
#2313=CARTESIAN_POINT('',(1.285822002800E0,4.640531299396E-1,1.019157291879E0));
#2314=CARTESIAN_POINT('',(1.456006923091E0,1.454996025092E0,1.492104325597E0));
#2315=CARTESIAN_POINT('',(1.308252771373E0,1.275778317547E0,1.361473543524E0));
#2316=CARTESIAN_POINT('',(1.160498619655E0,1.096560610003E0,1.230842761452E0));
#2317=CARTESIAN_POINT('',(1.012744467937E0,9.173429024584E-1,1.100211979379E0));
#2318=CARTESIAN_POINT('',(7.903386075245E-1,1.901315770946E0,1.573159013097E0));
#2319=CARTESIAN_POINT('',(7.225826916870E-1,1.679393881595E0,1.442528231024E0));
#2320=CARTESIAN_POINT('',(6.548267758494E-1,1.457471992243E0,1.311897448952E0));
#2321=CARTESIAN_POINT('',(5.870708600119E-1,1.235550102891E0,1.181266666879E0));
#2322=CARTESIAN_POINT('',(4.414377362239E-3,2.059032465421E0,1.654213700597E0));
#2323=CARTESIAN_POINT('',(2.549797439096E-2,1.827941335453E0,1.523582918524E0));
#2324=CARTESIAN_POINT('',(4.658157141968E-2,1.596850205485E0,1.392952136452E0));
#2325=CARTESIAN_POINT('',(6.766516844840E-2,1.365759075517E0,1.262321354379E0));
#2326=CARTESIAN_POINT('',(-7.818529453432E-1,1.904146369712E0,
1.735268388097E0));
#2327=CARTESIAN_POINT('',(-6.737458497306E-1,1.698615912106E0,
1.604637606024E0));
#2328=CARTESIAN_POINT('',(-5.656387541180E-1,1.493085454500E0,
1.474006823952E0));
#2329=CARTESIAN_POINT('',(-4.575316585054E-1,1.287554996895E0,
1.343376041879E0));
#2330=CARTESIAN_POINT('',(-1.449660868231E0,1.461653675475E0,1.816323075597E0));
#2331=CARTESIAN_POINT('',(-1.270909905018E0,1.313534498785E0,1.685692293524E0));
#2332=CARTESIAN_POINT('',(-1.092158941805E0,1.165415322096E0,1.555061511452E0));
#2333=CARTESIAN_POINT('',(-9.134079785919E-1,1.017296145406E0,
1.424430729379E0));
#2334=CARTESIAN_POINT('',(-1.879820314409E0,8.252890363450E-1,
1.893992346430E0));
#2335=CARTESIAN_POINT('',(-1.660137702900E0,7.529229039239E-1,
1.763361564358E0));
#2336=CARTESIAN_POINT('',(-1.440455091391E0,6.805567715029E-1,
1.632730782285E0));
#2337=CARTESIAN_POINT('',(-1.220772479882E0,6.081906390818E-1,
1.502100000213E0));
#2338=CARTESIAN_POINT('',(-2.042962571362E0,1.124524057397E-1,
1.968276200597E0));
#2339=CARTESIAN_POINT('',(-1.812318210558E0,1.213000390696E-1,
1.837645418524E0));
#2340=CARTESIAN_POINT('',(-1.581673849755E0,1.301476723996E-1,
1.707014636452E0));
#2341=CARTESIAN_POINT('',(-1.351029488952E0,1.389953057295E-1,
1.576383854379E0));
#2342=CARTESIAN_POINT('',(-1.962368645710E0,-5.804102690598E-1,
2.039174638097E0));
#2343=CARTESIAN_POINT('',(-1.748632649659E0,-4.935172636978E-1,
1.908543856024E0));
#2344=CARTESIAN_POINT('',(-1.534896653608E0,-4.066242583359E-1,
1.777913073952E0));
#2345=CARTESIAN_POINT('',(-1.321160657558E0,-3.197312529740E-1,
1.647282291879E0));
#2346=CARTESIAN_POINT('',(-1.653512472148E0,-1.206446679741E0,
2.110073075597E0));
#2347=CARTESIAN_POINT('',(-1.480600213728E0,-1.053816667533E0,
1.979442293524E0));
#2348=CARTESIAN_POINT('',(-1.307687955307E0,-9.011866553249E-1,
1.848811511452E0));
#2349=CARTESIAN_POINT('',(-1.134775696886E0,-7.485566431169E-1,
1.718180729379E0));
#2350=CARTESIAN_POINT('',(-1.151525476212E0,-1.691056234541E0,
2.180971513097E0));
#2351=CARTESIAN_POINT('',(-1.040345804974E0,-1.488718467107E0,
2.050340731024E0));
#2352=CARTESIAN_POINT('',(-9.291661337348E-1,-1.286380699673E0,
1.919709948952E0));
#2353=CARTESIAN_POINT('',(-8.179864624959E-1,-1.084042932239E0,
1.789079166879E0));
#2354=CARTESIAN_POINT('',(-5.166960204751E-1,-1.980538585443E0,
2.251869950597E0));
#2355=CARTESIAN_POINT('',(-4.805756122344E-1,-1.752744687593E0,
2.121239168524E0));
#2356=CARTESIAN_POINT('',(-4.444552039937E-1,-1.524950789743E0,
1.990608386452E0));
#2357=CARTESIAN_POINT('',(-4.083347957530E-1,-1.297156891894E0,
1.859977604379E0));
#2358=CARTESIAN_POINT('',(1.789739376424E-1,-2.038596351301E0,
2.322768388097E0));
#2359=CARTESIAN_POINT('',(1.377185973831E-1,-1.811592863948E0,
2.192137606024E0));
#2360=CARTESIAN_POINT('',(9.646325712387E-2,-1.584589376594E0,
2.061506823952E0));
#2361=CARTESIAN_POINT('',(5.520791686463E-2,-1.357585889240E0,
1.930876041879E0));
#2362=CARTESIAN_POINT('',(8.531657715808E-1,-1.859660107113E0,
2.393666825597E0));
#2363=CARTESIAN_POINT('',(7.369592217957E-1,-1.660223540624E0,
2.263036043524E0));
#2364=CARTESIAN_POINT('',(6.207526720107E-1,-1.460786974135E0,
2.132405261452E0));
#2365=CARTESIAN_POINT('',(5.045461222256E-1,-1.261350407646E0,
2.001774479379E0));
#2366=CARTESIAN_POINT('',(1.429188161189E0,-1.465542168164E0,2.464565263097E0));
#2367=CARTESIAN_POINT('',(1.253190113986E0,-1.316527562744E0,2.333934481024E0));
#2368=CARTESIAN_POINT('',(1.077192066783E0,-1.167512957324E0,2.203303698952E0));
#2369=CARTESIAN_POINT('',(9.011940195802E-1,-1.018498351905E0,
2.072672916879E0));
#2370=CARTESIAN_POINT('',(1.837673537725E0,-8.995953576020E-1,
2.535463700597E0));
#2371=CARTESIAN_POINT('',(1.621804010751E0,-8.178686626348E-1,
2.404832918524E0));
#2372=CARTESIAN_POINT('',(1.405934483778E0,-7.361419676676E-1,
2.274202136452E0));
#2373=CARTESIAN_POINT('',(1.190064956804E0,-6.544152727004E-1,
2.143571354379E0));
#2374=CARTESIAN_POINT('',(2.033426711394E0,-2.301017009194E-1,
2.606362138097E0));
#2375=CARTESIAN_POINT('',(1.802727797385E0,-2.268460561790E-1,
2.475731356024E0));
#2376=CARTESIAN_POINT('',(1.572028883377E0,-2.235904114387E-1,
2.345100573952E0));
#2377=CARTESIAN_POINT('',(1.341329969368E0,-2.203347666983E-1,
2.214469791879E0));
#2378=CARTESIAN_POINT('',(1.992915328340E0,4.668033309364E-1,2.677260575597E0));
#2379=CARTESIAN_POINT('',(1.774196785509E0,3.936121904113E-1,2.546629793524E0));
#2380=CARTESIAN_POINT('',(1.555478242679E0,3.204210498862E-1,2.415999011452E0));
#2381=CARTESIAN_POINT('',(1.336759699849E0,2.472299093611E-1,2.285368229379E0));
#2382=CARTESIAN_POINT('',(1.719431890172E0,1.108709093965E0,2.748159013097E0));
#2383=CARTESIAN_POINT('',(1.538198824438E0,9.656844728934E-1,2.617528231024E0));
#2384=CARTESIAN_POINT('',(1.356965758704E0,8.226598518221E-1,2.486897448952E0));
#2385=CARTESIAN_POINT('',(1.175732692969E0,6.796352307508E-1,2.356266666879E0));
#2386=CARTESIAN_POINT('',(1.247573900571E0,1.622672905973E0,2.819057450597E0));
#2387=CARTESIAN_POINT('',(1.125548514656E0,1.426957425706E0,2.688426668524E0));
#2388=CARTESIAN_POINT('',(1.003523128741E0,1.231241945439E0,2.557795886452E0));
#2389=CARTESIAN_POINT('',(8.814977428265E-1,1.035526465172E0,2.427165104379E0));
#2390=CARTESIAN_POINT('',(6.295096467915E-1,1.947209367294E0,2.889955888097E0));
#2391=CARTESIAN_POINT('',(5.790525138295E-1,1.722072373653E0,2.759325106024E0));
#2392=CARTESIAN_POINT('',(5.285953808675E-1,1.496935380011E0,2.628694323952E0));
#2393=CARTESIAN_POINT('',(4.781382479055E-1,1.271798386370E0,2.498063541879E0));
#2394=CARTESIAN_POINT('',(-6.111866348588E-2,2.045114193631E0,
2.960854325597E0));
#2395=CARTESIAN_POINT('',(-3.180706699980E-2,1.816160627269E0,
2.830223543524E0));
#2396=CARTESIAN_POINT('',(-2.495470513710E-3,1.587207060907E0,
2.699592761452E0));
#2397=CARTESIAN_POINT('',(2.681612597238E-2,1.358253494545E0,2.568961979379E0));
#2398=CARTESIAN_POINT('',(-7.451819594644E-1,1.906592901304E0,
3.031752763097E0));
#2399=CARTESIAN_POINT('',(-6.411576966911E-1,1.700778377075E0,
2.901121981024E0));
#2400=CARTESIAN_POINT('',(-5.371334339178E-1,1.494963852845E0,
2.770491198952E0));
#2401=CARTESIAN_POINT('',(-4.331091711446E-1,1.289149328615E0,
2.639860416879E0));
#2402=CARTESIAN_POINT('',(-1.341902864349E0,1.544542826370E0,3.102651200597E0));
#2403=CARTESIAN_POINT('',(-1.174939734719E0,1.385162091704E0,2.972020418524E0));
#2404=CARTESIAN_POINT('',(-1.007976605090E0,1.225781357039E0,2.841389636452E0));
#2405=CARTESIAN_POINT('',(-8.410134754597E-1,1.066400622373E0,
2.710758854379E0));
#2406=CARTESIAN_POINT('',(-1.783052210247E0,1.004238915131E0,3.173549638097E0));
#2407=CARTESIAN_POINT('',(-1.571855554490E0,9.113488684670E-1,
3.042918856024E0));
#2408=CARTESIAN_POINT('',(-1.360658898732E0,8.184588218027E-1,
2.912288073952E0));
#2409=CARTESIAN_POINT('',(-1.149462242975E0,7.255687751384E-1,
2.781657291879E0));
#2410=CARTESIAN_POINT('',(-2.017291416540E0,3.466297686128E-1,
3.244448075597E0));
#2411=CARTESIAN_POINT('',(-1.787340790118E0,3.288125456932E-1,
3.113817293524E0));
#2412=CARTESIAN_POINT('',(-1.557390163697E0,3.109953227736E-1,
2.983186511452E0));
#2413=CARTESIAN_POINT('',(-1.327439537275E0,2.931780998541E-1,
2.852555729379E0));
#2414=CARTESIAN_POINT('',(-2.015541489541E0,-3.511045198682E-1,
3.315346513097E0));
#2415=CARTESIAN_POINT('',(-1.792903027932E0,-2.900014777150E-1,
3.184715731024E0));
#2416=CARTESIAN_POINT('',(-1.570264566323E0,-2.288984355618E-1,
3.054084948952E0));
#2417=CARTESIAN_POINT('',(-1.347626104713E0,-1.677953934086E-1,
2.923454166879E0));
#2418=CARTESIAN_POINT('',(-1.781243377906E0,-1.008305522080E0,
3.386244950597E0));
#2419=CARTESIAN_POINT('',(-1.592602044931E0,-8.756058931507E-1,
3.255614168524E0));
#2420=CARTESIAN_POINT('',(-1.403960711957E0,-7.429062642217E-1,
3.124983386452E0));
#2421=CARTESIAN_POINT('',(-1.215319378983E0,-6.102066352926E-1,
2.994352604379E0));
#2422=CARTESIAN_POINT('',(-1.338484400202E0,-1.548020098675E0,
3.457143388097E0));
#2423=CARTESIAN_POINT('',(-1.204290718243E0,-1.360337803572E0,
3.326512606024E0));
#2424=CARTESIAN_POINT('',(-1.070097036285E0,-1.172655508470E0,
3.195881823952E0));
#2425=CARTESIAN_POINT('',(-9.359033543267E-1,-9.849732133674E-1,
3.065251041879E0));
#2426=CARTESIAN_POINT('',(-7.405896906663E-1,-1.907289822258E0,
3.528041825597E0));
#2427=CARTESIAN_POINT('',(-6.783729494424E-1,-1.685010758130E0,
3.397411043524E0));
#2428=CARTESIAN_POINT('',(-6.161562082185E-1,-1.462731694001E0,
3.266780261452E0));
#2429=CARTESIAN_POINT('',(-5.539394669946E-1,-1.240452629873E0,
3.136149479379E0));
#2430=CARTESIAN_POINT('',(-5.661779789453E-2,-2.046261730322E0,
3.598940263097E0));
#2431=CARTESIAN_POINT('',(-7.222479113922E-2,-1.816181119684E0,
3.468309481024E0));
#2432=CARTESIAN_POINT('',(-8.783178438391E-2,-1.586100509046E0,
3.337678698952E0));
#2433=CARTESIAN_POINT('',(-1.034387776286E-1,-1.356019898409E0,
3.207047916879E0));
#2434=CARTESIAN_POINT('',(6.340128439902E-1,-1.945338930237E0,
3.669838700597E0));
#2435=CARTESIAN_POINT('',(5.423485657886E-1,-1.733498033949E0,
3.539207918524E0));
#2436=CARTESIAN_POINT('',(4.506842875869E-1,-1.521657137661E0,
3.408577136452E0));
#2437=CARTESIAN_POINT('',(3.590200093853E-1,-1.309816241373E0,
3.277946354379E0));
#2438=CARTESIAN_POINT('',(1.250824320023E0,-1.619632521151E0,3.740737138097E0));
#2439=CARTESIAN_POINT('',(1.092514527269E0,-1.451791531846E0,3.610106356024E0));
#2440=CARTESIAN_POINT('',(9.342047345154E-1,-1.283950542542E0,
3.479475573952E0));
#2441=CARTESIAN_POINT('',(7.758949417613E-1,-1.116109553238E0,
3.348844791879E0));
#2442=CARTESIAN_POINT('',(1.722787093192E0,-1.105269870784E0,3.811635575597E0));
#2443=CARTESIAN_POINT('',(1.517953494543E0,-9.992607160451E-1,
3.681004793524E0));
#2444=CARTESIAN_POINT('',(1.313119895894E0,-8.932515613059E-1,
3.550374011452E0));
#2445=CARTESIAN_POINT('',(1.108286297244E0,-7.872424065666E-1,
3.419743229379E0));
#2446=CARTESIAN_POINT('',(1.993047294546E0,-4.620003913819E-1,
3.882534013097E0));
#2447=CARTESIAN_POINT('',(1.764196688612E0,-4.315230799571E-1,
3.751903231024E0));
#2448=CARTESIAN_POINT('',(1.535346082677E0,-4.010457685323E-1,
3.621272448952E0));
#2449=CARTESIAN_POINT('',(1.306495476743E0,-3.705684571075E-1,
3.490641666879E0));
#2450=CARTESIAN_POINT('',(2.033345394664E0,2.345517068499E-1,3.953432450597E0));
#2451=CARTESIAN_POINT('',(1.807907319433E0,1.858442304199E-1,3.822801668524E0));
#2452=CARTESIAN_POINT('',(1.582469244202E0,1.371367539900E-1,3.692170886452E0));
#2453=CARTESIAN_POINT('',(1.357031168970E0,8.842927756009E-2,3.561540104379E0));
#2454=CARTESIAN_POINT('',(1.835880175548E0,9.041298007010E-1,4.024330888097E0));
#2455=CARTESIAN_POINT('',(1.639162416015E0,7.835698104191E-1,3.893700106024E0));
#2456=CARTESIAN_POINT('',(1.442444656482E0,6.630098201371E-1,3.763069323952E0));
#2457=CARTESIAN_POINT('',(1.245726896949E0,5.424498298551E-1,3.632438541879E0));
#2458=CARTESIAN_POINT('',(1.425230404812E0,1.467973381643E0,4.095229325597E0));
#2459=CARTESIAN_POINT('',(1.281320146908E0,1.287505260058E0,3.964598543524E0));
#2460=CARTESIAN_POINT('',(1.137409889004E0,1.107037138473E0,3.833967761452E0));
#2461=CARTESIAN_POINT('',(9.934996311004E-1,9.265690168877E-1,
3.703336979379E0));
#2462=CARTESIAN_POINT('',(8.494677790609E-1,1.862470707516E0,4.166127763097E0));
#2463=CARTESIAN_POINT('',(7.741904499817E-1,1.644493668917E0,4.035496981024E0));
#2464=CARTESIAN_POINT('',(6.989131209025E-1,1.426516630319E0,3.904866198952E0));
#2465=CARTESIAN_POINT('',(6.236357918233E-1,1.208539591720E0,3.774235416879E0));
#2466=CARTESIAN_POINT('',(1.740978360880E-1,2.038628407364E0,4.237026200597E0));
#2467=CARTESIAN_POINT('',(1.759735651822E-1,1.807813791538E0,4.106395418524E0));
#2468=CARTESIAN_POINT('',(1.778492942764E-1,1.576999175712E0,3.975764636452E0));
#2469=CARTESIAN_POINT('',(1.797250233707E-1,1.346184559887E0,3.845133854379E0));
#2470=CARTESIAN_POINT('',(-5.208741916248E-1,1.979005068116E0,
4.307924638097E0));
#2471=CARTESIAN_POINT('',(-4.404758524961E-1,1.762744356849E0,
4.177293856024E0));
#2472=CARTESIAN_POINT('',(-3.600775133673E-1,1.546483645582E0,
4.046663073952E0));
#2473=CARTESIAN_POINT('',(-2.796791742385E-1,1.330222934315E0,
3.916032291879E0));
#2474=CARTESIAN_POINT('',(-1.155955701597E0,1.689196042998E0,4.378823075597E0));
#2475=CARTESIAN_POINT('',(-1.008617904405E0,1.511752199648E0,4.248192293524E0));
#2476=CARTESIAN_POINT('',(-8.612801072135E-1,1.334308356297E0,
4.117561511452E0));
#2477=CARTESIAN_POINT('',(-7.139423100216E-1,1.156864512947E0,
3.986930729379E0));
#2478=CARTESIAN_POINT('',(-1.655505042395E0,1.202075261595E0,4.449721513097E0));
#2479=CARTESIAN_POINT('',(-1.456617519375E0,1.084835253342E0,4.319090731024E0));
#2480=CARTESIAN_POINT('',(-1.257729996355E0,9.675952450891E-1,
4.188459948952E0));
#2481=CARTESIAN_POINT('',(-1.058842473335E0,8.503552368363E-1,
4.057829166879E0));
#2482=CARTESIAN_POINT('',(-1.964029290605E0,5.762785288684E-1,
4.520619950597E0));
#2483=CARTESIAN_POINT('',(-1.737430269520E0,5.332944891864E-1,
4.389989168524E0));
#2484=CARTESIAN_POINT('',(-1.510831248434E0,4.903104495043E-1,
4.259358386452E0));
#2485=CARTESIAN_POINT('',(-1.284232227349E0,4.473264098223E-1,
4.128727604379E0));
#2486=CARTESIAN_POINT('',(-2.043071857865E0,-1.173204972894E-1,
4.591518388097E0));
#2487=CARTESIAN_POINT('',(-1.814925894959E0,-8.294015723714E-2,
4.460887606024E0));
#2488=CARTESIAN_POINT('',(-1.586779932053E0,-4.855981718484E-2,
4.330256823952E0));
#2489=CARTESIAN_POINT('',(-1.358633969147E0,-1.417947713253E-2,
4.199626041879E0));
#2490=CARTESIAN_POINT('',(-1.884579892169E0,-7.966091802398E-1,
4.662416825597E0));
#2491=CARTESIAN_POINT('',(-1.681724522644E0,-6.864792374759E-1,
4.531786043524E0));
#2492=CARTESIAN_POINT('',(-1.478869153119E0,-5.763492947119E-1,
4.401155261452E0));
#2493=CARTESIAN_POINT('',(-1.276013783594E0,-4.662193519480E-1,
4.270524479379E0));
#2494=CARTESIAN_POINT('',(-1.508039374490E0,-1.384272331951E0,
4.733315263097E0));
#2495=CARTESIAN_POINT('',(-1.353777077578E0,-1.212855269262E0,
4.602684481024E0));
#2496=CARTESIAN_POINT('',(-1.199514780665E0,-1.041438206574E0,
4.472053698952E0));
#2497=CARTESIAN_POINT('',(-1.045252483753E0,-8.700211438851E-1,
4.341422916879E0));
#2498=CARTESIAN_POINT('',(-9.546882535189E-1,-1.809664659111E0,
4.804213700597E0));
#2499=CARTESIAN_POINT('',(-8.664789303527E-1,-1.596362008998E0,
4.673582918524E0));
#2500=CARTESIAN_POINT('',(-7.782696071865E-1,-1.383059358886E0,
4.542952136452E0));
#2501=CARTESIAN_POINT('',(-6.900602840204E-1,-1.169756708774E0,
4.412321354379E0));
#2502=CARTESIAN_POINT('',(-2.914123682991E-1,-2.025549262480E0,
4.875112138097E0));
#2503=CARTESIAN_POINT('',(-2.811904030842E-1,-1.795053927170E0,
4.744481356024E0));
#2504=CARTESIAN_POINT('',(-2.709684378694E-1,-1.564558591860E0,
4.613850573952E0));
#2505=CARTESIAN_POINT('',(-2.607464726545E-1,-1.334063256550E0,
4.483219791879E0));
#2506=CARTESIAN_POINT('',(4.063982909346E-1,-2.006105003448E0,
4.946010575597E0));
#2507=CARTESIAN_POINT('',(3.398465035551E-1,-1.785275649374E0,
4.815379793524E0));
#2508=CARTESIAN_POINT('',(2.732947161755E-1,-1.564446295300E0,
4.684749011452E0));
#2509=CARTESIAN_POINT('',(2.067429287960E-1,-1.343616941226E0,
4.554118229379E0));
#2510=CARTESIAN_POINT('',(1.056271234482E0,-1.752133830259E0,5.016909013097E0));
#2511=CARTESIAN_POINT('',(9.187856507907E-1,-1.566663669249E0,
4.886278231024E0));
#2512=CARTESIAN_POINT('',(7.813000670990E-1,-1.381193508239E0,
4.755647448952E0));
#2513=CARTESIAN_POINT('',(6.438144834073E-1,-1.195723347229E0,
4.625016666879E0));
#2514=CARTESIAN_POINT('',(1.584252108229E0,-1.296014372900E0,5.087807450597E0));
#2515=CARTESIAN_POINT('',(1.392311452523E0,-1.168133456765E0,4.957176668524E0));
#2516=CARTESIAN_POINT('',(1.200370796817E0,-1.040252540630E0,4.826545886452E0));
#2517=CARTESIAN_POINT('',(1.008430141111E0,-9.123716244957E-1,
4.695915104379E0));
#2518=CARTESIAN_POINT('',(1.927307922817E0,-6.880340733802E-1,
5.158705888097E0));
#2519=CARTESIAN_POINT('',(1.703797598353E0,-6.308001408697E-1,
5.028075106024E0));
#2520=CARTESIAN_POINT('',(1.480287273889E0,-5.735662083593E-1,
4.897444323952E0));
#2521=CARTESIAN_POINT('',(1.256776949426E0,-5.163322758489E-1,
4.766813541879E0));
#2522=CARTESIAN_POINT('',(2.046027149506E0,-6.778606427944E-4,
5.229604325597E0));
#2523=CARTESIAN_POINT('',(1.816292736349E0,-2.306099379336E-2,
5.098973543524E0));
#2524=CARTESIAN_POINT('',(1.586558323192E0,-4.544412694392E-2,
4.968342761452E0));
#2525=CARTESIAN_POINT('',(1.356823910034E0,-6.782726009449E-2,
4.837711979379E0));
#2526=CARTESIAN_POINT('',(1.928229835489E0,6.872571174932E-1,5.300502763097E0));
#2527=CARTESIAN_POINT('',(1.719367359337E0,5.894965339995E-1,5.169871981024E0));
#2528=CARTESIAN_POINT('',(1.510504883185E0,4.917359505058E-1,5.039241198952E0));
#2529=CARTESIAN_POINT('',(1.301642407033E0,3.939753670121E-1,4.908610416879E0));
#2530=CARTESIAN_POINT('',(1.584367711494E0,1.294640797525E0,5.371401200597E0));
#2531=CARTESIAN_POINT('',(1.420016896746E0,1.132567619824E0,5.240770418524E0));
#2532=CARTESIAN_POINT('',(1.255666081998E0,9.704944421234E-1,5.110139636452E0));
#2533=CARTESIAN_POINT('',(1.091315267250E0,8.084212644228E-1,4.979508854379E0));
#2534=CARTESIAN_POINT('',(1.057634341238E0,1.751907698301E0,5.442299638097E0));
#2535=CARTESIAN_POINT('',(9.584078939888E-1,1.543612954395E0,5.311668856024E0));
#2536=CARTESIAN_POINT('',(8.591814467392E-1,1.335318210489E0,5.181038073952E0));
#2537=CARTESIAN_POINT('',(7.599549994897E-1,1.127023466584E0,5.050407291879E0));
#2538=CARTESIAN_POINT('',(4.073999394722E-1,2.005901828369E0,5.513198075597E0));
#2539=CARTESIAN_POINT('',(3.826456398834E-1,1.776594243069E0,5.382567293524E0));
#2540=CARTESIAN_POINT('',(3.578913402946E-1,1.547286657769E0,5.251936511452E0));
#2541=CARTESIAN_POINT('',(3.331370407059E-1,1.317979072469E0,5.121305729379E0));
#2542=CARTESIAN_POINT('',(-2.900688848979E-1,2.025226387826E0,
5.584096513097E0));
#2543=CARTESIAN_POINT('',(-2.357180745459E-1,1.800844000456E0,
5.453465731024E0));
#2544=CARTESIAN_POINT('',(-1.813672641938E-1,1.576461613085E0,
5.322834948952E0));
#2545=CARTESIAN_POINT('',(-1.270164538417E-1,1.352079225714E0,
5.192204166879E0));
#2546=CARTESIAN_POINT('',(-9.540465741983E-1,1.810884626764E0,
5.654994950597E0));
#2547=CARTESIAN_POINT('',(-8.271050243224E-1,1.618321424310E0,
5.524364168524E0));
#2548=CARTESIAN_POINT('',(-7.001634744465E-1,1.425758221856E0,
5.393733386452E0));
#2549=CARTESIAN_POINT('',(-5.732219245706E-1,1.233195019402E0,
5.263102604379E0));
#2550=CARTESIAN_POINT('',(-1.506887586345E0,1.384628656935E0,5.725893388097E0));
#2551=CARTESIAN_POINT('',(-1.323343970323E0,1.244827622639E0,5.595262606024E0));
#2552=CARTESIAN_POINT('',(-1.139800354302E0,1.105026588343E0,5.464631823952E0));
#2553=CARTESIAN_POINT('',(-9.562567382803E-1,9.652255540466E-1,
5.334001041879E0));
#2554=CARTESIAN_POINT('',(-1.884051636042E0,7.978577496885E-1,
5.796791825597E0));
#2555=CARTESIAN_POINT('',(-1.663753113035E0,7.289558919535E-1,
5.666161043524E0));
#2556=CARTESIAN_POINT('',(-1.443454590028E0,6.600540342186E-1,
5.535530261452E0));
#2557=CARTESIAN_POINT('',(-1.223156067022E0,5.911521764836E-1,
5.404899479379E0));
#2558=CARTESIAN_POINT('',(-2.043618165058E0,1.183952679057E-1,
5.867690263097E0));
#2559=CARTESIAN_POINT('',(-1.813171142313E0,1.270460099185E-1,
5.737059481024E0));
#2560=CARTESIAN_POINT('',(-1.582724119567E0,1.356967519313E-1,
5.606428698952E0));
#2561=CARTESIAN_POINT('',(-1.352277096822E0,1.443474939440E-1,
5.475797916879E0));
#2562=CARTESIAN_POINT('',(-1.963600543997E0,-5.749684717049E-1,
5.938588700597E0));
#2563=CARTESIAN_POINT('',(-1.749087754069E0,-4.897442486487E-1,
5.807957918524E0));
#2564=CARTESIAN_POINT('',(-1.534574964141E0,-4.045200255924E-1,
5.677327136452E0));
#2565=CARTESIAN_POINT('',(-1.320062174212E0,-3.192958025362E-1,
5.546696354379E0));
#2566=CARTESIAN_POINT('',(-1.656672301385E0,-1.201335868504E0,
6.009487138097E0));
#2567=CARTESIAN_POINT('',(-1.484126448672E0,-1.048167605199E0,
5.878856356024E0));
#2568=CARTESIAN_POINT('',(-1.311580595958E0,-8.949993418942E-1,
5.748225573952E0));
#2569=CARTESIAN_POINT('',(-1.139034743245E0,-7.418310785891E-1,
5.617594791879E0));
#2570=CARTESIAN_POINT('',(-1.156799015997E0,-1.688618634364E0,
6.080385575597E0));
#2571=CARTESIAN_POINT('',(-1.044651629404E0,-1.487080281428E0,
5.949754793524E0));
#2572=CARTESIAN_POINT('',(-9.325042428105E-1,-1.285541928491E0,
5.819124011452E0));
#2573=CARTESIAN_POINT('',(-8.203568562174E-1,-1.084003575554E0,
5.688493229379E0));
#2574=CARTESIAN_POINT('',(-5.219856824831E-1,-1.978184224792E0,
6.151284013097E0));
#2575=CARTESIAN_POINT('',(-4.846102940672E-1,-1.750358531138E0,
6.020653231024E0));
#2576=CARTESIAN_POINT('',(-4.472349056513E-1,-1.522532837484E0,
5.890022448952E0));
#2577=CARTESIAN_POINT('',(-4.098595172354E-1,-1.294707143830E0,
5.759391666879E0));
#2578=CARTESIAN_POINT('',(1.730315132393E-1,-2.039501922680E0,
6.222182450597E0));
#2579=CARTESIAN_POINT('',(1.311551703692E-1,-1.812695582530E0,
6.091551668524E0));
#2580=CARTESIAN_POINT('',(8.927882749910E-2,-1.585889242381E0,
5.960920886452E0));
#2581=CARTESIAN_POINT('',(4.740248462900E-2,-1.359082902231E0,
5.830290104379E0));
#2582=CARTESIAN_POINT('',(8.482681826813E-1,-1.862350076042E0,
6.293080888097E0));
#2583=CARTESIAN_POINT('',(7.337046656970E-1,-1.662080785464E0,
6.162450106024E0));
#2584=CARTESIAN_POINT('',(6.191411487126E-1,-1.461811494886E0,
6.031819323952E0));
#2585=CARTESIAN_POINT('',(5.045776317283E-1,-1.261542204308E0,
5.901188541879E0));
#2586=CARTESIAN_POINT('',(1.424257395878E0,-1.468917433452E0,6.363979325597E0));
#2587=CARTESIAN_POINT('',(1.248218132169E0,-1.319622145946E0,6.233348543524E0));
#2588=CARTESIAN_POINT('',(1.072178868461E0,-1.170326858441E0,6.102717761452E0));
#2589=CARTESIAN_POINT('',(8.961396047524E-1,-1.021031570936E0,
5.972086979379E0));
#2590=CARTESIAN_POINT('',(1.835964520544E0,-9.053324932419E-1,
6.434877763097E0));
#2591=CARTESIAN_POINT('',(1.620360529715E0,-8.235059402910E-1,
6.304246981024E0));
#2592=CARTESIAN_POINT('',(1.404756538885E0,-7.416793873402E-1,
6.173616198952E0));
#2593=CARTESIAN_POINT('',(1.189152548055E0,-6.598528343894E-1,
6.042985416879E0));
#2594=CARTESIAN_POINT('',(2.032440071681E0,-2.355911604182E-1,
6.505776200597E0));
#2595=CARTESIAN_POINT('',(1.801674104365E0,-2.304947335170E-1,
6.375145418524E0));
#2596=CARTESIAN_POINT('',(1.570908137049E0,-2.253983066159E-1,
6.244514636452E0));
#2597=CARTESIAN_POINT('',(1.340142169733E0,-2.203018797148E-1,
6.113883854379E0));
#2598=CARTESIAN_POINT('',(1.993834193E0,4.608646156491E-1,6.576674638097E0));
#2599=CARTESIAN_POINT('',(1.775243869951E0,3.870346837643E-1,6.446043856024E0));
#2600=CARTESIAN_POINT('',(1.556653546903E0,3.132047518795E-1,6.315413073952E0));
#2601=CARTESIAN_POINT('',(1.338063223855E0,2.393748199947E-1,6.184782291879E0));
#2602=CARTESIAN_POINT('',(1.723338767755E0,1.104409501629E0,6.647573075597E0));
#2603=CARTESIAN_POINT('',(1.541525829453E0,9.624982635593E-1,6.516942293524E0));
#2604=CARTESIAN_POINT('',(1.359712891152E0,8.205870254895E-1,6.386311511452E0));
#2605=CARTESIAN_POINT('',(1.177899952851E0,6.786757874198E-1,6.255680729379E0));
#2606=CARTESIAN_POINT('',(1.251528121035E0,1.618443462773E0,6.718471513097E0));
#2607=CARTESIAN_POINT('',(1.128334594106E0,1.423187678554E0,6.587840731024E0));
#2608=CARTESIAN_POINT('',(1.005141067176E0,1.227931894336E0,6.457209948952E0));
#2609=CARTESIAN_POINT('',(8.819475402466E-1,1.032676110117E0,6.326579166879E0));
#2610=CARTESIAN_POINT('',(6.353352529310E-1,1.945727913551E0,6.789369950597E0));
#2611=CARTESIAN_POINT('',(5.855268467012E-1,1.720530518599E0,6.658739168524E0));
#2612=CARTESIAN_POINT('',(5.357184404713E-1,1.495333123648E0,6.528108386452E0));
#2613=CARTESIAN_POINT('',(4.859100342415E-1,1.270135728696E0,6.397477604379E0));
#2614=CARTESIAN_POINT('',(-5.556001773633E-2,2.045683211035E0,
6.860268388097E0));
#2615=CARTESIAN_POINT('',(-2.808606138864E-2,1.816602941490E0,
6.729637606024E0));
#2616=CARTESIAN_POINT('',(-6.121050409466E-4,1.587522671944E0,
6.599006823952E0));
#2617=CARTESIAN_POINT('',(2.686185130674E-2,1.358442402399E0,6.468376041879E0));
#2618=CARTESIAN_POINT('',(-7.393257359E-1,1.907780126810E0,6.931166825597E0));
#2619=CARTESIAN_POINT('',(-6.353728824903E-1,1.701691045327E0,
6.800536043524E0));
#2620=CARTESIAN_POINT('',(-5.314200290806E-1,1.495601963845E0,
6.669905261452E0));
#2621=CARTESIAN_POINT('',(-4.274671756709E-1,1.289512882362E0,
6.539274479379E0));
#2622=CARTESIAN_POINT('',(-1.338093450290E0,1.549160599264E0,7.002065263097E0));
#2623=CARTESIAN_POINT('',(-1.171413779166E0,1.389791364895E0,6.871434481024E0));
#2624=CARTESIAN_POINT('',(-1.004734108041E0,1.230422130526E0,6.740803698952E0));
#2625=CARTESIAN_POINT('',(-8.380544369156E-1,1.071052896157E0,
6.610172916879E0));
#2626=CARTESIAN_POINT('',(-1.780004586159E0,1.008910061933E0,7.072963700597E0));
#2627=CARTESIAN_POINT('',(-1.569463436664E0,9.142985953591E-1,
6.942332918524E0));
#2628=CARTESIAN_POINT('',(-1.358922287170E0,8.196871287849E-1,
6.811702136452E0));
#2629=CARTESIAN_POINT('',(-1.148381137675E0,7.250756622107E-1,
6.681071354379E0));
#2630=CARTESIAN_POINT('',(-2.015823639630E0,3.524571421488E-1,
7.143862138097E0));
#2631=CARTESIAN_POINT('',(-1.785742194167E0,3.352781833241E-1,
7.013231356024E0));
#2632=CARTESIAN_POINT('',(-1.555660748703E0,3.180992244993E-1,
6.882600573952E0));
#2633=CARTESIAN_POINT('',(-1.325579303240E0,3.009202656746E-1,
6.751969791879E0));
#2634=CARTESIAN_POINT('',(-2.017464246123E0,-3.456224405180E-1,
7.214760575597E0));
#2635=CARTESIAN_POINT('',(-1.794725572343E0,-2.857707302063E-1,
7.084129793524E0));
#2636=CARTESIAN_POINT('',(-1.571986898563E0,-2.259190198945E-1,
6.953499011452E0));
#2637=CARTESIAN_POINT('',(-1.349248224782E0,-1.660673095828E-1,
6.822868229379E0));
#2638=CARTESIAN_POINT('',(-1.783237069054E0,-1.002869600436E0,
7.285659013097E0));
#2639=CARTESIAN_POINT('',(-1.593699041500E0,-8.710485002414E-1,
7.155028231024E0));
#2640=CARTESIAN_POINT('',(-1.404161013946E0,-7.392274000467E-1,
7.024397448952E0));
#2641=CARTESIAN_POINT('',(-1.214622986392E0,-6.074062998520E-1,
6.893766666879E0));
#2642=CARTESIAN_POINT('',(-1.343272321504E0,-1.544385789721E0,
7.356557450597E0));
#2643=CARTESIAN_POINT('',(-1.209652557672E0,-1.356395091145E0,
7.225926668524E0));
#2644=CARTESIAN_POINT('',(-1.076032793839E0,-1.168404392570E0,
7.095295886452E0));
#2645=CARTESIAN_POINT('',(-9.424130300071E-1,-9.804136939940E-1,
6.964665104379E0));
#2646=CARTESIAN_POINT('',(-7.459307164955E-1,-1.905647942503E0,
7.427455888097E0));
#2647=CARTESIAN_POINT('',(-6.819722065478E-1,-1.683968225031E0,
7.296825106024E0));
#2648=CARTESIAN_POINT('',(-6.180136966001E-1,-1.462288507559E0,
7.166194323952E0));
#2649=CARTESIAN_POINT('',(-5.540551866523E-1,-1.240608790088E0,
7.035563541879E0));
#2650=CARTESIAN_POINT('',(-6.247376618721E-2,-2.045073247086E0,
7.498354325597E0));
#2651=CARTESIAN_POINT('',(-7.790801232591E-2,-1.814767603797E0,
7.367723543524E0));
#2652=CARTESIAN_POINT('',(-9.334225846461E-2,-1.584461960507E0,
7.237092761452E0));
#2653=CARTESIAN_POINT('',(-1.087765046033E-1,-1.354156317218E0,
7.106461979379E0));
#2654=CARTESIAN_POINT('',(6.287052018636E-1,-1.948107394472E0,
7.569252763097E0));
#2655=CARTESIAN_POINT('',(5.372974963725E-1,-1.736387539423E0,
7.438621981024E0));
#2656=CARTESIAN_POINT('',(4.458897908815E-1,-1.524667684373E0,
7.307991198952E0));
#2657=CARTESIAN_POINT('',(3.544820853904E-1,-1.312947829324E0,
7.177360416879E0));
#2658=CARTESIAN_POINT('',(1.246197457E0,-1.622746963519E0,7.640151200597E0));
#2659=CARTESIAN_POINT('',(1.089162111029E0,-1.453576027841E0,7.509520418524E0));
#2660=CARTESIAN_POINT('',(9.321267650569E-1,-1.284405092162E0,
7.378889636452E0));
#2661=CARTESIAN_POINT('',(7.750914190851E-1,-1.115234156484E0,
7.248258854379E0));
#2662=CARTESIAN_POINT('',(1.719164695822E0,-1.110064762038E0,7.711049638097E0));
#2663=CARTESIAN_POINT('',(1.513961922734E0,-1.004592449463E0,7.580418856024E0));
#2664=CARTESIAN_POINT('',(1.308759149647E0,-8.991201368882E-1,
7.449788073952E0));
#2665=CARTESIAN_POINT('',(1.103556376559E0,-7.936478243134E-1,
7.319157291879E0));
#2666=CARTESIAN_POINT('',(1.992681990579E0,-4.677983689913E-1,
7.781948075597E0));
#2667=CARTESIAN_POINT('',(1.764226667339E0,-4.361295670971E-1,
7.651317293524E0));
#2668=CARTESIAN_POINT('',(1.535771344099E0,-4.044607652029E-1,
7.520686511452E0));
#2669=CARTESIAN_POINT('',(1.307316020859E0,-3.727919633087E-1,
7.390055729379E0));
#2670=CARTESIAN_POINT('',(2.033063430114E0,2.287685057853E-1,7.852846513097E0));
#2671=CARTESIAN_POINT('',(1.807141867777E0,1.812194389770E-1,7.722215731024E0));
#2672=CARTESIAN_POINT('',(1.581220305441E0,1.336703721687E-1,7.591584948952E0));
#2673=CARTESIAN_POINT('',(1.355298743105E0,8.612130536037E-2,7.460954166879E0));
#2674=CARTESIAN_POINT('',(1.838873377545E0,8.989175839346E-1,7.923744950597E0));
#2675=CARTESIAN_POINT('',(1.642563947304E0,7.778502256913E-1,7.793114168524E0));
#2676=CARTESIAN_POINT('',(1.446254517063E0,6.567828674481E-1,7.662483386452E0));
#2677=CARTESIAN_POINT('',(1.249945086822E0,5.357155092048E-1,7.531852604379E0));
#2678=CARTESIAN_POINT('',(1.429510370092E0,1.464378222327E0,7.994643388097E0));
#2679=CARTESIAN_POINT('',(1.284229746250E0,1.285139710713E0,7.864012606024E0));
#2680=CARTESIAN_POINT('',(1.138949122409E0,1.105901199100E0,7.733381823952E0));
#2681=CARTESIAN_POINT('',(9.936684985674E-1,9.266626874858E-1,
7.602751041879E0));
#2682=CARTESIAN_POINT('',(8.543950397020E-1,1.859100995145E0,8.065541825597E0));
#2683=CARTESIAN_POINT('',(7.788701247140E-1,1.640987957471E0,7.934911043524E0));
#2684=CARTESIAN_POINT('',(7.033452097260E-1,1.422874919796E0,7.804280261452E0));
#2685=CARTESIAN_POINT('',(6.278202947380E-1,1.204761882122E0,7.673649479379E0));
#2686=CARTESIAN_POINT('',(1.646556639335E-1,2.043202612829E0,8.138061356847E0));
#2687=CARTESIAN_POINT('',(1.681101996814E-1,1.812299029708E0,8.007430574774E0));
#2688=CARTESIAN_POINT('',(1.715647354293E-1,1.581395446587E0,7.876799792702E0));
#2689=CARTESIAN_POINT('',(1.750192711771E-1,1.350491863465E0,7.746169010629E0));
#2690=CARTESIAN_POINT('',(-5.634185303354E-1,1.973006104180E0,
8.212201981847E0));
#2691=CARTESIAN_POINT('',(-4.794381982806E-1,1.757350251966E0,
8.081571199774E0));
#2692=CARTESIAN_POINT('',(-3.954578662257E-1,1.541694399751E0,
7.950940417702E0));
#2693=CARTESIAN_POINT('',(-3.114775341709E-1,1.326038547537E0,
7.820309635629E0));
#2694=CARTESIAN_POINT('',(-1.232277427352E0,1.640603139053E0,8.287963700597E0));
#2695=CARTESIAN_POINT('',(-1.075929634382E0,1.469965230458E0,8.157332918524E0));
#2696=CARTESIAN_POINT('',(-9.195818414120E-1,1.299327321863E0,
8.026702136452E0));
#2697=CARTESIAN_POINT('',(-7.632340484420E-1,1.128689413268E0,
7.896071354379E0));
#2698=CARTESIAN_POINT('',(-1.73876775E0,1.091001152519E0,8.363725419347E0));
#2699=CARTESIAN_POINT('',(-1.532049770719E0,9.873426844953E-1,
8.233094637274E0));
#2700=CARTESIAN_POINT('',(-1.325331791438E0,8.836842164715E-1,
8.102463855202E0));
#2701=CARTESIAN_POINT('',(-1.118613812157E0,7.800257484477E-1,
7.971833073129E0));
#2702=CARTESIAN_POINT('',(-2.013284800952E0,3.956691344972E-1,
8.439487138097E0));
#2703=CARTESIAN_POINT('',(-1.783019390414E0,3.723283994719E-1,
8.308856356024E0));
#2704=CARTESIAN_POINT('',(-1.552753979875E0,3.489876644465E-1,
8.178225573952E0));
#2705=CARTESIAN_POINT('',(-1.322488569337E0,3.256469294212E-1,
8.047594791879E0));
#2706=CARTESIAN_POINT('',(-2.021765165163E0,-3.506283573338E-1,
8.515248856847E0));
#2707=CARTESIAN_POINT('',(-1.798757298792E0,-2.889897216343E-1,
8.384618074774E0));
#2708=CARTESIAN_POINT('',(-1.575749432421E0,-2.273510859348E-1,
8.253987292702E0));
#2709=CARTESIAN_POINT('',(-1.352741566050E0,-1.657124502353E-1,
8.123356510629E0));
#2710=CARTESIAN_POINT('',(-1.762090732327E0,-1.053318922892E0,
8.591010575597E0));
#2711=CARTESIAN_POINT('',(-1.575424231845E0,-9.165741063025E-1,
8.460379793524E0));
#2712=CARTESIAN_POINT('',(-1.388757731363E0,-7.798292897129E-1,
8.329749011452E0));
#2713=CARTESIAN_POINT('',(-1.202091230881E0,-6.430844731234E-1,
8.199118229379E0));
#2714=CARTESIAN_POINT('',(-1.269957572773E0,-1.608538477782E0,
8.666772294347E0));
#2715=CARTESIAN_POINT('',(-1.145625940624E0,-1.413348382074E0,
8.536141512274E0));
#2716=CARTESIAN_POINT('',(-1.021294308475E0,-1.218158286366E0,
8.405510730202E0));
#2717=CARTESIAN_POINT('',(-8.969626763266E-1,-1.022968190657E0,
8.274879948129E0));
#2718=CARTESIAN_POINT('',(-6.260294424976E-1,-1.943308672603E0,
8.742670731847E0));
#2719=CARTESIAN_POINT('',(-5.788257527035E-1,-1.717034356366E0,
8.612039949774E0));
#2720=CARTESIAN_POINT('',(-5.316220629094E-1,-1.490760040128E0,
8.481409167702E0));
#2721=CARTESIAN_POINT('',(-4.844183731153E-1,-1.264485723891E0,
8.350778385629E0));
#2722=CARTESIAN_POINT('',(8.018828867116E-2,-2.028810841138E0,
8.818705888097E0));
#2723=CARTESIAN_POINT('',(4.541623662572E-2,-1.800391576185E0,
8.688075106024E0));
#2724=CARTESIAN_POINT('',(1.064418458028E-2,-1.571972311232E0,
8.557444323952E0));
#2725=CARTESIAN_POINT('',(-2.412786746516E-2,-1.343553046279E0,
8.426813541879E0));
#2726=CARTESIAN_POINT('',(7.570574967916E-1,-1.867455860769E0,
8.894877763097E0));
#2727=CARTESIAN_POINT('',(6.459045666518E-1,-1.665095307785E0,
8.764246981024E0));
#2728=CARTESIAN_POINT('',(5.347516365120E-1,-1.462734754802E0,
8.633616198952E0));
#2729=CARTESIAN_POINT('',(4.235987063722E-1,-1.260374201818E0,
8.502985416879E0));
#2730=CARTESIAN_POINT('',(1.323795996723E0,-1.494176989162E0,8.971049638097E0));
#2731=CARTESIAN_POINT('',(1.150774645301E0,-1.341524759102E0,8.840418856024E0));
#2732=CARTESIAN_POINT('',(9.777532938789E-1,-1.188872529042E0,
8.709788073952E0));
#2733=CARTESIAN_POINT('',(8.047319424569E-1,-1.036220298982E0,
8.579157291879E0));
#2734=CARTESIAN_POINT('',(1.721454519372E0,-9.660393919076E-1,
9.047221513097E0));
#2735=CARTESIAN_POINT('',(1.507533998761E0,-8.799297845978E-1,
8.916590731024E0));
#2736=CARTESIAN_POINT('',(1.293613478150E0,-7.938201772879E-1,
8.785959948952E0));
#2737=CARTESIAN_POINT('',(1.079692957538E0,-7.077105699781E-1,
8.655329166879E0));
#2738=CARTESIAN_POINT('',(1.916019052814E0,-3.532808645201E-1,
9.123393388097E0));
#2739=CARTESIAN_POINT('',(1.685823071563E0,-3.423089342711E-1,
8.992762606024E0));
#2740=CARTESIAN_POINT('',(1.455627090312E0,-3.313370040221E-1,
8.862131823952E0));
#2741=CARTESIAN_POINT('',(1.225431109061E0,-3.203650737731E-1,
8.731501041879E0));
#2742=CARTESIAN_POINT('',(1.895768393606E0,4.803218951472E-1,9.224955888097E0));
#2743=CARTESIAN_POINT('',(1.677485821149E0,3.909018997383E-1,9.094325106024E0));
#2744=CARTESIAN_POINT('',(1.459203248693E0,3.014819043294E-1,8.963694323952E0));
#2745=CARTESIAN_POINT('',(1.240920676236E0,2.120619089205E-1,8.833063541879E0));
#2746=CARTESIAN_POINT('',(1.378588613140E0,1.376045756161E0,9.351909013097E0));
#2747=CARTESIAN_POINT('',(1.234256917591E0,1.181605004377E0,9.221278231024E0));
#2748=CARTESIAN_POINT('',(1.089925222042E0,9.871642525925E-1,9.090647448952E0));
#2749=CARTESIAN_POINT('',(9.455935264926E-1,7.927235008081E-1,
8.960016666879E0));
#2750=CARTESIAN_POINT('',(3.122493499115E-1,1.834614525301E0,9.504252763097E0));
#2751=CARTESIAN_POINT('',(3.102346740225E-1,1.593163618659E0,9.373621981024E0));
#2752=CARTESIAN_POINT('',(3.082199981335E-1,1.351712712017E0,9.242991198952E0));
#2753=CARTESIAN_POINT('',(3.062053222445E-1,1.110261805375E0,9.112360416879E0));
#2754=CARTESIAN_POINT('',(-7.405450909335E-1,1.601906671872E0,
9.656596513097E0));
#2755=CARTESIAN_POINT('',(-6.026944467753E-1,1.404674005185E0,
9.525965731024E0));
#2756=CARTESIAN_POINT('',(-4.648438026171E-1,1.207441338497E0,
9.395334948952E0));
#2757=CARTESIAN_POINT('',(-3.269931584589E-1,1.010208671810E0,
9.264704166879E0));
#2758=CARTESIAN_POINT('',(-1.414293259574E0,8.690246368680E-1,
9.808940263097E0));
#2759=CARTESIAN_POINT('',(-1.189931558714E0,7.839390945177E-1,
9.678309481024E0));
#2760=CARTESIAN_POINT('',(-9.655698578543E-1,6.988535521675E-1,
9.547678698952E0));
#2761=CARTESIAN_POINT('',(-7.412081569945E-1,6.137680098172E-1,
9.417047916879E0));
#2762=CARTESIAN_POINT('',(-1.547013099664E0,-3.473041603852E-2,
9.961284013097E0));
#2763=CARTESIAN_POINT('',(-1.313558009918E0,1.991344023305E-2,
9.830653231024E0));
#2764=CARTESIAN_POINT('',(-1.080102920171E0,7.455729650462E-2,
9.700022448952E0));
#2765=CARTESIAN_POINT('',(-8.466478304242E-1,1.292011527762E-1,
9.569391666879E0));
#2766=CARTESIAN_POINT('',(-1.191745613945E0,-7.866386835126E-1,
1.011362776310E1));
#2767=CARTESIAN_POINT('',(-1.027508438164E0,-6.132691562149E-1,
9.982996981024E0));
#2768=CARTESIAN_POINT('',(-8.632712623830E-1,-4.398996289173E-1,
9.852366198952E0));
#2769=CARTESIAN_POINT('',(-6.990340866021E-1,-2.665301016196E-1,
9.721735416879E0));
#2770=CARTESIAN_POINT('',(-6.473100383396E-1,-1.121910625540E0,
1.024347700087E1));
#2771=CARTESIAN_POINT('',(-5.833669780736E-1,-8.966571738161E-1,
1.011284621880E1));
#2772=CARTESIAN_POINT('',(-5.194239178077E-1,-6.714037220923E-1,
9.982215436723E0));
#2773=CARTESIAN_POINT('',(-4.554808575418E-1,-4.461502703685E-1,
9.851584654651E0));
#2774=CARTESIAN_POINT('',(-3.018066935231E-1,-1.162114561197E0,
1.032254498864E1));
#2775=CARTESIAN_POINT('',(-3.087777623887E-1,-9.343878328457E-1,
1.019191420657E1));
#2776=CARTESIAN_POINT('',(-3.157488312542E-1,-7.066611044940E-1,
1.006128342449E1));
#2777=CARTESIAN_POINT('',(-3.227199001198E-1,-4.789343761422E-1,
9.930652642421E0));
#2778=CARTESIAN_POINT('',(-1.835813764979E-1,-1.154154377224E0,
1.035083172641E1));
#2779=CARTESIAN_POINT('',(-2.164879200719E-1,-9.296792797036E-1,
1.022020094434E1));
#2780=CARTESIAN_POINT('',(-2.493944636458E-1,-7.052041821833E-1,
1.008957016226E1));
#2781=CARTESIAN_POINT('',(-2.823010072198E-1,-4.807290846629E-1,
9.958939380191E0));
#2782=B_SPLINE_SURFACE_WITH_KNOTS('',3,3,((#2238,#2239,#2240,#2241),(#2242,
#2243,#2244,#2245),(#2246,#2247,#2248,#2249),(#2250,#2251,#2252,#2253),(#2254,
#2255,#2256,#2257),(#2258,#2259,#2260,#2261),(#2262,#2263,#2264,#2265),(#2266,
#2267,#2268,#2269),(#2270,#2271,#2272,#2273),(#2274,#2275,#2276,#2277),(#2278,
#2279,#2280,#2281),(#2282,#2283,#2284,#2285),(#2286,#2287,#2288,#2289),(#2290,
#2291,#2292,#2293),(#2294,#2295,#2296,#2297),(#2298,#2299,#2300,#2301),(#2302,
#2303,#2304,#2305),(#2306,#2307,#2308,#2309),(#2310,#2311,#2312,#2313),(#2314,
#2315,#2316,#2317),(#2318,#2319,#2320,#2321),(#2322,#2323,#2324,#2325),(#2326,
#2327,#2328,#2329),(#2330,#2331,#2332,#2333),(#2334,#2335,#2336,#2337),(#2338,
#2339,#2340,#2341),(#2342,#2343,#2344,#2345),(#2346,#2347,#2348,#2349),(#2350,
#2351,#2352,#2353),(#2354,#2355,#2356,#2357),(#2358,#2359,#2360,#2361),(#2362,
#2363,#2364,#2365),(#2366,#2367,#2368,#2369),(#2370,#2371,#2372,#2373),(#2374,
#2375,#2376,#2377),(#2378,#2379,#2380,#2381),(#2382,#2383,#2384,#2385),(#2386,
#2387,#2388,#2389),(#2390,#2391,#2392,#2393),(#2394,#2395,#2396,#2397),(#2398,
#2399,#2400,#2401),(#2402,#2403,#2404,#2405),(#2406,#2407,#2408,#2409),(#2410,
#2411,#2412,#2413),(#2414,#2415,#2416,#2417),(#2418,#2419,#2420,#2421),(#2422,
#2423,#2424,#2425),(#2426,#2427,#2428,#2429),(#2430,#2431,#2432,#2433),(#2434,
#2435,#2436,#2437),(#2438,#2439,#2440,#2441),(#2442,#2443,#2444,#2445),(#2446,
#2447,#2448,#2449),(#2450,#2451,#2452,#2453),(#2454,#2455,#2456,#2457),(#2458,
#2459,#2460,#2461),(#2462,#2463,#2464,#2465),(#2466,#2467,#2468,#2469),(#2470,
#2471,#2472,#2473),(#2474,#2475,#2476,#2477),(#2478,#2479,#2480,#2481),(#2482,
#2483,#2484,#2485),(#2486,#2487,#2488,#2489),(#2490,#2491,#2492,#2493),(#2494,
#2495,#2496,#2497),(#2498,#2499,#2500,#2501),(#2502,#2503,#2504,#2505),(#2506,
#2507,#2508,#2509),(#2510,#2511,#2512,#2513),(#2514,#2515,#2516,#2517),(#2518,
#2519,#2520,#2521),(#2522,#2523,#2524,#2525),(#2526,#2527,#2528,#2529),(#2530,
#2531,#2532,#2533),(#2534,#2535,#2536,#2537),(#2538,#2539,#2540,#2541),(#2542,
#2543,#2544,#2545),(#2546,#2547,#2548,#2549),(#2550,#2551,#2552,#2553),(#2554,
#2555,#2556,#2557),(#2558,#2559,#2560,#2561),(#2562,#2563,#2564,#2565),(#2566,
#2567,#2568,#2569),(#2570,#2571,#2572,#2573),(#2574,#2575,#2576,#2577),(#2578,
#2579,#2580,#2581),(#2582,#2583,#2584,#2585),(#2586,#2587,#2588,#2589),(#2590,
#2591,#2592,#2593),(#2594,#2595,#2596,#2597),(#2598,#2599,#2600,#2601),(#2602,
#2603,#2604,#2605),(#2606,#2607,#2608,#2609),(#2610,#2611,#2612,#2613),(#2614,
#2615,#2616,#2617),(#2618,#2619,#2620,#2621),(#2622,#2623,#2624,#2625),(#2626,
#2627,#2628,#2629),(#2630,#2631,#2632,#2633),(#2634,#2635,#2636,#2637),(#2638,
#2639,#2640,#2641),(#2642,#2643,#2644,#2645),(#2646,#2647,#2648,#2649),(#2650,
#2651,#2652,#2653),(#2654,#2655,#2656,#2657),(#2658,#2659,#2660,#2661),(#2662,
#2663,#2664,#2665),(#2666,#2667,#2668,#2669),(#2670,#2671,#2672,#2673),(#2674,
#2675,#2676,#2677),(#2678,#2679,#2680,#2681),(#2682,#2683,#2684,#2685),(#2686,
#2687,#2688,#2689),(#2690,#2691,#2692,#2693),(#2694,#2695,#2696,#2697),(#2698,
#2699,#2700,#2701),(#2702,#2703,#2704,#2705),(#2706,#2707,#2708,#2709),(#2710,
#2711,#2712,#2713),(#2714,#2715,#2716,#2717),(#2718,#2719,#2720,#2721),(#2722,
#2723,#2724,#2725),(#2726,#2727,#2728,#2729),(#2730,#2731,#2732,#2733),(#2734,
#2735,#2736,#2737),(#2738,#2739,#2740,#2741),(#2742,#2743,#2744,#2745),(#2746,
#2747,#2748,#2749),(#2750,#2751,#2752,#2753),(#2754,#2755,#2756,#2757),(#2758,
#2759,#2760,#2761),(#2762,#2763,#2764,#2765),(#2766,#2767,#2768,#2769),(#2770,
#2771,#2772,#2773),(#2774,#2775,#2776,#2777),(#2778,#2779,#2780,#2781)),
.UNSPECIFIED.,.F.,.F.,.F.,(4,1,1,1,1,1,1,1,1,1,1,1,1,1,1,1,1,1,1,1,1,1,1,1,1,1,
1,1,1,1,1,1,1,1,1,1,1,1,1,1,1,1,1,1,1,1,1,1,1,1,1,1,1,1,1,1,1,1,1,1,1,1,1,1,1,1,
1,1,1,1,1,1,1,1,1,1,1,1,1,1,1,1,1,1,1,1,1,1,1,1,1,1,1,1,1,1,1,1,1,1,1,1,1,1,1,1,
1,1,1,1,1,1,1,1,1,1,1,1,1,1,1,1,1,1,1,1,1,1,1,1,1,1,1,4),(4,4),(
5.163361598951E-4,7.325264276373E-3,1.427516356324E-2,2.122506285011E-2,
3.512486142384E-2,4.902465999758E-2,5.597455928445E-2,6.292445857132E-2,
6.987435785818E-2,7.682425714505E-2,8.377415643192E-2,9.072405571879E-2,
9.767395500565E-2,1.046238542925E-1,1.115737535794E-1,1.185236528663E-1,
1.264473017785E-1,1.343709506907E-1,1.422945996029E-1,1.502182485152E-1,
1.581418974274E-1,1.660655463396E-1,1.739891952518E-1,1.819128441641E-1,
1.888436503210E-1,1.957744564780E-1,2.027052626349E-1,2.096360687919E-1,
2.165668749489E-1,2.234976811058E-1,2.304284872628E-1,2.373592934197E-1,
2.442900995767E-1,2.512209057337E-1,2.581517118906E-1,2.650825180476E-1,
2.720133242045E-1,2.789441303615E-1,2.858749365184E-1,2.928057426754E-1,
2.997365488324E-1,3.066673549893E-1,3.135981611463E-1,3.205289673032E-1,
3.274597734602E-1,3.343905796172E-1,3.413213857741E-1,3.482521919311E-1,
3.551829980880E-1,3.621138042450E-1,3.690446104020E-1,3.759754165589E-1,
3.829062227159E-1,3.898370288728E-1,3.967678350298E-1,4.036986411867E-1,
4.106294473437E-1,4.175602535007E-1,4.244910596576E-1,4.314218658146E-1,
4.383526719715E-1,4.452834781285E-1,4.522142842855E-1,4.591450904424E-1,
4.660758965994E-1,4.730067027563E-1,4.799375089133E-1,4.868683150703E-1,
4.937991212272E-1,5.007299273842E-1,5.076607335411E-1,5.145915396981E-1,
5.215223458550E-1,5.284531520120E-1,5.353839581690E-1,5.423147643259E-1,
5.492455704829E-1,5.561763766398E-1,5.631071827968E-1,5.700379889538E-1,
5.769687951107E-1,5.838996012677E-1,5.908304074246E-1,5.977612135816E-1,
6.046920197385E-1,6.116228258955E-1,6.185536320525E-1,6.254844382094E-1,
6.324152443664E-1,6.393460505233E-1,6.462768566803E-1,6.532076628373E-1,
6.601384689942E-1,6.670692751512E-1,6.740000813081E-1,6.809308874651E-1,
6.878616936221E-1,6.947924997790E-1,7.017233059360E-1,7.086541120929E-1,
7.155849182499E-1,7.225157244068E-1,7.294465305638E-1,7.363773367208E-1,
7.433081428777E-1,7.502389490347E-1,7.571697551916E-1,7.641005613486E-1,
7.710313675056E-1,7.779621736625E-1,7.848929798195E-1,7.918237859764E-1,
7.992300110681E-1,8.066362361598E-1,8.140424612515E-1,8.214486863432E-1,
8.288549114349E-1,8.362611365266E-1,8.436673616183E-1,8.510735867100E-1,
8.585199073745E-1,8.659662280390E-1,8.734125487035E-1,8.808588693680E-1,
8.883051900325E-1,8.957515106970E-1,9.106441520260E-1,9.255367933550E-1,
9.404294346840E-1,9.553220760130E-1,9.702147173420E-1,9.851073586710E-1,1.E0,
1.008295665034E0),(-9.053092685375E-2,1.084628667363E0),.UNSPECIFIED.);
#2784=ORIENTED_EDGE('',*,*,#2783,.F.);
#2786=ORIENTED_EDGE('',*,*,#2785,.T.);
#2788=ORIENTED_EDGE('',*,*,#2787,.T.);
#2790=ORIENTED_EDGE('',*,*,#2789,.T.);
#2792=ORIENTED_EDGE('',*,*,#2791,.T.);
#2794=ORIENTED_EDGE('',*,*,#2793,.T.);
#2796=ORIENTED_EDGE('',*,*,#2795,.T.);
#2798=ORIENTED_EDGE('',*,*,#2797,.T.);
#2800=ORIENTED_EDGE('',*,*,#2799,.T.);
#2802=ORIENTED_EDGE('',*,*,#2801,.T.);
#2804=ORIENTED_EDGE('',*,*,#2803,.T.);
#2806=ORIENTED_EDGE('',*,*,#2805,.T.);
#2808=ORIENTED_EDGE('',*,*,#2807,.T.);
#2810=ORIENTED_EDGE('',*,*,#2809,.T.);
#2812=ORIENTED_EDGE('',*,*,#2811,.T.);
#2814=ORIENTED_EDGE('',*,*,#2813,.T.);
#2816=ORIENTED_EDGE('',*,*,#2815,.T.);
#2818=ORIENTED_EDGE('',*,*,#2817,.T.);
#2820=ORIENTED_EDGE('',*,*,#2819,.T.);
#2822=ORIENTED_EDGE('',*,*,#2821,.T.);
#2824=ORIENTED_EDGE('',*,*,#2823,.T.);
#2825=ORIENTED_EDGE('',*,*,#2222,.T.);
#2826=EDGE_LOOP('',(#2784,#2786,#2788,#2790,#2792,#2794,#2796,#2798,#2800,#2802,
#2804,#2806,#2808,#2810,#2812,#2814,#2816,#2818,#2820,#2822,#2824,#2825));
#2827=FACE_OUTER_BOUND('',#2826,.F.);
#2828=ADVANCED_FACE('',(#2827),#2782,.F.);
#2829=CARTESIAN_POINT('',(7.652776140753E-1,4.234218061847E-2,
3.731179577188E-1));
#2830=CARTESIAN_POINT('',(9.909951494237E-1,5.522892937956E-2,
2.425852848477E-1));
#2831=CARTESIAN_POINT('',(1.216712684772E0,6.811567814065E-2,
1.120526119765E-1));
#2832=CARTESIAN_POINT('',(1.442430220121E0,8.100242690175E-2,
-1.848006089460E-2));
#2833=CARTESIAN_POINT('',(7.757222420163E-1,1.280587361270E-1,
3.963543663793E-1));
#2834=CARTESIAN_POINT('',(9.999850180126E-1,1.666497609400E-1,
2.658147648594E-1));
#2835=CARTESIAN_POINT('',(1.224247794009E0,2.052407857530E-1,
1.352751633396E-1));
#2836=CARTESIAN_POINT('',(1.448510570005E0,2.438318105660E-1,
4.735561819693E-3));
#2837=CARTESIAN_POINT('',(7.675527549260E-1,3.115362552846E-1,
4.432211092566E-1));
#2838=CARTESIAN_POINT('',(9.799964948331E-1,4.010586186719E-1,
3.126989844676E-1));
#2839=CARTESIAN_POINT('',(1.192440234740E0,4.905809820592E-1,
1.821768596787E-1));
#2840=CARTESIAN_POINT('',(1.404883974647E0,5.801033454464E-1,
5.165473488972E-2));
#2841=CARTESIAN_POINT('',(6.553052029050E-1,5.804313953630E-1,
5.138538193372E-1));
#2842=CARTESIAN_POINT('',(8.250889131242E-1,7.365624929735E-1,
3.833245968640E-1));
#2843=CARTESIAN_POINT('',(9.948726233434E-1,8.926935905840E-1,
2.527953743907E-1));
#2844=CARTESIAN_POINT('',(1.164656333563E0,1.048824688195E0,1.222661519175E-1));
#2845=CARTESIAN_POINT('',(3.763026013945E-1,8.834297024421E-1,
6.086390034448E-1));
#2846=CARTESIAN_POINT('',(4.616734803498E-1,1.104390099753E0,
4.781121219538E-1));
#2847=CARTESIAN_POINT('',(5.470443593052E-1,1.325350497064E0,
3.475852404628E-1));
#2848=CARTESIAN_POINT('',(6.324152382606E-1,1.546310894375E0,
2.170583589719E-1));
#2849=CARTESIAN_POINT('',(-1.748981110057E-1,1.060340561656E0,
7.271317864823E-1));
#2850=CARTESIAN_POINT('',(-2.276573699179E-1,1.299804476805E0,
5.966037495139E-1));
#2851=CARTESIAN_POINT('',(-2.804166288302E-1,1.539268391955E0,
4.660757125455E-1));
#2852=CARTESIAN_POINT('',(-3.331758877424E-1,1.778732307104E0,
3.355476755771E-1));
#2853=CARTESIAN_POINT('',(-7.569244879659E-1,8.177722521351E-1,
8.456204418321E-1));
#2854=CARTESIAN_POINT('',(-9.274233079316E-1,9.823066308397E-1,
7.150927399772E-1));
#2855=CARTESIAN_POINT('',(-1.097922127897E0,1.146841009544E0,
5.845650381223E-1));
#2856=CARTESIAN_POINT('',(-1.268420947863E0,1.311375388249E0,
4.540373362673E-1));
#2857=CARTESIAN_POINT('',(-1.061300257811E0,4.086457245731E-1,
9.404122302399E-1));
#2858=CARTESIAN_POINT('',(-1.281148077781E0,4.785036009978E-1,
8.098844844218E-1));
#2859=CARTESIAN_POINT('',(-1.500995897750E0,5.483614774226E-1,
6.793567386037E-1));
#2860=CARTESIAN_POINT('',(-1.720843717719E0,6.182193538474E-1,
5.488289927856E-1));
#2861=CARTESIAN_POINT('',(-1.174254137515E0,3.005620606365E-2,
1.011505955775E0));
#2862=CARTESIAN_POINT('',(-1.404765734755E0,2.070348296065E-2,
8.809782187914E-1));
#2863=CARTESIAN_POINT('',(-1.635277331995E0,1.135075985764E-2,
7.504504818083E-1));
#2864=CARTESIAN_POINT('',(-1.865788929234E0,1.998036754638E-3,
6.199227448251E-1));
#2865=CARTESIAN_POINT('',(-1.149148712937E0,-3.763892646615E-1,
1.082599712330E0));
#2866=CARTESIAN_POINT('',(-1.362620813653E0,-4.638921520048E-1,
9.520719729796E-1));
#2867=CARTESIAN_POINT('',(-1.576092914368E0,-5.513950393481E-1,
8.215442336291E-1));
#2868=CARTESIAN_POINT('',(-1.789565015083E0,-6.388979266914E-1,
6.910164942786E-1));
#2869=CARTESIAN_POINT('',(-9.816412589091E-1,-7.591394953628E-1,
1.153693460574E0));
#2870=CARTESIAN_POINT('',(-1.152315669262E0,-9.143985900544E-1,
1.023165721857E0));
#2871=CARTESIAN_POINT('',(-1.322990079614E0,-1.069657684746E0,
8.926379831412E-1));
#2872=CARTESIAN_POINT('',(-1.493664489967E0,-1.224916779438E0,
7.621102444250E-1));
#2873=CARTESIAN_POINT('',(-6.861035304411E-1,-1.068176157200E0,
1.224787211044E0));
#2874=CARTESIAN_POINT('',(-7.932864130406E-1,-1.272507361785E0,
1.094259472158E0));
#2875=CARTESIAN_POINT('',(-9.004692956402E-1,-1.476838566370E0,
9.637317332719E-1));
#2876=CARTESIAN_POINT('',(-1.007652178240E0,-1.681169770955E0,
8.332039943858E-1));
#2877=CARTESIAN_POINT('',(-2.945952625563E-1,-1.260804251257E0,
1.295880960918E0));
#2878=CARTESIAN_POINT('',(-3.252361106102E-1,-1.489507160648E0,
1.165353222077E0));
#2879=CARTESIAN_POINT('',(-3.558769586642E-1,-1.718210070039E0,
1.034825483237E0));
#2880=CARTESIAN_POINT('',(-3.865178067182E-1,-1.946912979430E0,
9.042977443963E-1));
#2881=CARTESIAN_POINT('',(1.468201610501E-1,-1.308138018216E0,
1.366974710952E0));
#2882=CARTESIAN_POINT('',(1.964917188896E-1,-1.533473544102E0,
1.236446972099E0));
#2883=CARTESIAN_POINT('',(2.461632767291E-1,-1.758809069988E0,
1.105919233246E0));
#2884=CARTESIAN_POINT('',(2.958348345686E-1,-1.984144595874E0,
9.753914943935E-1));
#2885=CARTESIAN_POINT('',(5.838601624124E-1,-1.199363326910E0,
1.438068460943E0));
#2886=CARTESIAN_POINT('',(7.078419433277E-1,-1.393995301458E0,
1.307540722093E0));
#2887=CARTESIAN_POINT('',(8.318237242431E-1,-1.588627276006E0,
1.177012983244E0));
#2888=CARTESIAN_POINT('',(9.558055051585E-1,-1.783259250554E0,
1.046485244394E0));
#2889=CARTESIAN_POINT('',(9.610790024125E-1,-9.444067875569E-1,
1.509162210945E0));
#2890=CARTESIAN_POINT('',(1.144299441763E0,-1.084602660408E0,1.378634472095E0));
#2891=CARTESIAN_POINT('',(1.327519881113E0,-1.224798533258E0,1.248106733244E0));
#2892=CARTESIAN_POINT('',(1.510740320464E0,-1.364994406109E0,1.117578994394E0));
#2893=CARTESIAN_POINT('',(1.242178360193E0,-5.538917971794E-1,
1.583576273445E0));
#2894=CARTESIAN_POINT('',(1.464184104078E0,-6.196684935955E-1,
1.453048534594E0));
#2895=CARTESIAN_POINT('',(1.686189847963E0,-6.854451900116E-1,
1.322520795744E0));
#2896=CARTESIAN_POINT('',(1.908195591848E0,-7.512218864278E-1,
1.191993056894E0));
#2897=CARTESIAN_POINT('',(1.366944855093E0,-6.605979596465E-2,
1.661310648445E0));
#2898=CARTESIAN_POINT('',(1.597822247522E0,-4.291661924417E-2,
1.530782909595E0));
#2899=CARTESIAN_POINT('',(1.828699639952E0,-1.977344252369E-2,
1.400255170744E0));
#2900=CARTESIAN_POINT('',(2.059577032381E0,3.369734196790E-3,1.269727431894E0));
#2901=CARTESIAN_POINT('',(1.286129987366E0,4.642158759864E-1,1.742365335945E0));
#2902=CARTESIAN_POINT('',(1.491106955178E0,5.725303661931E-1,1.611837597095E0));
#2903=CARTESIAN_POINT('',(1.696083922989E0,6.808448563998E-1,1.481309858244E0));
#2904=CARTESIAN_POINT('',(1.901060890801E0,7.891593466065E-1,1.350782119394E0));
#2905=CARTESIAN_POINT('',(1.012966298238E0,9.176119704851E-1,1.823420023445E0));
#2906=CARTESIAN_POINT('',(1.160603899602E0,1.096688308823E0,1.692892284595E0));
#2907=CARTESIAN_POINT('',(1.308241500966E0,1.275764647160E0,1.562364545744E0));
#2908=CARTESIAN_POINT('',(1.455879102330E0,1.454840985498E0,1.431836806894E0));
#2909=CARTESIAN_POINT('',(5.871725851753E-1,1.235883284728E0,1.904474710945E0));
#2910=CARTESIAN_POINT('',(6.548750542847E-1,1.457630119270E0,1.773946972095E0));
#2911=CARTESIAN_POINT('',(7.225775233941E-1,1.679376953813E0,1.643419233244E0));
#2912=CARTESIAN_POINT('',(7.902799925035E-1,1.901123788356E0,1.512891494394E0));
#2913=CARTESIAN_POINT('',(6.763351464630E-2,1.366106023568E0,1.985529398445E0));
#2914=CARTESIAN_POINT('',(4.656654862705E-2,1.597014865914E0,1.855001659595E0));
#2915=CARTESIAN_POINT('',(2.549958260779E-2,1.827923708259E0,1.724473920744E0));
#2916=CARTESIAN_POINT('',(4.432616588542E-3,2.058832550605E0,1.593946181894E0));
#2917=CARTESIAN_POINT('',(-4.576939648048E-1,1.287863569498E0,
2.066584085945E0));
#2918=CARTESIAN_POINT('',(-5.657157841655E-1,1.493231902065E0,
1.936056347095E0));
#2919=CARTESIAN_POINT('',(-6.737376035262E-1,1.698600234632E0,
1.805528608244E0));
#2920=CARTESIAN_POINT('',(-7.817594228869E-1,1.903968567199E0,
1.675000869394E0));
#2921=CARTESIAN_POINT('',(-9.136763458732E-1,1.017518523737E0,
2.147638773445E0));
#2922=CARTESIAN_POINT('',(-1.092286308053E0,1.165520862136E0,2.017111034595E0));
#2923=CARTESIAN_POINT('',(-1.270896270233E0,1.313523200535E0,1.886583295744E0));
#2924=CARTESIAN_POINT('',(-1.449506232413E0,1.461525538934E0,1.756055556894E0));
#2925=CARTESIAN_POINT('',(-1.221102299784E0,6.082992857815E-1,
2.225308044278E0));
#2926=CARTESIAN_POINT('',(-1.440611622855E0,6.806083348770E-1,
2.094780305428E0));
#2927=CARTESIAN_POINT('',(-1.660120945927E0,7.529173839725E-1,
1.964252566578E0));
#2928=CARTESIAN_POINT('',(-1.879630268998E0,8.252264330680E-1,
1.833724827727E0));
#2929=CARTESIAN_POINT('',(-1.351375766247E0,1.389820223588E-1,
2.299591898445E0));
#2930=CARTESIAN_POINT('',(-1.581838191845E0,1.301413681546E-1,
2.169064159595E0));
#2931=CARTESIAN_POINT('',(-1.812300617444E0,1.213007139503E-1,
2.038536420744E0));
#2932=CARTESIAN_POINT('',(-2.042763043042E0,1.124600597461E-1,
1.908008681894E0));
#2933=CARTESIAN_POINT('',(-1.321481549525E0,-3.198617095556E-1,
2.370490335945E0));
#2934=CARTESIAN_POINT('',(-1.535048947903E0,-4.066861726098E-1,
2.239962597095E0));
#2935=CARTESIAN_POINT('',(-1.748616346282E0,-4.935106356640E-1,
2.109434858244E0));
#2936=CARTESIAN_POINT('',(-1.962183744661E0,-5.803350987183E-1,
1.978907119394E0));
#2937=CARTESIAN_POINT('',(-1.135035298244E0,-7.487857937783E-1,
2.441388773445E0));
#2938=CARTESIAN_POINT('',(-1.307811161276E0,-9.012954094915E-1,
2.310861034595E0));
#2939=CARTESIAN_POINT('',(-1.480587024308E0,-1.053805025205E0,
2.180333295744E0));
#2940=CARTESIAN_POINT('',(-1.653362887341E0,-1.206314640918E0,
2.049805556894E0));
#2941=CARTESIAN_POINT('',(-8.181533817985E-1,-1.084346711506E0,
2.512287210945E0));
#2942=CARTESIAN_POINT('',(-9.292453530987E-1,-1.286524872336E0,
2.381759472095E0));
#2943=CARTESIAN_POINT('',(-1.040337324399E0,-1.488703033166E0,
2.251231733244E0));
#2944=CARTESIAN_POINT('',(-1.151429295699E0,-1.690881193995E0,
2.120703994394E0));
#2945=CARTESIAN_POINT('',(-4.083890250314E-1,-1.297498889654E0,
2.583185648445E0));
#2946=CARTESIAN_POINT('',(-4.444809410348E-1,-1.525113100780E0,
2.452657909595E0));
#2947=CARTESIAN_POINT('',(-4.805728570381E-1,-1.752727311906E0,
2.322130170744E0));
#2948=CARTESIAN_POINT('',(-5.166647730414E-1,-1.980341523032E0,
2.191602431894E0));
#2949=CARTESIAN_POINT('',(5.526985545958E-2,-1.357926700319E0,
2.654084085945E0));
#2950=CARTESIAN_POINT('',(9.649265298175E-2,-1.584751124435E0,
2.523556347095E0));
#2951=CARTESIAN_POINT('',(1.377154505039E-1,-1.811575548552E0,
2.393028608244E0));
#2952=CARTESIAN_POINT('',(1.789382480261E-1,-2.038399972668E0,
2.262500869394E0));
#2953=CARTESIAN_POINT('',(5.047205886189E-1,-1.261649831203E0,
2.724982523445E0));
#2954=CARTESIAN_POINT('',(6.208354731996E-1,-1.460929079592E0,
2.594454784595E0));
#2955=CARTESIAN_POINT('',(7.369503577803E-1,-1.660208327981E0,
2.463927045744E0));
#2956=CARTESIAN_POINT('',(8.530652423610E-1,-1.859487576370E0,
2.333399306894E0));
#2957=CARTESIAN_POINT('',(9.014582537785E-1,-1.018722074585E0,
2.795880960945E0));
#2958=CARTESIAN_POINT('',(1.077317471483E0,-1.167619135388E0,2.665353222095E0));
#2959=CARTESIAN_POINT('',(1.253176689188E0,-1.316516196192E0,2.534825483244E0));
#2960=CARTESIAN_POINT('',(1.429035906893E0,-1.465413256996E0,2.404297744394E0));
#2961=CARTESIAN_POINT('',(1.190389051942E0,-6.545379728557E-1,
2.866779398445E0));
#2962=CARTESIAN_POINT('',(1.406088298287E0,-7.362002007665E-1,
2.736251659595E0));
#2963=CARTESIAN_POINT('',(1.621787544633E0,-8.178624286773E-1,
2.605723920744E0));
#2964=CARTESIAN_POINT('',(1.837486790978E0,-8.995246565882E-1,
2.475196181894E0));
#2965=CARTESIAN_POINT('',(1.341676328567E0,-2.203396545518E-1,
2.937677835945E0));
#2966=CARTESIAN_POINT('',(1.572193264338E0,-2.235927311982E-1,
2.807150097095E0));
#2967=CARTESIAN_POINT('',(1.802710200109E0,-2.268458078446E-1,
2.676622358244E0));
#2968=CARTESIAN_POINT('',(2.033227135880E0,-2.300988844910E-1,
2.546094619394E0));
#2969=CARTESIAN_POINT('',(1.337088072349E0,2.473397946845E-1,3.008576273445E0));
#2970=CARTESIAN_POINT('',(1.555634087211E0,3.204732011071E-1,2.878048534595E0));
#2971=CARTESIAN_POINT('',(1.774180102073E0,3.936066075298E-1,2.747520795744E0));
#2972=CARTESIAN_POINT('',(1.992726116935E0,4.667400139524E-1,2.616993056894E0));
#2973=CARTESIAN_POINT('',(1.176004786749E0,6.798499603838E-1,3.079474710945E0));
#2974=CARTESIAN_POINT('',(1.357094893536E0,8.227617618150E-1,2.948946972095E0));
#2975=CARTESIAN_POINT('',(1.538185000323E0,9.656735632463E-1,2.818419233244E0));
#2976=CARTESIAN_POINT('',(1.719275107110E0,1.108585364678E0,2.687891494394E0));
#2977=CARTESIAN_POINT('',(8.816809453138E-1,1.035820302086E0,3.150373148445E0));
#2978=CARTESIAN_POINT('',(1.003610076052E0,1.231381399493E0,3.019845409595E0));
#2979=CARTESIAN_POINT('',(1.125539206791E0,1.426942496900E0,2.889317670744E0));
#2980=CARTESIAN_POINT('',(1.247468337529E0,1.622503594307E0,2.758789931894E0));
#2981=CARTESIAN_POINT('',(4.782140015874E-1,1.272136395195E0,3.221271585945E0));
#2982=CARTESIAN_POINT('',(5.286313333212E-1,1.497095797912E0,3.090743847095E0));
#2983=CARTESIAN_POINT('',(5.790486650550E-1,1.722055200629E0,2.960216108244E0));
#2984=CARTESIAN_POINT('',(6.294659967888E-1,1.947014603347E0,2.829688369394E0));
#2985=CARTESIAN_POINT('',(2.677211908525E-2,1.358597233371E0,3.292170023445E0));
#2986=CARTESIAN_POINT('',(-2.516356040757E-3,1.587370198248E0,
3.161642284595E0));
#2987=CARTESIAN_POINT('',(-3.180483116676E-2,1.816143163125E0,
3.031114545744E0));
#2988=CARTESIAN_POINT('',(-6.109330629277E-2,2.044916128002E0,
2.900586806894E0));
#2989=CARTESIAN_POINT('',(-4.332653476937E-1,1.289458327702E0,
3.363068460945E0));
#2990=CARTESIAN_POINT('',(-5.372075548056E-1,1.495110502817E0,
3.232540722095E0));
#2991=CARTESIAN_POINT('',(-6.411497619175E-1,1.700762677933E0,
3.102012983244E0));
#2992=CARTESIAN_POINT('',(-7.450919690293E-1,1.906414853048E0,
2.971485244394E0));
#2993=CARTESIAN_POINT('',(-8.412641451086E-1,1.066639908214E0,
3.433966898445E0));
#2994=CARTESIAN_POINT('',(-1.008095572098E0,1.225894921329E0,3.303439159595E0));
#2995=CARTESIAN_POINT('',(-1.174926999088E0,1.385149934444E0,3.172911420744E0));
#2996=CARTESIAN_POINT('',(-1.341758426078E0,1.544404947559E0,3.042383681894E0));
#2997=CARTESIAN_POINT('',(-1.149779322510E0,7.257082353619E-1,
3.504865335945E0));
#2998=CARTESIAN_POINT('',(-1.360809383659E0,8.185250091761E-1,
3.374337597095E0));
#2999=CARTESIAN_POINT('',(-1.571839444809E0,9.113417829902E-1,
3.243809858244E0));
#3000=CARTESIAN_POINT('',(-1.782869505959E0,1.004158556804E0,3.113282119394E0));
#3001=CARTESIAN_POINT('',(-1.327784773034E0,2.932048496941E-1,
3.575763773445E0));
#3002=CARTESIAN_POINT('',(-1.557554011477E0,3.110080181617E-1,
3.445236034595E0));
#3003=CARTESIAN_POINT('',(-1.787323249920E0,3.288111866292E-1,
3.314708295744E0));
#3004=CARTESIAN_POINT('',(-2.017092488363E0,3.466143550967E-1,
3.184180556894E0));
#3005=CARTESIAN_POINT('',(-1.347960362373E0,-1.678871302978E-1,
3.646662210945E0));
#3006=CARTESIAN_POINT('',(-1.570423203932E0,-2.289419735943E-1,
3.516134472095E0));
#3007=CARTESIAN_POINT('',(-1.792886045492E0,-2.899968168907E-1,
3.385606733244E0));
#3008=CARTESIAN_POINT('',(-2.015348887051E0,-3.510516601872E-1,
3.255078994394E0));
#3009=CARTESIAN_POINT('',(-1.215602595144E0,-6.104058635262E-1,
3.717560648445E0));
#3010=CARTESIAN_POINT('',(-1.404095125436E0,-7.430008173003E-1,
3.587032909595E0));
#3011=CARTESIAN_POINT('',(-1.592587655728E0,-8.755957710745E-1,
3.456505170744E0));
#3012=CARTESIAN_POINT('',(-1.781080186020E0,-1.008190724849E0,
3.325977431894E0));
#3013=CARTESIAN_POINT('',(-9.361048256528E-1,-9.852549896800E-1,
3.788459085945E0));
#3014=CARTESIAN_POINT('',(-1.070192653928E0,-1.172789238601E0,
3.657931347095E0));
#3015=CARTESIAN_POINT('',(-1.204280482204E0,-1.360323487522E0,
3.527403608244E0));
#3016=CARTESIAN_POINT('',(-1.338368310479E0,-1.547857736444E0,
3.396875869394E0));
#3017=CARTESIAN_POINT('',(-5.540328759329E-1,-1.240786347952E0,
3.859357523445E0));
#3018=CARTESIAN_POINT('',(-6.162005398001E-1,-1.462890075528E0,
3.728829784595E0));
#3019=CARTESIAN_POINT('',(-6.783682036673E-1,-1.684993803104E0,
3.598302045744E0));
#3020=CARTESIAN_POINT('',(-7.405358675344E-1,-1.907097530680E0,
3.467774306894E0));
#3021=CARTESIAN_POINT('',(-1.034153461110E-1,-1.356365329319E0,
3.930255960945E0));
#3022=CARTESIAN_POINT('',(-8.782066386102E-2,-1.586264449445E0,
3.799728222095E0));
#3023=CARTESIAN_POINT('',(-7.222598161109E-2,-1.816163569571E0,
3.669200483244E0));
#3024=CARTESIAN_POINT('',(-5.663129936115E-2,-2.046062689697E0,
3.538672744394E0));
#3025=CARTESIAN_POINT('',(3.591576293046E-1,-1.310134288137E0,
4.001154398445E0));
#3026=CARTESIAN_POINT('',(4.507496015579E-1,-1.521808081632E0,
3.870626659595E0));
#3027=CARTESIAN_POINT('',(5.423415738111E-1,-1.733481875127E0,
3.740098920744E0));
#3028=CARTESIAN_POINT('',(6.339335460644E-1,-1.945155668622E0,
3.609571181894E0));
#3029=CARTESIAN_POINT('',(7.761326197460E-1,-1.116361540859E0,
4.072052835945E0));
#3030=CARTESIAN_POINT('',(9.343175357222E-1,-1.284070135056E0,
3.941525097095E0));
#3031=CARTESIAN_POINT('',(1.092502451698E0,-1.451778729254E0,3.810997358244E0));
#3032=CARTESIAN_POINT('',(1.250687367675E0,-1.619487323451E0,3.680469619394E0));
#3033=CARTESIAN_POINT('',(1.108593823620E0,-7.874015631281E-1,
4.142951273445E0));
#3034=CARTESIAN_POINT('',(1.313265846922E0,-8.933270964979E-1,
4.012423534595E0));
#3035=CARTESIAN_POINT('',(1.517937870224E0,-9.992526298676E-1,
3.881895795744E0));
#3036=CARTESIAN_POINT('',(1.722609893526E0,-1.105178163237E0,3.751368056894E0));
#3037=CARTESIAN_POINT('',(1.306839060989E0,-3.706142141376E-1,
4.213849710945E0));
#3038=CARTESIAN_POINT('',(1.535509146655E0,-4.010674846716E-1,
4.083321972095E0));
#3039=CARTESIAN_POINT('',(1.764179232321E0,-4.315207552055E-1,
3.952794233244E0));
#3040=CARTESIAN_POINT('',(1.992849317987E0,-4.619740257395E-1,
3.822266494394E0));
#3041=CARTESIAN_POINT('',(1.357369629823E0,8.850240439978E-2,4.284748148445E0));
#3042=CARTESIAN_POINT('',(1.582629876633E0,1.371714597529E-1,4.154220409595E0));
#3043=CARTESIAN_POINT('',(1.807890123444E0,1.858405151059E-1,4.023692670744E0));
#3044=CARTESIAN_POINT('',(2.033150370254E0,2.345095704590E-1,3.893164931894E0));
#3045=CARTESIAN_POINT('',(1.246022238632E0,5.426308322747E-1,4.355646585945E0));
#3046=CARTESIAN_POINT('',(1.442584824694E0,6.630957233031E-1,4.225118847095E0));
#3047=CARTESIAN_POINT('',(1.639147410757E0,7.835606143315E-1,4.094591108244E0));
#3048=CARTESIAN_POINT('',(1.835709996819E0,9.040255053599E-1,3.964063369394E0));
#3049=CARTESIAN_POINT('',(9.937156903818E-1,9.268399622202E-1,
4.426545023445E0));
#3050=CARTESIAN_POINT('',(1.137512430044E0,1.107165728256E0,4.296017284595E0));
#3051=CARTESIAN_POINT('',(1.281309169706E0,1.287491494291E0,4.165489545744E0));
#3052=CARTESIAN_POINT('',(1.425105909368E0,1.467817260327E0,4.034961806894E0));
#3053=CARTESIAN_POINT('',(6.237488092403E-1,1.208866850965E0,4.497443460945E0));
#3054=CARTESIAN_POINT('',(6.989667586050E-1,1.426671946503E0,4.366915722095E0));
#3055=CARTESIAN_POINT('',(7.741847079697E-1,1.644477042042E0,4.236387983244E0));
#3056=CARTESIAN_POINT('',(8.494026573343E-1,1.862282137580E0,4.105860244394E0));
#3057=CARTESIAN_POINT('',(1.797222072498E-1,1.346531092794E0,4.568341898445E0));
#3058=CARTESIAN_POINT('',(1.778479577545E-1,1.577163639115E0,4.437814159595E0));
#3059=CARTESIAN_POINT('',(1.759737082593E-1,1.807796185437E0,4.307286420744E0));
#3060=CARTESIAN_POINT('',(1.740994587640E-1,2.038428731758E0,4.176758681894E0));
#3061=CARTESIAN_POINT('',(-2.797998800703E-1,1.330547616756E0,
4.639240335945E0));
#3062=CARTESIAN_POINT('',(-3.601347999667E-1,1.546637738824E0,
4.508712597095E0));
#3063=CARTESIAN_POINT('',(-4.404697198631E-1,1.762727860892E0,
4.378184858244E0));
#3064=CARTESIAN_POINT('',(-5.208046397595E-1,1.978817982960E0,
4.247657119394E0));
#3065=CARTESIAN_POINT('',(-7.141635152301E-1,1.157130917788E0,
4.710138773445E0));
#3066=CARTESIAN_POINT('',(-8.613850904937E-1,1.334434791178E0,
4.579611034595E0));
#3067=CARTESIAN_POINT('',(-1.008606665757E0,1.511738664567E0,4.449083295744E0));
#3068=CARTESIAN_POINT('',(-1.155828241021E0,1.689042537957E0,4.318555556894E0));
#3069=CARTESIAN_POINT('',(-1.059141072587E0,8.505312548097E-1,
4.781037210945E0));
#3070=CARTESIAN_POINT('',(-1.257871710599E0,9.676787826529E-1,
4.650509472095E0));
#3071=CARTESIAN_POINT('',(-1.456602348612E0,1.084826310496E0,4.519981733244E0));
#3072=CARTESIAN_POINT('',(-1.655332986624E0,1.201973838339E0,4.389453994394E0));
#3073=CARTESIAN_POINT('',(-1.284572431184E0,4.473909437955E-1,
4.851935648445E0));
#3074=CARTESIAN_POINT('',(-1.510992708080E0,4.903410771204E-1,
4.721407909595E0));
#3075=CARTESIAN_POINT('',(-1.737412984976E0,5.332912104453E-1,
4.590880170744E0));
#3076=CARTESIAN_POINT('',(-1.963833261871E0,5.762413437701E-1,
4.460352431894E0));
#3077=CARTESIAN_POINT('',(-1.358976495479E0,-1.423109396428E-2,
4.922834085945E0));
#3078=CARTESIAN_POINT('',(-1.586942493948E0,-4.858431436711E-2,
4.792306347095E0));
#3079=CARTESIAN_POINT('',(-1.814908492417E0,-8.293753476994E-2,
4.661778608244E0));
#3080=CARTESIAN_POINT('',(-2.042874490886E0,-1.172907551728E-1,
4.531250869394E0));
#3081=CARTESIAN_POINT('',(-1.276318339961E0,-4.663846952435E-1,
4.993732523445E0));
#3082=CARTESIAN_POINT('',(-1.479013694591E0,-5.764277661080E-1,
4.863204784595E0));
#3083=CARTESIAN_POINT('',(-1.681709049221E0,-6.864708369725E-1,
4.732677045744E0));
#3084=CARTESIAN_POINT('',(-1.884404403851E0,-7.965139078370E-1,
4.602149306894E0));
#3085=CARTESIAN_POINT('',(-1.045484085040E0,-8.702785004345E-1,
5.064630960945E0));
#3086=CARTESIAN_POINT('',(-1.199624697891E0,-1.041560347164E0,
4.934103222095E0));
#3087=CARTESIAN_POINT('',(-1.353765310742E0,-1.212842193893E0,
4.803575483244E0));
#3088=CARTESIAN_POINT('',(-1.507905923593E0,-1.384124040623E0,
4.673047744394E0));
#3089=CARTESIAN_POINT('',(-6.901927168522E-1,-1.170076950138E0,
5.135529398445E0));
#3090=CARTESIAN_POINT('',(-7.783324593824E-1,-1.383211344407E0,
5.005001659595E0));
#3091=CARTESIAN_POINT('',(-8.664722019127E-1,-1.596345738676E0,
4.874473920744E0));
#3092=CARTESIAN_POINT('',(-9.546119444429E-1,-1.809480132945E0,
4.743946181894E0));
#3093=CARTESIAN_POINT('',(-2.607618193747E-1,-1.334409310107E0,
5.206427835945E0));
#3094=CARTESIAN_POINT('',(-2.709757213734E-1,-1.564722827765E0,
5.075900097095E0));
#3095=CARTESIAN_POINT('',(-2.811896233721E-1,-1.795036345423E0,
4.945372358244E0));
#3096=CARTESIAN_POINT('',(-2.914035253708E-1,-2.025349863081E0,
4.814844619394E0));
#3097=CARTESIAN_POINT('',(2.068428461443E-1,-1.343948482787E0,
5.277326273445E0));
#3098=CARTESIAN_POINT('',(2.733421366276E-1,-1.564603643858E0,
5.146798534595E0));
#3099=CARTESIAN_POINT('',(3.398414271108E-1,-1.785258804929E0,
5.016270795744E0));
#3100=CARTESIAN_POINT('',(4.063407175941E-1,-2.005913966E0,4.885743056894E0));
#3101=CARTESIAN_POINT('',(6.440208970213E-1,-1.196001802360E0,
5.348224710945E0));
#3102=CARTESIAN_POINT('',(7.813980303361E-1,-1.381325662148E0,
5.217696972095E0));
#3103=CARTESIAN_POINT('',(9.187751636509E-1,-1.566649521937E0,
5.087169233244E0));
#3104=CARTESIAN_POINT('',(1.056152296966E0,-1.751973381725E0,4.956641494394E0));
#3105=CARTESIAN_POINT('',(1.008718310702E0,-9.125636181677E-1,
5.419123148445E0));
#3106=CARTESIAN_POINT('',(1.200507561178E0,-1.040343660209E0,5.288595409595E0));
#3107=CARTESIAN_POINT('',(1.392296811653E0,-1.168123702251E0,5.158067670744E0));
#3108=CARTESIAN_POINT('',(1.584086062129E0,-1.295903744293E0,5.027539931894E0));
#3109=CARTESIAN_POINT('',(1.257112516055E0,-5.164182038606E-1,
5.490021585945E0));
#3110=CARTESIAN_POINT('',(1.480446532732E0,-5.736069895172E-1,
5.359493847095E0));
#3111=CARTESIAN_POINT('',(1.703780549409E0,-6.307957751738E-1,
5.228966108244E0));
#3112=CARTESIAN_POINT('',(1.927114566086E0,-6.879845608304E-1,
5.098438369394E0));
#3113=CARTESIAN_POINT('',(1.357168821182E0,-6.779365523730E-2,
5.560920023445E0));
#3114=CARTESIAN_POINT('',(1.586722016913E0,-4.542817818682E-2,
5.430392284595E0));
#3115=CARTESIAN_POINT('',(1.816275212643E0,-2.306270113635E-2,
5.299864545744E0));
#3116=CARTESIAN_POINT('',(2.045828408374E0,-6.972240858700E-4,
5.169336806894E0));
#3117=CARTESIAN_POINT('',(1.301955982154E0,3.941221396031E-1,5.631818460945E0));
#3118=CARTESIAN_POINT('',(1.510653704928E0,4.918056083053E-1,5.501290722095E0));
#3119=CARTESIAN_POINT('',(1.719351427703E0,5.894890770075E-1,5.370762983244E0));
#3120=CARTESIAN_POINT('',(1.928049150478E0,6.871725457096E-1,5.240235244394E0));
#3121=CARTESIAN_POINT('',(1.091562014907E0,8.086645925554E-1,5.702716898445E0));
#3122=CARTESIAN_POINT('',(1.255783187642E0,9.706099248722E-1,5.572189159595E0));
#3123=CARTESIAN_POINT('',(1.420004360377E0,1.132555257189E0,5.441661420744E0));
#3124=CARTESIAN_POINT('',(1.584225533113E0,1.294500589506E0,5.311133681894E0));
#3125=CARTESIAN_POINT('',(7.601039728513E-1,1.127336189341E0,5.773615335945E0));
#3126=CARTESIAN_POINT('',(8.592521490174E-1,1.335466627704E0,5.643087597095E0));
#3127=CARTESIAN_POINT('',(9.584003251834E-1,1.543597066067E0,5.512559858244E0));
#3128=CARTESIAN_POINT('',(1.057548501350E0,1.751727504429E0,5.382032119394E0));
#3129=CARTESIAN_POINT('',(3.331742055075E-1,1.318323342800E0,5.844513773445E0));
#3130=CARTESIAN_POINT('',(3.579089785899E-1,1.547450047360E0,5.713986034595E0));
#3131=CARTESIAN_POINT('',(3.826437516723E-1,1.776576751920E0,5.583458295744E0));
#3132=CARTESIAN_POINT('',(4.073785247548E-1,2.005703456481E0,5.452930556894E0));
#3133=CARTESIAN_POINT('',(-1.270980532857E-1,1.352416101612E0,
5.915412210945E0));
#3134=CARTESIAN_POINT('',(-1.814059910274E-1,1.576621493302E0,
5.784884472095E0));
#3135=CARTESIAN_POINT('',(-2.357139287690E-1,1.800826884992E0,
5.654356733244E0));
#3136=CARTESIAN_POINT('',(-2.900218665107E-1,2.025032276682E0,
5.523828994394E0));
#3137=CARTESIAN_POINT('',(-5.734125079276E-1,1.233484123652E0,
5.986310648445E0));
#3138=CARTESIAN_POINT('',(-7.002539246946E-1,1.425895429803E0,
5.855782909595E0));
#3139=CARTESIAN_POINT('',(-8.270953414615E-1,1.618306735954E0,
5.725255170744E0));
#3140=CARTESIAN_POINT('',(-9.539367582285E-1,1.810718042105E0,
5.594727431894E0));
#3141=CARTESIAN_POINT('',(-9.565323009982E-1,9.654354439562E-1,
6.057209085945E0));
#3142=CARTESIAN_POINT('',(-1.139931135481E0,1.105126201418E0,5.926681347095E0));
#3143=CARTESIAN_POINT('',(-1.323329969964E0,1.244816958881E0,5.796153608244E0));
#3144=CARTESIAN_POINT('',(-1.506728804447E0,1.384507716343E0,5.665625869394E0));
#3145=CARTESIAN_POINT('',(-1.223486811621E0,5.912556221037E-1,
6.128107523445E0));
#3146=CARTESIAN_POINT('',(-1.443611560351E0,6.601031291771E-1,
5.997579784595E0));
#3147=CARTESIAN_POINT('',(-1.663736309081E0,7.289506362504E-1,
5.867052045744E0));
#3148=CARTESIAN_POINT('',(-1.883861057812E0,7.977981433237E-1,
5.736524306894E0));
#3149=CARTESIAN_POINT('',(-1.352623077845E0,1.443345061756E-1,
6.199005960945E0));
#3150=CARTESIAN_POINT('',(-1.582888321047E0,1.356905879782E-1,
6.068478222095E0));
#3151=CARTESIAN_POINT('',(-1.813153564250E0,1.270466697807E-1,
5.937950483244E0));
#3152=CARTESIAN_POINT('',(-2.043418807453E0,1.184027515833E-1,
5.807422744394E0));
#3153=CARTESIAN_POINT('',(-1.320384232417E0,-3.194237536960E-1,
6.269904398445E0));
#3154=CARTESIAN_POINT('',(-1.534727811928E0,-4.045807508012E-1,
6.139376659595E0));
#3155=CARTESIAN_POINT('',(-1.749071391440E0,-4.897377479064E-1,
6.008848920744E0));
#3156=CARTESIAN_POINT('',(-1.963414970951E0,-5.748947450116E-1,
5.878321181894E0));
#3157=CARTESIAN_POINT('',(-1.139293794500E0,-7.420610373523E-1,
6.340802835945E0));
#3158=CARTESIAN_POINT('',(-1.311703540851E0,-8.951084795833E-1,
6.210275097095E0));
#3159=CARTESIAN_POINT('',(-1.484113287201E0,-1.048155921814E0,
6.079747358244E0));
#3160=CARTESIAN_POINT('',(-1.656523033551E0,-1.201203364045E0,
5.949219619394E0));
#3161=CARTESIAN_POINT('',(-8.205252283968E-1,-1.084306154622E0,
6.411701273445E0));
#3162=CARTESIAN_POINT('',(-9.325841517051E-1,-1.285685531543E0,
6.281173534595E0));
#3163=CARTESIAN_POINT('',(-1.044643075014E0,-1.487064908464E0,
6.150645795744E0));
#3164=CARTESIAN_POINT('',(-1.156701998322E0,-1.688444285385E0,
6.020118056894E0));
#3165=CARTESIAN_POINT('',(-4.099156306750E-1,-1.295049189327E0,
6.482599710945E0));
#3166=CARTESIAN_POINT('',(-4.472615369092E-1,-1.522695171177E0,
6.352071972095E0));
#3167=CARTESIAN_POINT('',(-4.846074431434E-1,-1.750341153026E0,
6.221544233244E0));
#3168=CARTESIAN_POINT('',(-5.219533493776E-1,-1.977987134876E0,
6.091016494394E0));
#3169=CARTESIAN_POINT('',(4.746535556455E-2,-1.359423417325E0,
6.553498148445E0));
#3170=CARTESIAN_POINT('',(8.930866584283E-2,-1.586050849749E0,
6.422970409595E0));
#3171=CARTESIAN_POINT('',(1.311519761211E-1,-1.812678282173E0,
6.292442670744E0));
#3172=CARTESIAN_POINT('',(1.729952863994E-1,-2.039305714597E0,
6.161914931894E0));
#3173=CARTESIAN_POINT('',(5.047496313586E-1,-1.261842878073E0,
6.624396585945E0));
#3174=CARTESIAN_POINT('',(6.192227791838E-1,-1.461954193688E0,
6.493868847095E0));
#3175=CARTESIAN_POINT('',(7.336959270090E-1,-1.662065509302E0,
6.363341108244E0));
#3176=CARTESIAN_POINT('',(8.481690748342E-1,-1.862176824917E0,
6.232813369394E0));
#3177=CARTESIAN_POINT('',(8.964039008310E-1,-1.021255715017E0,
6.695295023445E0));
#3178=CARTESIAN_POINT('',(1.072304302529E0,-1.170433236501E0,6.564767284595E0));
#3179=CARTESIAN_POINT('',(1.248204704228E0,-1.319610757985E0,6.434239545744E0));
#3180=CARTESIAN_POINT('',(1.424105105926E0,-1.468788279469E0,6.303711806894E0));
#3181=CARTESIAN_POINT('',(1.189476244531E0,-6.599756844662E-1,
6.766193460945E0));
#3182=CARTESIAN_POINT('',(1.404910164191E0,-7.417376915914E-1,
6.635665722095E0));
#3183=CARTESIAN_POINT('',(1.620344083851E0,-8.234996987166E-1,
6.505137983244E0));
#3184=CARTESIAN_POINT('',(1.835778003510E0,-9.052617058419E-1,
6.374610244394E0));
#3185=CARTESIAN_POINT('',(1.340488629602E0,-2.203095312217E-1,
6.837091898445E0));
#3186=CARTESIAN_POINT('',(1.571072565788E0,-2.254019379965E-1,
6.706564159595E0));
#3187=CARTESIAN_POINT('',(1.801656501974E0,-2.304943447713E-1,
6.576036420744E0));
#3188=CARTESIAN_POINT('',(2.032240438160E0,-2.355867515460E-1,
6.445508681894E0));
#3189=CARTESIAN_POINT('',(1.338391403852E0,2.394856643658E-1,6.907990335945E0));
#3190=CARTESIAN_POINT('',(1.556809300074E0,3.132573582614E-1,6.777462597095E0));
#3191=CARTESIAN_POINT('',(1.775227196296E0,3.870290521570E-1,6.646934858244E0));
#3192=CARTESIAN_POINT('',(1.993645092517E0,4.608007460526E-1,6.516407119394E0));
#3193=CARTESIAN_POINT('',(1.178172917220E0,6.788888454782E-1,6.978888773445E0));
#3194=CARTESIAN_POINT('',(1.359842439164E0,8.206881421585E-1,6.848361034595E0));
#3195=CARTESIAN_POINT('',(1.541511961107E0,9.624874388389E-1,6.717833295744E0));
#3196=CARTESIAN_POINT('',(1.723181483050E0,1.104286735519E0,6.587305556894E0));
#3197=CARTESIAN_POINT('',(8.821324965194E-1,1.032969256867E0,7.049787210945E0));
#3198=CARTESIAN_POINT('',(1.005228846828E0,1.228071020840E0,6.919259472095E0));
#3199=CARTESIAN_POINT('',(1.128325197137E0,1.423172784813E0,6.788731733244E0));
#3200=CARTESIAN_POINT('',(1.251421547446E0,1.618274548786E0,6.658203994394E0));
#3201=CARTESIAN_POINT('',(4.859848139592E-1,1.270473828203E0,7.120685648445E0));
#3202=CARTESIAN_POINT('',(5.357539306847E-1,1.495493584586E0,6.990157909595E0));
#3203=CARTESIAN_POINT('',(5.855230474103E-1,1.720513340969E0,6.859630170744E0));
#3204=CARTESIAN_POINT('',(6.352921641359E-1,1.945533097352E0,6.729102431894E0));
#3205=CARTESIAN_POINT('',(2.682060335574E-2,1.358786331450E0,7.191584085945E0));
#3206=CARTESIAN_POINT('',(-6.316811857779E-4,1.587685899565E0,
7.061056347095E0));
#3207=CARTESIAN_POINT('',(-2.808396572730E-2,1.816585467681E0,
6.930528608244E0));
#3208=CARTESIAN_POINT('',(-5.553625026882E-2,2.045485035796E0,
6.800000869394E0));
#3209=CARTESIAN_POINT('',(-4.276232450099E-1,1.289822293654E0,
7.262482523445E0));
#3210=CARTESIAN_POINT('',(-5.314940990867E-1,1.495748809448E0,
7.131954784595E0));
#3211=CARTESIAN_POINT('',(-6.353649531636E-1,1.701675325243E0,
7.001427045744E0));
#3212=CARTESIAN_POINT('',(-7.392358072405E-1,1.907601841037E0,
6.870899306894E0));
#3213=CARTESIAN_POINT('',(-8.383046809948E-1,1.071292164731E0,
7.333380960945E0));
#3214=CARTESIAN_POINT('',(-1.004852873075E0,1.230535686622E0,7.202853222095E0));
#3215=CARTESIAN_POINT('',(-1.171401065156E0,1.389779208512E0,7.072325483244E0));
#3216=CARTESIAN_POINT('',(-1.337949257237E0,1.549022730402E0,6.941797744394E0));
#3217=CARTESIAN_POINT('',(-1.148697233068E0,7.252177068834E-1,
7.404279398445E0));
#3218=CARTESIAN_POINT('',(-1.359072305026E0,8.197545427296E-1,
7.273751659595E0));
#3219=CARTESIAN_POINT('',(-1.569447376984E0,9.142913785757E-1,
7.143223920744E0));
#3220=CARTESIAN_POINT('',(-1.779822448942E0,1.008828214422E0,7.012696181894E0));
#3221=CARTESIAN_POINT('',(-1.325924735404E0,3.009460572585E-1,
7.475177835945E0));
#3222=CARTESIAN_POINT('',(-1.555824689697E0,3.181114651021E-1,
7.344650097095E0));
#3223=CARTESIAN_POINT('',(-1.785724643990E0,3.352768729456E-1,
7.214122358244E0));
#3224=CARTESIAN_POINT('',(-2.015624598283E0,3.524422807892E-1,
7.083594619394E0));
#3225=CARTESIAN_POINT('',(-1.349582632895E0,-1.661571677883E-1,
7.546076273445E0));
#3226=CARTESIAN_POINT('',(-1.572145607577E0,-2.259616663098E-1,
7.415548534595E0));
#3227=CARTESIAN_POINT('',(-1.794708582259E0,-2.857661648312E-1,
7.285020795744E0));
#3228=CARTESIAN_POINT('',(-2.017271556941E0,-3.455706633527E-1,
7.154493056894E0));
#3229=CARTESIAN_POINT('',(-1.214907548803E0,-6.076042091088E-1,
7.616974710945E0));
#3230=CARTESIAN_POINT('',(-1.404296066351E0,-7.393213271433E-1,
7.486446972095E0));
#3231=CARTESIAN_POINT('',(-1.593684583898E0,-8.710384451777E-1,
7.355919233244E0));
#3232=CARTESIAN_POINT('',(-1.783073101445E0,-1.002755563212E0,
7.225391494394E0));
#3233=CARTESIAN_POINT('',(-9.426136396828E-1,-9.806959333273E-1,
7.687873148445E0));
#3234=CARTESIAN_POINT('',(-1.076128002546E0,-1.168538342449E0,
7.557345409595E0));
#3235=CARTESIAN_POINT('',(-1.209642365409E0,-1.356380751571E0,
7.426817670744E0));
#3236=CARTESIAN_POINT('',(-1.343156728272E0,-1.544223160693E0,
7.296289931894E0));
#3237=CARTESIAN_POINT('',(-5.541512105905E-1,-1.240941608340E0,
7.758771585945E0));
#3238=CARTESIAN_POINT('',(-6.180592692521E-1,-1.462446462031E0,
7.628243847095E0));
#3239=CARTESIAN_POINT('',(-6.819673279138E-1,-1.683951315722E0,
7.497716108244E0));
#3240=CARTESIAN_POINT('',(-7.458753865755E-1,-1.905456169413E0,
7.367188369394E0));
#3241=CARTESIAN_POINT('',(-1.087533324391E-1,-1.354502085980E0,
7.829670023445E0));
#3242=CARTESIAN_POINT('',(-9.333126103003E-2,-1.584626061249E0,
7.699142284595E0));
#3243=CARTESIAN_POINT('',(-7.790918962096E-2,-1.814750036518E0,
7.568614545744E0));
#3244=CARTESIAN_POINT('',(-6.248711821190E-2,-2.044874011788E0,
7.438086806894E0));
#3245=CARTESIAN_POINT('',(3.546193201050E-1,-1.313265694363E0,
7.900568460945E0));
#3246=CARTESIAN_POINT('',(4.459549220355E-1,-1.524818542098E0,
7.770040722095E0));
#3247=CARTESIAN_POINT('',(5.372905239660E-1,-1.736371389834E0,
7.639512983244E0));
#3248=CARTESIAN_POINT('',(6.286261258965E-1,-1.947924237569E0,
7.508985244394E0));
#3249=CARTESIAN_POINT('',(7.753271836825E-1,-1.115488140817E0,
7.971466898445E0));
#3250=CARTESIAN_POINT('',(9.322386581763E-1,-1.284525632309E0,
7.840939159595E0));
#3251=CARTESIAN_POINT('',(1.089150132670E0,-1.453563123802E0,7.710411420744E0));
#3252=CARTESIAN_POINT('',(1.246061607164E0,-1.622600615295E0,7.579883681894E0));
#3253=CARTESIAN_POINT('',(1.103864457194E0,-7.938061748883E-1,
8.042365335945E0));
#3254=CARTESIAN_POINT('',(1.308905363725E0,-8.991952895616E-1,
7.911837597095E0));
#3255=CARTESIAN_POINT('',(1.513946270255E0,-1.004584404235E0,7.781309858244E0));
#3256=CARTESIAN_POINT('',(1.718987176786E0,-1.109973518908E0,7.650782119394E0));
#3257=CARTESIAN_POINT('',(1.307659011649E0,-3.728395091799E-1,
8.113263773445E0));
#3258=CARTESIAN_POINT('',(1.535934126424E0,-4.044833303204E-1,
7.982736034595E0));
#3259=CARTESIAN_POINT('',(1.764209241200E0,-4.361271514609E-1,
7.852208295744E0));
#3260=CARTESIAN_POINT('',(1.992484355975E0,-4.677709726014E-1,
7.721680556894E0));
#3261=CARTESIAN_POINT('',(1.355637929839E0,8.619269302486E-2,8.184162210945E0));
#3262=CARTESIAN_POINT('',(1.581381282374E0,1.337042525246E-1,8.053634472095E0));
#3263=CARTESIAN_POINT('',(1.807124634909E0,1.812158120243E-1,7.923106733244E0));
#3264=CARTESIAN_POINT('',(2.032867987444E0,2.287273715240E-1,7.792578994394E0));
#3265=CARTESIAN_POINT('',(1.250239815461E0,5.358972733598E-1,8.255060648445E0));
#3266=CARTESIAN_POINT('',(1.446394394327E0,6.568691321312E-1,8.124532909595E0));
#3267=CARTESIAN_POINT('',(1.642548973192E0,7.778409909026E-1,7.994005170744E0));
#3268=CARTESIAN_POINT('',(1.838703552058E0,8.988128496740E-1,7.863477431894E0));
#3269=CARTESIAN_POINT('',(9.938866152441E-1,9.269317867466E-1,
8.325959085945E0));
#3270=CARTESIAN_POINT('',(1.139052639882E0,1.106028912743E0,8.195431347095E0));
#3271=CARTESIAN_POINT('',(1.284218664520E0,1.285126038739E0,8.064903608244E0));
#3272=CARTESIAN_POINT('',(1.429384689157E0,1.464223164736E0,7.934375869394E0));
#3273=CARTESIAN_POINT('',(6.279336838674E-1,1.205089345549E0,8.396857523445E0));
#3274=CARTESIAN_POINT('',(7.033990238420E-1,1.423030332885E0,8.266329784595E0));
#3275=CARTESIAN_POINT('',(7.788643638166E-1,1.640971320221E0,8.135802045744E0));
#3276=CARTESIAN_POINT('',(8.543297037912E-1,1.858912307558E0,8.005274306894E0));
#3277=CARTESIAN_POINT('',(1.750140847191E-1,1.350838529943E0,8.469377054695E0));
#3278=CARTESIAN_POINT('',(1.715622739530E-1,1.581559973382E0,8.338849315845E0));
#3279=CARTESIAN_POINT('',(1.681104631868E-1,1.812281416820E0,8.208321576994E0));
#3280=CARTESIAN_POINT('',(1.646586524207E-1,2.043002860258E0,8.077793838144E0));
#3281=CARTESIAN_POINT('',(-3.116036178182E-1,1.326362321875E0,
8.543517679695E0));
#3282=CARTESIAN_POINT('',(-3.955177051191E-1,1.541848062010E0,
8.412989940845E0));
#3283=CARTESIAN_POINT('',(-4.794317924199E-1,1.757333802146E0,
8.282462201994E0));
#3284=CARTESIAN_POINT('',(-5.633458797208E-1,1.972819542281E0,
8.151934463144E0));
#3285=CARTESIAN_POINT('',(-7.634687807835E-1,1.128945600036E0,
8.619279398445E0));
#3286=CARTESIAN_POINT('',(-9.196932446260E-1,1.299448907279E0,
8.488751659595E0));
#3287=CARTESIAN_POINT('',(-1.075917708469E0,1.469952214522E0,8.358223920744E0));
#3288=CARTESIAN_POINT('',(-1.232142172311E0,1.640455521765E0,8.227696181894E0));
#3289=CARTESIAN_POINT('',(-1.118924167643E0,7.801813758119E-1,
8.695041117195E0));
#3290=CARTESIAN_POINT('',(-1.325479085153E0,8.837580767178E-1,
8.564513378345E0));
#3291=CARTESIAN_POINT('',(-1.532034002663E0,9.873347776238E-1,
8.433985639494E0));
#3292=CARTESIAN_POINT('',(-1.738588920173E0,1.090911478530E0,8.303457900644E0));
#3293=CARTESIAN_POINT('',(-1.322834277696E0,3.256819719714E-1,
8.770802835945E0));
#3294=CARTESIAN_POINT('',(-1.552918051950E0,3.490042955281E-1,
8.640275097094E0));
#3295=CARTESIAN_POINT('',(-1.783001826205E0,3.723266190848E-1,
8.509747358244E0));
#3296=CARTESIAN_POINT('',(-2.013085600459E0,3.956489426416E-1,
8.379219619394E0));
#3297=CARTESIAN_POINT('',(-1.353076378315E0,-1.658049912364E-1,
8.846564554695E0));
#3298=CARTESIAN_POINT('',(-1.575908333245E0,-2.273950055962E-1,
8.716036815845E0));
#3299=CARTESIAN_POINT('',(-1.798740288175E0,-2.889850199560E-1,
8.585509076994E0));
#3300=CARTESIAN_POINT('',(-2.021572243105E0,-3.505750343157E-1,
8.454981338144E0));
#3301=CARTESIAN_POINT('',(-1.202371482133E0,-6.432897745886E-1,
8.922326273445E0));
#3302=CARTESIAN_POINT('',(-1.388890737706E0,-7.799267251278E-1,
8.791798534595E0));
#3303=CARTESIAN_POINT('',(-1.575409993278E0,-9.165636756670E-1,
8.661270795744E0));
#3304=CARTESIAN_POINT('',(-1.761929248851E0,-1.053200626206E0,
8.530743056894E0));
#3305=CARTESIAN_POINT('',(-8.971493412905E-1,-1.023261238786E0,
8.998087992195E0));
#3306=CARTESIAN_POINT('',(-1.021382899067E0,-1.218297366065E0,
8.867560253345E0));
#3307=CARTESIAN_POINT('',(-1.145616456843E0,-1.413333493343E0,
8.737032514494E0));
#3308=CARTESIAN_POINT('',(-1.269850014619E0,-1.608369620622E0,
8.606504775644E0));
#3309=CARTESIAN_POINT('',(-4.844892422490E-1,-1.264825440231E0,
9.073986429695E0));
#3310=CARTESIAN_POINT('',(-5.316556971722E-1,-1.490921268411E0,
8.943458690845E0));
#3311=CARTESIAN_POINT('',(-5.788221520955E-1,-1.717017096590E0,
8.812930951994E0));
#3312=CARTESIAN_POINT('',(-6.259886070188E-1,-1.943112924769E0,
8.682403213144E0));
#3313=CARTESIAN_POINT('',(-2.407566253766E-2,-1.343895982932E0,
9.150021585945E0));
#3314=CARTESIAN_POINT('',(1.066896087091E-2,-1.572135067864E0,
9.019493847095E0));
#3315=CARTESIAN_POINT('',(4.541358427948E-2,-1.800374152796E0,
8.888966108244E0));
#3316=CARTESIAN_POINT('',(8.015820768805E-2,-2.028613237728E0,
8.758438369394E0));
#3317=CARTESIAN_POINT('',(4.237655855271E-1,-1.260678015294E0,
9.226193460945E0));
#3318=CARTESIAN_POINT('',(5.348308368220E-1,-1.462878943700E0,
9.095665722095E0));
#3319=CARTESIAN_POINT('',(6.458960881169E-1,-1.665079872106E0,
8.965137983244E0));
#3320=CARTESIAN_POINT('',(7.569613394118E-1,-1.867280800511E0,
8.834610244394E0));
#3321=CARTESIAN_POINT('',(8.049917076009E-1,-1.036449483E0,9.302365335945E0));
#3322=CARTESIAN_POINT('',(9.778765775805E-1,-1.188981299039E0,
9.171837597095E0));
#3323=CARTESIAN_POINT('',(1.150761447560E0,-1.341513115079E0,9.041309858244E0));
#3324=CARTESIAN_POINT('',(1.323646317540E0,-1.494044931118E0,8.910782119394E0));
#3325=CARTESIAN_POINT('',(1.080014126541E0,-7.078398504071E-1,
9.378537210945E0));
#3326=CARTESIAN_POINT('',(1.293765903925E0,-7.938815333636E-1,
9.248009472095E0));
#3327=CARTESIAN_POINT('',(1.507517681309E0,-8.799232163201E-1,
9.117481733244E0));
#3328=CARTESIAN_POINT('',(1.721269458693E0,-9.659648992766E-1,
8.986953994394E0));
#3329=CARTESIAN_POINT('',(1.225776713182E0,-3.203815464513E-1,
9.454709085945E0));
#3330=CARTESIAN_POINT('',(1.455791112916E0,-3.313448219021E-1,
9.324181347095E0));
#3331=CARTESIAN_POINT('',(1.685805512650E0,-3.423080973530E-1,
9.193653608244E0));
#3332=CARTESIAN_POINT('',(1.915819912383E0,-3.532713728039E-1,
9.063125869394E0));
#3333=CARTESIAN_POINT('',(1.241248394194E0,2.121961593918E-1,9.556271585945E0));
#3334=CARTESIAN_POINT('',(1.459358782581E0,3.015456191711E-1,9.425743847095E0));
#3335=CARTESIAN_POINT('',(1.677469170968E0,3.908950789505E-1,9.295216108244E0));
#3336=CARTESIAN_POINT('',(1.895579559355E0,4.802445387298E-1,9.164688369394E0));
#3337=CARTESIAN_POINT('',(9.458102184984E-1,7.930154239117E-1,
9.683224710945E0));
#3338=CARTESIAN_POINT('',(1.090028063370E0,9.873027983582E-1,9.552696972095E0));
#3339=CARTESIAN_POINT('',(1.234245908242E0,1.181590172805E0,9.422169233244E0));
#3340=CARTESIAN_POINT('',(1.378463753114E0,1.375877547251E0,9.291641494394E0));
#3341=CARTESIAN_POINT('',(3.062083469728E-1,1.110624307049E0,9.835568460945E0));
#3342=CARTESIAN_POINT('',(3.082214336598E-1,1.351884754146E0,9.705040722095E0));
#3343=CARTESIAN_POINT('',(3.102345203468E-1,1.593145201242E0,9.574512983244E0));
#3344=CARTESIAN_POINT('',(3.122476070339E-1,1.834405648338E0,9.443985244394E0));
#3345=CARTESIAN_POINT('',(-3.272001201554E-1,1.010504786547E0,
9.987912210945E0));
#3346=CARTESIAN_POINT('',(-4.649420259724E-1,1.207581873599E0,
9.857384472094E0));
#3347=CARTESIAN_POINT('',(-6.026839317893E-1,1.404658960650E0,
9.726856733244E0));
#3348=CARTESIAN_POINT('',(-7.404258376063E-1,1.601736047702E0,
9.596328994394E0));
#3349=CARTESIAN_POINT('',(-7.415450018351E-1,6.138957527690E-1,
1.014025596094E1));
#3350=CARTESIAN_POINT('',(-9.657297233319E-1,6.989141785614E-1,
1.000972822209E1));
#3351=CARTESIAN_POINT('',(-1.189914444829E0,7.839326043538E-1,
9.879200483244E0));
#3352=CARTESIAN_POINT('',(-1.414099166325E0,8.689510301462E-1,
9.748672744394E0));
#3353=CARTESIAN_POINT('',(-8.469983275999E-1,1.291191133685E-1,
1.029259971094E1));
#3354=CARTESIAN_POINT('',(-1.080269265003E0,7.451836086567E-2,
1.016207197209E1));
#3355=CARTESIAN_POINT('',(-1.313540202406E0,1.991760836286E-2,
1.003154423324E1));
#3356=CARTESIAN_POINT('',(-1.546811139809E0,-3.468314413995E-2,
9.901016494394E0));
#3357=CARTESIAN_POINT('',(-6.992806636475E-1,-2.667903894965E-1,
1.044494346094E1));
#3358=CARTESIAN_POINT('',(-8.633882870554E-1,-4.400231607062E-1,
1.031441572209E1));
#3359=CARTESIAN_POINT('',(-1.027495910463E0,-6.132559319159E-1,
1.018388798324E1));
#3360=CARTESIAN_POINT('',(-1.191603533871E0,-7.864887031255E-1,
1.005336024439E1));
#3361=CARTESIAN_POINT('',(-4.555768584095E-1,-4.464884539448E-1,
1.057479269865E1));
#3362=CARTESIAN_POINT('',(-5.194694796276E-1,-6.715642228546E-1,
1.044426495980E1));
#3363=CARTESIAN_POINT('',(-5.833621008457E-1,-8.966399917644E-1,
1.031373722095E1));
#3364=CARTESIAN_POINT('',(-6.472547220639E-1,-1.121715760674E0,
1.018320948210E1));
#3365=CARTESIAN_POINT('',(-3.227094343478E-1,-4.792762730026E-1,
1.065386068635E1));
#3366=CARTESIAN_POINT('',(-3.157438644692E-1,-7.068233676108E-1,
1.052333294750E1));
#3367=CARTESIAN_POINT('',(-3.087782945907E-1,-9.343704622189E-1,
1.039280520865E1));
#3368=CARTESIAN_POINT('',(-3.018127247122E-1,-1.161917556827E0,
1.026227746980E1));
#3369=CARTESIAN_POINT('',(-2.822516033539E-1,-4.810660997386E-1,
1.068214742406E1));
#3370=CARTESIAN_POINT('',(-2.493710170629E-1,-7.053641284702E-1,
1.055161968521E1));
#3371=CARTESIAN_POINT('',(-2.164904307719E-1,-9.296621572017E-1,
1.042109194636E1));
#3372=CARTESIAN_POINT('',(-1.836098444809E-1,-1.153960185933E0,
1.029056420751E1));
#3373=B_SPLINE_SURFACE_WITH_KNOTS('',3,3,((#2829,#2830,#2831,#2832),(#2833,
#2834,#2835,#2836),(#2837,#2838,#2839,#2840),(#2841,#2842,#2843,#2844),(#2845,
#2846,#2847,#2848),(#2849,#2850,#2851,#2852),(#2853,#2854,#2855,#2856),(#2857,
#2858,#2859,#2860),(#2861,#2862,#2863,#2864),(#2865,#2866,#2867,#2868),(#2869,
#2870,#2871,#2872),(#2873,#2874,#2875,#2876),(#2877,#2878,#2879,#2880),(#2881,
#2882,#2883,#2884),(#2885,#2886,#2887,#2888),(#2889,#2890,#2891,#2892),(#2893,
#2894,#2895,#2896),(#2897,#2898,#2899,#2900),(#2901,#2902,#2903,#2904),(#2905,
#2906,#2907,#2908),(#2909,#2910,#2911,#2912),(#2913,#2914,#2915,#2916),(#2917,
#2918,#2919,#2920),(#2921,#2922,#2923,#2924),(#2925,#2926,#2927,#2928),(#2929,
#2930,#2931,#2932),(#2933,#2934,#2935,#2936),(#2937,#2938,#2939,#2940),(#2941,
#2942,#2943,#2944),(#2945,#2946,#2947,#2948),(#2949,#2950,#2951,#2952),(#2953,
#2954,#2955,#2956),(#2957,#2958,#2959,#2960),(#2961,#2962,#2963,#2964),(#2965,
#2966,#2967,#2968),(#2969,#2970,#2971,#2972),(#2973,#2974,#2975,#2976),(#2977,
#2978,#2979,#2980),(#2981,#2982,#2983,#2984),(#2985,#2986,#2987,#2988),(#2989,
#2990,#2991,#2992),(#2993,#2994,#2995,#2996),(#2997,#2998,#2999,#3000),(#3001,
#3002,#3003,#3004),(#3005,#3006,#3007,#3008),(#3009,#3010,#3011,#3012),(#3013,
#3014,#3015,#3016),(#3017,#3018,#3019,#3020),(#3021,#3022,#3023,#3024),(#3025,
#3026,#3027,#3028),(#3029,#3030,#3031,#3032),(#3033,#3034,#3035,#3036),(#3037,
#3038,#3039,#3040),(#3041,#3042,#3043,#3044),(#3045,#3046,#3047,#3048),(#3049,
#3050,#3051,#3052),(#3053,#3054,#3055,#3056),(#3057,#3058,#3059,#3060),(#3061,
#3062,#3063,#3064),(#3065,#3066,#3067,#3068),(#3069,#3070,#3071,#3072),(#3073,
#3074,#3075,#3076),(#3077,#3078,#3079,#3080),(#3081,#3082,#3083,#3084),(#3085,
#3086,#3087,#3088),(#3089,#3090,#3091,#3092),(#3093,#3094,#3095,#3096),(#3097,
#3098,#3099,#3100),(#3101,#3102,#3103,#3104),(#3105,#3106,#3107,#3108),(#3109,
#3110,#3111,#3112),(#3113,#3114,#3115,#3116),(#3117,#3118,#3119,#3120),(#3121,
#3122,#3123,#3124),(#3125,#3126,#3127,#3128),(#3129,#3130,#3131,#3132),(#3133,
#3134,#3135,#3136),(#3137,#3138,#3139,#3140),(#3141,#3142,#3143,#3144),(#3145,
#3146,#3147,#3148),(#3149,#3150,#3151,#3152),(#3153,#3154,#3155,#3156),(#3157,
#3158,#3159,#3160),(#3161,#3162,#3163,#3164),(#3165,#3166,#3167,#3168),(#3169,
#3170,#3171,#3172),(#3173,#3174,#3175,#3176),(#3177,#3178,#3179,#3180),(#3181,
#3182,#3183,#3184),(#3185,#3186,#3187,#3188),(#3189,#3190,#3191,#3192),(#3193,
#3194,#3195,#3196),(#3197,#3198,#3199,#3200),(#3201,#3202,#3203,#3204),(#3205,
#3206,#3207,#3208),(#3209,#3210,#3211,#3212),(#3213,#3214,#3215,#3216),(#3217,
#3218,#3219,#3220),(#3221,#3222,#3223,#3224),(#3225,#3226,#3227,#3228),(#3229,
#3230,#3231,#3232),(#3233,#3234,#3235,#3236),(#3237,#3238,#3239,#3240),(#3241,
#3242,#3243,#3244),(#3245,#3246,#3247,#3248),(#3249,#3250,#3251,#3252),(#3253,
#3254,#3255,#3256),(#3257,#3258,#3259,#3260),(#3261,#3262,#3263,#3264),(#3265,
#3266,#3267,#3268),(#3269,#3270,#3271,#3272),(#3273,#3274,#3275,#3276),(#3277,
#3278,#3279,#3280),(#3281,#3282,#3283,#3284),(#3285,#3286,#3287,#3288),(#3289,
#3290,#3291,#3292),(#3293,#3294,#3295,#3296),(#3297,#3298,#3299,#3300),(#3301,
#3302,#3303,#3304),(#3305,#3306,#3307,#3308),(#3309,#3310,#3311,#3312),(#3313,
#3314,#3315,#3316),(#3317,#3318,#3319,#3320),(#3321,#3322,#3323,#3324),(#3325,
#3326,#3327,#3328),(#3329,#3330,#3331,#3332),(#3333,#3334,#3335,#3336),(#3337,
#3338,#3339,#3340),(#3341,#3342,#3343,#3344),(#3345,#3346,#3347,#3348),(#3349,
#3350,#3351,#3352),(#3353,#3354,#3355,#3356),(#3357,#3358,#3359,#3360),(#3361,
#3362,#3363,#3364),(#3365,#3366,#3367,#3368),(#3369,#3370,#3371,#3372)),
.UNSPECIFIED.,.F.,.F.,.F.,(4,1,1,1,1,1,1,1,1,1,1,1,1,1,1,1,1,1,1,1,1,1,1,1,1,1,
1,1,1,1,1,1,1,1,1,1,1,1,1,1,1,1,1,1,1,1,1,1,1,1,1,1,1,1,1,1,1,1,1,1,1,1,1,1,1,1,
1,1,1,1,1,1,1,1,1,1,1,1,1,1,1,1,1,1,1,1,1,1,1,1,1,1,1,1,1,1,1,1,1,1,1,1,1,1,1,1,
1,1,1,1,1,1,1,1,1,1,1,1,1,1,1,1,1,1,1,1,1,1,1,1,1,1,1,4),(4,4),(
5.163385107478E-4,7.325264276377E-3,1.427516356325E-2,2.122506285011E-2,
3.512486142385E-2,4.902465999758E-2,5.597455928445E-2,6.292445857132E-2,
6.987435785819E-2,7.682425714505E-2,8.377415643192E-2,9.072405571879E-2,
9.767395500566E-2,1.046238542925E-1,1.115737535794E-1,1.185236528663E-1,
1.264473017785E-1,1.343709506907E-1,1.422945996029E-1,1.502182485152E-1,
1.581418974274E-1,1.660655463396E-1,1.739891952518E-1,1.819128441641E-1,
1.888436503210E-1,1.957744564780E-1,2.027052626349E-1,2.096360687919E-1,
2.165668749489E-1,2.234976811058E-1,2.304284872628E-1,2.373592934197E-1,
2.442900995767E-1,2.512209057337E-1,2.581517118906E-1,2.650825180476E-1,
2.720133242045E-1,2.789441303615E-1,2.858749365184E-1,2.928057426754E-1,
2.997365488324E-1,3.066673549893E-1,3.135981611463E-1,3.205289673032E-1,
3.274597734602E-1,3.343905796172E-1,3.413213857741E-1,3.482521919311E-1,
3.551829980880E-1,3.621138042450E-1,3.690446104020E-1,3.759754165589E-1,
3.829062227159E-1,3.898370288728E-1,3.967678350298E-1,4.036986411867E-1,
4.106294473437E-1,4.175602535007E-1,4.244910596576E-1,4.314218658146E-1,
4.383526719715E-1,4.452834781285E-1,4.522142842855E-1,4.591450904424E-1,
4.660758965994E-1,4.730067027563E-1,4.799375089133E-1,4.868683150703E-1,
4.937991212272E-1,5.007299273842E-1,5.076607335411E-1,5.145915396981E-1,
5.215223458550E-1,5.284531520120E-1,5.353839581690E-1,5.423147643259E-1,
5.492455704829E-1,5.561763766398E-1,5.631071827968E-1,5.700379889538E-1,
5.769687951107E-1,5.838996012677E-1,5.908304074246E-1,5.977612135816E-1,
6.046920197386E-1,6.116228258955E-1,6.185536320525E-1,6.254844382094E-1,
6.324152443664E-1,6.393460505233E-1,6.462768566803E-1,6.532076628373E-1,
6.601384689942E-1,6.670692751512E-1,6.740000813081E-1,6.809308874651E-1,
6.878616936221E-1,6.947924997790E-1,7.017233059360E-1,7.086541120929E-1,
7.155849182499E-1,7.225157244069E-1,7.294465305638E-1,7.363773367208E-1,
7.433081428777E-1,7.502389490347E-1,7.571697551916E-1,7.641005613486E-1,
7.710313675056E-1,7.779621736625E-1,7.848929798195E-1,7.918237859764E-1,
7.992300110681E-1,8.066362361598E-1,8.140424612515E-1,8.214486863432E-1,
8.288549114349E-1,8.362611365266E-1,8.436673616183E-1,8.510735867100E-1,
8.585199073745E-1,8.659662280390E-1,8.734125487035E-1,8.808588693680E-1,
8.883051900325E-1,8.957515106970E-1,9.106441520260E-1,9.255367933550E-1,
9.404294346840E-1,9.553220760130E-1,9.702147173420E-1,9.851073586710E-1,1.E0,
1.008295665014E0),(-8.404887132478E-2,1.090192745112E0),.UNSPECIFIED.);
#3375=ORIENTED_EDGE('',*,*,#3374,.T.);
#3376=ORIENTED_EDGE('',*,*,#2783,.T.);
#3377=ORIENTED_EDGE('',*,*,#2233,.T.);
#3379=ORIENTED_EDGE('',*,*,#3378,.T.);
#3381=ORIENTED_EDGE('',*,*,#3380,.T.);
#3383=ORIENTED_EDGE('',*,*,#3382,.T.);
#3385=ORIENTED_EDGE('',*,*,#3384,.T.);
#3387=ORIENTED_EDGE('',*,*,#3386,.T.);
#3389=ORIENTED_EDGE('',*,*,#3388,.T.);
#3391=ORIENTED_EDGE('',*,*,#3390,.T.);
#3393=ORIENTED_EDGE('',*,*,#3392,.T.);
#3395=ORIENTED_EDGE('',*,*,#3394,.T.);
#3397=ORIENTED_EDGE('',*,*,#3396,.T.);
#3399=ORIENTED_EDGE('',*,*,#3398,.T.);
#3401=ORIENTED_EDGE('',*,*,#3400,.T.);
#3403=ORIENTED_EDGE('',*,*,#3402,.T.);
#3405=ORIENTED_EDGE('',*,*,#3404,.T.);
#3407=ORIENTED_EDGE('',*,*,#3406,.T.);
#3409=ORIENTED_EDGE('',*,*,#3408,.T.);
#3411=ORIENTED_EDGE('',*,*,#3410,.T.);
#3413=ORIENTED_EDGE('',*,*,#3412,.T.);
#3414=EDGE_LOOP('',(#3375,#3376,#3377,#3379,#3381,#3383,#3385,#3387,#3389,#3391,
#3393,#3395,#3397,#3399,#3401,#3403,#3405,#3407,#3409,#3411,#3413));
#3415=FACE_OUTER_BOUND('',#3414,.F.);
#3416=ADVANCED_FACE('',(#3415),#3373,.F.);
#3417=CARTESIAN_POINT('',(-5.062995148427E-1,-7.266750073885E-1,
1.041502052196E1));
#3418=CARTESIAN_POINT('',(-5.352894515707E-1,-8.503224001264E-1,
1.034169743277E1));
#3419=CARTESIAN_POINT('',(-5.642793882987E-1,-9.739697928643E-1,
1.026837434359E1));
#3420=CARTESIAN_POINT('',(-5.932693250268E-1,-1.097617185602E0,
1.019505125440E1));
#3421=CARTESIAN_POINT('',(-4.960893696409E-1,-7.306243243243E-1,
1.041859678662E1));
#3422=CARTESIAN_POINT('',(-5.233706384205E-1,-8.546715357511E-1,
1.034527369743E1));
#3423=CARTESIAN_POINT('',(-5.506519072002E-1,-9.787187471780E-1,
1.027195060824E1));
#3424=CARTESIAN_POINT('',(-5.779331759798E-1,-1.102765958605E0,
1.019862751905E1));
#3425=CARTESIAN_POINT('',(-3.404237166577E-1,-7.871198413907E-1,
1.047295430127E1));
#3426=CARTESIAN_POINT('',(-3.417097083952E-1,-9.166896093311E-1,
1.039963121208E1));
#3427=CARTESIAN_POINT('',(-3.429957001327E-1,-1.046259377272E0,
1.032630812289E1));
#3428=CARTESIAN_POINT('',(-3.442816918702E-1,-1.175829145212E0,
1.025298503370E1));
#3429=CARTESIAN_POINT('',(-2.943178192738E-2,-7.944037877387E-1,
1.057809306592E1));
#3430=CARTESIAN_POINT('',(1.986749256433E-2,-9.185400950116E-1,
1.050476997673E1));
#3431=CARTESIAN_POINT('',(6.916676705604E-2,-1.042676402285E0,
1.043144688754E1));
#3432=CARTESIAN_POINT('',(1.184660415477E-1,-1.166812709557E0,
1.035812379835E1));
#3433=CARTESIAN_POINT('',(1.932600722276E-1,-6.590829379228E-1,
1.068418896495E1));
#3434=CARTESIAN_POINT('',(2.831874894645E-1,-7.523434787420E-1,
1.061086587576E1));
#3435=CARTESIAN_POINT('',(3.731149067015E-1,-8.456040195612E-1,
1.053754278658E1));
#3436=CARTESIAN_POINT('',(4.630423239384E-1,-9.388645603805E-1,
1.046421969739E1));
#3437=CARTESIAN_POINT('',(2.717463929872E-1,-5.768280538814E-1,
1.073950361399E1));
#3438=CARTESIAN_POINT('',(3.768394266870E-1,-6.481662967950E-1,
1.066618052480E1));
#3439=CARTESIAN_POINT('',(4.819324603869E-1,-7.195045397087E-1,
1.059285743561E1));
#3440=CARTESIAN_POINT('',(5.870254940867E-1,-7.908427826224E-1,
1.051953434642E1));
#3441=CARTESIAN_POINT('',(2.779191518153E-1,-5.700253900773E-1,
1.074403701302E1));
#3442=CARTESIAN_POINT('',(3.842128617318E-1,-6.395286632285E-1,
1.067071392383E1));
#3443=CARTESIAN_POINT('',(4.905065716483E-1,-7.090319363797E-1,
1.059739083465E1));
#3444=CARTESIAN_POINT('',(5.968002815648E-1,-7.785352095309E-1,
1.052406774546E1));
#3445=B_SPLINE_SURFACE_WITH_KNOTS('',3,3,((#3417,#3418,#3419,#3420),(#3421,
#3422,#3423,#3424),(#3425,#3426,#3427,#3428),(#3429,#3430,#3431,#3432),(#3433,
#3434,#3435,#3436),(#3437,#3438,#3439,#3440),(#3441,#3442,#3443,#3444)),
.UNSPECIFIED.,.F.,.F.,.F.,(4,1,1,1,4),(4,4),(-3.521245195553E-2,0.E0,5.E-1,1.E0,
1.044636544342E0),(4.303422634883E-1,1.089964681909E0),.UNSPECIFIED.);
#3446=ORIENTED_EDGE('',*,*,#3374,.F.);
#3448=ORIENTED_EDGE('',*,*,#3447,.T.);
#3450=ORIENTED_EDGE('',*,*,#3449,.T.);
#3452=ORIENTED_EDGE('',*,*,#3451,.T.);
#3453=EDGE_LOOP('',(#3446,#3448,#3450,#3452));
#3454=FACE_OUTER_BOUND('',#3453,.F.);
#3455=ADVANCED_FACE('',(#3454),#3445,.F.);
#3456=CARTESIAN_POINT('',(0.E0,0.E0,1.100140267877E1));
#3457=DIRECTION('',(0.E0,0.E0,-1.E0));
#3458=DIRECTION('',(-1.E0,0.E0,0.E0));
#3459=AXIS2_PLACEMENT_3D('',#3456,#3457,#3458);
#3460=CONICAL_SURFACE('',#3459,5.765404322233E-1,3.E1);
#3462=ORIENTED_EDGE('',*,*,#3461,.F.);
#3464=ORIENTED_EDGE('',*,*,#3463,.T.);
#3466=ORIENTED_EDGE('',*,*,#3465,.T.);
#3467=ORIENTED_EDGE('',*,*,#2787,.F.);
#3469=ORIENTED_EDGE('',*,*,#3468,.F.);
#3470=EDGE_LOOP('',(#3462,#3464,#3466,#3467,#3469));
#3471=FACE_OUTER_BOUND('',#3470,.F.);
#3472=ADVANCED_FACE('',(#3471),#3460,.T.);
#3473=CARTESIAN_POINT('',(0.E0,0.E0,1.100140267877E1));
#3474=DIRECTION('',(0.E0,0.E0,-1.E0));
#3475=DIRECTION('',(-1.E0,0.E0,0.E0));
#3476=AXIS2_PLACEMENT_3D('',#3473,#3474,#3475);
#3477=CONICAL_SURFACE('',#3476,5.765404322233E-1,3.E1);
#3478=ORIENTED_EDGE('',*,*,#3412,.F.);
#3480=ORIENTED_EDGE('',*,*,#3479,.F.);
#3482=ORIENTED_EDGE('',*,*,#3481,.T.);
#3484=ORIENTED_EDGE('',*,*,#3483,.F.);
#3485=ORIENTED_EDGE('',*,*,#3447,.F.);
#3486=EDGE_LOOP('',(#3478,#3480,#3482,#3484,#3485));
#3487=FACE_OUTER_BOUND('',#3486,.F.);
#3488=ADVANCED_FACE('',(#3487),#3477,.T.);
#3489=CARTESIAN_POINT('',(5.392838251014E-1,-8.443335084199E-1,
1.055917851508E1));
#3490=CARTESIAN_POINT('',(4.914795244161E-1,-8.061712408910E-1,
1.052386507455E1));
#3491=CARTESIAN_POINT('',(4.436752237309E-1,-7.680089733621E-1,
1.048855163402E1));
#3492=CARTESIAN_POINT('',(3.958709230456E-1,-7.298467058332E-1,
1.045323819349E1));
#3493=CARTESIAN_POINT('',(5.485713037386E-1,-8.346751417456E-1,
1.056295170114E1));
#3494=CARTESIAN_POINT('',(5.002192328871E-1,-7.972036498406E-1,
1.052763825881E1));
#3495=CARTESIAN_POINT('',(4.518671620357E-1,-7.597321579356E-1,
1.049232481647E1));
#3496=CARTESIAN_POINT('',(4.035150911843E-1,-7.222606660306E-1,
1.045701137414E1));
#3497=CARTESIAN_POINT('',(6.487293388587E-1,-7.259284360797E-1,
1.060481083055E1));
#3498=CARTESIAN_POINT('',(5.944850746303E-1,-6.961970607674E-1,
1.056949737951E1));
#3499=CARTESIAN_POINT('',(5.402408104020E-1,-6.664656854551E-1,
1.053418392846E1));
#3500=CARTESIAN_POINT('',(4.859965461736E-1,-6.367343101428E-1,
1.049887047741E1));
#3501=CARTESIAN_POINT('',(7.790538985373E-1,-4.872027533009E-1,
1.068475574765E1));
#3502=CARTESIAN_POINT('',(7.174809608679E-1,-4.738575715903E-1,
1.064944246456E1));
#3503=CARTESIAN_POINT('',(6.559080231986E-1,-4.605123898797E-1,
1.061412918148E1));
#3504=CARTESIAN_POINT('',(5.943350855293E-1,-4.471672081691E-1,
1.057881589839E1));
#3505=CARTESIAN_POINT('',(8.014557476646E-1,-1.975137442103E-1,
1.077997110030E1));
#3506=CARTESIAN_POINT('',(7.399132152176E-1,-2.066636357237E-1,
1.074465721710E1));
#3507=CARTESIAN_POINT('',(6.783706827705E-1,-2.158135272371E-1,
1.070934333389E1));
#3508=CARTESIAN_POINT('',(6.168281503235E-1,-2.249634187506E-1,
1.067402945068E1));
#3509=CARTESIAN_POINT('',(7.532232872261E-1,6.445464638580E-3,
1.085614195750E1));
#3510=CARTESIAN_POINT('',(6.970498040158E-1,-1.892330730775E-2,
1.082082927453E1));
#3511=CARTESIAN_POINT('',(6.408763208055E-1,-4.429207925407E-2,
1.078551659156E1));
#3512=CARTESIAN_POINT('',(5.847028375952E-1,-6.966085120040E-2,
1.075020390859E1));
#3513=CARTESIAN_POINT('',(6.940365215874E-1,1.296986745991E-1,
1.090894542437E1));
#3514=CARTESIAN_POINT('',(6.442570552807E-1,9.352627174060E-2,
1.087362935803E1));
#3515=CARTESIAN_POINT('',(5.944775889740E-1,5.735386888208E-2,
1.083831329169E1));
#3516=CARTESIAN_POINT('',(5.446981226673E-1,2.118146602356E-2,
1.080299722534E1));
#3517=CARTESIAN_POINT('',(6.450149841818E-1,1.957110428715E-1,
1.094269715814E1));
#3518=CARTESIAN_POINT('',(6.003699602445E-1,1.537207628660E-1,
1.090738804371E1));
#3519=CARTESIAN_POINT('',(5.557249363072E-1,1.117304828606E-1,
1.087207892927E1));
#3520=CARTESIAN_POINT('',(5.110799123699E-1,6.974020285511E-2,
1.083676981484E1));
#3521=CARTESIAN_POINT('',(6.220167306698E-1,2.219135403619E-1,
1.095740994666E1));
#3522=CARTESIAN_POINT('',(5.798221763128E-1,1.775891316381E-1,
1.092210303946E1));
#3523=CARTESIAN_POINT('',(5.376276219557E-1,1.332647229142E-1,
1.088679613226E1));
#3524=CARTESIAN_POINT('',(4.954330675987E-1,8.894031419031E-2,
1.085148922507E1));
#3525=B_SPLINE_SURFACE_WITH_KNOTS('',3,3,((#3489,#3490,#3491,#3492),(#3493,
#3494,#3495,#3496),(#3497,#3498,#3499,#3500),(#3501,#3502,#3503,#3504),(#3505,
#3506,#3507,#3508),(#3509,#3510,#3511,#3512),(#3513,#3514,#3515,#3516),(#3517,
#3518,#3519,#3520),(#3521,#3522,#3523,#3524)),.UNSPECIFIED.,.F.,.F.,.F.,(4,1,1,
1,1,1,4),(4,4),(-2.603304436901E-2,0.E0,2.627734991038E-1,5.255469982076E-1,
6.569337477595E-1,7.883204973114E-1,8.898441309330E-1),(-9.004831264290E-2,
2.276327945824E-1),.UNSPECIFIED.);
#3527=ORIENTED_EDGE('',*,*,#3526,.F.);
#3529=ORIENTED_EDGE('',*,*,#3528,.T.);
#3530=ORIENTED_EDGE('',*,*,#3461,.T.);
#3532=ORIENTED_EDGE('',*,*,#3531,.F.);
#3533=EDGE_LOOP('',(#3527,#3529,#3530,#3532));
#3534=FACE_OUTER_BOUND('',#3533,.F.);
#3535=ADVANCED_FACE('',(#3534),#3525,.F.);
#3536=CARTESIAN_POINT('',(3.220382738121E-1,-6.764966200110E-1,
1.065549021302E1));
#3537=CARTESIAN_POINT('',(3.930123536294E-1,-7.339387874549E-1,
1.060277895808E1));
#3538=CARTESIAN_POINT('',(4.639864334468E-1,-7.913809548987E-1,
1.055006770314E1));
#3539=CARTESIAN_POINT('',(5.349605132642E-1,-8.488231223426E-1,
1.049735644820E1));
#3540=CARTESIAN_POINT('',(3.299981392945E-1,-6.689548633535E-1,
1.065984805169E1));
#3541=CARTESIAN_POINT('',(4.019254451343E-1,-7.252098617071E-1,
1.060713680042E1));
#3542=CARTESIAN_POINT('',(4.738527509741E-1,-7.814648600606E-1,
1.055442554915E1));
#3543=CARTESIAN_POINT('',(5.457800568139E-1,-8.377198584142E-1,
1.050171429787E1));
#3544=CARTESIAN_POINT('',(4.051246738369E-1,-5.940084292560E-1,
1.070229179975E1));
#3545=CARTESIAN_POINT('',(4.860133538126E-1,-6.385663818239E-1,
1.064958056370E1));
#3546=CARTESIAN_POINT('',(5.669020337882E-1,-6.831243343919E-1,
1.059686932766E1));
#3547=CARTESIAN_POINT('',(6.477907137639E-1,-7.276822869598E-1,
1.054415809161E1));
#3548=CARTESIAN_POINT('',(5.033464719759E-1,-4.274465382218E-1,
1.078282213644E1));
#3549=CARTESIAN_POINT('',(5.952544312746E-1,-4.473664651234E-1,
1.073011064786E1));
#3550=CARTESIAN_POINT('',(6.871623905734E-1,-4.672863920250E-1,
1.067739915927E1));
#3551=CARTESIAN_POINT('',(7.790703498721E-1,-4.872063189266E-1,
1.062468767069E1));
#3552=CARTESIAN_POINT('',(5.258844676947E-1,-2.384845527826E-1,
1.087803480192E1));
#3553=CARTESIAN_POINT('',(6.177470420884E-1,-2.248268016887E-1,
1.082532420911E1));
#3554=CARTESIAN_POINT('',(7.096096164820E-1,-2.111690505949E-1,
1.077261361631E1));
#3555=CARTESIAN_POINT('',(8.014721908756E-1,-1.975112995010E-1,
1.071990302350E1));
#3556=CARTESIAN_POINT('',(5.016931981459E-1,-1.071492263587E-1,
1.095421103346E1));
#3557=CARTESIAN_POINT('',(5.855415640674E-1,-6.928206997870E-2,
1.090149864910E1));
#3558=CARTESIAN_POINT('',(6.693899299889E-1,-3.141491359868E-2,
1.084878626474E1));
#3559=CARTESIAN_POINT('',(7.532382959103E-1,6.452242781341E-3,
1.079607388037E1));
#3560=CARTESIAN_POINT('',(4.706284359502E-1,-3.102521209010E-2,
1.100787821572E1));
#3561=CARTESIAN_POINT('',(5.447737577462E-1,2.323666282718E-2,
1.095517096569E1));
#3562=CARTESIAN_POINT('',(6.189190795421E-1,7.749853774446E-2,
1.090246371566E1));
#3563=CARTESIAN_POINT('',(6.930644013381E-1,1.317604126617E-1,
1.084975646564E1));
#3564=CARTESIAN_POINT('',(4.437461809783E-1,9.765486189387E-3,
1.104254168909E1));
#3565=CARTESIAN_POINT('',(5.099861727372E-1,7.289421649727E-2,
1.098982342843E1));
#3566=CARTESIAN_POINT('',(5.762261644961E-1,1.360229468051E-1,
1.093710516776E1));
#3567=CARTESIAN_POINT('',(6.424661562550E-1,1.991516771130E-1,
1.088438690709E1));
#3568=CARTESIAN_POINT('',(4.309181732688E-1,2.624552174712E-2,
1.105814349603E1));
#3569=CARTESIAN_POINT('',(4.932416874783E-1,9.302835622311E-2,
1.100542191384E1));
#3570=CARTESIAN_POINT('',(5.555652016877E-1,1.598111906991E-1,
1.095270033165E1));
#3571=CARTESIAN_POINT('',(6.178887158971E-1,2.265940251751E-1,
1.089997874946E1));
#3572=B_SPLINE_SURFACE_WITH_KNOTS('',3,3,((#3536,#3537,#3538,#3539),(#3540,
#3541,#3542,#3543),(#3544,#3545,#3546,#3547),(#3548,#3549,#3550,#3551),(#3552,
#3553,#3554,#3555),(#3556,#3557,#3558,#3559),(#3560,#3561,#3562,#3563),(#3564,
#3565,#3566,#3567),(#3568,#3569,#3570,#3571)),.UNSPECIFIED.,.F.,.F.,.F.,(4,1,1,
1,1,1,4),(4,4),(-3.006692061585E-2,0.E0,2.627734991038E-1,5.255469982076E-1,
6.569337477595E-1,7.883204973114E-1,8.959092624860E-1),(6.158812089966E-1,
1.090077296433E0),.UNSPECIFIED.);
#3573=ORIENTED_EDGE('',*,*,#3449,.F.);
#3574=ORIENTED_EDGE('',*,*,#3483,.T.);
#3576=ORIENTED_EDGE('',*,*,#3575,.T.);
#3577=ORIENTED_EDGE('',*,*,#3526,.T.);
#3578=EDGE_LOOP('',(#3573,#3574,#3576,#3577));
#3579=FACE_OUTER_BOUND('',#3578,.F.);
#3580=ADVANCED_FACE('',(#3579),#3572,.F.);
#3581=CARTESIAN_POINT('',(0.E0,0.E0,1.100140267877E1));
#3582=DIRECTION('',(0.E0,0.E0,-1.E0));
#3583=DIRECTION('',(-1.E0,0.E0,0.E0));
#3584=AXIS2_PLACEMENT_3D('',#3581,#3582,#3583);
#3585=CONICAL_SURFACE('',#3584,5.765404322233E-1,3.E1);
#3586=ORIENTED_EDGE('',*,*,#3410,.F.);
#3588=ORIENTED_EDGE('',*,*,#3587,.T.);
#3589=ORIENTED_EDGE('',*,*,#3463,.F.);
#3590=ORIENTED_EDGE('',*,*,#3528,.F.);
#3591=ORIENTED_EDGE('',*,*,#3575,.F.);
#3592=ORIENTED_EDGE('',*,*,#3481,.F.);
#3593=ORIENTED_EDGE('',*,*,#3479,.T.);
#3594=EDGE_LOOP('',(#3586,#3588,#3589,#3590,#3591,#3592,#3593));
#3595=FACE_OUTER_BOUND('',#3594,.F.);
#3596=ADVANCED_FACE('',(#3595),#3585,.T.);
#3597=CARTESIAN_POINT('',(-1.172291919319E0,-7.358037212171E-1,
9.017275979996E0));
#3598=CARTESIAN_POINT('',(-1.182344110845E0,-7.421131052617E-1,
9.403845576787E0));
#3599=CARTESIAN_POINT('',(-1.097562178702E0,-6.888986625664E-1,
9.777419070380E0));
#3600=CARTESIAN_POINT('',(-9.251477456875E-1,-5.806805819731E-1,
1.010626404657E1));
#3601=CARTESIAN_POINT('',(-1.568117503648E-1,-2.353679741638E0,
9.017275979996E0));
#3602=CARTESIAN_POINT('',(-1.581563828086E-1,-2.373862120416E0,
9.403845576787E0));
#3603=CARTESIAN_POINT('',(-1.468155188484E-1,-2.203640426610E0,
9.777419070380E0));
#3604=CARTESIAN_POINT('',(-1.237524843058E-1,-1.857473783758E0,
1.010626404657E1));
#3605=CARTESIAN_POINT('',(1.637329041043E0,-1.698102429951E0,9.017275979996E0));
#3606=CARTESIAN_POINT('',(1.651368841916E0,-1.712663351660E0,9.403845576787E0));
#3607=CARTESIAN_POINT('',(1.532954718807E0,-1.589854004760E0,9.777419070381E0));
#3608=CARTESIAN_POINT('',(1.292145110195E0,-1.340106170764E0,1.010626404657E1));
#3609=CARTESIAN_POINT('',(1.370509966188E0,1.933336308991E-1,9.017275979996E0));
#3610=CARTESIAN_POINT('',(1.382261841674E0,1.949914318736E-1,9.403845576787E0));
#3611=CARTESIAN_POINT('',(1.283144479317E0,1.810092500419E-1,9.777419070380E0));
#3612=CARTESIAN_POINT('',(1.081577194866E0,1.525747724132E-1,1.010626404657E1));
#3613=CARTESIAN_POINT('',(1.103690891333E0,2.084769691750E0,9.017275979996E0));
#3614=CARTESIAN_POINT('',(1.113154841432E0,2.102646215407E0,9.403845576787E0));
#3615=CARTESIAN_POINT('',(1.033334239828E0,1.951872504844E0,9.777419070380E0));
#3616=CARTESIAN_POINT('',(8.710092795367E-1,1.645255715590E0,1.010626404657E1));
#3617=CARTESIAN_POINT('',(-8.017884647314E-1,2.218452953991E0,
9.017275979996E0));
#3618=CARTESIAN_POINT('',(-8.086636560366E-1,2.237475787483E0,
9.403845576787E0));
#3619=CARTESIAN_POINT('',(-7.506770964694E-1,2.077033900349E0,
9.777419070380E0));
#3620=CARTESIAN_POINT('',(-6.327543322958E-1,1.750755691032E0,
1.010626404657E1));
#3621=CARTESIAN_POINT('',(-1.330089965880E0,3.828003956687E-1,
9.017275979996E0));
#3622=CARTESIAN_POINT('',(-1.341495247161E0,3.860828399389E-1,
9.403845576787E0));
#3623=CARTESIAN_POINT('',(-1.245301120619E0,3.583981339071E-1,
9.777419070380E0));
#3624=CARTESIAN_POINT('',(-1.049678593886E0,3.020978966629E-1,
1.010626404657E1));
#3625=(BOUNDED_SURFACE()B_SPLINE_SURFACE(3,3,((#3597,#3598,#3599,#3600),(#3601,
#3602,#3603,#3604),(#3605,#3606,#3607,#3608),(#3609,#3610,#3611,#3612),(#3613,
#3614,#3615,#3616),(#3617,#3618,#3619,#3620),(#3621,#3622,#3623,#3624)),
.UNSPECIFIED.,.F.,.F.,.F.)B_SPLINE_SURFACE_WITH_KNOTS((4,3,4),(4,4),(0.E0,1.E0,
2.E0),(0.E0,1.E0),.UNSPECIFIED.)GEOMETRIC_REPRESENTATION_ITEM()RATIONAL_B_SPLINE_SURFACE(((1.690653936670E0,1.642784256481E0,1.642784256481E0,1.690653936670E0),(
7.987106397468E-1,7.760957082941E-1,7.760957082941E-1,7.987106397468E-1),(
7.987106397468E-1,7.760957082941E-1,7.760957082941E-1,7.987106397468E-1),(
1.690653936670E0,1.642784256481E0,1.642784256481E0,1.690653936670E0),(
7.987106397468E-1,7.760957082941E-1,7.760957082941E-1,7.987106397468E-1),(
7.987106397468E-1,7.760957082941E-1,7.760957082941E-1,7.987106397468E-1),(
1.690653936670E0,1.642784256481E0,1.642784256481E0,1.690653936670E0)))REPRESENTATION_ITEM('')SURFACE());
#3626=ORIENTED_EDGE('',*,*,#3406,.F.);
#3628=ORIENTED_EDGE('',*,*,#3627,.F.);
#3630=ORIENTED_EDGE('',*,*,#3629,.F.);
#3631=ORIENTED_EDGE('',*,*,#2789,.F.);
#3632=ORIENTED_EDGE('',*,*,#3465,.F.);
#3633=ORIENTED_EDGE('',*,*,#3587,.F.);
#3634=ORIENTED_EDGE('',*,*,#3408,.F.);
#3635=EDGE_LOOP('',(#3626,#3628,#3630,#3631,#3632,#3633,#3634));
#3636=FACE_OUTER_BOUND('',#3635,.F.);
#3637=ADVANCED_FACE('',(#3636),#3625,.T.);
#3638=CARTESIAN_POINT('',(0.E0,0.E0,-3.55E0));
#3639=DIRECTION('',(0.E0,0.E0,1.E0));
#3640=DIRECTION('',(1.E0,0.E0,0.E0));
#3641=AXIS2_PLACEMENT_3D('',#3638,#3639,#3640);
#3642=CYLINDRICAL_SURFACE('',#3641,1.385E0);
#3644=ORIENTED_EDGE('',*,*,#3643,.T.);
#3645=ORIENTED_EDGE('',*,*,#3627,.T.);
#3646=ORIENTED_EDGE('',*,*,#3404,.F.);
#3648=ORIENTED_EDGE('',*,*,#3647,.T.);
#3649=EDGE_LOOP('',(#3644,#3645,#3646,#3648));
#3650=FACE_OUTER_BOUND('',#3649,.F.);
#3651=ADVANCED_FACE('',(#3650),#3642,.T.);
#3652=CARTESIAN_POINT('',(0.E0,0.E0,-3.55E0));
#3653=DIRECTION('',(0.E0,0.E0,1.E0));
#3654=DIRECTION('',(1.E0,0.E0,0.E0));
#3655=AXIS2_PLACEMENT_3D('',#3652,#3653,#3654);
#3656=CYLINDRICAL_SURFACE('',#3655,1.385E0);
#3657=ORIENTED_EDGE('',*,*,#2797,.F.);
#3659=ORIENTED_EDGE('',*,*,#3658,.F.);
#3660=ORIENTED_EDGE('',*,*,#3400,.F.);
#3662=ORIENTED_EDGE('',*,*,#3661,.T.);
#3663=EDGE_LOOP('',(#3657,#3659,#3660,#3662));
#3664=FACE_OUTER_BOUND('',#3663,.F.);
#3665=ADVANCED_FACE('',(#3664),#3656,.T.);
#3666=CARTESIAN_POINT('',(0.E0,0.E0,-3.55E0));
#3667=DIRECTION('',(0.E0,0.E0,1.E0));
#3668=DIRECTION('',(1.E0,0.E0,0.E0));
#3669=AXIS2_PLACEMENT_3D('',#3666,#3667,#3668);
#3670=CYLINDRICAL_SURFACE('',#3669,1.385E0);
#3671=ORIENTED_EDGE('',*,*,#2801,.F.);
#3673=ORIENTED_EDGE('',*,*,#3672,.F.);
#3674=ORIENTED_EDGE('',*,*,#3396,.F.);
#3676=ORIENTED_EDGE('',*,*,#3675,.T.);
#3677=EDGE_LOOP('',(#3671,#3673,#3674,#3676));
#3678=FACE_OUTER_BOUND('',#3677,.F.);
#3679=ADVANCED_FACE('',(#3678),#3670,.T.);
#3680=CARTESIAN_POINT('',(0.E0,0.E0,-3.55E0));
#3681=DIRECTION('',(0.E0,0.E0,1.E0));
#3682=DIRECTION('',(1.E0,0.E0,0.E0));
#3683=AXIS2_PLACEMENT_3D('',#3680,#3681,#3682);
#3684=CYLINDRICAL_SURFACE('',#3683,1.385E0);
#3685=ORIENTED_EDGE('',*,*,#2805,.F.);
#3687=ORIENTED_EDGE('',*,*,#3686,.F.);
#3688=ORIENTED_EDGE('',*,*,#3392,.F.);
#3690=ORIENTED_EDGE('',*,*,#3689,.T.);
#3691=EDGE_LOOP('',(#3685,#3687,#3688,#3690));
#3692=FACE_OUTER_BOUND('',#3691,.F.);
#3693=ADVANCED_FACE('',(#3692),#3684,.T.);
#3694=CARTESIAN_POINT('',(0.E0,0.E0,-3.55E0));
#3695=DIRECTION('',(0.E0,0.E0,1.E0));
#3696=DIRECTION('',(1.E0,0.E0,0.E0));
#3697=AXIS2_PLACEMENT_3D('',#3694,#3695,#3696);
#3698=CYLINDRICAL_SURFACE('',#3697,1.385E0);
#3699=ORIENTED_EDGE('',*,*,#2809,.F.);
#3701=ORIENTED_EDGE('',*,*,#3700,.F.);
#3702=ORIENTED_EDGE('',*,*,#3388,.F.);
#3704=ORIENTED_EDGE('',*,*,#3703,.T.);
#3705=EDGE_LOOP('',(#3699,#3701,#3702,#3704));
#3706=FACE_OUTER_BOUND('',#3705,.F.);
#3707=ADVANCED_FACE('',(#3706),#3698,.T.);
#3708=CARTESIAN_POINT('',(0.E0,0.E0,-3.55E0));
#3709=DIRECTION('',(0.E0,0.E0,1.E0));
#3710=DIRECTION('',(1.E0,0.E0,0.E0));
#3711=AXIS2_PLACEMENT_3D('',#3708,#3709,#3710);
#3712=CYLINDRICAL_SURFACE('',#3711,1.385E0);
#3713=ORIENTED_EDGE('',*,*,#2813,.F.);
#3715=ORIENTED_EDGE('',*,*,#3714,.F.);
#3716=ORIENTED_EDGE('',*,*,#3384,.F.);
#3718=ORIENTED_EDGE('',*,*,#3717,.T.);
#3719=EDGE_LOOP('',(#3713,#3715,#3716,#3718));
#3720=FACE_OUTER_BOUND('',#3719,.F.);
#3721=ADVANCED_FACE('',(#3720),#3712,.T.);
#3722=CARTESIAN_POINT('',(0.E0,0.E0,-3.55E0));
#3723=DIRECTION('',(0.E0,0.E0,1.E0));
#3724=DIRECTION('',(1.E0,0.E0,0.E0));
#3725=AXIS2_PLACEMENT_3D('',#3722,#3723,#3724);
#3726=CYLINDRICAL_SURFACE('',#3725,1.385E0);
#3727=ORIENTED_EDGE('',*,*,#2817,.F.);
#3729=ORIENTED_EDGE('',*,*,#3728,.F.);
#3730=ORIENTED_EDGE('',*,*,#3380,.F.);
#3732=ORIENTED_EDGE('',*,*,#3731,.T.);
#3733=EDGE_LOOP('',(#3727,#3729,#3730,#3732));
#3734=FACE_OUTER_BOUND('',#3733,.F.);
#3735=ADVANCED_FACE('',(#3734),#3726,.T.);
#3736=CARTESIAN_POINT('',(0.E0,0.E0,-3.55E0));
#3737=DIRECTION('',(0.E0,0.E0,1.E0));
#3738=DIRECTION('',(1.E0,0.E0,0.E0));
#3739=AXIS2_PLACEMENT_3D('',#3736,#3737,#3738);
#3740=CYLINDRICAL_SURFACE('',#3739,1.385E0);
#3741=ORIENTED_EDGE('',*,*,#2821,.F.);
#3743=ORIENTED_EDGE('',*,*,#3742,.F.);
#3745=ORIENTED_EDGE('',*,*,#3744,.T.);
#3747=ORIENTED_EDGE('',*,*,#3746,.T.);
#3748=EDGE_LOOP('',(#3741,#3743,#3745,#3747));
#3749=FACE_OUTER_BOUND('',#3748,.F.);
#3750=ADVANCED_FACE('',(#3749),#3740,.T.);
#3751=CARTESIAN_POINT('',(1.140496312933E0,7.841834099513E-1,9.017275979996E0));
#3752=CARTESIAN_POINT('',(1.150101002818E0,7.907874106657E-1,9.396933645005E0));
#3753=CARTESIAN_POINT('',(1.070631840339E0,7.361459373771E-1,9.764322767197E0));
#3754=CARTESIAN_POINT('',(9.086080841335E-1,6.247415073991E-1,
1.008930455269E1));
#3755=CARTESIAN_POINT('',(6.579109424254E-1,1.486043241154E0,9.017275979996E0));
#3756=CARTESIAN_POINT('',(6.634515395341E-1,1.498557954551E0,9.396933645005E0));
#3757=CARTESIAN_POINT('',(6.176086630709E-1,1.395011270144E0,9.764322767197E0));
#3758=CARTESIAN_POINT('',(5.241430368066E-1,1.183897647868E0,1.008930455269E1));
#3759=CARTESIAN_POINT('',(-1.840752741132E-1,1.614709762218E0,
9.017275979996E0));
#3760=CARTESIAN_POINT('',(-1.856254640641E-1,1.628308040743E0,
9.396933645005E0));
#3761=CARTESIAN_POINT('',(-1.727991991292E-1,1.515795943163E0,
9.764322767197E0));
#3762=CARTESIAN_POINT('',(-1.466486829038E-1,1.286403407747E0,
1.008930455269E1));
#3763=CARTESIAN_POINT('',(-8.542483591318E-1,1.089006520264E0,
9.017275979996E0));
#3764=CARTESIAN_POINT('',(-8.614424118271E-1,1.098177588852E0,
9.396933645005E0));
#3765=CARTESIAN_POINT('',(-8.019188510058E-1,1.022296207107E0,
9.764322767197E0));
#3766=CARTESIAN_POINT('',(-6.805606963941E-1,8.675873098101E-1,
1.008930455269E1));
#3767=CARTESIAN_POINT('',(-1.524421444150E0,5.633032783109E-1,
9.017275979996E0));
#3768=CARTESIAN_POINT('',(-1.537259359590E0,5.680471369608E-1,
9.396933645005E0));
#3769=CARTESIAN_POINT('',(-1.431038502882E0,5.287964710521E-1,
9.764322767197E0));
#3770=CARTESIAN_POINT('',(-1.214472709884E0,4.487712118733E-1,
1.008930455269E1));
#3771=CARTESIAN_POINT('',(-1.599965319253E0,-2.851005084664E-1,
9.017275979996E0));
#3772=CARTESIAN_POINT('',(-1.613439427450E0,-2.875014824448E-1,
9.396933645005E0));
#3773=CARTESIAN_POINT('',(-1.501954714632E0,-2.676358341536E-1,
9.764322767197E0));
#3774=CARTESIAN_POINT('',(-1.274656837485E0,-2.271332435235E-1,
1.008930455269E1));
#3775=CARTESIAN_POINT('',(-1.033218916380E0,-9.209419803077E-1,
9.017275979996E0));
#3776=CARTESIAN_POINT('',(-1.041920169652E0,-9.286976933447E-1,
9.396933645005E0));
#3777=CARTESIAN_POINT('',(-9.699260377891E-1,-8.645269572914E-1,
9.764322767197E0));
#3778=CARTESIAN_POINT('',(-8.231425647379E-1,-7.336940232391E-1,
1.008930455269E1));
#3779=(BOUNDED_SURFACE()B_SPLINE_SURFACE(3,3,((#3751,#3752,#3753,#3754),(#3755,
#3756,#3757,#3758),(#3759,#3760,#3761,#3762),(#3763,#3764,#3765,#3766),(#3767,
#3768,#3769,#3770),(#3771,#3772,#3773,#3774),(#3775,#3776,#3777,#3778)),
.UNSPECIFIED.,.F.,.F.,.F.)B_SPLINE_SURFACE_WITH_KNOTS((4,3,4),(4,4),(0.E0,1.E0,
2.E0),(0.E0,1.E0),.UNSPECIFIED.)GEOMETRIC_REPRESENTATION_ITEM()RATIONAL_B_SPLINE_SURFACE(((1.212121859147E0,1.178976356943E0,1.178976356943E0,1.212121859147E0),(
9.572102935235E-1,9.310353543837E-1,9.310353543837E-1,9.572102935235E-1),(
9.572102935235E-1,9.310353543837E-1,9.310353543837E-1,9.572102935235E-1),(
1.212121859147E0,1.178976356943E0,1.178976356943E0,1.212121859147E0),(
9.572102935235E-1,9.310353543837E-1,9.310353543837E-1,9.572102935235E-1),(
9.572102935235E-1,9.310353543837E-1,9.310353543837E-1,9.572102935235E-1),(
1.212121859147E0,1.178976356943E0,1.178976356943E0,1.212121859147E0)))REPRESENTATION_ITEM('')SURFACE());
#3780=ORIENTED_EDGE('',*,*,#2791,.F.);
#3781=ORIENTED_EDGE('',*,*,#3629,.T.);
#3782=ORIENTED_EDGE('',*,*,#3643,.F.);
#3784=ORIENTED_EDGE('',*,*,#3783,.F.);
#3785=ORIENTED_EDGE('',*,*,#2793,.F.);
#3786=EDGE_LOOP('',(#3780,#3781,#3782,#3784,#3785));
#3787=FACE_OUTER_BOUND('',#3786,.F.);
#3788=ADVANCED_FACE('',(#3787),#3779,.T.);
#3789=CARTESIAN_POINT('',(0.E0,0.E0,-3.55E0));
#3790=DIRECTION('',(0.E0,0.E0,1.E0));
#3791=DIRECTION('',(1.E0,0.E0,0.E0));
#3792=AXIS2_PLACEMENT_3D('',#3789,#3790,#3791);
#3793=CYLINDRICAL_SURFACE('',#3792,1.385E0);
#3794=ORIENTED_EDGE('',*,*,#3783,.T.);
#3795=ORIENTED_EDGE('',*,*,#3647,.F.);
#3796=ORIENTED_EDGE('',*,*,#3402,.F.);
#3797=ORIENTED_EDGE('',*,*,#3658,.T.);
#3798=ORIENTED_EDGE('',*,*,#2795,.F.);
#3799=EDGE_LOOP('',(#3794,#3795,#3796,#3797,#3798));
#3800=FACE_OUTER_BOUND('',#3799,.F.);
#3801=ADVANCED_FACE('',(#3800),#3793,.T.);
#3802=CARTESIAN_POINT('',(0.E0,0.E0,-3.55E0));
#3803=DIRECTION('',(0.E0,0.E0,1.E0));
#3804=DIRECTION('',(1.E0,0.E0,0.E0));
#3805=AXIS2_PLACEMENT_3D('',#3802,#3803,#3804);
#3806=CYLINDRICAL_SURFACE('',#3805,1.385E0);
#3807=ORIENTED_EDGE('',*,*,#2799,.F.);
#3808=ORIENTED_EDGE('',*,*,#3661,.F.);
#3809=ORIENTED_EDGE('',*,*,#3398,.F.);
#3810=ORIENTED_EDGE('',*,*,#3672,.T.);
#3811=EDGE_LOOP('',(#3807,#3808,#3809,#3810));
#3812=FACE_OUTER_BOUND('',#3811,.F.);
#3813=ADVANCED_FACE('',(#3812),#3806,.T.);
#3814=CARTESIAN_POINT('',(0.E0,0.E0,-3.55E0));
#3815=DIRECTION('',(0.E0,0.E0,1.E0));
#3816=DIRECTION('',(1.E0,0.E0,0.E0));
#3817=AXIS2_PLACEMENT_3D('',#3814,#3815,#3816);
#3818=CYLINDRICAL_SURFACE('',#3817,1.385E0);
#3819=ORIENTED_EDGE('',*,*,#2803,.F.);
#3820=ORIENTED_EDGE('',*,*,#3675,.F.);
#3821=ORIENTED_EDGE('',*,*,#3394,.F.);
#3822=ORIENTED_EDGE('',*,*,#3686,.T.);
#3823=EDGE_LOOP('',(#3819,#3820,#3821,#3822));
#3824=FACE_OUTER_BOUND('',#3823,.F.);
#3825=ADVANCED_FACE('',(#3824),#3818,.T.);
#3826=CARTESIAN_POINT('',(0.E0,0.E0,-3.55E0));
#3827=DIRECTION('',(0.E0,0.E0,1.E0));
#3828=DIRECTION('',(1.E0,0.E0,0.E0));
#3829=AXIS2_PLACEMENT_3D('',#3826,#3827,#3828);
#3830=CYLINDRICAL_SURFACE('',#3829,1.385E0);
#3831=ORIENTED_EDGE('',*,*,#2807,.F.);
#3832=ORIENTED_EDGE('',*,*,#3689,.F.);
#3833=ORIENTED_EDGE('',*,*,#3390,.F.);
#3834=ORIENTED_EDGE('',*,*,#3700,.T.);
#3835=EDGE_LOOP('',(#3831,#3832,#3833,#3834));
#3836=FACE_OUTER_BOUND('',#3835,.F.);
#3837=ADVANCED_FACE('',(#3836),#3830,.T.);
#3838=CARTESIAN_POINT('',(0.E0,0.E0,-3.55E0));
#3839=DIRECTION('',(0.E0,0.E0,1.E0));
#3840=DIRECTION('',(1.E0,0.E0,0.E0));
#3841=AXIS2_PLACEMENT_3D('',#3838,#3839,#3840);
#3842=CYLINDRICAL_SURFACE('',#3841,1.385E0);
#3843=ORIENTED_EDGE('',*,*,#2811,.F.);
#3844=ORIENTED_EDGE('',*,*,#3703,.F.);
#3845=ORIENTED_EDGE('',*,*,#3386,.F.);
#3846=ORIENTED_EDGE('',*,*,#3714,.T.);
#3847=EDGE_LOOP('',(#3843,#3844,#3845,#3846));
#3848=FACE_OUTER_BOUND('',#3847,.F.);
#3849=ADVANCED_FACE('',(#3848),#3842,.T.);
#3850=CARTESIAN_POINT('',(0.E0,0.E0,-3.55E0));
#3851=DIRECTION('',(0.E0,0.E0,1.E0));
#3852=DIRECTION('',(1.E0,0.E0,0.E0));
#3853=AXIS2_PLACEMENT_3D('',#3850,#3851,#3852);
#3854=CYLINDRICAL_SURFACE('',#3853,1.385E0);
#3855=ORIENTED_EDGE('',*,*,#2815,.F.);
#3856=ORIENTED_EDGE('',*,*,#3717,.F.);
#3857=ORIENTED_EDGE('',*,*,#3382,.F.);
#3858=ORIENTED_EDGE('',*,*,#3728,.T.);
#3859=EDGE_LOOP('',(#3855,#3856,#3857,#3858));
#3860=FACE_OUTER_BOUND('',#3859,.F.);
#3861=ADVANCED_FACE('',(#3860),#3854,.T.);
#3862=CARTESIAN_POINT('',(0.E0,0.E0,-3.55E0));
#3863=DIRECTION('',(0.E0,0.E0,1.E0));
#3864=DIRECTION('',(1.E0,0.E0,0.E0));
#3865=AXIS2_PLACEMENT_3D('',#3862,#3863,#3864);
#3866=CYLINDRICAL_SURFACE('',#3865,1.385E0);
#3867=ORIENTED_EDGE('',*,*,#2819,.F.);
#3868=ORIENTED_EDGE('',*,*,#3731,.F.);
#3869=ORIENTED_EDGE('',*,*,#3378,.F.);
#3870=ORIENTED_EDGE('',*,*,#2231,.T.);
#3871=ORIENTED_EDGE('',*,*,#3742,.T.);
#3872=EDGE_LOOP('',(#3867,#3868,#3869,#3870,#3871));
#3873=FACE_OUTER_BOUND('',#3872,.F.);
#3874=ADVANCED_FACE('',(#3873),#3866,.T.);
#3875=CARTESIAN_POINT('',(0.E0,0.E0,-3.55E0));
#3876=DIRECTION('',(0.E0,0.E0,1.E0));
#3877=DIRECTION('',(1.E0,0.E0,0.E0));
#3878=AXIS2_PLACEMENT_3D('',#3875,#3876,#3877);
#3879=CYLINDRICAL_SURFACE('',#3878,1.385E0);
#3880=ORIENTED_EDGE('',*,*,#2823,.F.);
#3881=ORIENTED_EDGE('',*,*,#3746,.F.);
#3882=ORIENTED_EDGE('',*,*,#2224,.T.);
#3883=EDGE_LOOP('',(#3880,#3881,#3882));
#3884=FACE_OUTER_BOUND('',#3883,.F.);
#3885=ADVANCED_FACE('',(#3884),#3879,.T.);
#3886=CARTESIAN_POINT('',(0.E0,0.E0,2.E-1));
#3887=DIRECTION('',(0.E0,0.E0,1.E0));
#3888=DIRECTION('',(1.E0,0.E0,0.E0));
#3889=AXIS2_PLACEMENT_3D('',#3886,#3887,#3888);
#3890=TOROIDAL_SURFACE('',#3889,1.585E0,2.E-1);
#3891=ORIENTED_EDGE('',*,*,#3744,.F.);
#3892=ORIENTED_EDGE('',*,*,#2229,.T.);
#3893=ORIENTED_EDGE('',*,*,#2197,.F.);
#3894=ORIENTED_EDGE('',*,*,#2226,.F.);
#3895=EDGE_LOOP('',(#3891,#3892,#3893,#3894));
#3896=FACE_OUTER_BOUND('',#3895,.F.);
#3897=ADVANCED_FACE('',(#3896),#3890,.F.);
#3898=CARTESIAN_POINT('',(-5.855326385792E-1,-1.100184652026E0,
1.025685709126E1));
#3899=CARTESIAN_POINT('',(-5.680842860800E-1,-1.023361029146E0,
1.021137359647E1));
#3900=CARTESIAN_POINT('',(-5.506359335808E-1,-9.465374062654E-1,
1.016589010168E1));
#3901=CARTESIAN_POINT('',(-5.331875810816E-1,-8.697137833851E-1,
1.012040660689E1));
#3902=CARTESIAN_POINT('',(-5.727645554605E-1,-1.104372478971E0,
1.025983221221E1));
#3903=CARTESIAN_POINT('',(-5.561982178983E-1,-1.027348854355E0,
1.021434871742E1));
#3904=CARTESIAN_POINT('',(-5.396318803360E-1,-9.503252297380E-1,
1.016886522263E1));
#3905=CARTESIAN_POINT('',(-5.230655427738E-1,-8.733016051213E-1,
1.012338172784E1));
#3906=CARTESIAN_POINT('',(-3.416358753466E-1,-1.175777597E0,1.031358858316E1));
#3907=CARTESIAN_POINT('',(-3.410175663670E-1,-1.095422651260E0,
1.026810508837E1));
#3908=CARTESIAN_POINT('',(-3.403992573874E-1,-1.015067705519E0,
1.022262159358E1));
#3909=CARTESIAN_POINT('',(-3.397809484078E-1,-9.347127597784E-1,
1.017713809879E1));
#3910=CARTESIAN_POINT('',(1.184660432063E-1,-1.166812713734E0,
1.041812620411E1));
#3911=CARTESIAN_POINT('',(8.788490813261E-2,-1.089808960242E0,
1.037264270932E1));
#3912=CARTESIAN_POINT('',(5.730377305886E-2,-1.012805206751E0,
1.032715921453E1));
#3913=CARTESIAN_POINT('',(2.672263798512E-2,-9.358014532593E-1,
1.028167571974E1));
#3914=CARTESIAN_POINT('',(4.605713990962E-1,-9.404991607418E-1,
1.052346129828E1));
#3915=CARTESIAN_POINT('',(4.049686953614E-1,-8.825108004748E-1,
1.047797780349E1));
#3916=CARTESIAN_POINT('',(3.493659916266E-1,-8.245224402079E-1,
1.043249430870E1));
#3917=CARTESIAN_POINT('',(2.937632878917E-1,-7.665340799409E-1,
1.038701081391E1));
#3918=CARTESIAN_POINT('',(5.836044055490E-1,-7.949090868340E-1,
1.057801514245E1));
#3919=CARTESIAN_POINT('',(5.186729911200E-1,-7.502834296469E-1,
1.053253164766E1));
#3920=CARTESIAN_POINT('',(4.537415766909E-1,-7.056577724598E-1,
1.048704815287E1));
#3921=CARTESIAN_POINT('',(3.888101622618E-1,-6.610321152726E-1,
1.044156465808E1));
#3922=CARTESIAN_POINT('',(5.918464141370E-1,-7.847166804105E-1,
1.058178773662E1));
#3923=CARTESIAN_POINT('',(5.262879016365E-1,-7.410316121278E-1,
1.053630424183E1));
#3924=CARTESIAN_POINT('',(4.607293891361E-1,-6.973465438451E-1,
1.049082074704E1));
#3925=CARTESIAN_POINT('',(3.951708766356E-1,-6.536614755624E-1,
1.044533725225E1));
#3926=B_SPLINE_SURFACE_WITH_KNOTS('',3,3,((#3898,#3899,#3900,#3901),(#3902,
#3903,#3904,#3905),(#3906,#3907,#3908,#3909),(#3910,#3911,#3912,#3913),(#3914,
#3915,#3916,#3917),(#3918,#3919,#3920,#3921),(#3922,#3923,#3924,#3925)),
.UNSPECIFIED.,.F.,.F.,.F.,(4,1,1,1,4),(4,4),(-2.929349860858E-2,0.E0,5.E-1,1.E0,
1.037145542579E0),(-8.996399953651E-2,3.192072879150E-1),.UNSPECIFIED.);
#3927=ORIENTED_EDGE('',*,*,#3451,.F.);
#3928=ORIENTED_EDGE('',*,*,#3531,.T.);
#3929=ORIENTED_EDGE('',*,*,#3468,.T.);
#3930=ORIENTED_EDGE('',*,*,#2785,.F.);
#3931=EDGE_LOOP('',(#3927,#3928,#3929,#3930));
#3932=FACE_OUTER_BOUND('',#3931,.F.);
#3933=ADVANCED_FACE('',(#3932),#3926,.F.);
#3934=CARTESIAN_POINT('',(0.E0,0.E0,-5.E-2));
#3935=DIRECTION('',(0.E0,0.E0,1.E0));
#3936=DIRECTION('',(1.E0,0.E0,0.E0));
#3937=AXIS2_PLACEMENT_3D('',#3934,#3935,#3936);
#3938=TOROIDAL_SURFACE('',#3937,3.700190265095E0,5.E-2);
#3939=ORIENTED_EDGE('',*,*,#2177,.T.);
#3940=ORIENTED_EDGE('',*,*,#2167,.F.);
#3941=ORIENTED_EDGE('',*,*,#2137,.F.);
#3942=ORIENTED_EDGE('',*,*,#2164,.T.);
#3943=EDGE_LOOP('',(#3939,#3940,#3941,#3942));
#3944=FACE_OUTER_BOUND('',#3943,.F.);
#3945=ADVANCED_FACE('',(#3944),#3938,.T.);
#3946=CLOSED_SHELL('',(#1697,#1712,#1726,#1759,#1775,#1789,#1803,#1817,#1831,
#1845,#1859,#1873,#1887,#1901,#1918,#1932,#1946,#1960,#1974,#1988,#2002,#2016,
#2030,#2043,#2072,#2087,#2102,#2116,#2128,#2143,#2156,#2171,#2188,#2203,#2216,
#2237,#2828,#3416,#3455,#3472,#3488,#3535,#3580,#3596,#3637,#3651,#3665,#3679,
#3693,#3707,#3721,#3735,#3750,#3788,#3801,#3813,#3825,#3837,#3849,#3861,#3874,
#3885,#3897,#3933,#3945));
#3947=MANIFOLD_SOLID_BREP('',#3946);
#3949=DIMENSIONAL_EXPONENTS(0.E0,0.E0,0.E0,0.E0,0.E0,0.E0,0.E0);
#3951=PLANE_ANGLE_MEASURE_WITH_UNIT(PLANE_ANGLE_MEASURE(1.745329251994E-2),
#3950);
#3952=(CONVERSION_BASED_UNIT('DEGREE',#3951)NAMED_UNIT(*)PLANE_ANGLE_UNIT());
#3954=UNCERTAINTY_MEASURE_WITH_UNIT(LENGTH_MEASURE(5.E-3),#3948,'closure',
'Maximum model space distance between geometric entities at asserted connectivities');
#3955=(GEOMETRIC_REPRESENTATION_CONTEXT(3)GLOBAL_UNCERTAINTY_ASSIGNED_CONTEXT((
#3954))GLOBAL_UNIT_ASSIGNED_CONTEXT((#3948,#3952,#3953))REPRESENTATION_CONTEXT(
'ID1','3'));
#3957=APPLICATION_CONTEXT(
'CONFIGURATION CONTROLLED 3D DESIGNS OF MECHANICAL PARTS AND ASSEMBLIES');
#3958=APPLICATION_PROTOCOL_DEFINITION('international standard',
'config_control_design',1994,#3957);
#3959=DESIGN_CONTEXT('',#3957,'design');
#3960=MECHANICAL_CONTEXT('',#3957,'mechanical');
#3961=PRODUCT('_GB_T845-2017_16450005','_GB_T845-2017_16450005','NOT SPECIFIED',
(#3960));
#3962=PRODUCT_DEFINITION_FORMATION_WITH_SPECIFIED_SOURCE('1','LAST_VERSION',
#3961,.MADE.);
#3966=PRODUCT_CATEGORY('part','');
#3967=PRODUCT_RELATED_PRODUCT_CATEGORY('detail','',(#3961));
#3968=PRODUCT_CATEGORY_RELATIONSHIP('','',#3966,#3967);
#3969=SECURITY_CLASSIFICATION_LEVEL('unclassified');
#3970=SECURITY_CLASSIFICATION('','',#3969);
#3971=CC_DESIGN_SECURITY_CLASSIFICATION(#3970,(#3962));
#3972=APPROVAL_STATUS('approved');
#3973=APPROVAL(#3972,'');
#3974=CC_DESIGN_APPROVAL(#3973,(#3970,#3962,#3963));
#3975=CALENDAR_DATE(126,1,7);
#3976=COORDINATED_UNIVERSAL_TIME_OFFSET(8,0,.AHEAD.);
#3977=LOCAL_TIME(16,5,2.5E1,#3976);
#3978=DATE_AND_TIME(#3975,#3977);
#3979=APPROVAL_DATE_TIME(#3978,#3973);
#3980=DATE_TIME_ROLE('creation_date');
#3981=CC_DESIGN_DATE_AND_TIME_ASSIGNMENT(#3978,#3980,(#3963));
#3982=DATE_TIME_ROLE('classification_date');
#3983=CC_DESIGN_DATE_AND_TIME_ASSIGNMENT(#3978,#3982,(#3970));
#3984=PERSON('UNSPECIFIED','UNSPECIFIED',$,$,$,$);
#3985=ORGANIZATION('UNSPECIFIED','UNSPECIFIED','UNSPECIFIED');
#3986=PERSON_AND_ORGANIZATION(#3984,#3985);
#3987=APPROVAL_ROLE('approver');
#3988=APPROVAL_PERSON_ORGANIZATION(#3986,#3973,#3987);
#3989=PERSON_AND_ORGANIZATION_ROLE('creator');
#3990=CC_DESIGN_PERSON_AND_ORGANIZATION_ASSIGNMENT(#3986,#3989,(#3962,#3963));
#3991=PERSON_AND_ORGANIZATION_ROLE('design_supplier');
#3992=CC_DESIGN_PERSON_AND_ORGANIZATION_ASSIGNMENT(#3986,#3991,(#3962));
#3993=PERSON_AND_ORGANIZATION_ROLE('classification_officer');
#3994=CC_DESIGN_PERSON_AND_ORGANIZATION_ASSIGNMENT(#3986,#3993,(#3970));
#3995=PERSON_AND_ORGANIZATION_ROLE('design_owner');
#3996=CC_DESIGN_PERSON_AND_ORGANIZATION_ASSIGNMENT(#3986,#3995,(#3961));
#6=CIRCLE('',#5,2.744474284652E0);
#11=CIRCLE('',#10,1.4E0);
#16=CIRCLE('',#15,1.4E0);
#21=CIRCLE('',#20,2.744474284652E0);
#26=CIRCLE('',#25,7.965247617380E0);
#31=CIRCLE('',#30,7.965247617380E0);
#38=B_SPLINE_CURVE_WITH_KNOTS('',3,(#32,#33,#34,#35,#36,#37),.UNSPECIFIED.,.F.,
.F.,(4,1,1,4),(0.E0,3.333333333333E-1,6.666666666667E-1,1.E0),.UNSPECIFIED.);
#45=B_SPLINE_CURVE_WITH_KNOTS('',3,(#39,#40,#41,#42,#43,#44),.UNSPECIFIED.,.F.,
.F.,(4,1,1,4),(0.E0,3.333333333333E-1,6.666666666667E-1,1.E0),.UNSPECIFIED.);
#52=B_SPLINE_CURVE_WITH_KNOTS('',3,(#46,#47,#48,#49,#50,#51),.UNSPECIFIED.,.F.,
.F.,(4,1,1,4),(0.E0,3.333333333333E-1,6.666666666667E-1,1.E0),.UNSPECIFIED.);
#61=CIRCLE('',#60,7.945310864582E0);
#70=CIRCLE('',#69,7.961405124901E0);
#79=CIRCLE('',#78,7.961405124901E0);
#86=B_SPLINE_CURVE_WITH_KNOTS('',3,(#80,#81,#82,#83,#84,#85),.UNSPECIFIED.,.F.,
.F.,(4,1,1,4),(0.E0,3.333333333333E-1,6.666666666667E-1,1.E0),.UNSPECIFIED.);
#91=CIRCLE('',#90,7.945310864582E0);
#98=B_SPLINE_CURVE_WITH_KNOTS('',3,(#92,#93,#94,#95,#96,#97),.UNSPECIFIED.,.F.,
.F.,(4,1,1,4),(0.E0,3.333333333333E-1,6.666666666667E-1,1.E0),.UNSPECIFIED.);
#105=B_SPLINE_CURVE_WITH_KNOTS('',3,(#99,#100,#101,#102,#103,#104),
.UNSPECIFIED.,.F.,.F.,(4,1,1,4),(0.E0,3.333333333333E-1,6.666666666667E-1,1.E0),
.UNSPECIFIED.);
#114=CIRCLE('',#113,7.945310864582E0);
#123=CIRCLE('',#122,7.961405124901E0);
#132=CIRCLE('',#131,7.961405124901E0);
#139=B_SPLINE_CURVE_WITH_KNOTS('',3,(#133,#134,#135,#136,#137,#138),
.UNSPECIFIED.,.F.,.F.,(4,1,1,4),(0.E0,3.333333333333E-1,6.666666666667E-1,1.E0),
.UNSPECIFIED.);
#144=CIRCLE('',#143,7.945310864582E0);
#151=B_SPLINE_CURVE_WITH_KNOTS('',3,(#145,#146,#147,#148,#149,#150),
.UNSPECIFIED.,.F.,.F.,(4,1,1,4),(0.E0,3.333333333333E-1,6.666666666667E-1,1.E0),
.UNSPECIFIED.);
#158=B_SPLINE_CURVE_WITH_KNOTS('',3,(#152,#153,#154,#155,#156,#157),
.UNSPECIFIED.,.F.,.F.,(4,1,1,4),(0.E0,3.333333333333E-1,6.666666666667E-1,1.E0),
.UNSPECIFIED.);
#165=B_SPLINE_CURVE_WITH_KNOTS('',3,(#159,#160,#161,#162,#163,#164),
.UNSPECIFIED.,.F.,.F.,(4,1,1,4),(0.E0,3.333333333333E-1,6.666666666667E-1,1.E0),
.UNSPECIFIED.);
#174=CIRCLE('',#173,7.945310864582E0);
#183=CIRCLE('',#182,7.961405124901E0);
#192=CIRCLE('',#191,7.961405124901E0);
#199=B_SPLINE_CURVE_WITH_KNOTS('',3,(#193,#194,#195,#196,#197,#198),
.UNSPECIFIED.,.F.,.F.,(4,1,1,4),(0.E0,3.333333333333E-1,6.666666666667E-1,1.E0),
.UNSPECIFIED.);
#204=CIRCLE('',#203,7.945310864582E0);
#211=B_SPLINE_CURVE_WITH_KNOTS('',3,(#205,#206,#207,#208,#209,#210),
.UNSPECIFIED.,.F.,.F.,(4,1,1,4),(0.E0,3.333333333333E-1,6.666666666667E-1,1.E0),
.UNSPECIFIED.);
#218=B_SPLINE_CURVE_WITH_KNOTS('',3,(#212,#213,#214,#215,#216,#217),
.UNSPECIFIED.,.F.,.F.,(4,1,1,4),(0.E0,3.333333333333E-1,6.666666666667E-1,1.E0),
.UNSPECIFIED.);
#227=CIRCLE('',#226,7.945310864582E0);
#236=CIRCLE('',#235,7.961405124901E0);
#245=CIRCLE('',#244,7.961405124901E0);
#252=B_SPLINE_CURVE_WITH_KNOTS('',3,(#246,#247,#248,#249,#250,#251),
.UNSPECIFIED.,.F.,.F.,(4,1,1,4),(0.E0,3.333333333333E-1,6.666666666667E-1,1.E0),
.UNSPECIFIED.);
#257=CIRCLE('',#256,7.945310864582E0);
#262=CIRCLE('',#261,1.120558064367E0);
#283=CIRCLE('',#282,1.120558064367E0);
#304=CIRCLE('',#303,1.120558064367E0);
#309=CIRCLE('',#308,1.120558064367E0);
#330=CIRCLE('',#329,1.120558064367E0);
#351=CIRCLE('',#350,3.656768387E0);
#356=CIRCLE('',#355,1.4E0);
#361=CIRCLE('',#360,3.373940028134E0);
#366=CIRCLE('',#365,1.4E0);
#379=CIRCLE('',#378,3.656768387E0);
#384=CIRCLE('',#383,3.373940028134E0);
#389=CIRCLE('',#388,3.75E0);
#394=CIRCLE('',#393,3.75E0);
#399=CIRCLE('',#398,5.E-2);
#404=CIRCLE('',#403,5.E-2);
#409=CIRCLE('',#408,5.E-2);
#414=CIRCLE('',#413,3.737054131936E0);
#419=CIRCLE('',#418,5.E-2);
#424=CIRCLE('',#423,1.585E0);
#429=CIRCLE('',#428,1.585E0);
#434=CIRCLE('',#433,3.700190265095E0);
#439=CIRCLE('',#438,3.700190265095E0);
#444=CIRCLE('',#443,2.E-1);
#449=CIRCLE('',#448,1.443578643763E0);
#454=CIRCLE('',#453,2.E-1);
#459=CIRCLE('',#458,1.443578643763E0);
#467=B_SPLINE_CURVE_WITH_KNOTS('',3,(#460,#461,#462,#463,#464,#465,#466),
.UNSPECIFIED.,.F.,.F.,(4,1,1,1,4),(0.E0,2.5E-1,5.E-1,7.5E-1,1.E0),
.UNSPECIFIED.);
#472=CIRCLE('',#471,1.385E0);
#477=CIRCLE('',#476,1.385E0);
#484=B_SPLINE_CURVE_WITH_KNOTS('',3,(#478,#479,#480,#481,#482,#483),
.UNSPECIFIED.,.F.,.F.,(4,1,1,4),(0.E0,3.333333333333E-1,6.666666666667E-1,1.E0),
.UNSPECIFIED.);
#803=B_SPLINE_CURVE_WITH_KNOTS('',3,(#485,#486,#487,#488,#489,#490,#491,#492,
#493,#494,#495,#496,#497,#498,#499,#500,#501,#502,#503,#504,#505,#506,#507,#508,
#509,#510,#511,#512,#513,#514,#515,#516,#517,#518,#519,#520,#521,#522,#523,#524,
#525,#526,#527,#528,#529,#530,#531,#532,#533,#534,#535,#536,#537,#538,#539,#540,
#541,#542,#543,#544,#545,#546,#547,#548,#549,#550,#551,#552,#553,#554,#555,#556,
#557,#558,#559,#560,#561,#562,#563,#564,#565,#566,#567,#568,#569,#570,#571,#572,
#573,#574,#575,#576,#577,#578,#579,#580,#581,#582,#583,#584,#585,#586,#587,#588,
#589,#590,#591,#592,#593,#594,#595,#596,#597,#598,#599,#600,#601,#602,#603,#604,
#605,#606,#607,#608,#609,#610,#611,#612,#613,#614,#615,#616,#617,#618,#619,#620,
#621,#622,#623,#624,#625,#626,#627,#628,#629,#630,#631,#632,#633,#634,#635,#636,
#637,#638,#639,#640,#641,#642,#643,#644,#645,#646,#647,#648,#649,#650,#651,#652,
#653,#654,#655,#656,#657,#658,#659,#660,#661,#662,#663,#664,#665,#666,#667,#668,
#669,#670,#671,#672,#673,#674,#675,#676,#677,#678,#679,#680,#681,#682,#683,#684,
#685,#686,#687,#688,#689,#690,#691,#692,#693,#694,#695,#696,#697,#698,#699,#700,
#701,#702,#703,#704,#705,#706,#707,#708,#709,#710,#711,#712,#713,#714,#715,#716,
#717,#718,#719,#720,#721,#722,#723,#724,#725,#726,#727,#728,#729,#730,#731,#732,
#733,#734,#735,#736,#737,#738,#739,#740,#741,#742,#743,#744,#745,#746,#747,#748,
#749,#750,#751,#752,#753,#754,#755,#756,#757,#758,#759,#760,#761,#762,#763,#764,
#765,#766,#767,#768,#769,#770,#771,#772,#773,#774,#775,#776,#777,#778,#779,#780,
#781,#782,#783,#784,#785,#786,#787,#788,#789,#790,#791,#792,#793,#794,#795,#796,
#797,#798,#799,#800,#801,#802),.UNSPECIFIED.,.F.,.F.,(4,1,1,1,1,1,1,1,1,1,1,1,1,
1,1,1,1,1,1,1,1,1,1,1,1,1,1,1,1,1,1,1,1,1,1,1,1,1,1,1,1,1,1,1,1,1,1,1,1,1,1,1,1,
1,1,1,1,1,1,1,1,1,1,1,1,1,1,1,1,1,1,1,1,1,1,1,1,1,1,1,1,1,1,1,1,1,1,1,1,1,1,1,1,
1,1,1,1,1,1,1,1,1,1,1,1,1,1,1,1,1,1,1,1,1,1,1,1,1,1,1,1,1,1,1,1,1,1,1,1,1,1,1,1,
1,1,1,1,1,1,1,1,1,1,1,1,1,1,1,1,1,1,1,1,1,1,1,1,1,1,1,1,1,1,1,1,1,1,1,1,1,1,1,1,
1,1,1,1,1,1,1,1,1,1,1,1,1,1,1,1,1,1,1,1,1,1,1,1,1,1,1,1,1,1,1,1,1,1,1,1,1,1,1,1,
1,1,1,1,1,1,1,1,1,1,1,1,1,1,1,1,1,1,1,1,1,1,1,1,1,1,1,1,1,1,1,1,1,1,1,1,1,1,1,1,
1,1,1,1,1,1,1,1,1,1,1,1,1,1,1,1,1,1,1,1,1,1,1,1,1,1,1,1,1,1,1,1,1,1,1,1,1,1,1,1,
1,1,1,1,1,1,1,1,1,1,1,1,1,1,1,1,1,1,1,1,1,1,4),(0.E0,3.174603174603E-3,
6.349206349206E-3,9.523809523810E-3,1.269841269841E-2,1.587301587302E-2,
1.904761904762E-2,2.222222222222E-2,2.539682539683E-2,2.857142857143E-2,
3.174603174603E-2,3.492063492063E-2,3.809523809524E-2,4.126984126984E-2,
4.444444444444E-2,4.761904761905E-2,5.079365079365E-2,5.396825396825E-2,
5.714285714286E-2,6.031746031746E-2,6.349206349206E-2,6.666666666667E-2,
6.984126984127E-2,7.301587301587E-2,7.619047619048E-2,7.936507936508E-2,
8.253968253968E-2,8.571428571429E-2,8.888888888889E-2,9.206349206349E-2,
9.523809523810E-2,9.841269841270E-2,1.015873015873E-1,1.047619047619E-1,
1.079365079365E-1,1.111111111111E-1,1.142857142857E-1,1.174603174603E-1,
1.206349206349E-1,1.238095238095E-1,1.269841269841E-1,1.301587301587E-1,
1.333333333333E-1,1.365079365079E-1,1.396825396825E-1,1.428571428571E-1,
1.460317460317E-1,1.492063492063E-1,1.523809523810E-1,1.555555555556E-1,
1.587301587302E-1,1.619047619048E-1,1.650793650794E-1,1.682539682540E-1,
1.714285714286E-1,1.746031746032E-1,1.777777777778E-1,1.809523809524E-1,
1.841269841270E-1,1.873015873016E-1,1.904761904762E-1,1.936507936508E-1,
1.968253968254E-1,2.E-1,2.031746031746E-1,2.063492063492E-1,2.095238095238E-1,
2.126984126984E-1,2.158730158730E-1,2.190476190476E-1,2.222222222222E-1,
2.253968253968E-1,2.285714285714E-1,2.317460317460E-1,2.349206349206E-1,
2.380952380952E-1,2.412698412698E-1,2.444444444444E-1,2.476190476190E-1,
2.507936507937E-1,2.539682539683E-1,2.571428571429E-1,2.603174603175E-1,
2.634920634921E-1,2.666666666667E-1,2.698412698413E-1,2.730158730159E-1,
2.761904761905E-1,2.793650793651E-1,2.825396825397E-1,2.857142857143E-1,
2.888888888889E-1,2.920634920635E-1,2.952380952381E-1,2.984126984127E-1,
3.015873015873E-1,3.047619047619E-1,3.079365079365E-1,3.111111111111E-1,
3.142857142857E-1,3.174603174603E-1,3.206349206349E-1,3.238095238095E-1,
3.269841269841E-1,3.301587301587E-1,3.333333333333E-1,3.365079365079E-1,
3.396825396825E-1,3.428571428571E-1,3.460317460317E-1,3.492063492063E-1,
3.523809523810E-1,3.555555555556E-1,3.587301587302E-1,3.619047619048E-1,
3.650793650794E-1,3.682539682540E-1,3.714285714286E-1,3.746031746032E-1,
3.777777777778E-1,3.809523809524E-1,3.841269841270E-1,3.873015873016E-1,
3.904761904762E-1,3.936507936508E-1,3.968253968254E-1,4.E-1,4.031746031746E-1,
4.063492063492E-1,4.095238095238E-1,4.126984126984E-1,4.158730158730E-1,
4.190476190476E-1,4.222222222222E-1,4.253968253968E-1,4.285714285714E-1,
4.317460317460E-1,4.349206349206E-1,4.380952380952E-1,4.412698412698E-1,
4.444444444444E-1,4.476190476190E-1,4.507936507937E-1,4.539682539683E-1,
4.571428571429E-1,4.603174603175E-1,4.634920634921E-1,4.666666666667E-1,
4.698412698413E-1,4.730158730159E-1,4.761904761905E-1,4.793650793651E-1,
4.825396825397E-1,4.857142857143E-1,4.888888888889E-1,4.920634920635E-1,
4.952380952381E-1,4.984126984127E-1,5.015873015873E-1,5.047619047619E-1,
5.079365079365E-1,5.111111111111E-1,5.142857142857E-1,5.174603174603E-1,
5.206349206349E-1,5.238095238095E-1,5.269841269841E-1,5.301587301587E-1,
5.333333333333E-1,5.365079365079E-1,5.396825396825E-1,5.428571428571E-1,
5.460317460317E-1,5.492063492063E-1,5.523809523810E-1,5.555555555556E-1,
5.587301587302E-1,5.619047619048E-1,5.650793650794E-1,5.682539682540E-1,
5.714285714286E-1,5.746031746032E-1,5.777777777778E-1,5.809523809524E-1,
5.841269841270E-1,5.873015873016E-1,5.904761904762E-1,5.936507936508E-1,
5.968253968254E-1,6.E-1,6.031746031746E-1,6.063492063492E-1,6.095238095238E-1,
6.126984126984E-1,6.158730158730E-1,6.190476190476E-1,6.222222222222E-1,
6.253968253968E-1,6.285714285714E-1,6.317460317460E-1,6.349206349206E-1,
6.380952380952E-1,6.412698412698E-1,6.444444444444E-1,6.476190476190E-1,
6.507936507937E-1,6.539682539683E-1,6.571428571429E-1,6.603174603175E-1,
6.634920634921E-1,6.666666666667E-1,6.698412698413E-1,6.730158730159E-1,
6.761904761905E-1,6.793650793651E-1,6.825396825397E-1,6.857142857143E-1,
6.888888888889E-1,6.920634920635E-1,6.952380952381E-1,6.984126984127E-1,
7.015873015873E-1,7.047619047619E-1,7.079365079365E-1,7.111111111111E-1,
7.142857142857E-1,7.174603174603E-1,7.206349206349E-1,7.238095238095E-1,
7.269841269841E-1,7.301587301587E-1,7.333333333333E-1,7.365079365079E-1,
7.396825396825E-1,7.428571428571E-1,7.460317460317E-1,7.492063492063E-1,
7.523809523810E-1,7.555555555556E-1,7.587301587302E-1,7.619047619048E-1,
7.650793650794E-1,7.682539682540E-1,7.714285714286E-1,7.746031746032E-1,
7.777777777778E-1,7.809523809524E-1,7.841269841270E-1,7.873015873016E-1,
7.904761904762E-1,7.936507936508E-1,7.968253968254E-1,8.E-1,8.031746031746E-1,
8.063492063492E-1,8.095238095238E-1,8.126984126984E-1,8.158730158730E-1,
8.190476190476E-1,8.222222222222E-1,8.253968253968E-1,8.285714285714E-1,
8.317460317460E-1,8.349206349206E-1,8.380952380952E-1,8.412698412698E-1,
8.444444444444E-1,8.476190476190E-1,8.507936507937E-1,8.539682539683E-1,
8.571428571429E-1,8.603174603175E-1,8.634920634921E-1,8.666666666667E-1,
8.698412698413E-1,8.730158730159E-1,8.761904761905E-1,8.793650793651E-1,
8.825396825397E-1,8.857142857143E-1,8.888888888889E-1,8.920634920635E-1,
8.952380952381E-1,8.984126984127E-1,9.015873015873E-1,9.047619047619E-1,
9.079365079365E-1,9.111111111111E-1,9.142857142857E-1,9.174603174603E-1,
9.206349206349E-1,9.238095238095E-1,9.269841269841E-1,9.301587301587E-1,
9.333333333333E-1,9.365079365079E-1,9.396825396825E-1,9.428571428571E-1,
9.460317460317E-1,9.492063492063E-1,9.523809523810E-1,9.555555555556E-1,
9.587301587302E-1,9.619047619048E-1,9.650793650794E-1,9.682539682540E-1,
9.714285714286E-1,9.746031746032E-1,9.777777777778E-1,9.809523809524E-1,
9.841269841270E-1,9.873015873016E-1,9.904761904762E-1,9.936507936508E-1,
9.968253968254E-1,1.E0),.UNSPECIFIED.);
#814=B_SPLINE_CURVE_WITH_KNOTS('',3,(#808,#809,#810,#811,#812,#813),
.UNSPECIFIED.,.F.,.F.,(4,1,1,4),(0.E0,3.333333333333E-1,6.666666666667E-1,1.E0),
.UNSPECIFIED.);
#825=B_SPLINE_CURVE_WITH_KNOTS('',3,(#819,#820,#821,#822,#823,#824),
.UNSPECIFIED.,.F.,.F.,(4,1,1,4),(0.E0,3.333333333333E-1,6.666666666667E-1,1.E0),
.UNSPECIFIED.);
#832=B_SPLINE_CURVE_WITH_KNOTS('',3,(#826,#827,#828,#829,#830,#831),
.UNSPECIFIED.,.F.,.F.,(4,1,1,4),(0.E0,3.333333333333E-1,6.666666666667E-1,1.E0),
.UNSPECIFIED.);
#839=B_SPLINE_CURVE_WITH_KNOTS('',3,(#833,#834,#835,#836,#837,#838),
.UNSPECIFIED.,.F.,.F.,(4,1,1,4),(0.E0,3.333333333333E-1,6.666666666667E-1,1.E0),
.UNSPECIFIED.);
#854=B_SPLINE_CURVE_WITH_KNOTS('',3,(#848,#849,#850,#851,#852,#853),
.UNSPECIFIED.,.F.,.F.,(4,1,1,4),(0.E0,3.333333333333E-1,6.666666666667E-1,1.E0),
.UNSPECIFIED.);
#862=B_SPLINE_CURVE_WITH_KNOTS('',3,(#855,#856,#857,#858,#859,#860,#861),
.UNSPECIFIED.,.F.,.F.,(4,1,1,1,4),(0.E0,2.5E-1,5.E-1,7.5E-1,1.E0),
.UNSPECIFIED.);
#871=B_SPLINE_CURVE_WITH_KNOTS('',3,(#863,#864,#865,#866,#867,#868,#869,#870),
.UNSPECIFIED.,.F.,.F.,(4,1,1,1,1,4),(0.E0,7.303390741238E-2,2.275282561770E-1,
3.820226049416E-1,6.910113024708E-1,1.E0),.UNSPECIFIED.);
#886=B_SPLINE_CURVE_WITH_KNOTS('',3,(#880,#881,#882,#883,#884,#885),
.UNSPECIFIED.,.F.,.F.,(4,1,1,4),(0.E0,3.333333333333E-1,6.666666666667E-1,1.E0),
.UNSPECIFIED.);
#893=B_SPLINE_CURVE_WITH_KNOTS('',3,(#887,#888,#889,#890,#891,#892),
.UNSPECIFIED.,.F.,.F.,(4,1,1,4),(0.E0,3.333333333333E-1,6.666666666667E-1,1.E0),
.UNSPECIFIED.);
#900=B_SPLINE_CURVE_WITH_KNOTS('',3,(#894,#895,#896,#897,#898,#899),
.UNSPECIFIED.,.F.,.F.,(4,1,1,4),(0.E0,3.333333333333E-1,6.666666666667E-1,1.E0),
.UNSPECIFIED.);
#910=B_SPLINE_CURVE_WITH_KNOTS('',3,(#901,#902,#903,#904,#905,#906,#907,#908,
#909),.UNSPECIFIED.,.F.,.F.,(4,1,1,1,1,1,4),(0.E0,1.666666666667E-1,
3.333333333333E-1,5.E-1,6.666666666667E-1,8.333333333333E-1,1.E0),
.UNSPECIFIED.);
#915=CIRCLE('',#914,1.385E0);
#920=CIRCLE('',#919,1.955E0);
#926=B_SPLINE_CURVE_WITH_KNOTS('',3,(#921,#922,#923,#924,#925),.UNSPECIFIED.,
.F.,.F.,(4,1,4),(0.E0,5.E-1,1.E0),.UNSPECIFIED.);
#931=CIRCLE('',#930,1.123079664399E0);
#936=CIRCLE('',#935,1.123079664399E0);
#949=B_SPLINE_CURVE_WITH_KNOTS('',3,(#937,#938,#939,#940,#941,#942,#943,#944,
#945,#946,#947,#948),.UNSPECIFIED.,.F.,.F.,(4,1,1,1,1,1,1,1,1,4),(0.E0,
1.111111111111E-1,2.222222222222E-1,3.333333333333E-1,4.444444444444E-1,
5.555555555556E-1,6.666666666667E-1,7.777777777778E-1,8.888888888889E-1,1.E0),
.UNSPECIFIED.);
#958=B_SPLINE_CURVE_WITH_KNOTS('',3,(#950,#951,#952,#953,#954,#955,#956,#957),
.UNSPECIFIED.,.F.,.F.,(4,1,1,1,1,4),(0.E0,2.E-1,4.E-1,6.E-1,8.E-1,1.E0),
.UNSPECIFIED.);
#976=B_SPLINE_CURVE_WITH_KNOTS('',3,(#963,#964,#965,#966,#967,#968,#969,#970,
#971,#972,#973,#974,#975),.UNSPECIFIED.,.F.,.F.,(4,1,1,1,1,1,1,1,1,1,4),(0.E0,
1.E-1,2.E-1,3.E-1,4.E-1,5.E-1,6.E-1,7.E-1,8.E-1,9.E-1,1.E0),.UNSPECIFIED.);
#994=B_SPLINE_CURVE_WITH_KNOTS('',3,(#981,#982,#983,#984,#985,#986,#987,#988,
#989,#990,#991,#992,#993),.UNSPECIFIED.,.F.,.F.,(4,1,1,1,1,1,1,1,1,1,4),(0.E0,
1.E-1,2.E-1,3.E-1,4.E-1,5.E-1,6.E-1,7.E-1,8.E-1,9.E-1,1.E0),.UNSPECIFIED.);
#1012=B_SPLINE_CURVE_WITH_KNOTS('',3,(#999,#1000,#1001,#1002,#1003,#1004,#1005,
#1006,#1007,#1008,#1009,#1010,#1011),.UNSPECIFIED.,.F.,.F.,(4,1,1,1,1,1,1,1,1,1,
4),(0.E0,1.E-1,2.E-1,3.E-1,4.E-1,5.E-1,6.E-1,7.E-1,8.E-1,9.E-1,1.E0),
.UNSPECIFIED.);
#1030=B_SPLINE_CURVE_WITH_KNOTS('',3,(#1017,#1018,#1019,#1020,#1021,#1022,#1023,
#1024,#1025,#1026,#1027,#1028,#1029),.UNSPECIFIED.,.F.,.F.,(4,1,1,1,1,1,1,1,1,1,
4),(0.E0,1.E-1,2.E-1,3.E-1,4.E-1,5.E-1,6.E-1,7.E-1,8.E-1,9.E-1,1.E0),
.UNSPECIFIED.);
#1048=B_SPLINE_CURVE_WITH_KNOTS('',3,(#1035,#1036,#1037,#1038,#1039,#1040,#1041,
#1042,#1043,#1044,#1045,#1046,#1047),.UNSPECIFIED.,.F.,.F.,(4,1,1,1,1,1,1,1,1,1,
4),(0.E0,1.E-1,2.E-1,3.E-1,4.E-1,5.E-1,6.E-1,7.E-1,8.E-1,9.E-1,1.E0),
.UNSPECIFIED.);
#1066=B_SPLINE_CURVE_WITH_KNOTS('',3,(#1053,#1054,#1055,#1056,#1057,#1058,#1059,
#1060,#1061,#1062,#1063,#1064,#1065),.UNSPECIFIED.,.F.,.F.,(4,1,1,1,1,1,1,1,1,1,
4),(0.E0,1.E-1,2.E-1,3.E-1,4.E-1,5.E-1,6.E-1,7.E-1,8.E-1,9.E-1,1.E0),
.UNSPECIFIED.);
#1084=B_SPLINE_CURVE_WITH_KNOTS('',3,(#1071,#1072,#1073,#1074,#1075,#1076,#1077,
#1078,#1079,#1080,#1081,#1082,#1083),.UNSPECIFIED.,.F.,.F.,(4,1,1,1,1,1,1,1,1,1,
4),(0.E0,1.E-1,2.E-1,3.E-1,4.E-1,5.E-1,6.E-1,7.E-1,8.E-1,9.E-1,1.E0),
.UNSPECIFIED.);
#1102=B_SPLINE_CURVE_WITH_KNOTS('',3,(#1089,#1090,#1091,#1092,#1093,#1094,#1095,
#1096,#1097,#1098,#1099,#1100,#1101),.UNSPECIFIED.,.F.,.F.,(4,1,1,1,1,1,1,1,1,1,
4),(0.E0,1.E-1,2.E-1,3.E-1,4.E-1,5.E-1,6.E-1,7.E-1,8.E-1,9.E-1,1.E0),
.UNSPECIFIED.);
#1120=B_SPLINE_CURVE_WITH_KNOTS('',3,(#1107,#1108,#1109,#1110,#1111,#1112,#1113,
#1114,#1115,#1116,#1117,#1118,#1119),.UNSPECIFIED.,.F.,.F.,(4,1,1,1,1,1,1,1,1,1,
4),(0.E0,1.E-1,2.E-1,3.E-1,4.E-1,5.E-1,6.E-1,7.E-1,8.E-1,9.E-1,1.E0),
.UNSPECIFIED.);
#1138=B_SPLINE_CURVE_WITH_KNOTS('',3,(#1125,#1126,#1127,#1128,#1129,#1130,#1131,
#1132,#1133,#1134,#1135,#1136,#1137),.UNSPECIFIED.,.F.,.F.,(4,1,1,1,1,1,1,1,1,1,
4),(0.E0,1.E-1,2.E-1,3.E-1,4.E-1,5.E-1,6.E-1,7.E-1,8.E-1,9.E-1,1.E0),
.UNSPECIFIED.);
#1156=B_SPLINE_CURVE_WITH_KNOTS('',3,(#1143,#1144,#1145,#1146,#1147,#1148,#1149,
#1150,#1151,#1152,#1153,#1154,#1155),.UNSPECIFIED.,.F.,.F.,(4,1,1,1,1,1,1,1,1,1,
4),(0.E0,1.E-1,2.E-1,3.E-1,4.E-1,5.E-1,6.E-1,7.E-1,8.E-1,9.E-1,1.E0),
.UNSPECIFIED.);
#1174=B_SPLINE_CURVE_WITH_KNOTS('',3,(#1161,#1162,#1163,#1164,#1165,#1166,#1167,
#1168,#1169,#1170,#1171,#1172,#1173),.UNSPECIFIED.,.F.,.F.,(4,1,1,1,1,1,1,1,1,1,
4),(0.E0,1.E-1,2.E-1,3.E-1,4.E-1,5.E-1,6.E-1,7.E-1,8.E-1,9.E-1,1.E0),
.UNSPECIFIED.);
#1192=B_SPLINE_CURVE_WITH_KNOTS('',3,(#1179,#1180,#1181,#1182,#1183,#1184,#1185,
#1186,#1187,#1188,#1189,#1190,#1191),.UNSPECIFIED.,.F.,.F.,(4,1,1,1,1,1,1,1,1,1,
4),(0.E0,1.E-1,2.E-1,3.E-1,4.E-1,5.E-1,6.E-1,7.E-1,8.E-1,9.E-1,1.E0),
.UNSPECIFIED.);
#1208=B_SPLINE_CURVE_WITH_KNOTS('',3,(#1201,#1202,#1203,#1204,#1205,#1206,
#1207),.UNSPECIFIED.,.F.,.F.,(4,1,1,1,4),(0.E0,2.5E-1,5.E-1,7.5E-1,1.E0),
.UNSPECIFIED.);
#1213=CIRCLE('',#1212,1.385E0);
#1218=CIRCLE('',#1217,1.385E0);
#1230=B_SPLINE_CURVE_WITH_KNOTS('',3,(#1219,#1220,#1221,#1222,#1223,#1224,#1225,
#1226,#1227,#1228,#1229),.UNSPECIFIED.,.F.,.F.,(4,1,1,1,1,1,1,1,4),(0.E0,
1.25E-1,2.5E-1,3.75E-1,5.E-1,6.25E-1,7.5E-1,8.75E-1,1.E0),.UNSPECIFIED.);
#1244=B_SPLINE_CURVE_WITH_KNOTS('',3,(#1231,#1232,#1233,#1234,#1235,#1236,#1237,
#1238,#1239,#1240,#1241,#1242,#1243),.UNSPECIFIED.,.F.,.F.,(4,1,1,1,1,1,1,1,1,1,
4),(0.E0,1.E-1,2.E-1,3.E-1,4.E-1,5.E-1,6.E-1,7.E-1,8.E-1,9.E-1,1.E0),
.UNSPECIFIED.);
#1251=B_SPLINE_CURVE_WITH_KNOTS('',3,(#1245,#1246,#1247,#1248,#1249,#1250),
.UNSPECIFIED.,.F.,.F.,(4,1,1,4),(0.E0,3.333333333333E-1,6.666666666667E-1,1.E0),
.UNSPECIFIED.);
#1265=B_SPLINE_CURVE_WITH_KNOTS('',3,(#1252,#1253,#1254,#1255,#1256,#1257,#1258,
#1259,#1260,#1261,#1262,#1263,#1264),.UNSPECIFIED.,.F.,.F.,(4,1,1,1,1,1,1,1,1,1,
4),(0.E0,1.E-1,2.E-1,3.E-1,4.E-1,5.E-1,6.E-1,7.E-1,8.E-1,9.E-1,1.E0),
.UNSPECIFIED.);
#1279=B_SPLINE_CURVE_WITH_KNOTS('',3,(#1266,#1267,#1268,#1269,#1270,#1271,#1272,
#1273,#1274,#1275,#1276,#1277,#1278),.UNSPECIFIED.,.F.,.F.,(4,1,1,1,1,1,1,1,1,1,
4),(0.E0,1.E-1,2.E-1,3.E-1,4.E-1,5.E-1,6.E-1,7.E-1,8.E-1,9.E-1,1.E0),
.UNSPECIFIED.);
#1293=B_SPLINE_CURVE_WITH_KNOTS('',3,(#1280,#1281,#1282,#1283,#1284,#1285,#1286,
#1287,#1288,#1289,#1290,#1291,#1292),.UNSPECIFIED.,.F.,.F.,(4,1,1,1,1,1,1,1,1,1,
4),(0.E0,1.E-1,2.E-1,3.E-1,4.E-1,5.E-1,6.E-1,7.E-1,8.E-1,9.E-1,1.E0),
.UNSPECIFIED.);
#1307=B_SPLINE_CURVE_WITH_KNOTS('',3,(#1294,#1295,#1296,#1297,#1298,#1299,#1300,
#1301,#1302,#1303,#1304,#1305,#1306),.UNSPECIFIED.,.F.,.F.,(4,1,1,1,1,1,1,1,1,1,
4),(0.E0,1.E-1,2.E-1,3.E-1,4.E-1,5.E-1,6.E-1,7.E-1,8.E-1,9.E-1,1.E0),
.UNSPECIFIED.);
#1321=B_SPLINE_CURVE_WITH_KNOTS('',3,(#1308,#1309,#1310,#1311,#1312,#1313,#1314,
#1315,#1316,#1317,#1318,#1319,#1320),.UNSPECIFIED.,.F.,.F.,(4,1,1,1,1,1,1,1,1,1,
4),(0.E0,1.E-1,2.E-1,3.E-1,4.E-1,5.E-1,6.E-1,7.E-1,8.E-1,9.E-1,1.E0),
.UNSPECIFIED.);
#1335=B_SPLINE_CURVE_WITH_KNOTS('',3,(#1322,#1323,#1324,#1325,#1326,#1327,#1328,
#1329,#1330,#1331,#1332,#1333,#1334),.UNSPECIFIED.,.F.,.F.,(4,1,1,1,1,1,1,1,1,1,
4),(0.E0,1.E-1,2.E-1,3.E-1,4.E-1,5.E-1,6.E-1,7.E-1,8.E-1,9.E-1,1.E0),
.UNSPECIFIED.);
#1349=B_SPLINE_CURVE_WITH_KNOTS('',3,(#1336,#1337,#1338,#1339,#1340,#1341,#1342,
#1343,#1344,#1345,#1346,#1347,#1348),.UNSPECIFIED.,.F.,.F.,(4,1,1,1,1,1,1,1,1,1,
4),(0.E0,1.E-1,2.E-1,3.E-1,4.E-1,5.E-1,6.E-1,7.E-1,8.E-1,9.E-1,1.E0),
.UNSPECIFIED.);
#1363=B_SPLINE_CURVE_WITH_KNOTS('',3,(#1350,#1351,#1352,#1353,#1354,#1355,#1356,
#1357,#1358,#1359,#1360,#1361,#1362),.UNSPECIFIED.,.F.,.F.,(4,1,1,1,1,1,1,1,1,1,
4),(0.E0,1.E-1,2.E-1,3.E-1,4.E-1,5.E-1,6.E-1,7.E-1,8.E-1,9.E-1,1.E0),
.UNSPECIFIED.);
#1377=B_SPLINE_CURVE_WITH_KNOTS('',3,(#1364,#1365,#1366,#1367,#1368,#1369,#1370,
#1371,#1372,#1373,#1374,#1375,#1376),.UNSPECIFIED.,.F.,.F.,(4,1,1,1,1,1,1,1,1,1,
4),(0.E0,1.E-1,2.E-1,3.E-1,4.E-1,5.E-1,6.E-1,7.E-1,8.E-1,9.E-1,1.E0),
.UNSPECIFIED.);
#1391=B_SPLINE_CURVE_WITH_KNOTS('',3,(#1378,#1379,#1380,#1381,#1382,#1383,#1384,
#1385,#1386,#1387,#1388,#1389,#1390),.UNSPECIFIED.,.F.,.F.,(4,1,1,1,1,1,1,1,1,1,
4),(0.E0,1.E-1,2.E-1,3.E-1,4.E-1,5.E-1,6.E-1,7.E-1,8.E-1,9.E-1,1.E0),
.UNSPECIFIED.);
#1405=B_SPLINE_CURVE_WITH_KNOTS('',3,(#1392,#1393,#1394,#1395,#1396,#1397,#1398,
#1399,#1400,#1401,#1402,#1403,#1404),.UNSPECIFIED.,.F.,.F.,(4,1,1,1,1,1,1,1,1,1,
4),(0.E0,1.E-1,2.E-1,3.E-1,4.E-1,5.E-1,6.E-1,7.E-1,8.E-1,9.E-1,1.E0),
.UNSPECIFIED.);
#1417=B_SPLINE_CURVE_WITH_KNOTS('',3,(#1406,#1407,#1408,#1409,#1410,#1411,#1412,
#1413,#1414,#1415,#1416),.UNSPECIFIED.,.F.,.F.,(4,1,1,1,1,1,1,1,4),(0.E0,
1.25E-1,2.5E-1,3.75E-1,5.E-1,6.25E-1,7.5E-1,8.75E-1,1.E0),.UNSPECIFIED.);
#1426=B_SPLINE_CURVE_WITH_KNOTS('',3,(#1418,#1419,#1420,#1421,#1422,#1423,#1424,
#1425),.UNSPECIFIED.,.F.,.F.,(4,1,1,1,1,4),(0.E0,2.E-1,4.E-1,6.E-1,8.E-1,1.E0),
.UNSPECIFIED.);
#1431=CIRCLE('',#1430,1.385E0);
#1436=CIRCLE('',#1435,2.E-1);
#1441=CIRCLE('',#1440,2.E-1);
#1447=B_SPLINE_CURVE_WITH_KNOTS('',3,(#1442,#1443,#1444,#1445,#1446),
.UNSPECIFIED.,.F.,.F.,(4,1,4),(0.E0,4.999999639993E-1,1.E0),.UNSPECIFIED.);
#1456=CIRCLE('',#1455,3.737054131936E0);
#1667=EDGE_CURVE('',#1533,#1537,#6,.T.);
#1669=EDGE_CURVE('',#1532,#1533,#31,.T.);
#1671=EDGE_CURVE('',#1532,#1491,#158,.T.);
#1673=EDGE_CURVE('',#1491,#1488,#174,.T.);
#1675=EDGE_CURVE('',#1488,#1484,#183,.T.);
#1677=EDGE_CURVE('',#1484,#1480,#192,.T.);
#1679=EDGE_CURVE('',#1480,#1476,#204,.T.);
#1681=EDGE_CURVE('',#1476,#1473,#218,.T.);
#1683=EDGE_CURVE('',#1473,#1470,#227,.T.);
#1685=EDGE_CURVE('',#1470,#1466,#236,.T.);
#1687=EDGE_CURVE('',#1466,#1462,#245,.T.);
#1689=EDGE_CURVE('',#1462,#1457,#257,.T.);
#1691=EDGE_CURVE('',#1457,#1536,#52,.T.);
#1693=EDGE_CURVE('',#1536,#1537,#26,.T.);
#1704=EDGE_CURVE('',#1537,#1638,#16,.T.);
#1706=EDGE_CURVE('',#1638,#1640,#384,.T.);
#1708=EDGE_CURVE('',#1533,#1640,#11,.T.);
#1718=EDGE_CURVE('',#1537,#1533,#21,.T.);
#1721=EDGE_CURVE('',#1640,#1638,#361,.T.);
#1734=EDGE_CURVE('',#1536,#1529,#45,.T.);
#1736=EDGE_CURVE('',#1529,#1526,#61,.T.);
#1738=EDGE_CURVE('',#1526,#1522,#70,.T.);
#1740=EDGE_CURVE('',#1522,#1518,#79,.T.);
#1742=EDGE_CURVE('',#1518,#1514,#91,.T.);
#1744=EDGE_CURVE('',#1514,#1511,#105,.T.);
#1746=EDGE_CURVE('',#1511,#1508,#114,.T.);
#1748=EDGE_CURVE('',#1508,#1504,#123,.T.);
#1750=EDGE_CURVE('',#1504,#1500,#132,.T.);
#1752=EDGE_CURVE('',#1500,#1496,#144,.T.);
#1754=EDGE_CURVE('',#1496,#1532,#165,.T.);
#1765=EDGE_CURVE('',#1529,#1528,#38,.T.);
#1769=EDGE_CURVE('',#1457,#1458,#252,.T.);
#1771=EDGE_CURVE('',#1458,#1528,#262,.T.);
#1781=EDGE_CURVE('',#1526,#1524,#56,.T.);
#1785=EDGE_CURVE('',#1528,#1524,#346,.T.);
#1795=EDGE_CURVE('',#1522,#1520,#65,.T.);
#1799=EDGE_CURVE('',#1524,#1520,#342,.T.);
#1809=EDGE_CURVE('',#1518,#1516,#74,.T.);
#1813=EDGE_CURVE('',#1520,#1516,#338,.T.);
#1823=EDGE_CURVE('',#1514,#1513,#86,.T.);
#1827=EDGE_CURVE('',#1516,#1513,#334,.T.);
#1837=EDGE_CURVE('',#1511,#1510,#98,.T.);
#1841=EDGE_CURVE('',#1513,#1510,#330,.T.);
#1851=EDGE_CURVE('',#1508,#1506,#109,.T.);
#1855=EDGE_CURVE('',#1510,#1506,#325,.T.);
#1865=EDGE_CURVE('',#1504,#1502,#118,.T.);
#1869=EDGE_CURVE('',#1506,#1502,#321,.T.);
#1879=EDGE_CURVE('',#1500,#1498,#127,.T.);
#1883=EDGE_CURVE('',#1502,#1498,#317,.T.);
#1893=EDGE_CURVE('',#1496,#1495,#139,.T.);
#1897=EDGE_CURVE('',#1498,#1495,#313,.T.);
#1907=EDGE_CURVE('',#1491,#1490,#151,.T.);
#1912=EDGE_CURVE('',#1495,#1493,#309,.T.);
#1914=EDGE_CURVE('',#1493,#1490,#304,.T.);
#1924=EDGE_CURVE('',#1488,#1486,#169,.T.);
#1928=EDGE_CURVE('',#1490,#1486,#299,.T.);
#1938=EDGE_CURVE('',#1484,#1482,#178,.T.);
#1942=EDGE_CURVE('',#1486,#1482,#295,.T.);
#1952=EDGE_CURVE('',#1480,#1478,#187,.T.);
#1956=EDGE_CURVE('',#1482,#1478,#291,.T.);
#1966=EDGE_CURVE('',#1476,#1475,#199,.T.);
#1970=EDGE_CURVE('',#1478,#1475,#287,.T.);
#1980=EDGE_CURVE('',#1473,#1472,#211,.T.);
#1984=EDGE_CURVE('',#1475,#1472,#283,.T.);
#1994=EDGE_CURVE('',#1470,#1468,#222,.T.);
#1998=EDGE_CURVE('',#1472,#1468,#278,.T.);
#2008=EDGE_CURVE('',#1466,#1464,#231,.T.);
#2012=EDGE_CURVE('',#1468,#1464,#274,.T.);
#2022=EDGE_CURVE('',#1462,#1460,#240,.T.);
#2026=EDGE_CURVE('',#1464,#1460,#270,.T.);
#2039=EDGE_CURVE('',#1460,#1458,#266,.T.);
#2078=EDGE_CURVE('',#1634,#1636,#351,.T.);
#2080=EDGE_CURVE('',#1638,#1634,#356,.T.);
#2083=EDGE_CURVE('',#1640,#1636,#366,.T.);
#2094=EDGE_CURVE('',#1636,#1628,#370,.T.);
#2096=EDGE_CURVE('',#1628,#1623,#394,.T.);
#2098=EDGE_CURVE('',#1634,#1623,#374,.T.);
#2108=EDGE_CURVE('',#1636,#1634,#379,.T.);
#2111=EDGE_CURVE('',#1623,#1628,#389,.T.);
#2135=EDGE_CURVE('',#1623,#1624,#404,.T.);
#2137=EDGE_CURVE('',#1624,#1626,#1456,.T.);
#2139=EDGE_CURVE('',#1628,#1626,#399,.T.);
#2151=EDGE_CURVE('',#1626,#1624,#414,.T.);
#2162=EDGE_CURVE('',#1630,#1632,#439,.T.);
#2164=EDGE_CURVE('',#1624,#1632,#409,.T.);
#2167=EDGE_CURVE('',#1626,#1630,#419,.T.);
#2177=EDGE_CURVE('',#1632,#1630,#434,.T.);
#2182=EDGE_CURVE('',#1659,#1661,#424,.T.);
#2184=EDGE_CURVE('',#1661,#1659,#429,.T.);
#2195=EDGE_CURVE('',#1655,#1661,#444,.T.);
#2197=EDGE_CURVE('',#1655,#1657,#449,.T.);
#2199=EDGE_CURVE('',#1657,#1659,#454,.T.);
#2211=EDGE_CURVE('',#1657,#1655,#459,.T.);
#2222=EDGE_CURVE('',#1620,#1653,#467,.T.);
#2224=EDGE_CURVE('',#1617,#1620,#472,.T.);
#2226=EDGE_CURVE('',#1617,#1655,#1441,.T.);
#2229=EDGE_CURVE('',#1613,#1657,#1436,.T.);
#2231=EDGE_CURVE('',#1619,#1613,#477,.T.);
#2233=EDGE_CURVE('',#1653,#1619,#484,.T.);
#2783=EDGE_CURVE('',#1643,#1653,#803,.T.);
#2785=EDGE_CURVE('',#1643,#1644,#1451,.T.);
#2787=EDGE_CURVE('',#1644,#1558,#825,.T.);
#2789=EDGE_CURVE('',#1558,#1552,#926,.T.);
#2791=EDGE_CURVE('',#1552,#1554,#1208,.T.);
#2793=EDGE_CURVE('',#1554,#1555,#1230,.T.);
#2795=EDGE_CURVE('',#1555,#1566,#1251,.T.);
#2797=EDGE_CURVE('',#1566,#1570,#976,.T.);
#2799=EDGE_CURVE('',#1570,#1574,#1265,.T.);
#2801=EDGE_CURVE('',#1574,#1578,#1012,.T.);
#2803=EDGE_CURVE('',#1578,#1582,#1293,.T.);
#2805=EDGE_CURVE('',#1582,#1586,#1048,.T.);
#2807=EDGE_CURVE('',#1586,#1590,#1321,.T.);
#2809=EDGE_CURVE('',#1590,#1594,#1084,.T.);
#2811=EDGE_CURVE('',#1594,#1598,#1349,.T.);
#2813=EDGE_CURVE('',#1598,#1602,#1120,.T.);
#2815=EDGE_CURVE('',#1602,#1606,#1377,.T.);
#2817=EDGE_CURVE('',#1606,#1610,#1156,.T.);
#2819=EDGE_CURVE('',#1610,#1614,#1405,.T.);
#2821=EDGE_CURVE('',#1614,#1618,#1192,.T.);
#2823=EDGE_CURVE('',#1618,#1620,#1426,.T.);
#3374=EDGE_CURVE('',#1650,#1643,#807,.T.);
#3378=EDGE_CURVE('',#1619,#1609,#1417,.T.);
#3380=EDGE_CURVE('',#1609,#1605,#1174,.T.);
#3382=EDGE_CURVE('',#1605,#1601,#1391,.T.);
#3384=EDGE_CURVE('',#1601,#1597,#1138,.T.);
#3386=EDGE_CURVE('',#1597,#1593,#1363,.T.);
#3388=EDGE_CURVE('',#1593,#1589,#1102,.T.);
#3390=EDGE_CURVE('',#1589,#1585,#1335,.T.);
#3392=EDGE_CURVE('',#1585,#1581,#1066,.T.);
#3394=EDGE_CURVE('',#1581,#1577,#1307,.T.);
#3396=EDGE_CURVE('',#1577,#1573,#1030,.T.);
#3398=EDGE_CURVE('',#1573,#1569,#1279,.T.);
#3400=EDGE_CURVE('',#1569,#1565,#994,.T.);
#3402=EDGE_CURVE('',#1565,#1561,#1244,.T.);
#3404=EDGE_CURVE('',#1561,#1556,#958,.T.);
#3406=EDGE_CURVE('',#1556,#1557,#910,.T.);
#3408=EDGE_CURVE('',#1557,#1548,#949,.T.);
#3410=EDGE_CURVE('',#1548,#1547,#886,.T.);
#3412=EDGE_CURVE('',#1547,#1650,#839,.T.);
#3447=EDGE_CURVE('',#1650,#1652,#862,.T.);
#3449=EDGE_CURVE('',#1652,#1647,#879,.T.);
#3451=EDGE_CURVE('',#1647,#1643,#1447,.T.);
#3461=EDGE_CURVE('',#1540,#1648,#814,.T.);
#3463=EDGE_CURVE('',#1540,#1541,#818,.T.);
#3465=EDGE_CURVE('',#1541,#1558,#931,.T.);
#3468=EDGE_CURVE('',#1648,#1644,#832,.T.);
#3479=EDGE_CURVE('',#1544,#1547,#843,.T.);
#3481=EDGE_CURVE('',#1544,#1545,#847,.T.);
#3483=EDGE_CURVE('',#1652,#1545,#854,.T.);
#3526=EDGE_CURVE('',#1549,#1647,#871,.T.);
#3528=EDGE_CURVE('',#1549,#1540,#893,.T.);
#3531=EDGE_CURVE('',#1647,#1648,#875,.T.);
#3575=EDGE_CURVE('',#1545,#1549,#900,.T.);
#3587=EDGE_CURVE('',#1548,#1541,#936,.T.);
#3627=EDGE_CURVE('',#1553,#1556,#915,.T.);
#3629=EDGE_CURVE('',#1552,#1553,#920,.T.);
#3643=EDGE_CURVE('',#1562,#1553,#1213,.T.);
#3647=EDGE_CURVE('',#1561,#1562,#962,.T.);
#3658=EDGE_CURVE('',#1565,#1566,#980,.T.);
#3661=EDGE_CURVE('',#1569,#1570,#998,.T.);
#3672=EDGE_CURVE('',#1573,#1574,#1016,.T.);
#3675=EDGE_CURVE('',#1577,#1578,#1034,.T.);
#3686=EDGE_CURVE('',#1581,#1582,#1052,.T.);
#3689=EDGE_CURVE('',#1585,#1586,#1070,.T.);
#3700=EDGE_CURVE('',#1589,#1590,#1088,.T.);
#3703=EDGE_CURVE('',#1593,#1594,#1106,.T.);
#3714=EDGE_CURVE('',#1597,#1598,#1124,.T.);
#3717=EDGE_CURVE('',#1601,#1602,#1142,.T.);
#3728=EDGE_CURVE('',#1605,#1606,#1160,.T.);
#3731=EDGE_CURVE('',#1609,#1610,#1178,.T.);
#3742=EDGE_CURVE('',#1613,#1614,#1196,.T.);
#3744=EDGE_CURVE('',#1613,#1617,#1431,.T.);
#3746=EDGE_CURVE('',#1617,#1618,#1200,.T.);
#3783=EDGE_CURVE('',#1555,#1562,#1218,.T.);
#3948=(LENGTH_UNIT()NAMED_UNIT(*)SI_UNIT(.MILLI.,.METRE.));
#3950=(NAMED_UNIT(*)PLANE_ANGLE_UNIT()SI_UNIT($,.RADIAN.));
#3953=(NAMED_UNIT(*)SI_UNIT($,.STERADIAN.)SOLID_ANGLE_UNIT());
#3956=ADVANCED_BREP_SHAPE_REPRESENTATION('',(#3947),#3955);
#3963=PRODUCT_DEFINITION('design','',#3962,#3959);
#3964=PRODUCT_DEFINITION_SHAPE('','SHAPE FOR _GB_T845-2017_16450005.',#3963);
#3965=SHAPE_DEFINITION_REPRESENTATION(#3964,#3956);
ENDSEC;
END-ISO-10303-21;
