ISO-10303-21;
HEADER;
FILE_DESCRIPTION((''),'2;1');
FILE_NAME('PRT0002','2026-07-01T14:58:29',('Administrator'),(''),
'CREO PARAMETRIC BY PTC INC, 2019010','CREO PARAMETRIC BY PTC INC, 2019010','');
FILE_SCHEMA(('CONFIG_CONTROL_DESIGN'));
ENDSEC;
DATA;
#1=CARTESIAN_POINT('',(0.E0,0.E0,-1.9E1));
#2=DIRECTION('',(0.E0,0.E0,-1.E0));
#3=DIRECTION('',(1.E0,0.E0,0.E0));
#4=AXIS2_PLACEMENT_3D('',#1,#2,#3);
#6=CARTESIAN_POINT('',(0.E0,0.E0,-1.9E1));
#7=DIRECTION('',(0.E0,0.E0,-1.E0));
#8=DIRECTION('',(-1.E0,0.E0,0.E0));
#9=AXIS2_PLACEMENT_3D('',#6,#7,#8);
#11=CARTESIAN_POINT('',(0.E0,0.E0,-1.9E1));
#12=DIRECTION('',(0.E0,0.E0,1.E0));
#13=DIRECTION('',(-1.E0,0.E0,0.E0));
#14=AXIS2_PLACEMENT_3D('',#11,#12,#13);
#16=CARTESIAN_POINT('',(0.E0,0.E0,-1.9E1));
#17=DIRECTION('',(0.E0,0.E0,1.E0));
#18=DIRECTION('',(1.E0,0.E0,0.E0));
#19=AXIS2_PLACEMENT_3D('',#16,#17,#18);
#21=CARTESIAN_POINT('',(2.875E0,2.957003603017E-10,-1.87E1));
#22=DIRECTION('',(1.028520879576E-10,-1.E0,0.E0));
#23=DIRECTION('',(0.E0,0.E0,-1.E0));
#24=AXIS2_PLACEMENT_3D('',#21,#22,#23);
#26=CARTESIAN_POINT('',(-2.875E0,-2.956986736096E-10,-1.87E1));
#27=DIRECTION('',(-1.028519179547E-10,1.E0,0.E0));
#28=DIRECTION('',(0.E0,0.E0,-1.E0));
#29=AXIS2_PLACEMENT_3D('',#26,#27,#28);
#31=CARTESIAN_POINT('',(0.E0,0.E0,-1.05E1));
#32=DIRECTION('',(0.E0,0.E0,-1.E0));
#33=DIRECTION('',(-1.E0,0.E0,0.E0));
#34=AXIS2_PLACEMENT_3D('',#31,#32,#33);
#36=DIRECTION('',(0.E0,7.853027879646E-12,-1.E0));
#37=VECTOR('',#36,8.2E0);
#38=CARTESIAN_POINT('',(-3.175E0,0.E0,-1.05E1));
#39=LINE('',#38,#37);
#40=CARTESIAN_POINT('',(0.E0,0.E0,-1.87E1));
#41=DIRECTION('',(0.E0,0.E0,-1.E0));
#42=DIRECTION('',(-1.E0,0.E0,0.E0));
#43=AXIS2_PLACEMENT_3D('',#40,#41,#42);
#45=CARTESIAN_POINT('',(0.E0,0.E0,-9.5E0));
#46=DIRECTION('',(0.E0,0.E0,-1.E0));
#47=DIRECTION('',(-1.E0,0.E0,0.E0));
#48=AXIS2_PLACEMENT_3D('',#45,#46,#47);
#50=CARTESIAN_POINT('',(0.E0,0.E0,-3.E-1));
#51=DIRECTION('',(0.E0,0.E0,-1.E0));
#52=DIRECTION('',(-1.E0,0.E0,0.E0));
#53=AXIS2_PLACEMENT_3D('',#50,#51,#52);
#55=DIRECTION('',(0.E0,-5.262849290512E-12,-1.E0));
#56=VECTOR('',#55,9.2E0);
#57=CARTESIAN_POINT('',(-3.175E0,4.841816192594E-11,-3.E-1));
#58=LINE('',#57,#56);
#59=CARTESIAN_POINT('',(0.E0,0.E0,-1.05E1));
#60=DIRECTION('',(0.E0,0.E0,1.E0));
#61=DIRECTION('',(1.E0,0.E0,0.E0));
#62=AXIS2_PLACEMENT_3D('',#59,#60,#61);
#64=DIRECTION('',(0.E0,0.E0,1.E0));
#65=VECTOR('',#64,1.E0);
#66=CARTESIAN_POINT('',(3.E0,0.E0,-1.05E1));
#67=LINE('',#66,#65);
#68=CARTESIAN_POINT('',(0.E0,0.E0,-1.05E1));
#69=DIRECTION('',(0.E0,0.E0,-1.E0));
#70=DIRECTION('',(1.E0,0.E0,0.E0));
#71=AXIS2_PLACEMENT_3D('',#68,#69,#70);
#73=DIRECTION('',(0.E0,0.E0,1.E0));
#74=VECTOR('',#73,1.E0);
#75=CARTESIAN_POINT('',(-3.E0,0.E0,-1.05E1));
#76=LINE('',#75,#74);
#77=CARTESIAN_POINT('',(0.E0,0.E0,-9.5E0));
#78=DIRECTION('',(0.E0,0.E0,-1.E0));
#79=DIRECTION('',(1.E0,0.E0,0.E0));
#80=AXIS2_PLACEMENT_3D('',#77,#78,#79);
#82=CARTESIAN_POINT('',(0.E0,0.E0,-9.5E0));
#83=DIRECTION('',(0.E0,0.E0,1.E0));
#84=DIRECTION('',(1.E0,0.E0,0.E0));
#85=AXIS2_PLACEMENT_3D('',#82,#83,#84);
#87=CARTESIAN_POINT('',(0.E0,0.E0,-1.05E1));
#88=DIRECTION('',(0.E0,0.E0,-1.E0));
#89=DIRECTION('',(1.E0,0.E0,0.E0));
#90=AXIS2_PLACEMENT_3D('',#87,#88,#89);
#92=DIRECTION('',(0.E0,-7.853007300859E-12,-1.E0));
#93=VECTOR('',#92,8.2E0);
#94=CARTESIAN_POINT('',(3.175E0,0.E0,-1.05E1));
#95=LINE('',#94,#93);
#96=CARTESIAN_POINT('',(0.E0,0.E0,-1.87E1));
#97=DIRECTION('',(0.E0,0.E0,-1.E0));
#98=DIRECTION('',(1.E0,0.E0,0.E0));
#99=AXIS2_PLACEMENT_3D('',#96,#97,#98);
#101=CARTESIAN_POINT('',(0.E0,0.E0,-9.5E0));
#102=DIRECTION('',(0.E0,0.E0,-1.E0));
#103=DIRECTION('',(1.E0,0.E0,0.E0));
#104=AXIS2_PLACEMENT_3D('',#101,#102,#103);
#106=CARTESIAN_POINT('',(0.E0,0.E0,-3.E-1));
#107=DIRECTION('',(0.E0,0.E0,-1.E0));
#108=DIRECTION('',(1.E0,0.E0,0.E0));
#109=AXIS2_PLACEMENT_3D('',#106,#107,#108);
#111=DIRECTION('',(0.E0,5.262836149532E-12,-1.E0));
#112=VECTOR('',#111,9.2E0);
#113=CARTESIAN_POINT('',(3.175E0,-4.841710673502E-11,-3.E-1));
#114=LINE('',#113,#112);
#115=CARTESIAN_POINT('',(3.475E0,2.874365054235E-10,-3.E-1));
#116=DIRECTION('',(8.271536927618E-11,-1.E0,0.E0));
#117=DIRECTION('',(-4.109453518216E-11,0.E0,1.E0));
#118=AXIS2_PLACEMENT_3D('',#115,#116,#117);
#120=CARTESIAN_POINT('',(0.E0,0.E0,0.E0));
#121=DIRECTION('',(0.E0,0.E0,-1.E0));
#122=DIRECTION('',(1.E0,0.E0,0.E0));
#123=AXIS2_PLACEMENT_3D('',#120,#121,#122);
#125=CARTESIAN_POINT('',(0.E0,0.E0,0.E0));
#126=DIRECTION('',(0.E0,0.E0,-1.E0));
#127=DIRECTION('',(-1.E0,0.E0,0.E0));
#128=AXIS2_PLACEMENT_3D('',#125,#126,#127);
#130=CARTESIAN_POINT('',(0.E0,0.E0,0.E0));
#131=DIRECTION('',(0.E0,0.E0,-1.E0));
#132=DIRECTION('',(1.E0,0.E0,0.E0));
#133=AXIS2_PLACEMENT_3D('',#130,#131,#132);
#135=CARTESIAN_POINT('',(0.E0,0.E0,0.E0));
#136=DIRECTION('',(0.E0,0.E0,-1.E0));
#137=DIRECTION('',(-1.E0,0.E0,0.E0));
#138=AXIS2_PLACEMENT_3D('',#135,#136,#137);
#140=CARTESIAN_POINT('',(-3.475E0,-2.874349089370E-10,-3.E-1));
#141=DIRECTION('',(-8.271525478443E-11,1.E0,0.E0));
#142=DIRECTION('',(4.109601547952E-11,0.E0,1.E0));
#143=AXIS2_PLACEMENT_3D('',#140,#141,#142);
#145=CARTESIAN_POINT('',(4.575E0,1.372457703042E-12,3.E-1));
#146=DIRECTION('',(2.999892001476E-13,-1.E0,0.E0));
#147=DIRECTION('',(0.E0,0.E0,-1.E0));
#148=AXIS2_PLACEMENT_3D('',#145,#146,#147);
#150=CARTESIAN_POINT('',(-4.575E0,-1.373012814554E-12,3.E-1));
#151=DIRECTION('',(-3.001106307909E-13,1.E0,0.E0));
#152=DIRECTION('',(0.E0,0.E0,-1.E0));
#153=AXIS2_PLACEMENT_3D('',#150,#151,#152);
#155=CARTESIAN_POINT('',(0.E0,0.E0,3.E-1));
#156=DIRECTION('',(0.E0,0.E0,-1.E0));
#157=DIRECTION('',(-1.E0,0.E0,0.E0));
#158=AXIS2_PLACEMENT_3D('',#155,#156,#157);
#160=DIRECTION('',(1.065814103640E-13,6.031980677855E-10,1.E0));
#161=VECTOR('',#160,2.5E-2);
#162=CARTESIAN_POINT('',(4.875E0,9.445542976971E-14,3.E-1));
#163=LINE('',#162,#161);
#164=CARTESIAN_POINT('',(4.875E0,1.517440712440E-11,3.25E-1));
#165=CARTESIAN_POINT('',(4.874997483376E0,2.051456948672E-1,3.250054948867E-1));
#166=CARTESIAN_POINT('',(4.848910887489E0,6.226413446957E-1,3.526935675075E-1));
#167=CARTESIAN_POINT('',(4.726025858094E0,1.254589200285E0,4.831420256071E-1));
#168=CARTESIAN_POINT('',(4.509482483807E0,1.895166291231E0,7.130112551100E-1));
#169=CARTESIAN_POINT('',(4.184567734072E0,2.537501663717E0,1.057920710843E0));
#170=CARTESIAN_POINT('',(3.736460584676E0,3.165071975131E0,1.533603461274E0));
#171=CARTESIAN_POINT('',(3.147283487134E0,3.756546869695E0,2.159038568934E0));
#172=CARTESIAN_POINT('',(2.426470596110E0,4.256959927271E0,2.924204337999E0));
#173=CARTESIAN_POINT('',(1.685264677732E0,4.596640531310E0,3.711041002791E0));
#174=CARTESIAN_POINT('',(9.201940401296E-1,4.811902505690E0,4.523123927088E0));
#175=CARTESIAN_POINT('',(3.173434564036E-1,4.874867328828E0,5.163246296632E0));
#176=CARTESIAN_POINT('',(1.960125573572E-3,4.875000231123E0,5.498044973786E0));
#178=CARTESIAN_POINT('',(-4.875E0,1.505580065420E-12,5.475E0));
#179=CARTESIAN_POINT('',(-4.874995073100E0,2.886670756542E-1,5.475005022145E0));
#180=CARTESIAN_POINT('',(-4.823159220450E0,8.614270714870E-1,5.475146630851E0));
#181=CARTESIAN_POINT('',(-4.604852183731E0,1.672018162181E0,5.476498020181E0));
#182=CARTESIAN_POINT('',(-4.248937608968E0,2.439475292558E0,5.478155457639E0));
#183=CARTESIAN_POINT('',(-3.765516731495E0,3.134506130537E0,5.480662323371E0));
#184=CARTESIAN_POINT('',(-3.167920864028E0,3.737745652753E0,5.483924456409E0));
#185=CARTESIAN_POINT('',(-2.474310433401E0,4.228571086989E0,5.486865888500E0));
#186=CARTESIAN_POINT('',(-1.711558979249E0,4.591008632535E0,5.492134685754E0));
#187=CARTESIAN_POINT('',(-8.789714455498E-1,4.821484495990E0,5.493879253326E0));
#188=CARTESIAN_POINT('',(-2.940071514821E-1,4.875075866803E0,5.500999719282E0));
#189=CARTESIAN_POINT('',(1.960125573572E-3,4.875000231123E0,5.498044973786E0));
#191=CARTESIAN_POINT('',(0.E0,0.E0,3.E-1));
#192=DIRECTION('',(0.E0,0.E0,-1.E0));
#193=DIRECTION('',(1.E0,0.E0,0.E0));
#194=AXIS2_PLACEMENT_3D('',#191,#192,#193);
#196=DIRECTION('',(0.E0,3.092312165913E-13,1.E0));
#197=VECTOR('',#196,5.175E0);
#198=CARTESIAN_POINT('',(-4.875E0,-9.469148044025E-14,3.E-1));
#199=LINE('',#198,#197);
#200=CARTESIAN_POINT('',(1.815697735665E-3,-4.875000163990E0,5.498188898410E0));
#201=CARTESIAN_POINT('',(-2.900374372059E-1,-4.875069365459E0,
5.500854925689E0));
#202=CARTESIAN_POINT('',(-8.682378843436E-1,-4.822444283988E0,
5.494026108724E0));
#203=CARTESIAN_POINT('',(-1.686580025725E0,-4.600021239396E0,5.492195171643E0));
#204=CARTESIAN_POINT('',(-2.459750003277E0,-4.237820692689E0,5.486970616984E0));
#205=CARTESIAN_POINT('',(-3.157702837850E0,-3.746199897611E0,5.483977424899E0));
#206=CARTESIAN_POINT('',(-3.757214431272E0,-3.145299779372E0,5.480686330156E0));
#207=CARTESIAN_POINT('',(-4.246521918270E0,-2.442771745746E0,5.478192646321E0));
#208=CARTESIAN_POINT('',(-4.594734555025E0,-1.696840062954E0,5.476542218034E0));
#209=CARTESIAN_POINT('',(-4.819572608923E0,-8.858295237121E-1,
5.475154347330E0));
#210=CARTESIAN_POINT('',(-4.874994678744E0,-2.991269992885E-1,
5.475005425958E0));
#211=CARTESIAN_POINT('',(-4.875E0,1.505580065420E-12,5.475E0));
#213=CARTESIAN_POINT('',(1.815697735665E-3,-4.875000163990E0,5.498188898410E0));
#214=CARTESIAN_POINT('',(2.865117935770E-1,-4.874897873456E0,5.195967719451E0));
#215=CARTESIAN_POINT('',(8.317172178213E-1,-4.824798381126E0,4.617048937374E0));
#216=CARTESIAN_POINT('',(1.561540947739E0,-4.637116751067E0,3.842377693281E0));
#217=CARTESIAN_POINT('',(2.207576252663E0,-4.363763717341E0,3.156569450822E0));
#218=CARTESIAN_POINT('',(2.757927383795E0,-4.035322730331E0,2.572354936047E0));
#219=CARTESIAN_POINT('',(3.220748842165E0,-3.674063624394E0,2.081051042371E0));
#220=CARTESIAN_POINT('',(3.609521536680E0,-3.290749957723E0,1.668354166686E0));
#221=CARTESIAN_POINT('',(3.929656782856E0,-2.898678816579E0,1.328518217820E0));
#222=CARTESIAN_POINT('',(4.188692570433E0,-2.507656352074E0,1.053541779029E0));
#223=CARTESIAN_POINT('',(4.394277870958E0,-2.124634088929E0,8.353050598476E-1));
#224=CARTESIAN_POINT('',(4.553255929910E0,-1.755844024225E0,6.665437242363E-1));
#225=CARTESIAN_POINT('',(4.672468339820E0,-1.405503567585E0,5.399951560457E-1));
#226=CARTESIAN_POINT('',(4.758044964048E0,-1.077716224051E0,4.491522684003E-1));
#227=CARTESIAN_POINT('',(4.816181550081E0,-7.739913563080E-1,
3.874380479651E-1));
#228=CARTESIAN_POINT('',(4.852405411787E0,-4.939384826028E-1,
3.489850260482E-1));
#229=CARTESIAN_POINT('',(4.871385246317E0,-2.362427709770E-1,
3.288371698218E-1));
#230=CARTESIAN_POINT('',(4.874999931411E0,-7.647633210663E-2,
3.250001498311E-1));
#231=CARTESIAN_POINT('',(4.875E0,1.517440712440E-11,3.25E-1));
#233=CARTESIAN_POINT('',(2.5E-2,5.344423864569E-12,5.475E0));
#234=DIRECTION('',(-2.137621530089E-10,1.E0,2.137621530089E-10));
#235=DIRECTION('',(-1.E0,-2.137621530089E-10,0.E0));
#236=AXIS2_PLACEMENT_3D('',#233,#234,#235);
#238=CARTESIAN_POINT('',(5.2E0,0.E0,5.5E0));
#239=DIRECTION('',(1.E0,0.E0,0.E0));
#240=DIRECTION('',(0.E0,0.E0,-1.E0));
#241=AXIS2_PLACEMENT_3D('',#238,#239,#240);
#243=CARTESIAN_POINT('',(2.500543443555E-2,4.248804315159E-10,1.0375E1));
#244=CARTESIAN_POINT('',(2.502109187582E-2,2.886661982866E-1,1.037501462533E1));
#245=CARTESIAN_POINT('',(2.535698103613E-2,8.614247922194E-1,1.032315054793E1));
#246=CARTESIAN_POINT('',(2.409461767742E-2,1.672017087951E0,1.010485505247E1));
#247=CARTESIAN_POINT('',(2.232413828615E-2,2.439474346314E0,9.748937539777E0));
#248=CARTESIAN_POINT('',(1.940364705733E-2,3.134506305699E0,9.265516828949E0));
#249=CARTESIAN_POINT('',(1.601542155925E-2,3.737745740392E0,8.667920674917E0));
#250=CARTESIAN_POINT('',(1.315256745791E-2,4.228570821898E0,7.974310784872E0));
#251=CARTESIAN_POINT('',(7.805039852039E-3,4.591008831230E0,7.211559084747E0));
#252=CARTESIAN_POINT('',(6.128857957850E-3,4.821484611953E0,6.378968936711E0));
#253=CARTESIAN_POINT('',(-9.893460115753E-4,4.875075357391E0,5.794013520523E0));
#254=CARTESIAN_POINT('',(1.960125573572E-3,4.875000231123E0,5.498044973786E0));
#256=CARTESIAN_POINT('',(5.175000000001E0,1.964656527289E-11,6.25E-1));
#257=CARTESIAN_POINT('',(5.174994483652E0,2.051456948229E-1,6.250028500617E-1));
#258=CARTESIAN_POINT('',(5.147306479485E0,6.226413478720E-1,6.510889578809E-1));
#259=CARTESIAN_POINT('',(5.016858034662E0,1.254589215320E0,7.739741863189E-1));
#260=CARTESIAN_POINT('',(4.786988850731E0,1.895166332472E0,9.905175210536E-1));
#261=CARTESIAN_POINT('',(4.442079329443E0,2.537501683720E0,1.315432286477E0));
#262=CARTESIAN_POINT('',(3.966396535557E0,3.165071978683E0,1.763539404246E0));
#263=CARTESIAN_POINT('',(3.340961445488E0,3.756546857673E0,2.352716555507E0));
#264=CARTESIAN_POINT('',(2.575795513419E0,4.256959922787E0,3.073529185718E0));
#265=CARTESIAN_POINT('',(1.788959503564E0,4.596640527721E0,3.814736093751E0));
#266=CARTESIAN_POINT('',(9.768741784477E-1,4.811902518474E0,4.579803075628E0));
#267=CARTESIAN_POINT('',(3.367577853410E-1,4.874867301220E0,5.182662758254E0));
#268=CARTESIAN_POINT('',(1.960125573572E-3,4.875000231123E0,5.498044973786E0));
#270=DIRECTION('',(1.E0,-7.811927847409E-10,9.769962617012E-14));
#271=VECTOR('',#270,2.499999999921E-2);
#272=CARTESIAN_POINT('',(5.175000000001E0,1.964656527289E-11,6.25E-1));
#273=LINE('',#272,#271);
#274=CARTESIAN_POINT('',(5.2E0,-9.749701046502E-13,9.25E-1));
#275=DIRECTION('',(0.E0,1.E0,-2.131073095768E-13));
#276=DIRECTION('',(1.E0,0.E0,0.E0));
#277=AXIS2_PLACEMENT_3D('',#274,#275,#276);
#279=CARTESIAN_POINT('',(5.5E0,0.E0,5.5E0));
#280=DIRECTION('',(1.E0,0.E0,0.E0));
#281=DIRECTION('',(0.E0,0.E0,1.E0));
#282=AXIS2_PLACEMENT_3D('',#279,#280,#281);
#284=CARTESIAN_POINT('',(5.5E0,0.E0,5.5E0));
#285=DIRECTION('',(1.E0,0.E0,0.E0));
#286=DIRECTION('',(0.E0,0.E0,-1.E0));
#287=AXIS2_PLACEMENT_3D('',#284,#285,#286);
#289=CARTESIAN_POINT('',(5.5E0,0.E0,5.5E0));
#290=DIRECTION('',(1.E0,0.E0,0.E0));
#291=DIRECTION('',(0.E0,0.E0,1.E0));
#292=AXIS2_PLACEMENT_3D('',#289,#290,#291);
#294=CARTESIAN_POINT('',(5.5E0,0.E0,5.5E0));
#295=DIRECTION('',(1.E0,0.E0,0.E0));
#296=DIRECTION('',(0.E0,0.E0,-1.E0));
#297=AXIS2_PLACEMENT_3D('',#294,#295,#296);
#299=CARTESIAN_POINT('',(5.8E0,2.874359777971E-10,8.975E0));
#300=DIRECTION('',(0.E0,-1.E0,8.271538662341E-11));
#301=DIRECTION('',(-1.E0,0.E0,-4.108713369533E-11));
#302=AXIS2_PLACEMENT_3D('',#299,#300,#301);
#304=CARTESIAN_POINT('',(5.8E0,-2.874354226856E-10,2.025E0));
#305=DIRECTION('',(0.E0,1.E0,-8.271523049830E-11));
#306=DIRECTION('',(-1.E0,0.E0,4.109749577689E-11));
#307=AXIS2_PLACEMENT_3D('',#304,#305,#306);
#309=CARTESIAN_POINT('',(1.6E1,0.E0,5.5E0));
#310=DIRECTION('',(1.E0,0.E0,0.E0));
#311=DIRECTION('',(0.E0,0.E0,-1.E0));
#312=AXIS2_PLACEMENT_3D('',#309,#310,#311);
#314=DIRECTION('',(1.E0,7.853027456543E-12,0.E0));
#315=VECTOR('',#314,8.2E0);
#316=CARTESIAN_POINT('',(1.6E1,0.E0,2.325E0));
#317=LINE('',#316,#315);
#318=CARTESIAN_POINT('',(2.42E1,0.E0,5.5E0));
#319=DIRECTION('',(1.E0,0.E0,0.E0));
#320=DIRECTION('',(0.E0,0.E0,-1.E0));
#321=AXIS2_PLACEMENT_3D('',#318,#319,#320);
#323=CARTESIAN_POINT('',(1.5E1,0.E0,5.5E0));
#324=DIRECTION('',(1.E0,0.E0,0.E0));
#325=DIRECTION('',(0.E0,0.E0,-1.E0));
#326=AXIS2_PLACEMENT_3D('',#323,#324,#325);
#328=CARTESIAN_POINT('',(5.8E0,0.E0,5.5E0));
#329=DIRECTION('',(1.E0,0.E0,0.E0));
#330=DIRECTION('',(0.E0,0.E0,-1.E0));
#331=AXIS2_PLACEMENT_3D('',#328,#329,#330);
#333=DIRECTION('',(1.E0,-5.262812710474E-12,0.E0));
#334=VECTOR('',#333,9.2E0);
#335=CARTESIAN_POINT('',(5.8E0,4.841722837427E-11,2.325E0));
#336=LINE('',#335,#334);
#337=CARTESIAN_POINT('',(1.6E1,0.E0,5.5E0));
#338=DIRECTION('',(-1.E0,0.E0,0.E0));
#339=DIRECTION('',(0.E0,0.E0,1.E0));
#340=AXIS2_PLACEMENT_3D('',#337,#338,#339);
#342=DIRECTION('',(-1.E0,0.E0,0.E0));
#343=VECTOR('',#342,1.E0);
#344=CARTESIAN_POINT('',(1.6E1,0.E0,8.5E0));
#345=LINE('',#344,#343);
#346=CARTESIAN_POINT('',(1.6E1,0.E0,5.5E0));
#347=DIRECTION('',(1.E0,0.E0,0.E0));
#348=DIRECTION('',(0.E0,0.E0,1.E0));
#349=AXIS2_PLACEMENT_3D('',#346,#347,#348);
#351=DIRECTION('',(-1.E0,0.E0,0.E0));
#352=VECTOR('',#351,1.E0);
#353=CARTESIAN_POINT('',(1.6E1,0.E0,2.5E0));
#354=LINE('',#353,#352);
#355=CARTESIAN_POINT('',(1.5E1,0.E0,5.5E0));
#356=DIRECTION('',(1.E0,0.E0,0.E0));
#357=DIRECTION('',(0.E0,0.E0,1.E0));
#358=AXIS2_PLACEMENT_3D('',#355,#356,#357);
#360=CARTESIAN_POINT('',(1.5E1,0.E0,5.5E0));
#361=DIRECTION('',(-1.E0,0.E0,0.E0));
#362=DIRECTION('',(0.E0,0.E0,1.E0));
#363=AXIS2_PLACEMENT_3D('',#360,#361,#362);
#365=CARTESIAN_POINT('',(1.6E1,0.E0,5.5E0));
#366=DIRECTION('',(1.E0,0.E0,0.E0));
#367=DIRECTION('',(0.E0,0.E0,1.E0));
#368=AXIS2_PLACEMENT_3D('',#365,#366,#367);
#370=DIRECTION('',(1.E0,-7.853010262582E-12,0.E0));
#371=VECTOR('',#370,8.2E0);
#372=CARTESIAN_POINT('',(1.6E1,0.E0,8.675E0));
#373=LINE('',#372,#371);
#374=CARTESIAN_POINT('',(2.42E1,0.E0,5.5E0));
#375=DIRECTION('',(1.E0,0.E0,0.E0));
#376=DIRECTION('',(0.E0,0.E0,1.E0));
#377=AXIS2_PLACEMENT_3D('',#374,#375,#376);
#379=CARTESIAN_POINT('',(1.5E1,0.E0,5.5E0));
#380=DIRECTION('',(1.E0,0.E0,0.E0));
#381=DIRECTION('',(0.E0,0.E0,1.E0));
#382=AXIS2_PLACEMENT_3D('',#379,#380,#381);
#384=CARTESIAN_POINT('',(5.8E0,0.E0,5.5E0));
#385=DIRECTION('',(1.E0,0.E0,0.E0));
#386=DIRECTION('',(0.E0,0.E0,1.E0));
#387=AXIS2_PLACEMENT_3D('',#384,#385,#386);
#389=DIRECTION('',(1.E0,5.262834263963E-12,0.E0));
#390=VECTOR('',#389,9.2E0);
#391=CARTESIAN_POINT('',(5.8E0,-4.841768640310E-11,8.675E0));
#392=LINE('',#391,#390);
#393=CARTESIAN_POINT('',(2.42E1,2.956996730807E-10,8.375E0));
#394=DIRECTION('',(0.E0,-1.E0,1.028520602020E-10));
#395=DIRECTION('',(1.E0,0.E0,0.E0));
#396=AXIS2_PLACEMENT_3D('',#393,#394,#395);
#398=CARTESIAN_POINT('',(2.45E1,0.E0,5.5E0));
#399=DIRECTION('',(1.E0,0.E0,0.E0));
#400=DIRECTION('',(0.E0,0.E0,1.E0));
#401=AXIS2_PLACEMENT_3D('',#398,#399,#400);
#403=CARTESIAN_POINT('',(2.45E1,0.E0,5.5E0));
#404=DIRECTION('',(1.E0,0.E0,0.E0));
#405=DIRECTION('',(0.E0,0.E0,-1.E0));
#406=AXIS2_PLACEMENT_3D('',#403,#404,#405);
#408=CARTESIAN_POINT('',(2.45E1,0.E0,5.5E0));
#409=DIRECTION('',(-1.E0,0.E0,0.E0));
#410=DIRECTION('',(0.E0,0.E0,-1.E0));
#411=AXIS2_PLACEMENT_3D('',#408,#409,#410);
#413=CARTESIAN_POINT('',(2.45E1,0.E0,5.5E0));
#414=DIRECTION('',(-1.E0,0.E0,0.E0));
#415=DIRECTION('',(0.E0,0.E0,1.E0));
#416=AXIS2_PLACEMENT_3D('',#413,#414,#415);
#418=CARTESIAN_POINT('',(2.42E1,-2.956992983805E-10,2.625E0));
#419=DIRECTION('',(0.E0,1.E0,-1.028519283630E-10));
#420=DIRECTION('',(1.E0,0.E0,0.E0));
#421=AXIS2_PLACEMENT_3D('',#418,#419,#420);
#423=CARTESIAN_POINT('',(2.42E1,1.309138381034E-9,3.25E0));
#424=DIRECTION('',(0.E0,-1.E0,-5.818392850854E-10));
#425=DIRECTION('',(1.E0,0.E0,5.403647899508E-10));
#426=AXIS2_PLACEMENT_3D('',#423,#424,#425);
#428=CARTESIAN_POINT('',(2.42E1,-1.309138603078E-9,7.75E0));
#429=DIRECTION('',(0.E0,1.E0,5.818393822299E-10));
#430=DIRECTION('',(1.E0,0.E0,-5.403647899508E-10));
#431=AXIS2_PLACEMENT_3D('',#428,#429,#430);
#433=CARTESIAN_POINT('',(2.081466351114E-3,1.950000204540E0,5.497915626041E0));
#434=CARTESIAN_POINT('',(7.817409268150E-2,1.950097026716E0,5.652107795760E0));
#435=CARTESIAN_POINT('',(2.397834146440E-1,1.914339411271E0,5.941356672182E0));
#436=CARTESIAN_POINT('',(4.413867017873E-1,1.783416095341E0,6.321397787825E0));
#437=CARTESIAN_POINT('',(6.267459084417E-1,1.581099831162E0,6.663057918293E0));
#438=CARTESIAN_POINT('',(7.786233891548E-1,1.326499749994E0,6.946175252537E0));
#439=CARTESIAN_POINT('',(9.014866126959E-1,1.022373981965E0,7.173739770673E0));
#440=CARTESIAN_POINT('',(9.820241823732E-1,7.144067542951E-1,7.324213928626E0));
#441=CARTESIAN_POINT('',(1.034776407244E0,3.933329449942E-1,7.421081015796E0));
#442=CARTESIAN_POINT('',(1.049992576693E0,1.349929973909E-1,7.449997214168E0));
#443=CARTESIAN_POINT('',(1.05E0,4.996935133044E-11,7.45E0));
#445=CARTESIAN_POINT('',(2.42E1,0.E0,5.5E0));
#446=DIRECTION('',(-1.E0,0.E0,0.E0));
#447=DIRECTION('',(0.E0,0.E0,1.E0));
#448=AXIS2_PLACEMENT_3D('',#445,#446,#447);
#450=CARTESIAN_POINT('',(2.081466351114E-3,1.950000204540E0,5.497915626041E0));
#451=CARTESIAN_POINT('',(-1.521057038663E-1,1.950096699247E0,5.421812556927E0));
#452=CARTESIAN_POINT('',(-4.413406554901E-1,1.914349024569E0,5.260179306107E0));
#453=CARTESIAN_POINT('',(-8.214777968926E-1,1.783378207225E0,5.058804192324E0));
#454=CARTESIAN_POINT('',(-1.163070411770E0,1.581096150206E0,4.873246558920E0));
#455=CARTESIAN_POINT('',(-1.446216717517E0,1.326426607286E0,4.721704947941E0));
#456=CARTESIAN_POINT('',(-1.673530043987E0,1.022704431186E0,4.597074352277E0));
#457=CARTESIAN_POINT('',(-1.824210400998E0,7.144599348434E-1,4.517936499653E0));
#458=CARTESIAN_POINT('',(-1.921032909848E0,3.934828248757E-1,4.462900226267E0));
#459=CARTESIAN_POINT('',(-1.950025392787E0,1.350400575380E-1,4.449922053452E0));
#460=CARTESIAN_POINT('',(-1.949999999857E0,8.304139174786E-9,4.449968931387E0));
#462=CARTESIAN_POINT('',(2.081466351114E-3,1.950000204540E0,5.497915626041E0));
#463=CARTESIAN_POINT('',(1.659819472E-1,1.949824678322E0,5.334125710754E0));
#464=CARTESIAN_POINT('',(4.791036992312E-1,1.908945556132E0,5.020846336538E0));
#465=CARTESIAN_POINT('',(9.004677745265E-1,1.747455538505E0,4.599545613351E0));
#466=CARTESIAN_POINT('',(1.243277367612E0,1.519597751093E0,4.256719045111E0));
#467=CARTESIAN_POINT('',(1.517064376219E0,1.244347304396E0,3.982936585012E0));
#468=CARTESIAN_POINT('',(1.720479482311E0,9.402649898548E-1,3.779520260040E0));
#469=CARTESIAN_POINT('',(1.856569470264E0,6.260807966706E-1,3.643430599103E0));
#470=CARTESIAN_POINT('',(1.933433803034E0,3.129860031702E-1,3.566566177147E0));
#471=CARTESIAN_POINT('',(1.95E0,1.031110314808E-1,3.55E0));
#472=CARTESIAN_POINT('',(1.95E0,0.E0,3.55E0));
#474=DIRECTION('',(0.E0,-4.508043368288E-12,-1.E0));
#475=VECTOR('',#474,2.225E1);
#476=CARTESIAN_POINT('',(1.95E0,0.E0,3.55E0));
#477=LINE('',#476,#475);
#478=CARTESIAN_POINT('',(0.E0,0.E0,-1.87E1));
#479=DIRECTION('',(0.E0,0.E0,1.E0));
#480=DIRECTION('',(1.E0,0.E0,0.E0));
#481=AXIS2_PLACEMENT_3D('',#478,#479,#480);
#483=DIRECTION('',(6.164887296070E-12,3.543777702193E-10,1.E0));
#484=VECTOR('',#483,2.314996893139E1);
#485=CARTESIAN_POINT('',(-1.95E0,1.003048042353E-10,-1.87E1));
#486=LINE('',#485,#484);
#487=CARTESIAN_POINT('',(-1.949999999857E0,8.304139174786E-9,4.449968931387E0));
#488=CARTESIAN_POINT('',(-1.950016704331E0,-1.209693627347E-1,
4.449940538765E0));
#489=CARTESIAN_POINT('',(-1.926878253189E0,-3.610870514889E-1,
4.460972837786E0));
#490=CARTESIAN_POINT('',(-1.833731149954E0,-6.936428303519E-1,
4.511725433739E0));
#491=CARTESIAN_POINT('',(-1.675066664107E0,-1.020648300783E0,4.596572325802E0));
#492=CARTESIAN_POINT('',(-1.453161916633E0,-1.318568365915E0,4.717947725712E0));
#493=CARTESIAN_POINT('',(-1.168238466017E0,-1.576830339253E0,4.870413437941E0));
#494=CARTESIAN_POINT('',(-8.381305368953E-1,-1.775667234718E0,
5.049916819771E0));
#495=CARTESIAN_POINT('',(-4.447029010315E-1,-1.914563780254E0,
5.258189456444E0));
#496=CARTESIAN_POINT('',(-1.533738267023E-1,-1.950111081481E0,
5.421505373654E0));
#497=CARTESIAN_POINT('',(2.365105263586E-3,-1.950000247567E0,5.497631377074E0));
#499=CARTESIAN_POINT('',(0.E0,0.E0,-1.87E1));
#500=DIRECTION('',(0.E0,0.E0,1.E0));
#501=DIRECTION('',(-1.E0,0.E0,0.E0));
#502=AXIS2_PLACEMENT_3D('',#499,#500,#501);
#504=CARTESIAN_POINT('',(1.95E0,0.E0,3.55E0));
#505=CARTESIAN_POINT('',(1.95E0,-1.031091793191E-1,3.55E0));
#506=CARTESIAN_POINT('',(1.933434427949E0,-3.129768637412E-1,3.566565549955E0));
#507=CARTESIAN_POINT('',(1.856577681391E0,-6.260515568200E-1,3.643422395944E0));
#508=CARTESIAN_POINT('',(1.720507924682E0,-9.402085206094E-1,3.779491788073E0));
#509=CARTESIAN_POINT('',(1.517117019810E0,-1.244284399893E0,3.982884051836E0));
#510=CARTESIAN_POINT('',(1.243326175587E0,-1.519556281897E0,4.256669825072E0));
#511=CARTESIAN_POINT('',(9.005513187190E-1,-1.747414259908E0,4.599463606996E0));
#512=CARTESIAN_POINT('',(4.791668562861E-1,-1.908924129194E0,5.020777440196E0));
#513=CARTESIAN_POINT('',(1.661857511845E-1,-1.949800897929E0,5.333934273214E0));
#514=CARTESIAN_POINT('',(2.365105263586E-3,-1.950000247567E0,5.497631377074E0));
#516=CARTESIAN_POINT('',(1.049999999983E0,3.910185654031E-7,4.450000000017E0));
#517=DIRECTION('',(3.723701631264E-7,-9.999999999999E-1,-3.723701633752E-7));
#518=DIRECTION('',(5.741555379378E-12,-3.723701633731E-7,9.999999999999E-1));
#519=AXIS2_PLACEMENT_3D('',#516,#517,#518);
#521=CARTESIAN_POINT('',(1.05E0,4.996935133044E-11,7.45E0));
#522=CARTESIAN_POINT('',(1.049992876270E0,-1.209497434572E-1,7.449997316220E0));
#523=CARTESIAN_POINT('',(1.037784208868E0,-3.610168723762E-1,7.426894921518E0));
#524=CARTESIAN_POINT('',(9.872407002732E-1,-6.934450715067E-1,
7.333789800755E0));
#525=CARTESIAN_POINT('',(9.023432022340E-1,-1.020383637261E0,7.175243190400E0));
#526=CARTESIAN_POINT('',(7.822863368306E-1,-1.318624067560E0,6.953129812527E0));
#527=CARTESIAN_POINT('',(6.296207885583E-1,-1.576842590405E0,6.668217279659E0));
#528=CARTESIAN_POINT('',(4.502379641198E-1,-1.775698232495E0,6.338064185684E0));
#529=CARTESIAN_POINT('',(2.417829801612E-1,-1.914555897962E0,5.944715620652E0));
#530=CARTESIAN_POINT('',(7.847824380602E-2,-1.950111480475E0,5.653376773480E0));
#531=CARTESIAN_POINT('',(2.365105263586E-3,-1.950000247567E0,5.497631377074E0));
#533=DIRECTION('',(-1.E0,-4.508043368288E-12,0.E0));
#534=VECTOR('',#533,2.225E1);
#535=CARTESIAN_POINT('',(2.42E1,1.003042634521E-10,3.55E0));
#536=LINE('',#535,#534);
#537=CARTESIAN_POINT('',(2.42E1,0.E0,5.5E0));
#538=DIRECTION('',(-1.E0,0.E0,0.E0));
#539=DIRECTION('',(0.E0,0.E0,-1.E0));
#540=AXIS2_PLACEMENT_3D('',#537,#538,#539);
#542=DIRECTION('',(-1.E0,6.491299805459E-12,0.E0));
#543=VECTOR('',#542,2.315E1);
#544=CARTESIAN_POINT('',(2.42E1,-1.003042391659E-10,7.45E0));
#545=LINE('',#544,#543);
#546=CARTESIAN_POINT('',(-2.25E0,1.309139033560E-9,-1.87E1));
#547=DIRECTION('',(-5.818393059021E-10,-1.E0,0.E0));
#548=DIRECTION('',(5.403647899508E-10,0.E0,-1.E0));
#549=AXIS2_PLACEMENT_3D('',#546,#547,#548);
#551=CARTESIAN_POINT('',(2.25E0,-1.309138103208E-9,-1.87E1));
#552=DIRECTION('',(5.818394238633E-10,1.E0,0.E0));
#553=DIRECTION('',(-5.403633096535E-10,0.E0,-1.E0));
#554=AXIS2_PLACEMENT_3D('',#551,#552,#553);
#556=CARTESIAN_POINT('',(5.2E0,9.755529717381E-13,1.0075E1));
#557=DIRECTION('',(0.E0,-1.E0,2.132356791140E-13));
#558=DIRECTION('',(1.E0,0.E0,-1.184237892934E-14));
#559=AXIS2_PLACEMENT_3D('',#556,#557,#558);
#561=CARTESIAN_POINT('',(5.2E0,0.E0,5.5E0));
#562=DIRECTION('',(1.E0,0.E0,0.E0));
#563=DIRECTION('',(0.E0,0.E0,1.E0));
#564=AXIS2_PLACEMENT_3D('',#561,#562,#563);
#566=CARTESIAN_POINT('',(1.815697735665E-3,-4.875000163990E0,5.498188898410E0));
#567=CARTESIAN_POINT('',(3.040359272632E-1,-4.874897849601E0,5.213493834938E0));
#568=CARTESIAN_POINT('',(8.829493703578E-1,-4.824798392292E0,4.668280170115E0));
#569=CARTESIAN_POINT('',(1.657622758638E0,-4.637116747594E0,3.938459750701E0));
#570=CARTESIAN_POINT('',(2.343430427537E0,-4.363763718069E0,3.292423559680E0));
#571=CARTESIAN_POINT('',(2.927645094697E0,-4.035322729234E0,2.742072665100E0));
#572=CARTESIAN_POINT('',(3.418948948072E0,-3.674063623990E0,2.279251143947E0));
#573=CARTESIAN_POINT('',(3.831645836952E0,-3.290749958414E0,1.890478467667E0));
#574=CARTESIAN_POINT('',(4.171481786487E0,-2.898678819144E0,1.570343218147E0));
#575=CARTESIAN_POINT('',(4.446458229166E0,-2.507656355900E0,1.311307432138E0));
#576=CARTESIAN_POINT('',(4.664694949628E0,-2.124634092923E0,1.105722130878E0));
#577=CARTESIAN_POINT('',(4.833456284034E0,-1.755844027145E0,9.467440711904E-1));
#578=CARTESIAN_POINT('',(4.960004849355E0,-1.405503569103E0,8.275316605934E-1));
#579=CARTESIAN_POINT('',(5.050847733600E0,-1.077716224466E0,7.419550360400E-1));
#580=CARTESIAN_POINT('',(5.112561952902E0,-7.739913564260E-1,
6.838184499033E-1));
#581=CARTESIAN_POINT('',(5.151014973268E0,-4.939384825220E-1,
6.475945883173E-1));
#582=CARTESIAN_POINT('',(5.171162830312E0,-2.362427709956E-1,
6.286147532613E-1));
#583=CARTESIAN_POINT('',(5.174999850107E0,-7.647633210546E-2,
6.250000695018E-1));
#584=CARTESIAN_POINT('',(5.175000000001E0,1.964656527289E-11,6.25E-1));
#586=CARTESIAN_POINT('',(1.815697735665E-3,-4.875000163990E0,5.498188898410E0));
#587=CARTESIAN_POINT('',(-8.456170734227E-4,-4.875068914362E0,
5.790043216965E0));
#588=CARTESIAN_POINT('',(5.983247199203E-3,-4.822444376588E0,6.368235638958E0));
#589=CARTESIAN_POINT('',(7.740678406654E-3,-4.600021437537E0,7.186580076388E0));
#590=CARTESIAN_POINT('',(1.305315099623E-2,-4.237820426939E0,7.959750357622E0));
#591=CARTESIAN_POINT('',(1.594746752535E-2,-3.746200047016E0,8.657702602444E0));
#592=CARTESIAN_POINT('',(1.940692154274E-2,-3.145299696918E0,9.257214722555E0));
#593=CARTESIAN_POINT('',(2.227121962515E-2,-2.442771597589E0,9.746521263464E0));
#594=CARTESIAN_POINT('',(2.396293002930E-2,-1.696838687063E0,1.009473806583E1));
#595=CARTESIAN_POINT('',(2.549742613691E-2,-8.858253520189E-1,
1.031956284133E1));
#596=CARTESIAN_POINT('',(2.502412204554E-2,-2.991253050521E-1,
1.037501737989E1));
#597=CARTESIAN_POINT('',(2.500543443555E-2,4.248804315159E-10,1.0375E1));
#599=DIRECTION('',(1.E0,-8.212508579606E-11,4.434889785324E-13));
#600=VECTOR('',#599,5.174994526584E0);
#601=CARTESIAN_POINT('',(2.500543443555E-2,4.248804315159E-10,1.0375E1));
#602=LINE('',#601,#600);
#603=CARTESIAN_POINT('',(5.174999999999E0,4.455570298028E-8,3.250000000011E-1));
#604=DIRECTION('',(-8.609462925127E-9,1.E0,8.609462925127E-9));
#605=DIRECTION('',(-1.E0,-8.609462925095E-9,-3.685385330244E-12));
#606=AXIS2_PLACEMENT_3D('',#603,#604,#605);
#608=CARTESIAN_POINT('',(-4.875E0,-1.042090125879E-9,5.475E0));
#609=CARTESIAN_POINT('',(2.500401310654E-2,-1.042089268029E-9,1.0375E1));
#610=VERTEX_POINT('',#608);
#611=VERTEX_POINT('',#609);
#612=VERTEX_POINT('',#164);
#613=VERTEX_POINT('',#176);
#614=VERTEX_POINT('',#256);
#615=VERTEX_POINT('',#566);
#616=CARTESIAN_POINT('',(5.5E0,0.E0,8.975E0));
#617=CARTESIAN_POINT('',(5.5E0,0.E0,2.025E0));
#618=VERTEX_POINT('',#616);
#619=VERTEX_POINT('',#617);
#620=CARTESIAN_POINT('',(5.8E0,0.E0,8.675E0));
#621=CARTESIAN_POINT('',(5.8E0,0.E0,2.325E0));
#622=VERTEX_POINT('',#620);
#623=VERTEX_POINT('',#621);
#624=CARTESIAN_POINT('',(3.475E0,0.E0,0.E0));
#625=CARTESIAN_POINT('',(-3.475E0,0.E0,0.E0));
#626=VERTEX_POINT('',#624);
#627=VERTEX_POINT('',#625);
#628=CARTESIAN_POINT('',(3.175E0,0.E0,-3.E-1));
#629=CARTESIAN_POINT('',(-3.175E0,0.E0,-3.E-1));
#630=VERTEX_POINT('',#628);
#631=VERTEX_POINT('',#629);
#632=CARTESIAN_POINT('',(2.45E1,0.E0,8.375E0));
#633=CARTESIAN_POINT('',(2.45E1,0.E0,2.625E0));
#634=VERTEX_POINT('',#632);
#635=VERTEX_POINT('',#633);
#636=CARTESIAN_POINT('',(2.42E1,0.E0,8.675E0));
#637=CARTESIAN_POINT('',(2.42E1,0.E0,2.325E0));
#638=VERTEX_POINT('',#636);
#639=VERTEX_POINT('',#637);
#640=CARTESIAN_POINT('',(2.45E1,0.E0,3.25E0));
#641=CARTESIAN_POINT('',(2.45E1,0.E0,7.75E0));
#642=VERTEX_POINT('',#640);
#643=VERTEX_POINT('',#641);
#644=CARTESIAN_POINT('',(2.42E1,0.E0,3.55E0));
#645=CARTESIAN_POINT('',(2.42E1,0.E0,7.45E0));
#646=VERTEX_POINT('',#644);
#647=VERTEX_POINT('',#645);
#648=CARTESIAN_POINT('',(2.875E0,0.E0,-1.9E1));
#649=CARTESIAN_POINT('',(-2.875E0,0.E0,-1.9E1));
#650=VERTEX_POINT('',#648);
#651=VERTEX_POINT('',#649);
#652=CARTESIAN_POINT('',(3.175E0,0.E0,-1.87E1));
#653=CARTESIAN_POINT('',(-3.175E0,0.E0,-1.87E1));
#654=VERTEX_POINT('',#652);
#655=VERTEX_POINT('',#653);
#656=CARTESIAN_POINT('',(-2.25E0,0.E0,-1.9E1));
#657=CARTESIAN_POINT('',(2.25E0,0.E0,-1.9E1));
#658=VERTEX_POINT('',#656);
#659=VERTEX_POINT('',#657);
#660=CARTESIAN_POINT('',(-1.95E0,0.E0,-1.87E1));
#661=CARTESIAN_POINT('',(1.95E0,0.E0,-1.87E1));
#662=VERTEX_POINT('',#660);
#663=VERTEX_POINT('',#661);
#664=CARTESIAN_POINT('',(5.5E0,0.E0,1.0075E1));
#665=CARTESIAN_POINT('',(5.5E0,0.E0,9.25E-1));
#666=VERTEX_POINT('',#664);
#667=VERTEX_POINT('',#665);
#668=CARTESIAN_POINT('',(5.2E0,0.E0,1.0375E1));
#669=CARTESIAN_POINT('',(5.2E0,0.E0,6.25E-1));
#670=VERTEX_POINT('',#668);
#671=VERTEX_POINT('',#669);
#672=CARTESIAN_POINT('',(4.575E0,0.E0,0.E0));
#673=CARTESIAN_POINT('',(-4.575E0,0.E0,0.E0));
#674=VERTEX_POINT('',#672);
#675=VERTEX_POINT('',#673);
#676=CARTESIAN_POINT('',(4.875E0,0.E0,3.E-1));
#677=CARTESIAN_POINT('',(-4.875E0,0.E0,3.E-1));
#678=VERTEX_POINT('',#676);
#679=VERTEX_POINT('',#677);
#680=CARTESIAN_POINT('',(1.6E1,0.E0,8.5E0));
#681=CARTESIAN_POINT('',(1.5E1,0.E0,8.5E0));
#682=VERTEX_POINT('',#680);
#683=VERTEX_POINT('',#681);
#684=CARTESIAN_POINT('',(1.6E1,0.E0,2.5E0));
#685=CARTESIAN_POINT('',(1.5E1,0.E0,2.5E0));
#686=VERTEX_POINT('',#684);
#687=VERTEX_POINT('',#685);
#688=CARTESIAN_POINT('',(1.6E1,0.E0,2.325E0));
#689=CARTESIAN_POINT('',(1.6E1,0.E0,8.675E0));
#690=VERTEX_POINT('',#688);
#691=VERTEX_POINT('',#689);
#692=CARTESIAN_POINT('',(1.5E1,0.E0,2.325E0));
#693=CARTESIAN_POINT('',(1.5E1,0.E0,8.675E0));
#694=VERTEX_POINT('',#692);
#695=VERTEX_POINT('',#693);
#696=CARTESIAN_POINT('',(3.E0,0.E0,-1.05E1));
#697=CARTESIAN_POINT('',(3.E0,0.E0,-9.5E0));
#698=VERTEX_POINT('',#696);
#699=VERTEX_POINT('',#697);
#700=CARTESIAN_POINT('',(-3.E0,0.E0,-1.05E1));
#701=CARTESIAN_POINT('',(-3.E0,0.E0,-9.5E0));
#702=VERTEX_POINT('',#700);
#703=VERTEX_POINT('',#701);
#704=CARTESIAN_POINT('',(-3.175E0,0.E0,-1.05E1));
#705=CARTESIAN_POINT('',(3.175E0,0.E0,-1.05E1));
#706=VERTEX_POINT('',#704);
#707=VERTEX_POINT('',#705);
#708=CARTESIAN_POINT('',(-3.175E0,0.E0,-9.5E0));
#709=CARTESIAN_POINT('',(3.175E0,0.E0,-9.5E0));
#710=VERTEX_POINT('',#708);
#711=VERTEX_POINT('',#709);
#712=CARTESIAN_POINT('',(1.95E0,0.E0,3.55E0));
#713=VERTEX_POINT('',#712);
#714=VERTEX_POINT('',#521);
#715=VERTEX_POINT('',#531);
#716=VERTEX_POINT('',#487);
#717=VERTEX_POINT('',#450);
#718=CARTESIAN_POINT('',(0.E0,0.E0,-1.9E1));
#719=DIRECTION('',(0.E0,0.E0,-1.E0));
#720=DIRECTION('',(-1.E0,0.E0,0.E0));
#721=AXIS2_PLACEMENT_3D('',#718,#719,#720);
#722=PLANE('',#721);
#724=ORIENTED_EDGE('',*,*,#723,.F.);
#726=ORIENTED_EDGE('',*,*,#725,.F.);
#727=EDGE_LOOP('',(#724,#726));
#728=FACE_OUTER_BOUND('',#727,.F.);
#730=ORIENTED_EDGE('',*,*,#729,.F.);
#732=ORIENTED_EDGE('',*,*,#731,.F.);
#733=EDGE_LOOP('',(#730,#732));
#734=FACE_BOUND('',#733,.F.);
#735=ADVANCED_FACE('',(#728,#734),#722,.T.);
#736=CARTESIAN_POINT('',(0.E0,0.E0,-1.87E1));
#737=DIRECTION('',(0.E0,0.E0,-1.E0));
#738=DIRECTION('',(9.997850666051E-1,2.073211502709E-2,0.E0));
#739=AXIS2_PLACEMENT_3D('',#736,#737,#738);
#740=TOROIDAL_SURFACE('',#739,2.875E0,3.E-1);
#741=ORIENTED_EDGE('',*,*,#723,.T.);
#743=ORIENTED_EDGE('',*,*,#742,.T.);
#745=ORIENTED_EDGE('',*,*,#744,.F.);
#747=ORIENTED_EDGE('',*,*,#746,.F.);
#748=EDGE_LOOP('',(#741,#743,#745,#747));
#749=FACE_OUTER_BOUND('',#748,.F.);
#750=ADVANCED_FACE('',(#749),#740,.T.);
#751=CARTESIAN_POINT('',(0.E0,0.E0,-1.87E1));
#752=DIRECTION('',(0.E0,0.E0,-1.E0));
#753=DIRECTION('',(-9.997850666051E-1,-2.073211502709E-2,0.E0));
#754=AXIS2_PLACEMENT_3D('',#751,#752,#753);
#755=TOROIDAL_SURFACE('',#754,2.875E0,3.E-1);
#756=ORIENTED_EDGE('',*,*,#725,.T.);
#757=ORIENTED_EDGE('',*,*,#746,.T.);
#759=ORIENTED_EDGE('',*,*,#758,.F.);
#760=ORIENTED_EDGE('',*,*,#742,.F.);
#761=EDGE_LOOP('',(#756,#757,#759,#760));
#762=FACE_OUTER_BOUND('',#761,.F.);
#763=ADVANCED_FACE('',(#762),#755,.T.);
#764=CARTESIAN_POINT('',(0.E0,0.E0,0.E0));
#765=DIRECTION('',(0.E0,0.E0,-1.E0));
#766=DIRECTION('',(-1.E0,0.E0,0.E0));
#767=AXIS2_PLACEMENT_3D('',#764,#765,#766);
#768=CYLINDRICAL_SURFACE('',#767,3.175E0);
#770=ORIENTED_EDGE('',*,*,#769,.F.);
#772=ORIENTED_EDGE('',*,*,#771,.T.);
#773=ORIENTED_EDGE('',*,*,#758,.T.);
#775=ORIENTED_EDGE('',*,*,#774,.F.);
#776=EDGE_LOOP('',(#770,#772,#773,#775));
#777=FACE_OUTER_BOUND('',#776,.F.);
#778=ADVANCED_FACE('',(#777),#768,.T.);
#779=CARTESIAN_POINT('',(0.E0,0.E0,0.E0));
#780=DIRECTION('',(0.E0,0.E0,-1.E0));
#781=DIRECTION('',(-1.E0,0.E0,0.E0));
#782=AXIS2_PLACEMENT_3D('',#779,#780,#781);
#783=CYLINDRICAL_SURFACE('',#782,3.175E0);
#785=ORIENTED_EDGE('',*,*,#784,.T.);
#787=ORIENTED_EDGE('',*,*,#786,.F.);
#789=ORIENTED_EDGE('',*,*,#788,.F.);
#791=ORIENTED_EDGE('',*,*,#790,.T.);
#792=EDGE_LOOP('',(#785,#787,#789,#791));
#793=FACE_OUTER_BOUND('',#792,.F.);
#794=ADVANCED_FACE('',(#793),#783,.T.);
#795=CARTESIAN_POINT('',(0.E0,0.E0,-1.05E1));
#796=DIRECTION('',(0.E0,0.E0,1.E0));
#797=DIRECTION('',(-1.E0,0.E0,0.E0));
#798=AXIS2_PLACEMENT_3D('',#795,#796,#797);
#799=PLANE('',#798);
#800=ORIENTED_EDGE('',*,*,#769,.T.);
#802=ORIENTED_EDGE('',*,*,#801,.T.);
#803=EDGE_LOOP('',(#800,#802));
#804=FACE_OUTER_BOUND('',#803,.F.);
#806=ORIENTED_EDGE('',*,*,#805,.T.);
#808=ORIENTED_EDGE('',*,*,#807,.F.);
#809=EDGE_LOOP('',(#806,#808));
#810=FACE_BOUND('',#809,.F.);
#811=ADVANCED_FACE('',(#804,#810),#799,.T.);
#812=CARTESIAN_POINT('',(0.E0,0.E0,-1.055E1));
#813=DIRECTION('',(0.E0,0.E0,1.E0));
#814=DIRECTION('',(-1.E0,0.E0,0.E0));
#815=AXIS2_PLACEMENT_3D('',#812,#813,#814);
#816=CYLINDRICAL_SURFACE('',#815,3.E0);
#818=ORIENTED_EDGE('',*,*,#817,.T.);
#820=ORIENTED_EDGE('',*,*,#819,.T.);
#822=ORIENTED_EDGE('',*,*,#821,.F.);
#823=ORIENTED_EDGE('',*,*,#805,.F.);
#824=EDGE_LOOP('',(#818,#820,#822,#823));
#825=FACE_OUTER_BOUND('',#824,.F.);
#826=ADVANCED_FACE('',(#825),#816,.T.);
#827=CARTESIAN_POINT('',(0.E0,0.E0,-1.055E1));
#828=DIRECTION('',(0.E0,0.E0,1.E0));
#829=DIRECTION('',(-1.E0,0.E0,0.E0));
#830=AXIS2_PLACEMENT_3D('',#827,#828,#829);
#831=CYLINDRICAL_SURFACE('',#830,3.E0);
#832=ORIENTED_EDGE('',*,*,#817,.F.);
#833=ORIENTED_EDGE('',*,*,#807,.T.);
#834=ORIENTED_EDGE('',*,*,#821,.T.);
#836=ORIENTED_EDGE('',*,*,#835,.F.);
#837=EDGE_LOOP('',(#832,#833,#834,#836));
#838=FACE_OUTER_BOUND('',#837,.F.);
#839=ADVANCED_FACE('',(#838),#831,.T.);
#840=CARTESIAN_POINT('',(0.E0,0.E0,-9.5E0));
#841=DIRECTION('',(0.E0,0.E0,1.E0));
#842=DIRECTION('',(-1.E0,0.E0,0.E0));
#843=AXIS2_PLACEMENT_3D('',#840,#841,#842);
#844=PLANE('',#843);
#845=ORIENTED_EDGE('',*,*,#784,.F.);
#847=ORIENTED_EDGE('',*,*,#846,.F.);
#848=EDGE_LOOP('',(#845,#847));
#849=FACE_OUTER_BOUND('',#848,.F.);
#850=ORIENTED_EDGE('',*,*,#835,.T.);
#851=ORIENTED_EDGE('',*,*,#819,.F.);
#852=EDGE_LOOP('',(#850,#851));
#853=FACE_BOUND('',#852,.F.);
#854=ADVANCED_FACE('',(#849,#853),#844,.F.);
#855=CARTESIAN_POINT('',(0.E0,0.E0,0.E0));
#856=DIRECTION('',(0.E0,0.E0,-1.E0));
#857=DIRECTION('',(-1.E0,0.E0,0.E0));
#858=AXIS2_PLACEMENT_3D('',#855,#856,#857);
#859=CYLINDRICAL_SURFACE('',#858,3.175E0);
#860=ORIENTED_EDGE('',*,*,#801,.F.);
#861=ORIENTED_EDGE('',*,*,#774,.T.);
#862=ORIENTED_EDGE('',*,*,#744,.T.);
#863=ORIENTED_EDGE('',*,*,#771,.F.);
#864=EDGE_LOOP('',(#860,#861,#862,#863));
#865=FACE_OUTER_BOUND('',#864,.F.);
#866=ADVANCED_FACE('',(#865),#859,.T.);
#867=CARTESIAN_POINT('',(0.E0,0.E0,0.E0));
#868=DIRECTION('',(0.E0,0.E0,-1.E0));
#869=DIRECTION('',(-1.E0,0.E0,0.E0));
#870=AXIS2_PLACEMENT_3D('',#867,#868,#869);
#871=CYLINDRICAL_SURFACE('',#870,3.175E0);
#872=ORIENTED_EDGE('',*,*,#846,.T.);
#873=ORIENTED_EDGE('',*,*,#790,.F.);
#875=ORIENTED_EDGE('',*,*,#874,.F.);
#876=ORIENTED_EDGE('',*,*,#786,.T.);
#877=EDGE_LOOP('',(#872,#873,#875,#876));
#878=FACE_OUTER_BOUND('',#877,.F.);
#879=ADVANCED_FACE('',(#878),#871,.T.);
#880=CARTESIAN_POINT('',(0.E0,0.E0,-3.E-1));
#881=DIRECTION('',(0.E0,0.E0,-1.E0));
#882=DIRECTION('',(9.997850666051E-1,2.073211502709E-2,0.E0));
#883=AXIS2_PLACEMENT_3D('',#880,#881,#882);
#884=TOROIDAL_SURFACE('',#883,3.475E0,3.E-1);
#886=ORIENTED_EDGE('',*,*,#885,.F.);
#888=ORIENTED_EDGE('',*,*,#887,.T.);
#889=ORIENTED_EDGE('',*,*,#874,.T.);
#891=ORIENTED_EDGE('',*,*,#890,.F.);
#892=EDGE_LOOP('',(#886,#888,#889,#891));
#893=FACE_OUTER_BOUND('',#892,.F.);
#894=ADVANCED_FACE('',(#893),#884,.F.);
#895=CARTESIAN_POINT('',(0.E0,0.E0,0.E0));
#896=DIRECTION('',(0.E0,0.E0,1.E0));
#897=DIRECTION('',(1.E0,0.E0,0.E0));
#898=AXIS2_PLACEMENT_3D('',#895,#896,#897);
#899=PLANE('',#898);
#901=ORIENTED_EDGE('',*,*,#900,.F.);
#903=ORIENTED_EDGE('',*,*,#902,.F.);
#904=EDGE_LOOP('',(#901,#903));
#905=FACE_OUTER_BOUND('',#904,.F.);
#906=ORIENTED_EDGE('',*,*,#885,.T.);
#908=ORIENTED_EDGE('',*,*,#907,.T.);
#909=EDGE_LOOP('',(#906,#908));
#910=FACE_BOUND('',#909,.F.);
#911=ADVANCED_FACE('',(#905,#910),#899,.F.);
#912=CARTESIAN_POINT('',(0.E0,0.E0,-3.E-1));
#913=DIRECTION('',(0.E0,0.E0,-1.E0));
#914=DIRECTION('',(-9.997850666051E-1,-2.073211502709E-2,0.E0));
#915=AXIS2_PLACEMENT_3D('',#912,#913,#914);
#916=TOROIDAL_SURFACE('',#915,3.475E0,3.E-1);
#917=ORIENTED_EDGE('',*,*,#907,.F.);
#918=ORIENTED_EDGE('',*,*,#890,.T.);
#919=ORIENTED_EDGE('',*,*,#788,.T.);
#920=ORIENTED_EDGE('',*,*,#887,.F.);
#921=EDGE_LOOP('',(#917,#918,#919,#920));
#922=FACE_OUTER_BOUND('',#921,.F.);
#923=ADVANCED_FACE('',(#922),#916,.F.);
#924=CARTESIAN_POINT('',(0.E0,0.E0,3.E-1));
#925=DIRECTION('',(0.E0,0.E0,1.E0));
#926=DIRECTION('',(9.998160241333E-1,1.918118573701E-2,0.E0));
#927=AXIS2_PLACEMENT_3D('',#924,#925,#926);
#928=TOROIDAL_SURFACE('',#927,4.575E0,3.E-1);
#929=ORIENTED_EDGE('',*,*,#900,.T.);
#931=ORIENTED_EDGE('',*,*,#930,.T.);
#933=ORIENTED_EDGE('',*,*,#932,.F.);
#935=ORIENTED_EDGE('',*,*,#934,.F.);
#936=EDGE_LOOP('',(#929,#931,#933,#935));
#937=FACE_OUTER_BOUND('',#936,.F.);
#938=ADVANCED_FACE('',(#937),#928,.T.);
#939=CARTESIAN_POINT('',(0.E0,0.E0,3.E-1));
#940=DIRECTION('',(0.E0,0.E0,1.E0));
#941=DIRECTION('',(-9.998160241333E-1,-1.918118573701E-2,0.E0));
#942=AXIS2_PLACEMENT_3D('',#939,#940,#941);
#943=TOROIDAL_SURFACE('',#942,4.575E0,3.E-1);
#944=ORIENTED_EDGE('',*,*,#902,.T.);
#945=ORIENTED_EDGE('',*,*,#934,.T.);
#947=ORIENTED_EDGE('',*,*,#946,.F.);
#948=ORIENTED_EDGE('',*,*,#930,.F.);
#949=EDGE_LOOP('',(#944,#945,#947,#948));
#950=FACE_OUTER_BOUND('',#949,.F.);
#951=ADVANCED_FACE('',(#950),#943,.T.);
#952=CARTESIAN_POINT('',(0.E0,0.E0,0.E0));
#953=DIRECTION('',(0.E0,0.E0,1.E0));
#954=DIRECTION('',(1.E0,0.E0,0.E0));
#955=AXIS2_PLACEMENT_3D('',#952,#953,#954);
#956=CYLINDRICAL_SURFACE('',#955,4.875E0);
#957=ORIENTED_EDGE('',*,*,#946,.T.);
#959=ORIENTED_EDGE('',*,*,#958,.T.);
#961=ORIENTED_EDGE('',*,*,#960,.T.);
#963=ORIENTED_EDGE('',*,*,#962,.F.);
#965=ORIENTED_EDGE('',*,*,#964,.F.);
#966=EDGE_LOOP('',(#957,#959,#961,#963,#965));
#967=FACE_OUTER_BOUND('',#966,.F.);
#968=ADVANCED_FACE('',(#967),#956,.T.);
#969=CARTESIAN_POINT('',(0.E0,0.E0,0.E0));
#970=DIRECTION('',(0.E0,0.E0,1.E0));
#971=DIRECTION('',(1.E0,0.E0,0.E0));
#972=AXIS2_PLACEMENT_3D('',#969,#970,#971);
#973=CYLINDRICAL_SURFACE('',#972,4.875E0);
#974=ORIENTED_EDGE('',*,*,#932,.T.);
#975=ORIENTED_EDGE('',*,*,#964,.T.);
#977=ORIENTED_EDGE('',*,*,#976,.F.);
#979=ORIENTED_EDGE('',*,*,#978,.T.);
#980=ORIENTED_EDGE('',*,*,#958,.F.);
#981=EDGE_LOOP('',(#974,#975,#977,#979,#980));
#982=FACE_OUTER_BOUND('',#981,.F.);
#983=ADVANCED_FACE('',(#982),#973,.T.);
#984=CARTESIAN_POINT('',(-2.980591891274E-2,-4.873699986942E0,
5.389051559380E0));
#985=CARTESIAN_POINT('',(-5.701157561513E-2,-4.873513298864E0,
5.388918113828E0));
#986=CARTESIAN_POINT('',(-3.735125628491E-1,-4.868733678606E0,
5.387332175536E0));
#987=CARTESIAN_POINT('',(-9.683087150353E-1,-4.802127078688E0,
5.383656574538E0));
#988=CARTESIAN_POINT('',(-1.788794622291E0,-4.559904942666E0,5.376819469610E0));
#989=CARTESIAN_POINT('',(-2.548096716339E0,-4.182953690808E0,5.368557514332E0));
#990=CARTESIAN_POINT('',(-3.228672947330E0,-3.682671816708E0,5.358976336606E0));
#991=CARTESIAN_POINT('',(-3.810226804437E0,-3.076287113639E0,5.348363989812E0));
#992=CARTESIAN_POINT('',(-4.273747990517E0,-2.388831195994E0,5.337412136184E0));
#993=CARTESIAN_POINT('',(-4.612728419596E0,-1.639466259791E0,5.327237695792E0));
#994=CARTESIAN_POINT('',(-4.824043866282E0,-8.386292313736E-1,
5.319516610057E0));
#995=CARTESIAN_POINT('',(-4.874617049102E0,-2.583749866268E-1,
5.317426464660E0));
#996=CARTESIAN_POINT('',(-4.872282024684E0,4.939539068669E-2,5.317525688514E0));
#997=CARTESIAN_POINT('',(-4.871905724532E0,7.408424529474E-2,5.317541893415E0));
#998=CARTESIAN_POINT('',(2.103787617290E0,-4.934979683930E0,7.521619678521E0));
#999=CARTESIAN_POINT('',(2.076322978348E0,-4.946699161716E0,7.521370045826E0));
#1000=CARTESIAN_POINT('',(1.755115389221E0,-5.080445173159E0,7.519064855497E0));
#1001=CARTESIAN_POINT('',(1.113652404306E0,-5.273894062775E0,7.527155525888E0));
#1002=CARTESIAN_POINT('',(1.300751094406E-1,-5.372042742570E0,
7.569876475164E0));
#1003=CARTESIAN_POINT('',(-8.783928547652E-1,-5.272352719683E0,
7.644021080306E0));
#1004=CARTESIAN_POINT('',(-1.881455239591E0,-4.957716022175E0,
7.749459406659E0));
#1005=CARTESIAN_POINT('',(-2.836398066205E0,-4.413278095186E0,
7.883070547548E0));
#1006=CARTESIAN_POINT('',(-3.687246396535E0,-3.634449724730E0,
8.034356798428E0));
#1007=CARTESIAN_POINT('',(-4.380215039293E0,-2.623003053297E0,
8.183928201032E0));
#1008=CARTESIAN_POINT('',(-4.854198277345E0,-1.391685392145E0,
8.301971830392E0));
#1009=CARTESIAN_POINT('',(-4.974522505819E0,-4.289503085580E-1,
8.334584759031E0));
#1010=CARTESIAN_POINT('',(-4.969000321194E0,8.200308839623E-2,
8.333029456832E0));
#1011=CARTESIAN_POINT('',(-4.968119894362E0,1.229802772066E-1,
8.332774870714E0));
#1012=CARTESIAN_POINT('',(3.576949450523E0,-2.777285175085E0,9.030890357856E0));
#1013=CARTESIAN_POINT('',(3.561586202068E0,-2.797234578292E0,9.030558496675E0));
#1014=CARTESIAN_POINT('',(3.380003159406E0,-3.027910817828E0,9.027744274067E0));
#1015=CARTESIAN_POINT('',(2.975058776362E0,-3.429339272789E0,9.044162222847E0));
#1016=CARTESIAN_POINT('',(2.250206862843E0,-3.869675251057E0,9.121956620639E0));
#1017=CARTESIAN_POINT('',(1.413962208480E0,-4.129802284388E0,9.254422366527E0));
#1018=CARTESIAN_POINT('',(4.974297631877E-1,-4.167965128995E0,
9.441262812465E0));
#1019=CARTESIAN_POINT('',(-4.504997697693E-1,-3.939584593779E0,
9.676944447270E0));
#1020=CARTESIAN_POINT('',(-1.357141700379E0,-3.408508836449E0,
9.943050577529E0));
#1021=CARTESIAN_POINT('',(-2.139303204455E0,-2.555964134026E0,
1.020567802501E1));
#1022=CARTESIAN_POINT('',(-2.697620248814E0,-1.391568021536E0,
1.041272842292E1));
#1023=CARTESIAN_POINT('',(-2.842840129471E0,-4.290394327649E-1,
1.046990156684E1));
#1024=CARTESIAN_POINT('',(-2.836191285058E0,8.201848199822E-2,
1.046717531604E1));
#1025=CARTESIAN_POINT('',(-2.835135790610E0,1.229967432141E-1,
1.046672908449E1));
#1026=CARTESIAN_POINT('',(3.459453491455E0,2.369101984730E-1,8.963836624984E0));
#1027=CARTESIAN_POINT('',(3.460910599209E0,2.176038857999E-1,8.963508417043E0));
#1028=CARTESIAN_POINT('',(3.475117516349E0,-7.200714015057E-3,
8.960716809671E0));
#1029=CARTESIAN_POINT('',(3.440527811743E0,-4.332043889311E-1,
8.976764794926E0));
#1030=CARTESIAN_POINT('',(3.232846248991E0,-1.001470431718E0,9.053000952914E0));
#1031=CARTESIAN_POINT('',(2.881463903471E0,-1.476764344711E0,9.182875612760E0));
#1032=CARTESIAN_POINT('',(2.405838275316E0,-1.812106293143E0,9.366099533142E0));
#1033=CARTESIAN_POINT('',(1.840895764185E0,-1.954319743775E0,9.597246389841E0));
#1034=CARTESIAN_POINT('',(1.245224572300E0,-1.853678605940E0,9.858251313520E0));
#1035=CARTESIAN_POINT('',(6.949862734654E-1,-1.480681138802E0,
1.011585591789E1));
#1036=CARTESIAN_POINT('',(2.839218782068E-1,-8.383512330636E-1,
1.031895193163E1));
#1037=CARTESIAN_POINT('',(1.743820654511E-1,-2.585860818851E-1,
1.037503391667E1));
#1038=CARTESIAN_POINT('',(1.793856413994E-1,4.943185122307E-2,
1.037235968866E1));
#1039=CARTESIAN_POINT('',(1.801765981850E-1,7.412324587853E-2,
1.037192197151E1));
#1040=(BOUNDED_SURFACE()B_SPLINE_SURFACE(3,3,((#984,#985,#986,#987,#988,#989,
#990,#991,#992,#993,#994,#995,#996,#997),(#998,#999,#1000,#1001,#1002,#1003,
#1004,#1005,#1006,#1007,#1008,#1009,#1010,#1011),(#1012,#1013,#1014,#1015,#1016,
#1017,#1018,#1019,#1020,#1021,#1022,#1023,#1024,#1025),(#1026,#1027,#1028,#1029,
#1030,#1031,#1032,#1033,#1034,#1035,#1036,#1037,#1038,#1039)),.UNSPECIFIED.,.F.,
.F.,.F.)B_SPLINE_SURFACE_WITH_KNOTS((4,4),(4,1,1,1,1,1,1,1,1,1,1,4),(0.E0,1.E0),
(-1.060851441497E-2,0.E0,1.129040735422E-1,2.238472132445E-1,3.347983390284E-1,
4.457593506589E-1,5.564474667635E-1,6.669649775752E-1,7.751936340375E-1,
8.852131289729E-1,1.E0,1.010014114331E0),.UNSPECIFIED.)GEOMETRIC_REPRESENTATION_ITEM()RATIONAL_B_SPLINE_SURFACE(((1.187454076079E0,1.187454076079E0,
1.187454076079E0,1.187454076079E0,1.187454076079E0,1.187454076079E0,
1.187454076079E0,1.187454076079E0,1.187454076079E0,1.187454076079E0,
1.187454076079E0,1.187454076079E0,1.187454076079E0,1.187454076079E0),(
9.375153079737E-1,9.375153079737E-1,9.375153079737E-1,9.375153079737E-1,
9.375153079737E-1,9.375153079737E-1,9.375153079737E-1,9.375153079737E-1,
9.375153079737E-1,9.375153079737E-1,9.375153079737E-1,9.375153079737E-1,
9.375153079737E-1,9.375153079737E-1),(9.375153079737E-1,9.375153079737E-1,
9.375153079737E-1,9.375153079737E-1,9.375153079737E-1,9.375153079737E-1,
9.375153079737E-1,9.375153079737E-1,9.375153079737E-1,9.375153079737E-1,
9.375153079737E-1,9.375153079737E-1,9.375153079737E-1,9.375153079737E-1),(
1.187454076079E0,1.187454076079E0,1.187454076079E0,1.187454076079E0,
1.187454076079E0,1.187454076079E0,1.187454076079E0,1.187454076079E0,
1.187454076079E0,1.187454076079E0,1.187454076079E0,1.187454076079E0,
1.187454076079E0,1.187454076079E0)))REPRESENTATION_ITEM('')SURFACE());
#1041=ORIENTED_EDGE('',*,*,#976,.T.);
#1043=ORIENTED_EDGE('',*,*,#1042,.T.);
#1045=ORIENTED_EDGE('',*,*,#1044,.F.);
#1046=EDGE_LOOP('',(#1041,#1043,#1045));
#1047=FACE_OUTER_BOUND('',#1046,.F.);
#1048=ADVANCED_FACE('',(#1047),#1040,.T.);
#1049=CARTESIAN_POINT('',(-4.871896516869E0,-7.410693166778E-2,
5.317263067536E0));
#1050=CARTESIAN_POINT('',(-4.872272934076E0,-4.941028375779E-2,
5.317246893008E0));
#1051=CARTESIAN_POINT('',(-4.874556369077E0,2.515049639055E-1,
5.317150081400E0));
#1052=CARTESIAN_POINT('',(-4.825841017964E0,8.243973836698E-1,
5.319163598787E0));
#1053=CARTESIAN_POINT('',(-4.618849672427E0,1.623061019555E0,5.326770030802E0));
#1054=CARTESIAN_POINT('',(-4.281033847724E0,2.376322250165E0,5.336974900772E0));
#1055=CARTESIAN_POINT('',(-3.817499855648E0,3.067029006862E0,5.347977000082E0));
#1056=CARTESIAN_POINT('',(-3.239585797111E0,3.672828172307E0,5.358578717697E0));
#1057=CARTESIAN_POINT('',(-2.563486494846E0,4.173243374813E0,5.368154142748E0));
#1058=CARTESIAN_POINT('',(-1.805183656126E0,4.553632382910E0,5.376464267720E0));
#1059=CARTESIAN_POINT('',(-9.797069281704E-1,4.800480017665E0,
5.383385155145E0));
#1060=CARTESIAN_POINT('',(-3.774774358486E-1,4.868660270175E0,
5.387116777023E0));
#1061=CARTESIAN_POINT('',(-5.689248312707E-2,4.873513568431E0,
5.388722506363E0));
#1062=CARTESIAN_POINT('',(-2.952774143164E-2,4.873701270999E0,
5.388856643041E0));
#1063=CARTESIAN_POINT('',(-4.968286080860E0,-1.230248289595E-1,
8.332627025730E0));
#1064=CARTESIAN_POINT('',(-4.969167020395E0,-8.203261864109E-2,
8.332880576801E0));
#1065=CARTESIAN_POINT('',(-4.974565760996E0,4.175677260753E-1,
8.334394721133E0));
#1066=CARTESIAN_POINT('',(-4.858734300401E0,1.368227682617E0,8.303034897090E0));
#1067=CARTESIAN_POINT('',(-4.393490454734E0,2.599653853362E0,8.186841167115E0));
#1068=CARTESIAN_POINT('',(-3.701264772890E0,3.619379609975E0,8.036885064656E0));
#1069=CARTESIAN_POINT('',(-2.849168623895E0,4.403888238914E0,7.884979225332E0));
#1070=CARTESIAN_POINT('',(-1.898559781489E0,4.950114878485E0,7.751452330734E0));
#1071=CARTESIAN_POINT('',(-9.000752471841E-1,5.267699453974E0,
7.645880103642E0));
#1072=CARTESIAN_POINT('',(1.095641333647E-1,5.372435764311E0,7.570920228035E0));
#1073=CARTESIAN_POINT('',(1.101202835612E0,5.277335582121E0,7.527272954003E0));
#1074=CARTESIAN_POINT('',(1.751179251744E0,5.082202032948E0,7.518921854082E0));
#1075=CARTESIAN_POINT('',(2.076541332841E0,4.946735962345E0,7.521267761178E0));
#1076=CARTESIAN_POINT('',(2.104166697989E0,4.934947355572E0,7.521520265994E0));
#1077=CARTESIAN_POINT('',(-2.835266702036E0,-1.230425862075E-1,
1.046673798200E1));
#1078=CARTESIAN_POINT('',(-2.836322904208E0,-8.204901822605E-2,
1.046718243021E1));
#1079=CARTESIAN_POINT('',(-2.842822288741E0,4.176585272851E-1,
1.046983672173E1));
#1080=CARTESIAN_POINT('',(-2.703062391299E0,1.368183427126E0,1.041485705790E1));
#1081=CARTESIAN_POINT('',(-2.154566064606E0,2.535195171477E0,1.021104429229E1));
#1082=CARTESIAN_POINT('',(-1.372351850166E0,3.397229004135E0,9.947734945991E0));
#1083=CARTESIAN_POINT('',(-4.636461365940E-1,3.934155639459E0,
9.680531709231E0));
#1084=CARTESIAN_POINT('',(4.810906548350E-1,4.166195200975E0,9.444998405224E0));
#1085=CARTESIAN_POINT('',(1.394968086864E0,4.132833352217E0,9.257930919372E0));
#1086=CARTESIAN_POINT('',(2.234290407150E0,3.877295093110E0,9.124037056681E0));
#1087=CARTESIAN_POINT('',(2.967021824658E0,3.436840359678E0,9.044600382464E0));
#1088=CARTESIAN_POINT('',(3.377843276404E0,3.030791194621E0,9.027697787821E0));
#1089=CARTESIAN_POINT('',(3.561775411484E0,2.797137260582E0,9.030567552561E0));
#1090=CARTESIAN_POINT('',(3.577227820524E0,2.777070528841E0,9.030903831922E0));
#1091=CARTESIAN_POINT('',(1.801800070145E-1,-7.414898987705E-2,
1.037192500291E1));
#1092=CARTESIAN_POINT('',(1.793884786013E-1,-4.944912632949E-2,
1.037236097006E1));
#1093=CARTESIAN_POINT('',(1.744981580599E-1,2.517200274276E-1,
1.037496460781E1));
#1094=CARTESIAN_POINT('',(2.798882376129E-1,8.242925641220E-1,
1.032103431180E1));
#1095=CARTESIAN_POINT('',(6.840638699491E-1,1.470390023340E0,1.012111423124E1));
#1096=CARTESIAN_POINT('',(1.235018383154E0,1.850156444232E0,9.862840873674E0));
#1097=CARTESIAN_POINT('',(1.832632663044E0,1.954462913105E0,9.600759999320E0));
#1098=CARTESIAN_POINT('',(2.396638713439E0,1.816107019805E0,9.369758573815E0));
#1099=CARTESIAN_POINT('',(2.872345295691E0,1.485302305284E0,9.186311709582E0));
#1100=CARTESIAN_POINT('',(3.227250570227E0,1.012377596448E0,9.055036130101E0));
#1101=CARTESIAN_POINT('',(3.439502951475E0,4.412497181494E-1,8.977189485513E0));
#1102=CARTESIAN_POINT('',(3.475291654211E0,9.874344437695E-3,8.960666811458E0));
#1103=CARTESIAN_POINT('',(3.460898445394E0,-2.178312382613E-1,
8.963513302571E0));
#1104=CARTESIAN_POINT('',(3.459431425695E0,-2.372503527861E-1,
8.963845860047E0));
#1105=(BOUNDED_SURFACE()B_SPLINE_SURFACE(3,3,((#1049,#1050,#1051,#1052,#1053,
#1054,#1055,#1056,#1057,#1058,#1059,#1060,#1061,#1062),(#1063,#1064,#1065,#1066,
#1067,#1068,#1069,#1070,#1071,#1072,#1073,#1074,#1075,#1076),(#1077,#1078,#1079,
#1080,#1081,#1082,#1083,#1084,#1085,#1086,#1087,#1088,#1089,#1090),(#1091,#1092,
#1093,#1094,#1095,#1096,#1097,#1098,#1099,#1100,#1101,#1102,#1103,#1104)),
.UNSPECIFIED.,.F.,.F.,.F.)B_SPLINE_SURFACE_WITH_KNOTS((4,4),(4,1,1,1,1,1,1,1,1,
1,1,4),(0.E0,1.E0),(-1.001768241566E-2,0.E0,1.120096810995E-1,2.218711228729E-1,
3.318132488924E-1,4.419999026929E-1,5.524295753586E-1,6.628541072824E-1,
7.732553295949E-1,8.855850667630E-1,1.E0,1.010668379734E0),.UNSPECIFIED.)GEOMETRIC_REPRESENTATION_ITEM()RATIONAL_B_SPLINE_SURFACE(((1.187468842563E0,
1.187468842563E0,1.187468842563E0,1.187468842563E0,1.187468842563E0,
1.187468842563E0,1.187468842563E0,1.187468842563E0,1.187468842563E0,
1.187468842563E0,1.187468842563E0,1.187468842563E0,1.187468842563E0,
1.187468842563E0),(9.375103858122E-1,9.375103858122E-1,9.375103858122E-1,
9.375103858122E-1,9.375103858122E-1,9.375103858122E-1,9.375103858122E-1,
9.375103858122E-1,9.375103858122E-1,9.375103858122E-1,9.375103858122E-1,
9.375103858122E-1,9.375103858122E-1,9.375103858122E-1),(9.375103858122E-1,
9.375103858122E-1,9.375103858122E-1,9.375103858122E-1,9.375103858122E-1,
9.375103858122E-1,9.375103858122E-1,9.375103858122E-1,9.375103858122E-1,
9.375103858122E-1,9.375103858122E-1,9.375103858122E-1,9.375103858122E-1,
9.375103858122E-1),(1.187468842563E0,1.187468842563E0,1.187468842563E0,
1.187468842563E0,1.187468842563E0,1.187468842563E0,1.187468842563E0,
1.187468842563E0,1.187468842563E0,1.187468842563E0,1.187468842563E0,
1.187468842563E0,1.187468842563E0,1.187468842563E0)))REPRESENTATION_ITEM('')SURFACE());
#1107=ORIENTED_EDGE('',*,*,#1106,.F.);
#1108=ORIENTED_EDGE('',*,*,#1042,.F.);
#1109=ORIENTED_EDGE('',*,*,#962,.T.);
#1110=EDGE_LOOP('',(#1107,#1108,#1109));
#1111=FACE_OUTER_BOUND('',#1110,.F.);
#1112=ADVANCED_FACE('',(#1111),#1105,.T.);
#1113=CARTESIAN_POINT('',(0.E0,0.E0,5.5E0));
#1114=DIRECTION('',(1.E0,0.E0,0.E0));
#1115=DIRECTION('',(0.E0,0.E0,-1.E0));
#1116=AXIS2_PLACEMENT_3D('',#1113,#1114,#1115);
#1117=CYLINDRICAL_SURFACE('',#1116,4.875E0);
#1119=ORIENTED_EDGE('',*,*,#1118,.T.);
#1121=ORIENTED_EDGE('',*,*,#1120,.F.);
#1122=ORIENTED_EDGE('',*,*,#1106,.T.);
#1124=ORIENTED_EDGE('',*,*,#1123,.F.);
#1126=ORIENTED_EDGE('',*,*,#1125,.T.);
#1127=EDGE_LOOP('',(#1119,#1121,#1122,#1124,#1126));
#1128=FACE_OUTER_BOUND('',#1127,.F.);
#1129=ADVANCED_FACE('',(#1128),#1117,.T.);
#1130=CARTESIAN_POINT('',(5.2E0,0.E0,5.5E0));
#1131=DIRECTION('',(1.E0,0.E0,0.E0));
#1132=DIRECTION('',(0.E0,-1.350301149090E-2,-9.999088301844E-1));
#1133=AXIS2_PLACEMENT_3D('',#1130,#1131,#1132);
#1134=TOROIDAL_SURFACE('',#1133,4.575E0,3.E-1);
#1136=ORIENTED_EDGE('',*,*,#1135,.T.);
#1138=ORIENTED_EDGE('',*,*,#1137,.T.);
#1139=ORIENTED_EDGE('',*,*,#1118,.F.);
#1141=ORIENTED_EDGE('',*,*,#1140,.F.);
#1142=EDGE_LOOP('',(#1136,#1138,#1139,#1141));
#1143=FACE_OUTER_BOUND('',#1142,.F.);
#1144=ADVANCED_FACE('',(#1143),#1134,.T.);
#1145=CARTESIAN_POINT('',(5.5E0,0.E0,0.E0));
#1146=DIRECTION('',(1.E0,0.E0,0.E0));
#1147=DIRECTION('',(0.E0,0.E0,-1.E0));
#1148=AXIS2_PLACEMENT_3D('',#1145,#1146,#1147);
#1149=PLANE('',#1148);
#1151=ORIENTED_EDGE('',*,*,#1150,.F.);
#1152=ORIENTED_EDGE('',*,*,#1135,.F.);
#1153=EDGE_LOOP('',(#1151,#1152));
#1154=FACE_OUTER_BOUND('',#1153,.F.);
#1156=ORIENTED_EDGE('',*,*,#1155,.T.);
#1158=ORIENTED_EDGE('',*,*,#1157,.T.);
#1159=EDGE_LOOP('',(#1156,#1158));
#1160=FACE_BOUND('',#1159,.F.);
#1161=ADVANCED_FACE('',(#1154,#1160),#1149,.T.);
#1162=CARTESIAN_POINT('',(5.8E0,0.E0,5.5E0));
#1163=DIRECTION('',(1.E0,0.E0,0.E0));
#1164=DIRECTION('',(0.E0,2.073211502709E-2,9.997850666051E-1));
#1165=AXIS2_PLACEMENT_3D('',#1162,#1163,#1164);
#1166=TOROIDAL_SURFACE('',#1165,3.475E0,3.E-1);
#1167=ORIENTED_EDGE('',*,*,#1155,.F.);
#1169=ORIENTED_EDGE('',*,*,#1168,.T.);
#1171=ORIENTED_EDGE('',*,*,#1170,.T.);
#1173=ORIENTED_EDGE('',*,*,#1172,.F.);
#1174=EDGE_LOOP('',(#1167,#1169,#1171,#1173));
#1175=FACE_OUTER_BOUND('',#1174,.F.);
#1176=ADVANCED_FACE('',(#1175),#1166,.F.);
#1177=CARTESIAN_POINT('',(5.8E0,0.E0,5.5E0));
#1178=DIRECTION('',(1.E0,0.E0,0.E0));
#1179=DIRECTION('',(0.E0,-2.073211502709E-2,-9.997850666051E-1));
#1180=AXIS2_PLACEMENT_3D('',#1177,#1178,#1179);
#1181=TOROIDAL_SURFACE('',#1180,3.475E0,3.E-1);
#1182=ORIENTED_EDGE('',*,*,#1157,.F.);
#1183=ORIENTED_EDGE('',*,*,#1172,.T.);
#1185=ORIENTED_EDGE('',*,*,#1184,.T.);
#1186=ORIENTED_EDGE('',*,*,#1168,.F.);
#1187=EDGE_LOOP('',(#1182,#1183,#1185,#1186));
#1188=FACE_OUTER_BOUND('',#1187,.F.);
#1189=ADVANCED_FACE('',(#1188),#1181,.F.);
#1190=CARTESIAN_POINT('',(5.5E0,0.E0,5.5E0));
#1191=DIRECTION('',(1.E0,0.E0,0.E0));
#1192=DIRECTION('',(0.E0,0.E0,-1.E0));
#1193=AXIS2_PLACEMENT_3D('',#1190,#1191,#1192);
#1194=CYLINDRICAL_SURFACE('',#1193,3.175E0);
#1196=ORIENTED_EDGE('',*,*,#1195,.F.);
#1198=ORIENTED_EDGE('',*,*,#1197,.T.);
#1200=ORIENTED_EDGE('',*,*,#1199,.T.);
#1202=ORIENTED_EDGE('',*,*,#1201,.F.);
#1203=EDGE_LOOP('',(#1196,#1198,#1200,#1202));
#1204=FACE_OUTER_BOUND('',#1203,.F.);
#1205=ADVANCED_FACE('',(#1204),#1194,.T.);
#1206=CARTESIAN_POINT('',(5.5E0,0.E0,5.5E0));
#1207=DIRECTION('',(1.E0,0.E0,0.E0));
#1208=DIRECTION('',(0.E0,0.E0,-1.E0));
#1209=AXIS2_PLACEMENT_3D('',#1206,#1207,#1208);
#1210=CYLINDRICAL_SURFACE('',#1209,3.175E0);
#1212=ORIENTED_EDGE('',*,*,#1211,.T.);
#1214=ORIENTED_EDGE('',*,*,#1213,.F.);
#1215=ORIENTED_EDGE('',*,*,#1184,.F.);
#1217=ORIENTED_EDGE('',*,*,#1216,.T.);
#1218=EDGE_LOOP('',(#1212,#1214,#1215,#1217));
#1219=FACE_OUTER_BOUND('',#1218,.F.);
#1220=ADVANCED_FACE('',(#1219),#1210,.T.);
#1221=CARTESIAN_POINT('',(1.6E1,0.E0,5.5E0));
#1222=DIRECTION('',(-1.E0,0.E0,0.E0));
#1223=DIRECTION('',(0.E0,0.E0,-1.E0));
#1224=AXIS2_PLACEMENT_3D('',#1221,#1222,#1223);
#1225=PLANE('',#1224);
#1226=ORIENTED_EDGE('',*,*,#1195,.T.);
#1228=ORIENTED_EDGE('',*,*,#1227,.T.);
#1229=EDGE_LOOP('',(#1226,#1228));
#1230=FACE_OUTER_BOUND('',#1229,.F.);
#1232=ORIENTED_EDGE('',*,*,#1231,.T.);
#1234=ORIENTED_EDGE('',*,*,#1233,.F.);
#1235=EDGE_LOOP('',(#1232,#1234));
#1236=FACE_BOUND('',#1235,.F.);
#1237=ADVANCED_FACE('',(#1230,#1236),#1225,.T.);
#1238=CARTESIAN_POINT('',(2.466E1,0.E0,5.5E0));
#1239=DIRECTION('',(-1.E0,0.E0,0.E0));
#1240=DIRECTION('',(0.E0,0.E0,-1.E0));
#1241=AXIS2_PLACEMENT_3D('',#1238,#1239,#1240);
#1242=CYLINDRICAL_SURFACE('',#1241,3.E0);
#1244=ORIENTED_EDGE('',*,*,#1243,.T.);
#1246=ORIENTED_EDGE('',*,*,#1245,.T.);
#1248=ORIENTED_EDGE('',*,*,#1247,.F.);
#1249=ORIENTED_EDGE('',*,*,#1231,.F.);
#1250=EDGE_LOOP('',(#1244,#1246,#1248,#1249));
#1251=FACE_OUTER_BOUND('',#1250,.F.);
#1252=ADVANCED_FACE('',(#1251),#1242,.T.);
#1253=CARTESIAN_POINT('',(2.466E1,0.E0,5.5E0));
#1254=DIRECTION('',(-1.E0,0.E0,0.E0));
#1255=DIRECTION('',(0.E0,0.E0,-1.E0));
#1256=AXIS2_PLACEMENT_3D('',#1253,#1254,#1255);
#1257=CYLINDRICAL_SURFACE('',#1256,3.E0);
#1258=ORIENTED_EDGE('',*,*,#1243,.F.);
#1259=ORIENTED_EDGE('',*,*,#1233,.T.);
#1260=ORIENTED_EDGE('',*,*,#1247,.T.);
#1262=ORIENTED_EDGE('',*,*,#1261,.F.);
#1263=EDGE_LOOP('',(#1258,#1259,#1260,#1262));
#1264=FACE_OUTER_BOUND('',#1263,.F.);
#1265=ADVANCED_FACE('',(#1264),#1257,.T.);
#1266=CARTESIAN_POINT('',(1.5E1,0.E0,5.5E0));
#1267=DIRECTION('',(-1.E0,0.E0,0.E0));
#1268=DIRECTION('',(0.E0,0.E0,-1.E0));
#1269=AXIS2_PLACEMENT_3D('',#1266,#1267,#1268);
#1270=PLANE('',#1269);
#1271=ORIENTED_EDGE('',*,*,#1211,.F.);
#1273=ORIENTED_EDGE('',*,*,#1272,.F.);
#1274=EDGE_LOOP('',(#1271,#1273));
#1275=FACE_OUTER_BOUND('',#1274,.F.);
#1276=ORIENTED_EDGE('',*,*,#1261,.T.);
#1277=ORIENTED_EDGE('',*,*,#1245,.F.);
#1278=EDGE_LOOP('',(#1276,#1277));
#1279=FACE_BOUND('',#1278,.F.);
#1280=ADVANCED_FACE('',(#1275,#1279),#1270,.F.);
#1281=CARTESIAN_POINT('',(5.5E0,0.E0,5.5E0));
#1282=DIRECTION('',(1.E0,0.E0,0.E0));
#1283=DIRECTION('',(0.E0,0.E0,-1.E0));
#1284=AXIS2_PLACEMENT_3D('',#1281,#1282,#1283);
#1285=CYLINDRICAL_SURFACE('',#1284,3.175E0);
#1286=ORIENTED_EDGE('',*,*,#1227,.F.);
#1287=ORIENTED_EDGE('',*,*,#1201,.T.);
#1289=ORIENTED_EDGE('',*,*,#1288,.T.);
#1290=ORIENTED_EDGE('',*,*,#1197,.F.);
#1291=EDGE_LOOP('',(#1286,#1287,#1289,#1290));
#1292=FACE_OUTER_BOUND('',#1291,.F.);
#1293=ADVANCED_FACE('',(#1292),#1285,.T.);
#1294=CARTESIAN_POINT('',(5.5E0,0.E0,5.5E0));
#1295=DIRECTION('',(1.E0,0.E0,0.E0));
#1296=DIRECTION('',(0.E0,0.E0,-1.E0));
#1297=AXIS2_PLACEMENT_3D('',#1294,#1295,#1296);
#1298=CYLINDRICAL_SURFACE('',#1297,3.175E0);
#1299=ORIENTED_EDGE('',*,*,#1272,.T.);
#1300=ORIENTED_EDGE('',*,*,#1216,.F.);
#1301=ORIENTED_EDGE('',*,*,#1170,.F.);
#1302=ORIENTED_EDGE('',*,*,#1213,.T.);
#1303=EDGE_LOOP('',(#1299,#1300,#1301,#1302));
#1304=FACE_OUTER_BOUND('',#1303,.F.);
#1305=ADVANCED_FACE('',(#1304),#1298,.T.);
#1306=CARTESIAN_POINT('',(2.42E1,0.E0,5.5E0));
#1307=DIRECTION('',(1.E0,0.E0,0.E0));
#1308=DIRECTION('',(0.E0,2.073211502709E-2,9.997850666051E-1));
#1309=AXIS2_PLACEMENT_3D('',#1306,#1307,#1308);
#1310=TOROIDAL_SURFACE('',#1309,2.875E0,3.E-1);
#1312=ORIENTED_EDGE('',*,*,#1311,.T.);
#1314=ORIENTED_EDGE('',*,*,#1313,.T.);
#1315=ORIENTED_EDGE('',*,*,#1288,.F.);
#1317=ORIENTED_EDGE('',*,*,#1316,.F.);
#1318=EDGE_LOOP('',(#1312,#1314,#1315,#1317));
#1319=FACE_OUTER_BOUND('',#1318,.F.);
#1320=ADVANCED_FACE('',(#1319),#1310,.T.);
#1321=CARTESIAN_POINT('',(2.45E1,0.E0,0.E0));
#1322=DIRECTION('',(1.E0,0.E0,0.E0));
#1323=DIRECTION('',(0.E0,0.E0,-1.E0));
#1324=AXIS2_PLACEMENT_3D('',#1321,#1322,#1323);
#1325=PLANE('',#1324);
#1326=ORIENTED_EDGE('',*,*,#1311,.F.);
#1328=ORIENTED_EDGE('',*,*,#1327,.F.);
#1329=EDGE_LOOP('',(#1326,#1328));
#1330=FACE_OUTER_BOUND('',#1329,.F.);
#1332=ORIENTED_EDGE('',*,*,#1331,.F.);
#1334=ORIENTED_EDGE('',*,*,#1333,.F.);
#1335=EDGE_LOOP('',(#1332,#1334));
#1336=FACE_BOUND('',#1335,.F.);
#1337=ADVANCED_FACE('',(#1330,#1336),#1325,.T.);
#1338=CARTESIAN_POINT('',(2.42E1,0.E0,5.5E0));
#1339=DIRECTION('',(1.E0,0.E0,0.E0));
#1340=DIRECTION('',(0.E0,-2.073211502709E-2,-9.997850666051E-1));
#1341=AXIS2_PLACEMENT_3D('',#1338,#1339,#1340);
#1342=TOROIDAL_SURFACE('',#1341,2.875E0,3.E-1);
#1343=ORIENTED_EDGE('',*,*,#1327,.T.);
#1344=ORIENTED_EDGE('',*,*,#1316,.T.);
#1345=ORIENTED_EDGE('',*,*,#1199,.F.);
#1346=ORIENTED_EDGE('',*,*,#1313,.F.);
#1347=EDGE_LOOP('',(#1343,#1344,#1345,#1346));
#1348=FACE_OUTER_BOUND('',#1347,.F.);
#1349=ADVANCED_FACE('',(#1348),#1342,.T.);
#1350=CARTESIAN_POINT('',(2.42E1,0.E0,5.5E0));
#1351=DIRECTION('',(1.E0,0.E0,0.E0));
#1352=DIRECTION('',(0.E0,4.793752615232E-2,-9.988503359295E-1));
#1353=AXIS2_PLACEMENT_3D('',#1350,#1351,#1352);
#1354=TOROIDAL_SURFACE('',#1353,2.25E0,3.E-1);
#1355=ORIENTED_EDGE('',*,*,#1331,.T.);
#1357=ORIENTED_EDGE('',*,*,#1356,.T.);
#1359=ORIENTED_EDGE('',*,*,#1358,.F.);
#1361=ORIENTED_EDGE('',*,*,#1360,.F.);
#1362=EDGE_LOOP('',(#1355,#1357,#1359,#1361));
#1363=FACE_OUTER_BOUND('',#1362,.F.);
#1364=ADVANCED_FACE('',(#1363),#1354,.T.);
#1365=CARTESIAN_POINT('',(2.42E1,0.E0,5.5E0));
#1366=DIRECTION('',(1.E0,0.E0,0.E0));
#1367=DIRECTION('',(0.E0,-4.793752615232E-2,9.988503359295E-1));
#1368=AXIS2_PLACEMENT_3D('',#1365,#1366,#1367);
#1369=TOROIDAL_SURFACE('',#1368,2.25E0,3.E-1);
#1370=ORIENTED_EDGE('',*,*,#1333,.T.);
#1371=ORIENTED_EDGE('',*,*,#1360,.T.);
#1373=ORIENTED_EDGE('',*,*,#1372,.F.);
#1374=ORIENTED_EDGE('',*,*,#1356,.F.);
#1375=EDGE_LOOP('',(#1370,#1371,#1373,#1374));
#1376=FACE_OUTER_BOUND('',#1375,.F.);
#1377=ADVANCED_FACE('',(#1376),#1369,.T.);
#1378=CARTESIAN_POINT('',(5.5E0,0.E0,5.5E0));
#1379=DIRECTION('',(1.E0,0.E0,0.E0));
#1380=DIRECTION('',(0.E0,0.E0,-1.E0));
#1381=AXIS2_PLACEMENT_3D('',#1378,#1379,#1380);
#1382=CYLINDRICAL_SURFACE('',#1381,1.95E0);
#1384=ORIENTED_EDGE('',*,*,#1383,.T.);
#1386=ORIENTED_EDGE('',*,*,#1385,.F.);
#1387=ORIENTED_EDGE('',*,*,#1372,.T.);
#1389=ORIENTED_EDGE('',*,*,#1388,.T.);
#1391=ORIENTED_EDGE('',*,*,#1390,.F.);
#1392=EDGE_LOOP('',(#1384,#1386,#1387,#1389,#1391));
#1393=FACE_OUTER_BOUND('',#1392,.F.);
#1394=ADVANCED_FACE('',(#1393),#1382,.F.);
#1395=CARTESIAN_POINT('',(5.327827040210E-2,1.949292850261E0,5.535771830424E0));
#1396=CARTESIAN_POINT('',(6.008751779971E-2,1.949044691052E0,5.548429389525E0));
#1397=CARTESIAN_POINT('',(1.453432335280E-1,1.944436319991E0,5.706763480370E0));
#1398=CARTESIAN_POINT('',(3.019169056539E-1,1.901285732079E0,5.994292072283E0));
#1399=CARTESIAN_POINT('',(5.146813679698E-1,1.756030192146E0,6.376943028837E0));
#1400=CARTESIAN_POINT('',(7.017351818594E-1,1.547551470923E0,6.705646549905E0));
#1401=CARTESIAN_POINT('',(8.613364587899E-1,1.287821839229E0,6.978495917303E0));
#1402=CARTESIAN_POINT('',(9.876203176093E-1,9.957475083348E-1,
7.187334010116E0));
#1403=CARTESIAN_POINT('',(1.079750506327E0,6.849686058317E-1,7.334204025209E0));
#1404=CARTESIAN_POINT('',(1.139694964435E0,3.535507818490E-1,7.426436485447E0));
#1405=CARTESIAN_POINT('',(1.154879534175E0,1.109717923346E-1,7.449158525607E0));
#1406=CARTESIAN_POINT('',(1.154174117790E0,-2.069892680743E-2,
7.448106389846E0));
#1407=CARTESIAN_POINT('',(1.154062476953E0,-3.104229339235E-2,
7.447939746097E0));
#1408=CARTESIAN_POINT('',(-1.255028138887E0,1.988141142707E0,4.226709370371E0));
#1409=CARTESIAN_POINT('',(-1.248116467806E0,1.996388922124E0,4.239556232228E0));
#1410=CARTESIAN_POINT('',(-1.162171257473E0,2.098089439668E0,4.401747428326E0));
#1411=CARTESIAN_POINT('',(-1.016612113343E0,2.248209866411E0,4.731301962857E0));
#1412=CARTESIAN_POINT('',(-8.487500230427E-1,2.340698069866E0,
5.258566473569E0));
#1413=CARTESIAN_POINT('',(-7.322065064573E-1,2.297987240559E0,
5.793522586264E0));
#1414=CARTESIAN_POINT('',(-6.659483908916E-1,2.112856599833E0,
6.315793983293E0));
#1415=CARTESIAN_POINT('',(-6.467007305931E-1,1.784406154511E0,
6.785493263674E0));
#1416=CARTESIAN_POINT('',(-6.600966636531E-1,1.320089656550E0,
7.169068523807E0));
#1417=CARTESIAN_POINT('',(-6.861487975779E-1,7.198363633449E-1,
7.442164497849E0));
#1418=CARTESIAN_POINT('',(-6.962360432327E-1,2.261996731915E-1,
7.515602255299E0));
#1419=CARTESIAN_POINT('',(-6.957089926150E-1,-4.218844829861E-2,
7.512241589950E0));
#1420=CARTESIAN_POINT('',(-6.956215312585E-1,-6.326406042299E-2,
7.511719432353E0));
#1421=CARTESIAN_POINT('',(-2.182203392429E0,6.635273817156E-1,
3.325315169585E0));
#1422=CARTESIAN_POINT('',(-2.175219135371E0,6.776363781576E-1,
3.329518612558E0));
#1423=CARTESIAN_POINT('',(-2.088785291581E0,8.537192821029E-1,
3.384585989312E0));
#1424=CARTESIAN_POINT('',(-1.951031962445E0,1.163161121319E0,3.543059876752E0));
#1425=CARTESIAN_POINT('',(-1.814991445337E0,1.515498328280E0,3.902032636301E0));
#1426=CARTESIAN_POINT('',(-1.748417417794E0,1.728244307888E0,4.347352502748E0));
#1427=CARTESIAN_POINT('',(-1.748310066831E0,1.773030369376E0,4.847596192360E0));
#1428=CARTESIAN_POINT('',(-1.804917201558E0,1.622593613642E0,5.347280161557E0));
#1429=CARTESIAN_POINT('',(-1.893097763069E0,1.270794122353E0,5.787600693815E0));
#1430=CARTESIAN_POINT('',(-1.980094268633E0,7.201493848986E-1,
6.117905076950E0));
#1431=CARTESIAN_POINT('',(-2.008091234580E0,2.264713057077E-1,
6.209560742286E0));
#1432=CARTESIAN_POINT('',(-2.006690754850E0,-4.223692533489E-2,
6.205383184188E0));
#1433=CARTESIAN_POINT('',(-2.006462193041E0,-6.333261958954E-2,
6.204738422450E0));
#1434=CARTESIAN_POINT('',(-2.140976474742E0,-1.185540633952E0,
3.402530574509E0));
#1435=CARTESIAN_POINT('',(-2.133995445230E0,-1.171917625635E0,
3.394732601791E0));
#1436=CARTESIAN_POINT('',(-2.047583328620E0,-1.000492497428E0,
3.299547254950E0));
#1437=CARTESIAN_POINT('',(-1.909482913331E0,-6.665927229764E-1,
3.182196057150E0));
#1438=CARTESIAN_POINT('',(-1.772027447569E0,-1.968891095176E-1,
3.166567430478E0));
#1439=CARTESIAN_POINT('',(-1.703231522925E0,1.991967464531E-1,
3.283137638114E0));
#1440=CARTESIAN_POINT('',(-1.700182773221E0,4.835884261235E-1,
3.503856190610E0));
#1441=CARTESIAN_POINT('',(-1.753417018762E0,6.128016367010E-1,
3.783656105868E0));
#1442=CARTESIAN_POINT('',(-1.838272276125E0,5.683056994242E-1,
4.064819591528E0));
#1443=CARTESIAN_POINT('',(-1.922558885604E0,3.542915792624E-1,
4.292441583181E0));
#1444=CARTESIAN_POINT('',(-1.949759494487E0,1.116146383718E-1,
4.358278159317E0));
#1445=CARTESIAN_POINT('',(-1.948397851848E0,-2.081365265508E-2,
4.355292763600E0));
#1446=CARTESIAN_POINT('',(-1.948175564081E0,-3.120454564827E-2,
4.354835964654E0));
#1447=(BOUNDED_SURFACE()B_SPLINE_SURFACE(3,3,((#1395,#1396,#1397,#1398,#1399,
#1400,#1401,#1402,#1403,#1404,#1405,#1406,#1407),(#1408,#1409,#1410,#1411,#1412,
#1413,#1414,#1415,#1416,#1417,#1418,#1419,#1420),(#1421,#1422,#1423,#1424,#1425,
#1426,#1427,#1428,#1429,#1430,#1431,#1432,#1433),(#1434,#1435,#1436,#1437,#1438,
#1439,#1440,#1441,#1442,#1443,#1444,#1445,#1446)),.UNSPECIFIED.,.F.,.F.,.F.)B_SPLINE_SURFACE_WITH_KNOTS((4,4),(4,1,1,1,1,1,1,1,1,1,4),(0.E0,1.E0),(
-1.329653220980E-2,0.E0,1.532152674512E-1,2.936413285117E-1,4.271398074920E-1,
5.529369011717E-1,6.719588857097E-1,7.796535870335E-1,8.844595802346E-1,1.E0,
1.009854831442E0),.UNSPECIFIED.)GEOMETRIC_REPRESENTATION_ITEM()RATIONAL_B_SPLINE_SURFACE(((1.188141658064E0,1.188141658064E0,1.188141658064E0,1.188141658064E0,
1.188141658064E0,1.188141658064E0,1.188141658064E0,1.188141658064E0,
1.188141658064E0,1.188141658064E0,1.188141658064E0,1.188141658064E0,
1.188141658064E0),(9.372861139788E-1,9.372861139788E-1,9.372861139788E-1,
9.372861139788E-1,9.372861139788E-1,9.372861139788E-1,9.372861139788E-1,
9.372861139788E-1,9.372861139788E-1,9.372861139788E-1,9.372861139788E-1,
9.372861139788E-1,9.372861139788E-1),(9.372861139788E-1,9.372861139788E-1,
9.372861139788E-1,9.372861139788E-1,9.372861139788E-1,9.372861139788E-1,
9.372861139788E-1,9.372861139788E-1,9.372861139788E-1,9.372861139788E-1,
9.372861139788E-1,9.372861139788E-1,9.372861139788E-1),(1.188141658064E0,
1.188141658064E0,1.188141658064E0,1.188141658064E0,1.188141658064E0,
1.188141658064E0,1.188141658064E0,1.188141658064E0,1.188141658064E0,
1.188141658064E0,1.188141658064E0,1.188141658064E0,1.188141658064E0)))REPRESENTATION_ITEM('')SURFACE());
#1449=ORIENTED_EDGE('',*,*,#1448,.T.);
#1451=ORIENTED_EDGE('',*,*,#1450,.F.);
#1452=ORIENTED_EDGE('',*,*,#1383,.F.);
#1453=EDGE_LOOP('',(#1449,#1451,#1452));
#1454=FACE_OUTER_BOUND('',#1453,.F.);
#1455=ADVANCED_FACE('',(#1454),#1447,.F.);
#1456=CARTESIAN_POINT('',(0.E0,0.E0,0.E0));
#1457=DIRECTION('',(0.E0,0.E0,-1.E0));
#1458=DIRECTION('',(-1.E0,0.E0,0.E0));
#1459=AXIS2_PLACEMENT_3D('',#1456,#1457,#1458);
#1460=CYLINDRICAL_SURFACE('',#1459,1.95E0);
#1461=ORIENTED_EDGE('',*,*,#1448,.F.);
#1462=ORIENTED_EDGE('',*,*,#1390,.T.);
#1464=ORIENTED_EDGE('',*,*,#1463,.T.);
#1466=ORIENTED_EDGE('',*,*,#1465,.T.);
#1468=ORIENTED_EDGE('',*,*,#1467,.T.);
#1469=EDGE_LOOP('',(#1461,#1462,#1464,#1466,#1468));
#1470=FACE_OUTER_BOUND('',#1469,.F.);
#1471=ADVANCED_FACE('',(#1470),#1460,.F.);
#1472=CARTESIAN_POINT('',(0.E0,0.E0,0.E0));
#1473=DIRECTION('',(0.E0,0.E0,-1.E0));
#1474=DIRECTION('',(-1.E0,0.E0,0.E0));
#1475=AXIS2_PLACEMENT_3D('',#1472,#1473,#1474);
#1476=CYLINDRICAL_SURFACE('',#1475,1.95E0);
#1478=ORIENTED_EDGE('',*,*,#1477,.F.);
#1479=ORIENTED_EDGE('',*,*,#1467,.F.);
#1481=ORIENTED_EDGE('',*,*,#1480,.T.);
#1482=ORIENTED_EDGE('',*,*,#1463,.F.);
#1484=ORIENTED_EDGE('',*,*,#1483,.T.);
#1485=EDGE_LOOP('',(#1478,#1479,#1481,#1482,#1484));
#1486=FACE_OUTER_BOUND('',#1485,.F.);
#1487=ADVANCED_FACE('',(#1486),#1476,.F.);
#1488=CARTESIAN_POINT('',(1.155424339238E0,3.104781662687E-2,7.447892871849E0));
#1489=CARTESIAN_POINT('',(1.155535833470E0,2.070214489245E-2,7.448059023090E0));
#1490=CARTESIAN_POINT('',(1.156195409579E0,-1.025856348881E-1,
7.449041425669E0));
#1491=CARTESIAN_POINT('',(1.142468262416E0,-3.380316735012E-1,
7.428540418119E0));
#1492=CARTESIAN_POINT('',(1.085189894881E0,-6.683140814428E-1,
7.340836803671E0));
#1493=CARTESIAN_POINT('',(9.926435435099E-1,-9.851878028704E-1,
7.193862268033E0));
#1494=CARTESIAN_POINT('',(8.656256040869E-1,-1.280981506969E0,
6.984291570036E0));
#1495=CARTESIAN_POINT('',(7.074723808978E-1,-1.540421086535E0,
6.714408867507E0));
#1496=CARTESIAN_POINT('',(5.204069834239E-1,-1.751531275670E0,
6.386173866452E0));
#1497=CARTESIAN_POINT('',(3.062281434948E-1,-1.899933202594E0,
6.001339291218E0));
#1498=CARTESIAN_POINT('',(1.470262720677E-1,-1.944317967198E0,
5.709067698953E0));
#1499=CARTESIAN_POINT('',(6.059425046254E-2,-1.949037319052E0,
5.548545574753E0));
#1500=CARTESIAN_POINT('',(5.355659350945E-2,-1.949293808886E0,
5.535462560639E0));
#1501=CARTESIAN_POINT('',(-6.948841356674E-1,6.332149726656E-2,
7.512534307230E0));
#1502=CARTESIAN_POINT('',(-6.949685177044E-1,4.222649748771E-2,
7.513056787185E0));
#1503=CARTESIAN_POINT('',(-6.954445806855E-1,-2.092565882307E-1,
7.516199124677E0));
#1504=CARTESIAN_POINT('',(-6.864499015611E-1,-6.890206244456E-1,
7.450014816524E0));
#1505=CARTESIAN_POINT('',(-6.605314099650E-1,-1.294064318512E0,
7.187967379210E0));
#1506=CARTESIAN_POINT('',(-6.458259824409E-1,-1.772023738091E0,
6.801139122369E0));
#1507=CARTESIAN_POINT('',(-6.644615300709E-1,-2.107238857461E0,
6.327815286778E0));
#1508=CARTESIAN_POINT('',(-7.292611026686E-1,-2.294934472062E0,
5.808904065386E0));
#1509=CARTESIAN_POINT('',(-8.447847272827E-1,-2.342122526750E0,
5.271837772040E0));
#1510=CARTESIAN_POINT('',(-1.013034954372E0,-2.251916642563E0,
4.739186299997E0));
#1511=CARTESIAN_POINT('',(-1.160892135187E0,-2.099766575409E0,
4.403664470655E0));
#1512=CARTESIAN_POINT('',(-1.248052783029E0,-1.996669829584E0,
4.239201150561E0));
#1513=CARTESIAN_POINT('',(-1.255200718626E0,-1.988141886483E0,
4.225923885386E0));
#1514=CARTESIAN_POINT('',(-2.006486870890E0,6.339793381219E-2,
6.205394164088E0));
#1515=CARTESIAN_POINT('',(-2.006710101046E0,4.228069199641E-2,
6.206039948189E0));
#1516=CARTESIAN_POINT('',(-2.007991168898E0,-2.095325153169E-1,
6.209946865860E0));
#1517=CARTESIAN_POINT('',(-1.982889981096E0,-6.895922916645E-1,
6.127399333286E0));
#1518=CARTESIAN_POINT('',(-1.897996875549E0,-1.249560751654E0,
5.809465330156E0));
#1519=CARTESIAN_POINT('',(-1.807265353747E0,-1.615657608405E0,
5.363995136022E0));
#1520=CARTESIAN_POINT('',(-1.749073365075E0,-1.772194261254E0,
4.859429166388E0));
#1521=CARTESIAN_POINT('',(-1.747698618569E0,-1.732011417075E0,
4.360943163192E0));
#1522=CARTESIAN_POINT('',(-1.812509410032E0,-1.523131189368E0,
3.911659667337E0));
#1523=CARTESIAN_POINT('',(-1.948202852648E0,-1.170343287062E0,
3.546866405955E0));
#1524=CARTESIAN_POINT('',(-2.088018278567E0,-8.558820444875E-1,
3.385018657422E0));
#1525=CARTESIAN_POINT('',(-2.175695417675E0,-6.773522053210E-1,
3.329201758819E0));
#1526=CARTESIAN_POINT('',(-2.182921524978E0,-6.627670243063E-1,
3.324864468530E0));
#1527=CARTESIAN_POINT('',(-1.948185108135E0,3.122868632067E-2,
4.354843133273E0));
#1528=CARTESIAN_POINT('',(-1.948402166384E0,2.083038386656E-2,
4.355301055721E0));
#1529=CARTESIAN_POINT('',(-1.949647451143E0,-1.032385535566E-1,
4.358092663329E0));
#1530=CARTESIAN_POINT('',(-1.925262210192E0,-3.393843939047E-1,
4.298871808269E0));
#1531=CARTESIAN_POINT('',(-1.842990572150E0,-5.630065162536E-1,
4.078925351541E0));
#1532=CARTESIAN_POINT('',(-1.755638469431E0,-6.151829345433E-1,
3.793188013946E0));
#1533=CARTESIAN_POINT('',(-1.700861524563E0,-4.881747018643E-1,
3.509689914176E0));
#1534=CARTESIAN_POINT('',(-1.702428278062E0,-2.083917573144E-1,
3.288138843214E0));
#1535=CARTESIAN_POINT('',(-1.769493294443E0,1.864253812927E-1,
3.167621859429E0));
#1536=CARTESIAN_POINT('',(-1.906633911477E0,6.593640556513E-1,
3.179985547388E0));
#1537=CARTESIAN_POINT('',(-2.046806799662E0,9.990517574420E-1,
3.298674151747E0));
#1538=CARTESIAN_POINT('',(-2.134460980330E0,1.172827657886E0,3.395239063970E0));
#1539=CARTESIAN_POINT('',(-2.141683612840E0,1.186904243388E0,3.403310466336E0));
#1540=(BOUNDED_SURFACE()B_SPLINE_SURFACE(3,3,((#1488,#1489,#1490,#1491,#1492,
#1493,#1494,#1495,#1496,#1497,#1498,#1499,#1500),(#1501,#1502,#1503,#1504,#1505,
#1506,#1507,#1508,#1509,#1510,#1511,#1512,#1513),(#1514,#1515,#1516,#1517,#1518,
#1519,#1520,#1521,#1522,#1523,#1524,#1525,#1526),(#1527,#1528,#1529,#1530,#1531,
#1532,#1533,#1534,#1535,#1536,#1537,#1538,#1539)),.UNSPECIFIED.,.F.,.F.,.F.)B_SPLINE_SURFACE_WITH_KNOTS((4,4),(4,1,1,1,1,1,1,1,1,1,4),(0.E0,1.E0),(
-9.863516486802E-3,0.E0,1.076309934149E-1,2.138914990911E-1,3.257868395417E-1,
4.443132563901E-1,5.698027352377E-1,7.016340146370E-1,8.449784999943E-1,1.E0,
1.013738139703E0),.UNSPECIFIED.)GEOMETRIC_REPRESENTATION_ITEM()RATIONAL_B_SPLINE_SURFACE(((1.188257941843E0,1.188257941843E0,1.188257941843E0,1.188257941843E0,
1.188257941843E0,1.188257941843E0,1.188257941843E0,1.188257941843E0,
1.188257941843E0,1.188257941843E0,1.188257941843E0,1.188257941843E0,
1.188257941843E0),(9.372473527191E-1,9.372473527191E-1,9.372473527191E-1,
9.372473527191E-1,9.372473527191E-1,9.372473527191E-1,9.372473527191E-1,
9.372473527191E-1,9.372473527191E-1,9.372473527191E-1,9.372473527191E-1,
9.372473527191E-1,9.372473527191E-1),(9.372473527191E-1,9.372473527191E-1,
9.372473527191E-1,9.372473527191E-1,9.372473527191E-1,9.372473527191E-1,
9.372473527191E-1,9.372473527191E-1,9.372473527191E-1,9.372473527191E-1,
9.372473527191E-1,9.372473527191E-1,9.372473527191E-1),(1.188257941843E0,
1.188257941843E0,1.188257941843E0,1.188257941843E0,1.188257941843E0,
1.188257941843E0,1.188257941843E0,1.188257941843E0,1.188257941843E0,
1.188257941843E0,1.188257941843E0,1.188257941843E0,1.188257941843E0)))REPRESENTATION_ITEM('')SURFACE());
#1542=ORIENTED_EDGE('',*,*,#1541,.F.);
#1543=ORIENTED_EDGE('',*,*,#1450,.T.);
#1544=ORIENTED_EDGE('',*,*,#1477,.T.);
#1545=EDGE_LOOP('',(#1542,#1543,#1544));
#1546=FACE_OUTER_BOUND('',#1545,.F.);
#1547=ADVANCED_FACE('',(#1546),#1540,.F.);
#1548=CARTESIAN_POINT('',(5.5E0,0.E0,5.5E0));
#1549=DIRECTION('',(1.E0,0.E0,0.E0));
#1550=DIRECTION('',(0.E0,0.E0,-1.E0));
#1551=AXIS2_PLACEMENT_3D('',#1548,#1549,#1550);
#1552=CYLINDRICAL_SURFACE('',#1551,1.95E0);
#1553=ORIENTED_EDGE('',*,*,#1541,.T.);
#1554=ORIENTED_EDGE('',*,*,#1483,.F.);
#1555=ORIENTED_EDGE('',*,*,#1388,.F.);
#1556=ORIENTED_EDGE('',*,*,#1358,.T.);
#1557=ORIENTED_EDGE('',*,*,#1385,.T.);
#1558=EDGE_LOOP('',(#1553,#1554,#1555,#1556,#1557));
#1559=FACE_OUTER_BOUND('',#1558,.F.);
#1560=ADVANCED_FACE('',(#1559),#1552,.F.);
#1561=CARTESIAN_POINT('',(0.E0,0.E0,-1.87E1));
#1562=DIRECTION('',(0.E0,0.E0,-1.E0));
#1563=DIRECTION('',(-9.988503359295E-1,4.793752615232E-2,0.E0));
#1564=AXIS2_PLACEMENT_3D('',#1561,#1562,#1563);
#1565=TOROIDAL_SURFACE('',#1564,2.25E0,3.E-1);
#1566=ORIENTED_EDGE('',*,*,#729,.T.);
#1568=ORIENTED_EDGE('',*,*,#1567,.T.);
#1569=ORIENTED_EDGE('',*,*,#1480,.F.);
#1571=ORIENTED_EDGE('',*,*,#1570,.F.);
#1572=EDGE_LOOP('',(#1566,#1568,#1569,#1571));
#1573=FACE_OUTER_BOUND('',#1572,.F.);
#1574=ADVANCED_FACE('',(#1573),#1565,.T.);
#1575=CARTESIAN_POINT('',(0.E0,0.E0,-1.87E1));
#1576=DIRECTION('',(0.E0,0.E0,-1.E0));
#1577=DIRECTION('',(9.988503359295E-1,-4.793752615232E-2,0.E0));
#1578=AXIS2_PLACEMENT_3D('',#1575,#1576,#1577);
#1579=TOROIDAL_SURFACE('',#1578,2.25E0,3.E-1);
#1580=ORIENTED_EDGE('',*,*,#731,.T.);
#1581=ORIENTED_EDGE('',*,*,#1570,.T.);
#1582=ORIENTED_EDGE('',*,*,#1465,.F.);
#1583=ORIENTED_EDGE('',*,*,#1567,.F.);
#1584=EDGE_LOOP('',(#1580,#1581,#1582,#1583));
#1585=FACE_OUTER_BOUND('',#1584,.F.);
#1586=ADVANCED_FACE('',(#1585),#1579,.T.);
#1587=CARTESIAN_POINT('',(5.2E0,0.E0,5.5E0));
#1588=DIRECTION('',(1.E0,0.E0,0.E0));
#1589=DIRECTION('',(0.E0,1.350301149090E-2,9.999088301844E-1));
#1590=AXIS2_PLACEMENT_3D('',#1587,#1588,#1589);
#1591=TOROIDAL_SURFACE('',#1590,4.575E0,3.E-1);
#1592=ORIENTED_EDGE('',*,*,#1150,.T.);
#1593=ORIENTED_EDGE('',*,*,#1140,.T.);
#1595=ORIENTED_EDGE('',*,*,#1594,.F.);
#1596=ORIENTED_EDGE('',*,*,#1137,.F.);
#1597=EDGE_LOOP('',(#1592,#1593,#1595,#1596));
#1598=FACE_OUTER_BOUND('',#1597,.F.);
#1599=ADVANCED_FACE('',(#1598),#1591,.T.);
#1600=CARTESIAN_POINT('',(0.E0,0.E0,5.5E0));
#1601=DIRECTION('',(1.E0,0.E0,0.E0));
#1602=DIRECTION('',(0.E0,0.E0,-1.E0));
#1603=AXIS2_PLACEMENT_3D('',#1600,#1601,#1602);
#1604=CYLINDRICAL_SURFACE('',#1603,4.875E0);
#1605=ORIENTED_EDGE('',*,*,#1594,.T.);
#1606=ORIENTED_EDGE('',*,*,#1125,.F.);
#1608=ORIENTED_EDGE('',*,*,#1607,.F.);
#1609=ORIENTED_EDGE('',*,*,#1044,.T.);
#1610=ORIENTED_EDGE('',*,*,#1120,.T.);
#1611=EDGE_LOOP('',(#1605,#1606,#1608,#1609,#1610));
#1612=FACE_OUTER_BOUND('',#1611,.F.);
#1613=ADVANCED_FACE('',(#1612),#1604,.T.);
#1614=CARTESIAN_POINT('',(-1.012563065970E-1,-4.878487164353E0,
5.532946940161E0));
#1615=CARTESIAN_POINT('',(-7.875642288127E-2,-4.878947017085E0,
5.509066512237E0));
#1616=CARTESIAN_POINT('',(2.165915718452E-1,-4.882965268921E0,
5.195627373696E0));
#1617=CARTESIAN_POINT('',(7.588413414299E-1,-4.841513430098E0,
4.620896031049E0));
#1618=CARTESIAN_POINT('',(1.495047465460E0,-4.663819130826E0,3.841558172887E0));
#1619=CARTESIAN_POINT('',(2.143006183631E0,-4.400890764443E0,3.156435844788E0));
#1620=CARTESIAN_POINT('',(2.702104425120E0,-4.078666647822E0,2.565921805556E0));
#1621=CARTESIAN_POINT('',(3.176096535851E0,-3.718930576380E0,2.065815435427E0));
#1622=CARTESIAN_POINT('',(3.572986260149E0,-3.337179572123E0,1.647468081055E0));
#1623=CARTESIAN_POINT('',(3.901047889740E0,-2.944792708706E0,1.301985266930E0));
#1624=CARTESIAN_POINT('',(4.167431904274E0,-2.551691687068E0,1.021689757241E0));
#1625=CARTESIAN_POINT('',(4.379275956837E0,-2.165774385640E0,
7.989487376013E-1));
#1626=CARTESIAN_POINT('',(4.543594001499E0,-1.793181427905E0,
6.262895972405E-1));
#1627=CARTESIAN_POINT('',(4.667054191206E0,-1.438882179576E0,
4.966313822239E-1));
#1628=CARTESIAN_POINT('',(4.756116072749E0,-1.106379533701E0,
4.031374211732E-1));
#1629=CARTESIAN_POINT('',(4.816912410654E0,-7.975305444896E-1,
3.393352297137E-1));
#1630=CARTESIAN_POINT('',(4.855030274245E0,-5.122928159794E-1,
2.993410908793E-1));
#1631=CARTESIAN_POINT('',(4.875224246491E0,-2.491185158622E-1,
2.781557485392E-1));
#1632=CARTESIAN_POINT('',(4.880186542205E0,-4.931831947615E-2,
2.729500789710E-1));
#1633=CARTESIAN_POINT('',(4.879103787697E0,6.277721976673E-2,
2.740859813776E-1));
#1634=CARTESIAN_POINT('',(4.878496715436E0,9.414785474800E-2,
2.747229655112E-1));
#1635=CARTESIAN_POINT('',(5.801423241187E-2,-4.841800836913E0,
5.691728841031E0));
#1636=CARTESIAN_POINT('',(8.034805884619E-2,-4.841518052428E0,
5.667841671482E0));
#1637=CARTESIAN_POINT('',(3.734189355155E-1,-4.835811739817E0,
5.354351759282E0));
#1638=CARTESIAN_POINT('',(9.091232897615E-1,-4.777095414568E0,
4.780368486449E0));
#1639=CARTESIAN_POINT('',(1.630579415626E0,-4.577966124958E0,4.004033498437E0));
#1640=CARTESIAN_POINT('',(2.260527073474E0,-4.298780489616E0,3.323400346532E0));
#1641=CARTESIAN_POINT('',(2.799774121698E0,-3.965632253623E0,2.738485487587E0));
#1642=CARTESIAN_POINT('',(3.253283518754E0,-3.600141027480E0,2.244731354244E0));
#1643=CARTESIAN_POINT('',(3.629952839163E0,-3.217436435661E0,1.833173146644E0));
#1644=CARTESIAN_POINT('',(3.938767585835E0,-2.828454559112E0,1.494611802827E0));
#1645=CARTESIAN_POINT('',(4.187511914372E0,-2.442562241260E0,1.221046322761E0));
#1646=CARTESIAN_POINT('',(4.383810945854E0,-2.066982816624E0,1.004540527991E0));
#1647=CARTESIAN_POINT('',(4.534999913976E0,-1.707091535634E0,
8.373689312830E-1));
#1648=CARTESIAN_POINT('',(4.647898688893E0,-1.367036370927E0,
7.122716412349E-1));
#1649=CARTESIAN_POINT('',(4.728932538800E0,-1.049523021410E0,
6.223314728480E-1));
#1650=CARTESIAN_POINT('',(4.784037300485E0,-7.557238423642E-1,
5.610938469389E-1));
#1651=CARTESIAN_POINT('',(4.818495133728E0,-4.851008693010E-1,
5.227684217387E-1));
#1652=CARTESIAN_POINT('',(4.836720899853E0,-2.358087101506E-1,
5.024865981176E-1));
#1653=CARTESIAN_POINT('',(4.841196489077E0,-4.668334274386E-2,
4.975051600309E-1));
#1654=CARTESIAN_POINT('',(4.840219828438E0,5.942316887758E-2,
4.985920505493E-1));
#1655=CARTESIAN_POINT('',(4.839672031655E0,8.911927673334E-2,
4.992012804070E-1));
#1656=CARTESIAN_POINT('',(1.697524245658E-1,-5.004480593708E0,
5.805634044165E0));
#1657=CARTESIAN_POINT('',(1.928436703247E-1,-5.003676028616E0,
5.781747002834E0));
#1658=CARTESIAN_POINT('',(4.957813495220E-1,-4.991059438245E0,
5.468280889782E0));
#1659=CARTESIAN_POINT('',(1.047774646306E0,-4.918189348486E0,4.894834566221E0));
#1660=CARTESIAN_POINT('',(1.787085547704E0,-4.696588197015E0,4.120654977229E0));
#1661=CARTESIAN_POINT('',(2.429093436544E0,-4.395385025781E0,3.443244064546E0));
#1662=CARTESIAN_POINT('',(2.975614875331E0,-4.041793202888E0,2.862348183146E0));
#1663=CARTESIAN_POINT('',(3.432636752121E0,-3.658158479827E0,2.373153555961E0));
#1664=CARTESIAN_POINT('',(3.810016760955E0,-3.259944966675E0,1.966468459609E0));
#1665=CARTESIAN_POINT('',(4.117578326899E0,-2.858208479515E0,1.632875206178E0));
#1666=CARTESIAN_POINT('',(4.363843571961E0,-2.462297750352E0,1.364140404274E0));
#1667=CARTESIAN_POINT('',(4.557068845904E0,-2.079252487982E0,1.152110126894E0));
#1668=CARTESIAN_POINT('',(4.705095051874E0,-1.714130117185E0,
9.888773772291E-1));
#1669=CARTESIAN_POINT('',(4.815111098612E0,-1.370674621513E0,
8.670538262098E-1));
#1670=CARTESIAN_POINT('',(4.893768045573E0,-1.051148379812E0,
7.796644978004E-1));
#1671=CARTESIAN_POINT('',(4.947096651510E0,-7.562982942345E-1,
7.202676647991E-1));
#1672=CARTESIAN_POINT('',(4.980374355942E0,-4.852246571253E-1,
6.831400082510E-1));
#1673=CARTESIAN_POINT('',(4.997953694870E0,-2.358057864860E-1,
6.635067119603E-1));
#1674=CARTESIAN_POINT('',(5.002268215816E0,-4.668275156714E-2,
6.586862226630E-1));
#1675=CARTESIAN_POINT('',(5.001326624339E0,5.942242167531E-2,
6.597379334466E-1));
#1676=CARTESIAN_POINT('',(5.000798338353E0,8.911927367966E-2,
6.603272418505E-1));
#1677=CARTESIAN_POINT('',(1.392296726717E-1,-5.228610965946E0,
5.778096819458E0));
#1678=CARTESIAN_POINT('',(1.633596948786E-1,-5.227947828250E0,
5.754216667489E0));
#1679=CARTESIAN_POINT('',(4.799432906333E-1,-5.217093592155E0,
5.440828750122E0));
#1680=CARTESIAN_POINT('',(1.057250565820E0,-5.145179636012E0,4.867253044318E0));
#1681=CARTESIAN_POINT('',(1.831884223858E0,-4.919120783838E0,4.092554094609E0));
#1682=CARTESIAN_POINT('',(2.505799299513E0,-4.608805677273E0,3.414366757487E0));
#1683=CARTESIAN_POINT('',(3.080553682420E0,-4.242582316340E0,2.832502471147E0));
#1684=CARTESIAN_POINT('',(3.562105447665E0,-3.843797316868E0,2.342209194307E0));
#1685=CARTESIAN_POINT('',(3.960524734938E0,-3.428667589882E0,1.934349882634E0));
#1686=CARTESIAN_POINT('',(4.285889234849E0,-3.008829906259E0,1.599559527895E0));
#1687=CARTESIAN_POINT('',(4.546937698434E0,-2.594166987042E0,1.329660735263E0));
#1688=CARTESIAN_POINT('',(4.752166326337E0,-2.192181506382E0,1.116552045998E0));
#1689=CARTESIAN_POINT('',(4.909677388188E0,-1.808330054747E0,
9.523701994807E-1));
#1690=CARTESIAN_POINT('',(5.026933291824E0,-1.446712521540E0,
8.297578147309E-1));
#1691=CARTESIAN_POINT('',(5.110879538136E0,-1.109877674305E0,
7.417538409274E-1));
#1692=CARTESIAN_POINT('',(5.167853185284E0,-7.987668954446E-1,
6.819134540802E-1));
#1693=CARTESIAN_POINT('',(5.203431143518E0,-5.125592355050E-1,
6.444971855488E-1));
#1694=CARTESIAN_POINT('',(5.222233857552E0,-2.491122234717E-1,
6.247076213855E-1));
#1695=CARTESIAN_POINT('',(5.226849497732E0,-4.931704712951E-2,
6.198483501838E-1));
#1696=CARTESIAN_POINT('',(5.225842220029E0,6.277561161766E-2,
6.209085378072E-1));
#1697=CARTESIAN_POINT('',(5.225277139436E0,9.414784817581E-2,
6.215026464455E-1));
#1698=(BOUNDED_SURFACE()B_SPLINE_SURFACE(3,3,((#1614,#1615,#1616,#1617,#1618,
#1619,#1620,#1621,#1622,#1623,#1624,#1625,#1626,#1627,#1628,#1629,#1630,#1631,
#1632,#1633,#1634),(#1635,#1636,#1637,#1638,#1639,#1640,#1641,#1642,#1643,#1644,
#1645,#1646,#1647,#1648,#1649,#1650,#1651,#1652,#1653,#1654,#1655),(#1656,#1657,
#1658,#1659,#1660,#1661,#1662,#1663,#1664,#1665,#1666,#1667,#1668,#1669,#1670,
#1671,#1672,#1673,#1674,#1675,#1676),(#1677,#1678,#1679,#1680,#1681,#1682,#1683,
#1684,#1685,#1686,#1687,#1688,#1689,#1690,#1691,#1692,#1693,#1694,#1695,#1696,
#1697)),.UNSPECIFIED.,.F.,.F.,.F.)B_SPLINE_SURFACE_WITH_KNOTS((4,4),(4,1,1,1,1,
1,1,1,1,1,1,1,1,1,1,1,1,1,4),(0.E0,1.E0),(-1.030287527953E-2,0.E0,
1.249553517019E-1,2.384892700901E-1,3.411333837908E-1,4.323708301991E-1,
5.131581496781E-1,5.852428786593E-1,6.495781969675E-1,7.070322582718E-1,
7.584687122212E-1,8.045927501901E-1,8.460203499809E-1,8.832282264438E-1,
9.167162467473E-1,9.469987918534E-1,9.745902484890E-1,1.E0,1.009881742504E0),
.UNSPECIFIED.)GEOMETRIC_REPRESENTATION_ITEM()RATIONAL_B_SPLINE_SURFACE(((
1.268944055743E0,1.268944055743E0,1.268944055743E0,1.268944055743E0,
1.268944055743E0,1.268944055743E0,1.268944055743E0,1.268944055743E0,
1.268944055743E0,1.268944055743E0,1.268944055743E0,1.268944055743E0,
1.268944055743E0,1.268944055743E0,1.268944055743E0,1.268944055743E0,
1.268944055743E0,1.268944055743E0,1.268944055743E0,1.268944055743E0,
1.268944055743E0),(9.103519814189E-1,9.103519814189E-1,9.103519814189E-1,
9.103519814189E-1,9.103519814189E-1,9.103519814189E-1,9.103519814189E-1,
9.103519814189E-1,9.103519814189E-1,9.103519814189E-1,9.103519814189E-1,
9.103519814189E-1,9.103519814189E-1,9.103519814189E-1,9.103519814189E-1,
9.103519814189E-1,9.103519814189E-1,9.103519814189E-1,9.103519814189E-1,
9.103519814189E-1,9.103519814189E-1),(9.103519814189E-1,9.103519814189E-1,
9.103519814189E-1,9.103519814189E-1,9.103519814189E-1,9.103519814189E-1,
9.103519814189E-1,9.103519814189E-1,9.103519814189E-1,9.103519814189E-1,
9.103519814189E-1,9.103519814189E-1,9.103519814189E-1,9.103519814189E-1,
9.103519814189E-1,9.103519814189E-1,9.103519814189E-1,9.103519814189E-1,
9.103519814189E-1,9.103519814189E-1,9.103519814189E-1),(1.268944055743E0,
1.268944055743E0,1.268944055743E0,1.268944055743E0,1.268944055743E0,
1.268944055743E0,1.268944055743E0,1.268944055743E0,1.268944055743E0,
1.268944055743E0,1.268944055743E0,1.268944055743E0,1.268944055743E0,
1.268944055743E0,1.268944055743E0,1.268944055743E0,1.268944055743E0,
1.268944055743E0,1.268944055743E0,1.268944055743E0,1.268944055743E0)))REPRESENTATION_ITEM('')SURFACE());
#1699=ORIENTED_EDGE('',*,*,#1607,.T.);
#1701=ORIENTED_EDGE('',*,*,#1700,.F.);
#1702=ORIENTED_EDGE('',*,*,#978,.F.);
#1703=EDGE_LOOP('',(#1699,#1701,#1702));
#1704=FACE_OUTER_BOUND('',#1703,.F.);
#1705=ADVANCED_FACE('',(#1704),#1698,.F.);
#1706=CARTESIAN_POINT('',(4.878491604067E0,-9.416686294592E-2,
2.747224159274E-1));
#1707=CARTESIAN_POINT('',(4.879104111040E0,-6.279494919756E-2,
2.740792787522E-1));
#1708=CARTESIAN_POINT('',(4.881460610052E0,1.797603257193E-1,
2.716064574889E-1));
#1709=CARTESIAN_POINT('',(4.851029821164E0,6.449081643562E-1,
3.035279210716E-1));
#1710=CARTESIAN_POINT('',(4.720438245491E0,1.294946258576E0,4.405633703826E-1));
#1711=CARTESIAN_POINT('',(4.491567947512E0,1.949943085121E0,6.809042396712E-1));
#1712=CARTESIAN_POINT('',(4.151478151093E0,2.600815358907E0,1.038407467386E0));
#1713=CARTESIAN_POINT('',(3.686420268899E0,3.230633022478E0,1.527891184964E0));
#1714=CARTESIAN_POINT('',(3.093873814450E0,3.804789845264E0,2.152432658981E0));
#1715=CARTESIAN_POINT('',(2.402347631589E0,4.274628233936E0,2.882360120256E0));
#1716=CARTESIAN_POINT('',(1.647513647485E0,4.617147278500E0,3.680225175683E0));
#1717=CARTESIAN_POINT('',(8.317606922212E-1,4.833544562656E0,4.543617162163E0));
#1718=CARTESIAN_POINT('',(2.436519423905E-1,4.883300013090E0,5.166915758049E0));
#1719=CARTESIAN_POINT('',(-7.870807299184E-2,4.878952227813E0,
5.509015316987E0));
#1720=CARTESIAN_POINT('',(-1.012775841052E-1,4.878493533952E0,
5.532969068915E0));
#1721=CARTESIAN_POINT('',(4.839660166673E0,-8.913706932725E-2,
4.992016593711E-1));
#1722=CARTESIAN_POINT('',(4.840213338536E0,-5.943988594538E-2,
4.985880028751E-1));
#1723=CARTESIAN_POINT('',(4.842338243464E0,1.701555923905E-1,
4.962254575185E-1));
#1724=CARTESIAN_POINT('',(4.814919477363E0,6.104605683711E-1,
5.267504284126E-1));
#1725=CARTESIAN_POINT('',(4.696683247395E0,1.228729150052E0,6.581942879524E-1));
#1726=CARTESIAN_POINT('',(4.487574978006E0,1.857342150766E0,8.899685821607E-1));
#1727=CARTESIAN_POINT('',(4.173167933920E0,2.489642064645E0,1.237039425323E0));
#1728=CARTESIAN_POINT('',(3.737639191566E0,3.110412839965E0,1.715508472899E0));
#1729=CARTESIAN_POINT('',(3.175541289047E0,3.685915971691E0,2.329813662526E0));
#1730=CARTESIAN_POINT('',(2.511686119015E0,4.166615964369E0,3.051497795523E0));
#1731=CARTESIAN_POINT('',(1.779517940611E0,4.527054221168E0,3.843492201018E0));
#1732=CARTESIAN_POINT('',(9.810463433957E-1,4.766816700419E0,4.703230479572E0));
#1733=CARTESIAN_POINT('',(4.002719386258E-1,4.835257775128E0,5.325637293305E0));
#1734=CARTESIAN_POINT('',(8.039948517363E-2,4.841521025484E0,5.667793945957E0));
#1735=CARTESIAN_POINT('',(5.799670241307E-2,4.841806996602E0,5.691754614888E0));
#1736=CARTESIAN_POINT('',(5.000787295334E0,-8.913697255585E-2,
6.603312198723E-1));
#1737=CARTESIAN_POINT('',(5.001321123943E0,-5.943912578555E-2,
6.597387243924E-1));
#1738=CARTESIAN_POINT('',(5.003369201405E0,1.701531677707E-1,
6.574553342756E-1));
#1739=CARTESIAN_POINT('',(4.976958042722E0,6.104593879926E-1,
6.869779129231E-1));
#1740=CARTESIAN_POINT('',(4.862631307932E0,1.230871922124E0,8.144081701872E-1));
#1741=CARTESIAN_POINT('',(4.659000208199E0,1.865734844185E0,1.040033439405E0));
#1742=CARTESIAN_POINT('',(4.350055978296E0,2.509800800947E0,1.379615993174E0));
#1743=CARTESIAN_POINT('',(3.917934767577E0,3.148442134036E0,1.850178791114E0));
#1744=CARTESIAN_POINT('',(3.354964401609E0,3.747207734474E0,2.457136450612E0));
#1745=CARTESIAN_POINT('',(2.684376867711E0,4.254035680629E0,3.172903582811E0));
#1746=CARTESIAN_POINT('',(1.939382188225E0,4.640788785666E0,3.960684078686E0));
#1747=CARTESIAN_POINT('',(1.121807092760E0,4.905928400553E0,4.817799752391E0));
#1748=CARTESIAN_POINT('',(5.235365165257E-1,4.989878497212E0,5.439566451412E0));
#1749=CARTESIAN_POINT('',(1.928976718499E-1,5.003683528783E0,5.781699993228E0));
#1750=CARTESIAN_POINT('',(1.697353666748E-1,5.004492809255E0,5.805660802680E0));
#1751=CARTESIAN_POINT('',(5.225270236236E0,-9.416665467401E-2,
6.215062819164E-1));
#1752=CARTESIAN_POINT('',(5.225841112559E0,-6.279331317768E-2,
6.209086875885E-1));
#1753=CARTESIAN_POINT('',(5.228032263105E0,1.797551074402E-1,
6.186062246383E-1));
#1754=CARTESIAN_POINT('',(5.199770052067E0,6.449056239395E-1,
6.483703344899E-1));
#1755=CARTESIAN_POINT('',(5.077592511955E0,1.299557943612E0,7.767676884112E-1));
#1756=CARTESIAN_POINT('',(4.860510206581E0,1.968005882915E0,1.003874594599E0));
#1757=CARTESIAN_POINT('',(4.532177506847E0,2.644201094501E0,1.345261487498E0));
#1758=CARTESIAN_POINT('',(4.074453331703E0,3.312479864100E0,1.817729334087E0));
#1759=CARTESIAN_POINT('',(3.480029156951E0,3.936702291279E0,2.426457416098E0));
#1760=CARTESIAN_POINT('',(2.774013546068E0,4.462773395346E0,3.143650277929E0));
#1761=CARTESIAN_POINT('',(1.991574300593E0,4.861927391165E0,3.932446135473E0));
#1762=CARTESIAN_POINT('',(1.134706698481E0,5.132941476708E0,4.790193738355E0));
#1763=CARTESIAN_POINT('',(5.089425987461E-1,5.216075523675E0,5.412114676076E0));
#1764=CARTESIAN_POINT('',(1.634111009884E-1,5.227959198587E0,5.754164495756E0));
#1765=CARTESIAN_POINT('',(1.392069418417E-1,5.228626773799E0,5.778118550112E0));
#1766=(BOUNDED_SURFACE()B_SPLINE_SURFACE(3,3,((#1706,#1707,#1708,#1709,#1710,
#1711,#1712,#1713,#1714,#1715,#1716,#1717,#1718,#1719,#1720),(#1721,#1722,#1723,
#1724,#1725,#1726,#1727,#1728,#1729,#1730,#1731,#1732,#1733,#1734,#1735),(#1736,
#1737,#1738,#1739,#1740,#1741,#1742,#1743,#1744,#1745,#1746,#1747,#1748,#1749,
#1750),(#1751,#1752,#1753,#1754,#1755,#1756,#1757,#1758,#1759,#1760,#1761,#1762,
#1763,#1764,#1765)),.UNSPECIFIED.,.F.,.F.,.F.)B_SPLINE_SURFACE_WITH_KNOTS((4,4),
(4,1,1,1,1,1,1,1,1,1,1,1,4),(0.E0,1.E0),(-9.887818001300E-3,0.E0,
6.650837245268E-2,1.363296576952E-1,2.120728158196E-1,2.965074647350E-1,
3.922552918060E-1,5.014732127954E-1,6.209324692398E-1,7.403610194293E-1,
8.626855308152E-1,1.E0,1.010336147228E0),.UNSPECIFIED.)GEOMETRIC_REPRESENTATION_ITEM()RATIONAL_B_SPLINE_SURFACE(((1.268952952196E0,1.268952952196E0,
1.268952952196E0,1.268952952196E0,1.268952952196E0,1.268952952196E0,
1.268952952196E0,1.268952952196E0,1.268952952196E0,1.268952952196E0,
1.268952952196E0,1.268952952196E0,1.268952952196E0,1.268952952196E0,
1.268952952196E0),(9.103490159347E-1,9.103490159347E-1,9.103490159347E-1,
9.103490159347E-1,9.103490159347E-1,9.103490159347E-1,9.103490159347E-1,
9.103490159347E-1,9.103490159347E-1,9.103490159347E-1,9.103490159347E-1,
9.103490159347E-1,9.103490159347E-1,9.103490159347E-1,9.103490159347E-1),(
9.103490159347E-1,9.103490159347E-1,9.103490159347E-1,9.103490159347E-1,
9.103490159347E-1,9.103490159347E-1,9.103490159347E-1,9.103490159347E-1,
9.103490159347E-1,9.103490159347E-1,9.103490159347E-1,9.103490159347E-1,
9.103490159347E-1,9.103490159347E-1,9.103490159347E-1),(1.268952952196E0,
1.268952952196E0,1.268952952196E0,1.268952952196E0,1.268952952196E0,
1.268952952196E0,1.268952952196E0,1.268952952196E0,1.268952952196E0,
1.268952952196E0,1.268952952196E0,1.268952952196E0,1.268952952196E0,
1.268952952196E0,1.268952952196E0)))REPRESENTATION_ITEM('')SURFACE());
#1767=ORIENTED_EDGE('',*,*,#960,.F.);
#1768=ORIENTED_EDGE('',*,*,#1700,.T.);
#1769=ORIENTED_EDGE('',*,*,#1123,.T.);
#1770=EDGE_LOOP('',(#1767,#1768,#1769));
#1771=FACE_OUTER_BOUND('',#1770,.F.);
#1772=ADVANCED_FACE('',(#1771),#1766,.F.);
#1773=CLOSED_SHELL('',(#735,#750,#763,#778,#794,#811,#826,#839,#854,#866,#879,
#894,#911,#923,#938,#951,#968,#983,#1048,#1112,#1129,#1144,#1161,#1176,#1189,
#1205,#1220,#1237,#1252,#1265,#1280,#1293,#1305,#1320,#1337,#1349,#1364,#1377,
#1394,#1455,#1471,#1487,#1547,#1560,#1574,#1586,#1599,#1613,#1705,#1772));
#1774=MANIFOLD_SOLID_BREP('',#1773);
#1776=DIMENSIONAL_EXPONENTS(0.E0,0.E0,0.E0,0.E0,0.E0,0.E0,0.E0);
#1778=PLANE_ANGLE_MEASURE_WITH_UNIT(PLANE_ANGLE_MEASURE(1.745329251994E-2),
#1777);
#1779=(CONVERSION_BASED_UNIT('DEGREE',#1778)NAMED_UNIT(*)PLANE_ANGLE_UNIT());
#1781=UNCERTAINTY_MEASURE_WITH_UNIT(LENGTH_MEASURE(4.281076830314E-3),#1775,
'closure',
'Maximum model space distance between geometric entities at asserted connectivities');
#1782=(GEOMETRIC_REPRESENTATION_CONTEXT(3)GLOBAL_UNCERTAINTY_ASSIGNED_CONTEXT((
#1781))GLOBAL_UNIT_ASSIGNED_CONTEXT((#1775,#1779,#1780))REPRESENTATION_CONTEXT(
'ID1','3'));
#1784=APPLICATION_CONTEXT(
'CONFIGURATION CONTROLLED 3D DESIGNS OF MECHANICAL PARTS AND ASSEMBLIES');
#1785=APPLICATION_PROTOCOL_DEFINITION('international standard',
'config_control_design',1994,#1784);
#1786=DESIGN_CONTEXT('',#1784,'design');
#1787=MECHANICAL_CONTEXT('',#1784,'mechanical');
#1788=PRODUCT('PRT0002','PRT0002','NOT SPECIFIED',(#1787));
#1789=PRODUCT_DEFINITION_FORMATION_WITH_SPECIFIED_SOURCE('1','LAST_VERSION',
#1788,.MADE.);
#1793=PRODUCT_CATEGORY('part','');
#1794=PRODUCT_RELATED_PRODUCT_CATEGORY('detail','',(#1788));
#1795=PRODUCT_CATEGORY_RELATIONSHIP('','',#1793,#1794);
#1796=SECURITY_CLASSIFICATION_LEVEL('unclassified');
#1797=SECURITY_CLASSIFICATION('','',#1796);
#1798=CC_DESIGN_SECURITY_CLASSIFICATION(#1797,(#1789));
#1799=APPROVAL_STATUS('approved');
#1800=APPROVAL(#1799,'');
#1801=CC_DESIGN_APPROVAL(#1800,(#1797,#1789,#1790));
#1802=CALENDAR_DATE(126,1,7);
#1803=COORDINATED_UNIVERSAL_TIME_OFFSET(8,0,.AHEAD.);
#1804=LOCAL_TIME(14,58,2.9E1,#1803);
#1805=DATE_AND_TIME(#1802,#1804);
#1806=APPROVAL_DATE_TIME(#1805,#1800);
#1807=DATE_TIME_ROLE('creation_date');
#1808=CC_DESIGN_DATE_AND_TIME_ASSIGNMENT(#1805,#1807,(#1790));
#1809=DATE_TIME_ROLE('classification_date');
#1810=CC_DESIGN_DATE_AND_TIME_ASSIGNMENT(#1805,#1809,(#1797));
#1811=PERSON('UNSPECIFIED','UNSPECIFIED',$,$,$,$);
#1812=ORGANIZATION('UNSPECIFIED','UNSPECIFIED','UNSPECIFIED');
#1813=PERSON_AND_ORGANIZATION(#1811,#1812);
#1814=APPROVAL_ROLE('approver');
#1815=APPROVAL_PERSON_ORGANIZATION(#1813,#1800,#1814);
#1816=PERSON_AND_ORGANIZATION_ROLE('creator');
#1817=CC_DESIGN_PERSON_AND_ORGANIZATION_ASSIGNMENT(#1813,#1816,(#1789,#1790));
#1818=PERSON_AND_ORGANIZATION_ROLE('design_supplier');
#1819=CC_DESIGN_PERSON_AND_ORGANIZATION_ASSIGNMENT(#1813,#1818,(#1789));
#1820=PERSON_AND_ORGANIZATION_ROLE('classification_officer');
#1821=CC_DESIGN_PERSON_AND_ORGANIZATION_ASSIGNMENT(#1813,#1820,(#1797));
#1822=PERSON_AND_ORGANIZATION_ROLE('design_owner');
#1823=CC_DESIGN_PERSON_AND_ORGANIZATION_ASSIGNMENT(#1813,#1822,(#1788));
#5=CIRCLE('',#4,2.875E0);
#10=CIRCLE('',#9,2.875E0);
#15=CIRCLE('',#14,2.25E0);
#20=CIRCLE('',#19,2.25E0);
#25=CIRCLE('',#24,3.E-1);
#30=CIRCLE('',#29,3.E-1);
#35=CIRCLE('',#34,3.175E0);
#44=CIRCLE('',#43,3.175E0);
#49=CIRCLE('',#48,3.175E0);
#54=CIRCLE('',#53,3.175E0);
#63=CIRCLE('',#62,3.E0);
#72=CIRCLE('',#71,3.E0);
#81=CIRCLE('',#80,3.E0);
#86=CIRCLE('',#85,3.E0);
#91=CIRCLE('',#90,3.175E0);
#100=CIRCLE('',#99,3.175E0);
#105=CIRCLE('',#104,3.175E0);
#110=CIRCLE('',#109,3.175E0);
#119=CIRCLE('',#118,3.E-1);
#124=CIRCLE('',#123,3.475E0);
#129=CIRCLE('',#128,3.475E0);
#134=CIRCLE('',#133,4.575E0);
#139=CIRCLE('',#138,4.575E0);
#144=CIRCLE('',#143,3.E-1);
#149=CIRCLE('',#148,3.E-1);
#154=CIRCLE('',#153,3.E-1);
#159=CIRCLE('',#158,4.875E0);
#177=B_SPLINE_CURVE_WITH_KNOTS('',3,(#164,#165,#166,#167,#168,#169,#170,#171,
#172,#173,#174,#175,#176),.UNSPECIFIED.,.F.,.F.,(4,1,1,1,1,1,1,1,1,1,4),(0.E0,
1.E-1,2.E-1,3.E-1,4.E-1,5.E-1,6.E-1,7.E-1,8.E-1,9.E-1,1.E0),.UNSPECIFIED.);
#190=B_SPLINE_CURVE_WITH_KNOTS('',3,(#178,#179,#180,#181,#182,#183,#184,#185,
#186,#187,#188,#189),.UNSPECIFIED.,.F.,.F.,(4,1,1,1,1,1,1,1,1,4),(0.E0,
1.111111111111E-1,2.222222222222E-1,3.333333333333E-1,4.444444444444E-1,
5.555555555556E-1,6.666666666667E-1,7.777777777778E-1,8.888888888889E-1,1.E0),
.UNSPECIFIED.);
#195=CIRCLE('',#194,4.875E0);
#212=B_SPLINE_CURVE_WITH_KNOTS('',3,(#200,#201,#202,#203,#204,#205,#206,#207,
#208,#209,#210,#211),.UNSPECIFIED.,.F.,.F.,(4,1,1,1,1,1,1,1,1,4),(0.E0,
1.111111111111E-1,2.222222222222E-1,3.333333333333E-1,4.444444444444E-1,
5.555555555556E-1,6.666666666667E-1,7.777777777778E-1,8.888888888889E-1,1.E0),
.UNSPECIFIED.);
#232=B_SPLINE_CURVE_WITH_KNOTS('',3,(#213,#214,#215,#216,#217,#218,#219,#220,
#221,#222,#223,#224,#225,#226,#227,#228,#229,#230,#231),.UNSPECIFIED.,.F.,.F.,
(4,1,1,1,1,1,1,1,1,1,1,1,1,1,1,1,4),(0.E0,6.25E-2,1.25E-1,1.875E-1,2.5E-1,
3.125E-1,3.75E-1,4.375E-1,5.E-1,5.625E-1,6.25E-1,6.875E-1,7.5E-1,8.125E-1,
8.75E-1,9.375E-1,1.E0),.UNSPECIFIED.);
#237=CIRCLE('',#236,4.9E0);
#242=CIRCLE('',#241,4.875E0);
#255=B_SPLINE_CURVE_WITH_KNOTS('',3,(#243,#244,#245,#246,#247,#248,#249,#250,
#251,#252,#253,#254),.UNSPECIFIED.,.F.,.F.,(4,1,1,1,1,1,1,1,1,4),(0.E0,
1.111111111111E-1,2.222222222222E-1,3.333333333333E-1,4.444444444444E-1,
5.555555555556E-1,6.666666666667E-1,7.777777777778E-1,8.888888888889E-1,1.E0),
.UNSPECIFIED.);
#269=B_SPLINE_CURVE_WITH_KNOTS('',3,(#256,#257,#258,#259,#260,#261,#262,#263,
#264,#265,#266,#267,#268),.UNSPECIFIED.,.F.,.F.,(4,1,1,1,1,1,1,1,1,1,4),(0.E0,
1.E-1,2.E-1,3.E-1,4.E-1,5.E-1,6.E-1,7.E-1,8.E-1,9.E-1,1.E0),.UNSPECIFIED.);
#278=CIRCLE('',#277,3.E-1);
#283=CIRCLE('',#282,3.475E0);
#288=CIRCLE('',#287,3.475E0);
#293=CIRCLE('',#292,4.575E0);
#298=CIRCLE('',#297,4.575E0);
#303=CIRCLE('',#302,3.E-1);
#308=CIRCLE('',#307,3.E-1);
#313=CIRCLE('',#312,3.175E0);
#322=CIRCLE('',#321,3.175E0);
#327=CIRCLE('',#326,3.175E0);
#332=CIRCLE('',#331,3.175E0);
#341=CIRCLE('',#340,3.E0);
#350=CIRCLE('',#349,3.E0);
#359=CIRCLE('',#358,3.E0);
#364=CIRCLE('',#363,3.E0);
#369=CIRCLE('',#368,3.175E0);
#378=CIRCLE('',#377,3.175E0);
#383=CIRCLE('',#382,3.175E0);
#388=CIRCLE('',#387,3.175E0);
#397=CIRCLE('',#396,3.E-1);
#402=CIRCLE('',#401,2.875E0);
#407=CIRCLE('',#406,2.875E0);
#412=CIRCLE('',#411,2.25E0);
#417=CIRCLE('',#416,2.25E0);
#422=CIRCLE('',#421,3.E-1);
#427=CIRCLE('',#426,3.E-1);
#432=CIRCLE('',#431,3.E-1);
#444=B_SPLINE_CURVE_WITH_KNOTS('',3,(#433,#434,#435,#436,#437,#438,#439,#440,
#441,#442,#443),.UNSPECIFIED.,.F.,.F.,(4,1,1,1,1,1,1,1,4),(0.E0,1.25E-1,2.5E-1,
3.75E-1,5.E-1,6.25E-1,7.5E-1,8.75E-1,1.E0),.UNSPECIFIED.);
#449=CIRCLE('',#448,1.95E0);
#461=B_SPLINE_CURVE_WITH_KNOTS('',3,(#450,#451,#452,#453,#454,#455,#456,#457,
#458,#459,#460),.UNSPECIFIED.,.F.,.F.,(4,1,1,1,1,1,1,1,4),(0.E0,1.25E-1,2.5E-1,
3.75E-1,5.E-1,6.25E-1,7.5E-1,8.75E-1,1.E0),.UNSPECIFIED.);
#473=B_SPLINE_CURVE_WITH_KNOTS('',3,(#462,#463,#464,#465,#466,#467,#468,#469,
#470,#471,#472),.UNSPECIFIED.,.F.,.F.,(4,1,1,1,1,1,1,1,4),(0.E0,1.25E-1,2.5E-1,
3.75E-1,5.E-1,6.25E-1,7.5E-1,8.75E-1,1.E0),.UNSPECIFIED.);
#482=CIRCLE('',#481,1.95E0);
#498=B_SPLINE_CURVE_WITH_KNOTS('',3,(#487,#488,#489,#490,#491,#492,#493,#494,
#495,#496,#497),.UNSPECIFIED.,.F.,.F.,(4,1,1,1,1,1,1,1,4),(0.E0,1.25E-1,2.5E-1,
3.75E-1,5.E-1,6.25E-1,7.5E-1,8.75E-1,1.E0),.UNSPECIFIED.);
#503=CIRCLE('',#502,1.95E0);
#515=B_SPLINE_CURVE_WITH_KNOTS('',3,(#504,#505,#506,#507,#508,#509,#510,#511,
#512,#513,#514),.UNSPECIFIED.,.F.,.F.,(4,1,1,1,1,1,1,1,4),(0.E0,1.25E-1,2.5E-1,
3.75E-1,5.E-1,6.25E-1,7.5E-1,8.75E-1,1.E0),.UNSPECIFIED.);
#520=CIRCLE('',#519,2.999999999950E0);
#532=B_SPLINE_CURVE_WITH_KNOTS('',3,(#521,#522,#523,#524,#525,#526,#527,#528,
#529,#530,#531),.UNSPECIFIED.,.F.,.F.,(4,1,1,1,1,1,1,1,4),(0.E0,1.25E-1,2.5E-1,
3.75E-1,5.E-1,6.25E-1,7.5E-1,8.75E-1,1.E0),.UNSPECIFIED.);
#541=CIRCLE('',#540,1.95E0);
#550=CIRCLE('',#549,3.E-1);
#555=CIRCLE('',#554,3.E-1);
#560=CIRCLE('',#559,3.E-1);
#565=CIRCLE('',#564,4.875E0);
#585=B_SPLINE_CURVE_WITH_KNOTS('',3,(#566,#567,#568,#569,#570,#571,#572,#573,
#574,#575,#576,#577,#578,#579,#580,#581,#582,#583,#584),.UNSPECIFIED.,.F.,.F.,
(4,1,1,1,1,1,1,1,1,1,1,1,1,1,1,1,4),(0.E0,6.25E-2,1.25E-1,1.875E-1,2.5E-1,
3.125E-1,3.75E-1,4.375E-1,5.E-1,5.625E-1,6.25E-1,6.875E-1,7.5E-1,8.125E-1,
8.75E-1,9.375E-1,1.E0),.UNSPECIFIED.);
#598=B_SPLINE_CURVE_WITH_KNOTS('',3,(#586,#587,#588,#589,#590,#591,#592,#593,
#594,#595,#596,#597),.UNSPECIFIED.,.F.,.F.,(4,1,1,1,1,1,1,1,1,4),(0.E0,
1.111111111111E-1,2.222222222222E-1,3.333333333333E-1,4.444444444444E-1,
5.555555555556E-1,6.666666666667E-1,7.777777777778E-1,8.888888888889E-1,1.E0),
.UNSPECIFIED.);
#607=CIRCLE('',#606,2.999999999999E-1);
#723=EDGE_CURVE('',#650,#651,#5,.T.);
#725=EDGE_CURVE('',#651,#650,#10,.T.);
#729=EDGE_CURVE('',#658,#659,#15,.T.);
#731=EDGE_CURVE('',#659,#658,#20,.T.);
#742=EDGE_CURVE('',#651,#655,#30,.T.);
#744=EDGE_CURVE('',#654,#655,#100,.T.);
#746=EDGE_CURVE('',#650,#654,#25,.T.);
#758=EDGE_CURVE('',#655,#654,#44,.T.);
#769=EDGE_CURVE('',#706,#707,#35,.T.);
#771=EDGE_CURVE('',#706,#655,#39,.T.);
#774=EDGE_CURVE('',#707,#654,#95,.T.);
#784=EDGE_CURVE('',#710,#711,#49,.T.);
#786=EDGE_CURVE('',#630,#711,#114,.T.);
#788=EDGE_CURVE('',#631,#630,#54,.T.);
#790=EDGE_CURVE('',#631,#710,#58,.T.);
#801=EDGE_CURVE('',#707,#706,#91,.T.);
#805=EDGE_CURVE('',#698,#702,#63,.T.);
#807=EDGE_CURVE('',#698,#702,#72,.T.);
#817=EDGE_CURVE('',#698,#699,#67,.T.);
#819=EDGE_CURVE('',#699,#703,#86,.T.);
#821=EDGE_CURVE('',#702,#703,#76,.T.);
#835=EDGE_CURVE('',#699,#703,#81,.T.);
#846=EDGE_CURVE('',#711,#710,#105,.T.);
#874=EDGE_CURVE('',#630,#631,#110,.T.);
#885=EDGE_CURVE('',#626,#627,#124,.T.);
#887=EDGE_CURVE('',#626,#630,#119,.T.);
#890=EDGE_CURVE('',#627,#631,#144,.T.);
#900=EDGE_CURVE('',#674,#675,#134,.T.);
#902=EDGE_CURVE('',#675,#674,#139,.T.);
#907=EDGE_CURVE('',#627,#626,#129,.T.);
#930=EDGE_CURVE('',#675,#679,#154,.T.);
#932=EDGE_CURVE('',#678,#679,#195,.T.);
#934=EDGE_CURVE('',#674,#678,#149,.T.);
#946=EDGE_CURVE('',#679,#678,#159,.T.);
#958=EDGE_CURVE('',#678,#612,#163,.T.);
#960=EDGE_CURVE('',#612,#613,#177,.T.);
#962=EDGE_CURVE('',#610,#613,#190,.T.);
#964=EDGE_CURVE('',#679,#610,#199,.T.);
#976=EDGE_CURVE('',#615,#610,#212,.T.);
#978=EDGE_CURVE('',#615,#612,#232,.T.);
#1042=EDGE_CURVE('',#610,#611,#237,.T.);
#1044=EDGE_CURVE('',#615,#611,#598,.T.);
#1106=EDGE_CURVE('',#611,#613,#255,.T.);
#1118=EDGE_CURVE('',#671,#670,#242,.T.);
#1120=EDGE_CURVE('',#611,#670,#602,.T.);
#1123=EDGE_CURVE('',#614,#613,#269,.T.);
#1125=EDGE_CURVE('',#614,#671,#273,.T.);
#1135=EDGE_CURVE('',#667,#666,#298,.T.);
#1137=EDGE_CURVE('',#666,#670,#560,.T.);
#1140=EDGE_CURVE('',#667,#671,#278,.T.);
#1150=EDGE_CURVE('',#666,#667,#293,.T.);
#1155=EDGE_CURVE('',#618,#619,#283,.T.);
#1157=EDGE_CURVE('',#619,#618,#288,.T.);
#1168=EDGE_CURVE('',#618,#622,#303,.T.);
#1170=EDGE_CURVE('',#622,#623,#388,.T.);
#1172=EDGE_CURVE('',#619,#623,#308,.T.);
#1184=EDGE_CURVE('',#623,#622,#332,.T.);
#1195=EDGE_CURVE('',#690,#691,#313,.T.);
#1197=EDGE_CURVE('',#690,#639,#317,.T.);
#1199=EDGE_CURVE('',#639,#638,#322,.T.);
#1201=EDGE_CURVE('',#691,#638,#373,.T.);
#1211=EDGE_CURVE('',#694,#695,#327,.T.);
#1213=EDGE_CURVE('',#622,#695,#392,.T.);
#1216=EDGE_CURVE('',#623,#694,#336,.T.);
#1227=EDGE_CURVE('',#691,#690,#369,.T.);
#1231=EDGE_CURVE('',#682,#686,#341,.T.);
#1233=EDGE_CURVE('',#682,#686,#350,.T.);
#1243=EDGE_CURVE('',#682,#683,#345,.T.);
#1245=EDGE_CURVE('',#683,#687,#364,.T.);
#1247=EDGE_CURVE('',#686,#687,#354,.T.);
#1261=EDGE_CURVE('',#683,#687,#359,.T.);
#1272=EDGE_CURVE('',#695,#694,#383,.T.);
#1288=EDGE_CURVE('',#638,#639,#378,.T.);
#1311=EDGE_CURVE('',#634,#635,#402,.T.);
#1313=EDGE_CURVE('',#635,#639,#422,.T.);
#1316=EDGE_CURVE('',#634,#638,#397,.T.);
#1327=EDGE_CURVE('',#635,#634,#407,.T.);
#1331=EDGE_CURVE('',#642,#643,#412,.T.);
#1333=EDGE_CURVE('',#643,#642,#417,.T.);
#1356=EDGE_CURVE('',#643,#647,#432,.T.);
#1358=EDGE_CURVE('',#646,#647,#541,.T.);
#1360=EDGE_CURVE('',#642,#646,#427,.T.);
#1372=EDGE_CURVE('',#647,#646,#449,.T.);
#1383=EDGE_CURVE('',#717,#714,#444,.T.);
#1385=EDGE_CURVE('',#647,#714,#545,.T.);
#1388=EDGE_CURVE('',#646,#713,#536,.T.);
#1390=EDGE_CURVE('',#717,#713,#473,.T.);
#1448=EDGE_CURVE('',#717,#716,#461,.T.);
#1450=EDGE_CURVE('',#714,#716,#520,.T.);
#1463=EDGE_CURVE('',#713,#663,#477,.T.);
#1465=EDGE_CURVE('',#663,#662,#482,.T.);
#1467=EDGE_CURVE('',#662,#716,#486,.T.);
#1477=EDGE_CURVE('',#716,#715,#498,.T.);
#1480=EDGE_CURVE('',#662,#663,#503,.T.);
#1483=EDGE_CURVE('',#713,#715,#515,.T.);
#1541=EDGE_CURVE('',#714,#715,#532,.T.);
#1567=EDGE_CURVE('',#659,#663,#555,.T.);
#1570=EDGE_CURVE('',#658,#662,#550,.T.);
#1594=EDGE_CURVE('',#670,#671,#565,.T.);
#1607=EDGE_CURVE('',#615,#614,#585,.T.);
#1700=EDGE_CURVE('',#612,#614,#607,.T.);
#1775=(LENGTH_UNIT()NAMED_UNIT(*)SI_UNIT(.MILLI.,.METRE.));
#1777=(NAMED_UNIT(*)PLANE_ANGLE_UNIT()SI_UNIT($,.RADIAN.));
#1780=(NAMED_UNIT(*)SI_UNIT($,.STERADIAN.)SOLID_ANGLE_UNIT());
#1783=ADVANCED_BREP_SHAPE_REPRESENTATION('',(#1774),#1782);
#1790=PRODUCT_DEFINITION('design','',#1789,#1786);
#1791=PRODUCT_DEFINITION_SHAPE('','SHAPE FOR PRT0002.',#1790);
#1792=SHAPE_DEFINITION_REPRESENTATION(#1791,#1783);
ENDSEC;
END-ISO-10303-21;
