ISO-10303-21;
HEADER;
FILE_DESCRIPTION((''),'2;1');
FILE_NAME('NL0404','2026-06-30T14:31:32',('Administrator'),(''),
'CREO PARAMETRIC BY PTC INC, 2019010','CREO PARAMETRIC BY PTC INC, 2019010','');
FILE_SCHEMA(('CONFIG_CONTROL_DESIGN'));
ENDSEC;
DATA;
#1=CARTESIAN_POINT('',(-1.568438714136E0,2.5E0,-3.95E0));
#2=CARTESIAN_POINT('',(-1.509868216013E0,2.5E0,-3.973256768801E0));
#3=CARTESIAN_POINT('',(-1.383532591395E0,2.494587852881E0,-4.020428724801E0));
#4=CARTESIAN_POINT('',(-1.164943113240E0,2.469018690947E0,-4.089605257754E0));
#5=CARTESIAN_POINT('',(-9.184430690274E-1,2.425884031834E0,-4.152437678923E0));
#6=CARTESIAN_POINT('',(-6.428021033496E-1,2.365610398127E0,-4.204518543931E0));
#7=CARTESIAN_POINT('',(-3.382777730824E-1,2.289801648232E0,-4.240536469744E0));
#8=CARTESIAN_POINT('',(-1.159196978241E-1,2.230798062976E0,-4.25E0));
#9=CARTESIAN_POINT('',(0.E0,2.2E0,-4.25E0));
#11=CARTESIAN_POINT('',(0.E0,2.2E0,-4.25E0));
#12=CARTESIAN_POINT('',(1.158659373592E-1,2.230783779656E0,-4.25E0));
#13=CARTESIAN_POINT('',(3.381410838181E-1,2.289765720505E0,-4.240545640681E0));
#14=CARTESIAN_POINT('',(6.426383838307E-1,2.365571455354E0,-4.204543317233E0));
#15=CARTESIAN_POINT('',(9.182792861697E-1,2.425851634848E0,-4.152474452228E0));
#16=CARTESIAN_POINT('',(1.164832262055E0,2.469003111670E0,-4.089638006999E0));
#17=CARTESIAN_POINT('',(1.383473482213E0,2.494584103396E0,-4.020450033484E0));
#18=CARTESIAN_POINT('',(1.509848119290E0,2.5E0,-3.973264748669E0));
#19=CARTESIAN_POINT('',(1.568438714136E0,2.5E0,-3.95E0));
#21=CARTESIAN_POINT('',(2.412170137183E0,2.412104190489E0,-3.499143587382E0));
#22=CARTESIAN_POINT('',(2.421989991934E0,2.421924346011E0,-3.492374146396E0));
#23=CARTESIAN_POINT('',(2.441550062648E0,2.441579948740E0,-3.478753797602E0));
#24=CARTESIAN_POINT('',(2.470848881816E0,2.470840950608E0,-3.458011874845E0));
#25=CARTESIAN_POINT('',(2.490297651490E0,2.490297662780E0,-3.443989116892E0));
#26=CARTESIAN_POINT('',(2.500005134762E0,2.500005146E0,-3.436927939094E0));
#28=CARTESIAN_POINT('',(2.500005134762E0,2.500005146E0,-3.436927939094E0));
#29=CARTESIAN_POINT('',(2.560092920443E0,2.560092931354E0,-3.393220365640E0));
#30=CARTESIAN_POINT('',(2.677269034841E0,2.677324781103E0,-3.303177308597E0));
#31=CARTESIAN_POINT('',(2.844060908698E0,2.844004035581E0,-3.160623092086E0));
#32=CARTESIAN_POINT('',(2.949047791956E0,2.948967992187E0,-3.061222717143E0));
#33=CARTESIAN_POINT('',(3.000028702851E0,2.999954947923E0,-3.010414935405E0));
#35=CARTESIAN_POINT('',(3.000029105795E0,2.999954315470E0,3.010415164064E0));
#36=CARTESIAN_POINT('',(2.949005167143E0,2.948924241995E0,3.061265869174E0));
#37=CARTESIAN_POINT('',(2.843959119018E0,2.843901187804E0,3.160715807644E0));
#38=CARTESIAN_POINT('',(2.677165142657E0,2.677223857831E0,3.303259569479E0));
#39=CARTESIAN_POINT('',(2.560049422464E0,2.560046317899E0,3.393253291142E0));
#40=CARTESIAN_POINT('',(2.500006291939E0,2.500003094515E0,3.436928399624E0));
#42=CARTESIAN_POINT('',(2.500006291939E0,2.500003094515E0,3.436928399624E0));
#43=CARTESIAN_POINT('',(2.490362561132E0,2.490359348794E0,3.443943206905E0));
#44=CARTESIAN_POINT('',(2.470988540024E0,2.471002984768E0,3.457911302732E0));
#45=CARTESIAN_POINT('',(2.441704819683E0,2.441704093764E0,3.478645229657E0));
#46=CARTESIAN_POINT('',(2.422052257698E0,2.421984788015E0,3.492332017795E0));
#47=CARTESIAN_POINT('',(2.412171128230E0,2.412103348687E0,3.499143699026E0));
#49=CARTESIAN_POINT('',(2.412171128230E0,2.412103348687E0,3.499143699026E0));
#50=CARTESIAN_POINT('',(2.394122940846E0,2.430158018152E0,3.511585444644E0));
#51=CARTESIAN_POINT('',(2.354609280617E0,2.461061439105E0,3.538434567010E0));
#52=CARTESIAN_POINT('',(2.279575922717E0,2.492947610503E0,3.587321200141E0));
#53=CARTESIAN_POINT('',(2.227376712779E0,2.5E0,3.619712254736E0));
#54=CARTESIAN_POINT('',(2.2E0,2.5E0,3.636275567115E0));
#56=CARTESIAN_POINT('',(1.568438714136E0,2.5E0,3.95E0));
#57=CARTESIAN_POINT('',(1.509868216013E0,2.5E0,3.973256768801E0));
#58=CARTESIAN_POINT('',(1.383532591395E0,2.494587852881E0,4.020428724801E0));
#59=CARTESIAN_POINT('',(1.164943113240E0,2.469018690947E0,4.089605257754E0));
#60=CARTESIAN_POINT('',(9.184430690275E-1,2.425884031834E0,4.152437678923E0));
#61=CARTESIAN_POINT('',(6.428021033497E-1,2.365610398127E0,4.204518543931E0));
#62=CARTESIAN_POINT('',(3.382777730825E-1,2.289801648232E0,4.240536469744E0));
#63=CARTESIAN_POINT('',(1.159196978241E-1,2.230798062976E0,4.25E0));
#64=CARTESIAN_POINT('',(0.E0,2.2E0,4.25E0));
#66=CARTESIAN_POINT('',(0.E0,2.2E0,4.25E0));
#67=CARTESIAN_POINT('',(-1.158659373592E-1,2.230783779656E0,4.25E0));
#68=CARTESIAN_POINT('',(-3.381410838181E-1,2.289765720505E0,4.240545640681E0));
#69=CARTESIAN_POINT('',(-6.426383838307E-1,2.365571455354E0,4.204543317233E0));
#70=CARTESIAN_POINT('',(-9.182792861697E-1,2.425851634848E0,4.152474452228E0));
#71=CARTESIAN_POINT('',(-1.164832262055E0,2.469003111670E0,4.089638006999E0));
#72=CARTESIAN_POINT('',(-1.383473482213E0,2.494584103396E0,4.020450033484E0));
#73=CARTESIAN_POINT('',(-1.509848119290E0,2.5E0,3.973264748669E0));
#74=CARTESIAN_POINT('',(-1.568438714136E0,2.5E0,3.95E0));
#76=CARTESIAN_POINT('',(-3.950000967862E0,2.5E0,1.568435484877E0));
#77=CARTESIAN_POINT('',(-4.002363364204E0,2.499999930965E0,1.436564138019E0));
#78=CARTESIAN_POINT('',(-4.102923877556E0,2.472889371849E0,1.144935819157E0));
#79=CARTESIAN_POINT('',(-4.216975895903E0,2.364755728675E0,6.228992467810E-1));
#80=CARTESIAN_POINT('',(-4.25E0,2.257651993891E0,2.169942218754E-1));
#81=CARTESIAN_POINT('',(-4.25E0,2.2E0,0.E0));
#83=CARTESIAN_POINT('',(-4.25E0,2.2E0,0.E0));
#84=CARTESIAN_POINT('',(-4.25E0,2.257591096046E0,-2.167650107161E-1));
#85=CARTESIAN_POINT('',(-4.217040100410E0,2.364615253209E0,-6.223651464320E-1));
#86=CARTESIAN_POINT('',(-4.103113389217E0,2.472780980047E0,-1.144284181102E0));
#87=CARTESIAN_POINT('',(-4.002470874806E0,2.499999930823E0,-1.436293610873E0));
#88=CARTESIAN_POINT('',(-3.950000922884E0,2.5E0,-1.568435796436E0));
#90=DIRECTION('',(4.704210546188E-7,0.E0,-9.999999999999E-1));
#91=VECTOR('',#90,1.681564203564E0);
#92=CARTESIAN_POINT('',(-3.950000922884E0,2.5E0,-1.568435796436E0));
#93=LINE('',#92,#91);
#94=CARTESIAN_POINT('',(-3.25E0,2.5E0,-3.25E0));
#95=DIRECTION('',(0.E0,-1.E0,0.E0));
#96=DIRECTION('',(-1.E0,0.E0,0.E0));
#97=AXIS2_PLACEMENT_3D('',#94,#95,#96);
#99=CARTESIAN_POINT('',(0.E0,2.5E0,0.E0));
#100=DIRECTION('',(0.E0,1.E0,0.E0));
#101=DIRECTION('',(-3.690444033261E-1,0.E0,-9.294117647059E-1));
#102=AXIS2_PLACEMENT_3D('',#99,#100,#101);
#104=DIRECTION('',(0.E0,0.E0,-1.E0));
#105=VECTOR('',#104,3.249999999927E0);
#106=CARTESIAN_POINT('',(-4.25E0,2.2E0,0.E0));
#107=LINE('',#106,#105);
#108=DIRECTION('',(0.E0,0.E0,-1.E0));
#109=VECTOR('',#108,3.249999999928E0);
#110=CARTESIAN_POINT('',(-4.25E0,2.2E0,3.249999999928E0));
#111=LINE('',#110,#109);
#112=DIRECTION('',(-4.971689978006E-7,0.E0,-9.999999999999E-1));
#113=VECTOR('',#112,1.681564515124E0);
#114=CARTESIAN_POINT('',(-3.950000131840E0,2.5E0,3.250000000001E0));
#115=LINE('',#114,#113);
#116=CARTESIAN_POINT('',(0.E0,2.5E0,0.E0));
#117=DIRECTION('',(0.E0,1.E0,0.E0));
#118=DIRECTION('',(-9.294119353312E-1,0.E0,3.690439736182E-1));
#119=AXIS2_PLACEMENT_3D('',#116,#117,#118);
#121=CARTESIAN_POINT('',(-3.25E0,2.5E0,3.25E0));
#122=DIRECTION('',(0.E0,-1.E0,0.E0));
#123=DIRECTION('',(0.E0,0.E0,1.E0));
#124=AXIS2_PLACEMENT_3D('',#121,#122,#123);
#126=DIRECTION('',(-1.E0,0.E0,0.E0));
#127=VECTOR('',#126,3.249999999968E0);
#128=CARTESIAN_POINT('',(0.E0,2.2E0,4.25E0));
#129=LINE('',#128,#127);
#130=DIRECTION('',(1.E0,0.E0,-1.320466918403E-14));
#131=VECTOR('',#130,1.681561285864E0);
#132=CARTESIAN_POINT('',(-3.25E0,2.5E0,3.95E0));
#133=LINE('',#132,#131);
#134=CARTESIAN_POINT('',(0.E0,0.E0,4.25E0));
#135=DIRECTION('',(0.E0,0.E0,-1.E0));
#136=DIRECTION('',(0.E0,-1.E0,0.E0));
#137=AXIS2_PLACEMENT_3D('',#134,#135,#136);
#139=DIRECTION('',(0.E0,-1.E0,1.373285595139E-14));
#140=VECTOR('',#139,1.681561285864E0);
#141=CARTESIAN_POINT('',(2.5E0,-1.568438714136E0,3.95E0));
#142=LINE('',#141,#140);
#143=DIRECTION('',(0.E0,1.E0,0.E0));
#144=VECTOR('',#143,3.249999999448E0);
#145=CARTESIAN_POINT('',(2.2E0,-3.249999999935E0,4.25E0));
#146=LINE('',#145,#144);
#147=DIRECTION('',(0.E0,4.704211593718E-7,9.999999999999E-1));
#148=VECTOR('',#147,1.681564089666E0);
#149=CARTESIAN_POINT('',(2.5E0,-3.950000791043E0,1.568435910335E0));
#150=LINE('',#149,#148);
#151=CARTESIAN_POINT('',(2.5E0,-3.25E0,3.25E0));
#152=DIRECTION('',(-1.E0,0.E0,0.E0));
#153=DIRECTION('',(0.E0,-1.E0,0.E0));
#154=AXIS2_PLACEMENT_3D('',#151,#152,#153);
#156=CARTESIAN_POINT('',(2.5E0,0.E0,0.E0));
#157=DIRECTION('',(1.E0,0.E0,0.E0));
#158=DIRECTION('',(0.E0,-3.690444033261E-1,9.294117647059E-1));
#159=AXIS2_PLACEMENT_3D('',#156,#157,#158);
#161=DIRECTION('',(0.E0,0.E0,1.E0));
#162=VECTOR('',#161,3.249999999892E0);
#163=CARTESIAN_POINT('',(2.2E0,-4.25E0,0.E0));
#164=LINE('',#163,#162);
#165=DIRECTION('',(0.E0,0.E0,1.E0));
#166=VECTOR('',#165,3.249999999928E0);
#167=CARTESIAN_POINT('',(2.2E0,-4.25E0,-3.249999999928E0));
#168=LINE('',#167,#166);
#169=CARTESIAN_POINT('',(2.5E0,-3.25E0,-3.25E0));
#170=DIRECTION('',(-1.E0,0.E0,0.E0));
#171=DIRECTION('',(0.E0,0.E0,-1.E0));
#172=AXIS2_PLACEMENT_3D('',#169,#170,#171);
#174=DIRECTION('',(0.E0,-4.971689983288E-7,9.999999999999E-1));
#175=VECTOR('',#174,1.681564515124E0);
#176=CARTESIAN_POINT('',(2.5E0,-3.950000131840E0,-3.250000000001E0));
#177=LINE('',#176,#175);
#178=CARTESIAN_POINT('',(2.5E0,0.E0,0.E0));
#179=DIRECTION('',(1.E0,0.E0,0.E0));
#180=DIRECTION('',(0.E0,-9.294119353312E-1,-3.690439736182E-1));
#181=AXIS2_PLACEMENT_3D('',#178,#179,#180);
#183=DIRECTION('',(0.E0,-1.E0,0.E0));
#184=VECTOR('',#183,3.249999999968E0);
#185=CARTESIAN_POINT('',(2.2E0,0.E0,-4.25E0));
#186=LINE('',#185,#184);
#187=DIRECTION('',(0.E0,1.E0,1.320466918403E-14));
#188=VECTOR('',#187,1.681561285864E0);
#189=CARTESIAN_POINT('',(2.5E0,-3.25E0,-3.95E0));
#190=LINE('',#189,#188);
#191=CARTESIAN_POINT('',(0.E0,0.E0,-4.25E0));
#192=DIRECTION('',(0.E0,0.E0,1.E0));
#193=DIRECTION('',(-1.E0,0.E0,0.E0));
#194=AXIS2_PLACEMENT_3D('',#191,#192,#193);
#196=DIRECTION('',(0.E0,1.E0,-3.867385016853E-14));
#197=VECTOR('',#196,6.315612858641E-1);
#198=CARTESIAN_POINT('',(2.5E0,1.568438714136E0,-3.95E0));
#199=LINE('',#198,#197);
#200=DIRECTION('',(0.E0,-1.E0,0.E0));
#201=VECTOR('',#200,2.2E0);
#202=CARTESIAN_POINT('',(2.2E0,2.2E0,-4.25E0));
#203=LINE('',#202,#201);
#204=CARTESIAN_POINT('',(2.5E0,0.E0,0.E0));
#205=DIRECTION('',(1.E0,0.E0,0.E0));
#206=DIRECTION('',(0.E0,3.690444033261E-1,-9.294117647059E-1));
#207=AXIS2_PLACEMENT_3D('',#204,#205,#206);
#209=CARTESIAN_POINT('',(2.5E0,-1.568438714136E0,3.95E0));
#210=CARTESIAN_POINT('',(2.5E0,-1.509866678773E0,3.973257379197E0));
#211=CARTESIAN_POINT('',(2.494587557226E0,-1.383529955622E0,4.020429584010E0));
#212=CARTESIAN_POINT('',(2.469019100662E0,-1.164947067327E0,4.089603933394E0));
#213=CARTESIAN_POINT('',(2.425886599708E0,-9.184563570270E-1,4.152434605606E0));
#214=CARTESIAN_POINT('',(2.365614339628E0,-6.428188428884E-1,4.204515907504E0));
#215=CARTESIAN_POINT('',(2.289806317013E0,-3.382955940936E-1,4.240535198508E0));
#216=CARTESIAN_POINT('',(2.230799997106E0,-1.159269781128E-1,4.249999999993E0));
#217=CARTESIAN_POINT('',(2.2E0,-4.869245123354E-10,4.25E0));
#219=CARTESIAN_POINT('',(2.2E0,-4.869245123354E-10,4.25E0));
#220=CARTESIAN_POINT('',(2.230784164203E0,1.158673842571E-1,4.250000000007E0));
#221=CARTESIAN_POINT('',(2.289766487541E0,3.381440628931E-1,4.240545363164E0));
#222=CARTESIAN_POINT('',(2.365571135547E0,6.426372103871E-1,4.204543389820E0));
#223=CARTESIAN_POINT('',(2.425850657959E0,9.182746529474E-1,4.152475402989E0));
#224=CARTESIAN_POINT('',(2.469001808309E0,1.164824041696E0,4.089640277118E0));
#225=CARTESIAN_POINT('',(2.494583388320E0,1.383464273037E0,4.020453260609E0));
#226=CARTESIAN_POINT('',(2.5E0,1.509844338097E0,3.973266250079E0));
#227=CARTESIAN_POINT('',(2.5E0,1.568438714136E0,3.95E0));
#229=CARTESIAN_POINT('',(2.412170137183E0,2.412104190489E0,-3.499143587382E0));
#230=CARTESIAN_POINT('',(2.430215931846E0,2.394052109919E0,-3.511587636138E0));
#231=CARTESIAN_POINT('',(2.461094296074E0,2.354548958971E0,-3.538495939554E0));
#232=CARTESIAN_POINT('',(2.492950784289E0,2.279550132561E0,-3.587331111001E0));
#233=CARTESIAN_POINT('',(2.5E0,2.227368091695E0,-3.619717470618E0));
#234=CARTESIAN_POINT('',(2.5E0,2.2E0,-3.636275567115E0));
#236=CARTESIAN_POINT('',(2.5E0,1.568438714136E0,-3.95E0));
#237=CARTESIAN_POINT('',(2.5E0,1.509868216013E0,-3.973256768801E0));
#238=CARTESIAN_POINT('',(2.494587852881E0,1.383532591395E0,-4.020428724801E0));
#239=CARTESIAN_POINT('',(2.469018690947E0,1.164943113240E0,-4.089605257754E0));
#240=CARTESIAN_POINT('',(2.425884031834E0,9.184430690275E-1,-4.152437678923E0));
#241=CARTESIAN_POINT('',(2.365610398127E0,6.428021033497E-1,-4.204518543931E0));
#242=CARTESIAN_POINT('',(2.289801648232E0,3.382777730825E-1,-4.240536469744E0));
#243=CARTESIAN_POINT('',(2.230798062976E0,1.159196978241E-1,-4.25E0));
#244=CARTESIAN_POINT('',(2.2E0,0.E0,-4.25E0));
#246=CARTESIAN_POINT('',(2.2E0,0.E0,-4.25E0));
#247=CARTESIAN_POINT('',(2.230783779656E0,-1.158659373591E-1,-4.25E0));
#248=CARTESIAN_POINT('',(2.289765720505E0,-3.381410838181E-1,
-4.240545640681E0));
#249=CARTESIAN_POINT('',(2.365571455354E0,-6.426383838306E-1,
-4.204543317233E0));
#250=CARTESIAN_POINT('',(2.425851634848E0,-9.182792861697E-1,
-4.152474452228E0));
#251=CARTESIAN_POINT('',(2.469003111670E0,-1.164832262055E0,-4.089638006999E0));
#252=CARTESIAN_POINT('',(2.494584103396E0,-1.383473482213E0,-4.020450033484E0));
#253=CARTESIAN_POINT('',(2.5E0,-1.509848119290E0,-3.973264748669E0));
#254=CARTESIAN_POINT('',(2.5E0,-1.568438714136E0,-3.95E0));
#256=CARTESIAN_POINT('',(2.5E0,-3.950000967862E0,-1.568435484877E0));
#257=CARTESIAN_POINT('',(2.499999930965E0,-4.002363364137E0,-1.436564138189E0));
#258=CARTESIAN_POINT('',(2.472889371921E0,-4.102923877456E0,-1.144935819563E0));
#259=CARTESIAN_POINT('',(2.364755728627E0,-4.216975895957E0,
-6.228992465352E-1));
#260=CARTESIAN_POINT('',(2.257651993862E0,-4.25E0,-2.169942217672E-1));
#261=CARTESIAN_POINT('',(2.2E0,-4.25E0,0.E0));
#263=CARTESIAN_POINT('',(2.2E0,-4.25E0,0.E0));
#264=CARTESIAN_POINT('',(2.257584137529E0,-4.25E0,2.167388198071E-1));
#265=CARTESIAN_POINT('',(2.364602570593E0,-4.217052604256E0,6.223057681645E-1));
#266=CARTESIAN_POINT('',(2.472796791357E0,-4.103093215676E0,1.144368073860E0));
#267=CARTESIAN_POINT('',(2.5E0,-4.002456820389E0,1.436328787881E0));
#268=CARTESIAN_POINT('',(2.5E0,-3.950000791043E0,1.568435910335E0));
#270=DIRECTION('',(0.E0,1.E0,0.E0));
#271=VECTOR('',#270,2.200000000487E0);
#272=CARTESIAN_POINT('',(2.2E0,-4.869245123354E-10,4.25E0));
#273=LINE('',#272,#271);
#274=DIRECTION('',(0.E0,-1.E0,-4.500229837793E-14));
#275=VECTOR('',#274,6.315612858640E-1);
#276=CARTESIAN_POINT('',(2.5E0,2.2E0,3.95E0));
#277=LINE('',#276,#275);
#278=CARTESIAN_POINT('',(2.2E0,2.2E0,3.95E0));
#279=DIRECTION('',(0.E0,0.E0,-1.E0));
#280=DIRECTION('',(0.E0,1.E0,0.E0));
#281=AXIS2_PLACEMENT_3D('',#278,#279,#280);
#283=CARTESIAN_POINT('',(2.2E0,2.2E0,3.95E0));
#284=DIRECTION('',(0.E0,-1.E0,0.E0));
#285=DIRECTION('',(1.E0,0.E0,0.E0));
#286=AXIS2_PLACEMENT_3D('',#283,#284,#285);
#288=CARTESIAN_POINT('',(2.2E0,2.2E0,3.95E0));
#289=DIRECTION('',(-1.E0,0.E0,0.E0));
#290=DIRECTION('',(0.E0,0.E0,1.E0));
#291=AXIS2_PLACEMENT_3D('',#288,#289,#290);
#293=DIRECTION('',(2.109153299257E-13,0.E0,-1.E0));
#294=VECTOR('',#293,3.137244328848E-1);
#295=CARTESIAN_POINT('',(2.2E0,2.5E0,3.95E0));
#296=LINE('',#295,#294);
#297=CARTESIAN_POINT('',(2.412171128230E0,2.412103348687E0,3.499143699026E0));
#298=CARTESIAN_POINT('',(2.430366932524E0,2.393901009296E0,3.511691317797E0));
#299=CARTESIAN_POINT('',(2.462064345284E0,2.352978556353E0,3.539540285171E0));
#300=CARTESIAN_POINT('',(2.493089648112E0,2.278866238653E0,3.587771580808E0));
#301=CARTESIAN_POINT('',(2.5E0,2.226530829609E0,3.620224026449E0));
#302=CARTESIAN_POINT('',(2.5E0,2.2E0,3.636275567115E0));
#304=DIRECTION('',(0.E0,-1.896822430205E-13,1.E0));
#305=VECTOR('',#304,3.137244328848E-1);
#306=CARTESIAN_POINT('',(2.5E0,2.2E0,3.636275567115E0));
#307=LINE('',#306,#305);
#308=CARTESIAN_POINT('',(0.E0,2.5E0,0.E0));
#309=DIRECTION('',(0.E0,1.E0,0.E0));
#310=DIRECTION('',(3.690444033261E-1,0.E0,9.294117647059E-1));
#311=AXIS2_PLACEMENT_3D('',#308,#309,#310);
#313=DIRECTION('',(1.E0,0.E0,4.148649381715E-14));
#314=VECTOR('',#313,6.315612858641E-1);
#315=CARTESIAN_POINT('',(1.568438714136E0,2.5E0,3.95E0));
#316=LINE('',#315,#314);
#317=DIRECTION('',(-1.E0,0.E0,0.E0));
#318=VECTOR('',#317,2.2E0);
#319=CARTESIAN_POINT('',(2.2E0,2.2E0,4.25E0));
#320=LINE('',#319,#318);
#321=CARTESIAN_POINT('',(2.5E0,0.E0,0.E0));
#322=DIRECTION('',(1.E0,0.E0,0.E0));
#323=DIRECTION('',(0.E0,5.176470588235E-1,8.555942510860E-1));
#324=AXIS2_PLACEMENT_3D('',#321,#322,#323);
#326=CARTESIAN_POINT('',(3.E0,0.E0,0.E0));
#327=DIRECTION('',(-1.E0,0.E0,0.E0));
#328=DIRECTION('',(0.E0,7.058610738258E-1,-7.083502978453E-1));
#329=AXIS2_PLACEMENT_3D('',#326,#327,#328);
#331=CARTESIAN_POINT('',(3.E0,0.E0,0.E0));
#332=DIRECTION('',(-1.E0,0.E0,0.E0));
#333=DIRECTION('',(0.E0,-9.999994084209E-1,-1.087730577646E-3));
#334=AXIS2_PLACEMENT_3D('',#331,#332,#333);
#336=CARTESIAN_POINT('',(3.E0,0.E0,0.E0));
#337=DIRECTION('',(-1.E0,0.E0,0.E0));
#338=DIRECTION('',(0.E0,-1.E0,0.E0));
#339=AXIS2_PLACEMENT_3D('',#336,#337,#338);
#341=CARTESIAN_POINT('',(3.000029105795E0,2.999954315470E0,3.010415164064E0));
#342=CARTESIAN_POINT('',(3.021300081808E0,3.021226961858E0,2.989217280603E0));
#343=CARTESIAN_POINT('',(3.062553364457E0,3.062587299544E0,2.950966061870E0));
#344=CARTESIAN_POINT('',(3.120612279771E0,3.120603186892E0,2.905472793726E0));
#345=CARTESIAN_POINT('',(3.174843303176E0,3.174845739606E0,2.871192150276E0));
#346=CARTESIAN_POINT('',(3.225186904227E0,3.225186251388E0,2.847864065950E0));
#347=CARTESIAN_POINT('',(3.271084290299E0,3.271084465227E0,2.835286912161E0));
#348=CARTESIAN_POINT('',(3.312387805180E0,3.312387758309E0,2.832892840604E0));
#349=CARTESIAN_POINT('',(3.348450163876E0,3.348450176435E0,2.839608403916E0));
#350=CARTESIAN_POINT('',(3.380303937794E0,3.380303934428E0,2.854523210330E0));
#351=CARTESIAN_POINT('',(3.407814597939E0,3.407814598840E0,2.876542435865E0));
#352=CARTESIAN_POINT('',(3.432522988645E0,3.432522988403E0,2.906464029949E0));
#353=CARTESIAN_POINT('',(3.454375436395E0,3.454375436459E0,2.945193989187E0));
#354=CARTESIAN_POINT('',(3.473270506371E0,3.473270506354E0,2.994609552696E0));
#355=CARTESIAN_POINT('',(3.488109503773E0,3.488109503777E0,3.055609819761E0));
#356=CARTESIAN_POINT('',(3.497677281930E0,3.497677281928E0,3.127356894037E0));
#357=CARTESIAN_POINT('',(3.5E0,3.5E0,3.182201278429E0));
#358=CARTESIAN_POINT('',(3.5E0,3.5E0,3.211308144666E0));
#360=CARTESIAN_POINT('',(3.5E0,0.E0,0.E0));
#361=DIRECTION('',(-1.E0,0.E0,0.E0));
#362=DIRECTION('',(0.E0,7.368421052632E-1,-6.760648725613E-1));
#363=AXIS2_PLACEMENT_3D('',#360,#361,#362);
#365=CARTESIAN_POINT('',(3.5E0,0.E0,0.E0));
#366=DIRECTION('',(-1.E0,0.E0,0.E0));
#367=DIRECTION('',(0.E0,-9.999994084209E-1,-1.087730577646E-3));
#368=AXIS2_PLACEMENT_3D('',#365,#366,#367);
#370=CARTESIAN_POINT('',(3.5E0,0.E0,0.E0));
#371=DIRECTION('',(1.E0,0.E0,0.E0));
#372=DIRECTION('',(0.E0,7.070711452866E-1,7.071424152907E-1));
#373=AXIS2_PLACEMENT_3D('',#370,#371,#372);
#375=CARTESIAN_POINT('',(3.5E0,0.E0,0.E0));
#376=DIRECTION('',(1.E0,0.E0,0.E0));
#377=DIRECTION('',(0.E0,-9.999994084209E-1,-1.087730577645E-3));
#378=AXIS2_PLACEMENT_3D('',#375,#376,#377);
#380=CARTESIAN_POINT('',(0.E0,3.5E0,0.E0));
#381=DIRECTION('',(0.E0,-1.E0,0.E0));
#382=DIRECTION('',(7.368421052632E-1,0.E0,6.760648725613E-1));
#383=AXIS2_PLACEMENT_3D('',#380,#381,#382);
#385=CARTESIAN_POINT('',(0.E0,3.5E0,0.E0));
#386=DIRECTION('',(0.E0,-1.E0,0.E0));
#387=DIRECTION('',(-9.999994084209E-1,0.E0,1.087730577646E-3));
#388=AXIS2_PLACEMENT_3D('',#385,#386,#387);
#390=DIRECTION('',(6.169709858532E-7,6.169709889260E-7,-9.999999999996E-1));
#391=VECTOR('',#390,2.890475387558E-1);
#392=CARTESIAN_POINT('',(3.5E0,3.5E0,-3.211308144666E0));
#393=LINE('',#392,#391);
#394=CARTESIAN_POINT('',(0.E0,3.5E0,0.E0));
#395=DIRECTION('',(0.E0,1.E0,0.E0));
#396=DIRECTION('',(7.070711452866E-1,0.E0,-7.071424152907E-1));
#397=AXIS2_PLACEMENT_3D('',#394,#395,#396);
#399=CARTESIAN_POINT('',(0.E0,3.5E0,0.E0));
#400=DIRECTION('',(0.E0,1.E0,0.E0));
#401=DIRECTION('',(-9.999994084209E-1,0.E0,1.087730577646E-3));
#402=AXIS2_PLACEMENT_3D('',#399,#400,#401);
#404=DIRECTION('',(-6.087077419979E-7,-6.087077481435E-7,-9.999999999996E-1));
#405=VECTOR('',#404,2.890472724466E-1);
#406=CARTESIAN_POINT('',(3.500000175945E0,3.500000175945E0,3.500355417113E0));
#407=LINE('',#406,#405);
#408=CARTESIAN_POINT('',(0.E0,3.E0,0.E0));
#409=DIRECTION('',(0.E0,-1.E0,0.E0));
#410=DIRECTION('',(7.059033552992E-1,0.E0,7.083081624387E-1));
#411=AXIS2_PLACEMENT_3D('',#408,#409,#410);
#413=CARTESIAN_POINT('',(0.E0,3.E0,0.E0));
#414=DIRECTION('',(0.E0,-1.E0,0.E0));
#415=DIRECTION('',(-9.999994084209E-1,0.E0,1.087730577647E-3));
#416=AXIS2_PLACEMENT_3D('',#413,#414,#415);
#418=CARTESIAN_POINT('',(0.E0,3.E0,0.E0));
#419=DIRECTION('',(0.E0,-1.E0,0.E0));
#420=DIRECTION('',(-1.E0,0.E0,0.E0));
#421=AXIS2_PLACEMENT_3D('',#418,#419,#420);
#423=CARTESIAN_POINT('',(3.000028702851E0,2.999954947923E0,-3.010414935405E0));
#424=CARTESIAN_POINT('',(3.021263778487E0,3.021191668006E0,-2.989252834250E0));
#425=CARTESIAN_POINT('',(3.062580430935E0,3.062613897526E0,-2.950940201216E0));
#426=CARTESIAN_POINT('',(3.120621338419E0,3.120612371073E0,-2.905467688297E0));
#427=CARTESIAN_POINT('',(3.174853656795E0,3.174856059589E0,-2.871186096458E0));
#428=CARTESIAN_POINT('',(3.225193713004E0,3.225193069177E0,-2.847861827308E0));
#429=CARTESIAN_POINT('',(3.271088661589E0,3.271088834102E0,-2.835286272769E0));
#430=CARTESIAN_POINT('',(3.312389486867E0,3.312389440642E0,-2.832893168691E0));
#431=CARTESIAN_POINT('',(3.348449648776E0,3.348449661162E0,-2.839608329868E0));
#432=CARTESIAN_POINT('',(3.380303603461E0,3.380303600142E0,-2.854522951983E0));
#433=CARTESIAN_POINT('',(3.407814371142E0,3.407814372031E0,-2.876542246680E0));
#434=CARTESIAN_POINT('',(3.432522470273E0,3.432522470035E0,-2.906463296898E0));
#435=CARTESIAN_POINT('',(3.454375131224E0,3.454375131288E0,-2.945193266398E0));
#436=CARTESIAN_POINT('',(3.473270391125E0,3.473270391108E0,-2.994609167908E0));
#437=CARTESIAN_POINT('',(3.488109377921E0,3.488109377926E0,-3.055609163079E0));
#438=CARTESIAN_POINT('',(3.497677248380E0,3.497677248379E0,-3.127356356258E0));
#439=CARTESIAN_POINT('',(3.5E0,3.5E0,-3.182201057660E0));
#440=CARTESIAN_POINT('',(3.5E0,3.5E0,-3.211308144666E0));
#442=CARTESIAN_POINT('',(0.E0,3.8E0,0.E0));
#443=DIRECTION('',(0.E0,1.E0,0.E0));
#444=DIRECTION('',(7.238095238095E-1,0.E0,-6.899998356830E-1));
#445=AXIS2_PLACEMENT_3D('',#442,#443,#444);
#447=CARTESIAN_POINT('',(0.E0,3.8E0,0.E0));
#448=DIRECTION('',(0.E0,1.E0,0.E0));
#449=DIRECTION('',(-1.E0,0.E0,0.E0));
#450=AXIS2_PLACEMENT_3D('',#447,#448,#449);
#452=CARTESIAN_POINT('',(0.E0,3.8E0,0.E0));
#453=DIRECTION('',(0.E0,1.E0,0.E0));
#454=DIRECTION('',(-9.999994084209E-1,0.E0,1.087730577646E-3));
#455=AXIS2_PLACEMENT_3D('',#452,#453,#454);
#457=CARTESIAN_POINT('',(3.8E0,3.8E0,3.622499137336E0));
#458=CARTESIAN_POINT('',(3.786117675877E0,3.786117675877E0,3.637061689228E0));
#459=CARTESIAN_POINT('',(3.758741484879E0,3.758741484879E0,3.662641691141E0));
#460=CARTESIAN_POINT('',(3.719693506115E0,3.719693506115E0,3.690734601645E0));
#461=CARTESIAN_POINT('',(3.682897697002E0,3.682897697002E0,3.709329871797E0));
#462=CARTESIAN_POINT('',(3.649050223790E0,3.649050223790E0,3.718919276510E0));
#463=CARTESIAN_POINT('',(3.618464068156E0,3.618464068156E0,3.720240250234E0));
#464=CARTESIAN_POINT('',(3.591900292078E0,3.591900292078E0,3.714314594100E0));
#465=CARTESIAN_POINT('',(3.568936281638E0,3.568936281638E0,3.702119941455E0));
#466=CARTESIAN_POINT('',(3.549619411718E0,3.549619411718E0,3.684677953773E0));
#467=CARTESIAN_POINT('',(3.532920577608E0,3.532920577608E0,3.661406836348E0));
#468=CARTESIAN_POINT('',(3.519125295841E0,3.519125295841E0,3.632047470433E0));
#469=CARTESIAN_POINT('',(3.508420188133E0,3.508420188133E0,3.595435295208E0));
#470=CARTESIAN_POINT('',(3.501641148618E0,3.501641148618E0,3.552199318162E0));
#471=CARTESIAN_POINT('',(3.500000175945E0,3.500000175945E0,3.518374716091E0));
#472=CARTESIAN_POINT('',(3.500000175945E0,3.500000175945E0,3.500355417113E0));
#474=CARTESIAN_POINT('',(3.500000178334E0,3.500000178334E0,-3.500355683422E0));
#475=CARTESIAN_POINT('',(3.500000178334E0,3.500000178334E0,-3.518662882139E0));
#476=CARTESIAN_POINT('',(3.501691025393E0,3.501691025393E0,-3.552914604452E0));
#477=CARTESIAN_POINT('',(3.508628767341E0,3.508628767341E0,-3.596357125289E0));
#478=CARTESIAN_POINT('',(3.519344662205E0,3.519344662205E0,-3.632662349321E0));
#479=CARTESIAN_POINT('',(3.533430462911E0,3.533430462911E0,-3.662293405310E0));
#480=CARTESIAN_POINT('',(3.550137225725E0,3.550137225725E0,-3.685284456396E0));
#481=CARTESIAN_POINT('',(3.569895741079E0,3.569895741079E0,-3.702774289984E0));
#482=CARTESIAN_POINT('',(3.592334528119E0,3.592334528119E0,-3.714422154234E0));
#483=CARTESIAN_POINT('',(3.618769613637E0,3.618769613637E0,-3.720242310583E0));
#484=CARTESIAN_POINT('',(3.648920835658E0,3.648920835658E0,-3.718925772478E0));
#485=CARTESIAN_POINT('',(3.682896880764E0,3.682896880764E0,-3.709337921687E0));
#486=CARTESIAN_POINT('',(3.719582922410E0,3.719582922410E0,-3.690792864816E0));
#487=CARTESIAN_POINT('',(3.758615330570E0,3.758615330570E0,-3.662751019509E0));
#488=CARTESIAN_POINT('',(3.786066447957E0,3.786066447957E0,-3.637115427293E0));
#489=CARTESIAN_POINT('',(3.8E0,3.8E0,-3.622499137336E0));
#491=CARTESIAN_POINT('',(5.E0,5.E0,1.600781059358E0));
#492=CARTESIAN_POINT('',(4.943471969657E0,4.943471969657E0,1.777344962373E0));
#493=CARTESIAN_POINT('',(4.812601462141E0,4.812232119231E0,2.132641658511E0));
#494=CARTESIAN_POINT('',(4.491320349197E0,4.491733017974E0,2.740287551095E0));
#495=CARTESIAN_POINT('',(4.210800842359E0,4.210653843337E0,3.150005478612E0));
#496=CARTESIAN_POINT('',(3.945150245789E0,3.945150245789E0,3.470236593416E0));
#497=CARTESIAN_POINT('',(3.8E0,3.8E0,3.622499137336E0));
#499=CARTESIAN_POINT('',(5.E0,5.E0,-1.600781059358E0));
#500=CARTESIAN_POINT('',(4.943502902209E0,4.943502902209E0,-1.777248345313E0));
#501=CARTESIAN_POINT('',(4.812327046221E0,4.812695983469E0,-2.132430887672E0));
#502=CARTESIAN_POINT('',(4.491781777459E0,4.491370293887E0,-2.740215910734E0));
#503=CARTESIAN_POINT('',(4.210676927036E0,4.210823196661E0,-3.149976685540E0));
#504=CARTESIAN_POINT('',(3.945156266071E0,3.945156266071E0,-3.470230278143E0));
#505=CARTESIAN_POINT('',(3.8E0,3.8E0,-3.622499137336E0));
#507=CARTESIAN_POINT('',(3.8E0,0.E0,0.E0));
#508=DIRECTION('',(1.E0,0.E0,0.E0));
#509=DIRECTION('',(0.E0,7.238095238095E-1,6.899998356830E-1));
#510=AXIS2_PLACEMENT_3D('',#507,#508,#509);
#512=CARTESIAN_POINT('',(3.8E0,0.E0,0.E0));
#513=DIRECTION('',(1.E0,0.E0,0.E0));
#514=DIRECTION('',(0.E0,-1.E0,0.E0));
#515=AXIS2_PLACEMENT_3D('',#512,#513,#514);
#517=CARTESIAN_POINT('',(3.8E0,0.E0,0.E0));
#518=DIRECTION('',(1.E0,0.E0,0.E0));
#519=DIRECTION('',(0.E0,-9.999994084209E-1,-1.087730577645E-3));
#520=AXIS2_PLACEMENT_3D('',#517,#518,#519);
#522=CARTESIAN_POINT('',(5.973218986044E0,5.973218986044E0,-7.5E-1));
#523=CARTESIAN_POINT('',(5.955866490641E0,5.899178702557E0,-7.5E-1));
#524=CARTESIAN_POINT('',(5.905901149229E0,5.758821965583E0,-7.5E-1));
#525=CARTESIAN_POINT('',(5.784886922207E0,5.566478393293E0,-7.5E-1));
#526=CARTESIAN_POINT('',(5.624027272967E0,5.406003082874E0,-7.5E-1));
#527=CARTESIAN_POINT('',(5.432255591116E0,5.286293863403E0,-7.5E-1));
#528=CARTESIAN_POINT('',(5.293864234811E0,5.237828105200E0,-7.5E-1));
#529=CARTESIAN_POINT('',(5.221173328269E0,5.221173328269E0,-7.5E-1));
#531=CARTESIAN_POINT('',(5.E0,0.E0,0.E0));
#532=DIRECTION('',(-1.E0,0.E0,0.E0));
#533=DIRECTION('',(0.E0,9.523809523810E-1,-3.049106779730E-1));
#534=AXIS2_PLACEMENT_3D('',#531,#532,#533);
#536=CARTESIAN_POINT('',(5.E0,0.E0,0.E0));
#537=DIRECTION('',(-1.E0,0.E0,0.E0));
#538=DIRECTION('',(0.E0,-1.E0,0.E0));
#539=AXIS2_PLACEMENT_3D('',#536,#537,#538);
#541=CARTESIAN_POINT('',(5.221173328269E0,5.221173328269E0,7.5E-1));
#542=CARTESIAN_POINT('',(5.294307100501E0,5.237929573590E0,7.5E-1));
#543=CARTESIAN_POINT('',(5.433243319610E0,5.286721571408E0,7.5E-1));
#544=CARTESIAN_POINT('',(5.624909462612E0,5.406761184861E0,7.5E-1));
#545=CARTESIAN_POINT('',(5.784973507160E0,5.566683400486E0,7.5E-1));
#546=CARTESIAN_POINT('',(5.905835561869E0,5.758698623410E0,7.5E-1));
#547=CARTESIAN_POINT('',(5.955845972051E0,5.899091153059E0,7.5E-1));
#548=CARTESIAN_POINT('',(5.973218986044E0,5.973218986044E0,7.5E-1));
#550=CARTESIAN_POINT('',(6.E0,0.E0,0.E0));
#551=DIRECTION('',(1.E0,0.E0,0.E0));
#552=DIRECTION('',(0.E0,9.090909090909E-1,4.165977904505E-1));
#553=AXIS2_PLACEMENT_3D('',#550,#551,#552);
#555=CARTESIAN_POINT('',(6.E0,0.E0,0.E0));
#556=DIRECTION('',(1.E0,0.E0,0.E0));
#557=DIRECTION('',(0.E0,-1.087730577646E-3,9.999994084209E-1));
#558=AXIS2_PLACEMENT_3D('',#555,#556,#557);
#560=CARTESIAN_POINT('',(6.E0,0.E0,0.E0));
#561=DIRECTION('',(1.E0,0.E0,0.E0));
#562=DIRECTION('',(0.E0,1.087730577645E-3,-9.999994084209E-1));
#563=AXIS2_PLACEMENT_3D('',#560,#561,#562);
#565=CARTESIAN_POINT('',(6.E0,0.E0,0.E0));
#566=DIRECTION('',(-1.E0,0.E0,0.E0));
#567=DIRECTION('',(0.E0,9.6E-1,-2.8E-1));
#568=AXIS2_PLACEMENT_3D('',#565,#566,#567);
#570=CARTESIAN_POINT('',(6.E0,0.E0,0.E0));
#571=DIRECTION('',(-1.E0,0.E0,0.E0));
#572=DIRECTION('',(0.E0,-1.E0,0.E0));
#573=AXIS2_PLACEMENT_3D('',#570,#571,#572);
#575=CARTESIAN_POINT('',(6.2E0,0.E0,0.E0));
#576=DIRECTION('',(1.E0,0.E0,0.E0));
#577=DIRECTION('',(0.E0,9.117647058823E-1,4.107129424638E-1));
#578=AXIS2_PLACEMENT_3D('',#575,#576,#577);
#580=CARTESIAN_POINT('',(6.2E0,0.E0,0.E0));
#581=DIRECTION('',(1.E0,0.E0,0.E0));
#582=DIRECTION('',(0.E0,-1.E0,0.E0));
#583=AXIS2_PLACEMENT_3D('',#580,#581,#582);
#585=DIRECTION('',(0.E0,1.E0,0.E0));
#586=VECTOR('',#585,6.E-1);
#587=CARTESIAN_POINT('',(-6.8E0,6.2E0,0.E0));
#588=LINE('',#587,#586);
#589=CARTESIAN_POINT('',(6.8E0,6.8E0,0.E0));
#590=CARTESIAN_POINT('',(6.8E0,6.8E0,2.244263592480E-1));
#591=CARTESIAN_POINT('',(6.779124377610E0,6.779109783545E0,6.821880273130E-1));
#592=CARTESIAN_POINT('',(6.660806504863E0,6.660794082021E0,1.432048528395E0));
#593=CARTESIAN_POINT('',(6.479835960961E0,6.479834463892E0,2.101698911918E0));
#594=CARTESIAN_POINT('',(6.302491870111E0,6.302491870111E0,2.565320555524E0));
#595=CARTESIAN_POINT('',(6.2E0,6.2E0,2.792848008754E0));
#597=CARTESIAN_POINT('',(0.E0,6.2E0,0.E0));
#598=DIRECTION('',(0.E0,1.E0,0.E0));
#599=DIRECTION('',(9.117647058823E-1,0.E0,-4.107129424638E-1));
#600=AXIS2_PLACEMENT_3D('',#597,#598,#599);
#602=CARTESIAN_POINT('',(0.E0,6.2E0,0.E0));
#603=DIRECTION('',(0.E0,1.E0,0.E0));
#604=DIRECTION('',(-1.E0,0.E0,0.E0));
#605=AXIS2_PLACEMENT_3D('',#602,#603,#604);
#607=CARTESIAN_POINT('',(6.2E0,6.2E0,2.792848008754E0));
#608=CARTESIAN_POINT('',(6.194153430270E0,6.194153430270E0,2.805827136947E0));
#609=CARTESIAN_POINT('',(6.182513595231E0,6.182513595231E0,2.830197962916E0));
#610=CARTESIAN_POINT('',(6.165394351065E0,6.165394351065E0,2.861936190824E0));
#611=CARTESIAN_POINT('',(6.148594435465E0,6.148594435465E0,2.889153217416E0));
#612=CARTESIAN_POINT('',(6.132122857344E0,6.132122857344E0,2.911976235049E0));
#613=CARTESIAN_POINT('',(6.115981603624E0,6.115981603624E0,2.930430102405E0));
#614=CARTESIAN_POINT('',(6.100272881874E0,6.100272881874E0,2.944390378657E0));
#615=CARTESIAN_POINT('',(6.084838742913E0,6.084838742913E0,2.953736193168E0));
#616=CARTESIAN_POINT('',(6.070463150344E0,6.070463150344E0,2.957878099394E0));
#617=CARTESIAN_POINT('',(6.057175319566E0,6.057175319566E0,2.956919244253E0));
#618=CARTESIAN_POINT('',(6.045498419578E0,6.045498419578E0,2.951233607E0));
#619=CARTESIAN_POINT('',(6.035022497885E0,6.035022497885E0,2.941036711661E0));
#620=CARTESIAN_POINT('',(6.025682514918E0,6.025682514918E0,2.926136932357E0));
#621=CARTESIAN_POINT('',(6.017553024830E0,6.017553024830E0,2.906194656508E0));
#622=CARTESIAN_POINT('',(6.011059007604E0,6.011059007604E0,2.882245797622E0));
#623=CARTESIAN_POINT('',(6.006094383852E0,6.006094383852E0,2.854661667209E0));
#624=CARTESIAN_POINT('',(6.002576826373E0,6.002576826373E0,2.823454414224E0));
#625=CARTESIAN_POINT('',(6.000470389538E0,6.000470389538E0,2.788649364661E0));
#626=CARTESIAN_POINT('',(6.E0,6.E0,2.762979386366E0));
#627=CARTESIAN_POINT('',(6.E0,6.E0,2.749545416974E0));
#629=CARTESIAN_POINT('',(6.E0,6.E0,-2.749545416973E0));
#630=CARTESIAN_POINT('',(6.E0,6.E0,-2.763106571250E0));
#631=CARTESIAN_POINT('',(6.000479097032E0,6.000479097032E0,-2.789031441023E0));
#632=CARTESIAN_POINT('',(6.002635180406E0,6.002635180406E0,-2.824228140835E0));
#633=CARTESIAN_POINT('',(6.006248856599E0,6.006248856599E0,-2.855807061982E0));
#634=CARTESIAN_POINT('',(6.011377724713E0,6.011377724713E0,-2.883724614221E0));
#635=CARTESIAN_POINT('',(6.018087205693E0,6.018087205693E0,-2.907860541490E0));
#636=CARTESIAN_POINT('',(6.026619368488E0,6.026619368488E0,-2.928032808376E0));
#637=CARTESIAN_POINT('',(6.036361186999E0,6.036361186999E0,-2.942730308185E0));
#638=CARTESIAN_POINT('',(6.047237374326E0,6.047237374326E0,-2.952407432344E0));
#639=CARTESIAN_POINT('',(6.058752375981E0,6.058752375981E0,-2.957242613028E0));
#640=CARTESIAN_POINT('',(6.071714400526E0,6.071714400526E0,-2.957667504907E0));
#641=CARTESIAN_POINT('',(6.085866151146E0,6.085866151146E0,-2.953245470316E0));
#642=CARTESIAN_POINT('',(6.101268950709E0,6.101268950709E0,-2.943624438456E0));
#643=CARTESIAN_POINT('',(6.116842404741E0,6.116842404741E0,-2.929531269388E0));
#644=CARTESIAN_POINT('',(6.132815662104E0,6.132815662104E0,-2.911081984443E0));
#645=CARTESIAN_POINT('',(6.149135247970E0,6.149135247970E0,-2.888325263716E0));
#646=CARTESIAN_POINT('',(6.165765097600E0,6.165765097600E0,-2.861277161564E0));
#647=CARTESIAN_POINT('',(6.182702044511E0,6.182702044511E0,-2.829811104506E0));
#648=CARTESIAN_POINT('',(6.194216558631E0,6.194216558631E0,-2.805686994755E0));
#649=CARTESIAN_POINT('',(6.2E0,6.2E0,-2.792848008754E0));
#651=CARTESIAN_POINT('',(6.2E0,6.2E0,-2.792848008754E0));
#652=CARTESIAN_POINT('',(6.302778446517E0,6.302778446517E0,-2.564684368481E0));
#653=CARTESIAN_POINT('',(6.480391404254E0,6.480390305982E0,-2.100042680041E0));
#654=CARTESIAN_POINT('',(6.661100862577E0,6.661089531774E0,-1.430604758690E0));
#655=CARTESIAN_POINT('',(6.779217326124E0,6.779202651894E0,-6.810559034465E-1));
#656=CARTESIAN_POINT('',(6.8E0,6.8E0,-2.239933207472E-1));
#657=CARTESIAN_POINT('',(6.8E0,6.8E0,0.E0));
#659=DIRECTION('',(1.E0,0.E0,0.E0));
#660=VECTOR('',#659,6.E-1);
#661=CARTESIAN_POINT('',(6.2E0,-6.8E0,-2.078592316127E-14));
#662=LINE('',#661,#660);
#663=CARTESIAN_POINT('',(6.8E0,0.E0,0.E0));
#664=DIRECTION('',(-1.E0,0.E0,0.E0));
#665=DIRECTION('',(0.E0,-1.E0,0.E0));
#666=AXIS2_PLACEMENT_3D('',#663,#664,#665);
#668=CARTESIAN_POINT('',(6.8E0,0.E0,0.E0));
#669=DIRECTION('',(-1.E0,0.E0,0.E0));
#670=DIRECTION('',(0.E0,1.E0,0.E0));
#671=AXIS2_PLACEMENT_3D('',#668,#669,#670);
#673=CARTESIAN_POINT('',(6.8E0,0.E0,0.E0));
#674=DIRECTION('',(1.E0,0.E0,0.E0));
#675=DIRECTION('',(0.E0,-1.E0,0.E0));
#676=AXIS2_PLACEMENT_3D('',#673,#674,#675);
#678=CARTESIAN_POINT('',(6.8E0,0.E0,0.E0));
#679=DIRECTION('',(1.E0,0.E0,0.E0));
#680=DIRECTION('',(0.E0,1.E0,0.E0));
#681=AXIS2_PLACEMENT_3D('',#678,#679,#680);
#683=DIRECTION('',(1.E0,0.E0,0.E0));
#684=VECTOR('',#683,3.E-1);
#685=CARTESIAN_POINT('',(6.8E0,-6.6E0,0.E0));
#686=LINE('',#685,#684);
#687=CARTESIAN_POINT('',(7.1E0,0.E0,0.E0));
#688=DIRECTION('',(1.E0,0.E0,0.E0));
#689=DIRECTION('',(0.E0,-1.E0,0.E0));
#690=AXIS2_PLACEMENT_3D('',#687,#688,#689);
#692=CARTESIAN_POINT('',(7.1E0,0.E0,0.E0));
#693=DIRECTION('',(1.E0,0.E0,0.E0));
#694=DIRECTION('',(0.E0,1.E0,0.E0));
#695=AXIS2_PLACEMENT_3D('',#692,#693,#694);
#697=CARTESIAN_POINT('',(7.1E0,0.E0,0.E0));
#698=DIRECTION('',(-1.E0,0.E0,0.E0));
#699=DIRECTION('',(0.E0,-1.E0,0.E0));
#700=AXIS2_PLACEMENT_3D('',#697,#698,#699);
#702=CARTESIAN_POINT('',(7.1E0,0.E0,0.E0));
#703=DIRECTION('',(-1.E0,0.E0,0.E0));
#704=DIRECTION('',(0.E0,1.E0,0.E0));
#705=AXIS2_PLACEMENT_3D('',#702,#703,#704);
#707=DIRECTION('',(-1.E0,-2.326181575405E-14,-2.579946838177E-14));
#708=VECTOR('',#707,2.1E0);
#709=CARTESIAN_POINT('',(1.072E1,5.799784478754E0,-3.55E0));
#710=LINE('',#709,#708);
#711=DIRECTION('',(-1.E0,0.E0,0.E0));
#712=VECTOR('',#711,1.52E0);
#713=CARTESIAN_POINT('',(8.62E0,6.8E0,0.E0));
#714=LINE('',#713,#712);
#715=DIRECTION('',(1.E0,-1.860945260324E-14,2.368475785867E-14));
#716=VECTOR('',#715,2.1E0);
#717=CARTESIAN_POINT('',(8.62E0,-5.799784478754E0,-3.55E0));
#718=LINE('',#717,#716);
#719=DIRECTION('',(-1.E0,0.E0,0.E0));
#720=VECTOR('',#719,2.618911086750E0);
#721=CARTESIAN_POINT('',(1.333891108675E1,6.8E0,0.E0));
#722=LINE('',#721,#720);
#723=DIRECTION('',(-1.E0,-2.537652627715E-14,2.283887364943E-14));
#724=VECTOR('',#723,2.1E0);
#725=CARTESIAN_POINT('',(1.072E1,-3.55E0,-5.799784478754E0));
#726=LINE('',#725,#724);
#727=DIRECTION('',(1.E0,-2.368475785867E-14,-1.860945260324E-14));
#728=VECTOR('',#727,2.1E0);
#729=CARTESIAN_POINT('',(8.62E0,3.55E0,-5.799784478754E0));
#730=LINE('',#729,#728);
#731=DIRECTION('',(4.340389379590E-13,9.999999999970E-1,-2.462451104870E-6));
#732=VECTOR('',#731,2.455572554509E-1);
#733=CARTESIAN_POINT('',(9.626911388478E0,4.960594722410E0,-3.55E0));
#734=LINE('',#733,#732);
#735=DIRECTION('',(0.E0,-1.E0,-1.626641846345E-13));
#736=VECTOR('',#735,6.033517187413E-1);
#737=CARTESIAN_POINT('',(9.85E0,5.563946441151E0,3.55E0));
#738=LINE('',#737,#736);
#739=CARTESIAN_POINT('',(9.85E0,0.E0,0.E0));
#740=DIRECTION('',(-1.E0,0.E0,0.E0));
#741=DIRECTION('',(0.E0,8.132122495754E-1,5.819672131148E-1));
#742=AXIS2_PLACEMENT_3D('',#739,#740,#741);
#744=CARTESIAN_POINT('',(9.85E0,0.E0,0.E0));
#745=DIRECTION('',(-1.E0,0.E0,0.E0));
#746=DIRECTION('',(0.E0,1.E0,0.E0));
#747=AXIS2_PLACEMENT_3D('',#744,#745,#746);
#749=DIRECTION('',(0.E0,1.E0,-1.611921105654E-13));
#750=VECTOR('',#749,6.033517187412E-1);
#751=CARTESIAN_POINT('',(9.85E0,4.960594722410E0,-3.55E0));
#752=LINE('',#751,#750);
#753=CARTESIAN_POINT('',(9.85E0,0.E0,0.E0));
#754=DIRECTION('',(1.E0,0.E0,0.E0));
#755=DIRECTION('',(0.E0,8.430221880532E-1,-5.378787878788E-1));
#756=AXIS2_PLACEMENT_3D('',#753,#754,#755);
#758=CARTESIAN_POINT('',(9.85E0,0.E0,0.E0));
#759=DIRECTION('',(1.E0,0.E0,0.E0));
#760=DIRECTION('',(0.E0,1.E0,0.E0));
#761=AXIS2_PLACEMENT_3D('',#758,#759,#760);
#763=DIRECTION('',(-4.412623389289E-13,-9.999999999318E-1,1.168094903026E-5));
#764=VECTOR('',#763,2.455631438351E-1);
#765=CARTESIAN_POINT('',(9.626911388478E0,5.206157866228E0,3.549997131589E0));
#766=LINE('',#765,#764);
#767=DIRECTION('',(1.E0,2.348955708890E-13,3.523433563335E-13));
#768=VECTOR('',#767,2.230886115220E-1);
#769=CARTESIAN_POINT('',(9.626911388478E0,4.960594722410E0,-3.55E0));
#770=LINE('',#769,#768);
#771=DIRECTION('',(-1.E0,2.388768517516E-14,0.E0));
#772=VECTOR('',#771,2.230886115220E-1);
#773=CARTESIAN_POINT('',(9.85E0,4.960594722410E0,3.55E0));
#774=LINE('',#773,#772);
#775=CARTESIAN_POINT('',(9.626911388478E0,0.E0,0.E0));
#776=DIRECTION('',(-1.E0,0.E0,0.E0));
#777=DIRECTION('',(0.E0,8.262017652652E-1,5.633743365408E-1));
#778=AXIS2_PLACEMENT_3D('',#775,#776,#777);
#780=CARTESIAN_POINT('',(9.626911388478E0,0.E0,0.E0));
#781=DIRECTION('',(-1.E0,0.E0,0.E0));
#782=DIRECTION('',(0.E0,1.E0,0.E0));
#783=AXIS2_PLACEMENT_3D('',#780,#781,#782);
#785=CARTESIAN_POINT('',(9.626911388478E0,0.E0,0.E0));
#786=DIRECTION('',(1.E0,0.E0,0.E0));
#787=DIRECTION('',(0.E0,8.132122495754E-1,-5.819672131148E-1));
#788=AXIS2_PLACEMENT_3D('',#785,#786,#787);
#790=CARTESIAN_POINT('',(9.626911388478E0,0.E0,0.E0));
#791=DIRECTION('',(1.E0,0.E0,0.E0));
#792=DIRECTION('',(0.E0,1.E0,0.E0));
#793=AXIS2_PLACEMENT_3D('',#790,#791,#792);
#795=CARTESIAN_POINT('',(9.626911388478E0,5.206157866228E0,3.549997131589E0));
#796=CARTESIAN_POINT('',(9.527887298001E0,5.268550203999E0,3.549997131589E0));
#797=CARTESIAN_POINT('',(9.328078582713E0,5.393705353612E0,3.550001266903E0));
#798=CARTESIAN_POINT('',(9.023225877914E0,5.582727356686E0,3.549999868454E0));
#799=CARTESIAN_POINT('',(8.816539941448E0,5.709602094015E0,3.549999462339E0));
#800=CARTESIAN_POINT('',(8.712351111062E0,5.773272697104E0,3.549999462339E0));
#802=CARTESIAN_POINT('',(8.712328053573E0,5.773281266368E0,-3.550002881980E0));
#803=CARTESIAN_POINT('',(8.816528769428E0,5.709603353668E0,-3.550002881980E0));
#804=CARTESIAN_POINT('',(9.023178346345E0,5.582767393523E0,-3.549998735699E0));
#805=CARTESIAN_POINT('',(9.328091571830E0,5.393708441133E0,-3.550000102083E0));
#806=CARTESIAN_POINT('',(9.527887877225E0,5.268544005248E0,-3.550000604673E0));
#807=CARTESIAN_POINT('',(9.626911388478E0,5.206151977860E0,-3.550000604673E0));
#809=CARTESIAN_POINT('',(8.712349722647E0,0.E0,0.E0));
#810=DIRECTION('',(1.E0,0.E0,0.E0));
#811=DIRECTION('',(0.E0,8.518410390304E-1,-5.238003858567E-1));
#812=AXIS2_PLACEMENT_3D('',#809,#810,#811);
#814=CARTESIAN_POINT('',(8.712349722647E0,0.E0,0.E0));
#815=DIRECTION('',(1.E0,0.E0,0.E0));
#816=DIRECTION('',(0.E0,1.E0,0.E0));
#817=AXIS2_PLACEMENT_3D('',#814,#815,#816);
#819=CARTESIAN_POINT('',(8.712351111062E0,5.773272697104E0,3.549999462339E0));
#820=CARTESIAN_POINT('',(8.702598433709E0,5.779232634140E0,3.549999462339E0));
#821=CARTESIAN_POINT('',(8.682679669697E0,5.789014569674E0,3.550000250908E0));
#822=CARTESIAN_POINT('',(8.651861729E0,5.797778660988E0,3.549999928312E0));
#823=CARTESIAN_POINT('',(8.630721506002E0,5.799784478754E0,3.55E0));
#824=CARTESIAN_POINT('',(8.62E0,5.799784478754E0,3.55E0));
#826=CARTESIAN_POINT('',(8.62E0,0.E0,0.E0));
#827=DIRECTION('',(-1.E0,0.E0,0.E0));
#828=DIRECTION('',(0.E0,8.529094821697E-1,5.220588235294E-1));
#829=AXIS2_PLACEMENT_3D('',#826,#827,#828);
#831=CARTESIAN_POINT('',(8.62E0,0.E0,0.E0));
#832=DIRECTION('',(-1.E0,0.E0,0.E0));
#833=DIRECTION('',(0.E0,1.E0,0.E0));
#834=AXIS2_PLACEMENT_3D('',#831,#832,#833);
#836=CARTESIAN_POINT('',(8.62E0,5.799784478754E0,-3.55E0));
#837=CARTESIAN_POINT('',(8.630682417595E0,5.799784478754E0,-3.55E0));
#838=CARTESIAN_POINT('',(8.651772240512E0,5.797792395836E0,-3.550000384264E0));
#839=CARTESIAN_POINT('',(8.682597303437E0,5.789052245430E0,-3.549998655076E0));
#840=CARTESIAN_POINT('',(8.702577006711E0,5.779240209176E0,-3.550002881980E0));
#841=CARTESIAN_POINT('',(8.712328053573E0,5.773281266368E0,-3.550002881980E0));
#843=DIRECTION('',(-1.E0,2.495358417253E-14,2.537652627715E-14));
#844=VECTOR('',#843,2.1E0);
#845=CARTESIAN_POINT('',(1.072E1,-5.799784478754E0,3.55E0));
#846=LINE('',#845,#844);
#847=DIRECTION('',(-1.E0,0.E0,0.E0));
#848=VECTOR('',#847,1.52E0);
#849=CARTESIAN_POINT('',(8.62E0,-6.8E0,0.E0));
#850=LINE('',#849,#848);
#851=DIRECTION('',(1.E0,1.691768418476E-14,-2.389622891098E-14));
#852=VECTOR('',#851,2.1E0);
#853=CARTESIAN_POINT('',(8.62E0,5.799784478754E0,3.55E0));
#854=LINE('',#853,#852);
#855=DIRECTION('',(-1.E0,0.E0,0.E0));
#856=VECTOR('',#855,2.618911086750E0);
#857=CARTESIAN_POINT('',(1.333891108675E1,-6.8E0,0.E0));
#858=LINE('',#857,#856);
#859=DIRECTION('',(-1.E0,2.579946838177E-14,-2.495358417253E-14));
#860=VECTOR('',#859,2.1E0);
#861=CARTESIAN_POINT('',(1.072E1,3.55E0,5.799784478754E0));
#862=LINE('',#861,#860);
#863=DIRECTION('',(1.E0,2.389622891098E-14,1.607179997553E-14));
#864=VECTOR('',#863,2.1E0);
#865=CARTESIAN_POINT('',(8.62E0,-3.55E0,5.799784478754E0));
#866=LINE('',#865,#864);
#867=DIRECTION('',(0.E0,-1.E0,1.092155210970E-13));
#868=VECTOR('',#867,2.358380376031E-1);
#869=CARTESIAN_POINT('',(1.072E1,-5.563946441151E0,3.55E0));
#870=LINE('',#869,#868);
#871=CARTESIAN_POINT('',(1.072E1,0.E0,0.E0));
#872=DIRECTION('',(1.E0,0.E0,0.E0));
#873=DIRECTION('',(0.E0,-8.529094821698E-1,5.220588235294E-1));
#874=AXIS2_PLACEMENT_3D('',#871,#872,#873);
#876=CARTESIAN_POINT('',(1.072E1,0.E0,0.E0));
#877=DIRECTION('',(1.E0,0.E0,0.E0));
#878=DIRECTION('',(0.E0,-1.E0,0.E0));
#879=AXIS2_PLACEMENT_3D('',#876,#877,#878);
#881=DIRECTION('',(0.E0,1.E0,2.447934093553E-14));
#882=VECTOR('',#881,2.358380376031E-1);
#883=CARTESIAN_POINT('',(1.072E1,-5.799784478754E0,-3.55E0));
#884=LINE('',#883,#882);
#885=CARTESIAN_POINT('',(1.072E1,0.E0,0.E0));
#886=DIRECTION('',(-1.E0,0.E0,0.E0));
#887=DIRECTION('',(0.E0,-8.430221880532E-1,-5.378787878788E-1));
#888=AXIS2_PLACEMENT_3D('',#885,#886,#887);
#890=CARTESIAN_POINT('',(1.072E1,0.E0,0.E0));
#891=DIRECTION('',(-1.E0,0.E0,0.E0));
#892=DIRECTION('',(0.E0,-1.E0,0.E0));
#893=AXIS2_PLACEMENT_3D('',#890,#891,#892);
#895=DIRECTION('',(4.340390473311E-13,-9.999999999970E-1,2.462459424143E-6));
#896=VECTOR('',#895,2.455571935737E-1);
#897=CARTESIAN_POINT('',(9.626911388478E0,-4.960594722410E0,3.55E0));
#898=LINE('',#897,#896);
#899=DIRECTION('',(-1.E0,-2.388768517516E-14,0.E0));
#900=VECTOR('',#899,2.230886115220E-1);
#901=CARTESIAN_POINT('',(9.85E0,-4.960594722410E0,-3.55E0));
#902=LINE('',#901,#900);
#903=DIRECTION('',(1.E0,2.786896603768E-14,7.365369595673E-14));
#904=VECTOR('',#903,2.230886115220E-1);
#905=CARTESIAN_POINT('',(9.626911388478E0,-4.960594722410E0,3.55E0));
#906=LINE('',#905,#904);
#907=DIRECTION('',(0.E0,-1.E0,1.611921105654E-13));
#908=VECTOR('',#907,6.033517187412E-1);
#909=CARTESIAN_POINT('',(9.85E0,-4.960594722410E0,3.55E0));
#910=LINE('',#909,#908);
#911=CARTESIAN_POINT('',(9.85E0,0.E0,0.E0));
#912=DIRECTION('',(1.E0,0.E0,0.E0));
#913=DIRECTION('',(0.E0,-8.430221880532E-1,5.378787878788E-1));
#914=AXIS2_PLACEMENT_3D('',#911,#912,#913);
#916=CARTESIAN_POINT('',(9.85E0,0.E0,0.E0));
#917=DIRECTION('',(1.E0,0.E0,0.E0));
#918=DIRECTION('',(0.E0,-1.E0,0.E0));
#919=AXIS2_PLACEMENT_3D('',#916,#917,#918);
#921=DIRECTION('',(0.E0,1.E0,1.619281475999E-13));
#922=VECTOR('',#921,6.033517187413E-1);
#923=CARTESIAN_POINT('',(9.85E0,-5.563946441151E0,-3.55E0));
#924=LINE('',#923,#922);
#925=CARTESIAN_POINT('',(9.85E0,0.E0,0.E0));
#926=DIRECTION('',(-1.E0,0.E0,0.E0));
#927=DIRECTION('',(0.E0,-8.132122495754E-1,-5.819672131148E-1));
#928=AXIS2_PLACEMENT_3D('',#925,#926,#927);
#930=CARTESIAN_POINT('',(9.85E0,0.E0,0.E0));
#931=DIRECTION('',(-1.E0,0.E0,0.E0));
#932=DIRECTION('',(0.E0,-1.E0,0.E0));
#933=AXIS2_PLACEMENT_3D('',#930,#931,#932);
#935=DIRECTION('',(-1.E0,1.633431576460E-14,-2.858505258805E-14));
#936=VECTOR('',#935,8.7E-1);
#937=CARTESIAN_POINT('',(1.072E1,-5.563946441151E0,-3.55E0));
#938=LINE('',#937,#936);
#939=DIRECTION('',(1.E0,0.E0,0.E0));
#940=VECTOR('',#939,8.7E-1);
#941=CARTESIAN_POINT('',(9.85E0,-5.563946441151E0,3.55E0));
#942=LINE('',#941,#940);
#943=DIRECTION('',(-4.412623389769E-13,9.999999999318E-1,-1.168088738320E-5));
#944=VECTOR('',#943,2.455631438084E-1);
#945=CARTESIAN_POINT('',(9.626911388478E0,-5.206157866202E0,-3.549997131605E0));
#946=LINE('',#945,#944);
#947=CARTESIAN_POINT('',(8.62E0,0.E0,0.E0));
#948=DIRECTION('',(-1.E0,0.E0,0.E0));
#949=DIRECTION('',(0.E0,-8.529094821697E-1,-5.220588235294E-1));
#950=AXIS2_PLACEMENT_3D('',#947,#948,#949);
#952=CARTESIAN_POINT('',(8.62E0,0.E0,0.E0));
#953=DIRECTION('',(-1.E0,0.E0,0.E0));
#954=DIRECTION('',(0.E0,-1.E0,0.E0));
#955=AXIS2_PLACEMENT_3D('',#952,#953,#954);
#957=CARTESIAN_POINT('',(8.62E0,-5.799784478754E0,3.55E0));
#958=CARTESIAN_POINT('',(8.630682417567E0,-5.799784478754E0,3.55E0));
#959=CARTESIAN_POINT('',(8.651772240447E0,-5.797792395847E0,3.550000384264E0));
#960=CARTESIAN_POINT('',(8.682597303377E0,-5.789052245458E0,3.549998655075E0));
#961=CARTESIAN_POINT('',(8.702577006694E0,-5.779240209182E0,3.550002881982E0));
#962=CARTESIAN_POINT('',(8.712328053559E0,-5.773281266374E0,3.550002881982E0));
#964=CARTESIAN_POINT('',(8.712349722647E0,0.E0,0.E0));
#965=DIRECTION('',(1.E0,0.E0,0.E0));
#966=DIRECTION('',(0.E0,-8.518410390300E-1,5.238003858573E-1));
#967=AXIS2_PLACEMENT_3D('',#964,#965,#966);
#969=CARTESIAN_POINT('',(8.712349722647E0,0.E0,0.E0));
#970=DIRECTION('',(1.E0,0.E0,0.E0));
#971=DIRECTION('',(0.E0,-1.E0,0.E0));
#972=AXIS2_PLACEMENT_3D('',#969,#970,#971);
#974=CARTESIAN_POINT('',(8.712351111286E0,-5.773272697012E0,-3.549999462316E0));
#975=CARTESIAN_POINT('',(8.702598433818E0,-5.779232634117E0,-3.549999462316E0));
#976=CARTESIAN_POINT('',(8.682679670252E0,-5.789014569414E0,-3.550000250919E0));
#977=CARTESIAN_POINT('',(8.651861729580E0,-5.797778660901E0,-3.549999928309E0));
#978=CARTESIAN_POINT('',(8.630721506257E0,-5.799784478754E0,-3.55E0));
#979=CARTESIAN_POINT('',(8.62E0,-5.799784478754E0,-3.55E0));
#981=CARTESIAN_POINT('',(8.712328053559E0,-5.773281266374E0,3.550002881982E0));
#982=CARTESIAN_POINT('',(8.816528769412E0,-5.709603353674E0,3.550002881982E0));
#983=CARTESIAN_POINT('',(9.023178346289E0,-5.582767385304E0,3.549998735698E0));
#984=CARTESIAN_POINT('',(9.328091571813E0,-5.393708470013E0,3.550000102083E0));
#985=CARTESIAN_POINT('',(9.527887877217E0,-5.268543943375E0,3.550000604675E0));
#986=CARTESIAN_POINT('',(9.626911388478E0,-5.206151915983E0,3.550000604675E0));
#988=CARTESIAN_POINT('',(9.626911388478E0,-5.206157866202E0,-3.549997131605E0));
#989=CARTESIAN_POINT('',(9.527887298042E0,-5.268550203947E0,-3.549997131605E0));
#990=CARTESIAN_POINT('',(9.328078582824E0,-5.393705353543E0,-3.550001266893E0));
#991=CARTESIAN_POINT('',(9.023225878356E0,-5.582727356410E0,-3.549999868467E0));
#992=CARTESIAN_POINT('',(8.816539941526E0,-5.709602094013E0,-3.549999462316E0));
#993=CARTESIAN_POINT('',(8.712351111286E0,-5.773272697012E0,-3.549999462316E0));
#995=CARTESIAN_POINT('',(9.626911388478E0,0.E0,0.E0));
#996=DIRECTION('',(1.E0,0.E0,0.E0));
#997=DIRECTION('',(0.E0,-8.132122495754E-1,5.819672131147E-1));
#998=AXIS2_PLACEMENT_3D('',#995,#996,#997);
#1000=CARTESIAN_POINT('',(9.626911388478E0,0.E0,0.E0));
#1001=DIRECTION('',(1.E0,0.E0,0.E0));
#1002=DIRECTION('',(0.E0,-1.E0,0.E0));
#1003=AXIS2_PLACEMENT_3D('',#1000,#1001,#1002);
#1005=CARTESIAN_POINT('',(9.626911388478E0,0.E0,0.E0));
#1006=DIRECTION('',(-1.E0,0.E0,0.E0));
#1007=DIRECTION('',(0.E0,-8.262017652635E-1,-5.633743365432E-1));
#1008=AXIS2_PLACEMENT_3D('',#1005,#1006,#1007);
#1010=CARTESIAN_POINT('',(9.626911388478E0,0.E0,0.E0));
#1011=DIRECTION('',(-1.E0,0.E0,0.E0));
#1012=DIRECTION('',(0.E0,-1.E0,0.E0));
#1013=AXIS2_PLACEMENT_3D('',#1010,#1011,#1012);
#1015=DIRECTION('',(0.E0,-1.E0,-2.259631470972E-14));
#1016=VECTOR('',#1015,2.358380376031E-1);
#1017=CARTESIAN_POINT('',(1.072E1,5.799784478754E0,3.55E0));
#1018=LINE('',#1017,#1016);
#1019=CARTESIAN_POINT('',(1.072E1,0.E0,0.E0));
#1020=DIRECTION('',(-1.E0,0.E0,0.E0));
#1021=DIRECTION('',(0.E0,8.430221880532E-1,5.378787878788E-1));
#1022=AXIS2_PLACEMENT_3D('',#1019,#1020,#1021);
#1024=CARTESIAN_POINT('',(1.072E1,0.E0,0.E0));
#1025=DIRECTION('',(-1.E0,0.E0,0.E0));
#1026=DIRECTION('',(0.E0,1.E0,0.E0));
#1027=AXIS2_PLACEMENT_3D('',#1024,#1025,#1026);
#1029=DIRECTION('',(0.E0,1.E0,-9.791736374211E-14));
#1030=VECTOR('',#1029,2.358380376031E-1);
#1031=CARTESIAN_POINT('',(1.072E1,5.563946441151E0,-3.55E0));
#1032=LINE('',#1031,#1030);
#1033=CARTESIAN_POINT('',(1.072E1,0.E0,0.E0));
#1034=DIRECTION('',(1.E0,0.E0,0.E0));
#1035=DIRECTION('',(0.E0,8.529094821698E-1,-5.220588235294E-1));
#1036=AXIS2_PLACEMENT_3D('',#1033,#1034,#1035);
#1038=CARTESIAN_POINT('',(1.072E1,0.E0,0.E0));
#1039=DIRECTION('',(1.E0,0.E0,0.E0));
#1040=DIRECTION('',(0.E0,1.E0,0.E0));
#1041=AXIS2_PLACEMENT_3D('',#1038,#1039,#1040);
#1043=DIRECTION('',(1.E0,0.E0,0.E0));
#1044=VECTOR('',#1043,8.7E-1);
#1045=CARTESIAN_POINT('',(9.85E0,5.563946441151E0,-3.55E0));
#1046=LINE('',#1045,#1044);
#1047=DIRECTION('',(-1.E0,-1.429252629402E-14,2.858505258805E-14));
#1048=VECTOR('',#1047,8.7E-1);
#1049=CARTESIAN_POINT('',(1.072E1,5.563946441151E0,3.55E0));
#1050=LINE('',#1049,#1048);
#1051=CARTESIAN_POINT('',(1.368891108675E1,0.E0,0.E0));
#1052=DIRECTION('',(1.E0,0.E0,0.E0));
#1053=DIRECTION('',(0.E0,1.E0,0.E0));
#1054=AXIS2_PLACEMENT_3D('',#1051,#1052,#1053);
#1056=CARTESIAN_POINT('',(1.333891108675E1,-6.1E0,0.E0));
#1057=DIRECTION('',(0.E0,0.E0,-1.E0));
#1058=DIRECTION('',(5.000000000001E-1,-8.660254037844E-1,0.E0));
#1059=AXIS2_PLACEMENT_3D('',#1056,#1057,#1058);
#1061=CARTESIAN_POINT('',(1.333891108675E1,0.E0,0.E0));
#1062=DIRECTION('',(-1.E0,0.E0,0.E0));
#1063=DIRECTION('',(0.E0,-1.E0,0.E0));
#1064=AXIS2_PLACEMENT_3D('',#1061,#1062,#1063);
#1066=CARTESIAN_POINT('',(1.333891108675E1,6.1E0,0.E0));
#1067=DIRECTION('',(0.E0,0.E0,1.E0));
#1068=DIRECTION('',(5.000000000001E-1,8.660254037844E-1,0.E0));
#1069=AXIS2_PLACEMENT_3D('',#1066,#1067,#1068);
#1071=CARTESIAN_POINT('',(1.333891108675E1,0.E0,0.E0));
#1072=DIRECTION('',(-1.E0,0.E0,0.E0));
#1073=DIRECTION('',(0.E0,1.E0,0.E0));
#1074=AXIS2_PLACEMENT_3D('',#1071,#1072,#1073);
#1076=CARTESIAN_POINT('',(1.368891108675E1,0.E0,0.E0));
#1077=DIRECTION('',(1.E0,0.E0,0.E0));
#1078=DIRECTION('',(0.E0,-1.E0,0.E0));
#1079=AXIS2_PLACEMENT_3D('',#1076,#1077,#1078);
#1081=DIRECTION('',(-8.660254037844E-1,5.E-1,0.E0));
#1082=VECTOR('',#1081,4.202748199031E0);
#1083=CARTESIAN_POINT('',(1.732859779282E1,4.604843683136E0,0.E0));
#1084=LINE('',#1083,#1082);
#1085=DIRECTION('',(-8.660254037844E-1,-5.E-1,0.E0));
#1086=VECTOR('',#1085,4.202748199031E0);
#1087=CARTESIAN_POINT('',(1.732859779282E1,-4.604843683136E0,0.E0));
#1088=LINE('',#1087,#1086);
#1089=CARTESIAN_POINT('',(1.752859779282E1,0.E0,0.E0));
#1090=DIRECTION('',(1.E0,0.E0,0.E0));
#1091=DIRECTION('',(0.E0,1.E0,0.E0));
#1092=AXIS2_PLACEMENT_3D('',#1089,#1090,#1091);
#1094=CARTESIAN_POINT('',(1.712859779282E1,-4.258433521620E0,0.E0));
#1095=DIRECTION('',(0.E0,0.E0,-1.E0));
#1096=DIRECTION('',(1.E0,0.E0,0.E0));
#1097=AXIS2_PLACEMENT_3D('',#1094,#1095,#1096);
#1099=CARTESIAN_POINT('',(1.732859779282E1,0.E0,0.E0));
#1100=DIRECTION('',(-1.E0,0.E0,0.E0));
#1101=DIRECTION('',(0.E0,-1.E0,0.E0));
#1102=AXIS2_PLACEMENT_3D('',#1099,#1100,#1101);
#1104=CARTESIAN_POINT('',(1.712859779282E1,4.258433521620E0,0.E0));
#1105=DIRECTION('',(0.E0,0.E0,1.E0));
#1106=DIRECTION('',(1.E0,0.E0,0.E0));
#1107=AXIS2_PLACEMENT_3D('',#1104,#1105,#1106);
#1109=CARTESIAN_POINT('',(1.732859779282E1,0.E0,0.E0));
#1110=DIRECTION('',(-1.E0,0.E0,0.E0));
#1111=DIRECTION('',(0.E0,1.E0,0.E0));
#1112=AXIS2_PLACEMENT_3D('',#1109,#1110,#1111);
#1114=CARTESIAN_POINT('',(1.752859779282E1,0.E0,0.E0));
#1115=DIRECTION('',(1.E0,0.E0,0.E0));
#1116=DIRECTION('',(0.E0,-1.E0,0.E0));
#1117=AXIS2_PLACEMENT_3D('',#1114,#1115,#1116);
#1119=DIRECTION('',(-1.E0,4.149938425650E-14,0.E0));
#1120=VECTOR('',#1119,2.140220718E-2);
#1121=CARTESIAN_POINT('',(1.755E1,4.258433521620E0,0.E0));
#1122=LINE('',#1121,#1120);
#1123=DIRECTION('',(-1.E0,-4.149938425650E-14,0.E0));
#1124=VECTOR('',#1123,2.140220718E-2);
#1125=CARTESIAN_POINT('',(1.755E1,-4.258433521620E0,0.E0));
#1126=LINE('',#1125,#1124);
#1127=CARTESIAN_POINT('',(1.755E1,0.E0,0.E0));
#1128=DIRECTION('',(1.E0,0.E0,0.E0));
#1129=DIRECTION('',(0.E0,-1.E0,0.E0));
#1130=AXIS2_PLACEMENT_3D('',#1127,#1128,#1129);
#1132=CARTESIAN_POINT('',(1.755E1,0.E0,0.E0));
#1133=DIRECTION('',(1.E0,0.E0,0.E0));
#1134=DIRECTION('',(0.E0,1.E0,0.E0));
#1135=AXIS2_PLACEMENT_3D('',#1132,#1133,#1134);
#1137=CARTESIAN_POINT('',(1.755E1,0.E0,0.E0));
#1138=DIRECTION('',(-1.E0,0.E0,0.E0));
#1139=DIRECTION('',(0.E0,-1.E0,0.E0));
#1140=AXIS2_PLACEMENT_3D('',#1137,#1138,#1139);
#1142=CARTESIAN_POINT('',(1.755E1,0.E0,0.E0));
#1143=DIRECTION('',(-1.E0,0.E0,0.E0));
#1144=DIRECTION('',(0.E0,1.E0,0.E0));
#1145=AXIS2_PLACEMENT_3D('',#1142,#1143,#1144);
#1147=CARTESIAN_POINT('',(1.775E1,5.E0,0.E0));
#1148=DIRECTION('',(0.E0,0.E0,1.E0));
#1149=DIRECTION('',(0.E0,1.E0,0.E0));
#1150=AXIS2_PLACEMENT_3D('',#1147,#1148,#1149);
#1152=CARTESIAN_POINT('',(1.775E1,0.E0,0.E0));
#1153=DIRECTION('',(1.E0,0.E0,0.E0));
#1154=DIRECTION('',(0.E0,-1.E0,0.E0));
#1155=AXIS2_PLACEMENT_3D('',#1152,#1153,#1154);
#1157=CARTESIAN_POINT('',(1.775E1,0.E0,0.E0));
#1158=DIRECTION('',(1.E0,0.E0,0.E0));
#1159=DIRECTION('',(0.E0,1.E0,0.E0));
#1160=AXIS2_PLACEMENT_3D('',#1157,#1158,#1159);
#1162=CARTESIAN_POINT('',(1.775E1,-5.E0,0.E0));
#1163=DIRECTION('',(0.E0,0.E0,-1.E0));
#1164=DIRECTION('',(0.E0,-1.E0,0.E0));
#1165=AXIS2_PLACEMENT_3D('',#1162,#1163,#1164);
#1167=DIRECTION('',(-1.E0,0.E0,0.E0));
#1168=VECTOR('',#1167,1.1E0);
#1169=CARTESIAN_POINT('',(1.885E1,-5.2E0,0.E0));
#1170=LINE('',#1169,#1168);
#1171=DIRECTION('',(-1.E0,0.E0,0.E0));
#1172=VECTOR('',#1171,1.1E0);
#1173=CARTESIAN_POINT('',(1.885E1,5.2E0,0.E0));
#1174=LINE('',#1173,#1172);
#1175=CARTESIAN_POINT('',(1.885E1,5.E0,0.E0));
#1176=DIRECTION('',(0.E0,0.E0,1.E0));
#1177=DIRECTION('',(1.E0,0.E0,0.E0));
#1178=AXIS2_PLACEMENT_3D('',#1175,#1176,#1177);
#1180=CARTESIAN_POINT('',(1.885E1,0.E0,0.E0));
#1181=DIRECTION('',(-1.E0,0.E0,0.E0));
#1182=DIRECTION('',(0.E0,1.E0,0.E0));
#1183=AXIS2_PLACEMENT_3D('',#1180,#1181,#1182);
#1185=CARTESIAN_POINT('',(1.885E1,-5.E0,0.E0));
#1186=DIRECTION('',(0.E0,0.E0,-1.E0));
#1187=DIRECTION('',(1.E0,0.E0,0.E0));
#1188=AXIS2_PLACEMENT_3D('',#1185,#1186,#1187);
#1190=CARTESIAN_POINT('',(1.885E1,0.E0,0.E0));
#1191=DIRECTION('',(-1.E0,0.E0,0.E0));
#1192=DIRECTION('',(0.E0,-1.E0,0.E0));
#1193=AXIS2_PLACEMENT_3D('',#1190,#1191,#1192);
#1195=CARTESIAN_POINT('',(1.905E1,0.E0,0.E0));
#1196=DIRECTION('',(-1.E0,0.E0,0.E0));
#1197=DIRECTION('',(0.E0,-1.E0,0.E0));
#1198=AXIS2_PLACEMENT_3D('',#1195,#1196,#1197);
#1200=CARTESIAN_POINT('',(1.905E1,0.E0,0.E0));
#1201=DIRECTION('',(-1.E0,0.E0,0.E0));
#1202=DIRECTION('',(0.E0,1.E0,0.E0));
#1203=AXIS2_PLACEMENT_3D('',#1200,#1201,#1202);
#1205=CARTESIAN_POINT('',(1.905E1,0.E0,0.E0));
#1206=DIRECTION('',(1.E0,0.E0,0.E0));
#1207=DIRECTION('',(0.E0,9.998296905208E-1,1.845507932794E-2));
#1208=AXIS2_PLACEMENT_3D('',#1205,#1206,#1207);
#1210=CARTESIAN_POINT('',(1.905E1,0.E0,0.E0));
#1211=DIRECTION('',(1.E0,0.E0,0.E0));
#1212=DIRECTION('',(0.E0,-9.998296905208E-1,-1.845507932794E-2));
#1213=AXIS2_PLACEMENT_3D('',#1210,#1211,#1212);
#1215=CARTESIAN_POINT('',(1.905E1,0.E0,0.E0));
#1216=DIRECTION('',(-1.E0,0.E0,0.E0));
#1217=DIRECTION('',(0.E0,9.998296905208E-1,1.845507932794E-2));
#1218=AXIS2_PLACEMENT_3D('',#1215,#1216,#1217);
#1220=CARTESIAN_POINT('',(1.855E1,3.75E0,2.595964554430E-10));
#1221=DIRECTION('',(0.E0,6.922571890722E-11,-1.E0));
#1222=DIRECTION('',(1.E0,0.E0,0.E0));
#1223=AXIS2_PLACEMENT_3D('',#1220,#1221,#1222);
#1225=CARTESIAN_POINT('',(1.855E1,0.E0,0.E0));
#1226=DIRECTION('',(1.E0,0.E0,0.E0));
#1227=DIRECTION('',(0.E0,1.E0,0.E0));
#1228=AXIS2_PLACEMENT_3D('',#1225,#1226,#1227);
#1230=CARTESIAN_POINT('',(1.855E1,0.E0,0.E0));
#1231=DIRECTION('',(1.E0,0.E0,0.E0));
#1232=DIRECTION('',(0.E0,9.998296905208E-1,1.845507932794E-2));
#1233=AXIS2_PLACEMENT_3D('',#1230,#1231,#1232);
#1235=CARTESIAN_POINT('',(1.905E1,0.E0,0.E0));
#1236=DIRECTION('',(-1.E0,0.E0,0.E0));
#1237=DIRECTION('',(0.E0,-9.998296905208E-1,-1.845507932794E-2));
#1238=AXIS2_PLACEMENT_3D('',#1235,#1236,#1237);
#1240=CARTESIAN_POINT('',(1.855E1,-3.75E0,-2.595964554430E-10));
#1241=DIRECTION('',(0.E0,-6.922571890722E-11,1.E0));
#1242=DIRECTION('',(1.E0,0.E0,0.E0));
#1243=AXIS2_PLACEMENT_3D('',#1240,#1241,#1242);
#1245=CARTESIAN_POINT('',(1.855E1,0.E0,0.E0));
#1246=DIRECTION('',(1.E0,0.E0,0.E0));
#1247=DIRECTION('',(0.E0,-1.E0,-1.339207667692E-11));
#1248=AXIS2_PLACEMENT_3D('',#1245,#1246,#1247);
#1250=CARTESIAN_POINT('',(1.855E1,0.E0,0.E0));
#1251=DIRECTION('',(1.E0,0.E0,0.E0));
#1252=DIRECTION('',(0.E0,-9.998296905208E-1,-1.845507932794E-2));
#1253=AXIS2_PLACEMENT_3D('',#1250,#1251,#1252);
#1255=DIRECTION('',(-1.E0,0.E0,-8.426328119973E-12));
#1256=VECTOR('',#1255,1.335E1);
#1257=CARTESIAN_POINT('',(1.855E1,3.25E0,1.124918122518E-10));
#1258=LINE('',#1257,#1256);
#1259=DIRECTION('',(1.E0,0.E0,-7.882980761606E-12));
#1260=VECTOR('',#1259,1.335E1);
#1261=CARTESIAN_POINT('',(5.2E0,-3.25E0,-2.901623264332E-11));
#1262=LINE('',#1261,#1260);
#1263=CARTESIAN_POINT('',(5.2E0,0.E0,0.E0));
#1264=DIRECTION('',(-1.E0,0.E0,0.E0));
#1265=DIRECTION('',(0.E0,-1.E0,0.E0));
#1266=AXIS2_PLACEMENT_3D('',#1263,#1264,#1265);
#1268=CARTESIAN_POINT('',(5.2E0,0.E0,0.E0));
#1269=DIRECTION('',(-1.E0,0.E0,0.E0));
#1270=DIRECTION('',(0.E0,1.E0,0.E0));
#1271=AXIS2_PLACEMENT_3D('',#1268,#1269,#1270);
#1273=CARTESIAN_POINT('',(5.2E0,0.E0,0.E0));
#1274=DIRECTION('',(1.E0,0.E0,0.E0));
#1275=DIRECTION('',(0.E0,-1.E0,0.E0));
#1276=AXIS2_PLACEMENT_3D('',#1273,#1274,#1275);
#1278=CARTESIAN_POINT('',(5.2E0,0.E0,0.E0));
#1279=DIRECTION('',(1.E0,0.E0,0.E0));
#1280=DIRECTION('',(0.E0,1.E0,0.E0));
#1281=AXIS2_PLACEMENT_3D('',#1278,#1279,#1280);
#1283=DIRECTION('',(1.E0,0.E0,0.E0));
#1284=VECTOR('',#1283,2.95E0);
#1285=CARTESIAN_POINT('',(2.25E0,2.25E0,0.E0));
#1286=LINE('',#1285,#1284);
#1287=CARTESIAN_POINT('',(2.25E0,2.25E0,0.E0));
#1288=CARTESIAN_POINT('',(2.25E0,2.25E0,-5.912224555226E-2));
#1289=CARTESIAN_POINT('',(2.245325404837E0,2.245325404837E0,
-1.778713166562E-1));
#1290=CARTESIAN_POINT('',(2.224127987371E0,2.224127987371E0,
-3.557768403274E-1));
#1291=CARTESIAN_POINT('',(2.188255691869E0,2.188255691869E0,
-5.341136806679E-1));
#1292=CARTESIAN_POINT('',(2.136908956538E0,2.136908956538E0,
-7.126768422743E-1));
#1293=CARTESIAN_POINT('',(2.069065170250E0,2.069065170250E0,
-8.910512836305E-1));
#1294=CARTESIAN_POINT('',(1.983431451285E0,1.983431451285E0,-1.068609716639E0));
#1295=CARTESIAN_POINT('',(1.878451736349E0,1.878451736349E0,-1.244351628264E0));
#1296=CARTESIAN_POINT('',(1.752880684103E0,1.752880684103E0,-1.416210024458E0));
#1297=CARTESIAN_POINT('',(1.605138395344E0,1.605138395344E0,-1.582133605427E0));
#1298=CARTESIAN_POINT('',(1.434754272561E0,1.434754272561E0,-1.738541535891E0));
#1299=CARTESIAN_POINT('',(1.241238856E0,1.241238856E0,-1.882001648043E0));
#1300=CARTESIAN_POINT('',(1.025145270861E0,1.025145270861E0,-2.008270216939E0));
#1301=CARTESIAN_POINT('',(7.888139334356E-1,7.888139334356E-1,
-2.112607549906E0));
#1302=CARTESIAN_POINT('',(5.357031428252E-1,5.357031428252E-1,
-2.190740743844E0));
#1303=CARTESIAN_POINT('',(2.710595722632E-1,2.710595722632E-1,
-2.239032095163E0));
#1304=CARTESIAN_POINT('',(9.091309857473E-2,9.091309857473E-2,-2.25E0));
#1305=CARTESIAN_POINT('',(0.E0,0.E0,-2.25E0));
#1307=DIRECTION('',(0.E0,1.E0,0.E0));
#1308=VECTOR('',#1307,5.2E0);
#1309=CARTESIAN_POINT('',(-2.25E0,0.E0,0.E0));
#1310=LINE('',#1309,#1308);
#1311=CARTESIAN_POINT('',(0.E0,0.E0,0.E0));
#1312=DIRECTION('',(0.E0,-1.E0,0.E0));
#1313=DIRECTION('',(0.E0,0.E0,1.E0));
#1314=AXIS2_PLACEMENT_3D('',#1311,#1312,#1313);
#1316=CARTESIAN_POINT('',(0.E0,0.E0,0.E0));
#1317=DIRECTION('',(0.E0,-1.E0,0.E0));
#1318=DIRECTION('',(-1.E0,0.E0,0.E0));
#1319=AXIS2_PLACEMENT_3D('',#1316,#1317,#1318);
#1321=CARTESIAN_POINT('',(0.E0,0.E0,0.E0));
#1322=DIRECTION('',(-1.E0,0.E0,0.E0));
#1323=DIRECTION('',(0.E0,0.E0,-1.E0));
#1324=AXIS2_PLACEMENT_3D('',#1321,#1322,#1323);
#1326=CARTESIAN_POINT('',(0.E0,0.E0,0.E0));
#1327=DIRECTION('',(-1.E0,0.E0,0.E0));
#1328=DIRECTION('',(0.E0,-1.E0,0.E0));
#1329=AXIS2_PLACEMENT_3D('',#1326,#1327,#1328);
#1331=DIRECTION('',(0.E0,1.E0,0.E0));
#1332=VECTOR('',#1331,2.95E0);
#1333=CARTESIAN_POINT('',(2.25E0,2.25E0,0.E0));
#1334=LINE('',#1333,#1332);
#1335=CARTESIAN_POINT('',(2.25E0,2.25E0,0.E0));
#1336=CARTESIAN_POINT('',(2.25E0,2.25E0,5.912219488301E-2));
#1337=CARTESIAN_POINT('',(2.245325416289E0,2.245325416289E0,1.778711977575E-1));
#1338=CARTESIAN_POINT('',(2.224127986445E0,2.224127986445E0,3.557768386379E-1));
#1339=CARTESIAN_POINT('',(2.188255709015E0,2.188255709015E0,5.341136509051E-1));
#1340=CARTESIAN_POINT('',(2.136908812190E0,2.136908812190E0,7.126772768239E-1));
#1341=CARTESIAN_POINT('',(2.069065147405E0,2.069065147405E0,8.910513213758E-1));
#1342=CARTESIAN_POINT('',(1.983431330350E0,1.983431330350E0,1.068609958235E0));
#1343=CARTESIAN_POINT('',(1.878451640353E0,1.878451640353E0,1.244351741076E0));
#1344=CARTESIAN_POINT('',(1.752880922837E0,1.752880922837E0,1.416209732920E0));
#1345=CARTESIAN_POINT('',(1.605138401639E0,1.605138401639E0,1.582133589353E0));
#1346=CARTESIAN_POINT('',(1.434754710300E0,1.434754710300E0,1.738541180829E0));
#1347=CARTESIAN_POINT('',(1.241238741916E0,1.241238741916E0,1.882001730281E0));
#1348=CARTESIAN_POINT('',(1.025145639746E0,1.025145639746E0,2.008270012371E0));
#1349=CARTESIAN_POINT('',(7.888140778716E-1,7.888140778716E-1,
2.112607518374E0));
#1350=CARTESIAN_POINT('',(5.357027747421E-1,5.357027747421E-1,
2.190740858841E0));
#1351=CARTESIAN_POINT('',(2.710587358385E-1,2.710587358385E-1,
2.239032195252E0));
#1352=CARTESIAN_POINT('',(9.091273050372E-2,9.091273050372E-2,2.25E0));
#1353=CARTESIAN_POINT('',(0.E0,0.E0,2.25E0));
#1355=DIRECTION('',(1.E0,0.E0,0.E0));
#1356=VECTOR('',#1355,5.2E0);
#1357=CARTESIAN_POINT('',(0.E0,-2.25E0,0.E0));
#1358=LINE('',#1357,#1356);
#1359=CARTESIAN_POINT('',(0.E0,5.2E0,0.E0));
#1360=DIRECTION('',(0.E0,-1.E0,0.E0));
#1361=DIRECTION('',(1.E0,0.E0,0.E0));
#1362=AXIS2_PLACEMENT_3D('',#1359,#1360,#1361);
#1364=CARTESIAN_POINT('',(0.E0,5.2E0,0.E0));
#1365=DIRECTION('',(0.E0,-1.E0,0.E0));
#1366=DIRECTION('',(-1.E0,0.E0,0.E0));
#1367=AXIS2_PLACEMENT_3D('',#1364,#1365,#1366);
#1369=CARTESIAN_POINT('',(0.E0,5.2E0,0.E0));
#1370=DIRECTION('',(0.E0,1.E0,0.E0));
#1371=DIRECTION('',(1.E0,0.E0,0.E0));
#1372=AXIS2_PLACEMENT_3D('',#1369,#1370,#1371);
#1374=CARTESIAN_POINT('',(0.E0,5.2E0,0.E0));
#1375=DIRECTION('',(0.E0,1.E0,0.E0));
#1376=DIRECTION('',(-1.E0,0.E0,0.E0));
#1377=AXIS2_PLACEMENT_3D('',#1374,#1375,#1376);
#1379=DIRECTION('',(0.E0,-1.E0,-8.426327860089E-12));
#1380=VECTOR('',#1379,1.335E1);
#1381=CARTESIAN_POINT('',(-3.25E0,1.855E1,1.124918087823E-10));
#1382=LINE('',#1381,#1380);
#1383=DIRECTION('',(0.E0,1.E0,-7.882953733704E-12));
#1384=VECTOR('',#1383,1.335E1);
#1385=CARTESIAN_POINT('',(3.25E0,5.2E0,-2.901623264332E-11));
#1386=LINE('',#1385,#1384);
#1387=CARTESIAN_POINT('',(0.E0,1.905E1,0.E0));
#1388=DIRECTION('',(0.E0,-1.E0,0.E0));
#1389=DIRECTION('',(-9.998296905208E-1,0.E0,1.845507932794E-2));
#1390=AXIS2_PLACEMENT_3D('',#1387,#1388,#1389);
#1392=CARTESIAN_POINT('',(-3.75E0,1.855E1,2.595964554430E-10));
#1393=DIRECTION('',(-6.922571890722E-11,0.E0,-1.E0));
#1394=DIRECTION('',(0.E0,1.E0,0.E0));
#1395=AXIS2_PLACEMENT_3D('',#1392,#1393,#1394);
#1397=CARTESIAN_POINT('',(0.E0,1.855E1,0.E0));
#1398=DIRECTION('',(0.E0,1.E0,0.E0));
#1399=DIRECTION('',(-1.E0,0.E0,0.E0));
#1400=AXIS2_PLACEMENT_3D('',#1397,#1398,#1399);
#1402=CARTESIAN_POINT('',(0.E0,1.855E1,0.E0));
#1403=DIRECTION('',(0.E0,1.E0,0.E0));
#1404=DIRECTION('',(-9.998296905208E-1,0.E0,1.845507932794E-2));
#1405=AXIS2_PLACEMENT_3D('',#1402,#1403,#1404);
#1407=CARTESIAN_POINT('',(0.E0,1.905E1,0.E0));
#1408=DIRECTION('',(0.E0,-1.E0,0.E0));
#1409=DIRECTION('',(1.E0,0.E0,0.E0));
#1410=AXIS2_PLACEMENT_3D('',#1407,#1408,#1409);
#1412=CARTESIAN_POINT('',(0.E0,1.905E1,0.E0));
#1413=DIRECTION('',(0.E0,-1.E0,0.E0));
#1414=DIRECTION('',(-1.E0,0.E0,0.E0));
#1415=AXIS2_PLACEMENT_3D('',#1412,#1413,#1414);
#1417=CARTESIAN_POINT('',(0.E0,1.905E1,0.E0));
#1418=DIRECTION('',(0.E0,1.E0,0.E0));
#1419=DIRECTION('',(-9.998296905208E-1,0.E0,1.845507932794E-2));
#1420=AXIS2_PLACEMENT_3D('',#1417,#1418,#1419);
#1422=CARTESIAN_POINT('',(0.E0,1.905E1,0.E0));
#1423=DIRECTION('',(0.E0,1.E0,0.E0));
#1424=DIRECTION('',(9.998296905208E-1,0.E0,-1.845507932794E-2));
#1425=AXIS2_PLACEMENT_3D('',#1422,#1423,#1424);
#1427=CARTESIAN_POINT('',(5.E0,1.885E1,0.E0));
#1428=DIRECTION('',(0.E0,0.E0,-1.E0));
#1429=DIRECTION('',(0.E0,1.E0,0.E0));
#1430=AXIS2_PLACEMENT_3D('',#1427,#1428,#1429);
#1432=CARTESIAN_POINT('',(0.E0,1.885E1,0.E0));
#1433=DIRECTION('',(0.E0,-1.E0,0.E0));
#1434=DIRECTION('',(1.E0,0.E0,0.E0));
#1435=AXIS2_PLACEMENT_3D('',#1432,#1433,#1434);
#1437=CARTESIAN_POINT('',(-5.E0,1.885E1,0.E0));
#1438=DIRECTION('',(0.E0,0.E0,1.E0));
#1439=DIRECTION('',(0.E0,1.E0,0.E0));
#1440=AXIS2_PLACEMENT_3D('',#1437,#1438,#1439);
#1442=CARTESIAN_POINT('',(0.E0,1.885E1,0.E0));
#1443=DIRECTION('',(0.E0,-1.E0,0.E0));
#1444=DIRECTION('',(-1.E0,0.E0,0.E0));
#1445=AXIS2_PLACEMENT_3D('',#1442,#1443,#1444);
#1447=DIRECTION('',(0.E0,-1.E0,0.E0));
#1448=VECTOR('',#1447,1.1E0);
#1449=CARTESIAN_POINT('',(-5.2E0,1.885E1,0.E0));
#1450=LINE('',#1449,#1448);
#1451=DIRECTION('',(0.E0,-1.E0,0.E0));
#1452=VECTOR('',#1451,1.1E0);
#1453=CARTESIAN_POINT('',(5.2E0,1.885E1,0.E0));
#1454=LINE('',#1453,#1452);
#1455=CARTESIAN_POINT('',(0.E0,1.775E1,0.E0));
#1456=DIRECTION('',(0.E0,1.E0,0.E0));
#1457=DIRECTION('',(-1.E0,0.E0,0.E0));
#1458=AXIS2_PLACEMENT_3D('',#1455,#1456,#1457);
#1460=CARTESIAN_POINT('',(5.E0,1.775E1,0.E0));
#1461=DIRECTION('',(0.E0,0.E0,-1.E0));
#1462=DIRECTION('',(1.E0,0.E0,0.E0));
#1463=AXIS2_PLACEMENT_3D('',#1460,#1461,#1462);
#1465=CARTESIAN_POINT('',(-5.E0,1.775E1,0.E0));
#1466=DIRECTION('',(0.E0,0.E0,1.E0));
#1467=DIRECTION('',(-1.E0,0.E0,0.E0));
#1468=AXIS2_PLACEMENT_3D('',#1465,#1466,#1467);
#1470=CARTESIAN_POINT('',(0.E0,1.775E1,0.E0));
#1471=DIRECTION('',(0.E0,1.E0,0.E0));
#1472=DIRECTION('',(1.E0,0.E0,0.E0));
#1473=AXIS2_PLACEMENT_3D('',#1470,#1471,#1472);
#1475=CARTESIAN_POINT('',(0.E0,1.755E1,0.E0));
#1476=DIRECTION('',(0.E0,1.E0,0.E0));
#1477=DIRECTION('',(1.E0,0.E0,0.E0));
#1478=AXIS2_PLACEMENT_3D('',#1475,#1476,#1477);
#1480=CARTESIAN_POINT('',(0.E0,1.755E1,0.E0));
#1481=DIRECTION('',(0.E0,1.E0,0.E0));
#1482=DIRECTION('',(-1.E0,0.E0,0.E0));
#1483=AXIS2_PLACEMENT_3D('',#1480,#1481,#1482);
#1485=CARTESIAN_POINT('',(0.E0,1.755E1,0.E0));
#1486=DIRECTION('',(0.E0,-1.E0,0.E0));
#1487=DIRECTION('',(1.E0,0.E0,0.E0));
#1488=AXIS2_PLACEMENT_3D('',#1485,#1486,#1487);
#1490=CARTESIAN_POINT('',(0.E0,1.755E1,0.E0));
#1491=DIRECTION('',(0.E0,-1.E0,0.E0));
#1492=DIRECTION('',(-1.E0,0.E0,0.E0));
#1493=AXIS2_PLACEMENT_3D('',#1490,#1491,#1492);
#1495=DIRECTION('',(4.149938425650E-14,-1.E0,0.E0));
#1496=VECTOR('',#1495,2.140220718E-2);
#1497=CARTESIAN_POINT('',(4.258433521620E0,1.755E1,0.E0));
#1498=LINE('',#1497,#1496);
#1499=DIRECTION('',(-4.149938425650E-14,-1.E0,0.E0));
#1500=VECTOR('',#1499,2.140220718E-2);
#1501=CARTESIAN_POINT('',(-4.258433521620E0,1.755E1,0.E0));
#1502=LINE('',#1501,#1500);
#1503=CARTESIAN_POINT('',(-4.258433521620E0,1.712859779282E1,0.E0));
#1504=DIRECTION('',(0.E0,0.E0,1.E0));
#1505=DIRECTION('',(0.E0,1.E0,0.E0));
#1506=AXIS2_PLACEMENT_3D('',#1503,#1504,#1505);
#1508=CARTESIAN_POINT('',(0.E0,1.732859779282E1,0.E0));
#1509=DIRECTION('',(0.E0,-1.E0,0.E0));
#1510=DIRECTION('',(-1.E0,0.E0,0.E0));
#1511=AXIS2_PLACEMENT_3D('',#1508,#1509,#1510);
#1513=CARTESIAN_POINT('',(0.E0,1.752859779282E1,0.E0));
#1514=DIRECTION('',(0.E0,1.E0,0.E0));
#1515=DIRECTION('',(1.E0,0.E0,0.E0));
#1516=AXIS2_PLACEMENT_3D('',#1513,#1514,#1515);
#1518=CARTESIAN_POINT('',(0.E0,1.752859779282E1,0.E0));
#1519=DIRECTION('',(0.E0,1.E0,0.E0));
#1520=DIRECTION('',(-1.E0,0.E0,0.E0));
#1521=AXIS2_PLACEMENT_3D('',#1518,#1519,#1520);
#1523=CARTESIAN_POINT('',(4.258433521620E0,1.712859779282E1,0.E0));
#1524=DIRECTION('',(0.E0,0.E0,-1.E0));
#1525=DIRECTION('',(0.E0,1.E0,0.E0));
#1526=AXIS2_PLACEMENT_3D('',#1523,#1524,#1525);
#1528=CARTESIAN_POINT('',(0.E0,1.732859779282E1,0.E0));
#1529=DIRECTION('',(0.E0,-1.E0,0.E0));
#1530=DIRECTION('',(1.E0,0.E0,0.E0));
#1531=AXIS2_PLACEMENT_3D('',#1528,#1529,#1530);
#1533=DIRECTION('',(5.E-1,-8.660254037844E-1,0.E0));
#1534=VECTOR('',#1533,4.202748199031E0);
#1535=CARTESIAN_POINT('',(4.604843683136E0,1.732859779282E1,0.E0));
#1536=LINE('',#1535,#1534);
#1537=DIRECTION('',(-5.E-1,-8.660254037844E-1,0.E0));
#1538=VECTOR('',#1537,4.202748199031E0);
#1539=CARTESIAN_POINT('',(-4.604843683136E0,1.732859779282E1,0.E0));
#1540=LINE('',#1539,#1538);
#1541=CARTESIAN_POINT('',(-6.1E0,1.333891108675E1,0.E0));
#1542=DIRECTION('',(0.E0,0.E0,1.E0));
#1543=DIRECTION('',(-8.660254037844E-1,5.000000000001E-1,0.E0));
#1544=AXIS2_PLACEMENT_3D('',#1541,#1542,#1543);
#1546=CARTESIAN_POINT('',(0.E0,1.333891108675E1,0.E0));
#1547=DIRECTION('',(0.E0,-1.E0,0.E0));
#1548=DIRECTION('',(-1.E0,0.E0,0.E0));
#1549=AXIS2_PLACEMENT_3D('',#1546,#1547,#1548);
#1551=CARTESIAN_POINT('',(0.E0,1.368891108675E1,0.E0));
#1552=DIRECTION('',(0.E0,1.E0,0.E0));
#1553=DIRECTION('',(1.E0,0.E0,0.E0));
#1554=AXIS2_PLACEMENT_3D('',#1551,#1552,#1553);
#1556=CARTESIAN_POINT('',(0.E0,1.368891108675E1,0.E0));
#1557=DIRECTION('',(0.E0,1.E0,0.E0));
#1558=DIRECTION('',(-1.E0,0.E0,0.E0));
#1559=AXIS2_PLACEMENT_3D('',#1556,#1557,#1558);
#1561=CARTESIAN_POINT('',(6.1E0,1.333891108675E1,0.E0));
#1562=DIRECTION('',(0.E0,0.E0,-1.E0));
#1563=DIRECTION('',(8.660254037844E-1,5.000000000001E-1,0.E0));
#1564=AXIS2_PLACEMENT_3D('',#1561,#1562,#1563);
#1566=CARTESIAN_POINT('',(0.E0,1.333891108675E1,0.E0));
#1567=DIRECTION('',(0.E0,-1.E0,0.E0));
#1568=DIRECTION('',(1.E0,0.E0,0.E0));
#1569=AXIS2_PLACEMENT_3D('',#1566,#1567,#1568);
#1571=DIRECTION('',(-2.495358417253E-14,-1.E0,2.537652627715E-14));
#1572=VECTOR('',#1571,2.1E0);
#1573=CARTESIAN_POINT('',(5.799784478754E0,1.072E1,3.55E0));
#1574=LINE('',#1573,#1572);
#1575=DIRECTION('',(0.E0,-1.E0,0.E0));
#1576=VECTOR('',#1575,1.52E0);
#1577=CARTESIAN_POINT('',(6.8E0,8.62E0,0.E0));
#1578=LINE('',#1577,#1576);
#1579=DIRECTION('',(-1.691768418476E-14,1.E0,-2.389622891098E-14));
#1580=VECTOR('',#1579,2.1E0);
#1581=CARTESIAN_POINT('',(-5.799784478754E0,8.62E0,3.55E0));
#1582=LINE('',#1581,#1580);
#1583=DIRECTION('',(0.E0,-1.E0,0.E0));
#1584=VECTOR('',#1583,2.618911086750E0);
#1585=CARTESIAN_POINT('',(6.8E0,1.333891108675E1,0.E0));
#1586=LINE('',#1585,#1584);
#1587=DIRECTION('',(-2.579946838177E-14,-1.E0,-2.495358417253E-14));
#1588=VECTOR('',#1587,2.1E0);
#1589=CARTESIAN_POINT('',(-3.55E0,1.072E1,5.799784478754E0));
#1590=LINE('',#1589,#1588);
#1591=DIRECTION('',(-2.389622891098E-14,1.E0,1.607179997553E-14));
#1592=VECTOR('',#1591,2.1E0);
#1593=CARTESIAN_POINT('',(3.55E0,8.62E0,5.799784478754E0));
#1594=LINE('',#1593,#1592);
#1595=DIRECTION('',(1.E0,0.E0,1.092155210970E-13));
#1596=VECTOR('',#1595,2.358380376031E-1);
#1597=CARTESIAN_POINT('',(5.563946441151E0,1.072E1,3.55E0));
#1598=LINE('',#1597,#1596);
#1599=CARTESIAN_POINT('',(0.E0,1.072E1,0.E0));
#1600=DIRECTION('',(0.E0,1.E0,0.E0));
#1601=DIRECTION('',(8.529094821698E-1,0.E0,5.220588235294E-1));
#1602=AXIS2_PLACEMENT_3D('',#1599,#1600,#1601);
#1604=CARTESIAN_POINT('',(0.E0,1.072E1,0.E0));
#1605=DIRECTION('',(0.E0,1.E0,0.E0));
#1606=DIRECTION('',(1.E0,0.E0,0.E0));
#1607=AXIS2_PLACEMENT_3D('',#1604,#1605,#1606);
#1609=DIRECTION('',(-1.E0,0.E0,2.447934093553E-14));
#1610=VECTOR('',#1609,2.358380376031E-1);
#1611=CARTESIAN_POINT('',(5.799784478754E0,1.072E1,-3.55E0));
#1612=LINE('',#1611,#1610);
#1613=CARTESIAN_POINT('',(0.E0,1.072E1,0.E0));
#1614=DIRECTION('',(0.E0,-1.E0,0.E0));
#1615=DIRECTION('',(8.430221880532E-1,0.E0,-5.378787878788E-1));
#1616=AXIS2_PLACEMENT_3D('',#1613,#1614,#1615);
#1618=CARTESIAN_POINT('',(0.E0,1.072E1,0.E0));
#1619=DIRECTION('',(0.E0,-1.E0,0.E0));
#1620=DIRECTION('',(1.E0,0.E0,0.E0));
#1621=AXIS2_PLACEMENT_3D('',#1618,#1619,#1620);
#1623=DIRECTION('',(-8.403552517222E-7,-9.999999999994E-1,7.021806483576E-7));
#1624=VECTOR('',#1623,3.245279399732E-1);
#1625=CARTESIAN_POINT('',(5.269943699817E0,9.85E0,3.550000088486E0));
#1626=LINE('',#1625,#1624);
#1627=DIRECTION('',(9.999999999993E-1,0.E0,-1.145538951142E-6));
#1628=VECTOR('',#1627,2.940024548539E-1);
#1629=CARTESIAN_POINT('',(-5.563946441151E0,9.85E0,3.55E0));
#1630=LINE('',#1629,#1628);
#1631=CARTESIAN_POINT('',(0.E0,9.85E0,0.E0));
#1632=DIRECTION('',(0.E0,1.E0,0.E0));
#1633=DIRECTION('',(-8.293746359591E-1,0.E0,5.586928612643E-1));
#1634=AXIS2_PLACEMENT_3D('',#1631,#1632,#1633);
#1636=DIRECTION('',(3.007222206621E-7,0.E0,1.E0));
#1637=VECTOR('',#1636,2.940027412846E-1);
#1638=CARTESIAN_POINT('',(-3.550000088413E0,9.85E0,5.269943699867E0));
#1639=LINE('',#1638,#1637);
#1640=CARTESIAN_POINT('',(0.E0,9.85E0,0.E0));
#1641=DIRECTION('',(0.E0,1.E0,0.E0));
#1642=DIRECTION('',(-5.378787878788E-1,0.E0,8.430221880532E-1));
#1643=AXIS2_PLACEMENT_3D('',#1640,#1641,#1642);
#1645=DIRECTION('',(-1.145657813588E-6,0.E0,-9.999999999993E-1));
#1646=VECTOR('',#1645,2.940024548303E-1);
#1647=CARTESIAN_POINT('',(3.55E0,9.85E0,5.563946441151E0));
#1648=LINE('',#1647,#1646);
#1649=CARTESIAN_POINT('',(0.E0,9.85E0,0.E0));
#1650=DIRECTION('',(0.E0,1.E0,0.E0));
#1651=DIRECTION('',(5.586928612643E-1,0.E0,8.293746359591E-1));
#1652=AXIS2_PLACEMENT_3D('',#1649,#1650,#1651);
#1654=DIRECTION('',(1.E0,0.E0,-3.009707058443E-7));
#1655=VECTOR('',#1654,2.940027413338E-1);
#1656=CARTESIAN_POINT('',(5.269943699817E0,9.85E0,3.550000088486E0));
#1657=LINE('',#1656,#1655);
#1658=CARTESIAN_POINT('',(0.E0,9.85E0,0.E0));
#1659=DIRECTION('',(0.E0,1.E0,0.E0));
#1660=DIRECTION('',(8.430221880532E-1,0.E0,5.378787878788E-1));
#1661=AXIS2_PLACEMENT_3D('',#1658,#1659,#1660);
#1663=CARTESIAN_POINT('',(0.E0,9.85E0,0.E0));
#1664=DIRECTION('',(0.E0,1.E0,0.E0));
#1665=DIRECTION('',(1.E0,0.E0,0.E0));
#1666=AXIS2_PLACEMENT_3D('',#1663,#1664,#1665);
#1668=DIRECTION('',(-9.999999999993E-1,0.E0,1.145538955673E-6));
#1669=VECTOR('',#1668,2.940024548539E-1);
#1670=CARTESIAN_POINT('',(5.563946441151E0,9.85E0,-3.55E0));
#1671=LINE('',#1670,#1669);
#1672=CARTESIAN_POINT('',(0.E0,9.85E0,0.E0));
#1673=DIRECTION('',(0.E0,1.E0,0.E0));
#1674=DIRECTION('',(8.293746359591E-1,0.E0,-5.586928612643E-1));
#1675=AXIS2_PLACEMENT_3D('',#1672,#1673,#1674);
#1677=DIRECTION('',(-3.007228414747E-7,0.E0,-1.E0));
#1678=VECTOR('',#1677,2.940027412848E-1);
#1679=CARTESIAN_POINT('',(3.550000088413E0,9.85E0,-5.269943699866E0));
#1680=LINE('',#1679,#1678);
#1681=CARTESIAN_POINT('',(0.E0,9.85E0,0.E0));
#1682=DIRECTION('',(0.E0,1.E0,0.E0));
#1683=DIRECTION('',(5.378787878788E-1,0.E0,-8.430221880532E-1));
#1684=AXIS2_PLACEMENT_3D('',#1681,#1682,#1683);
#1686=DIRECTION('',(1.145658487269E-6,0.E0,9.999999999993E-1));
#1687=VECTOR('',#1686,2.940024548302E-1);
#1688=CARTESIAN_POINT('',(-3.55E0,9.85E0,-5.563946441151E0));
#1689=LINE('',#1688,#1687);
#1690=CARTESIAN_POINT('',(0.E0,9.85E0,0.E0));
#1691=DIRECTION('',(0.E0,1.E0,0.E0));
#1692=DIRECTION('',(-5.586928612643E-1,0.E0,-8.293746359591E-1));
#1693=AXIS2_PLACEMENT_3D('',#1690,#1691,#1692);
#1695=DIRECTION('',(-1.E0,0.E0,3.009679386208E-7));
#1696=VECTOR('',#1695,2.940027413334E-1);
#1697=CARTESIAN_POINT('',(-5.269943699818E0,9.85E0,-3.550000088485E0));
#1698=LINE('',#1697,#1696);
#1699=CARTESIAN_POINT('',(0.E0,9.85E0,0.E0));
#1700=DIRECTION('',(0.E0,1.E0,0.E0));
#1701=DIRECTION('',(-8.430221880532E-1,0.E0,-5.378787878788E-1));
#1702=AXIS2_PLACEMENT_3D('',#1699,#1700,#1701);
#1704=CARTESIAN_POINT('',(0.E0,9.85E0,0.E0));
#1705=DIRECTION('',(0.E0,1.E0,0.E0));
#1706=DIRECTION('',(-1.E0,0.E0,0.E0));
#1707=AXIS2_PLACEMENT_3D('',#1704,#1705,#1706);
#1709=CARTESIAN_POINT('',(0.E0,9.85E0,0.E0));
#1710=DIRECTION('',(0.E0,-1.E0,0.E0));
#1711=DIRECTION('',(1.E0,0.E0,0.E0));
#1712=AXIS2_PLACEMENT_3D('',#1709,#1710,#1711);
#1714=CARTESIAN_POINT('',(0.E0,9.85E0,0.E0));
#1715=DIRECTION('',(0.E0,-1.E0,0.E0));
#1716=DIRECTION('',(-1.E0,0.E0,0.E0));
#1717=AXIS2_PLACEMENT_3D('',#1714,#1715,#1716);
#1719=DIRECTION('',(4.024021697801E-6,9.999999999843E-1,3.898030700366E-6));
#1720=VECTOR('',#1719,3.245248682114E-1);
#1721=CARTESIAN_POINT('',(-5.269945292193E0,9.525475131794E0,3.549998398201E0));
#1722=LINE('',#1721,#1720);
#1723=DIRECTION('',(0.E0,1.E0,0.E0));
#1724=VECTOR('',#1723,8.7E-1);
#1725=CARTESIAN_POINT('',(-5.563946441151E0,9.85E0,-3.55E0));
#1726=LINE('',#1725,#1724);
#1727=DIRECTION('',(-1.020894735287E-14,-1.E0,-1.633431576460E-14));
#1728=VECTOR('',#1727,8.7E-1);
#1729=CARTESIAN_POINT('',(-5.563946441151E0,1.072E1,3.55E0));
#1730=LINE('',#1729,#1728);
#1731=DIRECTION('',(8.403452349362E-7,-9.999999999994E-1,-7.021706945155E-7));
#1732=VECTOR('',#1731,3.245279399660E-1);
#1733=CARTESIAN_POINT('',(-5.269943699818E0,9.85E0,-3.550000088485E0));
#1734=LINE('',#1733,#1732);
#1735=DIRECTION('',(-3.898373742536E-6,9.999999999843E-1,4.024398681212E-6));
#1736=VECTOR('',#1735,3.245248679580E-1);
#1737=CARTESIAN_POINT('',(-3.549998398054E0,9.525475132047E0,
-5.269945292339E0));
#1738=LINE('',#1737,#1736);
#1739=DIRECTION('',(1.684476313224E-14,-1.E0,0.E0));
#1740=VECTOR('',#1739,8.7E-1);
#1741=CARTESIAN_POINT('',(-3.55E0,1.072E1,-5.563946441151E0));
#1742=LINE('',#1741,#1740);
#1743=DIRECTION('',(0.E0,1.E0,0.E0));
#1744=VECTOR('',#1743,8.7E-1);
#1745=CARTESIAN_POINT('',(3.55E0,9.85E0,-5.563946441151E0));
#1746=LINE('',#1745,#1744);
#1747=DIRECTION('',(7.011302349971E-7,-9.999999999994E-1,8.393456941594E-7));
#1748=VECTOR('',#1747,3.245279391021E-1);
#1749=CARTESIAN_POINT('',(3.550000088413E0,9.85E0,-5.269943699866E0));
#1750=LINE('',#1749,#1748);
#1751=DIRECTION('',(-4.024022622870E-6,9.999999999843E-1,-3.898032056489E-6));
#1752=VECTOR('',#1751,3.245248682106E-1);
#1753=CARTESIAN_POINT('',(5.269945292193E0,9.525475131795E0,-3.549998398200E0));
#1754=LINE('',#1753,#1752);
#1755=DIRECTION('',(0.E0,-1.E0,1.684476313224E-14));
#1756=VECTOR('',#1755,8.7E-1);
#1757=CARTESIAN_POINT('',(5.563946441151E0,1.072E1,-3.55E0));
#1758=LINE('',#1757,#1756);
#1759=DIRECTION('',(0.E0,1.E0,0.E0));
#1760=VECTOR('',#1759,8.7E-1);
#1761=CARTESIAN_POINT('',(5.563946441151E0,9.85E0,3.55E0));
#1762=LINE('',#1761,#1760);
#1763=DIRECTION('',(2.326181575405E-14,-1.E0,-2.579946838177E-14));
#1764=VECTOR('',#1763,2.1E0);
#1765=CARTESIAN_POINT('',(-5.799784478754E0,1.072E1,-3.55E0));
#1766=LINE('',#1765,#1764);
#1767=DIRECTION('',(0.E0,-1.E0,0.E0));
#1768=VECTOR('',#1767,1.52E0);
#1769=CARTESIAN_POINT('',(-6.8E0,8.62E0,0.E0));
#1770=LINE('',#1769,#1768);
#1771=DIRECTION('',(1.860945260324E-14,1.E0,2.368475785867E-14));
#1772=VECTOR('',#1771,2.1E0);
#1773=CARTESIAN_POINT('',(5.799784478754E0,8.62E0,-3.55E0));
#1774=LINE('',#1773,#1772);
#1775=DIRECTION('',(0.E0,-1.E0,0.E0));
#1776=VECTOR('',#1775,2.618911086750E0);
#1777=CARTESIAN_POINT('',(-6.8E0,1.333891108675E1,0.E0));
#1778=LINE('',#1777,#1776);
#1779=DIRECTION('',(2.537652627715E-14,-1.E0,2.283887364943E-14));
#1780=VECTOR('',#1779,2.1E0);
#1781=CARTESIAN_POINT('',(3.55E0,1.072E1,-5.799784478754E0));
#1782=LINE('',#1781,#1780);
#1783=DIRECTION('',(2.368475785867E-14,1.E0,-1.860945260324E-14));
#1784=VECTOR('',#1783,2.1E0);
#1785=CARTESIAN_POINT('',(-3.55E0,8.62E0,-5.799784478754E0));
#1786=LINE('',#1785,#1784);
#1787=CARTESIAN_POINT('',(0.E0,8.712349722647E0,0.E0));
#1788=DIRECTION('',(0.E0,1.E0,0.E0));
#1789=DIRECTION('',(-8.518412098127E-1,0.E0,-5.238001081184E-1));
#1790=AXIS2_PLACEMENT_3D('',#1787,#1788,#1789);
#1792=CARTESIAN_POINT('',(0.E0,8.712349722647E0,0.E0));
#1793=DIRECTION('',(0.E0,1.E0,0.E0));
#1794=DIRECTION('',(-1.E0,0.E0,0.E0));
#1795=AXIS2_PLACEMENT_3D('',#1792,#1793,#1794);
#1797=CARTESIAN_POINT('',(-5.773272750343E0,8.712350706394E0,3.549999630636E0));
#1798=CARTESIAN_POINT('',(-5.779233629058E0,8.702596488312E0,3.549999630636E0));
#1799=CARTESIAN_POINT('',(-5.789016910815E0,8.682674295961E0,3.550000172370E0));
#1800=CARTESIAN_POINT('',(-5.797779654530E0,8.651855601215E0,3.549999950751E0));
#1801=CARTESIAN_POINT('',(-5.799784478754E0,8.630718857658E0,3.55E0));
#1802=CARTESIAN_POINT('',(-5.799784478754E0,8.62E0,3.55E0));
#1804=CARTESIAN_POINT('',(0.E0,8.62E0,0.E0));
#1805=DIRECTION('',(0.E0,-1.E0,0.E0));
#1806=DIRECTION('',(-8.529094821697E-1,0.E0,5.220588235294E-1));
#1807=AXIS2_PLACEMENT_3D('',#1804,#1805,#1806);
#1809=CARTESIAN_POINT('',(0.E0,8.62E0,0.E0));
#1810=DIRECTION('',(0.E0,-1.E0,0.E0));
#1811=DIRECTION('',(-1.E0,0.E0,0.E0));
#1812=AXIS2_PLACEMENT_3D('',#1809,#1810,#1811);
#1814=CARTESIAN_POINT('',(-5.799784478754E0,8.62E0,-3.55E0));
#1815=CARTESIAN_POINT('',(-5.799784478754E0,8.630693675297E0,-3.55E0));
#1816=CARTESIAN_POINT('',(-5.797788465924E0,8.651798005958E0,
-3.550000261779E0));
#1817=CARTESIAN_POINT('',(-5.789041300074E0,8.682621283717E0,
-3.549999083774E0));
#1818=CARTESIAN_POINT('',(-5.779237971262E0,8.702583190056E0,
-3.550001963342E0));
#1819=CARTESIAN_POINT('',(-5.773278662761E0,8.712334836237E0,
-3.550001963342E0));
#1821=CARTESIAN_POINT('',(-3.549998398054E0,9.525475132047E0,
-5.269945292339E0));
#1822=CARTESIAN_POINT('',(-3.549998398054E0,9.437163397273E0,
-5.325375196997E0));
#1823=CARTESIAN_POINT('',(-3.550000698388E0,9.259169557619E0,
-5.436531225678E0));
#1824=CARTESIAN_POINT('',(-3.549999958561E0,8.988123065503E0,
-5.604299027641E0));
#1825=CARTESIAN_POINT('',(-3.549999631100E0,8.804718935624E0,
-5.716825805685E0));
#1826=CARTESIAN_POINT('',(-3.549999631100E0,8.712350702006E0,
-5.773272752146E0));
#1828=CARTESIAN_POINT('',(3.550001963550E0,8.712334834575E0,-5.773278663410E0));
#1829=CARTESIAN_POINT('',(3.550001963550E0,8.804709929999E0,-5.716827495730E0));
#1830=CARTESIAN_POINT('',(3.549999125803E0,8.988087362404E0,-5.604328352604E0));
#1831=CARTESIAN_POINT('',(3.550000114363E0,9.259167444003E0,-5.436540028820E0));
#1832=CARTESIAN_POINT('',(3.550000315950E0,9.437160909091E0,-5.325372997956E0));
#1833=CARTESIAN_POINT('',(3.550000315950E0,9.525472060898E0,-5.269943427475E0));
#1835=CARTESIAN_POINT('',(0.E0,9.525472300615E0,0.E0));
#1836=DIRECTION('',(0.E0,-1.E0,0.E0));
#1837=DIRECTION('',(5.586929030073E-1,0.E0,-8.293746078397E-1));
#1838=AXIS2_PLACEMENT_3D('',#1835,#1836,#1837);
#1840=CARTESIAN_POINT('',(5.269945292193E0,9.525475131795E0,-3.549998398200E0));
#1841=CARTESIAN_POINT('',(5.325375196240E0,9.437163397998E0,-3.549998398200E0));
#1842=CARTESIAN_POINT('',(5.436531224867E0,9.259169559117E0,-3.550000698258E0));
#1843=CARTESIAN_POINT('',(5.604299022243E0,8.988123074372E0,-3.549999958797E0));
#1844=CARTESIAN_POINT('',(5.716825805601E0,8.804718937210E0,-3.549999630636E0));
#1845=CARTESIAN_POINT('',(5.773272750343E0,8.712350706396E0,-3.549999630636E0));
#1847=DIRECTION('',(-4.617486132351E-1,-8.870108331782E-1,0.E0));
#1848=VECTOR('',#1847,1.031060311354E0);
#1849=CARTESIAN_POINT('',(-6.301311497706E0,9.626911388478E0,0.E0));
#1850=LINE('',#1849,#1848);
#1851=CARTESIAN_POINT('',(-5.773278662761E0,8.712334836237E0,
-3.550001963342E0));
#1852=CARTESIAN_POINT('',(-5.716827495435E0,8.804709931087E0,
-3.550001963342E0));
#1853=CARTESIAN_POINT('',(-5.604328349750E0,8.988087366841E0,
-3.549999125955E0));
#1854=CARTESIAN_POINT('',(-5.436540028860E0,9.259167443792E0,
-3.550000114145E0));
#1855=CARTESIAN_POINT('',(-5.325372997022E0,9.437160909132E0,
-3.550000316359E0));
#1856=CARTESIAN_POINT('',(-5.269943427102E0,9.525472060034E0,
-3.550000316359E0));
#1858=CARTESIAN_POINT('',(0.E0,9.525472300615E0,0.E0));
#1859=DIRECTION('',(0.E0,-1.E0,0.E0));
#1860=DIRECTION('',(-8.293746078168E-1,0.E0,-5.586929030414E-1));
#1861=AXIS2_PLACEMENT_3D('',#1858,#1859,#1860);
#1863=CARTESIAN_POINT('',(-3.549999631100E0,8.712350702006E0,
-5.773272752146E0));
#1864=CARTESIAN_POINT('',(-3.549999631100E0,8.702596486097E0,
-5.779233629533E0));
#1865=CARTESIAN_POINT('',(-3.550000172153E0,8.682674284912E0,
-5.789016915990E0));
#1866=CARTESIAN_POINT('',(-3.549999950813E0,8.651855589634E0,
-5.797779656249E0));
#1867=CARTESIAN_POINT('',(-3.55E0,8.630718852565E0,-5.799784478754E0));
#1868=CARTESIAN_POINT('',(-3.55E0,8.62E0,-5.799784478754E0));
#1870=CARTESIAN_POINT('',(0.E0,8.62E0,0.E0));
#1871=DIRECTION('',(0.E0,-1.E0,0.E0));
#1872=DIRECTION('',(-5.220588235294E-1,0.E0,-8.529094821697E-1));
#1873=AXIS2_PLACEMENT_3D('',#1870,#1871,#1872);
#1875=CARTESIAN_POINT('',(3.55E0,8.62E0,-5.799784478754E0));
#1876=CARTESIAN_POINT('',(3.55E0,8.630693672502E0,-5.799784478754E0));
#1877=CARTESIAN_POINT('',(3.550000261807E0,8.651797999559E0,-5.797788466904E0));
#1878=CARTESIAN_POINT('',(3.549999083677E0,8.682621277774E0,-5.789041302779E0));
#1879=CARTESIAN_POINT('',(3.550001963550E0,8.702583188514E0,-5.779237971837E0));
#1880=CARTESIAN_POINT('',(3.550001963550E0,8.712334834575E0,-5.773278663410E0));
#1882=CARTESIAN_POINT('',(0.E0,8.712349722647E0,0.E0));
#1883=DIRECTION('',(0.E0,1.E0,0.E0));
#1884=DIRECTION('',(5.238001081787E-1,0.E0,-8.518412097756E-1));
#1885=AXIS2_PLACEMENT_3D('',#1882,#1883,#1884);
#1887=CARTESIAN_POINT('',(0.E0,8.62E0,0.E0));
#1888=DIRECTION('',(0.E0,-1.E0,0.E0));
#1889=DIRECTION('',(8.529094821697E-1,0.E0,-5.220588235294E-1));
#1890=AXIS2_PLACEMENT_3D('',#1887,#1888,#1889);
#1892=CARTESIAN_POINT('',(0.E0,8.62E0,0.E0));
#1893=DIRECTION('',(0.E0,-1.E0,0.E0));
#1894=DIRECTION('',(1.E0,0.E0,0.E0));
#1895=AXIS2_PLACEMENT_3D('',#1892,#1893,#1894);
#1897=CARTESIAN_POINT('',(5.799784478754E0,8.62E0,3.55E0));
#1898=CARTESIAN_POINT('',(5.799784478754E0,8.630693675239E0,3.55E0));
#1899=CARTESIAN_POINT('',(5.797788465944E0,8.651798005825E0,3.550000261779E0));
#1900=CARTESIAN_POINT('',(5.789041300131E0,8.682621283593E0,3.549999083772E0));
#1901=CARTESIAN_POINT('',(5.779237971273E0,8.702583190026E0,3.550001963346E0));
#1902=CARTESIAN_POINT('',(5.773278662776E0,8.712334836199E0,3.550001963346E0));
#1904=CARTESIAN_POINT('',(0.E0,8.712349722647E0,0.E0));
#1905=DIRECTION('',(0.E0,1.E0,0.E0));
#1906=DIRECTION('',(8.518412098118E-1,0.E0,5.238001081198E-1));
#1907=AXIS2_PLACEMENT_3D('',#1904,#1905,#1906);
#1909=CARTESIAN_POINT('',(0.E0,8.712349722647E0,0.E0));
#1910=DIRECTION('',(0.E0,1.E0,0.E0));
#1911=DIRECTION('',(1.E0,0.E0,0.E0));
#1912=AXIS2_PLACEMENT_3D('',#1909,#1910,#1911);
#1914=CARTESIAN_POINT('',(5.773272750343E0,8.712350706396E0,-3.549999630636E0));
#1915=CARTESIAN_POINT('',(5.779233629060E0,8.702596488311E0,-3.549999630636E0));
#1916=CARTESIAN_POINT('',(5.789016910815E0,8.682674295960E0,-3.550000172370E0));
#1917=CARTESIAN_POINT('',(5.797779654531E0,8.651855601214E0,-3.549999950751E0));
#1918=CARTESIAN_POINT('',(5.799784478754E0,8.630718857658E0,-3.55E0));
#1919=CARTESIAN_POINT('',(5.799784478754E0,8.62E0,-3.55E0));
#1921=CARTESIAN_POINT('',(-5.269945292193E0,9.525475131794E0,3.549998398201E0));
#1922=CARTESIAN_POINT('',(-5.325375196240E0,9.437163397998E0,3.549998398201E0));
#1923=CARTESIAN_POINT('',(-5.436531224867E0,9.259169559116E0,3.550000698258E0));
#1924=CARTESIAN_POINT('',(-5.604299022243E0,8.988123074371E0,3.549999958796E0));
#1925=CARTESIAN_POINT('',(-5.716825805601E0,8.804718937210E0,3.549999630636E0));
#1926=CARTESIAN_POINT('',(-5.773272750343E0,8.712350706394E0,3.549999630636E0));
#1928=DIRECTION('',(4.617486132351E-1,-8.870108331782E-1,0.E0));
#1929=VECTOR('',#1928,1.031060311354E0);
#1930=CARTESIAN_POINT('',(6.301311497706E0,9.626911388478E0,0.E0));
#1931=LINE('',#1930,#1929);
#1932=CARTESIAN_POINT('',(5.773278662776E0,8.712334836199E0,3.550001963346E0));
#1933=CARTESIAN_POINT('',(5.716827495448E0,8.804709931053E0,3.550001963346E0));
#1934=CARTESIAN_POINT('',(5.604328349819E0,8.988087366715E0,3.549999125953E0));
#1935=CARTESIAN_POINT('',(5.436540028888E0,9.259167443731E0,3.550000114143E0));
#1936=CARTESIAN_POINT('',(5.325372997029E0,9.437160909108E0,3.550000316363E0));
#1937=CARTESIAN_POINT('',(5.269943427099E0,9.525472060027E0,3.550000316363E0));
#1939=CARTESIAN_POINT('',(0.E0,9.525472300615E0,0.E0));
#1940=DIRECTION('',(0.E0,-1.E0,0.E0));
#1941=DIRECTION('',(8.293746078165E-1,0.E0,5.586929030417E-1));
#1942=AXIS2_PLACEMENT_3D('',#1939,#1940,#1941);
#1944=CARTESIAN_POINT('',(3.549998398055E0,9.525475132046E0,5.269945292338E0));
#1945=CARTESIAN_POINT('',(3.549998398055E0,9.437163397267E0,5.325375196999E0));
#1946=CARTESIAN_POINT('',(3.550000698388E0,9.259169557605E0,5.436531225684E0));
#1947=CARTESIAN_POINT('',(3.549999958560E0,8.988123065473E0,5.604299027657E0));
#1948=CARTESIAN_POINT('',(3.549999631101E0,8.804718935615E0,5.716825805689E0));
#1949=CARTESIAN_POINT('',(3.549999631101E0,8.712350701999E0,5.773272752149E0));
#1951=CARTESIAN_POINT('',(-3.550001963549E0,8.712334834583E0,5.773278663407E0));
#1952=CARTESIAN_POINT('',(-3.550001963549E0,8.804709930008E0,5.716827495727E0));
#1953=CARTESIAN_POINT('',(-3.549999125804E0,8.988087362434E0,5.604328352588E0));
#1954=CARTESIAN_POINT('',(-3.550000114364E0,9.259167444016E0,5.436540028814E0));
#1955=CARTESIAN_POINT('',(-3.550000315949E0,9.437160909096E0,5.325372997954E0));
#1956=CARTESIAN_POINT('',(-3.550000315949E0,9.525472060899E0,5.269943427476E0));
#1958=CARTESIAN_POINT('',(0.E0,9.525472300615E0,0.E0));
#1959=DIRECTION('',(0.E0,-1.E0,0.E0));
#1960=DIRECTION('',(-5.586929030072E-1,0.E0,8.293746078398E-1));
#1961=AXIS2_PLACEMENT_3D('',#1958,#1959,#1960);
#1963=CARTESIAN_POINT('',(0.E0,9.626911388478E0,0.E0));
#1964=DIRECTION('',(0.E0,-1.E0,0.E0));
#1965=DIRECTION('',(1.E0,0.E0,0.E0));
#1966=AXIS2_PLACEMENT_3D('',#1963,#1964,#1965);
#1968=CARTESIAN_POINT('',(0.E0,9.626911388478E0,0.E0));
#1969=DIRECTION('',(0.E0,-1.E0,0.E0));
#1970=DIRECTION('',(-1.E0,0.E0,0.E0));
#1971=AXIS2_PLACEMENT_3D('',#1968,#1969,#1970);
#1973=CARTESIAN_POINT('',(0.E0,9.626911388478E0,0.E0));
#1974=DIRECTION('',(0.E0,1.E0,0.E0));
#1975=DIRECTION('',(-1.E0,0.E0,0.E0));
#1976=AXIS2_PLACEMENT_3D('',#1973,#1974,#1975);
#1978=CARTESIAN_POINT('',(0.E0,9.626911388478E0,0.E0));
#1979=DIRECTION('',(0.E0,1.E0,0.E0));
#1980=DIRECTION('',(1.E0,0.E0,0.E0));
#1981=AXIS2_PLACEMENT_3D('',#1978,#1979,#1980);
#1983=DIRECTION('',(0.E0,1.E0,0.E0));
#1984=VECTOR('',#1983,2.230886115220E-1);
#1985=CARTESIAN_POINT('',(-6.1E0,9.626911388478E0,0.E0));
#1986=LINE('',#1985,#1984);
#1987=DIRECTION('',(0.E0,1.E0,0.E0));
#1988=VECTOR('',#1987,2.230886115220E-1);
#1989=CARTESIAN_POINT('',(6.1E0,9.626911388478E0,0.E0));
#1990=LINE('',#1989,#1988);
#1991=DIRECTION('',(3.898371661138E-6,9.999999999843E-1,-4.024396453391E-6));
#1992=VECTOR('',#1991,3.245248679595E-1);
#1993=CARTESIAN_POINT('',(3.549998398055E0,9.525475132046E0,5.269945292338E0));
#1994=LINE('',#1993,#1992);
#1995=DIRECTION('',(0.E0,1.E0,0.E0));
#1996=VECTOR('',#1995,8.7E-1);
#1997=CARTESIAN_POINT('',(-3.55E0,9.85E0,5.563946441151E0));
#1998=LINE('',#1997,#1996);
#1999=DIRECTION('',(-1.633431576460E-14,-1.E0,0.E0));
#2000=VECTOR('',#1999,8.7E-1);
#2001=CARTESIAN_POINT('',(3.55E0,1.072E1,5.563946441151E0));
#2002=LINE('',#2001,#2000);
#2003=DIRECTION('',(-7.011282466913E-7,-9.999999999994E-1,-8.393435238549E-7));
#2004=VECTOR('',#2003,3.245279391009E-1);
#2005=CARTESIAN_POINT('',(-3.550000088413E0,9.85E0,5.269943699867E0));
#2006=LINE('',#2005,#2004);
#2007=CARTESIAN_POINT('',(-3.55E0,8.62E0,5.799784478754E0));
#2008=CARTESIAN_POINT('',(-3.55E0,8.630693672516E0,5.799784478754E0));
#2009=CARTESIAN_POINT('',(-3.550000261806E0,8.651797999592E0,5.797788466899E0));
#2010=CARTESIAN_POINT('',(-3.549999083677E0,8.682621277804E0,5.789041302765E0));
#2011=CARTESIAN_POINT('',(-3.550001963549E0,8.702583188523E0,5.779237971834E0));
#2012=CARTESIAN_POINT('',(-3.550001963549E0,8.712334834583E0,5.773278663407E0));
#2014=CARTESIAN_POINT('',(0.E0,8.712349722647E0,0.E0));
#2015=DIRECTION('',(0.E0,1.E0,0.E0));
#2016=DIRECTION('',(-5.238001081784E-1,0.E0,8.518412097758E-1));
#2017=AXIS2_PLACEMENT_3D('',#2014,#2015,#2016);
#2019=CARTESIAN_POINT('',(3.549999631101E0,8.712350701999E0,5.773272752149E0));
#2020=CARTESIAN_POINT('',(3.549999631101E0,8.702596486089E0,5.779233629537E0));
#2021=CARTESIAN_POINT('',(3.550000172153E0,8.682674284883E0,5.789016916003E0));
#2022=CARTESIAN_POINT('',(3.549999950813E0,8.651855589602E0,5.797779656254E0));
#2023=CARTESIAN_POINT('',(3.55E0,8.630718852551E0,5.799784478754E0));
#2024=CARTESIAN_POINT('',(3.55E0,8.62E0,5.799784478754E0));
#2026=CARTESIAN_POINT('',(0.E0,8.62E0,0.E0));
#2027=DIRECTION('',(0.E0,-1.E0,0.E0));
#2028=DIRECTION('',(5.220588235294E-1,0.E0,8.529094821697E-1));
#2029=AXIS2_PLACEMENT_3D('',#2026,#2027,#2028);
#2031=DIRECTION('',(-1.016834161937E-13,0.E0,1.E0));
#2032=VECTOR('',#2031,2.358380376031E-1);
#2033=CARTESIAN_POINT('',(-3.55E0,1.072E1,5.563946441151E0));
#2034=LINE('',#2033,#2032);
#2035=CARTESIAN_POINT('',(0.E0,1.072E1,0.E0));
#2036=DIRECTION('',(0.E0,1.E0,0.E0));
#2037=DIRECTION('',(-5.220588235294E-1,0.E0,8.529094821698E-1));
#2038=AXIS2_PLACEMENT_3D('',#2035,#2036,#2037);
#2040=DIRECTION('',(-2.259631470972E-14,0.E0,-1.E0));
#2041=VECTOR('',#2040,2.358380376031E-1);
#2042=CARTESIAN_POINT('',(3.55E0,1.072E1,5.799784478754E0));
#2043=LINE('',#2042,#2041);
#2044=CARTESIAN_POINT('',(0.E0,1.072E1,0.E0));
#2045=DIRECTION('',(0.E0,-1.E0,0.E0));
#2046=DIRECTION('',(5.378787878788E-1,0.E0,8.430221880532E-1));
#2047=AXIS2_PLACEMENT_3D('',#2044,#2045,#2046);
#2049=CARTESIAN_POINT('',(0.E0,7.1E0,0.E0));
#2050=DIRECTION('',(0.E0,1.E0,0.E0));
#2051=DIRECTION('',(1.E0,0.E0,0.E0));
#2052=AXIS2_PLACEMENT_3D('',#2049,#2050,#2051);
#2054=CARTESIAN_POINT('',(0.E0,7.1E0,0.E0));
#2055=DIRECTION('',(0.E0,1.E0,0.E0));
#2056=DIRECTION('',(-1.E0,0.E0,0.E0));
#2057=AXIS2_PLACEMENT_3D('',#2054,#2055,#2056);
#2059=CARTESIAN_POINT('',(0.E0,7.1E0,0.E0));
#2060=DIRECTION('',(0.E0,-1.E0,0.E0));
#2061=DIRECTION('',(1.E0,0.E0,0.E0));
#2062=AXIS2_PLACEMENT_3D('',#2059,#2060,#2061);
#2064=CARTESIAN_POINT('',(0.E0,7.1E0,0.E0));
#2065=DIRECTION('',(0.E0,-1.E0,0.E0));
#2066=DIRECTION('',(-1.E0,0.E0,0.E0));
#2067=AXIS2_PLACEMENT_3D('',#2064,#2065,#2066);
#2069=DIRECTION('',(0.E0,1.E0,0.E0));
#2070=VECTOR('',#2069,3.E-1);
#2071=CARTESIAN_POINT('',(-6.6E0,6.8E0,0.E0));
#2072=LINE('',#2071,#2070);
#2073=DIRECTION('',(0.E0,1.E0,0.E0));
#2074=VECTOR('',#2073,3.E-1);
#2075=CARTESIAN_POINT('',(6.6E0,6.8E0,0.E0));
#2076=LINE('',#2075,#2074);
#2077=CARTESIAN_POINT('',(0.E0,6.8E0,0.E0));
#2078=DIRECTION('',(0.E0,-1.E0,0.E0));
#2079=DIRECTION('',(1.E0,0.E0,0.E0));
#2080=AXIS2_PLACEMENT_3D('',#2077,#2078,#2079);
#2082=CARTESIAN_POINT('',(0.E0,6.8E0,0.E0));
#2083=DIRECTION('',(0.E0,-1.E0,0.E0));
#2084=DIRECTION('',(-1.E0,0.E0,0.E0));
#2085=AXIS2_PLACEMENT_3D('',#2082,#2083,#2084);
#2087=CARTESIAN_POINT('',(0.E0,6.8E0,0.E0));
#2088=DIRECTION('',(0.E0,1.E0,0.E0));
#2089=DIRECTION('',(1.E0,0.E0,0.E0));
#2090=AXIS2_PLACEMENT_3D('',#2087,#2088,#2089);
#2092=CARTESIAN_POINT('',(0.E0,6.8E0,0.E0));
#2093=DIRECTION('',(0.E0,1.E0,0.E0));
#2094=DIRECTION('',(-1.E0,0.E0,0.E0));
#2095=AXIS2_PLACEMENT_3D('',#2092,#2093,#2094);
#2097=DIRECTION('',(1.E0,0.E0,-2.259631470972E-14));
#2098=VECTOR('',#2097,2.358380376031E-1);
#2099=CARTESIAN_POINT('',(-5.799784478754E0,1.072E1,3.55E0));
#2100=LINE('',#2099,#2098);
#2101=CARTESIAN_POINT('',(0.E0,1.072E1,0.E0));
#2102=DIRECTION('',(0.E0,-1.E0,0.E0));
#2103=DIRECTION('',(-8.430221880532E-1,0.E0,5.378787878788E-1));
#2104=AXIS2_PLACEMENT_3D('',#2101,#2102,#2103);
#2106=CARTESIAN_POINT('',(0.E0,1.072E1,0.E0));
#2107=DIRECTION('',(0.E0,-1.E0,0.E0));
#2108=DIRECTION('',(-1.E0,0.E0,0.E0));
#2109=AXIS2_PLACEMENT_3D('',#2106,#2107,#2108);
#2111=DIRECTION('',(-1.E0,0.E0,-9.791736374211E-14));
#2112=VECTOR('',#2111,2.358380376031E-1);
#2113=CARTESIAN_POINT('',(-5.563946441151E0,1.072E1,-3.55E0));
#2114=LINE('',#2113,#2112);
#2115=CARTESIAN_POINT('',(0.E0,1.072E1,0.E0));
#2116=DIRECTION('',(0.E0,1.E0,0.E0));
#2117=DIRECTION('',(-8.529094821698E-1,0.E0,-5.220588235294E-1));
#2118=AXIS2_PLACEMENT_3D('',#2115,#2116,#2117);
#2120=CARTESIAN_POINT('',(0.E0,1.072E1,0.E0));
#2121=DIRECTION('',(0.E0,1.E0,0.E0));
#2122=DIRECTION('',(-1.E0,0.E0,0.E0));
#2123=AXIS2_PLACEMENT_3D('',#2120,#2121,#2122);
#2125=DIRECTION('',(2.447934093553E-14,0.E0,1.E0));
#2126=VECTOR('',#2125,2.358380376031E-1);
#2127=CARTESIAN_POINT('',(-3.55E0,1.072E1,-5.799784478754E0));
#2128=LINE('',#2127,#2126);
#2129=CARTESIAN_POINT('',(0.E0,1.072E1,0.E0));
#2130=DIRECTION('',(0.E0,-1.E0,0.E0));
#2131=DIRECTION('',(-5.378787878788E-1,0.E0,-8.430221880532E-1));
#2132=AXIS2_PLACEMENT_3D('',#2129,#2130,#2131);
#2134=DIRECTION('',(9.791736374211E-14,0.E0,-1.E0));
#2135=VECTOR('',#2134,2.358380376031E-1);
#2136=CARTESIAN_POINT('',(3.55E0,1.072E1,-5.563946441151E0));
#2137=LINE('',#2136,#2135);
#2138=CARTESIAN_POINT('',(0.E0,1.072E1,0.E0));
#2139=DIRECTION('',(0.E0,1.E0,0.E0));
#2140=DIRECTION('',(5.220588235294E-1,0.E0,-8.529094821698E-1));
#2141=AXIS2_PLACEMENT_3D('',#2138,#2139,#2140);
#2143=CARTESIAN_POINT('',(0.E0,1.905E1,0.E0));
#2144=DIRECTION('',(0.E0,-1.E0,0.E0));
#2145=DIRECTION('',(9.998296905208E-1,0.E0,-1.845507932794E-2));
#2146=AXIS2_PLACEMENT_3D('',#2143,#2144,#2145);
#2148=CARTESIAN_POINT('',(3.75E0,1.855E1,-2.595964554430E-10));
#2149=DIRECTION('',(6.922571890722E-11,0.E0,1.E0));
#2150=DIRECTION('',(0.E0,1.E0,0.E0));
#2151=AXIS2_PLACEMENT_3D('',#2148,#2149,#2150);
#2153=CARTESIAN_POINT('',(0.E0,1.855E1,0.E0));
#2154=DIRECTION('',(0.E0,1.E0,0.E0));
#2155=DIRECTION('',(1.E0,0.E0,-1.339207667692E-11));
#2156=AXIS2_PLACEMENT_3D('',#2153,#2154,#2155);
#2158=CARTESIAN_POINT('',(0.E0,1.855E1,0.E0));
#2159=DIRECTION('',(0.E0,1.E0,0.E0));
#2160=DIRECTION('',(9.998296905208E-1,0.E0,-1.845507932794E-2));
#2161=AXIS2_PLACEMENT_3D('',#2158,#2159,#2160);
#2163=DIRECTION('',(0.E0,1.016834161937E-13,1.E0));
#2164=VECTOR('',#2163,2.358380376031E-1);
#2165=CARTESIAN_POINT('',(1.072E1,3.55E0,5.563946441151E0));
#2166=LINE('',#2165,#2164);
#2167=CARTESIAN_POINT('',(1.072E1,0.E0,0.E0));
#2168=DIRECTION('',(1.E0,0.E0,0.E0));
#2169=DIRECTION('',(0.E0,5.220588235294E-1,8.529094821698E-1));
#2170=AXIS2_PLACEMENT_3D('',#2167,#2168,#2169);
#2172=DIRECTION('',(0.E0,2.259631470972E-14,-1.E0));
#2173=VECTOR('',#2172,2.358380376031E-1);
#2174=CARTESIAN_POINT('',(1.072E1,-3.55E0,5.799784478754E0));
#2175=LINE('',#2174,#2173);
#2176=CARTESIAN_POINT('',(1.072E1,0.E0,0.E0));
#2177=DIRECTION('',(-1.E0,0.E0,0.E0));
#2178=DIRECTION('',(0.E0,-5.378787878788E-1,8.430221880532E-1));
#2179=AXIS2_PLACEMENT_3D('',#2176,#2177,#2178);
#2181=DIRECTION('',(4.340390473966E-13,2.462459435366E-6,9.999999999970E-1));
#2182=VECTOR('',#2181,2.455571935366E-1);
#2183=CARTESIAN_POINT('',(9.626911388478E0,3.55E0,4.960594722410E0));
#2184=LINE('',#2183,#2182);
#2185=DIRECTION('',(1.E0,7.166305552547E-14,0.E0));
#2186=VECTOR('',#2185,2.230886115220E-1);
#2187=CARTESIAN_POINT('',(9.626911388478E0,3.55E0,4.960594722410E0));
#2188=LINE('',#2187,#2186);
#2189=DIRECTION('',(-1.E0,0.E0,3.583152776274E-14));
#2190=VECTOR('',#2189,2.230886115220E-1);
#2191=CARTESIAN_POINT('',(9.85E0,-3.55E0,4.960594722410E0));
#2192=LINE('',#2191,#2190);
#2193=DIRECTION('',(0.E0,1.611921105654E-13,1.E0));
#2194=VECTOR('',#2193,6.033517187412E-1);
#2195=CARTESIAN_POINT('',(9.85E0,3.55E0,4.960594722410E0));
#2196=LINE('',#2195,#2194);
#2197=CARTESIAN_POINT('',(9.85E0,0.E0,0.E0));
#2198=DIRECTION('',(1.E0,0.E0,0.E0));
#2199=DIRECTION('',(0.E0,5.378787878788E-1,8.430221880532E-1));
#2200=AXIS2_PLACEMENT_3D('',#2197,#2198,#2199);
#2202=DIRECTION('',(0.E0,1.619281475999E-13,-1.E0));
#2203=VECTOR('',#2202,6.033517187413E-1);
#2204=CARTESIAN_POINT('',(9.85E0,-3.55E0,5.563946441151E0));
#2205=LINE('',#2204,#2203);
#2206=CARTESIAN_POINT('',(9.85E0,0.E0,0.E0));
#2207=DIRECTION('',(-1.E0,0.E0,0.E0));
#2208=DIRECTION('',(0.E0,-5.819672131148E-1,8.132122495754E-1));
#2209=AXIS2_PLACEMENT_3D('',#2206,#2207,#2208);
#2211=DIRECTION('',(1.E0,0.E0,0.E0));
#2212=VECTOR('',#2211,8.7E-1);
#2213=CARTESIAN_POINT('',(9.85E0,3.55E0,5.563946441151E0));
#2214=LINE('',#2213,#2212);
#2215=DIRECTION('',(-1.E0,-2.756415785276E-14,-1.429252629403E-14));
#2216=VECTOR('',#2215,8.7E-1);
#2217=CARTESIAN_POINT('',(1.072E1,-3.55E0,5.563946441151E0));
#2218=LINE('',#2217,#2216);
#2219=DIRECTION('',(-4.340285303399E-13,-1.168088736866E-5,-9.999999999318E-1));
#2220=VECTOR('',#2219,2.455631436960E-1);
#2221=CARTESIAN_POINT('',(9.626911388478E0,-3.549997131605E0,5.206157866089E0));
#2222=LINE('',#2221,#2220);
#2223=CARTESIAN_POINT('',(8.62E0,3.55E0,5.799784478754E0));
#2224=CARTESIAN_POINT('',(8.630682417567E0,3.55E0,5.799784478754E0));
#2225=CARTESIAN_POINT('',(8.651772240447E0,3.550000384264E0,5.797792395847E0));
#2226=CARTESIAN_POINT('',(8.682597303377E0,3.549998655075E0,5.789052245458E0));
#2227=CARTESIAN_POINT('',(8.702577006694E0,3.550002881982E0,5.779240209182E0));
#2228=CARTESIAN_POINT('',(8.712328053559E0,3.550002881982E0,5.773281266374E0));
#2230=CARTESIAN_POINT('',(8.712349722647E0,0.E0,0.E0));
#2231=DIRECTION('',(1.E0,0.E0,0.E0));
#2232=DIRECTION('',(0.E0,5.238003858573E-1,8.518410390300E-1));
#2233=AXIS2_PLACEMENT_3D('',#2230,#2231,#2232);
#2235=CARTESIAN_POINT('',(8.712351111286E0,-3.549999462316E0,5.773272697012E0));
#2236=CARTESIAN_POINT('',(8.702598433818E0,-3.549999462316E0,5.779232634117E0));
#2237=CARTESIAN_POINT('',(8.682679670252E0,-3.550000250919E0,5.789014569414E0));
#2238=CARTESIAN_POINT('',(8.651861729580E0,-3.549999928309E0,5.797778660901E0));
#2239=CARTESIAN_POINT('',(8.630721506257E0,-3.55E0,5.799784478754E0));
#2240=CARTESIAN_POINT('',(8.62E0,-3.55E0,5.799784478754E0));
#2242=CARTESIAN_POINT('',(8.62E0,0.E0,0.E0));
#2243=DIRECTION('',(-1.E0,0.E0,0.E0));
#2244=DIRECTION('',(0.E0,-5.220588235294E-1,8.529094821697E-1));
#2245=AXIS2_PLACEMENT_3D('',#2242,#2243,#2244);
#2247=CARTESIAN_POINT('',(8.712328053559E0,3.550002881982E0,5.773281266374E0));
#2248=CARTESIAN_POINT('',(8.816528769412E0,3.550002881982E0,5.709603353674E0));
#2249=CARTESIAN_POINT('',(9.023178346290E0,3.549998735698E0,5.582767385298E0));
#2250=CARTESIAN_POINT('',(9.328091571814E0,3.550000102083E0,5.393708470030E0));
#2251=CARTESIAN_POINT('',(9.527887877218E0,3.550000604675E0,5.268543943338E0));
#2252=CARTESIAN_POINT('',(9.626911388478E0,3.550000604675E0,5.206151915946E0));
#2254=CARTESIAN_POINT('',(9.626911388478E0,-3.549997131605E0,5.206157866089E0));
#2255=CARTESIAN_POINT('',(9.527887298043E0,-3.549997131605E0,5.268550203834E0));
#2256=CARTESIAN_POINT('',(9.328078582825E0,-3.550001266893E0,5.393705353594E0));
#2257=CARTESIAN_POINT('',(9.023225878357E0,-3.549999868467E0,5.582727356394E0));
#2258=CARTESIAN_POINT('',(8.816539941526E0,-3.549999462316E0,5.709602094012E0));
#2259=CARTESIAN_POINT('',(8.712351111286E0,-3.549999462316E0,5.773272697012E0));
#2261=CARTESIAN_POINT('',(9.626911388478E0,0.E0,0.E0));
#2262=DIRECTION('',(1.E0,0.E0,0.E0));
#2263=DIRECTION('',(0.E0,5.819672131147E-1,8.132122495754E-1));
#2264=AXIS2_PLACEMENT_3D('',#2261,#2262,#2263);
#2266=CARTESIAN_POINT('',(9.626911388478E0,0.E0,0.E0));
#2267=DIRECTION('',(-1.E0,0.E0,0.E0));
#2268=DIRECTION('',(0.E0,-5.633743365682E-1,8.262017652465E-1));
#2269=AXIS2_PLACEMENT_3D('',#2266,#2267,#2268);
#2271=DIRECTION('',(4.340390473899E-13,-2.462450929972E-6,-9.999999999970E-1));
#2272=VECTOR('',#2271,2.455571935404E-1);
#2273=CARTESIAN_POINT('',(9.626911388478E0,-3.55E0,-4.960594722410E0));
#2274=LINE('',#2273,#2272);
#2275=DIRECTION('',(0.E0,-1.626641846345E-13,1.E0));
#2276=VECTOR('',#2275,6.033517187413E-1);
#2277=CARTESIAN_POINT('',(9.85E0,3.55E0,-5.563946441151E0));
#2278=LINE('',#2277,#2276);
#2279=CARTESIAN_POINT('',(9.85E0,0.E0,0.E0));
#2280=DIRECTION('',(-1.E0,0.E0,0.E0));
#2281=DIRECTION('',(0.E0,5.819672131148E-1,-8.132122495754E-1));
#2282=AXIS2_PLACEMENT_3D('',#2279,#2280,#2281);
#2284=DIRECTION('',(0.E0,-1.619281475999E-13,-1.E0));
#2285=VECTOR('',#2284,6.033517187412E-1);
#2286=CARTESIAN_POINT('',(9.85E0,-3.55E0,-4.960594722410E0));
#2287=LINE('',#2286,#2285);
#2288=CARTESIAN_POINT('',(9.85E0,0.E0,0.E0));
#2289=DIRECTION('',(1.E0,0.E0,0.E0));
#2290=DIRECTION('',(0.E0,-5.378787878788E-1,-8.430221880532E-1));
#2291=AXIS2_PLACEMENT_3D('',#2288,#2289,#2290);
#2293=DIRECTION('',(-4.340285302927E-13,1.168094902295E-5,9.999999999318E-1));
#2294=VECTOR('',#2293,2.455631437227E-1);
#2295=CARTESIAN_POINT('',(9.626911388478E0,3.549997131589E0,-5.206157866116E0));
#2296=LINE('',#2295,#2294);
#2297=DIRECTION('',(-1.E0,2.807460522041E-14,1.429252629403E-14));
#2298=VECTOR('',#2297,8.7E-1);
#2299=CARTESIAN_POINT('',(1.072E1,3.55E0,-5.563946441151E0));
#2300=LINE('',#2299,#2298);
#2301=DIRECTION('',(1.E0,0.E0,0.E0));
#2302=VECTOR('',#2301,8.7E-1);
#2303=CARTESIAN_POINT('',(9.85E0,-3.55E0,-5.563946441151E0));
#2304=LINE('',#2303,#2302);
#2305=DIRECTION('',(0.E0,-2.447934093553E-14,1.E0));
#2306=VECTOR('',#2305,2.358380376031E-1);
#2307=CARTESIAN_POINT('',(1.072E1,3.55E0,-5.799784478754E0));
#2308=LINE('',#2307,#2306);
#2309=CARTESIAN_POINT('',(1.072E1,0.E0,0.E0));
#2310=DIRECTION('',(-1.E0,0.E0,0.E0));
#2311=DIRECTION('',(0.E0,5.378787878788E-1,-8.430221880532E-1));
#2312=AXIS2_PLACEMENT_3D('',#2309,#2310,#2311);
#2314=DIRECTION('',(0.E0,-9.791736374211E-14,-1.E0));
#2315=VECTOR('',#2314,2.358380376031E-1);
#2316=CARTESIAN_POINT('',(1.072E1,-3.55E0,-5.563946441151E0));
#2317=LINE('',#2316,#2315);
#2318=CARTESIAN_POINT('',(1.072E1,0.E0,0.E0));
#2319=DIRECTION('',(1.E0,0.E0,0.E0));
#2320=DIRECTION('',(0.E0,-5.220588235294E-1,-8.529094821698E-1));
#2321=AXIS2_PLACEMENT_3D('',#2318,#2319,#2320);
#2323=CARTESIAN_POINT('',(8.712351111062E0,3.549999462339E0,-5.773272697104E0));
#2324=CARTESIAN_POINT('',(8.702598433709E0,3.549999462339E0,-5.779232634139E0));
#2325=CARTESIAN_POINT('',(8.682679669698E0,3.550000250908E0,-5.789014569674E0));
#2326=CARTESIAN_POINT('',(8.651861729E0,3.549999928312E0,-5.797778660988E0));
#2327=CARTESIAN_POINT('',(8.630721506002E0,3.55E0,-5.799784478754E0));
#2328=CARTESIAN_POINT('',(8.62E0,3.55E0,-5.799784478754E0));
#2330=CARTESIAN_POINT('',(8.62E0,0.E0,0.E0));
#2331=DIRECTION('',(-1.E0,0.E0,0.E0));
#2332=DIRECTION('',(0.E0,5.220588235294E-1,-8.529094821697E-1));
#2333=AXIS2_PLACEMENT_3D('',#2330,#2331,#2332);
#2335=CARTESIAN_POINT('',(8.62E0,-3.55E0,-5.799784478754E0));
#2336=CARTESIAN_POINT('',(8.630682417595E0,-3.55E0,-5.799784478754E0));
#2337=CARTESIAN_POINT('',(8.651772240512E0,-3.550000384264E0,
-5.797792395836E0));
#2338=CARTESIAN_POINT('',(8.682597303437E0,-3.549998655076E0,
-5.789052245430E0));
#2339=CARTESIAN_POINT('',(8.702577006711E0,-3.550002881980E0,
-5.779240209176E0));
#2340=CARTESIAN_POINT('',(8.712328053573E0,-3.550002881980E0,
-5.773281266368E0));
#2342=CARTESIAN_POINT('',(8.712349722647E0,0.E0,0.E0));
#2343=DIRECTION('',(1.E0,0.E0,0.E0));
#2344=DIRECTION('',(0.E0,-5.238003858567E-1,-8.518410390304E-1));
#2345=AXIS2_PLACEMENT_3D('',#2342,#2343,#2344);
#2347=CARTESIAN_POINT('',(9.626911388478E0,3.549997131589E0,-5.206157866116E0));
#2348=CARTESIAN_POINT('',(9.527887298001E0,3.549997131589E0,-5.268550203887E0));
#2349=CARTESIAN_POINT('',(9.328078582712E0,3.550001266903E0,-5.393705353665E0));
#2350=CARTESIAN_POINT('',(9.023225877913E0,3.549999868454E0,-5.582727356671E0));
#2351=CARTESIAN_POINT('',(8.816539941447E0,3.549999462339E0,-5.709602094015E0));
#2352=CARTESIAN_POINT('',(8.712351111062E0,3.549999462339E0,-5.773272697104E0));
#2354=CARTESIAN_POINT('',(8.712328053573E0,-3.550002881980E0,
-5.773281266368E0));
#2355=CARTESIAN_POINT('',(8.816528769428E0,-3.550002881980E0,
-5.709603353668E0));
#2356=CARTESIAN_POINT('',(9.023178346345E0,-3.549998735699E0,
-5.582767385269E0));
#2357=CARTESIAN_POINT('',(9.328091571830E0,-3.550000102083E0,
-5.393708470024E0));
#2358=CARTESIAN_POINT('',(9.527887877225E0,-3.550000604673E0,
-5.268543943337E0));
#2359=CARTESIAN_POINT('',(9.626911388478E0,-3.550000604673E0,
-5.206151915949E0));
#2361=CARTESIAN_POINT('',(9.626911388478E0,0.E0,0.E0));
#2362=DIRECTION('',(-1.E0,0.E0,0.E0));
#2363=DIRECTION('',(0.E0,5.633743365657E-1,-8.262017652482E-1));
#2364=AXIS2_PLACEMENT_3D('',#2361,#2362,#2363);
#2366=CARTESIAN_POINT('',(9.626911388478E0,0.E0,0.E0));
#2367=DIRECTION('',(1.E0,0.E0,0.E0));
#2368=DIRECTION('',(0.E0,-5.819672131148E-1,-8.132122495754E-1));
#2369=AXIS2_PLACEMENT_3D('',#2366,#2367,#2368);
#2371=DIRECTION('',(-1.E0,0.E0,-2.388768517516E-14));
#2372=VECTOR('',#2371,2.230886115220E-1);
#2373=CARTESIAN_POINT('',(9.85E0,3.55E0,-4.960594722410E0));
#2374=LINE('',#2373,#2372);
#2375=DIRECTION('',(1.E0,3.563246371961E-13,-2.388768517516E-13));
#2376=VECTOR('',#2375,2.230886115220E-1);
#2377=CARTESIAN_POINT('',(9.626911388478E0,-3.55E0,-4.960594722410E0));
#2378=LINE('',#2377,#2376);
#2379=DIRECTION('',(1.E0,0.E0,0.E0));
#2380=VECTOR('',#2379,3.E-1);
#2381=CARTESIAN_POINT('',(6.8E0,6.6E0,0.E0));
#2382=LINE('',#2381,#2380);
#2383=CARTESIAN_POINT('',(0.E0,6.E0,0.E0));
#2384=DIRECTION('',(0.E0,1.E0,0.E0));
#2385=DIRECTION('',(9.090909090909E-1,0.E0,-4.165977904505E-1));
#2386=AXIS2_PLACEMENT_3D('',#2383,#2384,#2385);
#2388=CARTESIAN_POINT('',(0.E0,6.E0,0.E0));
#2389=DIRECTION('',(0.E0,1.E0,0.E0));
#2390=DIRECTION('',(-1.087730577646E-3,0.E0,-9.999994084209E-1));
#2391=AXIS2_PLACEMENT_3D('',#2388,#2389,#2390);
#2393=CARTESIAN_POINT('',(0.E0,6.E0,0.E0));
#2394=DIRECTION('',(0.E0,1.E0,0.E0));
#2395=DIRECTION('',(1.087730577645E-3,0.E0,9.999994084209E-1));
#2396=AXIS2_PLACEMENT_3D('',#2393,#2394,#2395);
#2398=DIRECTION('',(0.E0,0.E0,-1.E0));
#2399=VECTOR('',#2398,9.995454169735E-1);
#2400=CARTESIAN_POINT('',(6.E0,6.E0,2.749545416974E0));
#2401=LINE('',#2400,#2399);
#2402=CARTESIAN_POINT('',(0.E0,6.E0,0.E0));
#2403=DIRECTION('',(0.E0,-1.E0,0.E0));
#2404=DIRECTION('',(9.6E-1,0.E0,2.8E-1));
#2405=AXIS2_PLACEMENT_3D('',#2402,#2403,#2404);
#2407=CARTESIAN_POINT('',(0.E0,6.E0,0.E0));
#2408=DIRECTION('',(0.E0,-1.E0,0.E0));
#2409=DIRECTION('',(-1.E0,0.E0,0.E0));
#2410=AXIS2_PLACEMENT_3D('',#2407,#2408,#2409);
#2412=DIRECTION('',(0.E0,0.E0,-1.E0));
#2413=VECTOR('',#2412,9.995454169735E-1);
#2414=CARTESIAN_POINT('',(6.E0,6.E0,-1.75E0));
#2415=LINE('',#2414,#2413);
#2416=CARTESIAN_POINT('',(0.E0,5.E0,0.E0));
#2417=DIRECTION('',(0.E0,-1.E0,0.E0));
#2418=DIRECTION('',(9.523809523810E-1,0.E0,3.049106779730E-1));
#2419=AXIS2_PLACEMENT_3D('',#2416,#2417,#2418);
#2421=CARTESIAN_POINT('',(0.E0,5.E0,0.E0));
#2422=DIRECTION('',(0.E0,-1.E0,0.E0));
#2423=DIRECTION('',(-1.E0,0.E0,0.E0));
#2424=AXIS2_PLACEMENT_3D('',#2421,#2422,#2423);
#2426=CARTESIAN_POINT('',(5.E0,5.E0,-1.600781059358E0));
#2427=CARTESIAN_POINT('',(5.032220540883E0,5.032220540883E0,-1.500140997763E0));
#2428=CARTESIAN_POINT('',(5.091869175611E0,5.091868207076E0,-1.303078053718E0));
#2429=CARTESIAN_POINT('',(5.165902797606E0,5.165906533706E0,-1.020173321217E0));
#2430=CARTESIAN_POINT('',(5.204637228875E0,5.204637228875E0,
-8.387417456546E-1));
#2431=CARTESIAN_POINT('',(5.221173328269E0,5.221173328269E0,-7.5E-1));
#2433=CARTESIAN_POINT('',(5.221173328269E0,5.221173328269E0,-7.5E-1));
#2434=CARTESIAN_POINT('',(5.237929573590E0,5.294307100501E0,-7.5E-1));
#2435=CARTESIAN_POINT('',(5.286721571408E0,5.433243319610E0,-7.5E-1));
#2436=CARTESIAN_POINT('',(5.406761184861E0,5.624909462612E0,-7.5E-1));
#2437=CARTESIAN_POINT('',(5.566683400486E0,5.784973507160E0,-7.5E-1));
#2438=CARTESIAN_POINT('',(5.758698623410E0,5.905835561869E0,-7.5E-1));
#2439=CARTESIAN_POINT('',(5.899091153059E0,5.955845972051E0,-7.5E-1));
#2440=CARTESIAN_POINT('',(5.973218986044E0,5.973218986044E0,-7.5E-1));
#2442=CARTESIAN_POINT('',(5.973218986044E0,5.973218986044E0,-7.5E-1));
#2443=CARTESIAN_POINT('',(5.977174115292E0,5.977174115292E0,
-8.529047512245E-1));
#2444=CARTESIAN_POINT('',(5.985676886338E0,5.985681589402E0,-1.063540970815E0));
#2445=CARTESIAN_POINT('',(5.996610452774E0,5.996608223751E0,-1.395782208281E0));
#2446=CARTESIAN_POINT('',(6.E0,6.E0,-1.629742157989E0));
#2447=CARTESIAN_POINT('',(6.E0,6.E0,-1.75E0));
#2449=CARTESIAN_POINT('',(6.E0,6.E0,1.75E0));
#2450=CARTESIAN_POINT('',(6.E0,6.E0,1.629908116250E0));
#2451=CARTESIAN_POINT('',(5.996620393214E0,5.996618150454E0,1.396160028425E0));
#2452=CARTESIAN_POINT('',(5.985680934688E0,5.985685428264E0,1.063615134106E0));
#2453=CARTESIAN_POINT('',(5.977175290340E0,5.977175290340E0,8.529353236986E-1));
#2454=CARTESIAN_POINT('',(5.973218986044E0,5.973218986044E0,7.5E-1));
#2456=CARTESIAN_POINT('',(5.973218986044E0,5.973218986044E0,7.5E-1));
#2457=CARTESIAN_POINT('',(5.899178702557E0,5.955866490641E0,7.5E-1));
#2458=CARTESIAN_POINT('',(5.758821965583E0,5.905901149229E0,7.5E-1));
#2459=CARTESIAN_POINT('',(5.566478393293E0,5.784886922207E0,7.5E-1));
#2460=CARTESIAN_POINT('',(5.406003082874E0,5.624027272967E0,7.5E-1));
#2461=CARTESIAN_POINT('',(5.286293863403E0,5.432255591116E0,7.5E-1));
#2462=CARTESIAN_POINT('',(5.237828105200E0,5.293864234811E0,7.5E-1));
#2463=CARTESIAN_POINT('',(5.221173328269E0,5.221173328269E0,7.5E-1));
#2465=CARTESIAN_POINT('',(5.221173328269E0,5.221173328269E0,7.5E-1));
#2466=CARTESIAN_POINT('',(5.204648564496E0,5.204648564496E0,8.386809125176E-1));
#2467=CARTESIAN_POINT('',(5.165933312935E0,5.165937130735E0,1.020029702201E0));
#2468=CARTESIAN_POINT('',(5.091980259220E0,5.091979495029E0,1.302685775155E0));
#2469=CARTESIAN_POINT('',(5.032273704199E0,5.032273704199E0,1.499974943460E0));
#2470=CARTESIAN_POINT('',(5.E0,5.E0,1.600781059358E0));
#2472=DIRECTION('',(0.E0,2.194085646878E-13,1.E0));
#2473=VECTOR('',#2472,3.137244328848E-1);
#2474=CARTESIAN_POINT('',(2.5E0,2.2E0,-3.95E0));
#2475=LINE('',#2474,#2473);
#2476=CARTESIAN_POINT('',(2.412170137183E0,2.412104190489E0,-3.499143587382E0));
#2477=CARTESIAN_POINT('',(2.394029504444E0,2.430251142169E0,-3.511649061841E0));
#2478=CARTESIAN_POINT('',(2.353204823880E0,2.461967318388E0,-3.539373513168E0));
#2479=CARTESIAN_POINT('',(2.278594218080E0,2.493188111905E0,-3.587952970211E0));
#2480=CARTESIAN_POINT('',(2.226402158032E0,2.5E0,-3.620301874638E0));
#2481=CARTESIAN_POINT('',(2.2E0,2.5E0,-3.636275567115E0));
#2483=DIRECTION('',(-1.981754777826E-13,0.E0,-1.E0));
#2484=VECTOR('',#2483,3.137244328848E-1);
#2485=CARTESIAN_POINT('',(2.2E0,2.5E0,-3.636275567115E0));
#2486=LINE('',#2485,#2484);
#2487=CARTESIAN_POINT('',(2.2E0,2.2E0,-3.95E0));
#2488=DIRECTION('',(0.E0,0.E0,1.E0));
#2489=DIRECTION('',(1.E0,8.289665250535E-14,0.E0));
#2490=AXIS2_PLACEMENT_3D('',#2487,#2488,#2489);
#2492=CARTESIAN_POINT('',(2.2E0,2.2E0,-3.95E0));
#2493=DIRECTION('',(-1.E0,0.E0,0.E0));
#2494=DIRECTION('',(0.E0,1.E0,3.404683942184E-14));
#2495=AXIS2_PLACEMENT_3D('',#2492,#2493,#2494);
#2497=CARTESIAN_POINT('',(2.2E0,2.2E0,-3.95E0));
#2498=DIRECTION('',(0.E0,-1.E0,0.E0));
#2499=DIRECTION('',(0.E0,0.E0,-1.E0));
#2500=AXIS2_PLACEMENT_3D('',#2497,#2498,#2499);
#2502=DIRECTION('',(1.E0,0.E0,0.E0));
#2503=VECTOR('',#2502,2.2E0);
#2504=CARTESIAN_POINT('',(0.E0,2.2E0,-4.25E0));
#2505=LINE('',#2504,#2503);
#2506=DIRECTION('',(-1.E0,0.E0,4.429913746578E-14));
#2507=VECTOR('',#2506,6.315612858640E-1);
#2508=CARTESIAN_POINT('',(2.2E0,2.5E0,-3.95E0));
#2509=LINE('',#2508,#2507);
#2510=CARTESIAN_POINT('',(0.E0,2.5E0,0.E0));
#2511=DIRECTION('',(0.E0,1.E0,0.E0));
#2512=DIRECTION('',(5.176470588235E-1,0.E0,-8.555942510860E-1));
#2513=AXIS2_PLACEMENT_3D('',#2510,#2511,#2512);
#2515=DIRECTION('',(-1.E0,0.E0,-1.346876256771E-14));
#2516=VECTOR('',#2515,1.681561285864E0);
#2517=CARTESIAN_POINT('',(-1.568438714136E0,2.5E0,-3.95E0));
#2518=LINE('',#2517,#2516);
#2519=DIRECTION('',(1.E0,0.E0,0.E0));
#2520=VECTOR('',#2519,3.249999999968E0);
#2521=CARTESIAN_POINT('',(-3.249999999968E0,2.2E0,-4.25E0));
#2522=LINE('',#2521,#2520);
#2523=CARTESIAN_POINT('',(-3.25E0,2.2E0,-3.25E0));
#2524=DIRECTION('',(0.E0,-1.E0,0.E0));
#2525=DIRECTION('',(-1.E0,0.E0,1.161062357369E-10));
#2526=AXIS2_PLACEMENT_3D('',#2523,#2524,#2525);
#2528=CARTESIAN_POINT('',(-3.25E0,2.2E0,-3.95E0));
#2529=DIRECTION('',(1.E0,0.E0,0.E0));
#2530=DIRECTION('',(0.E0,0.E0,-1.E0));
#2531=AXIS2_PLACEMENT_3D('',#2528,#2529,#2530);
#2533=CARTESIAN_POINT('',(-3.95E0,2.2E0,-3.25E0));
#2534=DIRECTION('',(0.E0,0.E0,1.E0));
#2535=DIRECTION('',(-1.318405682404E-6,9.999999999991E-1,0.E0));
#2536=AXIS2_PLACEMENT_3D('',#2533,#2534,#2535);
#2538=DIRECTION('',(0.E0,-1.E0,-1.315816142913E-11));
#2539=VECTOR('',#2538,2.199999999999E0);
#2540=CARTESIAN_POINT('',(-4.25E0,2.2E0,-3.249999999927E0));
#2541=LINE('',#2540,#2539);
#2542=DIRECTION('',(1.459680861031E-11,1.E0,0.E0));
#2543=VECTOR('',#2542,2.2E0);
#2544=CARTESIAN_POINT('',(-3.25E0,0.E0,-4.25E0));
#2545=LINE('',#2544,#2543);
#2546=CARTESIAN_POINT('',(-3.25E0,0.E0,-3.25E0));
#2547=DIRECTION('',(0.E0,1.E0,0.E0));
#2548=DIRECTION('',(0.E0,0.E0,-1.E0));
#2549=AXIS2_PLACEMENT_3D('',#2546,#2547,#2548);
#2551=CARTESIAN_POINT('',(0.E0,0.E0,-3.25E0));
#2552=DIRECTION('',(0.E0,0.E0,1.E0));
#2553=DIRECTION('',(-1.E0,3.336334612773E-13,0.E0));
#2554=AXIS2_PLACEMENT_3D('',#2551,#2552,#2553);
#2556=CARTESIAN_POINT('',(0.E0,-3.25E0,-3.25E0));
#2557=DIRECTION('',(1.E0,0.E0,0.E0));
#2558=DIRECTION('',(0.E0,-1.E0,1.158917406485E-10));
#2559=AXIS2_PLACEMENT_3D('',#2556,#2557,#2558);
#2561=DIRECTION('',(3.325938616451E-14,0.E0,-1.E0));
#2562=VECTOR('',#2561,6.499999999892E0);
#2563=CARTESIAN_POINT('',(1.175791992106E-12,-4.25E0,3.249999999935E0));
#2564=LINE('',#2563,#2562);
#2565=DIRECTION('',(0.E0,1.900643104466E-14,1.E0));
#2566=VECTOR('',#2565,6.499999999913E0);
#2567=CARTESIAN_POINT('',(-4.25E0,6.477232089863E-13,-3.249999999956E0));
#2568=LINE('',#2567,#2566);
#2569=CARTESIAN_POINT('',(0.E0,-3.25E0,3.25E0));
#2570=DIRECTION('',(1.E0,0.E0,0.E0));
#2571=DIRECTION('',(0.E0,0.E0,1.E0));
#2572=AXIS2_PLACEMENT_3D('',#2569,#2570,#2571);
#2574=CARTESIAN_POINT('',(0.E0,0.E0,3.25E0));
#2575=DIRECTION('',(0.E0,0.E0,-1.E0));
#2576=DIRECTION('',(6.037776283762E-13,-1.E0,0.E0));
#2577=AXIS2_PLACEMENT_3D('',#2574,#2575,#2576);
#2579=CARTESIAN_POINT('',(-3.25E0,0.E0,3.25E0));
#2580=DIRECTION('',(0.E0,1.E0,0.E0));
#2581=DIRECTION('',(-1.E0,0.E0,-1.158917406485E-10));
#2582=AXIS2_PLACEMENT_3D('',#2579,#2580,#2581);
#2584=DIRECTION('',(-1.E0,0.E0,1.953608991751E-11));
#2585=VECTOR('',#2584,2.199999999999E0);
#2586=CARTESIAN_POINT('',(2.2E0,-4.25E0,3.249999999892E0));
#2587=LINE('',#2586,#2585);
#2588=DIRECTION('',(1.E0,2.973702092649E-11,0.E0));
#2589=VECTOR('',#2588,2.2E0);
#2590=CARTESIAN_POINT('',(0.E0,-3.25E0,4.25E0));
#2591=LINE('',#2590,#2589);
#2592=CARTESIAN_POINT('',(2.2E0,-3.95E0,3.25E0));
#2593=DIRECTION('',(0.E0,0.E0,-1.E0));
#2594=DIRECTION('',(1.E0,0.E0,0.E0));
#2595=AXIS2_PLACEMENT_3D('',#2592,#2593,#2594);
#2597=CARTESIAN_POINT('',(2.2E0,-3.25E0,3.25E0));
#2598=DIRECTION('',(-1.E0,0.E0,0.E0));
#2599=DIRECTION('',(0.E0,-1.E0,-1.720414921635E-10));
#2600=AXIS2_PLACEMENT_3D('',#2597,#2598,#2599);
#2602=CARTESIAN_POINT('',(2.2E0,-3.25E0,3.95E0));
#2603=DIRECTION('',(0.E0,1.E0,0.E0));
#2604=DIRECTION('',(0.E0,0.E0,1.E0));
#2605=AXIS2_PLACEMENT_3D('',#2602,#2603,#2604);
#2607=DIRECTION('',(-1.457460414980E-11,-1.E0,0.E0));
#2608=VECTOR('',#2607,2.200000000002E0);
#2609=CARTESIAN_POINT('',(-3.249999999968E0,2.2E0,4.25E0));
#2610=LINE('',#2609,#2608);
#2611=DIRECTION('',(0.E0,1.E0,-1.315715213547E-11));
#2612=VECTOR('',#2611,2.199999999999E0);
#2613=CARTESIAN_POINT('',(-4.25E0,7.712650107749E-13,3.249999999957E0));
#2614=LINE('',#2613,#2612);
#2615=CARTESIAN_POINT('',(-3.25E0,2.2E0,3.25E0));
#2616=DIRECTION('',(0.E0,-1.E0,0.E0));
#2617=DIRECTION('',(0.E0,0.E0,1.E0));
#2618=AXIS2_PLACEMENT_3D('',#2615,#2616,#2617);
#2620=CARTESIAN_POINT('',(-3.95E0,2.2E0,3.25E0));
#2621=DIRECTION('',(0.E0,0.E0,-1.E0));
#2622=DIRECTION('',(-1.E0,0.E0,0.E0));
#2623=AXIS2_PLACEMENT_3D('',#2620,#2621,#2622);
#2625=CARTESIAN_POINT('',(-3.25E0,2.2E0,3.95E0));
#2626=DIRECTION('',(1.E0,0.E0,0.E0));
#2627=DIRECTION('',(0.E0,1.E0,-2.960594732334E-14));
#2628=AXIS2_PLACEMENT_3D('',#2625,#2626,#2627);
#2630=DIRECTION('',(-1.E0,-1.457460414980E-11,0.E0));
#2631=VECTOR('',#2630,2.200000000002E0);
#2632=CARTESIAN_POINT('',(2.2E0,-3.249999999968E0,-4.25E0));
#2633=LINE('',#2632,#2631);
#2634=DIRECTION('',(1.E0,0.E0,1.315715213548E-11));
#2635=VECTOR('',#2634,2.199999999999E0);
#2636=CARTESIAN_POINT('',(1.391978002171E-12,-4.25E0,-3.249999999957E0));
#2637=LINE('',#2636,#2635);
#2638=CARTESIAN_POINT('',(2.2E0,-3.25E0,-3.25E0));
#2639=DIRECTION('',(-1.E0,0.E0,0.E0));
#2640=DIRECTION('',(0.E0,0.E0,-1.E0));
#2641=AXIS2_PLACEMENT_3D('',#2638,#2639,#2640);
#2643=CARTESIAN_POINT('',(2.2E0,-3.95E0,-3.25E0));
#2644=DIRECTION('',(0.E0,0.E0,1.E0));
#2645=DIRECTION('',(0.E0,-1.E0,0.E0));
#2646=AXIS2_PLACEMENT_3D('',#2643,#2644,#2645);
#2648=CARTESIAN_POINT('',(2.2E0,-3.25E0,-3.95E0));
#2649=DIRECTION('',(0.E0,1.E0,0.E0));
#2650=DIRECTION('',(1.E0,0.E0,3.108624468950E-14));
#2651=AXIS2_PLACEMENT_3D('',#2648,#2649,#2650);
#2653=CARTESIAN_POINT('',(-1.568438714136E0,2.5E0,-3.95E0));
#2654=CARTESIAN_POINT('',(-3.950000656106E0,2.5E0,-1.568437061780E0));
#2655=VERTEX_POINT('',#2653);
#2656=VERTEX_POINT('',#2654);
#2657=VERTEX_POINT('',#9);
#2658=VERTEX_POINT('',#19);
#2659=CARTESIAN_POINT('',(2.2E0,2.5E0,-3.636275567115E0));
#2660=VERTEX_POINT('',#2659);
#2661=VERTEX_POINT('',#2476);
#2662=VERTEX_POINT('',#26);
#2663=VERTEX_POINT('',#33);
#2664=CARTESIAN_POINT('',(-4.25E0,3.E0,0.E0));
#2665=VERTEX_POINT('',#2664);
#2666=CARTESIAN_POINT('',(-4.249997485789E0,3.E0,4.622854955E-3));
#2667=VERTEX_POINT('',#2666);
#2668=CARTESIAN_POINT('',(3.000089260022E0,3.E0,3.010309690364E0));
#2669=VERTEX_POINT('',#2668);
#2670=VERTEX_POINT('',#40);
#2671=VERTEX_POINT('',#47);
#2672=VERTEX_POINT('',#54);
#2673=CARTESIAN_POINT('',(1.568438714136E0,2.5E0,3.95E0));
#2674=VERTEX_POINT('',#2673);
#2675=VERTEX_POINT('',#64);
#2676=VERTEX_POINT('',#74);
#2677=CARTESIAN_POINT('',(-3.950000725158E0,2.5E0,1.568436887877E0));
#2678=VERTEX_POINT('',#2677);
#2679=VERTEX_POINT('',#81);
#2680=CARTESIAN_POINT('',(-3.950000131841E0,2.5E0,-3.25E0));
#2681=VERTEX_POINT('',#2680);
#2682=CARTESIAN_POINT('',(-3.25E0,2.5E0,-3.95E0));
#2683=VERTEX_POINT('',#2682);
#2684=CARTESIAN_POINT('',(-4.25E0,2.2E0,-3.249999999927E0));
#2685=VERTEX_POINT('',#2684);
#2686=CARTESIAN_POINT('',(-4.25E0,2.2E0,3.249999999928E0));
#2687=VERTEX_POINT('',#2686);
#2688=CARTESIAN_POINT('',(-4.25E0,7.712650107749E-13,3.249999999957E0));
#2689=VERTEX_POINT('',#2688);
#2690=CARTESIAN_POINT('',(-4.25E0,6.477232089863E-13,-3.249999999956E0));
#2691=VERTEX_POINT('',#2690);
#2692=CARTESIAN_POINT('',(-3.950000131840E0,2.5E0,3.250000000001E0));
#2693=VERTEX_POINT('',#2692);
#2694=CARTESIAN_POINT('',(-3.25E0,2.5E0,3.95E0));
#2695=VERTEX_POINT('',#2694);
#2696=CARTESIAN_POINT('',(-3.249999999968E0,2.2E0,4.25E0));
#2697=VERTEX_POINT('',#2696);
#2698=CARTESIAN_POINT('',(2.2E0,-3.249999999935E0,4.25E0));
#2699=CARTESIAN_POINT('',(2.2E0,-4.869247227646E-10,4.25E0));
#2700=VERTEX_POINT('',#2698);
#2701=VERTEX_POINT('',#2699);
#2702=CARTESIAN_POINT('',(0.E0,-3.25E0,4.25E0));
#2703=VERTEX_POINT('',#2702);
#2704=CARTESIAN_POINT('',(-3.25E0,-5.688204627167E-12,4.25E0));
#2705=VERTEX_POINT('',#2704);
#2706=CARTESIAN_POINT('',(2.2E0,2.2E0,4.25E0));
#2707=VERTEX_POINT('',#2706);
#2708=CARTESIAN_POINT('',(2.5E0,-1.568438714136E0,3.95E0));
#2709=CARTESIAN_POINT('',(2.5E0,-3.25E0,3.95E0));
#2710=VERTEX_POINT('',#2708);
#2711=VERTEX_POINT('',#2709);
#2712=CARTESIAN_POINT('',(2.5E0,-3.950000791043E0,1.568435910335E0));
#2713=CARTESIAN_POINT('',(2.5E0,-3.95E0,3.25E0));
#2714=VERTEX_POINT('',#2712);
#2715=VERTEX_POINT('',#2713);
#2716=CARTESIAN_POINT('',(2.2E0,-4.25E0,0.E0));
#2717=CARTESIAN_POINT('',(2.2E0,-4.25E0,3.249999999892E0));
#2718=VERTEX_POINT('',#2716);
#2719=VERTEX_POINT('',#2717);
#2720=CARTESIAN_POINT('',(2.2E0,-4.25E0,-3.249999999928E0));
#2721=VERTEX_POINT('',#2720);
#2722=CARTESIAN_POINT('',(1.391978002171E-12,-4.25E0,-3.249999999957E0));
#2723=VERTEX_POINT('',#2722);
#2724=CARTESIAN_POINT('',(1.175791992106E-12,-4.25E0,3.249999999935E0));
#2725=VERTEX_POINT('',#2724);
#2726=CARTESIAN_POINT('',(2.5E0,-3.950000131840E0,-3.250000000001E0));
#2727=CARTESIAN_POINT('',(2.5E0,-3.950000967862E0,-1.568435484877E0));
#2728=VERTEX_POINT('',#2726);
#2729=VERTEX_POINT('',#2727);
#2730=CARTESIAN_POINT('',(2.5E0,-3.25E0,-3.95E0));
#2731=CARTESIAN_POINT('',(2.5E0,-1.568438714136E0,-3.95E0));
#2732=VERTEX_POINT('',#2730);
#2733=VERTEX_POINT('',#2731);
#2734=CARTESIAN_POINT('',(2.2E0,0.E0,-4.25E0));
#2735=CARTESIAN_POINT('',(2.2E0,-3.249999999968E0,-4.25E0));
#2736=VERTEX_POINT('',#2734);
#2737=VERTEX_POINT('',#2735);
#2738=CARTESIAN_POINT('',(2.2E0,2.2E0,-4.25E0));
#2739=VERTEX_POINT('',#2738);
#2740=CARTESIAN_POINT('',(-3.249999999968E0,2.2E0,-4.25E0));
#2741=VERTEX_POINT('',#2740);
#2742=CARTESIAN_POINT('',(-3.25E0,0.E0,-4.25E0));
#2743=VERTEX_POINT('',#2742);
#2744=CARTESIAN_POINT('',(-5.693256141929E-12,-3.25E0,-4.25E0));
#2745=VERTEX_POINT('',#2744);
#2746=CARTESIAN_POINT('',(2.5E0,1.568438714136E0,-3.95E0));
#2747=CARTESIAN_POINT('',(2.5E0,2.2E0,-3.95E0));
#2748=VERTEX_POINT('',#2746);
#2749=VERTEX_POINT('',#2747);
#2750=CARTESIAN_POINT('',(2.5E0,2.2E0,-3.636275567115E0));
#2751=VERTEX_POINT('',#2750);
#2752=VERTEX_POINT('',#227);
#2753=CARTESIAN_POINT('',(2.5E0,2.2E0,3.636275567115E0));
#2754=VERTEX_POINT('',#2753);
#2755=CARTESIAN_POINT('',(3.E0,-4.25E0,0.E0));
#2756=VERTEX_POINT('',#2755);
#2757=CARTESIAN_POINT('',(3.E0,-4.249997485789E0,-4.622854954996E-3));
#2758=VERTEX_POINT('',#2757);
#2759=CARTESIAN_POINT('',(2.5E0,2.2E0,3.95E0));
#2760=VERTEX_POINT('',#2759);
#2761=CARTESIAN_POINT('',(2.2E0,2.5E0,3.95E0));
#2762=VERTEX_POINT('',#2761);
#2763=CARTESIAN_POINT('',(3.5E0,-4.749997189999E0,-5.166720243816E-3));
#2764=CARTESIAN_POINT('',(3.5E0,3.5E0,3.211308144666E0));
#2765=VERTEX_POINT('',#2763);
#2766=VERTEX_POINT('',#2764);
#2767=CARTESIAN_POINT('',(3.5E0,3.5E0,-3.211308144666E0));
#2768=VERTEX_POINT('',#2767);
#2769=CARTESIAN_POINT('',(3.500000175945E0,3.500000175945E0,3.500355417113E0));
#2770=VERTEX_POINT('',#2769);
#2771=CARTESIAN_POINT('',(3.5E0,-4.949997071684E0,-5.384266359344E-3));
#2772=VERTEX_POINT('',#2771);
#2773=CARTESIAN_POINT('',(3.5E0,3.5E0,-3.500357124637E0));
#2774=VERTEX_POINT('',#2773);
#2775=CARTESIAN_POINT('',(-4.749997189999E0,3.5E0,5.166720243820E-3));
#2776=VERTEX_POINT('',#2775);
#2777=CARTESIAN_POINT('',(-4.949997071684E0,3.5E0,5.384266359349E-3));
#2778=VERTEX_POINT('',#2777);
#2779=CARTESIAN_POINT('',(3.8E0,3.8E0,-3.622499137336E0));
#2780=CARTESIAN_POINT('',(-5.25E0,3.8E0,0.E0));
#2781=VERTEX_POINT('',#2779);
#2782=VERTEX_POINT('',#2780);
#2783=CARTESIAN_POINT('',(-5.249996894210E0,3.8E0,5.710585532641E-3));
#2784=VERTEX_POINT('',#2783);
#2785=CARTESIAN_POINT('',(3.8E0,3.8E0,3.622499137336E0));
#2786=VERTEX_POINT('',#2785);
#2787=VERTEX_POINT('',#499);
#2788=CARTESIAN_POINT('',(-5.25E0,5.E0,0.E0));
#2789=VERTEX_POINT('',#2788);
#2790=CARTESIAN_POINT('',(5.E0,5.E0,1.600781059358E0));
#2791=VERTEX_POINT('',#2790);
#2792=CARTESIAN_POINT('',(3.8E0,-5.249996894210E0,-5.710585532637E-3));
#2793=VERTEX_POINT('',#2792);
#2794=CARTESIAN_POINT('',(3.8E0,-5.25E0,0.E0));
#2795=VERTEX_POINT('',#2794);
#2796=CARTESIAN_POINT('',(5.E0,-5.25E0,0.E0));
#2797=VERTEX_POINT('',#2796);
#2798=CARTESIAN_POINT('',(6.E0,-6.25E0,0.E0));
#2799=CARTESIAN_POINT('',(6.E0,6.E0,1.75E0));
#2800=VERTEX_POINT('',#2798);
#2801=VERTEX_POINT('',#2799);
#2802=CARTESIAN_POINT('',(6.E0,6.E0,-1.75E0));
#2803=VERTEX_POINT('',#2802);
#2804=VERTEX_POINT('',#2442);
#2805=VERTEX_POINT('',#529);
#2806=VERTEX_POINT('',#2465);
#2807=VERTEX_POINT('',#548);
#2808=CARTESIAN_POINT('',(6.E0,6.E0,2.749545416973E0));
#2809=CARTESIAN_POINT('',(6.E0,-7.179021812463E-3,6.599996095578E0));
#2810=VERTEX_POINT('',#2808);
#2811=VERTEX_POINT('',#2809);
#2812=CARTESIAN_POINT('',(6.E0,7.179021812456E-3,-6.599996095578E0));
#2813=VERTEX_POINT('',#2812);
#2814=CARTESIAN_POINT('',(6.E0,6.E0,-2.749545416973E0));
#2815=VERTEX_POINT('',#2814);
#2816=CARTESIAN_POINT('',(6.2E0,6.2E0,2.792848008754E0));
#2817=CARTESIAN_POINT('',(6.2E0,-6.8E0,-2.176037128265E-14));
#2818=VERTEX_POINT('',#2816);
#2819=VERTEX_POINT('',#2817);
#2820=CARTESIAN_POINT('',(6.2E0,6.2E0,-2.792848008754E0));
#2821=VERTEX_POINT('',#2820);
#2822=VERTEX_POINT('',#589);
#2823=CARTESIAN_POINT('',(6.8E0,-6.8E0,0.E0));
#2824=VERTEX_POINT('',#2823);
#2825=CARTESIAN_POINT('',(-6.8E0,6.2E0,0.E0));
#2826=VERTEX_POINT('',#2825);
#2827=CARTESIAN_POINT('',(-6.8E0,6.8E0,0.E0));
#2828=VERTEX_POINT('',#2827);
#2829=CARTESIAN_POINT('',(7.179021812457E-3,6.E0,6.599996095578E0));
#2830=VERTEX_POINT('',#2829);
#2831=CARTESIAN_POINT('',(-7.179021812462E-3,6.E0,-6.599996095578E0));
#2832=VERTEX_POINT('',#2831);
#2833=CARTESIAN_POINT('',(6.8E0,-6.6E0,0.E0));
#2834=CARTESIAN_POINT('',(6.8E0,6.6E0,0.E0));
#2835=VERTEX_POINT('',#2833);
#2836=VERTEX_POINT('',#2834);
#2837=CARTESIAN_POINT('',(7.1E0,6.6E0,0.E0));
#2838=CARTESIAN_POINT('',(7.1E0,-6.6E0,0.E0));
#2839=VERTEX_POINT('',#2837);
#2840=VERTEX_POINT('',#2838);
#2841=CARTESIAN_POINT('',(7.1E0,-6.8E0,0.E0));
#2842=CARTESIAN_POINT('',(7.1E0,6.8E0,0.E0));
#2843=VERTEX_POINT('',#2841);
#2844=VERTEX_POINT('',#2842);
#2845=CARTESIAN_POINT('',(1.072E1,5.799784478754E0,-3.55E0));
#2846=CARTESIAN_POINT('',(8.62E0,5.799784478754E0,-3.55E0));
#2847=VERTEX_POINT('',#2845);
#2848=VERTEX_POINT('',#2846);
#2849=CARTESIAN_POINT('',(8.62E0,6.8E0,0.E0));
#2850=VERTEX_POINT('',#2849);
#2851=CARTESIAN_POINT('',(8.62E0,-6.8E0,0.E0));
#2852=VERTEX_POINT('',#2851);
#2853=CARTESIAN_POINT('',(8.62E0,-5.799784478754E0,-3.55E0));
#2854=VERTEX_POINT('',#2853);
#2855=CARTESIAN_POINT('',(1.072E1,-5.799784478754E0,-3.55E0));
#2856=VERTEX_POINT('',#2855);
#2857=CARTESIAN_POINT('',(1.072E1,-6.8E0,0.E0));
#2858=VERTEX_POINT('',#2857);
#2859=CARTESIAN_POINT('',(1.333891108675E1,-6.8E0,0.E0));
#2860=VERTEX_POINT('',#2859);
#2861=CARTESIAN_POINT('',(1.333891108675E1,6.8E0,0.E0));
#2862=VERTEX_POINT('',#2861);
#2863=CARTESIAN_POINT('',(1.072E1,6.8E0,0.E0));
#2864=VERTEX_POINT('',#2863);
#2865=CARTESIAN_POINT('',(1.072E1,-3.55E0,-5.799784478754E0));
#2866=CARTESIAN_POINT('',(8.62E0,-3.55E0,-5.799784478754E0));
#2867=VERTEX_POINT('',#2865);
#2868=VERTEX_POINT('',#2866);
#2869=CARTESIAN_POINT('',(8.62E0,3.55E0,-5.799784478754E0));
#2870=VERTEX_POINT('',#2869);
#2871=CARTESIAN_POINT('',(1.072E1,3.55E0,-5.799784478754E0));
#2872=VERTEX_POINT('',#2871);
#2873=CARTESIAN_POINT('',(9.85E0,4.960594722410E0,-3.55E0));
#2874=CARTESIAN_POINT('',(9.85E0,5.563946441151E0,-3.55E0));
#2875=VERTEX_POINT('',#2873);
#2876=VERTEX_POINT('',#2874);
#2877=CARTESIAN_POINT('',(9.626911388478E0,4.960594722410E0,-3.55E0));
#2878=VERTEX_POINT('',#2877);
#2879=CARTESIAN_POINT('',(9.626911388478E0,5.206151977860E0,-3.550000604673E0));
#2880=VERTEX_POINT('',#2879);
#2881=VERTEX_POINT('',#802);
#2882=CARTESIAN_POINT('',(1.072E1,5.563946441151E0,-3.55E0));
#2883=VERTEX_POINT('',#2882);
#2884=CARTESIAN_POINT('',(9.85E0,5.563946441151E0,3.55E0));
#2885=CARTESIAN_POINT('',(9.85E0,4.960594722410E0,3.55E0));
#2886=VERTEX_POINT('',#2884);
#2887=VERTEX_POINT('',#2885);
#2888=CARTESIAN_POINT('',(9.85E0,6.1E0,0.E0));
#2889=VERTEX_POINT('',#2888);
#2890=CARTESIAN_POINT('',(9.85E0,6.6E0,0.E0));
#2891=VERTEX_POINT('',#2890);
#2892=CARTESIAN_POINT('',(9.626911388478E0,4.960594722410E0,3.55E0));
#2893=VERTEX_POINT('',#2892);
#2894=CARTESIAN_POINT('',(1.072E1,5.563946441151E0,3.55E0));
#2895=VERTEX_POINT('',#2894);
#2896=CARTESIAN_POINT('',(1.072E1,5.799784478754E0,3.55E0));
#2897=VERTEX_POINT('',#2896);
#2898=CARTESIAN_POINT('',(8.62E0,5.799784478754E0,3.55E0));
#2899=VERTEX_POINT('',#2898);
#2900=VERTEX_POINT('',#819);
#2901=VERTEX_POINT('',#795);
#2902=CARTESIAN_POINT('',(9.626911388478E0,6.1E0,0.E0));
#2903=VERTEX_POINT('',#2902);
#2904=CARTESIAN_POINT('',(9.626911388478E0,6.301311497706E0,0.E0));
#2905=VERTEX_POINT('',#2904);
#2906=CARTESIAN_POINT('',(8.712349722647E0,6.777402166636E0,0.E0));
#2907=VERTEX_POINT('',#2906);
#2908=CARTESIAN_POINT('',(1.072E1,-5.799784478754E0,3.55E0));
#2909=VERTEX_POINT('',#2908);
#2910=CARTESIAN_POINT('',(8.62E0,-5.799784478754E0,3.55E0));
#2911=VERTEX_POINT('',#2910);
#2912=CARTESIAN_POINT('',(1.072E1,3.55E0,5.799784478754E0));
#2913=CARTESIAN_POINT('',(1.072E1,-3.55E0,5.799784478754E0));
#2914=VERTEX_POINT('',#2912);
#2915=VERTEX_POINT('',#2913);
#2916=CARTESIAN_POINT('',(8.62E0,3.55E0,5.799784478754E0));
#2917=VERTEX_POINT('',#2916);
#2918=CARTESIAN_POINT('',(8.62E0,-3.55E0,5.799784478754E0));
#2919=VERTEX_POINT('',#2918);
#2920=CARTESIAN_POINT('',(1.072E1,-5.563946441151E0,3.55E0));
#2921=VERTEX_POINT('',#2920);
#2922=CARTESIAN_POINT('',(1.072E1,-5.563946441151E0,-3.55E0));
#2923=VERTEX_POINT('',#2922);
#2924=CARTESIAN_POINT('',(1.072E1,-6.6E0,0.E0));
#2925=VERTEX_POINT('',#2924);
#2926=CARTESIAN_POINT('',(9.626911388478E0,-4.960594722410E0,3.55E0));
#2927=CARTESIAN_POINT('',(9.85E0,-4.960594722410E0,3.55E0));
#2928=VERTEX_POINT('',#2926);
#2929=VERTEX_POINT('',#2927);
#2930=CARTESIAN_POINT('',(9.626911388478E0,-5.206151915983E0,3.550000604675E0));
#2931=VERTEX_POINT('',#2930);
#2932=VERTEX_POINT('',#981);
#2933=CARTESIAN_POINT('',(9.85E0,-5.563946441151E0,3.55E0));
#2934=VERTEX_POINT('',#2933);
#2935=CARTESIAN_POINT('',(9.85E0,-6.1E0,0.E0));
#2936=VERTEX_POINT('',#2935);
#2937=CARTESIAN_POINT('',(9.85E0,-4.960594722410E0,-3.55E0));
#2938=VERTEX_POINT('',#2937);
#2939=CARTESIAN_POINT('',(9.626911388478E0,-4.960594722410E0,-3.55E0));
#2940=VERTEX_POINT('',#2939);
#2941=CARTESIAN_POINT('',(9.626911388478E0,-6.1E0,0.E0));
#2942=VERTEX_POINT('',#2941);
#2943=CARTESIAN_POINT('',(9.85E0,-6.6E0,0.E0));
#2944=VERTEX_POINT('',#2943);
#2945=CARTESIAN_POINT('',(9.85E0,-5.563946441151E0,-3.55E0));
#2946=VERTEX_POINT('',#2945);
#2947=VERTEX_POINT('',#974);
#2948=VERTEX_POINT('',#988);
#2949=CARTESIAN_POINT('',(8.712349722647E0,-6.777402166636E0,0.E0));
#2950=VERTEX_POINT('',#2949);
#2951=CARTESIAN_POINT('',(9.626911388478E0,-6.301311497706E0,0.E0));
#2952=VERTEX_POINT('',#2951);
#2953=CARTESIAN_POINT('',(1.072E1,6.6E0,0.E0));
#2954=VERTEX_POINT('',#2953);
#2955=CARTESIAN_POINT('',(1.368891108675E1,6.706217782649E0,0.E0));
#2956=VERTEX_POINT('',#2955);
#2957=CARTESIAN_POINT('',(1.368891108675E1,-6.706217782649E0,0.E0));
#2958=VERTEX_POINT('',#2957);
#2959=CARTESIAN_POINT('',(1.732859779282E1,4.604843683136E0,0.E0));
#2960=VERTEX_POINT('',#2959);
#2961=CARTESIAN_POINT('',(1.732859779282E1,-4.604843683136E0,0.E0));
#2962=VERTEX_POINT('',#2961);
#2963=CARTESIAN_POINT('',(1.752859779282E1,4.258433521620E0,0.E0));
#2964=VERTEX_POINT('',#2963);
#2965=CARTESIAN_POINT('',(1.752859779282E1,-4.258433521620E0,0.E0));
#2966=VERTEX_POINT('',#2965);
#2967=CARTESIAN_POINT('',(1.755E1,4.258433521620E0,0.E0));
#2968=VERTEX_POINT('',#2967);
#2969=CARTESIAN_POINT('',(1.755E1,-4.258433521620E0,0.E0));
#2970=VERTEX_POINT('',#2969);
#2971=CARTESIAN_POINT('',(1.755E1,-5.E0,0.E0));
#2972=CARTESIAN_POINT('',(1.755E1,5.E0,0.E0));
#2973=VERTEX_POINT('',#2971);
#2974=VERTEX_POINT('',#2972);
#2975=CARTESIAN_POINT('',(1.775E1,5.2E0,0.E0));
#2976=VERTEX_POINT('',#2975);
#2977=CARTESIAN_POINT('',(1.775E1,-5.2E0,0.E0));
#2978=VERTEX_POINT('',#2977);
#2979=CARTESIAN_POINT('',(1.885E1,5.2E0,0.E0));
#2980=VERTEX_POINT('',#2979);
#2981=CARTESIAN_POINT('',(1.885E1,-5.2E0,0.E0));
#2982=VERTEX_POINT('',#2981);
#2983=CARTESIAN_POINT('',(1.905E1,5.E0,0.E0));
#2984=VERTEX_POINT('',#2983);
#2985=CARTESIAN_POINT('',(1.905E1,-5.E0,0.E0));
#2986=VERTEX_POINT('',#2985);
#2987=CARTESIAN_POINT('',(1.905E1,3.749361339453E0,6.920654747978E-2));
#2988=CARTESIAN_POINT('',(1.905E1,3.75E0,0.E0));
#2989=VERTEX_POINT('',#2987);
#2990=VERTEX_POINT('',#2988);
#2991=CARTESIAN_POINT('',(1.905E1,-3.75E0,0.E0));
#2992=VERTEX_POINT('',#2991);
#2993=CARTESIAN_POINT('',(1.905E1,-3.749361339453E0,-6.920654747978E-2));
#2994=VERTEX_POINT('',#2993);
#2995=CARTESIAN_POINT('',(1.855E1,3.25E0,2.249835959894E-10));
#2996=VERTEX_POINT('',#2995);
#2997=CARTESIAN_POINT('',(1.855E1,3.249446494193E0,5.997900781581E-2));
#2998=VERTEX_POINT('',#2997);
#2999=CARTESIAN_POINT('',(1.855E1,-3.25E0,-4.352426058452E-11));
#3000=VERTEX_POINT('',#2999);
#3001=CARTESIAN_POINT('',(1.855E1,-3.249446494193E0,-5.997900781581E-2));
#3002=VERTEX_POINT('',#3001);
#3003=CARTESIAN_POINT('',(5.2E0,-3.25E0,-2.901623264332E-11));
#3004=VERTEX_POINT('',#3003);
#3005=CARTESIAN_POINT('',(5.2E0,3.25E0,0.E0));
#3006=VERTEX_POINT('',#3005);
#3007=CARTESIAN_POINT('',(5.2E0,-2.25E0,0.E0));
#3008=CARTESIAN_POINT('',(5.2E0,2.25E0,0.E0));
#3009=VERTEX_POINT('',#3007);
#3010=VERTEX_POINT('',#3008);
#3011=VERTEX_POINT('',#1287);
#3012=VERTEX_POINT('',#1305);
#3013=CARTESIAN_POINT('',(0.E0,-2.25E0,0.E0));
#3014=VERTEX_POINT('',#3013);
#3015=CARTESIAN_POINT('',(-2.25E0,0.E0,0.E0));
#3016=VERTEX_POINT('',#3015);
#3017=CARTESIAN_POINT('',(-2.25E0,5.2E0,0.E0));
#3018=VERTEX_POINT('',#3017);
#3019=CARTESIAN_POINT('',(2.25E0,5.2E0,0.E0));
#3020=VERTEX_POINT('',#3019);
#3021=CARTESIAN_POINT('',(0.E0,0.E0,2.25E0));
#3022=VERTEX_POINT('',#3021);
#3023=CARTESIAN_POINT('',(3.25E0,5.2E0,0.E0));
#3024=CARTESIAN_POINT('',(-3.25E0,5.2E0,0.E0));
#3025=VERTEX_POINT('',#3023);
#3026=VERTEX_POINT('',#3024);
#3027=CARTESIAN_POINT('',(-3.249446494193E0,1.855E1,5.997900781581E-2));
#3028=CARTESIAN_POINT('',(3.25E0,1.855E1,-4.352426058452E-11));
#3029=VERTEX_POINT('',#3027);
#3030=VERTEX_POINT('',#3028);
#3031=CARTESIAN_POINT('',(-3.25E0,1.855E1,0.E0));
#3032=VERTEX_POINT('',#3031);
#3033=CARTESIAN_POINT('',(-3.749361339453E0,1.905E1,6.920654747978E-2));
#3034=CARTESIAN_POINT('',(3.75E0,1.905E1,0.E0));
#3035=VERTEX_POINT('',#3033);
#3036=VERTEX_POINT('',#3034);
#3037=CARTESIAN_POINT('',(-3.75E0,1.905E1,0.E0));
#3038=VERTEX_POINT('',#3037);
#3039=CARTESIAN_POINT('',(5.E0,1.905E1,0.E0));
#3040=CARTESIAN_POINT('',(-5.E0,1.905E1,0.E0));
#3041=VERTEX_POINT('',#3039);
#3042=VERTEX_POINT('',#3040);
#3043=CARTESIAN_POINT('',(3.749361339453E0,1.905E1,-6.920654747978E-2));
#3044=VERTEX_POINT('',#3043);
#3045=CARTESIAN_POINT('',(-5.2E0,1.885E1,0.E0));
#3046=VERTEX_POINT('',#3045);
#3047=CARTESIAN_POINT('',(5.2E0,1.885E1,0.E0));
#3048=VERTEX_POINT('',#3047);
#3049=CARTESIAN_POINT('',(-5.2E0,1.775E1,0.E0));
#3050=VERTEX_POINT('',#3049);
#3051=CARTESIAN_POINT('',(5.2E0,1.775E1,0.E0));
#3052=VERTEX_POINT('',#3051);
#3053=CARTESIAN_POINT('',(-5.E0,1.755E1,0.E0));
#3054=VERTEX_POINT('',#3053);
#3055=CARTESIAN_POINT('',(5.E0,1.755E1,0.E0));
#3056=VERTEX_POINT('',#3055);
#3057=CARTESIAN_POINT('',(4.258433521620E0,1.755E1,0.E0));
#3058=CARTESIAN_POINT('',(-4.258433521620E0,1.755E1,0.E0));
#3059=VERTEX_POINT('',#3057);
#3060=VERTEX_POINT('',#3058);
#3061=CARTESIAN_POINT('',(-4.258433521620E0,1.752859779282E1,0.E0));
#3062=VERTEX_POINT('',#3061);
#3063=CARTESIAN_POINT('',(4.258433521620E0,1.752859779282E1,0.E0));
#3064=VERTEX_POINT('',#3063);
#3065=CARTESIAN_POINT('',(-4.604843683134E0,1.732859779282E1,0.E0));
#3066=VERTEX_POINT('',#3065);
#3067=CARTESIAN_POINT('',(4.604843683134E0,1.732859779282E1,0.E0));
#3068=VERTEX_POINT('',#3067);
#3069=CARTESIAN_POINT('',(-6.706217782651E0,1.368891108675E1,0.E0));
#3070=VERTEX_POINT('',#3069);
#3071=CARTESIAN_POINT('',(6.706217782651E0,1.368891108675E1,0.E0));
#3072=VERTEX_POINT('',#3071);
#3073=CARTESIAN_POINT('',(-6.8E0,1.333891108675E1,0.E0));
#3074=VERTEX_POINT('',#3073);
#3075=CARTESIAN_POINT('',(6.8E0,1.333891108675E1,0.E0));
#3076=VERTEX_POINT('',#3075);
#3077=CARTESIAN_POINT('',(5.799784478754E0,1.072E1,3.55E0));
#3078=CARTESIAN_POINT('',(6.8E0,1.072E1,0.E0));
#3079=VERTEX_POINT('',#3077);
#3080=VERTEX_POINT('',#3078);
#3081=CARTESIAN_POINT('',(5.799784478754E0,8.62E0,3.55E0));
#3082=VERTEX_POINT('',#3081);
#3083=CARTESIAN_POINT('',(6.8E0,8.62E0,0.E0));
#3084=VERTEX_POINT('',#3083);
#3085=CARTESIAN_POINT('',(6.8E0,7.1E0,0.E0));
#3086=VERTEX_POINT('',#3085);
#3087=CARTESIAN_POINT('',(-6.8E0,7.1E0,0.E0));
#3088=VERTEX_POINT('',#3087);
#3089=CARTESIAN_POINT('',(-6.8E0,8.62E0,0.E0));
#3090=VERTEX_POINT('',#3089);
#3091=CARTESIAN_POINT('',(-5.799784478754E0,8.62E0,3.55E0));
#3092=VERTEX_POINT('',#3091);
#3093=CARTESIAN_POINT('',(-5.799784478754E0,1.072E1,3.55E0));
#3094=VERTEX_POINT('',#3093);
#3095=CARTESIAN_POINT('',(-6.8E0,1.072E1,0.E0));
#3096=VERTEX_POINT('',#3095);
#3097=CARTESIAN_POINT('',(-3.55E0,1.072E1,5.799784478754E0));
#3098=CARTESIAN_POINT('',(3.55E0,1.072E1,5.799784478754E0));
#3099=VERTEX_POINT('',#3097);
#3100=VERTEX_POINT('',#3098);
#3101=CARTESIAN_POINT('',(-3.55E0,8.62E0,5.799784478754E0));
#3102=VERTEX_POINT('',#3101);
#3103=CARTESIAN_POINT('',(3.55E0,8.62E0,5.799784478754E0));
#3104=VERTEX_POINT('',#3103);
#3105=CARTESIAN_POINT('',(5.563946441151E0,1.072E1,3.55E0));
#3106=VERTEX_POINT('',#3105);
#3107=CARTESIAN_POINT('',(5.799784478754E0,1.072E1,-3.55E0));
#3108=VERTEX_POINT('',#3107);
#3109=CARTESIAN_POINT('',(5.563946441151E0,1.072E1,-3.55E0));
#3110=VERTEX_POINT('',#3109);
#3111=CARTESIAN_POINT('',(6.6E0,1.072E1,0.E0));
#3112=VERTEX_POINT('',#3111);
#3113=CARTESIAN_POINT('',(5.269943699817E0,9.85E0,3.550000088486E0));
#3114=CARTESIAN_POINT('',(5.563946441151E0,9.85E0,3.55E0));
#3115=VERTEX_POINT('',#3113);
#3116=VERTEX_POINT('',#3114);
#3117=CARTESIAN_POINT('',(5.269943427099E0,9.525472060027E0,3.550000316363E0));
#3118=VERTEX_POINT('',#3117);
#3119=VERTEX_POINT('',#1932);
#3120=CARTESIAN_POINT('',(-5.563946441151E0,9.85E0,3.55E0));
#3121=CARTESIAN_POINT('',(-5.269943986298E0,9.85E0,3.549999663209E0));
#3122=VERTEX_POINT('',#3120);
#3123=VERTEX_POINT('',#3121);
#3124=CARTESIAN_POINT('',(-3.55E0,9.85E0,5.269943759425E0));
#3125=VERTEX_POINT('',#3124);
#3126=CARTESIAN_POINT('',(-3.55E0,9.85E0,5.563946441151E0));
#3127=VERTEX_POINT('',#3126);
#3128=CARTESIAN_POINT('',(3.55E0,9.85E0,5.563946441151E0));
#3129=VERTEX_POINT('',#3128);
#3130=CARTESIAN_POINT('',(3.549999663174E0,9.85E0,5.269943986321E0));
#3131=VERTEX_POINT('',#3130);
#3132=CARTESIAN_POINT('',(6.6E0,9.85E0,0.E0));
#3133=VERTEX_POINT('',#3132);
#3134=CARTESIAN_POINT('',(5.563946441151E0,9.85E0,-3.55E0));
#3135=VERTEX_POINT('',#3134);
#3136=CARTESIAN_POINT('',(5.269943986298E0,9.85E0,-3.549999663209E0));
#3137=VERTEX_POINT('',#3136);
#3138=CARTESIAN_POINT('',(3.55E0,9.85E0,-5.269943759425E0));
#3139=VERTEX_POINT('',#3138);
#3140=CARTESIAN_POINT('',(3.55E0,9.85E0,-5.563946441151E0));
#3141=VERTEX_POINT('',#3140);
#3142=CARTESIAN_POINT('',(-3.55E0,9.85E0,-5.563946441151E0));
#3143=VERTEX_POINT('',#3142);
#3144=CARTESIAN_POINT('',(-3.549999663174E0,9.85E0,-5.269943986321E0));
#3145=VERTEX_POINT('',#3144);
#3146=CARTESIAN_POINT('',(-5.269943759425E0,9.85E0,-3.55E0));
#3147=VERTEX_POINT('',#3146);
#3148=CARTESIAN_POINT('',(-5.563946441151E0,9.85E0,-3.55E0));
#3149=VERTEX_POINT('',#3148);
#3150=CARTESIAN_POINT('',(-6.6E0,9.85E0,0.E0));
#3151=VERTEX_POINT('',#3150);
#3152=CARTESIAN_POINT('',(6.1E0,9.85E0,0.E0));
#3153=CARTESIAN_POINT('',(-6.1E0,9.85E0,0.E0));
#3154=VERTEX_POINT('',#3152);
#3155=VERTEX_POINT('',#3153);
#3156=CARTESIAN_POINT('',(-5.563946441151E0,1.072E1,3.55E0));
#3157=VERTEX_POINT('',#3156);
#3158=VERTEX_POINT('',#1797);
#3159=VERTEX_POINT('',#1921);
#3160=CARTESIAN_POINT('',(-5.563946441151E0,1.072E1,-3.55E0));
#3161=VERTEX_POINT('',#3160);
#3162=CARTESIAN_POINT('',(-6.6E0,1.072E1,0.E0));
#3163=VERTEX_POINT('',#3162);
#3164=CARTESIAN_POINT('',(-5.269943427102E0,9.525472060034E0,
-3.550000316359E0));
#3165=VERTEX_POINT('',#3164);
#3166=VERTEX_POINT('',#1851);
#3167=VERTEX_POINT('',#1814);
#3168=CARTESIAN_POINT('',(-5.799784478754E0,1.072E1,-3.55E0));
#3169=VERTEX_POINT('',#3168);
#3170=CARTESIAN_POINT('',(-3.549998398054E0,9.525475132047E0,
-5.269945292339E0));
#3171=VERTEX_POINT('',#3170);
#3172=CARTESIAN_POINT('',(-3.55E0,1.072E1,-5.563946441151E0));
#3173=VERTEX_POINT('',#3172);
#3174=CARTESIAN_POINT('',(-3.55E0,1.072E1,-5.799784478754E0));
#3175=VERTEX_POINT('',#3174);
#3176=CARTESIAN_POINT('',(-3.55E0,8.62E0,-5.799784478754E0));
#3177=VERTEX_POINT('',#3176);
#3178=VERTEX_POINT('',#1863);
#3179=CARTESIAN_POINT('',(3.55E0,1.072E1,-5.563946441151E0));
#3180=VERTEX_POINT('',#3179);
#3181=CARTESIAN_POINT('',(3.550000315950E0,9.525472060898E0,-5.269943427475E0));
#3182=VERTEX_POINT('',#3181);
#3183=VERTEX_POINT('',#1828);
#3184=VERTEX_POINT('',#1875);
#3185=CARTESIAN_POINT('',(3.55E0,1.072E1,-5.799784478754E0));
#3186=VERTEX_POINT('',#3185);
#3187=CARTESIAN_POINT('',(5.269945292193E0,9.525475131795E0,-3.549998398200E0));
#3188=VERTEX_POINT('',#3187);
#3189=CARTESIAN_POINT('',(5.799784478754E0,8.62E0,-3.55E0));
#3190=VERTEX_POINT('',#3189);
#3191=VERTEX_POINT('',#1914);
#3192=CARTESIAN_POINT('',(-6.777402166636E0,8.712349722647E0,0.E0));
#3193=VERTEX_POINT('',#3192);
#3194=CARTESIAN_POINT('',(6.777402166636E0,8.712349722647E0,0.E0));
#3195=VERTEX_POINT('',#3194);
#3196=CARTESIAN_POINT('',(6.301311497706E0,9.626911388478E0,0.E0));
#3197=VERTEX_POINT('',#3196);
#3198=CARTESIAN_POINT('',(-6.301311497706E0,9.626911388478E0,0.E0));
#3199=VERTEX_POINT('',#3198);
#3200=CARTESIAN_POINT('',(3.549998989522E0,9.525472300615E0,5.269944440115E0));
#3201=VERTEX_POINT('',#3200);
#3202=VERTEX_POINT('',#1949);
#3203=CARTESIAN_POINT('',(-3.550003988052E0,8.712349722647E0,5.773270460764E0));
#3204=VERTEX_POINT('',#3203);
#3205=VERTEX_POINT('',#1956);
#3206=CARTESIAN_POINT('',(-6.1E0,9.626911388478E0,0.E0));
#3207=CARTESIAN_POINT('',(6.1E0,9.626911388478E0,0.E0));
#3208=VERTEX_POINT('',#3206);
#3209=VERTEX_POINT('',#3207);
#3210=CARTESIAN_POINT('',(3.55E0,1.072E1,5.563946441151E0));
#3211=VERTEX_POINT('',#3210);
#3212=CARTESIAN_POINT('',(-3.55E0,1.072E1,5.563946441151E0));
#3213=VERTEX_POINT('',#3212);
#3214=CARTESIAN_POINT('',(6.6E0,7.1E0,0.E0));
#3215=CARTESIAN_POINT('',(-6.6E0,7.1E0,0.E0));
#3216=VERTEX_POINT('',#3214);
#3217=VERTEX_POINT('',#3215);
#3218=CARTESIAN_POINT('',(6.6E0,6.8E0,0.E0));
#3219=VERTEX_POINT('',#3218);
#3220=CARTESIAN_POINT('',(-6.6E0,6.8E0,0.E0));
#3221=VERTEX_POINT('',#3220);
#3222=CARTESIAN_POINT('',(3.249446494193E0,1.855E1,-5.997900781581E-2));
#3223=VERTEX_POINT('',#3222);
#3224=CARTESIAN_POINT('',(1.072E1,3.55E0,5.563946441151E0));
#3225=VERTEX_POINT('',#3224);
#3226=CARTESIAN_POINT('',(1.072E1,-3.55E0,5.563946441151E0));
#3227=VERTEX_POINT('',#3226);
#3228=CARTESIAN_POINT('',(9.626911388478E0,3.55E0,4.960594722410E0));
#3229=CARTESIAN_POINT('',(9.85E0,3.55E0,4.960594722410E0));
#3230=VERTEX_POINT('',#3228);
#3231=VERTEX_POINT('',#3229);
#3232=CARTESIAN_POINT('',(9.626911388478E0,3.550000604675E0,5.206151915946E0));
#3233=VERTEX_POINT('',#3232);
#3234=VERTEX_POINT('',#2247);
#3235=CARTESIAN_POINT('',(9.85E0,3.55E0,5.563946441151E0));
#3236=VERTEX_POINT('',#3235);
#3237=CARTESIAN_POINT('',(9.85E0,-3.55E0,4.960594722410E0));
#3238=VERTEX_POINT('',#3237);
#3239=CARTESIAN_POINT('',(9.626911388478E0,-3.55E0,4.960594722410E0));
#3240=VERTEX_POINT('',#3239);
#3241=CARTESIAN_POINT('',(9.85E0,-3.55E0,5.563946441151E0));
#3242=VERTEX_POINT('',#3241);
#3243=VERTEX_POINT('',#2235);
#3244=VERTEX_POINT('',#2254);
#3245=CARTESIAN_POINT('',(9.85E0,-3.55E0,-4.960594722410E0));
#3246=CARTESIAN_POINT('',(9.85E0,-3.55E0,-5.563946441151E0));
#3247=VERTEX_POINT('',#3245);
#3248=VERTEX_POINT('',#3246);
#3249=CARTESIAN_POINT('',(9.626911388478E0,-3.55E0,-4.960594722410E0));
#3250=VERTEX_POINT('',#3249);
#3251=CARTESIAN_POINT('',(9.626911388478E0,-3.550000604673E0,
-5.206151915949E0));
#3252=VERTEX_POINT('',#3251);
#3253=VERTEX_POINT('',#2354);
#3254=CARTESIAN_POINT('',(1.072E1,-3.55E0,-5.563946441151E0));
#3255=VERTEX_POINT('',#3254);
#3256=CARTESIAN_POINT('',(9.85E0,3.55E0,-5.563946441151E0));
#3257=CARTESIAN_POINT('',(9.85E0,3.55E0,-4.960594722410E0));
#3258=VERTEX_POINT('',#3256);
#3259=VERTEX_POINT('',#3257);
#3260=CARTESIAN_POINT('',(1.072E1,3.55E0,-5.563946441151E0));
#3261=VERTEX_POINT('',#3260);
#3262=VERTEX_POINT('',#2323);
#3263=VERTEX_POINT('',#2347);
#3264=CARTESIAN_POINT('',(9.626911388478E0,3.55E0,-4.960594722410E0));
#3265=VERTEX_POINT('',#3264);
#3266=CARTESIAN_POINT('',(-6.25E0,6.E0,0.E0));
#3267=VERTEX_POINT('',#3266);
#3268=CARTESIAN_POINT('',(2.2E0,2.5E0,-3.95E0));
#3269=VERTEX_POINT('',#3268);
#3270=CARTESIAN_POINT('',(0.E0,1.59625E1,0.E0));
#3271=DIRECTION('',(0.E0,-1.E0,0.E0));
#3272=DIRECTION('',(-1.E0,0.E0,0.E0));
#3273=AXIS2_PLACEMENT_3D('',#3270,#3271,#3272);
#3274=CYLINDRICAL_SURFACE('',#3273,4.25E0);
#3276=ORIENTED_EDGE('',*,*,#3275,.F.);
#3278=ORIENTED_EDGE('',*,*,#3277,.T.);
#3280=ORIENTED_EDGE('',*,*,#3279,.T.);
#3282=ORIENTED_EDGE('',*,*,#3281,.F.);
#3284=ORIENTED_EDGE('',*,*,#3283,.F.);
#3286=ORIENTED_EDGE('',*,*,#3285,.T.);
#3288=ORIENTED_EDGE('',*,*,#3287,.T.);
#3290=ORIENTED_EDGE('',*,*,#3289,.F.);
#3292=ORIENTED_EDGE('',*,*,#3291,.F.);
#3294=ORIENTED_EDGE('',*,*,#3293,.F.);
#3296=ORIENTED_EDGE('',*,*,#3295,.T.);
#3298=ORIENTED_EDGE('',*,*,#3297,.T.);
#3300=ORIENTED_EDGE('',*,*,#3299,.T.);
#3302=ORIENTED_EDGE('',*,*,#3301,.F.);
#3304=ORIENTED_EDGE('',*,*,#3303,.T.);
#3306=ORIENTED_EDGE('',*,*,#3305,.T.);
#3308=ORIENTED_EDGE('',*,*,#3307,.F.);
#3310=ORIENTED_EDGE('',*,*,#3309,.T.);
#3312=ORIENTED_EDGE('',*,*,#3311,.T.);
#3313=EDGE_LOOP('',(#3276,#3278,#3280,#3282,#3284,#3286,#3288,#3290,#3292,#3294,
#3296,#3298,#3300,#3302,#3304,#3306,#3308,#3310,#3312));
#3314=FACE_OUTER_BOUND('',#3313,.F.);
#3315=ADVANCED_FACE('',(#3314),#3274,.T.);
#3316=CARTESIAN_POINT('',(2.5E0,2.5E0,-4.25E0));
#3317=DIRECTION('',(0.E0,1.E0,0.E0));
#3318=DIRECTION('',(-1.E0,0.E0,0.E0));
#3319=AXIS2_PLACEMENT_3D('',#3316,#3317,#3318);
#3320=PLANE('',#3319);
#3322=ORIENTED_EDGE('',*,*,#3321,.T.);
#3324=ORIENTED_EDGE('',*,*,#3323,.T.);
#3326=ORIENTED_EDGE('',*,*,#3325,.F.);
#3327=ORIENTED_EDGE('',*,*,#3275,.T.);
#3328=EDGE_LOOP('',(#3322,#3324,#3326,#3327));
#3329=FACE_OUTER_BOUND('',#3328,.F.);
#3330=ADVANCED_FACE('',(#3329),#3320,.T.);
#3331=CARTESIAN_POINT('',(-3.95E0,2.2E0,2.454916275037E1));
#3332=DIRECTION('',(0.E0,0.E0,-1.E0));
#3333=DIRECTION('',(-1.E0,0.E0,0.E0));
#3334=AXIS2_PLACEMENT_3D('',#3331,#3332,#3333);
#3335=CYLINDRICAL_SURFACE('',#3334,3.E-1);
#3337=ORIENTED_EDGE('',*,*,#3336,.T.);
#3339=ORIENTED_EDGE('',*,*,#3338,.F.);
#3340=ORIENTED_EDGE('',*,*,#3321,.F.);
#3341=ORIENTED_EDGE('',*,*,#3311,.F.);
#3342=EDGE_LOOP('',(#3337,#3339,#3340,#3341));
#3343=FACE_OUTER_BOUND('',#3342,.F.);
#3344=ADVANCED_FACE('',(#3343),#3335,.T.);
#3345=CARTESIAN_POINT('',(-4.25E0,2.5E0,-4.25E0));
#3346=DIRECTION('',(-1.E0,0.E0,0.E0));
#3347=DIRECTION('',(0.E0,-1.E0,0.E0));
#3348=AXIS2_PLACEMENT_3D('',#3345,#3346,#3347);
#3349=PLANE('',#3348);
#3351=ORIENTED_EDGE('',*,*,#3350,.F.);
#3353=ORIENTED_EDGE('',*,*,#3352,.F.);
#3355=ORIENTED_EDGE('',*,*,#3354,.F.);
#3357=ORIENTED_EDGE('',*,*,#3356,.F.);
#3358=ORIENTED_EDGE('',*,*,#3336,.F.);
#3359=EDGE_LOOP('',(#3351,#3353,#3355,#3357,#3358));
#3360=FACE_OUTER_BOUND('',#3359,.F.);
#3361=ADVANCED_FACE('',(#3360),#3349,.T.);
#3362=CARTESIAN_POINT('',(-3.95E0,2.2E0,3.302732922903E0));
#3363=DIRECTION('',(0.E0,0.E0,-1.E0));
#3364=DIRECTION('',(-1.E0,0.E0,0.E0));
#3365=AXIS2_PLACEMENT_3D('',#3362,#3363,#3364);
#3366=CYLINDRICAL_SURFACE('',#3365,3.E-1);
#3368=ORIENTED_EDGE('',*,*,#3367,.F.);
#3370=ORIENTED_EDGE('',*,*,#3369,.F.);
#3371=ORIENTED_EDGE('',*,*,#3350,.T.);
#3372=ORIENTED_EDGE('',*,*,#3309,.F.);
#3373=EDGE_LOOP('',(#3368,#3370,#3371,#3372));
#3374=FACE_OUTER_BOUND('',#3373,.F.);
#3375=ADVANCED_FACE('',(#3374),#3366,.T.);
#3376=CARTESIAN_POINT('',(2.5E0,2.5E0,-4.25E0));
#3377=DIRECTION('',(0.E0,1.E0,0.E0));
#3378=DIRECTION('',(-1.E0,0.E0,0.E0));
#3379=AXIS2_PLACEMENT_3D('',#3376,#3377,#3378);
#3380=PLANE('',#3379);
#3381=ORIENTED_EDGE('',*,*,#3367,.T.);
#3382=ORIENTED_EDGE('',*,*,#3307,.T.);
#3384=ORIENTED_EDGE('',*,*,#3383,.F.);
#3386=ORIENTED_EDGE('',*,*,#3385,.T.);
#3387=EDGE_LOOP('',(#3381,#3382,#3384,#3386));
#3388=FACE_OUTER_BOUND('',#3387,.F.);
#3389=ADVANCED_FACE('',(#3388),#3380,.T.);
#3390=CARTESIAN_POINT('',(4.341848E1,2.2E0,3.95E0));
#3391=DIRECTION('',(-1.E0,0.E0,0.E0));
#3392=DIRECTION('',(0.E0,0.E0,1.E0));
#3393=AXIS2_PLACEMENT_3D('',#3390,#3391,#3392);
#3394=CYLINDRICAL_SURFACE('',#3393,3.E-1);
#3396=ORIENTED_EDGE('',*,*,#3395,.T.);
#3398=ORIENTED_EDGE('',*,*,#3397,.F.);
#3399=ORIENTED_EDGE('',*,*,#3383,.T.);
#3400=ORIENTED_EDGE('',*,*,#3305,.F.);
#3401=EDGE_LOOP('',(#3396,#3398,#3399,#3400));
#3402=FACE_OUTER_BOUND('',#3401,.F.);
#3403=ADVANCED_FACE('',(#3402),#3394,.T.);
#3404=CARTESIAN_POINT('',(0.E0,0.E0,4.25E0));
#3405=DIRECTION('',(0.E0,0.E0,1.E0));
#3406=DIRECTION('',(1.E0,0.E0,0.E0));
#3407=AXIS2_PLACEMENT_3D('',#3404,#3405,#3406);
#3408=PLANE('',#3407);
#3410=ORIENTED_EDGE('',*,*,#3409,.F.);
#3412=ORIENTED_EDGE('',*,*,#3411,.F.);
#3414=ORIENTED_EDGE('',*,*,#3413,.T.);
#3416=ORIENTED_EDGE('',*,*,#3415,.F.);
#3417=ORIENTED_EDGE('',*,*,#3395,.F.);
#3419=ORIENTED_EDGE('',*,*,#3418,.F.);
#3421=ORIENTED_EDGE('',*,*,#3420,.F.);
#3422=EDGE_LOOP('',(#3410,#3412,#3414,#3416,#3417,#3419,#3421));
#3423=FACE_OUTER_BOUND('',#3422,.F.);
#3424=ADVANCED_FACE('',(#3423),#3408,.T.);
#3425=CARTESIAN_POINT('',(2.2E0,4.341848E1,3.95E0));
#3426=DIRECTION('',(0.E0,-1.E0,0.E0));
#3427=DIRECTION('',(1.E0,0.E0,0.E0));
#3428=AXIS2_PLACEMENT_3D('',#3425,#3426,#3427);
#3429=CYLINDRICAL_SURFACE('',#3428,3.E-1);
#3431=ORIENTED_EDGE('',*,*,#3430,.T.);
#3433=ORIENTED_EDGE('',*,*,#3432,.F.);
#3434=ORIENTED_EDGE('',*,*,#3409,.T.);
#3436=ORIENTED_EDGE('',*,*,#3435,.F.);
#3437=EDGE_LOOP('',(#3431,#3433,#3434,#3436));
#3438=FACE_OUTER_BOUND('',#3437,.F.);
#3439=ADVANCED_FACE('',(#3438),#3429,.T.);
#3440=CARTESIAN_POINT('',(2.5E0,-4.25E0,-4.25E0));
#3441=DIRECTION('',(1.E0,0.E0,0.E0));
#3442=DIRECTION('',(0.E0,1.E0,0.E0));
#3443=AXIS2_PLACEMENT_3D('',#3440,#3441,#3442);
#3444=PLANE('',#3443);
#3446=ORIENTED_EDGE('',*,*,#3445,.T.);
#3448=ORIENTED_EDGE('',*,*,#3447,.T.);
#3449=ORIENTED_EDGE('',*,*,#3430,.F.);
#3451=ORIENTED_EDGE('',*,*,#3450,.T.);
#3452=EDGE_LOOP('',(#3446,#3448,#3449,#3451));
#3453=FACE_OUTER_BOUND('',#3452,.F.);
#3454=ADVANCED_FACE('',(#3453),#3444,.T.);
#3455=CARTESIAN_POINT('',(2.2E0,-3.95E0,3.327781061282E0));
#3456=DIRECTION('',(0.E0,0.E0,-1.E0));
#3457=DIRECTION('',(1.E0,0.E0,0.E0));
#3458=AXIS2_PLACEMENT_3D('',#3455,#3456,#3457);
#3459=CYLINDRICAL_SURFACE('',#3458,3.E-1);
#3461=ORIENTED_EDGE('',*,*,#3460,.T.);
#3463=ORIENTED_EDGE('',*,*,#3462,.F.);
#3464=ORIENTED_EDGE('',*,*,#3445,.F.);
#3466=ORIENTED_EDGE('',*,*,#3465,.F.);
#3467=EDGE_LOOP('',(#3461,#3463,#3464,#3466));
#3468=FACE_OUTER_BOUND('',#3467,.F.);
#3469=ADVANCED_FACE('',(#3468),#3459,.T.);
#3470=CARTESIAN_POINT('',(0.E0,-4.25E0,-4.25E0));
#3471=DIRECTION('',(0.E0,-1.E0,0.E0));
#3472=DIRECTION('',(1.E0,0.E0,0.E0));
#3473=AXIS2_PLACEMENT_3D('',#3470,#3471,#3472);
#3474=PLANE('',#3473);
#3476=ORIENTED_EDGE('',*,*,#3475,.F.);
#3478=ORIENTED_EDGE('',*,*,#3477,.F.);
#3480=ORIENTED_EDGE('',*,*,#3479,.F.);
#3482=ORIENTED_EDGE('',*,*,#3481,.F.);
#3483=ORIENTED_EDGE('',*,*,#3460,.F.);
#3484=EDGE_LOOP('',(#3476,#3478,#3480,#3482,#3483));
#3485=FACE_OUTER_BOUND('',#3484,.F.);
#3486=ADVANCED_FACE('',(#3485),#3474,.T.);
#3487=CARTESIAN_POINT('',(2.2E0,-3.95E0,-3.300820141267E0));
#3488=DIRECTION('',(0.E0,0.E0,1.E0));
#3489=DIRECTION('',(0.E0,-1.E0,0.E0));
#3490=AXIS2_PLACEMENT_3D('',#3487,#3488,#3489);
#3491=CYLINDRICAL_SURFACE('',#3490,3.E-1);
#3493=ORIENTED_EDGE('',*,*,#3492,.F.);
#3495=ORIENTED_EDGE('',*,*,#3494,.F.);
#3496=ORIENTED_EDGE('',*,*,#3475,.T.);
#3498=ORIENTED_EDGE('',*,*,#3497,.F.);
#3499=EDGE_LOOP('',(#3493,#3495,#3496,#3498));
#3500=FACE_OUTER_BOUND('',#3499,.F.);
#3501=ADVANCED_FACE('',(#3500),#3491,.T.);
#3502=CARTESIAN_POINT('',(2.5E0,-4.25E0,-4.25E0));
#3503=DIRECTION('',(1.E0,0.E0,0.E0));
#3504=DIRECTION('',(0.E0,1.E0,0.E0));
#3505=AXIS2_PLACEMENT_3D('',#3502,#3503,#3504);
#3506=PLANE('',#3505);
#3508=ORIENTED_EDGE('',*,*,#3507,.F.);
#3510=ORIENTED_EDGE('',*,*,#3509,.T.);
#3511=ORIENTED_EDGE('',*,*,#3492,.T.);
#3513=ORIENTED_EDGE('',*,*,#3512,.T.);
#3514=EDGE_LOOP('',(#3508,#3510,#3511,#3513));
#3515=FACE_OUTER_BOUND('',#3514,.F.);
#3516=ADVANCED_FACE('',(#3515),#3506,.T.);
#3517=CARTESIAN_POINT('',(2.2E0,4.341848E1,-3.95E0));
#3518=DIRECTION('',(0.E0,-1.E0,0.E0));
#3519=DIRECTION('',(0.E0,0.E0,-1.E0));
#3520=AXIS2_PLACEMENT_3D('',#3517,#3518,#3519);
#3521=CYLINDRICAL_SURFACE('',#3520,3.E-1);
#3523=ORIENTED_EDGE('',*,*,#3522,.T.);
#3525=ORIENTED_EDGE('',*,*,#3524,.F.);
#3526=ORIENTED_EDGE('',*,*,#3507,.T.);
#3528=ORIENTED_EDGE('',*,*,#3527,.F.);
#3529=EDGE_LOOP('',(#3523,#3525,#3526,#3528));
#3530=FACE_OUTER_BOUND('',#3529,.F.);
#3531=ADVANCED_FACE('',(#3530),#3521,.T.);
#3532=CARTESIAN_POINT('',(0.E0,0.E0,-4.25E0));
#3533=DIRECTION('',(0.E0,0.E0,1.E0));
#3534=DIRECTION('',(1.E0,0.E0,0.E0));
#3535=AXIS2_PLACEMENT_3D('',#3532,#3533,#3534);
#3536=PLANE('',#3535);
#3537=ORIENTED_EDGE('',*,*,#3522,.F.);
#3539=ORIENTED_EDGE('',*,*,#3538,.F.);
#3541=ORIENTED_EDGE('',*,*,#3540,.F.);
#3543=ORIENTED_EDGE('',*,*,#3542,.F.);
#3545=ORIENTED_EDGE('',*,*,#3544,.F.);
#3547=ORIENTED_EDGE('',*,*,#3546,.T.);
#3549=ORIENTED_EDGE('',*,*,#3548,.F.);
#3550=EDGE_LOOP('',(#3537,#3539,#3541,#3543,#3545,#3547,#3549));
#3551=FACE_OUTER_BOUND('',#3550,.F.);
#3552=ADVANCED_FACE('',(#3551),#3536,.F.);
#3553=CARTESIAN_POINT('',(2.2E0,4.341848E1,-3.95E0));
#3554=DIRECTION('',(0.E0,-1.E0,0.E0));
#3555=DIRECTION('',(0.E0,0.E0,-1.E0));
#3556=AXIS2_PLACEMENT_3D('',#3553,#3554,#3555);
#3557=CYLINDRICAL_SURFACE('',#3556,3.E-1);
#3559=ORIENTED_EDGE('',*,*,#3558,.T.);
#3561=ORIENTED_EDGE('',*,*,#3560,.F.);
#3562=ORIENTED_EDGE('',*,*,#3538,.T.);
#3564=ORIENTED_EDGE('',*,*,#3563,.F.);
#3565=EDGE_LOOP('',(#3559,#3561,#3562,#3564));
#3566=FACE_OUTER_BOUND('',#3565,.F.);
#3567=ADVANCED_FACE('',(#3566),#3557,.T.);
#3568=CARTESIAN_POINT('',(2.5E0,-4.25E0,-4.25E0));
#3569=DIRECTION('',(1.E0,0.E0,0.E0));
#3570=DIRECTION('',(0.E0,1.E0,0.E0));
#3571=AXIS2_PLACEMENT_3D('',#3568,#3569,#3570);
#3572=PLANE('',#3571);
#3574=ORIENTED_EDGE('',*,*,#3573,.T.);
#3576=ORIENTED_EDGE('',*,*,#3575,.F.);
#3577=ORIENTED_EDGE('',*,*,#3558,.F.);
#3578=EDGE_LOOP('',(#3574,#3576,#3577));
#3579=FACE_OUTER_BOUND('',#3578,.F.);
#3580=ADVANCED_FACE('',(#3579),#3572,.T.);
#3581=CARTESIAN_POINT('',(1.59625E1,0.E0,0.E0));
#3582=DIRECTION('',(-1.E0,0.E0,0.E0));
#3583=DIRECTION('',(0.E0,1.E0,0.E0));
#3584=AXIS2_PLACEMENT_3D('',#3581,#3582,#3583);
#3585=CYLINDRICAL_SURFACE('',#3584,4.25E0);
#3586=ORIENTED_EDGE('',*,*,#3450,.F.);
#3587=ORIENTED_EDGE('',*,*,#3435,.T.);
#3589=ORIENTED_EDGE('',*,*,#3588,.T.);
#3591=ORIENTED_EDGE('',*,*,#3590,.F.);
#3593=ORIENTED_EDGE('',*,*,#3592,.F.);
#3594=ORIENTED_EDGE('',*,*,#3297,.F.);
#3595=ORIENTED_EDGE('',*,*,#3295,.F.);
#3597=ORIENTED_EDGE('',*,*,#3596,.F.);
#3599=ORIENTED_EDGE('',*,*,#3598,.F.);
#3601=ORIENTED_EDGE('',*,*,#3600,.F.);
#3602=ORIENTED_EDGE('',*,*,#3287,.F.);
#3603=ORIENTED_EDGE('',*,*,#3285,.F.);
#3605=ORIENTED_EDGE('',*,*,#3604,.T.);
#3606=ORIENTED_EDGE('',*,*,#3573,.F.);
#3607=ORIENTED_EDGE('',*,*,#3563,.T.);
#3608=ORIENTED_EDGE('',*,*,#3527,.T.);
#3609=ORIENTED_EDGE('',*,*,#3512,.F.);
#3610=ORIENTED_EDGE('',*,*,#3497,.T.);
#3611=ORIENTED_EDGE('',*,*,#3465,.T.);
#3612=EDGE_LOOP('',(#3586,#3587,#3589,#3591,#3593,#3594,#3595,#3597,#3599,#3601,
#3602,#3603,#3605,#3606,#3607,#3608,#3609,#3610,#3611));
#3613=FACE_OUTER_BOUND('',#3612,.F.);
#3614=ADVANCED_FACE('',(#3613),#3585,.T.);
#3615=CARTESIAN_POINT('',(2.2E0,4.341848E1,3.95E0));
#3616=DIRECTION('',(0.E0,-1.E0,0.E0));
#3617=DIRECTION('',(1.E0,0.E0,0.E0));
#3618=AXIS2_PLACEMENT_3D('',#3615,#3616,#3617);
#3619=CYLINDRICAL_SURFACE('',#3618,3.E-1);
#3620=ORIENTED_EDGE('',*,*,#3420,.T.);
#3622=ORIENTED_EDGE('',*,*,#3621,.F.);
#3624=ORIENTED_EDGE('',*,*,#3623,.T.);
#3625=ORIENTED_EDGE('',*,*,#3588,.F.);
#3626=EDGE_LOOP('',(#3620,#3622,#3624,#3625));
#3627=FACE_OUTER_BOUND('',#3626,.F.);
#3628=ADVANCED_FACE('',(#3627),#3619,.T.);
#3629=CARTESIAN_POINT('',(2.2E0,2.2E0,3.95E0));
#3630=DIRECTION('',(0.E0,1.E0,0.E0));
#3631=DIRECTION('',(0.E0,0.E0,1.E0));
#3632=AXIS2_PLACEMENT_3D('',#3629,#3630,#3631);
#3633=SPHERICAL_SURFACE('',#3632,3.E-1);
#3635=ORIENTED_EDGE('',*,*,#3634,.T.);
#3636=ORIENTED_EDGE('',*,*,#3621,.T.);
#3638=ORIENTED_EDGE('',*,*,#3637,.T.);
#3639=EDGE_LOOP('',(#3635,#3636,#3638));
#3640=FACE_OUTER_BOUND('',#3639,.F.);
#3641=ADVANCED_FACE('',(#3640),#3633,.T.);
#3642=CARTESIAN_POINT('',(2.2E0,2.2E0,2.454916275037E1));
#3643=DIRECTION('',(0.E0,0.E0,-1.E0));
#3644=DIRECTION('',(0.E0,1.E0,0.E0));
#3645=AXIS2_PLACEMENT_3D('',#3642,#3643,#3644);
#3646=CYLINDRICAL_SURFACE('',#3645,3.E-1);
#3647=ORIENTED_EDGE('',*,*,#3634,.F.);
#3649=ORIENTED_EDGE('',*,*,#3648,.T.);
#3650=ORIENTED_EDGE('',*,*,#3299,.F.);
#3651=ORIENTED_EDGE('',*,*,#3592,.T.);
#3653=ORIENTED_EDGE('',*,*,#3652,.T.);
#3654=EDGE_LOOP('',(#3647,#3649,#3650,#3651,#3653));
#3655=FACE_OUTER_BOUND('',#3654,.F.);
#3656=ADVANCED_FACE('',(#3655),#3646,.T.);
#3657=CARTESIAN_POINT('',(2.5E0,2.5E0,-4.25E0));
#3658=DIRECTION('',(0.E0,1.E0,0.E0));
#3659=DIRECTION('',(-1.E0,0.E0,0.E0));
#3660=AXIS2_PLACEMENT_3D('',#3657,#3658,#3659);
#3661=PLANE('',#3660);
#3662=ORIENTED_EDGE('',*,*,#3301,.T.);
#3663=ORIENTED_EDGE('',*,*,#3648,.F.);
#3665=ORIENTED_EDGE('',*,*,#3664,.F.);
#3666=EDGE_LOOP('',(#3662,#3663,#3665));
#3667=FACE_OUTER_BOUND('',#3666,.F.);
#3668=ADVANCED_FACE('',(#3667),#3661,.T.);
#3669=CARTESIAN_POINT('',(4.341848E1,2.2E0,3.95E0));
#3670=DIRECTION('',(-1.E0,0.E0,0.E0));
#3671=DIRECTION('',(0.E0,0.E0,1.E0));
#3672=AXIS2_PLACEMENT_3D('',#3669,#3670,#3671);
#3673=CYLINDRICAL_SURFACE('',#3672,3.E-1);
#3674=ORIENTED_EDGE('',*,*,#3664,.T.);
#3675=ORIENTED_EDGE('',*,*,#3637,.F.);
#3676=ORIENTED_EDGE('',*,*,#3418,.T.);
#3677=ORIENTED_EDGE('',*,*,#3303,.F.);
#3678=EDGE_LOOP('',(#3674,#3675,#3676,#3677));
#3679=FACE_OUTER_BOUND('',#3678,.F.);
#3680=ADVANCED_FACE('',(#3679),#3673,.T.);
#3681=CARTESIAN_POINT('',(2.5E0,-4.25E0,-4.25E0));
#3682=DIRECTION('',(1.E0,0.E0,0.E0));
#3683=DIRECTION('',(0.E0,1.E0,0.E0));
#3684=AXIS2_PLACEMENT_3D('',#3681,#3682,#3683);
#3685=PLANE('',#3684);
#3686=ORIENTED_EDGE('',*,*,#3590,.T.);
#3687=ORIENTED_EDGE('',*,*,#3623,.F.);
#3688=ORIENTED_EDGE('',*,*,#3652,.F.);
#3689=EDGE_LOOP('',(#3686,#3687,#3688));
#3690=FACE_OUTER_BOUND('',#3689,.F.);
#3691=ADVANCED_FACE('',(#3690),#3685,.T.);
#3692=CARTESIAN_POINT('',(3.E0,0.E0,0.E0));
#3693=DIRECTION('',(-1.E0,0.E0,0.E0));
#3694=DIRECTION('',(0.E0,9.999994084209E-1,1.087730577645E-3));
#3695=AXIS2_PLACEMENT_3D('',#3692,#3693,#3694);
#3696=TOROIDAL_SURFACE('',#3695,4.75E0,5.E-1);
#3698=ORIENTED_EDGE('',*,*,#3697,.F.);
#3700=ORIENTED_EDGE('',*,*,#3699,.F.);
#3702=ORIENTED_EDGE('',*,*,#3701,.F.);
#3703=ORIENTED_EDGE('',*,*,#3600,.T.);
#3704=ORIENTED_EDGE('',*,*,#3598,.T.);
#3705=ORIENTED_EDGE('',*,*,#3596,.T.);
#3707=ORIENTED_EDGE('',*,*,#3706,.T.);
#3708=EDGE_LOOP('',(#3698,#3700,#3702,#3703,#3704,#3705,#3707));
#3709=FACE_OUTER_BOUND('',#3708,.F.);
#3710=ADVANCED_FACE('',(#3709),#3696,.F.);
#3711=CARTESIAN_POINT('',(3.5E0,0.E0,0.E0));
#3712=DIRECTION('',(-1.E0,0.E0,0.E0));
#3713=DIRECTION('',(0.E0,1.E0,0.E0));
#3714=AXIS2_PLACEMENT_3D('',#3711,#3712,#3713);
#3715=PLANE('',#3714);
#3716=ORIENTED_EDGE('',*,*,#3699,.T.);
#3717=ORIENTED_EDGE('',*,*,#3697,.T.);
#3719=ORIENTED_EDGE('',*,*,#3718,.F.);
#3721=ORIENTED_EDGE('',*,*,#3720,.T.);
#3723=ORIENTED_EDGE('',*,*,#3722,.T.);
#3725=ORIENTED_EDGE('',*,*,#3724,.F.);
#3726=EDGE_LOOP('',(#3716,#3717,#3719,#3721,#3723,#3725));
#3727=FACE_OUTER_BOUND('',#3726,.F.);
#3728=ADVANCED_FACE('',(#3727),#3715,.T.);
#3729=CARTESIAN_POINT('',(0.E0,3.5E0,0.E0));
#3730=DIRECTION('',(0.E0,-1.E0,0.E0));
#3731=DIRECTION('',(-1.E0,0.E0,0.E0));
#3732=AXIS2_PLACEMENT_3D('',#3729,#3730,#3731);
#3733=PLANE('',#3732);
#3735=ORIENTED_EDGE('',*,*,#3734,.T.);
#3737=ORIENTED_EDGE('',*,*,#3736,.T.);
#3738=ORIENTED_EDGE('',*,*,#3724,.T.);
#3740=ORIENTED_EDGE('',*,*,#3739,.T.);
#3742=ORIENTED_EDGE('',*,*,#3741,.T.);
#3743=ORIENTED_EDGE('',*,*,#3718,.T.);
#3744=EDGE_LOOP('',(#3735,#3737,#3738,#3740,#3742,#3743));
#3745=FACE_OUTER_BOUND('',#3744,.F.);
#3746=ADVANCED_FACE('',(#3745),#3733,.T.);
#3747=CARTESIAN_POINT('',(0.E0,3.E0,0.E0));
#3748=DIRECTION('',(0.E0,-1.E0,0.E0));
#3749=DIRECTION('',(9.999994084209E-1,0.E0,-1.087730577646E-3));
#3750=AXIS2_PLACEMENT_3D('',#3747,#3748,#3749);
#3751=TOROIDAL_SURFACE('',#3750,4.75E0,5.E-1);
#3752=ORIENTED_EDGE('',*,*,#3736,.F.);
#3753=ORIENTED_EDGE('',*,*,#3734,.F.);
#3754=ORIENTED_EDGE('',*,*,#3706,.F.);
#3755=ORIENTED_EDGE('',*,*,#3293,.T.);
#3756=ORIENTED_EDGE('',*,*,#3291,.T.);
#3757=ORIENTED_EDGE('',*,*,#3289,.T.);
#3758=ORIENTED_EDGE('',*,*,#3701,.T.);
#3759=EDGE_LOOP('',(#3752,#3753,#3754,#3755,#3756,#3757,#3758));
#3760=FACE_OUTER_BOUND('',#3759,.F.);
#3761=ADVANCED_FACE('',(#3760),#3751,.F.);
#3762=CARTESIAN_POINT('',(0.E0,3.8E0,0.E0));
#3763=DIRECTION('',(0.E0,-1.E0,0.E0));
#3764=DIRECTION('',(9.999994084209E-1,0.E0,-1.087730577646E-3));
#3765=AXIS2_PLACEMENT_3D('',#3762,#3763,#3764);
#3766=TOROIDAL_SURFACE('',#3765,4.95E0,3.E-1);
#3768=ORIENTED_EDGE('',*,*,#3767,.T.);
#3770=ORIENTED_EDGE('',*,*,#3769,.T.);
#3772=ORIENTED_EDGE('',*,*,#3771,.T.);
#3774=ORIENTED_EDGE('',*,*,#3773,.T.);
#3775=ORIENTED_EDGE('',*,*,#3741,.F.);
#3776=ORIENTED_EDGE('',*,*,#3739,.F.);
#3778=ORIENTED_EDGE('',*,*,#3777,.T.);
#3779=EDGE_LOOP('',(#3768,#3770,#3772,#3774,#3775,#3776,#3778));
#3780=FACE_OUTER_BOUND('',#3779,.F.);
#3781=ADVANCED_FACE('',(#3780),#3766,.T.);
#3782=CARTESIAN_POINT('',(0.E0,1.59625E1,0.E0));
#3783=DIRECTION('',(0.E0,-1.E0,0.E0));
#3784=DIRECTION('',(-1.E0,0.E0,0.E0));
#3785=AXIS2_PLACEMENT_3D('',#3782,#3783,#3784);
#3786=CYLINDRICAL_SURFACE('',#3785,5.25E0);
#3787=ORIENTED_EDGE('',*,*,#3771,.F.);
#3788=ORIENTED_EDGE('',*,*,#3769,.F.);
#3789=ORIENTED_EDGE('',*,*,#3767,.F.);
#3791=ORIENTED_EDGE('',*,*,#3790,.F.);
#3793=ORIENTED_EDGE('',*,*,#3792,.F.);
#3795=ORIENTED_EDGE('',*,*,#3794,.F.);
#3797=ORIENTED_EDGE('',*,*,#3796,.T.);
#3798=EDGE_LOOP('',(#3787,#3788,#3789,#3791,#3793,#3795,#3797));
#3799=FACE_OUTER_BOUND('',#3798,.F.);
#3800=ADVANCED_FACE('',(#3799),#3786,.T.);
#3801=CARTESIAN_POINT('',(1.59625E1,0.E0,0.E0));
#3802=DIRECTION('',(-1.E0,0.E0,0.E0));
#3803=DIRECTION('',(0.E0,1.E0,0.E0));
#3804=AXIS2_PLACEMENT_3D('',#3801,#3802,#3803);
#3805=CYLINDRICAL_SURFACE('',#3804,5.25E0);
#3807=ORIENTED_EDGE('',*,*,#3806,.F.);
#3809=ORIENTED_EDGE('',*,*,#3808,.F.);
#3811=ORIENTED_EDGE('',*,*,#3810,.F.);
#3812=ORIENTED_EDGE('',*,*,#3796,.F.);
#3814=ORIENTED_EDGE('',*,*,#3813,.F.);
#3816=ORIENTED_EDGE('',*,*,#3815,.F.);
#3817=ORIENTED_EDGE('',*,*,#3790,.T.);
#3818=EDGE_LOOP('',(#3807,#3809,#3811,#3812,#3814,#3816,#3817));
#3819=FACE_OUTER_BOUND('',#3818,.F.);
#3820=ADVANCED_FACE('',(#3819),#3805,.T.);
#3821=CARTESIAN_POINT('',(3.8E0,0.E0,0.E0));
#3822=DIRECTION('',(-1.E0,0.E0,0.E0));
#3823=DIRECTION('',(0.E0,9.999994084209E-1,1.087730577645E-3));
#3824=AXIS2_PLACEMENT_3D('',#3821,#3822,#3823);
#3825=TOROIDAL_SURFACE('',#3824,4.95E0,3.E-1);
#3826=ORIENTED_EDGE('',*,*,#3810,.T.);
#3827=ORIENTED_EDGE('',*,*,#3808,.T.);
#3828=ORIENTED_EDGE('',*,*,#3806,.T.);
#3829=ORIENTED_EDGE('',*,*,#3777,.F.);
#3830=ORIENTED_EDGE('',*,*,#3722,.F.);
#3831=ORIENTED_EDGE('',*,*,#3720,.F.);
#3832=ORIENTED_EDGE('',*,*,#3773,.F.);
#3833=EDGE_LOOP('',(#3826,#3827,#3828,#3829,#3830,#3831,#3832));
#3834=FACE_OUTER_BOUND('',#3833,.F.);
#3835=ADVANCED_FACE('',(#3834),#3825,.T.);
#3836=CARTESIAN_POINT('',(5.E0,0.E0,0.E0));
#3837=DIRECTION('',(-1.E0,0.E0,0.E0));
#3838=DIRECTION('',(0.E0,1.E0,0.E0));
#3839=AXIS2_PLACEMENT_3D('',#3836,#3837,#3838);
#3840=TOROIDAL_SURFACE('',#3839,6.25E0,1.E0);
#3842=ORIENTED_EDGE('',*,*,#3841,.F.);
#3844=ORIENTED_EDGE('',*,*,#3843,.F.);
#3846=ORIENTED_EDGE('',*,*,#3845,.F.);
#3848=ORIENTED_EDGE('',*,*,#3847,.T.);
#3850=ORIENTED_EDGE('',*,*,#3849,.F.);
#3851=ORIENTED_EDGE('',*,*,#3815,.T.);
#3852=ORIENTED_EDGE('',*,*,#3813,.T.);
#3854=ORIENTED_EDGE('',*,*,#3853,.F.);
#3856=ORIENTED_EDGE('',*,*,#3855,.T.);
#3858=ORIENTED_EDGE('',*,*,#3857,.F.);
#3859=EDGE_LOOP('',(#3842,#3844,#3846,#3848,#3850,#3851,#3852,#3854,#3856,
#3858));
#3860=FACE_OUTER_BOUND('',#3859,.F.);
#3861=ADVANCED_FACE('',(#3860),#3840,.F.);
#3862=CARTESIAN_POINT('',(6.E0,0.E0,0.E0));
#3863=DIRECTION('',(-1.E0,0.E0,0.E0));
#3864=DIRECTION('',(0.E0,1.E0,0.E0));
#3865=AXIS2_PLACEMENT_3D('',#3862,#3863,#3864);
#3866=PLANE('',#3865);
#3868=ORIENTED_EDGE('',*,*,#3867,.T.);
#3870=ORIENTED_EDGE('',*,*,#3869,.T.);
#3872=ORIENTED_EDGE('',*,*,#3871,.T.);
#3874=ORIENTED_EDGE('',*,*,#3873,.F.);
#3875=ORIENTED_EDGE('',*,*,#3843,.T.);
#3876=ORIENTED_EDGE('',*,*,#3841,.T.);
#3878=ORIENTED_EDGE('',*,*,#3877,.F.);
#3879=EDGE_LOOP('',(#3868,#3870,#3872,#3874,#3875,#3876,#3878));
#3880=FACE_OUTER_BOUND('',#3879,.F.);
#3881=ADVANCED_FACE('',(#3880),#3866,.T.);
#3882=CARTESIAN_POINT('',(6.2E0,0.E0,0.E0));
#3883=DIRECTION('',(-1.E0,0.E0,0.E0));
#3884=DIRECTION('',(0.E0,1.087730577645E-3,-9.999994084209E-1));
#3885=AXIS2_PLACEMENT_3D('',#3882,#3883,#3884);
#3886=TOROIDAL_SURFACE('',#3885,6.6E0,2.E-1);
#3888=ORIENTED_EDGE('',*,*,#3887,.T.);
#3890=ORIENTED_EDGE('',*,*,#3889,.T.);
#3892=ORIENTED_EDGE('',*,*,#3891,.F.);
#3893=ORIENTED_EDGE('',*,*,#3871,.F.);
#3894=ORIENTED_EDGE('',*,*,#3869,.F.);
#3895=ORIENTED_EDGE('',*,*,#3867,.F.);
#3897=ORIENTED_EDGE('',*,*,#3896,.F.);
#3898=EDGE_LOOP('',(#3888,#3890,#3892,#3893,#3894,#3895,#3897));
#3899=FACE_OUTER_BOUND('',#3898,.F.);
#3900=ADVANCED_FACE('',(#3899),#3886,.T.);
#3901=CARTESIAN_POINT('',(1.59625E1,0.E0,0.E0));
#3902=DIRECTION('',(-1.E0,0.E0,0.E0));
#3903=DIRECTION('',(0.E0,1.E0,0.E0));
#3904=AXIS2_PLACEMENT_3D('',#3901,#3902,#3903);
#3905=CYLINDRICAL_SURFACE('',#3904,6.8E0);
#3906=ORIENTED_EDGE('',*,*,#3887,.F.);
#3908=ORIENTED_EDGE('',*,*,#3907,.F.);
#3910=ORIENTED_EDGE('',*,*,#3909,.F.);
#3912=ORIENTED_EDGE('',*,*,#3911,.F.);
#3913=EDGE_LOOP('',(#3906,#3908,#3910,#3912));
#3914=FACE_OUTER_BOUND('',#3913,.F.);
#3915=ADVANCED_FACE('',(#3914),#3905,.T.);
#3916=CARTESIAN_POINT('',(0.E0,1.59625E1,0.E0));
#3917=DIRECTION('',(0.E0,-1.E0,0.E0));
#3918=DIRECTION('',(-1.E0,0.E0,0.E0));
#3919=AXIS2_PLACEMENT_3D('',#3916,#3917,#3918);
#3920=CYLINDRICAL_SURFACE('',#3919,6.8E0);
#3922=ORIENTED_EDGE('',*,*,#3921,.F.);
#3924=ORIENTED_EDGE('',*,*,#3923,.T.);
#3926=ORIENTED_EDGE('',*,*,#3925,.F.);
#3927=ORIENTED_EDGE('',*,*,#3907,.T.);
#3928=EDGE_LOOP('',(#3922,#3924,#3926,#3927));
#3929=FACE_OUTER_BOUND('',#3928,.F.);
#3930=ADVANCED_FACE('',(#3929),#3920,.T.);
#3931=CARTESIAN_POINT('',(0.E0,6.2E0,0.E0));
#3932=DIRECTION('',(0.E0,-1.E0,0.E0));
#3933=DIRECTION('',(1.087730577645E-3,0.E0,9.999994084209E-1));
#3934=AXIS2_PLACEMENT_3D('',#3931,#3932,#3933);
#3935=TOROIDAL_SURFACE('',#3934,6.6E0,2.E-1);
#3937=ORIENTED_EDGE('',*,*,#3936,.T.);
#3938=ORIENTED_EDGE('',*,*,#3921,.T.);
#3939=ORIENTED_EDGE('',*,*,#3896,.T.);
#3941=ORIENTED_EDGE('',*,*,#3940,.F.);
#3943=ORIENTED_EDGE('',*,*,#3942,.F.);
#3945=ORIENTED_EDGE('',*,*,#3944,.F.);
#3946=ORIENTED_EDGE('',*,*,#3891,.T.);
#3947=EDGE_LOOP('',(#3937,#3938,#3939,#3941,#3943,#3945,#3946));
#3948=FACE_OUTER_BOUND('',#3947,.F.);
#3949=ADVANCED_FACE('',(#3948),#3935,.T.);
#3950=CARTESIAN_POINT('',(0.E0,1.59625E1,0.E0));
#3951=DIRECTION('',(0.E0,-1.E0,0.E0));
#3952=DIRECTION('',(-1.E0,0.E0,0.E0));
#3953=AXIS2_PLACEMENT_3D('',#3950,#3951,#3952);
#3954=CYLINDRICAL_SURFACE('',#3953,6.8E0);
#3955=ORIENTED_EDGE('',*,*,#3936,.F.);
#3957=ORIENTED_EDGE('',*,*,#3956,.T.);
#3959=ORIENTED_EDGE('',*,*,#3958,.F.);
#3960=ORIENTED_EDGE('',*,*,#3923,.F.);
#3961=EDGE_LOOP('',(#3955,#3957,#3959,#3960));
#3962=FACE_OUTER_BOUND('',#3961,.F.);
#3963=ADVANCED_FACE('',(#3962),#3954,.T.);
#3964=CARTESIAN_POINT('',(1.59625E1,0.E0,0.E0));
#3965=DIRECTION('',(-1.E0,0.E0,0.E0));
#3966=DIRECTION('',(0.E0,1.E0,0.E0));
#3967=AXIS2_PLACEMENT_3D('',#3964,#3965,#3966);
#3968=CYLINDRICAL_SURFACE('',#3967,6.8E0);
#3969=ORIENTED_EDGE('',*,*,#3889,.F.);
#3970=ORIENTED_EDGE('',*,*,#3911,.T.);
#3972=ORIENTED_EDGE('',*,*,#3971,.F.);
#3973=ORIENTED_EDGE('',*,*,#3956,.F.);
#3974=EDGE_LOOP('',(#3969,#3970,#3972,#3973));
#3975=FACE_OUTER_BOUND('',#3974,.F.);
#3976=ADVANCED_FACE('',(#3975),#3968,.T.);
#3977=CARTESIAN_POINT('',(6.8E0,0.E0,0.E0));
#3978=DIRECTION('',(-1.E0,0.E0,0.E0));
#3979=DIRECTION('',(0.E0,1.E0,0.E0));
#3980=AXIS2_PLACEMENT_3D('',#3977,#3978,#3979);
#3981=PLANE('',#3980);
#3982=ORIENTED_EDGE('',*,*,#3909,.T.);
#3983=ORIENTED_EDGE('',*,*,#3971,.T.);
#3984=EDGE_LOOP('',(#3982,#3983));
#3985=FACE_OUTER_BOUND('',#3984,.F.);
#3987=ORIENTED_EDGE('',*,*,#3986,.T.);
#3989=ORIENTED_EDGE('',*,*,#3988,.T.);
#3990=EDGE_LOOP('',(#3987,#3989));
#3991=FACE_BOUND('',#3990,.F.);
#3992=ADVANCED_FACE('',(#3985,#3991),#3981,.F.);
#3993=CARTESIAN_POINT('',(1.59625E1,0.E0,0.E0));
#3994=DIRECTION('',(-1.E0,0.E0,0.E0));
#3995=DIRECTION('',(0.E0,1.E0,0.E0));
#3996=AXIS2_PLACEMENT_3D('',#3993,#3994,#3995);
#3997=CYLINDRICAL_SURFACE('',#3996,6.6E0);
#3999=ORIENTED_EDGE('',*,*,#3998,.F.);
#4001=ORIENTED_EDGE('',*,*,#4000,.F.);
#4002=ORIENTED_EDGE('',*,*,#3986,.F.);
#4004=ORIENTED_EDGE('',*,*,#4003,.T.);
#4005=EDGE_LOOP('',(#3999,#4001,#4002,#4004));
#4006=FACE_OUTER_BOUND('',#4005,.F.);
#4007=ADVANCED_FACE('',(#4006),#3997,.T.);
#4008=CARTESIAN_POINT('',(7.1E0,0.E0,0.E0));
#4009=DIRECTION('',(-1.E0,0.E0,0.E0));
#4010=DIRECTION('',(0.E0,1.E0,0.E0));
#4011=AXIS2_PLACEMENT_3D('',#4008,#4009,#4010);
#4012=PLANE('',#4011);
#4014=ORIENTED_EDGE('',*,*,#4013,.T.);
#4016=ORIENTED_EDGE('',*,*,#4015,.T.);
#4017=EDGE_LOOP('',(#4014,#4016));
#4018=FACE_OUTER_BOUND('',#4017,.F.);
#4020=ORIENTED_EDGE('',*,*,#4019,.T.);
#4021=ORIENTED_EDGE('',*,*,#3998,.T.);
#4022=EDGE_LOOP('',(#4020,#4021));
#4023=FACE_BOUND('',#4022,.F.);
#4024=ADVANCED_FACE('',(#4018,#4023),#4012,.T.);
#4025=CARTESIAN_POINT('',(1.96475E1,0.E0,0.E0));
#4026=DIRECTION('',(-1.E0,0.E0,0.E0));
#4027=DIRECTION('',(0.E0,1.E0,0.E0));
#4028=AXIS2_PLACEMENT_3D('',#4025,#4026,#4027);
#4029=CYLINDRICAL_SURFACE('',#4028,6.8E0);
#4031=ORIENTED_EDGE('',*,*,#4030,.T.);
#4033=ORIENTED_EDGE('',*,*,#4032,.F.);
#4035=ORIENTED_EDGE('',*,*,#4034,.T.);
#4036=ORIENTED_EDGE('',*,*,#4013,.F.);
#4038=ORIENTED_EDGE('',*,*,#4037,.F.);
#4040=ORIENTED_EDGE('',*,*,#4039,.F.);
#4042=ORIENTED_EDGE('',*,*,#4041,.T.);
#4044=ORIENTED_EDGE('',*,*,#4043,.F.);
#4046=ORIENTED_EDGE('',*,*,#4045,.F.);
#4048=ORIENTED_EDGE('',*,*,#4047,.F.);
#4050=ORIENTED_EDGE('',*,*,#4049,.T.);
#4052=ORIENTED_EDGE('',*,*,#4051,.F.);
#4053=EDGE_LOOP('',(#4031,#4033,#4035,#4036,#4038,#4040,#4042,#4044,#4046,#4048,
#4050,#4052));
#4054=FACE_OUTER_BOUND('',#4053,.F.);
#4056=ORIENTED_EDGE('',*,*,#4055,.T.);
#4058=ORIENTED_EDGE('',*,*,#4057,.F.);
#4060=ORIENTED_EDGE('',*,*,#4059,.T.);
#4062=ORIENTED_EDGE('',*,*,#4061,.F.);
#4063=EDGE_LOOP('',(#4056,#4058,#4060,#4062));
#4064=FACE_BOUND('',#4063,.F.);
#4065=ADVANCED_FACE('',(#4054,#4064),#4029,.T.);
#4066=CARTESIAN_POINT('',(1.072E1,4.678759012328E0,-3.55E0));
#4067=DIRECTION('',(0.E0,0.E0,1.E0));
#4068=DIRECTION('',(0.E0,1.E0,0.E0));
#4069=AXIS2_PLACEMENT_3D('',#4066,#4067,#4068);
#4070=PLANE('',#4069);
#4072=ORIENTED_EDGE('',*,*,#4071,.F.);
#4074=ORIENTED_EDGE('',*,*,#4073,.F.);
#4076=ORIENTED_EDGE('',*,*,#4075,.T.);
#4078=ORIENTED_EDGE('',*,*,#4077,.F.);
#4080=ORIENTED_EDGE('',*,*,#4079,.F.);
#4081=ORIENTED_EDGE('',*,*,#4030,.F.);
#4083=ORIENTED_EDGE('',*,*,#4082,.F.);
#4085=ORIENTED_EDGE('',*,*,#4084,.F.);
#4086=EDGE_LOOP('',(#4072,#4074,#4076,#4078,#4080,#4081,#4083,#4085));
#4087=FACE_OUTER_BOUND('',#4086,.F.);
#4088=ADVANCED_FACE('',(#4087),#4070,.T.);
#4089=CARTESIAN_POINT('',(9.85E0,0.E0,0.E0));
#4090=DIRECTION('',(-1.E0,0.E0,0.E0));
#4091=DIRECTION('',(0.E0,1.E0,0.E0));
#4092=AXIS2_PLACEMENT_3D('',#4089,#4090,#4091);
#4093=PLANE('',#4092);
#4095=ORIENTED_EDGE('',*,*,#4094,.T.);
#4097=ORIENTED_EDGE('',*,*,#4096,.T.);
#4099=ORIENTED_EDGE('',*,*,#4098,.T.);
#4100=ORIENTED_EDGE('',*,*,#4071,.T.);
#4102=ORIENTED_EDGE('',*,*,#4101,.T.);
#4104=ORIENTED_EDGE('',*,*,#4103,.T.);
#4105=EDGE_LOOP('',(#4095,#4097,#4099,#4100,#4102,#4104));
#4106=FACE_OUTER_BOUND('',#4105,.F.);
#4107=ADVANCED_FACE('',(#4106),#4093,.T.);
#4108=CARTESIAN_POINT('',(1.072E1,5.799784478754E0,3.55E0));
#4109=DIRECTION('',(0.E0,0.E0,-1.E0));
#4110=DIRECTION('',(0.E0,-1.E0,0.E0));
#4111=AXIS2_PLACEMENT_3D('',#4108,#4109,#4110);
#4112=PLANE('',#4111);
#4114=ORIENTED_EDGE('',*,*,#4113,.F.);
#4115=ORIENTED_EDGE('',*,*,#4094,.F.);
#4117=ORIENTED_EDGE('',*,*,#4116,.F.);
#4119=ORIENTED_EDGE('',*,*,#4118,.F.);
#4121=ORIENTED_EDGE('',*,*,#4120,.F.);
#4123=ORIENTED_EDGE('',*,*,#4122,.F.);
#4125=ORIENTED_EDGE('',*,*,#4124,.F.);
#4127=ORIENTED_EDGE('',*,*,#4126,.T.);
#4128=EDGE_LOOP('',(#4114,#4115,#4117,#4119,#4121,#4123,#4125,#4127));
#4129=FACE_OUTER_BOUND('',#4128,.F.);
#4130=ADVANCED_FACE('',(#4129),#4112,.T.);
#4131=CARTESIAN_POINT('',(1.59625E1,0.E0,0.E0));
#4132=DIRECTION('',(-1.E0,0.E0,0.E0));
#4133=DIRECTION('',(0.E0,1.E0,0.E0));
#4134=AXIS2_PLACEMENT_3D('',#4131,#4132,#4133);
#4135=CYLINDRICAL_SURFACE('',#4134,6.1E0);
#4137=ORIENTED_EDGE('',*,*,#4136,.F.);
#4139=ORIENTED_EDGE('',*,*,#4138,.F.);
#4140=ORIENTED_EDGE('',*,*,#4073,.T.);
#4141=ORIENTED_EDGE('',*,*,#4098,.F.);
#4142=ORIENTED_EDGE('',*,*,#4096,.F.);
#4143=ORIENTED_EDGE('',*,*,#4113,.T.);
#4144=EDGE_LOOP('',(#4137,#4139,#4140,#4141,#4142,#4143));
#4145=FACE_OUTER_BOUND('',#4144,.F.);
#4146=ADVANCED_FACE('',(#4145),#4135,.T.);
#4147=CARTESIAN_POINT('',(9.626911388478E0,0.E0,0.E0));
#4148=DIRECTION('',(-1.E0,0.E0,0.E0));
#4149=DIRECTION('',(0.E0,1.E0,0.E0));
#4150=AXIS2_PLACEMENT_3D('',#4147,#4148,#4149);
#4151=PLANE('',#4150);
#4152=ORIENTED_EDGE('',*,*,#4126,.F.);
#4154=ORIENTED_EDGE('',*,*,#4153,.T.);
#4156=ORIENTED_EDGE('',*,*,#4155,.T.);
#4157=ORIENTED_EDGE('',*,*,#4075,.F.);
#4158=ORIENTED_EDGE('',*,*,#4138,.T.);
#4159=ORIENTED_EDGE('',*,*,#4136,.T.);
#4160=EDGE_LOOP('',(#4152,#4154,#4156,#4157,#4158,#4159));
#4161=FACE_OUTER_BOUND('',#4160,.F.);
#4162=ADVANCED_FACE('',(#4161),#4151,.F.);
#4163=CARTESIAN_POINT('',(9.169630555563E0,0.E0,0.E0));
#4164=DIRECTION('',(-1.E0,0.E0,0.E0));
#4165=DIRECTION('',(0.E0,1.E0,0.E0));
#4166=AXIS2_PLACEMENT_3D('',#4163,#4164,#4165);
#4167=CONICAL_SURFACE('',#4166,6.539356832171E0,2.75E1);
#4168=ORIENTED_EDGE('',*,*,#4155,.F.);
#4169=ORIENTED_EDGE('',*,*,#4153,.F.);
#4170=ORIENTED_EDGE('',*,*,#4124,.T.);
#4172=ORIENTED_EDGE('',*,*,#4171,.F.);
#4174=ORIENTED_EDGE('',*,*,#4173,.F.);
#4175=ORIENTED_EDGE('',*,*,#4077,.T.);
#4176=EDGE_LOOP('',(#4168,#4169,#4170,#4172,#4174,#4175));
#4177=FACE_OUTER_BOUND('',#4176,.F.);
#4178=ADVANCED_FACE('',(#4177),#4167,.T.);
#4179=CARTESIAN_POINT('',(8.62E0,0.E0,0.E0));
#4180=DIRECTION('',(-1.E0,0.E0,0.E0));
#4181=DIRECTION('',(0.E0,1.E0,0.E0));
#4182=AXIS2_PLACEMENT_3D('',#4179,#4180,#4181);
#4183=TOROIDAL_SURFACE('',#4182,6.6E0,2.E-1);
#4184=ORIENTED_EDGE('',*,*,#4173,.T.);
#4185=ORIENTED_EDGE('',*,*,#4171,.T.);
#4186=ORIENTED_EDGE('',*,*,#4122,.T.);
#4188=ORIENTED_EDGE('',*,*,#4187,.T.);
#4189=ORIENTED_EDGE('',*,*,#4032,.T.);
#4190=ORIENTED_EDGE('',*,*,#4079,.T.);
#4191=EDGE_LOOP('',(#4184,#4185,#4186,#4188,#4189,#4190));
#4192=FACE_OUTER_BOUND('',#4191,.F.);
#4193=ADVANCED_FACE('',(#4192),#4183,.T.);
#4194=CARTESIAN_POINT('',(1.96475E1,0.E0,0.E0));
#4195=DIRECTION('',(-1.E0,0.E0,0.E0));
#4196=DIRECTION('',(0.E0,1.E0,0.E0));
#4197=AXIS2_PLACEMENT_3D('',#4194,#4195,#4196);
#4198=CYLINDRICAL_SURFACE('',#4197,6.8E0);
#4200=ORIENTED_EDGE('',*,*,#4199,.F.);
#4202=ORIENTED_EDGE('',*,*,#4201,.T.);
#4204=ORIENTED_EDGE('',*,*,#4203,.F.);
#4205=ORIENTED_EDGE('',*,*,#4037,.T.);
#4206=ORIENTED_EDGE('',*,*,#4015,.F.);
#4207=ORIENTED_EDGE('',*,*,#4034,.F.);
#4208=ORIENTED_EDGE('',*,*,#4187,.F.);
#4209=ORIENTED_EDGE('',*,*,#4120,.T.);
#4211=ORIENTED_EDGE('',*,*,#4210,.F.);
#4212=ORIENTED_EDGE('',*,*,#4049,.F.);
#4214=ORIENTED_EDGE('',*,*,#4213,.F.);
#4215=ORIENTED_EDGE('',*,*,#4045,.T.);
#4216=EDGE_LOOP('',(#4200,#4202,#4204,#4205,#4206,#4207,#4208,#4209,#4211,#4212,
#4214,#4215));
#4217=FACE_OUTER_BOUND('',#4216,.F.);
#4219=ORIENTED_EDGE('',*,*,#4218,.F.);
#4221=ORIENTED_EDGE('',*,*,#4220,.T.);
#4223=ORIENTED_EDGE('',*,*,#4222,.F.);
#4225=ORIENTED_EDGE('',*,*,#4224,.T.);
#4226=EDGE_LOOP('',(#4219,#4221,#4223,#4225));
#4227=FACE_BOUND('',#4226,.F.);
#4228=ADVANCED_FACE('',(#4217,#4227),#4198,.T.);
#4229=CARTESIAN_POINT('',(1.072E1,0.E0,0.E0));
#4230=DIRECTION('',(-1.E0,0.E0,0.E0));
#4231=DIRECTION('',(0.E0,1.E0,0.E0));
#4232=AXIS2_PLACEMENT_3D('',#4229,#4230,#4231);
#4233=PLANE('',#4232);
#4235=ORIENTED_EDGE('',*,*,#4234,.T.);
#4236=ORIENTED_EDGE('',*,*,#4199,.T.);
#4237=ORIENTED_EDGE('',*,*,#4043,.T.);
#4239=ORIENTED_EDGE('',*,*,#4238,.T.);
#4241=ORIENTED_EDGE('',*,*,#4240,.T.);
#4243=ORIENTED_EDGE('',*,*,#4242,.T.);
#4244=EDGE_LOOP('',(#4235,#4236,#4237,#4239,#4241,#4243));
#4245=FACE_OUTER_BOUND('',#4244,.F.);
#4246=ADVANCED_FACE('',(#4245),#4233,.T.);
#4247=CARTESIAN_POINT('',(1.072E1,-4.678759012328E0,3.55E0));
#4248=DIRECTION('',(0.E0,0.E0,-1.E0));
#4249=DIRECTION('',(0.E0,-1.E0,0.E0));
#4250=AXIS2_PLACEMENT_3D('',#4247,#4248,#4249);
#4251=PLANE('',#4250);
#4253=ORIENTED_EDGE('',*,*,#4252,.F.);
#4255=ORIENTED_EDGE('',*,*,#4254,.T.);
#4257=ORIENTED_EDGE('',*,*,#4256,.F.);
#4259=ORIENTED_EDGE('',*,*,#4258,.F.);
#4260=ORIENTED_EDGE('',*,*,#4201,.F.);
#4261=ORIENTED_EDGE('',*,*,#4234,.F.);
#4263=ORIENTED_EDGE('',*,*,#4262,.F.);
#4265=ORIENTED_EDGE('',*,*,#4264,.F.);
#4266=EDGE_LOOP('',(#4253,#4255,#4257,#4259,#4260,#4261,#4263,#4265));
#4267=FACE_OUTER_BOUND('',#4266,.F.);
#4268=ADVANCED_FACE('',(#4267),#4251,.T.);
#4269=CARTESIAN_POINT('',(1.59625E1,0.E0,0.E0));
#4270=DIRECTION('',(-1.E0,0.E0,0.E0));
#4271=DIRECTION('',(0.E0,1.E0,0.E0));
#4272=AXIS2_PLACEMENT_3D('',#4269,#4270,#4271);
#4273=CYLINDRICAL_SURFACE('',#4272,6.1E0);
#4275=ORIENTED_EDGE('',*,*,#4274,.F.);
#4277=ORIENTED_EDGE('',*,*,#4276,.F.);
#4279=ORIENTED_EDGE('',*,*,#4278,.T.);
#4281=ORIENTED_EDGE('',*,*,#4280,.F.);
#4283=ORIENTED_EDGE('',*,*,#4282,.F.);
#4284=ORIENTED_EDGE('',*,*,#4252,.T.);
#4285=EDGE_LOOP('',(#4275,#4277,#4279,#4281,#4283,#4284));
#4286=FACE_OUTER_BOUND('',#4285,.F.);
#4287=ADVANCED_FACE('',(#4286),#4273,.T.);
#4288=CARTESIAN_POINT('',(9.85E0,0.E0,0.E0));
#4289=DIRECTION('',(-1.E0,0.E0,0.E0));
#4290=DIRECTION('',(0.E0,1.E0,0.E0));
#4291=AXIS2_PLACEMENT_3D('',#4288,#4289,#4290);
#4292=PLANE('',#4291);
#4293=ORIENTED_EDGE('',*,*,#4264,.T.);
#4295=ORIENTED_EDGE('',*,*,#4294,.T.);
#4297=ORIENTED_EDGE('',*,*,#4296,.T.);
#4299=ORIENTED_EDGE('',*,*,#4298,.T.);
#4300=ORIENTED_EDGE('',*,*,#4276,.T.);
#4301=ORIENTED_EDGE('',*,*,#4274,.T.);
#4302=EDGE_LOOP('',(#4293,#4295,#4297,#4299,#4300,#4301));
#4303=FACE_OUTER_BOUND('',#4302,.F.);
#4304=ADVANCED_FACE('',(#4303),#4292,.T.);
#4305=CARTESIAN_POINT('',(1.59625E1,0.E0,0.E0));
#4306=DIRECTION('',(-1.E0,0.E0,0.E0));
#4307=DIRECTION('',(0.E0,1.E0,0.E0));
#4308=AXIS2_PLACEMENT_3D('',#4305,#4306,#4307);
#4309=CYLINDRICAL_SURFACE('',#4308,6.6E0);
#4310=ORIENTED_EDGE('',*,*,#4242,.F.);
#4311=ORIENTED_EDGE('',*,*,#4240,.F.);
#4313=ORIENTED_EDGE('',*,*,#4312,.T.);
#4314=ORIENTED_EDGE('',*,*,#4296,.F.);
#4315=ORIENTED_EDGE('',*,*,#4294,.F.);
#4316=ORIENTED_EDGE('',*,*,#4262,.T.);
#4317=EDGE_LOOP('',(#4310,#4311,#4313,#4314,#4315,#4316));
#4318=FACE_OUTER_BOUND('',#4317,.F.);
#4319=ADVANCED_FACE('',(#4318),#4309,.T.);
#4320=CARTESIAN_POINT('',(1.072E1,-5.799784478754E0,-3.55E0));
#4321=DIRECTION('',(0.E0,0.E0,1.E0));
#4322=DIRECTION('',(0.E0,1.E0,0.E0));
#4323=AXIS2_PLACEMENT_3D('',#4320,#4321,#4322);
#4324=PLANE('',#4323);
#4325=ORIENTED_EDGE('',*,*,#4298,.F.);
#4326=ORIENTED_EDGE('',*,*,#4312,.F.);
#4327=ORIENTED_EDGE('',*,*,#4238,.F.);
#4328=ORIENTED_EDGE('',*,*,#4041,.F.);
#4330=ORIENTED_EDGE('',*,*,#4329,.F.);
#4332=ORIENTED_EDGE('',*,*,#4331,.F.);
#4334=ORIENTED_EDGE('',*,*,#4333,.T.);
#4335=ORIENTED_EDGE('',*,*,#4278,.F.);
#4336=EDGE_LOOP('',(#4325,#4326,#4327,#4328,#4330,#4332,#4334,#4335));
#4337=FACE_OUTER_BOUND('',#4336,.F.);
#4338=ADVANCED_FACE('',(#4337),#4324,.T.);
#4339=CARTESIAN_POINT('',(8.62E0,0.E0,0.E0));
#4340=DIRECTION('',(-1.E0,0.E0,0.E0));
#4341=DIRECTION('',(0.E0,1.E0,0.E0));
#4342=AXIS2_PLACEMENT_3D('',#4339,#4340,#4341);
#4343=TOROIDAL_SURFACE('',#4342,6.6E0,2.E-1);
#4344=ORIENTED_EDGE('',*,*,#4039,.T.);
#4345=ORIENTED_EDGE('',*,*,#4203,.T.);
#4346=ORIENTED_EDGE('',*,*,#4258,.T.);
#4348=ORIENTED_EDGE('',*,*,#4347,.T.);
#4350=ORIENTED_EDGE('',*,*,#4349,.T.);
#4351=ORIENTED_EDGE('',*,*,#4329,.T.);
#4352=EDGE_LOOP('',(#4344,#4345,#4346,#4348,#4350,#4351));
#4353=FACE_OUTER_BOUND('',#4352,.F.);
#4354=ADVANCED_FACE('',(#4353),#4343,.T.);
#4355=CARTESIAN_POINT('',(9.169630555563E0,0.E0,0.E0));
#4356=DIRECTION('',(-1.E0,0.E0,0.E0));
#4357=DIRECTION('',(0.E0,1.E0,0.E0));
#4358=AXIS2_PLACEMENT_3D('',#4355,#4356,#4357);
#4359=CONICAL_SURFACE('',#4358,6.539356832171E0,2.75E1);
#4360=ORIENTED_EDGE('',*,*,#4349,.F.);
#4361=ORIENTED_EDGE('',*,*,#4347,.F.);
#4362=ORIENTED_EDGE('',*,*,#4256,.T.);
#4364=ORIENTED_EDGE('',*,*,#4363,.F.);
#4366=ORIENTED_EDGE('',*,*,#4365,.F.);
#4367=ORIENTED_EDGE('',*,*,#4331,.T.);
#4368=EDGE_LOOP('',(#4360,#4361,#4362,#4364,#4366,#4367));
#4369=FACE_OUTER_BOUND('',#4368,.F.);
#4370=ADVANCED_FACE('',(#4369),#4359,.T.);
#4371=CARTESIAN_POINT('',(9.626911388478E0,0.E0,0.E0));
#4372=DIRECTION('',(-1.E0,0.E0,0.E0));
#4373=DIRECTION('',(0.E0,1.E0,0.E0));
#4374=AXIS2_PLACEMENT_3D('',#4371,#4372,#4373);
#4375=PLANE('',#4374);
#4376=ORIENTED_EDGE('',*,*,#4254,.F.);
#4377=ORIENTED_EDGE('',*,*,#4282,.T.);
#4378=ORIENTED_EDGE('',*,*,#4280,.T.);
#4379=ORIENTED_EDGE('',*,*,#4333,.F.);
#4380=ORIENTED_EDGE('',*,*,#4365,.T.);
#4381=ORIENTED_EDGE('',*,*,#4363,.T.);
#4382=EDGE_LOOP('',(#4376,#4377,#4378,#4379,#4380,#4381));
#4383=FACE_OUTER_BOUND('',#4382,.F.);
#4384=ADVANCED_FACE('',(#4383),#4375,.F.);
#4385=CARTESIAN_POINT('',(1.072E1,0.E0,0.E0));
#4386=DIRECTION('',(-1.E0,0.E0,0.E0));
#4387=DIRECTION('',(0.E0,1.E0,0.E0));
#4388=AXIS2_PLACEMENT_3D('',#4385,#4386,#4387);
#4389=PLANE('',#4388);
#4390=ORIENTED_EDGE('',*,*,#4118,.T.);
#4392=ORIENTED_EDGE('',*,*,#4391,.T.);
#4394=ORIENTED_EDGE('',*,*,#4393,.T.);
#4395=ORIENTED_EDGE('',*,*,#4082,.T.);
#4396=ORIENTED_EDGE('',*,*,#4051,.T.);
#4397=ORIENTED_EDGE('',*,*,#4210,.T.);
#4398=EDGE_LOOP('',(#4390,#4392,#4394,#4395,#4396,#4397));
#4399=FACE_OUTER_BOUND('',#4398,.F.);
#4400=ADVANCED_FACE('',(#4399),#4389,.T.);
#4401=CARTESIAN_POINT('',(1.59625E1,0.E0,0.E0));
#4402=DIRECTION('',(-1.E0,0.E0,0.E0));
#4403=DIRECTION('',(0.E0,1.E0,0.E0));
#4404=AXIS2_PLACEMENT_3D('',#4401,#4402,#4403);
#4405=CYLINDRICAL_SURFACE('',#4404,6.6E0);
#4406=ORIENTED_EDGE('',*,*,#4103,.F.);
#4407=ORIENTED_EDGE('',*,*,#4101,.F.);
#4408=ORIENTED_EDGE('',*,*,#4084,.T.);
#4409=ORIENTED_EDGE('',*,*,#4393,.F.);
#4410=ORIENTED_EDGE('',*,*,#4391,.F.);
#4411=ORIENTED_EDGE('',*,*,#4116,.T.);
#4412=EDGE_LOOP('',(#4406,#4407,#4408,#4409,#4410,#4411));
#4413=FACE_OUTER_BOUND('',#4412,.F.);
#4414=ADVANCED_FACE('',(#4413),#4405,.T.);
#4415=CARTESIAN_POINT('',(1.333891108675E1,0.E0,0.E0));
#4416=DIRECTION('',(-1.E0,0.E0,0.E0));
#4417=DIRECTION('',(0.E0,1.E0,0.E0));
#4418=AXIS2_PLACEMENT_3D('',#4415,#4416,#4417);
#4419=TOROIDAL_SURFACE('',#4418,6.1E0,7.E-1);
#4421=ORIENTED_EDGE('',*,*,#4420,.F.);
#4423=ORIENTED_EDGE('',*,*,#4422,.T.);
#4425=ORIENTED_EDGE('',*,*,#4424,.T.);
#4426=ORIENTED_EDGE('',*,*,#4213,.T.);
#4427=EDGE_LOOP('',(#4421,#4423,#4425,#4426));
#4428=FACE_OUTER_BOUND('',#4427,.F.);
#4429=ADVANCED_FACE('',(#4428),#4419,.T.);
#4430=CARTESIAN_POINT('',(1.333891108675E1,0.E0,0.E0));
#4431=DIRECTION('',(-1.E0,0.E0,0.E0));
#4432=DIRECTION('',(0.E0,1.E0,0.E0));
#4433=AXIS2_PLACEMENT_3D('',#4430,#4431,#4432);
#4434=TOROIDAL_SURFACE('',#4433,6.1E0,7.E-1);
#4435=ORIENTED_EDGE('',*,*,#4420,.T.);
#4436=ORIENTED_EDGE('',*,*,#4047,.T.);
#4437=ORIENTED_EDGE('',*,*,#4424,.F.);
#4439=ORIENTED_EDGE('',*,*,#4438,.T.);
#4440=EDGE_LOOP('',(#4435,#4436,#4437,#4439));
#4441=FACE_OUTER_BOUND('',#4440,.F.);
#4442=ADVANCED_FACE('',(#4441),#4434,.T.);
#4443=CARTESIAN_POINT('',(1.550875443979E1,0.E0,0.E0));
#4444=DIRECTION('',(-1.E0,0.E0,0.E0));
#4445=DIRECTION('',(0.E0,1.E0,0.E0));
#4446=AXIS2_PLACEMENT_3D('',#4443,#4444,#4445);
#4447=CONICAL_SURFACE('',#4446,5.655530732896E0,3.E1);
#4449=ORIENTED_EDGE('',*,*,#4448,.T.);
#4450=ORIENTED_EDGE('',*,*,#4438,.F.);
#4452=ORIENTED_EDGE('',*,*,#4451,.F.);
#4454=ORIENTED_EDGE('',*,*,#4453,.F.);
#4455=EDGE_LOOP('',(#4449,#4450,#4452,#4454));
#4456=FACE_OUTER_BOUND('',#4455,.F.);
#4457=ADVANCED_FACE('',(#4456),#4447,.T.);
#4458=CARTESIAN_POINT('',(1.550875443979E1,0.E0,0.E0));
#4459=DIRECTION('',(-1.E0,0.E0,0.E0));
#4460=DIRECTION('',(0.E0,1.E0,0.E0));
#4461=AXIS2_PLACEMENT_3D('',#4458,#4459,#4460);
#4462=CONICAL_SURFACE('',#4461,5.655530732896E0,3.E1);
#4463=ORIENTED_EDGE('',*,*,#4448,.F.);
#4465=ORIENTED_EDGE('',*,*,#4464,.F.);
#4466=ORIENTED_EDGE('',*,*,#4451,.T.);
#4467=ORIENTED_EDGE('',*,*,#4422,.F.);
#4468=EDGE_LOOP('',(#4463,#4465,#4466,#4467));
#4469=FACE_OUTER_BOUND('',#4468,.F.);
#4470=ADVANCED_FACE('',(#4469),#4462,.T.);
#4471=CARTESIAN_POINT('',(1.712859779282E1,0.E0,0.E0));
#4472=DIRECTION('',(-1.E0,0.E0,0.E0));
#4473=DIRECTION('',(0.E0,1.E0,0.E0));
#4474=AXIS2_PLACEMENT_3D('',#4471,#4472,#4473);
#4475=TOROIDAL_SURFACE('',#4474,4.258433521620E0,4.E-1);
#4477=ORIENTED_EDGE('',*,*,#4476,.F.);
#4479=ORIENTED_EDGE('',*,*,#4478,.T.);
#4481=ORIENTED_EDGE('',*,*,#4480,.T.);
#4482=ORIENTED_EDGE('',*,*,#4464,.T.);
#4483=EDGE_LOOP('',(#4477,#4479,#4481,#4482));
#4484=FACE_OUTER_BOUND('',#4483,.F.);
#4485=ADVANCED_FACE('',(#4484),#4475,.T.);
#4486=CARTESIAN_POINT('',(1.712859779282E1,0.E0,0.E0));
#4487=DIRECTION('',(-1.E0,0.E0,0.E0));
#4488=DIRECTION('',(0.E0,1.E0,0.E0));
#4489=AXIS2_PLACEMENT_3D('',#4486,#4487,#4488);
#4490=TOROIDAL_SURFACE('',#4489,4.258433521620E0,4.E-1);
#4491=ORIENTED_EDGE('',*,*,#4476,.T.);
#4492=ORIENTED_EDGE('',*,*,#4453,.T.);
#4493=ORIENTED_EDGE('',*,*,#4480,.F.);
#4495=ORIENTED_EDGE('',*,*,#4494,.T.);
#4496=EDGE_LOOP('',(#4491,#4492,#4493,#4495));
#4497=FACE_OUTER_BOUND('',#4496,.F.);
#4498=ADVANCED_FACE('',(#4497),#4490,.T.);
#4499=CARTESIAN_POINT('',(1.96475E1,0.E0,0.E0));
#4500=DIRECTION('',(-1.E0,0.E0,0.E0));
#4501=DIRECTION('',(0.E0,1.E0,0.E0));
#4502=AXIS2_PLACEMENT_3D('',#4499,#4500,#4501);
#4503=CYLINDRICAL_SURFACE('',#4502,4.258433521620E0);
#4505=ORIENTED_EDGE('',*,*,#4504,.T.);
#4506=ORIENTED_EDGE('',*,*,#4494,.F.);
#4508=ORIENTED_EDGE('',*,*,#4507,.F.);
#4510=ORIENTED_EDGE('',*,*,#4509,.F.);
#4511=EDGE_LOOP('',(#4505,#4506,#4508,#4510));
#4512=FACE_OUTER_BOUND('',#4511,.F.);
#4513=ADVANCED_FACE('',(#4512),#4503,.T.);
#4514=CARTESIAN_POINT('',(1.96475E1,0.E0,0.E0));
#4515=DIRECTION('',(-1.E0,0.E0,0.E0));
#4516=DIRECTION('',(0.E0,1.E0,0.E0));
#4517=AXIS2_PLACEMENT_3D('',#4514,#4515,#4516);
#4518=CYLINDRICAL_SURFACE('',#4517,4.258433521620E0);
#4519=ORIENTED_EDGE('',*,*,#4504,.F.);
#4521=ORIENTED_EDGE('',*,*,#4520,.F.);
#4522=ORIENTED_EDGE('',*,*,#4507,.T.);
#4523=ORIENTED_EDGE('',*,*,#4478,.F.);
#4524=EDGE_LOOP('',(#4519,#4521,#4522,#4523));
#4525=FACE_OUTER_BOUND('',#4524,.F.);
#4526=ADVANCED_FACE('',(#4525),#4518,.T.);
#4527=CARTESIAN_POINT('',(1.755E1,0.E0,0.E0));
#4528=DIRECTION('',(-1.E0,0.E0,0.E0));
#4529=DIRECTION('',(0.E0,1.E0,0.E0));
#4530=AXIS2_PLACEMENT_3D('',#4527,#4528,#4529);
#4531=PLANE('',#4530);
#4533=ORIENTED_EDGE('',*,*,#4532,.T.);
#4535=ORIENTED_EDGE('',*,*,#4534,.T.);
#4536=EDGE_LOOP('',(#4533,#4535));
#4537=FACE_OUTER_BOUND('',#4536,.F.);
#4538=ORIENTED_EDGE('',*,*,#4520,.T.);
#4539=ORIENTED_EDGE('',*,*,#4509,.T.);
#4540=EDGE_LOOP('',(#4538,#4539));
#4541=FACE_BOUND('',#4540,.F.);
#4542=ADVANCED_FACE('',(#4537,#4541),#4531,.T.);
#4543=CARTESIAN_POINT('',(1.775E1,0.E0,0.E0));
#4544=DIRECTION('',(-1.E0,0.E0,0.E0));
#4545=DIRECTION('',(0.E0,1.E0,0.E0));
#4546=AXIS2_PLACEMENT_3D('',#4543,#4544,#4545);
#4547=TOROIDAL_SURFACE('',#4546,5.E0,2.E-1);
#4549=ORIENTED_EDGE('',*,*,#4548,.T.);
#4550=ORIENTED_EDGE('',*,*,#4532,.F.);
#4552=ORIENTED_EDGE('',*,*,#4551,.F.);
#4554=ORIENTED_EDGE('',*,*,#4553,.T.);
#4555=EDGE_LOOP('',(#4549,#4550,#4552,#4554));
#4556=FACE_OUTER_BOUND('',#4555,.F.);
#4557=ADVANCED_FACE('',(#4556),#4547,.T.);
#4558=CARTESIAN_POINT('',(1.775E1,0.E0,0.E0));
#4559=DIRECTION('',(-1.E0,0.E0,0.E0));
#4560=DIRECTION('',(0.E0,1.E0,0.E0));
#4561=AXIS2_PLACEMENT_3D('',#4558,#4559,#4560);
#4562=TOROIDAL_SURFACE('',#4561,5.E0,2.E-1);
#4563=ORIENTED_EDGE('',*,*,#4548,.F.);
#4565=ORIENTED_EDGE('',*,*,#4564,.T.);
#4566=ORIENTED_EDGE('',*,*,#4551,.T.);
#4567=ORIENTED_EDGE('',*,*,#4534,.F.);
#4568=EDGE_LOOP('',(#4563,#4565,#4566,#4567));
#4569=FACE_OUTER_BOUND('',#4568,.F.);
#4570=ADVANCED_FACE('',(#4569),#4562,.T.);
#4571=CARTESIAN_POINT('',(1.96475E1,0.E0,0.E0));
#4572=DIRECTION('',(-1.E0,0.E0,0.E0));
#4573=DIRECTION('',(0.E0,1.E0,0.E0));
#4574=AXIS2_PLACEMENT_3D('',#4571,#4572,#4573);
#4575=CYLINDRICAL_SURFACE('',#4574,5.2E0);
#4577=ORIENTED_EDGE('',*,*,#4576,.F.);
#4579=ORIENTED_EDGE('',*,*,#4578,.F.);
#4581=ORIENTED_EDGE('',*,*,#4580,.T.);
#4582=ORIENTED_EDGE('',*,*,#4564,.F.);
#4583=EDGE_LOOP('',(#4577,#4579,#4581,#4582));
#4584=FACE_OUTER_BOUND('',#4583,.F.);
#4585=ADVANCED_FACE('',(#4584),#4575,.T.);
#4586=CARTESIAN_POINT('',(1.96475E1,0.E0,0.E0));
#4587=DIRECTION('',(-1.E0,0.E0,0.E0));
#4588=DIRECTION('',(0.E0,1.E0,0.E0));
#4589=AXIS2_PLACEMENT_3D('',#4586,#4587,#4588);
#4590=CYLINDRICAL_SURFACE('',#4589,5.2E0);
#4591=ORIENTED_EDGE('',*,*,#4576,.T.);
#4592=ORIENTED_EDGE('',*,*,#4553,.F.);
#4593=ORIENTED_EDGE('',*,*,#4580,.F.);
#4595=ORIENTED_EDGE('',*,*,#4594,.F.);
#4596=EDGE_LOOP('',(#4591,#4592,#4593,#4595));
#4597=FACE_OUTER_BOUND('',#4596,.F.);
#4598=ADVANCED_FACE('',(#4597),#4590,.T.);
#4599=CARTESIAN_POINT('',(1.885E1,0.E0,0.E0));
#4600=DIRECTION('',(-1.E0,0.E0,0.E0));
#4601=DIRECTION('',(0.E0,1.E0,0.E0));
#4602=AXIS2_PLACEMENT_3D('',#4599,#4600,#4601);
#4603=TOROIDAL_SURFACE('',#4602,5.E0,2.E-1);
#4605=ORIENTED_EDGE('',*,*,#4604,.T.);
#4606=ORIENTED_EDGE('',*,*,#4594,.T.);
#4608=ORIENTED_EDGE('',*,*,#4607,.F.);
#4610=ORIENTED_EDGE('',*,*,#4609,.F.);
#4611=EDGE_LOOP('',(#4605,#4606,#4608,#4610));
#4612=FACE_OUTER_BOUND('',#4611,.F.);
#4613=ADVANCED_FACE('',(#4612),#4603,.T.);
#4614=CARTESIAN_POINT('',(1.885E1,0.E0,0.E0));
#4615=DIRECTION('',(-1.E0,0.E0,0.E0));
#4616=DIRECTION('',(0.E0,1.E0,0.E0));
#4617=AXIS2_PLACEMENT_3D('',#4614,#4615,#4616);
#4618=TOROIDAL_SURFACE('',#4617,5.E0,2.E-1);
#4619=ORIENTED_EDGE('',*,*,#4604,.F.);
#4621=ORIENTED_EDGE('',*,*,#4620,.F.);
#4622=ORIENTED_EDGE('',*,*,#4607,.T.);
#4623=ORIENTED_EDGE('',*,*,#4578,.T.);
#4624=EDGE_LOOP('',(#4619,#4621,#4622,#4623));
#4625=FACE_OUTER_BOUND('',#4624,.F.);
#4626=ADVANCED_FACE('',(#4625),#4618,.T.);
#4627=CARTESIAN_POINT('',(1.905E1,0.E0,0.E0));
#4628=DIRECTION('',(-1.E0,0.E0,0.E0));
#4629=DIRECTION('',(0.E0,1.E0,0.E0));
#4630=AXIS2_PLACEMENT_3D('',#4627,#4628,#4629);
#4631=PLANE('',#4630);
#4632=ORIENTED_EDGE('',*,*,#4620,.T.);
#4633=ORIENTED_EDGE('',*,*,#4609,.T.);
#4634=EDGE_LOOP('',(#4632,#4633));
#4635=FACE_OUTER_BOUND('',#4634,.F.);
#4637=ORIENTED_EDGE('',*,*,#4636,.F.);
#4639=ORIENTED_EDGE('',*,*,#4638,.T.);
#4641=ORIENTED_EDGE('',*,*,#4640,.F.);
#4643=ORIENTED_EDGE('',*,*,#4642,.T.);
#4644=EDGE_LOOP('',(#4637,#4639,#4641,#4643));
#4645=FACE_BOUND('',#4644,.F.);
#4646=ADVANCED_FACE('',(#4635,#4645),#4631,.F.);
#4647=CARTESIAN_POINT('',(1.855E1,0.E0,0.E0));
#4648=DIRECTION('',(-1.E0,0.E0,0.E0));
#4649=DIRECTION('',(0.E0,-9.998296905208E-1,-1.845507932794E-2));
#4650=AXIS2_PLACEMENT_3D('',#4647,#4648,#4649);
#4651=TOROIDAL_SURFACE('',#4650,3.75E0,5.E-1);
#4652=ORIENTED_EDGE('',*,*,#4638,.F.);
#4653=ORIENTED_EDGE('',*,*,#4636,.T.);
#4655=ORIENTED_EDGE('',*,*,#4654,.T.);
#4657=ORIENTED_EDGE('',*,*,#4656,.T.);
#4659=ORIENTED_EDGE('',*,*,#4658,.T.);
#4661=ORIENTED_EDGE('',*,*,#4660,.F.);
#4662=EDGE_LOOP('',(#4652,#4653,#4655,#4657,#4659,#4661));
#4663=FACE_OUTER_BOUND('',#4662,.F.);
#4664=ADVANCED_FACE('',(#4663),#4651,.T.);
#4665=CARTESIAN_POINT('',(1.855E1,0.E0,0.E0));
#4666=DIRECTION('',(-1.E0,0.E0,0.E0));
#4667=DIRECTION('',(0.E0,9.998296905208E-1,1.845507932794E-2));
#4668=AXIS2_PLACEMENT_3D('',#4665,#4666,#4667);
#4669=TOROIDAL_SURFACE('',#4668,3.75E0,5.E-1);
#4670=ORIENTED_EDGE('',*,*,#4642,.F.);
#4671=ORIENTED_EDGE('',*,*,#4640,.T.);
#4672=ORIENTED_EDGE('',*,*,#4660,.T.);
#4674=ORIENTED_EDGE('',*,*,#4673,.T.);
#4676=ORIENTED_EDGE('',*,*,#4675,.T.);
#4677=ORIENTED_EDGE('',*,*,#4654,.F.);
#4678=EDGE_LOOP('',(#4670,#4671,#4672,#4674,#4676,#4677));
#4679=FACE_OUTER_BOUND('',#4678,.F.);
#4680=ADVANCED_FACE('',(#4679),#4669,.T.);
#4681=CARTESIAN_POINT('',(1.58625E1,0.E0,0.E0));
#4682=DIRECTION('',(-1.E0,0.E0,0.E0));
#4683=DIRECTION('',(0.E0,1.E0,0.E0));
#4684=AXIS2_PLACEMENT_3D('',#4681,#4682,#4683);
#4685=CYLINDRICAL_SURFACE('',#4684,3.25E0);
#4686=ORIENTED_EDGE('',*,*,#4675,.F.);
#4687=ORIENTED_EDGE('',*,*,#4673,.F.);
#4689=ORIENTED_EDGE('',*,*,#4688,.F.);
#4691=ORIENTED_EDGE('',*,*,#4690,.F.);
#4693=ORIENTED_EDGE('',*,*,#4692,.F.);
#4694=EDGE_LOOP('',(#4686,#4687,#4689,#4691,#4693));
#4695=FACE_OUTER_BOUND('',#4694,.F.);
#4696=ADVANCED_FACE('',(#4695),#4685,.F.);
#4697=CARTESIAN_POINT('',(1.58625E1,0.E0,0.E0));
#4698=DIRECTION('',(-1.E0,0.E0,0.E0));
#4699=DIRECTION('',(0.E0,1.E0,0.E0));
#4700=AXIS2_PLACEMENT_3D('',#4697,#4698,#4699);
#4701=CYLINDRICAL_SURFACE('',#4700,3.25E0);
#4702=ORIENTED_EDGE('',*,*,#4658,.F.);
#4703=ORIENTED_EDGE('',*,*,#4656,.F.);
#4704=ORIENTED_EDGE('',*,*,#4692,.T.);
#4706=ORIENTED_EDGE('',*,*,#4705,.F.);
#4707=ORIENTED_EDGE('',*,*,#4688,.T.);
#4708=EDGE_LOOP('',(#4702,#4703,#4704,#4706,#4707));
#4709=FACE_OUTER_BOUND('',#4708,.F.);
#4710=ADVANCED_FACE('',(#4709),#4701,.F.);
#4711=CARTESIAN_POINT('',(5.2E0,0.E0,0.E0));
#4712=DIRECTION('',(-1.E0,0.E0,0.E0));
#4713=DIRECTION('',(0.E0,1.E0,0.E0));
#4714=AXIS2_PLACEMENT_3D('',#4711,#4712,#4713);
#4715=PLANE('',#4714);
#4716=ORIENTED_EDGE('',*,*,#4705,.T.);
#4717=ORIENTED_EDGE('',*,*,#4690,.T.);
#4718=EDGE_LOOP('',(#4716,#4717));
#4719=FACE_OUTER_BOUND('',#4718,.F.);
#4721=ORIENTED_EDGE('',*,*,#4720,.T.);
#4723=ORIENTED_EDGE('',*,*,#4722,.T.);
#4724=EDGE_LOOP('',(#4721,#4723));
#4725=FACE_BOUND('',#4724,.F.);
#4726=ADVANCED_FACE('',(#4719,#4725),#4715,.F.);
#4727=CARTESIAN_POINT('',(1.58625E1,0.E0,0.E0));
#4728=DIRECTION('',(-1.E0,0.E0,0.E0));
#4729=DIRECTION('',(0.E0,1.E0,0.E0));
#4730=AXIS2_PLACEMENT_3D('',#4727,#4728,#4729);
#4731=CYLINDRICAL_SURFACE('',#4730,2.25E0);
#4733=ORIENTED_EDGE('',*,*,#4732,.F.);
#4735=ORIENTED_EDGE('',*,*,#4734,.T.);
#4736=ORIENTED_EDGE('',*,*,#4720,.F.);
#4738=ORIENTED_EDGE('',*,*,#4737,.F.);
#4740=ORIENTED_EDGE('',*,*,#4739,.F.);
#4741=EDGE_LOOP('',(#4733,#4735,#4736,#4738,#4740));
#4742=FACE_OUTER_BOUND('',#4741,.F.);
#4743=ADVANCED_FACE('',(#4742),#4731,.F.);
#4744=CARTESIAN_POINT('',(0.E0,1.58625E1,0.E0));
#4745=DIRECTION('',(0.E0,-1.E0,0.E0));
#4746=DIRECTION('',(-1.E0,0.E0,0.E0));
#4747=AXIS2_PLACEMENT_3D('',#4744,#4745,#4746);
#4748=CYLINDRICAL_SURFACE('',#4747,2.25E0);
#4749=ORIENTED_EDGE('',*,*,#4732,.T.);
#4751=ORIENTED_EDGE('',*,*,#4750,.F.);
#4753=ORIENTED_EDGE('',*,*,#4752,.T.);
#4755=ORIENTED_EDGE('',*,*,#4754,.F.);
#4757=ORIENTED_EDGE('',*,*,#4756,.F.);
#4758=EDGE_LOOP('',(#4749,#4751,#4753,#4755,#4757));
#4759=FACE_OUTER_BOUND('',#4758,.F.);
#4760=ADVANCED_FACE('',(#4759),#4748,.F.);
#4761=CARTESIAN_POINT('',(0.E0,0.E0,0.E0));
#4762=DIRECTION('',(0.E0,-1.E0,0.E0));
#4763=DIRECTION('',(-1.E0,0.E0,0.E0));
#4764=AXIS2_PLACEMENT_3D('',#4761,#4762,#4763);
#4765=SPHERICAL_SURFACE('',#4764,2.25E0);
#4767=ORIENTED_EDGE('',*,*,#4766,.T.);
#4768=ORIENTED_EDGE('',*,*,#4750,.T.);
#4769=ORIENTED_EDGE('',*,*,#4739,.T.);
#4771=ORIENTED_EDGE('',*,*,#4770,.T.);
#4772=EDGE_LOOP('',(#4767,#4768,#4769,#4771));
#4773=FACE_OUTER_BOUND('',#4772,.F.);
#4774=ADVANCED_FACE('',(#4773),#4765,.F.);
#4775=CARTESIAN_POINT('',(0.E0,1.58625E1,0.E0));
#4776=DIRECTION('',(0.E0,-1.E0,0.E0));
#4777=DIRECTION('',(-1.E0,0.E0,0.E0));
#4778=AXIS2_PLACEMENT_3D('',#4775,#4776,#4777);
#4779=CYLINDRICAL_SURFACE('',#4778,2.25E0);
#4781=ORIENTED_EDGE('',*,*,#4780,.F.);
#4782=ORIENTED_EDGE('',*,*,#4756,.T.);
#4784=ORIENTED_EDGE('',*,*,#4783,.F.);
#4785=ORIENTED_EDGE('',*,*,#4752,.F.);
#4786=ORIENTED_EDGE('',*,*,#4766,.F.);
#4787=EDGE_LOOP('',(#4781,#4782,#4784,#4785,#4786));
#4788=FACE_OUTER_BOUND('',#4787,.F.);
#4789=ADVANCED_FACE('',(#4788),#4779,.F.);
#4790=CARTESIAN_POINT('',(1.58625E1,0.E0,0.E0));
#4791=DIRECTION('',(-1.E0,0.E0,0.E0));
#4792=DIRECTION('',(0.E0,1.E0,0.E0));
#4793=AXIS2_PLACEMENT_3D('',#4790,#4791,#4792);
#4794=CYLINDRICAL_SURFACE('',#4793,2.25E0);
#4795=ORIENTED_EDGE('',*,*,#4780,.T.);
#4796=ORIENTED_EDGE('',*,*,#4770,.F.);
#4797=ORIENTED_EDGE('',*,*,#4737,.T.);
#4798=ORIENTED_EDGE('',*,*,#4722,.F.);
#4799=ORIENTED_EDGE('',*,*,#4734,.F.);
#4800=EDGE_LOOP('',(#4795,#4796,#4797,#4798,#4799));
#4801=FACE_OUTER_BOUND('',#4800,.F.);
#4802=ADVANCED_FACE('',(#4801),#4794,.F.);
#4803=CARTESIAN_POINT('',(0.E0,5.2E0,0.E0));
#4804=DIRECTION('',(0.E0,-1.E0,0.E0));
#4805=DIRECTION('',(-1.E0,0.E0,0.E0));
#4806=AXIS2_PLACEMENT_3D('',#4803,#4804,#4805);
#4807=PLANE('',#4806);
#4809=ORIENTED_EDGE('',*,*,#4808,.T.);
#4811=ORIENTED_EDGE('',*,*,#4810,.T.);
#4812=EDGE_LOOP('',(#4809,#4811));
#4813=FACE_OUTER_BOUND('',#4812,.F.);
#4814=ORIENTED_EDGE('',*,*,#4754,.T.);
#4815=ORIENTED_EDGE('',*,*,#4783,.T.);
#4816=EDGE_LOOP('',(#4814,#4815));
#4817=FACE_BOUND('',#4816,.F.);
#4818=ADVANCED_FACE('',(#4813,#4817),#4807,.F.);
#4819=CARTESIAN_POINT('',(0.E0,1.58625E1,0.E0));
#4820=DIRECTION('',(0.E0,-1.E0,0.E0));
#4821=DIRECTION('',(-1.E0,0.E0,0.E0));
#4822=AXIS2_PLACEMENT_3D('',#4819,#4820,#4821);
#4823=CYLINDRICAL_SURFACE('',#4822,3.25E0);
#4825=ORIENTED_EDGE('',*,*,#4824,.F.);
#4827=ORIENTED_EDGE('',*,*,#4826,.F.);
#4829=ORIENTED_EDGE('',*,*,#4828,.T.);
#4830=ORIENTED_EDGE('',*,*,#4808,.F.);
#4832=ORIENTED_EDGE('',*,*,#4831,.T.);
#4833=EDGE_LOOP('',(#4825,#4827,#4829,#4830,#4832));
#4834=FACE_OUTER_BOUND('',#4833,.F.);
#4835=ADVANCED_FACE('',(#4834),#4823,.F.);
#4836=CARTESIAN_POINT('',(0.E0,1.855E1,0.E0));
#4837=DIRECTION('',(0.E0,-1.E0,0.E0));
#4838=DIRECTION('',(9.998296905208E-1,0.E0,-1.845507932794E-2));
#4839=AXIS2_PLACEMENT_3D('',#4836,#4837,#4838);
#4840=TOROIDAL_SURFACE('',#4839,3.75E0,5.E-1);
#4842=ORIENTED_EDGE('',*,*,#4841,.F.);
#4844=ORIENTED_EDGE('',*,*,#4843,.T.);
#4846=ORIENTED_EDGE('',*,*,#4845,.T.);
#4847=ORIENTED_EDGE('',*,*,#4826,.T.);
#4848=ORIENTED_EDGE('',*,*,#4824,.T.);
#4850=ORIENTED_EDGE('',*,*,#4849,.F.);
#4851=EDGE_LOOP('',(#4842,#4844,#4846,#4847,#4848,#4850));
#4852=FACE_OUTER_BOUND('',#4851,.F.);
#4853=ADVANCED_FACE('',(#4852),#4840,.T.);
#4854=CARTESIAN_POINT('',(0.E0,1.905E1,0.E0));
#4855=DIRECTION('',(0.E0,-1.E0,0.E0));
#4856=DIRECTION('',(-1.E0,0.E0,0.E0));
#4857=AXIS2_PLACEMENT_3D('',#4854,#4855,#4856);
#4858=PLANE('',#4857);
#4860=ORIENTED_EDGE('',*,*,#4859,.T.);
#4862=ORIENTED_EDGE('',*,*,#4861,.T.);
#4863=EDGE_LOOP('',(#4860,#4862));
#4864=FACE_OUTER_BOUND('',#4863,.F.);
#4865=ORIENTED_EDGE('',*,*,#4843,.F.);
#4866=ORIENTED_EDGE('',*,*,#4841,.T.);
#4868=ORIENTED_EDGE('',*,*,#4867,.F.);
#4870=ORIENTED_EDGE('',*,*,#4869,.T.);
#4871=EDGE_LOOP('',(#4865,#4866,#4868,#4870));
#4872=FACE_BOUND('',#4871,.F.);
#4873=ADVANCED_FACE('',(#4864,#4872),#4858,.F.);
#4874=CARTESIAN_POINT('',(0.E0,1.885E1,0.E0));
#4875=DIRECTION('',(0.E0,-1.E0,0.E0));
#4876=DIRECTION('',(-1.E0,0.E0,0.E0));
#4877=AXIS2_PLACEMENT_3D('',#4874,#4875,#4876);
#4878=TOROIDAL_SURFACE('',#4877,5.E0,2.E-1);
#4880=ORIENTED_EDGE('',*,*,#4879,.F.);
#4881=ORIENTED_EDGE('',*,*,#4859,.F.);
#4883=ORIENTED_EDGE('',*,*,#4882,.T.);
#4885=ORIENTED_EDGE('',*,*,#4884,.T.);
#4886=EDGE_LOOP('',(#4880,#4881,#4883,#4885));
#4887=FACE_OUTER_BOUND('',#4886,.F.);
#4888=ADVANCED_FACE('',(#4887),#4878,.T.);
#4889=CARTESIAN_POINT('',(0.E0,1.885E1,0.E0));
#4890=DIRECTION('',(0.E0,-1.E0,0.E0));
#4891=DIRECTION('',(-1.E0,0.E0,0.E0));
#4892=AXIS2_PLACEMENT_3D('',#4889,#4890,#4891);
#4893=TOROIDAL_SURFACE('',#4892,5.E0,2.E-1);
#4894=ORIENTED_EDGE('',*,*,#4879,.T.);
#4896=ORIENTED_EDGE('',*,*,#4895,.T.);
#4897=ORIENTED_EDGE('',*,*,#4882,.F.);
#4898=ORIENTED_EDGE('',*,*,#4861,.F.);
#4899=EDGE_LOOP('',(#4894,#4896,#4897,#4898));
#4900=FACE_OUTER_BOUND('',#4899,.F.);
#4901=ADVANCED_FACE('',(#4900),#4893,.T.);
#4902=CARTESIAN_POINT('',(0.E0,1.96475E1,0.E0));
#4903=DIRECTION('',(0.E0,-1.E0,0.E0));
#4904=DIRECTION('',(-1.E0,0.E0,0.E0));
#4905=AXIS2_PLACEMENT_3D('',#4902,#4903,#4904);
#4906=CYLINDRICAL_SURFACE('',#4905,5.2E0);
#4908=ORIENTED_EDGE('',*,*,#4907,.T.);
#4910=ORIENTED_EDGE('',*,*,#4909,.F.);
#4912=ORIENTED_EDGE('',*,*,#4911,.F.);
#4913=ORIENTED_EDGE('',*,*,#4895,.F.);
#4914=EDGE_LOOP('',(#4908,#4910,#4912,#4913));
#4915=FACE_OUTER_BOUND('',#4914,.F.);
#4916=ADVANCED_FACE('',(#4915),#4906,.T.);
#4917=CARTESIAN_POINT('',(0.E0,1.96475E1,0.E0));
#4918=DIRECTION('',(0.E0,-1.E0,0.E0));
#4919=DIRECTION('',(-1.E0,0.E0,0.E0));
#4920=AXIS2_PLACEMENT_3D('',#4917,#4918,#4919);
#4921=CYLINDRICAL_SURFACE('',#4920,5.2E0);
#4922=ORIENTED_EDGE('',*,*,#4907,.F.);
#4923=ORIENTED_EDGE('',*,*,#4884,.F.);
#4924=ORIENTED_EDGE('',*,*,#4911,.T.);
#4926=ORIENTED_EDGE('',*,*,#4925,.F.);
#4927=EDGE_LOOP('',(#4922,#4923,#4924,#4926));
#4928=FACE_OUTER_BOUND('',#4927,.F.);
#4929=ADVANCED_FACE('',(#4928),#4921,.T.);
#4930=CARTESIAN_POINT('',(0.E0,1.775E1,0.E0));
#4931=DIRECTION('',(0.E0,-1.E0,0.E0));
#4932=DIRECTION('',(-1.E0,0.E0,0.E0));
#4933=AXIS2_PLACEMENT_3D('',#4930,#4931,#4932);
#4934=TOROIDAL_SURFACE('',#4933,5.E0,2.E-1);
#4936=ORIENTED_EDGE('',*,*,#4935,.F.);
#4937=ORIENTED_EDGE('',*,*,#4925,.T.);
#4939=ORIENTED_EDGE('',*,*,#4938,.T.);
#4941=ORIENTED_EDGE('',*,*,#4940,.F.);
#4942=EDGE_LOOP('',(#4936,#4937,#4939,#4941));
#4943=FACE_OUTER_BOUND('',#4942,.F.);
#4944=ADVANCED_FACE('',(#4943),#4934,.T.);
#4945=CARTESIAN_POINT('',(0.E0,1.775E1,0.E0));
#4946=DIRECTION('',(0.E0,-1.E0,0.E0));
#4947=DIRECTION('',(-1.E0,0.E0,0.E0));
#4948=AXIS2_PLACEMENT_3D('',#4945,#4946,#4947);
#4949=TOROIDAL_SURFACE('',#4948,5.E0,2.E-1);
#4950=ORIENTED_EDGE('',*,*,#4935,.T.);
#4952=ORIENTED_EDGE('',*,*,#4951,.F.);
#4953=ORIENTED_EDGE('',*,*,#4938,.F.);
#4954=ORIENTED_EDGE('',*,*,#4909,.T.);
#4955=EDGE_LOOP('',(#4950,#4952,#4953,#4954));
#4956=FACE_OUTER_BOUND('',#4955,.F.);
#4957=ADVANCED_FACE('',(#4956),#4949,.T.);
#4958=CARTESIAN_POINT('',(0.E0,1.755E1,0.E0));
#4959=DIRECTION('',(0.E0,-1.E0,0.E0));
#4960=DIRECTION('',(-1.E0,0.E0,0.E0));
#4961=AXIS2_PLACEMENT_3D('',#4958,#4959,#4960);
#4962=PLANE('',#4961);
#4963=ORIENTED_EDGE('',*,*,#4951,.T.);
#4964=ORIENTED_EDGE('',*,*,#4940,.T.);
#4965=EDGE_LOOP('',(#4963,#4964));
#4966=FACE_OUTER_BOUND('',#4965,.F.);
#4968=ORIENTED_EDGE('',*,*,#4967,.T.);
#4970=ORIENTED_EDGE('',*,*,#4969,.T.);
#4971=EDGE_LOOP('',(#4968,#4970));
#4972=FACE_BOUND('',#4971,.F.);
#4973=ADVANCED_FACE('',(#4966,#4972),#4962,.T.);
#4974=CARTESIAN_POINT('',(0.E0,1.96475E1,0.E0));
#4975=DIRECTION('',(0.E0,-1.E0,0.E0));
#4976=DIRECTION('',(-1.E0,0.E0,0.E0));
#4977=AXIS2_PLACEMENT_3D('',#4974,#4975,#4976);
#4978=CYLINDRICAL_SURFACE('',#4977,4.258433521620E0);
#4980=ORIENTED_EDGE('',*,*,#4979,.F.);
#4981=ORIENTED_EDGE('',*,*,#4967,.F.);
#4983=ORIENTED_EDGE('',*,*,#4982,.T.);
#4985=ORIENTED_EDGE('',*,*,#4984,.F.);
#4986=EDGE_LOOP('',(#4980,#4981,#4983,#4985));
#4987=FACE_OUTER_BOUND('',#4986,.F.);
#4988=ADVANCED_FACE('',(#4987),#4978,.T.);
#4989=CARTESIAN_POINT('',(0.E0,1.96475E1,0.E0));
#4990=DIRECTION('',(0.E0,-1.E0,0.E0));
#4991=DIRECTION('',(-1.E0,0.E0,0.E0));
#4992=AXIS2_PLACEMENT_3D('',#4989,#4990,#4991);
#4993=CYLINDRICAL_SURFACE('',#4992,4.258433521620E0);
#4994=ORIENTED_EDGE('',*,*,#4979,.T.);
#4996=ORIENTED_EDGE('',*,*,#4995,.F.);
#4997=ORIENTED_EDGE('',*,*,#4982,.F.);
#4998=ORIENTED_EDGE('',*,*,#4969,.F.);
#4999=EDGE_LOOP('',(#4994,#4996,#4997,#4998));
#5000=FACE_OUTER_BOUND('',#4999,.F.);
#5001=ADVANCED_FACE('',(#5000),#4993,.T.);
#5002=CARTESIAN_POINT('',(0.E0,1.712859779282E1,0.E0));
#5003=DIRECTION('',(0.E0,-1.E0,0.E0));
#5004=DIRECTION('',(-1.E0,0.E0,0.E0));
#5005=AXIS2_PLACEMENT_3D('',#5002,#5003,#5004);
#5006=TOROIDAL_SURFACE('',#5005,4.258433521620E0,4.E-1);
#5008=ORIENTED_EDGE('',*,*,#5007,.T.);
#5010=ORIENTED_EDGE('',*,*,#5009,.T.);
#5012=ORIENTED_EDGE('',*,*,#5011,.F.);
#5013=ORIENTED_EDGE('',*,*,#4995,.T.);
#5014=EDGE_LOOP('',(#5008,#5010,#5012,#5013));
#5015=FACE_OUTER_BOUND('',#5014,.F.);
#5016=ADVANCED_FACE('',(#5015),#5006,.T.);
#5017=CARTESIAN_POINT('',(0.E0,1.712859779282E1,0.E0));
#5018=DIRECTION('',(0.E0,-1.E0,0.E0));
#5019=DIRECTION('',(-1.E0,0.E0,0.E0));
#5020=AXIS2_PLACEMENT_3D('',#5017,#5018,#5019);
#5021=TOROIDAL_SURFACE('',#5020,4.258433521620E0,4.E-1);
#5022=ORIENTED_EDGE('',*,*,#5007,.F.);
#5023=ORIENTED_EDGE('',*,*,#4984,.T.);
#5024=ORIENTED_EDGE('',*,*,#5011,.T.);
#5026=ORIENTED_EDGE('',*,*,#5025,.T.);
#5027=EDGE_LOOP('',(#5022,#5023,#5024,#5026));
#5028=FACE_OUTER_BOUND('',#5027,.F.);
#5029=ADVANCED_FACE('',(#5028),#5021,.T.);
#5030=CARTESIAN_POINT('',(0.E0,1.550875443979E1,0.E0));
#5031=DIRECTION('',(0.E0,-1.E0,0.E0));
#5032=DIRECTION('',(-1.E0,0.E0,0.E0));
#5033=AXIS2_PLACEMENT_3D('',#5030,#5031,#5032);
#5034=CONICAL_SURFACE('',#5033,5.655530732896E0,3.E1);
#5036=ORIENTED_EDGE('',*,*,#5035,.F.);
#5037=ORIENTED_EDGE('',*,*,#5025,.F.);
#5039=ORIENTED_EDGE('',*,*,#5038,.T.);
#5041=ORIENTED_EDGE('',*,*,#5040,.F.);
#5042=EDGE_LOOP('',(#5036,#5037,#5039,#5041));
#5043=FACE_OUTER_BOUND('',#5042,.F.);
#5044=ADVANCED_FACE('',(#5043),#5034,.T.);
#5045=CARTESIAN_POINT('',(0.E0,1.550875443979E1,0.E0));
#5046=DIRECTION('',(0.E0,-1.E0,0.E0));
#5047=DIRECTION('',(-1.E0,0.E0,0.E0));
#5048=AXIS2_PLACEMENT_3D('',#5045,#5046,#5047);
#5049=CONICAL_SURFACE('',#5048,5.655530732896E0,3.E1);
#5050=ORIENTED_EDGE('',*,*,#5035,.T.);
#5052=ORIENTED_EDGE('',*,*,#5051,.F.);
#5053=ORIENTED_EDGE('',*,*,#5038,.F.);
#5054=ORIENTED_EDGE('',*,*,#5009,.F.);
#5055=EDGE_LOOP('',(#5050,#5052,#5053,#5054));
#5056=FACE_OUTER_BOUND('',#5055,.F.);
#5057=ADVANCED_FACE('',(#5056),#5049,.T.);
#5058=CARTESIAN_POINT('',(0.E0,1.333891108675E1,0.E0));
#5059=DIRECTION('',(0.E0,-1.E0,0.E0));
#5060=DIRECTION('',(-1.E0,0.E0,0.E0));
#5061=AXIS2_PLACEMENT_3D('',#5058,#5059,#5060);
#5062=TOROIDAL_SURFACE('',#5061,6.1E0,7.E-1);
#5064=ORIENTED_EDGE('',*,*,#5063,.T.);
#5066=ORIENTED_EDGE('',*,*,#5065,.T.);
#5068=ORIENTED_EDGE('',*,*,#5067,.F.);
#5069=ORIENTED_EDGE('',*,*,#5051,.T.);
#5070=EDGE_LOOP('',(#5064,#5066,#5068,#5069));
#5071=FACE_OUTER_BOUND('',#5070,.F.);
#5072=ADVANCED_FACE('',(#5071),#5062,.T.);
#5073=CARTESIAN_POINT('',(0.E0,1.333891108675E1,0.E0));
#5074=DIRECTION('',(0.E0,-1.E0,0.E0));
#5075=DIRECTION('',(-1.E0,0.E0,0.E0));
#5076=AXIS2_PLACEMENT_3D('',#5073,#5074,#5075);
#5077=TOROIDAL_SURFACE('',#5076,6.1E0,7.E-1);
#5078=ORIENTED_EDGE('',*,*,#5063,.F.);
#5079=ORIENTED_EDGE('',*,*,#5040,.T.);
#5080=ORIENTED_EDGE('',*,*,#5067,.T.);
#5082=ORIENTED_EDGE('',*,*,#5081,.T.);
#5083=EDGE_LOOP('',(#5078,#5079,#5080,#5082));
#5084=FACE_OUTER_BOUND('',#5083,.F.);
#5085=ADVANCED_FACE('',(#5084),#5077,.T.);
#5086=CARTESIAN_POINT('',(0.E0,1.96475E1,0.E0));
#5087=DIRECTION('',(0.E0,-1.E0,0.E0));
#5088=DIRECTION('',(-1.E0,0.E0,0.E0));
#5089=AXIS2_PLACEMENT_3D('',#5086,#5087,#5088);
#5090=CYLINDRICAL_SURFACE('',#5089,6.8E0);
#5092=ORIENTED_EDGE('',*,*,#5091,.F.);
#5094=ORIENTED_EDGE('',*,*,#5093,.T.);
#5096=ORIENTED_EDGE('',*,*,#5095,.F.);
#5098=ORIENTED_EDGE('',*,*,#5097,.T.);
#5100=ORIENTED_EDGE('',*,*,#5099,.F.);
#5102=ORIENTED_EDGE('',*,*,#5101,.F.);
#5104=ORIENTED_EDGE('',*,*,#5103,.F.);
#5106=ORIENTED_EDGE('',*,*,#5105,.T.);
#5108=ORIENTED_EDGE('',*,*,#5107,.F.);
#5110=ORIENTED_EDGE('',*,*,#5109,.F.);
#5111=ORIENTED_EDGE('',*,*,#5081,.F.);
#5113=ORIENTED_EDGE('',*,*,#5112,.T.);
#5114=EDGE_LOOP('',(#5092,#5094,#5096,#5098,#5100,#5102,#5104,#5106,#5108,#5110,
#5111,#5113));
#5115=FACE_OUTER_BOUND('',#5114,.F.);
#5117=ORIENTED_EDGE('',*,*,#5116,.F.);
#5119=ORIENTED_EDGE('',*,*,#5118,.T.);
#5121=ORIENTED_EDGE('',*,*,#5120,.F.);
#5123=ORIENTED_EDGE('',*,*,#5122,.T.);
#5124=EDGE_LOOP('',(#5117,#5119,#5121,#5123));
#5125=FACE_BOUND('',#5124,.F.);
#5126=ADVANCED_FACE('',(#5115,#5125),#5090,.T.);
#5127=CARTESIAN_POINT('',(0.E0,1.072E1,0.E0));
#5128=DIRECTION('',(0.E0,-1.E0,0.E0));
#5129=DIRECTION('',(-1.E0,0.E0,0.E0));
#5130=AXIS2_PLACEMENT_3D('',#5127,#5128,#5129);
#5131=PLANE('',#5130);
#5133=ORIENTED_EDGE('',*,*,#5132,.T.);
#5134=ORIENTED_EDGE('',*,*,#5091,.T.);
#5136=ORIENTED_EDGE('',*,*,#5135,.T.);
#5138=ORIENTED_EDGE('',*,*,#5137,.T.);
#5140=ORIENTED_EDGE('',*,*,#5139,.T.);
#5142=ORIENTED_EDGE('',*,*,#5141,.T.);
#5143=EDGE_LOOP('',(#5133,#5134,#5136,#5138,#5140,#5142));
#5144=FACE_OUTER_BOUND('',#5143,.F.);
#5145=ADVANCED_FACE('',(#5144),#5131,.T.);
#5146=CARTESIAN_POINT('',(5.269943759424E0,1.072E1,3.55E0));
#5147=DIRECTION('',(0.E0,0.E0,-1.E0));
#5148=DIRECTION('',(1.E0,0.E0,0.E0));
#5149=AXIS2_PLACEMENT_3D('',#5146,#5147,#5148);
#5150=PLANE('',#5149);
#5152=ORIENTED_EDGE('',*,*,#5151,.F.);
#5154=ORIENTED_EDGE('',*,*,#5153,.T.);
#5156=ORIENTED_EDGE('',*,*,#5155,.F.);
#5158=ORIENTED_EDGE('',*,*,#5157,.F.);
#5159=ORIENTED_EDGE('',*,*,#5093,.F.);
#5160=ORIENTED_EDGE('',*,*,#5132,.F.);
#5162=ORIENTED_EDGE('',*,*,#5161,.F.);
#5163=EDGE_LOOP('',(#5152,#5154,#5156,#5158,#5159,#5160,#5162));
#5164=FACE_OUTER_BOUND('',#5163,.F.);
#5165=ADVANCED_FACE('',(#5164),#5150,.T.);
#5166=CARTESIAN_POINT('',(0.E0,9.85E0,0.E0));
#5167=DIRECTION('',(0.E0,-1.E0,0.E0));
#5168=DIRECTION('',(-1.E0,0.E0,0.E0));
#5169=AXIS2_PLACEMENT_3D('',#5166,#5167,#5168);
#5170=PLANE('',#5169);
#5172=ORIENTED_EDGE('',*,*,#5171,.T.);
#5174=ORIENTED_EDGE('',*,*,#5173,.T.);
#5176=ORIENTED_EDGE('',*,*,#5175,.T.);
#5178=ORIENTED_EDGE('',*,*,#5177,.T.);
#5180=ORIENTED_EDGE('',*,*,#5179,.T.);
#5182=ORIENTED_EDGE('',*,*,#5181,.T.);
#5183=ORIENTED_EDGE('',*,*,#5151,.T.);
#5185=ORIENTED_EDGE('',*,*,#5184,.T.);
#5187=ORIENTED_EDGE('',*,*,#5186,.T.);
#5189=ORIENTED_EDGE('',*,*,#5188,.T.);
#5191=ORIENTED_EDGE('',*,*,#5190,.T.);
#5193=ORIENTED_EDGE('',*,*,#5192,.T.);
#5195=ORIENTED_EDGE('',*,*,#5194,.T.);
#5197=ORIENTED_EDGE('',*,*,#5196,.T.);
#5199=ORIENTED_EDGE('',*,*,#5198,.T.);
#5201=ORIENTED_EDGE('',*,*,#5200,.T.);
#5203=ORIENTED_EDGE('',*,*,#5202,.T.);
#5205=ORIENTED_EDGE('',*,*,#5204,.T.);
#5206=EDGE_LOOP('',(#5172,#5174,#5176,#5178,#5180,#5182,#5183,#5185,#5187,#5189,
#5191,#5193,#5195,#5197,#5199,#5201,#5203,#5205));
#5207=FACE_OUTER_BOUND('',#5206,.F.);
#5209=ORIENTED_EDGE('',*,*,#5208,.T.);
#5211=ORIENTED_EDGE('',*,*,#5210,.T.);
#5212=EDGE_LOOP('',(#5209,#5211));
#5213=FACE_BOUND('',#5212,.F.);
#5214=ADVANCED_FACE('',(#5207,#5213),#5170,.T.);
#5215=CARTESIAN_POINT('',(-5.799784478754E0,1.072E1,3.55E0));
#5216=DIRECTION('',(0.E0,0.E0,-1.E0));
#5217=DIRECTION('',(1.E0,0.E0,0.E0));
#5218=AXIS2_PLACEMENT_3D('',#5215,#5216,#5217);
#5219=PLANE('',#5218);
#5220=ORIENTED_EDGE('',*,*,#5171,.F.);
#5222=ORIENTED_EDGE('',*,*,#5221,.F.);
#5224=ORIENTED_EDGE('',*,*,#5223,.F.);
#5225=ORIENTED_EDGE('',*,*,#5105,.F.);
#5227=ORIENTED_EDGE('',*,*,#5226,.F.);
#5229=ORIENTED_EDGE('',*,*,#5228,.F.);
#5231=ORIENTED_EDGE('',*,*,#5230,.T.);
#5232=EDGE_LOOP('',(#5220,#5222,#5224,#5225,#5227,#5229,#5231));
#5233=FACE_OUTER_BOUND('',#5232,.F.);
#5234=ADVANCED_FACE('',(#5233),#5219,.T.);
#5235=CARTESIAN_POINT('',(0.E0,1.59625E1,0.E0));
#5236=DIRECTION('',(0.E0,-1.E0,0.E0));
#5237=DIRECTION('',(-1.E0,0.E0,0.E0));
#5238=AXIS2_PLACEMENT_3D('',#5235,#5236,#5237);
#5239=CYLINDRICAL_SURFACE('',#5238,6.6E0);
#5240=ORIENTED_EDGE('',*,*,#5204,.F.);
#5241=ORIENTED_EDGE('',*,*,#5202,.F.);
#5243=ORIENTED_EDGE('',*,*,#5242,.T.);
#5245=ORIENTED_EDGE('',*,*,#5244,.F.);
#5247=ORIENTED_EDGE('',*,*,#5246,.F.);
#5248=ORIENTED_EDGE('',*,*,#5221,.T.);
#5249=EDGE_LOOP('',(#5240,#5241,#5243,#5245,#5247,#5248));
#5250=FACE_OUTER_BOUND('',#5249,.F.);
#5251=ADVANCED_FACE('',(#5250),#5239,.T.);
#5252=CARTESIAN_POINT('',(-5.269943759424E0,1.072E1,-3.55E0));
#5253=DIRECTION('',(0.E0,0.E0,1.E0));
#5254=DIRECTION('',(-1.E0,0.E0,0.E0));
#5255=AXIS2_PLACEMENT_3D('',#5252,#5253,#5254);
#5256=PLANE('',#5255);
#5257=ORIENTED_EDGE('',*,*,#5200,.F.);
#5259=ORIENTED_EDGE('',*,*,#5258,.T.);
#5261=ORIENTED_EDGE('',*,*,#5260,.F.);
#5263=ORIENTED_EDGE('',*,*,#5262,.F.);
#5265=ORIENTED_EDGE('',*,*,#5264,.F.);
#5267=ORIENTED_EDGE('',*,*,#5266,.F.);
#5268=ORIENTED_EDGE('',*,*,#5242,.F.);
#5269=EDGE_LOOP('',(#5257,#5259,#5261,#5263,#5265,#5267,#5268));
#5270=FACE_OUTER_BOUND('',#5269,.F.);
#5271=ADVANCED_FACE('',(#5270),#5256,.T.);
#5272=CARTESIAN_POINT('',(0.E0,1.072E1,0.E0));
#5273=DIRECTION('',(0.E0,-1.E0,0.E0));
#5274=DIRECTION('',(1.E0,0.E0,0.E0));
#5275=AXIS2_PLACEMENT_3D('',#5272,#5273,#5274);
#5276=CYLINDRICAL_SURFACE('',#5275,6.354117344486E0);
#5277=ORIENTED_EDGE('',*,*,#5198,.F.);
#5279=ORIENTED_EDGE('',*,*,#5278,.F.);
#5281=ORIENTED_EDGE('',*,*,#5280,.F.);
#5282=ORIENTED_EDGE('',*,*,#5258,.F.);
#5283=EDGE_LOOP('',(#5277,#5279,#5281,#5282));
#5284=FACE_OUTER_BOUND('',#5283,.F.);
#5285=ADVANCED_FACE('',(#5284),#5276,.F.);
#5286=CARTESIAN_POINT('',(-3.55E0,1.072E1,-5.799784478754E0));
#5287=DIRECTION('',(1.E0,0.E0,0.E0));
#5288=DIRECTION('',(0.E0,0.E0,1.E0));
#5289=AXIS2_PLACEMENT_3D('',#5286,#5287,#5288);
#5290=PLANE('',#5289);
#5291=ORIENTED_EDGE('',*,*,#5196,.F.);
#5293=ORIENTED_EDGE('',*,*,#5292,.F.);
#5295=ORIENTED_EDGE('',*,*,#5294,.F.);
#5297=ORIENTED_EDGE('',*,*,#5296,.F.);
#5299=ORIENTED_EDGE('',*,*,#5298,.F.);
#5301=ORIENTED_EDGE('',*,*,#5300,.F.);
#5302=ORIENTED_EDGE('',*,*,#5278,.T.);
#5303=EDGE_LOOP('',(#5291,#5293,#5295,#5297,#5299,#5301,#5302));
#5304=FACE_OUTER_BOUND('',#5303,.F.);
#5305=ADVANCED_FACE('',(#5304),#5290,.T.);
#5306=CARTESIAN_POINT('',(0.E0,1.59625E1,0.E0));
#5307=DIRECTION('',(0.E0,-1.E0,0.E0));
#5308=DIRECTION('',(-1.E0,0.E0,0.E0));
#5309=AXIS2_PLACEMENT_3D('',#5306,#5307,#5308);
#5310=CYLINDRICAL_SURFACE('',#5309,6.6E0);
#5311=ORIENTED_EDGE('',*,*,#5292,.T.);
#5312=ORIENTED_EDGE('',*,*,#5194,.F.);
#5314=ORIENTED_EDGE('',*,*,#5313,.T.);
#5316=ORIENTED_EDGE('',*,*,#5315,.F.);
#5317=EDGE_LOOP('',(#5311,#5312,#5314,#5316));
#5318=FACE_OUTER_BOUND('',#5317,.F.);
#5319=ADVANCED_FACE('',(#5318),#5310,.T.);
#5320=CARTESIAN_POINT('',(3.55E0,1.072E1,-5.269943759424E0));
#5321=DIRECTION('',(-1.E0,0.E0,0.E0));
#5322=DIRECTION('',(0.E0,0.E0,-1.E0));
#5323=AXIS2_PLACEMENT_3D('',#5320,#5321,#5322);
#5324=PLANE('',#5323);
#5325=ORIENTED_EDGE('',*,*,#5192,.F.);
#5327=ORIENTED_EDGE('',*,*,#5326,.T.);
#5329=ORIENTED_EDGE('',*,*,#5328,.F.);
#5331=ORIENTED_EDGE('',*,*,#5330,.F.);
#5333=ORIENTED_EDGE('',*,*,#5332,.F.);
#5335=ORIENTED_EDGE('',*,*,#5334,.F.);
#5336=ORIENTED_EDGE('',*,*,#5313,.F.);
#5337=EDGE_LOOP('',(#5325,#5327,#5329,#5331,#5333,#5335,#5336));
#5338=FACE_OUTER_BOUND('',#5337,.F.);
#5339=ADVANCED_FACE('',(#5338),#5324,.T.);
#5340=CARTESIAN_POINT('',(0.E0,1.072E1,0.E0));
#5341=DIRECTION('',(0.E0,-1.E0,0.E0));
#5342=DIRECTION('',(1.E0,0.E0,0.E0));
#5343=AXIS2_PLACEMENT_3D('',#5340,#5341,#5342);
#5344=CYLINDRICAL_SURFACE('',#5343,6.354117344486E0);
#5345=ORIENTED_EDGE('',*,*,#5190,.F.);
#5347=ORIENTED_EDGE('',*,*,#5346,.F.);
#5349=ORIENTED_EDGE('',*,*,#5348,.F.);
#5350=ORIENTED_EDGE('',*,*,#5326,.F.);
#5351=EDGE_LOOP('',(#5345,#5347,#5349,#5350));
#5352=FACE_OUTER_BOUND('',#5351,.F.);
#5353=ADVANCED_FACE('',(#5352),#5344,.F.);
#5354=CARTESIAN_POINT('',(5.799784478754E0,1.072E1,-3.55E0));
#5355=DIRECTION('',(0.E0,0.E0,1.E0));
#5356=DIRECTION('',(-1.E0,0.E0,0.E0));
#5357=AXIS2_PLACEMENT_3D('',#5354,#5355,#5356);
#5358=PLANE('',#5357);
#5359=ORIENTED_EDGE('',*,*,#5188,.F.);
#5361=ORIENTED_EDGE('',*,*,#5360,.F.);
#5362=ORIENTED_EDGE('',*,*,#5137,.F.);
#5364=ORIENTED_EDGE('',*,*,#5363,.F.);
#5366=ORIENTED_EDGE('',*,*,#5365,.F.);
#5368=ORIENTED_EDGE('',*,*,#5367,.F.);
#5369=ORIENTED_EDGE('',*,*,#5346,.T.);
#5370=EDGE_LOOP('',(#5359,#5361,#5362,#5364,#5366,#5368,#5369));
#5371=FACE_OUTER_BOUND('',#5370,.F.);
#5372=ADVANCED_FACE('',(#5371),#5358,.T.);
#5373=CARTESIAN_POINT('',(0.E0,1.59625E1,0.E0));
#5374=DIRECTION('',(0.E0,-1.E0,0.E0));
#5375=DIRECTION('',(-1.E0,0.E0,0.E0));
#5376=AXIS2_PLACEMENT_3D('',#5373,#5374,#5375);
#5377=CYLINDRICAL_SURFACE('',#5376,6.6E0);
#5378=ORIENTED_EDGE('',*,*,#5141,.F.);
#5379=ORIENTED_EDGE('',*,*,#5139,.F.);
#5380=ORIENTED_EDGE('',*,*,#5360,.T.);
#5381=ORIENTED_EDGE('',*,*,#5186,.F.);
#5382=ORIENTED_EDGE('',*,*,#5184,.F.);
#5383=ORIENTED_EDGE('',*,*,#5161,.T.);
#5384=EDGE_LOOP('',(#5378,#5379,#5380,#5381,#5382,#5383));
#5385=FACE_OUTER_BOUND('',#5384,.F.);
#5386=ADVANCED_FACE('',(#5385),#5377,.T.);
#5387=CARTESIAN_POINT('',(0.E0,1.96475E1,0.E0));
#5388=DIRECTION('',(0.E0,-1.E0,0.E0));
#5389=DIRECTION('',(-1.E0,0.E0,0.E0));
#5390=AXIS2_PLACEMENT_3D('',#5387,#5388,#5389);
#5391=CYLINDRICAL_SURFACE('',#5390,6.8E0);
#5392=ORIENTED_EDGE('',*,*,#5264,.T.);
#5394=ORIENTED_EDGE('',*,*,#5393,.F.);
#5395=ORIENTED_EDGE('',*,*,#5101,.T.);
#5397=ORIENTED_EDGE('',*,*,#5396,.F.);
#5398=ORIENTED_EDGE('',*,*,#5097,.F.);
#5400=ORIENTED_EDGE('',*,*,#5399,.F.);
#5401=ORIENTED_EDGE('',*,*,#5363,.T.);
#5402=ORIENTED_EDGE('',*,*,#5135,.F.);
#5403=ORIENTED_EDGE('',*,*,#5112,.F.);
#5404=ORIENTED_EDGE('',*,*,#5065,.F.);
#5405=ORIENTED_EDGE('',*,*,#5109,.T.);
#5407=ORIENTED_EDGE('',*,*,#5406,.F.);
#5408=EDGE_LOOP('',(#5392,#5394,#5395,#5397,#5398,#5400,#5401,#5402,#5403,#5404,
#5405,#5407));
#5409=FACE_OUTER_BOUND('',#5408,.F.);
#5410=ORIENTED_EDGE('',*,*,#5332,.T.);
#5412=ORIENTED_EDGE('',*,*,#5411,.F.);
#5413=ORIENTED_EDGE('',*,*,#5296,.T.);
#5415=ORIENTED_EDGE('',*,*,#5414,.F.);
#5416=EDGE_LOOP('',(#5410,#5412,#5413,#5415));
#5417=FACE_BOUND('',#5416,.F.);
#5418=ADVANCED_FACE('',(#5409,#5417),#5391,.T.);
#5419=CARTESIAN_POINT('',(0.E0,8.62E0,0.E0));
#5420=DIRECTION('',(0.E0,-1.E0,0.E0));
#5421=DIRECTION('',(-1.E0,0.E0,0.E0));
#5422=AXIS2_PLACEMENT_3D('',#5419,#5420,#5421);
#5423=TOROIDAL_SURFACE('',#5422,6.6E0,2.E-1);
#5425=ORIENTED_EDGE('',*,*,#5424,.T.);
#5427=ORIENTED_EDGE('',*,*,#5426,.T.);
#5428=ORIENTED_EDGE('',*,*,#5226,.T.);
#5429=ORIENTED_EDGE('',*,*,#5103,.T.);
#5430=ORIENTED_EDGE('',*,*,#5393,.T.);
#5431=ORIENTED_EDGE('',*,*,#5262,.T.);
#5432=EDGE_LOOP('',(#5425,#5427,#5428,#5429,#5430,#5431));
#5433=FACE_OUTER_BOUND('',#5432,.F.);
#5434=ADVANCED_FACE('',(#5433),#5423,.T.);
#5435=CARTESIAN_POINT('',(0.E0,9.169630555563E0,0.E0));
#5436=DIRECTION('',(0.E0,-1.E0,0.E0));
#5437=DIRECTION('',(-1.E0,0.E0,0.E0));
#5438=AXIS2_PLACEMENT_3D('',#5435,#5436,#5437);
#5439=CONICAL_SURFACE('',#5438,6.539356832171E0,2.75E1);
#5440=ORIENTED_EDGE('',*,*,#5300,.T.);
#5442=ORIENTED_EDGE('',*,*,#5441,.F.);
#5443=ORIENTED_EDGE('',*,*,#5328,.T.);
#5444=ORIENTED_EDGE('',*,*,#5348,.T.);
#5445=ORIENTED_EDGE('',*,*,#5367,.T.);
#5447=ORIENTED_EDGE('',*,*,#5446,.F.);
#5449=ORIENTED_EDGE('',*,*,#5448,.F.);
#5451=ORIENTED_EDGE('',*,*,#5450,.F.);
#5453=ORIENTED_EDGE('',*,*,#5452,.T.);
#5454=ORIENTED_EDGE('',*,*,#5424,.F.);
#5455=ORIENTED_EDGE('',*,*,#5260,.T.);
#5456=ORIENTED_EDGE('',*,*,#5280,.T.);
#5457=EDGE_LOOP('',(#5440,#5442,#5443,#5444,#5445,#5447,#5449,#5451,#5453,#5454,
#5455,#5456));
#5458=FACE_OUTER_BOUND('',#5457,.F.);
#5459=ADVANCED_FACE('',(#5458),#5439,.T.);
#5460=CARTESIAN_POINT('',(0.E0,8.62E0,0.E0));
#5461=DIRECTION('',(0.E0,-1.E0,0.E0));
#5462=DIRECTION('',(-1.E0,0.E0,0.E0));
#5463=AXIS2_PLACEMENT_3D('',#5460,#5461,#5462);
#5464=TOROIDAL_SURFACE('',#5463,6.6E0,2.E-1);
#5465=ORIENTED_EDGE('',*,*,#5298,.T.);
#5466=ORIENTED_EDGE('',*,*,#5411,.T.);
#5467=ORIENTED_EDGE('',*,*,#5330,.T.);
#5468=ORIENTED_EDGE('',*,*,#5441,.T.);
#5469=EDGE_LOOP('',(#5465,#5466,#5467,#5468));
#5470=FACE_OUTER_BOUND('',#5469,.F.);
#5471=ADVANCED_FACE('',(#5470),#5464,.T.);
#5472=CARTESIAN_POINT('',(0.E0,8.62E0,0.E0));
#5473=DIRECTION('',(0.E0,-1.E0,0.E0));
#5474=DIRECTION('',(-1.E0,0.E0,0.E0));
#5475=AXIS2_PLACEMENT_3D('',#5472,#5473,#5474);
#5476=TOROIDAL_SURFACE('',#5475,6.6E0,2.E-1);
#5477=ORIENTED_EDGE('',*,*,#5399,.T.);
#5478=ORIENTED_EDGE('',*,*,#5095,.T.);
#5479=ORIENTED_EDGE('',*,*,#5157,.T.);
#5481=ORIENTED_EDGE('',*,*,#5480,.T.);
#5482=ORIENTED_EDGE('',*,*,#5446,.T.);
#5483=ORIENTED_EDGE('',*,*,#5365,.T.);
#5484=EDGE_LOOP('',(#5477,#5478,#5479,#5481,#5482,#5483));
#5485=FACE_OUTER_BOUND('',#5484,.F.);
#5486=ADVANCED_FACE('',(#5485),#5476,.T.);
#5487=CARTESIAN_POINT('',(0.E0,9.169630555563E0,0.E0));
#5488=DIRECTION('',(0.E0,-1.E0,0.E0));
#5489=DIRECTION('',(-1.E0,0.E0,0.E0));
#5490=AXIS2_PLACEMENT_3D('',#5487,#5488,#5489);
#5491=CONICAL_SURFACE('',#5490,6.539356832171E0,2.75E1);
#5492=ORIENTED_EDGE('',*,*,#5228,.T.);
#5493=ORIENTED_EDGE('',*,*,#5426,.F.);
#5494=ORIENTED_EDGE('',*,*,#5452,.F.);
#5496=ORIENTED_EDGE('',*,*,#5495,.F.);
#5497=ORIENTED_EDGE('',*,*,#5448,.T.);
#5498=ORIENTED_EDGE('',*,*,#5480,.F.);
#5499=ORIENTED_EDGE('',*,*,#5155,.T.);
#5501=ORIENTED_EDGE('',*,*,#5500,.T.);
#5503=ORIENTED_EDGE('',*,*,#5502,.T.);
#5505=ORIENTED_EDGE('',*,*,#5504,.F.);
#5507=ORIENTED_EDGE('',*,*,#5506,.T.);
#5509=ORIENTED_EDGE('',*,*,#5508,.T.);
#5510=EDGE_LOOP('',(#5492,#5493,#5494,#5496,#5497,#5498,#5499,#5501,#5503,#5505,
#5507,#5509));
#5511=FACE_OUTER_BOUND('',#5510,.F.);
#5512=ADVANCED_FACE('',(#5511),#5491,.T.);
#5513=CARTESIAN_POINT('',(0.E0,9.626911388478E0,0.E0));
#5514=DIRECTION('',(0.E0,-1.E0,0.E0));
#5515=DIRECTION('',(-1.E0,0.E0,0.E0));
#5516=AXIS2_PLACEMENT_3D('',#5513,#5514,#5515);
#5517=PLANE('',#5516);
#5518=ORIENTED_EDGE('',*,*,#5495,.T.);
#5519=ORIENTED_EDGE('',*,*,#5450,.T.);
#5520=EDGE_LOOP('',(#5518,#5519));
#5521=FACE_OUTER_BOUND('',#5520,.F.);
#5523=ORIENTED_EDGE('',*,*,#5522,.T.);
#5525=ORIENTED_EDGE('',*,*,#5524,.T.);
#5526=EDGE_LOOP('',(#5523,#5525));
#5527=FACE_BOUND('',#5526,.F.);
#5528=ADVANCED_FACE('',(#5521,#5527),#5517,.F.);
#5529=CARTESIAN_POINT('',(0.E0,1.59625E1,0.E0));
#5530=DIRECTION('',(0.E0,-1.E0,0.E0));
#5531=DIRECTION('',(-1.E0,0.E0,0.E0));
#5532=AXIS2_PLACEMENT_3D('',#5529,#5530,#5531);
#5533=CYLINDRICAL_SURFACE('',#5532,6.1E0);
#5534=ORIENTED_EDGE('',*,*,#5522,.F.);
#5536=ORIENTED_EDGE('',*,*,#5535,.T.);
#5537=ORIENTED_EDGE('',*,*,#5208,.F.);
#5539=ORIENTED_EDGE('',*,*,#5538,.F.);
#5540=EDGE_LOOP('',(#5534,#5536,#5537,#5539));
#5541=FACE_OUTER_BOUND('',#5540,.F.);
#5542=ADVANCED_FACE('',(#5541),#5533,.T.);
#5543=CARTESIAN_POINT('',(0.E0,1.59625E1,0.E0));
#5544=DIRECTION('',(0.E0,-1.E0,0.E0));
#5545=DIRECTION('',(-1.E0,0.E0,0.E0));
#5546=AXIS2_PLACEMENT_3D('',#5543,#5544,#5545);
#5547=CYLINDRICAL_SURFACE('',#5546,6.1E0);
#5548=ORIENTED_EDGE('',*,*,#5524,.F.);
#5549=ORIENTED_EDGE('',*,*,#5538,.T.);
#5550=ORIENTED_EDGE('',*,*,#5210,.F.);
#5551=ORIENTED_EDGE('',*,*,#5535,.F.);
#5552=EDGE_LOOP('',(#5548,#5549,#5550,#5551));
#5553=FACE_OUTER_BOUND('',#5552,.F.);
#5554=ADVANCED_FACE('',(#5553),#5547,.T.);
#5555=CARTESIAN_POINT('',(0.E0,1.072E1,0.E0));
#5556=DIRECTION('',(0.E0,-1.E0,0.E0));
#5557=DIRECTION('',(1.E0,0.E0,0.E0));
#5558=AXIS2_PLACEMENT_3D('',#5555,#5556,#5557);
#5559=CYLINDRICAL_SURFACE('',#5558,6.354117344486E0);
#5560=ORIENTED_EDGE('',*,*,#5181,.F.);
#5562=ORIENTED_EDGE('',*,*,#5561,.F.);
#5563=ORIENTED_EDGE('',*,*,#5500,.F.);
#5564=ORIENTED_EDGE('',*,*,#5153,.F.);
#5565=EDGE_LOOP('',(#5560,#5562,#5563,#5564));
#5566=FACE_OUTER_BOUND('',#5565,.F.);
#5567=ADVANCED_FACE('',(#5566),#5559,.F.);
#5568=CARTESIAN_POINT('',(3.55E0,1.072E1,5.799784478754E0));
#5569=DIRECTION('',(-1.E0,0.E0,0.E0));
#5570=DIRECTION('',(0.E0,0.E0,-1.E0));
#5571=AXIS2_PLACEMENT_3D('',#5568,#5569,#5570);
#5572=PLANE('',#5571);
#5573=ORIENTED_EDGE('',*,*,#5179,.F.);
#5575=ORIENTED_EDGE('',*,*,#5574,.F.);
#5577=ORIENTED_EDGE('',*,*,#5576,.F.);
#5578=ORIENTED_EDGE('',*,*,#5122,.F.);
#5580=ORIENTED_EDGE('',*,*,#5579,.F.);
#5581=ORIENTED_EDGE('',*,*,#5502,.F.);
#5582=ORIENTED_EDGE('',*,*,#5561,.T.);
#5583=EDGE_LOOP('',(#5573,#5575,#5577,#5578,#5580,#5581,#5582));
#5584=FACE_OUTER_BOUND('',#5583,.F.);
#5585=ADVANCED_FACE('',(#5584),#5572,.T.);
#5586=CARTESIAN_POINT('',(0.E0,1.59625E1,0.E0));
#5587=DIRECTION('',(0.E0,-1.E0,0.E0));
#5588=DIRECTION('',(-1.E0,0.E0,0.E0));
#5589=AXIS2_PLACEMENT_3D('',#5586,#5587,#5588);
#5590=CYLINDRICAL_SURFACE('',#5589,6.6E0);
#5592=ORIENTED_EDGE('',*,*,#5591,.T.);
#5594=ORIENTED_EDGE('',*,*,#5593,.F.);
#5595=ORIENTED_EDGE('',*,*,#5574,.T.);
#5596=ORIENTED_EDGE('',*,*,#5177,.F.);
#5597=EDGE_LOOP('',(#5592,#5594,#5595,#5596));
#5598=FACE_OUTER_BOUND('',#5597,.F.);
#5599=ADVANCED_FACE('',(#5598),#5590,.T.);
#5600=CARTESIAN_POINT('',(-3.55E0,1.072E1,5.269943759424E0));
#5601=DIRECTION('',(1.E0,0.E0,0.E0));
#5602=DIRECTION('',(0.E0,0.E0,1.E0));
#5603=AXIS2_PLACEMENT_3D('',#5600,#5601,#5602);
#5604=PLANE('',#5603);
#5605=ORIENTED_EDGE('',*,*,#5175,.F.);
#5607=ORIENTED_EDGE('',*,*,#5606,.T.);
#5608=ORIENTED_EDGE('',*,*,#5506,.F.);
#5610=ORIENTED_EDGE('',*,*,#5609,.F.);
#5611=ORIENTED_EDGE('',*,*,#5118,.F.);
#5613=ORIENTED_EDGE('',*,*,#5612,.F.);
#5614=ORIENTED_EDGE('',*,*,#5591,.F.);
#5615=EDGE_LOOP('',(#5605,#5607,#5608,#5610,#5611,#5613,#5614));
#5616=FACE_OUTER_BOUND('',#5615,.F.);
#5617=ADVANCED_FACE('',(#5616),#5604,.T.);
#5618=CARTESIAN_POINT('',(0.E0,1.072E1,0.E0));
#5619=DIRECTION('',(0.E0,-1.E0,0.E0));
#5620=DIRECTION('',(1.E0,0.E0,0.E0));
#5621=AXIS2_PLACEMENT_3D('',#5618,#5619,#5620);
#5622=CYLINDRICAL_SURFACE('',#5621,6.354117344486E0);
#5623=ORIENTED_EDGE('',*,*,#5173,.F.);
#5624=ORIENTED_EDGE('',*,*,#5230,.F.);
#5625=ORIENTED_EDGE('',*,*,#5508,.F.);
#5626=ORIENTED_EDGE('',*,*,#5606,.F.);
#5627=EDGE_LOOP('',(#5623,#5624,#5625,#5626));
#5628=FACE_OUTER_BOUND('',#5627,.F.);
#5629=ADVANCED_FACE('',(#5628),#5622,.F.);
#5630=CARTESIAN_POINT('',(0.E0,8.62E0,0.E0));
#5631=DIRECTION('',(0.E0,-1.E0,0.E0));
#5632=DIRECTION('',(-1.E0,0.E0,0.E0));
#5633=AXIS2_PLACEMENT_3D('',#5630,#5631,#5632);
#5634=TOROIDAL_SURFACE('',#5633,6.6E0,2.E-1);
#5635=ORIENTED_EDGE('',*,*,#5609,.T.);
#5636=ORIENTED_EDGE('',*,*,#5504,.T.);
#5637=ORIENTED_EDGE('',*,*,#5579,.T.);
#5638=ORIENTED_EDGE('',*,*,#5120,.T.);
#5639=EDGE_LOOP('',(#5635,#5636,#5637,#5638));
#5640=FACE_OUTER_BOUND('',#5639,.F.);
#5641=ADVANCED_FACE('',(#5640),#5634,.T.);
#5642=CARTESIAN_POINT('',(0.E0,1.072E1,0.E0));
#5643=DIRECTION('',(0.E0,-1.E0,0.E0));
#5644=DIRECTION('',(-1.E0,0.E0,0.E0));
#5645=AXIS2_PLACEMENT_3D('',#5642,#5643,#5644);
#5646=PLANE('',#5645);
#5647=ORIENTED_EDGE('',*,*,#5612,.T.);
#5648=ORIENTED_EDGE('',*,*,#5116,.T.);
#5649=ORIENTED_EDGE('',*,*,#5576,.T.);
#5650=ORIENTED_EDGE('',*,*,#5593,.T.);
#5651=EDGE_LOOP('',(#5647,#5648,#5649,#5650));
#5652=FACE_OUTER_BOUND('',#5651,.F.);
#5653=ADVANCED_FACE('',(#5652),#5646,.T.);
#5654=CARTESIAN_POINT('',(0.E0,7.1E0,0.E0));
#5655=DIRECTION('',(0.E0,-1.E0,0.E0));
#5656=DIRECTION('',(-1.E0,0.E0,0.E0));
#5657=AXIS2_PLACEMENT_3D('',#5654,#5655,#5656);
#5658=PLANE('',#5657);
#5659=ORIENTED_EDGE('',*,*,#5396,.T.);
#5660=ORIENTED_EDGE('',*,*,#5099,.T.);
#5661=EDGE_LOOP('',(#5659,#5660));
#5662=FACE_OUTER_BOUND('',#5661,.F.);
#5664=ORIENTED_EDGE('',*,*,#5663,.T.);
#5666=ORIENTED_EDGE('',*,*,#5665,.T.);
#5667=EDGE_LOOP('',(#5664,#5666));
#5668=FACE_BOUND('',#5667,.F.);
#5669=ADVANCED_FACE('',(#5662,#5668),#5658,.T.);
#5670=CARTESIAN_POINT('',(0.E0,1.59625E1,0.E0));
#5671=DIRECTION('',(0.E0,-1.E0,0.E0));
#5672=DIRECTION('',(-1.E0,0.E0,0.E0));
#5673=AXIS2_PLACEMENT_3D('',#5670,#5671,#5672);
#5674=CYLINDRICAL_SURFACE('',#5673,6.6E0);
#5675=ORIENTED_EDGE('',*,*,#5663,.F.);
#5677=ORIENTED_EDGE('',*,*,#5676,.F.);
#5679=ORIENTED_EDGE('',*,*,#5678,.F.);
#5681=ORIENTED_EDGE('',*,*,#5680,.T.);
#5682=EDGE_LOOP('',(#5675,#5677,#5679,#5681));
#5683=FACE_OUTER_BOUND('',#5682,.F.);
#5684=ADVANCED_FACE('',(#5683),#5674,.T.);
#5685=CARTESIAN_POINT('',(0.E0,1.59625E1,0.E0));
#5686=DIRECTION('',(0.E0,-1.E0,0.E0));
#5687=DIRECTION('',(-1.E0,0.E0,0.E0));
#5688=AXIS2_PLACEMENT_3D('',#5685,#5686,#5687);
#5689=CYLINDRICAL_SURFACE('',#5688,6.6E0);
#5690=ORIENTED_EDGE('',*,*,#5665,.F.);
#5691=ORIENTED_EDGE('',*,*,#5680,.F.);
#5693=ORIENTED_EDGE('',*,*,#5692,.F.);
#5694=ORIENTED_EDGE('',*,*,#5676,.T.);
#5695=EDGE_LOOP('',(#5690,#5691,#5693,#5694));
#5696=FACE_OUTER_BOUND('',#5695,.F.);
#5697=ADVANCED_FACE('',(#5696),#5689,.T.);
#5698=CARTESIAN_POINT('',(0.E0,6.8E0,0.E0));
#5699=DIRECTION('',(0.E0,-1.E0,0.E0));
#5700=DIRECTION('',(-1.E0,0.E0,0.E0));
#5701=AXIS2_PLACEMENT_3D('',#5698,#5699,#5700);
#5702=PLANE('',#5701);
#5703=ORIENTED_EDGE('',*,*,#3925,.T.);
#5704=ORIENTED_EDGE('',*,*,#3958,.T.);
#5705=EDGE_LOOP('',(#5703,#5704));
#5706=FACE_OUTER_BOUND('',#5705,.F.);
#5707=ORIENTED_EDGE('',*,*,#5692,.T.);
#5708=ORIENTED_EDGE('',*,*,#5678,.T.);
#5709=EDGE_LOOP('',(#5707,#5708));
#5710=FACE_BOUND('',#5709,.F.);
#5711=ADVANCED_FACE('',(#5706,#5710),#5702,.F.);
#5712=CARTESIAN_POINT('',(0.E0,1.072E1,0.E0));
#5713=DIRECTION('',(0.E0,-1.E0,0.E0));
#5714=DIRECTION('',(-1.E0,0.E0,0.E0));
#5715=AXIS2_PLACEMENT_3D('',#5712,#5713,#5714);
#5716=PLANE('',#5715);
#5717=ORIENTED_EDGE('',*,*,#5223,.T.);
#5718=ORIENTED_EDGE('',*,*,#5246,.T.);
#5719=ORIENTED_EDGE('',*,*,#5244,.T.);
#5720=ORIENTED_EDGE('',*,*,#5266,.T.);
#5721=ORIENTED_EDGE('',*,*,#5406,.T.);
#5722=ORIENTED_EDGE('',*,*,#5107,.T.);
#5723=EDGE_LOOP('',(#5717,#5718,#5719,#5720,#5721,#5722));
#5724=FACE_OUTER_BOUND('',#5723,.F.);
#5725=ADVANCED_FACE('',(#5724),#5716,.T.);
#5726=CARTESIAN_POINT('',(0.E0,1.072E1,0.E0));
#5727=DIRECTION('',(0.E0,-1.E0,0.E0));
#5728=DIRECTION('',(-1.E0,0.E0,0.E0));
#5729=AXIS2_PLACEMENT_3D('',#5726,#5727,#5728);
#5730=PLANE('',#5729);
#5731=ORIENTED_EDGE('',*,*,#5294,.T.);
#5732=ORIENTED_EDGE('',*,*,#5315,.T.);
#5733=ORIENTED_EDGE('',*,*,#5334,.T.);
#5734=ORIENTED_EDGE('',*,*,#5414,.T.);
#5735=EDGE_LOOP('',(#5731,#5732,#5733,#5734));
#5736=FACE_OUTER_BOUND('',#5735,.F.);
#5737=ADVANCED_FACE('',(#5736),#5730,.T.);
#5738=CARTESIAN_POINT('',(0.E0,1.855E1,0.E0));
#5739=DIRECTION('',(0.E0,-1.E0,0.E0));
#5740=DIRECTION('',(-9.998296905208E-1,0.E0,1.845507932794E-2));
#5741=AXIS2_PLACEMENT_3D('',#5738,#5739,#5740);
#5742=TOROIDAL_SURFACE('',#5741,3.75E0,5.E-1);
#5743=ORIENTED_EDGE('',*,*,#4869,.F.);
#5744=ORIENTED_EDGE('',*,*,#4867,.T.);
#5745=ORIENTED_EDGE('',*,*,#4849,.T.);
#5747=ORIENTED_EDGE('',*,*,#5746,.T.);
#5749=ORIENTED_EDGE('',*,*,#5748,.T.);
#5750=ORIENTED_EDGE('',*,*,#4845,.F.);
#5751=EDGE_LOOP('',(#5743,#5744,#5745,#5747,#5749,#5750));
#5752=FACE_OUTER_BOUND('',#5751,.F.);
#5753=ADVANCED_FACE('',(#5752),#5742,.T.);
#5754=CARTESIAN_POINT('',(0.E0,1.58625E1,0.E0));
#5755=DIRECTION('',(0.E0,-1.E0,0.E0));
#5756=DIRECTION('',(-1.E0,0.E0,0.E0));
#5757=AXIS2_PLACEMENT_3D('',#5754,#5755,#5756);
#5758=CYLINDRICAL_SURFACE('',#5757,3.25E0);
#5759=ORIENTED_EDGE('',*,*,#5748,.F.);
#5760=ORIENTED_EDGE('',*,*,#5746,.F.);
#5761=ORIENTED_EDGE('',*,*,#4831,.F.);
#5762=ORIENTED_EDGE('',*,*,#4810,.F.);
#5763=ORIENTED_EDGE('',*,*,#4828,.F.);
#5764=EDGE_LOOP('',(#5759,#5760,#5761,#5762,#5763));
#5765=FACE_OUTER_BOUND('',#5764,.F.);
#5766=ADVANCED_FACE('',(#5765),#5758,.F.);
#5767=CARTESIAN_POINT('',(1.072E1,0.E0,0.E0));
#5768=DIRECTION('',(-1.E0,0.E0,0.E0));
#5769=DIRECTION('',(0.E0,1.E0,0.E0));
#5770=AXIS2_PLACEMENT_3D('',#5767,#5768,#5769);
#5771=PLANE('',#5770);
#5773=ORIENTED_EDGE('',*,*,#5772,.T.);
#5774=ORIENTED_EDGE('',*,*,#4218,.T.);
#5776=ORIENTED_EDGE('',*,*,#5775,.T.);
#5778=ORIENTED_EDGE('',*,*,#5777,.T.);
#5779=EDGE_LOOP('',(#5773,#5774,#5776,#5778));
#5780=FACE_OUTER_BOUND('',#5779,.F.);
#5781=ADVANCED_FACE('',(#5780),#5771,.T.);
#5782=CARTESIAN_POINT('',(1.072E1,3.55E0,4.678759012328E0));
#5783=DIRECTION('',(0.E0,-1.E0,0.E0));
#5784=DIRECTION('',(0.E0,0.E0,1.E0));
#5785=AXIS2_PLACEMENT_3D('',#5782,#5783,#5784);
#5786=PLANE('',#5785);
#5788=ORIENTED_EDGE('',*,*,#5787,.F.);
#5790=ORIENTED_EDGE('',*,*,#5789,.T.);
#5792=ORIENTED_EDGE('',*,*,#5791,.F.);
#5794=ORIENTED_EDGE('',*,*,#5793,.F.);
#5795=ORIENTED_EDGE('',*,*,#4220,.F.);
#5796=ORIENTED_EDGE('',*,*,#5772,.F.);
#5798=ORIENTED_EDGE('',*,*,#5797,.F.);
#5800=ORIENTED_EDGE('',*,*,#5799,.F.);
#5801=EDGE_LOOP('',(#5788,#5790,#5792,#5794,#5795,#5796,#5798,#5800));
#5802=FACE_OUTER_BOUND('',#5801,.F.);
#5803=ADVANCED_FACE('',(#5802),#5786,.T.);
#5804=CARTESIAN_POINT('',(1.59625E1,0.E0,0.E0));
#5805=DIRECTION('',(-1.E0,0.E0,0.E0));
#5806=DIRECTION('',(0.E0,1.E0,0.E0));
#5807=AXIS2_PLACEMENT_3D('',#5804,#5805,#5806);
#5808=CYLINDRICAL_SURFACE('',#5807,6.1E0);
#5809=ORIENTED_EDGE('',*,*,#5787,.T.);
#5811=ORIENTED_EDGE('',*,*,#5810,.F.);
#5813=ORIENTED_EDGE('',*,*,#5812,.T.);
#5815=ORIENTED_EDGE('',*,*,#5814,.F.);
#5816=EDGE_LOOP('',(#5809,#5811,#5813,#5815));
#5817=FACE_OUTER_BOUND('',#5816,.F.);
#5818=ADVANCED_FACE('',(#5817),#5808,.T.);
#5819=CARTESIAN_POINT('',(9.85E0,0.E0,0.E0));
#5820=DIRECTION('',(-1.E0,0.E0,0.E0));
#5821=DIRECTION('',(0.E0,1.E0,0.E0));
#5822=AXIS2_PLACEMENT_3D('',#5819,#5820,#5821);
#5823=PLANE('',#5822);
#5824=ORIENTED_EDGE('',*,*,#5799,.T.);
#5826=ORIENTED_EDGE('',*,*,#5825,.T.);
#5828=ORIENTED_EDGE('',*,*,#5827,.T.);
#5829=ORIENTED_EDGE('',*,*,#5810,.T.);
#5830=EDGE_LOOP('',(#5824,#5826,#5828,#5829));
#5831=FACE_OUTER_BOUND('',#5830,.F.);
#5832=ADVANCED_FACE('',(#5831),#5823,.T.);
#5833=CARTESIAN_POINT('',(1.59625E1,0.E0,0.E0));
#5834=DIRECTION('',(-1.E0,0.E0,0.E0));
#5835=DIRECTION('',(0.E0,1.E0,0.E0));
#5836=AXIS2_PLACEMENT_3D('',#5833,#5834,#5835);
#5837=CYLINDRICAL_SURFACE('',#5836,6.6E0);
#5838=ORIENTED_EDGE('',*,*,#5797,.T.);
#5839=ORIENTED_EDGE('',*,*,#5777,.F.);
#5841=ORIENTED_EDGE('',*,*,#5840,.T.);
#5842=ORIENTED_EDGE('',*,*,#5825,.F.);
#5843=EDGE_LOOP('',(#5838,#5839,#5841,#5842));
#5844=FACE_OUTER_BOUND('',#5843,.F.);
#5845=ADVANCED_FACE('',(#5844),#5837,.T.);
#5846=CARTESIAN_POINT('',(1.072E1,-3.55E0,5.799784478754E0));
#5847=DIRECTION('',(0.E0,1.E0,0.E0));
#5848=DIRECTION('',(0.E0,0.E0,-1.E0));
#5849=AXIS2_PLACEMENT_3D('',#5846,#5847,#5848);
#5850=PLANE('',#5849);
#5851=ORIENTED_EDGE('',*,*,#5812,.F.);
#5852=ORIENTED_EDGE('',*,*,#5827,.F.);
#5853=ORIENTED_EDGE('',*,*,#5840,.F.);
#5854=ORIENTED_EDGE('',*,*,#5775,.F.);
#5855=ORIENTED_EDGE('',*,*,#4224,.F.);
#5857=ORIENTED_EDGE('',*,*,#5856,.F.);
#5859=ORIENTED_EDGE('',*,*,#5858,.F.);
#5861=ORIENTED_EDGE('',*,*,#5860,.T.);
#5862=EDGE_LOOP('',(#5851,#5852,#5853,#5854,#5855,#5857,#5859,#5861));
#5863=FACE_OUTER_BOUND('',#5862,.F.);
#5864=ADVANCED_FACE('',(#5863),#5850,.T.);
#5865=CARTESIAN_POINT('',(8.62E0,0.E0,0.E0));
#5866=DIRECTION('',(-1.E0,0.E0,0.E0));
#5867=DIRECTION('',(0.E0,1.E0,0.E0));
#5868=AXIS2_PLACEMENT_3D('',#5865,#5866,#5867);
#5869=TOROIDAL_SURFACE('',#5868,6.6E0,2.E-1);
#5870=ORIENTED_EDGE('',*,*,#5793,.T.);
#5872=ORIENTED_EDGE('',*,*,#5871,.T.);
#5873=ORIENTED_EDGE('',*,*,#5856,.T.);
#5874=ORIENTED_EDGE('',*,*,#4222,.T.);
#5875=EDGE_LOOP('',(#5870,#5872,#5873,#5874));
#5876=FACE_OUTER_BOUND('',#5875,.F.);
#5877=ADVANCED_FACE('',(#5876),#5869,.T.);
#5878=CARTESIAN_POINT('',(9.169630555563E0,0.E0,0.E0));
#5879=DIRECTION('',(-1.E0,0.E0,0.E0));
#5880=DIRECTION('',(0.E0,1.E0,0.E0));
#5881=AXIS2_PLACEMENT_3D('',#5878,#5879,#5880);
#5882=CONICAL_SURFACE('',#5881,6.539356832171E0,2.75E1);
#5883=ORIENTED_EDGE('',*,*,#5791,.T.);
#5885=ORIENTED_EDGE('',*,*,#5884,.F.);
#5886=ORIENTED_EDGE('',*,*,#5858,.T.);
#5887=ORIENTED_EDGE('',*,*,#5871,.F.);
#5888=EDGE_LOOP('',(#5883,#5885,#5886,#5887));
#5889=FACE_OUTER_BOUND('',#5888,.F.);
#5890=ADVANCED_FACE('',(#5889),#5882,.T.);
#5891=CARTESIAN_POINT('',(9.626911388478E0,0.E0,0.E0));
#5892=DIRECTION('',(-1.E0,0.E0,0.E0));
#5893=DIRECTION('',(0.E0,1.E0,0.E0));
#5894=AXIS2_PLACEMENT_3D('',#5891,#5892,#5893);
#5895=PLANE('',#5894);
#5896=ORIENTED_EDGE('',*,*,#5789,.F.);
#5897=ORIENTED_EDGE('',*,*,#5814,.T.);
#5898=ORIENTED_EDGE('',*,*,#5860,.F.);
#5899=ORIENTED_EDGE('',*,*,#5884,.T.);
#5900=EDGE_LOOP('',(#5896,#5897,#5898,#5899));
#5901=FACE_OUTER_BOUND('',#5900,.F.);
#5902=ADVANCED_FACE('',(#5901),#5895,.F.);
#5903=CARTESIAN_POINT('',(1.072E1,-3.55E0,-4.678759012328E0));
#5904=DIRECTION('',(0.E0,1.E0,0.E0));
#5905=DIRECTION('',(0.E0,0.E0,-1.E0));
#5906=AXIS2_PLACEMENT_3D('',#5903,#5904,#5905);
#5907=PLANE('',#5906);
#5909=ORIENTED_EDGE('',*,*,#5908,.F.);
#5911=ORIENTED_EDGE('',*,*,#5910,.F.);
#5913=ORIENTED_EDGE('',*,*,#5912,.T.);
#5915=ORIENTED_EDGE('',*,*,#5914,.F.);
#5917=ORIENTED_EDGE('',*,*,#5916,.F.);
#5918=ORIENTED_EDGE('',*,*,#4055,.F.);
#5920=ORIENTED_EDGE('',*,*,#5919,.F.);
#5922=ORIENTED_EDGE('',*,*,#5921,.F.);
#5923=EDGE_LOOP('',(#5909,#5911,#5913,#5915,#5917,#5918,#5920,#5922));
#5924=FACE_OUTER_BOUND('',#5923,.F.);
#5925=ADVANCED_FACE('',(#5924),#5907,.T.);
#5926=CARTESIAN_POINT('',(9.85E0,0.E0,0.E0));
#5927=DIRECTION('',(-1.E0,0.E0,0.E0));
#5928=DIRECTION('',(0.E0,1.E0,0.E0));
#5929=AXIS2_PLACEMENT_3D('',#5926,#5927,#5928);
#5930=PLANE('',#5929);
#5932=ORIENTED_EDGE('',*,*,#5931,.T.);
#5934=ORIENTED_EDGE('',*,*,#5933,.T.);
#5935=ORIENTED_EDGE('',*,*,#5908,.T.);
#5937=ORIENTED_EDGE('',*,*,#5936,.T.);
#5938=EDGE_LOOP('',(#5932,#5934,#5935,#5937));
#5939=FACE_OUTER_BOUND('',#5938,.F.);
#5940=ADVANCED_FACE('',(#5939),#5930,.T.);
#5941=CARTESIAN_POINT('',(1.072E1,3.55E0,-5.799784478754E0));
#5942=DIRECTION('',(0.E0,-1.E0,0.E0));
#5943=DIRECTION('',(0.E0,0.E0,1.E0));
#5944=AXIS2_PLACEMENT_3D('',#5941,#5942,#5943);
#5945=PLANE('',#5944);
#5946=ORIENTED_EDGE('',*,*,#5931,.F.);
#5948=ORIENTED_EDGE('',*,*,#5947,.F.);
#5950=ORIENTED_EDGE('',*,*,#5949,.F.);
#5951=ORIENTED_EDGE('',*,*,#4059,.F.);
#5953=ORIENTED_EDGE('',*,*,#5952,.F.);
#5955=ORIENTED_EDGE('',*,*,#5954,.F.);
#5957=ORIENTED_EDGE('',*,*,#5956,.T.);
#5959=ORIENTED_EDGE('',*,*,#5958,.F.);
#5960=EDGE_LOOP('',(#5946,#5948,#5950,#5951,#5953,#5955,#5957,#5959));
#5961=FACE_OUTER_BOUND('',#5960,.F.);
#5962=ADVANCED_FACE('',(#5961),#5945,.T.);
#5963=CARTESIAN_POINT('',(1.59625E1,0.E0,0.E0));
#5964=DIRECTION('',(-1.E0,0.E0,0.E0));
#5965=DIRECTION('',(0.E0,1.E0,0.E0));
#5966=AXIS2_PLACEMENT_3D('',#5963,#5964,#5965);
#5967=CYLINDRICAL_SURFACE('',#5966,6.6E0);
#5968=ORIENTED_EDGE('',*,*,#5947,.T.);
#5969=ORIENTED_EDGE('',*,*,#5936,.F.);
#5970=ORIENTED_EDGE('',*,*,#5921,.T.);
#5972=ORIENTED_EDGE('',*,*,#5971,.F.);
#5973=EDGE_LOOP('',(#5968,#5969,#5970,#5972));
#5974=FACE_OUTER_BOUND('',#5973,.F.);
#5975=ADVANCED_FACE('',(#5974),#5967,.T.);
#5976=CARTESIAN_POINT('',(1.072E1,0.E0,0.E0));
#5977=DIRECTION('',(-1.E0,0.E0,0.E0));
#5978=DIRECTION('',(0.E0,1.E0,0.E0));
#5979=AXIS2_PLACEMENT_3D('',#5976,#5977,#5978);
#5980=PLANE('',#5979);
#5981=ORIENTED_EDGE('',*,*,#5949,.T.);
#5982=ORIENTED_EDGE('',*,*,#5971,.T.);
#5983=ORIENTED_EDGE('',*,*,#5919,.T.);
#5984=ORIENTED_EDGE('',*,*,#4061,.T.);
#5985=EDGE_LOOP('',(#5981,#5982,#5983,#5984));
#5986=FACE_OUTER_BOUND('',#5985,.F.);
#5987=ADVANCED_FACE('',(#5986),#5980,.T.);
#5988=CARTESIAN_POINT('',(8.62E0,0.E0,0.E0));
#5989=DIRECTION('',(-1.E0,0.E0,0.E0));
#5990=DIRECTION('',(0.E0,1.E0,0.E0));
#5991=AXIS2_PLACEMENT_3D('',#5988,#5989,#5990);
#5992=TOROIDAL_SURFACE('',#5991,6.6E0,2.E-1);
#5993=ORIENTED_EDGE('',*,*,#5952,.T.);
#5994=ORIENTED_EDGE('',*,*,#4057,.T.);
#5995=ORIENTED_EDGE('',*,*,#5916,.T.);
#5997=ORIENTED_EDGE('',*,*,#5996,.T.);
#5998=EDGE_LOOP('',(#5993,#5994,#5995,#5997));
#5999=FACE_OUTER_BOUND('',#5998,.F.);
#6000=ADVANCED_FACE('',(#5999),#5992,.T.);
#6001=CARTESIAN_POINT('',(9.169630555563E0,0.E0,0.E0));
#6002=DIRECTION('',(-1.E0,0.E0,0.E0));
#6003=DIRECTION('',(0.E0,1.E0,0.E0));
#6004=AXIS2_PLACEMENT_3D('',#6001,#6002,#6003);
#6005=CONICAL_SURFACE('',#6004,6.539356832171E0,2.75E1);
#6006=ORIENTED_EDGE('',*,*,#5954,.T.);
#6007=ORIENTED_EDGE('',*,*,#5996,.F.);
#6008=ORIENTED_EDGE('',*,*,#5914,.T.);
#6010=ORIENTED_EDGE('',*,*,#6009,.F.);
#6011=EDGE_LOOP('',(#6006,#6007,#6008,#6010));
#6012=FACE_OUTER_BOUND('',#6011,.F.);
#6013=ADVANCED_FACE('',(#6012),#6005,.T.);
#6014=CARTESIAN_POINT('',(9.626911388478E0,0.E0,0.E0));
#6015=DIRECTION('',(-1.E0,0.E0,0.E0));
#6016=DIRECTION('',(0.E0,1.E0,0.E0));
#6017=AXIS2_PLACEMENT_3D('',#6014,#6015,#6016);
#6018=PLANE('',#6017);
#6019=ORIENTED_EDGE('',*,*,#5956,.F.);
#6020=ORIENTED_EDGE('',*,*,#6009,.T.);
#6021=ORIENTED_EDGE('',*,*,#5912,.F.);
#6023=ORIENTED_EDGE('',*,*,#6022,.T.);
#6024=EDGE_LOOP('',(#6019,#6020,#6021,#6023));
#6025=FACE_OUTER_BOUND('',#6024,.F.);
#6026=ADVANCED_FACE('',(#6025),#6018,.F.);
#6027=CARTESIAN_POINT('',(1.59625E1,0.E0,0.E0));
#6028=DIRECTION('',(-1.E0,0.E0,0.E0));
#6029=DIRECTION('',(0.E0,1.E0,0.E0));
#6030=AXIS2_PLACEMENT_3D('',#6027,#6028,#6029);
#6031=CYLINDRICAL_SURFACE('',#6030,6.1E0);
#6032=ORIENTED_EDGE('',*,*,#5958,.T.);
#6033=ORIENTED_EDGE('',*,*,#6022,.F.);
#6034=ORIENTED_EDGE('',*,*,#5910,.T.);
#6035=ORIENTED_EDGE('',*,*,#5933,.F.);
#6036=EDGE_LOOP('',(#6032,#6033,#6034,#6035));
#6037=FACE_OUTER_BOUND('',#6036,.F.);
#6038=ADVANCED_FACE('',(#6037),#6031,.T.);
#6039=CARTESIAN_POINT('',(1.59625E1,0.E0,0.E0));
#6040=DIRECTION('',(-1.E0,0.E0,0.E0));
#6041=DIRECTION('',(0.E0,1.E0,0.E0));
#6042=AXIS2_PLACEMENT_3D('',#6039,#6040,#6041);
#6043=CYLINDRICAL_SURFACE('',#6042,6.6E0);
#6044=ORIENTED_EDGE('',*,*,#4019,.F.);
#6045=ORIENTED_EDGE('',*,*,#4003,.F.);
#6046=ORIENTED_EDGE('',*,*,#3988,.F.);
#6047=ORIENTED_EDGE('',*,*,#4000,.T.);
#6048=EDGE_LOOP('',(#6044,#6045,#6046,#6047));
#6049=FACE_OUTER_BOUND('',#6048,.F.);
#6050=ADVANCED_FACE('',(#6049),#6043,.T.);
#6051=CARTESIAN_POINT('',(0.E0,6.E0,0.E0));
#6052=DIRECTION('',(0.E0,-1.E0,0.E0));
#6053=DIRECTION('',(-1.E0,0.E0,0.E0));
#6054=AXIS2_PLACEMENT_3D('',#6051,#6052,#6053);
#6055=PLANE('',#6054);
#6056=ORIENTED_EDGE('',*,*,#3944,.T.);
#6057=ORIENTED_EDGE('',*,*,#3942,.T.);
#6058=ORIENTED_EDGE('',*,*,#3940,.T.);
#6059=ORIENTED_EDGE('',*,*,#3877,.T.);
#6061=ORIENTED_EDGE('',*,*,#6060,.T.);
#6063=ORIENTED_EDGE('',*,*,#6062,.T.);
#6064=ORIENTED_EDGE('',*,*,#3873,.T.);
#6065=EDGE_LOOP('',(#6056,#6057,#6058,#6059,#6061,#6063,#6064));
#6066=FACE_OUTER_BOUND('',#6065,.F.);
#6067=ADVANCED_FACE('',(#6066),#6055,.T.);
#6068=CARTESIAN_POINT('',(0.E0,5.E0,0.E0));
#6069=DIRECTION('',(0.E0,-1.E0,0.E0));
#6070=DIRECTION('',(-1.E0,0.E0,0.E0));
#6071=AXIS2_PLACEMENT_3D('',#6068,#6069,#6070);
#6072=TOROIDAL_SURFACE('',#6071,6.25E0,1.E0);
#6073=ORIENTED_EDGE('',*,*,#3794,.T.);
#6074=ORIENTED_EDGE('',*,*,#3792,.T.);
#6075=ORIENTED_EDGE('',*,*,#3849,.T.);
#6077=ORIENTED_EDGE('',*,*,#6076,.T.);
#6078=ORIENTED_EDGE('',*,*,#3845,.T.);
#6079=ORIENTED_EDGE('',*,*,#6062,.F.);
#6080=ORIENTED_EDGE('',*,*,#6060,.F.);
#6081=ORIENTED_EDGE('',*,*,#3857,.T.);
#6083=ORIENTED_EDGE('',*,*,#6082,.T.);
#6084=ORIENTED_EDGE('',*,*,#3853,.T.);
#6085=EDGE_LOOP('',(#6073,#6074,#6075,#6077,#6078,#6079,#6080,#6081,#6083,
#6084));
#6086=FACE_OUTER_BOUND('',#6085,.F.);
#6087=ADVANCED_FACE('',(#6086),#6072,.F.);
#6088=CARTESIAN_POINT('',(0.E0,0.E0,-7.5E-1));
#6089=DIRECTION('',(0.E0,0.E0,1.E0));
#6090=DIRECTION('',(1.E0,0.E0,0.E0));
#6091=AXIS2_PLACEMENT_3D('',#6088,#6089,#6090);
#6092=PLANE('',#6091);
#6093=ORIENTED_EDGE('',*,*,#6076,.F.);
#6094=ORIENTED_EDGE('',*,*,#3847,.F.);
#6095=EDGE_LOOP('',(#6093,#6094));
#6096=FACE_OUTER_BOUND('',#6095,.F.);
#6097=ADVANCED_FACE('',(#6096),#6092,.F.);
#6098=CARTESIAN_POINT('',(0.E0,0.E0,7.5E-1));
#6099=DIRECTION('',(0.E0,0.E0,1.E0));
#6100=DIRECTION('',(1.E0,0.E0,0.E0));
#6101=AXIS2_PLACEMENT_3D('',#6098,#6099,#6100);
#6102=PLANE('',#6101);
#6103=ORIENTED_EDGE('',*,*,#6082,.F.);
#6104=ORIENTED_EDGE('',*,*,#3855,.F.);
#6105=EDGE_LOOP('',(#6103,#6104));
#6106=FACE_OUTER_BOUND('',#6105,.F.);
#6107=ADVANCED_FACE('',(#6106),#6102,.T.);
#6108=CARTESIAN_POINT('',(2.2E0,2.2E0,2.454916275037E1));
#6109=DIRECTION('',(0.E0,0.E0,-1.E0));
#6110=DIRECTION('',(0.E0,1.E0,0.E0));
#6111=AXIS2_PLACEMENT_3D('',#6108,#6109,#6110);
#6112=CYLINDRICAL_SURFACE('',#6111,3.E-1);
#6114=ORIENTED_EDGE('',*,*,#6113,.F.);
#6115=ORIENTED_EDGE('',*,*,#3575,.T.);
#6116=ORIENTED_EDGE('',*,*,#3604,.F.);
#6117=ORIENTED_EDGE('',*,*,#3283,.T.);
#6119=ORIENTED_EDGE('',*,*,#6118,.T.);
#6120=EDGE_LOOP('',(#6114,#6115,#6116,#6117,#6119));
#6121=FACE_OUTER_BOUND('',#6120,.F.);
#6122=ADVANCED_FACE('',(#6121),#6112,.T.);
#6123=CARTESIAN_POINT('',(2.2E0,2.2E0,-3.95E0));
#6124=DIRECTION('',(1.E0,0.E0,0.E0));
#6125=DIRECTION('',(0.E0,-1.E0,0.E0));
#6126=AXIS2_PLACEMENT_3D('',#6123,#6124,#6125);
#6127=SPHERICAL_SURFACE('',#6126,3.E-1);
#6128=ORIENTED_EDGE('',*,*,#6113,.T.);
#6130=ORIENTED_EDGE('',*,*,#6129,.T.);
#6131=ORIENTED_EDGE('',*,*,#3560,.T.);
#6132=EDGE_LOOP('',(#6128,#6130,#6131));
#6133=FACE_OUTER_BOUND('',#6132,.F.);
#6134=ADVANCED_FACE('',(#6133),#6127,.T.);
#6135=CARTESIAN_POINT('',(-3.304318145739E0,2.2E0,-3.95E0));
#6136=DIRECTION('',(1.E0,0.E0,0.E0));
#6137=DIRECTION('',(0.E0,0.E0,-1.E0));
#6138=AXIS2_PLACEMENT_3D('',#6135,#6136,#6137);
#6139=CYLINDRICAL_SURFACE('',#6138,3.E-1);
#6140=ORIENTED_EDGE('',*,*,#3540,.T.);
#6141=ORIENTED_EDGE('',*,*,#6129,.F.);
#6143=ORIENTED_EDGE('',*,*,#6142,.T.);
#6144=ORIENTED_EDGE('',*,*,#3279,.F.);
#6145=EDGE_LOOP('',(#6140,#6141,#6143,#6144));
#6146=FACE_OUTER_BOUND('',#6145,.F.);
#6147=ADVANCED_FACE('',(#6146),#6139,.T.);
#6148=CARTESIAN_POINT('',(2.5E0,2.5E0,-4.25E0));
#6149=DIRECTION('',(0.E0,1.E0,0.E0));
#6150=DIRECTION('',(-1.E0,0.E0,0.E0));
#6151=AXIS2_PLACEMENT_3D('',#6148,#6149,#6150);
#6152=PLANE('',#6151);
#6153=ORIENTED_EDGE('',*,*,#3281,.T.);
#6154=ORIENTED_EDGE('',*,*,#6142,.F.);
#6155=ORIENTED_EDGE('',*,*,#6118,.F.);
#6156=EDGE_LOOP('',(#6153,#6154,#6155));
#6157=FACE_OUTER_BOUND('',#6156,.F.);
#6158=ADVANCED_FACE('',(#6157),#6152,.T.);
#6159=CARTESIAN_POINT('',(-3.304318145739E0,2.2E0,-3.95E0));
#6160=DIRECTION('',(1.E0,0.E0,0.E0));
#6161=DIRECTION('',(0.E0,0.E0,-1.E0));
#6162=AXIS2_PLACEMENT_3D('',#6159,#6160,#6161);
#6163=CYLINDRICAL_SURFACE('',#6162,3.E-1);
#6164=ORIENTED_EDGE('',*,*,#3325,.T.);
#6166=ORIENTED_EDGE('',*,*,#6165,.F.);
#6167=ORIENTED_EDGE('',*,*,#3542,.T.);
#6168=ORIENTED_EDGE('',*,*,#3277,.F.);
#6169=EDGE_LOOP('',(#6164,#6166,#6167,#6168));
#6170=FACE_OUTER_BOUND('',#6169,.F.);
#6171=ADVANCED_FACE('',(#6170),#6163,.T.);
#6172=CARTESIAN_POINT('',(-3.25E0,2.2E0,-3.25E0));
#6173=DIRECTION('',(0.E0,1.E0,0.E0));
#6174=DIRECTION('',(-9.987589748683E-1,0.E0,4.980471985650E-2));
#6175=AXIS2_PLACEMENT_3D('',#6172,#6173,#6174);
#6176=TOROIDAL_SURFACE('',#6175,7.E-1,3.E-1);
#6178=ORIENTED_EDGE('',*,*,#6177,.T.);
#6179=ORIENTED_EDGE('',*,*,#6165,.T.);
#6180=ORIENTED_EDGE('',*,*,#3323,.F.);
#6181=ORIENTED_EDGE('',*,*,#3338,.T.);
#6182=EDGE_LOOP('',(#6178,#6179,#6180,#6181));
#6183=FACE_OUTER_BOUND('',#6182,.F.);
#6184=ADVANCED_FACE('',(#6183),#6176,.T.);
#6185=CARTESIAN_POINT('',(-3.25E0,-7.361176346688E-2,-3.25E0));
#6186=DIRECTION('',(0.E0,1.E0,0.E0));
#6187=DIRECTION('',(0.E0,0.E0,-1.E0));
#6188=AXIS2_PLACEMENT_3D('',#6185,#6186,#6187);
#6189=CYLINDRICAL_SURFACE('',#6188,1.E0);
#6190=ORIENTED_EDGE('',*,*,#6177,.F.);
#6191=ORIENTED_EDGE('',*,*,#3356,.T.);
#6193=ORIENTED_EDGE('',*,*,#6192,.F.);
#6194=ORIENTED_EDGE('',*,*,#3544,.T.);
#6195=EDGE_LOOP('',(#6190,#6191,#6193,#6194));
#6196=FACE_OUTER_BOUND('',#6195,.F.);
#6197=ADVANCED_FACE('',(#6196),#6189,.T.);
#6198=CARTESIAN_POINT('',(0.E0,0.E0,-3.25E0));
#6199=DIRECTION('',(0.E0,0.E0,1.E0));
#6200=DIRECTION('',(1.731954893494E-2,-9.998500053631E-1,0.E0));
#6201=AXIS2_PLACEMENT_3D('',#6198,#6199,#6200);
#6202=TOROIDAL_SURFACE('',#6201,3.25E0,1.E0);
#6203=ORIENTED_EDGE('',*,*,#3546,.F.);
#6204=ORIENTED_EDGE('',*,*,#6192,.T.);
#6206=ORIENTED_EDGE('',*,*,#6205,.T.);
#6208=ORIENTED_EDGE('',*,*,#6207,.T.);
#6209=EDGE_LOOP('',(#6203,#6204,#6206,#6208));
#6210=FACE_OUTER_BOUND('',#6209,.F.);
#6211=ADVANCED_FACE('',(#6210),#6202,.T.);
#6212=CARTESIAN_POINT('',(0.E0,0.E0,-4.25E0));
#6213=DIRECTION('',(0.E0,0.E0,1.E0));
#6214=DIRECTION('',(1.E0,0.E0,0.E0));
#6215=AXIS2_PLACEMENT_3D('',#6212,#6213,#6214);
#6216=CYLINDRICAL_SURFACE('',#6215,4.25E0);
#6218=ORIENTED_EDGE('',*,*,#6217,.F.);
#6219=ORIENTED_EDGE('',*,*,#3479,.T.);
#6220=ORIENTED_EDGE('',*,*,#6205,.F.);
#6221=ORIENTED_EDGE('',*,*,#3354,.T.);
#6222=EDGE_LOOP('',(#6218,#6219,#6220,#6221));
#6223=FACE_OUTER_BOUND('',#6222,.F.);
#6224=ADVANCED_FACE('',(#6223),#6216,.T.);
#6225=CARTESIAN_POINT('',(0.E0,0.E0,3.25E0));
#6226=DIRECTION('',(0.E0,0.E0,1.E0));
#6227=DIRECTION('',(-9.999256699014E-1,1.219240223558E-2,0.E0));
#6228=AXIS2_PLACEMENT_3D('',#6225,#6226,#6227);
#6229=TOROIDAL_SURFACE('',#6228,3.25E0,1.E0);
#6230=ORIENTED_EDGE('',*,*,#3413,.F.);
#6232=ORIENTED_EDGE('',*,*,#6231,.T.);
#6233=ORIENTED_EDGE('',*,*,#6217,.T.);
#6235=ORIENTED_EDGE('',*,*,#6234,.T.);
#6236=EDGE_LOOP('',(#6230,#6232,#6233,#6235));
#6237=FACE_OUTER_BOUND('',#6236,.F.);
#6238=ADVANCED_FACE('',(#6237),#6229,.T.);
#6239=CARTESIAN_POINT('',(-5.181899341123E-2,-3.25E0,3.25E0));
#6240=DIRECTION('',(1.E0,0.E0,0.E0));
#6241=DIRECTION('',(0.E0,0.E0,1.E0));
#6242=AXIS2_PLACEMENT_3D('',#6239,#6240,#6241);
#6243=CYLINDRICAL_SURFACE('',#6242,1.E0);
#6245=ORIENTED_EDGE('',*,*,#6244,.F.);
#6246=ORIENTED_EDGE('',*,*,#3481,.T.);
#6247=ORIENTED_EDGE('',*,*,#6231,.F.);
#6248=ORIENTED_EDGE('',*,*,#3411,.T.);
#6249=EDGE_LOOP('',(#6245,#6246,#6247,#6248));
#6250=FACE_OUTER_BOUND('',#6249,.F.);
#6251=ADVANCED_FACE('',(#6250),#6243,.T.);
#6252=CARTESIAN_POINT('',(2.2E0,-3.25E0,3.25E0));
#6253=DIRECTION('',(1.E0,0.E0,0.E0));
#6254=DIRECTION('',(0.E0,5.179580572801E-2,9.986576963650E-1));
#6255=AXIS2_PLACEMENT_3D('',#6252,#6253,#6254);
#6256=TOROIDAL_SURFACE('',#6255,7.E-1,3.E-1);
#6257=ORIENTED_EDGE('',*,*,#3447,.F.);
#6258=ORIENTED_EDGE('',*,*,#3462,.T.);
#6259=ORIENTED_EDGE('',*,*,#6244,.T.);
#6260=ORIENTED_EDGE('',*,*,#3432,.T.);
#6261=EDGE_LOOP('',(#6257,#6258,#6259,#6260));
#6262=FACE_OUTER_BOUND('',#6261,.F.);
#6263=ADVANCED_FACE('',(#6262),#6256,.T.);
#6264=CARTESIAN_POINT('',(-3.25E0,4.341848E1,3.25E0));
#6265=DIRECTION('',(0.E0,-1.E0,0.E0));
#6266=DIRECTION('',(0.E0,0.E0,1.E0));
#6267=AXIS2_PLACEMENT_3D('',#6264,#6265,#6266);
#6268=CYLINDRICAL_SURFACE('',#6267,1.E0);
#6270=ORIENTED_EDGE('',*,*,#6269,.F.);
#6271=ORIENTED_EDGE('',*,*,#3415,.T.);
#6272=ORIENTED_EDGE('',*,*,#6234,.F.);
#6273=ORIENTED_EDGE('',*,*,#3352,.T.);
#6274=EDGE_LOOP('',(#6270,#6271,#6272,#6273));
#6275=FACE_OUTER_BOUND('',#6274,.F.);
#6276=ADVANCED_FACE('',(#6275),#6268,.T.);
#6277=CARTESIAN_POINT('',(-3.25E0,2.2E0,3.25E0));
#6278=DIRECTION('',(0.E0,-1.E0,0.E0));
#6279=DIRECTION('',(5.429143908445E-2,0.E0,9.985251322036E-1));
#6280=AXIS2_PLACEMENT_3D('',#6277,#6278,#6279);
#6281=TOROIDAL_SURFACE('',#6280,7.E-1,3.E-1);
#6282=ORIENTED_EDGE('',*,*,#6269,.T.);
#6283=ORIENTED_EDGE('',*,*,#3369,.T.);
#6284=ORIENTED_EDGE('',*,*,#3385,.F.);
#6285=ORIENTED_EDGE('',*,*,#3397,.T.);
#6286=EDGE_LOOP('',(#6282,#6283,#6284,#6285));
#6287=FACE_OUTER_BOUND('',#6286,.F.);
#6288=ADVANCED_FACE('',(#6287),#6281,.T.);
#6289=CARTESIAN_POINT('',(4.341848E1,-3.25E0,-3.25E0));
#6290=DIRECTION('',(-1.E0,0.E0,0.E0));
#6291=DIRECTION('',(0.E0,0.E0,-1.E0));
#6292=AXIS2_PLACEMENT_3D('',#6289,#6290,#6291);
#6293=CYLINDRICAL_SURFACE('',#6292,1.E0);
#6295=ORIENTED_EDGE('',*,*,#6294,.F.);
#6296=ORIENTED_EDGE('',*,*,#3548,.T.);
#6297=ORIENTED_EDGE('',*,*,#6207,.F.);
#6298=ORIENTED_EDGE('',*,*,#3477,.T.);
#6299=EDGE_LOOP('',(#6295,#6296,#6297,#6298));
#6300=FACE_OUTER_BOUND('',#6299,.F.);
#6301=ADVANCED_FACE('',(#6300),#6293,.T.);
#6302=CARTESIAN_POINT('',(2.2E0,-3.25E0,-3.25E0));
#6303=DIRECTION('',(-1.E0,0.E0,0.E0));
#6304=DIRECTION('',(0.E0,5.429143908445E-2,-9.985251322036E-1));
#6305=AXIS2_PLACEMENT_3D('',#6302,#6303,#6304);
#6306=TOROIDAL_SURFACE('',#6305,7.E-1,3.E-1);
#6307=ORIENTED_EDGE('',*,*,#6294,.T.);
#6308=ORIENTED_EDGE('',*,*,#3494,.T.);
#6309=ORIENTED_EDGE('',*,*,#3509,.F.);
#6310=ORIENTED_EDGE('',*,*,#3524,.T.);
#6311=EDGE_LOOP('',(#6307,#6308,#6309,#6310));
#6312=FACE_OUTER_BOUND('',#6311,.F.);
#6313=ADVANCED_FACE('',(#6312),#6306,.T.);
#6314=CLOSED_SHELL('',(#3315,#3330,#3344,#3361,#3375,#3389,#3403,#3424,#3439,
#3454,#3469,#3486,#3501,#3516,#3531,#3552,#3567,#3580,#3614,#3628,#3641,#3656,
#3668,#3680,#3691,#3710,#3728,#3746,#3761,#3781,#3800,#3820,#3835,#3861,#3881,
#3900,#3915,#3930,#3949,#3963,#3976,#3992,#4007,#4024,#4065,#4088,#4107,#4130,
#4146,#4162,#4178,#4193,#4228,#4246,#4268,#4287,#4304,#4319,#4338,#4354,#4370,
#4384,#4400,#4414,#4429,#4442,#4457,#4470,#4485,#4498,#4513,#4526,#4542,#4557,
#4570,#4585,#4598,#4613,#4626,#4646,#4664,#4680,#4696,#4710,#4726,#4743,#4760,
#4774,#4789,#4802,#4818,#4835,#4853,#4873,#4888,#4901,#4916,#4929,#4944,#4957,
#4973,#4988,#5001,#5016,#5029,#5044,#5057,#5072,#5085,#5126,#5145,#5165,#5214,
#5234,#5251,#5271,#5285,#5305,#5319,#5339,#5353,#5372,#5386,#5418,#5434,#5459,
#5471,#5486,#5512,#5528,#5542,#5554,#5567,#5585,#5599,#5617,#5629,#5641,#5653,
#5669,#5684,#5697,#5711,#5725,#5737,#5753,#5766,#5781,#5803,#5818,#5832,#5845,
#5864,#5877,#5890,#5902,#5925,#5940,#5962,#5975,#5987,#6000,#6013,#6026,#6038,
#6050,#6067,#6087,#6097,#6107,#6122,#6134,#6147,#6158,#6171,#6184,#6197,#6211,
#6224,#6238,#6251,#6263,#6276,#6288,#6301,#6313));
#6315=MANIFOLD_SOLID_BREP('',#6314);
#6317=DIMENSIONAL_EXPONENTS(0.E0,0.E0,0.E0,0.E0,0.E0,0.E0,0.E0);
#6319=PLANE_ANGLE_MEASURE_WITH_UNIT(PLANE_ANGLE_MEASURE(1.745329251994E-2),
#6318);
#6320=(CONVERSION_BASED_UNIT('DEGREE',#6319)NAMED_UNIT(*)PLANE_ANGLE_UNIT());
#6322=UNCERTAINTY_MEASURE_WITH_UNIT(LENGTH_MEASURE(3.900791712867E-3),#6316,
'closure',
'Maximum model space distance between geometric entities at asserted connectivities');
#6323=(GEOMETRIC_REPRESENTATION_CONTEXT(3)GLOBAL_UNCERTAINTY_ASSIGNED_CONTEXT((
#6322))GLOBAL_UNIT_ASSIGNED_CONTEXT((#6316,#6320,#6321))REPRESENTATION_CONTEXT(
'ID1','3'));
#6325=APPLICATION_CONTEXT(
'CONFIGURATION CONTROLLED 3D DESIGNS OF MECHANICAL PARTS AND ASSEMBLIES');
#6326=APPLICATION_PROTOCOL_DEFINITION('international standard',
'config_control_design',1994,#6325);
#6327=DESIGN_CONTEXT('',#6325,'design');
#6328=MECHANICAL_CONTEXT('',#6325,'mechanical');
#6329=PRODUCT('NL0404','NL0404','NOT SPECIFIED',(#6328));
#6330=PRODUCT_DEFINITION_FORMATION_WITH_SPECIFIED_SOURCE('1','LAST_VERSION',
#6329,.MADE.);
#6334=PRODUCT_CATEGORY('part','');
#6335=PRODUCT_RELATED_PRODUCT_CATEGORY('detail','',(#6329));
#6336=PRODUCT_CATEGORY_RELATIONSHIP('','',#6334,#6335);
#6337=SECURITY_CLASSIFICATION_LEVEL('unclassified');
#6338=SECURITY_CLASSIFICATION('','',#6337);
#6339=CC_DESIGN_SECURITY_CLASSIFICATION(#6338,(#6330));
#6340=APPROVAL_STATUS('approved');
#6341=APPROVAL(#6340,'');
#6342=CC_DESIGN_APPROVAL(#6341,(#6338,#6330,#6331));
#6343=CALENDAR_DATE(126,30,6);
#6344=COORDINATED_UNIVERSAL_TIME_OFFSET(8,0,.AHEAD.);
#6345=LOCAL_TIME(14,31,3.2E1,#6344);
#6346=DATE_AND_TIME(#6343,#6345);
#6347=APPROVAL_DATE_TIME(#6346,#6341);
#6348=DATE_TIME_ROLE('creation_date');
#6349=CC_DESIGN_DATE_AND_TIME_ASSIGNMENT(#6346,#6348,(#6331));
#6350=DATE_TIME_ROLE('classification_date');
#6351=CC_DESIGN_DATE_AND_TIME_ASSIGNMENT(#6346,#6350,(#6338));
#6352=PERSON('UNSPECIFIED','UNSPECIFIED',$,$,$,$);
#6353=ORGANIZATION('UNSPECIFIED','UNSPECIFIED','UNSPECIFIED');
#6354=PERSON_AND_ORGANIZATION(#6352,#6353);
#6355=APPROVAL_ROLE('approver');
#6356=APPROVAL_PERSON_ORGANIZATION(#6354,#6341,#6355);
#6357=PERSON_AND_ORGANIZATION_ROLE('creator');
#6358=CC_DESIGN_PERSON_AND_ORGANIZATION_ASSIGNMENT(#6354,#6357,(#6330,#6331));
#6359=PERSON_AND_ORGANIZATION_ROLE('design_supplier');
#6360=CC_DESIGN_PERSON_AND_ORGANIZATION_ASSIGNMENT(#6354,#6359,(#6330));
#6361=PERSON_AND_ORGANIZATION_ROLE('classification_officer');
#6362=CC_DESIGN_PERSON_AND_ORGANIZATION_ASSIGNMENT(#6354,#6361,(#6338));
#6363=PERSON_AND_ORGANIZATION_ROLE('design_owner');
#6364=CC_DESIGN_PERSON_AND_ORGANIZATION_ASSIGNMENT(#6354,#6363,(#6329));
#10=B_SPLINE_CURVE_WITH_KNOTS('',3,(#1,#2,#3,#4,#5,#6,#7,#8,#9),.UNSPECIFIED.,
.F.,.F.,(4,1,1,1,1,1,4),(0.E0,1.666666666667E-1,3.333333333333E-1,5.E-1,
6.666666666667E-1,8.333333333333E-1,1.E0),.UNSPECIFIED.);
#20=B_SPLINE_CURVE_WITH_KNOTS('',3,(#11,#12,#13,#14,#15,#16,#17,#18,#19),
.UNSPECIFIED.,.F.,.F.,(4,1,1,1,1,1,4),(0.E0,1.666666666667E-1,3.333333333333E-1,
5.E-1,6.666666666667E-1,8.333333333333E-1,1.E0),.UNSPECIFIED.);
#27=B_SPLINE_CURVE_WITH_KNOTS('',3,(#21,#22,#23,#24,#25,#26),.UNSPECIFIED.,.F.,
.F.,(4,1,1,4),(0.E0,3.333333333333E-1,6.666666666667E-1,1.E0),.UNSPECIFIED.);
#34=B_SPLINE_CURVE_WITH_KNOTS('',3,(#28,#29,#30,#31,#32,#33),.UNSPECIFIED.,.F.,
.F.,(4,1,1,4),(0.E0,3.333333333333E-1,6.666666666667E-1,1.E0),.UNSPECIFIED.);
#41=B_SPLINE_CURVE_WITH_KNOTS('',3,(#35,#36,#37,#38,#39,#40),.UNSPECIFIED.,.F.,
.F.,(4,1,1,4),(0.E0,3.333333333333E-1,6.666666666667E-1,1.E0),.UNSPECIFIED.);
#48=B_SPLINE_CURVE_WITH_KNOTS('',3,(#42,#43,#44,#45,#46,#47),.UNSPECIFIED.,.F.,
.F.,(4,1,1,4),(0.E0,3.333333333333E-1,6.666666666667E-1,1.E0),.UNSPECIFIED.);
#55=B_SPLINE_CURVE_WITH_KNOTS('',3,(#49,#50,#51,#52,#53,#54),.UNSPECIFIED.,.F.,
.F.,(4,1,1,4),(0.E0,3.333333333333E-1,6.666666666667E-1,1.E0),.UNSPECIFIED.);
#65=B_SPLINE_CURVE_WITH_KNOTS('',3,(#56,#57,#58,#59,#60,#61,#62,#63,#64),
.UNSPECIFIED.,.F.,.F.,(4,1,1,1,1,1,4),(0.E0,1.666666666667E-1,3.333333333333E-1,
5.E-1,6.666666666667E-1,8.333333333333E-1,1.E0),.UNSPECIFIED.);
#75=B_SPLINE_CURVE_WITH_KNOTS('',3,(#66,#67,#68,#69,#70,#71,#72,#73,#74),
.UNSPECIFIED.,.F.,.F.,(4,1,1,1,1,1,4),(0.E0,1.666666666667E-1,3.333333333333E-1,
5.E-1,6.666666666667E-1,8.333333333333E-1,1.E0),.UNSPECIFIED.);
#82=B_SPLINE_CURVE_WITH_KNOTS('',3,(#76,#77,#78,#79,#80,#81),.UNSPECIFIED.,.F.,
.F.,(4,1,1,4),(0.E0,3.333333333333E-1,6.666666666667E-1,1.E0),.UNSPECIFIED.);
#89=B_SPLINE_CURVE_WITH_KNOTS('',3,(#83,#84,#85,#86,#87,#88),.UNSPECIFIED.,.F.,
.F.,(4,1,1,4),(0.E0,3.333333333333E-1,6.666666666667E-1,1.E0),.UNSPECIFIED.);
#98=CIRCLE('',#97,7.E-1);
#103=CIRCLE('',#102,4.25E0);
#120=CIRCLE('',#119,4.25E0);
#125=CIRCLE('',#124,7.E-1);
#138=CIRCLE('',#137,3.25E0);
#155=CIRCLE('',#154,7.E-1);
#160=CIRCLE('',#159,4.25E0);
#173=CIRCLE('',#172,7.E-1);
#182=CIRCLE('',#181,4.25E0);
#195=CIRCLE('',#194,3.25E0);
#208=CIRCLE('',#207,4.25E0);
#218=B_SPLINE_CURVE_WITH_KNOTS('',3,(#209,#210,#211,#212,#213,#214,#215,#216,
#217),.UNSPECIFIED.,.F.,.F.,(4,1,1,1,1,1,4),(0.E0,1.666666666667E-1,
3.333333333333E-1,5.E-1,6.666666666667E-1,8.333333333333E-1,1.E0),
.UNSPECIFIED.);
#228=B_SPLINE_CURVE_WITH_KNOTS('',3,(#219,#220,#221,#222,#223,#224,#225,#226,
#227),.UNSPECIFIED.,.F.,.F.,(4,1,1,1,1,1,4),(0.E0,1.666666666667E-1,
3.333333333333E-1,5.E-1,6.666666666667E-1,8.333333333333E-1,1.E0),
.UNSPECIFIED.);
#235=B_SPLINE_CURVE_WITH_KNOTS('',3,(#229,#230,#231,#232,#233,#234),
.UNSPECIFIED.,.F.,.F.,(4,1,1,4),(0.E0,3.333333333333E-1,6.666666666667E-1,1.E0),
.UNSPECIFIED.);
#245=B_SPLINE_CURVE_WITH_KNOTS('',3,(#236,#237,#238,#239,#240,#241,#242,#243,
#244),.UNSPECIFIED.,.F.,.F.,(4,1,1,1,1,1,4),(0.E0,1.666666666667E-1,
3.333333333333E-1,5.E-1,6.666666666667E-1,8.333333333333E-1,1.E0),
.UNSPECIFIED.);
#255=B_SPLINE_CURVE_WITH_KNOTS('',3,(#246,#247,#248,#249,#250,#251,#252,#253,
#254),.UNSPECIFIED.,.F.,.F.,(4,1,1,1,1,1,4),(0.E0,1.666666666667E-1,
3.333333333333E-1,5.E-1,6.666666666667E-1,8.333333333333E-1,1.E0),
.UNSPECIFIED.);
#262=B_SPLINE_CURVE_WITH_KNOTS('',3,(#256,#257,#258,#259,#260,#261),
.UNSPECIFIED.,.F.,.F.,(4,1,1,4),(0.E0,3.333333333333E-1,6.666666666667E-1,1.E0),
.UNSPECIFIED.);
#269=B_SPLINE_CURVE_WITH_KNOTS('',3,(#263,#264,#265,#266,#267,#268),
.UNSPECIFIED.,.F.,.F.,(4,1,1,4),(0.E0,3.333333333333E-1,6.666666666667E-1,1.E0),
.UNSPECIFIED.);
#282=CIRCLE('',#281,3.E-1);
#287=CIRCLE('',#286,3.E-1);
#292=CIRCLE('',#291,3.E-1);
#303=B_SPLINE_CURVE_WITH_KNOTS('',3,(#297,#298,#299,#300,#301,#302),
.UNSPECIFIED.,.F.,.F.,(4,1,1,4),(0.E0,3.333333333333E-1,6.666666666667E-1,1.E0),
.UNSPECIFIED.);
#312=CIRCLE('',#311,4.25E0);
#325=CIRCLE('',#324,4.25E0);
#330=CIRCLE('',#329,4.25E0);
#335=CIRCLE('',#334,4.25E0);
#340=CIRCLE('',#339,4.25E0);
#359=B_SPLINE_CURVE_WITH_KNOTS('',3,(#341,#342,#343,#344,#345,#346,#347,#348,
#349,#350,#351,#352,#353,#354,#355,#356,#357,#358),.UNSPECIFIED.,.F.,.F.,(4,1,1,
1,1,1,1,1,1,1,1,1,1,1,1,4),(0.E0,6.666666666667E-2,1.333333333333E-1,2.E-1,
2.666666666667E-1,3.333333333333E-1,4.E-1,4.666666666667E-1,5.333333333333E-1,
6.E-1,6.666666666667E-1,7.333333333333E-1,8.E-1,8.666666666667E-1,
9.333333333333E-1,1.E0),.UNSPECIFIED.);
#364=CIRCLE('',#363,4.75E0);
#369=CIRCLE('',#368,4.75E0);
#374=CIRCLE('',#373,4.95E0);
#379=CIRCLE('',#378,4.95E0);
#384=CIRCLE('',#383,4.75E0);
#389=CIRCLE('',#388,4.75E0);
#398=CIRCLE('',#397,4.95E0);
#403=CIRCLE('',#402,4.95E0);
#412=CIRCLE('',#411,4.25E0);
#417=CIRCLE('',#416,4.25E0);
#422=CIRCLE('',#421,4.25E0);
#441=B_SPLINE_CURVE_WITH_KNOTS('',3,(#423,#424,#425,#426,#427,#428,#429,#430,
#431,#432,#433,#434,#435,#436,#437,#438,#439,#440),.UNSPECIFIED.,.F.,.F.,(4,1,1,
1,1,1,1,1,1,1,1,1,1,1,1,4),(0.E0,6.666666666667E-2,1.333333333333E-1,2.E-1,
2.666666666667E-1,3.333333333333E-1,4.E-1,4.666666666667E-1,5.333333333333E-1,
6.E-1,6.666666666667E-1,7.333333333333E-1,8.E-1,8.666666666667E-1,
9.333333333333E-1,1.E0),.UNSPECIFIED.);
#446=CIRCLE('',#445,5.25E0);
#451=CIRCLE('',#450,5.25E0);
#456=CIRCLE('',#455,5.25E0);
#473=B_SPLINE_CURVE_WITH_KNOTS('',3,(#457,#458,#459,#460,#461,#462,#463,#464,
#465,#466,#467,#468,#469,#470,#471,#472),.UNSPECIFIED.,.F.,.F.,(4,1,1,1,1,1,1,1,
1,1,1,1,1,4),(0.E0,7.692307692308E-2,1.538461538462E-1,2.307692307692E-1,
3.076923076923E-1,3.846153846154E-1,4.615384615385E-1,5.384615384615E-1,
6.153846153846E-1,6.923076923077E-1,7.692307692308E-1,8.461538461538E-1,
9.230769230769E-1,1.E0),.UNSPECIFIED.);
#490=B_SPLINE_CURVE_WITH_KNOTS('',3,(#474,#475,#476,#477,#478,#479,#480,#481,
#482,#483,#484,#485,#486,#487,#488,#489),.UNSPECIFIED.,.F.,.F.,(4,1,1,1,1,1,1,1,
1,1,1,1,1,4),(0.E0,7.692307692308E-2,1.538461538462E-1,2.307692307692E-1,
3.076923076923E-1,3.846153846154E-1,4.615384615385E-1,5.384615384615E-1,
6.153846153846E-1,6.923076923077E-1,7.692307692308E-1,8.461538461538E-1,
9.230769230769E-1,1.E0),.UNSPECIFIED.);
#498=B_SPLINE_CURVE_WITH_KNOTS('',3,(#491,#492,#493,#494,#495,#496,#497),
.UNSPECIFIED.,.F.,.F.,(4,1,1,1,4),(0.E0,2.5E-1,5.E-1,7.5E-1,1.E0),
.UNSPECIFIED.);
#506=B_SPLINE_CURVE_WITH_KNOTS('',3,(#499,#500,#501,#502,#503,#504,#505),
.UNSPECIFIED.,.F.,.F.,(4,1,1,1,4),(0.E0,2.5E-1,5.E-1,7.5E-1,1.E0),
.UNSPECIFIED.);
#511=CIRCLE('',#510,5.25E0);
#516=CIRCLE('',#515,5.25E0);
#521=CIRCLE('',#520,5.25E0);
#530=B_SPLINE_CURVE_WITH_KNOTS('',3,(#522,#523,#524,#525,#526,#527,#528,#529),
.UNSPECIFIED.,.F.,.F.,(4,1,1,1,1,4),(0.E0,2.E-1,4.E-1,6.E-1,8.E-1,1.E0),
.UNSPECIFIED.);
#535=CIRCLE('',#534,5.25E0);
#540=CIRCLE('',#539,5.25E0);
#549=B_SPLINE_CURVE_WITH_KNOTS('',3,(#541,#542,#543,#544,#545,#546,#547,#548),
.UNSPECIFIED.,.F.,.F.,(4,1,1,1,1,4),(0.E0,2.E-1,4.E-1,6.E-1,8.E-1,1.E0),
.UNSPECIFIED.);
#554=CIRCLE('',#553,6.6E0);
#559=CIRCLE('',#558,6.6E0);
#564=CIRCLE('',#563,6.6E0);
#569=CIRCLE('',#568,6.25E0);
#574=CIRCLE('',#573,6.25E0);
#579=CIRCLE('',#578,6.8E0);
#584=CIRCLE('',#583,6.8E0);
#596=B_SPLINE_CURVE_WITH_KNOTS('',3,(#589,#590,#591,#592,#593,#594,#595),
.UNSPECIFIED.,.F.,.F.,(4,1,1,1,4),(0.E0,2.5E-1,5.E-1,7.5E-1,1.E0),
.UNSPECIFIED.);
#601=CIRCLE('',#600,6.8E0);
#606=CIRCLE('',#605,6.8E0);
#628=B_SPLINE_CURVE_WITH_KNOTS('',3,(#607,#608,#609,#610,#611,#612,#613,#614,
#615,#616,#617,#618,#619,#620,#621,#622,#623,#624,#625,#626,#627),.UNSPECIFIED.,
.F.,.F.,(4,1,1,1,1,1,1,1,1,1,1,1,1,1,1,1,1,1,4),(0.E0,5.555555555556E-2,
1.111111111111E-1,1.666666666667E-1,2.222222222222E-1,2.777777777778E-1,
3.333333333333E-1,3.888888888889E-1,4.444444444444E-1,5.E-1,5.555555555556E-1,
6.111111111111E-1,6.666666666667E-1,7.222222222222E-1,7.777777777778E-1,
8.333333333333E-1,8.888888888889E-1,9.444444444444E-1,1.E0),.UNSPECIFIED.);
#650=B_SPLINE_CURVE_WITH_KNOTS('',3,(#629,#630,#631,#632,#633,#634,#635,#636,
#637,#638,#639,#640,#641,#642,#643,#644,#645,#646,#647,#648,#649),.UNSPECIFIED.,
.F.,.F.,(4,1,1,1,1,1,1,1,1,1,1,1,1,1,1,1,1,1,4),(0.E0,5.555555555556E-2,
1.111111111111E-1,1.666666666667E-1,2.222222222222E-1,2.777777777778E-1,
3.333333333333E-1,3.888888888889E-1,4.444444444444E-1,5.E-1,5.555555555556E-1,
6.111111111111E-1,6.666666666667E-1,7.222222222222E-1,7.777777777778E-1,
8.333333333333E-1,8.888888888889E-1,9.444444444444E-1,1.E0),.UNSPECIFIED.);
#658=B_SPLINE_CURVE_WITH_KNOTS('',3,(#651,#652,#653,#654,#655,#656,#657),
.UNSPECIFIED.,.F.,.F.,(4,1,1,1,4),(0.E0,2.5E-1,5.E-1,7.5E-1,1.E0),
.UNSPECIFIED.);
#667=CIRCLE('',#666,6.8E0);
#672=CIRCLE('',#671,6.8E0);
#677=CIRCLE('',#676,6.6E0);
#682=CIRCLE('',#681,6.6E0);
#691=CIRCLE('',#690,6.8E0);
#696=CIRCLE('',#695,6.8E0);
#701=CIRCLE('',#700,6.6E0);
#706=CIRCLE('',#705,6.6E0);
#743=CIRCLE('',#742,6.1E0);
#748=CIRCLE('',#747,6.1E0);
#757=CIRCLE('',#756,6.6E0);
#762=CIRCLE('',#761,6.6E0);
#779=CIRCLE('',#778,6.301311497706E0);
#784=CIRCLE('',#783,6.301311497706E0);
#789=CIRCLE('',#788,6.1E0);
#794=CIRCLE('',#793,6.1E0);
#801=B_SPLINE_CURVE_WITH_KNOTS('',3,(#795,#796,#797,#798,#799,#800),
.UNSPECIFIED.,.F.,.F.,(4,1,1,4),(0.E0,3.333333333333E-1,6.666666666667E-1,1.E0),
.UNSPECIFIED.);
#808=B_SPLINE_CURVE_WITH_KNOTS('',3,(#802,#803,#804,#805,#806,#807),
.UNSPECIFIED.,.F.,.F.,(4,1,1,4),(0.E0,3.333333333333E-1,6.666666666667E-1,1.E0),
.UNSPECIFIED.);
#813=CIRCLE('',#812,6.777402166636E0);
#818=CIRCLE('',#817,6.777402166636E0);
#825=B_SPLINE_CURVE_WITH_KNOTS('',3,(#819,#820,#821,#822,#823,#824),
.UNSPECIFIED.,.F.,.F.,(4,1,1,4),(0.E0,3.333333333333E-1,6.666666666667E-1,1.E0),
.UNSPECIFIED.);
#830=CIRCLE('',#829,6.8E0);
#835=CIRCLE('',#834,6.8E0);
#842=B_SPLINE_CURVE_WITH_KNOTS('',3,(#836,#837,#838,#839,#840,#841),
.UNSPECIFIED.,.F.,.F.,(4,1,1,4),(0.E0,3.333333333333E-1,6.666666666667E-1,1.E0),
.UNSPECIFIED.);
#875=CIRCLE('',#874,6.8E0);
#880=CIRCLE('',#879,6.8E0);
#889=CIRCLE('',#888,6.6E0);
#894=CIRCLE('',#893,6.6E0);
#915=CIRCLE('',#914,6.6E0);
#920=CIRCLE('',#919,6.6E0);
#929=CIRCLE('',#928,6.1E0);
#934=CIRCLE('',#933,6.1E0);
#951=CIRCLE('',#950,6.8E0);
#956=CIRCLE('',#955,6.8E0);
#963=B_SPLINE_CURVE_WITH_KNOTS('',3,(#957,#958,#959,#960,#961,#962),
.UNSPECIFIED.,.F.,.F.,(4,1,1,4),(0.E0,3.333333333333E-1,6.666666666667E-1,1.E0),
.UNSPECIFIED.);
#968=CIRCLE('',#967,6.777402166636E0);
#973=CIRCLE('',#972,6.777402166636E0);
#980=B_SPLINE_CURVE_WITH_KNOTS('',3,(#974,#975,#976,#977,#978,#979),
.UNSPECIFIED.,.F.,.F.,(4,1,1,4),(0.E0,3.333333333333E-1,6.666666666667E-1,1.E0),
.UNSPECIFIED.);
#987=B_SPLINE_CURVE_WITH_KNOTS('',3,(#981,#982,#983,#984,#985,#986),
.UNSPECIFIED.,.F.,.F.,(4,1,1,4),(0.E0,3.333333333333E-1,6.666666666667E-1,1.E0),
.UNSPECIFIED.);
#994=B_SPLINE_CURVE_WITH_KNOTS('',3,(#988,#989,#990,#991,#992,#993),
.UNSPECIFIED.,.F.,.F.,(4,1,1,4),(0.E0,3.333333333333E-1,6.666666666667E-1,1.E0),
.UNSPECIFIED.);
#999=CIRCLE('',#998,6.1E0);
#1004=CIRCLE('',#1003,6.1E0);
#1009=CIRCLE('',#1008,6.301311497706E0);
#1014=CIRCLE('',#1013,6.301311497706E0);
#1023=CIRCLE('',#1022,6.6E0);
#1028=CIRCLE('',#1027,6.6E0);
#1037=CIRCLE('',#1036,6.8E0);
#1042=CIRCLE('',#1041,6.8E0);
#1055=CIRCLE('',#1054,6.706217782649E0);
#1060=CIRCLE('',#1059,7.E-1);
#1065=CIRCLE('',#1064,6.8E0);
#1070=CIRCLE('',#1069,7.E-1);
#1075=CIRCLE('',#1074,6.8E0);
#1080=CIRCLE('',#1079,6.706217782649E0);
#1093=CIRCLE('',#1092,4.258433521620E0);
#1098=CIRCLE('',#1097,4.E-1);
#1103=CIRCLE('',#1102,4.604843683134E0);
#1108=CIRCLE('',#1107,4.E-1);
#1113=CIRCLE('',#1112,4.604843683134E0);
#1118=CIRCLE('',#1117,4.258433521620E0);
#1131=CIRCLE('',#1130,5.E0);
#1136=CIRCLE('',#1135,5.E0);
#1141=CIRCLE('',#1140,4.258433521620E0);
#1146=CIRCLE('',#1145,4.258433521620E0);
#1151=CIRCLE('',#1150,2.E-1);
#1156=CIRCLE('',#1155,5.2E0);
#1161=CIRCLE('',#1160,5.2E0);
#1166=CIRCLE('',#1165,2.E-1);
#1179=CIRCLE('',#1178,2.E-1);
#1184=CIRCLE('',#1183,5.2E0);
#1189=CIRCLE('',#1188,2.E-1);
#1194=CIRCLE('',#1193,5.2E0);
#1199=CIRCLE('',#1198,5.E0);
#1204=CIRCLE('',#1203,5.E0);
#1209=CIRCLE('',#1208,3.75E0);
#1214=CIRCLE('',#1213,3.75E0);
#1219=CIRCLE('',#1218,3.75E0);
#1224=CIRCLE('',#1223,5.E-1);
#1229=CIRCLE('',#1228,3.25E0);
#1234=CIRCLE('',#1233,3.25E0);
#1239=CIRCLE('',#1238,3.75E0);
#1244=CIRCLE('',#1243,5.E-1);
#1249=CIRCLE('',#1248,3.25E0);
#1254=CIRCLE('',#1253,3.25E0);
#1267=CIRCLE('',#1266,3.25E0);
#1272=CIRCLE('',#1271,3.25E0);
#1277=CIRCLE('',#1276,2.25E0);
#1282=CIRCLE('',#1281,2.25E0);
#1306=B_SPLINE_CURVE_WITH_KNOTS('',3,(#1287,#1288,#1289,#1290,#1291,#1292,#1293,
#1294,#1295,#1296,#1297,#1298,#1299,#1300,#1301,#1302,#1303,#1304,#1305),
.UNSPECIFIED.,.F.,.F.,(4,1,1,1,1,1,1,1,1,1,1,1,1,1,1,1,4),(0.E0,6.25E-2,1.25E-1,
1.875E-1,2.5E-1,3.125E-1,3.75E-1,4.375E-1,5.E-1,5.625E-1,6.25E-1,6.875E-1,
7.5E-1,8.125E-1,8.75E-1,9.375E-1,1.E0),.UNSPECIFIED.);
#1315=CIRCLE('',#1314,2.25E0);
#1320=CIRCLE('',#1319,2.25E0);
#1325=CIRCLE('',#1324,2.25E0);
#1330=CIRCLE('',#1329,2.25E0);
#1354=B_SPLINE_CURVE_WITH_KNOTS('',3,(#1335,#1336,#1337,#1338,#1339,#1340,#1341,
#1342,#1343,#1344,#1345,#1346,#1347,#1348,#1349,#1350,#1351,#1352,#1353),
.UNSPECIFIED.,.F.,.F.,(4,1,1,1,1,1,1,1,1,1,1,1,1,1,1,1,4),(0.E0,6.25E-2,1.25E-1,
1.875E-1,2.5E-1,3.125E-1,3.75E-1,4.375E-1,5.E-1,5.625E-1,6.25E-1,6.875E-1,
7.5E-1,8.125E-1,8.75E-1,9.375E-1,1.E0),.UNSPECIFIED.);
#1363=CIRCLE('',#1362,3.25E0);
#1368=CIRCLE('',#1367,3.25E0);
#1373=CIRCLE('',#1372,2.25E0);
#1378=CIRCLE('',#1377,2.25E0);
#1391=CIRCLE('',#1390,3.75E0);
#1396=CIRCLE('',#1395,5.E-1);
#1401=CIRCLE('',#1400,3.25E0);
#1406=CIRCLE('',#1405,3.25E0);
#1411=CIRCLE('',#1410,5.E0);
#1416=CIRCLE('',#1415,5.E0);
#1421=CIRCLE('',#1420,3.75E0);
#1426=CIRCLE('',#1425,3.75E0);
#1431=CIRCLE('',#1430,2.E-1);
#1436=CIRCLE('',#1435,5.2E0);
#1441=CIRCLE('',#1440,2.E-1);
#1446=CIRCLE('',#1445,5.2E0);
#1459=CIRCLE('',#1458,5.2E0);
#1464=CIRCLE('',#1463,2.E-1);
#1469=CIRCLE('',#1468,2.E-1);
#1474=CIRCLE('',#1473,5.2E0);
#1479=CIRCLE('',#1478,5.E0);
#1484=CIRCLE('',#1483,5.E0);
#1489=CIRCLE('',#1488,4.258433521620E0);
#1494=CIRCLE('',#1493,4.258433521620E0);
#1507=CIRCLE('',#1506,4.E-1);
#1512=CIRCLE('',#1511,4.604843683134E0);
#1517=CIRCLE('',#1516,4.258433521620E0);
#1522=CIRCLE('',#1521,4.258433521620E0);
#1527=CIRCLE('',#1526,4.E-1);
#1532=CIRCLE('',#1531,4.604843683134E0);
#1545=CIRCLE('',#1544,7.E-1);
#1550=CIRCLE('',#1549,6.8E0);
#1555=CIRCLE('',#1554,6.706217782649E0);
#1560=CIRCLE('',#1559,6.706217782649E0);
#1565=CIRCLE('',#1564,7.E-1);
#1570=CIRCLE('',#1569,6.8E0);
#1603=CIRCLE('',#1602,6.8E0);
#1608=CIRCLE('',#1607,6.8E0);
#1617=CIRCLE('',#1616,6.6E0);
#1622=CIRCLE('',#1621,6.6E0);
#1635=CIRCLE('',#1634,6.354117344486E0);
#1644=CIRCLE('',#1643,6.6E0);
#1653=CIRCLE('',#1652,6.354117344486E0);
#1662=CIRCLE('',#1661,6.6E0);
#1667=CIRCLE('',#1666,6.6E0);
#1676=CIRCLE('',#1675,6.354117344486E0);
#1685=CIRCLE('',#1684,6.6E0);
#1694=CIRCLE('',#1693,6.354117344486E0);
#1703=CIRCLE('',#1702,6.6E0);
#1708=CIRCLE('',#1707,6.6E0);
#1713=CIRCLE('',#1712,6.1E0);
#1718=CIRCLE('',#1717,6.1E0);
#1791=CIRCLE('',#1790,6.777402166636E0);
#1796=CIRCLE('',#1795,6.777402166636E0);
#1803=B_SPLINE_CURVE_WITH_KNOTS('',3,(#1797,#1798,#1799,#1800,#1801,#1802),
.UNSPECIFIED.,.F.,.F.,(4,1,1,4),(0.E0,3.333333333333E-1,6.666666666667E-1,1.E0),
.UNSPECIFIED.);
#1808=CIRCLE('',#1807,6.8E0);
#1813=CIRCLE('',#1812,6.8E0);
#1820=B_SPLINE_CURVE_WITH_KNOTS('',3,(#1814,#1815,#1816,#1817,#1818,#1819),
.UNSPECIFIED.,.F.,.F.,(4,1,1,4),(0.E0,3.333333333333E-1,6.666666666667E-1,1.E0),
.UNSPECIFIED.);
#1827=B_SPLINE_CURVE_WITH_KNOTS('',3,(#1821,#1822,#1823,#1824,#1825,#1826),
.UNSPECIFIED.,.F.,.F.,(4,1,1,4),(0.E0,3.333333333333E-1,6.666666666667E-1,1.E0),
.UNSPECIFIED.);
#1834=B_SPLINE_CURVE_WITH_KNOTS('',3,(#1828,#1829,#1830,#1831,#1832,#1833),
.UNSPECIFIED.,.F.,.F.,(4,1,1,4),(0.E0,3.333333333333E-1,6.666666666667E-1,1.E0),
.UNSPECIFIED.);
#1839=CIRCLE('',#1838,6.354117344486E0);
#1846=B_SPLINE_CURVE_WITH_KNOTS('',3,(#1840,#1841,#1842,#1843,#1844,#1845),
.UNSPECIFIED.,.F.,.F.,(4,1,1,4),(0.E0,3.333333333333E-1,6.666666666667E-1,1.E0),
.UNSPECIFIED.);
#1857=B_SPLINE_CURVE_WITH_KNOTS('',3,(#1851,#1852,#1853,#1854,#1855,#1856),
.UNSPECIFIED.,.F.,.F.,(4,1,1,4),(0.E0,3.333333333333E-1,6.666666666667E-1,1.E0),
.UNSPECIFIED.);
#1862=CIRCLE('',#1861,6.354117344486E0);
#1869=B_SPLINE_CURVE_WITH_KNOTS('',3,(#1863,#1864,#1865,#1866,#1867,#1868),
.UNSPECIFIED.,.F.,.F.,(4,1,1,4),(0.E0,3.333333333333E-1,6.666666666667E-1,1.E0),
.UNSPECIFIED.);
#1874=CIRCLE('',#1873,6.8E0);
#1881=B_SPLINE_CURVE_WITH_KNOTS('',3,(#1875,#1876,#1877,#1878,#1879,#1880),
.UNSPECIFIED.,.F.,.F.,(4,1,1,4),(0.E0,3.333333333333E-1,6.666666666667E-1,1.E0),
.UNSPECIFIED.);
#1886=CIRCLE('',#1885,6.777402166636E0);
#1891=CIRCLE('',#1890,6.8E0);
#1896=CIRCLE('',#1895,6.8E0);
#1903=B_SPLINE_CURVE_WITH_KNOTS('',3,(#1897,#1898,#1899,#1900,#1901,#1902),
.UNSPECIFIED.,.F.,.F.,(4,1,1,4),(0.E0,3.333333333333E-1,6.666666666667E-1,1.E0),
.UNSPECIFIED.);
#1908=CIRCLE('',#1907,6.777402166636E0);
#1913=CIRCLE('',#1912,6.777402166636E0);
#1920=B_SPLINE_CURVE_WITH_KNOTS('',3,(#1914,#1915,#1916,#1917,#1918,#1919),
.UNSPECIFIED.,.F.,.F.,(4,1,1,4),(0.E0,3.333333333333E-1,6.666666666667E-1,1.E0),
.UNSPECIFIED.);
#1927=B_SPLINE_CURVE_WITH_KNOTS('',3,(#1921,#1922,#1923,#1924,#1925,#1926),
.UNSPECIFIED.,.F.,.F.,(4,1,1,4),(0.E0,3.333333333333E-1,6.666666666667E-1,1.E0),
.UNSPECIFIED.);
#1938=B_SPLINE_CURVE_WITH_KNOTS('',3,(#1932,#1933,#1934,#1935,#1936,#1937),
.UNSPECIFIED.,.F.,.F.,(4,1,1,4),(0.E0,3.333333333333E-1,6.666666666667E-1,1.E0),
.UNSPECIFIED.);
#1943=CIRCLE('',#1942,6.354117344486E0);
#1950=B_SPLINE_CURVE_WITH_KNOTS('',3,(#1944,#1945,#1946,#1947,#1948,#1949),
.UNSPECIFIED.,.F.,.F.,(4,1,1,4),(0.E0,3.333333333333E-1,6.666666666667E-1,1.E0),
.UNSPECIFIED.);
#1957=B_SPLINE_CURVE_WITH_KNOTS('',3,(#1951,#1952,#1953,#1954,#1955,#1956),
.UNSPECIFIED.,.F.,.F.,(4,1,1,4),(0.E0,3.333333333333E-1,6.666666666667E-1,1.E0),
.UNSPECIFIED.);
#1962=CIRCLE('',#1961,6.354117344486E0);
#1967=CIRCLE('',#1966,6.301311497706E0);
#1972=CIRCLE('',#1971,6.301311497706E0);
#1977=CIRCLE('',#1976,6.1E0);
#1982=CIRCLE('',#1981,6.1E0);
#2013=B_SPLINE_CURVE_WITH_KNOTS('',3,(#2007,#2008,#2009,#2010,#2011,#2012),
.UNSPECIFIED.,.F.,.F.,(4,1,1,4),(0.E0,3.333333333333E-1,6.666666666667E-1,1.E0),
.UNSPECIFIED.);
#2018=CIRCLE('',#2017,6.777402166636E0);
#2025=B_SPLINE_CURVE_WITH_KNOTS('',3,(#2019,#2020,#2021,#2022,#2023,#2024),
.UNSPECIFIED.,.F.,.F.,(4,1,1,4),(0.E0,3.333333333333E-1,6.666666666667E-1,1.E0),
.UNSPECIFIED.);
#2030=CIRCLE('',#2029,6.8E0);
#2039=CIRCLE('',#2038,6.8E0);
#2048=CIRCLE('',#2047,6.6E0);
#2053=CIRCLE('',#2052,6.8E0);
#2058=CIRCLE('',#2057,6.8E0);
#2063=CIRCLE('',#2062,6.6E0);
#2068=CIRCLE('',#2067,6.6E0);
#2081=CIRCLE('',#2080,6.8E0);
#2086=CIRCLE('',#2085,6.8E0);
#2091=CIRCLE('',#2090,6.6E0);
#2096=CIRCLE('',#2095,6.6E0);
#2105=CIRCLE('',#2104,6.6E0);
#2110=CIRCLE('',#2109,6.6E0);
#2119=CIRCLE('',#2118,6.8E0);
#2124=CIRCLE('',#2123,6.8E0);
#2133=CIRCLE('',#2132,6.6E0);
#2142=CIRCLE('',#2141,6.8E0);
#2147=CIRCLE('',#2146,3.75E0);
#2152=CIRCLE('',#2151,5.E-1);
#2157=CIRCLE('',#2156,3.25E0);
#2162=CIRCLE('',#2161,3.25E0);
#2171=CIRCLE('',#2170,6.8E0);
#2180=CIRCLE('',#2179,6.6E0);
#2201=CIRCLE('',#2200,6.6E0);
#2210=CIRCLE('',#2209,6.1E0);
#2229=B_SPLINE_CURVE_WITH_KNOTS('',3,(#2223,#2224,#2225,#2226,#2227,#2228),
.UNSPECIFIED.,.F.,.F.,(4,1,1,4),(0.E0,3.333333333333E-1,6.666666666667E-1,1.E0),
.UNSPECIFIED.);
#2234=CIRCLE('',#2233,6.777402166636E0);
#2241=B_SPLINE_CURVE_WITH_KNOTS('',3,(#2235,#2236,#2237,#2238,#2239,#2240),
.UNSPECIFIED.,.F.,.F.,(4,1,1,4),(0.E0,3.333333333333E-1,6.666666666667E-1,1.E0),
.UNSPECIFIED.);
#2246=CIRCLE('',#2245,6.8E0);
#2253=B_SPLINE_CURVE_WITH_KNOTS('',3,(#2247,#2248,#2249,#2250,#2251,#2252),
.UNSPECIFIED.,.F.,.F.,(4,1,1,4),(0.E0,3.333333333333E-1,6.666666666667E-1,1.E0),
.UNSPECIFIED.);
#2260=B_SPLINE_CURVE_WITH_KNOTS('',3,(#2254,#2255,#2256,#2257,#2258,#2259),
.UNSPECIFIED.,.F.,.F.,(4,1,1,4),(0.E0,3.333333333333E-1,6.666666666667E-1,1.E0),
.UNSPECIFIED.);
#2265=CIRCLE('',#2264,6.1E0);
#2270=CIRCLE('',#2269,6.301311497706E0);
#2283=CIRCLE('',#2282,6.1E0);
#2292=CIRCLE('',#2291,6.6E0);
#2313=CIRCLE('',#2312,6.6E0);
#2322=CIRCLE('',#2321,6.8E0);
#2329=B_SPLINE_CURVE_WITH_KNOTS('',3,(#2323,#2324,#2325,#2326,#2327,#2328),
.UNSPECIFIED.,.F.,.F.,(4,1,1,4),(0.E0,3.333333333333E-1,6.666666666667E-1,1.E0),
.UNSPECIFIED.);
#2334=CIRCLE('',#2333,6.8E0);
#2341=B_SPLINE_CURVE_WITH_KNOTS('',3,(#2335,#2336,#2337,#2338,#2339,#2340),
.UNSPECIFIED.,.F.,.F.,(4,1,1,4),(0.E0,3.333333333333E-1,6.666666666667E-1,1.E0),
.UNSPECIFIED.);
#2346=CIRCLE('',#2345,6.777402166636E0);
#2353=B_SPLINE_CURVE_WITH_KNOTS('',3,(#2347,#2348,#2349,#2350,#2351,#2352),
.UNSPECIFIED.,.F.,.F.,(4,1,1,4),(0.E0,3.333333333333E-1,6.666666666667E-1,1.E0),
.UNSPECIFIED.);
#2360=B_SPLINE_CURVE_WITH_KNOTS('',3,(#2354,#2355,#2356,#2357,#2358,#2359),
.UNSPECIFIED.,.F.,.F.,(4,1,1,4),(0.E0,3.333333333333E-1,6.666666666667E-1,1.E0),
.UNSPECIFIED.);
#2365=CIRCLE('',#2364,6.301311497706E0);
#2370=CIRCLE('',#2369,6.1E0);
#2387=CIRCLE('',#2386,6.6E0);
#2392=CIRCLE('',#2391,6.6E0);
#2397=CIRCLE('',#2396,6.6E0);
#2406=CIRCLE('',#2405,6.25E0);
#2411=CIRCLE('',#2410,6.25E0);
#2420=CIRCLE('',#2419,5.25E0);
#2425=CIRCLE('',#2424,5.25E0);
#2432=B_SPLINE_CURVE_WITH_KNOTS('',3,(#2426,#2427,#2428,#2429,#2430,#2431),
.UNSPECIFIED.,.F.,.F.,(4,1,1,4),(0.E0,3.333333333333E-1,6.666666666667E-1,1.E0),
.UNSPECIFIED.);
#2441=B_SPLINE_CURVE_WITH_KNOTS('',3,(#2433,#2434,#2435,#2436,#2437,#2438,#2439,
#2440),.UNSPECIFIED.,.F.,.F.,(4,1,1,1,1,4),(0.E0,2.E-1,4.E-1,6.E-1,8.E-1,1.E0),
.UNSPECIFIED.);
#2448=B_SPLINE_CURVE_WITH_KNOTS('',3,(#2442,#2443,#2444,#2445,#2446,#2447),
.UNSPECIFIED.,.F.,.F.,(4,1,1,4),(0.E0,3.333333333333E-1,6.666666666667E-1,1.E0),
.UNSPECIFIED.);
#2455=B_SPLINE_CURVE_WITH_KNOTS('',3,(#2449,#2450,#2451,#2452,#2453,#2454),
.UNSPECIFIED.,.F.,.F.,(4,1,1,4),(0.E0,3.333333333333E-1,6.666666666667E-1,1.E0),
.UNSPECIFIED.);
#2464=B_SPLINE_CURVE_WITH_KNOTS('',3,(#2456,#2457,#2458,#2459,#2460,#2461,#2462,
#2463),.UNSPECIFIED.,.F.,.F.,(4,1,1,1,1,4),(0.E0,2.E-1,4.E-1,6.E-1,8.E-1,1.E0),
.UNSPECIFIED.);
#2471=B_SPLINE_CURVE_WITH_KNOTS('',3,(#2465,#2466,#2467,#2468,#2469,#2470),
.UNSPECIFIED.,.F.,.F.,(4,1,1,4),(0.E0,3.333333333333E-1,6.666666666667E-1,1.E0),
.UNSPECIFIED.);
#2482=B_SPLINE_CURVE_WITH_KNOTS('',3,(#2476,#2477,#2478,#2479,#2480,#2481),
.UNSPECIFIED.,.F.,.F.,(4,1,1,4),(0.E0,3.333333333333E-1,6.666666666667E-1,1.E0),
.UNSPECIFIED.);
#2491=CIRCLE('',#2490,3.E-1);
#2496=CIRCLE('',#2495,3.E-1);
#2501=CIRCLE('',#2500,3.E-1);
#2514=CIRCLE('',#2513,4.25E0);
#2527=CIRCLE('',#2526,1.E0);
#2532=CIRCLE('',#2531,3.E-1);
#2537=CIRCLE('',#2536,3.E-1);
#2550=CIRCLE('',#2549,1.E0);
#2555=CIRCLE('',#2554,4.25E0);
#2560=CIRCLE('',#2559,1.E0);
#2573=CIRCLE('',#2572,1.E0);
#2578=CIRCLE('',#2577,4.25E0);
#2583=CIRCLE('',#2582,1.E0);
#2596=CIRCLE('',#2595,3.E-1);
#2601=CIRCLE('',#2600,1.E0);
#2606=CIRCLE('',#2605,3.E-1);
#2619=CIRCLE('',#2618,1.E0);
#2624=CIRCLE('',#2623,3.E-1);
#2629=CIRCLE('',#2628,3.E-1);
#2642=CIRCLE('',#2641,1.E0);
#2647=CIRCLE('',#2646,3.E-1);
#2652=CIRCLE('',#2651,3.E-1);
#3275=EDGE_CURVE('',#2655,#2656,#103,.T.);
#3277=EDGE_CURVE('',#2655,#2657,#10,.T.);
#3279=EDGE_CURVE('',#2657,#2658,#20,.T.);
#3281=EDGE_CURVE('',#2660,#2658,#2514,.T.);
#3283=EDGE_CURVE('',#2661,#2660,#2482,.T.);
#3285=EDGE_CURVE('',#2661,#2662,#27,.T.);
#3287=EDGE_CURVE('',#2662,#2663,#34,.T.);
#3289=EDGE_CURVE('',#2665,#2663,#422,.T.);
#3291=EDGE_CURVE('',#2667,#2665,#417,.T.);
#3293=EDGE_CURVE('',#2669,#2667,#412,.T.);
#3295=EDGE_CURVE('',#2669,#2670,#41,.T.);
#3297=EDGE_CURVE('',#2670,#2671,#48,.T.);
#3299=EDGE_CURVE('',#2671,#2672,#55,.T.);
#3301=EDGE_CURVE('',#2674,#2672,#312,.T.);
#3303=EDGE_CURVE('',#2674,#2675,#65,.T.);
#3305=EDGE_CURVE('',#2675,#2676,#75,.T.);
#3307=EDGE_CURVE('',#2678,#2676,#120,.T.);
#3309=EDGE_CURVE('',#2678,#2679,#82,.T.);
#3311=EDGE_CURVE('',#2679,#2656,#89,.T.);
#3321=EDGE_CURVE('',#2656,#2681,#93,.T.);
#3323=EDGE_CURVE('',#2681,#2683,#98,.T.);
#3325=EDGE_CURVE('',#2655,#2683,#2518,.T.);
#3336=EDGE_CURVE('',#2679,#2685,#107,.T.);
#3338=EDGE_CURVE('',#2681,#2685,#2537,.T.);
#3350=EDGE_CURVE('',#2687,#2679,#111,.T.);
#3352=EDGE_CURVE('',#2689,#2687,#2614,.T.);
#3354=EDGE_CURVE('',#2691,#2689,#2568,.T.);
#3356=EDGE_CURVE('',#2685,#2691,#2541,.T.);
#3367=EDGE_CURVE('',#2693,#2678,#115,.T.);
#3369=EDGE_CURVE('',#2687,#2693,#2624,.T.);
#3383=EDGE_CURVE('',#2695,#2676,#133,.T.);
#3385=EDGE_CURVE('',#2695,#2693,#125,.T.);
#3395=EDGE_CURVE('',#2675,#2697,#129,.T.);
#3397=EDGE_CURVE('',#2695,#2697,#2629,.T.);
#3409=EDGE_CURVE('',#2700,#2701,#146,.T.);
#3411=EDGE_CURVE('',#2703,#2700,#2591,.T.);
#3413=EDGE_CURVE('',#2703,#2705,#138,.T.);
#3415=EDGE_CURVE('',#2697,#2705,#2610,.T.);
#3418=EDGE_CURVE('',#2707,#2675,#320,.T.);
#3420=EDGE_CURVE('',#2701,#2707,#273,.T.);
#3430=EDGE_CURVE('',#2710,#2711,#142,.T.);
#3432=EDGE_CURVE('',#2700,#2711,#2606,.T.);
#3435=EDGE_CURVE('',#2710,#2701,#218,.T.);
#3445=EDGE_CURVE('',#2714,#2715,#150,.T.);
#3447=EDGE_CURVE('',#2715,#2711,#155,.T.);
#3450=EDGE_CURVE('',#2710,#2714,#160,.T.);
#3460=EDGE_CURVE('',#2718,#2719,#164,.T.);
#3462=EDGE_CURVE('',#2715,#2719,#2596,.T.);
#3465=EDGE_CURVE('',#2718,#2714,#269,.T.);
#3475=EDGE_CURVE('',#2721,#2718,#168,.T.);
#3477=EDGE_CURVE('',#2723,#2721,#2637,.T.);
#3479=EDGE_CURVE('',#2725,#2723,#2564,.T.);
#3481=EDGE_CURVE('',#2719,#2725,#2587,.T.);
#3492=EDGE_CURVE('',#2728,#2729,#177,.T.);
#3494=EDGE_CURVE('',#2721,#2728,#2647,.T.);
#3497=EDGE_CURVE('',#2729,#2718,#262,.T.);
#3507=EDGE_CURVE('',#2732,#2733,#190,.T.);
#3509=EDGE_CURVE('',#2732,#2728,#173,.T.);
#3512=EDGE_CURVE('',#2729,#2733,#182,.T.);
#3522=EDGE_CURVE('',#2736,#2737,#186,.T.);
#3524=EDGE_CURVE('',#2732,#2737,#2652,.T.);
#3527=EDGE_CURVE('',#2736,#2733,#255,.T.);
#3538=EDGE_CURVE('',#2739,#2736,#203,.T.);
#3540=EDGE_CURVE('',#2657,#2739,#2505,.T.);
#3542=EDGE_CURVE('',#2741,#2657,#2522,.T.);
#3544=EDGE_CURVE('',#2743,#2741,#2545,.T.);
#3546=EDGE_CURVE('',#2743,#2745,#195,.T.);
#3548=EDGE_CURVE('',#2737,#2745,#2633,.T.);
#3558=EDGE_CURVE('',#2748,#2749,#199,.T.);
#3560=EDGE_CURVE('',#2739,#2749,#2501,.T.);
#3563=EDGE_CURVE('',#2748,#2736,#245,.T.);
#3573=EDGE_CURVE('',#2748,#2751,#208,.T.);
#3575=EDGE_CURVE('',#2749,#2751,#2475,.T.);
#3588=EDGE_CURVE('',#2701,#2752,#228,.T.);
#3590=EDGE_CURVE('',#2754,#2752,#325,.T.);
#3592=EDGE_CURVE('',#2671,#2754,#303,.T.);
#3596=EDGE_CURVE('',#2756,#2669,#340,.T.);
#3598=EDGE_CURVE('',#2758,#2756,#335,.T.);
#3600=EDGE_CURVE('',#2663,#2758,#330,.T.);
#3604=EDGE_CURVE('',#2661,#2751,#235,.T.);
#3621=EDGE_CURVE('',#2760,#2707,#287,.T.);
#3623=EDGE_CURVE('',#2760,#2752,#277,.T.);
#3634=EDGE_CURVE('',#2762,#2760,#282,.T.);
#3637=EDGE_CURVE('',#2707,#2762,#292,.T.);
#3648=EDGE_CURVE('',#2762,#2672,#296,.T.);
#3652=EDGE_CURVE('',#2754,#2760,#307,.T.);
#3664=EDGE_CURVE('',#2674,#2762,#316,.T.);
#3697=EDGE_CURVE('',#2765,#2766,#369,.T.);
#3699=EDGE_CURVE('',#2768,#2765,#364,.T.);
#3701=EDGE_CURVE('',#2663,#2768,#441,.T.);
#3706=EDGE_CURVE('',#2669,#2766,#359,.T.);
#3718=EDGE_CURVE('',#2770,#2766,#407,.T.);
#3720=EDGE_CURVE('',#2770,#2772,#374,.T.);
#3722=EDGE_CURVE('',#2772,#2774,#379,.T.);
#3724=EDGE_CURVE('',#2768,#2774,#393,.T.);
#3734=EDGE_CURVE('',#2766,#2776,#384,.T.);
#3736=EDGE_CURVE('',#2776,#2768,#389,.T.);
#3739=EDGE_CURVE('',#2774,#2778,#398,.T.);
#3741=EDGE_CURVE('',#2778,#2770,#403,.T.);
#3767=EDGE_CURVE('',#2781,#2782,#446,.T.);
#3769=EDGE_CURVE('',#2782,#2784,#451,.T.);
#3771=EDGE_CURVE('',#2784,#2786,#456,.T.);
#3773=EDGE_CURVE('',#2786,#2770,#473,.T.);
#3777=EDGE_CURVE('',#2774,#2781,#490,.T.);
#3790=EDGE_CURVE('',#2787,#2781,#506,.T.);
#3792=EDGE_CURVE('',#2789,#2787,#2425,.T.);
#3794=EDGE_CURVE('',#2791,#2789,#2420,.T.);
#3796=EDGE_CURVE('',#2791,#2786,#498,.T.);
#3806=EDGE_CURVE('',#2793,#2781,#521,.T.);
#3808=EDGE_CURVE('',#2795,#2793,#516,.T.);
#3810=EDGE_CURVE('',#2786,#2795,#511,.T.);
#3813=EDGE_CURVE('',#2797,#2791,#540,.T.);
#3815=EDGE_CURVE('',#2787,#2797,#535,.T.);
#3841=EDGE_CURVE('',#2800,#2801,#574,.T.);
#3843=EDGE_CURVE('',#2803,#2800,#569,.T.);
#3845=EDGE_CURVE('',#2804,#2803,#2448,.T.);
#3847=EDGE_CURVE('',#2804,#2805,#530,.T.);
#3849=EDGE_CURVE('',#2787,#2805,#2432,.T.);
#3853=EDGE_CURVE('',#2806,#2791,#2471,.T.);
#3855=EDGE_CURVE('',#2806,#2807,#549,.T.);
#3857=EDGE_CURVE('',#2801,#2807,#2455,.T.);
#3867=EDGE_CURVE('',#2810,#2811,#554,.T.);
#3869=EDGE_CURVE('',#2811,#2813,#559,.T.);
#3871=EDGE_CURVE('',#2813,#2815,#564,.T.);
#3873=EDGE_CURVE('',#2803,#2815,#2415,.T.);
#3877=EDGE_CURVE('',#2810,#2801,#2401,.T.);
#3887=EDGE_CURVE('',#2818,#2819,#579,.T.);
#3889=EDGE_CURVE('',#2819,#2821,#584,.T.);
#3891=EDGE_CURVE('',#2815,#2821,#650,.T.);
#3896=EDGE_CURVE('',#2818,#2810,#628,.T.);
#3907=EDGE_CURVE('',#2822,#2818,#596,.T.);
#3909=EDGE_CURVE('',#2824,#2822,#667,.T.);
#3911=EDGE_CURVE('',#2819,#2824,#662,.T.);
#3921=EDGE_CURVE('',#2826,#2818,#606,.T.);
#3923=EDGE_CURVE('',#2826,#2828,#588,.T.);
#3925=EDGE_CURVE('',#2822,#2828,#2081,.T.);
#3936=EDGE_CURVE('',#2821,#2826,#601,.T.);
#3940=EDGE_CURVE('',#2830,#2810,#2397,.T.);
#3942=EDGE_CURVE('',#2832,#2830,#2392,.T.);
#3944=EDGE_CURVE('',#2815,#2832,#2387,.T.);
#3956=EDGE_CURVE('',#2821,#2822,#658,.T.);
#3958=EDGE_CURVE('',#2828,#2822,#2086,.T.);
#3971=EDGE_CURVE('',#2822,#2824,#672,.T.);
#3986=EDGE_CURVE('',#2835,#2836,#677,.T.);
#3988=EDGE_CURVE('',#2836,#2835,#682,.T.);
#3998=EDGE_CURVE('',#2839,#2840,#706,.T.);
#4000=EDGE_CURVE('',#2836,#2839,#2382,.T.);
#4003=EDGE_CURVE('',#2835,#2840,#686,.T.);
#4013=EDGE_CURVE('',#2843,#2844,#691,.T.);
#4015=EDGE_CURVE('',#2844,#2843,#696,.T.);
#4019=EDGE_CURVE('',#2840,#2839,#701,.T.);
#4030=EDGE_CURVE('',#2847,#2848,#710,.T.);
#4032=EDGE_CURVE('',#2850,#2848,#835,.T.);
#4034=EDGE_CURVE('',#2850,#2844,#714,.T.);
#4037=EDGE_CURVE('',#2852,#2843,#850,.T.);
#4039=EDGE_CURVE('',#2854,#2852,#951,.T.);
#4041=EDGE_CURVE('',#2854,#2856,#718,.T.);
#4043=EDGE_CURVE('',#2858,#2856,#880,.T.);
#4045=EDGE_CURVE('',#2860,#2858,#858,.T.);
#4047=EDGE_CURVE('',#2862,#2860,#1075,.T.);
#4049=EDGE_CURVE('',#2862,#2864,#722,.T.);
#4051=EDGE_CURVE('',#2847,#2864,#1037,.T.);
#4055=EDGE_CURVE('',#2867,#2868,#726,.T.);
#4057=EDGE_CURVE('',#2870,#2868,#2334,.T.);
#4059=EDGE_CURVE('',#2870,#2872,#730,.T.);
#4061=EDGE_CURVE('',#2867,#2872,#2322,.T.);
#4071=EDGE_CURVE('',#2875,#2876,#752,.T.);
#4073=EDGE_CURVE('',#2878,#2875,#770,.T.);
#4075=EDGE_CURVE('',#2878,#2880,#734,.T.);
#4077=EDGE_CURVE('',#2881,#2880,#808,.T.);
#4079=EDGE_CURVE('',#2848,#2881,#842,.T.);
#4082=EDGE_CURVE('',#2883,#2847,#1032,.T.);
#4084=EDGE_CURVE('',#2876,#2883,#1046,.T.);
#4094=EDGE_CURVE('',#2886,#2887,#738,.T.);
#4096=EDGE_CURVE('',#2887,#2889,#743,.T.);
#4098=EDGE_CURVE('',#2889,#2875,#748,.T.);
#4101=EDGE_CURVE('',#2876,#2891,#757,.T.);
#4103=EDGE_CURVE('',#2891,#2886,#762,.T.);
#4113=EDGE_CURVE('',#2887,#2893,#774,.T.);
#4116=EDGE_CURVE('',#2895,#2886,#1050,.T.);
#4118=EDGE_CURVE('',#2897,#2895,#1018,.T.);
#4120=EDGE_CURVE('',#2899,#2897,#854,.T.);
#4122=EDGE_CURVE('',#2900,#2899,#825,.T.);
#4124=EDGE_CURVE('',#2901,#2900,#801,.T.);
#4126=EDGE_CURVE('',#2901,#2893,#766,.T.);
#4136=EDGE_CURVE('',#2903,#2893,#794,.T.);
#4138=EDGE_CURVE('',#2878,#2903,#789,.T.);
#4153=EDGE_CURVE('',#2901,#2905,#779,.T.);
#4155=EDGE_CURVE('',#2905,#2880,#784,.T.);
#4171=EDGE_CURVE('',#2907,#2900,#818,.T.);
#4173=EDGE_CURVE('',#2881,#2907,#813,.T.);
#4187=EDGE_CURVE('',#2899,#2850,#830,.T.);
#4199=EDGE_CURVE('',#2909,#2858,#875,.T.);
#4201=EDGE_CURVE('',#2909,#2911,#846,.T.);
#4203=EDGE_CURVE('',#2852,#2911,#956,.T.);
#4210=EDGE_CURVE('',#2864,#2897,#1042,.T.);
#4213=EDGE_CURVE('',#2860,#2862,#1065,.T.);
#4218=EDGE_CURVE('',#2914,#2915,#2171,.T.);
#4220=EDGE_CURVE('',#2914,#2917,#862,.T.);
#4222=EDGE_CURVE('',#2919,#2917,#2246,.T.);
#4224=EDGE_CURVE('',#2919,#2915,#866,.T.);
#4234=EDGE_CURVE('',#2921,#2909,#870,.T.);
#4238=EDGE_CURVE('',#2856,#2923,#884,.T.);
#4240=EDGE_CURVE('',#2923,#2925,#889,.T.);
#4242=EDGE_CURVE('',#2925,#2921,#894,.T.);
#4252=EDGE_CURVE('',#2928,#2929,#906,.T.);
#4254=EDGE_CURVE('',#2928,#2931,#898,.T.);
#4256=EDGE_CURVE('',#2932,#2931,#987,.T.);
#4258=EDGE_CURVE('',#2911,#2932,#963,.T.);
#4262=EDGE_CURVE('',#2934,#2921,#942,.T.);
#4264=EDGE_CURVE('',#2929,#2934,#910,.T.);
#4274=EDGE_CURVE('',#2936,#2929,#934,.T.);
#4276=EDGE_CURVE('',#2938,#2936,#929,.T.);
#4278=EDGE_CURVE('',#2938,#2940,#902,.T.);
#4280=EDGE_CURVE('',#2942,#2940,#1004,.T.);
#4282=EDGE_CURVE('',#2928,#2942,#999,.T.);
#4294=EDGE_CURVE('',#2934,#2944,#915,.T.);
#4296=EDGE_CURVE('',#2944,#2946,#920,.T.);
#4298=EDGE_CURVE('',#2946,#2938,#924,.T.);
#4312=EDGE_CURVE('',#2923,#2946,#938,.T.);
#4329=EDGE_CURVE('',#2947,#2854,#980,.T.);
#4331=EDGE_CURVE('',#2948,#2947,#994,.T.);
#4333=EDGE_CURVE('',#2948,#2940,#946,.T.);
#4347=EDGE_CURVE('',#2932,#2950,#968,.T.);
#4349=EDGE_CURVE('',#2950,#2947,#973,.T.);
#4363=EDGE_CURVE('',#2952,#2931,#1014,.T.);
#4365=EDGE_CURVE('',#2948,#2952,#1009,.T.);
#4391=EDGE_CURVE('',#2895,#2954,#1023,.T.);
#4393=EDGE_CURVE('',#2954,#2883,#1028,.T.);
#4420=EDGE_CURVE('',#2956,#2862,#1070,.T.);
#4422=EDGE_CURVE('',#2956,#2958,#1055,.T.);
#4424=EDGE_CURVE('',#2958,#2860,#1060,.T.);
#4438=EDGE_CURVE('',#2958,#2956,#1080,.T.);
#4448=EDGE_CURVE('',#2960,#2956,#1084,.T.);
#4451=EDGE_CURVE('',#2962,#2958,#1088,.T.);
#4453=EDGE_CURVE('',#2960,#2962,#1113,.T.);
#4464=EDGE_CURVE('',#2962,#2960,#1103,.T.);
#4476=EDGE_CURVE('',#2964,#2960,#1108,.T.);
#4478=EDGE_CURVE('',#2964,#2966,#1093,.T.);
#4480=EDGE_CURVE('',#2966,#2962,#1098,.T.);
#4494=EDGE_CURVE('',#2966,#2964,#1118,.T.);
#4504=EDGE_CURVE('',#2968,#2964,#1122,.T.);
#4507=EDGE_CURVE('',#2970,#2966,#1126,.T.);
#4509=EDGE_CURVE('',#2968,#2970,#1146,.T.);
#4520=EDGE_CURVE('',#2970,#2968,#1141,.T.);
#4532=EDGE_CURVE('',#2973,#2974,#1131,.T.);
#4534=EDGE_CURVE('',#2974,#2973,#1136,.T.);
#4548=EDGE_CURVE('',#2976,#2974,#1151,.T.);
#4551=EDGE_CURVE('',#2978,#2973,#1166,.T.);
#4553=EDGE_CURVE('',#2978,#2976,#1156,.T.);
#4564=EDGE_CURVE('',#2976,#2978,#1161,.T.);
#4576=EDGE_CURVE('',#2980,#2976,#1174,.T.);
#4578=EDGE_CURVE('',#2982,#2980,#1194,.T.);
#4580=EDGE_CURVE('',#2982,#2978,#1170,.T.);
#4594=EDGE_CURVE('',#2980,#2982,#1184,.T.);
#4604=EDGE_CURVE('',#2984,#2980,#1179,.T.);
#4607=EDGE_CURVE('',#2986,#2982,#1189,.T.);
#4609=EDGE_CURVE('',#2984,#2986,#1204,.T.);
#4620=EDGE_CURVE('',#2986,#2984,#1199,.T.);
#4636=EDGE_CURVE('',#2989,#2990,#1219,.T.);
#4638=EDGE_CURVE('',#2989,#2992,#1209,.T.);
#4640=EDGE_CURVE('',#2994,#2992,#1239,.T.);
#4642=EDGE_CURVE('',#2994,#2990,#1214,.T.);
#4654=EDGE_CURVE('',#2990,#2996,#1224,.T.);
#4656=EDGE_CURVE('',#2996,#2998,#1229,.T.);
#4658=EDGE_CURVE('',#2998,#3000,#1234,.T.);
#4660=EDGE_CURVE('',#2992,#3000,#1244,.T.);
#4673=EDGE_CURVE('',#3000,#3002,#1249,.T.);
#4675=EDGE_CURVE('',#3002,#2996,#1254,.T.);
#4688=EDGE_CURVE('',#3004,#3000,#1262,.T.);
#4690=EDGE_CURVE('',#3006,#3004,#1272,.T.);
#4692=EDGE_CURVE('',#2996,#3006,#1258,.T.);
#4705=EDGE_CURVE('',#3004,#3006,#1267,.T.);
#4720=EDGE_CURVE('',#3009,#3010,#1277,.T.);
#4722=EDGE_CURVE('',#3010,#3009,#1282,.T.);
#4732=EDGE_CURVE('',#3011,#3012,#1306,.T.);
#4734=EDGE_CURVE('',#3011,#3010,#1286,.T.);
#4737=EDGE_CURVE('',#3014,#3009,#1358,.T.);
#4739=EDGE_CURVE('',#3012,#3014,#1325,.T.);
#4750=EDGE_CURVE('',#3016,#3012,#1320,.T.);
#4752=EDGE_CURVE('',#3016,#3018,#1310,.T.);
#4754=EDGE_CURVE('',#3020,#3018,#1373,.T.);
#4756=EDGE_CURVE('',#3011,#3020,#1334,.T.);
#4766=EDGE_CURVE('',#3022,#3016,#1315,.T.);
#4770=EDGE_CURVE('',#3014,#3022,#1330,.T.);
#4780=EDGE_CURVE('',#3011,#3022,#1354,.T.);
#4783=EDGE_CURVE('',#3018,#3020,#1378,.T.);
#4808=EDGE_CURVE('',#3025,#3026,#1363,.T.);
#4810=EDGE_CURVE('',#3026,#3025,#1368,.T.);
#4824=EDGE_CURVE('',#3029,#3030,#1406,.T.);
#4826=EDGE_CURVE('',#3032,#3029,#1401,.T.);
#4828=EDGE_CURVE('',#3032,#3026,#1382,.T.);
#4831=EDGE_CURVE('',#3025,#3030,#1386,.T.);
#4841=EDGE_CURVE('',#3035,#3036,#1421,.T.);
#4843=EDGE_CURVE('',#3035,#3038,#1391,.T.);
#4845=EDGE_CURVE('',#3038,#3032,#1396,.T.);
#4849=EDGE_CURVE('',#3036,#3030,#2152,.T.);
#4859=EDGE_CURVE('',#3041,#3042,#1411,.T.);
#4861=EDGE_CURVE('',#3042,#3041,#1416,.T.);
#4867=EDGE_CURVE('',#3044,#3036,#2147,.T.);
#4869=EDGE_CURVE('',#3044,#3038,#1426,.T.);
#4879=EDGE_CURVE('',#3042,#3046,#1441,.T.);
#4882=EDGE_CURVE('',#3041,#3048,#1431,.T.);
#4884=EDGE_CURVE('',#3048,#3046,#1436,.T.);
#4895=EDGE_CURVE('',#3046,#3048,#1446,.T.);
#4907=EDGE_CURVE('',#3046,#3050,#1450,.T.);
#4909=EDGE_CURVE('',#3052,#3050,#1474,.T.);
#4911=EDGE_CURVE('',#3048,#3052,#1454,.T.);
#4925=EDGE_CURVE('',#3050,#3052,#1459,.T.);
#4935=EDGE_CURVE('',#3050,#3054,#1469,.T.);
#4938=EDGE_CURVE('',#3052,#3056,#1464,.T.);
#4940=EDGE_CURVE('',#3054,#3056,#1484,.T.);
#4951=EDGE_CURVE('',#3056,#3054,#1479,.T.);
#4967=EDGE_CURVE('',#3059,#3060,#1489,.T.);
#4969=EDGE_CURVE('',#3060,#3059,#1494,.T.);
#4979=EDGE_CURVE('',#3060,#3062,#1502,.T.);
#4982=EDGE_CURVE('',#3059,#3064,#1498,.T.);
#4984=EDGE_CURVE('',#3062,#3064,#1522,.T.);
#4995=EDGE_CURVE('',#3064,#3062,#1517,.T.);
#5007=EDGE_CURVE('',#3062,#3066,#1507,.T.);
#5009=EDGE_CURVE('',#3066,#3068,#1512,.T.);
#5011=EDGE_CURVE('',#3064,#3068,#1527,.T.);
#5025=EDGE_CURVE('',#3068,#3066,#1532,.T.);
#5035=EDGE_CURVE('',#3066,#3070,#1540,.T.);
#5038=EDGE_CURVE('',#3068,#3072,#1536,.T.);
#5040=EDGE_CURVE('',#3070,#3072,#1560,.T.);
#5051=EDGE_CURVE('',#3072,#3070,#1555,.T.);
#5063=EDGE_CURVE('',#3070,#3074,#1545,.T.);
#5065=EDGE_CURVE('',#3074,#3076,#1550,.T.);
#5067=EDGE_CURVE('',#3072,#3076,#1565,.T.);
#5081=EDGE_CURVE('',#3076,#3074,#1570,.T.);
#5091=EDGE_CURVE('',#3079,#3080,#1603,.T.);
#5093=EDGE_CURVE('',#3079,#3082,#1574,.T.);
#5095=EDGE_CURVE('',#3084,#3082,#1896,.T.);
#5097=EDGE_CURVE('',#3084,#3086,#1578,.T.);
#5099=EDGE_CURVE('',#3088,#3086,#2058,.T.);
#5101=EDGE_CURVE('',#3090,#3088,#1770,.T.);
#5103=EDGE_CURVE('',#3092,#3090,#1808,.T.);
#5105=EDGE_CURVE('',#3092,#3094,#1582,.T.);
#5107=EDGE_CURVE('',#3096,#3094,#2124,.T.);
#5109=EDGE_CURVE('',#3074,#3096,#1778,.T.);
#5112=EDGE_CURVE('',#3076,#3080,#1586,.T.);
#5116=EDGE_CURVE('',#3099,#3100,#2039,.T.);
#5118=EDGE_CURVE('',#3099,#3102,#1590,.T.);
#5120=EDGE_CURVE('',#3104,#3102,#2030,.T.);
#5122=EDGE_CURVE('',#3104,#3100,#1594,.T.);
#5132=EDGE_CURVE('',#3106,#3079,#1598,.T.);
#5135=EDGE_CURVE('',#3080,#3108,#1608,.T.);
#5137=EDGE_CURVE('',#3108,#3110,#1612,.T.);
#5139=EDGE_CURVE('',#3110,#3112,#1617,.T.);
#5141=EDGE_CURVE('',#3112,#3106,#1622,.T.);
#5151=EDGE_CURVE('',#3115,#3116,#1657,.T.);
#5153=EDGE_CURVE('',#3115,#3118,#1626,.T.);
#5155=EDGE_CURVE('',#3119,#3118,#1938,.T.);
#5157=EDGE_CURVE('',#3082,#3119,#1903,.T.);
#5161=EDGE_CURVE('',#3116,#3106,#1762,.T.);
#5171=EDGE_CURVE('',#3122,#3123,#1630,.T.);
#5173=EDGE_CURVE('',#3123,#3125,#1635,.T.);
#5175=EDGE_CURVE('',#3125,#3127,#1639,.T.);
#5177=EDGE_CURVE('',#3127,#3129,#1644,.T.);
#5179=EDGE_CURVE('',#3129,#3131,#1648,.T.);
#5181=EDGE_CURVE('',#3131,#3115,#1653,.T.);
#5184=EDGE_CURVE('',#3116,#3133,#1662,.T.);
#5186=EDGE_CURVE('',#3133,#3135,#1667,.T.);
#5188=EDGE_CURVE('',#3135,#3137,#1671,.T.);
#5190=EDGE_CURVE('',#3137,#3139,#1676,.T.);
#5192=EDGE_CURVE('',#3139,#3141,#1680,.T.);
#5194=EDGE_CURVE('',#3141,#3143,#1685,.T.);
#5196=EDGE_CURVE('',#3143,#3145,#1689,.T.);
#5198=EDGE_CURVE('',#3145,#3147,#1694,.T.);
#5200=EDGE_CURVE('',#3147,#3149,#1698,.T.);
#5202=EDGE_CURVE('',#3149,#3151,#1703,.T.);
#5204=EDGE_CURVE('',#3151,#3122,#1708,.T.);
#5208=EDGE_CURVE('',#3154,#3155,#1713,.T.);
#5210=EDGE_CURVE('',#3155,#3154,#1718,.T.);
#5221=EDGE_CURVE('',#3157,#3122,#1730,.T.);
#5223=EDGE_CURVE('',#3094,#3157,#2100,.T.);
#5226=EDGE_CURVE('',#3158,#3092,#1803,.T.);
#5228=EDGE_CURVE('',#3159,#3158,#1927,.T.);
#5230=EDGE_CURVE('',#3159,#3123,#1722,.T.);
#5242=EDGE_CURVE('',#3149,#3161,#1726,.T.);
#5244=EDGE_CURVE('',#3163,#3161,#2110,.T.);
#5246=EDGE_CURVE('',#3157,#3163,#2105,.T.);
#5258=EDGE_CURVE('',#3147,#3165,#1734,.T.);
#5260=EDGE_CURVE('',#3166,#3165,#1857,.T.);
#5262=EDGE_CURVE('',#3167,#3166,#1820,.T.);
#5264=EDGE_CURVE('',#3169,#3167,#1766,.T.);
#5266=EDGE_CURVE('',#3161,#3169,#2114,.T.);
#5278=EDGE_CURVE('',#3171,#3145,#1738,.T.);
#5280=EDGE_CURVE('',#3165,#3171,#1862,.T.);
#5292=EDGE_CURVE('',#3173,#3143,#1742,.T.);
#5294=EDGE_CURVE('',#3175,#3173,#2128,.T.);
#5296=EDGE_CURVE('',#3177,#3175,#1786,.T.);
#5298=EDGE_CURVE('',#3178,#3177,#1869,.T.);
#5300=EDGE_CURVE('',#3171,#3178,#1827,.T.);
#5313=EDGE_CURVE('',#3141,#3180,#1746,.T.);
#5315=EDGE_CURVE('',#3173,#3180,#2133,.T.);
#5326=EDGE_CURVE('',#3139,#3182,#1750,.T.);
#5328=EDGE_CURVE('',#3183,#3182,#1834,.T.);
#5330=EDGE_CURVE('',#3184,#3183,#1881,.T.);
#5332=EDGE_CURVE('',#3186,#3184,#1782,.T.);
#5334=EDGE_CURVE('',#3180,#3186,#2137,.T.);
#5346=EDGE_CURVE('',#3188,#3137,#1754,.T.);
#5348=EDGE_CURVE('',#3182,#3188,#1839,.T.);
#5360=EDGE_CURVE('',#3110,#3135,#1758,.T.);
#5363=EDGE_CURVE('',#3190,#3108,#1774,.T.);
#5365=EDGE_CURVE('',#3191,#3190,#1920,.T.);
#5367=EDGE_CURVE('',#3188,#3191,#1846,.T.);
#5393=EDGE_CURVE('',#3090,#3167,#1813,.T.);
#5396=EDGE_CURVE('',#3086,#3088,#2053,.T.);
#5399=EDGE_CURVE('',#3190,#3084,#1891,.T.);
#5406=EDGE_CURVE('',#3169,#3096,#2119,.T.);
#5411=EDGE_CURVE('',#3177,#3184,#1874,.T.);
#5414=EDGE_CURVE('',#3186,#3175,#2142,.T.);
#5424=EDGE_CURVE('',#3166,#3193,#1791,.T.);
#5426=EDGE_CURVE('',#3193,#3158,#1796,.T.);
#5441=EDGE_CURVE('',#3183,#3178,#1886,.T.);
#5446=EDGE_CURVE('',#3195,#3191,#1913,.T.);
#5448=EDGE_CURVE('',#3197,#3195,#1931,.T.);
#5450=EDGE_CURVE('',#3199,#3197,#1972,.T.);
#5452=EDGE_CURVE('',#3199,#3193,#1850,.T.);
#5480=EDGE_CURVE('',#3119,#3195,#1908,.T.);
#5495=EDGE_CURVE('',#3197,#3199,#1967,.T.);
#5500=EDGE_CURVE('',#3118,#3201,#1943,.T.);
#5502=EDGE_CURVE('',#3201,#3202,#1950,.T.);
#5504=EDGE_CURVE('',#3204,#3202,#2018,.T.);
#5506=EDGE_CURVE('',#3204,#3205,#1957,.T.);
#5508=EDGE_CURVE('',#3205,#3159,#1962,.T.);
#5522=EDGE_CURVE('',#3208,#3209,#1977,.T.);
#5524=EDGE_CURVE('',#3209,#3208,#1982,.T.);
#5535=EDGE_CURVE('',#3208,#3155,#1986,.T.);
#5538=EDGE_CURVE('',#3209,#3154,#1990,.T.);
#5561=EDGE_CURVE('',#3201,#3131,#1994,.T.);
#5574=EDGE_CURVE('',#3211,#3129,#2002,.T.);
#5576=EDGE_CURVE('',#3100,#3211,#2043,.T.);
#5579=EDGE_CURVE('',#3202,#3104,#2025,.T.);
#5591=EDGE_CURVE('',#3127,#3213,#1998,.T.);
#5593=EDGE_CURVE('',#3211,#3213,#2048,.T.);
#5606=EDGE_CURVE('',#3125,#3205,#2006,.T.);
#5609=EDGE_CURVE('',#3102,#3204,#2013,.T.);
#5612=EDGE_CURVE('',#3213,#3099,#2034,.T.);
#5663=EDGE_CURVE('',#3216,#3217,#2063,.T.);
#5665=EDGE_CURVE('',#3217,#3216,#2068,.T.);
#5676=EDGE_CURVE('',#3219,#3216,#2076,.T.);
#5678=EDGE_CURVE('',#3221,#3219,#2096,.T.);
#5680=EDGE_CURVE('',#3221,#3217,#2072,.T.);
#5692=EDGE_CURVE('',#3219,#3221,#2091,.T.);
#5746=EDGE_CURVE('',#3030,#3223,#2157,.T.);
#5748=EDGE_CURVE('',#3223,#3032,#2162,.T.);
#5772=EDGE_CURVE('',#3225,#2914,#2166,.T.);
#5775=EDGE_CURVE('',#2915,#3227,#2175,.T.);
#5777=EDGE_CURVE('',#3227,#3225,#2180,.T.);
#5787=EDGE_CURVE('',#3230,#3231,#2188,.T.);
#5789=EDGE_CURVE('',#3230,#3233,#2184,.T.);
#5791=EDGE_CURVE('',#3234,#3233,#2253,.T.);
#5793=EDGE_CURVE('',#2917,#3234,#2229,.T.);
#5797=EDGE_CURVE('',#3236,#3225,#2214,.T.);
#5799=EDGE_CURVE('',#3231,#3236,#2196,.T.);
#5810=EDGE_CURVE('',#3238,#3231,#2210,.T.);
#5812=EDGE_CURVE('',#3238,#3240,#2192,.T.);
#5814=EDGE_CURVE('',#3230,#3240,#2265,.T.);
#5825=EDGE_CURVE('',#3236,#3242,#2201,.T.);
#5827=EDGE_CURVE('',#3242,#3238,#2205,.T.);
#5840=EDGE_CURVE('',#3227,#3242,#2218,.T.);
#5856=EDGE_CURVE('',#3243,#2919,#2241,.T.);
#5858=EDGE_CURVE('',#3244,#3243,#2260,.T.);
#5860=EDGE_CURVE('',#3244,#3240,#2222,.T.);
#5871=EDGE_CURVE('',#3234,#3243,#2234,.T.);
#5884=EDGE_CURVE('',#3244,#3233,#2270,.T.);
#5908=EDGE_CURVE('',#3247,#3248,#2287,.T.);
#5910=EDGE_CURVE('',#3250,#3247,#2378,.T.);
#5912=EDGE_CURVE('',#3250,#3252,#2274,.T.);
#5914=EDGE_CURVE('',#3253,#3252,#2360,.T.);
#5916=EDGE_CURVE('',#2868,#3253,#2341,.T.);
#5919=EDGE_CURVE('',#3255,#2867,#2317,.T.);
#5921=EDGE_CURVE('',#3248,#3255,#2304,.T.);
#5931=EDGE_CURVE('',#3258,#3259,#2278,.T.);
#5933=EDGE_CURVE('',#3259,#3247,#2283,.T.);
#5936=EDGE_CURVE('',#3248,#3258,#2292,.T.);
#5947=EDGE_CURVE('',#3261,#3258,#2300,.T.);
#5949=EDGE_CURVE('',#2872,#3261,#2308,.T.);
#5952=EDGE_CURVE('',#3262,#2870,#2329,.T.);
#5954=EDGE_CURVE('',#3263,#3262,#2353,.T.);
#5956=EDGE_CURVE('',#3263,#3265,#2296,.T.);
#5958=EDGE_CURVE('',#3259,#3265,#2374,.T.);
#5971=EDGE_CURVE('',#3261,#3255,#2313,.T.);
#5996=EDGE_CURVE('',#3253,#3262,#2346,.T.);
#6009=EDGE_CURVE('',#3263,#3252,#2365,.T.);
#6022=EDGE_CURVE('',#3250,#3265,#2370,.T.);
#6060=EDGE_CURVE('',#2801,#3267,#2406,.T.);
#6062=EDGE_CURVE('',#3267,#2803,#2411,.T.);
#6076=EDGE_CURVE('',#2805,#2804,#2441,.T.);
#6082=EDGE_CURVE('',#2807,#2806,#2464,.T.);
#6113=EDGE_CURVE('',#2749,#3269,#2491,.T.);
#6118=EDGE_CURVE('',#2660,#3269,#2486,.T.);
#6129=EDGE_CURVE('',#3269,#2739,#2496,.T.);
#6142=EDGE_CURVE('',#3269,#2658,#2509,.T.);
#6165=EDGE_CURVE('',#2741,#2683,#2532,.T.);
#6177=EDGE_CURVE('',#2685,#2741,#2527,.T.);
#6192=EDGE_CURVE('',#2743,#2691,#2550,.T.);
#6205=EDGE_CURVE('',#2691,#2723,#2555,.T.);
#6207=EDGE_CURVE('',#2723,#2745,#2560,.T.);
#6217=EDGE_CURVE('',#2725,#2689,#2578,.T.);
#6231=EDGE_CURVE('',#2703,#2725,#2573,.T.);
#6234=EDGE_CURVE('',#2689,#2705,#2583,.T.);
#6244=EDGE_CURVE('',#2719,#2700,#2601,.T.);
#6269=EDGE_CURVE('',#2697,#2687,#2619,.T.);
#6294=EDGE_CURVE('',#2737,#2721,#2642,.T.);
#6316=(LENGTH_UNIT()NAMED_UNIT(*)SI_UNIT(.MILLI.,.METRE.));
#6318=(NAMED_UNIT(*)PLANE_ANGLE_UNIT()SI_UNIT($,.RADIAN.));
#6321=(NAMED_UNIT(*)SI_UNIT($,.STERADIAN.)SOLID_ANGLE_UNIT());
#6324=ADVANCED_BREP_SHAPE_REPRESENTATION('',(#6315),#6323);
#6331=PRODUCT_DEFINITION('design','',#6330,#6327);
#6332=PRODUCT_DEFINITION_SHAPE('','SHAPE FOR NL0404.',#6331);
#6333=SHAPE_DEFINITION_REPRESENTATION(#6332,#6324);
ENDSEC;
END-ISO-10303-21;
