ISO-10303-21;
HEADER;
FILE_DESCRIPTION((''),'2;1');
FILE_NAME('FTY-04-009_2_1_1_1_1_1_0_0_0__2','2026-06-30T16:18:36',(
'Administrator'),(''),'CREO PARAMETRIC BY PTC INC, 2019010',
'CREO PARAMETRIC BY PTC INC, 2019010','');
FILE_SCHEMA(('CONFIG_CONTROL_DESIGN'));
ENDSEC;
DATA;
#2=CARTESIAN_POINT('',(2.5E1,-1.57E2,2.9E1));
#3=DIRECTION('',(0.E0,0.E0,1.E0));
#4=DIRECTION('',(-1.E0,0.E0,0.E0));
#5=AXIS2_PLACEMENT_3D('',#2,#3,#4);
#7=CARTESIAN_POINT('',(2.5E1,-1.57E2,2.9E1));
#8=DIRECTION('',(0.E0,0.E0,1.E0));
#9=DIRECTION('',(1.E0,0.E0,0.E0));
#10=AXIS2_PLACEMENT_3D('',#7,#8,#9);
#12=CARTESIAN_POINT('',(2.5E1,-1.57E2,2.9E1));
#13=DIRECTION('',(0.E0,0.E0,-1.E0));
#14=DIRECTION('',(0.E0,-1.E0,0.E0));
#15=AXIS2_PLACEMENT_3D('',#12,#13,#14);
#17=CARTESIAN_POINT('',(2.5E1,-1.57E2,2.9E1));
#18=DIRECTION('',(0.E0,0.E0,-1.E0));
#19=DIRECTION('',(0.E0,1.E0,0.E0));
#20=AXIS2_PLACEMENT_3D('',#17,#18,#19);
#22=DIRECTION('',(0.E0,0.E0,1.E0));
#23=VECTOR('',#22,1.5E0);
#24=CARTESIAN_POINT('',(2.05E1,-1.57E2,2.9E1));
#25=LINE('',#24,#23);
#26=DIRECTION('',(0.E0,0.E0,1.E0));
#27=VECTOR('',#26,1.5E0);
#28=CARTESIAN_POINT('',(2.95E1,-1.57E2,2.9E1));
#29=LINE('',#28,#27);
#30=CARTESIAN_POINT('',(2.5E1,-1.57E2,3.05E1));
#31=DIRECTION('',(0.E0,0.E0,1.E0));
#32=DIRECTION('',(0.E0,1.E0,0.E0));
#33=AXIS2_PLACEMENT_3D('',#30,#31,#32);
#35=CARTESIAN_POINT('',(2.5E1,-1.57E2,3.05E1));
#36=DIRECTION('',(0.E0,0.E0,1.E0));
#37=DIRECTION('',(0.E0,-1.E0,0.E0));
#38=AXIS2_PLACEMENT_3D('',#35,#36,#37);
#40=CARTESIAN_POINT('',(2.5E1,-1.57E2,3.05E1));
#41=DIRECTION('',(0.E0,0.E0,-1.E0));
#42=DIRECTION('',(-1.E0,0.E0,0.E0));
#43=AXIS2_PLACEMENT_3D('',#40,#41,#42);
#45=CARTESIAN_POINT('',(2.5E1,-1.57E2,3.05E1));
#46=DIRECTION('',(0.E0,0.E0,-1.E0));
#47=DIRECTION('',(1.E0,0.E0,0.E0));
#48=AXIS2_PLACEMENT_3D('',#45,#46,#47);
#50=CARTESIAN_POINT('',(2.5E1,-1.57E2,3.1E1));
#51=DIRECTION('',(0.E0,0.E0,1.E0));
#52=DIRECTION('',(0.E0,1.E0,0.E0));
#53=AXIS2_PLACEMENT_3D('',#50,#51,#52);
#55=DIRECTION('',(0.E0,7.071067811860E-1,-7.071067811871E-1));
#56=VECTOR('',#55,7.071067811855E-1);
#57=CARTESIAN_POINT('',(2.5E1,-1.64E2,3.1E1));
#58=LINE('',#57,#56);
#59=DIRECTION('',(0.E0,-2.557953848736E-13,1.E0));
#60=VECTOR('',#59,2.E0);
#61=CARTESIAN_POINT('',(2.5E1,-1.5E2,3.1E1));
#62=LINE('',#61,#60);
#63=DIRECTION('',(0.E0,2.557953848736E-13,1.E0));
#64=VECTOR('',#63,2.E0);
#65=CARTESIAN_POINT('',(2.5E1,-1.64E2,3.1E1));
#66=LINE('',#65,#64);
#67=CARTESIAN_POINT('',(2.5E1,-1.57E2,3.1E1));
#68=DIRECTION('',(0.E0,0.E0,1.E0));
#69=DIRECTION('',(0.E0,-1.E0,0.E0));
#70=AXIS2_PLACEMENT_3D('',#67,#68,#69);
#72=DIRECTION('',(0.E0,-7.071067811860E-1,-7.071067811871E-1));
#73=VECTOR('',#72,7.071067811855E-1);
#74=CARTESIAN_POINT('',(2.5E1,-1.5E2,3.1E1));
#75=LINE('',#74,#73);
#76=CARTESIAN_POINT('',(2.5E1,-1.57E2,3.3E1));
#77=DIRECTION('',(0.E0,0.E0,1.E0));
#78=DIRECTION('',(0.E0,1.E0,0.E0));
#79=AXIS2_PLACEMENT_3D('',#76,#77,#78);
#81=CARTESIAN_POINT('',(2.5E1,-1.57E2,3.3E1));
#82=DIRECTION('',(0.E0,0.E0,1.E0));
#83=DIRECTION('',(0.E0,-1.E0,0.E0));
#84=AXIS2_PLACEMENT_3D('',#81,#82,#83);
#86=CARTESIAN_POINT('',(2.5E1,-1.57E2,3.3E1));
#87=DIRECTION('',(0.E0,0.E0,-1.E0));
#88=DIRECTION('',(0.E0,1.E0,0.E0));
#89=AXIS2_PLACEMENT_3D('',#86,#87,#88);
#91=CARTESIAN_POINT('',(2.5E1,-1.57E2,3.3E1));
#92=DIRECTION('',(0.E0,0.E0,-1.E0));
#93=DIRECTION('',(0.E0,-1.E0,0.E0));
#94=AXIS2_PLACEMENT_3D('',#91,#92,#93);
#96=DIRECTION('',(0.E0,0.E0,1.E0));
#97=VECTOR('',#96,4.5E0);
#98=CARTESIAN_POINT('',(2.5E1,-1.495E2,3.3E1));
#99=LINE('',#98,#97);
#100=DIRECTION('',(0.E0,0.E0,1.E0));
#101=VECTOR('',#100,4.5E0);
#102=CARTESIAN_POINT('',(2.5E1,-1.645E2,3.3E1));
#103=LINE('',#102,#101);
#104=CARTESIAN_POINT('',(2.5E1,-1.57E2,3.75E1));
#105=DIRECTION('',(0.E0,0.E0,-1.E0));
#106=DIRECTION('',(0.E0,1.E0,0.E0));
#107=AXIS2_PLACEMENT_3D('',#104,#105,#106);
#109=CARTESIAN_POINT('',(2.5E1,-1.57E2,3.75E1));
#110=DIRECTION('',(0.E0,0.E0,-1.E0));
#111=DIRECTION('',(0.E0,-1.E0,0.E0));
#112=AXIS2_PLACEMENT_3D('',#109,#110,#111);
#114=CARTESIAN_POINT('',(2.5E1,-1.57E2,3.75E1));
#115=DIRECTION('',(0.E0,0.E0,1.E0));
#116=DIRECTION('',(0.E0,1.E0,0.E0));
#117=AXIS2_PLACEMENT_3D('',#114,#115,#116);
#119=CARTESIAN_POINT('',(2.5E1,-1.57E2,3.75E1));
#120=DIRECTION('',(0.E0,0.E0,1.E0));
#121=DIRECTION('',(0.E0,-1.E0,0.E0));
#122=AXIS2_PLACEMENT_3D('',#119,#120,#121);
#124=DIRECTION('',(0.E0,0.E0,1.E0));
#125=VECTOR('',#124,4.E0);
#126=CARTESIAN_POINT('',(2.5E1,-1.5E2,3.75E1));
#127=LINE('',#126,#125);
#128=DIRECTION('',(0.E0,0.E0,1.E0));
#129=VECTOR('',#128,4.E0);
#130=CARTESIAN_POINT('',(2.5E1,-1.64E2,3.75E1));
#131=LINE('',#130,#129);
#132=CARTESIAN_POINT('',(2.5E1,-1.57E2,4.15E1));
#133=DIRECTION('',(0.E0,0.E0,-1.E0));
#134=DIRECTION('',(0.E0,1.E0,0.E0));
#135=AXIS2_PLACEMENT_3D('',#132,#133,#134);
#137=DIRECTION('',(0.E0,6.E-1,8.E-1));
#138=VECTOR('',#137,1.25E0);
#139=CARTESIAN_POINT('',(2.5E1,-1.64E2,4.15E1));
#140=LINE('',#139,#138);
#141=CARTESIAN_POINT('',(2.5E1,-1.57E2,4.15E1));
#142=DIRECTION('',(0.E0,0.E0,-1.E0));
#143=DIRECTION('',(0.E0,-1.E0,0.E0));
#144=AXIS2_PLACEMENT_3D('',#141,#142,#143);
#146=DIRECTION('',(0.E0,-6.E-1,8.E-1));
#147=VECTOR('',#146,1.25E0);
#148=CARTESIAN_POINT('',(2.5E1,-1.5E2,4.15E1));
#149=LINE('',#148,#147);
#150=CARTESIAN_POINT('',(2.5E1,-1.57E2,4.25E1));
#151=DIRECTION('',(0.E0,0.E0,-1.E0));
#152=DIRECTION('',(0.E0,-1.E0,0.E0));
#153=AXIS2_PLACEMENT_3D('',#150,#151,#152);
#155=CARTESIAN_POINT('',(2.5E1,-1.57E2,4.25E1));
#156=DIRECTION('',(0.E0,0.E0,-1.E0));
#157=DIRECTION('',(0.E0,1.E0,0.E0));
#158=AXIS2_PLACEMENT_3D('',#155,#156,#157);
#160=CARTESIAN_POINT('',(2.5E1,-1.57E2,4.25E1));
#161=DIRECTION('',(0.E0,0.E0,1.E0));
#162=DIRECTION('',(0.E0,-1.E0,0.E0));
#163=AXIS2_PLACEMENT_3D('',#160,#161,#162);
#165=CARTESIAN_POINT('',(2.5E1,-1.57E2,4.25E1));
#166=DIRECTION('',(0.E0,0.E0,1.E0));
#167=DIRECTION('',(0.E0,1.E0,0.E0));
#168=AXIS2_PLACEMENT_3D('',#165,#166,#167);
#170=DIRECTION('',(0.E0,0.E0,-1.E0));
#171=VECTOR('',#170,2.5E0);
#172=CARTESIAN_POINT('',(2.5E1,-1.52E2,4.5E1));
#173=LINE('',#172,#171);
#174=CARTESIAN_POINT('',(2.5E1,-1.52E2,4.5E1));
#175=CARTESIAN_POINT('',(2.488338265623E1,-1.52E2,4.5E1));
#176=CARTESIAN_POINT('',(2.464936387183E1,-1.520081857335E2,4.500818573350E1));
#177=CARTESIAN_POINT('',(2.429896220695E1,-1.520451642296E2,4.504516422958E1));
#178=CARTESIAN_POINT('',(2.394726129312E1,-1.521076773349E2,4.510767733493E1));
#179=CARTESIAN_POINT('',(2.359567001085E1,-1.521965955307E2,4.519659553072E1));
#180=CARTESIAN_POINT('',(2.324295890836E1,-1.523138584758E2,4.531385847580E1));
#181=CARTESIAN_POINT('',(2.289155823175E1,-1.524608086299E2,4.546080862988E1));
#182=CARTESIAN_POINT('',(2.254160538953E1,-1.526400088291E2,4.564000882905E1));
#183=CARTESIAN_POINT('',(2.219562149963E1,-1.528536182590E2,4.585361825904E1));
#184=CARTESIAN_POINT('',(2.185648230311E1,-1.531038817426E2,4.610388174260E1));
#185=CARTESIAN_POINT('',(2.152785570433E1,-1.533930073646E2,4.639300736455E1));
#186=CARTESIAN_POINT('',(2.121508660150E1,-1.537219554242E2,4.672195542420E1));
#187=CARTESIAN_POINT('',(2.092352691702E1,-1.540915791283E2,4.709157912835E1));
#188=CARTESIAN_POINT('',(2.065950173184E1,-1.545016337224E2,4.750163372237E1));
#189=CARTESIAN_POINT('',(2.043055020446E1,-1.549490164288E2,4.794901642885E1));
#190=CARTESIAN_POINT('',(2.024350456097E1,-1.554295374558E2,4.842953745585E1));
#191=CARTESIAN_POINT('',(2.010460493135E1,-1.559374732708E2,4.893747327080E1));
#192=CARTESIAN_POINT('',(2.001927101679E1,-1.564638650357E2,4.946386503573E1));
#193=CARTESIAN_POINT('',(2.E1,-1.568204226289E2,4.982042262894E1));
#194=CARTESIAN_POINT('',(2.E1,-1.57E2,5.E1));
#196=DIRECTION('',(0.E0,0.E0,-1.E0));
#197=VECTOR('',#196,7.5E0);
#198=CARTESIAN_POINT('',(2.5E1,-1.62E2,5.E1));
#199=LINE('',#198,#197);
#200=DIRECTION('',(0.E0,-1.E0,0.E0));
#201=VECTOR('',#200,7.5E0);
#202=CARTESIAN_POINT('',(2.5E1,-1.495E2,5.5E1));
#203=LINE('',#202,#201);
#204=CARTESIAN_POINT('',(2.5E1,-1.52E2,4.5E1));
#205=CARTESIAN_POINT('',(2.511661734377E1,-1.52E2,4.5E1));
#206=CARTESIAN_POINT('',(2.535063612817E1,-1.520081857335E2,4.500818573350E1));
#207=CARTESIAN_POINT('',(2.570103779305E1,-1.520451642296E2,4.504516422958E1));
#208=CARTESIAN_POINT('',(2.605273870688E1,-1.521076773349E2,4.510767733493E1));
#209=CARTESIAN_POINT('',(2.640432998915E1,-1.521965955307E2,4.519659553072E1));
#210=CARTESIAN_POINT('',(2.675704109164E1,-1.523138584758E2,4.531385847580E1));
#211=CARTESIAN_POINT('',(2.710844176825E1,-1.524608086299E2,4.546080862988E1));
#212=CARTESIAN_POINT('',(2.745839461046E1,-1.526400088291E2,4.564000882905E1));
#213=CARTESIAN_POINT('',(2.780437850036E1,-1.528536182590E2,4.585361825904E1));
#214=CARTESIAN_POINT('',(2.814351769688E1,-1.531038817426E2,4.610388174259E1));
#215=CARTESIAN_POINT('',(2.847214429567E1,-1.533930073645E2,4.639300736455E1));
#216=CARTESIAN_POINT('',(2.878491339849E1,-1.537219554242E2,4.672195542420E1));
#217=CARTESIAN_POINT('',(2.907647308298E1,-1.540915791283E2,4.709157912834E1));
#218=CARTESIAN_POINT('',(2.934049826815E1,-1.545016337224E2,4.750163372237E1));
#219=CARTESIAN_POINT('',(2.956944979554E1,-1.549490164288E2,4.794901642884E1));
#220=CARTESIAN_POINT('',(2.975649543903E1,-1.554295374558E2,4.842953745584E1));
#221=CARTESIAN_POINT('',(2.989539506865E1,-1.559374732708E2,4.893747327080E1));
#222=CARTESIAN_POINT('',(2.998072898321E1,-1.564638650357E2,4.946386503573E1));
#223=CARTESIAN_POINT('',(3.E1,-1.568204226289E2,4.982042262894E1));
#224=CARTESIAN_POINT('',(3.E1,-1.57E2,5.E1));
#226=DIRECTION('',(0.E0,-1.E0,0.E0));
#227=VECTOR('',#226,2.5E0);
#228=CARTESIAN_POINT('',(2.5E1,-1.495E2,4.5E1));
#229=LINE('',#228,#227);
#230=CARTESIAN_POINT('',(2.5E1,-1.57E2,5.E1));
#231=DIRECTION('',(0.E0,1.E0,0.E0));
#232=DIRECTION('',(0.E0,0.E0,1.E0));
#233=AXIS2_PLACEMENT_3D('',#230,#231,#232);
#235=CARTESIAN_POINT('',(2.5E1,-1.57E2,5.E1));
#236=DIRECTION('',(0.E0,0.E0,-1.E0));
#237=DIRECTION('',(1.E0,0.E0,0.E0));
#238=AXIS2_PLACEMENT_3D('',#235,#236,#237);
#240=CARTESIAN_POINT('',(2.5E1,-1.57E2,5.E1));
#241=DIRECTION('',(0.E0,0.E0,-1.E0));
#242=DIRECTION('',(0.E0,-1.E0,0.E0));
#243=AXIS2_PLACEMENT_3D('',#240,#241,#242);
#245=CARTESIAN_POINT('',(2.5E1,-1.57E2,5.E1));
#246=DIRECTION('',(0.E0,1.E0,0.E0));
#247=DIRECTION('',(-1.E0,0.E0,0.E0));
#248=AXIS2_PLACEMENT_3D('',#245,#246,#247);
#250=CARTESIAN_POINT('',(2.5E1,-1.495E2,5.E1));
#251=DIRECTION('',(0.E0,1.E0,0.E0));
#252=DIRECTION('',(0.E0,0.E0,1.E0));
#253=AXIS2_PLACEMENT_3D('',#250,#251,#252);
#255=CARTESIAN_POINT('',(2.5E1,-1.495E2,5.E1));
#256=DIRECTION('',(0.E0,1.E0,0.E0));
#257=DIRECTION('',(0.E0,0.E0,-1.E0));
#258=AXIS2_PLACEMENT_3D('',#255,#256,#257);
#260=CARTESIAN_POINT('',(2.5E1,-1.495E2,5.E1));
#261=DIRECTION('',(0.E0,-1.E0,0.E0));
#262=DIRECTION('',(0.E0,0.E0,-1.E0));
#263=AXIS2_PLACEMENT_3D('',#260,#261,#262);
#265=CARTESIAN_POINT('',(2.5E1,-1.495E2,5.E1));
#266=DIRECTION('',(0.E0,-1.E0,0.E0));
#267=DIRECTION('',(0.E0,0.E0,1.E0));
#268=AXIS2_PLACEMENT_3D('',#265,#266,#267);
#270=CARTESIAN_POINT('',(2.5E1,-1.485E2,5.E1));
#271=DIRECTION('',(0.E0,1.E0,0.E0));
#272=DIRECTION('',(0.E0,0.E0,1.E0));
#273=AXIS2_PLACEMENT_3D('',#270,#271,#272);
#275=DIRECTION('',(0.E0,-8.E-1,6.E-1));
#276=VECTOR('',#275,1.25E0);
#277=CARTESIAN_POINT('',(2.5E1,-1.485E2,4.3E1));
#278=LINE('',#277,#276);
#279=DIRECTION('',(0.E0,1.E0,0.E0));
#280=VECTOR('',#279,4.E0);
#281=CARTESIAN_POINT('',(2.5E1,-1.485E2,5.7E1));
#282=LINE('',#281,#280);
#283=CARTESIAN_POINT('',(2.5E1,-1.445E2,5.E1));
#284=DIRECTION('',(0.E0,1.E0,0.E0));
#285=DIRECTION('',(0.E0,0.E0,1.E0));
#286=AXIS2_PLACEMENT_3D('',#283,#284,#285);
#288=CARTESIAN_POINT('',(2.5E1,-1.445E2,5.E1));
#289=DIRECTION('',(0.E0,1.E0,0.E0));
#290=DIRECTION('',(0.E0,0.E0,-1.E0));
#291=AXIS2_PLACEMENT_3D('',#288,#289,#290);
#293=CARTESIAN_POINT('',(2.5E1,-1.445E2,5.E1));
#294=DIRECTION('',(0.E0,-1.E0,0.E0));
#295=DIRECTION('',(0.E0,0.E0,-1.E0));
#296=AXIS2_PLACEMENT_3D('',#293,#294,#295);
#298=CARTESIAN_POINT('',(2.5E1,-1.445E2,5.E1));
#299=DIRECTION('',(0.E0,-1.E0,0.E0));
#300=DIRECTION('',(0.E0,0.E0,1.E0));
#301=AXIS2_PLACEMENT_3D('',#298,#299,#300);
#303=DIRECTION('',(0.E0,1.E0,0.E0));
#304=VECTOR('',#303,4.5E0);
#305=CARTESIAN_POINT('',(2.5E1,-1.445E2,5.75E1));
#306=LINE('',#305,#304);
#307=CARTESIAN_POINT('',(2.5E1,-1.4E2,5.E1));
#308=DIRECTION('',(0.E0,-1.E0,0.E0));
#309=DIRECTION('',(0.E0,0.E0,1.E0));
#310=AXIS2_PLACEMENT_3D('',#307,#308,#309);
#312=CARTESIAN_POINT('',(2.5E1,-1.4E2,5.E1));
#313=DIRECTION('',(0.E0,-1.E0,0.E0));
#314=DIRECTION('',(0.E0,0.E0,-1.E0));
#315=AXIS2_PLACEMENT_3D('',#312,#313,#314);
#317=CARTESIAN_POINT('',(2.5E1,-1.4E2,5.E1));
#318=DIRECTION('',(0.E0,1.E0,0.E0));
#319=DIRECTION('',(0.E0,0.E0,1.E0));
#320=AXIS2_PLACEMENT_3D('',#317,#318,#319);
#322=CARTESIAN_POINT('',(2.5E1,-1.4E2,5.E1));
#323=DIRECTION('',(0.E0,1.E0,0.E0));
#324=DIRECTION('',(0.E0,0.E0,-1.E0));
#325=AXIS2_PLACEMENT_3D('',#322,#323,#324);
#327=DIRECTION('',(0.E0,1.E0,0.E0));
#328=VECTOR('',#327,4.5E0);
#329=CARTESIAN_POINT('',(2.5E1,-1.445E2,4.25E1));
#330=LINE('',#329,#328);
#331=DIRECTION('',(0.E0,1.E0,-1.001865257422E-12));
#332=VECTOR('',#331,2.E0);
#333=CARTESIAN_POINT('',(2.5E1,-1.4E2,5.7E1));
#334=LINE('',#333,#332);
#335=CARTESIAN_POINT('',(2.5E1,-1.38E2,5.E1));
#336=DIRECTION('',(0.E0,-1.E0,0.E0));
#337=DIRECTION('',(0.E0,0.E0,-1.E0));
#338=AXIS2_PLACEMENT_3D('',#335,#336,#337);
#340=DIRECTION('',(0.E0,7.071067811851E-1,-7.071067811880E-1));
#341=VECTOR('',#340,7.071067811880E-1);
#342=CARTESIAN_POINT('',(2.5E1,-1.38E2,5.7E1));
#343=LINE('',#342,#341);
#344=CARTESIAN_POINT('',(2.5E1,-1.38E2,5.E1));
#345=DIRECTION('',(0.E0,-1.E0,0.E0));
#346=DIRECTION('',(0.E0,0.E0,1.E0));
#347=AXIS2_PLACEMENT_3D('',#344,#345,#346);
#349=DIRECTION('',(0.E0,7.071067811851E-1,7.071067811880E-1));
#350=VECTOR('',#349,7.071067811880E-1);
#351=CARTESIAN_POINT('',(2.5E1,-1.38E2,4.3E1));
#352=LINE('',#351,#350);
#353=DIRECTION('',(0.E0,1.E0,1.001865257422E-12));
#354=VECTOR('',#353,2.E0);
#355=CARTESIAN_POINT('',(2.5E1,-1.4E2,4.3E1));
#356=LINE('',#355,#354);
#357=CARTESIAN_POINT('',(2.5E1,-1.375E2,5.E1));
#358=DIRECTION('',(0.E0,-1.E0,0.E0));
#359=DIRECTION('',(0.E0,0.E0,-1.E0));
#360=AXIS2_PLACEMENT_3D('',#357,#358,#359);
#362=CARTESIAN_POINT('',(2.5E1,-1.375E2,5.E1));
#363=DIRECTION('',(0.E0,-1.E0,0.E0));
#364=DIRECTION('',(0.E0,0.E0,1.E0));
#365=AXIS2_PLACEMENT_3D('',#362,#363,#364);
#367=CARTESIAN_POINT('',(2.5E1,-1.375E2,5.E1));
#368=DIRECTION('',(0.E0,1.E0,0.E0));
#369=DIRECTION('',(-1.E0,0.E0,0.E0));
#370=AXIS2_PLACEMENT_3D('',#367,#368,#369);
#372=CARTESIAN_POINT('',(2.5E1,-1.375E2,5.E1));
#373=DIRECTION('',(0.E0,1.E0,0.E0));
#374=DIRECTION('',(1.E0,0.E0,0.E0));
#375=AXIS2_PLACEMENT_3D('',#372,#373,#374);
#377=DIRECTION('',(0.E0,-1.E0,0.E0));
#378=VECTOR('',#377,1.5E0);
#379=CARTESIAN_POINT('',(2.95E1,-1.36E2,5.E1));
#380=LINE('',#379,#378);
#381=CARTESIAN_POINT('',(2.5E1,-1.36E2,5.E1));
#382=DIRECTION('',(0.E0,-1.E0,0.E0));
#383=DIRECTION('',(-1.E0,0.E0,0.E0));
#384=AXIS2_PLACEMENT_3D('',#381,#382,#383);
#386=CARTESIAN_POINT('',(2.5E1,-1.36E2,5.E1));
#387=DIRECTION('',(0.E0,-1.E0,0.E0));
#388=DIRECTION('',(1.E0,0.E0,0.E0));
#389=AXIS2_PLACEMENT_3D('',#386,#387,#388);
#391=CARTESIAN_POINT('',(2.5E1,-1.36E2,5.E1));
#392=DIRECTION('',(0.E0,1.E0,0.E0));
#393=DIRECTION('',(0.E0,0.E0,-1.E0));
#394=AXIS2_PLACEMENT_3D('',#391,#392,#393);
#396=CARTESIAN_POINT('',(2.5E1,-1.36E2,5.E1));
#397=DIRECTION('',(0.E0,1.E0,0.E0));
#398=DIRECTION('',(0.E0,0.E0,1.E0));
#399=AXIS2_PLACEMENT_3D('',#396,#397,#398);
#401=DIRECTION('',(0.E0,-1.E0,0.E0));
#402=VECTOR('',#401,1.5E0);
#403=CARTESIAN_POINT('',(2.05E1,-1.36E2,5.E1));
#404=LINE('',#403,#402);
#405=CARTESIAN_POINT('',(2.5E1,-1.484E2,5.E1));
#406=DIRECTION('',(0.E0,-1.E0,0.E0));
#407=DIRECTION('',(0.E0,0.E0,1.E0));
#408=AXIS2_PLACEMENT_3D('',#405,#406,#407);
#410=DIRECTION('',(0.E0,-1.E0,0.E0));
#411=VECTOR('',#410,5.3E0);
#412=CARTESIAN_POINT('',(2.5E1,-1.484E2,4.67E1));
#413=LINE('',#412,#411);
#414=CARTESIAN_POINT('',(2.5E1,-1.537E2,4.67E1));
#415=CARTESIAN_POINT('',(2.491845226357E1,-1.537E2,4.67E1));
#416=CARTESIAN_POINT('',(2.475474333722E1,-1.537060652605E2,4.670606526052E1));
#417=CARTESIAN_POINT('',(2.450960167251E1,-1.537334984554E2,4.673349845538E1));
#418=CARTESIAN_POINT('',(2.426361605636E1,-1.537799160427E2,4.677991604275E1));
#419=CARTESIAN_POINT('',(2.401763637077E1,-1.538460952854E2,4.684609528536E1));
#420=CARTESIAN_POINT('',(2.377113619381E1,-1.539335207940E2,4.693352079397E1));
#421=CARTESIAN_POINT('',(2.352569925967E1,-1.540434276410E2,4.704342764097E1));
#422=CARTESIAN_POINT('',(2.328194823036E1,-1.541777589808E2,4.717775898084E1));
#423=CARTESIAN_POINT('',(2.304198129946E1,-1.543382382124E2,4.733823821240E1));
#424=CARTESIAN_POINT('',(2.280840146806E1,-1.545265189124E2,4.752651891238E1));
#425=CARTESIAN_POINT('',(2.258440464425E1,-1.547441978630E2,4.774419786301E1));
#426=CARTESIAN_POINT('',(2.237459174451E1,-1.549916047764E2,4.799160477647E1));
#427=CARTESIAN_POINT('',(2.218339632623E1,-1.552691280849E2,4.826912808476E1));
#428=CARTESIAN_POINT('',(2.201650322223E1,-1.555750694712E2,4.857506947173E1));
#429=CARTESIAN_POINT('',(2.187940993593E1,-1.559064579998E2,4.890645799785E1));
#430=CARTESIAN_POINT('',(2.177721052832E1,-1.562588774491E2,4.925887745615E1));
#431=CARTESIAN_POINT('',(2.171425450517E1,-1.566255671205E2,4.962556709407E1));
#432=CARTESIAN_POINT('',(2.170000026762E1,-1.568745036011E2,4.987450365808E1));
#433=CARTESIAN_POINT('',(2.170000000001E1,-1.569999929340E2,4.999999299098E1));
#435=CARTESIAN_POINT('',(2.5E1,-1.481E2,5.E1));
#436=DIRECTION('',(0.E0,1.E0,0.E0));
#437=DIRECTION('',(0.E0,0.E0,-1.E0));
#438=AXIS2_PLACEMENT_3D('',#435,#436,#437);
#440=DIRECTION('',(0.E0,-1.E0,0.E0));
#441=VECTOR('',#440,1.21E1);
#442=CARTESIAN_POINT('',(2.5E1,-1.36E2,4.67E1));
#443=LINE('',#442,#441);
#444=CARTESIAN_POINT('',(2.5E1,-1.484E2,5.E1));
#445=DIRECTION('',(0.E0,1.E0,0.E0));
#446=DIRECTION('',(-1.E0,0.E0,0.E0));
#447=AXIS2_PLACEMENT_3D('',#444,#445,#446);
#449=CARTESIAN_POINT('',(2.5E1,-1.484E2,5.E1));
#450=DIRECTION('',(0.E0,1.E0,0.E0));
#451=DIRECTION('',(1.E0,0.E0,0.E0));
#452=AXIS2_PLACEMENT_3D('',#449,#450,#451);
#454=CARTESIAN_POINT('',(2.452253517072E1,-1.484E2,5.E1));
#455=DIRECTION('',(0.E0,1.E0,0.E0));
#456=DIRECTION('',(-1.E0,0.E0,0.E0));
#457=AXIS2_PLACEMENT_3D('',#454,#455,#456);
#459=CARTESIAN_POINT('',(2.452253517072E1,-1.484E2,5.E1));
#460=DIRECTION('',(0.E0,1.E0,0.E0));
#461=DIRECTION('',(1.E0,0.E0,0.E0));
#462=AXIS2_PLACEMENT_3D('',#459,#460,#461);
#464=CARTESIAN_POINT('',(2.476126758536E1,-1.484E2,5.041349667157E1));
#465=DIRECTION('',(0.E0,1.E0,0.E0));
#466=DIRECTION('',(-5.E-1,0.E0,8.660254037844E-1));
#467=AXIS2_PLACEMENT_3D('',#464,#465,#466);
#469=CARTESIAN_POINT('',(2.476126758536E1,-1.484E2,5.041349667157E1));
#470=DIRECTION('',(0.E0,1.E0,0.E0));
#471=DIRECTION('',(5.E-1,0.E0,-8.660254037844E-1));
#472=AXIS2_PLACEMENT_3D('',#469,#470,#471);
#474=CARTESIAN_POINT('',(2.523873241464E1,-1.484E2,5.041349667157E1));
#475=DIRECTION('',(0.E0,1.E0,0.E0));
#476=DIRECTION('',(5.E-1,0.E0,8.660254037844E-1));
#477=AXIS2_PLACEMENT_3D('',#474,#475,#476);
#479=CARTESIAN_POINT('',(2.523873241464E1,-1.484E2,5.041349667157E1));
#480=DIRECTION('',(0.E0,1.E0,0.E0));
#481=DIRECTION('',(-5.E-1,0.E0,-8.660254037844E-1));
#482=AXIS2_PLACEMENT_3D('',#479,#480,#481);
#484=CARTESIAN_POINT('',(2.547746482928E1,-1.484E2,5.E1));
#485=DIRECTION('',(0.E0,1.E0,0.E0));
#486=DIRECTION('',(1.E0,0.E0,0.E0));
#487=AXIS2_PLACEMENT_3D('',#484,#485,#486);
#489=CARTESIAN_POINT('',(2.547746482928E1,-1.484E2,5.E1));
#490=DIRECTION('',(0.E0,1.E0,0.E0));
#491=DIRECTION('',(-1.E0,0.E0,0.E0));
#492=AXIS2_PLACEMENT_3D('',#489,#490,#491);
#494=CARTESIAN_POINT('',(2.523873241464E1,-1.484E2,4.958650332843E1));
#495=DIRECTION('',(0.E0,1.E0,0.E0));
#496=DIRECTION('',(5.E-1,0.E0,-8.660254037844E-1));
#497=AXIS2_PLACEMENT_3D('',#494,#495,#496);
#499=CARTESIAN_POINT('',(2.523873241464E1,-1.484E2,4.958650332843E1));
#500=DIRECTION('',(0.E0,1.E0,0.E0));
#501=DIRECTION('',(-5.E-1,0.E0,8.660254037844E-1));
#502=AXIS2_PLACEMENT_3D('',#499,#500,#501);
#504=CARTESIAN_POINT('',(2.476126758536E1,-1.484E2,4.958650332843E1));
#505=DIRECTION('',(0.E0,1.E0,0.E0));
#506=DIRECTION('',(-5.E-1,0.E0,-8.660254037844E-1));
#507=AXIS2_PLACEMENT_3D('',#504,#505,#506);
#509=CARTESIAN_POINT('',(2.476126758536E1,-1.484E2,4.958650332843E1));
#510=DIRECTION('',(0.E0,1.E0,0.E0));
#511=DIRECTION('',(5.E-1,0.E0,8.660254037844E-1));
#512=AXIS2_PLACEMENT_3D('',#509,#510,#511);
#514=CARTESIAN_POINT('',(2.404507034145E1,-1.484E2,5.E1));
#515=DIRECTION('',(0.E0,1.E0,0.E0));
#516=DIRECTION('',(-1.E0,0.E0,0.E0));
#517=AXIS2_PLACEMENT_3D('',#514,#515,#516);
#519=CARTESIAN_POINT('',(2.404507034145E1,-1.484E2,5.E1));
#520=DIRECTION('',(0.E0,1.E0,0.E0));
#521=DIRECTION('',(1.E0,0.E0,0.E0));
#522=AXIS2_PLACEMENT_3D('',#519,#520,#521);
#524=CARTESIAN_POINT('',(2.417300665687E1,-1.484E2,5.047746482928E1));
#525=DIRECTION('',(0.E0,1.E0,0.E0));
#526=DIRECTION('',(-8.660254037844E-1,0.E0,5.E-1));
#527=AXIS2_PLACEMENT_3D('',#524,#525,#526);
#529=CARTESIAN_POINT('',(2.417300665687E1,-1.484E2,5.047746482928E1));
#530=DIRECTION('',(0.E0,1.E0,0.E0));
#531=DIRECTION('',(8.660254037844E-1,0.E0,-5.E-1));
#532=AXIS2_PLACEMENT_3D('',#529,#530,#531);
#534=CARTESIAN_POINT('',(2.452253517072E1,-1.484E2,5.082699334313E1));
#535=DIRECTION('',(0.E0,1.E0,0.E0));
#536=DIRECTION('',(-5.E-1,0.E0,8.660254037844E-1));
#537=AXIS2_PLACEMENT_3D('',#534,#535,#536);
#539=CARTESIAN_POINT('',(2.452253517072E1,-1.484E2,5.082699334313E1));
#540=DIRECTION('',(0.E0,1.E0,0.E0));
#541=DIRECTION('',(5.E-1,0.E0,-8.660254037844E-1));
#542=AXIS2_PLACEMENT_3D('',#539,#540,#541);
#544=CARTESIAN_POINT('',(2.5E1,-1.484E2,5.095492965855E1));
#545=DIRECTION('',(0.E0,1.E0,0.E0));
#546=DIRECTION('',(0.E0,0.E0,1.E0));
#547=AXIS2_PLACEMENT_3D('',#544,#545,#546);
#549=CARTESIAN_POINT('',(2.5E1,-1.484E2,5.095492965855E1));
#550=DIRECTION('',(0.E0,1.E0,0.E0));
#551=DIRECTION('',(0.E0,0.E0,-1.E0));
#552=AXIS2_PLACEMENT_3D('',#549,#550,#551);
#554=CARTESIAN_POINT('',(2.547746482928E1,-1.484E2,5.082699334313E1));
#555=DIRECTION('',(0.E0,1.E0,0.E0));
#556=DIRECTION('',(5.E-1,0.E0,8.660254037844E-1));
#557=AXIS2_PLACEMENT_3D('',#554,#555,#556);
#559=CARTESIAN_POINT('',(2.547746482928E1,-1.484E2,5.082699334313E1));
#560=DIRECTION('',(0.E0,1.E0,0.E0));
#561=DIRECTION('',(-5.E-1,0.E0,-8.660254037844E-1));
#562=AXIS2_PLACEMENT_3D('',#559,#560,#561);
#564=CARTESIAN_POINT('',(2.582699334313E1,-1.484E2,5.047746482928E1));
#565=DIRECTION('',(0.E0,1.E0,0.E0));
#566=DIRECTION('',(8.660254037844E-1,0.E0,5.E-1));
#567=AXIS2_PLACEMENT_3D('',#564,#565,#566);
#569=CARTESIAN_POINT('',(2.582699334313E1,-1.484E2,5.047746482928E1));
#570=DIRECTION('',(0.E0,1.E0,0.E0));
#571=DIRECTION('',(-8.660254037844E-1,0.E0,-5.E-1));
#572=AXIS2_PLACEMENT_3D('',#569,#570,#571);
#574=CARTESIAN_POINT('',(2.595492965855E1,-1.484E2,5.E1));
#575=DIRECTION('',(0.E0,1.E0,0.E0));
#576=DIRECTION('',(1.E0,0.E0,0.E0));
#577=AXIS2_PLACEMENT_3D('',#574,#575,#576);
#579=CARTESIAN_POINT('',(2.595492965855E1,-1.484E2,5.E1));
#580=DIRECTION('',(0.E0,1.E0,0.E0));
#581=DIRECTION('',(-1.E0,0.E0,0.E0));
#582=AXIS2_PLACEMENT_3D('',#579,#580,#581);
#584=CARTESIAN_POINT('',(2.582699334313E1,-1.484E2,4.952253517072E1));
#585=DIRECTION('',(0.E0,1.E0,0.E0));
#586=DIRECTION('',(8.660254037844E-1,0.E0,-5.E-1));
#587=AXIS2_PLACEMENT_3D('',#584,#585,#586);
#589=CARTESIAN_POINT('',(2.582699334313E1,-1.484E2,4.952253517072E1));
#590=DIRECTION('',(0.E0,1.E0,0.E0));
#591=DIRECTION('',(-8.660254037844E-1,0.E0,5.E-1));
#592=AXIS2_PLACEMENT_3D('',#589,#590,#591);
#594=CARTESIAN_POINT('',(2.547746482928E1,-1.484E2,4.917300665687E1));
#595=DIRECTION('',(0.E0,1.E0,0.E0));
#596=DIRECTION('',(5.E-1,0.E0,-8.660254037844E-1));
#597=AXIS2_PLACEMENT_3D('',#594,#595,#596);
#599=CARTESIAN_POINT('',(2.547746482928E1,-1.484E2,4.917300665687E1));
#600=DIRECTION('',(0.E0,1.E0,0.E0));
#601=DIRECTION('',(-5.E-1,0.E0,8.660254037844E-1));
#602=AXIS2_PLACEMENT_3D('',#599,#600,#601);
#604=CARTESIAN_POINT('',(2.5E1,-1.484E2,4.904507034145E1));
#605=DIRECTION('',(0.E0,1.E0,0.E0));
#606=DIRECTION('',(0.E0,0.E0,-1.E0));
#607=AXIS2_PLACEMENT_3D('',#604,#605,#606);
#609=CARTESIAN_POINT('',(2.5E1,-1.484E2,4.904507034145E1));
#610=DIRECTION('',(0.E0,1.E0,0.E0));
#611=DIRECTION('',(0.E0,0.E0,1.E0));
#612=AXIS2_PLACEMENT_3D('',#609,#610,#611);
#614=CARTESIAN_POINT('',(2.452253517072E1,-1.484E2,4.917300665687E1));
#615=DIRECTION('',(0.E0,1.E0,0.E0));
#616=DIRECTION('',(-5.E-1,0.E0,-8.660254037844E-1));
#617=AXIS2_PLACEMENT_3D('',#614,#615,#616);
#619=CARTESIAN_POINT('',(2.452253517072E1,-1.484E2,4.917300665687E1));
#620=DIRECTION('',(0.E0,1.E0,0.E0));
#621=DIRECTION('',(5.E-1,0.E0,8.660254037844E-1));
#622=AXIS2_PLACEMENT_3D('',#619,#620,#621);
#624=CARTESIAN_POINT('',(2.417300665687E1,-1.484E2,4.952253517072E1));
#625=DIRECTION('',(0.E0,1.E0,0.E0));
#626=DIRECTION('',(-8.660254037844E-1,0.E0,-5.E-1));
#627=AXIS2_PLACEMENT_3D('',#624,#625,#626);
#629=CARTESIAN_POINT('',(2.417300665687E1,-1.484E2,4.952253517072E1));
#630=DIRECTION('',(0.E0,1.E0,0.E0));
#631=DIRECTION('',(8.660254037844E-1,0.E0,5.E-1));
#632=AXIS2_PLACEMENT_3D('',#629,#630,#631);
#634=CARTESIAN_POINT('',(2.356760551217E1,-1.484E2,5.E1));
#635=DIRECTION('',(0.E0,1.E0,0.E0));
#636=DIRECTION('',(-1.E0,0.E0,0.E0));
#637=AXIS2_PLACEMENT_3D('',#634,#635,#636);
#639=CARTESIAN_POINT('',(2.356760551217E1,-1.484E2,5.E1));
#640=DIRECTION('',(0.E0,1.E0,0.E0));
#641=DIRECTION('',(1.E0,0.E0,0.E0));
#642=AXIS2_PLACEMENT_3D('',#639,#640,#641);
#644=CARTESIAN_POINT('',(2.365398946973E1,-1.484E2,5.048990776803E1));
#645=DIRECTION('',(0.E0,1.E0,0.E0));
#646=DIRECTION('',(-9.396926207859E-1,0.E0,3.420201433257E-1));
#647=AXIS2_PLACEMENT_3D('',#644,#645,#646);
#649=CARTESIAN_POINT('',(2.365398946973E1,-1.484E2,5.048990776803E1));
#650=DIRECTION('',(0.E0,1.E0,0.E0));
#651=DIRECTION('',(9.396926207859E-1,0.E0,-3.420201433257E-1));
#652=AXIS2_PLACEMENT_3D('',#649,#650,#651);
#654=CARTESIAN_POINT('',(2.390272216225E1,-1.484E2,5.092072542896E1));
#655=DIRECTION('',(0.E0,1.E0,0.E0));
#656=DIRECTION('',(-7.660444431190E-1,0.E0,6.427876096865E-1));
#657=AXIS2_PLACEMENT_3D('',#654,#655,#656);
#659=CARTESIAN_POINT('',(2.390272216225E1,-1.484E2,5.092072542896E1));
#660=DIRECTION('',(0.E0,1.E0,0.E0));
#661=DIRECTION('',(7.660444431190E-1,0.E0,-6.427876096865E-1));
#662=AXIS2_PLACEMENT_3D('',#659,#660,#661);
#664=CARTESIAN_POINT('',(2.428380275609E1,-1.484E2,5.124049001470E1));
#665=DIRECTION('',(0.E0,1.E0,0.E0));
#666=DIRECTION('',(-5.E-1,0.E0,8.660254037844E-1));
#667=AXIS2_PLACEMENT_3D('',#664,#665,#666);
#669=CARTESIAN_POINT('',(2.428380275609E1,-1.484E2,5.124049001470E1));
#670=DIRECTION('',(0.E0,1.E0,0.E0));
#671=DIRECTION('',(5.E-1,0.E0,-8.660254037844E-1));
#672=AXIS2_PLACEMENT_3D('',#669,#670,#671);
#674=CARTESIAN_POINT('',(2.475126730749E1,-1.484E2,5.141063319698E1));
#675=DIRECTION('',(0.E0,1.E0,0.E0));
#676=DIRECTION('',(-1.736481776669E-1,0.E0,9.848077530122E-1));
#677=AXIS2_PLACEMENT_3D('',#674,#675,#676);
#679=CARTESIAN_POINT('',(2.475126730749E1,-1.484E2,5.141063319698E1));
#680=DIRECTION('',(0.E0,1.E0,0.E0));
#681=DIRECTION('',(1.736481776669E-1,0.E0,-9.848077530122E-1));
#682=AXIS2_PLACEMENT_3D('',#679,#680,#681);
#684=CARTESIAN_POINT('',(2.524873269251E1,-1.484E2,5.141063319698E1));
#685=DIRECTION('',(0.E0,1.E0,0.E0));
#686=DIRECTION('',(1.736481776669E-1,0.E0,9.848077530122E-1));
#687=AXIS2_PLACEMENT_3D('',#684,#685,#686);
#689=CARTESIAN_POINT('',(2.524873269251E1,-1.484E2,5.141063319698E1));
#690=DIRECTION('',(0.E0,1.E0,0.E0));
#691=DIRECTION('',(-1.736481776669E-1,0.E0,-9.848077530122E-1));
#692=AXIS2_PLACEMENT_3D('',#689,#690,#691);
#694=CARTESIAN_POINT('',(2.571619724391E1,-1.484E2,5.124049001470E1));
#695=DIRECTION('',(0.E0,1.E0,0.E0));
#696=DIRECTION('',(5.E-1,0.E0,8.660254037844E-1));
#697=AXIS2_PLACEMENT_3D('',#694,#695,#696);
#699=CARTESIAN_POINT('',(2.571619724391E1,-1.484E2,5.124049001470E1));
#700=DIRECTION('',(0.E0,1.E0,0.E0));
#701=DIRECTION('',(-5.E-1,0.E0,-8.660254037844E-1));
#702=AXIS2_PLACEMENT_3D('',#699,#700,#701);
#704=CARTESIAN_POINT('',(2.609727783775E1,-1.484E2,5.092072542896E1));
#705=DIRECTION('',(0.E0,1.E0,0.E0));
#706=DIRECTION('',(7.660444431190E-1,0.E0,6.427876096865E-1));
#707=AXIS2_PLACEMENT_3D('',#704,#705,#706);
#709=CARTESIAN_POINT('',(2.609727783775E1,-1.484E2,5.092072542896E1));
#710=DIRECTION('',(0.E0,1.E0,0.E0));
#711=DIRECTION('',(-7.660444431190E-1,0.E0,-6.427876096865E-1));
#712=AXIS2_PLACEMENT_3D('',#709,#710,#711);
#714=CARTESIAN_POINT('',(2.634601053027E1,-1.484E2,5.048990776803E1));
#715=DIRECTION('',(0.E0,1.E0,0.E0));
#716=DIRECTION('',(9.396926207859E-1,0.E0,3.420201433257E-1));
#717=AXIS2_PLACEMENT_3D('',#714,#715,#716);
#719=CARTESIAN_POINT('',(2.634601053027E1,-1.484E2,5.048990776803E1));
#720=DIRECTION('',(0.E0,1.E0,0.E0));
#721=DIRECTION('',(-9.396926207859E-1,0.E0,-3.420201433257E-1));
#722=AXIS2_PLACEMENT_3D('',#719,#720,#721);
#724=CARTESIAN_POINT('',(2.643239448783E1,-1.484E2,5.E1));
#725=DIRECTION('',(0.E0,1.E0,0.E0));
#726=DIRECTION('',(1.E0,0.E0,0.E0));
#727=AXIS2_PLACEMENT_3D('',#724,#725,#726);
#729=CARTESIAN_POINT('',(2.643239448783E1,-1.484E2,5.E1));
#730=DIRECTION('',(0.E0,1.E0,0.E0));
#731=DIRECTION('',(-1.E0,0.E0,0.E0));
#732=AXIS2_PLACEMENT_3D('',#729,#730,#731);
#734=CARTESIAN_POINT('',(2.634601053027E1,-1.484E2,4.951009223197E1));
#735=DIRECTION('',(0.E0,1.E0,0.E0));
#736=DIRECTION('',(9.396926207859E-1,0.E0,-3.420201433257E-1));
#737=AXIS2_PLACEMENT_3D('',#734,#735,#736);
#739=CARTESIAN_POINT('',(2.634601053027E1,-1.484E2,4.951009223197E1));
#740=DIRECTION('',(0.E0,1.E0,0.E0));
#741=DIRECTION('',(-9.396926207859E-1,0.E0,3.420201433257E-1));
#742=AXIS2_PLACEMENT_3D('',#739,#740,#741);
#744=CARTESIAN_POINT('',(2.609727783775E1,-1.484E2,4.907927457104E1));
#745=DIRECTION('',(0.E0,1.E0,0.E0));
#746=DIRECTION('',(7.660444431190E-1,0.E0,-6.427876096865E-1));
#747=AXIS2_PLACEMENT_3D('',#744,#745,#746);
#749=CARTESIAN_POINT('',(2.609727783775E1,-1.484E2,4.907927457104E1));
#750=DIRECTION('',(0.E0,1.E0,0.E0));
#751=DIRECTION('',(-7.660444431190E-1,0.E0,6.427876096865E-1));
#752=AXIS2_PLACEMENT_3D('',#749,#750,#751);
#754=CARTESIAN_POINT('',(2.571619724391E1,-1.484E2,4.875950998530E1));
#755=DIRECTION('',(0.E0,1.E0,0.E0));
#756=DIRECTION('',(5.E-1,0.E0,-8.660254037844E-1));
#757=AXIS2_PLACEMENT_3D('',#754,#755,#756);
#759=CARTESIAN_POINT('',(2.571619724391E1,-1.484E2,4.875950998530E1));
#760=DIRECTION('',(0.E0,1.E0,0.E0));
#761=DIRECTION('',(-5.E-1,0.E0,8.660254037844E-1));
#762=AXIS2_PLACEMENT_3D('',#759,#760,#761);
#764=CARTESIAN_POINT('',(2.524873269251E1,-1.484E2,4.858936680302E1));
#765=DIRECTION('',(0.E0,1.E0,0.E0));
#766=DIRECTION('',(1.736481776669E-1,0.E0,-9.848077530122E-1));
#767=AXIS2_PLACEMENT_3D('',#764,#765,#766);
#769=CARTESIAN_POINT('',(2.524873269251E1,-1.484E2,4.858936680302E1));
#770=DIRECTION('',(0.E0,1.E0,0.E0));
#771=DIRECTION('',(-1.736481776669E-1,0.E0,9.848077530122E-1));
#772=AXIS2_PLACEMENT_3D('',#769,#770,#771);
#774=CARTESIAN_POINT('',(2.475126730749E1,-1.484E2,4.858936680302E1));
#775=DIRECTION('',(0.E0,1.E0,0.E0));
#776=DIRECTION('',(-1.736481776669E-1,0.E0,-9.848077530122E-1));
#777=AXIS2_PLACEMENT_3D('',#774,#775,#776);
#779=CARTESIAN_POINT('',(2.475126730749E1,-1.484E2,4.858936680302E1));
#780=DIRECTION('',(0.E0,1.E0,0.E0));
#781=DIRECTION('',(1.736481776669E-1,0.E0,9.848077530122E-1));
#782=AXIS2_PLACEMENT_3D('',#779,#780,#781);
#784=CARTESIAN_POINT('',(2.428380275609E1,-1.484E2,4.875950998530E1));
#785=DIRECTION('',(0.E0,1.E0,0.E0));
#786=DIRECTION('',(-5.E-1,0.E0,-8.660254037844E-1));
#787=AXIS2_PLACEMENT_3D('',#784,#785,#786);
#789=CARTESIAN_POINT('',(2.428380275609E1,-1.484E2,4.875950998530E1));
#790=DIRECTION('',(0.E0,1.E0,0.E0));
#791=DIRECTION('',(5.E-1,0.E0,8.660254037844E-1));
#792=AXIS2_PLACEMENT_3D('',#789,#790,#791);
#794=CARTESIAN_POINT('',(2.390272216225E1,-1.484E2,4.907927457104E1));
#795=DIRECTION('',(0.E0,1.E0,0.E0));
#796=DIRECTION('',(-7.660444431190E-1,0.E0,-6.427876096865E-1));
#797=AXIS2_PLACEMENT_3D('',#794,#795,#796);
#799=CARTESIAN_POINT('',(2.390272216225E1,-1.484E2,4.907927457104E1));
#800=DIRECTION('',(0.E0,1.E0,0.E0));
#801=DIRECTION('',(7.660444431190E-1,0.E0,6.427876096865E-1));
#802=AXIS2_PLACEMENT_3D('',#799,#800,#801);
#804=CARTESIAN_POINT('',(2.365398946973E1,-1.484E2,4.951009223197E1));
#805=DIRECTION('',(0.E0,1.E0,0.E0));
#806=DIRECTION('',(-9.396926207859E-1,0.E0,-3.420201433257E-1));
#807=AXIS2_PLACEMENT_3D('',#804,#805,#806);
#809=CARTESIAN_POINT('',(2.365398946973E1,-1.484E2,4.951009223197E1));
#810=DIRECTION('',(0.E0,1.E0,0.E0));
#811=DIRECTION('',(9.396926207859E-1,0.E0,3.420201433257E-1));
#812=AXIS2_PLACEMENT_3D('',#809,#810,#811);
#814=CARTESIAN_POINT('',(2.309014068290E1,-1.484E2,5.E1));
#815=DIRECTION('',(0.E0,1.E0,0.E0));
#816=DIRECTION('',(-1.E0,0.E0,0.E0));
#817=AXIS2_PLACEMENT_3D('',#814,#815,#816);
#819=CARTESIAN_POINT('',(2.309014068290E1,-1.484E2,5.E1));
#820=DIRECTION('',(0.E0,1.E0,0.E0));
#821=DIRECTION('',(1.E0,0.E0,0.E0));
#822=AXIS2_PLACEMENT_3D('',#819,#820,#821);
#824=CARTESIAN_POINT('',(2.315521756103E1,-1.484E2,5.049430796473E1));
#825=DIRECTION('',(0.E0,1.E0,0.E0));
#826=DIRECTION('',(-9.659258262891E-1,0.E0,2.588190451025E-1));
#827=AXIS2_PLACEMENT_3D('',#824,#825,#826);
#829=CARTESIAN_POINT('',(2.315521756103E1,-1.484E2,5.049430796473E1));
#830=DIRECTION('',(0.E0,1.E0,0.E0));
#831=DIRECTION('',(9.659258262891E-1,0.E0,-2.588190451025E-1));
#832=AXIS2_PLACEMENT_3D('',#829,#830,#831);
#834=CARTESIAN_POINT('',(2.334601331373E1,-1.484E2,5.095492965855E1));
#835=DIRECTION('',(0.E0,1.E0,0.E0));
#836=DIRECTION('',(-8.660254037844E-1,0.E0,5.E-1));
#837=AXIS2_PLACEMENT_3D('',#834,#835,#836);
#839=CARTESIAN_POINT('',(2.334601331373E1,-1.484E2,5.095492965855E1));
#840=DIRECTION('',(0.E0,1.E0,0.E0));
#841=DIRECTION('',(8.660254037844E-1,0.E0,-5.E-1));
#842=AXIS2_PLACEMENT_3D('',#839,#840,#841);
#844=CARTESIAN_POINT('',(2.364952552576E1,-1.484E2,5.135047447424E1));
#845=DIRECTION('',(0.E0,1.E0,0.E0));
#846=DIRECTION('',(-7.071067811866E-1,0.E0,7.071067811865E-1));
#847=AXIS2_PLACEMENT_3D('',#844,#845,#846);
#849=CARTESIAN_POINT('',(2.364952552576E1,-1.484E2,5.135047447424E1));
#850=DIRECTION('',(0.E0,1.E0,0.E0));
#851=DIRECTION('',(7.071067811866E-1,0.E0,-7.071067811865E-1));
#852=AXIS2_PLACEMENT_3D('',#849,#850,#851);
#854=CARTESIAN_POINT('',(2.404507034145E1,-1.484E2,5.165398668627E1));
#855=DIRECTION('',(0.E0,1.E0,0.E0));
#856=DIRECTION('',(-5.E-1,0.E0,8.660254037844E-1));
#857=AXIS2_PLACEMENT_3D('',#854,#855,#856);
#859=CARTESIAN_POINT('',(2.404507034145E1,-1.484E2,5.165398668627E1));
#860=DIRECTION('',(0.E0,1.E0,0.E0));
#861=DIRECTION('',(5.E-1,0.E0,-8.660254037844E-1));
#862=AXIS2_PLACEMENT_3D('',#859,#860,#861);
#864=CARTESIAN_POINT('',(2.450569203527E1,-1.484E2,5.184478243897E1));
#865=DIRECTION('',(0.E0,1.E0,0.E0));
#866=DIRECTION('',(-2.588190451025E-1,0.E0,9.659258262891E-1));
#867=AXIS2_PLACEMENT_3D('',#864,#865,#866);
#869=CARTESIAN_POINT('',(2.450569203527E1,-1.484E2,5.184478243897E1));
#870=DIRECTION('',(0.E0,1.E0,0.E0));
#871=DIRECTION('',(2.588190451025E-1,0.E0,-9.659258262891E-1));
#872=AXIS2_PLACEMENT_3D('',#869,#870,#871);
#874=CARTESIAN_POINT('',(2.5E1,-1.484E2,5.190985931710E1));
#875=DIRECTION('',(0.E0,1.E0,0.E0));
#876=DIRECTION('',(0.E0,0.E0,1.E0));
#877=AXIS2_PLACEMENT_3D('',#874,#875,#876);
#879=CARTESIAN_POINT('',(2.5E1,-1.484E2,5.190985931710E1));
#880=DIRECTION('',(0.E0,1.E0,0.E0));
#881=DIRECTION('',(0.E0,0.E0,-1.E0));
#882=AXIS2_PLACEMENT_3D('',#879,#880,#881);
#884=CARTESIAN_POINT('',(2.549430796473E1,-1.484E2,5.184478243897E1));
#885=DIRECTION('',(0.E0,1.E0,0.E0));
#886=DIRECTION('',(2.588190451025E-1,0.E0,9.659258262891E-1));
#887=AXIS2_PLACEMENT_3D('',#884,#885,#886);
#889=CARTESIAN_POINT('',(2.549430796473E1,-1.484E2,5.184478243897E1));
#890=DIRECTION('',(0.E0,1.E0,0.E0));
#891=DIRECTION('',(-2.588190451025E-1,0.E0,-9.659258262891E-1));
#892=AXIS2_PLACEMENT_3D('',#889,#890,#891);
#894=CARTESIAN_POINT('',(2.595492965855E1,-1.484E2,5.165398668627E1));
#895=DIRECTION('',(0.E0,1.E0,0.E0));
#896=DIRECTION('',(5.E-1,0.E0,8.660254037844E-1));
#897=AXIS2_PLACEMENT_3D('',#894,#895,#896);
#899=CARTESIAN_POINT('',(2.595492965855E1,-1.484E2,5.165398668627E1));
#900=DIRECTION('',(0.E0,1.E0,0.E0));
#901=DIRECTION('',(-5.E-1,0.E0,-8.660254037844E-1));
#902=AXIS2_PLACEMENT_3D('',#899,#900,#901);
#904=CARTESIAN_POINT('',(2.635047447424E1,-1.484E2,5.135047447424E1));
#905=DIRECTION('',(0.E0,1.E0,0.E0));
#906=DIRECTION('',(7.071067811866E-1,0.E0,7.071067811865E-1));
#907=AXIS2_PLACEMENT_3D('',#904,#905,#906);
#909=CARTESIAN_POINT('',(2.635047447424E1,-1.484E2,5.135047447424E1));
#910=DIRECTION('',(0.E0,1.E0,0.E0));
#911=DIRECTION('',(-7.071067811866E-1,0.E0,-7.071067811865E-1));
#912=AXIS2_PLACEMENT_3D('',#909,#910,#911);
#914=CARTESIAN_POINT('',(2.665398668627E1,-1.484E2,5.095492965855E1));
#915=DIRECTION('',(0.E0,1.E0,0.E0));
#916=DIRECTION('',(8.660254037844E-1,0.E0,5.E-1));
#917=AXIS2_PLACEMENT_3D('',#914,#915,#916);
#919=CARTESIAN_POINT('',(2.665398668627E1,-1.484E2,5.095492965855E1));
#920=DIRECTION('',(0.E0,1.E0,0.E0));
#921=DIRECTION('',(-8.660254037844E-1,0.E0,-5.E-1));
#922=AXIS2_PLACEMENT_3D('',#919,#920,#921);
#924=CARTESIAN_POINT('',(2.684478243897E1,-1.484E2,5.049430796473E1));
#925=DIRECTION('',(0.E0,1.E0,0.E0));
#926=DIRECTION('',(9.659258262891E-1,0.E0,2.588190451025E-1));
#927=AXIS2_PLACEMENT_3D('',#924,#925,#926);
#929=CARTESIAN_POINT('',(2.684478243897E1,-1.484E2,5.049430796473E1));
#930=DIRECTION('',(0.E0,1.E0,0.E0));
#931=DIRECTION('',(-9.659258262891E-1,0.E0,-2.588190451025E-1));
#932=AXIS2_PLACEMENT_3D('',#929,#930,#931);
#934=CARTESIAN_POINT('',(2.690985931710E1,-1.484E2,5.E1));
#935=DIRECTION('',(0.E0,1.E0,0.E0));
#936=DIRECTION('',(1.E0,0.E0,0.E0));
#937=AXIS2_PLACEMENT_3D('',#934,#935,#936);
#939=CARTESIAN_POINT('',(2.690985931710E1,-1.484E2,5.E1));
#940=DIRECTION('',(0.E0,1.E0,0.E0));
#941=DIRECTION('',(-1.E0,0.E0,0.E0));
#942=AXIS2_PLACEMENT_3D('',#939,#940,#941);
#944=CARTESIAN_POINT('',(2.684478243897E1,-1.484E2,4.950569203527E1));
#945=DIRECTION('',(0.E0,1.E0,0.E0));
#946=DIRECTION('',(9.659258262891E-1,0.E0,-2.588190451025E-1));
#947=AXIS2_PLACEMENT_3D('',#944,#945,#946);
#949=CARTESIAN_POINT('',(2.684478243897E1,-1.484E2,4.950569203527E1));
#950=DIRECTION('',(0.E0,1.E0,0.E0));
#951=DIRECTION('',(-9.659258262891E-1,0.E0,2.588190451025E-1));
#952=AXIS2_PLACEMENT_3D('',#949,#950,#951);
#954=CARTESIAN_POINT('',(2.665398668627E1,-1.484E2,4.904507034145E1));
#955=DIRECTION('',(0.E0,1.E0,0.E0));
#956=DIRECTION('',(8.660254037844E-1,0.E0,-5.E-1));
#957=AXIS2_PLACEMENT_3D('',#954,#955,#956);
#959=CARTESIAN_POINT('',(2.665398668627E1,-1.484E2,4.904507034145E1));
#960=DIRECTION('',(0.E0,1.E0,0.E0));
#961=DIRECTION('',(-8.660254037844E-1,0.E0,5.E-1));
#962=AXIS2_PLACEMENT_3D('',#959,#960,#961);
#964=CARTESIAN_POINT('',(2.635047447424E1,-1.484E2,4.864952552576E1));
#965=DIRECTION('',(0.E0,1.E0,0.E0));
#966=DIRECTION('',(7.071067811866E-1,0.E0,-7.071067811865E-1));
#967=AXIS2_PLACEMENT_3D('',#964,#965,#966);
#969=CARTESIAN_POINT('',(2.635047447424E1,-1.484E2,4.864952552576E1));
#970=DIRECTION('',(0.E0,1.E0,0.E0));
#971=DIRECTION('',(-7.071067811866E-1,0.E0,7.071067811865E-1));
#972=AXIS2_PLACEMENT_3D('',#969,#970,#971);
#974=CARTESIAN_POINT('',(2.595492965855E1,-1.484E2,4.834601331373E1));
#975=DIRECTION('',(0.E0,1.E0,0.E0));
#976=DIRECTION('',(5.E-1,0.E0,-8.660254037844E-1));
#977=AXIS2_PLACEMENT_3D('',#974,#975,#976);
#979=CARTESIAN_POINT('',(2.595492965855E1,-1.484E2,4.834601331373E1));
#980=DIRECTION('',(0.E0,1.E0,0.E0));
#981=DIRECTION('',(-5.E-1,0.E0,8.660254037844E-1));
#982=AXIS2_PLACEMENT_3D('',#979,#980,#981);
#984=CARTESIAN_POINT('',(2.549430796473E1,-1.484E2,4.815521756103E1));
#985=DIRECTION('',(0.E0,1.E0,0.E0));
#986=DIRECTION('',(2.588190451025E-1,0.E0,-9.659258262891E-1));
#987=AXIS2_PLACEMENT_3D('',#984,#985,#986);
#989=CARTESIAN_POINT('',(2.549430796473E1,-1.484E2,4.815521756103E1));
#990=DIRECTION('',(0.E0,1.E0,0.E0));
#991=DIRECTION('',(-2.588190451025E-1,0.E0,9.659258262891E-1));
#992=AXIS2_PLACEMENT_3D('',#989,#990,#991);
#994=CARTESIAN_POINT('',(2.5E1,-1.484E2,4.809014068290E1));
#995=DIRECTION('',(0.E0,1.E0,0.E0));
#996=DIRECTION('',(0.E0,0.E0,-1.E0));
#997=AXIS2_PLACEMENT_3D('',#994,#995,#996);
#999=CARTESIAN_POINT('',(2.5E1,-1.484E2,4.809014068290E1));
#1000=DIRECTION('',(0.E0,1.E0,0.E0));
#1001=DIRECTION('',(0.E0,0.E0,1.E0));
#1002=AXIS2_PLACEMENT_3D('',#999,#1000,#1001);
#1004=CARTESIAN_POINT('',(2.450569203527E1,-1.484E2,4.815521756103E1));
#1005=DIRECTION('',(0.E0,1.E0,0.E0));
#1006=DIRECTION('',(-2.588190451025E-1,0.E0,-9.659258262891E-1));
#1007=AXIS2_PLACEMENT_3D('',#1004,#1005,#1006);
#1009=CARTESIAN_POINT('',(2.450569203527E1,-1.484E2,4.815521756103E1));
#1010=DIRECTION('',(0.E0,1.E0,0.E0));
#1011=DIRECTION('',(2.588190451025E-1,0.E0,9.659258262891E-1));
#1012=AXIS2_PLACEMENT_3D('',#1009,#1010,#1011);
#1014=CARTESIAN_POINT('',(2.404507034145E1,-1.484E2,4.834601331373E1));
#1015=DIRECTION('',(0.E0,1.E0,0.E0));
#1016=DIRECTION('',(-5.E-1,0.E0,-8.660254037844E-1));
#1017=AXIS2_PLACEMENT_3D('',#1014,#1015,#1016);
#1019=CARTESIAN_POINT('',(2.404507034145E1,-1.484E2,4.834601331373E1));
#1020=DIRECTION('',(0.E0,1.E0,0.E0));
#1021=DIRECTION('',(5.E-1,0.E0,8.660254037844E-1));
#1022=AXIS2_PLACEMENT_3D('',#1019,#1020,#1021);
#1024=CARTESIAN_POINT('',(2.364952552576E1,-1.484E2,4.864952552576E1));
#1025=DIRECTION('',(0.E0,1.E0,0.E0));
#1026=DIRECTION('',(-7.071067811866E-1,0.E0,-7.071067811865E-1));
#1027=AXIS2_PLACEMENT_3D('',#1024,#1025,#1026);
#1029=CARTESIAN_POINT('',(2.364952552576E1,-1.484E2,4.864952552576E1));
#1030=DIRECTION('',(0.E0,1.E0,0.E0));
#1031=DIRECTION('',(7.071067811866E-1,0.E0,7.071067811865E-1));
#1032=AXIS2_PLACEMENT_3D('',#1029,#1030,#1031);
#1034=CARTESIAN_POINT('',(2.334601331373E1,-1.484E2,4.904507034145E1));
#1035=DIRECTION('',(0.E0,1.E0,0.E0));
#1036=DIRECTION('',(-8.660254037844E-1,0.E0,-5.E-1));
#1037=AXIS2_PLACEMENT_3D('',#1034,#1035,#1036);
#1039=CARTESIAN_POINT('',(2.334601331373E1,-1.484E2,4.904507034145E1));
#1040=DIRECTION('',(0.E0,1.E0,0.E0));
#1041=DIRECTION('',(8.660254037844E-1,0.E0,5.E-1));
#1042=AXIS2_PLACEMENT_3D('',#1039,#1040,#1041);
#1044=CARTESIAN_POINT('',(2.315521756103E1,-1.484E2,4.950569203527E1));
#1045=DIRECTION('',(0.E0,1.E0,0.E0));
#1046=DIRECTION('',(-9.659258262891E-1,0.E0,-2.588190451025E-1));
#1047=AXIS2_PLACEMENT_3D('',#1044,#1045,#1046);
#1049=CARTESIAN_POINT('',(2.315521756103E1,-1.484E2,4.950569203527E1));
#1050=DIRECTION('',(0.E0,1.E0,0.E0));
#1051=DIRECTION('',(9.659258262891E-1,0.E0,2.588190451025E-1));
#1052=AXIS2_PLACEMENT_3D('',#1049,#1050,#1051);
#1054=CARTESIAN_POINT('',(2.261267585362E1,-1.484E2,5.E1));
#1055=DIRECTION('',(0.E0,1.E0,0.E0));
#1056=DIRECTION('',(-1.E0,0.E0,0.E0));
#1057=AXIS2_PLACEMENT_3D('',#1054,#1055,#1056);
#1059=CARTESIAN_POINT('',(2.261267585362E1,-1.484E2,5.E1));
#1060=DIRECTION('',(0.E0,1.E0,0.E0));
#1061=DIRECTION('',(1.E0,0.E0,0.E0));
#1062=AXIS2_PLACEMENT_3D('',#1059,#1060,#1061);
#1064=CARTESIAN_POINT('',(2.266484461405E1,-1.484E2,5.049635259980E1));
#1065=DIRECTION('',(0.E0,1.E0,0.E0));
#1066=DIRECTION('',(-9.781476007338E-1,0.E0,2.079116908178E-1));
#1067=AXIS2_PLACEMENT_3D('',#1064,#1065,#1066);
#1069=CARTESIAN_POINT('',(2.266484461405E1,-1.484E2,5.049635259980E1));
#1070=DIRECTION('',(0.E0,1.E0,0.E0));
#1071=DIRECTION('',(9.781476007338E-1,0.E0,-2.079116908178E-1));
#1072=AXIS2_PLACEMENT_3D('',#1069,#1070,#1071);
#1074=CARTESIAN_POINT('',(2.281907087016E1,-1.484E2,5.097101220923E1));
#1075=DIRECTION('',(0.E0,1.E0,0.E0));
#1076=DIRECTION('',(-9.135454576426E-1,0.E0,4.067366430758E-1));
#1077=AXIS2_PLACEMENT_3D('',#1074,#1075,#1076);
#1079=CARTESIAN_POINT('',(2.281907087016E1,-1.484E2,5.097101220923E1));
#1080=DIRECTION('',(0.E0,1.E0,0.E0));
#1081=DIRECTION('',(9.135454576426E-1,0.E0,-4.067366430758E-1));
#1082=AXIS2_PLACEMENT_3D('',#1079,#1080,#1081);
#1084=CARTESIAN_POINT('',(2.306861419450E1,-1.484E2,5.140323392568E1));
#1085=DIRECTION('',(0.E0,1.E0,0.E0));
#1086=DIRECTION('',(-8.090169943749E-1,0.E0,5.877852522925E-1));
#1087=AXIS2_PLACEMENT_3D('',#1084,#1085,#1086);
#1089=CARTESIAN_POINT('',(2.306861419450E1,-1.484E2,5.140323392568E1));
#1090=DIRECTION('',(0.E0,1.E0,0.E0));
#1091=DIRECTION('',(8.090169943749E-1,0.E0,-5.877852522925E-1));
#1092=AXIS2_PLACEMENT_3D('',#1089,#1090,#1091);
#1094=CARTESIAN_POINT('',(2.340256834636E1,-1.484E2,5.177412758612E1));
#1095=DIRECTION('',(0.E0,1.E0,0.E0));
#1096=DIRECTION('',(-6.691306063589E-1,0.E0,7.431448254774E-1));
#1097=AXIS2_PLACEMENT_3D('',#1094,#1095,#1096);
#1099=CARTESIAN_POINT('',(2.340256834636E1,-1.484E2,5.177412758612E1));
#1100=DIRECTION('',(0.E0,1.E0,0.E0));
#1101=DIRECTION('',(6.691306063589E-1,0.E0,-7.431448254774E-1));
#1102=AXIS2_PLACEMENT_3D('',#1099,#1100,#1101);
#1104=CARTESIAN_POINT('',(2.380633792681E1,-1.484E2,5.206748335783E1));
#1105=DIRECTION('',(0.E0,1.E0,0.E0));
#1106=DIRECTION('',(-5.E-1,0.E0,8.660254037844E-1));
#1107=AXIS2_PLACEMENT_3D('',#1104,#1105,#1106);
#1109=CARTESIAN_POINT('',(2.380633792681E1,-1.484E2,5.206748335783E1));
#1110=DIRECTION('',(0.E0,1.E0,0.E0));
#1111=DIRECTION('',(5.E-1,0.E0,-8.660254037844E-1));
#1112=AXIS2_PLACEMENT_3D('',#1109,#1110,#1111);
#1114=CARTESIAN_POINT('',(2.426227626769E1,-1.484E2,5.227048018592E1));
#1115=DIRECTION('',(0.E0,1.E0,0.E0));
#1116=DIRECTION('',(-3.090169943750E-1,0.E0,9.510565162952E-1));
#1117=AXIS2_PLACEMENT_3D('',#1114,#1115,#1116);
#1119=CARTESIAN_POINT('',(2.426227626769E1,-1.484E2,5.227048018592E1));
#1120=DIRECTION('',(0.E0,1.E0,0.E0));
#1121=DIRECTION('',(3.090169943750E-1,0.E0,-9.510565162952E-1));
#1122=AXIS2_PLACEMENT_3D('',#1119,#1120,#1121);
#1124=CARTESIAN_POINT('',(2.475045667566E1,-1.484E2,5.237424613491E1));
#1125=DIRECTION('',(0.E0,1.E0,0.E0));
#1126=DIRECTION('',(-1.045284632677E-1,0.E0,9.945218953683E-1));
#1127=AXIS2_PLACEMENT_3D('',#1124,#1125,#1126);
#1129=CARTESIAN_POINT('',(2.475045667566E1,-1.484E2,5.237424613491E1));
#1130=DIRECTION('',(0.E0,1.E0,0.E0));
#1131=DIRECTION('',(1.045284632677E-1,0.E0,-9.945218953683E-1));
#1132=AXIS2_PLACEMENT_3D('',#1129,#1130,#1131);
#1134=CARTESIAN_POINT('',(2.524954332434E1,-1.484E2,5.237424613491E1));
#1135=DIRECTION('',(0.E0,1.E0,0.E0));
#1136=DIRECTION('',(1.045284632677E-1,0.E0,9.945218953683E-1));
#1137=AXIS2_PLACEMENT_3D('',#1134,#1135,#1136);
#1139=CARTESIAN_POINT('',(2.524954332434E1,-1.484E2,5.237424613491E1));
#1140=DIRECTION('',(0.E0,1.E0,0.E0));
#1141=DIRECTION('',(-1.045284632677E-1,0.E0,-9.945218953683E-1));
#1142=AXIS2_PLACEMENT_3D('',#1139,#1140,#1141);
#1144=CARTESIAN_POINT('',(2.573772373231E1,-1.484E2,5.227048018592E1));
#1145=DIRECTION('',(0.E0,1.E0,0.E0));
#1146=DIRECTION('',(3.090169943750E-1,0.E0,9.510565162952E-1));
#1147=AXIS2_PLACEMENT_3D('',#1144,#1145,#1146);
#1149=CARTESIAN_POINT('',(2.573772373231E1,-1.484E2,5.227048018592E1));
#1150=DIRECTION('',(0.E0,1.E0,0.E0));
#1151=DIRECTION('',(-3.090169943750E-1,0.E0,-9.510565162952E-1));
#1152=AXIS2_PLACEMENT_3D('',#1149,#1150,#1151);
#1154=CARTESIAN_POINT('',(2.619366207319E1,-1.484E2,5.206748335783E1));
#1155=DIRECTION('',(0.E0,1.E0,0.E0));
#1156=DIRECTION('',(5.E-1,0.E0,8.660254037844E-1));
#1157=AXIS2_PLACEMENT_3D('',#1154,#1155,#1156);
#1159=CARTESIAN_POINT('',(2.619366207319E1,-1.484E2,5.206748335783E1));
#1160=DIRECTION('',(0.E0,1.E0,0.E0));
#1161=DIRECTION('',(-5.E-1,0.E0,-8.660254037844E-1));
#1162=AXIS2_PLACEMENT_3D('',#1159,#1160,#1161);
#1164=CARTESIAN_POINT('',(2.659743165364E1,-1.484E2,5.177412758612E1));
#1165=DIRECTION('',(0.E0,1.E0,0.E0));
#1166=DIRECTION('',(6.691306063589E-1,0.E0,7.431448254774E-1));
#1167=AXIS2_PLACEMENT_3D('',#1164,#1165,#1166);
#1169=CARTESIAN_POINT('',(2.659743165364E1,-1.484E2,5.177412758612E1));
#1170=DIRECTION('',(0.E0,1.E0,0.E0));
#1171=DIRECTION('',(-6.691306063589E-1,0.E0,-7.431448254774E-1));
#1172=AXIS2_PLACEMENT_3D('',#1169,#1170,#1171);
#1174=CARTESIAN_POINT('',(2.693138580550E1,-1.484E2,5.140323392568E1));
#1175=DIRECTION('',(0.E0,1.E0,0.E0));
#1176=DIRECTION('',(8.090169943749E-1,0.E0,5.877852522925E-1));
#1177=AXIS2_PLACEMENT_3D('',#1174,#1175,#1176);
#1179=CARTESIAN_POINT('',(2.693138580550E1,-1.484E2,5.140323392568E1));
#1180=DIRECTION('',(0.E0,1.E0,0.E0));
#1181=DIRECTION('',(-8.090169943749E-1,0.E0,-5.877852522925E-1));
#1182=AXIS2_PLACEMENT_3D('',#1179,#1180,#1181);
#1184=CARTESIAN_POINT('',(2.718092912984E1,-1.484E2,5.097101220923E1));
#1185=DIRECTION('',(0.E0,1.E0,0.E0));
#1186=DIRECTION('',(9.135454576426E-1,0.E0,4.067366430758E-1));
#1187=AXIS2_PLACEMENT_3D('',#1184,#1185,#1186);
#1189=CARTESIAN_POINT('',(2.718092912984E1,-1.484E2,5.097101220923E1));
#1190=DIRECTION('',(0.E0,1.E0,0.E0));
#1191=DIRECTION('',(-9.135454576426E-1,0.E0,-4.067366430758E-1));
#1192=AXIS2_PLACEMENT_3D('',#1189,#1190,#1191);
#1194=CARTESIAN_POINT('',(2.733515538595E1,-1.484E2,5.049635259980E1));
#1195=DIRECTION('',(0.E0,1.E0,0.E0));
#1196=DIRECTION('',(9.781476007338E-1,0.E0,2.079116908178E-1));
#1197=AXIS2_PLACEMENT_3D('',#1194,#1195,#1196);
#1199=CARTESIAN_POINT('',(2.733515538595E1,-1.484E2,5.049635259980E1));
#1200=DIRECTION('',(0.E0,1.E0,0.E0));
#1201=DIRECTION('',(-9.781476007338E-1,0.E0,-2.079116908178E-1));
#1202=AXIS2_PLACEMENT_3D('',#1199,#1200,#1201);
#1204=CARTESIAN_POINT('',(2.738732414638E1,-1.484E2,5.E1));
#1205=DIRECTION('',(0.E0,1.E0,0.E0));
#1206=DIRECTION('',(1.E0,0.E0,0.E0));
#1207=AXIS2_PLACEMENT_3D('',#1204,#1205,#1206);
#1209=CARTESIAN_POINT('',(2.738732414638E1,-1.484E2,5.E1));
#1210=DIRECTION('',(0.E0,1.E0,0.E0));
#1211=DIRECTION('',(-1.E0,0.E0,0.E0));
#1212=AXIS2_PLACEMENT_3D('',#1209,#1210,#1211);
#1214=CARTESIAN_POINT('',(2.733515538595E1,-1.484E2,4.950364740020E1));
#1215=DIRECTION('',(0.E0,1.E0,0.E0));
#1216=DIRECTION('',(9.781476007338E-1,0.E0,-2.079116908178E-1));
#1217=AXIS2_PLACEMENT_3D('',#1214,#1215,#1216);
#1219=CARTESIAN_POINT('',(2.733515538595E1,-1.484E2,4.950364740020E1));
#1220=DIRECTION('',(0.E0,1.E0,0.E0));
#1221=DIRECTION('',(-9.781476007338E-1,0.E0,2.079116908178E-1));
#1222=AXIS2_PLACEMENT_3D('',#1219,#1220,#1221);
#1224=CARTESIAN_POINT('',(2.718092912984E1,-1.484E2,4.902898779077E1));
#1225=DIRECTION('',(0.E0,1.E0,0.E0));
#1226=DIRECTION('',(9.135454576426E-1,0.E0,-4.067366430758E-1));
#1227=AXIS2_PLACEMENT_3D('',#1224,#1225,#1226);
#1229=CARTESIAN_POINT('',(2.718092912984E1,-1.484E2,4.902898779077E1));
#1230=DIRECTION('',(0.E0,1.E0,0.E0));
#1231=DIRECTION('',(-9.135454576426E-1,0.E0,4.067366430758E-1));
#1232=AXIS2_PLACEMENT_3D('',#1229,#1230,#1231);
#1234=CARTESIAN_POINT('',(2.693138580550E1,-1.484E2,4.859676607432E1));
#1235=DIRECTION('',(0.E0,1.E0,0.E0));
#1236=DIRECTION('',(8.090169943749E-1,0.E0,-5.877852522925E-1));
#1237=AXIS2_PLACEMENT_3D('',#1234,#1235,#1236);
#1239=CARTESIAN_POINT('',(2.693138580550E1,-1.484E2,4.859676607432E1));
#1240=DIRECTION('',(0.E0,1.E0,0.E0));
#1241=DIRECTION('',(-8.090169943749E-1,0.E0,5.877852522925E-1));
#1242=AXIS2_PLACEMENT_3D('',#1239,#1240,#1241);
#1244=CARTESIAN_POINT('',(2.659743165364E1,-1.484E2,4.822587241388E1));
#1245=DIRECTION('',(0.E0,1.E0,0.E0));
#1246=DIRECTION('',(6.691306063589E-1,0.E0,-7.431448254774E-1));
#1247=AXIS2_PLACEMENT_3D('',#1244,#1245,#1246);
#1249=CARTESIAN_POINT('',(2.659743165364E1,-1.484E2,4.822587241388E1));
#1250=DIRECTION('',(0.E0,1.E0,0.E0));
#1251=DIRECTION('',(-6.691306063589E-1,0.E0,7.431448254774E-1));
#1252=AXIS2_PLACEMENT_3D('',#1249,#1250,#1251);
#1254=CARTESIAN_POINT('',(2.619366207319E1,-1.484E2,4.793251664217E1));
#1255=DIRECTION('',(0.E0,1.E0,0.E0));
#1256=DIRECTION('',(5.E-1,0.E0,-8.660254037844E-1));
#1257=AXIS2_PLACEMENT_3D('',#1254,#1255,#1256);
#1259=CARTESIAN_POINT('',(2.619366207319E1,-1.484E2,4.793251664217E1));
#1260=DIRECTION('',(0.E0,1.E0,0.E0));
#1261=DIRECTION('',(-5.E-1,0.E0,8.660254037844E-1));
#1262=AXIS2_PLACEMENT_3D('',#1259,#1260,#1261);
#1264=CARTESIAN_POINT('',(2.573772373231E1,-1.484E2,4.772951981408E1));
#1265=DIRECTION('',(0.E0,1.E0,0.E0));
#1266=DIRECTION('',(3.090169943750E-1,0.E0,-9.510565162952E-1));
#1267=AXIS2_PLACEMENT_3D('',#1264,#1265,#1266);
#1269=CARTESIAN_POINT('',(2.573772373231E1,-1.484E2,4.772951981408E1));
#1270=DIRECTION('',(0.E0,1.E0,0.E0));
#1271=DIRECTION('',(-3.090169943750E-1,0.E0,9.510565162952E-1));
#1272=AXIS2_PLACEMENT_3D('',#1269,#1270,#1271);
#1274=CARTESIAN_POINT('',(2.524954332434E1,-1.484E2,4.762575386509E1));
#1275=DIRECTION('',(0.E0,1.E0,0.E0));
#1276=DIRECTION('',(1.045284632677E-1,0.E0,-9.945218953683E-1));
#1277=AXIS2_PLACEMENT_3D('',#1274,#1275,#1276);
#1279=CARTESIAN_POINT('',(2.524954332434E1,-1.484E2,4.762575386509E1));
#1280=DIRECTION('',(0.E0,1.E0,0.E0));
#1281=DIRECTION('',(-1.045284632677E-1,0.E0,9.945218953683E-1));
#1282=AXIS2_PLACEMENT_3D('',#1279,#1280,#1281);
#1284=CARTESIAN_POINT('',(2.475045667566E1,-1.484E2,4.762575386509E1));
#1285=DIRECTION('',(0.E0,1.E0,0.E0));
#1286=DIRECTION('',(-1.045284632676E-1,0.E0,-9.945218953683E-1));
#1287=AXIS2_PLACEMENT_3D('',#1284,#1285,#1286);
#1289=CARTESIAN_POINT('',(2.475045667566E1,-1.484E2,4.762575386509E1));
#1290=DIRECTION('',(0.E0,1.E0,0.E0));
#1291=DIRECTION('',(1.045284632676E-1,0.E0,9.945218953683E-1));
#1292=AXIS2_PLACEMENT_3D('',#1289,#1290,#1291);
#1294=CARTESIAN_POINT('',(2.426227626769E1,-1.484E2,4.772951981408E1));
#1295=DIRECTION('',(0.E0,1.E0,0.E0));
#1296=DIRECTION('',(-3.090169943750E-1,0.E0,-9.510565162952E-1));
#1297=AXIS2_PLACEMENT_3D('',#1294,#1295,#1296);
#1299=CARTESIAN_POINT('',(2.426227626769E1,-1.484E2,4.772951981408E1));
#1300=DIRECTION('',(0.E0,1.E0,0.E0));
#1301=DIRECTION('',(3.090169943750E-1,0.E0,9.510565162952E-1));
#1302=AXIS2_PLACEMENT_3D('',#1299,#1300,#1301);
#1304=CARTESIAN_POINT('',(2.380633792681E1,-1.484E2,4.793251664217E1));
#1305=DIRECTION('',(0.E0,1.E0,0.E0));
#1306=DIRECTION('',(-5.E-1,0.E0,-8.660254037844E-1));
#1307=AXIS2_PLACEMENT_3D('',#1304,#1305,#1306);
#1309=CARTESIAN_POINT('',(2.380633792681E1,-1.484E2,4.793251664217E1));
#1310=DIRECTION('',(0.E0,1.E0,0.E0));
#1311=DIRECTION('',(5.E-1,0.E0,8.660254037844E-1));
#1312=AXIS2_PLACEMENT_3D('',#1309,#1310,#1311);
#1314=CARTESIAN_POINT('',(2.340256834636E1,-1.484E2,4.822587241388E1));
#1315=DIRECTION('',(0.E0,1.E0,0.E0));
#1316=DIRECTION('',(-6.691306063589E-1,0.E0,-7.431448254774E-1));
#1317=AXIS2_PLACEMENT_3D('',#1314,#1315,#1316);
#1319=CARTESIAN_POINT('',(2.340256834636E1,-1.484E2,4.822587241388E1));
#1320=DIRECTION('',(0.E0,1.E0,0.E0));
#1321=DIRECTION('',(6.691306063589E-1,0.E0,7.431448254774E-1));
#1322=AXIS2_PLACEMENT_3D('',#1319,#1320,#1321);
#1324=CARTESIAN_POINT('',(2.306861419450E1,-1.484E2,4.859676607432E1));
#1325=DIRECTION('',(0.E0,1.E0,0.E0));
#1326=DIRECTION('',(-8.090169943749E-1,0.E0,-5.877852522925E-1));
#1327=AXIS2_PLACEMENT_3D('',#1324,#1325,#1326);
#1329=CARTESIAN_POINT('',(2.306861419450E1,-1.484E2,4.859676607432E1));
#1330=DIRECTION('',(0.E0,1.E0,0.E0));
#1331=DIRECTION('',(8.090169943749E-1,0.E0,5.877852522925E-1));
#1332=AXIS2_PLACEMENT_3D('',#1329,#1330,#1331);
#1334=CARTESIAN_POINT('',(2.281907087016E1,-1.484E2,4.902898779077E1));
#1335=DIRECTION('',(0.E0,1.E0,0.E0));
#1336=DIRECTION('',(-9.135454576426E-1,0.E0,-4.067366430758E-1));
#1337=AXIS2_PLACEMENT_3D('',#1334,#1335,#1336);
#1339=CARTESIAN_POINT('',(2.281907087016E1,-1.484E2,4.902898779077E1));
#1340=DIRECTION('',(0.E0,1.E0,0.E0));
#1341=DIRECTION('',(9.135454576426E-1,0.E0,4.067366430758E-1));
#1342=AXIS2_PLACEMENT_3D('',#1339,#1340,#1341);
#1344=CARTESIAN_POINT('',(2.266484461405E1,-1.484E2,4.950364740020E1));
#1345=DIRECTION('',(0.E0,1.E0,0.E0));
#1346=DIRECTION('',(-9.781476007338E-1,0.E0,-2.079116908178E-1));
#1347=AXIS2_PLACEMENT_3D('',#1344,#1345,#1346);
#1349=CARTESIAN_POINT('',(2.266484461405E1,-1.484E2,4.950364740020E1));
#1350=DIRECTION('',(0.E0,1.E0,0.E0));
#1351=DIRECTION('',(9.781476007338E-1,0.E0,2.079116908178E-1));
#1352=AXIS2_PLACEMENT_3D('',#1349,#1350,#1351);
#1354=CARTESIAN_POINT('',(2.213521102435E1,-1.484E2,5.E1));
#1355=DIRECTION('',(0.E0,1.E0,0.E0));
#1356=DIRECTION('',(-1.E0,0.E0,0.E0));
#1357=AXIS2_PLACEMENT_3D('',#1354,#1355,#1356);
#1359=CARTESIAN_POINT('',(2.213521102435E1,-1.484E2,5.E1));
#1360=DIRECTION('',(0.E0,1.E0,0.E0));
#1361=DIRECTION('',(1.E0,0.E0,0.E0));
#1362=AXIS2_PLACEMENT_3D('',#1359,#1360,#1361);
#1364=CARTESIAN_POINT('',(2.217873360603E1,-1.484E2,5.049746538502E1));
#1365=DIRECTION('',(0.E0,1.E0,0.E0));
#1366=DIRECTION('',(-9.848077530122E-1,0.E0,1.736481776670E-1));
#1367=AXIS2_PLACEMENT_3D('',#1364,#1365,#1366);
#1369=CARTESIAN_POINT('',(2.217873360603E1,-1.484E2,5.049746538502E1));
#1370=DIRECTION('',(0.E0,1.E0,0.E0));
#1371=DIRECTION('',(9.848077530122E-1,0.E0,-1.736481776670E-1));
#1372=AXIS2_PLACEMENT_3D('',#1369,#1370,#1371);
#1374=CARTESIAN_POINT('',(2.230797893947E1,-1.484E2,5.097981553605E1));
#1375=DIRECTION('',(0.E0,1.E0,0.E0));
#1376=DIRECTION('',(-9.396926207859E-1,0.E0,3.420201433257E-1));
#1377=AXIS2_PLACEMENT_3D('',#1374,#1375,#1376);
#1379=CARTESIAN_POINT('',(2.230797893947E1,-1.484E2,5.097981553605E1));
#1380=DIRECTION('',(0.E0,1.E0,0.E0));
#1381=DIRECTION('',(9.396926207859E-1,0.E0,-3.420201433257E-1));
#1382=AXIS2_PLACEMENT_3D('',#1379,#1380,#1381);
#1384=CARTESIAN_POINT('',(2.251901997060E1,-1.484E2,5.143239448783E1));
#1385=DIRECTION('',(0.E0,1.E0,0.E0));
#1386=DIRECTION('',(-8.660254037844E-1,0.E0,5.E-1));
#1387=AXIS2_PLACEMENT_3D('',#1384,#1385,#1386);
#1389=CARTESIAN_POINT('',(2.251901997060E1,-1.484E2,5.143239448783E1));
#1390=DIRECTION('',(0.E0,1.E0,0.E0));
#1391=DIRECTION('',(8.660254037844E-1,0.E0,-5.E-1));
#1392=AXIS2_PLACEMENT_3D('',#1389,#1390,#1391);
#1394=CARTESIAN_POINT('',(2.280544432449E1,-1.484E2,5.184145085792E1));
#1395=DIRECTION('',(0.E0,1.E0,0.E0));
#1396=DIRECTION('',(-7.660444431190E-1,0.E0,6.427876096865E-1));
#1397=AXIS2_PLACEMENT_3D('',#1394,#1395,#1396);
#1399=CARTESIAN_POINT('',(2.280544432449E1,-1.484E2,5.184145085792E1));
#1400=DIRECTION('',(0.E0,1.E0,0.E0));
#1401=DIRECTION('',(7.660444431190E-1,0.E0,-6.427876096865E-1));
#1402=AXIS2_PLACEMENT_3D('',#1399,#1400,#1401);
#1404=CARTESIAN_POINT('',(2.315854914208E1,-1.484E2,5.219455567551E1));
#1405=DIRECTION('',(0.E0,1.E0,0.E0));
#1406=DIRECTION('',(-6.427876096865E-1,0.E0,7.660444431190E-1));
#1407=AXIS2_PLACEMENT_3D('',#1404,#1405,#1406);
#1409=CARTESIAN_POINT('',(2.315854914208E1,-1.484E2,5.219455567551E1));
#1410=DIRECTION('',(0.E0,1.E0,0.E0));
#1411=DIRECTION('',(6.427876096865E-1,0.E0,-7.660444431190E-1));
#1412=AXIS2_PLACEMENT_3D('',#1409,#1410,#1411);
#1414=CARTESIAN_POINT('',(2.356760551217E1,-1.484E2,5.248098002940E1));
#1415=DIRECTION('',(0.E0,1.E0,0.E0));
#1416=DIRECTION('',(-5.E-1,0.E0,8.660254037844E-1));
#1417=AXIS2_PLACEMENT_3D('',#1414,#1415,#1416);
#1419=CARTESIAN_POINT('',(2.356760551217E1,-1.484E2,5.248098002940E1));
#1420=DIRECTION('',(0.E0,1.E0,0.E0));
#1421=DIRECTION('',(5.E-1,0.E0,-8.660254037844E-1));
#1422=AXIS2_PLACEMENT_3D('',#1419,#1420,#1421);
#1424=CARTESIAN_POINT('',(2.402018446395E1,-1.484E2,5.269202106053E1));
#1425=DIRECTION('',(0.E0,1.E0,0.E0));
#1426=DIRECTION('',(-3.420201433257E-1,0.E0,9.396926207859E-1));
#1427=AXIS2_PLACEMENT_3D('',#1424,#1425,#1426);
#1429=CARTESIAN_POINT('',(2.402018446395E1,-1.484E2,5.269202106053E1));
#1430=DIRECTION('',(0.E0,1.E0,0.E0));
#1431=DIRECTION('',(3.420201433257E-1,0.E0,-9.396926207859E-1));
#1432=AXIS2_PLACEMENT_3D('',#1429,#1430,#1431);
#1434=CARTESIAN_POINT('',(2.450253461498E1,-1.484E2,5.282126639397E1));
#1435=DIRECTION('',(0.E0,1.E0,0.E0));
#1436=DIRECTION('',(-1.736481776669E-1,0.E0,9.848077530122E-1));
#1437=AXIS2_PLACEMENT_3D('',#1434,#1435,#1436);
#1439=CARTESIAN_POINT('',(2.450253461498E1,-1.484E2,5.282126639397E1));
#1440=DIRECTION('',(0.E0,1.E0,0.E0));
#1441=DIRECTION('',(1.736481776669E-1,0.E0,-9.848077530122E-1));
#1442=AXIS2_PLACEMENT_3D('',#1439,#1440,#1441);
#1444=CARTESIAN_POINT('',(2.5E1,-1.484E2,5.286478897565E1));
#1445=DIRECTION('',(0.E0,1.E0,0.E0));
#1446=DIRECTION('',(0.E0,0.E0,1.E0));
#1447=AXIS2_PLACEMENT_3D('',#1444,#1445,#1446);
#1449=CARTESIAN_POINT('',(2.5E1,-1.484E2,5.286478897565E1));
#1450=DIRECTION('',(0.E0,1.E0,0.E0));
#1451=DIRECTION('',(0.E0,0.E0,-1.E0));
#1452=AXIS2_PLACEMENT_3D('',#1449,#1450,#1451);
#1454=CARTESIAN_POINT('',(2.549746538502E1,-1.484E2,5.282126639397E1));
#1455=DIRECTION('',(0.E0,1.E0,0.E0));
#1456=DIRECTION('',(1.736481776669E-1,0.E0,9.848077530122E-1));
#1457=AXIS2_PLACEMENT_3D('',#1454,#1455,#1456);
#1459=CARTESIAN_POINT('',(2.549746538502E1,-1.484E2,5.282126639397E1));
#1460=DIRECTION('',(0.E0,1.E0,0.E0));
#1461=DIRECTION('',(-1.736481776669E-1,0.E0,-9.848077530122E-1));
#1462=AXIS2_PLACEMENT_3D('',#1459,#1460,#1461);
#1464=CARTESIAN_POINT('',(2.597981553605E1,-1.484E2,5.269202106053E1));
#1465=DIRECTION('',(0.E0,1.E0,0.E0));
#1466=DIRECTION('',(3.420201433257E-1,0.E0,9.396926207859E-1));
#1467=AXIS2_PLACEMENT_3D('',#1464,#1465,#1466);
#1469=CARTESIAN_POINT('',(2.597981553605E1,-1.484E2,5.269202106053E1));
#1470=DIRECTION('',(0.E0,1.E0,0.E0));
#1471=DIRECTION('',(-3.420201433257E-1,0.E0,-9.396926207859E-1));
#1472=AXIS2_PLACEMENT_3D('',#1469,#1470,#1471);
#1474=CARTESIAN_POINT('',(2.643239448783E1,-1.484E2,5.248098002940E1));
#1475=DIRECTION('',(0.E0,1.E0,0.E0));
#1476=DIRECTION('',(5.E-1,0.E0,8.660254037844E-1));
#1477=AXIS2_PLACEMENT_3D('',#1474,#1475,#1476);
#1479=CARTESIAN_POINT('',(2.643239448783E1,-1.484E2,5.248098002940E1));
#1480=DIRECTION('',(0.E0,1.E0,0.E0));
#1481=DIRECTION('',(-5.E-1,0.E0,-8.660254037844E-1));
#1482=AXIS2_PLACEMENT_3D('',#1479,#1480,#1481);
#1484=CARTESIAN_POINT('',(2.684145085792E1,-1.484E2,5.219455567551E1));
#1485=DIRECTION('',(0.E0,1.E0,0.E0));
#1486=DIRECTION('',(6.427876096865E-1,0.E0,7.660444431190E-1));
#1487=AXIS2_PLACEMENT_3D('',#1484,#1485,#1486);
#1489=CARTESIAN_POINT('',(2.684145085792E1,-1.484E2,5.219455567551E1));
#1490=DIRECTION('',(0.E0,1.E0,0.E0));
#1491=DIRECTION('',(-6.427876096865E-1,0.E0,-7.660444431190E-1));
#1492=AXIS2_PLACEMENT_3D('',#1489,#1490,#1491);
#1494=CARTESIAN_POINT('',(2.719455567551E1,-1.484E2,5.184145085792E1));
#1495=DIRECTION('',(0.E0,1.E0,0.E0));
#1496=DIRECTION('',(7.660444431190E-1,0.E0,6.427876096865E-1));
#1497=AXIS2_PLACEMENT_3D('',#1494,#1495,#1496);
#1499=CARTESIAN_POINT('',(2.719455567551E1,-1.484E2,5.184145085792E1));
#1500=DIRECTION('',(0.E0,1.E0,0.E0));
#1501=DIRECTION('',(-7.660444431190E-1,0.E0,-6.427876096865E-1));
#1502=AXIS2_PLACEMENT_3D('',#1499,#1500,#1501);
#1504=CARTESIAN_POINT('',(2.748098002940E1,-1.484E2,5.143239448783E1));
#1505=DIRECTION('',(0.E0,1.E0,0.E0));
#1506=DIRECTION('',(8.660254037844E-1,0.E0,5.E-1));
#1507=AXIS2_PLACEMENT_3D('',#1504,#1505,#1506);
#1509=CARTESIAN_POINT('',(2.748098002940E1,-1.484E2,5.143239448783E1));
#1510=DIRECTION('',(0.E0,1.E0,0.E0));
#1511=DIRECTION('',(-8.660254037844E-1,0.E0,-5.E-1));
#1512=AXIS2_PLACEMENT_3D('',#1509,#1510,#1511);
#1514=CARTESIAN_POINT('',(2.769202106053E1,-1.484E2,5.097981553605E1));
#1515=DIRECTION('',(0.E0,1.E0,0.E0));
#1516=DIRECTION('',(9.396926207859E-1,0.E0,3.420201433257E-1));
#1517=AXIS2_PLACEMENT_3D('',#1514,#1515,#1516);
#1519=CARTESIAN_POINT('',(2.769202106053E1,-1.484E2,5.097981553605E1));
#1520=DIRECTION('',(0.E0,1.E0,0.E0));
#1521=DIRECTION('',(-9.396926207859E-1,0.E0,-3.420201433257E-1));
#1522=AXIS2_PLACEMENT_3D('',#1519,#1520,#1521);
#1524=CARTESIAN_POINT('',(2.782126639397E1,-1.484E2,5.049746538502E1));
#1525=DIRECTION('',(0.E0,1.E0,0.E0));
#1526=DIRECTION('',(9.848077530122E-1,0.E0,1.736481776670E-1));
#1527=AXIS2_PLACEMENT_3D('',#1524,#1525,#1526);
#1529=CARTESIAN_POINT('',(2.782126639397E1,-1.484E2,5.049746538502E1));
#1530=DIRECTION('',(0.E0,1.E0,0.E0));
#1531=DIRECTION('',(-9.848077530122E-1,0.E0,-1.736481776670E-1));
#1532=AXIS2_PLACEMENT_3D('',#1529,#1530,#1531);
#1534=CARTESIAN_POINT('',(2.786478897565E1,-1.484E2,5.E1));
#1535=DIRECTION('',(0.E0,1.E0,0.E0));
#1536=DIRECTION('',(1.E0,0.E0,0.E0));
#1537=AXIS2_PLACEMENT_3D('',#1534,#1535,#1536);
#1539=CARTESIAN_POINT('',(2.786478897565E1,-1.484E2,5.E1));
#1540=DIRECTION('',(0.E0,1.E0,0.E0));
#1541=DIRECTION('',(-1.E0,0.E0,0.E0));
#1542=AXIS2_PLACEMENT_3D('',#1539,#1540,#1541);
#1544=CARTESIAN_POINT('',(2.782126639397E1,-1.484E2,4.950253461498E1));
#1545=DIRECTION('',(0.E0,1.E0,0.E0));
#1546=DIRECTION('',(9.848077530122E-1,0.E0,-1.736481776669E-1));
#1547=AXIS2_PLACEMENT_3D('',#1544,#1545,#1546);
#1549=CARTESIAN_POINT('',(2.782126639397E1,-1.484E2,4.950253461498E1));
#1550=DIRECTION('',(0.E0,1.E0,0.E0));
#1551=DIRECTION('',(-9.848077530122E-1,0.E0,1.736481776669E-1));
#1552=AXIS2_PLACEMENT_3D('',#1549,#1550,#1551);
#1554=CARTESIAN_POINT('',(2.769202106053E1,-1.484E2,4.902018446395E1));
#1555=DIRECTION('',(0.E0,1.E0,0.E0));
#1556=DIRECTION('',(9.396926207859E-1,0.E0,-3.420201433257E-1));
#1557=AXIS2_PLACEMENT_3D('',#1554,#1555,#1556);
#1559=CARTESIAN_POINT('',(2.769202106053E1,-1.484E2,4.902018446395E1));
#1560=DIRECTION('',(0.E0,1.E0,0.E0));
#1561=DIRECTION('',(-9.396926207859E-1,0.E0,3.420201433257E-1));
#1562=AXIS2_PLACEMENT_3D('',#1559,#1560,#1561);
#1564=CARTESIAN_POINT('',(2.748098002940E1,-1.484E2,4.856760551217E1));
#1565=DIRECTION('',(0.E0,1.E0,0.E0));
#1566=DIRECTION('',(8.660254037844E-1,0.E0,-5.E-1));
#1567=AXIS2_PLACEMENT_3D('',#1564,#1565,#1566);
#1569=CARTESIAN_POINT('',(2.748098002940E1,-1.484E2,4.856760551217E1));
#1570=DIRECTION('',(0.E0,1.E0,0.E0));
#1571=DIRECTION('',(-8.660254037844E-1,0.E0,5.E-1));
#1572=AXIS2_PLACEMENT_3D('',#1569,#1570,#1571);
#1574=CARTESIAN_POINT('',(2.719455567551E1,-1.484E2,4.815854914208E1));
#1575=DIRECTION('',(0.E0,1.E0,0.E0));
#1576=DIRECTION('',(7.660444431190E-1,0.E0,-6.427876096865E-1));
#1577=AXIS2_PLACEMENT_3D('',#1574,#1575,#1576);
#1579=CARTESIAN_POINT('',(2.719455567551E1,-1.484E2,4.815854914208E1));
#1580=DIRECTION('',(0.E0,1.E0,0.E0));
#1581=DIRECTION('',(-7.660444431190E-1,0.E0,6.427876096865E-1));
#1582=AXIS2_PLACEMENT_3D('',#1579,#1580,#1581);
#1584=CARTESIAN_POINT('',(2.684145085792E1,-1.484E2,4.780544432449E1));
#1585=DIRECTION('',(0.E0,1.E0,0.E0));
#1586=DIRECTION('',(6.427876096865E-1,0.E0,-7.660444431190E-1));
#1587=AXIS2_PLACEMENT_3D('',#1584,#1585,#1586);
#1589=CARTESIAN_POINT('',(2.684145085792E1,-1.484E2,4.780544432449E1));
#1590=DIRECTION('',(0.E0,1.E0,0.E0));
#1591=DIRECTION('',(-6.427876096865E-1,0.E0,7.660444431190E-1));
#1592=AXIS2_PLACEMENT_3D('',#1589,#1590,#1591);
#1594=CARTESIAN_POINT('',(2.643239448783E1,-1.484E2,4.751901997060E1));
#1595=DIRECTION('',(0.E0,1.E0,0.E0));
#1596=DIRECTION('',(5.E-1,0.E0,-8.660254037844E-1));
#1597=AXIS2_PLACEMENT_3D('',#1594,#1595,#1596);
#1599=CARTESIAN_POINT('',(2.643239448783E1,-1.484E2,4.751901997060E1));
#1600=DIRECTION('',(0.E0,1.E0,0.E0));
#1601=DIRECTION('',(-5.E-1,0.E0,8.660254037844E-1));
#1602=AXIS2_PLACEMENT_3D('',#1599,#1600,#1601);
#1604=CARTESIAN_POINT('',(2.597981553605E1,-1.484E2,4.730797893947E1));
#1605=DIRECTION('',(0.E0,1.E0,0.E0));
#1606=DIRECTION('',(3.420201433257E-1,0.E0,-9.396926207859E-1));
#1607=AXIS2_PLACEMENT_3D('',#1604,#1605,#1606);
#1609=CARTESIAN_POINT('',(2.597981553605E1,-1.484E2,4.730797893947E1));
#1610=DIRECTION('',(0.E0,1.E0,0.E0));
#1611=DIRECTION('',(-3.420201433257E-1,0.E0,9.396926207859E-1));
#1612=AXIS2_PLACEMENT_3D('',#1609,#1610,#1611);
#1614=CARTESIAN_POINT('',(2.549746538502E1,-1.484E2,4.717873360603E1));
#1615=DIRECTION('',(0.E0,1.E0,0.E0));
#1616=DIRECTION('',(1.736481776669E-1,0.E0,-9.848077530122E-1));
#1617=AXIS2_PLACEMENT_3D('',#1614,#1615,#1616);
#1619=CARTESIAN_POINT('',(2.549746538502E1,-1.484E2,4.717873360603E1));
#1620=DIRECTION('',(0.E0,1.E0,0.E0));
#1621=DIRECTION('',(-1.736481776669E-1,0.E0,9.848077530122E-1));
#1622=AXIS2_PLACEMENT_3D('',#1619,#1620,#1621);
#1624=CARTESIAN_POINT('',(2.5E1,-1.484E2,4.713521102435E1));
#1625=DIRECTION('',(0.E0,1.E0,0.E0));
#1626=DIRECTION('',(0.E0,0.E0,-1.E0));
#1627=AXIS2_PLACEMENT_3D('',#1624,#1625,#1626);
#1629=CARTESIAN_POINT('',(2.5E1,-1.484E2,4.713521102435E1));
#1630=DIRECTION('',(0.E0,1.E0,0.E0));
#1631=DIRECTION('',(0.E0,0.E0,1.E0));
#1632=AXIS2_PLACEMENT_3D('',#1629,#1630,#1631);
#1634=CARTESIAN_POINT('',(2.450253461498E1,-1.484E2,4.717873360603E1));
#1635=DIRECTION('',(0.E0,1.E0,0.E0));
#1636=DIRECTION('',(-1.736481776669E-1,0.E0,-9.848077530122E-1));
#1637=AXIS2_PLACEMENT_3D('',#1634,#1635,#1636);
#1639=CARTESIAN_POINT('',(2.450253461498E1,-1.484E2,4.717873360603E1));
#1640=DIRECTION('',(0.E0,1.E0,0.E0));
#1641=DIRECTION('',(1.736481776669E-1,0.E0,9.848077530122E-1));
#1642=AXIS2_PLACEMENT_3D('',#1639,#1640,#1641);
#1644=CARTESIAN_POINT('',(2.402018446395E1,-1.484E2,4.730797893947E1));
#1645=DIRECTION('',(0.E0,1.E0,0.E0));
#1646=DIRECTION('',(-3.420201433257E-1,0.E0,-9.396926207859E-1));
#1647=AXIS2_PLACEMENT_3D('',#1644,#1645,#1646);
#1649=CARTESIAN_POINT('',(2.402018446395E1,-1.484E2,4.730797893947E1));
#1650=DIRECTION('',(0.E0,1.E0,0.E0));
#1651=DIRECTION('',(3.420201433257E-1,0.E0,9.396926207859E-1));
#1652=AXIS2_PLACEMENT_3D('',#1649,#1650,#1651);
#1654=CARTESIAN_POINT('',(2.356760551217E1,-1.484E2,4.751901997060E1));
#1655=DIRECTION('',(0.E0,1.E0,0.E0));
#1656=DIRECTION('',(-5.E-1,0.E0,-8.660254037844E-1));
#1657=AXIS2_PLACEMENT_3D('',#1654,#1655,#1656);
#1659=CARTESIAN_POINT('',(2.356760551217E1,-1.484E2,4.751901997060E1));
#1660=DIRECTION('',(0.E0,1.E0,0.E0));
#1661=DIRECTION('',(5.E-1,0.E0,8.660254037844E-1));
#1662=AXIS2_PLACEMENT_3D('',#1659,#1660,#1661);
#1664=CARTESIAN_POINT('',(2.315854914208E1,-1.484E2,4.780544432449E1));
#1665=DIRECTION('',(0.E0,1.E0,0.E0));
#1666=DIRECTION('',(-6.427876096865E-1,0.E0,-7.660444431190E-1));
#1667=AXIS2_PLACEMENT_3D('',#1664,#1665,#1666);
#1669=CARTESIAN_POINT('',(2.315854914208E1,-1.484E2,4.780544432449E1));
#1670=DIRECTION('',(0.E0,1.E0,0.E0));
#1671=DIRECTION('',(6.427876096865E-1,0.E0,7.660444431190E-1));
#1672=AXIS2_PLACEMENT_3D('',#1669,#1670,#1671);
#1674=CARTESIAN_POINT('',(2.280544432449E1,-1.484E2,4.815854914208E1));
#1675=DIRECTION('',(0.E0,1.E0,0.E0));
#1676=DIRECTION('',(-7.660444431190E-1,0.E0,-6.427876096865E-1));
#1677=AXIS2_PLACEMENT_3D('',#1674,#1675,#1676);
#1679=CARTESIAN_POINT('',(2.280544432449E1,-1.484E2,4.815854914208E1));
#1680=DIRECTION('',(0.E0,1.E0,0.E0));
#1681=DIRECTION('',(7.660444431190E-1,0.E0,6.427876096865E-1));
#1682=AXIS2_PLACEMENT_3D('',#1679,#1680,#1681);
#1684=CARTESIAN_POINT('',(2.251901997060E1,-1.484E2,4.856760551217E1));
#1685=DIRECTION('',(0.E0,1.E0,0.E0));
#1686=DIRECTION('',(-8.660254037844E-1,0.E0,-5.E-1));
#1687=AXIS2_PLACEMENT_3D('',#1684,#1685,#1686);
#1689=CARTESIAN_POINT('',(2.251901997060E1,-1.484E2,4.856760551217E1));
#1690=DIRECTION('',(0.E0,1.E0,0.E0));
#1691=DIRECTION('',(8.660254037844E-1,0.E0,5.E-1));
#1692=AXIS2_PLACEMENT_3D('',#1689,#1690,#1691);
#1694=CARTESIAN_POINT('',(2.230797893947E1,-1.484E2,4.902018446395E1));
#1695=DIRECTION('',(0.E0,1.E0,0.E0));
#1696=DIRECTION('',(-9.396926207859E-1,0.E0,-3.420201433257E-1));
#1697=AXIS2_PLACEMENT_3D('',#1694,#1695,#1696);
#1699=CARTESIAN_POINT('',(2.230797893947E1,-1.484E2,4.902018446395E1));
#1700=DIRECTION('',(0.E0,1.E0,0.E0));
#1701=DIRECTION('',(9.396926207859E-1,0.E0,3.420201433257E-1));
#1702=AXIS2_PLACEMENT_3D('',#1699,#1700,#1701);
#1704=CARTESIAN_POINT('',(2.217873360603E1,-1.484E2,4.950253461498E1));
#1705=DIRECTION('',(0.E0,1.E0,0.E0));
#1706=DIRECTION('',(-9.848077530122E-1,0.E0,-1.736481776670E-1));
#1707=AXIS2_PLACEMENT_3D('',#1704,#1705,#1706);
#1709=CARTESIAN_POINT('',(2.217873360603E1,-1.484E2,4.950253461498E1));
#1710=DIRECTION('',(0.E0,1.E0,0.E0));
#1711=DIRECTION('',(9.848077530122E-1,0.E0,1.736481776670E-1));
#1712=AXIS2_PLACEMENT_3D('',#1709,#1710,#1711);
#1714=CARTESIAN_POINT('',(2.5E1,-1.484E2,5.E1));
#1715=DIRECTION('',(0.E0,-1.E0,0.E0));
#1716=DIRECTION('',(0.E0,0.E0,-1.E0));
#1717=AXIS2_PLACEMENT_3D('',#1714,#1715,#1716);
#1719=DIRECTION('',(0.E0,-1.E0,0.E0));
#1720=VECTOR('',#1719,1.189999999995E1);
#1721=CARTESIAN_POINT('',(2.5E1,-1.484E2,5.33E1));
#1722=LINE('',#1721,#1720);
#1723=CARTESIAN_POINT('',(2.5E1,-1.602999999999E2,5.33E1));
#1724=CARTESIAN_POINT('',(2.508154786895E1,-1.602999999999E2,5.33E1));
#1725=CARTESIAN_POINT('',(2.524525706325E1,-1.602939347197E2,5.329393471971E1));
#1726=CARTESIAN_POINT('',(2.549039912797E1,-1.602665014349E2,5.326650143493E1));
#1727=CARTESIAN_POINT('',(2.573638514706E1,-1.602200836934E2,5.322008369337E1));
#1728=CARTESIAN_POINT('',(2.598236523382E1,-1.601539042274E2,5.315390422736E1));
#1729=CARTESIAN_POINT('',(2.622886580946E1,-1.600664784174E2,5.306647841743E1));
#1730=CARTESIAN_POINT('',(2.647430313115E1,-1.599565711832E2,5.295657118321E1));
#1731=CARTESIAN_POINT('',(2.671805452703E1,-1.598222393599E2,5.282223935988E1));
#1732=CARTESIAN_POINT('',(2.695802178729E1,-1.596617595399E2,5.266175953987E1));
#1733=CARTESIAN_POINT('',(2.719160188676E1,-1.594734781427E2,5.247347814274E1));
#1734=CARTESIAN_POINT('',(2.741559889242E1,-1.592557983834E2,5.225579838335E1));
#1735=CARTESIAN_POINT('',(2.762541185392E1,-1.590083905607E2,5.200839056075E1));
#1736=CARTESIAN_POINT('',(2.781660718016E1,-1.587308662605E2,5.173086626042E1));
#1737=CARTESIAN_POINT('',(2.798350000746E1,-1.584249238312E2,5.142492383138E1));
#1738=CARTESIAN_POINT('',(2.812059280893E1,-1.580935342546E2,5.109353425374E1));
#1739=CARTESIAN_POINT('',(2.822279151060E1,-1.577411138023E2,5.074111380546E1));
#1740=CARTESIAN_POINT('',(2.828574661393E1,-1.573744232899E2,5.037442327803E1));
#1741=CARTESIAN_POINT('',(2.830000012073E1,-1.571254863226E2,5.012548634823E1));
#1742=CARTESIAN_POINT('',(2.83E1,-1.569999968122E2,4.999999683785E1));
#1744=CARTESIAN_POINT('',(2.5E1,-1.481E2,5.E1));
#1745=DIRECTION('',(0.E0,1.E0,0.E0));
#1746=DIRECTION('',(0.E0,0.E0,1.E0));
#1747=AXIS2_PLACEMENT_3D('',#1744,#1745,#1746);
#1749=DIRECTION('',(0.E0,-1.E0,0.E0));
#1750=VECTOR('',#1749,1.21E1);
#1751=CARTESIAN_POINT('',(2.5E1,-1.36E2,5.33E1));
#1752=LINE('',#1751,#1750);
#1753=CARTESIAN_POINT('',(2.5E1,-1.537E2,4.67E1));
#1754=CARTESIAN_POINT('',(2.508154778713E1,-1.537E2,4.67E1));
#1755=CARTESIAN_POINT('',(2.524525681599E1,-1.537060652681E2,4.670606526808E1));
#1756=CARTESIAN_POINT('',(2.549039863364E1,-1.537334984973E2,4.673349849734E1));
#1757=CARTESIAN_POINT('',(2.573638440389E1,-1.537799161437E2,4.677991614367E1));
#1758=CARTESIAN_POINT('',(2.598236424281E1,-1.538460954717E2,4.684609547169E1));
#1759=CARTESIAN_POINT('',(2.622886457234E1,-1.539335210956E2,4.693352109557E1));
#1760=CARTESIAN_POINT('',(2.647430165465E1,-1.540434280906E2,4.704342809064E1));
#1761=CARTESIAN_POINT('',(2.671805282414E1,-1.541777596154E2,4.717775961539E1));
#1762=CARTESIAN_POINT('',(2.695801988117E1,-1.543382390721E2,4.733823907212E1));
#1763=CARTESIAN_POINT('',(2.719159981503E1,-1.545265200387E2,4.752652003868E1));
#1764=CARTESIAN_POINT('',(2.741559670849E1,-1.547441992987E2,4.774419929873E1));
#1765=CARTESIAN_POINT('',(2.762540963201E1,-1.549916065601E2,4.799160656011E1));
#1766=CARTESIAN_POINT('',(2.781660501498E1,-1.552691302479E2,4.826913024781E1));
#1767=CARTESIAN_POINT('',(2.798349801272E1,-1.555750720322E2,4.857507203242E1));
#1768=CARTESIAN_POINT('',(2.812059111441E1,-1.559064609634E2,4.890646096254E1));
#1769=CARTESIAN_POINT('',(2.822279025206E1,-1.562588807978E2,4.925888080097E1));
#1770=CARTESIAN_POINT('',(2.828574592134E1,-1.566255707818E2,4.962557076988E1));
#1771=CARTESIAN_POINT('',(2.829999987926E1,-1.568745074259E2,4.987450745152E1));
#1772=CARTESIAN_POINT('',(2.83E1,-1.569999968122E2,4.999999683785E1));
#1774=DIRECTION('',(0.E0,-2.057357485106E-12,-1.E0));
#1775=VECTOR('',#1774,2.43E1);
#1776=CARTESIAN_POINT('',(2.5E1,-1.602999999999E2,5.33E1));
#1777=LINE('',#1776,#1775);
#1778=CARTESIAN_POINT('',(2.5E1,-1.602999999999E2,5.33E1));
#1779=CARTESIAN_POINT('',(2.491845208223E1,-1.602999999999E2,5.33E1));
#1780=CARTESIAN_POINT('',(2.475474278914E1,-1.602939347125E2,5.329393471243E1));
#1781=CARTESIAN_POINT('',(2.450960057684E1,-1.602665013945E2,5.326650139448E1));
#1782=CARTESIAN_POINT('',(2.426361440909E1,-1.602200835960E2,5.322008359605E1));
#1783=CARTESIAN_POINT('',(2.401763417415E1,-1.601539040476E2,5.315390404757E1));
#1784=CARTESIAN_POINT('',(2.377113345167E1,-1.600664781266E2,5.306647812657E1));
#1785=CARTESIAN_POINT('',(2.352569598692E1,-1.599565707495E2,5.295657074948E1));
#1786=CARTESIAN_POINT('',(2.328194445581E1,-1.598222387478E2,5.282223874779E1));
#1787=CARTESIAN_POINT('',(2.304197707442E1,-1.596617587110E2,5.266175871098E1));
#1788=CARTESIAN_POINT('',(2.280839687593E1,-1.594734770566E2,5.247347705662E1));
#1789=CARTESIAN_POINT('',(2.258439980342E1,-1.592557969992E2,5.225579699917E1));
#1790=CARTESIAN_POINT('',(2.237458681950E1,-1.590083888417E2,5.200838884175E1));
#1791=CARTESIAN_POINT('',(2.218339152695E1,-1.587308641756E2,5.173086417550E1));
#1792=CARTESIAN_POINT('',(2.201649880077E1,-1.584249213596E2,5.142492136012E1));
#1793=CARTESIAN_POINT('',(2.187940617994E1,-1.580935314006E2,5.109353139873E1));
#1794=CARTESIAN_POINT('',(2.177720773867E1,-1.577411105816E2,5.074111058865E1));
#1795=CARTESIAN_POINT('',(2.171425297E1,-1.573744197391E2,5.037441971266E1));
#1796=CARTESIAN_POINT('',(2.169999973239E1,-1.571254825418E2,5.012548259882E1));
#1797=CARTESIAN_POINT('',(2.170000000001E1,-1.569999929340E2,4.999999299098E1));
#1799=DIRECTION('',(0.E0,0.E0,-1.E0));
#1800=VECTOR('',#1799,1.77E1);
#1801=CARTESIAN_POINT('',(2.5E1,-1.537E2,4.67E1));
#1802=LINE('',#1801,#1800);
#1803=CARTESIAN_POINT('',(2.5E1,-1.481E2,5.E1));
#1804=DIRECTION('',(0.E0,1.E0,0.E0));
#1805=DIRECTION('',(-1.E0,0.E0,0.E0));
#1806=AXIS2_PLACEMENT_3D('',#1803,#1804,#1805);
#1808=CARTESIAN_POINT('',(2.5E1,-1.481E2,5.E1));
#1809=DIRECTION('',(0.E0,1.E0,0.E0));
#1810=DIRECTION('',(1.E0,0.E0,0.E0));
#1811=AXIS2_PLACEMENT_3D('',#1808,#1809,#1810);
#1813=CARTESIAN_POINT('',(2.452253517072E1,-1.481E2,5.E1));
#1814=DIRECTION('',(0.E0,1.E0,0.E0));
#1815=DIRECTION('',(-1.E0,0.E0,0.E0));
#1816=AXIS2_PLACEMENT_3D('',#1813,#1814,#1815);
#1818=CARTESIAN_POINT('',(2.452253517072E1,-1.481E2,5.E1));
#1819=DIRECTION('',(0.E0,1.E0,0.E0));
#1820=DIRECTION('',(1.E0,0.E0,0.E0));
#1821=AXIS2_PLACEMENT_3D('',#1818,#1819,#1820);
#1823=CARTESIAN_POINT('',(2.476126758536E1,-1.481E2,5.041349667157E1));
#1824=DIRECTION('',(0.E0,1.E0,0.E0));
#1825=DIRECTION('',(-5.E-1,0.E0,8.660254037844E-1));
#1826=AXIS2_PLACEMENT_3D('',#1823,#1824,#1825);
#1828=CARTESIAN_POINT('',(2.476126758536E1,-1.481E2,5.041349667157E1));
#1829=DIRECTION('',(0.E0,1.E0,0.E0));
#1830=DIRECTION('',(5.E-1,0.E0,-8.660254037844E-1));
#1831=AXIS2_PLACEMENT_3D('',#1828,#1829,#1830);
#1833=CARTESIAN_POINT('',(2.523873241464E1,-1.481E2,5.041349667157E1));
#1834=DIRECTION('',(0.E0,1.E0,0.E0));
#1835=DIRECTION('',(5.E-1,0.E0,8.660254037844E-1));
#1836=AXIS2_PLACEMENT_3D('',#1833,#1834,#1835);
#1838=CARTESIAN_POINT('',(2.523873241464E1,-1.481E2,5.041349667157E1));
#1839=DIRECTION('',(0.E0,1.E0,0.E0));
#1840=DIRECTION('',(-5.E-1,0.E0,-8.660254037844E-1));
#1841=AXIS2_PLACEMENT_3D('',#1838,#1839,#1840);
#1843=CARTESIAN_POINT('',(2.547746482928E1,-1.481E2,5.E1));
#1844=DIRECTION('',(0.E0,1.E0,0.E0));
#1845=DIRECTION('',(1.E0,0.E0,0.E0));
#1846=AXIS2_PLACEMENT_3D('',#1843,#1844,#1845);
#1848=CARTESIAN_POINT('',(2.547746482928E1,-1.481E2,5.E1));
#1849=DIRECTION('',(0.E0,1.E0,0.E0));
#1850=DIRECTION('',(-1.E0,0.E0,0.E0));
#1851=AXIS2_PLACEMENT_3D('',#1848,#1849,#1850);
#1853=CARTESIAN_POINT('',(2.523873241464E1,-1.481E2,4.958650332843E1));
#1854=DIRECTION('',(0.E0,1.E0,0.E0));
#1855=DIRECTION('',(5.E-1,0.E0,-8.660254037844E-1));
#1856=AXIS2_PLACEMENT_3D('',#1853,#1854,#1855);
#1858=CARTESIAN_POINT('',(2.523873241464E1,-1.481E2,4.958650332843E1));
#1859=DIRECTION('',(0.E0,1.E0,0.E0));
#1860=DIRECTION('',(-5.E-1,0.E0,8.660254037844E-1));
#1861=AXIS2_PLACEMENT_3D('',#1858,#1859,#1860);
#1863=CARTESIAN_POINT('',(2.476126758536E1,-1.481E2,4.958650332843E1));
#1864=DIRECTION('',(0.E0,1.E0,0.E0));
#1865=DIRECTION('',(-5.E-1,0.E0,-8.660254037844E-1));
#1866=AXIS2_PLACEMENT_3D('',#1863,#1864,#1865);
#1868=CARTESIAN_POINT('',(2.476126758536E1,-1.481E2,4.958650332843E1));
#1869=DIRECTION('',(0.E0,1.E0,0.E0));
#1870=DIRECTION('',(5.E-1,0.E0,8.660254037844E-1));
#1871=AXIS2_PLACEMENT_3D('',#1868,#1869,#1870);
#1873=CARTESIAN_POINT('',(2.404507034145E1,-1.481E2,5.E1));
#1874=DIRECTION('',(0.E0,1.E0,0.E0));
#1875=DIRECTION('',(-1.E0,0.E0,0.E0));
#1876=AXIS2_PLACEMENT_3D('',#1873,#1874,#1875);
#1878=CARTESIAN_POINT('',(2.404507034145E1,-1.481E2,5.E1));
#1879=DIRECTION('',(0.E0,1.E0,0.E0));
#1880=DIRECTION('',(1.E0,0.E0,0.E0));
#1881=AXIS2_PLACEMENT_3D('',#1878,#1879,#1880);
#1883=CARTESIAN_POINT('',(2.417300665687E1,-1.481E2,5.047746482928E1));
#1884=DIRECTION('',(0.E0,1.E0,0.E0));
#1885=DIRECTION('',(-8.660254037844E-1,0.E0,5.E-1));
#1886=AXIS2_PLACEMENT_3D('',#1883,#1884,#1885);
#1888=CARTESIAN_POINT('',(2.417300665687E1,-1.481E2,5.047746482928E1));
#1889=DIRECTION('',(0.E0,1.E0,0.E0));
#1890=DIRECTION('',(8.660254037844E-1,0.E0,-5.E-1));
#1891=AXIS2_PLACEMENT_3D('',#1888,#1889,#1890);
#1893=CARTESIAN_POINT('',(2.452253517072E1,-1.481E2,5.082699334313E1));
#1894=DIRECTION('',(0.E0,1.E0,0.E0));
#1895=DIRECTION('',(-5.E-1,0.E0,8.660254037844E-1));
#1896=AXIS2_PLACEMENT_3D('',#1893,#1894,#1895);
#1898=CARTESIAN_POINT('',(2.452253517072E1,-1.481E2,5.082699334313E1));
#1899=DIRECTION('',(0.E0,1.E0,0.E0));
#1900=DIRECTION('',(5.E-1,0.E0,-8.660254037844E-1));
#1901=AXIS2_PLACEMENT_3D('',#1898,#1899,#1900);
#1903=CARTESIAN_POINT('',(2.5E1,-1.481E2,5.095492965855E1));
#1904=DIRECTION('',(0.E0,1.E0,0.E0));
#1905=DIRECTION('',(0.E0,0.E0,1.E0));
#1906=AXIS2_PLACEMENT_3D('',#1903,#1904,#1905);
#1908=CARTESIAN_POINT('',(2.5E1,-1.481E2,5.095492965855E1));
#1909=DIRECTION('',(0.E0,1.E0,0.E0));
#1910=DIRECTION('',(0.E0,0.E0,-1.E0));
#1911=AXIS2_PLACEMENT_3D('',#1908,#1909,#1910);
#1913=CARTESIAN_POINT('',(2.547746482928E1,-1.481E2,5.082699334313E1));
#1914=DIRECTION('',(0.E0,1.E0,0.E0));
#1915=DIRECTION('',(5.E-1,0.E0,8.660254037844E-1));
#1916=AXIS2_PLACEMENT_3D('',#1913,#1914,#1915);
#1918=CARTESIAN_POINT('',(2.547746482928E1,-1.481E2,5.082699334313E1));
#1919=DIRECTION('',(0.E0,1.E0,0.E0));
#1920=DIRECTION('',(-5.E-1,0.E0,-8.660254037844E-1));
#1921=AXIS2_PLACEMENT_3D('',#1918,#1919,#1920);
#1923=CARTESIAN_POINT('',(2.582699334313E1,-1.481E2,5.047746482928E1));
#1924=DIRECTION('',(0.E0,1.E0,0.E0));
#1925=DIRECTION('',(8.660254037844E-1,0.E0,5.E-1));
#1926=AXIS2_PLACEMENT_3D('',#1923,#1924,#1925);
#1928=CARTESIAN_POINT('',(2.582699334313E1,-1.481E2,5.047746482928E1));
#1929=DIRECTION('',(0.E0,1.E0,0.E0));
#1930=DIRECTION('',(-8.660254037844E-1,0.E0,-5.E-1));
#1931=AXIS2_PLACEMENT_3D('',#1928,#1929,#1930);
#1933=CARTESIAN_POINT('',(2.595492965855E1,-1.481E2,5.E1));
#1934=DIRECTION('',(0.E0,1.E0,0.E0));
#1935=DIRECTION('',(1.E0,0.E0,0.E0));
#1936=AXIS2_PLACEMENT_3D('',#1933,#1934,#1935);
#1938=CARTESIAN_POINT('',(2.595492965855E1,-1.481E2,5.E1));
#1939=DIRECTION('',(0.E0,1.E0,0.E0));
#1940=DIRECTION('',(-1.E0,0.E0,0.E0));
#1941=AXIS2_PLACEMENT_3D('',#1938,#1939,#1940);
#1943=CARTESIAN_POINT('',(2.582699334313E1,-1.481E2,4.952253517072E1));
#1944=DIRECTION('',(0.E0,1.E0,0.E0));
#1945=DIRECTION('',(8.660254037844E-1,0.E0,-5.E-1));
#1946=AXIS2_PLACEMENT_3D('',#1943,#1944,#1945);
#1948=CARTESIAN_POINT('',(2.582699334313E1,-1.481E2,4.952253517072E1));
#1949=DIRECTION('',(0.E0,1.E0,0.E0));
#1950=DIRECTION('',(-8.660254037844E-1,0.E0,5.E-1));
#1951=AXIS2_PLACEMENT_3D('',#1948,#1949,#1950);
#1953=CARTESIAN_POINT('',(2.547746482928E1,-1.481E2,4.917300665687E1));
#1954=DIRECTION('',(0.E0,1.E0,0.E0));
#1955=DIRECTION('',(5.E-1,0.E0,-8.660254037844E-1));
#1956=AXIS2_PLACEMENT_3D('',#1953,#1954,#1955);
#1958=CARTESIAN_POINT('',(2.547746482928E1,-1.481E2,4.917300665687E1));
#1959=DIRECTION('',(0.E0,1.E0,0.E0));
#1960=DIRECTION('',(-5.E-1,0.E0,8.660254037844E-1));
#1961=AXIS2_PLACEMENT_3D('',#1958,#1959,#1960);
#1963=CARTESIAN_POINT('',(2.5E1,-1.481E2,4.904507034145E1));
#1964=DIRECTION('',(0.E0,1.E0,0.E0));
#1965=DIRECTION('',(0.E0,0.E0,-1.E0));
#1966=AXIS2_PLACEMENT_3D('',#1963,#1964,#1965);
#1968=CARTESIAN_POINT('',(2.5E1,-1.481E2,4.904507034145E1));
#1969=DIRECTION('',(0.E0,1.E0,0.E0));
#1970=DIRECTION('',(0.E0,0.E0,1.E0));
#1971=AXIS2_PLACEMENT_3D('',#1968,#1969,#1970);
#1973=CARTESIAN_POINT('',(2.452253517072E1,-1.481E2,4.917300665687E1));
#1974=DIRECTION('',(0.E0,1.E0,0.E0));
#1975=DIRECTION('',(-5.E-1,0.E0,-8.660254037844E-1));
#1976=AXIS2_PLACEMENT_3D('',#1973,#1974,#1975);
#1978=CARTESIAN_POINT('',(2.452253517072E1,-1.481E2,4.917300665687E1));
#1979=DIRECTION('',(0.E0,1.E0,0.E0));
#1980=DIRECTION('',(5.E-1,0.E0,8.660254037844E-1));
#1981=AXIS2_PLACEMENT_3D('',#1978,#1979,#1980);
#1983=CARTESIAN_POINT('',(2.417300665687E1,-1.481E2,4.952253517072E1));
#1984=DIRECTION('',(0.E0,1.E0,0.E0));
#1985=DIRECTION('',(-8.660254037844E-1,0.E0,-5.E-1));
#1986=AXIS2_PLACEMENT_3D('',#1983,#1984,#1985);
#1988=CARTESIAN_POINT('',(2.417300665687E1,-1.481E2,4.952253517072E1));
#1989=DIRECTION('',(0.E0,1.E0,0.E0));
#1990=DIRECTION('',(8.660254037844E-1,0.E0,5.E-1));
#1991=AXIS2_PLACEMENT_3D('',#1988,#1989,#1990);
#1993=CARTESIAN_POINT('',(2.356760551217E1,-1.481E2,5.E1));
#1994=DIRECTION('',(0.E0,1.E0,0.E0));
#1995=DIRECTION('',(-1.E0,0.E0,0.E0));
#1996=AXIS2_PLACEMENT_3D('',#1993,#1994,#1995);
#1998=CARTESIAN_POINT('',(2.356760551217E1,-1.481E2,5.E1));
#1999=DIRECTION('',(0.E0,1.E0,0.E0));
#2000=DIRECTION('',(1.E0,0.E0,0.E0));
#2001=AXIS2_PLACEMENT_3D('',#1998,#1999,#2000);
#2003=CARTESIAN_POINT('',(2.365398946973E1,-1.481E2,5.048990776803E1));
#2004=DIRECTION('',(0.E0,1.E0,0.E0));
#2005=DIRECTION('',(-9.396926207859E-1,0.E0,3.420201433257E-1));
#2006=AXIS2_PLACEMENT_3D('',#2003,#2004,#2005);
#2008=CARTESIAN_POINT('',(2.365398946973E1,-1.481E2,5.048990776803E1));
#2009=DIRECTION('',(0.E0,1.E0,0.E0));
#2010=DIRECTION('',(9.396926207859E-1,0.E0,-3.420201433257E-1));
#2011=AXIS2_PLACEMENT_3D('',#2008,#2009,#2010);
#2013=CARTESIAN_POINT('',(2.390272216225E1,-1.481E2,5.092072542896E1));
#2014=DIRECTION('',(0.E0,1.E0,0.E0));
#2015=DIRECTION('',(-7.660444431190E-1,0.E0,6.427876096865E-1));
#2016=AXIS2_PLACEMENT_3D('',#2013,#2014,#2015);
#2018=CARTESIAN_POINT('',(2.390272216225E1,-1.481E2,5.092072542896E1));
#2019=DIRECTION('',(0.E0,1.E0,0.E0));
#2020=DIRECTION('',(7.660444431190E-1,0.E0,-6.427876096865E-1));
#2021=AXIS2_PLACEMENT_3D('',#2018,#2019,#2020);
#2023=CARTESIAN_POINT('',(2.428380275609E1,-1.481E2,5.124049001470E1));
#2024=DIRECTION('',(0.E0,1.E0,0.E0));
#2025=DIRECTION('',(-5.E-1,0.E0,8.660254037844E-1));
#2026=AXIS2_PLACEMENT_3D('',#2023,#2024,#2025);
#2028=CARTESIAN_POINT('',(2.428380275609E1,-1.481E2,5.124049001470E1));
#2029=DIRECTION('',(0.E0,1.E0,0.E0));
#2030=DIRECTION('',(5.E-1,0.E0,-8.660254037844E-1));
#2031=AXIS2_PLACEMENT_3D('',#2028,#2029,#2030);
#2033=CARTESIAN_POINT('',(2.475126730749E1,-1.481E2,5.141063319698E1));
#2034=DIRECTION('',(0.E0,1.E0,0.E0));
#2035=DIRECTION('',(-1.736481776669E-1,0.E0,9.848077530122E-1));
#2036=AXIS2_PLACEMENT_3D('',#2033,#2034,#2035);
#2038=CARTESIAN_POINT('',(2.475126730749E1,-1.481E2,5.141063319698E1));
#2039=DIRECTION('',(0.E0,1.E0,0.E0));
#2040=DIRECTION('',(1.736481776669E-1,0.E0,-9.848077530122E-1));
#2041=AXIS2_PLACEMENT_3D('',#2038,#2039,#2040);
#2043=CARTESIAN_POINT('',(2.524873269251E1,-1.481E2,5.141063319698E1));
#2044=DIRECTION('',(0.E0,1.E0,0.E0));
#2045=DIRECTION('',(1.736481776669E-1,0.E0,9.848077530122E-1));
#2046=AXIS2_PLACEMENT_3D('',#2043,#2044,#2045);
#2048=CARTESIAN_POINT('',(2.524873269251E1,-1.481E2,5.141063319698E1));
#2049=DIRECTION('',(0.E0,1.E0,0.E0));
#2050=DIRECTION('',(-1.736481776669E-1,0.E0,-9.848077530122E-1));
#2051=AXIS2_PLACEMENT_3D('',#2048,#2049,#2050);
#2053=CARTESIAN_POINT('',(2.571619724391E1,-1.481E2,5.124049001470E1));
#2054=DIRECTION('',(0.E0,1.E0,0.E0));
#2055=DIRECTION('',(5.E-1,0.E0,8.660254037844E-1));
#2056=AXIS2_PLACEMENT_3D('',#2053,#2054,#2055);
#2058=CARTESIAN_POINT('',(2.571619724391E1,-1.481E2,5.124049001470E1));
#2059=DIRECTION('',(0.E0,1.E0,0.E0));
#2060=DIRECTION('',(-5.E-1,0.E0,-8.660254037844E-1));
#2061=AXIS2_PLACEMENT_3D('',#2058,#2059,#2060);
#2063=CARTESIAN_POINT('',(2.609727783775E1,-1.481E2,5.092072542896E1));
#2064=DIRECTION('',(0.E0,1.E0,0.E0));
#2065=DIRECTION('',(7.660444431190E-1,0.E0,6.427876096865E-1));
#2066=AXIS2_PLACEMENT_3D('',#2063,#2064,#2065);
#2068=CARTESIAN_POINT('',(2.609727783775E1,-1.481E2,5.092072542896E1));
#2069=DIRECTION('',(0.E0,1.E0,0.E0));
#2070=DIRECTION('',(-7.660444431190E-1,0.E0,-6.427876096865E-1));
#2071=AXIS2_PLACEMENT_3D('',#2068,#2069,#2070);
#2073=CARTESIAN_POINT('',(2.634601053027E1,-1.481E2,5.048990776803E1));
#2074=DIRECTION('',(0.E0,1.E0,0.E0));
#2075=DIRECTION('',(9.396926207859E-1,0.E0,3.420201433257E-1));
#2076=AXIS2_PLACEMENT_3D('',#2073,#2074,#2075);
#2078=CARTESIAN_POINT('',(2.634601053027E1,-1.481E2,5.048990776803E1));
#2079=DIRECTION('',(0.E0,1.E0,0.E0));
#2080=DIRECTION('',(-9.396926207859E-1,0.E0,-3.420201433257E-1));
#2081=AXIS2_PLACEMENT_3D('',#2078,#2079,#2080);
#2083=CARTESIAN_POINT('',(2.643239448783E1,-1.481E2,5.E1));
#2084=DIRECTION('',(0.E0,1.E0,0.E0));
#2085=DIRECTION('',(1.E0,0.E0,0.E0));
#2086=AXIS2_PLACEMENT_3D('',#2083,#2084,#2085);
#2088=CARTESIAN_POINT('',(2.643239448783E1,-1.481E2,5.E1));
#2089=DIRECTION('',(0.E0,1.E0,0.E0));
#2090=DIRECTION('',(-1.E0,0.E0,0.E0));
#2091=AXIS2_PLACEMENT_3D('',#2088,#2089,#2090);
#2093=CARTESIAN_POINT('',(2.634601053027E1,-1.481E2,4.951009223197E1));
#2094=DIRECTION('',(0.E0,1.E0,0.E0));
#2095=DIRECTION('',(9.396926207859E-1,0.E0,-3.420201433257E-1));
#2096=AXIS2_PLACEMENT_3D('',#2093,#2094,#2095);
#2098=CARTESIAN_POINT('',(2.634601053027E1,-1.481E2,4.951009223197E1));
#2099=DIRECTION('',(0.E0,1.E0,0.E0));
#2100=DIRECTION('',(-9.396926207859E-1,0.E0,3.420201433257E-1));
#2101=AXIS2_PLACEMENT_3D('',#2098,#2099,#2100);
#2103=CARTESIAN_POINT('',(2.609727783775E1,-1.481E2,4.907927457104E1));
#2104=DIRECTION('',(0.E0,1.E0,0.E0));
#2105=DIRECTION('',(7.660444431190E-1,0.E0,-6.427876096865E-1));
#2106=AXIS2_PLACEMENT_3D('',#2103,#2104,#2105);
#2108=CARTESIAN_POINT('',(2.609727783775E1,-1.481E2,4.907927457104E1));
#2109=DIRECTION('',(0.E0,1.E0,0.E0));
#2110=DIRECTION('',(-7.660444431190E-1,0.E0,6.427876096865E-1));
#2111=AXIS2_PLACEMENT_3D('',#2108,#2109,#2110);
#2113=CARTESIAN_POINT('',(2.571619724391E1,-1.481E2,4.875950998530E1));
#2114=DIRECTION('',(0.E0,1.E0,0.E0));
#2115=DIRECTION('',(5.E-1,0.E0,-8.660254037844E-1));
#2116=AXIS2_PLACEMENT_3D('',#2113,#2114,#2115);
#2118=CARTESIAN_POINT('',(2.571619724391E1,-1.481E2,4.875950998530E1));
#2119=DIRECTION('',(0.E0,1.E0,0.E0));
#2120=DIRECTION('',(-5.E-1,0.E0,8.660254037844E-1));
#2121=AXIS2_PLACEMENT_3D('',#2118,#2119,#2120);
#2123=CARTESIAN_POINT('',(2.524873269251E1,-1.481E2,4.858936680302E1));
#2124=DIRECTION('',(0.E0,1.E0,0.E0));
#2125=DIRECTION('',(1.736481776669E-1,0.E0,-9.848077530122E-1));
#2126=AXIS2_PLACEMENT_3D('',#2123,#2124,#2125);
#2128=CARTESIAN_POINT('',(2.524873269251E1,-1.481E2,4.858936680302E1));
#2129=DIRECTION('',(0.E0,1.E0,0.E0));
#2130=DIRECTION('',(-1.736481776669E-1,0.E0,9.848077530122E-1));
#2131=AXIS2_PLACEMENT_3D('',#2128,#2129,#2130);
#2133=CARTESIAN_POINT('',(2.475126730749E1,-1.481E2,4.858936680302E1));
#2134=DIRECTION('',(0.E0,1.E0,0.E0));
#2135=DIRECTION('',(-1.736481776669E-1,0.E0,-9.848077530122E-1));
#2136=AXIS2_PLACEMENT_3D('',#2133,#2134,#2135);
#2138=CARTESIAN_POINT('',(2.475126730749E1,-1.481E2,4.858936680302E1));
#2139=DIRECTION('',(0.E0,1.E0,0.E0));
#2140=DIRECTION('',(1.736481776669E-1,0.E0,9.848077530122E-1));
#2141=AXIS2_PLACEMENT_3D('',#2138,#2139,#2140);
#2143=CARTESIAN_POINT('',(2.428380275609E1,-1.481E2,4.875950998530E1));
#2144=DIRECTION('',(0.E0,1.E0,0.E0));
#2145=DIRECTION('',(-5.E-1,0.E0,-8.660254037844E-1));
#2146=AXIS2_PLACEMENT_3D('',#2143,#2144,#2145);
#2148=CARTESIAN_POINT('',(2.428380275609E1,-1.481E2,4.875950998530E1));
#2149=DIRECTION('',(0.E0,1.E0,0.E0));
#2150=DIRECTION('',(5.E-1,0.E0,8.660254037844E-1));
#2151=AXIS2_PLACEMENT_3D('',#2148,#2149,#2150);
#2153=CARTESIAN_POINT('',(2.390272216225E1,-1.481E2,4.907927457104E1));
#2154=DIRECTION('',(0.E0,1.E0,0.E0));
#2155=DIRECTION('',(-7.660444431190E-1,0.E0,-6.427876096865E-1));
#2156=AXIS2_PLACEMENT_3D('',#2153,#2154,#2155);
#2158=CARTESIAN_POINT('',(2.390272216225E1,-1.481E2,4.907927457104E1));
#2159=DIRECTION('',(0.E0,1.E0,0.E0));
#2160=DIRECTION('',(7.660444431190E-1,0.E0,6.427876096865E-1));
#2161=AXIS2_PLACEMENT_3D('',#2158,#2159,#2160);
#2163=CARTESIAN_POINT('',(2.365398946973E1,-1.481E2,4.951009223197E1));
#2164=DIRECTION('',(0.E0,1.E0,0.E0));
#2165=DIRECTION('',(-9.396926207859E-1,0.E0,-3.420201433257E-1));
#2166=AXIS2_PLACEMENT_3D('',#2163,#2164,#2165);
#2168=CARTESIAN_POINT('',(2.365398946973E1,-1.481E2,4.951009223197E1));
#2169=DIRECTION('',(0.E0,1.E0,0.E0));
#2170=DIRECTION('',(9.396926207859E-1,0.E0,3.420201433257E-1));
#2171=AXIS2_PLACEMENT_3D('',#2168,#2169,#2170);
#2173=CARTESIAN_POINT('',(2.309014068290E1,-1.481E2,5.E1));
#2174=DIRECTION('',(0.E0,1.E0,0.E0));
#2175=DIRECTION('',(-1.E0,0.E0,0.E0));
#2176=AXIS2_PLACEMENT_3D('',#2173,#2174,#2175);
#2178=CARTESIAN_POINT('',(2.309014068290E1,-1.481E2,5.E1));
#2179=DIRECTION('',(0.E0,1.E0,0.E0));
#2180=DIRECTION('',(1.E0,0.E0,0.E0));
#2181=AXIS2_PLACEMENT_3D('',#2178,#2179,#2180);
#2183=CARTESIAN_POINT('',(2.315521756103E1,-1.481E2,5.049430796473E1));
#2184=DIRECTION('',(0.E0,1.E0,0.E0));
#2185=DIRECTION('',(-9.659258262891E-1,0.E0,2.588190451025E-1));
#2186=AXIS2_PLACEMENT_3D('',#2183,#2184,#2185);
#2188=CARTESIAN_POINT('',(2.315521756103E1,-1.481E2,5.049430796473E1));
#2189=DIRECTION('',(0.E0,1.E0,0.E0));
#2190=DIRECTION('',(9.659258262891E-1,0.E0,-2.588190451025E-1));
#2191=AXIS2_PLACEMENT_3D('',#2188,#2189,#2190);
#2193=CARTESIAN_POINT('',(2.334601331373E1,-1.481E2,5.095492965855E1));
#2194=DIRECTION('',(0.E0,1.E0,0.E0));
#2195=DIRECTION('',(-8.660254037844E-1,0.E0,5.E-1));
#2196=AXIS2_PLACEMENT_3D('',#2193,#2194,#2195);
#2198=CARTESIAN_POINT('',(2.334601331373E1,-1.481E2,5.095492965855E1));
#2199=DIRECTION('',(0.E0,1.E0,0.E0));
#2200=DIRECTION('',(8.660254037844E-1,0.E0,-5.E-1));
#2201=AXIS2_PLACEMENT_3D('',#2198,#2199,#2200);
#2203=CARTESIAN_POINT('',(2.364952552576E1,-1.481E2,5.135047447424E1));
#2204=DIRECTION('',(0.E0,1.E0,0.E0));
#2205=DIRECTION('',(-7.071067811866E-1,0.E0,7.071067811865E-1));
#2206=AXIS2_PLACEMENT_3D('',#2203,#2204,#2205);
#2208=CARTESIAN_POINT('',(2.364952552576E1,-1.481E2,5.135047447424E1));
#2209=DIRECTION('',(0.E0,1.E0,0.E0));
#2210=DIRECTION('',(7.071067811866E-1,0.E0,-7.071067811865E-1));
#2211=AXIS2_PLACEMENT_3D('',#2208,#2209,#2210);
#2213=CARTESIAN_POINT('',(2.404507034145E1,-1.481E2,5.165398668627E1));
#2214=DIRECTION('',(0.E0,1.E0,0.E0));
#2215=DIRECTION('',(-5.E-1,0.E0,8.660254037844E-1));
#2216=AXIS2_PLACEMENT_3D('',#2213,#2214,#2215);
#2218=CARTESIAN_POINT('',(2.404507034145E1,-1.481E2,5.165398668627E1));
#2219=DIRECTION('',(0.E0,1.E0,0.E0));
#2220=DIRECTION('',(5.E-1,0.E0,-8.660254037844E-1));
#2221=AXIS2_PLACEMENT_3D('',#2218,#2219,#2220);
#2223=CARTESIAN_POINT('',(2.450569203527E1,-1.481E2,5.184478243897E1));
#2224=DIRECTION('',(0.E0,1.E0,0.E0));
#2225=DIRECTION('',(-2.588190451025E-1,0.E0,9.659258262891E-1));
#2226=AXIS2_PLACEMENT_3D('',#2223,#2224,#2225);
#2228=CARTESIAN_POINT('',(2.450569203527E1,-1.481E2,5.184478243897E1));
#2229=DIRECTION('',(0.E0,1.E0,0.E0));
#2230=DIRECTION('',(2.588190451025E-1,0.E0,-9.659258262891E-1));
#2231=AXIS2_PLACEMENT_3D('',#2228,#2229,#2230);
#2233=CARTESIAN_POINT('',(2.5E1,-1.481E2,5.190985931710E1));
#2234=DIRECTION('',(0.E0,1.E0,0.E0));
#2235=DIRECTION('',(0.E0,0.E0,1.E0));
#2236=AXIS2_PLACEMENT_3D('',#2233,#2234,#2235);
#2238=CARTESIAN_POINT('',(2.5E1,-1.481E2,5.190985931710E1));
#2239=DIRECTION('',(0.E0,1.E0,0.E0));
#2240=DIRECTION('',(0.E0,0.E0,-1.E0));
#2241=AXIS2_PLACEMENT_3D('',#2238,#2239,#2240);
#2243=CARTESIAN_POINT('',(2.549430796473E1,-1.481E2,5.184478243897E1));
#2244=DIRECTION('',(0.E0,1.E0,0.E0));
#2245=DIRECTION('',(2.588190451025E-1,0.E0,9.659258262891E-1));
#2246=AXIS2_PLACEMENT_3D('',#2243,#2244,#2245);
#2248=CARTESIAN_POINT('',(2.549430796473E1,-1.481E2,5.184478243897E1));
#2249=DIRECTION('',(0.E0,1.E0,0.E0));
#2250=DIRECTION('',(-2.588190451025E-1,0.E0,-9.659258262891E-1));
#2251=AXIS2_PLACEMENT_3D('',#2248,#2249,#2250);
#2253=CARTESIAN_POINT('',(2.595492965855E1,-1.481E2,5.165398668627E1));
#2254=DIRECTION('',(0.E0,1.E0,0.E0));
#2255=DIRECTION('',(5.E-1,0.E0,8.660254037844E-1));
#2256=AXIS2_PLACEMENT_3D('',#2253,#2254,#2255);
#2258=CARTESIAN_POINT('',(2.595492965855E1,-1.481E2,5.165398668627E1));
#2259=DIRECTION('',(0.E0,1.E0,0.E0));
#2260=DIRECTION('',(-5.E-1,0.E0,-8.660254037844E-1));
#2261=AXIS2_PLACEMENT_3D('',#2258,#2259,#2260);
#2263=CARTESIAN_POINT('',(2.635047447424E1,-1.481E2,5.135047447424E1));
#2264=DIRECTION('',(0.E0,1.E0,0.E0));
#2265=DIRECTION('',(7.071067811866E-1,0.E0,7.071067811865E-1));
#2266=AXIS2_PLACEMENT_3D('',#2263,#2264,#2265);
#2268=CARTESIAN_POINT('',(2.635047447424E1,-1.481E2,5.135047447424E1));
#2269=DIRECTION('',(0.E0,1.E0,0.E0));
#2270=DIRECTION('',(-7.071067811866E-1,0.E0,-7.071067811865E-1));
#2271=AXIS2_PLACEMENT_3D('',#2268,#2269,#2270);
#2273=CARTESIAN_POINT('',(2.665398668627E1,-1.481E2,5.095492965855E1));
#2274=DIRECTION('',(0.E0,1.E0,0.E0));
#2275=DIRECTION('',(8.660254037844E-1,0.E0,5.E-1));
#2276=AXIS2_PLACEMENT_3D('',#2273,#2274,#2275);
#2278=CARTESIAN_POINT('',(2.665398668627E1,-1.481E2,5.095492965855E1));
#2279=DIRECTION('',(0.E0,1.E0,0.E0));
#2280=DIRECTION('',(-8.660254037844E-1,0.E0,-5.E-1));
#2281=AXIS2_PLACEMENT_3D('',#2278,#2279,#2280);
#2283=CARTESIAN_POINT('',(2.684478243897E1,-1.481E2,5.049430796473E1));
#2284=DIRECTION('',(0.E0,1.E0,0.E0));
#2285=DIRECTION('',(9.659258262891E-1,0.E0,2.588190451025E-1));
#2286=AXIS2_PLACEMENT_3D('',#2283,#2284,#2285);
#2288=CARTESIAN_POINT('',(2.684478243897E1,-1.481E2,5.049430796473E1));
#2289=DIRECTION('',(0.E0,1.E0,0.E0));
#2290=DIRECTION('',(-9.659258262891E-1,0.E0,-2.588190451025E-1));
#2291=AXIS2_PLACEMENT_3D('',#2288,#2289,#2290);
#2293=CARTESIAN_POINT('',(2.690985931710E1,-1.481E2,5.E1));
#2294=DIRECTION('',(0.E0,1.E0,0.E0));
#2295=DIRECTION('',(1.E0,0.E0,0.E0));
#2296=AXIS2_PLACEMENT_3D('',#2293,#2294,#2295);
#2298=CARTESIAN_POINT('',(2.690985931710E1,-1.481E2,5.E1));
#2299=DIRECTION('',(0.E0,1.E0,0.E0));
#2300=DIRECTION('',(-1.E0,0.E0,0.E0));
#2301=AXIS2_PLACEMENT_3D('',#2298,#2299,#2300);
#2303=CARTESIAN_POINT('',(2.684478243897E1,-1.481E2,4.950569203527E1));
#2304=DIRECTION('',(0.E0,1.E0,0.E0));
#2305=DIRECTION('',(9.659258262891E-1,0.E0,-2.588190451025E-1));
#2306=AXIS2_PLACEMENT_3D('',#2303,#2304,#2305);
#2308=CARTESIAN_POINT('',(2.684478243897E1,-1.481E2,4.950569203527E1));
#2309=DIRECTION('',(0.E0,1.E0,0.E0));
#2310=DIRECTION('',(-9.659258262891E-1,0.E0,2.588190451025E-1));
#2311=AXIS2_PLACEMENT_3D('',#2308,#2309,#2310);
#2313=CARTESIAN_POINT('',(2.665398668627E1,-1.481E2,4.904507034145E1));
#2314=DIRECTION('',(0.E0,1.E0,0.E0));
#2315=DIRECTION('',(8.660254037844E-1,0.E0,-5.E-1));
#2316=AXIS2_PLACEMENT_3D('',#2313,#2314,#2315);
#2318=CARTESIAN_POINT('',(2.665398668627E1,-1.481E2,4.904507034145E1));
#2319=DIRECTION('',(0.E0,1.E0,0.E0));
#2320=DIRECTION('',(-8.660254037844E-1,0.E0,5.E-1));
#2321=AXIS2_PLACEMENT_3D('',#2318,#2319,#2320);
#2323=CARTESIAN_POINT('',(2.635047447424E1,-1.481E2,4.864952552576E1));
#2324=DIRECTION('',(0.E0,1.E0,0.E0));
#2325=DIRECTION('',(7.071067811866E-1,0.E0,-7.071067811865E-1));
#2326=AXIS2_PLACEMENT_3D('',#2323,#2324,#2325);
#2328=CARTESIAN_POINT('',(2.635047447424E1,-1.481E2,4.864952552576E1));
#2329=DIRECTION('',(0.E0,1.E0,0.E0));
#2330=DIRECTION('',(-7.071067811866E-1,0.E0,7.071067811865E-1));
#2331=AXIS2_PLACEMENT_3D('',#2328,#2329,#2330);
#2333=CARTESIAN_POINT('',(2.595492965855E1,-1.481E2,4.834601331373E1));
#2334=DIRECTION('',(0.E0,1.E0,0.E0));
#2335=DIRECTION('',(5.E-1,0.E0,-8.660254037844E-1));
#2336=AXIS2_PLACEMENT_3D('',#2333,#2334,#2335);
#2338=CARTESIAN_POINT('',(2.595492965855E1,-1.481E2,4.834601331373E1));
#2339=DIRECTION('',(0.E0,1.E0,0.E0));
#2340=DIRECTION('',(-5.E-1,0.E0,8.660254037844E-1));
#2341=AXIS2_PLACEMENT_3D('',#2338,#2339,#2340);
#2343=CARTESIAN_POINT('',(2.549430796473E1,-1.481E2,4.815521756103E1));
#2344=DIRECTION('',(0.E0,1.E0,0.E0));
#2345=DIRECTION('',(2.588190451025E-1,0.E0,-9.659258262891E-1));
#2346=AXIS2_PLACEMENT_3D('',#2343,#2344,#2345);
#2348=CARTESIAN_POINT('',(2.549430796473E1,-1.481E2,4.815521756103E1));
#2349=DIRECTION('',(0.E0,1.E0,0.E0));
#2350=DIRECTION('',(-2.588190451025E-1,0.E0,9.659258262891E-1));
#2351=AXIS2_PLACEMENT_3D('',#2348,#2349,#2350);
#2353=CARTESIAN_POINT('',(2.5E1,-1.481E2,4.809014068290E1));
#2354=DIRECTION('',(0.E0,1.E0,0.E0));
#2355=DIRECTION('',(0.E0,0.E0,-1.E0));
#2356=AXIS2_PLACEMENT_3D('',#2353,#2354,#2355);
#2358=CARTESIAN_POINT('',(2.5E1,-1.481E2,4.809014068290E1));
#2359=DIRECTION('',(0.E0,1.E0,0.E0));
#2360=DIRECTION('',(0.E0,0.E0,1.E0));
#2361=AXIS2_PLACEMENT_3D('',#2358,#2359,#2360);
#2363=CARTESIAN_POINT('',(2.450569203527E1,-1.481E2,4.815521756103E1));
#2364=DIRECTION('',(0.E0,1.E0,0.E0));
#2365=DIRECTION('',(-2.588190451025E-1,0.E0,-9.659258262891E-1));
#2366=AXIS2_PLACEMENT_3D('',#2363,#2364,#2365);
#2368=CARTESIAN_POINT('',(2.450569203527E1,-1.481E2,4.815521756103E1));
#2369=DIRECTION('',(0.E0,1.E0,0.E0));
#2370=DIRECTION('',(2.588190451025E-1,0.E0,9.659258262891E-1));
#2371=AXIS2_PLACEMENT_3D('',#2368,#2369,#2370);
#2373=CARTESIAN_POINT('',(2.404507034145E1,-1.481E2,4.834601331373E1));
#2374=DIRECTION('',(0.E0,1.E0,0.E0));
#2375=DIRECTION('',(-5.E-1,0.E0,-8.660254037844E-1));
#2376=AXIS2_PLACEMENT_3D('',#2373,#2374,#2375);
#2378=CARTESIAN_POINT('',(2.404507034145E1,-1.481E2,4.834601331373E1));
#2379=DIRECTION('',(0.E0,1.E0,0.E0));
#2380=DIRECTION('',(5.E-1,0.E0,8.660254037844E-1));
#2381=AXIS2_PLACEMENT_3D('',#2378,#2379,#2380);
#2383=CARTESIAN_POINT('',(2.364952552576E1,-1.481E2,4.864952552576E1));
#2384=DIRECTION('',(0.E0,1.E0,0.E0));
#2385=DIRECTION('',(-7.071067811866E-1,0.E0,-7.071067811865E-1));
#2386=AXIS2_PLACEMENT_3D('',#2383,#2384,#2385);
#2388=CARTESIAN_POINT('',(2.364952552576E1,-1.481E2,4.864952552576E1));
#2389=DIRECTION('',(0.E0,1.E0,0.E0));
#2390=DIRECTION('',(7.071067811866E-1,0.E0,7.071067811865E-1));
#2391=AXIS2_PLACEMENT_3D('',#2388,#2389,#2390);
#2393=CARTESIAN_POINT('',(2.334601331373E1,-1.481E2,4.904507034145E1));
#2394=DIRECTION('',(0.E0,1.E0,0.E0));
#2395=DIRECTION('',(-8.660254037844E-1,0.E0,-5.E-1));
#2396=AXIS2_PLACEMENT_3D('',#2393,#2394,#2395);
#2398=CARTESIAN_POINT('',(2.334601331373E1,-1.481E2,4.904507034145E1));
#2399=DIRECTION('',(0.E0,1.E0,0.E0));
#2400=DIRECTION('',(8.660254037844E-1,0.E0,5.E-1));
#2401=AXIS2_PLACEMENT_3D('',#2398,#2399,#2400);
#2403=CARTESIAN_POINT('',(2.315521756103E1,-1.481E2,4.950569203527E1));
#2404=DIRECTION('',(0.E0,1.E0,0.E0));
#2405=DIRECTION('',(-9.659258262891E-1,0.E0,-2.588190451025E-1));
#2406=AXIS2_PLACEMENT_3D('',#2403,#2404,#2405);
#2408=CARTESIAN_POINT('',(2.315521756103E1,-1.481E2,4.950569203527E1));
#2409=DIRECTION('',(0.E0,1.E0,0.E0));
#2410=DIRECTION('',(9.659258262891E-1,0.E0,2.588190451025E-1));
#2411=AXIS2_PLACEMENT_3D('',#2408,#2409,#2410);
#2413=CARTESIAN_POINT('',(2.261267585362E1,-1.481E2,5.E1));
#2414=DIRECTION('',(0.E0,1.E0,0.E0));
#2415=DIRECTION('',(-1.E0,0.E0,0.E0));
#2416=AXIS2_PLACEMENT_3D('',#2413,#2414,#2415);
#2418=CARTESIAN_POINT('',(2.261267585362E1,-1.481E2,5.E1));
#2419=DIRECTION('',(0.E0,1.E0,0.E0));
#2420=DIRECTION('',(1.E0,0.E0,0.E0));
#2421=AXIS2_PLACEMENT_3D('',#2418,#2419,#2420);
#2423=CARTESIAN_POINT('',(2.266484461405E1,-1.481E2,5.049635259980E1));
#2424=DIRECTION('',(0.E0,1.E0,0.E0));
#2425=DIRECTION('',(-9.781476007338E-1,0.E0,2.079116908178E-1));
#2426=AXIS2_PLACEMENT_3D('',#2423,#2424,#2425);
#2428=CARTESIAN_POINT('',(2.266484461405E1,-1.481E2,5.049635259980E1));
#2429=DIRECTION('',(0.E0,1.E0,0.E0));
#2430=DIRECTION('',(9.781476007338E-1,0.E0,-2.079116908178E-1));
#2431=AXIS2_PLACEMENT_3D('',#2428,#2429,#2430);
#2433=CARTESIAN_POINT('',(2.281907087016E1,-1.481E2,5.097101220923E1));
#2434=DIRECTION('',(0.E0,1.E0,0.E0));
#2435=DIRECTION('',(-9.135454576426E-1,0.E0,4.067366430758E-1));
#2436=AXIS2_PLACEMENT_3D('',#2433,#2434,#2435);
#2438=CARTESIAN_POINT('',(2.281907087016E1,-1.481E2,5.097101220923E1));
#2439=DIRECTION('',(0.E0,1.E0,0.E0));
#2440=DIRECTION('',(9.135454576426E-1,0.E0,-4.067366430758E-1));
#2441=AXIS2_PLACEMENT_3D('',#2438,#2439,#2440);
#2443=CARTESIAN_POINT('',(2.306861419450E1,-1.481E2,5.140323392568E1));
#2444=DIRECTION('',(0.E0,1.E0,0.E0));
#2445=DIRECTION('',(-8.090169943749E-1,0.E0,5.877852522925E-1));
#2446=AXIS2_PLACEMENT_3D('',#2443,#2444,#2445);
#2448=CARTESIAN_POINT('',(2.306861419450E1,-1.481E2,5.140323392568E1));
#2449=DIRECTION('',(0.E0,1.E0,0.E0));
#2450=DIRECTION('',(8.090169943749E-1,0.E0,-5.877852522925E-1));
#2451=AXIS2_PLACEMENT_3D('',#2448,#2449,#2450);
#2453=CARTESIAN_POINT('',(2.340256834636E1,-1.481E2,5.177412758612E1));
#2454=DIRECTION('',(0.E0,1.E0,0.E0));
#2455=DIRECTION('',(-6.691306063589E-1,0.E0,7.431448254774E-1));
#2456=AXIS2_PLACEMENT_3D('',#2453,#2454,#2455);
#2458=CARTESIAN_POINT('',(2.340256834636E1,-1.481E2,5.177412758612E1));
#2459=DIRECTION('',(0.E0,1.E0,0.E0));
#2460=DIRECTION('',(6.691306063589E-1,0.E0,-7.431448254774E-1));
#2461=AXIS2_PLACEMENT_3D('',#2458,#2459,#2460);
#2463=CARTESIAN_POINT('',(2.380633792681E1,-1.481E2,5.206748335783E1));
#2464=DIRECTION('',(0.E0,1.E0,0.E0));
#2465=DIRECTION('',(-5.E-1,0.E0,8.660254037844E-1));
#2466=AXIS2_PLACEMENT_3D('',#2463,#2464,#2465);
#2468=CARTESIAN_POINT('',(2.380633792681E1,-1.481E2,5.206748335783E1));
#2469=DIRECTION('',(0.E0,1.E0,0.E0));
#2470=DIRECTION('',(5.E-1,0.E0,-8.660254037844E-1));
#2471=AXIS2_PLACEMENT_3D('',#2468,#2469,#2470);
#2473=CARTESIAN_POINT('',(2.426227626769E1,-1.481E2,5.227048018592E1));
#2474=DIRECTION('',(0.E0,1.E0,0.E0));
#2475=DIRECTION('',(-3.090169943750E-1,0.E0,9.510565162952E-1));
#2476=AXIS2_PLACEMENT_3D('',#2473,#2474,#2475);
#2478=CARTESIAN_POINT('',(2.426227626769E1,-1.481E2,5.227048018592E1));
#2479=DIRECTION('',(0.E0,1.E0,0.E0));
#2480=DIRECTION('',(3.090169943750E-1,0.E0,-9.510565162952E-1));
#2481=AXIS2_PLACEMENT_3D('',#2478,#2479,#2480);
#2483=CARTESIAN_POINT('',(2.475045667566E1,-1.481E2,5.237424613491E1));
#2484=DIRECTION('',(0.E0,1.E0,0.E0));
#2485=DIRECTION('',(-1.045284632677E-1,0.E0,9.945218953683E-1));
#2486=AXIS2_PLACEMENT_3D('',#2483,#2484,#2485);
#2488=CARTESIAN_POINT('',(2.475045667566E1,-1.481E2,5.237424613491E1));
#2489=DIRECTION('',(0.E0,1.E0,0.E0));
#2490=DIRECTION('',(1.045284632677E-1,0.E0,-9.945218953683E-1));
#2491=AXIS2_PLACEMENT_3D('',#2488,#2489,#2490);
#2493=CARTESIAN_POINT('',(2.524954332434E1,-1.481E2,5.237424613491E1));
#2494=DIRECTION('',(0.E0,1.E0,0.E0));
#2495=DIRECTION('',(1.045284632677E-1,0.E0,9.945218953683E-1));
#2496=AXIS2_PLACEMENT_3D('',#2493,#2494,#2495);
#2498=CARTESIAN_POINT('',(2.524954332434E1,-1.481E2,5.237424613491E1));
#2499=DIRECTION('',(0.E0,1.E0,0.E0));
#2500=DIRECTION('',(-1.045284632677E-1,0.E0,-9.945218953683E-1));
#2501=AXIS2_PLACEMENT_3D('',#2498,#2499,#2500);
#2503=CARTESIAN_POINT('',(2.573772373231E1,-1.481E2,5.227048018592E1));
#2504=DIRECTION('',(0.E0,1.E0,0.E0));
#2505=DIRECTION('',(3.090169943750E-1,0.E0,9.510565162952E-1));
#2506=AXIS2_PLACEMENT_3D('',#2503,#2504,#2505);
#2508=CARTESIAN_POINT('',(2.573772373231E1,-1.481E2,5.227048018592E1));
#2509=DIRECTION('',(0.E0,1.E0,0.E0));
#2510=DIRECTION('',(-3.090169943750E-1,0.E0,-9.510565162952E-1));
#2511=AXIS2_PLACEMENT_3D('',#2508,#2509,#2510);
#2513=CARTESIAN_POINT('',(2.619366207319E1,-1.481E2,5.206748335783E1));
#2514=DIRECTION('',(0.E0,1.E0,0.E0));
#2515=DIRECTION('',(5.E-1,0.E0,8.660254037844E-1));
#2516=AXIS2_PLACEMENT_3D('',#2513,#2514,#2515);
#2518=CARTESIAN_POINT('',(2.619366207319E1,-1.481E2,5.206748335783E1));
#2519=DIRECTION('',(0.E0,1.E0,0.E0));
#2520=DIRECTION('',(-5.E-1,0.E0,-8.660254037844E-1));
#2521=AXIS2_PLACEMENT_3D('',#2518,#2519,#2520);
#2523=CARTESIAN_POINT('',(2.659743165364E1,-1.481E2,5.177412758612E1));
#2524=DIRECTION('',(0.E0,1.E0,0.E0));
#2525=DIRECTION('',(6.691306063589E-1,0.E0,7.431448254774E-1));
#2526=AXIS2_PLACEMENT_3D('',#2523,#2524,#2525);
#2528=CARTESIAN_POINT('',(2.659743165364E1,-1.481E2,5.177412758612E1));
#2529=DIRECTION('',(0.E0,1.E0,0.E0));
#2530=DIRECTION('',(-6.691306063589E-1,0.E0,-7.431448254774E-1));
#2531=AXIS2_PLACEMENT_3D('',#2528,#2529,#2530);
#2533=CARTESIAN_POINT('',(2.693138580550E1,-1.481E2,5.140323392568E1));
#2534=DIRECTION('',(0.E0,1.E0,0.E0));
#2535=DIRECTION('',(8.090169943749E-1,0.E0,5.877852522925E-1));
#2536=AXIS2_PLACEMENT_3D('',#2533,#2534,#2535);
#2538=CARTESIAN_POINT('',(2.693138580550E1,-1.481E2,5.140323392568E1));
#2539=DIRECTION('',(0.E0,1.E0,0.E0));
#2540=DIRECTION('',(-8.090169943749E-1,0.E0,-5.877852522925E-1));
#2541=AXIS2_PLACEMENT_3D('',#2538,#2539,#2540);
#2543=CARTESIAN_POINT('',(2.718092912984E1,-1.481E2,5.097101220923E1));
#2544=DIRECTION('',(0.E0,1.E0,0.E0));
#2545=DIRECTION('',(9.135454576426E-1,0.E0,4.067366430758E-1));
#2546=AXIS2_PLACEMENT_3D('',#2543,#2544,#2545);
#2548=CARTESIAN_POINT('',(2.718092912984E1,-1.481E2,5.097101220923E1));
#2549=DIRECTION('',(0.E0,1.E0,0.E0));
#2550=DIRECTION('',(-9.135454576426E-1,0.E0,-4.067366430758E-1));
#2551=AXIS2_PLACEMENT_3D('',#2548,#2549,#2550);
#2553=CARTESIAN_POINT('',(2.733515538595E1,-1.481E2,5.049635259980E1));
#2554=DIRECTION('',(0.E0,1.E0,0.E0));
#2555=DIRECTION('',(9.781476007338E-1,0.E0,2.079116908178E-1));
#2556=AXIS2_PLACEMENT_3D('',#2553,#2554,#2555);
#2558=CARTESIAN_POINT('',(2.733515538595E1,-1.481E2,5.049635259980E1));
#2559=DIRECTION('',(0.E0,1.E0,0.E0));
#2560=DIRECTION('',(-9.781476007338E-1,0.E0,-2.079116908178E-1));
#2561=AXIS2_PLACEMENT_3D('',#2558,#2559,#2560);
#2563=CARTESIAN_POINT('',(2.738732414638E1,-1.481E2,5.E1));
#2564=DIRECTION('',(0.E0,1.E0,0.E0));
#2565=DIRECTION('',(1.E0,0.E0,0.E0));
#2566=AXIS2_PLACEMENT_3D('',#2563,#2564,#2565);
#2568=CARTESIAN_POINT('',(2.738732414638E1,-1.481E2,5.E1));
#2569=DIRECTION('',(0.E0,1.E0,0.E0));
#2570=DIRECTION('',(-1.E0,0.E0,0.E0));
#2571=AXIS2_PLACEMENT_3D('',#2568,#2569,#2570);
#2573=CARTESIAN_POINT('',(2.733515538595E1,-1.481E2,4.950364740020E1));
#2574=DIRECTION('',(0.E0,1.E0,0.E0));
#2575=DIRECTION('',(9.781476007338E-1,0.E0,-2.079116908178E-1));
#2576=AXIS2_PLACEMENT_3D('',#2573,#2574,#2575);
#2578=CARTESIAN_POINT('',(2.733515538595E1,-1.481E2,4.950364740020E1));
#2579=DIRECTION('',(0.E0,1.E0,0.E0));
#2580=DIRECTION('',(-9.781476007338E-1,0.E0,2.079116908178E-1));
#2581=AXIS2_PLACEMENT_3D('',#2578,#2579,#2580);
#2583=CARTESIAN_POINT('',(2.718092912984E1,-1.481E2,4.902898779077E1));
#2584=DIRECTION('',(0.E0,1.E0,0.E0));
#2585=DIRECTION('',(9.135454576426E-1,0.E0,-4.067366430758E-1));
#2586=AXIS2_PLACEMENT_3D('',#2583,#2584,#2585);
#2588=CARTESIAN_POINT('',(2.718092912984E1,-1.481E2,4.902898779077E1));
#2589=DIRECTION('',(0.E0,1.E0,0.E0));
#2590=DIRECTION('',(-9.135454576426E-1,0.E0,4.067366430758E-1));
#2591=AXIS2_PLACEMENT_3D('',#2588,#2589,#2590);
#2593=CARTESIAN_POINT('',(2.693138580550E1,-1.481E2,4.859676607432E1));
#2594=DIRECTION('',(0.E0,1.E0,0.E0));
#2595=DIRECTION('',(8.090169943749E-1,0.E0,-5.877852522925E-1));
#2596=AXIS2_PLACEMENT_3D('',#2593,#2594,#2595);
#2598=CARTESIAN_POINT('',(2.693138580550E1,-1.481E2,4.859676607432E1));
#2599=DIRECTION('',(0.E0,1.E0,0.E0));
#2600=DIRECTION('',(-8.090169943749E-1,0.E0,5.877852522925E-1));
#2601=AXIS2_PLACEMENT_3D('',#2598,#2599,#2600);
#2603=CARTESIAN_POINT('',(2.659743165364E1,-1.481E2,4.822587241388E1));
#2604=DIRECTION('',(0.E0,1.E0,0.E0));
#2605=DIRECTION('',(6.691306063589E-1,0.E0,-7.431448254774E-1));
#2606=AXIS2_PLACEMENT_3D('',#2603,#2604,#2605);
#2608=CARTESIAN_POINT('',(2.659743165364E1,-1.481E2,4.822587241388E1));
#2609=DIRECTION('',(0.E0,1.E0,0.E0));
#2610=DIRECTION('',(-6.691306063589E-1,0.E0,7.431448254774E-1));
#2611=AXIS2_PLACEMENT_3D('',#2608,#2609,#2610);
#2613=CARTESIAN_POINT('',(2.619366207319E1,-1.481E2,4.793251664217E1));
#2614=DIRECTION('',(0.E0,1.E0,0.E0));
#2615=DIRECTION('',(5.E-1,0.E0,-8.660254037844E-1));
#2616=AXIS2_PLACEMENT_3D('',#2613,#2614,#2615);
#2618=CARTESIAN_POINT('',(2.619366207319E1,-1.481E2,4.793251664217E1));
#2619=DIRECTION('',(0.E0,1.E0,0.E0));
#2620=DIRECTION('',(-5.E-1,0.E0,8.660254037844E-1));
#2621=AXIS2_PLACEMENT_3D('',#2618,#2619,#2620);
#2623=CARTESIAN_POINT('',(2.573772373231E1,-1.481E2,4.772951981408E1));
#2624=DIRECTION('',(0.E0,1.E0,0.E0));
#2625=DIRECTION('',(3.090169943750E-1,0.E0,-9.510565162952E-1));
#2626=AXIS2_PLACEMENT_3D('',#2623,#2624,#2625);
#2628=CARTESIAN_POINT('',(2.573772373231E1,-1.481E2,4.772951981408E1));
#2629=DIRECTION('',(0.E0,1.E0,0.E0));
#2630=DIRECTION('',(-3.090169943750E-1,0.E0,9.510565162952E-1));
#2631=AXIS2_PLACEMENT_3D('',#2628,#2629,#2630);
#2633=CARTESIAN_POINT('',(2.524954332434E1,-1.481E2,4.762575386509E1));
#2634=DIRECTION('',(0.E0,1.E0,0.E0));
#2635=DIRECTION('',(1.045284632677E-1,0.E0,-9.945218953683E-1));
#2636=AXIS2_PLACEMENT_3D('',#2633,#2634,#2635);
#2638=CARTESIAN_POINT('',(2.524954332434E1,-1.481E2,4.762575386509E1));
#2639=DIRECTION('',(0.E0,1.E0,0.E0));
#2640=DIRECTION('',(-1.045284632677E-1,0.E0,9.945218953683E-1));
#2641=AXIS2_PLACEMENT_3D('',#2638,#2639,#2640);
#2643=CARTESIAN_POINT('',(2.475045667566E1,-1.481E2,4.762575386509E1));
#2644=DIRECTION('',(0.E0,1.E0,0.E0));
#2645=DIRECTION('',(-1.045284632676E-1,0.E0,-9.945218953683E-1));
#2646=AXIS2_PLACEMENT_3D('',#2643,#2644,#2645);
#2648=CARTESIAN_POINT('',(2.475045667566E1,-1.481E2,4.762575386509E1));
#2649=DIRECTION('',(0.E0,1.E0,0.E0));
#2650=DIRECTION('',(1.045284632676E-1,0.E0,9.945218953683E-1));
#2651=AXIS2_PLACEMENT_3D('',#2648,#2649,#2650);
#2653=CARTESIAN_POINT('',(2.426227626769E1,-1.481E2,4.772951981408E1));
#2654=DIRECTION('',(0.E0,1.E0,0.E0));
#2655=DIRECTION('',(-3.090169943750E-1,0.E0,-9.510565162952E-1));
#2656=AXIS2_PLACEMENT_3D('',#2653,#2654,#2655);
#2658=CARTESIAN_POINT('',(2.426227626769E1,-1.481E2,4.772951981408E1));
#2659=DIRECTION('',(0.E0,1.E0,0.E0));
#2660=DIRECTION('',(3.090169943750E-1,0.E0,9.510565162952E-1));
#2661=AXIS2_PLACEMENT_3D('',#2658,#2659,#2660);
#2663=CARTESIAN_POINT('',(2.380633792681E1,-1.481E2,4.793251664217E1));
#2664=DIRECTION('',(0.E0,1.E0,0.E0));
#2665=DIRECTION('',(-5.E-1,0.E0,-8.660254037844E-1));
#2666=AXIS2_PLACEMENT_3D('',#2663,#2664,#2665);
#2668=CARTESIAN_POINT('',(2.380633792681E1,-1.481E2,4.793251664217E1));
#2669=DIRECTION('',(0.E0,1.E0,0.E0));
#2670=DIRECTION('',(5.E-1,0.E0,8.660254037844E-1));
#2671=AXIS2_PLACEMENT_3D('',#2668,#2669,#2670);
#2673=CARTESIAN_POINT('',(2.340256834636E1,-1.481E2,4.822587241388E1));
#2674=DIRECTION('',(0.E0,1.E0,0.E0));
#2675=DIRECTION('',(-6.691306063589E-1,0.E0,-7.431448254774E-1));
#2676=AXIS2_PLACEMENT_3D('',#2673,#2674,#2675);
#2678=CARTESIAN_POINT('',(2.340256834636E1,-1.481E2,4.822587241388E1));
#2679=DIRECTION('',(0.E0,1.E0,0.E0));
#2680=DIRECTION('',(6.691306063589E-1,0.E0,7.431448254774E-1));
#2681=AXIS2_PLACEMENT_3D('',#2678,#2679,#2680);
#2683=CARTESIAN_POINT('',(2.306861419450E1,-1.481E2,4.859676607432E1));
#2684=DIRECTION('',(0.E0,1.E0,0.E0));
#2685=DIRECTION('',(-8.090169943749E-1,0.E0,-5.877852522925E-1));
#2686=AXIS2_PLACEMENT_3D('',#2683,#2684,#2685);
#2688=CARTESIAN_POINT('',(2.306861419450E1,-1.481E2,4.859676607432E1));
#2689=DIRECTION('',(0.E0,1.E0,0.E0));
#2690=DIRECTION('',(8.090169943749E-1,0.E0,5.877852522925E-1));
#2691=AXIS2_PLACEMENT_3D('',#2688,#2689,#2690);
#2693=CARTESIAN_POINT('',(2.281907087016E1,-1.481E2,4.902898779077E1));
#2694=DIRECTION('',(0.E0,1.E0,0.E0));
#2695=DIRECTION('',(-9.135454576426E-1,0.E0,-4.067366430758E-1));
#2696=AXIS2_PLACEMENT_3D('',#2693,#2694,#2695);
#2698=CARTESIAN_POINT('',(2.281907087016E1,-1.481E2,4.902898779077E1));
#2699=DIRECTION('',(0.E0,1.E0,0.E0));
#2700=DIRECTION('',(9.135454576426E-1,0.E0,4.067366430758E-1));
#2701=AXIS2_PLACEMENT_3D('',#2698,#2699,#2700);
#2703=CARTESIAN_POINT('',(2.266484461405E1,-1.481E2,4.950364740020E1));
#2704=DIRECTION('',(0.E0,1.E0,0.E0));
#2705=DIRECTION('',(-9.781476007338E-1,0.E0,-2.079116908178E-1));
#2706=AXIS2_PLACEMENT_3D('',#2703,#2704,#2705);
#2708=CARTESIAN_POINT('',(2.266484461405E1,-1.481E2,4.950364740020E1));
#2709=DIRECTION('',(0.E0,1.E0,0.E0));
#2710=DIRECTION('',(9.781476007338E-1,0.E0,2.079116908178E-1));
#2711=AXIS2_PLACEMENT_3D('',#2708,#2709,#2710);
#2713=CARTESIAN_POINT('',(2.213521102435E1,-1.481E2,5.E1));
#2714=DIRECTION('',(0.E0,1.E0,0.E0));
#2715=DIRECTION('',(-1.E0,0.E0,0.E0));
#2716=AXIS2_PLACEMENT_3D('',#2713,#2714,#2715);
#2718=CARTESIAN_POINT('',(2.213521102435E1,-1.481E2,5.E1));
#2719=DIRECTION('',(0.E0,1.E0,0.E0));
#2720=DIRECTION('',(1.E0,0.E0,0.E0));
#2721=AXIS2_PLACEMENT_3D('',#2718,#2719,#2720);
#2723=CARTESIAN_POINT('',(2.217873360603E1,-1.481E2,5.049746538502E1));
#2724=DIRECTION('',(0.E0,1.E0,0.E0));
#2725=DIRECTION('',(-9.848077530122E-1,0.E0,1.736481776670E-1));
#2726=AXIS2_PLACEMENT_3D('',#2723,#2724,#2725);
#2728=CARTESIAN_POINT('',(2.217873360603E1,-1.481E2,5.049746538502E1));
#2729=DIRECTION('',(0.E0,1.E0,0.E0));
#2730=DIRECTION('',(9.848077530122E-1,0.E0,-1.736481776670E-1));
#2731=AXIS2_PLACEMENT_3D('',#2728,#2729,#2730);
#2733=CARTESIAN_POINT('',(2.230797893947E1,-1.481E2,5.097981553605E1));
#2734=DIRECTION('',(0.E0,1.E0,0.E0));
#2735=DIRECTION('',(-9.396926207859E-1,0.E0,3.420201433257E-1));
#2736=AXIS2_PLACEMENT_3D('',#2733,#2734,#2735);
#2738=CARTESIAN_POINT('',(2.230797893947E1,-1.481E2,5.097981553605E1));
#2739=DIRECTION('',(0.E0,1.E0,0.E0));
#2740=DIRECTION('',(9.396926207859E-1,0.E0,-3.420201433257E-1));
#2741=AXIS2_PLACEMENT_3D('',#2738,#2739,#2740);
#2743=CARTESIAN_POINT('',(2.251901997060E1,-1.481E2,5.143239448783E1));
#2744=DIRECTION('',(0.E0,1.E0,0.E0));
#2745=DIRECTION('',(-8.660254037844E-1,0.E0,5.E-1));
#2746=AXIS2_PLACEMENT_3D('',#2743,#2744,#2745);
#2748=CARTESIAN_POINT('',(2.251901997060E1,-1.481E2,5.143239448783E1));
#2749=DIRECTION('',(0.E0,1.E0,0.E0));
#2750=DIRECTION('',(8.660254037844E-1,0.E0,-5.E-1));
#2751=AXIS2_PLACEMENT_3D('',#2748,#2749,#2750);
#2753=CARTESIAN_POINT('',(2.280544432449E1,-1.481E2,5.184145085792E1));
#2754=DIRECTION('',(0.E0,1.E0,0.E0));
#2755=DIRECTION('',(-7.660444431190E-1,0.E0,6.427876096865E-1));
#2756=AXIS2_PLACEMENT_3D('',#2753,#2754,#2755);
#2758=CARTESIAN_POINT('',(2.280544432449E1,-1.481E2,5.184145085792E1));
#2759=DIRECTION('',(0.E0,1.E0,0.E0));
#2760=DIRECTION('',(7.660444431190E-1,0.E0,-6.427876096865E-1));
#2761=AXIS2_PLACEMENT_3D('',#2758,#2759,#2760);
#2763=CARTESIAN_POINT('',(2.315854914208E1,-1.481E2,5.219455567551E1));
#2764=DIRECTION('',(0.E0,1.E0,0.E0));
#2765=DIRECTION('',(-6.427876096865E-1,0.E0,7.660444431190E-1));
#2766=AXIS2_PLACEMENT_3D('',#2763,#2764,#2765);
#2768=CARTESIAN_POINT('',(2.315854914208E1,-1.481E2,5.219455567551E1));
#2769=DIRECTION('',(0.E0,1.E0,0.E0));
#2770=DIRECTION('',(6.427876096865E-1,0.E0,-7.660444431190E-1));
#2771=AXIS2_PLACEMENT_3D('',#2768,#2769,#2770);
#2773=CARTESIAN_POINT('',(2.356760551217E1,-1.481E2,5.248098002940E1));
#2774=DIRECTION('',(0.E0,1.E0,0.E0));
#2775=DIRECTION('',(-5.E-1,0.E0,8.660254037844E-1));
#2776=AXIS2_PLACEMENT_3D('',#2773,#2774,#2775);
#2778=CARTESIAN_POINT('',(2.356760551217E1,-1.481E2,5.248098002940E1));
#2779=DIRECTION('',(0.E0,1.E0,0.E0));
#2780=DIRECTION('',(5.E-1,0.E0,-8.660254037844E-1));
#2781=AXIS2_PLACEMENT_3D('',#2778,#2779,#2780);
#2783=CARTESIAN_POINT('',(2.402018446395E1,-1.481E2,5.269202106053E1));
#2784=DIRECTION('',(0.E0,1.E0,0.E0));
#2785=DIRECTION('',(-3.420201433257E-1,0.E0,9.396926207859E-1));
#2786=AXIS2_PLACEMENT_3D('',#2783,#2784,#2785);
#2788=CARTESIAN_POINT('',(2.402018446395E1,-1.481E2,5.269202106053E1));
#2789=DIRECTION('',(0.E0,1.E0,0.E0));
#2790=DIRECTION('',(3.420201433257E-1,0.E0,-9.396926207859E-1));
#2791=AXIS2_PLACEMENT_3D('',#2788,#2789,#2790);
#2793=CARTESIAN_POINT('',(2.450253461498E1,-1.481E2,5.282126639397E1));
#2794=DIRECTION('',(0.E0,1.E0,0.E0));
#2795=DIRECTION('',(-1.736481776669E-1,0.E0,9.848077530122E-1));
#2796=AXIS2_PLACEMENT_3D('',#2793,#2794,#2795);
#2798=CARTESIAN_POINT('',(2.450253461498E1,-1.481E2,5.282126639397E1));
#2799=DIRECTION('',(0.E0,1.E0,0.E0));
#2800=DIRECTION('',(1.736481776669E-1,0.E0,-9.848077530122E-1));
#2801=AXIS2_PLACEMENT_3D('',#2798,#2799,#2800);
#2803=CARTESIAN_POINT('',(2.5E1,-1.481E2,5.286478897565E1));
#2804=DIRECTION('',(0.E0,1.E0,0.E0));
#2805=DIRECTION('',(0.E0,0.E0,1.E0));
#2806=AXIS2_PLACEMENT_3D('',#2803,#2804,#2805);
#2808=CARTESIAN_POINT('',(2.5E1,-1.481E2,5.286478897565E1));
#2809=DIRECTION('',(0.E0,1.E0,0.E0));
#2810=DIRECTION('',(0.E0,0.E0,-1.E0));
#2811=AXIS2_PLACEMENT_3D('',#2808,#2809,#2810);
#2813=CARTESIAN_POINT('',(2.549746538502E1,-1.481E2,5.282126639397E1));
#2814=DIRECTION('',(0.E0,1.E0,0.E0));
#2815=DIRECTION('',(1.736481776669E-1,0.E0,9.848077530122E-1));
#2816=AXIS2_PLACEMENT_3D('',#2813,#2814,#2815);
#2818=CARTESIAN_POINT('',(2.549746538502E1,-1.481E2,5.282126639397E1));
#2819=DIRECTION('',(0.E0,1.E0,0.E0));
#2820=DIRECTION('',(-1.736481776669E-1,0.E0,-9.848077530122E-1));
#2821=AXIS2_PLACEMENT_3D('',#2818,#2819,#2820);
#2823=CARTESIAN_POINT('',(2.597981553605E1,-1.481E2,5.269202106053E1));
#2824=DIRECTION('',(0.E0,1.E0,0.E0));
#2825=DIRECTION('',(3.420201433257E-1,0.E0,9.396926207859E-1));
#2826=AXIS2_PLACEMENT_3D('',#2823,#2824,#2825);
#2828=CARTESIAN_POINT('',(2.597981553605E1,-1.481E2,5.269202106053E1));
#2829=DIRECTION('',(0.E0,1.E0,0.E0));
#2830=DIRECTION('',(-3.420201433257E-1,0.E0,-9.396926207859E-1));
#2831=AXIS2_PLACEMENT_3D('',#2828,#2829,#2830);
#2833=CARTESIAN_POINT('',(2.643239448783E1,-1.481E2,5.248098002940E1));
#2834=DIRECTION('',(0.E0,1.E0,0.E0));
#2835=DIRECTION('',(5.E-1,0.E0,8.660254037844E-1));
#2836=AXIS2_PLACEMENT_3D('',#2833,#2834,#2835);
#2838=CARTESIAN_POINT('',(2.643239448783E1,-1.481E2,5.248098002940E1));
#2839=DIRECTION('',(0.E0,1.E0,0.E0));
#2840=DIRECTION('',(-5.E-1,0.E0,-8.660254037844E-1));
#2841=AXIS2_PLACEMENT_3D('',#2838,#2839,#2840);
#2843=CARTESIAN_POINT('',(2.684145085792E1,-1.481E2,5.219455567551E1));
#2844=DIRECTION('',(0.E0,1.E0,0.E0));
#2845=DIRECTION('',(6.427876096865E-1,0.E0,7.660444431190E-1));
#2846=AXIS2_PLACEMENT_3D('',#2843,#2844,#2845);
#2848=CARTESIAN_POINT('',(2.684145085792E1,-1.481E2,5.219455567551E1));
#2849=DIRECTION('',(0.E0,1.E0,0.E0));
#2850=DIRECTION('',(-6.427876096865E-1,0.E0,-7.660444431190E-1));
#2851=AXIS2_PLACEMENT_3D('',#2848,#2849,#2850);
#2853=CARTESIAN_POINT('',(2.719455567551E1,-1.481E2,5.184145085792E1));
#2854=DIRECTION('',(0.E0,1.E0,0.E0));
#2855=DIRECTION('',(7.660444431190E-1,0.E0,6.427876096865E-1));
#2856=AXIS2_PLACEMENT_3D('',#2853,#2854,#2855);
#2858=CARTESIAN_POINT('',(2.719455567551E1,-1.481E2,5.184145085792E1));
#2859=DIRECTION('',(0.E0,1.E0,0.E0));
#2860=DIRECTION('',(-7.660444431190E-1,0.E0,-6.427876096865E-1));
#2861=AXIS2_PLACEMENT_3D('',#2858,#2859,#2860);
#2863=CARTESIAN_POINT('',(2.748098002940E1,-1.481E2,5.143239448783E1));
#2864=DIRECTION('',(0.E0,1.E0,0.E0));
#2865=DIRECTION('',(8.660254037844E-1,0.E0,5.E-1));
#2866=AXIS2_PLACEMENT_3D('',#2863,#2864,#2865);
#2868=CARTESIAN_POINT('',(2.748098002940E1,-1.481E2,5.143239448783E1));
#2869=DIRECTION('',(0.E0,1.E0,0.E0));
#2870=DIRECTION('',(-8.660254037844E-1,0.E0,-5.E-1));
#2871=AXIS2_PLACEMENT_3D('',#2868,#2869,#2870);
#2873=CARTESIAN_POINT('',(2.769202106053E1,-1.481E2,5.097981553605E1));
#2874=DIRECTION('',(0.E0,1.E0,0.E0));
#2875=DIRECTION('',(9.396926207859E-1,0.E0,3.420201433257E-1));
#2876=AXIS2_PLACEMENT_3D('',#2873,#2874,#2875);
#2878=CARTESIAN_POINT('',(2.769202106053E1,-1.481E2,5.097981553605E1));
#2879=DIRECTION('',(0.E0,1.E0,0.E0));
#2880=DIRECTION('',(-9.396926207859E-1,0.E0,-3.420201433257E-1));
#2881=AXIS2_PLACEMENT_3D('',#2878,#2879,#2880);
#2883=CARTESIAN_POINT('',(2.782126639397E1,-1.481E2,5.049746538502E1));
#2884=DIRECTION('',(0.E0,1.E0,0.E0));
#2885=DIRECTION('',(9.848077530122E-1,0.E0,1.736481776670E-1));
#2886=AXIS2_PLACEMENT_3D('',#2883,#2884,#2885);
#2888=CARTESIAN_POINT('',(2.782126639397E1,-1.481E2,5.049746538502E1));
#2889=DIRECTION('',(0.E0,1.E0,0.E0));
#2890=DIRECTION('',(-9.848077530122E-1,0.E0,-1.736481776670E-1));
#2891=AXIS2_PLACEMENT_3D('',#2888,#2889,#2890);
#2893=CARTESIAN_POINT('',(2.786478897565E1,-1.481E2,5.E1));
#2894=DIRECTION('',(0.E0,1.E0,0.E0));
#2895=DIRECTION('',(1.E0,0.E0,0.E0));
#2896=AXIS2_PLACEMENT_3D('',#2893,#2894,#2895);
#2898=CARTESIAN_POINT('',(2.786478897565E1,-1.481E2,5.E1));
#2899=DIRECTION('',(0.E0,1.E0,0.E0));
#2900=DIRECTION('',(-1.E0,0.E0,0.E0));
#2901=AXIS2_PLACEMENT_3D('',#2898,#2899,#2900);
#2903=CARTESIAN_POINT('',(2.782126639397E1,-1.481E2,4.950253461498E1));
#2904=DIRECTION('',(0.E0,1.E0,0.E0));
#2905=DIRECTION('',(9.848077530122E-1,0.E0,-1.736481776669E-1));
#2906=AXIS2_PLACEMENT_3D('',#2903,#2904,#2905);
#2908=CARTESIAN_POINT('',(2.782126639397E1,-1.481E2,4.950253461498E1));
#2909=DIRECTION('',(0.E0,1.E0,0.E0));
#2910=DIRECTION('',(-9.848077530122E-1,0.E0,1.736481776669E-1));
#2911=AXIS2_PLACEMENT_3D('',#2908,#2909,#2910);
#2913=CARTESIAN_POINT('',(2.769202106053E1,-1.481E2,4.902018446395E1));
#2914=DIRECTION('',(0.E0,1.E0,0.E0));
#2915=DIRECTION('',(9.396926207859E-1,0.E0,-3.420201433257E-1));
#2916=AXIS2_PLACEMENT_3D('',#2913,#2914,#2915);
#2918=CARTESIAN_POINT('',(2.769202106053E1,-1.481E2,4.902018446395E1));
#2919=DIRECTION('',(0.E0,1.E0,0.E0));
#2920=DIRECTION('',(-9.396926207859E-1,0.E0,3.420201433257E-1));
#2921=AXIS2_PLACEMENT_3D('',#2918,#2919,#2920);
#2923=CARTESIAN_POINT('',(2.748098002940E1,-1.481E2,4.856760551217E1));
#2924=DIRECTION('',(0.E0,1.E0,0.E0));
#2925=DIRECTION('',(8.660254037844E-1,0.E0,-5.E-1));
#2926=AXIS2_PLACEMENT_3D('',#2923,#2924,#2925);
#2928=CARTESIAN_POINT('',(2.748098002940E1,-1.481E2,4.856760551217E1));
#2929=DIRECTION('',(0.E0,1.E0,0.E0));
#2930=DIRECTION('',(-8.660254037844E-1,0.E0,5.E-1));
#2931=AXIS2_PLACEMENT_3D('',#2928,#2929,#2930);
#2933=CARTESIAN_POINT('',(2.719455567551E1,-1.481E2,4.815854914208E1));
#2934=DIRECTION('',(0.E0,1.E0,0.E0));
#2935=DIRECTION('',(7.660444431190E-1,0.E0,-6.427876096865E-1));
#2936=AXIS2_PLACEMENT_3D('',#2933,#2934,#2935);
#2938=CARTESIAN_POINT('',(2.719455567551E1,-1.481E2,4.815854914208E1));
#2939=DIRECTION('',(0.E0,1.E0,0.E0));
#2940=DIRECTION('',(-7.660444431190E-1,0.E0,6.427876096865E-1));
#2941=AXIS2_PLACEMENT_3D('',#2938,#2939,#2940);
#2943=CARTESIAN_POINT('',(2.684145085792E1,-1.481E2,4.780544432449E1));
#2944=DIRECTION('',(0.E0,1.E0,0.E0));
#2945=DIRECTION('',(6.427876096865E-1,0.E0,-7.660444431190E-1));
#2946=AXIS2_PLACEMENT_3D('',#2943,#2944,#2945);
#2948=CARTESIAN_POINT('',(2.684145085792E1,-1.481E2,4.780544432449E1));
#2949=DIRECTION('',(0.E0,1.E0,0.E0));
#2950=DIRECTION('',(-6.427876096865E-1,0.E0,7.660444431190E-1));
#2951=AXIS2_PLACEMENT_3D('',#2948,#2949,#2950);
#2953=CARTESIAN_POINT('',(2.643239448783E1,-1.481E2,4.751901997060E1));
#2954=DIRECTION('',(0.E0,1.E0,0.E0));
#2955=DIRECTION('',(5.E-1,0.E0,-8.660254037844E-1));
#2956=AXIS2_PLACEMENT_3D('',#2953,#2954,#2955);
#2958=CARTESIAN_POINT('',(2.643239448783E1,-1.481E2,4.751901997060E1));
#2959=DIRECTION('',(0.E0,1.E0,0.E0));
#2960=DIRECTION('',(-5.E-1,0.E0,8.660254037844E-1));
#2961=AXIS2_PLACEMENT_3D('',#2958,#2959,#2960);
#2963=CARTESIAN_POINT('',(2.597981553605E1,-1.481E2,4.730797893947E1));
#2964=DIRECTION('',(0.E0,1.E0,0.E0));
#2965=DIRECTION('',(3.420201433257E-1,0.E0,-9.396926207859E-1));
#2966=AXIS2_PLACEMENT_3D('',#2963,#2964,#2965);
#2968=CARTESIAN_POINT('',(2.597981553605E1,-1.481E2,4.730797893947E1));
#2969=DIRECTION('',(0.E0,1.E0,0.E0));
#2970=DIRECTION('',(-3.420201433257E-1,0.E0,9.396926207859E-1));
#2971=AXIS2_PLACEMENT_3D('',#2968,#2969,#2970);
#2973=CARTESIAN_POINT('',(2.549746538502E1,-1.481E2,4.717873360603E1));
#2974=DIRECTION('',(0.E0,1.E0,0.E0));
#2975=DIRECTION('',(1.736481776669E-1,0.E0,-9.848077530122E-1));
#2976=AXIS2_PLACEMENT_3D('',#2973,#2974,#2975);
#2978=CARTESIAN_POINT('',(2.549746538502E1,-1.481E2,4.717873360603E1));
#2979=DIRECTION('',(0.E0,1.E0,0.E0));
#2980=DIRECTION('',(-1.736481776669E-1,0.E0,9.848077530122E-1));
#2981=AXIS2_PLACEMENT_3D('',#2978,#2979,#2980);
#2983=CARTESIAN_POINT('',(2.5E1,-1.481E2,4.713521102435E1));
#2984=DIRECTION('',(0.E0,1.E0,0.E0));
#2985=DIRECTION('',(0.E0,0.E0,-1.E0));
#2986=AXIS2_PLACEMENT_3D('',#2983,#2984,#2985);
#2988=CARTESIAN_POINT('',(2.5E1,-1.481E2,4.713521102435E1));
#2989=DIRECTION('',(0.E0,1.E0,0.E0));
#2990=DIRECTION('',(0.E0,0.E0,1.E0));
#2991=AXIS2_PLACEMENT_3D('',#2988,#2989,#2990);
#2993=CARTESIAN_POINT('',(2.450253461498E1,-1.481E2,4.717873360603E1));
#2994=DIRECTION('',(0.E0,1.E0,0.E0));
#2995=DIRECTION('',(-1.736481776669E-1,0.E0,-9.848077530122E-1));
#2996=AXIS2_PLACEMENT_3D('',#2993,#2994,#2995);
#2998=CARTESIAN_POINT('',(2.450253461498E1,-1.481E2,4.717873360603E1));
#2999=DIRECTION('',(0.E0,1.E0,0.E0));
#3000=DIRECTION('',(1.736481776669E-1,0.E0,9.848077530122E-1));
#3001=AXIS2_PLACEMENT_3D('',#2998,#2999,#3000);
#3003=CARTESIAN_POINT('',(2.402018446395E1,-1.481E2,4.730797893947E1));
#3004=DIRECTION('',(0.E0,1.E0,0.E0));
#3005=DIRECTION('',(-3.420201433257E-1,0.E0,-9.396926207859E-1));
#3006=AXIS2_PLACEMENT_3D('',#3003,#3004,#3005);
#3008=CARTESIAN_POINT('',(2.402018446395E1,-1.481E2,4.730797893947E1));
#3009=DIRECTION('',(0.E0,1.E0,0.E0));
#3010=DIRECTION('',(3.420201433257E-1,0.E0,9.396926207859E-1));
#3011=AXIS2_PLACEMENT_3D('',#3008,#3009,#3010);
#3013=CARTESIAN_POINT('',(2.356760551217E1,-1.481E2,4.751901997060E1));
#3014=DIRECTION('',(0.E0,1.E0,0.E0));
#3015=DIRECTION('',(-5.E-1,0.E0,-8.660254037844E-1));
#3016=AXIS2_PLACEMENT_3D('',#3013,#3014,#3015);
#3018=CARTESIAN_POINT('',(2.356760551217E1,-1.481E2,4.751901997060E1));
#3019=DIRECTION('',(0.E0,1.E0,0.E0));
#3020=DIRECTION('',(5.E-1,0.E0,8.660254037844E-1));
#3021=AXIS2_PLACEMENT_3D('',#3018,#3019,#3020);
#3023=CARTESIAN_POINT('',(2.315854914208E1,-1.481E2,4.780544432449E1));
#3024=DIRECTION('',(0.E0,1.E0,0.E0));
#3025=DIRECTION('',(-6.427876096865E-1,0.E0,-7.660444431190E-1));
#3026=AXIS2_PLACEMENT_3D('',#3023,#3024,#3025);
#3028=CARTESIAN_POINT('',(2.315854914208E1,-1.481E2,4.780544432449E1));
#3029=DIRECTION('',(0.E0,1.E0,0.E0));
#3030=DIRECTION('',(6.427876096865E-1,0.E0,7.660444431190E-1));
#3031=AXIS2_PLACEMENT_3D('',#3028,#3029,#3030);
#3033=CARTESIAN_POINT('',(2.280544432449E1,-1.481E2,4.815854914208E1));
#3034=DIRECTION('',(0.E0,1.E0,0.E0));
#3035=DIRECTION('',(-7.660444431190E-1,0.E0,-6.427876096865E-1));
#3036=AXIS2_PLACEMENT_3D('',#3033,#3034,#3035);
#3038=CARTESIAN_POINT('',(2.280544432449E1,-1.481E2,4.815854914208E1));
#3039=DIRECTION('',(0.E0,1.E0,0.E0));
#3040=DIRECTION('',(7.660444431190E-1,0.E0,6.427876096865E-1));
#3041=AXIS2_PLACEMENT_3D('',#3038,#3039,#3040);
#3043=CARTESIAN_POINT('',(2.251901997060E1,-1.481E2,4.856760551217E1));
#3044=DIRECTION('',(0.E0,1.E0,0.E0));
#3045=DIRECTION('',(-8.660254037844E-1,0.E0,-5.E-1));
#3046=AXIS2_PLACEMENT_3D('',#3043,#3044,#3045);
#3048=CARTESIAN_POINT('',(2.251901997060E1,-1.481E2,4.856760551217E1));
#3049=DIRECTION('',(0.E0,1.E0,0.E0));
#3050=DIRECTION('',(8.660254037844E-1,0.E0,5.E-1));
#3051=AXIS2_PLACEMENT_3D('',#3048,#3049,#3050);
#3053=CARTESIAN_POINT('',(2.230797893947E1,-1.481E2,4.902018446395E1));
#3054=DIRECTION('',(0.E0,1.E0,0.E0));
#3055=DIRECTION('',(-9.396926207859E-1,0.E0,-3.420201433257E-1));
#3056=AXIS2_PLACEMENT_3D('',#3053,#3054,#3055);
#3058=CARTESIAN_POINT('',(2.230797893947E1,-1.481E2,4.902018446395E1));
#3059=DIRECTION('',(0.E0,1.E0,0.E0));
#3060=DIRECTION('',(9.396926207859E-1,0.E0,3.420201433257E-1));
#3061=AXIS2_PLACEMENT_3D('',#3058,#3059,#3060);
#3063=CARTESIAN_POINT('',(2.217873360603E1,-1.481E2,4.950253461498E1));
#3064=DIRECTION('',(0.E0,1.E0,0.E0));
#3065=DIRECTION('',(-9.848077530122E-1,0.E0,-1.736481776670E-1));
#3066=AXIS2_PLACEMENT_3D('',#3063,#3064,#3065);
#3068=CARTESIAN_POINT('',(2.217873360603E1,-1.481E2,4.950253461498E1));
#3069=DIRECTION('',(0.E0,1.E0,0.E0));
#3070=DIRECTION('',(9.848077530122E-1,0.E0,1.736481776670E-1));
#3071=AXIS2_PLACEMENT_3D('',#3068,#3069,#3070);
#3073=DIRECTION('',(0.E0,-1.E0,0.E0));
#3074=VECTOR('',#3073,3.E-1);
#3075=CARTESIAN_POINT('',(2.485E1,-1.481E2,5.E1));
#3076=LINE('',#3075,#3074);
#3077=DIRECTION('',(0.E0,-1.E0,0.E0));
#3078=VECTOR('',#3077,3.E-1);
#3079=CARTESIAN_POINT('',(2.515E1,-1.481E2,5.E1));
#3080=LINE('',#3079,#3078);
#3081=DIRECTION('',(0.E0,-1.E0,0.E0));
#3082=VECTOR('',#3081,3.E-1);
#3083=CARTESIAN_POINT('',(2.437253517072E1,-1.481E2,5.E1));
#3084=LINE('',#3083,#3082);
#3085=DIRECTION('',(0.E0,-1.E0,0.E0));
#3086=VECTOR('',#3085,3.E-1);
#3087=CARTESIAN_POINT('',(2.467253517072E1,-1.481E2,5.E1));
#3088=LINE('',#3087,#3086);
#3089=DIRECTION('',(0.E0,-1.E0,0.E0));
#3090=VECTOR('',#3089,3.E-1);
#3091=CARTESIAN_POINT('',(2.468626758536E1,-1.481E2,5.054340048213E1));
#3092=LINE('',#3091,#3090);
#3093=DIRECTION('',(0.E0,-1.E0,0.E0));
#3094=VECTOR('',#3093,3.E-1);
#3095=CARTESIAN_POINT('',(2.483626758536E1,-1.481E2,5.028359286100E1));
#3096=LINE('',#3095,#3094);
#3097=DIRECTION('',(0.E0,-1.E0,0.E0));
#3098=VECTOR('',#3097,3.E-1);
#3099=CARTESIAN_POINT('',(2.531373241464E1,-1.481E2,5.054340048213E1));
#3100=LINE('',#3099,#3098);
#3101=DIRECTION('',(0.E0,-1.E0,0.E0));
#3102=VECTOR('',#3101,3.E-1);
#3103=CARTESIAN_POINT('',(2.516373241464E1,-1.481E2,5.028359286100E1));
#3104=LINE('',#3103,#3102);
#3105=DIRECTION('',(0.E0,-1.E0,0.E0));
#3106=VECTOR('',#3105,3.E-1);
#3107=CARTESIAN_POINT('',(2.562746482928E1,-1.481E2,5.E1));
#3108=LINE('',#3107,#3106);
#3109=DIRECTION('',(0.E0,-1.E0,0.E0));
#3110=VECTOR('',#3109,3.E-1);
#3111=CARTESIAN_POINT('',(2.532746482928E1,-1.481E2,5.E1));
#3112=LINE('',#3111,#3110);
#3113=DIRECTION('',(0.E0,-1.E0,0.E0));
#3114=VECTOR('',#3113,3.E-1);
#3115=CARTESIAN_POINT('',(2.531373241464E1,-1.481E2,4.945659951787E1));
#3116=LINE('',#3115,#3114);
#3117=DIRECTION('',(0.E0,-1.E0,0.E0));
#3118=VECTOR('',#3117,3.E-1);
#3119=CARTESIAN_POINT('',(2.516373241464E1,-1.481E2,4.971640713900E1));
#3120=LINE('',#3119,#3118);
#3121=DIRECTION('',(0.E0,-1.E0,0.E0));
#3122=VECTOR('',#3121,3.E-1);
#3123=CARTESIAN_POINT('',(2.468626758536E1,-1.481E2,4.945659951787E1));
#3124=LINE('',#3123,#3122);
#3125=DIRECTION('',(0.E0,-1.E0,0.E0));
#3126=VECTOR('',#3125,3.E-1);
#3127=CARTESIAN_POINT('',(2.483626758536E1,-1.481E2,4.971640713900E1));
#3128=LINE('',#3127,#3126);
#3129=DIRECTION('',(0.E0,-1.E0,0.E0));
#3130=VECTOR('',#3129,3.E-1);
#3131=CARTESIAN_POINT('',(2.389507034145E1,-1.481E2,5.E1));
#3132=LINE('',#3131,#3130);
#3133=DIRECTION('',(0.E0,-1.E0,0.E0));
#3134=VECTOR('',#3133,3.E-1);
#3135=CARTESIAN_POINT('',(2.419507034145E1,-1.481E2,5.E1));
#3136=LINE('',#3135,#3134);
#3137=DIRECTION('',(0.E0,-1.E0,0.E0));
#3138=VECTOR('',#3137,3.E-1);
#3139=CARTESIAN_POINT('',(2.404310284630E1,-1.481E2,5.055246482928E1));
#3140=LINE('',#3139,#3138);
#3141=DIRECTION('',(0.E0,-1.E0,0.E0));
#3142=VECTOR('',#3141,3.E-1);
#3143=CARTESIAN_POINT('',(2.430291046743E1,-1.481E2,5.040246482928E1));
#3144=LINE('',#3143,#3142);
#3145=DIRECTION('',(0.E0,-1.E0,0.E0));
#3146=VECTOR('',#3145,3.E-1);
#3147=CARTESIAN_POINT('',(2.444753517072E1,-1.481E2,5.095689715370E1));
#3148=LINE('',#3147,#3146);
#3149=DIRECTION('',(0.E0,-1.E0,0.E0));
#3150=VECTOR('',#3149,3.E-1);
#3151=CARTESIAN_POINT('',(2.459753517072E1,-1.481E2,5.069708953257E1));
#3152=LINE('',#3151,#3150);
#3153=DIRECTION('',(0.E0,-1.E0,0.E0));
#3154=VECTOR('',#3153,3.E-1);
#3155=CARTESIAN_POINT('',(2.5E1,-1.481E2,5.110492965855E1));
#3156=LINE('',#3155,#3154);
#3157=DIRECTION('',(0.E0,-1.E0,0.E0));
#3158=VECTOR('',#3157,3.E-1);
#3159=CARTESIAN_POINT('',(2.5E1,-1.481E2,5.080492965855E1));
#3160=LINE('',#3159,#3158);
#3161=DIRECTION('',(0.E0,-1.E0,0.E0));
#3162=VECTOR('',#3161,3.E-1);
#3163=CARTESIAN_POINT('',(2.555246482928E1,-1.481E2,5.095689715370E1));
#3164=LINE('',#3163,#3162);
#3165=DIRECTION('',(0.E0,-1.E0,0.E0));
#3166=VECTOR('',#3165,3.E-1);
#3167=CARTESIAN_POINT('',(2.540246482928E1,-1.481E2,5.069708953257E1));
#3168=LINE('',#3167,#3166);
#3169=DIRECTION('',(0.E0,-1.E0,0.E0));
#3170=VECTOR('',#3169,3.E-1);
#3171=CARTESIAN_POINT('',(2.595689715370E1,-1.481E2,5.055246482928E1));
#3172=LINE('',#3171,#3170);
#3173=DIRECTION('',(0.E0,-1.E0,0.E0));
#3174=VECTOR('',#3173,3.E-1);
#3175=CARTESIAN_POINT('',(2.569708953257E1,-1.481E2,5.040246482928E1));
#3176=LINE('',#3175,#3174);
#3177=DIRECTION('',(0.E0,-1.E0,0.E0));
#3178=VECTOR('',#3177,3.E-1);
#3179=CARTESIAN_POINT('',(2.610492965855E1,-1.481E2,5.E1));
#3180=LINE('',#3179,#3178);
#3181=DIRECTION('',(0.E0,-1.E0,0.E0));
#3182=VECTOR('',#3181,3.E-1);
#3183=CARTESIAN_POINT('',(2.580492965855E1,-1.481E2,5.E1));
#3184=LINE('',#3183,#3182);
#3185=DIRECTION('',(0.E0,-1.E0,0.E0));
#3186=VECTOR('',#3185,3.E-1);
#3187=CARTESIAN_POINT('',(2.595689715370E1,-1.481E2,4.944753517072E1));
#3188=LINE('',#3187,#3186);
#3189=DIRECTION('',(0.E0,-1.E0,0.E0));
#3190=VECTOR('',#3189,3.E-1);
#3191=CARTESIAN_POINT('',(2.569708953257E1,-1.481E2,4.959753517072E1));
#3192=LINE('',#3191,#3190);
#3193=DIRECTION('',(0.E0,-1.E0,0.E0));
#3194=VECTOR('',#3193,3.E-1);
#3195=CARTESIAN_POINT('',(2.555246482928E1,-1.481E2,4.904310284630E1));
#3196=LINE('',#3195,#3194);
#3197=DIRECTION('',(0.E0,-1.E0,0.E0));
#3198=VECTOR('',#3197,3.E-1);
#3199=CARTESIAN_POINT('',(2.540246482928E1,-1.481E2,4.930291046743E1));
#3200=LINE('',#3199,#3198);
#3201=DIRECTION('',(0.E0,-1.E0,0.E0));
#3202=VECTOR('',#3201,3.E-1);
#3203=CARTESIAN_POINT('',(2.5E1,-1.481E2,4.889507034145E1));
#3204=LINE('',#3203,#3202);
#3205=DIRECTION('',(0.E0,-1.E0,0.E0));
#3206=VECTOR('',#3205,3.E-1);
#3207=CARTESIAN_POINT('',(2.5E1,-1.481E2,4.919507034145E1));
#3208=LINE('',#3207,#3206);
#3209=DIRECTION('',(0.E0,-1.E0,0.E0));
#3210=VECTOR('',#3209,3.E-1);
#3211=CARTESIAN_POINT('',(2.444753517072E1,-1.481E2,4.904310284630E1));
#3212=LINE('',#3211,#3210);
#3213=DIRECTION('',(0.E0,-1.E0,0.E0));
#3214=VECTOR('',#3213,3.E-1);
#3215=CARTESIAN_POINT('',(2.459753517072E1,-1.481E2,4.930291046743E1));
#3216=LINE('',#3215,#3214);
#3217=DIRECTION('',(0.E0,-1.E0,0.E0));
#3218=VECTOR('',#3217,3.E-1);
#3219=CARTESIAN_POINT('',(2.404310284630E1,-1.481E2,4.944753517072E1));
#3220=LINE('',#3219,#3218);
#3221=DIRECTION('',(0.E0,-1.E0,0.E0));
#3222=VECTOR('',#3221,3.E-1);
#3223=CARTESIAN_POINT('',(2.430291046743E1,-1.481E2,4.959753517072E1));
#3224=LINE('',#3223,#3222);
#3225=DIRECTION('',(0.E0,-1.E0,0.E0));
#3226=VECTOR('',#3225,3.E-1);
#3227=CARTESIAN_POINT('',(2.341760551217E1,-1.481E2,5.E1));
#3228=LINE('',#3227,#3226);
#3229=DIRECTION('',(0.E0,-1.E0,0.E0));
#3230=VECTOR('',#3229,3.E-1);
#3231=CARTESIAN_POINT('',(2.371760551217E1,-1.481E2,5.E1));
#3232=LINE('',#3231,#3230);
#3233=DIRECTION('',(0.E0,-1.E0,0.E0));
#3234=VECTOR('',#3233,3.E-1);
#3235=CARTESIAN_POINT('',(2.351303557662E1,-1.481E2,5.054121078952E1));
#3236=LINE('',#3235,#3234);
#3237=DIRECTION('',(0.E0,-1.E0,0.E0));
#3238=VECTOR('',#3237,3.E-1);
#3239=CARTESIAN_POINT('',(2.379494336285E1,-1.481E2,5.043860474653E1));
#3240=LINE('',#3239,#3238);
#3241=DIRECTION('',(0.E0,-1.E0,0.E0));
#3242=VECTOR('',#3241,3.E-1);
#3243=CARTESIAN_POINT('',(2.378781549578E1,-1.481E2,5.101714357041E1));
#3244=LINE('',#3243,#3242);
#3245=DIRECTION('',(0.E0,-1.E0,0.E0));
#3246=VECTOR('',#3245,3.E-1);
#3247=CARTESIAN_POINT('',(2.401762882871E1,-1.481E2,5.082430728751E1));
#3248=LINE('',#3247,#3246);
#3249=DIRECTION('',(0.E0,-1.E0,0.E0));
#3250=VECTOR('',#3249,3.E-1);
#3251=CARTESIAN_POINT('',(2.420880275609E1,-1.481E2,5.137039382527E1));
#3252=LINE('',#3251,#3250);
#3253=DIRECTION('',(0.E0,-1.E0,0.E0));
#3254=VECTOR('',#3253,3.E-1);
#3255=CARTESIAN_POINT('',(2.435880275609E1,-1.481E2,5.111058620413E1));
#3256=LINE('',#3255,#3254);
#3257=DIRECTION('',(0.E0,-1.E0,0.E0));
#3258=VECTOR('',#3257,3.E-1);
#3259=CARTESIAN_POINT('',(2.472522008084E1,-1.481E2,5.155835435994E1));
#3260=LINE('',#3259,#3258);
#3261=DIRECTION('',(0.E0,-1.E0,0.E0));
#3262=VECTOR('',#3261,3.E-1);
#3263=CARTESIAN_POINT('',(2.477731453414E1,-1.481E2,5.126291203403E1));
#3264=LINE('',#3263,#3262);
#3265=DIRECTION('',(0.E0,-1.E0,0.E0));
#3266=VECTOR('',#3265,3.E-1);
#3267=CARTESIAN_POINT('',(2.527477991916E1,-1.481E2,5.155835435994E1));
#3268=LINE('',#3267,#3266);
#3269=DIRECTION('',(0.E0,-1.E0,0.E0));
#3270=VECTOR('',#3269,3.E-1);
#3271=CARTESIAN_POINT('',(2.522268546586E1,-1.481E2,5.126291203403E1));
#3272=LINE('',#3271,#3270);
#3273=DIRECTION('',(0.E0,-1.E0,0.E0));
#3274=VECTOR('',#3273,3.E-1);
#3275=CARTESIAN_POINT('',(2.579119724391E1,-1.481E2,5.137039382527E1));
#3276=LINE('',#3275,#3274);
#3277=DIRECTION('',(0.E0,-1.E0,0.E0));
#3278=VECTOR('',#3277,3.E-1);
#3279=CARTESIAN_POINT('',(2.564119724391E1,-1.481E2,5.111058620413E1));
#3280=LINE('',#3279,#3278);
#3281=DIRECTION('',(0.E0,-1.E0,0.E0));
#3282=VECTOR('',#3281,3.E-1);
#3283=CARTESIAN_POINT('',(2.621218450422E1,-1.481E2,5.101714357041E1));
#3284=LINE('',#3283,#3282);
#3285=DIRECTION('',(0.E0,-1.E0,0.E0));
#3286=VECTOR('',#3285,3.E-1);
#3287=CARTESIAN_POINT('',(2.598237117129E1,-1.481E2,5.082430728751E1));
#3288=LINE('',#3287,#3286);
#3289=DIRECTION('',(0.E0,-1.E0,0.E0));
#3290=VECTOR('',#3289,3.E-1);
#3291=CARTESIAN_POINT('',(2.648696442338E1,-1.481E2,5.054121078952E1));
#3292=LINE('',#3291,#3290);
#3293=DIRECTION('',(0.E0,-1.E0,0.E0));
#3294=VECTOR('',#3293,3.E-1);
#3295=CARTESIAN_POINT('',(2.620505663715E1,-1.481E2,5.043860474653E1));
#3296=LINE('',#3295,#3294);
#3297=DIRECTION('',(0.E0,-1.E0,0.E0));
#3298=VECTOR('',#3297,3.E-1);
#3299=CARTESIAN_POINT('',(2.658239448783E1,-1.481E2,5.E1));
#3300=LINE('',#3299,#3298);
#3301=DIRECTION('',(0.E0,-1.E0,0.E0));
#3302=VECTOR('',#3301,3.E-1);
#3303=CARTESIAN_POINT('',(2.628239448783E1,-1.481E2,5.E1));
#3304=LINE('',#3303,#3302);
#3305=DIRECTION('',(0.E0,-1.E0,0.E0));
#3306=VECTOR('',#3305,3.E-1);
#3307=CARTESIAN_POINT('',(2.648696442338E1,-1.481E2,4.945878921048E1));
#3308=LINE('',#3307,#3306);
#3309=DIRECTION('',(0.E0,-1.E0,0.E0));
#3310=VECTOR('',#3309,3.E-1);
#3311=CARTESIAN_POINT('',(2.620505663715E1,-1.481E2,4.956139525347E1));
#3312=LINE('',#3311,#3310);
#3313=DIRECTION('',(0.E0,-1.E0,0.E0));
#3314=VECTOR('',#3313,3.E-1);
#3315=CARTESIAN_POINT('',(2.621218450422E1,-1.481E2,4.898285642959E1));
#3316=LINE('',#3315,#3314);
#3317=DIRECTION('',(0.E0,-1.E0,0.E0));
#3318=VECTOR('',#3317,3.E-1);
#3319=CARTESIAN_POINT('',(2.598237117129E1,-1.481E2,4.917569271249E1));
#3320=LINE('',#3319,#3318);
#3321=DIRECTION('',(0.E0,-1.E0,0.E0));
#3322=VECTOR('',#3321,3.E-1);
#3323=CARTESIAN_POINT('',(2.579119724391E1,-1.481E2,4.862960617473E1));
#3324=LINE('',#3323,#3322);
#3325=DIRECTION('',(0.E0,-1.E0,0.E0));
#3326=VECTOR('',#3325,3.E-1);
#3327=CARTESIAN_POINT('',(2.564119724391E1,-1.481E2,4.888941379587E1));
#3328=LINE('',#3327,#3326);
#3329=DIRECTION('',(0.E0,-1.E0,0.E0));
#3330=VECTOR('',#3329,3.E-1);
#3331=CARTESIAN_POINT('',(2.527477991916E1,-1.481E2,4.844164564006E1));
#3332=LINE('',#3331,#3330);
#3333=DIRECTION('',(0.E0,-1.E0,0.E0));
#3334=VECTOR('',#3333,3.E-1);
#3335=CARTESIAN_POINT('',(2.522268546586E1,-1.481E2,4.873708796597E1));
#3336=LINE('',#3335,#3334);
#3337=DIRECTION('',(0.E0,-1.E0,0.E0));
#3338=VECTOR('',#3337,3.E-1);
#3339=CARTESIAN_POINT('',(2.472522008084E1,-1.481E2,4.844164564006E1));
#3340=LINE('',#3339,#3338);
#3341=DIRECTION('',(0.E0,-1.E0,0.E0));
#3342=VECTOR('',#3341,3.E-1);
#3343=CARTESIAN_POINT('',(2.477731453414E1,-1.481E2,4.873708796597E1));
#3344=LINE('',#3343,#3342);
#3345=DIRECTION('',(0.E0,-1.E0,0.E0));
#3346=VECTOR('',#3345,3.E-1);
#3347=CARTESIAN_POINT('',(2.420880275609E1,-1.481E2,4.862960617473E1));
#3348=LINE('',#3347,#3346);
#3349=DIRECTION('',(0.E0,-1.E0,0.E0));
#3350=VECTOR('',#3349,3.E-1);
#3351=CARTESIAN_POINT('',(2.435880275609E1,-1.481E2,4.888941379587E1));
#3352=LINE('',#3351,#3350);
#3353=DIRECTION('',(0.E0,-1.E0,0.E0));
#3354=VECTOR('',#3353,3.E-1);
#3355=CARTESIAN_POINT('',(2.378781549578E1,-1.481E2,4.898285642959E1));
#3356=LINE('',#3355,#3354);
#3357=DIRECTION('',(0.E0,-1.E0,0.E0));
#3358=VECTOR('',#3357,3.E-1);
#3359=CARTESIAN_POINT('',(2.401762882871E1,-1.481E2,4.917569271249E1));
#3360=LINE('',#3359,#3358);
#3361=DIRECTION('',(0.E0,-1.E0,0.E0));
#3362=VECTOR('',#3361,3.E-1);
#3363=CARTESIAN_POINT('',(2.351303557662E1,-1.481E2,4.945878921048E1));
#3364=LINE('',#3363,#3362);
#3365=DIRECTION('',(0.E0,-1.E0,0.E0));
#3366=VECTOR('',#3365,3.E-1);
#3367=CARTESIAN_POINT('',(2.379494336285E1,-1.481E2,4.956139525347E1));
#3368=LINE('',#3367,#3366);
#3369=DIRECTION('',(0.E0,-1.E0,0.E0));
#3370=VECTOR('',#3369,3.E-1);
#3371=CARTESIAN_POINT('',(2.294014068290E1,-1.481E2,5.E1));
#3372=LINE('',#3371,#3370);
#3373=DIRECTION('',(0.E0,-1.E0,0.E0));
#3374=VECTOR('',#3373,3.E-1);
#3375=CARTESIAN_POINT('',(2.324014068290E1,-1.481E2,5.E1));
#3376=LINE('',#3375,#3374);
#3377=DIRECTION('',(0.E0,-1.E0,0.E0));
#3378=VECTOR('',#3377,3.E-1);
#3379=CARTESIAN_POINT('',(2.301032868709E1,-1.481E2,5.053313082150E1));
#3380=LINE('',#3379,#3378);
#3381=DIRECTION('',(0.E0,-1.E0,0.E0));
#3382=VECTOR('',#3381,3.E-1);
#3383=CARTESIAN_POINT('',(2.330010643498E1,-1.481E2,5.045548510797E1));
#3384=LINE('',#3383,#3382);
#3385=DIRECTION('',(0.E0,-1.E0,0.E0));
#3386=VECTOR('',#3385,3.E-1);
#3387=CARTESIAN_POINT('',(2.321610950317E1,-1.481E2,5.102992965855E1));
#3388=LINE('',#3387,#3386);
#3389=DIRECTION('',(0.E0,-1.E0,0.E0));
#3390=VECTOR('',#3389,3.E-1);
#3391=CARTESIAN_POINT('',(2.347591712430E1,-1.481E2,5.087992965855E1));
#3392=LINE('',#3391,#3390);
#3393=DIRECTION('',(0.E0,-1.E0,0.E0));
#3394=VECTOR('',#3393,3.E-1);
#3395=CARTESIAN_POINT('',(2.354345950859E1,-1.481E2,5.145654049141E1));
#3396=LINE('',#3395,#3394);
#3397=DIRECTION('',(0.E0,-1.E0,0.E0));
#3398=VECTOR('',#3397,3.E-1);
#3399=CARTESIAN_POINT('',(2.375559154294E1,-1.481E2,5.124440845706E1));
#3400=LINE('',#3399,#3398);
#3401=DIRECTION('',(0.E0,-1.E0,0.E0));
#3402=VECTOR('',#3401,3.E-1);
#3403=CARTESIAN_POINT('',(2.397007034145E1,-1.481E2,5.178389049683E1));
#3404=LINE('',#3403,#3402);
#3405=DIRECTION('',(0.E0,-1.E0,0.E0));
#3406=VECTOR('',#3405,3.E-1);
#3407=CARTESIAN_POINT('',(2.412007034145E1,-1.481E2,5.152408287570E1));
#3408=LINE('',#3407,#3406);
#3409=DIRECTION('',(0.E0,-1.E0,0.E0));
#3410=VECTOR('',#3409,3.E-1);
#3411=CARTESIAN_POINT('',(2.446686917850E1,-1.481E2,5.198967131291E1));
#3412=LINE('',#3411,#3410);
#3413=DIRECTION('',(0.E0,-1.E0,0.E0));
#3414=VECTOR('',#3413,3.E-1);
#3415=CARTESIAN_POINT('',(2.454451489203E1,-1.481E2,5.169989356502E1));
#3416=LINE('',#3415,#3414);
#3417=DIRECTION('',(0.E0,-1.E0,0.E0));
#3418=VECTOR('',#3417,3.E-1);
#3419=CARTESIAN_POINT('',(2.5E1,-1.481E2,5.205985931710E1));
#3420=LINE('',#3419,#3418);
#3421=DIRECTION('',(0.E0,-1.E0,0.E0));
#3422=VECTOR('',#3421,3.E-1);
#3423=CARTESIAN_POINT('',(2.5E1,-1.481E2,5.175985931710E1));
#3424=LINE('',#3423,#3422);
#3425=DIRECTION('',(0.E0,-1.E0,0.E0));
#3426=VECTOR('',#3425,3.E-1);
#3427=CARTESIAN_POINT('',(2.553313082150E1,-1.481E2,5.198967131291E1));
#3428=LINE('',#3427,#3426);
#3429=DIRECTION('',(0.E0,-1.E0,0.E0));
#3430=VECTOR('',#3429,3.E-1);
#3431=CARTESIAN_POINT('',(2.545548510797E1,-1.481E2,5.169989356502E1));
#3432=LINE('',#3431,#3430);
#3433=DIRECTION('',(0.E0,-1.E0,0.E0));
#3434=VECTOR('',#3433,3.E-1);
#3435=CARTESIAN_POINT('',(2.602992965855E1,-1.481E2,5.178389049683E1));
#3436=LINE('',#3435,#3434);
#3437=DIRECTION('',(0.E0,-1.E0,0.E0));
#3438=VECTOR('',#3437,3.E-1);
#3439=CARTESIAN_POINT('',(2.587992965855E1,-1.481E2,5.152408287570E1));
#3440=LINE('',#3439,#3438);
#3441=DIRECTION('',(0.E0,-1.E0,0.E0));
#3442=VECTOR('',#3441,3.E-1);
#3443=CARTESIAN_POINT('',(2.645654049141E1,-1.481E2,5.145654049141E1));
#3444=LINE('',#3443,#3442);
#3445=DIRECTION('',(0.E0,-1.E0,0.E0));
#3446=VECTOR('',#3445,3.E-1);
#3447=CARTESIAN_POINT('',(2.624440845706E1,-1.481E2,5.124440845706E1));
#3448=LINE('',#3447,#3446);
#3449=DIRECTION('',(0.E0,-1.E0,0.E0));
#3450=VECTOR('',#3449,3.E-1);
#3451=CARTESIAN_POINT('',(2.678389049683E1,-1.481E2,5.102992965855E1));
#3452=LINE('',#3451,#3450);
#3453=DIRECTION('',(0.E0,-1.E0,0.E0));
#3454=VECTOR('',#3453,3.E-1);
#3455=CARTESIAN_POINT('',(2.652408287570E1,-1.481E2,5.087992965855E1));
#3456=LINE('',#3455,#3454);
#3457=DIRECTION('',(0.E0,-1.E0,0.E0));
#3458=VECTOR('',#3457,3.E-1);
#3459=CARTESIAN_POINT('',(2.698967131291E1,-1.481E2,5.053313082150E1));
#3460=LINE('',#3459,#3458);
#3461=DIRECTION('',(0.E0,-1.E0,0.E0));
#3462=VECTOR('',#3461,3.E-1);
#3463=CARTESIAN_POINT('',(2.669989356502E1,-1.481E2,5.045548510797E1));
#3464=LINE('',#3463,#3462);
#3465=DIRECTION('',(0.E0,-1.E0,0.E0));
#3466=VECTOR('',#3465,3.E-1);
#3467=CARTESIAN_POINT('',(2.705985931710E1,-1.481E2,5.E1));
#3468=LINE('',#3467,#3466);
#3469=DIRECTION('',(0.E0,-1.E0,0.E0));
#3470=VECTOR('',#3469,3.E-1);
#3471=CARTESIAN_POINT('',(2.675985931710E1,-1.481E2,5.E1));
#3472=LINE('',#3471,#3470);
#3473=DIRECTION('',(0.E0,-1.E0,0.E0));
#3474=VECTOR('',#3473,3.E-1);
#3475=CARTESIAN_POINT('',(2.698967131291E1,-1.481E2,4.946686917850E1));
#3476=LINE('',#3475,#3474);
#3477=DIRECTION('',(0.E0,-1.E0,0.E0));
#3478=VECTOR('',#3477,3.E-1);
#3479=CARTESIAN_POINT('',(2.669989356502E1,-1.481E2,4.954451489203E1));
#3480=LINE('',#3479,#3478);
#3481=DIRECTION('',(0.E0,-1.E0,0.E0));
#3482=VECTOR('',#3481,3.E-1);
#3483=CARTESIAN_POINT('',(2.678389049683E1,-1.481E2,4.897007034145E1));
#3484=LINE('',#3483,#3482);
#3485=DIRECTION('',(0.E0,-1.E0,0.E0));
#3486=VECTOR('',#3485,3.E-1);
#3487=CARTESIAN_POINT('',(2.652408287570E1,-1.481E2,4.912007034145E1));
#3488=LINE('',#3487,#3486);
#3489=DIRECTION('',(0.E0,-1.E0,0.E0));
#3490=VECTOR('',#3489,3.E-1);
#3491=CARTESIAN_POINT('',(2.645654049141E1,-1.481E2,4.854345950859E1));
#3492=LINE('',#3491,#3490);
#3493=DIRECTION('',(0.E0,-1.E0,0.E0));
#3494=VECTOR('',#3493,3.E-1);
#3495=CARTESIAN_POINT('',(2.624440845706E1,-1.481E2,4.875559154294E1));
#3496=LINE('',#3495,#3494);
#3497=DIRECTION('',(0.E0,-1.E0,0.E0));
#3498=VECTOR('',#3497,3.E-1);
#3499=CARTESIAN_POINT('',(2.602992965855E1,-1.481E2,4.821610950317E1));
#3500=LINE('',#3499,#3498);
#3501=DIRECTION('',(0.E0,-1.E0,0.E0));
#3502=VECTOR('',#3501,3.E-1);
#3503=CARTESIAN_POINT('',(2.587992965855E1,-1.481E2,4.847591712430E1));
#3504=LINE('',#3503,#3502);
#3505=DIRECTION('',(0.E0,-1.E0,0.E0));
#3506=VECTOR('',#3505,3.E-1);
#3507=CARTESIAN_POINT('',(2.553313082150E1,-1.481E2,4.801032868709E1));
#3508=LINE('',#3507,#3506);
#3509=DIRECTION('',(0.E0,-1.E0,0.E0));
#3510=VECTOR('',#3509,3.E-1);
#3511=CARTESIAN_POINT('',(2.545548510797E1,-1.481E2,4.830010643498E1));
#3512=LINE('',#3511,#3510);
#3513=DIRECTION('',(0.E0,-1.E0,0.E0));
#3514=VECTOR('',#3513,3.E-1);
#3515=CARTESIAN_POINT('',(2.5E1,-1.481E2,4.794014068290E1));
#3516=LINE('',#3515,#3514);
#3517=DIRECTION('',(0.E0,-1.E0,0.E0));
#3518=VECTOR('',#3517,3.E-1);
#3519=CARTESIAN_POINT('',(2.5E1,-1.481E2,4.824014068290E1));
#3520=LINE('',#3519,#3518);
#3521=DIRECTION('',(0.E0,-1.E0,0.E0));
#3522=VECTOR('',#3521,3.E-1);
#3523=CARTESIAN_POINT('',(2.446686917850E1,-1.481E2,4.801032868709E1));
#3524=LINE('',#3523,#3522);
#3525=DIRECTION('',(0.E0,-1.E0,0.E0));
#3526=VECTOR('',#3525,3.E-1);
#3527=CARTESIAN_POINT('',(2.454451489203E1,-1.481E2,4.830010643498E1));
#3528=LINE('',#3527,#3526);
#3529=DIRECTION('',(0.E0,-1.E0,0.E0));
#3530=VECTOR('',#3529,3.E-1);
#3531=CARTESIAN_POINT('',(2.397007034145E1,-1.481E2,4.821610950317E1));
#3532=LINE('',#3531,#3530);
#3533=DIRECTION('',(0.E0,-1.E0,0.E0));
#3534=VECTOR('',#3533,3.E-1);
#3535=CARTESIAN_POINT('',(2.412007034145E1,-1.481E2,4.847591712430E1));
#3536=LINE('',#3535,#3534);
#3537=DIRECTION('',(0.E0,-1.E0,0.E0));
#3538=VECTOR('',#3537,3.E-1);
#3539=CARTESIAN_POINT('',(2.354345950859E1,-1.481E2,4.854345950859E1));
#3540=LINE('',#3539,#3538);
#3541=DIRECTION('',(0.E0,-1.E0,0.E0));
#3542=VECTOR('',#3541,3.E-1);
#3543=CARTESIAN_POINT('',(2.375559154294E1,-1.481E2,4.875559154294E1));
#3544=LINE('',#3543,#3542);
#3545=DIRECTION('',(0.E0,-1.E0,0.E0));
#3546=VECTOR('',#3545,3.E-1);
#3547=CARTESIAN_POINT('',(2.321610950317E1,-1.481E2,4.897007034145E1));
#3548=LINE('',#3547,#3546);
#3549=DIRECTION('',(0.E0,-1.E0,0.E0));
#3550=VECTOR('',#3549,3.E-1);
#3551=CARTESIAN_POINT('',(2.347591712430E1,-1.481E2,4.912007034145E1));
#3552=LINE('',#3551,#3550);
#3553=DIRECTION('',(0.E0,-1.E0,0.E0));
#3554=VECTOR('',#3553,3.E-1);
#3555=CARTESIAN_POINT('',(2.301032868709E1,-1.481E2,4.946686917850E1));
#3556=LINE('',#3555,#3554);
#3557=DIRECTION('',(0.E0,-1.E0,0.E0));
#3558=VECTOR('',#3557,3.E-1);
#3559=CARTESIAN_POINT('',(2.330010643498E1,-1.481E2,4.954451489203E1));
#3560=LINE('',#3559,#3558);
#3561=DIRECTION('',(0.E0,-1.E0,0.E0));
#3562=VECTOR('',#3561,3.E-1);
#3563=CARTESIAN_POINT('',(2.246267585362E1,-1.481E2,5.E1));
#3564=LINE('',#3563,#3562);
#3565=DIRECTION('',(0.E0,-1.E0,0.E0));
#3566=VECTOR('',#3565,3.E-1);
#3567=CARTESIAN_POINT('',(2.276267585362E1,-1.481E2,5.E1));
#3568=LINE('',#3567,#3566);
#3569=DIRECTION('',(0.E0,-1.E0,0.E0));
#3570=VECTOR('',#3569,3.E-1);
#3571=CARTESIAN_POINT('',(2.251812247394E1,-1.481E2,5.052753935343E1));
#3572=LINE('',#3571,#3570);
#3573=DIRECTION('',(0.E0,-1.E0,0.E0));
#3574=VECTOR('',#3573,3.E-1);
#3575=CARTESIAN_POINT('',(2.281156675416E1,-1.481E2,5.046516584618E1));
#3576=LINE('',#3575,#3574);
#3577=DIRECTION('',(0.E0,-1.E0,0.E0));
#3578=VECTOR('',#3577,3.E-1);
#3579=CARTESIAN_POINT('',(2.268203905151E1,-1.481E2,5.103202270569E1));
#3580=LINE('',#3579,#3578);
#3581=DIRECTION('',(0.E0,-1.E0,0.E0));
#3582=VECTOR('',#3581,3.E-1);
#3583=CARTESIAN_POINT('',(2.295610268880E1,-1.481E2,5.091000171277E1));
#3584=LINE('',#3583,#3582);
#3585=DIRECTION('',(0.E0,-1.E0,0.E0));
#3586=VECTOR('',#3585,3.E-1);
#3587=CARTESIAN_POINT('',(2.294726164534E1,-1.481E2,5.149140171353E1));
#3588=LINE('',#3587,#3586);
#3589=DIRECTION('',(0.E0,-1.E0,0.E0));
#3590=VECTOR('',#3589,3.E-1);
#3591=CARTESIAN_POINT('',(2.318996674365E1,-1.481E2,5.131506613784E1));
#3592=LINE('',#3591,#3590);
#3593=DIRECTION('',(0.E0,-1.E0,0.E0));
#3594=VECTOR('',#3593,3.E-1);
#3595=CARTESIAN_POINT('',(2.330219875540E1,-1.481E2,5.188559930994E1));
#3596=LINE('',#3595,#3594);
#3597=DIRECTION('',(0.E0,-1.E0,0.E0));
#3598=VECTOR('',#3597,3.E-1);
#3599=CARTESIAN_POINT('',(2.350293793731E1,-1.481E2,5.166265586230E1));
#3600=LINE('',#3599,#3598);
#3601=DIRECTION('',(0.E0,-1.E0,0.E0));
#3602=VECTOR('',#3601,3.E-1);
#3603=CARTESIAN_POINT('',(2.373133792681E1,-1.481E2,5.219738716840E1));
#3604=LINE('',#3603,#3602);
#3605=DIRECTION('',(0.E0,-1.E0,0.E0));
#3606=VECTOR('',#3605,3.E-1);
#3607=CARTESIAN_POINT('',(2.388133792681E1,-1.481E2,5.193757954726E1));
#3608=LINE('',#3607,#3606);
#3609=DIRECTION('',(0.E0,-1.E0,0.E0));
#3610=VECTOR('',#3609,3.E-1);
#3611=CARTESIAN_POINT('',(2.421592371853E1,-1.481E2,5.241313866337E1));
#3612=LINE('',#3611,#3610);
#3613=DIRECTION('',(0.E0,-1.E0,0.E0));
#3614=VECTOR('',#3613,3.E-1);
#3615=CARTESIAN_POINT('',(2.430862881684E1,-1.481E2,5.212782170848E1));
#3616=LINE('',#3615,#3614);
#3617=DIRECTION('',(0.E0,-1.E0,0.E0));
#3618=VECTOR('',#3617,3.E-1);
#3619=CARTESIAN_POINT('',(2.473477740617E1,-1.481E2,5.252342441922E1));
#3620=LINE('',#3619,#3618);
#3621=DIRECTION('',(0.E0,-1.E0,0.E0));
#3622=VECTOR('',#3621,3.E-1);
#3623=CARTESIAN_POINT('',(2.476613594515E1,-1.481E2,5.222506785061E1));
#3624=LINE('',#3623,#3622);
#3625=DIRECTION('',(0.E0,-1.E0,0.E0));
#3626=VECTOR('',#3625,3.E-1);
#3627=CARTESIAN_POINT('',(2.526522259383E1,-1.481E2,5.252342441922E1));
#3628=LINE('',#3627,#3626);
#3629=DIRECTION('',(0.E0,-1.E0,0.E0));
#3630=VECTOR('',#3629,3.E-1);
#3631=CARTESIAN_POINT('',(2.523386405485E1,-1.481E2,5.222506785061E1));
#3632=LINE('',#3631,#3630);
#3633=DIRECTION('',(0.E0,-1.E0,0.E0));
#3634=VECTOR('',#3633,3.E-1);
#3635=CARTESIAN_POINT('',(2.578407628147E1,-1.481E2,5.241313866337E1));
#3636=LINE('',#3635,#3634);
#3637=DIRECTION('',(0.E0,-1.E0,0.E0));
#3638=VECTOR('',#3637,3.E-1);
#3639=CARTESIAN_POINT('',(2.569137118316E1,-1.481E2,5.212782170848E1));
#3640=LINE('',#3639,#3638);
#3641=DIRECTION('',(0.E0,-1.E0,0.E0));
#3642=VECTOR('',#3641,3.E-1);
#3643=CARTESIAN_POINT('',(2.626866207319E1,-1.481E2,5.219738716840E1));
#3644=LINE('',#3643,#3642);
#3645=DIRECTION('',(0.E0,-1.E0,0.E0));
#3646=VECTOR('',#3645,3.E-1);
#3647=CARTESIAN_POINT('',(2.611866207319E1,-1.481E2,5.193757954726E1));
#3648=LINE('',#3647,#3646);
#3649=DIRECTION('',(0.E0,-1.E0,0.E0));
#3650=VECTOR('',#3649,3.E-1);
#3651=CARTESIAN_POINT('',(2.669780124460E1,-1.481E2,5.188559930994E1));
#3652=LINE('',#3651,#3650);
#3653=DIRECTION('',(0.E0,-1.E0,0.E0));
#3654=VECTOR('',#3653,3.E-1);
#3655=CARTESIAN_POINT('',(2.649706206269E1,-1.481E2,5.166265586230E1));
#3656=LINE('',#3655,#3654);
#3657=DIRECTION('',(0.E0,-1.E0,0.E0));
#3658=VECTOR('',#3657,3.E-1);
#3659=CARTESIAN_POINT('',(2.705273835466E1,-1.481E2,5.149140171353E1));
#3660=LINE('',#3659,#3658);
#3661=DIRECTION('',(0.E0,-1.E0,0.E0));
#3662=VECTOR('',#3661,3.E-1);
#3663=CARTESIAN_POINT('',(2.681003325635E1,-1.481E2,5.131506613784E1));
#3664=LINE('',#3663,#3662);
#3665=DIRECTION('',(0.E0,-1.E0,0.E0));
#3666=VECTOR('',#3665,3.E-1);
#3667=CARTESIAN_POINT('',(2.731796094849E1,-1.481E2,5.103202270569E1));
#3668=LINE('',#3667,#3666);
#3669=DIRECTION('',(0.E0,-1.E0,0.E0));
#3670=VECTOR('',#3669,3.E-1);
#3671=CARTESIAN_POINT('',(2.704389731120E1,-1.481E2,5.091000171277E1));
#3672=LINE('',#3671,#3670);
#3673=DIRECTION('',(0.E0,-1.E0,0.E0));
#3674=VECTOR('',#3673,3.E-1);
#3675=CARTESIAN_POINT('',(2.748187752606E1,-1.481E2,5.052753935343E1));
#3676=LINE('',#3675,#3674);
#3677=DIRECTION('',(0.E0,-1.E0,0.E0));
#3678=VECTOR('',#3677,3.E-1);
#3679=CARTESIAN_POINT('',(2.718843324584E1,-1.481E2,5.046516584618E1));
#3680=LINE('',#3679,#3678);
#3681=DIRECTION('',(0.E0,-1.E0,0.E0));
#3682=VECTOR('',#3681,3.E-1);
#3683=CARTESIAN_POINT('',(2.753732414638E1,-1.481E2,5.E1));
#3684=LINE('',#3683,#3682);
#3685=DIRECTION('',(0.E0,-1.E0,0.E0));
#3686=VECTOR('',#3685,3.E-1);
#3687=CARTESIAN_POINT('',(2.723732414638E1,-1.481E2,5.E1));
#3688=LINE('',#3687,#3686);
#3689=DIRECTION('',(0.E0,-1.E0,0.E0));
#3690=VECTOR('',#3689,3.E-1);
#3691=CARTESIAN_POINT('',(2.748187752606E1,-1.481E2,4.947246064657E1));
#3692=LINE('',#3691,#3690);
#3693=DIRECTION('',(0.E0,-1.E0,0.E0));
#3694=VECTOR('',#3693,3.E-1);
#3695=CARTESIAN_POINT('',(2.718843324584E1,-1.481E2,4.953483415382E1));
#3696=LINE('',#3695,#3694);
#3697=DIRECTION('',(0.E0,-1.E0,0.E0));
#3698=VECTOR('',#3697,3.E-1);
#3699=CARTESIAN_POINT('',(2.731796094849E1,-1.481E2,4.896797729431E1));
#3700=LINE('',#3699,#3698);
#3701=DIRECTION('',(0.E0,-1.E0,0.E0));
#3702=VECTOR('',#3701,3.E-1);
#3703=CARTESIAN_POINT('',(2.704389731120E1,-1.481E2,4.908999828723E1));
#3704=LINE('',#3703,#3702);
#3705=DIRECTION('',(0.E0,-1.E0,0.E0));
#3706=VECTOR('',#3705,3.E-1);
#3707=CARTESIAN_POINT('',(2.705273835466E1,-1.481E2,4.850859828647E1));
#3708=LINE('',#3707,#3706);
#3709=DIRECTION('',(0.E0,-1.E0,0.E0));
#3710=VECTOR('',#3709,3.E-1);
#3711=CARTESIAN_POINT('',(2.681003325635E1,-1.481E2,4.868493386216E1));
#3712=LINE('',#3711,#3710);
#3713=DIRECTION('',(0.E0,-1.E0,0.E0));
#3714=VECTOR('',#3713,3.E-1);
#3715=CARTESIAN_POINT('',(2.669780124460E1,-1.481E2,4.811440069006E1));
#3716=LINE('',#3715,#3714);
#3717=DIRECTION('',(0.E0,-1.E0,0.E0));
#3718=VECTOR('',#3717,3.E-1);
#3719=CARTESIAN_POINT('',(2.649706206269E1,-1.481E2,4.833734413770E1));
#3720=LINE('',#3719,#3718);
#3721=DIRECTION('',(0.E0,-1.E0,0.E0));
#3722=VECTOR('',#3721,3.E-1);
#3723=CARTESIAN_POINT('',(2.626866207319E1,-1.481E2,4.780261283160E1));
#3724=LINE('',#3723,#3722);
#3725=DIRECTION('',(0.E0,-1.E0,0.E0));
#3726=VECTOR('',#3725,3.E-1);
#3727=CARTESIAN_POINT('',(2.611866207319E1,-1.481E2,4.806242045274E1));
#3728=LINE('',#3727,#3726);
#3729=DIRECTION('',(0.E0,-1.E0,0.E0));
#3730=VECTOR('',#3729,3.E-1);
#3731=CARTESIAN_POINT('',(2.578407628147E1,-1.481E2,4.758686133663E1));
#3732=LINE('',#3731,#3730);
#3733=DIRECTION('',(0.E0,-1.E0,0.E0));
#3734=VECTOR('',#3733,3.E-1);
#3735=CARTESIAN_POINT('',(2.569137118316E1,-1.481E2,4.787217829152E1));
#3736=LINE('',#3735,#3734);
#3737=DIRECTION('',(0.E0,-1.E0,0.E0));
#3738=VECTOR('',#3737,3.E-1);
#3739=CARTESIAN_POINT('',(2.526522259383E1,-1.481E2,4.747657558078E1));
#3740=LINE('',#3739,#3738);
#3741=DIRECTION('',(0.E0,-1.E0,0.E0));
#3742=VECTOR('',#3741,3.E-1);
#3743=CARTESIAN_POINT('',(2.523386405485E1,-1.481E2,4.777493214939E1));
#3744=LINE('',#3743,#3742);
#3745=DIRECTION('',(0.E0,-1.E0,0.E0));
#3746=VECTOR('',#3745,3.E-1);
#3747=CARTESIAN_POINT('',(2.473477740617E1,-1.481E2,4.747657558078E1));
#3748=LINE('',#3747,#3746);
#3749=DIRECTION('',(0.E0,-1.E0,0.E0));
#3750=VECTOR('',#3749,3.E-1);
#3751=CARTESIAN_POINT('',(2.476613594515E1,-1.481E2,4.777493214939E1));
#3752=LINE('',#3751,#3750);
#3753=DIRECTION('',(0.E0,-1.E0,0.E0));
#3754=VECTOR('',#3753,3.E-1);
#3755=CARTESIAN_POINT('',(2.421592371853E1,-1.481E2,4.758686133663E1));
#3756=LINE('',#3755,#3754);
#3757=DIRECTION('',(0.E0,-1.E0,0.E0));
#3758=VECTOR('',#3757,3.E-1);
#3759=CARTESIAN_POINT('',(2.430862881684E1,-1.481E2,4.787217829152E1));
#3760=LINE('',#3759,#3758);
#3761=DIRECTION('',(0.E0,-1.E0,0.E0));
#3762=VECTOR('',#3761,3.E-1);
#3763=CARTESIAN_POINT('',(2.373133792681E1,-1.481E2,4.780261283160E1));
#3764=LINE('',#3763,#3762);
#3765=DIRECTION('',(0.E0,-1.E0,0.E0));
#3766=VECTOR('',#3765,3.E-1);
#3767=CARTESIAN_POINT('',(2.388133792681E1,-1.481E2,4.806242045274E1));
#3768=LINE('',#3767,#3766);
#3769=DIRECTION('',(0.E0,-1.E0,0.E0));
#3770=VECTOR('',#3769,3.E-1);
#3771=CARTESIAN_POINT('',(2.330219875540E1,-1.481E2,4.811440069006E1));
#3772=LINE('',#3771,#3770);
#3773=DIRECTION('',(0.E0,-1.E0,0.E0));
#3774=VECTOR('',#3773,3.E-1);
#3775=CARTESIAN_POINT('',(2.350293793731E1,-1.481E2,4.833734413770E1));
#3776=LINE('',#3775,#3774);
#3777=DIRECTION('',(0.E0,-1.E0,0.E0));
#3778=VECTOR('',#3777,3.E-1);
#3779=CARTESIAN_POINT('',(2.294726164534E1,-1.481E2,4.850859828647E1));
#3780=LINE('',#3779,#3778);
#3781=DIRECTION('',(0.E0,-1.E0,0.E0));
#3782=VECTOR('',#3781,3.E-1);
#3783=CARTESIAN_POINT('',(2.318996674365E1,-1.481E2,4.868493386216E1));
#3784=LINE('',#3783,#3782);
#3785=DIRECTION('',(0.E0,-1.E0,0.E0));
#3786=VECTOR('',#3785,3.E-1);
#3787=CARTESIAN_POINT('',(2.268203905151E1,-1.481E2,4.896797729431E1));
#3788=LINE('',#3787,#3786);
#3789=DIRECTION('',(0.E0,-1.E0,0.E0));
#3790=VECTOR('',#3789,3.E-1);
#3791=CARTESIAN_POINT('',(2.295610268880E1,-1.481E2,4.908999828723E1));
#3792=LINE('',#3791,#3790);
#3793=DIRECTION('',(0.E0,-1.E0,0.E0));
#3794=VECTOR('',#3793,3.E-1);
#3795=CARTESIAN_POINT('',(2.251812247394E1,-1.481E2,4.947246064657E1));
#3796=LINE('',#3795,#3794);
#3797=DIRECTION('',(0.E0,-1.E0,0.E0));
#3798=VECTOR('',#3797,3.E-1);
#3799=CARTESIAN_POINT('',(2.281156675416E1,-1.481E2,4.953483415382E1));
#3800=LINE('',#3799,#3798);
#3801=DIRECTION('',(0.E0,-1.E0,0.E0));
#3802=VECTOR('',#3801,3.E-1);
#3803=CARTESIAN_POINT('',(2.198521102435E1,-1.481E2,5.E1));
#3804=LINE('',#3803,#3802);
#3805=DIRECTION('',(0.E0,-1.E0,0.E0));
#3806=VECTOR('',#3805,3.E-1);
#3807=CARTESIAN_POINT('',(2.228521102435E1,-1.481E2,5.E1));
#3808=LINE('',#3807,#3806);
#3809=DIRECTION('',(0.E0,-1.E0,0.E0));
#3810=VECTOR('',#3809,3.E-1);
#3811=CARTESIAN_POINT('',(2.203101244308E1,-1.481E2,5.052351261167E1));
#3812=LINE('',#3811,#3810);
#3813=DIRECTION('',(0.E0,-1.E0,0.E0));
#3814=VECTOR('',#3813,3.E-1);
#3815=CARTESIAN_POINT('',(2.232645476898E1,-1.481E2,5.047141815837E1));
#3816=LINE('',#3815,#3814);
#3817=DIRECTION('',(0.E0,-1.E0,0.E0));
#3818=VECTOR('',#3817,3.E-1);
#3819=CARTESIAN_POINT('',(2.216702504635E1,-1.481E2,5.103111855755E1));
#3820=LINE('',#3819,#3818);
#3821=DIRECTION('',(0.E0,-1.E0,0.E0));
#3822=VECTOR('',#3821,3.E-1);
#3823=CARTESIAN_POINT('',(2.244893283259E1,-1.481E2,5.092851251455E1));
#3824=LINE('',#3823,#3822);
#3825=DIRECTION('',(0.E0,-1.E0,0.E0));
#3826=VECTOR('',#3825,3.E-1);
#3827=CARTESIAN_POINT('',(2.238911616003E1,-1.481E2,5.150739448783E1));
#3828=LINE('',#3827,#3826);
#3829=DIRECTION('',(0.E0,-1.E0,0.E0));
#3830=VECTOR('',#3829,3.E-1);
#3831=CARTESIAN_POINT('',(2.264892378117E1,-1.481E2,5.135739448783E1));
#3832=LINE('',#3831,#3830);
#3833=DIRECTION('',(0.E0,-1.E0,0.E0));
#3834=VECTOR('',#3833,3.E-1);
#3835=CARTESIAN_POINT('',(2.269053765802E1,-1.481E2,5.193786899937E1));
#3836=LINE('',#3835,#3834);
#3837=DIRECTION('',(0.E0,-1.E0,0.E0));
#3838=VECTOR('',#3837,3.E-1);
#3839=CARTESIAN_POINT('',(2.292035099096E1,-1.481E2,5.174503271646E1));
#3840=LINE('',#3839,#3838);
#3841=DIRECTION('',(0.E0,-1.E0,0.E0));
#3842=VECTOR('',#3841,3.E-1);
#3843=CARTESIAN_POINT('',(2.306213100063E1,-1.481E2,5.230946234198E1));
#3844=LINE('',#3843,#3842);
#3845=DIRECTION('',(0.E0,-1.E0,0.E0));
#3846=VECTOR('',#3845,3.E-1);
#3847=CARTESIAN_POINT('',(2.325496728354E1,-1.481E2,5.207964900904E1));
#3848=LINE('',#3847,#3846);
#3849=DIRECTION('',(0.E0,-1.E0,0.E0));
#3850=VECTOR('',#3849,3.E-1);
#3851=CARTESIAN_POINT('',(2.349260551217E1,-1.481E2,5.261088383997E1));
#3852=LINE('',#3851,#3850);
#3853=DIRECTION('',(0.E0,-1.E0,0.E0));
#3854=VECTOR('',#3853,3.E-1);
#3855=CARTESIAN_POINT('',(2.364260551217E1,-1.481E2,5.235107621883E1));
#3856=LINE('',#3855,#3854);
#3857=DIRECTION('',(0.E0,-1.E0,0.E0));
#3858=VECTOR('',#3857,3.E-1);
#3859=CARTESIAN_POINT('',(2.396888144245E1,-1.481E2,5.283297495365E1));
#3860=LINE('',#3859,#3858);
#3861=DIRECTION('',(0.E0,-1.E0,0.E0));
#3862=VECTOR('',#3861,3.E-1);
#3863=CARTESIAN_POINT('',(2.407148748545E1,-1.481E2,5.255106716741E1));
#3864=LINE('',#3863,#3862);
#3865=DIRECTION('',(0.E0,-1.E0,0.E0));
#3866=VECTOR('',#3865,3.E-1);
#3867=CARTESIAN_POINT('',(2.447648738833E1,-1.481E2,5.296898755692E1));
#3868=LINE('',#3867,#3866);
#3869=DIRECTION('',(0.E0,-1.E0,0.E0));
#3870=VECTOR('',#3869,3.E-1);
#3871=CARTESIAN_POINT('',(2.452858184163E1,-1.481E2,5.267354523102E1));
#3872=LINE('',#3871,#3870);
#3873=DIRECTION('',(0.E0,-1.E0,0.E0));
#3874=VECTOR('',#3873,3.E-1);
#3875=CARTESIAN_POINT('',(2.5E1,-1.481E2,5.301478897565E1));
#3876=LINE('',#3875,#3874);
#3877=DIRECTION('',(0.E0,-1.E0,0.E0));
#3878=VECTOR('',#3877,3.E-1);
#3879=CARTESIAN_POINT('',(2.5E1,-1.481E2,5.271478897565E1));
#3880=LINE('',#3879,#3878);
#3881=DIRECTION('',(0.E0,-1.E0,0.E0));
#3882=VECTOR('',#3881,3.E-1);
#3883=CARTESIAN_POINT('',(2.552351261167E1,-1.481E2,5.296898755692E1));
#3884=LINE('',#3883,#3882);
#3885=DIRECTION('',(0.E0,-1.E0,0.E0));
#3886=VECTOR('',#3885,3.E-1);
#3887=CARTESIAN_POINT('',(2.547141815837E1,-1.481E2,5.267354523102E1));
#3888=LINE('',#3887,#3886);
#3889=DIRECTION('',(0.E0,-1.E0,0.E0));
#3890=VECTOR('',#3889,3.E-1);
#3891=CARTESIAN_POINT('',(2.603111855755E1,-1.481E2,5.283297495365E1));
#3892=LINE('',#3891,#3890);
#3893=DIRECTION('',(0.E0,-1.E0,0.E0));
#3894=VECTOR('',#3893,3.E-1);
#3895=CARTESIAN_POINT('',(2.592851251455E1,-1.481E2,5.255106716741E1));
#3896=LINE('',#3895,#3894);
#3897=DIRECTION('',(0.E0,-1.E0,0.E0));
#3898=VECTOR('',#3897,3.E-1);
#3899=CARTESIAN_POINT('',(2.650739448783E1,-1.481E2,5.261088383997E1));
#3900=LINE('',#3899,#3898);
#3901=DIRECTION('',(0.E0,-1.E0,0.E0));
#3902=VECTOR('',#3901,3.E-1);
#3903=CARTESIAN_POINT('',(2.635739448783E1,-1.481E2,5.235107621883E1));
#3904=LINE('',#3903,#3902);
#3905=DIRECTION('',(0.E0,-1.E0,0.E0));
#3906=VECTOR('',#3905,3.E-1);
#3907=CARTESIAN_POINT('',(2.693786899937E1,-1.481E2,5.230946234198E1));
#3908=LINE('',#3907,#3906);
#3909=DIRECTION('',(0.E0,-1.E0,0.E0));
#3910=VECTOR('',#3909,3.E-1);
#3911=CARTESIAN_POINT('',(2.674503271646E1,-1.481E2,5.207964900904E1));
#3912=LINE('',#3911,#3910);
#3913=DIRECTION('',(0.E0,-1.E0,0.E0));
#3914=VECTOR('',#3913,3.E-1);
#3915=CARTESIAN_POINT('',(2.730946234198E1,-1.481E2,5.193786899937E1));
#3916=LINE('',#3915,#3914);
#3917=DIRECTION('',(0.E0,-1.E0,0.E0));
#3918=VECTOR('',#3917,3.E-1);
#3919=CARTESIAN_POINT('',(2.707964900904E1,-1.481E2,5.174503271646E1));
#3920=LINE('',#3919,#3918);
#3921=DIRECTION('',(0.E0,-1.E0,0.E0));
#3922=VECTOR('',#3921,3.E-1);
#3923=CARTESIAN_POINT('',(2.761088383997E1,-1.481E2,5.150739448783E1));
#3924=LINE('',#3923,#3922);
#3925=DIRECTION('',(0.E0,-1.E0,0.E0));
#3926=VECTOR('',#3925,3.E-1);
#3927=CARTESIAN_POINT('',(2.735107621883E1,-1.481E2,5.135739448783E1));
#3928=LINE('',#3927,#3926);
#3929=DIRECTION('',(0.E0,-1.E0,0.E0));
#3930=VECTOR('',#3929,3.E-1);
#3931=CARTESIAN_POINT('',(2.783297495365E1,-1.481E2,5.103111855755E1));
#3932=LINE('',#3931,#3930);
#3933=DIRECTION('',(0.E0,-1.E0,0.E0));
#3934=VECTOR('',#3933,3.E-1);
#3935=CARTESIAN_POINT('',(2.755106716741E1,-1.481E2,5.092851251455E1));
#3936=LINE('',#3935,#3934);
#3937=DIRECTION('',(0.E0,-1.E0,0.E0));
#3938=VECTOR('',#3937,3.E-1);
#3939=CARTESIAN_POINT('',(2.796898755692E1,-1.481E2,5.052351261167E1));
#3940=LINE('',#3939,#3938);
#3941=DIRECTION('',(0.E0,-1.E0,0.E0));
#3942=VECTOR('',#3941,3.E-1);
#3943=CARTESIAN_POINT('',(2.767354523102E1,-1.481E2,5.047141815837E1));
#3944=LINE('',#3943,#3942);
#3945=DIRECTION('',(0.E0,-1.E0,0.E0));
#3946=VECTOR('',#3945,3.E-1);
#3947=CARTESIAN_POINT('',(2.801478897565E1,-1.481E2,5.E1));
#3948=LINE('',#3947,#3946);
#3949=DIRECTION('',(0.E0,-1.E0,0.E0));
#3950=VECTOR('',#3949,3.E-1);
#3951=CARTESIAN_POINT('',(2.771478897565E1,-1.481E2,5.E1));
#3952=LINE('',#3951,#3950);
#3953=DIRECTION('',(0.E0,-1.E0,0.E0));
#3954=VECTOR('',#3953,3.E-1);
#3955=CARTESIAN_POINT('',(2.796898755692E1,-1.481E2,4.947648738833E1));
#3956=LINE('',#3955,#3954);
#3957=DIRECTION('',(0.E0,-1.E0,0.E0));
#3958=VECTOR('',#3957,3.E-1);
#3959=CARTESIAN_POINT('',(2.767354523102E1,-1.481E2,4.952858184163E1));
#3960=LINE('',#3959,#3958);
#3961=DIRECTION('',(0.E0,-1.E0,0.E0));
#3962=VECTOR('',#3961,3.E-1);
#3963=CARTESIAN_POINT('',(2.783297495365E1,-1.481E2,4.896888144245E1));
#3964=LINE('',#3963,#3962);
#3965=DIRECTION('',(0.E0,-1.E0,0.E0));
#3966=VECTOR('',#3965,3.E-1);
#3967=CARTESIAN_POINT('',(2.755106716741E1,-1.481E2,4.907148748545E1));
#3968=LINE('',#3967,#3966);
#3969=DIRECTION('',(0.E0,-1.E0,0.E0));
#3970=VECTOR('',#3969,3.E-1);
#3971=CARTESIAN_POINT('',(2.761088383997E1,-1.481E2,4.849260551217E1));
#3972=LINE('',#3971,#3970);
#3973=DIRECTION('',(0.E0,-1.E0,0.E0));
#3974=VECTOR('',#3973,3.E-1);
#3975=CARTESIAN_POINT('',(2.735107621883E1,-1.481E2,4.864260551217E1));
#3976=LINE('',#3975,#3974);
#3977=DIRECTION('',(0.E0,-1.E0,0.E0));
#3978=VECTOR('',#3977,3.E-1);
#3979=CARTESIAN_POINT('',(2.730946234198E1,-1.481E2,4.806213100063E1));
#3980=LINE('',#3979,#3978);
#3981=DIRECTION('',(0.E0,-1.E0,0.E0));
#3982=VECTOR('',#3981,3.E-1);
#3983=CARTESIAN_POINT('',(2.707964900904E1,-1.481E2,4.825496728354E1));
#3984=LINE('',#3983,#3982);
#3985=DIRECTION('',(0.E0,-1.E0,0.E0));
#3986=VECTOR('',#3985,3.E-1);
#3987=CARTESIAN_POINT('',(2.693786899937E1,-1.481E2,4.769053765802E1));
#3988=LINE('',#3987,#3986);
#3989=DIRECTION('',(0.E0,-1.E0,0.E0));
#3990=VECTOR('',#3989,3.E-1);
#3991=CARTESIAN_POINT('',(2.674503271646E1,-1.481E2,4.792035099096E1));
#3992=LINE('',#3991,#3990);
#3993=DIRECTION('',(0.E0,-1.E0,0.E0));
#3994=VECTOR('',#3993,3.E-1);
#3995=CARTESIAN_POINT('',(2.650739448783E1,-1.481E2,4.738911616003E1));
#3996=LINE('',#3995,#3994);
#3997=DIRECTION('',(0.E0,-1.E0,0.E0));
#3998=VECTOR('',#3997,3.E-1);
#3999=CARTESIAN_POINT('',(2.635739448783E1,-1.481E2,4.764892378117E1));
#4000=LINE('',#3999,#3998);
#4001=DIRECTION('',(0.E0,-1.E0,0.E0));
#4002=VECTOR('',#4001,3.E-1);
#4003=CARTESIAN_POINT('',(2.603111855755E1,-1.481E2,4.716702504635E1));
#4004=LINE('',#4003,#4002);
#4005=DIRECTION('',(0.E0,-1.E0,0.E0));
#4006=VECTOR('',#4005,3.E-1);
#4007=CARTESIAN_POINT('',(2.592851251455E1,-1.481E2,4.744893283259E1));
#4008=LINE('',#4007,#4006);
#4009=DIRECTION('',(0.E0,-1.E0,0.E0));
#4010=VECTOR('',#4009,3.E-1);
#4011=CARTESIAN_POINT('',(2.552351261167E1,-1.481E2,4.703101244308E1));
#4012=LINE('',#4011,#4010);
#4013=DIRECTION('',(0.E0,-1.E0,0.E0));
#4014=VECTOR('',#4013,3.E-1);
#4015=CARTESIAN_POINT('',(2.547141815837E1,-1.481E2,4.732645476898E1));
#4016=LINE('',#4015,#4014);
#4017=DIRECTION('',(0.E0,-1.E0,0.E0));
#4018=VECTOR('',#4017,3.E-1);
#4019=CARTESIAN_POINT('',(2.5E1,-1.481E2,4.698521102435E1));
#4020=LINE('',#4019,#4018);
#4021=DIRECTION('',(0.E0,-1.E0,0.E0));
#4022=VECTOR('',#4021,3.E-1);
#4023=CARTESIAN_POINT('',(2.5E1,-1.481E2,4.728521102435E1));
#4024=LINE('',#4023,#4022);
#4025=DIRECTION('',(0.E0,-1.E0,0.E0));
#4026=VECTOR('',#4025,3.E-1);
#4027=CARTESIAN_POINT('',(2.447648738833E1,-1.481E2,4.703101244308E1));
#4028=LINE('',#4027,#4026);
#4029=DIRECTION('',(0.E0,-1.E0,0.E0));
#4030=VECTOR('',#4029,3.E-1);
#4031=CARTESIAN_POINT('',(2.452858184163E1,-1.481E2,4.732645476898E1));
#4032=LINE('',#4031,#4030);
#4033=DIRECTION('',(0.E0,-1.E0,0.E0));
#4034=VECTOR('',#4033,3.E-1);
#4035=CARTESIAN_POINT('',(2.396888144245E1,-1.481E2,4.716702504635E1));
#4036=LINE('',#4035,#4034);
#4037=DIRECTION('',(0.E0,-1.E0,0.E0));
#4038=VECTOR('',#4037,3.E-1);
#4039=CARTESIAN_POINT('',(2.407148748545E1,-1.481E2,4.744893283259E1));
#4040=LINE('',#4039,#4038);
#4041=DIRECTION('',(0.E0,-1.E0,0.E0));
#4042=VECTOR('',#4041,3.E-1);
#4043=CARTESIAN_POINT('',(2.349260551217E1,-1.481E2,4.738911616003E1));
#4044=LINE('',#4043,#4042);
#4045=DIRECTION('',(0.E0,-1.E0,0.E0));
#4046=VECTOR('',#4045,3.E-1);
#4047=CARTESIAN_POINT('',(2.364260551217E1,-1.481E2,4.764892378117E1));
#4048=LINE('',#4047,#4046);
#4049=DIRECTION('',(0.E0,-1.E0,0.E0));
#4050=VECTOR('',#4049,3.E-1);
#4051=CARTESIAN_POINT('',(2.306213100063E1,-1.481E2,4.769053765802E1));
#4052=LINE('',#4051,#4050);
#4053=DIRECTION('',(0.E0,-1.E0,0.E0));
#4054=VECTOR('',#4053,3.E-1);
#4055=CARTESIAN_POINT('',(2.325496728354E1,-1.481E2,4.792035099096E1));
#4056=LINE('',#4055,#4054);
#4057=DIRECTION('',(0.E0,-1.E0,0.E0));
#4058=VECTOR('',#4057,3.E-1);
#4059=CARTESIAN_POINT('',(2.269053765802E1,-1.481E2,4.806213100063E1));
#4060=LINE('',#4059,#4058);
#4061=DIRECTION('',(0.E0,-1.E0,0.E0));
#4062=VECTOR('',#4061,3.E-1);
#4063=CARTESIAN_POINT('',(2.292035099096E1,-1.481E2,4.825496728354E1));
#4064=LINE('',#4063,#4062);
#4065=DIRECTION('',(0.E0,-1.E0,0.E0));
#4066=VECTOR('',#4065,3.E-1);
#4067=CARTESIAN_POINT('',(2.238911616003E1,-1.481E2,4.849260551217E1));
#4068=LINE('',#4067,#4066);
#4069=DIRECTION('',(0.E0,-1.E0,0.E0));
#4070=VECTOR('',#4069,3.E-1);
#4071=CARTESIAN_POINT('',(2.264892378117E1,-1.481E2,4.864260551217E1));
#4072=LINE('',#4071,#4070);
#4073=DIRECTION('',(0.E0,-1.E0,0.E0));
#4074=VECTOR('',#4073,3.E-1);
#4075=CARTESIAN_POINT('',(2.216702504635E1,-1.481E2,4.896888144245E1));
#4076=LINE('',#4075,#4074);
#4077=DIRECTION('',(0.E0,-1.E0,0.E0));
#4078=VECTOR('',#4077,3.E-1);
#4079=CARTESIAN_POINT('',(2.244893283259E1,-1.481E2,4.907148748545E1));
#4080=LINE('',#4079,#4078);
#4081=DIRECTION('',(0.E0,-1.E0,0.E0));
#4082=VECTOR('',#4081,3.E-1);
#4083=CARTESIAN_POINT('',(2.203101244308E1,-1.481E2,4.947648738833E1));
#4084=LINE('',#4083,#4082);
#4085=DIRECTION('',(0.E0,-1.E0,0.E0));
#4086=VECTOR('',#4085,3.E-1);
#4087=CARTESIAN_POINT('',(2.232645476898E1,-1.481E2,4.952858184163E1));
#4088=LINE('',#4087,#4086);
#4089=DIRECTION('',(0.E0,1.E0,0.E0));
#4090=VECTOR('',#4089,4.E0);
#4091=CARTESIAN_POINT('',(2.5E1,-1.485E2,4.3E1));
#4092=LINE('',#4091,#4090);
#4093=CARTESIAN_POINT('',(2.5E1,-1.485E2,5.E1));
#4094=DIRECTION('',(0.E0,1.E0,0.E0));
#4095=DIRECTION('',(0.E0,0.E0,-1.E0));
#4096=AXIS2_PLACEMENT_3D('',#4093,#4094,#4095);
#4098=DIRECTION('',(0.E0,-8.E-1,-6.E-1));
#4099=VECTOR('',#4098,1.25E0);
#4100=CARTESIAN_POINT('',(2.5E1,-1.485E2,5.7E1));
#4101=LINE('',#4100,#4099);
#4102=CARTESIAN_POINT('',(2.05E1,-1.57E2,2.9E1));
#4103=CARTESIAN_POINT('',(2.95E1,-1.57E2,2.9E1));
#4104=VERTEX_POINT('',#4102);
#4105=VERTEX_POINT('',#4103);
#4106=CARTESIAN_POINT('',(2.5E1,-1.603E2,2.9E1));
#4107=CARTESIAN_POINT('',(2.5E1,-1.537E2,2.9E1));
#4108=VERTEX_POINT('',#4106);
#4109=VERTEX_POINT('',#4107);
#4110=CARTESIAN_POINT('',(2.05E1,-1.57E2,3.05E1));
#4111=VERTEX_POINT('',#4110);
#4112=CARTESIAN_POINT('',(2.95E1,-1.57E2,3.05E1));
#4113=VERTEX_POINT('',#4112);
#4114=CARTESIAN_POINT('',(2.5E1,-1.505E2,3.05E1));
#4115=CARTESIAN_POINT('',(2.5E1,-1.635E2,3.05E1));
#4116=VERTEX_POINT('',#4114);
#4117=VERTEX_POINT('',#4115);
#4118=CARTESIAN_POINT('',(2.5E1,-1.5E2,3.1E1));
#4119=CARTESIAN_POINT('',(2.5E1,-1.64E2,3.1E1));
#4120=VERTEX_POINT('',#4118);
#4121=VERTEX_POINT('',#4119);
#4122=CARTESIAN_POINT('',(2.5E1,-1.5E2,3.3E1));
#4123=VERTEX_POINT('',#4122);
#4124=CARTESIAN_POINT('',(2.5E1,-1.64E2,3.3E1));
#4125=VERTEX_POINT('',#4124);
#4126=CARTESIAN_POINT('',(2.5E1,-1.495E2,3.3E1));
#4127=CARTESIAN_POINT('',(2.5E1,-1.645E2,3.3E1));
#4128=VERTEX_POINT('',#4126);
#4129=VERTEX_POINT('',#4127);
#4130=CARTESIAN_POINT('',(2.5E1,-1.495E2,3.75E1));
#4131=VERTEX_POINT('',#4130);
#4132=CARTESIAN_POINT('',(2.5E1,-1.645E2,3.75E1));
#4133=VERTEX_POINT('',#4132);
#4134=CARTESIAN_POINT('',(2.5E1,-1.5E2,3.75E1));
#4135=CARTESIAN_POINT('',(2.5E1,-1.64E2,3.75E1));
#4136=VERTEX_POINT('',#4134);
#4137=VERTEX_POINT('',#4135);
#4138=CARTESIAN_POINT('',(2.5E1,-1.5E2,4.15E1));
#4139=VERTEX_POINT('',#4138);
#4140=CARTESIAN_POINT('',(2.5E1,-1.64E2,4.15E1));
#4141=VERTEX_POINT('',#4140);
#4142=CARTESIAN_POINT('',(2.5E1,-1.6325E2,4.25E1));
#4143=VERTEX_POINT('',#4142);
#4144=CARTESIAN_POINT('',(2.5E1,-1.5075E2,4.25E1));
#4145=VERTEX_POINT('',#4144);
#4146=CARTESIAN_POINT('',(2.5E1,-1.62E2,4.25E1));
#4147=CARTESIAN_POINT('',(2.5E1,-1.52E2,4.25E1));
#4148=VERTEX_POINT('',#4146);
#4149=VERTEX_POINT('',#4147);
#4150=CARTESIAN_POINT('',(2.5E1,-1.62E2,5.E1));
#4151=VERTEX_POINT('',#4150);
#4152=CARTESIAN_POINT('',(3.E1,-1.57E2,5.E1));
#4153=VERTEX_POINT('',#4152);
#4154=VERTEX_POINT('',#204);
#4155=VERTEX_POINT('',#194);
#4156=CARTESIAN_POINT('',(2.5E1,-1.495E2,4.5E1));
#4157=VERTEX_POINT('',#4156);
#4158=CARTESIAN_POINT('',(2.5E1,-1.495E2,5.5E1));
#4159=VERTEX_POINT('',#4158);
#4160=CARTESIAN_POINT('',(2.5E1,-1.57E2,5.5E1));
#4161=VERTEX_POINT('',#4160);
#4162=CARTESIAN_POINT('',(2.5E1,-1.495E2,5.625E1));
#4163=CARTESIAN_POINT('',(2.5E1,-1.495E2,4.375E1));
#4164=VERTEX_POINT('',#4162);
#4165=VERTEX_POINT('',#4163);
#4166=CARTESIAN_POINT('',(2.5E1,-1.485E2,5.7E1));
#4167=CARTESIAN_POINT('',(2.5E1,-1.485E2,4.3E1));
#4168=VERTEX_POINT('',#4166);
#4169=VERTEX_POINT('',#4167);
#4170=CARTESIAN_POINT('',(2.5E1,-1.445E2,4.3E1));
#4171=CARTESIAN_POINT('',(2.5E1,-1.445E2,5.7E1));
#4172=VERTEX_POINT('',#4170);
#4173=VERTEX_POINT('',#4171);
#4174=CARTESIAN_POINT('',(2.5E1,-1.445E2,5.75E1));
#4175=CARTESIAN_POINT('',(2.5E1,-1.445E2,4.25E1));
#4176=VERTEX_POINT('',#4174);
#4177=VERTEX_POINT('',#4175);
#4178=CARTESIAN_POINT('',(2.5E1,-1.4E2,4.25E1));
#4179=CARTESIAN_POINT('',(2.5E1,-1.4E2,5.75E1));
#4180=VERTEX_POINT('',#4178);
#4181=VERTEX_POINT('',#4179);
#4182=CARTESIAN_POINT('',(2.5E1,-1.4E2,5.7E1));
#4183=CARTESIAN_POINT('',(2.5E1,-1.4E2,4.3E1));
#4184=VERTEX_POINT('',#4182);
#4185=VERTEX_POINT('',#4183);
#4186=CARTESIAN_POINT('',(2.5E1,-1.38E2,4.3E1));
#4187=CARTESIAN_POINT('',(2.5E1,-1.38E2,5.7E1));
#4188=VERTEX_POINT('',#4186);
#4189=VERTEX_POINT('',#4187);
#4190=CARTESIAN_POINT('',(2.5E1,-1.375E2,5.65E1));
#4191=VERTEX_POINT('',#4190);
#4192=CARTESIAN_POINT('',(2.5E1,-1.375E2,4.35E1));
#4193=VERTEX_POINT('',#4192);
#4194=CARTESIAN_POINT('',(2.05E1,-1.375E2,5.E1));
#4195=CARTESIAN_POINT('',(2.95E1,-1.375E2,5.E1));
#4196=VERTEX_POINT('',#4194);
#4197=VERTEX_POINT('',#4195);
#4198=CARTESIAN_POINT('',(2.95E1,-1.36E2,5.E1));
#4199=CARTESIAN_POINT('',(2.05E1,-1.36E2,5.E1));
#4200=VERTEX_POINT('',#4198);
#4201=VERTEX_POINT('',#4199);
#4202=CARTESIAN_POINT('',(2.5E1,-1.36E2,4.67E1));
#4203=CARTESIAN_POINT('',(2.5E1,-1.36E2,5.33E1));
#4204=VERTEX_POINT('',#4202);
#4205=VERTEX_POINT('',#4203);
#4206=VERTEX_POINT('',#414);
#4207=VERTEX_POINT('',#433);
#4208=VERTEX_POINT('',#1778);
#4209=VERTEX_POINT('',#1772);
#4210=CARTESIAN_POINT('',(2.5E1,-1.484E2,5.33E1));
#4211=CARTESIAN_POINT('',(2.5E1,-1.484E2,4.67E1));
#4212=VERTEX_POINT('',#4210);
#4213=VERTEX_POINT('',#4211);
#4214=CARTESIAN_POINT('',(2.5E1,-1.481E2,4.67E1));
#4215=CARTESIAN_POINT('',(2.5E1,-1.481E2,5.33E1));
#4216=VERTEX_POINT('',#4214);
#4217=VERTEX_POINT('',#4215);
#4218=CARTESIAN_POINT('',(2.485E1,-1.484E2,5.E1));
#4219=CARTESIAN_POINT('',(2.515E1,-1.484E2,5.E1));
#4220=VERTEX_POINT('',#4218);
#4221=VERTEX_POINT('',#4219);
#4222=CARTESIAN_POINT('',(2.485E1,-1.481E2,5.E1));
#4223=CARTESIAN_POINT('',(2.515E1,-1.481E2,5.E1));
#4224=VERTEX_POINT('',#4222);
#4225=VERTEX_POINT('',#4223);
#4226=CARTESIAN_POINT('',(2.437253517072E1,-1.484E2,5.E1));
#4227=CARTESIAN_POINT('',(2.467253517072E1,-1.484E2,5.E1));
#4228=VERTEX_POINT('',#4226);
#4229=VERTEX_POINT('',#4227);
#4230=CARTESIAN_POINT('',(2.437253517072E1,-1.481E2,5.E1));
#4231=CARTESIAN_POINT('',(2.467253517072E1,-1.481E2,5.E1));
#4232=VERTEX_POINT('',#4230);
#4233=VERTEX_POINT('',#4231);
#4234=CARTESIAN_POINT('',(2.468626758536E1,-1.484E2,5.054340048213E1));
#4235=CARTESIAN_POINT('',(2.483626758536E1,-1.484E2,5.028359286100E1));
#4236=VERTEX_POINT('',#4234);
#4237=VERTEX_POINT('',#4235);
#4238=CARTESIAN_POINT('',(2.468626758536E1,-1.481E2,5.054340048213E1));
#4239=CARTESIAN_POINT('',(2.483626758536E1,-1.481E2,5.028359286100E1));
#4240=VERTEX_POINT('',#4238);
#4241=VERTEX_POINT('',#4239);
#4242=CARTESIAN_POINT('',(2.531373241464E1,-1.484E2,5.054340048213E1));
#4243=CARTESIAN_POINT('',(2.516373241464E1,-1.484E2,5.028359286100E1));
#4244=VERTEX_POINT('',#4242);
#4245=VERTEX_POINT('',#4243);
#4246=CARTESIAN_POINT('',(2.531373241464E1,-1.481E2,5.054340048213E1));
#4247=CARTESIAN_POINT('',(2.516373241464E1,-1.481E2,5.028359286100E1));
#4248=VERTEX_POINT('',#4246);
#4249=VERTEX_POINT('',#4247);
#4250=CARTESIAN_POINT('',(2.562746482928E1,-1.484E2,5.E1));
#4251=CARTESIAN_POINT('',(2.532746482928E1,-1.484E2,5.E1));
#4252=VERTEX_POINT('',#4250);
#4253=VERTEX_POINT('',#4251);
#4254=CARTESIAN_POINT('',(2.562746482928E1,-1.481E2,5.E1));
#4255=CARTESIAN_POINT('',(2.532746482928E1,-1.481E2,5.E1));
#4256=VERTEX_POINT('',#4254);
#4257=VERTEX_POINT('',#4255);
#4258=CARTESIAN_POINT('',(2.531373241464E1,-1.484E2,4.945659951787E1));
#4259=CARTESIAN_POINT('',(2.516373241464E1,-1.484E2,4.971640713900E1));
#4260=VERTEX_POINT('',#4258);
#4261=VERTEX_POINT('',#4259);
#4262=CARTESIAN_POINT('',(2.531373241464E1,-1.481E2,4.945659951787E1));
#4263=CARTESIAN_POINT('',(2.516373241464E1,-1.481E2,4.971640713900E1));
#4264=VERTEX_POINT('',#4262);
#4265=VERTEX_POINT('',#4263);
#4266=CARTESIAN_POINT('',(2.468626758536E1,-1.484E2,4.945659951787E1));
#4267=CARTESIAN_POINT('',(2.483626758536E1,-1.484E2,4.971640713900E1));
#4268=VERTEX_POINT('',#4266);
#4269=VERTEX_POINT('',#4267);
#4270=CARTESIAN_POINT('',(2.468626758536E1,-1.481E2,4.945659951787E1));
#4271=CARTESIAN_POINT('',(2.483626758536E1,-1.481E2,4.971640713900E1));
#4272=VERTEX_POINT('',#4270);
#4273=VERTEX_POINT('',#4271);
#4274=CARTESIAN_POINT('',(2.389507034145E1,-1.484E2,5.E1));
#4275=CARTESIAN_POINT('',(2.419507034145E1,-1.484E2,5.E1));
#4276=VERTEX_POINT('',#4274);
#4277=VERTEX_POINT('',#4275);
#4278=CARTESIAN_POINT('',(2.389507034145E1,-1.481E2,5.E1));
#4279=CARTESIAN_POINT('',(2.419507034145E1,-1.481E2,5.E1));
#4280=VERTEX_POINT('',#4278);
#4281=VERTEX_POINT('',#4279);
#4282=CARTESIAN_POINT('',(2.404310284630E1,-1.484E2,5.055246482928E1));
#4283=CARTESIAN_POINT('',(2.430291046743E1,-1.484E2,5.040246482928E1));
#4284=VERTEX_POINT('',#4282);
#4285=VERTEX_POINT('',#4283);
#4286=CARTESIAN_POINT('',(2.404310284630E1,-1.481E2,5.055246482928E1));
#4287=CARTESIAN_POINT('',(2.430291046743E1,-1.481E2,5.040246482928E1));
#4288=VERTEX_POINT('',#4286);
#4289=VERTEX_POINT('',#4287);
#4290=CARTESIAN_POINT('',(2.444753517072E1,-1.484E2,5.095689715370E1));
#4291=CARTESIAN_POINT('',(2.459753517072E1,-1.484E2,5.069708953257E1));
#4292=VERTEX_POINT('',#4290);
#4293=VERTEX_POINT('',#4291);
#4294=CARTESIAN_POINT('',(2.444753517072E1,-1.481E2,5.095689715370E1));
#4295=CARTESIAN_POINT('',(2.459753517072E1,-1.481E2,5.069708953257E1));
#4296=VERTEX_POINT('',#4294);
#4297=VERTEX_POINT('',#4295);
#4298=CARTESIAN_POINT('',(2.5E1,-1.484E2,5.110492965855E1));
#4299=CARTESIAN_POINT('',(2.5E1,-1.484E2,5.080492965855E1));
#4300=VERTEX_POINT('',#4298);
#4301=VERTEX_POINT('',#4299);
#4302=CARTESIAN_POINT('',(2.5E1,-1.481E2,5.110492965855E1));
#4303=CARTESIAN_POINT('',(2.5E1,-1.481E2,5.080492965855E1));
#4304=VERTEX_POINT('',#4302);
#4305=VERTEX_POINT('',#4303);
#4306=CARTESIAN_POINT('',(2.555246482928E1,-1.484E2,5.095689715370E1));
#4307=CARTESIAN_POINT('',(2.540246482928E1,-1.484E2,5.069708953257E1));
#4308=VERTEX_POINT('',#4306);
#4309=VERTEX_POINT('',#4307);
#4310=CARTESIAN_POINT('',(2.555246482928E1,-1.481E2,5.095689715370E1));
#4311=CARTESIAN_POINT('',(2.540246482928E1,-1.481E2,5.069708953257E1));
#4312=VERTEX_POINT('',#4310);
#4313=VERTEX_POINT('',#4311);
#4314=CARTESIAN_POINT('',(2.595689715370E1,-1.484E2,5.055246482928E1));
#4315=CARTESIAN_POINT('',(2.569708953257E1,-1.484E2,5.040246482928E1));
#4316=VERTEX_POINT('',#4314);
#4317=VERTEX_POINT('',#4315);
#4318=CARTESIAN_POINT('',(2.595689715370E1,-1.481E2,5.055246482928E1));
#4319=CARTESIAN_POINT('',(2.569708953257E1,-1.481E2,5.040246482928E1));
#4320=VERTEX_POINT('',#4318);
#4321=VERTEX_POINT('',#4319);
#4322=CARTESIAN_POINT('',(2.610492965855E1,-1.484E2,5.E1));
#4323=CARTESIAN_POINT('',(2.580492965855E1,-1.484E2,5.E1));
#4324=VERTEX_POINT('',#4322);
#4325=VERTEX_POINT('',#4323);
#4326=CARTESIAN_POINT('',(2.610492965855E1,-1.481E2,5.E1));
#4327=CARTESIAN_POINT('',(2.580492965855E1,-1.481E2,5.E1));
#4328=VERTEX_POINT('',#4326);
#4329=VERTEX_POINT('',#4327);
#4330=CARTESIAN_POINT('',(2.595689715370E1,-1.484E2,4.944753517072E1));
#4331=CARTESIAN_POINT('',(2.569708953257E1,-1.484E2,4.959753517072E1));
#4332=VERTEX_POINT('',#4330);
#4333=VERTEX_POINT('',#4331);
#4334=CARTESIAN_POINT('',(2.595689715370E1,-1.481E2,4.944753517072E1));
#4335=CARTESIAN_POINT('',(2.569708953257E1,-1.481E2,4.959753517072E1));
#4336=VERTEX_POINT('',#4334);
#4337=VERTEX_POINT('',#4335);
#4338=CARTESIAN_POINT('',(2.555246482928E1,-1.484E2,4.904310284630E1));
#4339=CARTESIAN_POINT('',(2.540246482928E1,-1.484E2,4.930291046743E1));
#4340=VERTEX_POINT('',#4338);
#4341=VERTEX_POINT('',#4339);
#4342=CARTESIAN_POINT('',(2.555246482928E1,-1.481E2,4.904310284630E1));
#4343=CARTESIAN_POINT('',(2.540246482928E1,-1.481E2,4.930291046743E1));
#4344=VERTEX_POINT('',#4342);
#4345=VERTEX_POINT('',#4343);
#4346=CARTESIAN_POINT('',(2.5E1,-1.484E2,4.889507034145E1));
#4347=CARTESIAN_POINT('',(2.5E1,-1.484E2,4.919507034145E1));
#4348=VERTEX_POINT('',#4346);
#4349=VERTEX_POINT('',#4347);
#4350=CARTESIAN_POINT('',(2.5E1,-1.481E2,4.889507034145E1));
#4351=CARTESIAN_POINT('',(2.5E1,-1.481E2,4.919507034145E1));
#4352=VERTEX_POINT('',#4350);
#4353=VERTEX_POINT('',#4351);
#4354=CARTESIAN_POINT('',(2.444753517072E1,-1.484E2,4.904310284630E1));
#4355=CARTESIAN_POINT('',(2.459753517072E1,-1.484E2,4.930291046743E1));
#4356=VERTEX_POINT('',#4354);
#4357=VERTEX_POINT('',#4355);
#4358=CARTESIAN_POINT('',(2.444753517072E1,-1.481E2,4.904310284630E1));
#4359=CARTESIAN_POINT('',(2.459753517072E1,-1.481E2,4.930291046743E1));
#4360=VERTEX_POINT('',#4358);
#4361=VERTEX_POINT('',#4359);
#4362=CARTESIAN_POINT('',(2.404310284630E1,-1.484E2,4.944753517072E1));
#4363=CARTESIAN_POINT('',(2.430291046743E1,-1.484E2,4.959753517072E1));
#4364=VERTEX_POINT('',#4362);
#4365=VERTEX_POINT('',#4363);
#4366=CARTESIAN_POINT('',(2.404310284630E1,-1.481E2,4.944753517072E1));
#4367=CARTESIAN_POINT('',(2.430291046743E1,-1.481E2,4.959753517072E1));
#4368=VERTEX_POINT('',#4366);
#4369=VERTEX_POINT('',#4367);
#4370=CARTESIAN_POINT('',(2.341760551217E1,-1.484E2,5.E1));
#4371=CARTESIAN_POINT('',(2.371760551217E1,-1.484E2,5.E1));
#4372=VERTEX_POINT('',#4370);
#4373=VERTEX_POINT('',#4371);
#4374=CARTESIAN_POINT('',(2.341760551217E1,-1.481E2,5.E1));
#4375=CARTESIAN_POINT('',(2.371760551217E1,-1.481E2,5.E1));
#4376=VERTEX_POINT('',#4374);
#4377=VERTEX_POINT('',#4375);
#4378=CARTESIAN_POINT('',(2.351303557662E1,-1.484E2,5.054121078952E1));
#4379=CARTESIAN_POINT('',(2.379494336285E1,-1.484E2,5.043860474653E1));
#4380=VERTEX_POINT('',#4378);
#4381=VERTEX_POINT('',#4379);
#4382=CARTESIAN_POINT('',(2.351303557662E1,-1.481E2,5.054121078952E1));
#4383=CARTESIAN_POINT('',(2.379494336285E1,-1.481E2,5.043860474653E1));
#4384=VERTEX_POINT('',#4382);
#4385=VERTEX_POINT('',#4383);
#4386=CARTESIAN_POINT('',(2.378781549578E1,-1.484E2,5.101714357041E1));
#4387=CARTESIAN_POINT('',(2.401762882871E1,-1.484E2,5.082430728751E1));
#4388=VERTEX_POINT('',#4386);
#4389=VERTEX_POINT('',#4387);
#4390=CARTESIAN_POINT('',(2.378781549578E1,-1.481E2,5.101714357041E1));
#4391=CARTESIAN_POINT('',(2.401762882871E1,-1.481E2,5.082430728751E1));
#4392=VERTEX_POINT('',#4390);
#4393=VERTEX_POINT('',#4391);
#4394=CARTESIAN_POINT('',(2.420880275609E1,-1.484E2,5.137039382527E1));
#4395=CARTESIAN_POINT('',(2.435880275609E1,-1.484E2,5.111058620413E1));
#4396=VERTEX_POINT('',#4394);
#4397=VERTEX_POINT('',#4395);
#4398=CARTESIAN_POINT('',(2.420880275609E1,-1.481E2,5.137039382527E1));
#4399=CARTESIAN_POINT('',(2.435880275609E1,-1.481E2,5.111058620413E1));
#4400=VERTEX_POINT('',#4398);
#4401=VERTEX_POINT('',#4399);
#4402=CARTESIAN_POINT('',(2.472522008084E1,-1.484E2,5.155835435994E1));
#4403=CARTESIAN_POINT('',(2.477731453414E1,-1.484E2,5.126291203403E1));
#4404=VERTEX_POINT('',#4402);
#4405=VERTEX_POINT('',#4403);
#4406=CARTESIAN_POINT('',(2.472522008084E1,-1.481E2,5.155835435994E1));
#4407=CARTESIAN_POINT('',(2.477731453414E1,-1.481E2,5.126291203403E1));
#4408=VERTEX_POINT('',#4406);
#4409=VERTEX_POINT('',#4407);
#4410=CARTESIAN_POINT('',(2.527477991916E1,-1.484E2,5.155835435994E1));
#4411=CARTESIAN_POINT('',(2.522268546586E1,-1.484E2,5.126291203403E1));
#4412=VERTEX_POINT('',#4410);
#4413=VERTEX_POINT('',#4411);
#4414=CARTESIAN_POINT('',(2.527477991916E1,-1.481E2,5.155835435994E1));
#4415=CARTESIAN_POINT('',(2.522268546586E1,-1.481E2,5.126291203403E1));
#4416=VERTEX_POINT('',#4414);
#4417=VERTEX_POINT('',#4415);
#4418=CARTESIAN_POINT('',(2.579119724391E1,-1.484E2,5.137039382527E1));
#4419=CARTESIAN_POINT('',(2.564119724391E1,-1.484E2,5.111058620413E1));
#4420=VERTEX_POINT('',#4418);
#4421=VERTEX_POINT('',#4419);
#4422=CARTESIAN_POINT('',(2.579119724391E1,-1.481E2,5.137039382527E1));
#4423=CARTESIAN_POINT('',(2.564119724391E1,-1.481E2,5.111058620413E1));
#4424=VERTEX_POINT('',#4422);
#4425=VERTEX_POINT('',#4423);
#4426=CARTESIAN_POINT('',(2.621218450422E1,-1.484E2,5.101714357041E1));
#4427=CARTESIAN_POINT('',(2.598237117129E1,-1.484E2,5.082430728751E1));
#4428=VERTEX_POINT('',#4426);
#4429=VERTEX_POINT('',#4427);
#4430=CARTESIAN_POINT('',(2.621218450422E1,-1.481E2,5.101714357041E1));
#4431=CARTESIAN_POINT('',(2.598237117129E1,-1.481E2,5.082430728751E1));
#4432=VERTEX_POINT('',#4430);
#4433=VERTEX_POINT('',#4431);
#4434=CARTESIAN_POINT('',(2.648696442338E1,-1.484E2,5.054121078952E1));
#4435=CARTESIAN_POINT('',(2.620505663715E1,-1.484E2,5.043860474653E1));
#4436=VERTEX_POINT('',#4434);
#4437=VERTEX_POINT('',#4435);
#4438=CARTESIAN_POINT('',(2.648696442338E1,-1.481E2,5.054121078952E1));
#4439=CARTESIAN_POINT('',(2.620505663715E1,-1.481E2,5.043860474653E1));
#4440=VERTEX_POINT('',#4438);
#4441=VERTEX_POINT('',#4439);
#4442=CARTESIAN_POINT('',(2.658239448783E1,-1.484E2,5.E1));
#4443=CARTESIAN_POINT('',(2.628239448783E1,-1.484E2,5.E1));
#4444=VERTEX_POINT('',#4442);
#4445=VERTEX_POINT('',#4443);
#4446=CARTESIAN_POINT('',(2.658239448783E1,-1.481E2,5.E1));
#4447=CARTESIAN_POINT('',(2.628239448783E1,-1.481E2,5.E1));
#4448=VERTEX_POINT('',#4446);
#4449=VERTEX_POINT('',#4447);
#4450=CARTESIAN_POINT('',(2.648696442338E1,-1.484E2,4.945878921048E1));
#4451=CARTESIAN_POINT('',(2.620505663715E1,-1.484E2,4.956139525347E1));
#4452=VERTEX_POINT('',#4450);
#4453=VERTEX_POINT('',#4451);
#4454=CARTESIAN_POINT('',(2.648696442338E1,-1.481E2,4.945878921048E1));
#4455=CARTESIAN_POINT('',(2.620505663715E1,-1.481E2,4.956139525347E1));
#4456=VERTEX_POINT('',#4454);
#4457=VERTEX_POINT('',#4455);
#4458=CARTESIAN_POINT('',(2.621218450422E1,-1.484E2,4.898285642959E1));
#4459=CARTESIAN_POINT('',(2.598237117129E1,-1.484E2,4.917569271249E1));
#4460=VERTEX_POINT('',#4458);
#4461=VERTEX_POINT('',#4459);
#4462=CARTESIAN_POINT('',(2.621218450422E1,-1.481E2,4.898285642959E1));
#4463=CARTESIAN_POINT('',(2.598237117129E1,-1.481E2,4.917569271249E1));
#4464=VERTEX_POINT('',#4462);
#4465=VERTEX_POINT('',#4463);
#4466=CARTESIAN_POINT('',(2.579119724391E1,-1.484E2,4.862960617473E1));
#4467=CARTESIAN_POINT('',(2.564119724391E1,-1.484E2,4.888941379587E1));
#4468=VERTEX_POINT('',#4466);
#4469=VERTEX_POINT('',#4467);
#4470=CARTESIAN_POINT('',(2.579119724391E1,-1.481E2,4.862960617473E1));
#4471=CARTESIAN_POINT('',(2.564119724391E1,-1.481E2,4.888941379587E1));
#4472=VERTEX_POINT('',#4470);
#4473=VERTEX_POINT('',#4471);
#4474=CARTESIAN_POINT('',(2.527477991916E1,-1.484E2,4.844164564006E1));
#4475=CARTESIAN_POINT('',(2.522268546586E1,-1.484E2,4.873708796597E1));
#4476=VERTEX_POINT('',#4474);
#4477=VERTEX_POINT('',#4475);
#4478=CARTESIAN_POINT('',(2.527477991916E1,-1.481E2,4.844164564006E1));
#4479=CARTESIAN_POINT('',(2.522268546586E1,-1.481E2,4.873708796597E1));
#4480=VERTEX_POINT('',#4478);
#4481=VERTEX_POINT('',#4479);
#4482=CARTESIAN_POINT('',(2.472522008084E1,-1.484E2,4.844164564006E1));
#4483=CARTESIAN_POINT('',(2.477731453414E1,-1.484E2,4.873708796597E1));
#4484=VERTEX_POINT('',#4482);
#4485=VERTEX_POINT('',#4483);
#4486=CARTESIAN_POINT('',(2.472522008084E1,-1.481E2,4.844164564006E1));
#4487=CARTESIAN_POINT('',(2.477731453414E1,-1.481E2,4.873708796597E1));
#4488=VERTEX_POINT('',#4486);
#4489=VERTEX_POINT('',#4487);
#4490=CARTESIAN_POINT('',(2.420880275609E1,-1.484E2,4.862960617473E1));
#4491=CARTESIAN_POINT('',(2.435880275609E1,-1.484E2,4.888941379587E1));
#4492=VERTEX_POINT('',#4490);
#4493=VERTEX_POINT('',#4491);
#4494=CARTESIAN_POINT('',(2.420880275609E1,-1.481E2,4.862960617473E1));
#4495=CARTESIAN_POINT('',(2.435880275609E1,-1.481E2,4.888941379587E1));
#4496=VERTEX_POINT('',#4494);
#4497=VERTEX_POINT('',#4495);
#4498=CARTESIAN_POINT('',(2.378781549578E1,-1.484E2,4.898285642959E1));
#4499=CARTESIAN_POINT('',(2.401762882871E1,-1.484E2,4.917569271249E1));
#4500=VERTEX_POINT('',#4498);
#4501=VERTEX_POINT('',#4499);
#4502=CARTESIAN_POINT('',(2.378781549578E1,-1.481E2,4.898285642959E1));
#4503=CARTESIAN_POINT('',(2.401762882871E1,-1.481E2,4.917569271249E1));
#4504=VERTEX_POINT('',#4502);
#4505=VERTEX_POINT('',#4503);
#4506=CARTESIAN_POINT('',(2.351303557662E1,-1.484E2,4.945878921048E1));
#4507=CARTESIAN_POINT('',(2.379494336285E1,-1.484E2,4.956139525347E1));
#4508=VERTEX_POINT('',#4506);
#4509=VERTEX_POINT('',#4507);
#4510=CARTESIAN_POINT('',(2.351303557662E1,-1.481E2,4.945878921048E1));
#4511=CARTESIAN_POINT('',(2.379494336285E1,-1.481E2,4.956139525347E1));
#4512=VERTEX_POINT('',#4510);
#4513=VERTEX_POINT('',#4511);
#4514=CARTESIAN_POINT('',(2.294014068290E1,-1.484E2,5.E1));
#4515=CARTESIAN_POINT('',(2.324014068290E1,-1.484E2,5.E1));
#4516=VERTEX_POINT('',#4514);
#4517=VERTEX_POINT('',#4515);
#4518=CARTESIAN_POINT('',(2.294014068290E1,-1.481E2,5.E1));
#4519=CARTESIAN_POINT('',(2.324014068290E1,-1.481E2,5.E1));
#4520=VERTEX_POINT('',#4518);
#4521=VERTEX_POINT('',#4519);
#4522=CARTESIAN_POINT('',(2.301032868709E1,-1.484E2,5.053313082150E1));
#4523=CARTESIAN_POINT('',(2.330010643498E1,-1.484E2,5.045548510797E1));
#4524=VERTEX_POINT('',#4522);
#4525=VERTEX_POINT('',#4523);
#4526=CARTESIAN_POINT('',(2.301032868709E1,-1.481E2,5.053313082150E1));
#4527=CARTESIAN_POINT('',(2.330010643498E1,-1.481E2,5.045548510797E1));
#4528=VERTEX_POINT('',#4526);
#4529=VERTEX_POINT('',#4527);
#4530=CARTESIAN_POINT('',(2.321610950317E1,-1.484E2,5.102992965855E1));
#4531=CARTESIAN_POINT('',(2.347591712430E1,-1.484E2,5.087992965855E1));
#4532=VERTEX_POINT('',#4530);
#4533=VERTEX_POINT('',#4531);
#4534=CARTESIAN_POINT('',(2.321610950317E1,-1.481E2,5.102992965855E1));
#4535=CARTESIAN_POINT('',(2.347591712430E1,-1.481E2,5.087992965855E1));
#4536=VERTEX_POINT('',#4534);
#4537=VERTEX_POINT('',#4535);
#4538=CARTESIAN_POINT('',(2.354345950859E1,-1.484E2,5.145654049141E1));
#4539=CARTESIAN_POINT('',(2.375559154294E1,-1.484E2,5.124440845706E1));
#4540=VERTEX_POINT('',#4538);
#4541=VERTEX_POINT('',#4539);
#4542=CARTESIAN_POINT('',(2.354345950859E1,-1.481E2,5.145654049141E1));
#4543=CARTESIAN_POINT('',(2.375559154294E1,-1.481E2,5.124440845706E1));
#4544=VERTEX_POINT('',#4542);
#4545=VERTEX_POINT('',#4543);
#4546=CARTESIAN_POINT('',(2.397007034145E1,-1.484E2,5.178389049683E1));
#4547=CARTESIAN_POINT('',(2.412007034145E1,-1.484E2,5.152408287570E1));
#4548=VERTEX_POINT('',#4546);
#4549=VERTEX_POINT('',#4547);
#4550=CARTESIAN_POINT('',(2.397007034145E1,-1.481E2,5.178389049683E1));
#4551=CARTESIAN_POINT('',(2.412007034145E1,-1.481E2,5.152408287570E1));
#4552=VERTEX_POINT('',#4550);
#4553=VERTEX_POINT('',#4551);
#4554=CARTESIAN_POINT('',(2.446686917850E1,-1.484E2,5.198967131291E1));
#4555=CARTESIAN_POINT('',(2.454451489203E1,-1.484E2,5.169989356502E1));
#4556=VERTEX_POINT('',#4554);
#4557=VERTEX_POINT('',#4555);
#4558=CARTESIAN_POINT('',(2.446686917850E1,-1.481E2,5.198967131291E1));
#4559=CARTESIAN_POINT('',(2.454451489203E1,-1.481E2,5.169989356502E1));
#4560=VERTEX_POINT('',#4558);
#4561=VERTEX_POINT('',#4559);
#4562=CARTESIAN_POINT('',(2.5E1,-1.484E2,5.205985931710E1));
#4563=CARTESIAN_POINT('',(2.5E1,-1.484E2,5.175985931710E1));
#4564=VERTEX_POINT('',#4562);
#4565=VERTEX_POINT('',#4563);
#4566=CARTESIAN_POINT('',(2.5E1,-1.481E2,5.205985931710E1));
#4567=CARTESIAN_POINT('',(2.5E1,-1.481E2,5.175985931710E1));
#4568=VERTEX_POINT('',#4566);
#4569=VERTEX_POINT('',#4567);
#4570=CARTESIAN_POINT('',(2.553313082150E1,-1.484E2,5.198967131291E1));
#4571=CARTESIAN_POINT('',(2.545548510797E1,-1.484E2,5.169989356502E1));
#4572=VERTEX_POINT('',#4570);
#4573=VERTEX_POINT('',#4571);
#4574=CARTESIAN_POINT('',(2.553313082150E1,-1.481E2,5.198967131291E1));
#4575=CARTESIAN_POINT('',(2.545548510797E1,-1.481E2,5.169989356502E1));
#4576=VERTEX_POINT('',#4574);
#4577=VERTEX_POINT('',#4575);
#4578=CARTESIAN_POINT('',(2.602992965855E1,-1.484E2,5.178389049683E1));
#4579=CARTESIAN_POINT('',(2.587992965855E1,-1.484E2,5.152408287570E1));
#4580=VERTEX_POINT('',#4578);
#4581=VERTEX_POINT('',#4579);
#4582=CARTESIAN_POINT('',(2.602992965855E1,-1.481E2,5.178389049683E1));
#4583=CARTESIAN_POINT('',(2.587992965855E1,-1.481E2,5.152408287570E1));
#4584=VERTEX_POINT('',#4582);
#4585=VERTEX_POINT('',#4583);
#4586=CARTESIAN_POINT('',(2.645654049141E1,-1.484E2,5.145654049141E1));
#4587=CARTESIAN_POINT('',(2.624440845706E1,-1.484E2,5.124440845706E1));
#4588=VERTEX_POINT('',#4586);
#4589=VERTEX_POINT('',#4587);
#4590=CARTESIAN_POINT('',(2.645654049141E1,-1.481E2,5.145654049141E1));
#4591=CARTESIAN_POINT('',(2.624440845706E1,-1.481E2,5.124440845706E1));
#4592=VERTEX_POINT('',#4590);
#4593=VERTEX_POINT('',#4591);
#4594=CARTESIAN_POINT('',(2.678389049683E1,-1.484E2,5.102992965855E1));
#4595=CARTESIAN_POINT('',(2.652408287570E1,-1.484E2,5.087992965855E1));
#4596=VERTEX_POINT('',#4594);
#4597=VERTEX_POINT('',#4595);
#4598=CARTESIAN_POINT('',(2.678389049683E1,-1.481E2,5.102992965855E1));
#4599=CARTESIAN_POINT('',(2.652408287570E1,-1.481E2,5.087992965855E1));
#4600=VERTEX_POINT('',#4598);
#4601=VERTEX_POINT('',#4599);
#4602=CARTESIAN_POINT('',(2.698967131291E1,-1.484E2,5.053313082150E1));
#4603=CARTESIAN_POINT('',(2.669989356502E1,-1.484E2,5.045548510797E1));
#4604=VERTEX_POINT('',#4602);
#4605=VERTEX_POINT('',#4603);
#4606=CARTESIAN_POINT('',(2.698967131291E1,-1.481E2,5.053313082150E1));
#4607=CARTESIAN_POINT('',(2.669989356502E1,-1.481E2,5.045548510797E1));
#4608=VERTEX_POINT('',#4606);
#4609=VERTEX_POINT('',#4607);
#4610=CARTESIAN_POINT('',(2.705985931710E1,-1.484E2,5.E1));
#4611=CARTESIAN_POINT('',(2.675985931710E1,-1.484E2,5.E1));
#4612=VERTEX_POINT('',#4610);
#4613=VERTEX_POINT('',#4611);
#4614=CARTESIAN_POINT('',(2.705985931710E1,-1.481E2,5.E1));
#4615=CARTESIAN_POINT('',(2.675985931710E1,-1.481E2,5.E1));
#4616=VERTEX_POINT('',#4614);
#4617=VERTEX_POINT('',#4615);
#4618=CARTESIAN_POINT('',(2.698967131291E1,-1.484E2,4.946686917850E1));
#4619=CARTESIAN_POINT('',(2.669989356502E1,-1.484E2,4.954451489203E1));
#4620=VERTEX_POINT('',#4618);
#4621=VERTEX_POINT('',#4619);
#4622=CARTESIAN_POINT('',(2.698967131291E1,-1.481E2,4.946686917850E1));
#4623=CARTESIAN_POINT('',(2.669989356502E1,-1.481E2,4.954451489203E1));
#4624=VERTEX_POINT('',#4622);
#4625=VERTEX_POINT('',#4623);
#4626=CARTESIAN_POINT('',(2.678389049683E1,-1.484E2,4.897007034145E1));
#4627=CARTESIAN_POINT('',(2.652408287570E1,-1.484E2,4.912007034145E1));
#4628=VERTEX_POINT('',#4626);
#4629=VERTEX_POINT('',#4627);
#4630=CARTESIAN_POINT('',(2.678389049683E1,-1.481E2,4.897007034145E1));
#4631=CARTESIAN_POINT('',(2.652408287570E1,-1.481E2,4.912007034145E1));
#4632=VERTEX_POINT('',#4630);
#4633=VERTEX_POINT('',#4631);
#4634=CARTESIAN_POINT('',(2.645654049141E1,-1.484E2,4.854345950859E1));
#4635=CARTESIAN_POINT('',(2.624440845706E1,-1.484E2,4.875559154294E1));
#4636=VERTEX_POINT('',#4634);
#4637=VERTEX_POINT('',#4635);
#4638=CARTESIAN_POINT('',(2.645654049141E1,-1.481E2,4.854345950859E1));
#4639=CARTESIAN_POINT('',(2.624440845706E1,-1.481E2,4.875559154294E1));
#4640=VERTEX_POINT('',#4638);
#4641=VERTEX_POINT('',#4639);
#4642=CARTESIAN_POINT('',(2.602992965855E1,-1.484E2,4.821610950317E1));
#4643=CARTESIAN_POINT('',(2.587992965855E1,-1.484E2,4.847591712430E1));
#4644=VERTEX_POINT('',#4642);
#4645=VERTEX_POINT('',#4643);
#4646=CARTESIAN_POINT('',(2.602992965855E1,-1.481E2,4.821610950317E1));
#4647=CARTESIAN_POINT('',(2.587992965855E1,-1.481E2,4.847591712430E1));
#4648=VERTEX_POINT('',#4646);
#4649=VERTEX_POINT('',#4647);
#4650=CARTESIAN_POINT('',(2.553313082150E1,-1.484E2,4.801032868709E1));
#4651=CARTESIAN_POINT('',(2.545548510797E1,-1.484E2,4.830010643498E1));
#4652=VERTEX_POINT('',#4650);
#4653=VERTEX_POINT('',#4651);
#4654=CARTESIAN_POINT('',(2.553313082150E1,-1.481E2,4.801032868709E1));
#4655=CARTESIAN_POINT('',(2.545548510797E1,-1.481E2,4.830010643498E1));
#4656=VERTEX_POINT('',#4654);
#4657=VERTEX_POINT('',#4655);
#4658=CARTESIAN_POINT('',(2.5E1,-1.484E2,4.794014068290E1));
#4659=CARTESIAN_POINT('',(2.5E1,-1.484E2,4.824014068290E1));
#4660=VERTEX_POINT('',#4658);
#4661=VERTEX_POINT('',#4659);
#4662=CARTESIAN_POINT('',(2.5E1,-1.481E2,4.794014068290E1));
#4663=CARTESIAN_POINT('',(2.5E1,-1.481E2,4.824014068290E1));
#4664=VERTEX_POINT('',#4662);
#4665=VERTEX_POINT('',#4663);
#4666=CARTESIAN_POINT('',(2.446686917850E1,-1.484E2,4.801032868709E1));
#4667=CARTESIAN_POINT('',(2.454451489203E1,-1.484E2,4.830010643498E1));
#4668=VERTEX_POINT('',#4666);
#4669=VERTEX_POINT('',#4667);
#4670=CARTESIAN_POINT('',(2.446686917850E1,-1.481E2,4.801032868709E1));
#4671=CARTESIAN_POINT('',(2.454451489203E1,-1.481E2,4.830010643498E1));
#4672=VERTEX_POINT('',#4670);
#4673=VERTEX_POINT('',#4671);
#4674=CARTESIAN_POINT('',(2.397007034145E1,-1.484E2,4.821610950317E1));
#4675=CARTESIAN_POINT('',(2.412007034145E1,-1.484E2,4.847591712430E1));
#4676=VERTEX_POINT('',#4674);
#4677=VERTEX_POINT('',#4675);
#4678=CARTESIAN_POINT('',(2.397007034145E1,-1.481E2,4.821610950317E1));
#4679=CARTESIAN_POINT('',(2.412007034145E1,-1.481E2,4.847591712430E1));
#4680=VERTEX_POINT('',#4678);
#4681=VERTEX_POINT('',#4679);
#4682=CARTESIAN_POINT('',(2.354345950859E1,-1.484E2,4.854345950859E1));
#4683=CARTESIAN_POINT('',(2.375559154294E1,-1.484E2,4.875559154294E1));
#4684=VERTEX_POINT('',#4682);
#4685=VERTEX_POINT('',#4683);
#4686=CARTESIAN_POINT('',(2.354345950859E1,-1.481E2,4.854345950859E1));
#4687=CARTESIAN_POINT('',(2.375559154294E1,-1.481E2,4.875559154294E1));
#4688=VERTEX_POINT('',#4686);
#4689=VERTEX_POINT('',#4687);
#4690=CARTESIAN_POINT('',(2.321610950317E1,-1.484E2,4.897007034145E1));
#4691=CARTESIAN_POINT('',(2.347591712430E1,-1.484E2,4.912007034145E1));
#4692=VERTEX_POINT('',#4690);
#4693=VERTEX_POINT('',#4691);
#4694=CARTESIAN_POINT('',(2.321610950317E1,-1.481E2,4.897007034145E1));
#4695=CARTESIAN_POINT('',(2.347591712430E1,-1.481E2,4.912007034145E1));
#4696=VERTEX_POINT('',#4694);
#4697=VERTEX_POINT('',#4695);
#4698=CARTESIAN_POINT('',(2.301032868709E1,-1.484E2,4.946686917850E1));
#4699=CARTESIAN_POINT('',(2.330010643498E1,-1.484E2,4.954451489203E1));
#4700=VERTEX_POINT('',#4698);
#4701=VERTEX_POINT('',#4699);
#4702=CARTESIAN_POINT('',(2.301032868709E1,-1.481E2,4.946686917850E1));
#4703=CARTESIAN_POINT('',(2.330010643498E1,-1.481E2,4.954451489203E1));
#4704=VERTEX_POINT('',#4702);
#4705=VERTEX_POINT('',#4703);
#4706=CARTESIAN_POINT('',(2.246267585362E1,-1.484E2,5.E1));
#4707=CARTESIAN_POINT('',(2.276267585362E1,-1.484E2,5.E1));
#4708=VERTEX_POINT('',#4706);
#4709=VERTEX_POINT('',#4707);
#4710=CARTESIAN_POINT('',(2.246267585362E1,-1.481E2,5.E1));
#4711=CARTESIAN_POINT('',(2.276267585362E1,-1.481E2,5.E1));
#4712=VERTEX_POINT('',#4710);
#4713=VERTEX_POINT('',#4711);
#4714=CARTESIAN_POINT('',(2.251812247394E1,-1.484E2,5.052753935343E1));
#4715=CARTESIAN_POINT('',(2.281156675416E1,-1.484E2,5.046516584618E1));
#4716=VERTEX_POINT('',#4714);
#4717=VERTEX_POINT('',#4715);
#4718=CARTESIAN_POINT('',(2.251812247394E1,-1.481E2,5.052753935343E1));
#4719=CARTESIAN_POINT('',(2.281156675416E1,-1.481E2,5.046516584618E1));
#4720=VERTEX_POINT('',#4718);
#4721=VERTEX_POINT('',#4719);
#4722=CARTESIAN_POINT('',(2.268203905151E1,-1.484E2,5.103202270569E1));
#4723=CARTESIAN_POINT('',(2.295610268880E1,-1.484E2,5.091000171277E1));
#4724=VERTEX_POINT('',#4722);
#4725=VERTEX_POINT('',#4723);
#4726=CARTESIAN_POINT('',(2.268203905151E1,-1.481E2,5.103202270569E1));
#4727=CARTESIAN_POINT('',(2.295610268880E1,-1.481E2,5.091000171277E1));
#4728=VERTEX_POINT('',#4726);
#4729=VERTEX_POINT('',#4727);
#4730=CARTESIAN_POINT('',(2.294726164534E1,-1.484E2,5.149140171353E1));
#4731=CARTESIAN_POINT('',(2.318996674365E1,-1.484E2,5.131506613784E1));
#4732=VERTEX_POINT('',#4730);
#4733=VERTEX_POINT('',#4731);
#4734=CARTESIAN_POINT('',(2.294726164534E1,-1.481E2,5.149140171353E1));
#4735=CARTESIAN_POINT('',(2.318996674365E1,-1.481E2,5.131506613784E1));
#4736=VERTEX_POINT('',#4734);
#4737=VERTEX_POINT('',#4735);
#4738=CARTESIAN_POINT('',(2.330219875540E1,-1.484E2,5.188559930994E1));
#4739=CARTESIAN_POINT('',(2.350293793731E1,-1.484E2,5.166265586230E1));
#4740=VERTEX_POINT('',#4738);
#4741=VERTEX_POINT('',#4739);
#4742=CARTESIAN_POINT('',(2.330219875540E1,-1.481E2,5.188559930994E1));
#4743=CARTESIAN_POINT('',(2.350293793731E1,-1.481E2,5.166265586230E1));
#4744=VERTEX_POINT('',#4742);
#4745=VERTEX_POINT('',#4743);
#4746=CARTESIAN_POINT('',(2.373133792681E1,-1.484E2,5.219738716840E1));
#4747=CARTESIAN_POINT('',(2.388133792681E1,-1.484E2,5.193757954726E1));
#4748=VERTEX_POINT('',#4746);
#4749=VERTEX_POINT('',#4747);
#4750=CARTESIAN_POINT('',(2.373133792681E1,-1.481E2,5.219738716840E1));
#4751=CARTESIAN_POINT('',(2.388133792681E1,-1.481E2,5.193757954726E1));
#4752=VERTEX_POINT('',#4750);
#4753=VERTEX_POINT('',#4751);
#4754=CARTESIAN_POINT('',(2.421592371853E1,-1.484E2,5.241313866337E1));
#4755=CARTESIAN_POINT('',(2.430862881684E1,-1.484E2,5.212782170848E1));
#4756=VERTEX_POINT('',#4754);
#4757=VERTEX_POINT('',#4755);
#4758=CARTESIAN_POINT('',(2.421592371853E1,-1.481E2,5.241313866337E1));
#4759=CARTESIAN_POINT('',(2.430862881684E1,-1.481E2,5.212782170848E1));
#4760=VERTEX_POINT('',#4758);
#4761=VERTEX_POINT('',#4759);
#4762=CARTESIAN_POINT('',(2.473477740617E1,-1.484E2,5.252342441922E1));
#4763=CARTESIAN_POINT('',(2.476613594515E1,-1.484E2,5.222506785061E1));
#4764=VERTEX_POINT('',#4762);
#4765=VERTEX_POINT('',#4763);
#4766=CARTESIAN_POINT('',(2.473477740617E1,-1.481E2,5.252342441922E1));
#4767=CARTESIAN_POINT('',(2.476613594515E1,-1.481E2,5.222506785061E1));
#4768=VERTEX_POINT('',#4766);
#4769=VERTEX_POINT('',#4767);
#4770=CARTESIAN_POINT('',(2.526522259383E1,-1.484E2,5.252342441922E1));
#4771=CARTESIAN_POINT('',(2.523386405485E1,-1.484E2,5.222506785061E1));
#4772=VERTEX_POINT('',#4770);
#4773=VERTEX_POINT('',#4771);
#4774=CARTESIAN_POINT('',(2.526522259383E1,-1.481E2,5.252342441922E1));
#4775=CARTESIAN_POINT('',(2.523386405485E1,-1.481E2,5.222506785061E1));
#4776=VERTEX_POINT('',#4774);
#4777=VERTEX_POINT('',#4775);
#4778=CARTESIAN_POINT('',(2.578407628147E1,-1.484E2,5.241313866337E1));
#4779=CARTESIAN_POINT('',(2.569137118316E1,-1.484E2,5.212782170848E1));
#4780=VERTEX_POINT('',#4778);
#4781=VERTEX_POINT('',#4779);
#4782=CARTESIAN_POINT('',(2.578407628147E1,-1.481E2,5.241313866337E1));
#4783=CARTESIAN_POINT('',(2.569137118316E1,-1.481E2,5.212782170848E1));
#4784=VERTEX_POINT('',#4782);
#4785=VERTEX_POINT('',#4783);
#4786=CARTESIAN_POINT('',(2.626866207319E1,-1.484E2,5.219738716840E1));
#4787=CARTESIAN_POINT('',(2.611866207319E1,-1.484E2,5.193757954726E1));
#4788=VERTEX_POINT('',#4786);
#4789=VERTEX_POINT('',#4787);
#4790=CARTESIAN_POINT('',(2.626866207319E1,-1.481E2,5.219738716840E1));
#4791=CARTESIAN_POINT('',(2.611866207319E1,-1.481E2,5.193757954726E1));
#4792=VERTEX_POINT('',#4790);
#4793=VERTEX_POINT('',#4791);
#4794=CARTESIAN_POINT('',(2.669780124460E1,-1.484E2,5.188559930994E1));
#4795=CARTESIAN_POINT('',(2.649706206269E1,-1.484E2,5.166265586230E1));
#4796=VERTEX_POINT('',#4794);
#4797=VERTEX_POINT('',#4795);
#4798=CARTESIAN_POINT('',(2.669780124460E1,-1.481E2,5.188559930994E1));
#4799=CARTESIAN_POINT('',(2.649706206269E1,-1.481E2,5.166265586230E1));
#4800=VERTEX_POINT('',#4798);
#4801=VERTEX_POINT('',#4799);
#4802=CARTESIAN_POINT('',(2.705273835466E1,-1.484E2,5.149140171353E1));
#4803=CARTESIAN_POINT('',(2.681003325635E1,-1.484E2,5.131506613784E1));
#4804=VERTEX_POINT('',#4802);
#4805=VERTEX_POINT('',#4803);
#4806=CARTESIAN_POINT('',(2.705273835466E1,-1.481E2,5.149140171353E1));
#4807=CARTESIAN_POINT('',(2.681003325635E1,-1.481E2,5.131506613784E1));
#4808=VERTEX_POINT('',#4806);
#4809=VERTEX_POINT('',#4807);
#4810=CARTESIAN_POINT('',(2.731796094849E1,-1.484E2,5.103202270569E1));
#4811=CARTESIAN_POINT('',(2.704389731120E1,-1.484E2,5.091000171277E1));
#4812=VERTEX_POINT('',#4810);
#4813=VERTEX_POINT('',#4811);
#4814=CARTESIAN_POINT('',(2.731796094849E1,-1.481E2,5.103202270569E1));
#4815=CARTESIAN_POINT('',(2.704389731120E1,-1.481E2,5.091000171277E1));
#4816=VERTEX_POINT('',#4814);
#4817=VERTEX_POINT('',#4815);
#4818=CARTESIAN_POINT('',(2.748187752606E1,-1.484E2,5.052753935343E1));
#4819=CARTESIAN_POINT('',(2.718843324584E1,-1.484E2,5.046516584618E1));
#4820=VERTEX_POINT('',#4818);
#4821=VERTEX_POINT('',#4819);
#4822=CARTESIAN_POINT('',(2.748187752606E1,-1.481E2,5.052753935343E1));
#4823=CARTESIAN_POINT('',(2.718843324584E1,-1.481E2,5.046516584618E1));
#4824=VERTEX_POINT('',#4822);
#4825=VERTEX_POINT('',#4823);
#4826=CARTESIAN_POINT('',(2.753732414638E1,-1.484E2,5.E1));
#4827=CARTESIAN_POINT('',(2.723732414638E1,-1.484E2,5.E1));
#4828=VERTEX_POINT('',#4826);
#4829=VERTEX_POINT('',#4827);
#4830=CARTESIAN_POINT('',(2.753732414638E1,-1.481E2,5.E1));
#4831=CARTESIAN_POINT('',(2.723732414638E1,-1.481E2,5.E1));
#4832=VERTEX_POINT('',#4830);
#4833=VERTEX_POINT('',#4831);
#4834=CARTESIAN_POINT('',(2.748187752606E1,-1.484E2,4.947246064657E1));
#4835=CARTESIAN_POINT('',(2.718843324584E1,-1.484E2,4.953483415382E1));
#4836=VERTEX_POINT('',#4834);
#4837=VERTEX_POINT('',#4835);
#4838=CARTESIAN_POINT('',(2.748187752606E1,-1.481E2,4.947246064657E1));
#4839=CARTESIAN_POINT('',(2.718843324584E1,-1.481E2,4.953483415382E1));
#4840=VERTEX_POINT('',#4838);
#4841=VERTEX_POINT('',#4839);
#4842=CARTESIAN_POINT('',(2.731796094849E1,-1.484E2,4.896797729431E1));
#4843=CARTESIAN_POINT('',(2.704389731120E1,-1.484E2,4.908999828723E1));
#4844=VERTEX_POINT('',#4842);
#4845=VERTEX_POINT('',#4843);
#4846=CARTESIAN_POINT('',(2.731796094849E1,-1.481E2,4.896797729431E1));
#4847=CARTESIAN_POINT('',(2.704389731120E1,-1.481E2,4.908999828723E1));
#4848=VERTEX_POINT('',#4846);
#4849=VERTEX_POINT('',#4847);
#4850=CARTESIAN_POINT('',(2.705273835466E1,-1.484E2,4.850859828647E1));
#4851=CARTESIAN_POINT('',(2.681003325635E1,-1.484E2,4.868493386216E1));
#4852=VERTEX_POINT('',#4850);
#4853=VERTEX_POINT('',#4851);
#4854=CARTESIAN_POINT('',(2.705273835466E1,-1.481E2,4.850859828647E1));
#4855=CARTESIAN_POINT('',(2.681003325635E1,-1.481E2,4.868493386216E1));
#4856=VERTEX_POINT('',#4854);
#4857=VERTEX_POINT('',#4855);
#4858=CARTESIAN_POINT('',(2.669780124460E1,-1.484E2,4.811440069006E1));
#4859=CARTESIAN_POINT('',(2.649706206269E1,-1.484E2,4.833734413770E1));
#4860=VERTEX_POINT('',#4858);
#4861=VERTEX_POINT('',#4859);
#4862=CARTESIAN_POINT('',(2.669780124460E1,-1.481E2,4.811440069006E1));
#4863=CARTESIAN_POINT('',(2.649706206269E1,-1.481E2,4.833734413770E1));
#4864=VERTEX_POINT('',#4862);
#4865=VERTEX_POINT('',#4863);
#4866=CARTESIAN_POINT('',(2.626866207319E1,-1.484E2,4.780261283160E1));
#4867=CARTESIAN_POINT('',(2.611866207319E1,-1.484E2,4.806242045274E1));
#4868=VERTEX_POINT('',#4866);
#4869=VERTEX_POINT('',#4867);
#4870=CARTESIAN_POINT('',(2.626866207319E1,-1.481E2,4.780261283160E1));
#4871=CARTESIAN_POINT('',(2.611866207319E1,-1.481E2,4.806242045274E1));
#4872=VERTEX_POINT('',#4870);
#4873=VERTEX_POINT('',#4871);
#4874=CARTESIAN_POINT('',(2.578407628147E1,-1.484E2,4.758686133663E1));
#4875=CARTESIAN_POINT('',(2.569137118316E1,-1.484E2,4.787217829152E1));
#4876=VERTEX_POINT('',#4874);
#4877=VERTEX_POINT('',#4875);
#4878=CARTESIAN_POINT('',(2.578407628147E1,-1.481E2,4.758686133663E1));
#4879=CARTESIAN_POINT('',(2.569137118316E1,-1.481E2,4.787217829152E1));
#4880=VERTEX_POINT('',#4878);
#4881=VERTEX_POINT('',#4879);
#4882=CARTESIAN_POINT('',(2.526522259383E1,-1.484E2,4.747657558078E1));
#4883=CARTESIAN_POINT('',(2.523386405485E1,-1.484E2,4.777493214939E1));
#4884=VERTEX_POINT('',#4882);
#4885=VERTEX_POINT('',#4883);
#4886=CARTESIAN_POINT('',(2.526522259383E1,-1.481E2,4.747657558078E1));
#4887=CARTESIAN_POINT('',(2.523386405485E1,-1.481E2,4.777493214939E1));
#4888=VERTEX_POINT('',#4886);
#4889=VERTEX_POINT('',#4887);
#4890=CARTESIAN_POINT('',(2.473477740617E1,-1.484E2,4.747657558078E1));
#4891=CARTESIAN_POINT('',(2.476613594515E1,-1.484E2,4.777493214939E1));
#4892=VERTEX_POINT('',#4890);
#4893=VERTEX_POINT('',#4891);
#4894=CARTESIAN_POINT('',(2.473477740617E1,-1.481E2,4.747657558078E1));
#4895=CARTESIAN_POINT('',(2.476613594515E1,-1.481E2,4.777493214939E1));
#4896=VERTEX_POINT('',#4894);
#4897=VERTEX_POINT('',#4895);
#4898=CARTESIAN_POINT('',(2.421592371853E1,-1.484E2,4.758686133663E1));
#4899=CARTESIAN_POINT('',(2.430862881684E1,-1.484E2,4.787217829152E1));
#4900=VERTEX_POINT('',#4898);
#4901=VERTEX_POINT('',#4899);
#4902=CARTESIAN_POINT('',(2.421592371853E1,-1.481E2,4.758686133663E1));
#4903=CARTESIAN_POINT('',(2.430862881684E1,-1.481E2,4.787217829152E1));
#4904=VERTEX_POINT('',#4902);
#4905=VERTEX_POINT('',#4903);
#4906=CARTESIAN_POINT('',(2.373133792681E1,-1.484E2,4.780261283160E1));
#4907=CARTESIAN_POINT('',(2.388133792681E1,-1.484E2,4.806242045274E1));
#4908=VERTEX_POINT('',#4906);
#4909=VERTEX_POINT('',#4907);
#4910=CARTESIAN_POINT('',(2.373133792681E1,-1.481E2,4.780261283160E1));
#4911=CARTESIAN_POINT('',(2.388133792681E1,-1.481E2,4.806242045274E1));
#4912=VERTEX_POINT('',#4910);
#4913=VERTEX_POINT('',#4911);
#4914=CARTESIAN_POINT('',(2.330219875540E1,-1.484E2,4.811440069006E1));
#4915=CARTESIAN_POINT('',(2.350293793731E1,-1.484E2,4.833734413770E1));
#4916=VERTEX_POINT('',#4914);
#4917=VERTEX_POINT('',#4915);
#4918=CARTESIAN_POINT('',(2.330219875540E1,-1.481E2,4.811440069006E1));
#4919=CARTESIAN_POINT('',(2.350293793731E1,-1.481E2,4.833734413770E1));
#4920=VERTEX_POINT('',#4918);
#4921=VERTEX_POINT('',#4919);
#4922=CARTESIAN_POINT('',(2.294726164534E1,-1.484E2,4.850859828647E1));
#4923=CARTESIAN_POINT('',(2.318996674365E1,-1.484E2,4.868493386216E1));
#4924=VERTEX_POINT('',#4922);
#4925=VERTEX_POINT('',#4923);
#4926=CARTESIAN_POINT('',(2.294726164534E1,-1.481E2,4.850859828647E1));
#4927=CARTESIAN_POINT('',(2.318996674365E1,-1.481E2,4.868493386216E1));
#4928=VERTEX_POINT('',#4926);
#4929=VERTEX_POINT('',#4927);
#4930=CARTESIAN_POINT('',(2.268203905151E1,-1.484E2,4.896797729431E1));
#4931=CARTESIAN_POINT('',(2.295610268880E1,-1.484E2,4.908999828723E1));
#4932=VERTEX_POINT('',#4930);
#4933=VERTEX_POINT('',#4931);
#4934=CARTESIAN_POINT('',(2.268203905151E1,-1.481E2,4.896797729431E1));
#4935=CARTESIAN_POINT('',(2.295610268880E1,-1.481E2,4.908999828723E1));
#4936=VERTEX_POINT('',#4934);
#4937=VERTEX_POINT('',#4935);
#4938=CARTESIAN_POINT('',(2.251812247394E1,-1.484E2,4.947246064657E1));
#4939=CARTESIAN_POINT('',(2.281156675416E1,-1.484E2,4.953483415382E1));
#4940=VERTEX_POINT('',#4938);
#4941=VERTEX_POINT('',#4939);
#4942=CARTESIAN_POINT('',(2.251812247394E1,-1.481E2,4.947246064657E1));
#4943=CARTESIAN_POINT('',(2.281156675416E1,-1.481E2,4.953483415382E1));
#4944=VERTEX_POINT('',#4942);
#4945=VERTEX_POINT('',#4943);
#4946=CARTESIAN_POINT('',(2.198521102435E1,-1.484E2,5.E1));
#4947=CARTESIAN_POINT('',(2.228521102435E1,-1.484E2,5.E1));
#4948=VERTEX_POINT('',#4946);
#4949=VERTEX_POINT('',#4947);
#4950=CARTESIAN_POINT('',(2.198521102435E1,-1.481E2,5.E1));
#4951=CARTESIAN_POINT('',(2.228521102435E1,-1.481E2,5.E1));
#4952=VERTEX_POINT('',#4950);
#4953=VERTEX_POINT('',#4951);
#4954=CARTESIAN_POINT('',(2.203101244308E1,-1.484E2,5.052351261167E1));
#4955=CARTESIAN_POINT('',(2.232645476898E1,-1.484E2,5.047141815837E1));
#4956=VERTEX_POINT('',#4954);
#4957=VERTEX_POINT('',#4955);
#4958=CARTESIAN_POINT('',(2.203101244308E1,-1.481E2,5.052351261167E1));
#4959=CARTESIAN_POINT('',(2.232645476898E1,-1.481E2,5.047141815837E1));
#4960=VERTEX_POINT('',#4958);
#4961=VERTEX_POINT('',#4959);
#4962=CARTESIAN_POINT('',(2.216702504635E1,-1.484E2,5.103111855755E1));
#4963=CARTESIAN_POINT('',(2.244893283259E1,-1.484E2,5.092851251455E1));
#4964=VERTEX_POINT('',#4962);
#4965=VERTEX_POINT('',#4963);
#4966=CARTESIAN_POINT('',(2.216702504635E1,-1.481E2,5.103111855755E1));
#4967=CARTESIAN_POINT('',(2.244893283259E1,-1.481E2,5.092851251455E1));
#4968=VERTEX_POINT('',#4966);
#4969=VERTEX_POINT('',#4967);
#4970=CARTESIAN_POINT('',(2.238911616003E1,-1.484E2,5.150739448783E1));
#4971=CARTESIAN_POINT('',(2.264892378117E1,-1.484E2,5.135739448783E1));
#4972=VERTEX_POINT('',#4970);
#4973=VERTEX_POINT('',#4971);
#4974=CARTESIAN_POINT('',(2.238911616003E1,-1.481E2,5.150739448783E1));
#4975=CARTESIAN_POINT('',(2.264892378117E1,-1.481E2,5.135739448783E1));
#4976=VERTEX_POINT('',#4974);
#4977=VERTEX_POINT('',#4975);
#4978=CARTESIAN_POINT('',(2.269053765802E1,-1.484E2,5.193786899937E1));
#4979=CARTESIAN_POINT('',(2.292035099096E1,-1.484E2,5.174503271646E1));
#4980=VERTEX_POINT('',#4978);
#4981=VERTEX_POINT('',#4979);
#4982=CARTESIAN_POINT('',(2.269053765802E1,-1.481E2,5.193786899937E1));
#4983=CARTESIAN_POINT('',(2.292035099096E1,-1.481E2,5.174503271646E1));
#4984=VERTEX_POINT('',#4982);
#4985=VERTEX_POINT('',#4983);
#4986=CARTESIAN_POINT('',(2.306213100063E1,-1.484E2,5.230946234198E1));
#4987=CARTESIAN_POINT('',(2.325496728354E1,-1.484E2,5.207964900904E1));
#4988=VERTEX_POINT('',#4986);
#4989=VERTEX_POINT('',#4987);
#4990=CARTESIAN_POINT('',(2.306213100063E1,-1.481E2,5.230946234198E1));
#4991=CARTESIAN_POINT('',(2.325496728354E1,-1.481E2,5.207964900904E1));
#4992=VERTEX_POINT('',#4990);
#4993=VERTEX_POINT('',#4991);
#4994=CARTESIAN_POINT('',(2.349260551217E1,-1.484E2,5.261088383997E1));
#4995=CARTESIAN_POINT('',(2.364260551217E1,-1.484E2,5.235107621883E1));
#4996=VERTEX_POINT('',#4994);
#4997=VERTEX_POINT('',#4995);
#4998=CARTESIAN_POINT('',(2.349260551217E1,-1.481E2,5.261088383997E1));
#4999=CARTESIAN_POINT('',(2.364260551217E1,-1.481E2,5.235107621883E1));
#5000=VERTEX_POINT('',#4998);
#5001=VERTEX_POINT('',#4999);
#5002=CARTESIAN_POINT('',(2.396888144245E1,-1.484E2,5.283297495365E1));
#5003=CARTESIAN_POINT('',(2.407148748545E1,-1.484E2,5.255106716741E1));
#5004=VERTEX_POINT('',#5002);
#5005=VERTEX_POINT('',#5003);
#5006=CARTESIAN_POINT('',(2.396888144245E1,-1.481E2,5.283297495365E1));
#5007=CARTESIAN_POINT('',(2.407148748545E1,-1.481E2,5.255106716741E1));
#5008=VERTEX_POINT('',#5006);
#5009=VERTEX_POINT('',#5007);
#5010=CARTESIAN_POINT('',(2.447648738833E1,-1.484E2,5.296898755692E1));
#5011=CARTESIAN_POINT('',(2.452858184163E1,-1.484E2,5.267354523102E1));
#5012=VERTEX_POINT('',#5010);
#5013=VERTEX_POINT('',#5011);
#5014=CARTESIAN_POINT('',(2.447648738833E1,-1.481E2,5.296898755692E1));
#5015=CARTESIAN_POINT('',(2.452858184163E1,-1.481E2,5.267354523102E1));
#5016=VERTEX_POINT('',#5014);
#5017=VERTEX_POINT('',#5015);
#5018=CARTESIAN_POINT('',(2.5E1,-1.484E2,5.301478897565E1));
#5019=CARTESIAN_POINT('',(2.5E1,-1.484E2,5.271478897565E1));
#5020=VERTEX_POINT('',#5018);
#5021=VERTEX_POINT('',#5019);
#5022=CARTESIAN_POINT('',(2.5E1,-1.481E2,5.301478897565E1));
#5023=CARTESIAN_POINT('',(2.5E1,-1.481E2,5.271478897565E1));
#5024=VERTEX_POINT('',#5022);
#5025=VERTEX_POINT('',#5023);
#5026=CARTESIAN_POINT('',(2.552351261167E1,-1.484E2,5.296898755692E1));
#5027=CARTESIAN_POINT('',(2.547141815837E1,-1.484E2,5.267354523102E1));
#5028=VERTEX_POINT('',#5026);
#5029=VERTEX_POINT('',#5027);
#5030=CARTESIAN_POINT('',(2.552351261167E1,-1.481E2,5.296898755692E1));
#5031=CARTESIAN_POINT('',(2.547141815837E1,-1.481E2,5.267354523102E1));
#5032=VERTEX_POINT('',#5030);
#5033=VERTEX_POINT('',#5031);
#5034=CARTESIAN_POINT('',(2.603111855755E1,-1.484E2,5.283297495365E1));
#5035=CARTESIAN_POINT('',(2.592851251455E1,-1.484E2,5.255106716741E1));
#5036=VERTEX_POINT('',#5034);
#5037=VERTEX_POINT('',#5035);
#5038=CARTESIAN_POINT('',(2.603111855755E1,-1.481E2,5.283297495365E1));
#5039=CARTESIAN_POINT('',(2.592851251455E1,-1.481E2,5.255106716741E1));
#5040=VERTEX_POINT('',#5038);
#5041=VERTEX_POINT('',#5039);
#5042=CARTESIAN_POINT('',(2.650739448783E1,-1.484E2,5.261088383997E1));
#5043=CARTESIAN_POINT('',(2.635739448783E1,-1.484E2,5.235107621883E1));
#5044=VERTEX_POINT('',#5042);
#5045=VERTEX_POINT('',#5043);
#5046=CARTESIAN_POINT('',(2.650739448783E1,-1.481E2,5.261088383997E1));
#5047=CARTESIAN_POINT('',(2.635739448783E1,-1.481E2,5.235107621883E1));
#5048=VERTEX_POINT('',#5046);
#5049=VERTEX_POINT('',#5047);
#5050=CARTESIAN_POINT('',(2.693786899937E1,-1.484E2,5.230946234198E1));
#5051=CARTESIAN_POINT('',(2.674503271646E1,-1.484E2,5.207964900904E1));
#5052=VERTEX_POINT('',#5050);
#5053=VERTEX_POINT('',#5051);
#5054=CARTESIAN_POINT('',(2.693786899937E1,-1.481E2,5.230946234198E1));
#5055=CARTESIAN_POINT('',(2.674503271646E1,-1.481E2,5.207964900904E1));
#5056=VERTEX_POINT('',#5054);
#5057=VERTEX_POINT('',#5055);
#5058=CARTESIAN_POINT('',(2.730946234198E1,-1.484E2,5.193786899937E1));
#5059=CARTESIAN_POINT('',(2.707964900904E1,-1.484E2,5.174503271646E1));
#5060=VERTEX_POINT('',#5058);
#5061=VERTEX_POINT('',#5059);
#5062=CARTESIAN_POINT('',(2.730946234198E1,-1.481E2,5.193786899937E1));
#5063=CARTESIAN_POINT('',(2.707964900904E1,-1.481E2,5.174503271646E1));
#5064=VERTEX_POINT('',#5062);
#5065=VERTEX_POINT('',#5063);
#5066=CARTESIAN_POINT('',(2.761088383997E1,-1.484E2,5.150739448783E1));
#5067=CARTESIAN_POINT('',(2.735107621883E1,-1.484E2,5.135739448783E1));
#5068=VERTEX_POINT('',#5066);
#5069=VERTEX_POINT('',#5067);
#5070=CARTESIAN_POINT('',(2.761088383997E1,-1.481E2,5.150739448783E1));
#5071=CARTESIAN_POINT('',(2.735107621883E1,-1.481E2,5.135739448783E1));
#5072=VERTEX_POINT('',#5070);
#5073=VERTEX_POINT('',#5071);
#5074=CARTESIAN_POINT('',(2.783297495365E1,-1.484E2,5.103111855755E1));
#5075=CARTESIAN_POINT('',(2.755106716741E1,-1.484E2,5.092851251455E1));
#5076=VERTEX_POINT('',#5074);
#5077=VERTEX_POINT('',#5075);
#5078=CARTESIAN_POINT('',(2.783297495365E1,-1.481E2,5.103111855755E1));
#5079=CARTESIAN_POINT('',(2.755106716741E1,-1.481E2,5.092851251455E1));
#5080=VERTEX_POINT('',#5078);
#5081=VERTEX_POINT('',#5079);
#5082=CARTESIAN_POINT('',(2.796898755692E1,-1.484E2,5.052351261167E1));
#5083=CARTESIAN_POINT('',(2.767354523102E1,-1.484E2,5.047141815837E1));
#5084=VERTEX_POINT('',#5082);
#5085=VERTEX_POINT('',#5083);
#5086=CARTESIAN_POINT('',(2.796898755692E1,-1.481E2,5.052351261167E1));
#5087=CARTESIAN_POINT('',(2.767354523102E1,-1.481E2,5.047141815837E1));
#5088=VERTEX_POINT('',#5086);
#5089=VERTEX_POINT('',#5087);
#5090=CARTESIAN_POINT('',(2.801478897565E1,-1.484E2,5.E1));
#5091=CARTESIAN_POINT('',(2.771478897565E1,-1.484E2,5.E1));
#5092=VERTEX_POINT('',#5090);
#5093=VERTEX_POINT('',#5091);
#5094=CARTESIAN_POINT('',(2.801478897565E1,-1.481E2,5.E1));
#5095=CARTESIAN_POINT('',(2.771478897565E1,-1.481E2,5.E1));
#5096=VERTEX_POINT('',#5094);
#5097=VERTEX_POINT('',#5095);
#5098=CARTESIAN_POINT('',(2.796898755692E1,-1.484E2,4.947648738833E1));
#5099=CARTESIAN_POINT('',(2.767354523102E1,-1.484E2,4.952858184163E1));
#5100=VERTEX_POINT('',#5098);
#5101=VERTEX_POINT('',#5099);
#5102=CARTESIAN_POINT('',(2.796898755692E1,-1.481E2,4.947648738833E1));
#5103=CARTESIAN_POINT('',(2.767354523102E1,-1.481E2,4.952858184163E1));
#5104=VERTEX_POINT('',#5102);
#5105=VERTEX_POINT('',#5103);
#5106=CARTESIAN_POINT('',(2.783297495365E1,-1.484E2,4.896888144245E1));
#5107=CARTESIAN_POINT('',(2.755106716741E1,-1.484E2,4.907148748545E1));
#5108=VERTEX_POINT('',#5106);
#5109=VERTEX_POINT('',#5107);
#5110=CARTESIAN_POINT('',(2.783297495365E1,-1.481E2,4.896888144245E1));
#5111=CARTESIAN_POINT('',(2.755106716741E1,-1.481E2,4.907148748545E1));
#5112=VERTEX_POINT('',#5110);
#5113=VERTEX_POINT('',#5111);
#5114=CARTESIAN_POINT('',(2.761088383997E1,-1.484E2,4.849260551217E1));
#5115=CARTESIAN_POINT('',(2.735107621883E1,-1.484E2,4.864260551217E1));
#5116=VERTEX_POINT('',#5114);
#5117=VERTEX_POINT('',#5115);
#5118=CARTESIAN_POINT('',(2.761088383997E1,-1.481E2,4.849260551217E1));
#5119=CARTESIAN_POINT('',(2.735107621883E1,-1.481E2,4.864260551217E1));
#5120=VERTEX_POINT('',#5118);
#5121=VERTEX_POINT('',#5119);
#5122=CARTESIAN_POINT('',(2.730946234198E1,-1.484E2,4.806213100063E1));
#5123=CARTESIAN_POINT('',(2.707964900904E1,-1.484E2,4.825496728354E1));
#5124=VERTEX_POINT('',#5122);
#5125=VERTEX_POINT('',#5123);
#5126=CARTESIAN_POINT('',(2.730946234198E1,-1.481E2,4.806213100063E1));
#5127=CARTESIAN_POINT('',(2.707964900904E1,-1.481E2,4.825496728354E1));
#5128=VERTEX_POINT('',#5126);
#5129=VERTEX_POINT('',#5127);
#5130=CARTESIAN_POINT('',(2.693786899937E1,-1.484E2,4.769053765802E1));
#5131=CARTESIAN_POINT('',(2.674503271646E1,-1.484E2,4.792035099096E1));
#5132=VERTEX_POINT('',#5130);
#5133=VERTEX_POINT('',#5131);
#5134=CARTESIAN_POINT('',(2.693786899937E1,-1.481E2,4.769053765802E1));
#5135=CARTESIAN_POINT('',(2.674503271646E1,-1.481E2,4.792035099096E1));
#5136=VERTEX_POINT('',#5134);
#5137=VERTEX_POINT('',#5135);
#5138=CARTESIAN_POINT('',(2.650739448783E1,-1.484E2,4.738911616003E1));
#5139=CARTESIAN_POINT('',(2.635739448783E1,-1.484E2,4.764892378117E1));
#5140=VERTEX_POINT('',#5138);
#5141=VERTEX_POINT('',#5139);
#5142=CARTESIAN_POINT('',(2.650739448783E1,-1.481E2,4.738911616003E1));
#5143=CARTESIAN_POINT('',(2.635739448783E1,-1.481E2,4.764892378117E1));
#5144=VERTEX_POINT('',#5142);
#5145=VERTEX_POINT('',#5143);
#5146=CARTESIAN_POINT('',(2.603111855755E1,-1.484E2,4.716702504635E1));
#5147=CARTESIAN_POINT('',(2.592851251455E1,-1.484E2,4.744893283259E1));
#5148=VERTEX_POINT('',#5146);
#5149=VERTEX_POINT('',#5147);
#5150=CARTESIAN_POINT('',(2.603111855755E1,-1.481E2,4.716702504635E1));
#5151=CARTESIAN_POINT('',(2.592851251455E1,-1.481E2,4.744893283259E1));
#5152=VERTEX_POINT('',#5150);
#5153=VERTEX_POINT('',#5151);
#5154=CARTESIAN_POINT('',(2.552351261167E1,-1.484E2,4.703101244308E1));
#5155=CARTESIAN_POINT('',(2.547141815837E1,-1.484E2,4.732645476898E1));
#5156=VERTEX_POINT('',#5154);
#5157=VERTEX_POINT('',#5155);
#5158=CARTESIAN_POINT('',(2.552351261167E1,-1.481E2,4.703101244308E1));
#5159=CARTESIAN_POINT('',(2.547141815837E1,-1.481E2,4.732645476898E1));
#5160=VERTEX_POINT('',#5158);
#5161=VERTEX_POINT('',#5159);
#5162=CARTESIAN_POINT('',(2.5E1,-1.484E2,4.698521102435E1));
#5163=CARTESIAN_POINT('',(2.5E1,-1.484E2,4.728521102435E1));
#5164=VERTEX_POINT('',#5162);
#5165=VERTEX_POINT('',#5163);
#5166=CARTESIAN_POINT('',(2.5E1,-1.481E2,4.698521102435E1));
#5167=CARTESIAN_POINT('',(2.5E1,-1.481E2,4.728521102435E1));
#5168=VERTEX_POINT('',#5166);
#5169=VERTEX_POINT('',#5167);
#5170=CARTESIAN_POINT('',(2.447648738833E1,-1.484E2,4.703101244308E1));
#5171=CARTESIAN_POINT('',(2.452858184163E1,-1.484E2,4.732645476898E1));
#5172=VERTEX_POINT('',#5170);
#5173=VERTEX_POINT('',#5171);
#5174=CARTESIAN_POINT('',(2.447648738833E1,-1.481E2,4.703101244308E1));
#5175=CARTESIAN_POINT('',(2.452858184163E1,-1.481E2,4.732645476898E1));
#5176=VERTEX_POINT('',#5174);
#5177=VERTEX_POINT('',#5175);
#5178=CARTESIAN_POINT('',(2.396888144245E1,-1.484E2,4.716702504635E1));
#5179=CARTESIAN_POINT('',(2.407148748545E1,-1.484E2,4.744893283259E1));
#5180=VERTEX_POINT('',#5178);
#5181=VERTEX_POINT('',#5179);
#5182=CARTESIAN_POINT('',(2.396888144245E1,-1.481E2,4.716702504635E1));
#5183=CARTESIAN_POINT('',(2.407148748545E1,-1.481E2,4.744893283259E1));
#5184=VERTEX_POINT('',#5182);
#5185=VERTEX_POINT('',#5183);
#5186=CARTESIAN_POINT('',(2.349260551217E1,-1.484E2,4.738911616003E1));
#5187=CARTESIAN_POINT('',(2.364260551217E1,-1.484E2,4.764892378117E1));
#5188=VERTEX_POINT('',#5186);
#5189=VERTEX_POINT('',#5187);
#5190=CARTESIAN_POINT('',(2.349260551217E1,-1.481E2,4.738911616003E1));
#5191=CARTESIAN_POINT('',(2.364260551217E1,-1.481E2,4.764892378117E1));
#5192=VERTEX_POINT('',#5190);
#5193=VERTEX_POINT('',#5191);
#5194=CARTESIAN_POINT('',(2.306213100063E1,-1.484E2,4.769053765802E1));
#5195=CARTESIAN_POINT('',(2.325496728354E1,-1.484E2,4.792035099096E1));
#5196=VERTEX_POINT('',#5194);
#5197=VERTEX_POINT('',#5195);
#5198=CARTESIAN_POINT('',(2.306213100063E1,-1.481E2,4.769053765802E1));
#5199=CARTESIAN_POINT('',(2.325496728354E1,-1.481E2,4.792035099096E1));
#5200=VERTEX_POINT('',#5198);
#5201=VERTEX_POINT('',#5199);
#5202=CARTESIAN_POINT('',(2.269053765802E1,-1.484E2,4.806213100063E1));
#5203=CARTESIAN_POINT('',(2.292035099096E1,-1.484E2,4.825496728354E1));
#5204=VERTEX_POINT('',#5202);
#5205=VERTEX_POINT('',#5203);
#5206=CARTESIAN_POINT('',(2.269053765802E1,-1.481E2,4.806213100063E1));
#5207=CARTESIAN_POINT('',(2.292035099096E1,-1.481E2,4.825496728354E1));
#5208=VERTEX_POINT('',#5206);
#5209=VERTEX_POINT('',#5207);
#5210=CARTESIAN_POINT('',(2.238911616003E1,-1.484E2,4.849260551217E1));
#5211=CARTESIAN_POINT('',(2.264892378117E1,-1.484E2,4.864260551217E1));
#5212=VERTEX_POINT('',#5210);
#5213=VERTEX_POINT('',#5211);
#5214=CARTESIAN_POINT('',(2.238911616003E1,-1.481E2,4.849260551217E1));
#5215=CARTESIAN_POINT('',(2.264892378117E1,-1.481E2,4.864260551217E1));
#5216=VERTEX_POINT('',#5214);
#5217=VERTEX_POINT('',#5215);
#5218=CARTESIAN_POINT('',(2.216702504635E1,-1.484E2,4.896888144245E1));
#5219=CARTESIAN_POINT('',(2.244893283259E1,-1.484E2,4.907148748545E1));
#5220=VERTEX_POINT('',#5218);
#5221=VERTEX_POINT('',#5219);
#5222=CARTESIAN_POINT('',(2.216702504635E1,-1.481E2,4.896888144245E1));
#5223=CARTESIAN_POINT('',(2.244893283259E1,-1.481E2,4.907148748545E1));
#5224=VERTEX_POINT('',#5222);
#5225=VERTEX_POINT('',#5223);
#5226=CARTESIAN_POINT('',(2.203101244308E1,-1.484E2,4.947648738833E1));
#5227=CARTESIAN_POINT('',(2.232645476898E1,-1.484E2,4.952858184163E1));
#5228=VERTEX_POINT('',#5226);
#5229=VERTEX_POINT('',#5227);
#5230=CARTESIAN_POINT('',(2.203101244308E1,-1.481E2,4.947648738833E1));
#5231=CARTESIAN_POINT('',(2.232645476898E1,-1.481E2,4.952858184163E1));
#5232=VERTEX_POINT('',#5230);
#5233=VERTEX_POINT('',#5231);
#5234=CARTESIAN_POINT('',(2.5E1,-1.57E2,2.9E1));
#5235=DIRECTION('',(0.E0,0.E0,1.E0));
#5236=DIRECTION('',(0.E0,-1.E0,0.E0));
#5237=AXIS2_PLACEMENT_3D('',#5234,#5235,#5236);
#5238=PLANE('',#5237);
#5240=ORIENTED_EDGE('',*,*,#5239,.T.);
#5242=ORIENTED_EDGE('',*,*,#5241,.T.);
#5243=EDGE_LOOP('',(#5240,#5242));
#5244=FACE_OUTER_BOUND('',#5243,.F.);
#5246=ORIENTED_EDGE('',*,*,#5245,.T.);
#5248=ORIENTED_EDGE('',*,*,#5247,.T.);
#5249=EDGE_LOOP('',(#5246,#5248));
#5250=FACE_BOUND('',#5249,.F.);
#5251=ADVANCED_FACE('',(#5244,#5250),#5238,.F.);
#5252=CARTESIAN_POINT('',(2.5E1,-1.57E2,2.9E1));
#5253=DIRECTION('',(0.E0,0.E0,-1.E0));
#5254=DIRECTION('',(-1.E0,0.E0,0.E0));
#5255=AXIS2_PLACEMENT_3D('',#5252,#5253,#5254);
#5256=CYLINDRICAL_SURFACE('',#5255,4.5E0);
#5257=ORIENTED_EDGE('',*,*,#5239,.F.);
#5259=ORIENTED_EDGE('',*,*,#5258,.T.);
#5261=ORIENTED_EDGE('',*,*,#5260,.F.);
#5263=ORIENTED_EDGE('',*,*,#5262,.F.);
#5264=EDGE_LOOP('',(#5257,#5259,#5261,#5263));
#5265=FACE_OUTER_BOUND('',#5264,.F.);
#5266=ADVANCED_FACE('',(#5265),#5256,.T.);
#5267=CARTESIAN_POINT('',(2.5E1,-1.57E2,2.9E1));
#5268=DIRECTION('',(0.E0,0.E0,-1.E0));
#5269=DIRECTION('',(-1.E0,0.E0,0.E0));
#5270=AXIS2_PLACEMENT_3D('',#5267,#5268,#5269);
#5271=CYLINDRICAL_SURFACE('',#5270,4.5E0);
#5272=ORIENTED_EDGE('',*,*,#5241,.F.);
#5273=ORIENTED_EDGE('',*,*,#5262,.T.);
#5275=ORIENTED_EDGE('',*,*,#5274,.F.);
#5276=ORIENTED_EDGE('',*,*,#5258,.F.);
#5277=EDGE_LOOP('',(#5272,#5273,#5275,#5276));
#5278=FACE_OUTER_BOUND('',#5277,.F.);
#5279=ADVANCED_FACE('',(#5278),#5271,.T.);
#5280=CARTESIAN_POINT('',(2.5E1,-1.57E2,3.05E1));
#5281=DIRECTION('',(0.E0,0.E0,-1.E0));
#5282=DIRECTION('',(0.E0,1.E0,0.E0));
#5283=AXIS2_PLACEMENT_3D('',#5280,#5281,#5282);
#5284=PLANE('',#5283);
#5286=ORIENTED_EDGE('',*,*,#5285,.T.);
#5288=ORIENTED_EDGE('',*,*,#5287,.T.);
#5289=EDGE_LOOP('',(#5286,#5288));
#5290=FACE_OUTER_BOUND('',#5289,.F.);
#5291=ORIENTED_EDGE('',*,*,#5274,.T.);
#5292=ORIENTED_EDGE('',*,*,#5260,.T.);
#5293=EDGE_LOOP('',(#5291,#5292));
#5294=FACE_BOUND('',#5293,.F.);
#5295=ADVANCED_FACE('',(#5290,#5294),#5284,.T.);
#5296=CARTESIAN_POINT('',(2.5E1,-1.57E2,3.075E1));
#5297=DIRECTION('',(0.E0,0.E0,1.E0));
#5298=DIRECTION('',(0.E0,-1.E0,0.E0));
#5299=AXIS2_PLACEMENT_3D('',#5296,#5297,#5298);
#5300=CONICAL_SURFACE('',#5299,6.750000000001E0,4.5E1);
#5302=ORIENTED_EDGE('',*,*,#5301,.T.);
#5304=ORIENTED_EDGE('',*,*,#5303,.T.);
#5305=ORIENTED_EDGE('',*,*,#5285,.F.);
#5307=ORIENTED_EDGE('',*,*,#5306,.F.);
#5308=EDGE_LOOP('',(#5302,#5304,#5305,#5307));
#5309=FACE_OUTER_BOUND('',#5308,.F.);
#5310=ADVANCED_FACE('',(#5309),#5300,.T.);
#5311=CARTESIAN_POINT('',(2.5E1,-1.57E2,4.3175E1));
#5312=DIRECTION('',(0.E0,0.E0,-1.E0));
#5313=DIRECTION('',(0.E0,1.E0,0.E0));
#5314=AXIS2_PLACEMENT_3D('',#5311,#5312,#5313);
#5315=CYLINDRICAL_SURFACE('',#5314,7.E0);
#5316=ORIENTED_EDGE('',*,*,#5301,.F.);
#5318=ORIENTED_EDGE('',*,*,#5317,.T.);
#5320=ORIENTED_EDGE('',*,*,#5319,.F.);
#5322=ORIENTED_EDGE('',*,*,#5321,.F.);
#5323=EDGE_LOOP('',(#5316,#5318,#5320,#5322));
#5324=FACE_OUTER_BOUND('',#5323,.F.);
#5325=ADVANCED_FACE('',(#5324),#5315,.T.);
#5326=CARTESIAN_POINT('',(2.5E1,-1.57E2,4.3175E1));
#5327=DIRECTION('',(0.E0,0.E0,-1.E0));
#5328=DIRECTION('',(0.E0,1.E0,0.E0));
#5329=AXIS2_PLACEMENT_3D('',#5326,#5327,#5328);
#5330=CYLINDRICAL_SURFACE('',#5329,7.E0);
#5332=ORIENTED_EDGE('',*,*,#5331,.F.);
#5333=ORIENTED_EDGE('',*,*,#5321,.T.);
#5335=ORIENTED_EDGE('',*,*,#5334,.F.);
#5336=ORIENTED_EDGE('',*,*,#5317,.F.);
#5337=EDGE_LOOP('',(#5332,#5333,#5335,#5336));
#5338=FACE_OUTER_BOUND('',#5337,.F.);
#5339=ADVANCED_FACE('',(#5338),#5330,.T.);
#5340=CARTESIAN_POINT('',(2.5E1,-1.57E2,3.075E1));
#5341=DIRECTION('',(0.E0,0.E0,1.E0));
#5342=DIRECTION('',(0.E0,-1.E0,0.E0));
#5343=AXIS2_PLACEMENT_3D('',#5340,#5341,#5342);
#5344=CONICAL_SURFACE('',#5343,6.750000000001E0,4.5E1);
#5345=ORIENTED_EDGE('',*,*,#5331,.T.);
#5346=ORIENTED_EDGE('',*,*,#5306,.T.);
#5347=ORIENTED_EDGE('',*,*,#5287,.F.);
#5348=ORIENTED_EDGE('',*,*,#5303,.F.);
#5349=EDGE_LOOP('',(#5345,#5346,#5347,#5348));
#5350=FACE_OUTER_BOUND('',#5349,.F.);
#5351=ADVANCED_FACE('',(#5350),#5344,.T.);
#5352=CARTESIAN_POINT('',(2.5E1,-1.57E2,3.3E1));
#5353=DIRECTION('',(0.E0,0.E0,-1.E0));
#5354=DIRECTION('',(0.E0,1.E0,0.E0));
#5355=AXIS2_PLACEMENT_3D('',#5352,#5353,#5354);
#5356=PLANE('',#5355);
#5358=ORIENTED_EDGE('',*,*,#5357,.T.);
#5360=ORIENTED_EDGE('',*,*,#5359,.T.);
#5361=EDGE_LOOP('',(#5358,#5360));
#5362=FACE_OUTER_BOUND('',#5361,.F.);
#5363=ORIENTED_EDGE('',*,*,#5334,.T.);
#5364=ORIENTED_EDGE('',*,*,#5319,.T.);
#5365=EDGE_LOOP('',(#5363,#5364));
#5366=FACE_BOUND('',#5365,.F.);
#5367=ADVANCED_FACE('',(#5362,#5366),#5356,.T.);
#5368=CARTESIAN_POINT('',(2.5E1,-1.57E2,4.3175E1));
#5369=DIRECTION('',(0.E0,0.E0,-1.E0));
#5370=DIRECTION('',(0.E0,1.E0,0.E0));
#5371=AXIS2_PLACEMENT_3D('',#5368,#5369,#5370);
#5372=CYLINDRICAL_SURFACE('',#5371,7.5E0);
#5373=ORIENTED_EDGE('',*,*,#5357,.F.);
#5375=ORIENTED_EDGE('',*,*,#5374,.T.);
#5377=ORIENTED_EDGE('',*,*,#5376,.F.);
#5379=ORIENTED_EDGE('',*,*,#5378,.F.);
#5380=EDGE_LOOP('',(#5373,#5375,#5377,#5379));
#5381=FACE_OUTER_BOUND('',#5380,.F.);
#5382=ADVANCED_FACE('',(#5381),#5372,.T.);
#5383=CARTESIAN_POINT('',(2.5E1,-1.57E2,4.3175E1));
#5384=DIRECTION('',(0.E0,0.E0,-1.E0));
#5385=DIRECTION('',(0.E0,1.E0,0.E0));
#5386=AXIS2_PLACEMENT_3D('',#5383,#5384,#5385);
#5387=CYLINDRICAL_SURFACE('',#5386,7.5E0);
#5388=ORIENTED_EDGE('',*,*,#5359,.F.);
#5389=ORIENTED_EDGE('',*,*,#5378,.T.);
#5391=ORIENTED_EDGE('',*,*,#5390,.F.);
#5392=ORIENTED_EDGE('',*,*,#5374,.F.);
#5393=EDGE_LOOP('',(#5388,#5389,#5391,#5392));
#5394=FACE_OUTER_BOUND('',#5393,.F.);
#5395=ADVANCED_FACE('',(#5394),#5387,.T.);
#5396=CARTESIAN_POINT('',(2.5E1,-1.57E2,3.75E1));
#5397=DIRECTION('',(0.E0,0.E0,-1.E0));
#5398=DIRECTION('',(0.E0,1.E0,0.E0));
#5399=AXIS2_PLACEMENT_3D('',#5396,#5397,#5398);
#5400=PLANE('',#5399);
#5401=ORIENTED_EDGE('',*,*,#5390,.T.);
#5402=ORIENTED_EDGE('',*,*,#5376,.T.);
#5403=EDGE_LOOP('',(#5401,#5402));
#5404=FACE_OUTER_BOUND('',#5403,.F.);
#5406=ORIENTED_EDGE('',*,*,#5405,.T.);
#5408=ORIENTED_EDGE('',*,*,#5407,.T.);
#5409=EDGE_LOOP('',(#5406,#5408));
#5410=FACE_BOUND('',#5409,.F.);
#5411=ADVANCED_FACE('',(#5404,#5410),#5400,.F.);
#5412=CARTESIAN_POINT('',(2.5E1,-1.57E2,4.3175E1));
#5413=DIRECTION('',(0.E0,0.E0,-1.E0));
#5414=DIRECTION('',(0.E0,1.E0,0.E0));
#5415=AXIS2_PLACEMENT_3D('',#5412,#5413,#5414);
#5416=CYLINDRICAL_SURFACE('',#5415,7.E0);
#5417=ORIENTED_EDGE('',*,*,#5405,.F.);
#5419=ORIENTED_EDGE('',*,*,#5418,.T.);
#5421=ORIENTED_EDGE('',*,*,#5420,.F.);
#5423=ORIENTED_EDGE('',*,*,#5422,.F.);
#5424=EDGE_LOOP('',(#5417,#5419,#5421,#5423));
#5425=FACE_OUTER_BOUND('',#5424,.F.);
#5426=ADVANCED_FACE('',(#5425),#5416,.T.);
#5427=CARTESIAN_POINT('',(2.5E1,-1.57E2,4.3175E1));
#5428=DIRECTION('',(0.E0,0.E0,-1.E0));
#5429=DIRECTION('',(0.E0,1.E0,0.E0));
#5430=AXIS2_PLACEMENT_3D('',#5427,#5428,#5429);
#5431=CYLINDRICAL_SURFACE('',#5430,7.E0);
#5432=ORIENTED_EDGE('',*,*,#5407,.F.);
#5433=ORIENTED_EDGE('',*,*,#5422,.T.);
#5435=ORIENTED_EDGE('',*,*,#5434,.F.);
#5436=ORIENTED_EDGE('',*,*,#5418,.F.);
#5437=EDGE_LOOP('',(#5432,#5433,#5435,#5436));
#5438=FACE_OUTER_BOUND('',#5437,.F.);
#5439=ADVANCED_FACE('',(#5438),#5431,.T.);
#5440=CARTESIAN_POINT('',(2.5E1,-1.57E2,4.2E1));
#5441=DIRECTION('',(0.E0,0.E0,-1.E0));
#5442=DIRECTION('',(0.E0,1.E0,0.E0));
#5443=AXIS2_PLACEMENT_3D('',#5440,#5441,#5442);
#5444=CONICAL_SURFACE('',#5443,6.625E0,3.686989764584E1);
#5445=ORIENTED_EDGE('',*,*,#5434,.T.);
#5447=ORIENTED_EDGE('',*,*,#5446,.T.);
#5449=ORIENTED_EDGE('',*,*,#5448,.F.);
#5451=ORIENTED_EDGE('',*,*,#5450,.F.);
#5452=EDGE_LOOP('',(#5445,#5447,#5449,#5451));
#5453=FACE_OUTER_BOUND('',#5452,.F.);
#5454=ADVANCED_FACE('',(#5453),#5444,.T.);
#5455=CARTESIAN_POINT('',(2.5E1,-1.57E2,4.2E1));
#5456=DIRECTION('',(0.E0,0.E0,-1.E0));
#5457=DIRECTION('',(0.E0,1.E0,0.E0));
#5458=AXIS2_PLACEMENT_3D('',#5455,#5456,#5457);
#5459=CONICAL_SURFACE('',#5458,6.625E0,3.686989764584E1);
#5460=ORIENTED_EDGE('',*,*,#5420,.T.);
#5461=ORIENTED_EDGE('',*,*,#5450,.T.);
#5463=ORIENTED_EDGE('',*,*,#5462,.F.);
#5464=ORIENTED_EDGE('',*,*,#5446,.F.);
#5465=EDGE_LOOP('',(#5460,#5461,#5463,#5464));
#5466=FACE_OUTER_BOUND('',#5465,.F.);
#5467=ADVANCED_FACE('',(#5466),#5459,.T.);
#5468=CARTESIAN_POINT('',(2.5E1,-1.57E2,4.25E1));
#5469=DIRECTION('',(0.E0,0.E0,-1.E0));
#5470=DIRECTION('',(0.E0,1.E0,0.E0));
#5471=AXIS2_PLACEMENT_3D('',#5468,#5469,#5470);
#5472=PLANE('',#5471);
#5473=ORIENTED_EDGE('',*,*,#5462,.T.);
#5474=ORIENTED_EDGE('',*,*,#5448,.T.);
#5475=EDGE_LOOP('',(#5473,#5474));
#5476=FACE_OUTER_BOUND('',#5475,.F.);
#5478=ORIENTED_EDGE('',*,*,#5477,.T.);
#5480=ORIENTED_EDGE('',*,*,#5479,.T.);
#5481=EDGE_LOOP('',(#5478,#5480));
#5482=FACE_BOUND('',#5481,.F.);
#5483=ADVANCED_FACE('',(#5476,#5482),#5472,.F.);
#5484=CARTESIAN_POINT('',(2.5E1,-1.57E2,2.9E1));
#5485=DIRECTION('',(0.E0,0.E0,1.E0));
#5486=DIRECTION('',(0.E0,-1.E0,0.E0));
#5487=AXIS2_PLACEMENT_3D('',#5484,#5485,#5486);
#5488=CYLINDRICAL_SURFACE('',#5487,5.E0);
#5489=ORIENTED_EDGE('',*,*,#5477,.F.);
#5491=ORIENTED_EDGE('',*,*,#5490,.F.);
#5493=ORIENTED_EDGE('',*,*,#5492,.F.);
#5495=ORIENTED_EDGE('',*,*,#5494,.F.);
#5497=ORIENTED_EDGE('',*,*,#5496,.T.);
#5498=EDGE_LOOP('',(#5489,#5491,#5493,#5495,#5497));
#5499=FACE_OUTER_BOUND('',#5498,.F.);
#5500=ADVANCED_FACE('',(#5499),#5488,.T.);
#5501=CARTESIAN_POINT('',(2.5E1,-1.57E2,2.9E1));
#5502=DIRECTION('',(0.E0,0.E0,1.E0));
#5503=DIRECTION('',(0.E0,-1.E0,0.E0));
#5504=AXIS2_PLACEMENT_3D('',#5501,#5502,#5503);
#5505=CYLINDRICAL_SURFACE('',#5504,5.E0);
#5506=ORIENTED_EDGE('',*,*,#5479,.F.);
#5507=ORIENTED_EDGE('',*,*,#5496,.F.);
#5509=ORIENTED_EDGE('',*,*,#5508,.T.);
#5511=ORIENTED_EDGE('',*,*,#5510,.F.);
#5512=ORIENTED_EDGE('',*,*,#5490,.T.);
#5513=EDGE_LOOP('',(#5506,#5507,#5509,#5511,#5512));
#5514=FACE_OUTER_BOUND('',#5513,.F.);
#5515=ADVANCED_FACE('',(#5514),#5505,.T.);
#5516=CARTESIAN_POINT('',(2.5E1,-1.57E2,5.E1));
#5517=DIRECTION('',(0.E0,1.E0,0.E0));
#5518=DIRECTION('',(0.E0,0.E0,1.E0));
#5519=AXIS2_PLACEMENT_3D('',#5516,#5517,#5518);
#5520=CYLINDRICAL_SURFACE('',#5519,5.E0);
#5521=ORIENTED_EDGE('',*,*,#5508,.F.);
#5523=ORIENTED_EDGE('',*,*,#5522,.F.);
#5525=ORIENTED_EDGE('',*,*,#5524,.F.);
#5527=ORIENTED_EDGE('',*,*,#5526,.T.);
#5529=ORIENTED_EDGE('',*,*,#5528,.F.);
#5530=EDGE_LOOP('',(#5521,#5523,#5525,#5527,#5529));
#5531=FACE_OUTER_BOUND('',#5530,.F.);
#5532=ADVANCED_FACE('',(#5531),#5520,.T.);
#5533=CARTESIAN_POINT('',(2.5E1,-1.57E2,5.E1));
#5534=DIRECTION('',(0.E0,1.E0,0.E0));
#5535=DIRECTION('',(0.E0,0.E0,1.E0));
#5536=AXIS2_PLACEMENT_3D('',#5533,#5534,#5535);
#5537=CYLINDRICAL_SURFACE('',#5536,5.E0);
#5538=ORIENTED_EDGE('',*,*,#5494,.T.);
#5540=ORIENTED_EDGE('',*,*,#5539,.F.);
#5541=ORIENTED_EDGE('',*,*,#5526,.F.);
#5543=ORIENTED_EDGE('',*,*,#5542,.F.);
#5544=ORIENTED_EDGE('',*,*,#5522,.T.);
#5545=EDGE_LOOP('',(#5538,#5540,#5541,#5543,#5544));
#5546=FACE_OUTER_BOUND('',#5545,.F.);
#5547=ADVANCED_FACE('',(#5546),#5537,.T.);
#5548=CARTESIAN_POINT('',(2.5E1,-1.57E2,5.E1));
#5549=DIRECTION('',(0.E0,7.071067811865E-1,7.071067811865E-1));
#5550=DIRECTION('',(0.E0,7.071067811865E-1,-7.071067811865E-1));
#5551=AXIS2_PLACEMENT_3D('',#5548,#5549,#5550);
#5552=SPHERICAL_SURFACE('',#5551,5.E0);
#5553=ORIENTED_EDGE('',*,*,#5539,.T.);
#5554=ORIENTED_EDGE('',*,*,#5492,.T.);
#5555=ORIENTED_EDGE('',*,*,#5510,.T.);
#5556=ORIENTED_EDGE('',*,*,#5528,.T.);
#5557=EDGE_LOOP('',(#5553,#5554,#5555,#5556));
#5558=FACE_OUTER_BOUND('',#5557,.F.);
#5559=ADVANCED_FACE('',(#5558),#5552,.T.);
#5560=CARTESIAN_POINT('',(2.5E1,-1.495E2,5.E1));
#5561=DIRECTION('',(0.E0,-1.E0,0.E0));
#5562=DIRECTION('',(0.E0,0.E0,-1.E0));
#5563=AXIS2_PLACEMENT_3D('',#5560,#5561,#5562);
#5564=PLANE('',#5563);
#5566=ORIENTED_EDGE('',*,*,#5565,.T.);
#5568=ORIENTED_EDGE('',*,*,#5567,.T.);
#5569=EDGE_LOOP('',(#5566,#5568));
#5570=FACE_OUTER_BOUND('',#5569,.F.);
#5571=ORIENTED_EDGE('',*,*,#5542,.T.);
#5572=ORIENTED_EDGE('',*,*,#5524,.T.);
#5573=EDGE_LOOP('',(#5571,#5572));
#5574=FACE_BOUND('',#5573,.F.);
#5575=ADVANCED_FACE('',(#5570,#5574),#5564,.T.);
#5576=CARTESIAN_POINT('',(2.5E1,-1.49E2,5.E1));
#5577=DIRECTION('',(0.E0,1.E0,0.E0));
#5578=DIRECTION('',(0.E0,0.E0,1.E0));
#5579=AXIS2_PLACEMENT_3D('',#5576,#5577,#5578);
#5580=CONICAL_SURFACE('',#5579,6.625E0,3.686989764584E1);
#5582=ORIENTED_EDGE('',*,*,#5581,.T.);
#5584=ORIENTED_EDGE('',*,*,#5583,.T.);
#5585=ORIENTED_EDGE('',*,*,#5565,.F.);
#5587=ORIENTED_EDGE('',*,*,#5586,.F.);
#5588=EDGE_LOOP('',(#5582,#5584,#5585,#5587));
#5589=FACE_OUTER_BOUND('',#5588,.F.);
#5590=ADVANCED_FACE('',(#5589),#5580,.T.);
#5591=CARTESIAN_POINT('',(2.5E1,-1.369E2,5.E1));
#5592=DIRECTION('',(0.E0,-1.E0,0.E0));
#5593=DIRECTION('',(0.E0,0.E0,-1.E0));
#5594=AXIS2_PLACEMENT_3D('',#5591,#5592,#5593);
#5595=CYLINDRICAL_SURFACE('',#5594,7.E0);
#5597=ORIENTED_EDGE('',*,*,#5596,.F.);
#5599=ORIENTED_EDGE('',*,*,#5598,.F.);
#5600=ORIENTED_EDGE('',*,*,#5581,.F.);
#5602=ORIENTED_EDGE('',*,*,#5601,.T.);
#5603=EDGE_LOOP('',(#5597,#5599,#5600,#5602));
#5604=FACE_OUTER_BOUND('',#5603,.F.);
#5605=ADVANCED_FACE('',(#5604),#5595,.T.);
#5606=CARTESIAN_POINT('',(2.5E1,-1.445E2,5.E1));
#5607=DIRECTION('',(0.E0,-1.E0,0.E0));
#5608=DIRECTION('',(0.E0,0.E0,-1.E0));
#5609=AXIS2_PLACEMENT_3D('',#5606,#5607,#5608);
#5610=PLANE('',#5609);
#5612=ORIENTED_EDGE('',*,*,#5611,.T.);
#5614=ORIENTED_EDGE('',*,*,#5613,.T.);
#5615=EDGE_LOOP('',(#5612,#5614));
#5616=FACE_OUTER_BOUND('',#5615,.F.);
#5617=ORIENTED_EDGE('',*,*,#5596,.T.);
#5619=ORIENTED_EDGE('',*,*,#5618,.T.);
#5620=EDGE_LOOP('',(#5617,#5619));
#5621=FACE_BOUND('',#5620,.F.);
#5622=ADVANCED_FACE('',(#5616,#5621),#5610,.T.);
#5623=CARTESIAN_POINT('',(2.5E1,-1.369E2,5.E1));
#5624=DIRECTION('',(0.E0,-1.E0,0.E0));
#5625=DIRECTION('',(0.E0,0.E0,-1.E0));
#5626=AXIS2_PLACEMENT_3D('',#5623,#5624,#5625);
#5627=CYLINDRICAL_SURFACE('',#5626,7.5E0);
#5629=ORIENTED_EDGE('',*,*,#5628,.F.);
#5631=ORIENTED_EDGE('',*,*,#5630,.F.);
#5632=ORIENTED_EDGE('',*,*,#5611,.F.);
#5634=ORIENTED_EDGE('',*,*,#5633,.T.);
#5635=EDGE_LOOP('',(#5629,#5631,#5632,#5634));
#5636=FACE_OUTER_BOUND('',#5635,.F.);
#5637=ADVANCED_FACE('',(#5636),#5627,.T.);
#5638=CARTESIAN_POINT('',(2.5E1,-1.4E2,5.E1));
#5639=DIRECTION('',(0.E0,-1.E0,0.E0));
#5640=DIRECTION('',(0.E0,0.E0,-1.E0));
#5641=AXIS2_PLACEMENT_3D('',#5638,#5639,#5640);
#5642=PLANE('',#5641);
#5644=ORIENTED_EDGE('',*,*,#5643,.T.);
#5645=ORIENTED_EDGE('',*,*,#5628,.T.);
#5646=EDGE_LOOP('',(#5644,#5645));
#5647=FACE_OUTER_BOUND('',#5646,.F.);
#5649=ORIENTED_EDGE('',*,*,#5648,.T.);
#5651=ORIENTED_EDGE('',*,*,#5650,.T.);
#5652=EDGE_LOOP('',(#5649,#5651));
#5653=FACE_BOUND('',#5652,.F.);
#5654=ADVANCED_FACE('',(#5647,#5653),#5642,.F.);
#5655=CARTESIAN_POINT('',(2.5E1,-1.369E2,5.E1));
#5656=DIRECTION('',(0.E0,-1.E0,0.E0));
#5657=DIRECTION('',(0.E0,0.E0,-1.E0));
#5658=AXIS2_PLACEMENT_3D('',#5655,#5656,#5657);
#5659=CYLINDRICAL_SURFACE('',#5658,7.5E0);
#5660=ORIENTED_EDGE('',*,*,#5643,.F.);
#5661=ORIENTED_EDGE('',*,*,#5633,.F.);
#5662=ORIENTED_EDGE('',*,*,#5613,.F.);
#5663=ORIENTED_EDGE('',*,*,#5630,.T.);
#5664=EDGE_LOOP('',(#5660,#5661,#5662,#5663));
#5665=FACE_OUTER_BOUND('',#5664,.F.);
#5666=ADVANCED_FACE('',(#5665),#5659,.T.);
#5667=CARTESIAN_POINT('',(2.5E1,-1.369E2,5.E1));
#5668=DIRECTION('',(0.E0,-1.E0,0.E0));
#5669=DIRECTION('',(0.E0,0.E0,-1.E0));
#5670=AXIS2_PLACEMENT_3D('',#5667,#5668,#5669);
#5671=CYLINDRICAL_SURFACE('',#5670,7.E0);
#5673=ORIENTED_EDGE('',*,*,#5672,.F.);
#5675=ORIENTED_EDGE('',*,*,#5674,.F.);
#5676=ORIENTED_EDGE('',*,*,#5648,.F.);
#5678=ORIENTED_EDGE('',*,*,#5677,.T.);
#5679=EDGE_LOOP('',(#5673,#5675,#5676,#5678));
#5680=FACE_OUTER_BOUND('',#5679,.F.);
#5681=ADVANCED_FACE('',(#5680),#5671,.T.);
#5682=CARTESIAN_POINT('',(2.5E1,-1.3775E2,5.E1));
#5683=DIRECTION('',(0.E0,-1.E0,0.E0));
#5684=DIRECTION('',(0.E0,0.E0,-1.E0));
#5685=AXIS2_PLACEMENT_3D('',#5682,#5683,#5684);
#5686=CONICAL_SURFACE('',#5685,6.749999999996E0,4.5E1);
#5687=ORIENTED_EDGE('',*,*,#5672,.T.);
#5689=ORIENTED_EDGE('',*,*,#5688,.T.);
#5691=ORIENTED_EDGE('',*,*,#5690,.F.);
#5693=ORIENTED_EDGE('',*,*,#5692,.F.);
#5694=EDGE_LOOP('',(#5687,#5689,#5691,#5693));
#5695=FACE_OUTER_BOUND('',#5694,.F.);
#5696=ADVANCED_FACE('',(#5695),#5686,.T.);
#5697=CARTESIAN_POINT('',(2.5E1,-1.3775E2,5.E1));
#5698=DIRECTION('',(0.E0,-1.E0,0.E0));
#5699=DIRECTION('',(0.E0,0.E0,-1.E0));
#5700=AXIS2_PLACEMENT_3D('',#5697,#5698,#5699);
#5701=CONICAL_SURFACE('',#5700,6.749999999996E0,4.5E1);
#5703=ORIENTED_EDGE('',*,*,#5702,.T.);
#5704=ORIENTED_EDGE('',*,*,#5692,.T.);
#5706=ORIENTED_EDGE('',*,*,#5705,.F.);
#5707=ORIENTED_EDGE('',*,*,#5688,.F.);
#5708=EDGE_LOOP('',(#5703,#5704,#5706,#5707));
#5709=FACE_OUTER_BOUND('',#5708,.F.);
#5710=ADVANCED_FACE('',(#5709),#5701,.T.);
#5711=CARTESIAN_POINT('',(2.5E1,-1.369E2,5.E1));
#5712=DIRECTION('',(0.E0,-1.E0,0.E0));
#5713=DIRECTION('',(0.E0,0.E0,-1.E0));
#5714=AXIS2_PLACEMENT_3D('',#5711,#5712,#5713);
#5715=CYLINDRICAL_SURFACE('',#5714,7.E0);
#5716=ORIENTED_EDGE('',*,*,#5702,.F.);
#5717=ORIENTED_EDGE('',*,*,#5677,.F.);
#5718=ORIENTED_EDGE('',*,*,#5650,.F.);
#5719=ORIENTED_EDGE('',*,*,#5674,.T.);
#5720=EDGE_LOOP('',(#5716,#5717,#5718,#5719));
#5721=FACE_OUTER_BOUND('',#5720,.F.);
#5722=ADVANCED_FACE('',(#5721),#5715,.T.);
#5723=CARTESIAN_POINT('',(2.5E1,-1.375E2,5.E1));
#5724=DIRECTION('',(0.E0,-1.E0,0.E0));
#5725=DIRECTION('',(0.E0,0.E0,-1.E0));
#5726=AXIS2_PLACEMENT_3D('',#5723,#5724,#5725);
#5727=PLANE('',#5726);
#5728=ORIENTED_EDGE('',*,*,#5690,.T.);
#5729=ORIENTED_EDGE('',*,*,#5705,.T.);
#5730=EDGE_LOOP('',(#5728,#5729));
#5731=FACE_OUTER_BOUND('',#5730,.F.);
#5733=ORIENTED_EDGE('',*,*,#5732,.T.);
#5735=ORIENTED_EDGE('',*,*,#5734,.T.);
#5736=EDGE_LOOP('',(#5733,#5735));
#5737=FACE_BOUND('',#5736,.F.);
#5738=ADVANCED_FACE('',(#5731,#5737),#5727,.F.);
#5739=CARTESIAN_POINT('',(2.5E1,-1.36E2,5.E1));
#5740=DIRECTION('',(0.E0,1.E0,0.E0));
#5741=DIRECTION('',(1.E0,0.E0,0.E0));
#5742=AXIS2_PLACEMENT_3D('',#5739,#5740,#5741);
#5743=CYLINDRICAL_SURFACE('',#5742,4.5E0);
#5745=ORIENTED_EDGE('',*,*,#5744,.F.);
#5747=ORIENTED_EDGE('',*,*,#5746,.T.);
#5748=ORIENTED_EDGE('',*,*,#5732,.F.);
#5750=ORIENTED_EDGE('',*,*,#5749,.F.);
#5751=EDGE_LOOP('',(#5745,#5747,#5748,#5750));
#5752=FACE_OUTER_BOUND('',#5751,.F.);
#5753=ADVANCED_FACE('',(#5752),#5743,.T.);
#5754=CARTESIAN_POINT('',(2.5E1,-1.36E2,5.E1));
#5755=DIRECTION('',(0.E0,1.E0,0.E0));
#5756=DIRECTION('',(0.E0,0.E0,1.E0));
#5757=AXIS2_PLACEMENT_3D('',#5754,#5755,#5756);
#5758=PLANE('',#5757);
#5760=ORIENTED_EDGE('',*,*,#5759,.T.);
#5761=ORIENTED_EDGE('',*,*,#5744,.T.);
#5762=EDGE_LOOP('',(#5760,#5761));
#5763=FACE_OUTER_BOUND('',#5762,.F.);
#5765=ORIENTED_EDGE('',*,*,#5764,.T.);
#5767=ORIENTED_EDGE('',*,*,#5766,.T.);
#5768=EDGE_LOOP('',(#5765,#5767));
#5769=FACE_BOUND('',#5768,.F.);
#5770=ADVANCED_FACE('',(#5763,#5769),#5758,.T.);
#5771=CARTESIAN_POINT('',(2.5E1,-1.36E2,5.E1));
#5772=DIRECTION('',(0.E0,1.E0,0.E0));
#5773=DIRECTION('',(1.E0,0.E0,0.E0));
#5774=AXIS2_PLACEMENT_3D('',#5771,#5772,#5773);
#5775=CYLINDRICAL_SURFACE('',#5774,4.5E0);
#5776=ORIENTED_EDGE('',*,*,#5759,.F.);
#5777=ORIENTED_EDGE('',*,*,#5749,.T.);
#5778=ORIENTED_EDGE('',*,*,#5734,.F.);
#5779=ORIENTED_EDGE('',*,*,#5746,.F.);
#5780=EDGE_LOOP('',(#5776,#5777,#5778,#5779));
#5781=FACE_OUTER_BOUND('',#5780,.F.);
#5782=ADVANCED_FACE('',(#5781),#5775,.T.);
#5783=CARTESIAN_POINT('',(2.5E1,-1.57E2,5.E1));
#5784=DIRECTION('',(0.E0,1.E0,0.E0));
#5785=DIRECTION('',(0.E0,0.E0,1.E0));
#5786=AXIS2_PLACEMENT_3D('',#5783,#5784,#5785);
#5787=CYLINDRICAL_SURFACE('',#5786,3.3E0);
#5789=ORIENTED_EDGE('',*,*,#5788,.T.);
#5791=ORIENTED_EDGE('',*,*,#5790,.T.);
#5793=ORIENTED_EDGE('',*,*,#5792,.T.);
#5795=ORIENTED_EDGE('',*,*,#5794,.F.);
#5797=ORIENTED_EDGE('',*,*,#5796,.F.);
#5798=EDGE_LOOP('',(#5789,#5791,#5793,#5795,#5797));
#5799=FACE_OUTER_BOUND('',#5798,.F.);
#5800=ADVANCED_FACE('',(#5799),#5787,.F.);
#5801=CARTESIAN_POINT('',(2.5E1,-1.57E2,5.E1));
#5802=DIRECTION('',(0.E0,1.E0,0.E0));
#5803=DIRECTION('',(0.E0,0.E0,1.E0));
#5804=AXIS2_PLACEMENT_3D('',#5801,#5802,#5803);
#5805=CYLINDRICAL_SURFACE('',#5804,3.3E0);
#5807=ORIENTED_EDGE('',*,*,#5806,.T.);
#5809=ORIENTED_EDGE('',*,*,#5808,.F.);
#5810=ORIENTED_EDGE('',*,*,#5764,.F.);
#5812=ORIENTED_EDGE('',*,*,#5811,.T.);
#5813=EDGE_LOOP('',(#5807,#5809,#5810,#5812));
#5814=FACE_OUTER_BOUND('',#5813,.F.);
#5815=ADVANCED_FACE('',(#5814),#5805,.F.);
#5816=CARTESIAN_POINT('',(0.E0,-1.484E2,0.E0));
#5817=DIRECTION('',(0.E0,1.E0,0.E0));
#5818=DIRECTION('',(-1.E0,0.E0,0.E0));
#5819=AXIS2_PLACEMENT_3D('',#5816,#5817,#5818);
#5820=PLANE('',#5819);
#5821=ORIENTED_EDGE('',*,*,#5788,.F.);
#5823=ORIENTED_EDGE('',*,*,#5822,.F.);
#5824=EDGE_LOOP('',(#5821,#5823));
#5825=FACE_OUTER_BOUND('',#5824,.F.);
#5827=ORIENTED_EDGE('',*,*,#5826,.F.);
#5829=ORIENTED_EDGE('',*,*,#5828,.F.);
#5830=EDGE_LOOP('',(#5827,#5829));
#5831=FACE_BOUND('',#5830,.F.);
#5833=ORIENTED_EDGE('',*,*,#5832,.F.);
#5835=ORIENTED_EDGE('',*,*,#5834,.F.);
#5836=EDGE_LOOP('',(#5833,#5835));
#5837=FACE_BOUND('',#5836,.F.);
#5839=ORIENTED_EDGE('',*,*,#5838,.F.);
#5841=ORIENTED_EDGE('',*,*,#5840,.F.);
#5842=EDGE_LOOP('',(#5839,#5841));
#5843=FACE_BOUND('',#5842,.F.);
#5845=ORIENTED_EDGE('',*,*,#5844,.F.);
#5847=ORIENTED_EDGE('',*,*,#5846,.F.);
#5848=EDGE_LOOP('',(#5845,#5847));
#5849=FACE_BOUND('',#5848,.F.);
#5851=ORIENTED_EDGE('',*,*,#5850,.F.);
#5853=ORIENTED_EDGE('',*,*,#5852,.F.);
#5854=EDGE_LOOP('',(#5851,#5853));
#5855=FACE_BOUND('',#5854,.F.);
#5857=ORIENTED_EDGE('',*,*,#5856,.F.);
#5859=ORIENTED_EDGE('',*,*,#5858,.F.);
#5860=EDGE_LOOP('',(#5857,#5859));
#5861=FACE_BOUND('',#5860,.F.);
#5863=ORIENTED_EDGE('',*,*,#5862,.F.);
#5865=ORIENTED_EDGE('',*,*,#5864,.F.);
#5866=EDGE_LOOP('',(#5863,#5865));
#5867=FACE_BOUND('',#5866,.F.);
#5869=ORIENTED_EDGE('',*,*,#5868,.F.);
#5871=ORIENTED_EDGE('',*,*,#5870,.F.);
#5872=EDGE_LOOP('',(#5869,#5871));
#5873=FACE_BOUND('',#5872,.F.);
#5875=ORIENTED_EDGE('',*,*,#5874,.F.);
#5877=ORIENTED_EDGE('',*,*,#5876,.F.);
#5878=EDGE_LOOP('',(#5875,#5877));
#5879=FACE_BOUND('',#5878,.F.);
#5881=ORIENTED_EDGE('',*,*,#5880,.F.);
#5883=ORIENTED_EDGE('',*,*,#5882,.F.);
#5884=EDGE_LOOP('',(#5881,#5883));
#5885=FACE_BOUND('',#5884,.F.);
#5887=ORIENTED_EDGE('',*,*,#5886,.F.);
#5889=ORIENTED_EDGE('',*,*,#5888,.F.);
#5890=EDGE_LOOP('',(#5887,#5889));
#5891=FACE_BOUND('',#5890,.F.);
#5893=ORIENTED_EDGE('',*,*,#5892,.F.);
#5895=ORIENTED_EDGE('',*,*,#5894,.F.);
#5896=EDGE_LOOP('',(#5893,#5895));
#5897=FACE_BOUND('',#5896,.F.);
#5899=ORIENTED_EDGE('',*,*,#5898,.F.);
#5901=ORIENTED_EDGE('',*,*,#5900,.F.);
#5902=EDGE_LOOP('',(#5899,#5901));
#5903=FACE_BOUND('',#5902,.F.);
#5905=ORIENTED_EDGE('',*,*,#5904,.F.);
#5907=ORIENTED_EDGE('',*,*,#5906,.F.);
#5908=EDGE_LOOP('',(#5905,#5907));
#5909=FACE_BOUND('',#5908,.F.);
#5911=ORIENTED_EDGE('',*,*,#5910,.F.);
#5913=ORIENTED_EDGE('',*,*,#5912,.F.);
#5914=EDGE_LOOP('',(#5911,#5913));
#5915=FACE_BOUND('',#5914,.F.);
#5917=ORIENTED_EDGE('',*,*,#5916,.F.);
#5919=ORIENTED_EDGE('',*,*,#5918,.F.);
#5920=EDGE_LOOP('',(#5917,#5919));
#5921=FACE_BOUND('',#5920,.F.);
#5923=ORIENTED_EDGE('',*,*,#5922,.F.);
#5925=ORIENTED_EDGE('',*,*,#5924,.F.);
#5926=EDGE_LOOP('',(#5923,#5925));
#5927=FACE_BOUND('',#5926,.F.);
#5929=ORIENTED_EDGE('',*,*,#5928,.F.);
#5931=ORIENTED_EDGE('',*,*,#5930,.F.);
#5932=EDGE_LOOP('',(#5929,#5931));
#5933=FACE_BOUND('',#5932,.F.);
#5935=ORIENTED_EDGE('',*,*,#5934,.F.);
#5937=ORIENTED_EDGE('',*,*,#5936,.F.);
#5938=EDGE_LOOP('',(#5935,#5937));
#5939=FACE_BOUND('',#5938,.F.);
#5941=ORIENTED_EDGE('',*,*,#5940,.F.);
#5943=ORIENTED_EDGE('',*,*,#5942,.F.);
#5944=EDGE_LOOP('',(#5941,#5943));
#5945=FACE_BOUND('',#5944,.F.);
#5947=ORIENTED_EDGE('',*,*,#5946,.F.);
#5949=ORIENTED_EDGE('',*,*,#5948,.F.);
#5950=EDGE_LOOP('',(#5947,#5949));
#5951=FACE_BOUND('',#5950,.F.);
#5953=ORIENTED_EDGE('',*,*,#5952,.F.);
#5955=ORIENTED_EDGE('',*,*,#5954,.F.);
#5956=EDGE_LOOP('',(#5953,#5955));
#5957=FACE_BOUND('',#5956,.F.);
#5959=ORIENTED_EDGE('',*,*,#5958,.F.);
#5961=ORIENTED_EDGE('',*,*,#5960,.F.);
#5962=EDGE_LOOP('',(#5959,#5961));
#5963=FACE_BOUND('',#5962,.F.);
#5965=ORIENTED_EDGE('',*,*,#5964,.F.);
#5967=ORIENTED_EDGE('',*,*,#5966,.F.);
#5968=EDGE_LOOP('',(#5965,#5967));
#5969=FACE_BOUND('',#5968,.F.);
#5971=ORIENTED_EDGE('',*,*,#5970,.F.);
#5973=ORIENTED_EDGE('',*,*,#5972,.F.);
#5974=EDGE_LOOP('',(#5971,#5973));
#5975=FACE_BOUND('',#5974,.F.);
#5977=ORIENTED_EDGE('',*,*,#5976,.F.);
#5979=ORIENTED_EDGE('',*,*,#5978,.F.);
#5980=EDGE_LOOP('',(#5977,#5979));
#5981=FACE_BOUND('',#5980,.F.);
#5983=ORIENTED_EDGE('',*,*,#5982,.F.);
#5985=ORIENTED_EDGE('',*,*,#5984,.F.);
#5986=EDGE_LOOP('',(#5983,#5985));
#5987=FACE_BOUND('',#5986,.F.);
#5989=ORIENTED_EDGE('',*,*,#5988,.F.);
#5991=ORIENTED_EDGE('',*,*,#5990,.F.);
#5992=EDGE_LOOP('',(#5989,#5991));
#5993=FACE_BOUND('',#5992,.F.);
#5995=ORIENTED_EDGE('',*,*,#5994,.F.);
#5997=ORIENTED_EDGE('',*,*,#5996,.F.);
#5998=EDGE_LOOP('',(#5995,#5997));
#5999=FACE_BOUND('',#5998,.F.);
#6001=ORIENTED_EDGE('',*,*,#6000,.F.);
#6003=ORIENTED_EDGE('',*,*,#6002,.F.);
#6004=EDGE_LOOP('',(#6001,#6003));
#6005=FACE_BOUND('',#6004,.F.);
#6007=ORIENTED_EDGE('',*,*,#6006,.F.);
#6009=ORIENTED_EDGE('',*,*,#6008,.F.);
#6010=EDGE_LOOP('',(#6007,#6009));
#6011=FACE_BOUND('',#6010,.F.);
#6013=ORIENTED_EDGE('',*,*,#6012,.F.);
#6015=ORIENTED_EDGE('',*,*,#6014,.F.);
#6016=EDGE_LOOP('',(#6013,#6015));
#6017=FACE_BOUND('',#6016,.F.);
#6019=ORIENTED_EDGE('',*,*,#6018,.F.);
#6021=ORIENTED_EDGE('',*,*,#6020,.F.);
#6022=EDGE_LOOP('',(#6019,#6021));
#6023=FACE_BOUND('',#6022,.F.);
#6025=ORIENTED_EDGE('',*,*,#6024,.F.);
#6027=ORIENTED_EDGE('',*,*,#6026,.F.);
#6028=EDGE_LOOP('',(#6025,#6027));
#6029=FACE_BOUND('',#6028,.F.);
#6031=ORIENTED_EDGE('',*,*,#6030,.F.);
#6033=ORIENTED_EDGE('',*,*,#6032,.F.);
#6034=EDGE_LOOP('',(#6031,#6033));
#6035=FACE_BOUND('',#6034,.F.);
#6037=ORIENTED_EDGE('',*,*,#6036,.F.);
#6039=ORIENTED_EDGE('',*,*,#6038,.F.);
#6040=EDGE_LOOP('',(#6037,#6039));
#6041=FACE_BOUND('',#6040,.F.);
#6043=ORIENTED_EDGE('',*,*,#6042,.F.);
#6045=ORIENTED_EDGE('',*,*,#6044,.F.);
#6046=EDGE_LOOP('',(#6043,#6045));
#6047=FACE_BOUND('',#6046,.F.);
#6049=ORIENTED_EDGE('',*,*,#6048,.F.);
#6051=ORIENTED_EDGE('',*,*,#6050,.F.);
#6052=EDGE_LOOP('',(#6049,#6051));
#6053=FACE_BOUND('',#6052,.F.);
#6055=ORIENTED_EDGE('',*,*,#6054,.F.);
#6057=ORIENTED_EDGE('',*,*,#6056,.F.);
#6058=EDGE_LOOP('',(#6055,#6057));
#6059=FACE_BOUND('',#6058,.F.);
#6061=ORIENTED_EDGE('',*,*,#6060,.F.);
#6063=ORIENTED_EDGE('',*,*,#6062,.F.);
#6064=EDGE_LOOP('',(#6061,#6063));
#6065=FACE_BOUND('',#6064,.F.);
#6067=ORIENTED_EDGE('',*,*,#6066,.F.);
#6069=ORIENTED_EDGE('',*,*,#6068,.F.);
#6070=EDGE_LOOP('',(#6067,#6069));
#6071=FACE_BOUND('',#6070,.F.);
#6073=ORIENTED_EDGE('',*,*,#6072,.F.);
#6075=ORIENTED_EDGE('',*,*,#6074,.F.);
#6076=EDGE_LOOP('',(#6073,#6075));
#6077=FACE_BOUND('',#6076,.F.);
#6079=ORIENTED_EDGE('',*,*,#6078,.F.);
#6081=ORIENTED_EDGE('',*,*,#6080,.F.);
#6082=EDGE_LOOP('',(#6079,#6081));
#6083=FACE_BOUND('',#6082,.F.);
#6085=ORIENTED_EDGE('',*,*,#6084,.F.);
#6087=ORIENTED_EDGE('',*,*,#6086,.F.);
#6088=EDGE_LOOP('',(#6085,#6087));
#6089=FACE_BOUND('',#6088,.F.);
#6091=ORIENTED_EDGE('',*,*,#6090,.F.);
#6093=ORIENTED_EDGE('',*,*,#6092,.F.);
#6094=EDGE_LOOP('',(#6091,#6093));
#6095=FACE_BOUND('',#6094,.F.);
#6097=ORIENTED_EDGE('',*,*,#6096,.F.);
#6099=ORIENTED_EDGE('',*,*,#6098,.F.);
#6100=EDGE_LOOP('',(#6097,#6099));
#6101=FACE_BOUND('',#6100,.F.);
#6103=ORIENTED_EDGE('',*,*,#6102,.F.);
#6105=ORIENTED_EDGE('',*,*,#6104,.F.);
#6106=EDGE_LOOP('',(#6103,#6105));
#6107=FACE_BOUND('',#6106,.F.);
#6109=ORIENTED_EDGE('',*,*,#6108,.F.);
#6111=ORIENTED_EDGE('',*,*,#6110,.F.);
#6112=EDGE_LOOP('',(#6109,#6111));
#6113=FACE_BOUND('',#6112,.F.);
#6115=ORIENTED_EDGE('',*,*,#6114,.F.);
#6117=ORIENTED_EDGE('',*,*,#6116,.F.);
#6118=EDGE_LOOP('',(#6115,#6117));
#6119=FACE_BOUND('',#6118,.F.);
#6121=ORIENTED_EDGE('',*,*,#6120,.F.);
#6123=ORIENTED_EDGE('',*,*,#6122,.F.);
#6124=EDGE_LOOP('',(#6121,#6123));
#6125=FACE_BOUND('',#6124,.F.);
#6127=ORIENTED_EDGE('',*,*,#6126,.F.);
#6129=ORIENTED_EDGE('',*,*,#6128,.F.);
#6130=EDGE_LOOP('',(#6127,#6129));
#6131=FACE_BOUND('',#6130,.F.);
#6133=ORIENTED_EDGE('',*,*,#6132,.F.);
#6135=ORIENTED_EDGE('',*,*,#6134,.F.);
#6136=EDGE_LOOP('',(#6133,#6135));
#6137=FACE_BOUND('',#6136,.F.);
#6139=ORIENTED_EDGE('',*,*,#6138,.F.);
#6141=ORIENTED_EDGE('',*,*,#6140,.F.);
#6142=EDGE_LOOP('',(#6139,#6141));
#6143=FACE_BOUND('',#6142,.F.);
#6145=ORIENTED_EDGE('',*,*,#6144,.F.);
#6147=ORIENTED_EDGE('',*,*,#6146,.F.);
#6148=EDGE_LOOP('',(#6145,#6147));
#6149=FACE_BOUND('',#6148,.F.);
#6151=ORIENTED_EDGE('',*,*,#6150,.F.);
#6153=ORIENTED_EDGE('',*,*,#6152,.F.);
#6154=EDGE_LOOP('',(#6151,#6153));
#6155=FACE_BOUND('',#6154,.F.);
#6157=ORIENTED_EDGE('',*,*,#6156,.F.);
#6159=ORIENTED_EDGE('',*,*,#6158,.F.);
#6160=EDGE_LOOP('',(#6157,#6159));
#6161=FACE_BOUND('',#6160,.F.);
#6163=ORIENTED_EDGE('',*,*,#6162,.F.);
#6165=ORIENTED_EDGE('',*,*,#6164,.F.);
#6166=EDGE_LOOP('',(#6163,#6165));
#6167=FACE_BOUND('',#6166,.F.);
#6169=ORIENTED_EDGE('',*,*,#6168,.F.);
#6171=ORIENTED_EDGE('',*,*,#6170,.F.);
#6172=EDGE_LOOP('',(#6169,#6171));
#6173=FACE_BOUND('',#6172,.F.);
#6175=ORIENTED_EDGE('',*,*,#6174,.F.);
#6177=ORIENTED_EDGE('',*,*,#6176,.F.);
#6178=EDGE_LOOP('',(#6175,#6177));
#6179=FACE_BOUND('',#6178,.F.);
#6181=ORIENTED_EDGE('',*,*,#6180,.F.);
#6183=ORIENTED_EDGE('',*,*,#6182,.F.);
#6184=EDGE_LOOP('',(#6181,#6183));
#6185=FACE_BOUND('',#6184,.F.);
#6187=ORIENTED_EDGE('',*,*,#6186,.F.);
#6189=ORIENTED_EDGE('',*,*,#6188,.F.);
#6190=EDGE_LOOP('',(#6187,#6189));
#6191=FACE_BOUND('',#6190,.F.);
#6193=ORIENTED_EDGE('',*,*,#6192,.F.);
#6195=ORIENTED_EDGE('',*,*,#6194,.F.);
#6196=EDGE_LOOP('',(#6193,#6195));
#6197=FACE_BOUND('',#6196,.F.);
#6199=ORIENTED_EDGE('',*,*,#6198,.F.);
#6201=ORIENTED_EDGE('',*,*,#6200,.F.);
#6202=EDGE_LOOP('',(#6199,#6201));
#6203=FACE_BOUND('',#6202,.F.);
#6205=ORIENTED_EDGE('',*,*,#6204,.F.);
#6207=ORIENTED_EDGE('',*,*,#6206,.F.);
#6208=EDGE_LOOP('',(#6205,#6207));
#6209=FACE_BOUND('',#6208,.F.);
#6211=ORIENTED_EDGE('',*,*,#6210,.F.);
#6213=ORIENTED_EDGE('',*,*,#6212,.F.);
#6214=EDGE_LOOP('',(#6211,#6213));
#6215=FACE_BOUND('',#6214,.F.);
#6217=ORIENTED_EDGE('',*,*,#6216,.F.);
#6219=ORIENTED_EDGE('',*,*,#6218,.F.);
#6220=EDGE_LOOP('',(#6217,#6219));
#6221=FACE_BOUND('',#6220,.F.);
#6223=ORIENTED_EDGE('',*,*,#6222,.F.);
#6225=ORIENTED_EDGE('',*,*,#6224,.F.);
#6226=EDGE_LOOP('',(#6223,#6225));
#6227=FACE_BOUND('',#6226,.F.);
#6229=ORIENTED_EDGE('',*,*,#6228,.F.);
#6231=ORIENTED_EDGE('',*,*,#6230,.F.);
#6232=EDGE_LOOP('',(#6229,#6231));
#6233=FACE_BOUND('',#6232,.F.);
#6235=ORIENTED_EDGE('',*,*,#6234,.F.);
#6237=ORIENTED_EDGE('',*,*,#6236,.F.);
#6238=EDGE_LOOP('',(#6235,#6237));
#6239=FACE_BOUND('',#6238,.F.);
#6241=ORIENTED_EDGE('',*,*,#6240,.F.);
#6243=ORIENTED_EDGE('',*,*,#6242,.F.);
#6244=EDGE_LOOP('',(#6241,#6243));
#6245=FACE_BOUND('',#6244,.F.);
#6247=ORIENTED_EDGE('',*,*,#6246,.F.);
#6249=ORIENTED_EDGE('',*,*,#6248,.F.);
#6250=EDGE_LOOP('',(#6247,#6249));
#6251=FACE_BOUND('',#6250,.F.);
#6253=ORIENTED_EDGE('',*,*,#6252,.F.);
#6255=ORIENTED_EDGE('',*,*,#6254,.F.);
#6256=EDGE_LOOP('',(#6253,#6255));
#6257=FACE_BOUND('',#6256,.F.);
#6259=ORIENTED_EDGE('',*,*,#6258,.F.);
#6261=ORIENTED_EDGE('',*,*,#6260,.F.);
#6262=EDGE_LOOP('',(#6259,#6261));
#6263=FACE_BOUND('',#6262,.F.);
#6265=ORIENTED_EDGE('',*,*,#6264,.F.);
#6267=ORIENTED_EDGE('',*,*,#6266,.F.);
#6268=EDGE_LOOP('',(#6265,#6267));
#6269=FACE_BOUND('',#6268,.F.);
#6271=ORIENTED_EDGE('',*,*,#6270,.F.);
#6273=ORIENTED_EDGE('',*,*,#6272,.F.);
#6274=EDGE_LOOP('',(#6271,#6273));
#6275=FACE_BOUND('',#6274,.F.);
#6277=ORIENTED_EDGE('',*,*,#6276,.F.);
#6279=ORIENTED_EDGE('',*,*,#6278,.F.);
#6280=EDGE_LOOP('',(#6277,#6279));
#6281=FACE_BOUND('',#6280,.F.);
#6283=ORIENTED_EDGE('',*,*,#6282,.F.);
#6285=ORIENTED_EDGE('',*,*,#6284,.F.);
#6286=EDGE_LOOP('',(#6283,#6285));
#6287=FACE_BOUND('',#6286,.F.);
#6289=ORIENTED_EDGE('',*,*,#6288,.F.);
#6291=ORIENTED_EDGE('',*,*,#6290,.F.);
#6292=EDGE_LOOP('',(#6289,#6291));
#6293=FACE_BOUND('',#6292,.F.);
#6295=ORIENTED_EDGE('',*,*,#6294,.F.);
#6297=ORIENTED_EDGE('',*,*,#6296,.F.);
#6298=EDGE_LOOP('',(#6295,#6297));
#6299=FACE_BOUND('',#6298,.F.);
#6301=ORIENTED_EDGE('',*,*,#6300,.F.);
#6303=ORIENTED_EDGE('',*,*,#6302,.F.);
#6304=EDGE_LOOP('',(#6301,#6303));
#6305=FACE_BOUND('',#6304,.F.);
#6307=ORIENTED_EDGE('',*,*,#6306,.F.);
#6309=ORIENTED_EDGE('',*,*,#6308,.F.);
#6310=EDGE_LOOP('',(#6307,#6309));
#6311=FACE_BOUND('',#6310,.F.);
#6313=ORIENTED_EDGE('',*,*,#6312,.F.);
#6315=ORIENTED_EDGE('',*,*,#6314,.F.);
#6316=EDGE_LOOP('',(#6313,#6315));
#6317=FACE_BOUND('',#6316,.F.);
#6319=ORIENTED_EDGE('',*,*,#6318,.F.);
#6321=ORIENTED_EDGE('',*,*,#6320,.F.);
#6322=EDGE_LOOP('',(#6319,#6321));
#6323=FACE_BOUND('',#6322,.F.);
#6325=ORIENTED_EDGE('',*,*,#6324,.F.);
#6327=ORIENTED_EDGE('',*,*,#6326,.F.);
#6328=EDGE_LOOP('',(#6325,#6327));
#6329=FACE_BOUND('',#6328,.F.);
#6331=ORIENTED_EDGE('',*,*,#6330,.F.);
#6333=ORIENTED_EDGE('',*,*,#6332,.F.);
#6334=EDGE_LOOP('',(#6331,#6333));
#6335=FACE_BOUND('',#6334,.F.);
#6337=ORIENTED_EDGE('',*,*,#6336,.F.);
#6339=ORIENTED_EDGE('',*,*,#6338,.F.);
#6340=EDGE_LOOP('',(#6337,#6339));
#6341=FACE_BOUND('',#6340,.F.);
#6343=ORIENTED_EDGE('',*,*,#6342,.F.);
#6345=ORIENTED_EDGE('',*,*,#6344,.F.);
#6346=EDGE_LOOP('',(#6343,#6345));
#6347=FACE_BOUND('',#6346,.F.);
#6349=ORIENTED_EDGE('',*,*,#6348,.F.);
#6351=ORIENTED_EDGE('',*,*,#6350,.F.);
#6352=EDGE_LOOP('',(#6349,#6351));
#6353=FACE_BOUND('',#6352,.F.);
#6355=ORIENTED_EDGE('',*,*,#6354,.F.);
#6357=ORIENTED_EDGE('',*,*,#6356,.F.);
#6358=EDGE_LOOP('',(#6355,#6357));
#6359=FACE_BOUND('',#6358,.F.);
#6361=ORIENTED_EDGE('',*,*,#6360,.F.);
#6363=ORIENTED_EDGE('',*,*,#6362,.F.);
#6364=EDGE_LOOP('',(#6361,#6363));
#6365=FACE_BOUND('',#6364,.F.);
#6367=ORIENTED_EDGE('',*,*,#6366,.F.);
#6369=ORIENTED_EDGE('',*,*,#6368,.F.);
#6370=EDGE_LOOP('',(#6367,#6369));
#6371=FACE_BOUND('',#6370,.F.);
#6373=ORIENTED_EDGE('',*,*,#6372,.F.);
#6375=ORIENTED_EDGE('',*,*,#6374,.F.);
#6376=EDGE_LOOP('',(#6373,#6375));
#6377=FACE_BOUND('',#6376,.F.);
#6379=ORIENTED_EDGE('',*,*,#6378,.F.);
#6381=ORIENTED_EDGE('',*,*,#6380,.F.);
#6382=EDGE_LOOP('',(#6379,#6381));
#6383=FACE_BOUND('',#6382,.F.);
#6385=ORIENTED_EDGE('',*,*,#6384,.F.);
#6387=ORIENTED_EDGE('',*,*,#6386,.F.);
#6388=EDGE_LOOP('',(#6385,#6387));
#6389=FACE_BOUND('',#6388,.F.);
#6391=ORIENTED_EDGE('',*,*,#6390,.F.);
#6393=ORIENTED_EDGE('',*,*,#6392,.F.);
#6394=EDGE_LOOP('',(#6391,#6393));
#6395=FACE_BOUND('',#6394,.F.);
#6397=ORIENTED_EDGE('',*,*,#6396,.F.);
#6399=ORIENTED_EDGE('',*,*,#6398,.F.);
#6400=EDGE_LOOP('',(#6397,#6399));
#6401=FACE_BOUND('',#6400,.F.);
#6403=ORIENTED_EDGE('',*,*,#6402,.F.);
#6405=ORIENTED_EDGE('',*,*,#6404,.F.);
#6406=EDGE_LOOP('',(#6403,#6405));
#6407=FACE_BOUND('',#6406,.F.);
#6409=ORIENTED_EDGE('',*,*,#6408,.F.);
#6411=ORIENTED_EDGE('',*,*,#6410,.F.);
#6412=EDGE_LOOP('',(#6409,#6411));
#6413=FACE_BOUND('',#6412,.F.);
#6415=ORIENTED_EDGE('',*,*,#6414,.F.);
#6417=ORIENTED_EDGE('',*,*,#6416,.F.);
#6418=EDGE_LOOP('',(#6415,#6417));
#6419=FACE_BOUND('',#6418,.F.);
#6421=ORIENTED_EDGE('',*,*,#6420,.F.);
#6423=ORIENTED_EDGE('',*,*,#6422,.F.);
#6424=EDGE_LOOP('',(#6421,#6423));
#6425=FACE_BOUND('',#6424,.F.);
#6427=ORIENTED_EDGE('',*,*,#6426,.F.);
#6429=ORIENTED_EDGE('',*,*,#6428,.F.);
#6430=EDGE_LOOP('',(#6427,#6429));
#6431=FACE_BOUND('',#6430,.F.);
#6433=ORIENTED_EDGE('',*,*,#6432,.F.);
#6435=ORIENTED_EDGE('',*,*,#6434,.F.);
#6436=EDGE_LOOP('',(#6433,#6435));
#6437=FACE_BOUND('',#6436,.F.);
#6439=ORIENTED_EDGE('',*,*,#6438,.F.);
#6441=ORIENTED_EDGE('',*,*,#6440,.F.);
#6442=EDGE_LOOP('',(#6439,#6441));
#6443=FACE_BOUND('',#6442,.F.);
#6445=ORIENTED_EDGE('',*,*,#6444,.F.);
#6447=ORIENTED_EDGE('',*,*,#6446,.F.);
#6448=EDGE_LOOP('',(#6445,#6447));
#6449=FACE_BOUND('',#6448,.F.);
#6451=ORIENTED_EDGE('',*,*,#6450,.F.);
#6453=ORIENTED_EDGE('',*,*,#6452,.F.);
#6454=EDGE_LOOP('',(#6451,#6453));
#6455=FACE_BOUND('',#6454,.F.);
#6457=ORIENTED_EDGE('',*,*,#6456,.F.);
#6459=ORIENTED_EDGE('',*,*,#6458,.F.);
#6460=EDGE_LOOP('',(#6457,#6459));
#6461=FACE_BOUND('',#6460,.F.);
#6463=ORIENTED_EDGE('',*,*,#6462,.F.);
#6465=ORIENTED_EDGE('',*,*,#6464,.F.);
#6466=EDGE_LOOP('',(#6463,#6465));
#6467=FACE_BOUND('',#6466,.F.);
#6469=ORIENTED_EDGE('',*,*,#6468,.F.);
#6471=ORIENTED_EDGE('',*,*,#6470,.F.);
#6472=EDGE_LOOP('',(#6469,#6471));
#6473=FACE_BOUND('',#6472,.F.);
#6475=ORIENTED_EDGE('',*,*,#6474,.F.);
#6477=ORIENTED_EDGE('',*,*,#6476,.F.);
#6478=EDGE_LOOP('',(#6475,#6477));
#6479=FACE_BOUND('',#6478,.F.);
#6481=ORIENTED_EDGE('',*,*,#6480,.F.);
#6483=ORIENTED_EDGE('',*,*,#6482,.F.);
#6484=EDGE_LOOP('',(#6481,#6483));
#6485=FACE_BOUND('',#6484,.F.);
#6487=ORIENTED_EDGE('',*,*,#6486,.F.);
#6489=ORIENTED_EDGE('',*,*,#6488,.F.);
#6490=EDGE_LOOP('',(#6487,#6489));
#6491=FACE_BOUND('',#6490,.F.);
#6493=ORIENTED_EDGE('',*,*,#6492,.F.);
#6495=ORIENTED_EDGE('',*,*,#6494,.F.);
#6496=EDGE_LOOP('',(#6493,#6495));
#6497=FACE_BOUND('',#6496,.F.);
#6499=ORIENTED_EDGE('',*,*,#6498,.F.);
#6501=ORIENTED_EDGE('',*,*,#6500,.F.);
#6502=EDGE_LOOP('',(#6499,#6501));
#6503=FACE_BOUND('',#6502,.F.);
#6505=ORIENTED_EDGE('',*,*,#6504,.F.);
#6507=ORIENTED_EDGE('',*,*,#6506,.F.);
#6508=EDGE_LOOP('',(#6505,#6507));
#6509=FACE_BOUND('',#6508,.F.);
#6511=ORIENTED_EDGE('',*,*,#6510,.F.);
#6513=ORIENTED_EDGE('',*,*,#6512,.F.);
#6514=EDGE_LOOP('',(#6511,#6513));
#6515=FACE_BOUND('',#6514,.F.);
#6517=ORIENTED_EDGE('',*,*,#6516,.F.);
#6519=ORIENTED_EDGE('',*,*,#6518,.F.);
#6520=EDGE_LOOP('',(#6517,#6519));
#6521=FACE_BOUND('',#6520,.F.);
#6523=ORIENTED_EDGE('',*,*,#6522,.F.);
#6525=ORIENTED_EDGE('',*,*,#6524,.F.);
#6526=EDGE_LOOP('',(#6523,#6525));
#6527=FACE_BOUND('',#6526,.F.);
#6529=ORIENTED_EDGE('',*,*,#6528,.F.);
#6531=ORIENTED_EDGE('',*,*,#6530,.F.);
#6532=EDGE_LOOP('',(#6529,#6531));
#6533=FACE_BOUND('',#6532,.F.);
#6535=ORIENTED_EDGE('',*,*,#6534,.F.);
#6537=ORIENTED_EDGE('',*,*,#6536,.F.);
#6538=EDGE_LOOP('',(#6535,#6537));
#6539=FACE_BOUND('',#6538,.F.);
#6541=ORIENTED_EDGE('',*,*,#6540,.F.);
#6543=ORIENTED_EDGE('',*,*,#6542,.F.);
#6544=EDGE_LOOP('',(#6541,#6543));
#6545=FACE_BOUND('',#6544,.F.);
#6547=ORIENTED_EDGE('',*,*,#6546,.F.);
#6549=ORIENTED_EDGE('',*,*,#6548,.F.);
#6550=EDGE_LOOP('',(#6547,#6549));
#6551=FACE_BOUND('',#6550,.F.);
#6553=ORIENTED_EDGE('',*,*,#6552,.F.);
#6555=ORIENTED_EDGE('',*,*,#6554,.F.);
#6556=EDGE_LOOP('',(#6553,#6555));
#6557=FACE_BOUND('',#6556,.F.);
#6559=ORIENTED_EDGE('',*,*,#6558,.F.);
#6561=ORIENTED_EDGE('',*,*,#6560,.F.);
#6562=EDGE_LOOP('',(#6559,#6561));
#6563=FACE_BOUND('',#6562,.F.);
#6565=ORIENTED_EDGE('',*,*,#6564,.F.);
#6567=ORIENTED_EDGE('',*,*,#6566,.F.);
#6568=EDGE_LOOP('',(#6565,#6567));
#6569=FACE_BOUND('',#6568,.F.);
#6571=ORIENTED_EDGE('',*,*,#6570,.F.);
#6573=ORIENTED_EDGE('',*,*,#6572,.F.);
#6574=EDGE_LOOP('',(#6571,#6573));
#6575=FACE_BOUND('',#6574,.F.);
#6577=ORIENTED_EDGE('',*,*,#6576,.F.);
#6579=ORIENTED_EDGE('',*,*,#6578,.F.);
#6580=EDGE_LOOP('',(#6577,#6579));
#6581=FACE_BOUND('',#6580,.F.);
#6583=ORIENTED_EDGE('',*,*,#6582,.F.);
#6585=ORIENTED_EDGE('',*,*,#6584,.F.);
#6586=EDGE_LOOP('',(#6583,#6585));
#6587=FACE_BOUND('',#6586,.F.);
#6588=ADVANCED_FACE('',(#5825,#5831,#5837,#5843,#5849,#5855,#5861,#5867,#5873,
#5879,#5885,#5891,#5897,#5903,#5909,#5915,#5921,#5927,#5933,#5939,#5945,#5951,
#5957,#5963,#5969,#5975,#5981,#5987,#5993,#5999,#6005,#6011,#6017,#6023,#6029,
#6035,#6041,#6047,#6053,#6059,#6065,#6071,#6077,#6083,#6089,#6095,#6101,#6107,
#6113,#6119,#6125,#6131,#6137,#6143,#6149,#6155,#6161,#6167,#6173,#6179,#6185,
#6191,#6197,#6203,#6209,#6215,#6221,#6227,#6233,#6239,#6245,#6251,#6257,#6263,
#6269,#6275,#6281,#6287,#6293,#6299,#6305,#6311,#6317,#6323,#6329,#6335,#6341,
#6347,#6353,#6359,#6365,#6371,#6377,#6383,#6389,#6395,#6401,#6407,#6413,#6419,
#6425,#6431,#6437,#6443,#6449,#6455,#6461,#6467,#6473,#6479,#6485,#6491,#6497,
#6503,#6509,#6515,#6521,#6527,#6533,#6539,#6545,#6551,#6557,#6563,#6569,#6575,
#6581,#6587),#5820,.F.);
#6589=CARTESIAN_POINT('',(2.5E1,-1.57E2,5.E1));
#6590=DIRECTION('',(0.E0,1.E0,0.E0));
#6591=DIRECTION('',(0.E0,0.E0,1.E0));
#6592=AXIS2_PLACEMENT_3D('',#6589,#6590,#6591);
#6593=CYLINDRICAL_SURFACE('',#6592,3.3E0);
#6594=ORIENTED_EDGE('',*,*,#5822,.T.);
#6595=ORIENTED_EDGE('',*,*,#5796,.T.);
#6597=ORIENTED_EDGE('',*,*,#6596,.T.);
#6599=ORIENTED_EDGE('',*,*,#6598,.F.);
#6600=ORIENTED_EDGE('',*,*,#5790,.F.);
#6601=EDGE_LOOP('',(#6594,#6595,#6597,#6599,#6600));
#6602=FACE_OUTER_BOUND('',#6601,.F.);
#6603=ADVANCED_FACE('',(#6602),#6593,.F.);
#6604=CARTESIAN_POINT('',(2.5E1,-1.57E2,5.E1));
#6605=DIRECTION('',(0.E0,1.E0,0.E0));
#6606=DIRECTION('',(0.E0,0.E0,1.E0));
#6607=AXIS2_PLACEMENT_3D('',#6604,#6605,#6606);
#6608=CYLINDRICAL_SURFACE('',#6607,3.3E0);
#6610=ORIENTED_EDGE('',*,*,#6609,.T.);
#6611=ORIENTED_EDGE('',*,*,#5811,.F.);
#6612=ORIENTED_EDGE('',*,*,#5766,.F.);
#6613=ORIENTED_EDGE('',*,*,#5808,.T.);
#6614=EDGE_LOOP('',(#6610,#6611,#6612,#6613));
#6615=FACE_OUTER_BOUND('',#6614,.F.);
#6616=ADVANCED_FACE('',(#6615),#6608,.F.);
#6617=CARTESIAN_POINT('',(2.5E1,-1.57E2,2.9E1));
#6618=DIRECTION('',(0.E0,0.E0,1.E0));
#6619=DIRECTION('',(0.E0,-1.E0,0.E0));
#6620=AXIS2_PLACEMENT_3D('',#6617,#6618,#6619);
#6621=CYLINDRICAL_SURFACE('',#6620,3.3E0);
#6622=ORIENTED_EDGE('',*,*,#5247,.F.);
#6624=ORIENTED_EDGE('',*,*,#6623,.F.);
#6625=ORIENTED_EDGE('',*,*,#6598,.T.);
#6626=ORIENTED_EDGE('',*,*,#6596,.F.);
#6628=ORIENTED_EDGE('',*,*,#6627,.T.);
#6629=EDGE_LOOP('',(#6622,#6624,#6625,#6626,#6628));
#6630=FACE_OUTER_BOUND('',#6629,.F.);
#6631=ADVANCED_FACE('',(#6630),#6621,.F.);
#6632=CARTESIAN_POINT('',(2.5E1,-1.57E2,2.9E1));
#6633=DIRECTION('',(0.E0,0.E0,1.E0));
#6634=DIRECTION('',(0.E0,-1.E0,0.E0));
#6635=AXIS2_PLACEMENT_3D('',#6632,#6633,#6634);
#6636=CYLINDRICAL_SURFACE('',#6635,3.3E0);
#6637=ORIENTED_EDGE('',*,*,#5245,.F.);
#6638=ORIENTED_EDGE('',*,*,#6627,.F.);
#6639=ORIENTED_EDGE('',*,*,#5794,.T.);
#6640=ORIENTED_EDGE('',*,*,#5792,.F.);
#6641=ORIENTED_EDGE('',*,*,#6623,.T.);
#6642=EDGE_LOOP('',(#6637,#6638,#6639,#6640,#6641));
#6643=FACE_OUTER_BOUND('',#6642,.F.);
#6644=ADVANCED_FACE('',(#6643),#6636,.F.);
#6645=CARTESIAN_POINT('',(0.E0,-1.481E2,0.E0));
#6646=DIRECTION('',(0.E0,1.E0,0.E0));
#6647=DIRECTION('',(-1.E0,0.E0,0.E0));
#6648=AXIS2_PLACEMENT_3D('',#6645,#6646,#6647);
#6649=PLANE('',#6648);
#6650=ORIENTED_EDGE('',*,*,#5806,.F.);
#6651=ORIENTED_EDGE('',*,*,#6609,.F.);
#6652=EDGE_LOOP('',(#6650,#6651));
#6653=FACE_OUTER_BOUND('',#6652,.F.);
#6655=ORIENTED_EDGE('',*,*,#6654,.T.);
#6657=ORIENTED_EDGE('',*,*,#6656,.T.);
#6658=EDGE_LOOP('',(#6655,#6657));
#6659=FACE_BOUND('',#6658,.F.);
#6661=ORIENTED_EDGE('',*,*,#6660,.T.);
#6663=ORIENTED_EDGE('',*,*,#6662,.T.);
#6664=EDGE_LOOP('',(#6661,#6663));
#6665=FACE_BOUND('',#6664,.F.);
#6667=ORIENTED_EDGE('',*,*,#6666,.T.);
#6669=ORIENTED_EDGE('',*,*,#6668,.T.);
#6670=EDGE_LOOP('',(#6667,#6669));
#6671=FACE_BOUND('',#6670,.F.);
#6673=ORIENTED_EDGE('',*,*,#6672,.T.);
#6675=ORIENTED_EDGE('',*,*,#6674,.T.);
#6676=EDGE_LOOP('',(#6673,#6675));
#6677=FACE_BOUND('',#6676,.F.);
#6679=ORIENTED_EDGE('',*,*,#6678,.T.);
#6681=ORIENTED_EDGE('',*,*,#6680,.T.);
#6682=EDGE_LOOP('',(#6679,#6681));
#6683=FACE_BOUND('',#6682,.F.);
#6685=ORIENTED_EDGE('',*,*,#6684,.T.);
#6687=ORIENTED_EDGE('',*,*,#6686,.T.);
#6688=EDGE_LOOP('',(#6685,#6687));
#6689=FACE_BOUND('',#6688,.F.);
#6691=ORIENTED_EDGE('',*,*,#6690,.T.);
#6693=ORIENTED_EDGE('',*,*,#6692,.T.);
#6694=EDGE_LOOP('',(#6691,#6693));
#6695=FACE_BOUND('',#6694,.F.);
#6697=ORIENTED_EDGE('',*,*,#6696,.T.);
#6699=ORIENTED_EDGE('',*,*,#6698,.T.);
#6700=EDGE_LOOP('',(#6697,#6699));
#6701=FACE_BOUND('',#6700,.F.);
#6703=ORIENTED_EDGE('',*,*,#6702,.T.);
#6705=ORIENTED_EDGE('',*,*,#6704,.T.);
#6706=EDGE_LOOP('',(#6703,#6705));
#6707=FACE_BOUND('',#6706,.F.);
#6709=ORIENTED_EDGE('',*,*,#6708,.T.);
#6711=ORIENTED_EDGE('',*,*,#6710,.T.);
#6712=EDGE_LOOP('',(#6709,#6711));
#6713=FACE_BOUND('',#6712,.F.);
#6715=ORIENTED_EDGE('',*,*,#6714,.T.);
#6717=ORIENTED_EDGE('',*,*,#6716,.T.);
#6718=EDGE_LOOP('',(#6715,#6717));
#6719=FACE_BOUND('',#6718,.F.);
#6721=ORIENTED_EDGE('',*,*,#6720,.T.);
#6723=ORIENTED_EDGE('',*,*,#6722,.T.);
#6724=EDGE_LOOP('',(#6721,#6723));
#6725=FACE_BOUND('',#6724,.F.);
#6727=ORIENTED_EDGE('',*,*,#6726,.T.);
#6729=ORIENTED_EDGE('',*,*,#6728,.T.);
#6730=EDGE_LOOP('',(#6727,#6729));
#6731=FACE_BOUND('',#6730,.F.);
#6733=ORIENTED_EDGE('',*,*,#6732,.T.);
#6735=ORIENTED_EDGE('',*,*,#6734,.T.);
#6736=EDGE_LOOP('',(#6733,#6735));
#6737=FACE_BOUND('',#6736,.F.);
#6739=ORIENTED_EDGE('',*,*,#6738,.T.);
#6741=ORIENTED_EDGE('',*,*,#6740,.T.);
#6742=EDGE_LOOP('',(#6739,#6741));
#6743=FACE_BOUND('',#6742,.F.);
#6745=ORIENTED_EDGE('',*,*,#6744,.T.);
#6747=ORIENTED_EDGE('',*,*,#6746,.T.);
#6748=EDGE_LOOP('',(#6745,#6747));
#6749=FACE_BOUND('',#6748,.F.);
#6751=ORIENTED_EDGE('',*,*,#6750,.T.);
#6753=ORIENTED_EDGE('',*,*,#6752,.T.);
#6754=EDGE_LOOP('',(#6751,#6753));
#6755=FACE_BOUND('',#6754,.F.);
#6757=ORIENTED_EDGE('',*,*,#6756,.T.);
#6759=ORIENTED_EDGE('',*,*,#6758,.T.);
#6760=EDGE_LOOP('',(#6757,#6759));
#6761=FACE_BOUND('',#6760,.F.);
#6763=ORIENTED_EDGE('',*,*,#6762,.T.);
#6765=ORIENTED_EDGE('',*,*,#6764,.T.);
#6766=EDGE_LOOP('',(#6763,#6765));
#6767=FACE_BOUND('',#6766,.F.);
#6769=ORIENTED_EDGE('',*,*,#6768,.T.);
#6771=ORIENTED_EDGE('',*,*,#6770,.T.);
#6772=EDGE_LOOP('',(#6769,#6771));
#6773=FACE_BOUND('',#6772,.F.);
#6775=ORIENTED_EDGE('',*,*,#6774,.T.);
#6777=ORIENTED_EDGE('',*,*,#6776,.T.);
#6778=EDGE_LOOP('',(#6775,#6777));
#6779=FACE_BOUND('',#6778,.F.);
#6781=ORIENTED_EDGE('',*,*,#6780,.T.);
#6783=ORIENTED_EDGE('',*,*,#6782,.T.);
#6784=EDGE_LOOP('',(#6781,#6783));
#6785=FACE_BOUND('',#6784,.F.);
#6787=ORIENTED_EDGE('',*,*,#6786,.T.);
#6789=ORIENTED_EDGE('',*,*,#6788,.T.);
#6790=EDGE_LOOP('',(#6787,#6789));
#6791=FACE_BOUND('',#6790,.F.);
#6793=ORIENTED_EDGE('',*,*,#6792,.T.);
#6795=ORIENTED_EDGE('',*,*,#6794,.T.);
#6796=EDGE_LOOP('',(#6793,#6795));
#6797=FACE_BOUND('',#6796,.F.);
#6799=ORIENTED_EDGE('',*,*,#6798,.T.);
#6801=ORIENTED_EDGE('',*,*,#6800,.T.);
#6802=EDGE_LOOP('',(#6799,#6801));
#6803=FACE_BOUND('',#6802,.F.);
#6805=ORIENTED_EDGE('',*,*,#6804,.T.);
#6807=ORIENTED_EDGE('',*,*,#6806,.T.);
#6808=EDGE_LOOP('',(#6805,#6807));
#6809=FACE_BOUND('',#6808,.F.);
#6811=ORIENTED_EDGE('',*,*,#6810,.T.);
#6813=ORIENTED_EDGE('',*,*,#6812,.T.);
#6814=EDGE_LOOP('',(#6811,#6813));
#6815=FACE_BOUND('',#6814,.F.);
#6817=ORIENTED_EDGE('',*,*,#6816,.T.);
#6819=ORIENTED_EDGE('',*,*,#6818,.T.);
#6820=EDGE_LOOP('',(#6817,#6819));
#6821=FACE_BOUND('',#6820,.F.);
#6823=ORIENTED_EDGE('',*,*,#6822,.T.);
#6825=ORIENTED_EDGE('',*,*,#6824,.T.);
#6826=EDGE_LOOP('',(#6823,#6825));
#6827=FACE_BOUND('',#6826,.F.);
#6829=ORIENTED_EDGE('',*,*,#6828,.T.);
#6831=ORIENTED_EDGE('',*,*,#6830,.T.);
#6832=EDGE_LOOP('',(#6829,#6831));
#6833=FACE_BOUND('',#6832,.F.);
#6835=ORIENTED_EDGE('',*,*,#6834,.T.);
#6837=ORIENTED_EDGE('',*,*,#6836,.T.);
#6838=EDGE_LOOP('',(#6835,#6837));
#6839=FACE_BOUND('',#6838,.F.);
#6841=ORIENTED_EDGE('',*,*,#6840,.T.);
#6843=ORIENTED_EDGE('',*,*,#6842,.T.);
#6844=EDGE_LOOP('',(#6841,#6843));
#6845=FACE_BOUND('',#6844,.F.);
#6847=ORIENTED_EDGE('',*,*,#6846,.T.);
#6849=ORIENTED_EDGE('',*,*,#6848,.T.);
#6850=EDGE_LOOP('',(#6847,#6849));
#6851=FACE_BOUND('',#6850,.F.);
#6853=ORIENTED_EDGE('',*,*,#6852,.T.);
#6855=ORIENTED_EDGE('',*,*,#6854,.T.);
#6856=EDGE_LOOP('',(#6853,#6855));
#6857=FACE_BOUND('',#6856,.F.);
#6859=ORIENTED_EDGE('',*,*,#6858,.T.);
#6861=ORIENTED_EDGE('',*,*,#6860,.T.);
#6862=EDGE_LOOP('',(#6859,#6861));
#6863=FACE_BOUND('',#6862,.F.);
#6865=ORIENTED_EDGE('',*,*,#6864,.T.);
#6867=ORIENTED_EDGE('',*,*,#6866,.T.);
#6868=EDGE_LOOP('',(#6865,#6867));
#6869=FACE_BOUND('',#6868,.F.);
#6871=ORIENTED_EDGE('',*,*,#6870,.T.);
#6873=ORIENTED_EDGE('',*,*,#6872,.T.);
#6874=EDGE_LOOP('',(#6871,#6873));
#6875=FACE_BOUND('',#6874,.F.);
#6877=ORIENTED_EDGE('',*,*,#6876,.T.);
#6879=ORIENTED_EDGE('',*,*,#6878,.T.);
#6880=EDGE_LOOP('',(#6877,#6879));
#6881=FACE_BOUND('',#6880,.F.);
#6883=ORIENTED_EDGE('',*,*,#6882,.T.);
#6885=ORIENTED_EDGE('',*,*,#6884,.T.);
#6886=EDGE_LOOP('',(#6883,#6885));
#6887=FACE_BOUND('',#6886,.F.);
#6889=ORIENTED_EDGE('',*,*,#6888,.T.);
#6891=ORIENTED_EDGE('',*,*,#6890,.T.);
#6892=EDGE_LOOP('',(#6889,#6891));
#6893=FACE_BOUND('',#6892,.F.);
#6895=ORIENTED_EDGE('',*,*,#6894,.T.);
#6897=ORIENTED_EDGE('',*,*,#6896,.T.);
#6898=EDGE_LOOP('',(#6895,#6897));
#6899=FACE_BOUND('',#6898,.F.);
#6901=ORIENTED_EDGE('',*,*,#6900,.T.);
#6903=ORIENTED_EDGE('',*,*,#6902,.T.);
#6904=EDGE_LOOP('',(#6901,#6903));
#6905=FACE_BOUND('',#6904,.F.);
#6907=ORIENTED_EDGE('',*,*,#6906,.T.);
#6909=ORIENTED_EDGE('',*,*,#6908,.T.);
#6910=EDGE_LOOP('',(#6907,#6909));
#6911=FACE_BOUND('',#6910,.F.);
#6913=ORIENTED_EDGE('',*,*,#6912,.T.);
#6915=ORIENTED_EDGE('',*,*,#6914,.T.);
#6916=EDGE_LOOP('',(#6913,#6915));
#6917=FACE_BOUND('',#6916,.F.);
#6919=ORIENTED_EDGE('',*,*,#6918,.T.);
#6921=ORIENTED_EDGE('',*,*,#6920,.T.);
#6922=EDGE_LOOP('',(#6919,#6921));
#6923=FACE_BOUND('',#6922,.F.);
#6925=ORIENTED_EDGE('',*,*,#6924,.T.);
#6927=ORIENTED_EDGE('',*,*,#6926,.T.);
#6928=EDGE_LOOP('',(#6925,#6927));
#6929=FACE_BOUND('',#6928,.F.);
#6931=ORIENTED_EDGE('',*,*,#6930,.T.);
#6933=ORIENTED_EDGE('',*,*,#6932,.T.);
#6934=EDGE_LOOP('',(#6931,#6933));
#6935=FACE_BOUND('',#6934,.F.);
#6937=ORIENTED_EDGE('',*,*,#6936,.T.);
#6939=ORIENTED_EDGE('',*,*,#6938,.T.);
#6940=EDGE_LOOP('',(#6937,#6939));
#6941=FACE_BOUND('',#6940,.F.);
#6943=ORIENTED_EDGE('',*,*,#6942,.T.);
#6945=ORIENTED_EDGE('',*,*,#6944,.T.);
#6946=EDGE_LOOP('',(#6943,#6945));
#6947=FACE_BOUND('',#6946,.F.);
#6949=ORIENTED_EDGE('',*,*,#6948,.T.);
#6951=ORIENTED_EDGE('',*,*,#6950,.T.);
#6952=EDGE_LOOP('',(#6949,#6951));
#6953=FACE_BOUND('',#6952,.F.);
#6955=ORIENTED_EDGE('',*,*,#6954,.T.);
#6957=ORIENTED_EDGE('',*,*,#6956,.T.);
#6958=EDGE_LOOP('',(#6955,#6957));
#6959=FACE_BOUND('',#6958,.F.);
#6961=ORIENTED_EDGE('',*,*,#6960,.T.);
#6963=ORIENTED_EDGE('',*,*,#6962,.T.);
#6964=EDGE_LOOP('',(#6961,#6963));
#6965=FACE_BOUND('',#6964,.F.);
#6967=ORIENTED_EDGE('',*,*,#6966,.T.);
#6969=ORIENTED_EDGE('',*,*,#6968,.T.);
#6970=EDGE_LOOP('',(#6967,#6969));
#6971=FACE_BOUND('',#6970,.F.);
#6973=ORIENTED_EDGE('',*,*,#6972,.T.);
#6975=ORIENTED_EDGE('',*,*,#6974,.T.);
#6976=EDGE_LOOP('',(#6973,#6975));
#6977=FACE_BOUND('',#6976,.F.);
#6979=ORIENTED_EDGE('',*,*,#6978,.T.);
#6981=ORIENTED_EDGE('',*,*,#6980,.T.);
#6982=EDGE_LOOP('',(#6979,#6981));
#6983=FACE_BOUND('',#6982,.F.);
#6985=ORIENTED_EDGE('',*,*,#6984,.T.);
#6987=ORIENTED_EDGE('',*,*,#6986,.T.);
#6988=EDGE_LOOP('',(#6985,#6987));
#6989=FACE_BOUND('',#6988,.F.);
#6991=ORIENTED_EDGE('',*,*,#6990,.T.);
#6993=ORIENTED_EDGE('',*,*,#6992,.T.);
#6994=EDGE_LOOP('',(#6991,#6993));
#6995=FACE_BOUND('',#6994,.F.);
#6997=ORIENTED_EDGE('',*,*,#6996,.T.);
#6999=ORIENTED_EDGE('',*,*,#6998,.T.);
#7000=EDGE_LOOP('',(#6997,#6999));
#7001=FACE_BOUND('',#7000,.F.);
#7003=ORIENTED_EDGE('',*,*,#7002,.T.);
#7005=ORIENTED_EDGE('',*,*,#7004,.T.);
#7006=EDGE_LOOP('',(#7003,#7005));
#7007=FACE_BOUND('',#7006,.F.);
#7009=ORIENTED_EDGE('',*,*,#7008,.T.);
#7011=ORIENTED_EDGE('',*,*,#7010,.T.);
#7012=EDGE_LOOP('',(#7009,#7011));
#7013=FACE_BOUND('',#7012,.F.);
#7015=ORIENTED_EDGE('',*,*,#7014,.T.);
#7017=ORIENTED_EDGE('',*,*,#7016,.T.);
#7018=EDGE_LOOP('',(#7015,#7017));
#7019=FACE_BOUND('',#7018,.F.);
#7021=ORIENTED_EDGE('',*,*,#7020,.T.);
#7023=ORIENTED_EDGE('',*,*,#7022,.T.);
#7024=EDGE_LOOP('',(#7021,#7023));
#7025=FACE_BOUND('',#7024,.F.);
#7027=ORIENTED_EDGE('',*,*,#7026,.T.);
#7029=ORIENTED_EDGE('',*,*,#7028,.T.);
#7030=EDGE_LOOP('',(#7027,#7029));
#7031=FACE_BOUND('',#7030,.F.);
#7033=ORIENTED_EDGE('',*,*,#7032,.T.);
#7035=ORIENTED_EDGE('',*,*,#7034,.T.);
#7036=EDGE_LOOP('',(#7033,#7035));
#7037=FACE_BOUND('',#7036,.F.);
#7039=ORIENTED_EDGE('',*,*,#7038,.T.);
#7041=ORIENTED_EDGE('',*,*,#7040,.T.);
#7042=EDGE_LOOP('',(#7039,#7041));
#7043=FACE_BOUND('',#7042,.F.);
#7045=ORIENTED_EDGE('',*,*,#7044,.T.);
#7047=ORIENTED_EDGE('',*,*,#7046,.T.);
#7048=EDGE_LOOP('',(#7045,#7047));
#7049=FACE_BOUND('',#7048,.F.);
#7051=ORIENTED_EDGE('',*,*,#7050,.T.);
#7053=ORIENTED_EDGE('',*,*,#7052,.T.);
#7054=EDGE_LOOP('',(#7051,#7053));
#7055=FACE_BOUND('',#7054,.F.);
#7057=ORIENTED_EDGE('',*,*,#7056,.T.);
#7059=ORIENTED_EDGE('',*,*,#7058,.T.);
#7060=EDGE_LOOP('',(#7057,#7059));
#7061=FACE_BOUND('',#7060,.F.);
#7063=ORIENTED_EDGE('',*,*,#7062,.T.);
#7065=ORIENTED_EDGE('',*,*,#7064,.T.);
#7066=EDGE_LOOP('',(#7063,#7065));
#7067=FACE_BOUND('',#7066,.F.);
#7069=ORIENTED_EDGE('',*,*,#7068,.T.);
#7071=ORIENTED_EDGE('',*,*,#7070,.T.);
#7072=EDGE_LOOP('',(#7069,#7071));
#7073=FACE_BOUND('',#7072,.F.);
#7075=ORIENTED_EDGE('',*,*,#7074,.T.);
#7077=ORIENTED_EDGE('',*,*,#7076,.T.);
#7078=EDGE_LOOP('',(#7075,#7077));
#7079=FACE_BOUND('',#7078,.F.);
#7081=ORIENTED_EDGE('',*,*,#7080,.T.);
#7083=ORIENTED_EDGE('',*,*,#7082,.T.);
#7084=EDGE_LOOP('',(#7081,#7083));
#7085=FACE_BOUND('',#7084,.F.);
#7087=ORIENTED_EDGE('',*,*,#7086,.T.);
#7089=ORIENTED_EDGE('',*,*,#7088,.T.);
#7090=EDGE_LOOP('',(#7087,#7089));
#7091=FACE_BOUND('',#7090,.F.);
#7093=ORIENTED_EDGE('',*,*,#7092,.T.);
#7095=ORIENTED_EDGE('',*,*,#7094,.T.);
#7096=EDGE_LOOP('',(#7093,#7095));
#7097=FACE_BOUND('',#7096,.F.);
#7099=ORIENTED_EDGE('',*,*,#7098,.T.);
#7101=ORIENTED_EDGE('',*,*,#7100,.T.);
#7102=EDGE_LOOP('',(#7099,#7101));
#7103=FACE_BOUND('',#7102,.F.);
#7105=ORIENTED_EDGE('',*,*,#7104,.T.);
#7107=ORIENTED_EDGE('',*,*,#7106,.T.);
#7108=EDGE_LOOP('',(#7105,#7107));
#7109=FACE_BOUND('',#7108,.F.);
#7111=ORIENTED_EDGE('',*,*,#7110,.T.);
#7113=ORIENTED_EDGE('',*,*,#7112,.T.);
#7114=EDGE_LOOP('',(#7111,#7113));
#7115=FACE_BOUND('',#7114,.F.);
#7117=ORIENTED_EDGE('',*,*,#7116,.T.);
#7119=ORIENTED_EDGE('',*,*,#7118,.T.);
#7120=EDGE_LOOP('',(#7117,#7119));
#7121=FACE_BOUND('',#7120,.F.);
#7123=ORIENTED_EDGE('',*,*,#7122,.T.);
#7125=ORIENTED_EDGE('',*,*,#7124,.T.);
#7126=EDGE_LOOP('',(#7123,#7125));
#7127=FACE_BOUND('',#7126,.F.);
#7129=ORIENTED_EDGE('',*,*,#7128,.T.);
#7131=ORIENTED_EDGE('',*,*,#7130,.T.);
#7132=EDGE_LOOP('',(#7129,#7131));
#7133=FACE_BOUND('',#7132,.F.);
#7135=ORIENTED_EDGE('',*,*,#7134,.T.);
#7137=ORIENTED_EDGE('',*,*,#7136,.T.);
#7138=EDGE_LOOP('',(#7135,#7137));
#7139=FACE_BOUND('',#7138,.F.);
#7141=ORIENTED_EDGE('',*,*,#7140,.T.);
#7143=ORIENTED_EDGE('',*,*,#7142,.T.);
#7144=EDGE_LOOP('',(#7141,#7143));
#7145=FACE_BOUND('',#7144,.F.);
#7147=ORIENTED_EDGE('',*,*,#7146,.T.);
#7149=ORIENTED_EDGE('',*,*,#7148,.T.);
#7150=EDGE_LOOP('',(#7147,#7149));
#7151=FACE_BOUND('',#7150,.F.);
#7153=ORIENTED_EDGE('',*,*,#7152,.T.);
#7155=ORIENTED_EDGE('',*,*,#7154,.T.);
#7156=EDGE_LOOP('',(#7153,#7155));
#7157=FACE_BOUND('',#7156,.F.);
#7159=ORIENTED_EDGE('',*,*,#7158,.T.);
#7161=ORIENTED_EDGE('',*,*,#7160,.T.);
#7162=EDGE_LOOP('',(#7159,#7161));
#7163=FACE_BOUND('',#7162,.F.);
#7165=ORIENTED_EDGE('',*,*,#7164,.T.);
#7167=ORIENTED_EDGE('',*,*,#7166,.T.);
#7168=EDGE_LOOP('',(#7165,#7167));
#7169=FACE_BOUND('',#7168,.F.);
#7171=ORIENTED_EDGE('',*,*,#7170,.T.);
#7173=ORIENTED_EDGE('',*,*,#7172,.T.);
#7174=EDGE_LOOP('',(#7171,#7173));
#7175=FACE_BOUND('',#7174,.F.);
#7177=ORIENTED_EDGE('',*,*,#7176,.T.);
#7179=ORIENTED_EDGE('',*,*,#7178,.T.);
#7180=EDGE_LOOP('',(#7177,#7179));
#7181=FACE_BOUND('',#7180,.F.);
#7183=ORIENTED_EDGE('',*,*,#7182,.T.);
#7185=ORIENTED_EDGE('',*,*,#7184,.T.);
#7186=EDGE_LOOP('',(#7183,#7185));
#7187=FACE_BOUND('',#7186,.F.);
#7189=ORIENTED_EDGE('',*,*,#7188,.T.);
#7191=ORIENTED_EDGE('',*,*,#7190,.T.);
#7192=EDGE_LOOP('',(#7189,#7191));
#7193=FACE_BOUND('',#7192,.F.);
#7195=ORIENTED_EDGE('',*,*,#7194,.T.);
#7197=ORIENTED_EDGE('',*,*,#7196,.T.);
#7198=EDGE_LOOP('',(#7195,#7197));
#7199=FACE_BOUND('',#7198,.F.);
#7201=ORIENTED_EDGE('',*,*,#7200,.T.);
#7203=ORIENTED_EDGE('',*,*,#7202,.T.);
#7204=EDGE_LOOP('',(#7201,#7203));
#7205=FACE_BOUND('',#7204,.F.);
#7207=ORIENTED_EDGE('',*,*,#7206,.T.);
#7209=ORIENTED_EDGE('',*,*,#7208,.T.);
#7210=EDGE_LOOP('',(#7207,#7209));
#7211=FACE_BOUND('',#7210,.F.);
#7213=ORIENTED_EDGE('',*,*,#7212,.T.);
#7215=ORIENTED_EDGE('',*,*,#7214,.T.);
#7216=EDGE_LOOP('',(#7213,#7215));
#7217=FACE_BOUND('',#7216,.F.);
#7219=ORIENTED_EDGE('',*,*,#7218,.T.);
#7221=ORIENTED_EDGE('',*,*,#7220,.T.);
#7222=EDGE_LOOP('',(#7219,#7221));
#7223=FACE_BOUND('',#7222,.F.);
#7225=ORIENTED_EDGE('',*,*,#7224,.T.);
#7227=ORIENTED_EDGE('',*,*,#7226,.T.);
#7228=EDGE_LOOP('',(#7225,#7227));
#7229=FACE_BOUND('',#7228,.F.);
#7231=ORIENTED_EDGE('',*,*,#7230,.T.);
#7233=ORIENTED_EDGE('',*,*,#7232,.T.);
#7234=EDGE_LOOP('',(#7231,#7233));
#7235=FACE_BOUND('',#7234,.F.);
#7237=ORIENTED_EDGE('',*,*,#7236,.T.);
#7239=ORIENTED_EDGE('',*,*,#7238,.T.);
#7240=EDGE_LOOP('',(#7237,#7239));
#7241=FACE_BOUND('',#7240,.F.);
#7243=ORIENTED_EDGE('',*,*,#7242,.T.);
#7245=ORIENTED_EDGE('',*,*,#7244,.T.);
#7246=EDGE_LOOP('',(#7243,#7245));
#7247=FACE_BOUND('',#7246,.F.);
#7249=ORIENTED_EDGE('',*,*,#7248,.T.);
#7251=ORIENTED_EDGE('',*,*,#7250,.T.);
#7252=EDGE_LOOP('',(#7249,#7251));
#7253=FACE_BOUND('',#7252,.F.);
#7255=ORIENTED_EDGE('',*,*,#7254,.T.);
#7257=ORIENTED_EDGE('',*,*,#7256,.T.);
#7258=EDGE_LOOP('',(#7255,#7257));
#7259=FACE_BOUND('',#7258,.F.);
#7261=ORIENTED_EDGE('',*,*,#7260,.T.);
#7263=ORIENTED_EDGE('',*,*,#7262,.T.);
#7264=EDGE_LOOP('',(#7261,#7263));
#7265=FACE_BOUND('',#7264,.F.);
#7267=ORIENTED_EDGE('',*,*,#7266,.T.);
#7269=ORIENTED_EDGE('',*,*,#7268,.T.);
#7270=EDGE_LOOP('',(#7267,#7269));
#7271=FACE_BOUND('',#7270,.F.);
#7273=ORIENTED_EDGE('',*,*,#7272,.T.);
#7275=ORIENTED_EDGE('',*,*,#7274,.T.);
#7276=EDGE_LOOP('',(#7273,#7275));
#7277=FACE_BOUND('',#7276,.F.);
#7279=ORIENTED_EDGE('',*,*,#7278,.T.);
#7281=ORIENTED_EDGE('',*,*,#7280,.T.);
#7282=EDGE_LOOP('',(#7279,#7281));
#7283=FACE_BOUND('',#7282,.F.);
#7285=ORIENTED_EDGE('',*,*,#7284,.T.);
#7287=ORIENTED_EDGE('',*,*,#7286,.T.);
#7288=EDGE_LOOP('',(#7285,#7287));
#7289=FACE_BOUND('',#7288,.F.);
#7291=ORIENTED_EDGE('',*,*,#7290,.T.);
#7293=ORIENTED_EDGE('',*,*,#7292,.T.);
#7294=EDGE_LOOP('',(#7291,#7293));
#7295=FACE_BOUND('',#7294,.F.);
#7297=ORIENTED_EDGE('',*,*,#7296,.T.);
#7299=ORIENTED_EDGE('',*,*,#7298,.T.);
#7300=EDGE_LOOP('',(#7297,#7299));
#7301=FACE_BOUND('',#7300,.F.);
#7303=ORIENTED_EDGE('',*,*,#7302,.T.);
#7305=ORIENTED_EDGE('',*,*,#7304,.T.);
#7306=EDGE_LOOP('',(#7303,#7305));
#7307=FACE_BOUND('',#7306,.F.);
#7309=ORIENTED_EDGE('',*,*,#7308,.T.);
#7311=ORIENTED_EDGE('',*,*,#7310,.T.);
#7312=EDGE_LOOP('',(#7309,#7311));
#7313=FACE_BOUND('',#7312,.F.);
#7315=ORIENTED_EDGE('',*,*,#7314,.T.);
#7317=ORIENTED_EDGE('',*,*,#7316,.T.);
#7318=EDGE_LOOP('',(#7315,#7317));
#7319=FACE_BOUND('',#7318,.F.);
#7321=ORIENTED_EDGE('',*,*,#7320,.T.);
#7323=ORIENTED_EDGE('',*,*,#7322,.T.);
#7324=EDGE_LOOP('',(#7321,#7323));
#7325=FACE_BOUND('',#7324,.F.);
#7327=ORIENTED_EDGE('',*,*,#7326,.T.);
#7329=ORIENTED_EDGE('',*,*,#7328,.T.);
#7330=EDGE_LOOP('',(#7327,#7329));
#7331=FACE_BOUND('',#7330,.F.);
#7333=ORIENTED_EDGE('',*,*,#7332,.T.);
#7335=ORIENTED_EDGE('',*,*,#7334,.T.);
#7336=EDGE_LOOP('',(#7333,#7335));
#7337=FACE_BOUND('',#7336,.F.);
#7339=ORIENTED_EDGE('',*,*,#7338,.T.);
#7341=ORIENTED_EDGE('',*,*,#7340,.T.);
#7342=EDGE_LOOP('',(#7339,#7341));
#7343=FACE_BOUND('',#7342,.F.);
#7345=ORIENTED_EDGE('',*,*,#7344,.T.);
#7347=ORIENTED_EDGE('',*,*,#7346,.T.);
#7348=EDGE_LOOP('',(#7345,#7347));
#7349=FACE_BOUND('',#7348,.F.);
#7351=ORIENTED_EDGE('',*,*,#7350,.T.);
#7353=ORIENTED_EDGE('',*,*,#7352,.T.);
#7354=EDGE_LOOP('',(#7351,#7353));
#7355=FACE_BOUND('',#7354,.F.);
#7357=ORIENTED_EDGE('',*,*,#7356,.T.);
#7359=ORIENTED_EDGE('',*,*,#7358,.T.);
#7360=EDGE_LOOP('',(#7357,#7359));
#7361=FACE_BOUND('',#7360,.F.);
#7363=ORIENTED_EDGE('',*,*,#7362,.T.);
#7365=ORIENTED_EDGE('',*,*,#7364,.T.);
#7366=EDGE_LOOP('',(#7363,#7365));
#7367=FACE_BOUND('',#7366,.F.);
#7369=ORIENTED_EDGE('',*,*,#7368,.T.);
#7371=ORIENTED_EDGE('',*,*,#7370,.T.);
#7372=EDGE_LOOP('',(#7369,#7371));
#7373=FACE_BOUND('',#7372,.F.);
#7375=ORIENTED_EDGE('',*,*,#7374,.T.);
#7377=ORIENTED_EDGE('',*,*,#7376,.T.);
#7378=EDGE_LOOP('',(#7375,#7377));
#7379=FACE_BOUND('',#7378,.F.);
#7381=ORIENTED_EDGE('',*,*,#7380,.T.);
#7383=ORIENTED_EDGE('',*,*,#7382,.T.);
#7384=EDGE_LOOP('',(#7381,#7383));
#7385=FACE_BOUND('',#7384,.F.);
#7387=ORIENTED_EDGE('',*,*,#7386,.T.);
#7389=ORIENTED_EDGE('',*,*,#7388,.T.);
#7390=EDGE_LOOP('',(#7387,#7389));
#7391=FACE_BOUND('',#7390,.F.);
#7393=ORIENTED_EDGE('',*,*,#7392,.T.);
#7395=ORIENTED_EDGE('',*,*,#7394,.T.);
#7396=EDGE_LOOP('',(#7393,#7395));
#7397=FACE_BOUND('',#7396,.F.);
#7399=ORIENTED_EDGE('',*,*,#7398,.T.);
#7401=ORIENTED_EDGE('',*,*,#7400,.T.);
#7402=EDGE_LOOP('',(#7399,#7401));
#7403=FACE_BOUND('',#7402,.F.);
#7405=ORIENTED_EDGE('',*,*,#7404,.T.);
#7407=ORIENTED_EDGE('',*,*,#7406,.T.);
#7408=EDGE_LOOP('',(#7405,#7407));
#7409=FACE_BOUND('',#7408,.F.);
#7411=ORIENTED_EDGE('',*,*,#7410,.T.);
#7413=ORIENTED_EDGE('',*,*,#7412,.T.);
#7414=EDGE_LOOP('',(#7411,#7413));
#7415=FACE_BOUND('',#7414,.F.);
#7416=ADVANCED_FACE('',(#6653,#6659,#6665,#6671,#6677,#6683,#6689,#6695,#6701,
#6707,#6713,#6719,#6725,#6731,#6737,#6743,#6749,#6755,#6761,#6767,#6773,#6779,
#6785,#6791,#6797,#6803,#6809,#6815,#6821,#6827,#6833,#6839,#6845,#6851,#6857,
#6863,#6869,#6875,#6881,#6887,#6893,#6899,#6905,#6911,#6917,#6923,#6929,#6935,
#6941,#6947,#6953,#6959,#6965,#6971,#6977,#6983,#6989,#6995,#7001,#7007,#7013,
#7019,#7025,#7031,#7037,#7043,#7049,#7055,#7061,#7067,#7073,#7079,#7085,#7091,
#7097,#7103,#7109,#7115,#7121,#7127,#7133,#7139,#7145,#7151,#7157,#7163,#7169,
#7175,#7181,#7187,#7193,#7199,#7205,#7211,#7217,#7223,#7229,#7235,#7241,#7247,
#7253,#7259,#7265,#7271,#7277,#7283,#7289,#7295,#7301,#7307,#7313,#7319,#7325,
#7331,#7337,#7343,#7349,#7355,#7361,#7367,#7373,#7379,#7385,#7391,#7397,#7403,
#7409,#7415),#6649,.T.);
#7417=CARTESIAN_POINT('',(2.5E1,-1.481E2,5.E1));
#7418=DIRECTION('',(0.E0,1.E0,0.E0));
#7419=DIRECTION('',(-1.E0,0.E0,0.E0));
#7420=AXIS2_PLACEMENT_3D('',#7417,#7418,#7419);
#7421=CYLINDRICAL_SURFACE('',#7420,1.5E-1);
#7422=ORIENTED_EDGE('',*,*,#5826,.T.);
#7424=ORIENTED_EDGE('',*,*,#7423,.F.);
#7425=ORIENTED_EDGE('',*,*,#6654,.F.);
#7427=ORIENTED_EDGE('',*,*,#7426,.T.);
#7428=EDGE_LOOP('',(#7422,#7424,#7425,#7427));
#7429=FACE_OUTER_BOUND('',#7428,.F.);
#7430=ADVANCED_FACE('',(#7429),#7421,.F.);
#7431=CARTESIAN_POINT('',(2.5E1,-1.481E2,5.E1));
#7432=DIRECTION('',(0.E0,1.E0,0.E0));
#7433=DIRECTION('',(-1.E0,0.E0,0.E0));
#7434=AXIS2_PLACEMENT_3D('',#7431,#7432,#7433);
#7435=CYLINDRICAL_SURFACE('',#7434,1.5E-1);
#7436=ORIENTED_EDGE('',*,*,#5828,.T.);
#7437=ORIENTED_EDGE('',*,*,#7426,.F.);
#7438=ORIENTED_EDGE('',*,*,#6656,.F.);
#7439=ORIENTED_EDGE('',*,*,#7423,.T.);
#7440=EDGE_LOOP('',(#7436,#7437,#7438,#7439));
#7441=FACE_OUTER_BOUND('',#7440,.F.);
#7442=ADVANCED_FACE('',(#7441),#7435,.F.);
#7443=CARTESIAN_POINT('',(2.452253517072E1,-1.481E2,5.E1));
#7444=DIRECTION('',(0.E0,1.E0,0.E0));
#7445=DIRECTION('',(-1.E0,0.E0,0.E0));
#7446=AXIS2_PLACEMENT_3D('',#7443,#7444,#7445);
#7447=CYLINDRICAL_SURFACE('',#7446,1.5E-1);
#7448=ORIENTED_EDGE('',*,*,#5832,.T.);
#7450=ORIENTED_EDGE('',*,*,#7449,.F.);
#7451=ORIENTED_EDGE('',*,*,#6660,.F.);
#7453=ORIENTED_EDGE('',*,*,#7452,.T.);
#7454=EDGE_LOOP('',(#7448,#7450,#7451,#7453));
#7455=FACE_OUTER_BOUND('',#7454,.F.);
#7456=ADVANCED_FACE('',(#7455),#7447,.F.);
#7457=CARTESIAN_POINT('',(2.452253517072E1,-1.481E2,5.E1));
#7458=DIRECTION('',(0.E0,1.E0,0.E0));
#7459=DIRECTION('',(-1.E0,0.E0,0.E0));
#7460=AXIS2_PLACEMENT_3D('',#7457,#7458,#7459);
#7461=CYLINDRICAL_SURFACE('',#7460,1.5E-1);
#7462=ORIENTED_EDGE('',*,*,#5834,.T.);
#7463=ORIENTED_EDGE('',*,*,#7452,.F.);
#7464=ORIENTED_EDGE('',*,*,#6662,.F.);
#7465=ORIENTED_EDGE('',*,*,#7449,.T.);
#7466=EDGE_LOOP('',(#7462,#7463,#7464,#7465));
#7467=FACE_OUTER_BOUND('',#7466,.F.);
#7468=ADVANCED_FACE('',(#7467),#7461,.F.);
#7469=CARTESIAN_POINT('',(2.476126758536E1,-1.481E2,5.041349667157E1));
#7470=DIRECTION('',(0.E0,1.E0,0.E0));
#7471=DIRECTION('',(-5.E-1,0.E0,8.660254037844E-1));
#7472=AXIS2_PLACEMENT_3D('',#7469,#7470,#7471);
#7473=CYLINDRICAL_SURFACE('',#7472,1.5E-1);
#7474=ORIENTED_EDGE('',*,*,#5838,.T.);
#7476=ORIENTED_EDGE('',*,*,#7475,.F.);
#7477=ORIENTED_EDGE('',*,*,#6666,.F.);
#7479=ORIENTED_EDGE('',*,*,#7478,.T.);
#7480=EDGE_LOOP('',(#7474,#7476,#7477,#7479));
#7481=FACE_OUTER_BOUND('',#7480,.F.);
#7482=ADVANCED_FACE('',(#7481),#7473,.F.);
#7483=CARTESIAN_POINT('',(2.476126758536E1,-1.481E2,5.041349667157E1));
#7484=DIRECTION('',(0.E0,1.E0,0.E0));
#7485=DIRECTION('',(-5.E-1,0.E0,8.660254037844E-1));
#7486=AXIS2_PLACEMENT_3D('',#7483,#7484,#7485);
#7487=CYLINDRICAL_SURFACE('',#7486,1.5E-1);
#7488=ORIENTED_EDGE('',*,*,#5840,.T.);
#7489=ORIENTED_EDGE('',*,*,#7478,.F.);
#7490=ORIENTED_EDGE('',*,*,#6668,.F.);
#7491=ORIENTED_EDGE('',*,*,#7475,.T.);
#7492=EDGE_LOOP('',(#7488,#7489,#7490,#7491));
#7493=FACE_OUTER_BOUND('',#7492,.F.);
#7494=ADVANCED_FACE('',(#7493),#7487,.F.);
#7495=CARTESIAN_POINT('',(2.523873241464E1,-1.481E2,5.041349667157E1));
#7496=DIRECTION('',(0.E0,1.E0,0.E0));
#7497=DIRECTION('',(5.E-1,0.E0,8.660254037844E-1));
#7498=AXIS2_PLACEMENT_3D('',#7495,#7496,#7497);
#7499=CYLINDRICAL_SURFACE('',#7498,1.5E-1);
#7500=ORIENTED_EDGE('',*,*,#5844,.T.);
#7502=ORIENTED_EDGE('',*,*,#7501,.F.);
#7503=ORIENTED_EDGE('',*,*,#6672,.F.);
#7505=ORIENTED_EDGE('',*,*,#7504,.T.);
#7506=EDGE_LOOP('',(#7500,#7502,#7503,#7505));
#7507=FACE_OUTER_BOUND('',#7506,.F.);
#7508=ADVANCED_FACE('',(#7507),#7499,.F.);
#7509=CARTESIAN_POINT('',(2.523873241464E1,-1.481E2,5.041349667157E1));
#7510=DIRECTION('',(0.E0,1.E0,0.E0));
#7511=DIRECTION('',(5.E-1,0.E0,8.660254037844E-1));
#7512=AXIS2_PLACEMENT_3D('',#7509,#7510,#7511);
#7513=CYLINDRICAL_SURFACE('',#7512,1.5E-1);
#7514=ORIENTED_EDGE('',*,*,#5846,.T.);
#7515=ORIENTED_EDGE('',*,*,#7504,.F.);
#7516=ORIENTED_EDGE('',*,*,#6674,.F.);
#7517=ORIENTED_EDGE('',*,*,#7501,.T.);
#7518=EDGE_LOOP('',(#7514,#7515,#7516,#7517));
#7519=FACE_OUTER_BOUND('',#7518,.F.);
#7520=ADVANCED_FACE('',(#7519),#7513,.F.);
#7521=CARTESIAN_POINT('',(2.547746482928E1,-1.481E2,5.E1));
#7522=DIRECTION('',(0.E0,1.E0,0.E0));
#7523=DIRECTION('',(1.E0,0.E0,0.E0));
#7524=AXIS2_PLACEMENT_3D('',#7521,#7522,#7523);
#7525=CYLINDRICAL_SURFACE('',#7524,1.5E-1);
#7526=ORIENTED_EDGE('',*,*,#5850,.T.);
#7528=ORIENTED_EDGE('',*,*,#7527,.F.);
#7529=ORIENTED_EDGE('',*,*,#6678,.F.);
#7531=ORIENTED_EDGE('',*,*,#7530,.T.);
#7532=EDGE_LOOP('',(#7526,#7528,#7529,#7531));
#7533=FACE_OUTER_BOUND('',#7532,.F.);
#7534=ADVANCED_FACE('',(#7533),#7525,.F.);
#7535=CARTESIAN_POINT('',(2.547746482928E1,-1.481E2,5.E1));
#7536=DIRECTION('',(0.E0,1.E0,0.E0));
#7537=DIRECTION('',(1.E0,0.E0,0.E0));
#7538=AXIS2_PLACEMENT_3D('',#7535,#7536,#7537);
#7539=CYLINDRICAL_SURFACE('',#7538,1.5E-1);
#7540=ORIENTED_EDGE('',*,*,#5852,.T.);
#7541=ORIENTED_EDGE('',*,*,#7530,.F.);
#7542=ORIENTED_EDGE('',*,*,#6680,.F.);
#7543=ORIENTED_EDGE('',*,*,#7527,.T.);
#7544=EDGE_LOOP('',(#7540,#7541,#7542,#7543));
#7545=FACE_OUTER_BOUND('',#7544,.F.);
#7546=ADVANCED_FACE('',(#7545),#7539,.F.);
#7547=CARTESIAN_POINT('',(2.523873241464E1,-1.481E2,4.958650332843E1));
#7548=DIRECTION('',(0.E0,1.E0,0.E0));
#7549=DIRECTION('',(5.E-1,0.E0,-8.660254037844E-1));
#7550=AXIS2_PLACEMENT_3D('',#7547,#7548,#7549);
#7551=CYLINDRICAL_SURFACE('',#7550,1.5E-1);
#7552=ORIENTED_EDGE('',*,*,#5856,.T.);
#7554=ORIENTED_EDGE('',*,*,#7553,.F.);
#7555=ORIENTED_EDGE('',*,*,#6684,.F.);
#7557=ORIENTED_EDGE('',*,*,#7556,.T.);
#7558=EDGE_LOOP('',(#7552,#7554,#7555,#7557));
#7559=FACE_OUTER_BOUND('',#7558,.F.);
#7560=ADVANCED_FACE('',(#7559),#7551,.F.);
#7561=CARTESIAN_POINT('',(2.523873241464E1,-1.481E2,4.958650332843E1));
#7562=DIRECTION('',(0.E0,1.E0,0.E0));
#7563=DIRECTION('',(5.E-1,0.E0,-8.660254037844E-1));
#7564=AXIS2_PLACEMENT_3D('',#7561,#7562,#7563);
#7565=CYLINDRICAL_SURFACE('',#7564,1.5E-1);
#7566=ORIENTED_EDGE('',*,*,#5858,.T.);
#7567=ORIENTED_EDGE('',*,*,#7556,.F.);
#7568=ORIENTED_EDGE('',*,*,#6686,.F.);
#7569=ORIENTED_EDGE('',*,*,#7553,.T.);
#7570=EDGE_LOOP('',(#7566,#7567,#7568,#7569));
#7571=FACE_OUTER_BOUND('',#7570,.F.);
#7572=ADVANCED_FACE('',(#7571),#7565,.F.);
#7573=CARTESIAN_POINT('',(2.476126758536E1,-1.481E2,4.958650332843E1));
#7574=DIRECTION('',(0.E0,1.E0,0.E0));
#7575=DIRECTION('',(-5.E-1,0.E0,-8.660254037844E-1));
#7576=AXIS2_PLACEMENT_3D('',#7573,#7574,#7575);
#7577=CYLINDRICAL_SURFACE('',#7576,1.5E-1);
#7578=ORIENTED_EDGE('',*,*,#5862,.T.);
#7580=ORIENTED_EDGE('',*,*,#7579,.F.);
#7581=ORIENTED_EDGE('',*,*,#6690,.F.);
#7583=ORIENTED_EDGE('',*,*,#7582,.T.);
#7584=EDGE_LOOP('',(#7578,#7580,#7581,#7583));
#7585=FACE_OUTER_BOUND('',#7584,.F.);
#7586=ADVANCED_FACE('',(#7585),#7577,.F.);
#7587=CARTESIAN_POINT('',(2.476126758536E1,-1.481E2,4.958650332843E1));
#7588=DIRECTION('',(0.E0,1.E0,0.E0));
#7589=DIRECTION('',(-5.E-1,0.E0,-8.660254037844E-1));
#7590=AXIS2_PLACEMENT_3D('',#7587,#7588,#7589);
#7591=CYLINDRICAL_SURFACE('',#7590,1.5E-1);
#7592=ORIENTED_EDGE('',*,*,#5864,.T.);
#7593=ORIENTED_EDGE('',*,*,#7582,.F.);
#7594=ORIENTED_EDGE('',*,*,#6692,.F.);
#7595=ORIENTED_EDGE('',*,*,#7579,.T.);
#7596=EDGE_LOOP('',(#7592,#7593,#7594,#7595));
#7597=FACE_OUTER_BOUND('',#7596,.F.);
#7598=ADVANCED_FACE('',(#7597),#7591,.F.);
#7599=CARTESIAN_POINT('',(2.404507034145E1,-1.481E2,5.E1));
#7600=DIRECTION('',(0.E0,1.E0,0.E0));
#7601=DIRECTION('',(-1.E0,0.E0,0.E0));
#7602=AXIS2_PLACEMENT_3D('',#7599,#7600,#7601);
#7603=CYLINDRICAL_SURFACE('',#7602,1.5E-1);
#7604=ORIENTED_EDGE('',*,*,#5868,.T.);
#7606=ORIENTED_EDGE('',*,*,#7605,.F.);
#7607=ORIENTED_EDGE('',*,*,#6696,.F.);
#7609=ORIENTED_EDGE('',*,*,#7608,.T.);
#7610=EDGE_LOOP('',(#7604,#7606,#7607,#7609));
#7611=FACE_OUTER_BOUND('',#7610,.F.);
#7612=ADVANCED_FACE('',(#7611),#7603,.F.);
#7613=CARTESIAN_POINT('',(2.404507034145E1,-1.481E2,5.E1));
#7614=DIRECTION('',(0.E0,1.E0,0.E0));
#7615=DIRECTION('',(-1.E0,0.E0,0.E0));
#7616=AXIS2_PLACEMENT_3D('',#7613,#7614,#7615);
#7617=CYLINDRICAL_SURFACE('',#7616,1.5E-1);
#7618=ORIENTED_EDGE('',*,*,#5870,.T.);
#7619=ORIENTED_EDGE('',*,*,#7608,.F.);
#7620=ORIENTED_EDGE('',*,*,#6698,.F.);
#7621=ORIENTED_EDGE('',*,*,#7605,.T.);
#7622=EDGE_LOOP('',(#7618,#7619,#7620,#7621));
#7623=FACE_OUTER_BOUND('',#7622,.F.);
#7624=ADVANCED_FACE('',(#7623),#7617,.F.);
#7625=CARTESIAN_POINT('',(2.417300665687E1,-1.481E2,5.047746482928E1));
#7626=DIRECTION('',(0.E0,1.E0,0.E0));
#7627=DIRECTION('',(-8.660254037844E-1,0.E0,5.E-1));
#7628=AXIS2_PLACEMENT_3D('',#7625,#7626,#7627);
#7629=CYLINDRICAL_SURFACE('',#7628,1.5E-1);
#7630=ORIENTED_EDGE('',*,*,#5874,.T.);
#7632=ORIENTED_EDGE('',*,*,#7631,.F.);
#7633=ORIENTED_EDGE('',*,*,#6702,.F.);
#7635=ORIENTED_EDGE('',*,*,#7634,.T.);
#7636=EDGE_LOOP('',(#7630,#7632,#7633,#7635));
#7637=FACE_OUTER_BOUND('',#7636,.F.);
#7638=ADVANCED_FACE('',(#7637),#7629,.F.);
#7639=CARTESIAN_POINT('',(2.417300665687E1,-1.481E2,5.047746482928E1));
#7640=DIRECTION('',(0.E0,1.E0,0.E0));
#7641=DIRECTION('',(-8.660254037844E-1,0.E0,5.E-1));
#7642=AXIS2_PLACEMENT_3D('',#7639,#7640,#7641);
#7643=CYLINDRICAL_SURFACE('',#7642,1.5E-1);
#7644=ORIENTED_EDGE('',*,*,#5876,.T.);
#7645=ORIENTED_EDGE('',*,*,#7634,.F.);
#7646=ORIENTED_EDGE('',*,*,#6704,.F.);
#7647=ORIENTED_EDGE('',*,*,#7631,.T.);
#7648=EDGE_LOOP('',(#7644,#7645,#7646,#7647));
#7649=FACE_OUTER_BOUND('',#7648,.F.);
#7650=ADVANCED_FACE('',(#7649),#7643,.F.);
#7651=CARTESIAN_POINT('',(2.452253517072E1,-1.481E2,5.082699334313E1));
#7652=DIRECTION('',(0.E0,1.E0,0.E0));
#7653=DIRECTION('',(-5.E-1,0.E0,8.660254037844E-1));
#7654=AXIS2_PLACEMENT_3D('',#7651,#7652,#7653);
#7655=CYLINDRICAL_SURFACE('',#7654,1.5E-1);
#7656=ORIENTED_EDGE('',*,*,#5880,.T.);
#7658=ORIENTED_EDGE('',*,*,#7657,.F.);
#7659=ORIENTED_EDGE('',*,*,#6708,.F.);
#7661=ORIENTED_EDGE('',*,*,#7660,.T.);
#7662=EDGE_LOOP('',(#7656,#7658,#7659,#7661));
#7663=FACE_OUTER_BOUND('',#7662,.F.);
#7664=ADVANCED_FACE('',(#7663),#7655,.F.);
#7665=CARTESIAN_POINT('',(2.452253517072E1,-1.481E2,5.082699334313E1));
#7666=DIRECTION('',(0.E0,1.E0,0.E0));
#7667=DIRECTION('',(-5.E-1,0.E0,8.660254037844E-1));
#7668=AXIS2_PLACEMENT_3D('',#7665,#7666,#7667);
#7669=CYLINDRICAL_SURFACE('',#7668,1.5E-1);
#7670=ORIENTED_EDGE('',*,*,#5882,.T.);
#7671=ORIENTED_EDGE('',*,*,#7660,.F.);
#7672=ORIENTED_EDGE('',*,*,#6710,.F.);
#7673=ORIENTED_EDGE('',*,*,#7657,.T.);
#7674=EDGE_LOOP('',(#7670,#7671,#7672,#7673));
#7675=FACE_OUTER_BOUND('',#7674,.F.);
#7676=ADVANCED_FACE('',(#7675),#7669,.F.);
#7677=CARTESIAN_POINT('',(2.5E1,-1.481E2,5.095492965855E1));
#7678=DIRECTION('',(0.E0,1.E0,0.E0));
#7679=DIRECTION('',(0.E0,0.E0,1.E0));
#7680=AXIS2_PLACEMENT_3D('',#7677,#7678,#7679);
#7681=CYLINDRICAL_SURFACE('',#7680,1.5E-1);
#7682=ORIENTED_EDGE('',*,*,#5886,.T.);
#7684=ORIENTED_EDGE('',*,*,#7683,.F.);
#7685=ORIENTED_EDGE('',*,*,#6714,.F.);
#7687=ORIENTED_EDGE('',*,*,#7686,.T.);
#7688=EDGE_LOOP('',(#7682,#7684,#7685,#7687));
#7689=FACE_OUTER_BOUND('',#7688,.F.);
#7690=ADVANCED_FACE('',(#7689),#7681,.F.);
#7691=CARTESIAN_POINT('',(2.5E1,-1.481E2,5.095492965855E1));
#7692=DIRECTION('',(0.E0,1.E0,0.E0));
#7693=DIRECTION('',(0.E0,0.E0,1.E0));
#7694=AXIS2_PLACEMENT_3D('',#7691,#7692,#7693);
#7695=CYLINDRICAL_SURFACE('',#7694,1.5E-1);
#7696=ORIENTED_EDGE('',*,*,#5888,.T.);
#7697=ORIENTED_EDGE('',*,*,#7686,.F.);
#7698=ORIENTED_EDGE('',*,*,#6716,.F.);
#7699=ORIENTED_EDGE('',*,*,#7683,.T.);
#7700=EDGE_LOOP('',(#7696,#7697,#7698,#7699));
#7701=FACE_OUTER_BOUND('',#7700,.F.);
#7702=ADVANCED_FACE('',(#7701),#7695,.F.);
#7703=CARTESIAN_POINT('',(2.547746482928E1,-1.481E2,5.082699334313E1));
#7704=DIRECTION('',(0.E0,1.E0,0.E0));
#7705=DIRECTION('',(5.E-1,0.E0,8.660254037844E-1));
#7706=AXIS2_PLACEMENT_3D('',#7703,#7704,#7705);
#7707=CYLINDRICAL_SURFACE('',#7706,1.5E-1);
#7708=ORIENTED_EDGE('',*,*,#5892,.T.);
#7710=ORIENTED_EDGE('',*,*,#7709,.F.);
#7711=ORIENTED_EDGE('',*,*,#6720,.F.);
#7713=ORIENTED_EDGE('',*,*,#7712,.T.);
#7714=EDGE_LOOP('',(#7708,#7710,#7711,#7713));
#7715=FACE_OUTER_BOUND('',#7714,.F.);
#7716=ADVANCED_FACE('',(#7715),#7707,.F.);
#7717=CARTESIAN_POINT('',(2.547746482928E1,-1.481E2,5.082699334313E1));
#7718=DIRECTION('',(0.E0,1.E0,0.E0));
#7719=DIRECTION('',(5.E-1,0.E0,8.660254037844E-1));
#7720=AXIS2_PLACEMENT_3D('',#7717,#7718,#7719);
#7721=CYLINDRICAL_SURFACE('',#7720,1.5E-1);
#7722=ORIENTED_EDGE('',*,*,#5894,.T.);
#7723=ORIENTED_EDGE('',*,*,#7712,.F.);
#7724=ORIENTED_EDGE('',*,*,#6722,.F.);
#7725=ORIENTED_EDGE('',*,*,#7709,.T.);
#7726=EDGE_LOOP('',(#7722,#7723,#7724,#7725));
#7727=FACE_OUTER_BOUND('',#7726,.F.);
#7728=ADVANCED_FACE('',(#7727),#7721,.F.);
#7729=CARTESIAN_POINT('',(2.582699334313E1,-1.481E2,5.047746482928E1));
#7730=DIRECTION('',(0.E0,1.E0,0.E0));
#7731=DIRECTION('',(8.660254037844E-1,0.E0,5.E-1));
#7732=AXIS2_PLACEMENT_3D('',#7729,#7730,#7731);
#7733=CYLINDRICAL_SURFACE('',#7732,1.5E-1);
#7734=ORIENTED_EDGE('',*,*,#5898,.T.);
#7736=ORIENTED_EDGE('',*,*,#7735,.F.);
#7737=ORIENTED_EDGE('',*,*,#6726,.F.);
#7739=ORIENTED_EDGE('',*,*,#7738,.T.);
#7740=EDGE_LOOP('',(#7734,#7736,#7737,#7739));
#7741=FACE_OUTER_BOUND('',#7740,.F.);
#7742=ADVANCED_FACE('',(#7741),#7733,.F.);
#7743=CARTESIAN_POINT('',(2.582699334313E1,-1.481E2,5.047746482928E1));
#7744=DIRECTION('',(0.E0,1.E0,0.E0));
#7745=DIRECTION('',(8.660254037844E-1,0.E0,5.E-1));
#7746=AXIS2_PLACEMENT_3D('',#7743,#7744,#7745);
#7747=CYLINDRICAL_SURFACE('',#7746,1.5E-1);
#7748=ORIENTED_EDGE('',*,*,#5900,.T.);
#7749=ORIENTED_EDGE('',*,*,#7738,.F.);
#7750=ORIENTED_EDGE('',*,*,#6728,.F.);
#7751=ORIENTED_EDGE('',*,*,#7735,.T.);
#7752=EDGE_LOOP('',(#7748,#7749,#7750,#7751));
#7753=FACE_OUTER_BOUND('',#7752,.F.);
#7754=ADVANCED_FACE('',(#7753),#7747,.F.);
#7755=CARTESIAN_POINT('',(2.595492965855E1,-1.481E2,5.E1));
#7756=DIRECTION('',(0.E0,1.E0,0.E0));
#7757=DIRECTION('',(1.E0,0.E0,0.E0));
#7758=AXIS2_PLACEMENT_3D('',#7755,#7756,#7757);
#7759=CYLINDRICAL_SURFACE('',#7758,1.5E-1);
#7760=ORIENTED_EDGE('',*,*,#5904,.T.);
#7762=ORIENTED_EDGE('',*,*,#7761,.F.);
#7763=ORIENTED_EDGE('',*,*,#6732,.F.);
#7765=ORIENTED_EDGE('',*,*,#7764,.T.);
#7766=EDGE_LOOP('',(#7760,#7762,#7763,#7765));
#7767=FACE_OUTER_BOUND('',#7766,.F.);
#7768=ADVANCED_FACE('',(#7767),#7759,.F.);
#7769=CARTESIAN_POINT('',(2.595492965855E1,-1.481E2,5.E1));
#7770=DIRECTION('',(0.E0,1.E0,0.E0));
#7771=DIRECTION('',(1.E0,0.E0,0.E0));
#7772=AXIS2_PLACEMENT_3D('',#7769,#7770,#7771);
#7773=CYLINDRICAL_SURFACE('',#7772,1.5E-1);
#7774=ORIENTED_EDGE('',*,*,#5906,.T.);
#7775=ORIENTED_EDGE('',*,*,#7764,.F.);
#7776=ORIENTED_EDGE('',*,*,#6734,.F.);
#7777=ORIENTED_EDGE('',*,*,#7761,.T.);
#7778=EDGE_LOOP('',(#7774,#7775,#7776,#7777));
#7779=FACE_OUTER_BOUND('',#7778,.F.);
#7780=ADVANCED_FACE('',(#7779),#7773,.F.);
#7781=CARTESIAN_POINT('',(2.582699334313E1,-1.481E2,4.952253517072E1));
#7782=DIRECTION('',(0.E0,1.E0,0.E0));
#7783=DIRECTION('',(8.660254037844E-1,0.E0,-5.E-1));
#7784=AXIS2_PLACEMENT_3D('',#7781,#7782,#7783);
#7785=CYLINDRICAL_SURFACE('',#7784,1.5E-1);
#7786=ORIENTED_EDGE('',*,*,#5910,.T.);
#7788=ORIENTED_EDGE('',*,*,#7787,.F.);
#7789=ORIENTED_EDGE('',*,*,#6738,.F.);
#7791=ORIENTED_EDGE('',*,*,#7790,.T.);
#7792=EDGE_LOOP('',(#7786,#7788,#7789,#7791));
#7793=FACE_OUTER_BOUND('',#7792,.F.);
#7794=ADVANCED_FACE('',(#7793),#7785,.F.);
#7795=CARTESIAN_POINT('',(2.582699334313E1,-1.481E2,4.952253517072E1));
#7796=DIRECTION('',(0.E0,1.E0,0.E0));
#7797=DIRECTION('',(8.660254037844E-1,0.E0,-5.E-1));
#7798=AXIS2_PLACEMENT_3D('',#7795,#7796,#7797);
#7799=CYLINDRICAL_SURFACE('',#7798,1.5E-1);
#7800=ORIENTED_EDGE('',*,*,#5912,.T.);
#7801=ORIENTED_EDGE('',*,*,#7790,.F.);
#7802=ORIENTED_EDGE('',*,*,#6740,.F.);
#7803=ORIENTED_EDGE('',*,*,#7787,.T.);
#7804=EDGE_LOOP('',(#7800,#7801,#7802,#7803));
#7805=FACE_OUTER_BOUND('',#7804,.F.);
#7806=ADVANCED_FACE('',(#7805),#7799,.F.);
#7807=CARTESIAN_POINT('',(2.547746482928E1,-1.481E2,4.917300665687E1));
#7808=DIRECTION('',(0.E0,1.E0,0.E0));
#7809=DIRECTION('',(5.E-1,0.E0,-8.660254037844E-1));
#7810=AXIS2_PLACEMENT_3D('',#7807,#7808,#7809);
#7811=CYLINDRICAL_SURFACE('',#7810,1.5E-1);
#7812=ORIENTED_EDGE('',*,*,#5916,.T.);
#7814=ORIENTED_EDGE('',*,*,#7813,.F.);
#7815=ORIENTED_EDGE('',*,*,#6744,.F.);
#7817=ORIENTED_EDGE('',*,*,#7816,.T.);
#7818=EDGE_LOOP('',(#7812,#7814,#7815,#7817));
#7819=FACE_OUTER_BOUND('',#7818,.F.);
#7820=ADVANCED_FACE('',(#7819),#7811,.F.);
#7821=CARTESIAN_POINT('',(2.547746482928E1,-1.481E2,4.917300665687E1));
#7822=DIRECTION('',(0.E0,1.E0,0.E0));
#7823=DIRECTION('',(5.E-1,0.E0,-8.660254037844E-1));
#7824=AXIS2_PLACEMENT_3D('',#7821,#7822,#7823);
#7825=CYLINDRICAL_SURFACE('',#7824,1.5E-1);
#7826=ORIENTED_EDGE('',*,*,#5918,.T.);
#7827=ORIENTED_EDGE('',*,*,#7816,.F.);
#7828=ORIENTED_EDGE('',*,*,#6746,.F.);
#7829=ORIENTED_EDGE('',*,*,#7813,.T.);
#7830=EDGE_LOOP('',(#7826,#7827,#7828,#7829));
#7831=FACE_OUTER_BOUND('',#7830,.F.);
#7832=ADVANCED_FACE('',(#7831),#7825,.F.);
#7833=CARTESIAN_POINT('',(2.5E1,-1.481E2,4.904507034145E1));
#7834=DIRECTION('',(0.E0,1.E0,0.E0));
#7835=DIRECTION('',(0.E0,0.E0,-1.E0));
#7836=AXIS2_PLACEMENT_3D('',#7833,#7834,#7835);
#7837=CYLINDRICAL_SURFACE('',#7836,1.5E-1);
#7838=ORIENTED_EDGE('',*,*,#5922,.T.);
#7840=ORIENTED_EDGE('',*,*,#7839,.F.);
#7841=ORIENTED_EDGE('',*,*,#6750,.F.);
#7843=ORIENTED_EDGE('',*,*,#7842,.T.);
#7844=EDGE_LOOP('',(#7838,#7840,#7841,#7843));
#7845=FACE_OUTER_BOUND('',#7844,.F.);
#7846=ADVANCED_FACE('',(#7845),#7837,.F.);
#7847=CARTESIAN_POINT('',(2.5E1,-1.481E2,4.904507034145E1));
#7848=DIRECTION('',(0.E0,1.E0,0.E0));
#7849=DIRECTION('',(0.E0,0.E0,-1.E0));
#7850=AXIS2_PLACEMENT_3D('',#7847,#7848,#7849);
#7851=CYLINDRICAL_SURFACE('',#7850,1.5E-1);
#7852=ORIENTED_EDGE('',*,*,#5924,.T.);
#7853=ORIENTED_EDGE('',*,*,#7842,.F.);
#7854=ORIENTED_EDGE('',*,*,#6752,.F.);
#7855=ORIENTED_EDGE('',*,*,#7839,.T.);
#7856=EDGE_LOOP('',(#7852,#7853,#7854,#7855));
#7857=FACE_OUTER_BOUND('',#7856,.F.);
#7858=ADVANCED_FACE('',(#7857),#7851,.F.);
#7859=CARTESIAN_POINT('',(2.452253517072E1,-1.481E2,4.917300665687E1));
#7860=DIRECTION('',(0.E0,1.E0,0.E0));
#7861=DIRECTION('',(-5.E-1,0.E0,-8.660254037844E-1));
#7862=AXIS2_PLACEMENT_3D('',#7859,#7860,#7861);
#7863=CYLINDRICAL_SURFACE('',#7862,1.5E-1);
#7864=ORIENTED_EDGE('',*,*,#5928,.T.);
#7866=ORIENTED_EDGE('',*,*,#7865,.F.);
#7867=ORIENTED_EDGE('',*,*,#6756,.F.);
#7869=ORIENTED_EDGE('',*,*,#7868,.T.);
#7870=EDGE_LOOP('',(#7864,#7866,#7867,#7869));
#7871=FACE_OUTER_BOUND('',#7870,.F.);
#7872=ADVANCED_FACE('',(#7871),#7863,.F.);
#7873=CARTESIAN_POINT('',(2.452253517072E1,-1.481E2,4.917300665687E1));
#7874=DIRECTION('',(0.E0,1.E0,0.E0));
#7875=DIRECTION('',(-5.E-1,0.E0,-8.660254037844E-1));
#7876=AXIS2_PLACEMENT_3D('',#7873,#7874,#7875);
#7877=CYLINDRICAL_SURFACE('',#7876,1.5E-1);
#7878=ORIENTED_EDGE('',*,*,#5930,.T.);
#7879=ORIENTED_EDGE('',*,*,#7868,.F.);
#7880=ORIENTED_EDGE('',*,*,#6758,.F.);
#7881=ORIENTED_EDGE('',*,*,#7865,.T.);
#7882=EDGE_LOOP('',(#7878,#7879,#7880,#7881));
#7883=FACE_OUTER_BOUND('',#7882,.F.);
#7884=ADVANCED_FACE('',(#7883),#7877,.F.);
#7885=CARTESIAN_POINT('',(2.417300665687E1,-1.481E2,4.952253517072E1));
#7886=DIRECTION('',(0.E0,1.E0,0.E0));
#7887=DIRECTION('',(-8.660254037844E-1,0.E0,-5.E-1));
#7888=AXIS2_PLACEMENT_3D('',#7885,#7886,#7887);
#7889=CYLINDRICAL_SURFACE('',#7888,1.5E-1);
#7890=ORIENTED_EDGE('',*,*,#5934,.T.);
#7892=ORIENTED_EDGE('',*,*,#7891,.F.);
#7893=ORIENTED_EDGE('',*,*,#6762,.F.);
#7895=ORIENTED_EDGE('',*,*,#7894,.T.);
#7896=EDGE_LOOP('',(#7890,#7892,#7893,#7895));
#7897=FACE_OUTER_BOUND('',#7896,.F.);
#7898=ADVANCED_FACE('',(#7897),#7889,.F.);
#7899=CARTESIAN_POINT('',(2.417300665687E1,-1.481E2,4.952253517072E1));
#7900=DIRECTION('',(0.E0,1.E0,0.E0));
#7901=DIRECTION('',(-8.660254037844E-1,0.E0,-5.E-1));
#7902=AXIS2_PLACEMENT_3D('',#7899,#7900,#7901);
#7903=CYLINDRICAL_SURFACE('',#7902,1.5E-1);
#7904=ORIENTED_EDGE('',*,*,#5936,.T.);
#7905=ORIENTED_EDGE('',*,*,#7894,.F.);
#7906=ORIENTED_EDGE('',*,*,#6764,.F.);
#7907=ORIENTED_EDGE('',*,*,#7891,.T.);
#7908=EDGE_LOOP('',(#7904,#7905,#7906,#7907));
#7909=FACE_OUTER_BOUND('',#7908,.F.);
#7910=ADVANCED_FACE('',(#7909),#7903,.F.);
#7911=CARTESIAN_POINT('',(2.356760551217E1,-1.481E2,5.E1));
#7912=DIRECTION('',(0.E0,1.E0,0.E0));
#7913=DIRECTION('',(-1.E0,0.E0,0.E0));
#7914=AXIS2_PLACEMENT_3D('',#7911,#7912,#7913);
#7915=CYLINDRICAL_SURFACE('',#7914,1.5E-1);
#7916=ORIENTED_EDGE('',*,*,#5940,.T.);
#7918=ORIENTED_EDGE('',*,*,#7917,.F.);
#7919=ORIENTED_EDGE('',*,*,#6768,.F.);
#7921=ORIENTED_EDGE('',*,*,#7920,.T.);
#7922=EDGE_LOOP('',(#7916,#7918,#7919,#7921));
#7923=FACE_OUTER_BOUND('',#7922,.F.);
#7924=ADVANCED_FACE('',(#7923),#7915,.F.);
#7925=CARTESIAN_POINT('',(2.356760551217E1,-1.481E2,5.E1));
#7926=DIRECTION('',(0.E0,1.E0,0.E0));
#7927=DIRECTION('',(-1.E0,0.E0,0.E0));
#7928=AXIS2_PLACEMENT_3D('',#7925,#7926,#7927);
#7929=CYLINDRICAL_SURFACE('',#7928,1.5E-1);
#7930=ORIENTED_EDGE('',*,*,#5942,.T.);
#7931=ORIENTED_EDGE('',*,*,#7920,.F.);
#7932=ORIENTED_EDGE('',*,*,#6770,.F.);
#7933=ORIENTED_EDGE('',*,*,#7917,.T.);
#7934=EDGE_LOOP('',(#7930,#7931,#7932,#7933));
#7935=FACE_OUTER_BOUND('',#7934,.F.);
#7936=ADVANCED_FACE('',(#7935),#7929,.F.);
#7937=CARTESIAN_POINT('',(2.365398946973E1,-1.481E2,5.048990776803E1));
#7938=DIRECTION('',(0.E0,1.E0,0.E0));
#7939=DIRECTION('',(-9.396926207859E-1,0.E0,3.420201433257E-1));
#7940=AXIS2_PLACEMENT_3D('',#7937,#7938,#7939);
#7941=CYLINDRICAL_SURFACE('',#7940,1.5E-1);
#7942=ORIENTED_EDGE('',*,*,#5946,.T.);
#7944=ORIENTED_EDGE('',*,*,#7943,.F.);
#7945=ORIENTED_EDGE('',*,*,#6774,.F.);
#7947=ORIENTED_EDGE('',*,*,#7946,.T.);
#7948=EDGE_LOOP('',(#7942,#7944,#7945,#7947));
#7949=FACE_OUTER_BOUND('',#7948,.F.);
#7950=ADVANCED_FACE('',(#7949),#7941,.F.);
#7951=CARTESIAN_POINT('',(2.365398946973E1,-1.481E2,5.048990776803E1));
#7952=DIRECTION('',(0.E0,1.E0,0.E0));
#7953=DIRECTION('',(-9.396926207859E-1,0.E0,3.420201433257E-1));
#7954=AXIS2_PLACEMENT_3D('',#7951,#7952,#7953);
#7955=CYLINDRICAL_SURFACE('',#7954,1.5E-1);
#7956=ORIENTED_EDGE('',*,*,#5948,.T.);
#7957=ORIENTED_EDGE('',*,*,#7946,.F.);
#7958=ORIENTED_EDGE('',*,*,#6776,.F.);
#7959=ORIENTED_EDGE('',*,*,#7943,.T.);
#7960=EDGE_LOOP('',(#7956,#7957,#7958,#7959));
#7961=FACE_OUTER_BOUND('',#7960,.F.);
#7962=ADVANCED_FACE('',(#7961),#7955,.F.);
#7963=CARTESIAN_POINT('',(2.390272216225E1,-1.481E2,5.092072542896E1));
#7964=DIRECTION('',(0.E0,1.E0,0.E0));
#7965=DIRECTION('',(-7.660444431190E-1,0.E0,6.427876096865E-1));
#7966=AXIS2_PLACEMENT_3D('',#7963,#7964,#7965);
#7967=CYLINDRICAL_SURFACE('',#7966,1.5E-1);
#7968=ORIENTED_EDGE('',*,*,#5952,.T.);
#7970=ORIENTED_EDGE('',*,*,#7969,.F.);
#7971=ORIENTED_EDGE('',*,*,#6780,.F.);
#7973=ORIENTED_EDGE('',*,*,#7972,.T.);
#7974=EDGE_LOOP('',(#7968,#7970,#7971,#7973));
#7975=FACE_OUTER_BOUND('',#7974,.F.);
#7976=ADVANCED_FACE('',(#7975),#7967,.F.);
#7977=CARTESIAN_POINT('',(2.390272216225E1,-1.481E2,5.092072542896E1));
#7978=DIRECTION('',(0.E0,1.E0,0.E0));
#7979=DIRECTION('',(-7.660444431190E-1,0.E0,6.427876096865E-1));
#7980=AXIS2_PLACEMENT_3D('',#7977,#7978,#7979);
#7981=CYLINDRICAL_SURFACE('',#7980,1.5E-1);
#7982=ORIENTED_EDGE('',*,*,#5954,.T.);
#7983=ORIENTED_EDGE('',*,*,#7972,.F.);
#7984=ORIENTED_EDGE('',*,*,#6782,.F.);
#7985=ORIENTED_EDGE('',*,*,#7969,.T.);
#7986=EDGE_LOOP('',(#7982,#7983,#7984,#7985));
#7987=FACE_OUTER_BOUND('',#7986,.F.);
#7988=ADVANCED_FACE('',(#7987),#7981,.F.);
#7989=CARTESIAN_POINT('',(2.428380275609E1,-1.481E2,5.124049001470E1));
#7990=DIRECTION('',(0.E0,1.E0,0.E0));
#7991=DIRECTION('',(-5.E-1,0.E0,8.660254037844E-1));
#7992=AXIS2_PLACEMENT_3D('',#7989,#7990,#7991);
#7993=CYLINDRICAL_SURFACE('',#7992,1.5E-1);
#7994=ORIENTED_EDGE('',*,*,#5958,.T.);
#7996=ORIENTED_EDGE('',*,*,#7995,.F.);
#7997=ORIENTED_EDGE('',*,*,#6786,.F.);
#7999=ORIENTED_EDGE('',*,*,#7998,.T.);
#8000=EDGE_LOOP('',(#7994,#7996,#7997,#7999));
#8001=FACE_OUTER_BOUND('',#8000,.F.);
#8002=ADVANCED_FACE('',(#8001),#7993,.F.);
#8003=CARTESIAN_POINT('',(2.428380275609E1,-1.481E2,5.124049001470E1));
#8004=DIRECTION('',(0.E0,1.E0,0.E0));
#8005=DIRECTION('',(-5.E-1,0.E0,8.660254037844E-1));
#8006=AXIS2_PLACEMENT_3D('',#8003,#8004,#8005);
#8007=CYLINDRICAL_SURFACE('',#8006,1.5E-1);
#8008=ORIENTED_EDGE('',*,*,#5960,.T.);
#8009=ORIENTED_EDGE('',*,*,#7998,.F.);
#8010=ORIENTED_EDGE('',*,*,#6788,.F.);
#8011=ORIENTED_EDGE('',*,*,#7995,.T.);
#8012=EDGE_LOOP('',(#8008,#8009,#8010,#8011));
#8013=FACE_OUTER_BOUND('',#8012,.F.);
#8014=ADVANCED_FACE('',(#8013),#8007,.F.);
#8015=CARTESIAN_POINT('',(2.475126730749E1,-1.481E2,5.141063319698E1));
#8016=DIRECTION('',(0.E0,1.E0,0.E0));
#8017=DIRECTION('',(-1.736481776669E-1,0.E0,9.848077530122E-1));
#8018=AXIS2_PLACEMENT_3D('',#8015,#8016,#8017);
#8019=CYLINDRICAL_SURFACE('',#8018,1.5E-1);
#8020=ORIENTED_EDGE('',*,*,#5964,.T.);
#8022=ORIENTED_EDGE('',*,*,#8021,.F.);
#8023=ORIENTED_EDGE('',*,*,#6792,.F.);
#8025=ORIENTED_EDGE('',*,*,#8024,.T.);
#8026=EDGE_LOOP('',(#8020,#8022,#8023,#8025));
#8027=FACE_OUTER_BOUND('',#8026,.F.);
#8028=ADVANCED_FACE('',(#8027),#8019,.F.);
#8029=CARTESIAN_POINT('',(2.475126730749E1,-1.481E2,5.141063319698E1));
#8030=DIRECTION('',(0.E0,1.E0,0.E0));
#8031=DIRECTION('',(-1.736481776669E-1,0.E0,9.848077530122E-1));
#8032=AXIS2_PLACEMENT_3D('',#8029,#8030,#8031);
#8033=CYLINDRICAL_SURFACE('',#8032,1.5E-1);
#8034=ORIENTED_EDGE('',*,*,#5966,.T.);
#8035=ORIENTED_EDGE('',*,*,#8024,.F.);
#8036=ORIENTED_EDGE('',*,*,#6794,.F.);
#8037=ORIENTED_EDGE('',*,*,#8021,.T.);
#8038=EDGE_LOOP('',(#8034,#8035,#8036,#8037));
#8039=FACE_OUTER_BOUND('',#8038,.F.);
#8040=ADVANCED_FACE('',(#8039),#8033,.F.);
#8041=CARTESIAN_POINT('',(2.524873269251E1,-1.481E2,5.141063319698E1));
#8042=DIRECTION('',(0.E0,1.E0,0.E0));
#8043=DIRECTION('',(1.736481776669E-1,0.E0,9.848077530122E-1));
#8044=AXIS2_PLACEMENT_3D('',#8041,#8042,#8043);
#8045=CYLINDRICAL_SURFACE('',#8044,1.5E-1);
#8046=ORIENTED_EDGE('',*,*,#5970,.T.);
#8048=ORIENTED_EDGE('',*,*,#8047,.F.);
#8049=ORIENTED_EDGE('',*,*,#6798,.F.);
#8051=ORIENTED_EDGE('',*,*,#8050,.T.);
#8052=EDGE_LOOP('',(#8046,#8048,#8049,#8051));
#8053=FACE_OUTER_BOUND('',#8052,.F.);
#8054=ADVANCED_FACE('',(#8053),#8045,.F.);
#8055=CARTESIAN_POINT('',(2.524873269251E1,-1.481E2,5.141063319698E1));
#8056=DIRECTION('',(0.E0,1.E0,0.E0));
#8057=DIRECTION('',(1.736481776669E-1,0.E0,9.848077530122E-1));
#8058=AXIS2_PLACEMENT_3D('',#8055,#8056,#8057);
#8059=CYLINDRICAL_SURFACE('',#8058,1.5E-1);
#8060=ORIENTED_EDGE('',*,*,#5972,.T.);
#8061=ORIENTED_EDGE('',*,*,#8050,.F.);
#8062=ORIENTED_EDGE('',*,*,#6800,.F.);
#8063=ORIENTED_EDGE('',*,*,#8047,.T.);
#8064=EDGE_LOOP('',(#8060,#8061,#8062,#8063));
#8065=FACE_OUTER_BOUND('',#8064,.F.);
#8066=ADVANCED_FACE('',(#8065),#8059,.F.);
#8067=CARTESIAN_POINT('',(2.571619724391E1,-1.481E2,5.124049001470E1));
#8068=DIRECTION('',(0.E0,1.E0,0.E0));
#8069=DIRECTION('',(5.E-1,0.E0,8.660254037844E-1));
#8070=AXIS2_PLACEMENT_3D('',#8067,#8068,#8069);
#8071=CYLINDRICAL_SURFACE('',#8070,1.5E-1);
#8072=ORIENTED_EDGE('',*,*,#5976,.T.);
#8074=ORIENTED_EDGE('',*,*,#8073,.F.);
#8075=ORIENTED_EDGE('',*,*,#6804,.F.);
#8077=ORIENTED_EDGE('',*,*,#8076,.T.);
#8078=EDGE_LOOP('',(#8072,#8074,#8075,#8077));
#8079=FACE_OUTER_BOUND('',#8078,.F.);
#8080=ADVANCED_FACE('',(#8079),#8071,.F.);
#8081=CARTESIAN_POINT('',(2.571619724391E1,-1.481E2,5.124049001470E1));
#8082=DIRECTION('',(0.E0,1.E0,0.E0));
#8083=DIRECTION('',(5.E-1,0.E0,8.660254037844E-1));
#8084=AXIS2_PLACEMENT_3D('',#8081,#8082,#8083);
#8085=CYLINDRICAL_SURFACE('',#8084,1.5E-1);
#8086=ORIENTED_EDGE('',*,*,#5978,.T.);
#8087=ORIENTED_EDGE('',*,*,#8076,.F.);
#8088=ORIENTED_EDGE('',*,*,#6806,.F.);
#8089=ORIENTED_EDGE('',*,*,#8073,.T.);
#8090=EDGE_LOOP('',(#8086,#8087,#8088,#8089));
#8091=FACE_OUTER_BOUND('',#8090,.F.);
#8092=ADVANCED_FACE('',(#8091),#8085,.F.);
#8093=CARTESIAN_POINT('',(2.609727783775E1,-1.481E2,5.092072542896E1));
#8094=DIRECTION('',(0.E0,1.E0,0.E0));
#8095=DIRECTION('',(7.660444431190E-1,0.E0,6.427876096865E-1));
#8096=AXIS2_PLACEMENT_3D('',#8093,#8094,#8095);
#8097=CYLINDRICAL_SURFACE('',#8096,1.5E-1);
#8098=ORIENTED_EDGE('',*,*,#5982,.T.);
#8100=ORIENTED_EDGE('',*,*,#8099,.F.);
#8101=ORIENTED_EDGE('',*,*,#6810,.F.);
#8103=ORIENTED_EDGE('',*,*,#8102,.T.);
#8104=EDGE_LOOP('',(#8098,#8100,#8101,#8103));
#8105=FACE_OUTER_BOUND('',#8104,.F.);
#8106=ADVANCED_FACE('',(#8105),#8097,.F.);
#8107=CARTESIAN_POINT('',(2.609727783775E1,-1.481E2,5.092072542896E1));
#8108=DIRECTION('',(0.E0,1.E0,0.E0));
#8109=DIRECTION('',(7.660444431190E-1,0.E0,6.427876096865E-1));
#8110=AXIS2_PLACEMENT_3D('',#8107,#8108,#8109);
#8111=CYLINDRICAL_SURFACE('',#8110,1.5E-1);
#8112=ORIENTED_EDGE('',*,*,#5984,.T.);
#8113=ORIENTED_EDGE('',*,*,#8102,.F.);
#8114=ORIENTED_EDGE('',*,*,#6812,.F.);
#8115=ORIENTED_EDGE('',*,*,#8099,.T.);
#8116=EDGE_LOOP('',(#8112,#8113,#8114,#8115));
#8117=FACE_OUTER_BOUND('',#8116,.F.);
#8118=ADVANCED_FACE('',(#8117),#8111,.F.);
#8119=CARTESIAN_POINT('',(2.634601053027E1,-1.481E2,5.048990776803E1));
#8120=DIRECTION('',(0.E0,1.E0,0.E0));
#8121=DIRECTION('',(9.396926207859E-1,0.E0,3.420201433257E-1));
#8122=AXIS2_PLACEMENT_3D('',#8119,#8120,#8121);
#8123=CYLINDRICAL_SURFACE('',#8122,1.5E-1);
#8124=ORIENTED_EDGE('',*,*,#5988,.T.);
#8126=ORIENTED_EDGE('',*,*,#8125,.F.);
#8127=ORIENTED_EDGE('',*,*,#6816,.F.);
#8129=ORIENTED_EDGE('',*,*,#8128,.T.);
#8130=EDGE_LOOP('',(#8124,#8126,#8127,#8129));
#8131=FACE_OUTER_BOUND('',#8130,.F.);
#8132=ADVANCED_FACE('',(#8131),#8123,.F.);
#8133=CARTESIAN_POINT('',(2.634601053027E1,-1.481E2,5.048990776803E1));
#8134=DIRECTION('',(0.E0,1.E0,0.E0));
#8135=DIRECTION('',(9.396926207859E-1,0.E0,3.420201433257E-1));
#8136=AXIS2_PLACEMENT_3D('',#8133,#8134,#8135);
#8137=CYLINDRICAL_SURFACE('',#8136,1.5E-1);
#8138=ORIENTED_EDGE('',*,*,#5990,.T.);
#8139=ORIENTED_EDGE('',*,*,#8128,.F.);
#8140=ORIENTED_EDGE('',*,*,#6818,.F.);
#8141=ORIENTED_EDGE('',*,*,#8125,.T.);
#8142=EDGE_LOOP('',(#8138,#8139,#8140,#8141));
#8143=FACE_OUTER_BOUND('',#8142,.F.);
#8144=ADVANCED_FACE('',(#8143),#8137,.F.);
#8145=CARTESIAN_POINT('',(2.643239448783E1,-1.481E2,5.E1));
#8146=DIRECTION('',(0.E0,1.E0,0.E0));
#8147=DIRECTION('',(1.E0,0.E0,0.E0));
#8148=AXIS2_PLACEMENT_3D('',#8145,#8146,#8147);
#8149=CYLINDRICAL_SURFACE('',#8148,1.5E-1);
#8150=ORIENTED_EDGE('',*,*,#5994,.T.);
#8152=ORIENTED_EDGE('',*,*,#8151,.F.);
#8153=ORIENTED_EDGE('',*,*,#6822,.F.);
#8155=ORIENTED_EDGE('',*,*,#8154,.T.);
#8156=EDGE_LOOP('',(#8150,#8152,#8153,#8155));
#8157=FACE_OUTER_BOUND('',#8156,.F.);
#8158=ADVANCED_FACE('',(#8157),#8149,.F.);
#8159=CARTESIAN_POINT('',(2.643239448783E1,-1.481E2,5.E1));
#8160=DIRECTION('',(0.E0,1.E0,0.E0));
#8161=DIRECTION('',(1.E0,0.E0,0.E0));
#8162=AXIS2_PLACEMENT_3D('',#8159,#8160,#8161);
#8163=CYLINDRICAL_SURFACE('',#8162,1.5E-1);
#8164=ORIENTED_EDGE('',*,*,#5996,.T.);
#8165=ORIENTED_EDGE('',*,*,#8154,.F.);
#8166=ORIENTED_EDGE('',*,*,#6824,.F.);
#8167=ORIENTED_EDGE('',*,*,#8151,.T.);
#8168=EDGE_LOOP('',(#8164,#8165,#8166,#8167));
#8169=FACE_OUTER_BOUND('',#8168,.F.);
#8170=ADVANCED_FACE('',(#8169),#8163,.F.);
#8171=CARTESIAN_POINT('',(2.634601053027E1,-1.481E2,4.951009223197E1));
#8172=DIRECTION('',(0.E0,1.E0,0.E0));
#8173=DIRECTION('',(9.396926207859E-1,0.E0,-3.420201433257E-1));
#8174=AXIS2_PLACEMENT_3D('',#8171,#8172,#8173);
#8175=CYLINDRICAL_SURFACE('',#8174,1.5E-1);
#8176=ORIENTED_EDGE('',*,*,#6000,.T.);
#8178=ORIENTED_EDGE('',*,*,#8177,.F.);
#8179=ORIENTED_EDGE('',*,*,#6828,.F.);
#8181=ORIENTED_EDGE('',*,*,#8180,.T.);
#8182=EDGE_LOOP('',(#8176,#8178,#8179,#8181));
#8183=FACE_OUTER_BOUND('',#8182,.F.);
#8184=ADVANCED_FACE('',(#8183),#8175,.F.);
#8185=CARTESIAN_POINT('',(2.634601053027E1,-1.481E2,4.951009223197E1));
#8186=DIRECTION('',(0.E0,1.E0,0.E0));
#8187=DIRECTION('',(9.396926207859E-1,0.E0,-3.420201433257E-1));
#8188=AXIS2_PLACEMENT_3D('',#8185,#8186,#8187);
#8189=CYLINDRICAL_SURFACE('',#8188,1.5E-1);
#8190=ORIENTED_EDGE('',*,*,#6002,.T.);
#8191=ORIENTED_EDGE('',*,*,#8180,.F.);
#8192=ORIENTED_EDGE('',*,*,#6830,.F.);
#8193=ORIENTED_EDGE('',*,*,#8177,.T.);
#8194=EDGE_LOOP('',(#8190,#8191,#8192,#8193));
#8195=FACE_OUTER_BOUND('',#8194,.F.);
#8196=ADVANCED_FACE('',(#8195),#8189,.F.);
#8197=CARTESIAN_POINT('',(2.609727783775E1,-1.481E2,4.907927457104E1));
#8198=DIRECTION('',(0.E0,1.E0,0.E0));
#8199=DIRECTION('',(7.660444431190E-1,0.E0,-6.427876096865E-1));
#8200=AXIS2_PLACEMENT_3D('',#8197,#8198,#8199);
#8201=CYLINDRICAL_SURFACE('',#8200,1.5E-1);
#8202=ORIENTED_EDGE('',*,*,#6006,.T.);
#8204=ORIENTED_EDGE('',*,*,#8203,.F.);
#8205=ORIENTED_EDGE('',*,*,#6834,.F.);
#8207=ORIENTED_EDGE('',*,*,#8206,.T.);
#8208=EDGE_LOOP('',(#8202,#8204,#8205,#8207));
#8209=FACE_OUTER_BOUND('',#8208,.F.);
#8210=ADVANCED_FACE('',(#8209),#8201,.F.);
#8211=CARTESIAN_POINT('',(2.609727783775E1,-1.481E2,4.907927457104E1));
#8212=DIRECTION('',(0.E0,1.E0,0.E0));
#8213=DIRECTION('',(7.660444431190E-1,0.E0,-6.427876096865E-1));
#8214=AXIS2_PLACEMENT_3D('',#8211,#8212,#8213);
#8215=CYLINDRICAL_SURFACE('',#8214,1.5E-1);
#8216=ORIENTED_EDGE('',*,*,#6008,.T.);
#8217=ORIENTED_EDGE('',*,*,#8206,.F.);
#8218=ORIENTED_EDGE('',*,*,#6836,.F.);
#8219=ORIENTED_EDGE('',*,*,#8203,.T.);
#8220=EDGE_LOOP('',(#8216,#8217,#8218,#8219));
#8221=FACE_OUTER_BOUND('',#8220,.F.);
#8222=ADVANCED_FACE('',(#8221),#8215,.F.);
#8223=CARTESIAN_POINT('',(2.571619724391E1,-1.481E2,4.875950998530E1));
#8224=DIRECTION('',(0.E0,1.E0,0.E0));
#8225=DIRECTION('',(5.E-1,0.E0,-8.660254037844E-1));
#8226=AXIS2_PLACEMENT_3D('',#8223,#8224,#8225);
#8227=CYLINDRICAL_SURFACE('',#8226,1.5E-1);
#8228=ORIENTED_EDGE('',*,*,#6012,.T.);
#8230=ORIENTED_EDGE('',*,*,#8229,.F.);
#8231=ORIENTED_EDGE('',*,*,#6840,.F.);
#8233=ORIENTED_EDGE('',*,*,#8232,.T.);
#8234=EDGE_LOOP('',(#8228,#8230,#8231,#8233));
#8235=FACE_OUTER_BOUND('',#8234,.F.);
#8236=ADVANCED_FACE('',(#8235),#8227,.F.);
#8237=CARTESIAN_POINT('',(2.571619724391E1,-1.481E2,4.875950998530E1));
#8238=DIRECTION('',(0.E0,1.E0,0.E0));
#8239=DIRECTION('',(5.E-1,0.E0,-8.660254037844E-1));
#8240=AXIS2_PLACEMENT_3D('',#8237,#8238,#8239);
#8241=CYLINDRICAL_SURFACE('',#8240,1.5E-1);
#8242=ORIENTED_EDGE('',*,*,#6014,.T.);
#8243=ORIENTED_EDGE('',*,*,#8232,.F.);
#8244=ORIENTED_EDGE('',*,*,#6842,.F.);
#8245=ORIENTED_EDGE('',*,*,#8229,.T.);
#8246=EDGE_LOOP('',(#8242,#8243,#8244,#8245));
#8247=FACE_OUTER_BOUND('',#8246,.F.);
#8248=ADVANCED_FACE('',(#8247),#8241,.F.);
#8249=CARTESIAN_POINT('',(2.524873269251E1,-1.481E2,4.858936680302E1));
#8250=DIRECTION('',(0.E0,1.E0,0.E0));
#8251=DIRECTION('',(1.736481776669E-1,0.E0,-9.848077530122E-1));
#8252=AXIS2_PLACEMENT_3D('',#8249,#8250,#8251);
#8253=CYLINDRICAL_SURFACE('',#8252,1.5E-1);
#8254=ORIENTED_EDGE('',*,*,#6018,.T.);
#8256=ORIENTED_EDGE('',*,*,#8255,.F.);
#8257=ORIENTED_EDGE('',*,*,#6846,.F.);
#8259=ORIENTED_EDGE('',*,*,#8258,.T.);
#8260=EDGE_LOOP('',(#8254,#8256,#8257,#8259));
#8261=FACE_OUTER_BOUND('',#8260,.F.);
#8262=ADVANCED_FACE('',(#8261),#8253,.F.);
#8263=CARTESIAN_POINT('',(2.524873269251E1,-1.481E2,4.858936680302E1));
#8264=DIRECTION('',(0.E0,1.E0,0.E0));
#8265=DIRECTION('',(1.736481776669E-1,0.E0,-9.848077530122E-1));
#8266=AXIS2_PLACEMENT_3D('',#8263,#8264,#8265);
#8267=CYLINDRICAL_SURFACE('',#8266,1.5E-1);
#8268=ORIENTED_EDGE('',*,*,#6020,.T.);
#8269=ORIENTED_EDGE('',*,*,#8258,.F.);
#8270=ORIENTED_EDGE('',*,*,#6848,.F.);
#8271=ORIENTED_EDGE('',*,*,#8255,.T.);
#8272=EDGE_LOOP('',(#8268,#8269,#8270,#8271));
#8273=FACE_OUTER_BOUND('',#8272,.F.);
#8274=ADVANCED_FACE('',(#8273),#8267,.F.);
#8275=CARTESIAN_POINT('',(2.475126730749E1,-1.481E2,4.858936680302E1));
#8276=DIRECTION('',(0.E0,1.E0,0.E0));
#8277=DIRECTION('',(-1.736481776669E-1,0.E0,-9.848077530122E-1));
#8278=AXIS2_PLACEMENT_3D('',#8275,#8276,#8277);
#8279=CYLINDRICAL_SURFACE('',#8278,1.5E-1);
#8280=ORIENTED_EDGE('',*,*,#6024,.T.);
#8282=ORIENTED_EDGE('',*,*,#8281,.F.);
#8283=ORIENTED_EDGE('',*,*,#6852,.F.);
#8285=ORIENTED_EDGE('',*,*,#8284,.T.);
#8286=EDGE_LOOP('',(#8280,#8282,#8283,#8285));
#8287=FACE_OUTER_BOUND('',#8286,.F.);
#8288=ADVANCED_FACE('',(#8287),#8279,.F.);
#8289=CARTESIAN_POINT('',(2.475126730749E1,-1.481E2,4.858936680302E1));
#8290=DIRECTION('',(0.E0,1.E0,0.E0));
#8291=DIRECTION('',(-1.736481776669E-1,0.E0,-9.848077530122E-1));
#8292=AXIS2_PLACEMENT_3D('',#8289,#8290,#8291);
#8293=CYLINDRICAL_SURFACE('',#8292,1.5E-1);
#8294=ORIENTED_EDGE('',*,*,#6026,.T.);
#8295=ORIENTED_EDGE('',*,*,#8284,.F.);
#8296=ORIENTED_EDGE('',*,*,#6854,.F.);
#8297=ORIENTED_EDGE('',*,*,#8281,.T.);
#8298=EDGE_LOOP('',(#8294,#8295,#8296,#8297));
#8299=FACE_OUTER_BOUND('',#8298,.F.);
#8300=ADVANCED_FACE('',(#8299),#8293,.F.);
#8301=CARTESIAN_POINT('',(2.428380275609E1,-1.481E2,4.875950998530E1));
#8302=DIRECTION('',(0.E0,1.E0,0.E0));
#8303=DIRECTION('',(-5.E-1,0.E0,-8.660254037844E-1));
#8304=AXIS2_PLACEMENT_3D('',#8301,#8302,#8303);
#8305=CYLINDRICAL_SURFACE('',#8304,1.5E-1);
#8306=ORIENTED_EDGE('',*,*,#6030,.T.);
#8308=ORIENTED_EDGE('',*,*,#8307,.F.);
#8309=ORIENTED_EDGE('',*,*,#6858,.F.);
#8311=ORIENTED_EDGE('',*,*,#8310,.T.);
#8312=EDGE_LOOP('',(#8306,#8308,#8309,#8311));
#8313=FACE_OUTER_BOUND('',#8312,.F.);
#8314=ADVANCED_FACE('',(#8313),#8305,.F.);
#8315=CARTESIAN_POINT('',(2.428380275609E1,-1.481E2,4.875950998530E1));
#8316=DIRECTION('',(0.E0,1.E0,0.E0));
#8317=DIRECTION('',(-5.E-1,0.E0,-8.660254037844E-1));
#8318=AXIS2_PLACEMENT_3D('',#8315,#8316,#8317);
#8319=CYLINDRICAL_SURFACE('',#8318,1.5E-1);
#8320=ORIENTED_EDGE('',*,*,#6032,.T.);
#8321=ORIENTED_EDGE('',*,*,#8310,.F.);
#8322=ORIENTED_EDGE('',*,*,#6860,.F.);
#8323=ORIENTED_EDGE('',*,*,#8307,.T.);
#8324=EDGE_LOOP('',(#8320,#8321,#8322,#8323));
#8325=FACE_OUTER_BOUND('',#8324,.F.);
#8326=ADVANCED_FACE('',(#8325),#8319,.F.);
#8327=CARTESIAN_POINT('',(2.390272216225E1,-1.481E2,4.907927457104E1));
#8328=DIRECTION('',(0.E0,1.E0,0.E0));
#8329=DIRECTION('',(-7.660444431190E-1,0.E0,-6.427876096865E-1));
#8330=AXIS2_PLACEMENT_3D('',#8327,#8328,#8329);
#8331=CYLINDRICAL_SURFACE('',#8330,1.5E-1);
#8332=ORIENTED_EDGE('',*,*,#6036,.T.);
#8334=ORIENTED_EDGE('',*,*,#8333,.F.);
#8335=ORIENTED_EDGE('',*,*,#6864,.F.);
#8337=ORIENTED_EDGE('',*,*,#8336,.T.);
#8338=EDGE_LOOP('',(#8332,#8334,#8335,#8337));
#8339=FACE_OUTER_BOUND('',#8338,.F.);
#8340=ADVANCED_FACE('',(#8339),#8331,.F.);
#8341=CARTESIAN_POINT('',(2.390272216225E1,-1.481E2,4.907927457104E1));
#8342=DIRECTION('',(0.E0,1.E0,0.E0));
#8343=DIRECTION('',(-7.660444431190E-1,0.E0,-6.427876096865E-1));
#8344=AXIS2_PLACEMENT_3D('',#8341,#8342,#8343);
#8345=CYLINDRICAL_SURFACE('',#8344,1.5E-1);
#8346=ORIENTED_EDGE('',*,*,#6038,.T.);
#8347=ORIENTED_EDGE('',*,*,#8336,.F.);
#8348=ORIENTED_EDGE('',*,*,#6866,.F.);
#8349=ORIENTED_EDGE('',*,*,#8333,.T.);
#8350=EDGE_LOOP('',(#8346,#8347,#8348,#8349));
#8351=FACE_OUTER_BOUND('',#8350,.F.);
#8352=ADVANCED_FACE('',(#8351),#8345,.F.);
#8353=CARTESIAN_POINT('',(2.365398946973E1,-1.481E2,4.951009223197E1));
#8354=DIRECTION('',(0.E0,1.E0,0.E0));
#8355=DIRECTION('',(-9.396926207859E-1,0.E0,-3.420201433257E-1));
#8356=AXIS2_PLACEMENT_3D('',#8353,#8354,#8355);
#8357=CYLINDRICAL_SURFACE('',#8356,1.5E-1);
#8358=ORIENTED_EDGE('',*,*,#6042,.T.);
#8360=ORIENTED_EDGE('',*,*,#8359,.F.);
#8361=ORIENTED_EDGE('',*,*,#6870,.F.);
#8363=ORIENTED_EDGE('',*,*,#8362,.T.);
#8364=EDGE_LOOP('',(#8358,#8360,#8361,#8363));
#8365=FACE_OUTER_BOUND('',#8364,.F.);
#8366=ADVANCED_FACE('',(#8365),#8357,.F.);
#8367=CARTESIAN_POINT('',(2.365398946973E1,-1.481E2,4.951009223197E1));
#8368=DIRECTION('',(0.E0,1.E0,0.E0));
#8369=DIRECTION('',(-9.396926207859E-1,0.E0,-3.420201433257E-1));
#8370=AXIS2_PLACEMENT_3D('',#8367,#8368,#8369);
#8371=CYLINDRICAL_SURFACE('',#8370,1.5E-1);
#8372=ORIENTED_EDGE('',*,*,#6044,.T.);
#8373=ORIENTED_EDGE('',*,*,#8362,.F.);
#8374=ORIENTED_EDGE('',*,*,#6872,.F.);
#8375=ORIENTED_EDGE('',*,*,#8359,.T.);
#8376=EDGE_LOOP('',(#8372,#8373,#8374,#8375));
#8377=FACE_OUTER_BOUND('',#8376,.F.);
#8378=ADVANCED_FACE('',(#8377),#8371,.F.);
#8379=CARTESIAN_POINT('',(2.309014068290E1,-1.481E2,5.E1));
#8380=DIRECTION('',(0.E0,1.E0,0.E0));
#8381=DIRECTION('',(-1.E0,0.E0,0.E0));
#8382=AXIS2_PLACEMENT_3D('',#8379,#8380,#8381);
#8383=CYLINDRICAL_SURFACE('',#8382,1.5E-1);
#8384=ORIENTED_EDGE('',*,*,#6048,.T.);
#8386=ORIENTED_EDGE('',*,*,#8385,.F.);
#8387=ORIENTED_EDGE('',*,*,#6876,.F.);
#8389=ORIENTED_EDGE('',*,*,#8388,.T.);
#8390=EDGE_LOOP('',(#8384,#8386,#8387,#8389));
#8391=FACE_OUTER_BOUND('',#8390,.F.);
#8392=ADVANCED_FACE('',(#8391),#8383,.F.);
#8393=CARTESIAN_POINT('',(2.309014068290E1,-1.481E2,5.E1));
#8394=DIRECTION('',(0.E0,1.E0,0.E0));
#8395=DIRECTION('',(-1.E0,0.E0,0.E0));
#8396=AXIS2_PLACEMENT_3D('',#8393,#8394,#8395);
#8397=CYLINDRICAL_SURFACE('',#8396,1.5E-1);
#8398=ORIENTED_EDGE('',*,*,#6050,.T.);
#8399=ORIENTED_EDGE('',*,*,#8388,.F.);
#8400=ORIENTED_EDGE('',*,*,#6878,.F.);
#8401=ORIENTED_EDGE('',*,*,#8385,.T.);
#8402=EDGE_LOOP('',(#8398,#8399,#8400,#8401));
#8403=FACE_OUTER_BOUND('',#8402,.F.);
#8404=ADVANCED_FACE('',(#8403),#8397,.F.);
#8405=CARTESIAN_POINT('',(2.315521756103E1,-1.481E2,5.049430796473E1));
#8406=DIRECTION('',(0.E0,1.E0,0.E0));
#8407=DIRECTION('',(-9.659258262891E-1,0.E0,2.588190451025E-1));
#8408=AXIS2_PLACEMENT_3D('',#8405,#8406,#8407);
#8409=CYLINDRICAL_SURFACE('',#8408,1.5E-1);
#8410=ORIENTED_EDGE('',*,*,#6054,.T.);
#8412=ORIENTED_EDGE('',*,*,#8411,.F.);
#8413=ORIENTED_EDGE('',*,*,#6882,.F.);
#8415=ORIENTED_EDGE('',*,*,#8414,.T.);
#8416=EDGE_LOOP('',(#8410,#8412,#8413,#8415));
#8417=FACE_OUTER_BOUND('',#8416,.F.);
#8418=ADVANCED_FACE('',(#8417),#8409,.F.);
#8419=CARTESIAN_POINT('',(2.315521756103E1,-1.481E2,5.049430796473E1));
#8420=DIRECTION('',(0.E0,1.E0,0.E0));
#8421=DIRECTION('',(-9.659258262891E-1,0.E0,2.588190451025E-1));
#8422=AXIS2_PLACEMENT_3D('',#8419,#8420,#8421);
#8423=CYLINDRICAL_SURFACE('',#8422,1.5E-1);
#8424=ORIENTED_EDGE('',*,*,#6056,.T.);
#8425=ORIENTED_EDGE('',*,*,#8414,.F.);
#8426=ORIENTED_EDGE('',*,*,#6884,.F.);
#8427=ORIENTED_EDGE('',*,*,#8411,.T.);
#8428=EDGE_LOOP('',(#8424,#8425,#8426,#8427));
#8429=FACE_OUTER_BOUND('',#8428,.F.);
#8430=ADVANCED_FACE('',(#8429),#8423,.F.);
#8431=CARTESIAN_POINT('',(2.334601331373E1,-1.481E2,5.095492965855E1));
#8432=DIRECTION('',(0.E0,1.E0,0.E0));
#8433=DIRECTION('',(-8.660254037844E-1,0.E0,5.E-1));
#8434=AXIS2_PLACEMENT_3D('',#8431,#8432,#8433);
#8435=CYLINDRICAL_SURFACE('',#8434,1.5E-1);
#8436=ORIENTED_EDGE('',*,*,#6060,.T.);
#8438=ORIENTED_EDGE('',*,*,#8437,.F.);
#8439=ORIENTED_EDGE('',*,*,#6888,.F.);
#8441=ORIENTED_EDGE('',*,*,#8440,.T.);
#8442=EDGE_LOOP('',(#8436,#8438,#8439,#8441));
#8443=FACE_OUTER_BOUND('',#8442,.F.);
#8444=ADVANCED_FACE('',(#8443),#8435,.F.);
#8445=CARTESIAN_POINT('',(2.334601331373E1,-1.481E2,5.095492965855E1));
#8446=DIRECTION('',(0.E0,1.E0,0.E0));
#8447=DIRECTION('',(-8.660254037844E-1,0.E0,5.E-1));
#8448=AXIS2_PLACEMENT_3D('',#8445,#8446,#8447);
#8449=CYLINDRICAL_SURFACE('',#8448,1.5E-1);
#8450=ORIENTED_EDGE('',*,*,#6062,.T.);
#8451=ORIENTED_EDGE('',*,*,#8440,.F.);
#8452=ORIENTED_EDGE('',*,*,#6890,.F.);
#8453=ORIENTED_EDGE('',*,*,#8437,.T.);
#8454=EDGE_LOOP('',(#8450,#8451,#8452,#8453));
#8455=FACE_OUTER_BOUND('',#8454,.F.);
#8456=ADVANCED_FACE('',(#8455),#8449,.F.);
#8457=CARTESIAN_POINT('',(2.364952552576E1,-1.481E2,5.135047447424E1));
#8458=DIRECTION('',(0.E0,1.E0,0.E0));
#8459=DIRECTION('',(-7.071067811865E-1,0.E0,7.071067811865E-1));
#8460=AXIS2_PLACEMENT_3D('',#8457,#8458,#8459);
#8461=CYLINDRICAL_SURFACE('',#8460,1.5E-1);
#8462=ORIENTED_EDGE('',*,*,#6066,.T.);
#8464=ORIENTED_EDGE('',*,*,#8463,.F.);
#8465=ORIENTED_EDGE('',*,*,#6894,.F.);
#8467=ORIENTED_EDGE('',*,*,#8466,.T.);
#8468=EDGE_LOOP('',(#8462,#8464,#8465,#8467));
#8469=FACE_OUTER_BOUND('',#8468,.F.);
#8470=ADVANCED_FACE('',(#8469),#8461,.F.);
#8471=CARTESIAN_POINT('',(2.364952552576E1,-1.481E2,5.135047447424E1));
#8472=DIRECTION('',(0.E0,1.E0,0.E0));
#8473=DIRECTION('',(-7.071067811865E-1,0.E0,7.071067811865E-1));
#8474=AXIS2_PLACEMENT_3D('',#8471,#8472,#8473);
#8475=CYLINDRICAL_SURFACE('',#8474,1.5E-1);
#8476=ORIENTED_EDGE('',*,*,#6068,.T.);
#8477=ORIENTED_EDGE('',*,*,#8466,.F.);
#8478=ORIENTED_EDGE('',*,*,#6896,.F.);
#8479=ORIENTED_EDGE('',*,*,#8463,.T.);
#8480=EDGE_LOOP('',(#8476,#8477,#8478,#8479));
#8481=FACE_OUTER_BOUND('',#8480,.F.);
#8482=ADVANCED_FACE('',(#8481),#8475,.F.);
#8483=CARTESIAN_POINT('',(2.404507034145E1,-1.481E2,5.165398668627E1));
#8484=DIRECTION('',(0.E0,1.E0,0.E0));
#8485=DIRECTION('',(-5.E-1,0.E0,8.660254037844E-1));
#8486=AXIS2_PLACEMENT_3D('',#8483,#8484,#8485);
#8487=CYLINDRICAL_SURFACE('',#8486,1.5E-1);
#8488=ORIENTED_EDGE('',*,*,#6072,.T.);
#8490=ORIENTED_EDGE('',*,*,#8489,.F.);
#8491=ORIENTED_EDGE('',*,*,#6900,.F.);
#8493=ORIENTED_EDGE('',*,*,#8492,.T.);
#8494=EDGE_LOOP('',(#8488,#8490,#8491,#8493));
#8495=FACE_OUTER_BOUND('',#8494,.F.);
#8496=ADVANCED_FACE('',(#8495),#8487,.F.);
#8497=CARTESIAN_POINT('',(2.404507034145E1,-1.481E2,5.165398668627E1));
#8498=DIRECTION('',(0.E0,1.E0,0.E0));
#8499=DIRECTION('',(-5.E-1,0.E0,8.660254037844E-1));
#8500=AXIS2_PLACEMENT_3D('',#8497,#8498,#8499);
#8501=CYLINDRICAL_SURFACE('',#8500,1.5E-1);
#8502=ORIENTED_EDGE('',*,*,#6074,.T.);
#8503=ORIENTED_EDGE('',*,*,#8492,.F.);
#8504=ORIENTED_EDGE('',*,*,#6902,.F.);
#8505=ORIENTED_EDGE('',*,*,#8489,.T.);
#8506=EDGE_LOOP('',(#8502,#8503,#8504,#8505));
#8507=FACE_OUTER_BOUND('',#8506,.F.);
#8508=ADVANCED_FACE('',(#8507),#8501,.F.);
#8509=CARTESIAN_POINT('',(2.450569203527E1,-1.481E2,5.184478243897E1));
#8510=DIRECTION('',(0.E0,1.E0,0.E0));
#8511=DIRECTION('',(-2.588190451025E-1,0.E0,9.659258262891E-1));
#8512=AXIS2_PLACEMENT_3D('',#8509,#8510,#8511);
#8513=CYLINDRICAL_SURFACE('',#8512,1.5E-1);
#8514=ORIENTED_EDGE('',*,*,#6078,.T.);
#8516=ORIENTED_EDGE('',*,*,#8515,.F.);
#8517=ORIENTED_EDGE('',*,*,#6906,.F.);
#8519=ORIENTED_EDGE('',*,*,#8518,.T.);
#8520=EDGE_LOOP('',(#8514,#8516,#8517,#8519));
#8521=FACE_OUTER_BOUND('',#8520,.F.);
#8522=ADVANCED_FACE('',(#8521),#8513,.F.);
#8523=CARTESIAN_POINT('',(2.450569203527E1,-1.481E2,5.184478243897E1));
#8524=DIRECTION('',(0.E0,1.E0,0.E0));
#8525=DIRECTION('',(-2.588190451025E-1,0.E0,9.659258262891E-1));
#8526=AXIS2_PLACEMENT_3D('',#8523,#8524,#8525);
#8527=CYLINDRICAL_SURFACE('',#8526,1.5E-1);
#8528=ORIENTED_EDGE('',*,*,#6080,.T.);
#8529=ORIENTED_EDGE('',*,*,#8518,.F.);
#8530=ORIENTED_EDGE('',*,*,#6908,.F.);
#8531=ORIENTED_EDGE('',*,*,#8515,.T.);
#8532=EDGE_LOOP('',(#8528,#8529,#8530,#8531));
#8533=FACE_OUTER_BOUND('',#8532,.F.);
#8534=ADVANCED_FACE('',(#8533),#8527,.F.);
#8535=CARTESIAN_POINT('',(2.5E1,-1.481E2,5.190985931710E1));
#8536=DIRECTION('',(0.E0,1.E0,0.E0));
#8537=DIRECTION('',(0.E0,0.E0,1.E0));
#8538=AXIS2_PLACEMENT_3D('',#8535,#8536,#8537);
#8539=CYLINDRICAL_SURFACE('',#8538,1.5E-1);
#8540=ORIENTED_EDGE('',*,*,#6084,.T.);
#8542=ORIENTED_EDGE('',*,*,#8541,.F.);
#8543=ORIENTED_EDGE('',*,*,#6912,.F.);
#8545=ORIENTED_EDGE('',*,*,#8544,.T.);
#8546=EDGE_LOOP('',(#8540,#8542,#8543,#8545));
#8547=FACE_OUTER_BOUND('',#8546,.F.);
#8548=ADVANCED_FACE('',(#8547),#8539,.F.);
#8549=CARTESIAN_POINT('',(2.5E1,-1.481E2,5.190985931710E1));
#8550=DIRECTION('',(0.E0,1.E0,0.E0));
#8551=DIRECTION('',(0.E0,0.E0,1.E0));
#8552=AXIS2_PLACEMENT_3D('',#8549,#8550,#8551);
#8553=CYLINDRICAL_SURFACE('',#8552,1.5E-1);
#8554=ORIENTED_EDGE('',*,*,#6086,.T.);
#8555=ORIENTED_EDGE('',*,*,#8544,.F.);
#8556=ORIENTED_EDGE('',*,*,#6914,.F.);
#8557=ORIENTED_EDGE('',*,*,#8541,.T.);
#8558=EDGE_LOOP('',(#8554,#8555,#8556,#8557));
#8559=FACE_OUTER_BOUND('',#8558,.F.);
#8560=ADVANCED_FACE('',(#8559),#8553,.F.);
#8561=CARTESIAN_POINT('',(2.549430796473E1,-1.481E2,5.184478243897E1));
#8562=DIRECTION('',(0.E0,1.E0,0.E0));
#8563=DIRECTION('',(2.588190451025E-1,0.E0,9.659258262891E-1));
#8564=AXIS2_PLACEMENT_3D('',#8561,#8562,#8563);
#8565=CYLINDRICAL_SURFACE('',#8564,1.5E-1);
#8566=ORIENTED_EDGE('',*,*,#6090,.T.);
#8568=ORIENTED_EDGE('',*,*,#8567,.F.);
#8569=ORIENTED_EDGE('',*,*,#6918,.F.);
#8571=ORIENTED_EDGE('',*,*,#8570,.T.);
#8572=EDGE_LOOP('',(#8566,#8568,#8569,#8571));
#8573=FACE_OUTER_BOUND('',#8572,.F.);
#8574=ADVANCED_FACE('',(#8573),#8565,.F.);
#8575=CARTESIAN_POINT('',(2.549430796473E1,-1.481E2,5.184478243897E1));
#8576=DIRECTION('',(0.E0,1.E0,0.E0));
#8577=DIRECTION('',(2.588190451025E-1,0.E0,9.659258262891E-1));
#8578=AXIS2_PLACEMENT_3D('',#8575,#8576,#8577);
#8579=CYLINDRICAL_SURFACE('',#8578,1.5E-1);
#8580=ORIENTED_EDGE('',*,*,#6092,.T.);
#8581=ORIENTED_EDGE('',*,*,#8570,.F.);
#8582=ORIENTED_EDGE('',*,*,#6920,.F.);
#8583=ORIENTED_EDGE('',*,*,#8567,.T.);
#8584=EDGE_LOOP('',(#8580,#8581,#8582,#8583));
#8585=FACE_OUTER_BOUND('',#8584,.F.);
#8586=ADVANCED_FACE('',(#8585),#8579,.F.);
#8587=CARTESIAN_POINT('',(2.595492965855E1,-1.481E2,5.165398668627E1));
#8588=DIRECTION('',(0.E0,1.E0,0.E0));
#8589=DIRECTION('',(5.E-1,0.E0,8.660254037844E-1));
#8590=AXIS2_PLACEMENT_3D('',#8587,#8588,#8589);
#8591=CYLINDRICAL_SURFACE('',#8590,1.5E-1);
#8592=ORIENTED_EDGE('',*,*,#6096,.T.);
#8594=ORIENTED_EDGE('',*,*,#8593,.F.);
#8595=ORIENTED_EDGE('',*,*,#6924,.F.);
#8597=ORIENTED_EDGE('',*,*,#8596,.T.);
#8598=EDGE_LOOP('',(#8592,#8594,#8595,#8597));
#8599=FACE_OUTER_BOUND('',#8598,.F.);
#8600=ADVANCED_FACE('',(#8599),#8591,.F.);
#8601=CARTESIAN_POINT('',(2.595492965855E1,-1.481E2,5.165398668627E1));
#8602=DIRECTION('',(0.E0,1.E0,0.E0));
#8603=DIRECTION('',(5.E-1,0.E0,8.660254037844E-1));
#8604=AXIS2_PLACEMENT_3D('',#8601,#8602,#8603);
#8605=CYLINDRICAL_SURFACE('',#8604,1.5E-1);
#8606=ORIENTED_EDGE('',*,*,#6098,.T.);
#8607=ORIENTED_EDGE('',*,*,#8596,.F.);
#8608=ORIENTED_EDGE('',*,*,#6926,.F.);
#8609=ORIENTED_EDGE('',*,*,#8593,.T.);
#8610=EDGE_LOOP('',(#8606,#8607,#8608,#8609));
#8611=FACE_OUTER_BOUND('',#8610,.F.);
#8612=ADVANCED_FACE('',(#8611),#8605,.F.);
#8613=CARTESIAN_POINT('',(2.635047447424E1,-1.481E2,5.135047447424E1));
#8614=DIRECTION('',(0.E0,1.E0,0.E0));
#8615=DIRECTION('',(7.071067811865E-1,0.E0,7.071067811865E-1));
#8616=AXIS2_PLACEMENT_3D('',#8613,#8614,#8615);
#8617=CYLINDRICAL_SURFACE('',#8616,1.5E-1);
#8618=ORIENTED_EDGE('',*,*,#6102,.T.);
#8620=ORIENTED_EDGE('',*,*,#8619,.F.);
#8621=ORIENTED_EDGE('',*,*,#6930,.F.);
#8623=ORIENTED_EDGE('',*,*,#8622,.T.);
#8624=EDGE_LOOP('',(#8618,#8620,#8621,#8623));
#8625=FACE_OUTER_BOUND('',#8624,.F.);
#8626=ADVANCED_FACE('',(#8625),#8617,.F.);
#8627=CARTESIAN_POINT('',(2.635047447424E1,-1.481E2,5.135047447424E1));
#8628=DIRECTION('',(0.E0,1.E0,0.E0));
#8629=DIRECTION('',(7.071067811865E-1,0.E0,7.071067811865E-1));
#8630=AXIS2_PLACEMENT_3D('',#8627,#8628,#8629);
#8631=CYLINDRICAL_SURFACE('',#8630,1.5E-1);
#8632=ORIENTED_EDGE('',*,*,#6104,.T.);
#8633=ORIENTED_EDGE('',*,*,#8622,.F.);
#8634=ORIENTED_EDGE('',*,*,#6932,.F.);
#8635=ORIENTED_EDGE('',*,*,#8619,.T.);
#8636=EDGE_LOOP('',(#8632,#8633,#8634,#8635));
#8637=FACE_OUTER_BOUND('',#8636,.F.);
#8638=ADVANCED_FACE('',(#8637),#8631,.F.);
#8639=CARTESIAN_POINT('',(2.665398668627E1,-1.481E2,5.095492965855E1));
#8640=DIRECTION('',(0.E0,1.E0,0.E0));
#8641=DIRECTION('',(8.660254037844E-1,0.E0,5.E-1));
#8642=AXIS2_PLACEMENT_3D('',#8639,#8640,#8641);
#8643=CYLINDRICAL_SURFACE('',#8642,1.5E-1);
#8644=ORIENTED_EDGE('',*,*,#6108,.T.);
#8646=ORIENTED_EDGE('',*,*,#8645,.F.);
#8647=ORIENTED_EDGE('',*,*,#6936,.F.);
#8649=ORIENTED_EDGE('',*,*,#8648,.T.);
#8650=EDGE_LOOP('',(#8644,#8646,#8647,#8649));
#8651=FACE_OUTER_BOUND('',#8650,.F.);
#8652=ADVANCED_FACE('',(#8651),#8643,.F.);
#8653=CARTESIAN_POINT('',(2.665398668627E1,-1.481E2,5.095492965855E1));
#8654=DIRECTION('',(0.E0,1.E0,0.E0));
#8655=DIRECTION('',(8.660254037844E-1,0.E0,5.E-1));
#8656=AXIS2_PLACEMENT_3D('',#8653,#8654,#8655);
#8657=CYLINDRICAL_SURFACE('',#8656,1.5E-1);
#8658=ORIENTED_EDGE('',*,*,#6110,.T.);
#8659=ORIENTED_EDGE('',*,*,#8648,.F.);
#8660=ORIENTED_EDGE('',*,*,#6938,.F.);
#8661=ORIENTED_EDGE('',*,*,#8645,.T.);
#8662=EDGE_LOOP('',(#8658,#8659,#8660,#8661));
#8663=FACE_OUTER_BOUND('',#8662,.F.);
#8664=ADVANCED_FACE('',(#8663),#8657,.F.);
#8665=CARTESIAN_POINT('',(2.684478243897E1,-1.481E2,5.049430796473E1));
#8666=DIRECTION('',(0.E0,1.E0,0.E0));
#8667=DIRECTION('',(9.659258262891E-1,0.E0,2.588190451025E-1));
#8668=AXIS2_PLACEMENT_3D('',#8665,#8666,#8667);
#8669=CYLINDRICAL_SURFACE('',#8668,1.5E-1);
#8670=ORIENTED_EDGE('',*,*,#6114,.T.);
#8672=ORIENTED_EDGE('',*,*,#8671,.F.);
#8673=ORIENTED_EDGE('',*,*,#6942,.F.);
#8675=ORIENTED_EDGE('',*,*,#8674,.T.);
#8676=EDGE_LOOP('',(#8670,#8672,#8673,#8675));
#8677=FACE_OUTER_BOUND('',#8676,.F.);
#8678=ADVANCED_FACE('',(#8677),#8669,.F.);
#8679=CARTESIAN_POINT('',(2.684478243897E1,-1.481E2,5.049430796473E1));
#8680=DIRECTION('',(0.E0,1.E0,0.E0));
#8681=DIRECTION('',(9.659258262891E-1,0.E0,2.588190451025E-1));
#8682=AXIS2_PLACEMENT_3D('',#8679,#8680,#8681);
#8683=CYLINDRICAL_SURFACE('',#8682,1.5E-1);
#8684=ORIENTED_EDGE('',*,*,#6116,.T.);
#8685=ORIENTED_EDGE('',*,*,#8674,.F.);
#8686=ORIENTED_EDGE('',*,*,#6944,.F.);
#8687=ORIENTED_EDGE('',*,*,#8671,.T.);
#8688=EDGE_LOOP('',(#8684,#8685,#8686,#8687));
#8689=FACE_OUTER_BOUND('',#8688,.F.);
#8690=ADVANCED_FACE('',(#8689),#8683,.F.);
#8691=CARTESIAN_POINT('',(2.690985931710E1,-1.481E2,5.E1));
#8692=DIRECTION('',(0.E0,1.E0,0.E0));
#8693=DIRECTION('',(1.E0,0.E0,0.E0));
#8694=AXIS2_PLACEMENT_3D('',#8691,#8692,#8693);
#8695=CYLINDRICAL_SURFACE('',#8694,1.5E-1);
#8696=ORIENTED_EDGE('',*,*,#6120,.T.);
#8698=ORIENTED_EDGE('',*,*,#8697,.F.);
#8699=ORIENTED_EDGE('',*,*,#6948,.F.);
#8701=ORIENTED_EDGE('',*,*,#8700,.T.);
#8702=EDGE_LOOP('',(#8696,#8698,#8699,#8701));
#8703=FACE_OUTER_BOUND('',#8702,.F.);
#8704=ADVANCED_FACE('',(#8703),#8695,.F.);
#8705=CARTESIAN_POINT('',(2.690985931710E1,-1.481E2,5.E1));
#8706=DIRECTION('',(0.E0,1.E0,0.E0));
#8707=DIRECTION('',(1.E0,0.E0,0.E0));
#8708=AXIS2_PLACEMENT_3D('',#8705,#8706,#8707);
#8709=CYLINDRICAL_SURFACE('',#8708,1.5E-1);
#8710=ORIENTED_EDGE('',*,*,#6122,.T.);
#8711=ORIENTED_EDGE('',*,*,#8700,.F.);
#8712=ORIENTED_EDGE('',*,*,#6950,.F.);
#8713=ORIENTED_EDGE('',*,*,#8697,.T.);
#8714=EDGE_LOOP('',(#8710,#8711,#8712,#8713));
#8715=FACE_OUTER_BOUND('',#8714,.F.);
#8716=ADVANCED_FACE('',(#8715),#8709,.F.);
#8717=CARTESIAN_POINT('',(2.684478243897E1,-1.481E2,4.950569203527E1));
#8718=DIRECTION('',(0.E0,1.E0,0.E0));
#8719=DIRECTION('',(9.659258262891E-1,0.E0,-2.588190451025E-1));
#8720=AXIS2_PLACEMENT_3D('',#8717,#8718,#8719);
#8721=CYLINDRICAL_SURFACE('',#8720,1.5E-1);
#8722=ORIENTED_EDGE('',*,*,#6126,.T.);
#8724=ORIENTED_EDGE('',*,*,#8723,.F.);
#8725=ORIENTED_EDGE('',*,*,#6954,.F.);
#8727=ORIENTED_EDGE('',*,*,#8726,.T.);
#8728=EDGE_LOOP('',(#8722,#8724,#8725,#8727));
#8729=FACE_OUTER_BOUND('',#8728,.F.);
#8730=ADVANCED_FACE('',(#8729),#8721,.F.);
#8731=CARTESIAN_POINT('',(2.684478243897E1,-1.481E2,4.950569203527E1));
#8732=DIRECTION('',(0.E0,1.E0,0.E0));
#8733=DIRECTION('',(9.659258262891E-1,0.E0,-2.588190451025E-1));
#8734=AXIS2_PLACEMENT_3D('',#8731,#8732,#8733);
#8735=CYLINDRICAL_SURFACE('',#8734,1.5E-1);
#8736=ORIENTED_EDGE('',*,*,#6128,.T.);
#8737=ORIENTED_EDGE('',*,*,#8726,.F.);
#8738=ORIENTED_EDGE('',*,*,#6956,.F.);
#8739=ORIENTED_EDGE('',*,*,#8723,.T.);
#8740=EDGE_LOOP('',(#8736,#8737,#8738,#8739));
#8741=FACE_OUTER_BOUND('',#8740,.F.);
#8742=ADVANCED_FACE('',(#8741),#8735,.F.);
#8743=CARTESIAN_POINT('',(2.665398668627E1,-1.481E2,4.904507034145E1));
#8744=DIRECTION('',(0.E0,1.E0,0.E0));
#8745=DIRECTION('',(8.660254037844E-1,0.E0,-5.E-1));
#8746=AXIS2_PLACEMENT_3D('',#8743,#8744,#8745);
#8747=CYLINDRICAL_SURFACE('',#8746,1.5E-1);
#8748=ORIENTED_EDGE('',*,*,#6132,.T.);
#8750=ORIENTED_EDGE('',*,*,#8749,.F.);
#8751=ORIENTED_EDGE('',*,*,#6960,.F.);
#8753=ORIENTED_EDGE('',*,*,#8752,.T.);
#8754=EDGE_LOOP('',(#8748,#8750,#8751,#8753));
#8755=FACE_OUTER_BOUND('',#8754,.F.);
#8756=ADVANCED_FACE('',(#8755),#8747,.F.);
#8757=CARTESIAN_POINT('',(2.665398668627E1,-1.481E2,4.904507034145E1));
#8758=DIRECTION('',(0.E0,1.E0,0.E0));
#8759=DIRECTION('',(8.660254037844E-1,0.E0,-5.E-1));
#8760=AXIS2_PLACEMENT_3D('',#8757,#8758,#8759);
#8761=CYLINDRICAL_SURFACE('',#8760,1.5E-1);
#8762=ORIENTED_EDGE('',*,*,#6134,.T.);
#8763=ORIENTED_EDGE('',*,*,#8752,.F.);
#8764=ORIENTED_EDGE('',*,*,#6962,.F.);
#8765=ORIENTED_EDGE('',*,*,#8749,.T.);
#8766=EDGE_LOOP('',(#8762,#8763,#8764,#8765));
#8767=FACE_OUTER_BOUND('',#8766,.F.);
#8768=ADVANCED_FACE('',(#8767),#8761,.F.);
#8769=CARTESIAN_POINT('',(2.635047447424E1,-1.481E2,4.864952552576E1));
#8770=DIRECTION('',(0.E0,1.E0,0.E0));
#8771=DIRECTION('',(7.071067811865E-1,0.E0,-7.071067811865E-1));
#8772=AXIS2_PLACEMENT_3D('',#8769,#8770,#8771);
#8773=CYLINDRICAL_SURFACE('',#8772,1.5E-1);
#8774=ORIENTED_EDGE('',*,*,#6138,.T.);
#8776=ORIENTED_EDGE('',*,*,#8775,.F.);
#8777=ORIENTED_EDGE('',*,*,#6966,.F.);
#8779=ORIENTED_EDGE('',*,*,#8778,.T.);
#8780=EDGE_LOOP('',(#8774,#8776,#8777,#8779));
#8781=FACE_OUTER_BOUND('',#8780,.F.);
#8782=ADVANCED_FACE('',(#8781),#8773,.F.);
#8783=CARTESIAN_POINT('',(2.635047447424E1,-1.481E2,4.864952552576E1));
#8784=DIRECTION('',(0.E0,1.E0,0.E0));
#8785=DIRECTION('',(7.071067811865E-1,0.E0,-7.071067811865E-1));
#8786=AXIS2_PLACEMENT_3D('',#8783,#8784,#8785);
#8787=CYLINDRICAL_SURFACE('',#8786,1.5E-1);
#8788=ORIENTED_EDGE('',*,*,#6140,.T.);
#8789=ORIENTED_EDGE('',*,*,#8778,.F.);
#8790=ORIENTED_EDGE('',*,*,#6968,.F.);
#8791=ORIENTED_EDGE('',*,*,#8775,.T.);
#8792=EDGE_LOOP('',(#8788,#8789,#8790,#8791));
#8793=FACE_OUTER_BOUND('',#8792,.F.);
#8794=ADVANCED_FACE('',(#8793),#8787,.F.);
#8795=CARTESIAN_POINT('',(2.595492965855E1,-1.481E2,4.834601331373E1));
#8796=DIRECTION('',(0.E0,1.E0,0.E0));
#8797=DIRECTION('',(5.E-1,0.E0,-8.660254037844E-1));
#8798=AXIS2_PLACEMENT_3D('',#8795,#8796,#8797);
#8799=CYLINDRICAL_SURFACE('',#8798,1.5E-1);
#8800=ORIENTED_EDGE('',*,*,#6144,.T.);
#8802=ORIENTED_EDGE('',*,*,#8801,.F.);
#8803=ORIENTED_EDGE('',*,*,#6972,.F.);
#8805=ORIENTED_EDGE('',*,*,#8804,.T.);
#8806=EDGE_LOOP('',(#8800,#8802,#8803,#8805));
#8807=FACE_OUTER_BOUND('',#8806,.F.);
#8808=ADVANCED_FACE('',(#8807),#8799,.F.);
#8809=CARTESIAN_POINT('',(2.595492965855E1,-1.481E2,4.834601331373E1));
#8810=DIRECTION('',(0.E0,1.E0,0.E0));
#8811=DIRECTION('',(5.E-1,0.E0,-8.660254037844E-1));
#8812=AXIS2_PLACEMENT_3D('',#8809,#8810,#8811);
#8813=CYLINDRICAL_SURFACE('',#8812,1.5E-1);
#8814=ORIENTED_EDGE('',*,*,#6146,.T.);
#8815=ORIENTED_EDGE('',*,*,#8804,.F.);
#8816=ORIENTED_EDGE('',*,*,#6974,.F.);
#8817=ORIENTED_EDGE('',*,*,#8801,.T.);
#8818=EDGE_LOOP('',(#8814,#8815,#8816,#8817));
#8819=FACE_OUTER_BOUND('',#8818,.F.);
#8820=ADVANCED_FACE('',(#8819),#8813,.F.);
#8821=CARTESIAN_POINT('',(2.549430796473E1,-1.481E2,4.815521756103E1));
#8822=DIRECTION('',(0.E0,1.E0,0.E0));
#8823=DIRECTION('',(2.588190451025E-1,0.E0,-9.659258262891E-1));
#8824=AXIS2_PLACEMENT_3D('',#8821,#8822,#8823);
#8825=CYLINDRICAL_SURFACE('',#8824,1.5E-1);
#8826=ORIENTED_EDGE('',*,*,#6150,.T.);
#8828=ORIENTED_EDGE('',*,*,#8827,.F.);
#8829=ORIENTED_EDGE('',*,*,#6978,.F.);
#8831=ORIENTED_EDGE('',*,*,#8830,.T.);
#8832=EDGE_LOOP('',(#8826,#8828,#8829,#8831));
#8833=FACE_OUTER_BOUND('',#8832,.F.);
#8834=ADVANCED_FACE('',(#8833),#8825,.F.);
#8835=CARTESIAN_POINT('',(2.549430796473E1,-1.481E2,4.815521756103E1));
#8836=DIRECTION('',(0.E0,1.E0,0.E0));
#8837=DIRECTION('',(2.588190451025E-1,0.E0,-9.659258262891E-1));
#8838=AXIS2_PLACEMENT_3D('',#8835,#8836,#8837);
#8839=CYLINDRICAL_SURFACE('',#8838,1.5E-1);
#8840=ORIENTED_EDGE('',*,*,#6152,.T.);
#8841=ORIENTED_EDGE('',*,*,#8830,.F.);
#8842=ORIENTED_EDGE('',*,*,#6980,.F.);
#8843=ORIENTED_EDGE('',*,*,#8827,.T.);
#8844=EDGE_LOOP('',(#8840,#8841,#8842,#8843));
#8845=FACE_OUTER_BOUND('',#8844,.F.);
#8846=ADVANCED_FACE('',(#8845),#8839,.F.);
#8847=CARTESIAN_POINT('',(2.5E1,-1.481E2,4.809014068290E1));
#8848=DIRECTION('',(0.E0,1.E0,0.E0));
#8849=DIRECTION('',(0.E0,0.E0,-1.E0));
#8850=AXIS2_PLACEMENT_3D('',#8847,#8848,#8849);
#8851=CYLINDRICAL_SURFACE('',#8850,1.5E-1);
#8852=ORIENTED_EDGE('',*,*,#6156,.T.);
#8854=ORIENTED_EDGE('',*,*,#8853,.F.);
#8855=ORIENTED_EDGE('',*,*,#6984,.F.);
#8857=ORIENTED_EDGE('',*,*,#8856,.T.);
#8858=EDGE_LOOP('',(#8852,#8854,#8855,#8857));
#8859=FACE_OUTER_BOUND('',#8858,.F.);
#8860=ADVANCED_FACE('',(#8859),#8851,.F.);
#8861=CARTESIAN_POINT('',(2.5E1,-1.481E2,4.809014068290E1));
#8862=DIRECTION('',(0.E0,1.E0,0.E0));
#8863=DIRECTION('',(0.E0,0.E0,-1.E0));
#8864=AXIS2_PLACEMENT_3D('',#8861,#8862,#8863);
#8865=CYLINDRICAL_SURFACE('',#8864,1.5E-1);
#8866=ORIENTED_EDGE('',*,*,#6158,.T.);
#8867=ORIENTED_EDGE('',*,*,#8856,.F.);
#8868=ORIENTED_EDGE('',*,*,#6986,.F.);
#8869=ORIENTED_EDGE('',*,*,#8853,.T.);
#8870=EDGE_LOOP('',(#8866,#8867,#8868,#8869));
#8871=FACE_OUTER_BOUND('',#8870,.F.);
#8872=ADVANCED_FACE('',(#8871),#8865,.F.);
#8873=CARTESIAN_POINT('',(2.450569203527E1,-1.481E2,4.815521756103E1));
#8874=DIRECTION('',(0.E0,1.E0,0.E0));
#8875=DIRECTION('',(-2.588190451025E-1,0.E0,-9.659258262891E-1));
#8876=AXIS2_PLACEMENT_3D('',#8873,#8874,#8875);
#8877=CYLINDRICAL_SURFACE('',#8876,1.5E-1);
#8878=ORIENTED_EDGE('',*,*,#6162,.T.);
#8880=ORIENTED_EDGE('',*,*,#8879,.F.);
#8881=ORIENTED_EDGE('',*,*,#6990,.F.);
#8883=ORIENTED_EDGE('',*,*,#8882,.T.);
#8884=EDGE_LOOP('',(#8878,#8880,#8881,#8883));
#8885=FACE_OUTER_BOUND('',#8884,.F.);
#8886=ADVANCED_FACE('',(#8885),#8877,.F.);
#8887=CARTESIAN_POINT('',(2.450569203527E1,-1.481E2,4.815521756103E1));
#8888=DIRECTION('',(0.E0,1.E0,0.E0));
#8889=DIRECTION('',(-2.588190451025E-1,0.E0,-9.659258262891E-1));
#8890=AXIS2_PLACEMENT_3D('',#8887,#8888,#8889);
#8891=CYLINDRICAL_SURFACE('',#8890,1.5E-1);
#8892=ORIENTED_EDGE('',*,*,#6164,.T.);
#8893=ORIENTED_EDGE('',*,*,#8882,.F.);
#8894=ORIENTED_EDGE('',*,*,#6992,.F.);
#8895=ORIENTED_EDGE('',*,*,#8879,.T.);
#8896=EDGE_LOOP('',(#8892,#8893,#8894,#8895));
#8897=FACE_OUTER_BOUND('',#8896,.F.);
#8898=ADVANCED_FACE('',(#8897),#8891,.F.);
#8899=CARTESIAN_POINT('',(2.404507034145E1,-1.481E2,4.834601331373E1));
#8900=DIRECTION('',(0.E0,1.E0,0.E0));
#8901=DIRECTION('',(-5.E-1,0.E0,-8.660254037844E-1));
#8902=AXIS2_PLACEMENT_3D('',#8899,#8900,#8901);
#8903=CYLINDRICAL_SURFACE('',#8902,1.5E-1);
#8904=ORIENTED_EDGE('',*,*,#6168,.T.);
#8906=ORIENTED_EDGE('',*,*,#8905,.F.);
#8907=ORIENTED_EDGE('',*,*,#6996,.F.);
#8909=ORIENTED_EDGE('',*,*,#8908,.T.);
#8910=EDGE_LOOP('',(#8904,#8906,#8907,#8909));
#8911=FACE_OUTER_BOUND('',#8910,.F.);
#8912=ADVANCED_FACE('',(#8911),#8903,.F.);
#8913=CARTESIAN_POINT('',(2.404507034145E1,-1.481E2,4.834601331373E1));
#8914=DIRECTION('',(0.E0,1.E0,0.E0));
#8915=DIRECTION('',(-5.E-1,0.E0,-8.660254037844E-1));
#8916=AXIS2_PLACEMENT_3D('',#8913,#8914,#8915);
#8917=CYLINDRICAL_SURFACE('',#8916,1.5E-1);
#8918=ORIENTED_EDGE('',*,*,#6170,.T.);
#8919=ORIENTED_EDGE('',*,*,#8908,.F.);
#8920=ORIENTED_EDGE('',*,*,#6998,.F.);
#8921=ORIENTED_EDGE('',*,*,#8905,.T.);
#8922=EDGE_LOOP('',(#8918,#8919,#8920,#8921));
#8923=FACE_OUTER_BOUND('',#8922,.F.);
#8924=ADVANCED_FACE('',(#8923),#8917,.F.);
#8925=CARTESIAN_POINT('',(2.364952552576E1,-1.481E2,4.864952552576E1));
#8926=DIRECTION('',(0.E0,1.E0,0.E0));
#8927=DIRECTION('',(-7.071067811865E-1,0.E0,-7.071067811865E-1));
#8928=AXIS2_PLACEMENT_3D('',#8925,#8926,#8927);
#8929=CYLINDRICAL_SURFACE('',#8928,1.5E-1);
#8930=ORIENTED_EDGE('',*,*,#6174,.T.);
#8932=ORIENTED_EDGE('',*,*,#8931,.F.);
#8933=ORIENTED_EDGE('',*,*,#7002,.F.);
#8935=ORIENTED_EDGE('',*,*,#8934,.T.);
#8936=EDGE_LOOP('',(#8930,#8932,#8933,#8935));
#8937=FACE_OUTER_BOUND('',#8936,.F.);
#8938=ADVANCED_FACE('',(#8937),#8929,.F.);
#8939=CARTESIAN_POINT('',(2.364952552576E1,-1.481E2,4.864952552576E1));
#8940=DIRECTION('',(0.E0,1.E0,0.E0));
#8941=DIRECTION('',(-7.071067811865E-1,0.E0,-7.071067811865E-1));
#8942=AXIS2_PLACEMENT_3D('',#8939,#8940,#8941);
#8943=CYLINDRICAL_SURFACE('',#8942,1.5E-1);
#8944=ORIENTED_EDGE('',*,*,#6176,.T.);
#8945=ORIENTED_EDGE('',*,*,#8934,.F.);
#8946=ORIENTED_EDGE('',*,*,#7004,.F.);
#8947=ORIENTED_EDGE('',*,*,#8931,.T.);
#8948=EDGE_LOOP('',(#8944,#8945,#8946,#8947));
#8949=FACE_OUTER_BOUND('',#8948,.F.);
#8950=ADVANCED_FACE('',(#8949),#8943,.F.);
#8951=CARTESIAN_POINT('',(2.334601331373E1,-1.481E2,4.904507034145E1));
#8952=DIRECTION('',(0.E0,1.E0,0.E0));
#8953=DIRECTION('',(-8.660254037844E-1,0.E0,-5.E-1));
#8954=AXIS2_PLACEMENT_3D('',#8951,#8952,#8953);
#8955=CYLINDRICAL_SURFACE('',#8954,1.5E-1);
#8956=ORIENTED_EDGE('',*,*,#6180,.T.);
#8958=ORIENTED_EDGE('',*,*,#8957,.F.);
#8959=ORIENTED_EDGE('',*,*,#7008,.F.);
#8961=ORIENTED_EDGE('',*,*,#8960,.T.);
#8962=EDGE_LOOP('',(#8956,#8958,#8959,#8961));
#8963=FACE_OUTER_BOUND('',#8962,.F.);
#8964=ADVANCED_FACE('',(#8963),#8955,.F.);
#8965=CARTESIAN_POINT('',(2.334601331373E1,-1.481E2,4.904507034145E1));
#8966=DIRECTION('',(0.E0,1.E0,0.E0));
#8967=DIRECTION('',(-8.660254037844E-1,0.E0,-5.E-1));
#8968=AXIS2_PLACEMENT_3D('',#8965,#8966,#8967);
#8969=CYLINDRICAL_SURFACE('',#8968,1.5E-1);
#8970=ORIENTED_EDGE('',*,*,#6182,.T.);
#8971=ORIENTED_EDGE('',*,*,#8960,.F.);
#8972=ORIENTED_EDGE('',*,*,#7010,.F.);
#8973=ORIENTED_EDGE('',*,*,#8957,.T.);
#8974=EDGE_LOOP('',(#8970,#8971,#8972,#8973));
#8975=FACE_OUTER_BOUND('',#8974,.F.);
#8976=ADVANCED_FACE('',(#8975),#8969,.F.);
#8977=CARTESIAN_POINT('',(2.315521756103E1,-1.481E2,4.950569203527E1));
#8978=DIRECTION('',(0.E0,1.E0,0.E0));
#8979=DIRECTION('',(-9.659258262891E-1,0.E0,-2.588190451025E-1));
#8980=AXIS2_PLACEMENT_3D('',#8977,#8978,#8979);
#8981=CYLINDRICAL_SURFACE('',#8980,1.5E-1);
#8982=ORIENTED_EDGE('',*,*,#6186,.T.);
#8984=ORIENTED_EDGE('',*,*,#8983,.F.);
#8985=ORIENTED_EDGE('',*,*,#7014,.F.);
#8987=ORIENTED_EDGE('',*,*,#8986,.T.);
#8988=EDGE_LOOP('',(#8982,#8984,#8985,#8987));
#8989=FACE_OUTER_BOUND('',#8988,.F.);
#8990=ADVANCED_FACE('',(#8989),#8981,.F.);
#8991=CARTESIAN_POINT('',(2.315521756103E1,-1.481E2,4.950569203527E1));
#8992=DIRECTION('',(0.E0,1.E0,0.E0));
#8993=DIRECTION('',(-9.659258262891E-1,0.E0,-2.588190451025E-1));
#8994=AXIS2_PLACEMENT_3D('',#8991,#8992,#8993);
#8995=CYLINDRICAL_SURFACE('',#8994,1.5E-1);
#8996=ORIENTED_EDGE('',*,*,#6188,.T.);
#8997=ORIENTED_EDGE('',*,*,#8986,.F.);
#8998=ORIENTED_EDGE('',*,*,#7016,.F.);
#8999=ORIENTED_EDGE('',*,*,#8983,.T.);
#9000=EDGE_LOOP('',(#8996,#8997,#8998,#8999));
#9001=FACE_OUTER_BOUND('',#9000,.F.);
#9002=ADVANCED_FACE('',(#9001),#8995,.F.);
#9003=CARTESIAN_POINT('',(2.261267585362E1,-1.481E2,5.E1));
#9004=DIRECTION('',(0.E0,1.E0,0.E0));
#9005=DIRECTION('',(-1.E0,0.E0,0.E0));
#9006=AXIS2_PLACEMENT_3D('',#9003,#9004,#9005);
#9007=CYLINDRICAL_SURFACE('',#9006,1.5E-1);
#9008=ORIENTED_EDGE('',*,*,#6192,.T.);
#9010=ORIENTED_EDGE('',*,*,#9009,.F.);
#9011=ORIENTED_EDGE('',*,*,#7020,.F.);
#9013=ORIENTED_EDGE('',*,*,#9012,.T.);
#9014=EDGE_LOOP('',(#9008,#9010,#9011,#9013));
#9015=FACE_OUTER_BOUND('',#9014,.F.);
#9016=ADVANCED_FACE('',(#9015),#9007,.F.);
#9017=CARTESIAN_POINT('',(2.261267585362E1,-1.481E2,5.E1));
#9018=DIRECTION('',(0.E0,1.E0,0.E0));
#9019=DIRECTION('',(-1.E0,0.E0,0.E0));
#9020=AXIS2_PLACEMENT_3D('',#9017,#9018,#9019);
#9021=CYLINDRICAL_SURFACE('',#9020,1.5E-1);
#9022=ORIENTED_EDGE('',*,*,#6194,.T.);
#9023=ORIENTED_EDGE('',*,*,#9012,.F.);
#9024=ORIENTED_EDGE('',*,*,#7022,.F.);
#9025=ORIENTED_EDGE('',*,*,#9009,.T.);
#9026=EDGE_LOOP('',(#9022,#9023,#9024,#9025));
#9027=FACE_OUTER_BOUND('',#9026,.F.);
#9028=ADVANCED_FACE('',(#9027),#9021,.F.);
#9029=CARTESIAN_POINT('',(2.266484461405E1,-1.481E2,5.049635259980E1));
#9030=DIRECTION('',(0.E0,1.E0,0.E0));
#9031=DIRECTION('',(-9.781476007338E-1,0.E0,2.079116908178E-1));
#9032=AXIS2_PLACEMENT_3D('',#9029,#9030,#9031);
#9033=CYLINDRICAL_SURFACE('',#9032,1.5E-1);
#9034=ORIENTED_EDGE('',*,*,#6198,.T.);
#9036=ORIENTED_EDGE('',*,*,#9035,.F.);
#9037=ORIENTED_EDGE('',*,*,#7026,.F.);
#9039=ORIENTED_EDGE('',*,*,#9038,.T.);
#9040=EDGE_LOOP('',(#9034,#9036,#9037,#9039));
#9041=FACE_OUTER_BOUND('',#9040,.F.);
#9042=ADVANCED_FACE('',(#9041),#9033,.F.);
#9043=CARTESIAN_POINT('',(2.266484461405E1,-1.481E2,5.049635259980E1));
#9044=DIRECTION('',(0.E0,1.E0,0.E0));
#9045=DIRECTION('',(-9.781476007338E-1,0.E0,2.079116908178E-1));
#9046=AXIS2_PLACEMENT_3D('',#9043,#9044,#9045);
#9047=CYLINDRICAL_SURFACE('',#9046,1.5E-1);
#9048=ORIENTED_EDGE('',*,*,#6200,.T.);
#9049=ORIENTED_EDGE('',*,*,#9038,.F.);
#9050=ORIENTED_EDGE('',*,*,#7028,.F.);
#9051=ORIENTED_EDGE('',*,*,#9035,.T.);
#9052=EDGE_LOOP('',(#9048,#9049,#9050,#9051));
#9053=FACE_OUTER_BOUND('',#9052,.F.);
#9054=ADVANCED_FACE('',(#9053),#9047,.F.);
#9055=CARTESIAN_POINT('',(2.281907087016E1,-1.481E2,5.097101220923E1));
#9056=DIRECTION('',(0.E0,1.E0,0.E0));
#9057=DIRECTION('',(-9.135454576426E-1,0.E0,4.067366430758E-1));
#9058=AXIS2_PLACEMENT_3D('',#9055,#9056,#9057);
#9059=CYLINDRICAL_SURFACE('',#9058,1.5E-1);
#9060=ORIENTED_EDGE('',*,*,#6204,.T.);
#9062=ORIENTED_EDGE('',*,*,#9061,.F.);
#9063=ORIENTED_EDGE('',*,*,#7032,.F.);
#9065=ORIENTED_EDGE('',*,*,#9064,.T.);
#9066=EDGE_LOOP('',(#9060,#9062,#9063,#9065));
#9067=FACE_OUTER_BOUND('',#9066,.F.);
#9068=ADVANCED_FACE('',(#9067),#9059,.F.);
#9069=CARTESIAN_POINT('',(2.281907087016E1,-1.481E2,5.097101220923E1));
#9070=DIRECTION('',(0.E0,1.E0,0.E0));
#9071=DIRECTION('',(-9.135454576426E-1,0.E0,4.067366430758E-1));
#9072=AXIS2_PLACEMENT_3D('',#9069,#9070,#9071);
#9073=CYLINDRICAL_SURFACE('',#9072,1.5E-1);
#9074=ORIENTED_EDGE('',*,*,#6206,.T.);
#9075=ORIENTED_EDGE('',*,*,#9064,.F.);
#9076=ORIENTED_EDGE('',*,*,#7034,.F.);
#9077=ORIENTED_EDGE('',*,*,#9061,.T.);
#9078=EDGE_LOOP('',(#9074,#9075,#9076,#9077));
#9079=FACE_OUTER_BOUND('',#9078,.F.);
#9080=ADVANCED_FACE('',(#9079),#9073,.F.);
#9081=CARTESIAN_POINT('',(2.306861419450E1,-1.481E2,5.140323392568E1));
#9082=DIRECTION('',(0.E0,1.E0,0.E0));
#9083=DIRECTION('',(-8.090169943749E-1,0.E0,5.877852522925E-1));
#9084=AXIS2_PLACEMENT_3D('',#9081,#9082,#9083);
#9085=CYLINDRICAL_SURFACE('',#9084,1.5E-1);
#9086=ORIENTED_EDGE('',*,*,#6210,.T.);
#9088=ORIENTED_EDGE('',*,*,#9087,.F.);
#9089=ORIENTED_EDGE('',*,*,#7038,.F.);
#9091=ORIENTED_EDGE('',*,*,#9090,.T.);
#9092=EDGE_LOOP('',(#9086,#9088,#9089,#9091));
#9093=FACE_OUTER_BOUND('',#9092,.F.);
#9094=ADVANCED_FACE('',(#9093),#9085,.F.);
#9095=CARTESIAN_POINT('',(2.306861419450E1,-1.481E2,5.140323392568E1));
#9096=DIRECTION('',(0.E0,1.E0,0.E0));
#9097=DIRECTION('',(-8.090169943749E-1,0.E0,5.877852522925E-1));
#9098=AXIS2_PLACEMENT_3D('',#9095,#9096,#9097);
#9099=CYLINDRICAL_SURFACE('',#9098,1.5E-1);
#9100=ORIENTED_EDGE('',*,*,#6212,.T.);
#9101=ORIENTED_EDGE('',*,*,#9090,.F.);
#9102=ORIENTED_EDGE('',*,*,#7040,.F.);
#9103=ORIENTED_EDGE('',*,*,#9087,.T.);
#9104=EDGE_LOOP('',(#9100,#9101,#9102,#9103));
#9105=FACE_OUTER_BOUND('',#9104,.F.);
#9106=ADVANCED_FACE('',(#9105),#9099,.F.);
#9107=CARTESIAN_POINT('',(2.340256834636E1,-1.481E2,5.177412758612E1));
#9108=DIRECTION('',(0.E0,1.E0,0.E0));
#9109=DIRECTION('',(-6.691306063589E-1,0.E0,7.431448254774E-1));
#9110=AXIS2_PLACEMENT_3D('',#9107,#9108,#9109);
#9111=CYLINDRICAL_SURFACE('',#9110,1.5E-1);
#9112=ORIENTED_EDGE('',*,*,#6216,.T.);
#9114=ORIENTED_EDGE('',*,*,#9113,.F.);
#9115=ORIENTED_EDGE('',*,*,#7044,.F.);
#9117=ORIENTED_EDGE('',*,*,#9116,.T.);
#9118=EDGE_LOOP('',(#9112,#9114,#9115,#9117));
#9119=FACE_OUTER_BOUND('',#9118,.F.);
#9120=ADVANCED_FACE('',(#9119),#9111,.F.);
#9121=CARTESIAN_POINT('',(2.340256834636E1,-1.481E2,5.177412758612E1));
#9122=DIRECTION('',(0.E0,1.E0,0.E0));
#9123=DIRECTION('',(-6.691306063589E-1,0.E0,7.431448254774E-1));
#9124=AXIS2_PLACEMENT_3D('',#9121,#9122,#9123);
#9125=CYLINDRICAL_SURFACE('',#9124,1.5E-1);
#9126=ORIENTED_EDGE('',*,*,#6218,.T.);
#9127=ORIENTED_EDGE('',*,*,#9116,.F.);
#9128=ORIENTED_EDGE('',*,*,#7046,.F.);
#9129=ORIENTED_EDGE('',*,*,#9113,.T.);
#9130=EDGE_LOOP('',(#9126,#9127,#9128,#9129));
#9131=FACE_OUTER_BOUND('',#9130,.F.);
#9132=ADVANCED_FACE('',(#9131),#9125,.F.);
#9133=CARTESIAN_POINT('',(2.380633792681E1,-1.481E2,5.206748335783E1));
#9134=DIRECTION('',(0.E0,1.E0,0.E0));
#9135=DIRECTION('',(-5.E-1,0.E0,8.660254037844E-1));
#9136=AXIS2_PLACEMENT_3D('',#9133,#9134,#9135);
#9137=CYLINDRICAL_SURFACE('',#9136,1.5E-1);
#9138=ORIENTED_EDGE('',*,*,#6222,.T.);
#9140=ORIENTED_EDGE('',*,*,#9139,.F.);
#9141=ORIENTED_EDGE('',*,*,#7050,.F.);
#9143=ORIENTED_EDGE('',*,*,#9142,.T.);
#9144=EDGE_LOOP('',(#9138,#9140,#9141,#9143));
#9145=FACE_OUTER_BOUND('',#9144,.F.);
#9146=ADVANCED_FACE('',(#9145),#9137,.F.);
#9147=CARTESIAN_POINT('',(2.380633792681E1,-1.481E2,5.206748335783E1));
#9148=DIRECTION('',(0.E0,1.E0,0.E0));
#9149=DIRECTION('',(-5.E-1,0.E0,8.660254037844E-1));
#9150=AXIS2_PLACEMENT_3D('',#9147,#9148,#9149);
#9151=CYLINDRICAL_SURFACE('',#9150,1.5E-1);
#9152=ORIENTED_EDGE('',*,*,#6224,.T.);
#9153=ORIENTED_EDGE('',*,*,#9142,.F.);
#9154=ORIENTED_EDGE('',*,*,#7052,.F.);
#9155=ORIENTED_EDGE('',*,*,#9139,.T.);
#9156=EDGE_LOOP('',(#9152,#9153,#9154,#9155));
#9157=FACE_OUTER_BOUND('',#9156,.F.);
#9158=ADVANCED_FACE('',(#9157),#9151,.F.);
#9159=CARTESIAN_POINT('',(2.426227626769E1,-1.481E2,5.227048018592E1));
#9160=DIRECTION('',(0.E0,1.E0,0.E0));
#9161=DIRECTION('',(-3.090169943749E-1,0.E0,9.510565162952E-1));
#9162=AXIS2_PLACEMENT_3D('',#9159,#9160,#9161);
#9163=CYLINDRICAL_SURFACE('',#9162,1.5E-1);
#9164=ORIENTED_EDGE('',*,*,#6228,.T.);
#9166=ORIENTED_EDGE('',*,*,#9165,.F.);
#9167=ORIENTED_EDGE('',*,*,#7056,.F.);
#9169=ORIENTED_EDGE('',*,*,#9168,.T.);
#9170=EDGE_LOOP('',(#9164,#9166,#9167,#9169));
#9171=FACE_OUTER_BOUND('',#9170,.F.);
#9172=ADVANCED_FACE('',(#9171),#9163,.F.);
#9173=CARTESIAN_POINT('',(2.426227626769E1,-1.481E2,5.227048018592E1));
#9174=DIRECTION('',(0.E0,1.E0,0.E0));
#9175=DIRECTION('',(-3.090169943749E-1,0.E0,9.510565162952E-1));
#9176=AXIS2_PLACEMENT_3D('',#9173,#9174,#9175);
#9177=CYLINDRICAL_SURFACE('',#9176,1.5E-1);
#9178=ORIENTED_EDGE('',*,*,#6230,.T.);
#9179=ORIENTED_EDGE('',*,*,#9168,.F.);
#9180=ORIENTED_EDGE('',*,*,#7058,.F.);
#9181=ORIENTED_EDGE('',*,*,#9165,.T.);
#9182=EDGE_LOOP('',(#9178,#9179,#9180,#9181));
#9183=FACE_OUTER_BOUND('',#9182,.F.);
#9184=ADVANCED_FACE('',(#9183),#9177,.F.);
#9185=CARTESIAN_POINT('',(2.475045667566E1,-1.481E2,5.237424613491E1));
#9186=DIRECTION('',(0.E0,1.E0,0.E0));
#9187=DIRECTION('',(-1.045284632677E-1,0.E0,9.945218953683E-1));
#9188=AXIS2_PLACEMENT_3D('',#9185,#9186,#9187);
#9189=CYLINDRICAL_SURFACE('',#9188,1.5E-1);
#9190=ORIENTED_EDGE('',*,*,#6234,.T.);
#9192=ORIENTED_EDGE('',*,*,#9191,.F.);
#9193=ORIENTED_EDGE('',*,*,#7062,.F.);
#9195=ORIENTED_EDGE('',*,*,#9194,.T.);
#9196=EDGE_LOOP('',(#9190,#9192,#9193,#9195));
#9197=FACE_OUTER_BOUND('',#9196,.F.);
#9198=ADVANCED_FACE('',(#9197),#9189,.F.);
#9199=CARTESIAN_POINT('',(2.475045667566E1,-1.481E2,5.237424613491E1));
#9200=DIRECTION('',(0.E0,1.E0,0.E0));
#9201=DIRECTION('',(-1.045284632677E-1,0.E0,9.945218953683E-1));
#9202=AXIS2_PLACEMENT_3D('',#9199,#9200,#9201);
#9203=CYLINDRICAL_SURFACE('',#9202,1.5E-1);
#9204=ORIENTED_EDGE('',*,*,#6236,.T.);
#9205=ORIENTED_EDGE('',*,*,#9194,.F.);
#9206=ORIENTED_EDGE('',*,*,#7064,.F.);
#9207=ORIENTED_EDGE('',*,*,#9191,.T.);
#9208=EDGE_LOOP('',(#9204,#9205,#9206,#9207));
#9209=FACE_OUTER_BOUND('',#9208,.F.);
#9210=ADVANCED_FACE('',(#9209),#9203,.F.);
#9211=CARTESIAN_POINT('',(2.524954332434E1,-1.481E2,5.237424613491E1));
#9212=DIRECTION('',(0.E0,1.E0,0.E0));
#9213=DIRECTION('',(1.045284632677E-1,0.E0,9.945218953683E-1));
#9214=AXIS2_PLACEMENT_3D('',#9211,#9212,#9213);
#9215=CYLINDRICAL_SURFACE('',#9214,1.5E-1);
#9216=ORIENTED_EDGE('',*,*,#6240,.T.);
#9218=ORIENTED_EDGE('',*,*,#9217,.F.);
#9219=ORIENTED_EDGE('',*,*,#7068,.F.);
#9221=ORIENTED_EDGE('',*,*,#9220,.T.);
#9222=EDGE_LOOP('',(#9216,#9218,#9219,#9221));
#9223=FACE_OUTER_BOUND('',#9222,.F.);
#9224=ADVANCED_FACE('',(#9223),#9215,.F.);
#9225=CARTESIAN_POINT('',(2.524954332434E1,-1.481E2,5.237424613491E1));
#9226=DIRECTION('',(0.E0,1.E0,0.E0));
#9227=DIRECTION('',(1.045284632677E-1,0.E0,9.945218953683E-1));
#9228=AXIS2_PLACEMENT_3D('',#9225,#9226,#9227);
#9229=CYLINDRICAL_SURFACE('',#9228,1.5E-1);
#9230=ORIENTED_EDGE('',*,*,#6242,.T.);
#9231=ORIENTED_EDGE('',*,*,#9220,.F.);
#9232=ORIENTED_EDGE('',*,*,#7070,.F.);
#9233=ORIENTED_EDGE('',*,*,#9217,.T.);
#9234=EDGE_LOOP('',(#9230,#9231,#9232,#9233));
#9235=FACE_OUTER_BOUND('',#9234,.F.);
#9236=ADVANCED_FACE('',(#9235),#9229,.F.);
#9237=CARTESIAN_POINT('',(2.573772373231E1,-1.481E2,5.227048018592E1));
#9238=DIRECTION('',(0.E0,1.E0,0.E0));
#9239=DIRECTION('',(3.090169943749E-1,0.E0,9.510565162952E-1));
#9240=AXIS2_PLACEMENT_3D('',#9237,#9238,#9239);
#9241=CYLINDRICAL_SURFACE('',#9240,1.5E-1);
#9242=ORIENTED_EDGE('',*,*,#6246,.T.);
#9244=ORIENTED_EDGE('',*,*,#9243,.F.);
#9245=ORIENTED_EDGE('',*,*,#7074,.F.);
#9247=ORIENTED_EDGE('',*,*,#9246,.T.);
#9248=EDGE_LOOP('',(#9242,#9244,#9245,#9247));
#9249=FACE_OUTER_BOUND('',#9248,.F.);
#9250=ADVANCED_FACE('',(#9249),#9241,.F.);
#9251=CARTESIAN_POINT('',(2.573772373231E1,-1.481E2,5.227048018592E1));
#9252=DIRECTION('',(0.E0,1.E0,0.E0));
#9253=DIRECTION('',(3.090169943749E-1,0.E0,9.510565162952E-1));
#9254=AXIS2_PLACEMENT_3D('',#9251,#9252,#9253);
#9255=CYLINDRICAL_SURFACE('',#9254,1.5E-1);
#9256=ORIENTED_EDGE('',*,*,#6248,.T.);
#9257=ORIENTED_EDGE('',*,*,#9246,.F.);
#9258=ORIENTED_EDGE('',*,*,#7076,.F.);
#9259=ORIENTED_EDGE('',*,*,#9243,.T.);
#9260=EDGE_LOOP('',(#9256,#9257,#9258,#9259));
#9261=FACE_OUTER_BOUND('',#9260,.F.);
#9262=ADVANCED_FACE('',(#9261),#9255,.F.);
#9263=CARTESIAN_POINT('',(2.619366207319E1,-1.481E2,5.206748335783E1));
#9264=DIRECTION('',(0.E0,1.E0,0.E0));
#9265=DIRECTION('',(5.E-1,0.E0,8.660254037844E-1));
#9266=AXIS2_PLACEMENT_3D('',#9263,#9264,#9265);
#9267=CYLINDRICAL_SURFACE('',#9266,1.5E-1);
#9268=ORIENTED_EDGE('',*,*,#6252,.T.);
#9270=ORIENTED_EDGE('',*,*,#9269,.F.);
#9271=ORIENTED_EDGE('',*,*,#7080,.F.);
#9273=ORIENTED_EDGE('',*,*,#9272,.T.);
#9274=EDGE_LOOP('',(#9268,#9270,#9271,#9273));
#9275=FACE_OUTER_BOUND('',#9274,.F.);
#9276=ADVANCED_FACE('',(#9275),#9267,.F.);
#9277=CARTESIAN_POINT('',(2.619366207319E1,-1.481E2,5.206748335783E1));
#9278=DIRECTION('',(0.E0,1.E0,0.E0));
#9279=DIRECTION('',(5.E-1,0.E0,8.660254037844E-1));
#9280=AXIS2_PLACEMENT_3D('',#9277,#9278,#9279);
#9281=CYLINDRICAL_SURFACE('',#9280,1.5E-1);
#9282=ORIENTED_EDGE('',*,*,#6254,.T.);
#9283=ORIENTED_EDGE('',*,*,#9272,.F.);
#9284=ORIENTED_EDGE('',*,*,#7082,.F.);
#9285=ORIENTED_EDGE('',*,*,#9269,.T.);
#9286=EDGE_LOOP('',(#9282,#9283,#9284,#9285));
#9287=FACE_OUTER_BOUND('',#9286,.F.);
#9288=ADVANCED_FACE('',(#9287),#9281,.F.);
#9289=CARTESIAN_POINT('',(2.659743165364E1,-1.481E2,5.177412758612E1));
#9290=DIRECTION('',(0.E0,1.E0,0.E0));
#9291=DIRECTION('',(6.691306063589E-1,0.E0,7.431448254774E-1));
#9292=AXIS2_PLACEMENT_3D('',#9289,#9290,#9291);
#9293=CYLINDRICAL_SURFACE('',#9292,1.5E-1);
#9294=ORIENTED_EDGE('',*,*,#6258,.T.);
#9296=ORIENTED_EDGE('',*,*,#9295,.F.);
#9297=ORIENTED_EDGE('',*,*,#7086,.F.);
#9299=ORIENTED_EDGE('',*,*,#9298,.T.);
#9300=EDGE_LOOP('',(#9294,#9296,#9297,#9299));
#9301=FACE_OUTER_BOUND('',#9300,.F.);
#9302=ADVANCED_FACE('',(#9301),#9293,.F.);
#9303=CARTESIAN_POINT('',(2.659743165364E1,-1.481E2,5.177412758612E1));
#9304=DIRECTION('',(0.E0,1.E0,0.E0));
#9305=DIRECTION('',(6.691306063589E-1,0.E0,7.431448254774E-1));
#9306=AXIS2_PLACEMENT_3D('',#9303,#9304,#9305);
#9307=CYLINDRICAL_SURFACE('',#9306,1.5E-1);
#9308=ORIENTED_EDGE('',*,*,#6260,.T.);
#9309=ORIENTED_EDGE('',*,*,#9298,.F.);
#9310=ORIENTED_EDGE('',*,*,#7088,.F.);
#9311=ORIENTED_EDGE('',*,*,#9295,.T.);
#9312=EDGE_LOOP('',(#9308,#9309,#9310,#9311));
#9313=FACE_OUTER_BOUND('',#9312,.F.);
#9314=ADVANCED_FACE('',(#9313),#9307,.F.);
#9315=CARTESIAN_POINT('',(2.693138580550E1,-1.481E2,5.140323392568E1));
#9316=DIRECTION('',(0.E0,1.E0,0.E0));
#9317=DIRECTION('',(8.090169943749E-1,0.E0,5.877852522925E-1));
#9318=AXIS2_PLACEMENT_3D('',#9315,#9316,#9317);
#9319=CYLINDRICAL_SURFACE('',#9318,1.5E-1);
#9320=ORIENTED_EDGE('',*,*,#6264,.T.);
#9322=ORIENTED_EDGE('',*,*,#9321,.F.);
#9323=ORIENTED_EDGE('',*,*,#7092,.F.);
#9325=ORIENTED_EDGE('',*,*,#9324,.T.);
#9326=EDGE_LOOP('',(#9320,#9322,#9323,#9325));
#9327=FACE_OUTER_BOUND('',#9326,.F.);
#9328=ADVANCED_FACE('',(#9327),#9319,.F.);
#9329=CARTESIAN_POINT('',(2.693138580550E1,-1.481E2,5.140323392568E1));
#9330=DIRECTION('',(0.E0,1.E0,0.E0));
#9331=DIRECTION('',(8.090169943749E-1,0.E0,5.877852522925E-1));
#9332=AXIS2_PLACEMENT_3D('',#9329,#9330,#9331);
#9333=CYLINDRICAL_SURFACE('',#9332,1.5E-1);
#9334=ORIENTED_EDGE('',*,*,#6266,.T.);
#9335=ORIENTED_EDGE('',*,*,#9324,.F.);
#9336=ORIENTED_EDGE('',*,*,#7094,.F.);
#9337=ORIENTED_EDGE('',*,*,#9321,.T.);
#9338=EDGE_LOOP('',(#9334,#9335,#9336,#9337));
#9339=FACE_OUTER_BOUND('',#9338,.F.);
#9340=ADVANCED_FACE('',(#9339),#9333,.F.);
#9341=CARTESIAN_POINT('',(2.718092912984E1,-1.481E2,5.097101220923E1));
#9342=DIRECTION('',(0.E0,1.E0,0.E0));
#9343=DIRECTION('',(9.135454576426E-1,0.E0,4.067366430758E-1));
#9344=AXIS2_PLACEMENT_3D('',#9341,#9342,#9343);
#9345=CYLINDRICAL_SURFACE('',#9344,1.5E-1);
#9346=ORIENTED_EDGE('',*,*,#6270,.T.);
#9348=ORIENTED_EDGE('',*,*,#9347,.F.);
#9349=ORIENTED_EDGE('',*,*,#7098,.F.);
#9351=ORIENTED_EDGE('',*,*,#9350,.T.);
#9352=EDGE_LOOP('',(#9346,#9348,#9349,#9351));
#9353=FACE_OUTER_BOUND('',#9352,.F.);
#9354=ADVANCED_FACE('',(#9353),#9345,.F.);
#9355=CARTESIAN_POINT('',(2.718092912984E1,-1.481E2,5.097101220923E1));
#9356=DIRECTION('',(0.E0,1.E0,0.E0));
#9357=DIRECTION('',(9.135454576426E-1,0.E0,4.067366430758E-1));
#9358=AXIS2_PLACEMENT_3D('',#9355,#9356,#9357);
#9359=CYLINDRICAL_SURFACE('',#9358,1.5E-1);
#9360=ORIENTED_EDGE('',*,*,#6272,.T.);
#9361=ORIENTED_EDGE('',*,*,#9350,.F.);
#9362=ORIENTED_EDGE('',*,*,#7100,.F.);
#9363=ORIENTED_EDGE('',*,*,#9347,.T.);
#9364=EDGE_LOOP('',(#9360,#9361,#9362,#9363));
#9365=FACE_OUTER_BOUND('',#9364,.F.);
#9366=ADVANCED_FACE('',(#9365),#9359,.F.);
#9367=CARTESIAN_POINT('',(2.733515538595E1,-1.481E2,5.049635259980E1));
#9368=DIRECTION('',(0.E0,1.E0,0.E0));
#9369=DIRECTION('',(9.781476007338E-1,0.E0,2.079116908178E-1));
#9370=AXIS2_PLACEMENT_3D('',#9367,#9368,#9369);
#9371=CYLINDRICAL_SURFACE('',#9370,1.5E-1);
#9372=ORIENTED_EDGE('',*,*,#6276,.T.);
#9374=ORIENTED_EDGE('',*,*,#9373,.F.);
#9375=ORIENTED_EDGE('',*,*,#7104,.F.);
#9377=ORIENTED_EDGE('',*,*,#9376,.T.);
#9378=EDGE_LOOP('',(#9372,#9374,#9375,#9377));
#9379=FACE_OUTER_BOUND('',#9378,.F.);
#9380=ADVANCED_FACE('',(#9379),#9371,.F.);
#9381=CARTESIAN_POINT('',(2.733515538595E1,-1.481E2,5.049635259980E1));
#9382=DIRECTION('',(0.E0,1.E0,0.E0));
#9383=DIRECTION('',(9.781476007338E-1,0.E0,2.079116908178E-1));
#9384=AXIS2_PLACEMENT_3D('',#9381,#9382,#9383);
#9385=CYLINDRICAL_SURFACE('',#9384,1.5E-1);
#9386=ORIENTED_EDGE('',*,*,#6278,.T.);
#9387=ORIENTED_EDGE('',*,*,#9376,.F.);
#9388=ORIENTED_EDGE('',*,*,#7106,.F.);
#9389=ORIENTED_EDGE('',*,*,#9373,.T.);
#9390=EDGE_LOOP('',(#9386,#9387,#9388,#9389));
#9391=FACE_OUTER_BOUND('',#9390,.F.);
#9392=ADVANCED_FACE('',(#9391),#9385,.F.);
#9393=CARTESIAN_POINT('',(2.738732414638E1,-1.481E2,5.E1));
#9394=DIRECTION('',(0.E0,1.E0,0.E0));
#9395=DIRECTION('',(1.E0,0.E0,0.E0));
#9396=AXIS2_PLACEMENT_3D('',#9393,#9394,#9395);
#9397=CYLINDRICAL_SURFACE('',#9396,1.5E-1);
#9398=ORIENTED_EDGE('',*,*,#6282,.T.);
#9400=ORIENTED_EDGE('',*,*,#9399,.F.);
#9401=ORIENTED_EDGE('',*,*,#7110,.F.);
#9403=ORIENTED_EDGE('',*,*,#9402,.T.);
#9404=EDGE_LOOP('',(#9398,#9400,#9401,#9403));
#9405=FACE_OUTER_BOUND('',#9404,.F.);
#9406=ADVANCED_FACE('',(#9405),#9397,.F.);
#9407=CARTESIAN_POINT('',(2.738732414638E1,-1.481E2,5.E1));
#9408=DIRECTION('',(0.E0,1.E0,0.E0));
#9409=DIRECTION('',(1.E0,0.E0,0.E0));
#9410=AXIS2_PLACEMENT_3D('',#9407,#9408,#9409);
#9411=CYLINDRICAL_SURFACE('',#9410,1.5E-1);
#9412=ORIENTED_EDGE('',*,*,#6284,.T.);
#9413=ORIENTED_EDGE('',*,*,#9402,.F.);
#9414=ORIENTED_EDGE('',*,*,#7112,.F.);
#9415=ORIENTED_EDGE('',*,*,#9399,.T.);
#9416=EDGE_LOOP('',(#9412,#9413,#9414,#9415));
#9417=FACE_OUTER_BOUND('',#9416,.F.);
#9418=ADVANCED_FACE('',(#9417),#9411,.F.);
#9419=CARTESIAN_POINT('',(2.733515538595E1,-1.481E2,4.950364740020E1));
#9420=DIRECTION('',(0.E0,1.E0,0.E0));
#9421=DIRECTION('',(9.781476007338E-1,0.E0,-2.079116908178E-1));
#9422=AXIS2_PLACEMENT_3D('',#9419,#9420,#9421);
#9423=CYLINDRICAL_SURFACE('',#9422,1.5E-1);
#9424=ORIENTED_EDGE('',*,*,#6288,.T.);
#9426=ORIENTED_EDGE('',*,*,#9425,.F.);
#9427=ORIENTED_EDGE('',*,*,#7116,.F.);
#9429=ORIENTED_EDGE('',*,*,#9428,.T.);
#9430=EDGE_LOOP('',(#9424,#9426,#9427,#9429));
#9431=FACE_OUTER_BOUND('',#9430,.F.);
#9432=ADVANCED_FACE('',(#9431),#9423,.F.);
#9433=CARTESIAN_POINT('',(2.733515538595E1,-1.481E2,4.950364740020E1));
#9434=DIRECTION('',(0.E0,1.E0,0.E0));
#9435=DIRECTION('',(9.781476007338E-1,0.E0,-2.079116908178E-1));
#9436=AXIS2_PLACEMENT_3D('',#9433,#9434,#9435);
#9437=CYLINDRICAL_SURFACE('',#9436,1.5E-1);
#9438=ORIENTED_EDGE('',*,*,#6290,.T.);
#9439=ORIENTED_EDGE('',*,*,#9428,.F.);
#9440=ORIENTED_EDGE('',*,*,#7118,.F.);
#9441=ORIENTED_EDGE('',*,*,#9425,.T.);
#9442=EDGE_LOOP('',(#9438,#9439,#9440,#9441));
#9443=FACE_OUTER_BOUND('',#9442,.F.);
#9444=ADVANCED_FACE('',(#9443),#9437,.F.);
#9445=CARTESIAN_POINT('',(2.718092912984E1,-1.481E2,4.902898779077E1));
#9446=DIRECTION('',(0.E0,1.E0,0.E0));
#9447=DIRECTION('',(9.135454576426E-1,0.E0,-4.067366430758E-1));
#9448=AXIS2_PLACEMENT_3D('',#9445,#9446,#9447);
#9449=CYLINDRICAL_SURFACE('',#9448,1.5E-1);
#9450=ORIENTED_EDGE('',*,*,#6294,.T.);
#9452=ORIENTED_EDGE('',*,*,#9451,.F.);
#9453=ORIENTED_EDGE('',*,*,#7122,.F.);
#9455=ORIENTED_EDGE('',*,*,#9454,.T.);
#9456=EDGE_LOOP('',(#9450,#9452,#9453,#9455));
#9457=FACE_OUTER_BOUND('',#9456,.F.);
#9458=ADVANCED_FACE('',(#9457),#9449,.F.);
#9459=CARTESIAN_POINT('',(2.718092912984E1,-1.481E2,4.902898779077E1));
#9460=DIRECTION('',(0.E0,1.E0,0.E0));
#9461=DIRECTION('',(9.135454576426E-1,0.E0,-4.067366430758E-1));
#9462=AXIS2_PLACEMENT_3D('',#9459,#9460,#9461);
#9463=CYLINDRICAL_SURFACE('',#9462,1.5E-1);
#9464=ORIENTED_EDGE('',*,*,#6296,.T.);
#9465=ORIENTED_EDGE('',*,*,#9454,.F.);
#9466=ORIENTED_EDGE('',*,*,#7124,.F.);
#9467=ORIENTED_EDGE('',*,*,#9451,.T.);
#9468=EDGE_LOOP('',(#9464,#9465,#9466,#9467));
#9469=FACE_OUTER_BOUND('',#9468,.F.);
#9470=ADVANCED_FACE('',(#9469),#9463,.F.);
#9471=CARTESIAN_POINT('',(2.693138580550E1,-1.481E2,4.859676607432E1));
#9472=DIRECTION('',(0.E0,1.E0,0.E0));
#9473=DIRECTION('',(8.090169943749E-1,0.E0,-5.877852522925E-1));
#9474=AXIS2_PLACEMENT_3D('',#9471,#9472,#9473);
#9475=CYLINDRICAL_SURFACE('',#9474,1.5E-1);
#9476=ORIENTED_EDGE('',*,*,#6300,.T.);
#9478=ORIENTED_EDGE('',*,*,#9477,.F.);
#9479=ORIENTED_EDGE('',*,*,#7128,.F.);
#9481=ORIENTED_EDGE('',*,*,#9480,.T.);
#9482=EDGE_LOOP('',(#9476,#9478,#9479,#9481));
#9483=FACE_OUTER_BOUND('',#9482,.F.);
#9484=ADVANCED_FACE('',(#9483),#9475,.F.);
#9485=CARTESIAN_POINT('',(2.693138580550E1,-1.481E2,4.859676607432E1));
#9486=DIRECTION('',(0.E0,1.E0,0.E0));
#9487=DIRECTION('',(8.090169943749E-1,0.E0,-5.877852522925E-1));
#9488=AXIS2_PLACEMENT_3D('',#9485,#9486,#9487);
#9489=CYLINDRICAL_SURFACE('',#9488,1.5E-1);
#9490=ORIENTED_EDGE('',*,*,#6302,.T.);
#9491=ORIENTED_EDGE('',*,*,#9480,.F.);
#9492=ORIENTED_EDGE('',*,*,#7130,.F.);
#9493=ORIENTED_EDGE('',*,*,#9477,.T.);
#9494=EDGE_LOOP('',(#9490,#9491,#9492,#9493));
#9495=FACE_OUTER_BOUND('',#9494,.F.);
#9496=ADVANCED_FACE('',(#9495),#9489,.F.);
#9497=CARTESIAN_POINT('',(2.659743165364E1,-1.481E2,4.822587241388E1));
#9498=DIRECTION('',(0.E0,1.E0,0.E0));
#9499=DIRECTION('',(6.691306063589E-1,0.E0,-7.431448254774E-1));
#9500=AXIS2_PLACEMENT_3D('',#9497,#9498,#9499);
#9501=CYLINDRICAL_SURFACE('',#9500,1.5E-1);
#9502=ORIENTED_EDGE('',*,*,#6306,.T.);
#9504=ORIENTED_EDGE('',*,*,#9503,.F.);
#9505=ORIENTED_EDGE('',*,*,#7134,.F.);
#9507=ORIENTED_EDGE('',*,*,#9506,.T.);
#9508=EDGE_LOOP('',(#9502,#9504,#9505,#9507));
#9509=FACE_OUTER_BOUND('',#9508,.F.);
#9510=ADVANCED_FACE('',(#9509),#9501,.F.);
#9511=CARTESIAN_POINT('',(2.659743165364E1,-1.481E2,4.822587241388E1));
#9512=DIRECTION('',(0.E0,1.E0,0.E0));
#9513=DIRECTION('',(6.691306063589E-1,0.E0,-7.431448254774E-1));
#9514=AXIS2_PLACEMENT_3D('',#9511,#9512,#9513);
#9515=CYLINDRICAL_SURFACE('',#9514,1.5E-1);
#9516=ORIENTED_EDGE('',*,*,#6308,.T.);
#9517=ORIENTED_EDGE('',*,*,#9506,.F.);
#9518=ORIENTED_EDGE('',*,*,#7136,.F.);
#9519=ORIENTED_EDGE('',*,*,#9503,.T.);
#9520=EDGE_LOOP('',(#9516,#9517,#9518,#9519));
#9521=FACE_OUTER_BOUND('',#9520,.F.);
#9522=ADVANCED_FACE('',(#9521),#9515,.F.);
#9523=CARTESIAN_POINT('',(2.619366207319E1,-1.481E2,4.793251664217E1));
#9524=DIRECTION('',(0.E0,1.E0,0.E0));
#9525=DIRECTION('',(5.E-1,0.E0,-8.660254037844E-1));
#9526=AXIS2_PLACEMENT_3D('',#9523,#9524,#9525);
#9527=CYLINDRICAL_SURFACE('',#9526,1.5E-1);
#9528=ORIENTED_EDGE('',*,*,#6312,.T.);
#9530=ORIENTED_EDGE('',*,*,#9529,.F.);
#9531=ORIENTED_EDGE('',*,*,#7140,.F.);
#9533=ORIENTED_EDGE('',*,*,#9532,.T.);
#9534=EDGE_LOOP('',(#9528,#9530,#9531,#9533));
#9535=FACE_OUTER_BOUND('',#9534,.F.);
#9536=ADVANCED_FACE('',(#9535),#9527,.F.);
#9537=CARTESIAN_POINT('',(2.619366207319E1,-1.481E2,4.793251664217E1));
#9538=DIRECTION('',(0.E0,1.E0,0.E0));
#9539=DIRECTION('',(5.E-1,0.E0,-8.660254037844E-1));
#9540=AXIS2_PLACEMENT_3D('',#9537,#9538,#9539);
#9541=CYLINDRICAL_SURFACE('',#9540,1.5E-1);
#9542=ORIENTED_EDGE('',*,*,#6314,.T.);
#9543=ORIENTED_EDGE('',*,*,#9532,.F.);
#9544=ORIENTED_EDGE('',*,*,#7142,.F.);
#9545=ORIENTED_EDGE('',*,*,#9529,.T.);
#9546=EDGE_LOOP('',(#9542,#9543,#9544,#9545));
#9547=FACE_OUTER_BOUND('',#9546,.F.);
#9548=ADVANCED_FACE('',(#9547),#9541,.F.);
#9549=CARTESIAN_POINT('',(2.573772373231E1,-1.481E2,4.772951981408E1));
#9550=DIRECTION('',(0.E0,1.E0,0.E0));
#9551=DIRECTION('',(3.090169943749E-1,0.E0,-9.510565162952E-1));
#9552=AXIS2_PLACEMENT_3D('',#9549,#9550,#9551);
#9553=CYLINDRICAL_SURFACE('',#9552,1.5E-1);
#9554=ORIENTED_EDGE('',*,*,#6318,.T.);
#9556=ORIENTED_EDGE('',*,*,#9555,.F.);
#9557=ORIENTED_EDGE('',*,*,#7146,.F.);
#9559=ORIENTED_EDGE('',*,*,#9558,.T.);
#9560=EDGE_LOOP('',(#9554,#9556,#9557,#9559));
#9561=FACE_OUTER_BOUND('',#9560,.F.);
#9562=ADVANCED_FACE('',(#9561),#9553,.F.);
#9563=CARTESIAN_POINT('',(2.573772373231E1,-1.481E2,4.772951981408E1));
#9564=DIRECTION('',(0.E0,1.E0,0.E0));
#9565=DIRECTION('',(3.090169943749E-1,0.E0,-9.510565162952E-1));
#9566=AXIS2_PLACEMENT_3D('',#9563,#9564,#9565);
#9567=CYLINDRICAL_SURFACE('',#9566,1.5E-1);
#9568=ORIENTED_EDGE('',*,*,#6320,.T.);
#9569=ORIENTED_EDGE('',*,*,#9558,.F.);
#9570=ORIENTED_EDGE('',*,*,#7148,.F.);
#9571=ORIENTED_EDGE('',*,*,#9555,.T.);
#9572=EDGE_LOOP('',(#9568,#9569,#9570,#9571));
#9573=FACE_OUTER_BOUND('',#9572,.F.);
#9574=ADVANCED_FACE('',(#9573),#9567,.F.);
#9575=CARTESIAN_POINT('',(2.524954332434E1,-1.481E2,4.762575386509E1));
#9576=DIRECTION('',(0.E0,1.E0,0.E0));
#9577=DIRECTION('',(1.045284632677E-1,0.E0,-9.945218953683E-1));
#9578=AXIS2_PLACEMENT_3D('',#9575,#9576,#9577);
#9579=CYLINDRICAL_SURFACE('',#9578,1.5E-1);
#9580=ORIENTED_EDGE('',*,*,#6324,.T.);
#9582=ORIENTED_EDGE('',*,*,#9581,.F.);
#9583=ORIENTED_EDGE('',*,*,#7152,.F.);
#9585=ORIENTED_EDGE('',*,*,#9584,.T.);
#9586=EDGE_LOOP('',(#9580,#9582,#9583,#9585));
#9587=FACE_OUTER_BOUND('',#9586,.F.);
#9588=ADVANCED_FACE('',(#9587),#9579,.F.);
#9589=CARTESIAN_POINT('',(2.524954332434E1,-1.481E2,4.762575386509E1));
#9590=DIRECTION('',(0.E0,1.E0,0.E0));
#9591=DIRECTION('',(1.045284632677E-1,0.E0,-9.945218953683E-1));
#9592=AXIS2_PLACEMENT_3D('',#9589,#9590,#9591);
#9593=CYLINDRICAL_SURFACE('',#9592,1.5E-1);
#9594=ORIENTED_EDGE('',*,*,#6326,.T.);
#9595=ORIENTED_EDGE('',*,*,#9584,.F.);
#9596=ORIENTED_EDGE('',*,*,#7154,.F.);
#9597=ORIENTED_EDGE('',*,*,#9581,.T.);
#9598=EDGE_LOOP('',(#9594,#9595,#9596,#9597));
#9599=FACE_OUTER_BOUND('',#9598,.F.);
#9600=ADVANCED_FACE('',(#9599),#9593,.F.);
#9601=CARTESIAN_POINT('',(2.475045667566E1,-1.481E2,4.762575386509E1));
#9602=DIRECTION('',(0.E0,1.E0,0.E0));
#9603=DIRECTION('',(-1.045284632677E-1,0.E0,-9.945218953683E-1));
#9604=AXIS2_PLACEMENT_3D('',#9601,#9602,#9603);
#9605=CYLINDRICAL_SURFACE('',#9604,1.5E-1);
#9606=ORIENTED_EDGE('',*,*,#6330,.T.);
#9608=ORIENTED_EDGE('',*,*,#9607,.F.);
#9609=ORIENTED_EDGE('',*,*,#7158,.F.);
#9611=ORIENTED_EDGE('',*,*,#9610,.T.);
#9612=EDGE_LOOP('',(#9606,#9608,#9609,#9611));
#9613=FACE_OUTER_BOUND('',#9612,.F.);
#9614=ADVANCED_FACE('',(#9613),#9605,.F.);
#9615=CARTESIAN_POINT('',(2.475045667566E1,-1.481E2,4.762575386509E1));
#9616=DIRECTION('',(0.E0,1.E0,0.E0));
#9617=DIRECTION('',(-1.045284632677E-1,0.E0,-9.945218953683E-1));
#9618=AXIS2_PLACEMENT_3D('',#9615,#9616,#9617);
#9619=CYLINDRICAL_SURFACE('',#9618,1.5E-1);
#9620=ORIENTED_EDGE('',*,*,#6332,.T.);
#9621=ORIENTED_EDGE('',*,*,#9610,.F.);
#9622=ORIENTED_EDGE('',*,*,#7160,.F.);
#9623=ORIENTED_EDGE('',*,*,#9607,.T.);
#9624=EDGE_LOOP('',(#9620,#9621,#9622,#9623));
#9625=FACE_OUTER_BOUND('',#9624,.F.);
#9626=ADVANCED_FACE('',(#9625),#9619,.F.);
#9627=CARTESIAN_POINT('',(2.426227626769E1,-1.481E2,4.772951981408E1));
#9628=DIRECTION('',(0.E0,1.E0,0.E0));
#9629=DIRECTION('',(-3.090169943749E-1,0.E0,-9.510565162952E-1));
#9630=AXIS2_PLACEMENT_3D('',#9627,#9628,#9629);
#9631=CYLINDRICAL_SURFACE('',#9630,1.5E-1);
#9632=ORIENTED_EDGE('',*,*,#6336,.T.);
#9634=ORIENTED_EDGE('',*,*,#9633,.F.);
#9635=ORIENTED_EDGE('',*,*,#7164,.F.);
#9637=ORIENTED_EDGE('',*,*,#9636,.T.);
#9638=EDGE_LOOP('',(#9632,#9634,#9635,#9637));
#9639=FACE_OUTER_BOUND('',#9638,.F.);
#9640=ADVANCED_FACE('',(#9639),#9631,.F.);
#9641=CARTESIAN_POINT('',(2.426227626769E1,-1.481E2,4.772951981408E1));
#9642=DIRECTION('',(0.E0,1.E0,0.E0));
#9643=DIRECTION('',(-3.090169943749E-1,0.E0,-9.510565162952E-1));
#9644=AXIS2_PLACEMENT_3D('',#9641,#9642,#9643);
#9645=CYLINDRICAL_SURFACE('',#9644,1.5E-1);
#9646=ORIENTED_EDGE('',*,*,#6338,.T.);
#9647=ORIENTED_EDGE('',*,*,#9636,.F.);
#9648=ORIENTED_EDGE('',*,*,#7166,.F.);
#9649=ORIENTED_EDGE('',*,*,#9633,.T.);
#9650=EDGE_LOOP('',(#9646,#9647,#9648,#9649));
#9651=FACE_OUTER_BOUND('',#9650,.F.);
#9652=ADVANCED_FACE('',(#9651),#9645,.F.);
#9653=CARTESIAN_POINT('',(2.380633792681E1,-1.481E2,4.793251664217E1));
#9654=DIRECTION('',(0.E0,1.E0,0.E0));
#9655=DIRECTION('',(-5.E-1,0.E0,-8.660254037844E-1));
#9656=AXIS2_PLACEMENT_3D('',#9653,#9654,#9655);
#9657=CYLINDRICAL_SURFACE('',#9656,1.5E-1);
#9658=ORIENTED_EDGE('',*,*,#6342,.T.);
#9660=ORIENTED_EDGE('',*,*,#9659,.F.);
#9661=ORIENTED_EDGE('',*,*,#7170,.F.);
#9663=ORIENTED_EDGE('',*,*,#9662,.T.);
#9664=EDGE_LOOP('',(#9658,#9660,#9661,#9663));
#9665=FACE_OUTER_BOUND('',#9664,.F.);
#9666=ADVANCED_FACE('',(#9665),#9657,.F.);
#9667=CARTESIAN_POINT('',(2.380633792681E1,-1.481E2,4.793251664217E1));
#9668=DIRECTION('',(0.E0,1.E0,0.E0));
#9669=DIRECTION('',(-5.E-1,0.E0,-8.660254037844E-1));
#9670=AXIS2_PLACEMENT_3D('',#9667,#9668,#9669);
#9671=CYLINDRICAL_SURFACE('',#9670,1.5E-1);
#9672=ORIENTED_EDGE('',*,*,#6344,.T.);
#9673=ORIENTED_EDGE('',*,*,#9662,.F.);
#9674=ORIENTED_EDGE('',*,*,#7172,.F.);
#9675=ORIENTED_EDGE('',*,*,#9659,.T.);
#9676=EDGE_LOOP('',(#9672,#9673,#9674,#9675));
#9677=FACE_OUTER_BOUND('',#9676,.F.);
#9678=ADVANCED_FACE('',(#9677),#9671,.F.);
#9679=CARTESIAN_POINT('',(2.340256834636E1,-1.481E2,4.822587241388E1));
#9680=DIRECTION('',(0.E0,1.E0,0.E0));
#9681=DIRECTION('',(-6.691306063589E-1,0.E0,-7.431448254774E-1));
#9682=AXIS2_PLACEMENT_3D('',#9679,#9680,#9681);
#9683=CYLINDRICAL_SURFACE('',#9682,1.5E-1);
#9684=ORIENTED_EDGE('',*,*,#6348,.T.);
#9686=ORIENTED_EDGE('',*,*,#9685,.F.);
#9687=ORIENTED_EDGE('',*,*,#7176,.F.);
#9689=ORIENTED_EDGE('',*,*,#9688,.T.);
#9690=EDGE_LOOP('',(#9684,#9686,#9687,#9689));
#9691=FACE_OUTER_BOUND('',#9690,.F.);
#9692=ADVANCED_FACE('',(#9691),#9683,.F.);
#9693=CARTESIAN_POINT('',(2.340256834636E1,-1.481E2,4.822587241388E1));
#9694=DIRECTION('',(0.E0,1.E0,0.E0));
#9695=DIRECTION('',(-6.691306063589E-1,0.E0,-7.431448254774E-1));
#9696=AXIS2_PLACEMENT_3D('',#9693,#9694,#9695);
#9697=CYLINDRICAL_SURFACE('',#9696,1.5E-1);
#9698=ORIENTED_EDGE('',*,*,#6350,.T.);
#9699=ORIENTED_EDGE('',*,*,#9688,.F.);
#9700=ORIENTED_EDGE('',*,*,#7178,.F.);
#9701=ORIENTED_EDGE('',*,*,#9685,.T.);
#9702=EDGE_LOOP('',(#9698,#9699,#9700,#9701));
#9703=FACE_OUTER_BOUND('',#9702,.F.);
#9704=ADVANCED_FACE('',(#9703),#9697,.F.);
#9705=CARTESIAN_POINT('',(2.306861419450E1,-1.481E2,4.859676607432E1));
#9706=DIRECTION('',(0.E0,1.E0,0.E0));
#9707=DIRECTION('',(-8.090169943749E-1,0.E0,-5.877852522925E-1));
#9708=AXIS2_PLACEMENT_3D('',#9705,#9706,#9707);
#9709=CYLINDRICAL_SURFACE('',#9708,1.5E-1);
#9710=ORIENTED_EDGE('',*,*,#6354,.T.);
#9712=ORIENTED_EDGE('',*,*,#9711,.F.);
#9713=ORIENTED_EDGE('',*,*,#7182,.F.);
#9715=ORIENTED_EDGE('',*,*,#9714,.T.);
#9716=EDGE_LOOP('',(#9710,#9712,#9713,#9715));
#9717=FACE_OUTER_BOUND('',#9716,.F.);
#9718=ADVANCED_FACE('',(#9717),#9709,.F.);
#9719=CARTESIAN_POINT('',(2.306861419450E1,-1.481E2,4.859676607432E1));
#9720=DIRECTION('',(0.E0,1.E0,0.E0));
#9721=DIRECTION('',(-8.090169943749E-1,0.E0,-5.877852522925E-1));
#9722=AXIS2_PLACEMENT_3D('',#9719,#9720,#9721);
#9723=CYLINDRICAL_SURFACE('',#9722,1.5E-1);
#9724=ORIENTED_EDGE('',*,*,#6356,.T.);
#9725=ORIENTED_EDGE('',*,*,#9714,.F.);
#9726=ORIENTED_EDGE('',*,*,#7184,.F.);
#9727=ORIENTED_EDGE('',*,*,#9711,.T.);
#9728=EDGE_LOOP('',(#9724,#9725,#9726,#9727));
#9729=FACE_OUTER_BOUND('',#9728,.F.);
#9730=ADVANCED_FACE('',(#9729),#9723,.F.);
#9731=CARTESIAN_POINT('',(2.281907087016E1,-1.481E2,4.902898779077E1));
#9732=DIRECTION('',(0.E0,1.E0,0.E0));
#9733=DIRECTION('',(-9.135454576426E-1,0.E0,-4.067366430758E-1));
#9734=AXIS2_PLACEMENT_3D('',#9731,#9732,#9733);
#9735=CYLINDRICAL_SURFACE('',#9734,1.5E-1);
#9736=ORIENTED_EDGE('',*,*,#6360,.T.);
#9738=ORIENTED_EDGE('',*,*,#9737,.F.);
#9739=ORIENTED_EDGE('',*,*,#7188,.F.);
#9741=ORIENTED_EDGE('',*,*,#9740,.T.);
#9742=EDGE_LOOP('',(#9736,#9738,#9739,#9741));
#9743=FACE_OUTER_BOUND('',#9742,.F.);
#9744=ADVANCED_FACE('',(#9743),#9735,.F.);
#9745=CARTESIAN_POINT('',(2.281907087016E1,-1.481E2,4.902898779077E1));
#9746=DIRECTION('',(0.E0,1.E0,0.E0));
#9747=DIRECTION('',(-9.135454576426E-1,0.E0,-4.067366430758E-1));
#9748=AXIS2_PLACEMENT_3D('',#9745,#9746,#9747);
#9749=CYLINDRICAL_SURFACE('',#9748,1.5E-1);
#9750=ORIENTED_EDGE('',*,*,#6362,.T.);
#9751=ORIENTED_EDGE('',*,*,#9740,.F.);
#9752=ORIENTED_EDGE('',*,*,#7190,.F.);
#9753=ORIENTED_EDGE('',*,*,#9737,.T.);
#9754=EDGE_LOOP('',(#9750,#9751,#9752,#9753));
#9755=FACE_OUTER_BOUND('',#9754,.F.);
#9756=ADVANCED_FACE('',(#9755),#9749,.F.);
#9757=CARTESIAN_POINT('',(2.266484461405E1,-1.481E2,4.950364740020E1));
#9758=DIRECTION('',(0.E0,1.E0,0.E0));
#9759=DIRECTION('',(-9.781476007338E-1,0.E0,-2.079116908178E-1));
#9760=AXIS2_PLACEMENT_3D('',#9757,#9758,#9759);
#9761=CYLINDRICAL_SURFACE('',#9760,1.5E-1);
#9762=ORIENTED_EDGE('',*,*,#6366,.T.);
#9764=ORIENTED_EDGE('',*,*,#9763,.F.);
#9765=ORIENTED_EDGE('',*,*,#7194,.F.);
#9767=ORIENTED_EDGE('',*,*,#9766,.T.);
#9768=EDGE_LOOP('',(#9762,#9764,#9765,#9767));
#9769=FACE_OUTER_BOUND('',#9768,.F.);
#9770=ADVANCED_FACE('',(#9769),#9761,.F.);
#9771=CARTESIAN_POINT('',(2.266484461405E1,-1.481E2,4.950364740020E1));
#9772=DIRECTION('',(0.E0,1.E0,0.E0));
#9773=DIRECTION('',(-9.781476007338E-1,0.E0,-2.079116908178E-1));
#9774=AXIS2_PLACEMENT_3D('',#9771,#9772,#9773);
#9775=CYLINDRICAL_SURFACE('',#9774,1.5E-1);
#9776=ORIENTED_EDGE('',*,*,#6368,.T.);
#9777=ORIENTED_EDGE('',*,*,#9766,.F.);
#9778=ORIENTED_EDGE('',*,*,#7196,.F.);
#9779=ORIENTED_EDGE('',*,*,#9763,.T.);
#9780=EDGE_LOOP('',(#9776,#9777,#9778,#9779));
#9781=FACE_OUTER_BOUND('',#9780,.F.);
#9782=ADVANCED_FACE('',(#9781),#9775,.F.);
#9783=CARTESIAN_POINT('',(2.213521102435E1,-1.481E2,5.E1));
#9784=DIRECTION('',(0.E0,1.E0,0.E0));
#9785=DIRECTION('',(-1.E0,0.E0,0.E0));
#9786=AXIS2_PLACEMENT_3D('',#9783,#9784,#9785);
#9787=CYLINDRICAL_SURFACE('',#9786,1.5E-1);
#9788=ORIENTED_EDGE('',*,*,#6372,.T.);
#9790=ORIENTED_EDGE('',*,*,#9789,.F.);
#9791=ORIENTED_EDGE('',*,*,#7200,.F.);
#9793=ORIENTED_EDGE('',*,*,#9792,.T.);
#9794=EDGE_LOOP('',(#9788,#9790,#9791,#9793));
#9795=FACE_OUTER_BOUND('',#9794,.F.);
#9796=ADVANCED_FACE('',(#9795),#9787,.F.);
#9797=CARTESIAN_POINT('',(2.213521102435E1,-1.481E2,5.E1));
#9798=DIRECTION('',(0.E0,1.E0,0.E0));
#9799=DIRECTION('',(-1.E0,0.E0,0.E0));
#9800=AXIS2_PLACEMENT_3D('',#9797,#9798,#9799);
#9801=CYLINDRICAL_SURFACE('',#9800,1.5E-1);
#9802=ORIENTED_EDGE('',*,*,#6374,.T.);
#9803=ORIENTED_EDGE('',*,*,#9792,.F.);
#9804=ORIENTED_EDGE('',*,*,#7202,.F.);
#9805=ORIENTED_EDGE('',*,*,#9789,.T.);
#9806=EDGE_LOOP('',(#9802,#9803,#9804,#9805));
#9807=FACE_OUTER_BOUND('',#9806,.F.);
#9808=ADVANCED_FACE('',(#9807),#9801,.F.);
#9809=CARTESIAN_POINT('',(2.217873360603E1,-1.481E2,5.049746538502E1));
#9810=DIRECTION('',(0.E0,1.E0,0.E0));
#9811=DIRECTION('',(-9.848077530122E-1,0.E0,1.736481776669E-1));
#9812=AXIS2_PLACEMENT_3D('',#9809,#9810,#9811);
#9813=CYLINDRICAL_SURFACE('',#9812,1.5E-1);
#9814=ORIENTED_EDGE('',*,*,#6378,.T.);
#9816=ORIENTED_EDGE('',*,*,#9815,.F.);
#9817=ORIENTED_EDGE('',*,*,#7206,.F.);
#9819=ORIENTED_EDGE('',*,*,#9818,.T.);
#9820=EDGE_LOOP('',(#9814,#9816,#9817,#9819));
#9821=FACE_OUTER_BOUND('',#9820,.F.);
#9822=ADVANCED_FACE('',(#9821),#9813,.F.);
#9823=CARTESIAN_POINT('',(2.217873360603E1,-1.481E2,5.049746538502E1));
#9824=DIRECTION('',(0.E0,1.E0,0.E0));
#9825=DIRECTION('',(-9.848077530122E-1,0.E0,1.736481776669E-1));
#9826=AXIS2_PLACEMENT_3D('',#9823,#9824,#9825);
#9827=CYLINDRICAL_SURFACE('',#9826,1.5E-1);
#9828=ORIENTED_EDGE('',*,*,#6380,.T.);
#9829=ORIENTED_EDGE('',*,*,#9818,.F.);
#9830=ORIENTED_EDGE('',*,*,#7208,.F.);
#9831=ORIENTED_EDGE('',*,*,#9815,.T.);
#9832=EDGE_LOOP('',(#9828,#9829,#9830,#9831));
#9833=FACE_OUTER_BOUND('',#9832,.F.);
#9834=ADVANCED_FACE('',(#9833),#9827,.F.);
#9835=CARTESIAN_POINT('',(2.230797893947E1,-1.481E2,5.097981553605E1));
#9836=DIRECTION('',(0.E0,1.E0,0.E0));
#9837=DIRECTION('',(-9.396926207859E-1,0.E0,3.420201433257E-1));
#9838=AXIS2_PLACEMENT_3D('',#9835,#9836,#9837);
#9839=CYLINDRICAL_SURFACE('',#9838,1.5E-1);
#9840=ORIENTED_EDGE('',*,*,#6384,.T.);
#9842=ORIENTED_EDGE('',*,*,#9841,.F.);
#9843=ORIENTED_EDGE('',*,*,#7212,.F.);
#9845=ORIENTED_EDGE('',*,*,#9844,.T.);
#9846=EDGE_LOOP('',(#9840,#9842,#9843,#9845));
#9847=FACE_OUTER_BOUND('',#9846,.F.);
#9848=ADVANCED_FACE('',(#9847),#9839,.F.);
#9849=CARTESIAN_POINT('',(2.230797893947E1,-1.481E2,5.097981553605E1));
#9850=DIRECTION('',(0.E0,1.E0,0.E0));
#9851=DIRECTION('',(-9.396926207859E-1,0.E0,3.420201433257E-1));
#9852=AXIS2_PLACEMENT_3D('',#9849,#9850,#9851);
#9853=CYLINDRICAL_SURFACE('',#9852,1.5E-1);
#9854=ORIENTED_EDGE('',*,*,#6386,.T.);
#9855=ORIENTED_EDGE('',*,*,#9844,.F.);
#9856=ORIENTED_EDGE('',*,*,#7214,.F.);
#9857=ORIENTED_EDGE('',*,*,#9841,.T.);
#9858=EDGE_LOOP('',(#9854,#9855,#9856,#9857));
#9859=FACE_OUTER_BOUND('',#9858,.F.);
#9860=ADVANCED_FACE('',(#9859),#9853,.F.);
#9861=CARTESIAN_POINT('',(2.251901997060E1,-1.481E2,5.143239448783E1));
#9862=DIRECTION('',(0.E0,1.E0,0.E0));
#9863=DIRECTION('',(-8.660254037844E-1,0.E0,5.E-1));
#9864=AXIS2_PLACEMENT_3D('',#9861,#9862,#9863);
#9865=CYLINDRICAL_SURFACE('',#9864,1.5E-1);
#9866=ORIENTED_EDGE('',*,*,#6390,.T.);
#9868=ORIENTED_EDGE('',*,*,#9867,.F.);
#9869=ORIENTED_EDGE('',*,*,#7218,.F.);
#9871=ORIENTED_EDGE('',*,*,#9870,.T.);
#9872=EDGE_LOOP('',(#9866,#9868,#9869,#9871));
#9873=FACE_OUTER_BOUND('',#9872,.F.);
#9874=ADVANCED_FACE('',(#9873),#9865,.F.);
#9875=CARTESIAN_POINT('',(2.251901997060E1,-1.481E2,5.143239448783E1));
#9876=DIRECTION('',(0.E0,1.E0,0.E0));
#9877=DIRECTION('',(-8.660254037844E-1,0.E0,5.E-1));
#9878=AXIS2_PLACEMENT_3D('',#9875,#9876,#9877);
#9879=CYLINDRICAL_SURFACE('',#9878,1.5E-1);
#9880=ORIENTED_EDGE('',*,*,#6392,.T.);
#9881=ORIENTED_EDGE('',*,*,#9870,.F.);
#9882=ORIENTED_EDGE('',*,*,#7220,.F.);
#9883=ORIENTED_EDGE('',*,*,#9867,.T.);
#9884=EDGE_LOOP('',(#9880,#9881,#9882,#9883));
#9885=FACE_OUTER_BOUND('',#9884,.F.);
#9886=ADVANCED_FACE('',(#9885),#9879,.F.);
#9887=CARTESIAN_POINT('',(2.280544432449E1,-1.481E2,5.184145085792E1));
#9888=DIRECTION('',(0.E0,1.E0,0.E0));
#9889=DIRECTION('',(-7.660444431190E-1,0.E0,6.427876096865E-1));
#9890=AXIS2_PLACEMENT_3D('',#9887,#9888,#9889);
#9891=CYLINDRICAL_SURFACE('',#9890,1.5E-1);
#9892=ORIENTED_EDGE('',*,*,#6396,.T.);
#9894=ORIENTED_EDGE('',*,*,#9893,.F.);
#9895=ORIENTED_EDGE('',*,*,#7224,.F.);
#9897=ORIENTED_EDGE('',*,*,#9896,.T.);
#9898=EDGE_LOOP('',(#9892,#9894,#9895,#9897));
#9899=FACE_OUTER_BOUND('',#9898,.F.);
#9900=ADVANCED_FACE('',(#9899),#9891,.F.);
#9901=CARTESIAN_POINT('',(2.280544432449E1,-1.481E2,5.184145085792E1));
#9902=DIRECTION('',(0.E0,1.E0,0.E0));
#9903=DIRECTION('',(-7.660444431190E-1,0.E0,6.427876096865E-1));
#9904=AXIS2_PLACEMENT_3D('',#9901,#9902,#9903);
#9905=CYLINDRICAL_SURFACE('',#9904,1.5E-1);
#9906=ORIENTED_EDGE('',*,*,#6398,.T.);
#9907=ORIENTED_EDGE('',*,*,#9896,.F.);
#9908=ORIENTED_EDGE('',*,*,#7226,.F.);
#9909=ORIENTED_EDGE('',*,*,#9893,.T.);
#9910=EDGE_LOOP('',(#9906,#9907,#9908,#9909));
#9911=FACE_OUTER_BOUND('',#9910,.F.);
#9912=ADVANCED_FACE('',(#9911),#9905,.F.);
#9913=CARTESIAN_POINT('',(2.315854914208E1,-1.481E2,5.219455567551E1));
#9914=DIRECTION('',(0.E0,1.E0,0.E0));
#9915=DIRECTION('',(-6.427876096865E-1,0.E0,7.660444431190E-1));
#9916=AXIS2_PLACEMENT_3D('',#9913,#9914,#9915);
#9917=CYLINDRICAL_SURFACE('',#9916,1.5E-1);
#9918=ORIENTED_EDGE('',*,*,#6402,.T.);
#9920=ORIENTED_EDGE('',*,*,#9919,.F.);
#9921=ORIENTED_EDGE('',*,*,#7230,.F.);
#9923=ORIENTED_EDGE('',*,*,#9922,.T.);
#9924=EDGE_LOOP('',(#9918,#9920,#9921,#9923));
#9925=FACE_OUTER_BOUND('',#9924,.F.);
#9926=ADVANCED_FACE('',(#9925),#9917,.F.);
#9927=CARTESIAN_POINT('',(2.315854914208E1,-1.481E2,5.219455567551E1));
#9928=DIRECTION('',(0.E0,1.E0,0.E0));
#9929=DIRECTION('',(-6.427876096865E-1,0.E0,7.660444431190E-1));
#9930=AXIS2_PLACEMENT_3D('',#9927,#9928,#9929);
#9931=CYLINDRICAL_SURFACE('',#9930,1.5E-1);
#9932=ORIENTED_EDGE('',*,*,#6404,.T.);
#9933=ORIENTED_EDGE('',*,*,#9922,.F.);
#9934=ORIENTED_EDGE('',*,*,#7232,.F.);
#9935=ORIENTED_EDGE('',*,*,#9919,.T.);
#9936=EDGE_LOOP('',(#9932,#9933,#9934,#9935));
#9937=FACE_OUTER_BOUND('',#9936,.F.);
#9938=ADVANCED_FACE('',(#9937),#9931,.F.);
#9939=CARTESIAN_POINT('',(2.356760551217E1,-1.481E2,5.248098002940E1));
#9940=DIRECTION('',(0.E0,1.E0,0.E0));
#9941=DIRECTION('',(-5.E-1,0.E0,8.660254037844E-1));
#9942=AXIS2_PLACEMENT_3D('',#9939,#9940,#9941);
#9943=CYLINDRICAL_SURFACE('',#9942,1.5E-1);
#9944=ORIENTED_EDGE('',*,*,#6408,.T.);
#9946=ORIENTED_EDGE('',*,*,#9945,.F.);
#9947=ORIENTED_EDGE('',*,*,#7236,.F.);
#9949=ORIENTED_EDGE('',*,*,#9948,.T.);
#9950=EDGE_LOOP('',(#9944,#9946,#9947,#9949));
#9951=FACE_OUTER_BOUND('',#9950,.F.);
#9952=ADVANCED_FACE('',(#9951),#9943,.F.);
#9953=CARTESIAN_POINT('',(2.356760551217E1,-1.481E2,5.248098002940E1));
#9954=DIRECTION('',(0.E0,1.E0,0.E0));
#9955=DIRECTION('',(-5.E-1,0.E0,8.660254037844E-1));
#9956=AXIS2_PLACEMENT_3D('',#9953,#9954,#9955);
#9957=CYLINDRICAL_SURFACE('',#9956,1.5E-1);
#9958=ORIENTED_EDGE('',*,*,#6410,.T.);
#9959=ORIENTED_EDGE('',*,*,#9948,.F.);
#9960=ORIENTED_EDGE('',*,*,#7238,.F.);
#9961=ORIENTED_EDGE('',*,*,#9945,.T.);
#9962=EDGE_LOOP('',(#9958,#9959,#9960,#9961));
#9963=FACE_OUTER_BOUND('',#9962,.F.);
#9964=ADVANCED_FACE('',(#9963),#9957,.F.);
#9965=CARTESIAN_POINT('',(2.402018446395E1,-1.481E2,5.269202106053E1));
#9966=DIRECTION('',(0.E0,1.E0,0.E0));
#9967=DIRECTION('',(-3.420201433257E-1,0.E0,9.396926207859E-1));
#9968=AXIS2_PLACEMENT_3D('',#9965,#9966,#9967);
#9969=CYLINDRICAL_SURFACE('',#9968,1.5E-1);
#9970=ORIENTED_EDGE('',*,*,#6414,.T.);
#9972=ORIENTED_EDGE('',*,*,#9971,.F.);
#9973=ORIENTED_EDGE('',*,*,#7242,.F.);
#9975=ORIENTED_EDGE('',*,*,#9974,.T.);
#9976=EDGE_LOOP('',(#9970,#9972,#9973,#9975));
#9977=FACE_OUTER_BOUND('',#9976,.F.);
#9978=ADVANCED_FACE('',(#9977),#9969,.F.);
#9979=CARTESIAN_POINT('',(2.402018446395E1,-1.481E2,5.269202106053E1));
#9980=DIRECTION('',(0.E0,1.E0,0.E0));
#9981=DIRECTION('',(-3.420201433257E-1,0.E0,9.396926207859E-1));
#9982=AXIS2_PLACEMENT_3D('',#9979,#9980,#9981);
#9983=CYLINDRICAL_SURFACE('',#9982,1.5E-1);
#9984=ORIENTED_EDGE('',*,*,#6416,.T.);
#9985=ORIENTED_EDGE('',*,*,#9974,.F.);
#9986=ORIENTED_EDGE('',*,*,#7244,.F.);
#9987=ORIENTED_EDGE('',*,*,#9971,.T.);
#9988=EDGE_LOOP('',(#9984,#9985,#9986,#9987));
#9989=FACE_OUTER_BOUND('',#9988,.F.);
#9990=ADVANCED_FACE('',(#9989),#9983,.F.);
#9991=CARTESIAN_POINT('',(2.450253461498E1,-1.481E2,5.282126639397E1));
#9992=DIRECTION('',(0.E0,1.E0,0.E0));
#9993=DIRECTION('',(-1.736481776669E-1,0.E0,9.848077530122E-1));
#9994=AXIS2_PLACEMENT_3D('',#9991,#9992,#9993);
#9995=CYLINDRICAL_SURFACE('',#9994,1.5E-1);
#9996=ORIENTED_EDGE('',*,*,#6420,.T.);
#9998=ORIENTED_EDGE('',*,*,#9997,.F.);
#9999=ORIENTED_EDGE('',*,*,#7248,.F.);
#10001=ORIENTED_EDGE('',*,*,#10000,.T.);
#10002=EDGE_LOOP('',(#9996,#9998,#9999,#10001));
#10003=FACE_OUTER_BOUND('',#10002,.F.);
#10004=ADVANCED_FACE('',(#10003),#9995,.F.);
#10005=CARTESIAN_POINT('',(2.450253461498E1,-1.481E2,5.282126639397E1));
#10006=DIRECTION('',(0.E0,1.E0,0.E0));
#10007=DIRECTION('',(-1.736481776669E-1,0.E0,9.848077530122E-1));
#10008=AXIS2_PLACEMENT_3D('',#10005,#10006,#10007);
#10009=CYLINDRICAL_SURFACE('',#10008,1.5E-1);
#10010=ORIENTED_EDGE('',*,*,#6422,.T.);
#10011=ORIENTED_EDGE('',*,*,#10000,.F.);
#10012=ORIENTED_EDGE('',*,*,#7250,.F.);
#10013=ORIENTED_EDGE('',*,*,#9997,.T.);
#10014=EDGE_LOOP('',(#10010,#10011,#10012,#10013));
#10015=FACE_OUTER_BOUND('',#10014,.F.);
#10016=ADVANCED_FACE('',(#10015),#10009,.F.);
#10017=CARTESIAN_POINT('',(2.5E1,-1.481E2,5.286478897565E1));
#10018=DIRECTION('',(0.E0,1.E0,0.E0));
#10019=DIRECTION('',(0.E0,0.E0,1.E0));
#10020=AXIS2_PLACEMENT_3D('',#10017,#10018,#10019);
#10021=CYLINDRICAL_SURFACE('',#10020,1.5E-1);
#10022=ORIENTED_EDGE('',*,*,#6426,.T.);
#10024=ORIENTED_EDGE('',*,*,#10023,.F.);
#10025=ORIENTED_EDGE('',*,*,#7254,.F.);
#10027=ORIENTED_EDGE('',*,*,#10026,.T.);
#10028=EDGE_LOOP('',(#10022,#10024,#10025,#10027));
#10029=FACE_OUTER_BOUND('',#10028,.F.);
#10030=ADVANCED_FACE('',(#10029),#10021,.F.);
#10031=CARTESIAN_POINT('',(2.5E1,-1.481E2,5.286478897565E1));
#10032=DIRECTION('',(0.E0,1.E0,0.E0));
#10033=DIRECTION('',(0.E0,0.E0,1.E0));
#10034=AXIS2_PLACEMENT_3D('',#10031,#10032,#10033);
#10035=CYLINDRICAL_SURFACE('',#10034,1.5E-1);
#10036=ORIENTED_EDGE('',*,*,#6428,.T.);
#10037=ORIENTED_EDGE('',*,*,#10026,.F.);
#10038=ORIENTED_EDGE('',*,*,#7256,.F.);
#10039=ORIENTED_EDGE('',*,*,#10023,.T.);
#10040=EDGE_LOOP('',(#10036,#10037,#10038,#10039));
#10041=FACE_OUTER_BOUND('',#10040,.F.);
#10042=ADVANCED_FACE('',(#10041),#10035,.F.);
#10043=CARTESIAN_POINT('',(2.549746538502E1,-1.481E2,5.282126639397E1));
#10044=DIRECTION('',(0.E0,1.E0,0.E0));
#10045=DIRECTION('',(1.736481776669E-1,0.E0,9.848077530122E-1));
#10046=AXIS2_PLACEMENT_3D('',#10043,#10044,#10045);
#10047=CYLINDRICAL_SURFACE('',#10046,1.5E-1);
#10048=ORIENTED_EDGE('',*,*,#6432,.T.);
#10050=ORIENTED_EDGE('',*,*,#10049,.F.);
#10051=ORIENTED_EDGE('',*,*,#7260,.F.);
#10053=ORIENTED_EDGE('',*,*,#10052,.T.);
#10054=EDGE_LOOP('',(#10048,#10050,#10051,#10053));
#10055=FACE_OUTER_BOUND('',#10054,.F.);
#10056=ADVANCED_FACE('',(#10055),#10047,.F.);
#10057=CARTESIAN_POINT('',(2.549746538502E1,-1.481E2,5.282126639397E1));
#10058=DIRECTION('',(0.E0,1.E0,0.E0));
#10059=DIRECTION('',(1.736481776669E-1,0.E0,9.848077530122E-1));
#10060=AXIS2_PLACEMENT_3D('',#10057,#10058,#10059);
#10061=CYLINDRICAL_SURFACE('',#10060,1.5E-1);
#10062=ORIENTED_EDGE('',*,*,#6434,.T.);
#10063=ORIENTED_EDGE('',*,*,#10052,.F.);
#10064=ORIENTED_EDGE('',*,*,#7262,.F.);
#10065=ORIENTED_EDGE('',*,*,#10049,.T.);
#10066=EDGE_LOOP('',(#10062,#10063,#10064,#10065));
#10067=FACE_OUTER_BOUND('',#10066,.F.);
#10068=ADVANCED_FACE('',(#10067),#10061,.F.);
#10069=CARTESIAN_POINT('',(2.597981553605E1,-1.481E2,5.269202106053E1));
#10070=DIRECTION('',(0.E0,1.E0,0.E0));
#10071=DIRECTION('',(3.420201433257E-1,0.E0,9.396926207859E-1));
#10072=AXIS2_PLACEMENT_3D('',#10069,#10070,#10071);
#10073=CYLINDRICAL_SURFACE('',#10072,1.5E-1);
#10074=ORIENTED_EDGE('',*,*,#6438,.T.);
#10076=ORIENTED_EDGE('',*,*,#10075,.F.);
#10077=ORIENTED_EDGE('',*,*,#7266,.F.);
#10079=ORIENTED_EDGE('',*,*,#10078,.T.);
#10080=EDGE_LOOP('',(#10074,#10076,#10077,#10079));
#10081=FACE_OUTER_BOUND('',#10080,.F.);
#10082=ADVANCED_FACE('',(#10081),#10073,.F.);
#10083=CARTESIAN_POINT('',(2.597981553605E1,-1.481E2,5.269202106053E1));
#10084=DIRECTION('',(0.E0,1.E0,0.E0));
#10085=DIRECTION('',(3.420201433257E-1,0.E0,9.396926207859E-1));
#10086=AXIS2_PLACEMENT_3D('',#10083,#10084,#10085);
#10087=CYLINDRICAL_SURFACE('',#10086,1.5E-1);
#10088=ORIENTED_EDGE('',*,*,#6440,.T.);
#10089=ORIENTED_EDGE('',*,*,#10078,.F.);
#10090=ORIENTED_EDGE('',*,*,#7268,.F.);
#10091=ORIENTED_EDGE('',*,*,#10075,.T.);
#10092=EDGE_LOOP('',(#10088,#10089,#10090,#10091));
#10093=FACE_OUTER_BOUND('',#10092,.F.);
#10094=ADVANCED_FACE('',(#10093),#10087,.F.);
#10095=CARTESIAN_POINT('',(2.643239448783E1,-1.481E2,5.248098002940E1));
#10096=DIRECTION('',(0.E0,1.E0,0.E0));
#10097=DIRECTION('',(5.E-1,0.E0,8.660254037844E-1));
#10098=AXIS2_PLACEMENT_3D('',#10095,#10096,#10097);
#10099=CYLINDRICAL_SURFACE('',#10098,1.5E-1);
#10100=ORIENTED_EDGE('',*,*,#6444,.T.);
#10102=ORIENTED_EDGE('',*,*,#10101,.F.);
#10103=ORIENTED_EDGE('',*,*,#7272,.F.);
#10105=ORIENTED_EDGE('',*,*,#10104,.T.);
#10106=EDGE_LOOP('',(#10100,#10102,#10103,#10105));
#10107=FACE_OUTER_BOUND('',#10106,.F.);
#10108=ADVANCED_FACE('',(#10107),#10099,.F.);
#10109=CARTESIAN_POINT('',(2.643239448783E1,-1.481E2,5.248098002940E1));
#10110=DIRECTION('',(0.E0,1.E0,0.E0));
#10111=DIRECTION('',(5.E-1,0.E0,8.660254037844E-1));
#10112=AXIS2_PLACEMENT_3D('',#10109,#10110,#10111);
#10113=CYLINDRICAL_SURFACE('',#10112,1.5E-1);
#10114=ORIENTED_EDGE('',*,*,#6446,.T.);
#10115=ORIENTED_EDGE('',*,*,#10104,.F.);
#10116=ORIENTED_EDGE('',*,*,#7274,.F.);
#10117=ORIENTED_EDGE('',*,*,#10101,.T.);
#10118=EDGE_LOOP('',(#10114,#10115,#10116,#10117));
#10119=FACE_OUTER_BOUND('',#10118,.F.);
#10120=ADVANCED_FACE('',(#10119),#10113,.F.);
#10121=CARTESIAN_POINT('',(2.684145085792E1,-1.481E2,5.219455567551E1));
#10122=DIRECTION('',(0.E0,1.E0,0.E0));
#10123=DIRECTION('',(6.427876096865E-1,0.E0,7.660444431190E-1));
#10124=AXIS2_PLACEMENT_3D('',#10121,#10122,#10123);
#10125=CYLINDRICAL_SURFACE('',#10124,1.5E-1);
#10126=ORIENTED_EDGE('',*,*,#6450,.T.);
#10128=ORIENTED_EDGE('',*,*,#10127,.F.);
#10129=ORIENTED_EDGE('',*,*,#7278,.F.);
#10131=ORIENTED_EDGE('',*,*,#10130,.T.);
#10132=EDGE_LOOP('',(#10126,#10128,#10129,#10131));
#10133=FACE_OUTER_BOUND('',#10132,.F.);
#10134=ADVANCED_FACE('',(#10133),#10125,.F.);
#10135=CARTESIAN_POINT('',(2.684145085792E1,-1.481E2,5.219455567551E1));
#10136=DIRECTION('',(0.E0,1.E0,0.E0));
#10137=DIRECTION('',(6.427876096865E-1,0.E0,7.660444431190E-1));
#10138=AXIS2_PLACEMENT_3D('',#10135,#10136,#10137);
#10139=CYLINDRICAL_SURFACE('',#10138,1.5E-1);
#10140=ORIENTED_EDGE('',*,*,#6452,.T.);
#10141=ORIENTED_EDGE('',*,*,#10130,.F.);
#10142=ORIENTED_EDGE('',*,*,#7280,.F.);
#10143=ORIENTED_EDGE('',*,*,#10127,.T.);
#10144=EDGE_LOOP('',(#10140,#10141,#10142,#10143));
#10145=FACE_OUTER_BOUND('',#10144,.F.);
#10146=ADVANCED_FACE('',(#10145),#10139,.F.);
#10147=CARTESIAN_POINT('',(2.719455567551E1,-1.481E2,5.184145085792E1));
#10148=DIRECTION('',(0.E0,1.E0,0.E0));
#10149=DIRECTION('',(7.660444431190E-1,0.E0,6.427876096865E-1));
#10150=AXIS2_PLACEMENT_3D('',#10147,#10148,#10149);
#10151=CYLINDRICAL_SURFACE('',#10150,1.5E-1);
#10152=ORIENTED_EDGE('',*,*,#6456,.T.);
#10154=ORIENTED_EDGE('',*,*,#10153,.F.);
#10155=ORIENTED_EDGE('',*,*,#7284,.F.);
#10157=ORIENTED_EDGE('',*,*,#10156,.T.);
#10158=EDGE_LOOP('',(#10152,#10154,#10155,#10157));
#10159=FACE_OUTER_BOUND('',#10158,.F.);
#10160=ADVANCED_FACE('',(#10159),#10151,.F.);
#10161=CARTESIAN_POINT('',(2.719455567551E1,-1.481E2,5.184145085792E1));
#10162=DIRECTION('',(0.E0,1.E0,0.E0));
#10163=DIRECTION('',(7.660444431190E-1,0.E0,6.427876096865E-1));
#10164=AXIS2_PLACEMENT_3D('',#10161,#10162,#10163);
#10165=CYLINDRICAL_SURFACE('',#10164,1.5E-1);
#10166=ORIENTED_EDGE('',*,*,#6458,.T.);
#10167=ORIENTED_EDGE('',*,*,#10156,.F.);
#10168=ORIENTED_EDGE('',*,*,#7286,.F.);
#10169=ORIENTED_EDGE('',*,*,#10153,.T.);
#10170=EDGE_LOOP('',(#10166,#10167,#10168,#10169));
#10171=FACE_OUTER_BOUND('',#10170,.F.);
#10172=ADVANCED_FACE('',(#10171),#10165,.F.);
#10173=CARTESIAN_POINT('',(2.748098002940E1,-1.481E2,5.143239448783E1));
#10174=DIRECTION('',(0.E0,1.E0,0.E0));
#10175=DIRECTION('',(8.660254037844E-1,0.E0,5.E-1));
#10176=AXIS2_PLACEMENT_3D('',#10173,#10174,#10175);
#10177=CYLINDRICAL_SURFACE('',#10176,1.5E-1);
#10178=ORIENTED_EDGE('',*,*,#6462,.T.);
#10180=ORIENTED_EDGE('',*,*,#10179,.F.);
#10181=ORIENTED_EDGE('',*,*,#7290,.F.);
#10183=ORIENTED_EDGE('',*,*,#10182,.T.);
#10184=EDGE_LOOP('',(#10178,#10180,#10181,#10183));
#10185=FACE_OUTER_BOUND('',#10184,.F.);
#10186=ADVANCED_FACE('',(#10185),#10177,.F.);
#10187=CARTESIAN_POINT('',(2.748098002940E1,-1.481E2,5.143239448783E1));
#10188=DIRECTION('',(0.E0,1.E0,0.E0));
#10189=DIRECTION('',(8.660254037844E-1,0.E0,5.E-1));
#10190=AXIS2_PLACEMENT_3D('',#10187,#10188,#10189);
#10191=CYLINDRICAL_SURFACE('',#10190,1.5E-1);
#10192=ORIENTED_EDGE('',*,*,#6464,.T.);
#10193=ORIENTED_EDGE('',*,*,#10182,.F.);
#10194=ORIENTED_EDGE('',*,*,#7292,.F.);
#10195=ORIENTED_EDGE('',*,*,#10179,.T.);
#10196=EDGE_LOOP('',(#10192,#10193,#10194,#10195));
#10197=FACE_OUTER_BOUND('',#10196,.F.);
#10198=ADVANCED_FACE('',(#10197),#10191,.F.);
#10199=CARTESIAN_POINT('',(2.769202106053E1,-1.481E2,5.097981553605E1));
#10200=DIRECTION('',(0.E0,1.E0,0.E0));
#10201=DIRECTION('',(9.396926207859E-1,0.E0,3.420201433257E-1));
#10202=AXIS2_PLACEMENT_3D('',#10199,#10200,#10201);
#10203=CYLINDRICAL_SURFACE('',#10202,1.5E-1);
#10204=ORIENTED_EDGE('',*,*,#6468,.T.);
#10206=ORIENTED_EDGE('',*,*,#10205,.F.);
#10207=ORIENTED_EDGE('',*,*,#7296,.F.);
#10209=ORIENTED_EDGE('',*,*,#10208,.T.);
#10210=EDGE_LOOP('',(#10204,#10206,#10207,#10209));
#10211=FACE_OUTER_BOUND('',#10210,.F.);
#10212=ADVANCED_FACE('',(#10211),#10203,.F.);
#10213=CARTESIAN_POINT('',(2.769202106053E1,-1.481E2,5.097981553605E1));
#10214=DIRECTION('',(0.E0,1.E0,0.E0));
#10215=DIRECTION('',(9.396926207859E-1,0.E0,3.420201433257E-1));
#10216=AXIS2_PLACEMENT_3D('',#10213,#10214,#10215);
#10217=CYLINDRICAL_SURFACE('',#10216,1.5E-1);
#10218=ORIENTED_EDGE('',*,*,#6470,.T.);
#10219=ORIENTED_EDGE('',*,*,#10208,.F.);
#10220=ORIENTED_EDGE('',*,*,#7298,.F.);
#10221=ORIENTED_EDGE('',*,*,#10205,.T.);
#10222=EDGE_LOOP('',(#10218,#10219,#10220,#10221));
#10223=FACE_OUTER_BOUND('',#10222,.F.);
#10224=ADVANCED_FACE('',(#10223),#10217,.F.);
#10225=CARTESIAN_POINT('',(2.782126639397E1,-1.481E2,5.049746538502E1));
#10226=DIRECTION('',(0.E0,1.E0,0.E0));
#10227=DIRECTION('',(9.848077530122E-1,0.E0,1.736481776669E-1));
#10228=AXIS2_PLACEMENT_3D('',#10225,#10226,#10227);
#10229=CYLINDRICAL_SURFACE('',#10228,1.5E-1);
#10230=ORIENTED_EDGE('',*,*,#6474,.T.);
#10232=ORIENTED_EDGE('',*,*,#10231,.F.);
#10233=ORIENTED_EDGE('',*,*,#7302,.F.);
#10235=ORIENTED_EDGE('',*,*,#10234,.T.);
#10236=EDGE_LOOP('',(#10230,#10232,#10233,#10235));
#10237=FACE_OUTER_BOUND('',#10236,.F.);
#10238=ADVANCED_FACE('',(#10237),#10229,.F.);
#10239=CARTESIAN_POINT('',(2.782126639397E1,-1.481E2,5.049746538502E1));
#10240=DIRECTION('',(0.E0,1.E0,0.E0));
#10241=DIRECTION('',(9.848077530122E-1,0.E0,1.736481776669E-1));
#10242=AXIS2_PLACEMENT_3D('',#10239,#10240,#10241);
#10243=CYLINDRICAL_SURFACE('',#10242,1.5E-1);
#10244=ORIENTED_EDGE('',*,*,#6476,.T.);
#10245=ORIENTED_EDGE('',*,*,#10234,.F.);
#10246=ORIENTED_EDGE('',*,*,#7304,.F.);
#10247=ORIENTED_EDGE('',*,*,#10231,.T.);
#10248=EDGE_LOOP('',(#10244,#10245,#10246,#10247));
#10249=FACE_OUTER_BOUND('',#10248,.F.);
#10250=ADVANCED_FACE('',(#10249),#10243,.F.);
#10251=CARTESIAN_POINT('',(2.786478897565E1,-1.481E2,5.E1));
#10252=DIRECTION('',(0.E0,1.E0,0.E0));
#10253=DIRECTION('',(1.E0,0.E0,0.E0));
#10254=AXIS2_PLACEMENT_3D('',#10251,#10252,#10253);
#10255=CYLINDRICAL_SURFACE('',#10254,1.5E-1);
#10256=ORIENTED_EDGE('',*,*,#6480,.T.);
#10258=ORIENTED_EDGE('',*,*,#10257,.F.);
#10259=ORIENTED_EDGE('',*,*,#7308,.F.);
#10261=ORIENTED_EDGE('',*,*,#10260,.T.);
#10262=EDGE_LOOP('',(#10256,#10258,#10259,#10261));
#10263=FACE_OUTER_BOUND('',#10262,.F.);
#10264=ADVANCED_FACE('',(#10263),#10255,.F.);
#10265=CARTESIAN_POINT('',(2.786478897565E1,-1.481E2,5.E1));
#10266=DIRECTION('',(0.E0,1.E0,0.E0));
#10267=DIRECTION('',(1.E0,0.E0,0.E0));
#10268=AXIS2_PLACEMENT_3D('',#10265,#10266,#10267);
#10269=CYLINDRICAL_SURFACE('',#10268,1.5E-1);
#10270=ORIENTED_EDGE('',*,*,#6482,.T.);
#10271=ORIENTED_EDGE('',*,*,#10260,.F.);
#10272=ORIENTED_EDGE('',*,*,#7310,.F.);
#10273=ORIENTED_EDGE('',*,*,#10257,.T.);
#10274=EDGE_LOOP('',(#10270,#10271,#10272,#10273));
#10275=FACE_OUTER_BOUND('',#10274,.F.);
#10276=ADVANCED_FACE('',(#10275),#10269,.F.);
#10277=CARTESIAN_POINT('',(2.782126639397E1,-1.481E2,4.950253461498E1));
#10278=DIRECTION('',(0.E0,1.E0,0.E0));
#10279=DIRECTION('',(9.848077530122E-1,0.E0,-1.736481776669E-1));
#10280=AXIS2_PLACEMENT_3D('',#10277,#10278,#10279);
#10281=CYLINDRICAL_SURFACE('',#10280,1.5E-1);
#10282=ORIENTED_EDGE('',*,*,#6486,.T.);
#10284=ORIENTED_EDGE('',*,*,#10283,.F.);
#10285=ORIENTED_EDGE('',*,*,#7314,.F.);
#10287=ORIENTED_EDGE('',*,*,#10286,.T.);
#10288=EDGE_LOOP('',(#10282,#10284,#10285,#10287));
#10289=FACE_OUTER_BOUND('',#10288,.F.);
#10290=ADVANCED_FACE('',(#10289),#10281,.F.);
#10291=CARTESIAN_POINT('',(2.782126639397E1,-1.481E2,4.950253461498E1));
#10292=DIRECTION('',(0.E0,1.E0,0.E0));
#10293=DIRECTION('',(9.848077530122E-1,0.E0,-1.736481776669E-1));
#10294=AXIS2_PLACEMENT_3D('',#10291,#10292,#10293);
#10295=CYLINDRICAL_SURFACE('',#10294,1.5E-1);
#10296=ORIENTED_EDGE('',*,*,#6488,.T.);
#10297=ORIENTED_EDGE('',*,*,#10286,.F.);
#10298=ORIENTED_EDGE('',*,*,#7316,.F.);
#10299=ORIENTED_EDGE('',*,*,#10283,.T.);
#10300=EDGE_LOOP('',(#10296,#10297,#10298,#10299));
#10301=FACE_OUTER_BOUND('',#10300,.F.);
#10302=ADVANCED_FACE('',(#10301),#10295,.F.);
#10303=CARTESIAN_POINT('',(2.769202106053E1,-1.481E2,4.902018446395E1));
#10304=DIRECTION('',(0.E0,1.E0,0.E0));
#10305=DIRECTION('',(9.396926207859E-1,0.E0,-3.420201433257E-1));
#10306=AXIS2_PLACEMENT_3D('',#10303,#10304,#10305);
#10307=CYLINDRICAL_SURFACE('',#10306,1.5E-1);
#10308=ORIENTED_EDGE('',*,*,#6492,.T.);
#10310=ORIENTED_EDGE('',*,*,#10309,.F.);
#10311=ORIENTED_EDGE('',*,*,#7320,.F.);
#10313=ORIENTED_EDGE('',*,*,#10312,.T.);
#10314=EDGE_LOOP('',(#10308,#10310,#10311,#10313));
#10315=FACE_OUTER_BOUND('',#10314,.F.);
#10316=ADVANCED_FACE('',(#10315),#10307,.F.);
#10317=CARTESIAN_POINT('',(2.769202106053E1,-1.481E2,4.902018446395E1));
#10318=DIRECTION('',(0.E0,1.E0,0.E0));
#10319=DIRECTION('',(9.396926207859E-1,0.E0,-3.420201433257E-1));
#10320=AXIS2_PLACEMENT_3D('',#10317,#10318,#10319);
#10321=CYLINDRICAL_SURFACE('',#10320,1.5E-1);
#10322=ORIENTED_EDGE('',*,*,#6494,.T.);
#10323=ORIENTED_EDGE('',*,*,#10312,.F.);
#10324=ORIENTED_EDGE('',*,*,#7322,.F.);
#10325=ORIENTED_EDGE('',*,*,#10309,.T.);
#10326=EDGE_LOOP('',(#10322,#10323,#10324,#10325));
#10327=FACE_OUTER_BOUND('',#10326,.F.);
#10328=ADVANCED_FACE('',(#10327),#10321,.F.);
#10329=CARTESIAN_POINT('',(2.748098002940E1,-1.481E2,4.856760551217E1));
#10330=DIRECTION('',(0.E0,1.E0,0.E0));
#10331=DIRECTION('',(8.660254037844E-1,0.E0,-5.E-1));
#10332=AXIS2_PLACEMENT_3D('',#10329,#10330,#10331);
#10333=CYLINDRICAL_SURFACE('',#10332,1.5E-1);
#10334=ORIENTED_EDGE('',*,*,#6498,.T.);
#10336=ORIENTED_EDGE('',*,*,#10335,.F.);
#10337=ORIENTED_EDGE('',*,*,#7326,.F.);
#10339=ORIENTED_EDGE('',*,*,#10338,.T.);
#10340=EDGE_LOOP('',(#10334,#10336,#10337,#10339));
#10341=FACE_OUTER_BOUND('',#10340,.F.);
#10342=ADVANCED_FACE('',(#10341),#10333,.F.);
#10343=CARTESIAN_POINT('',(2.748098002940E1,-1.481E2,4.856760551217E1));
#10344=DIRECTION('',(0.E0,1.E0,0.E0));
#10345=DIRECTION('',(8.660254037844E-1,0.E0,-5.E-1));
#10346=AXIS2_PLACEMENT_3D('',#10343,#10344,#10345);
#10347=CYLINDRICAL_SURFACE('',#10346,1.5E-1);
#10348=ORIENTED_EDGE('',*,*,#6500,.T.);
#10349=ORIENTED_EDGE('',*,*,#10338,.F.);
#10350=ORIENTED_EDGE('',*,*,#7328,.F.);
#10351=ORIENTED_EDGE('',*,*,#10335,.T.);
#10352=EDGE_LOOP('',(#10348,#10349,#10350,#10351));
#10353=FACE_OUTER_BOUND('',#10352,.F.);
#10354=ADVANCED_FACE('',(#10353),#10347,.F.);
#10355=CARTESIAN_POINT('',(2.719455567551E1,-1.481E2,4.815854914208E1));
#10356=DIRECTION('',(0.E0,1.E0,0.E0));
#10357=DIRECTION('',(7.660444431190E-1,0.E0,-6.427876096865E-1));
#10358=AXIS2_PLACEMENT_3D('',#10355,#10356,#10357);
#10359=CYLINDRICAL_SURFACE('',#10358,1.5E-1);
#10360=ORIENTED_EDGE('',*,*,#6504,.T.);
#10362=ORIENTED_EDGE('',*,*,#10361,.F.);
#10363=ORIENTED_EDGE('',*,*,#7332,.F.);
#10365=ORIENTED_EDGE('',*,*,#10364,.T.);
#10366=EDGE_LOOP('',(#10360,#10362,#10363,#10365));
#10367=FACE_OUTER_BOUND('',#10366,.F.);
#10368=ADVANCED_FACE('',(#10367),#10359,.F.);
#10369=CARTESIAN_POINT('',(2.719455567551E1,-1.481E2,4.815854914208E1));
#10370=DIRECTION('',(0.E0,1.E0,0.E0));
#10371=DIRECTION('',(7.660444431190E-1,0.E0,-6.427876096865E-1));
#10372=AXIS2_PLACEMENT_3D('',#10369,#10370,#10371);
#10373=CYLINDRICAL_SURFACE('',#10372,1.5E-1);
#10374=ORIENTED_EDGE('',*,*,#6506,.T.);
#10375=ORIENTED_EDGE('',*,*,#10364,.F.);
#10376=ORIENTED_EDGE('',*,*,#7334,.F.);
#10377=ORIENTED_EDGE('',*,*,#10361,.T.);
#10378=EDGE_LOOP('',(#10374,#10375,#10376,#10377));
#10379=FACE_OUTER_BOUND('',#10378,.F.);
#10380=ADVANCED_FACE('',(#10379),#10373,.F.);
#10381=CARTESIAN_POINT('',(2.684145085792E1,-1.481E2,4.780544432449E1));
#10382=DIRECTION('',(0.E0,1.E0,0.E0));
#10383=DIRECTION('',(6.427876096865E-1,0.E0,-7.660444431190E-1));
#10384=AXIS2_PLACEMENT_3D('',#10381,#10382,#10383);
#10385=CYLINDRICAL_SURFACE('',#10384,1.5E-1);
#10386=ORIENTED_EDGE('',*,*,#6510,.T.);
#10388=ORIENTED_EDGE('',*,*,#10387,.F.);
#10389=ORIENTED_EDGE('',*,*,#7338,.F.);
#10391=ORIENTED_EDGE('',*,*,#10390,.T.);
#10392=EDGE_LOOP('',(#10386,#10388,#10389,#10391));
#10393=FACE_OUTER_BOUND('',#10392,.F.);
#10394=ADVANCED_FACE('',(#10393),#10385,.F.);
#10395=CARTESIAN_POINT('',(2.684145085792E1,-1.481E2,4.780544432449E1));
#10396=DIRECTION('',(0.E0,1.E0,0.E0));
#10397=DIRECTION('',(6.427876096865E-1,0.E0,-7.660444431190E-1));
#10398=AXIS2_PLACEMENT_3D('',#10395,#10396,#10397);
#10399=CYLINDRICAL_SURFACE('',#10398,1.5E-1);
#10400=ORIENTED_EDGE('',*,*,#6512,.T.);
#10401=ORIENTED_EDGE('',*,*,#10390,.F.);
#10402=ORIENTED_EDGE('',*,*,#7340,.F.);
#10403=ORIENTED_EDGE('',*,*,#10387,.T.);
#10404=EDGE_LOOP('',(#10400,#10401,#10402,#10403));
#10405=FACE_OUTER_BOUND('',#10404,.F.);
#10406=ADVANCED_FACE('',(#10405),#10399,.F.);
#10407=CARTESIAN_POINT('',(2.643239448783E1,-1.481E2,4.751901997060E1));
#10408=DIRECTION('',(0.E0,1.E0,0.E0));
#10409=DIRECTION('',(5.E-1,0.E0,-8.660254037844E-1));
#10410=AXIS2_PLACEMENT_3D('',#10407,#10408,#10409);
#10411=CYLINDRICAL_SURFACE('',#10410,1.5E-1);
#10412=ORIENTED_EDGE('',*,*,#6516,.T.);
#10414=ORIENTED_EDGE('',*,*,#10413,.F.);
#10415=ORIENTED_EDGE('',*,*,#7344,.F.);
#10417=ORIENTED_EDGE('',*,*,#10416,.T.);
#10418=EDGE_LOOP('',(#10412,#10414,#10415,#10417));
#10419=FACE_OUTER_BOUND('',#10418,.F.);
#10420=ADVANCED_FACE('',(#10419),#10411,.F.);
#10421=CARTESIAN_POINT('',(2.643239448783E1,-1.481E2,4.751901997060E1));
#10422=DIRECTION('',(0.E0,1.E0,0.E0));
#10423=DIRECTION('',(5.E-1,0.E0,-8.660254037844E-1));
#10424=AXIS2_PLACEMENT_3D('',#10421,#10422,#10423);
#10425=CYLINDRICAL_SURFACE('',#10424,1.5E-1);
#10426=ORIENTED_EDGE('',*,*,#6518,.T.);
#10427=ORIENTED_EDGE('',*,*,#10416,.F.);
#10428=ORIENTED_EDGE('',*,*,#7346,.F.);
#10429=ORIENTED_EDGE('',*,*,#10413,.T.);
#10430=EDGE_LOOP('',(#10426,#10427,#10428,#10429));
#10431=FACE_OUTER_BOUND('',#10430,.F.);
#10432=ADVANCED_FACE('',(#10431),#10425,.F.);
#10433=CARTESIAN_POINT('',(2.597981553605E1,-1.481E2,4.730797893947E1));
#10434=DIRECTION('',(0.E0,1.E0,0.E0));
#10435=DIRECTION('',(3.420201433257E-1,0.E0,-9.396926207859E-1));
#10436=AXIS2_PLACEMENT_3D('',#10433,#10434,#10435);
#10437=CYLINDRICAL_SURFACE('',#10436,1.5E-1);
#10438=ORIENTED_EDGE('',*,*,#6522,.T.);
#10440=ORIENTED_EDGE('',*,*,#10439,.F.);
#10441=ORIENTED_EDGE('',*,*,#7350,.F.);
#10443=ORIENTED_EDGE('',*,*,#10442,.T.);
#10444=EDGE_LOOP('',(#10438,#10440,#10441,#10443));
#10445=FACE_OUTER_BOUND('',#10444,.F.);
#10446=ADVANCED_FACE('',(#10445),#10437,.F.);
#10447=CARTESIAN_POINT('',(2.597981553605E1,-1.481E2,4.730797893947E1));
#10448=DIRECTION('',(0.E0,1.E0,0.E0));
#10449=DIRECTION('',(3.420201433257E-1,0.E0,-9.396926207859E-1));
#10450=AXIS2_PLACEMENT_3D('',#10447,#10448,#10449);
#10451=CYLINDRICAL_SURFACE('',#10450,1.5E-1);
#10452=ORIENTED_EDGE('',*,*,#6524,.T.);
#10453=ORIENTED_EDGE('',*,*,#10442,.F.);
#10454=ORIENTED_EDGE('',*,*,#7352,.F.);
#10455=ORIENTED_EDGE('',*,*,#10439,.T.);
#10456=EDGE_LOOP('',(#10452,#10453,#10454,#10455));
#10457=FACE_OUTER_BOUND('',#10456,.F.);
#10458=ADVANCED_FACE('',(#10457),#10451,.F.);
#10459=CARTESIAN_POINT('',(2.549746538502E1,-1.481E2,4.717873360603E1));
#10460=DIRECTION('',(0.E0,1.E0,0.E0));
#10461=DIRECTION('',(1.736481776669E-1,0.E0,-9.848077530122E-1));
#10462=AXIS2_PLACEMENT_3D('',#10459,#10460,#10461);
#10463=CYLINDRICAL_SURFACE('',#10462,1.5E-1);
#10464=ORIENTED_EDGE('',*,*,#6528,.T.);
#10466=ORIENTED_EDGE('',*,*,#10465,.F.);
#10467=ORIENTED_EDGE('',*,*,#7356,.F.);
#10469=ORIENTED_EDGE('',*,*,#10468,.T.);
#10470=EDGE_LOOP('',(#10464,#10466,#10467,#10469));
#10471=FACE_OUTER_BOUND('',#10470,.F.);
#10472=ADVANCED_FACE('',(#10471),#10463,.F.);
#10473=CARTESIAN_POINT('',(2.549746538502E1,-1.481E2,4.717873360603E1));
#10474=DIRECTION('',(0.E0,1.E0,0.E0));
#10475=DIRECTION('',(1.736481776669E-1,0.E0,-9.848077530122E-1));
#10476=AXIS2_PLACEMENT_3D('',#10473,#10474,#10475);
#10477=CYLINDRICAL_SURFACE('',#10476,1.5E-1);
#10478=ORIENTED_EDGE('',*,*,#6530,.T.);
#10479=ORIENTED_EDGE('',*,*,#10468,.F.);
#10480=ORIENTED_EDGE('',*,*,#7358,.F.);
#10481=ORIENTED_EDGE('',*,*,#10465,.T.);
#10482=EDGE_LOOP('',(#10478,#10479,#10480,#10481));
#10483=FACE_OUTER_BOUND('',#10482,.F.);
#10484=ADVANCED_FACE('',(#10483),#10477,.F.);
#10485=CARTESIAN_POINT('',(2.5E1,-1.481E2,4.713521102435E1));
#10486=DIRECTION('',(0.E0,1.E0,0.E0));
#10487=DIRECTION('',(0.E0,0.E0,-1.E0));
#10488=AXIS2_PLACEMENT_3D('',#10485,#10486,#10487);
#10489=CYLINDRICAL_SURFACE('',#10488,1.5E-1);
#10490=ORIENTED_EDGE('',*,*,#6534,.T.);
#10492=ORIENTED_EDGE('',*,*,#10491,.F.);
#10493=ORIENTED_EDGE('',*,*,#7362,.F.);
#10495=ORIENTED_EDGE('',*,*,#10494,.T.);
#10496=EDGE_LOOP('',(#10490,#10492,#10493,#10495));
#10497=FACE_OUTER_BOUND('',#10496,.F.);
#10498=ADVANCED_FACE('',(#10497),#10489,.F.);
#10499=CARTESIAN_POINT('',(2.5E1,-1.481E2,4.713521102435E1));
#10500=DIRECTION('',(0.E0,1.E0,0.E0));
#10501=DIRECTION('',(0.E0,0.E0,-1.E0));
#10502=AXIS2_PLACEMENT_3D('',#10499,#10500,#10501);
#10503=CYLINDRICAL_SURFACE('',#10502,1.5E-1);
#10504=ORIENTED_EDGE('',*,*,#6536,.T.);
#10505=ORIENTED_EDGE('',*,*,#10494,.F.);
#10506=ORIENTED_EDGE('',*,*,#7364,.F.);
#10507=ORIENTED_EDGE('',*,*,#10491,.T.);
#10508=EDGE_LOOP('',(#10504,#10505,#10506,#10507));
#10509=FACE_OUTER_BOUND('',#10508,.F.);
#10510=ADVANCED_FACE('',(#10509),#10503,.F.);
#10511=CARTESIAN_POINT('',(2.450253461498E1,-1.481E2,4.717873360603E1));
#10512=DIRECTION('',(0.E0,1.E0,0.E0));
#10513=DIRECTION('',(-1.736481776669E-1,0.E0,-9.848077530122E-1));
#10514=AXIS2_PLACEMENT_3D('',#10511,#10512,#10513);
#10515=CYLINDRICAL_SURFACE('',#10514,1.5E-1);
#10516=ORIENTED_EDGE('',*,*,#6540,.T.);
#10518=ORIENTED_EDGE('',*,*,#10517,.F.);
#10519=ORIENTED_EDGE('',*,*,#7368,.F.);
#10521=ORIENTED_EDGE('',*,*,#10520,.T.);
#10522=EDGE_LOOP('',(#10516,#10518,#10519,#10521));
#10523=FACE_OUTER_BOUND('',#10522,.F.);
#10524=ADVANCED_FACE('',(#10523),#10515,.F.);
#10525=CARTESIAN_POINT('',(2.450253461498E1,-1.481E2,4.717873360603E1));
#10526=DIRECTION('',(0.E0,1.E0,0.E0));
#10527=DIRECTION('',(-1.736481776669E-1,0.E0,-9.848077530122E-1));
#10528=AXIS2_PLACEMENT_3D('',#10525,#10526,#10527);
#10529=CYLINDRICAL_SURFACE('',#10528,1.5E-1);
#10530=ORIENTED_EDGE('',*,*,#6542,.T.);
#10531=ORIENTED_EDGE('',*,*,#10520,.F.);
#10532=ORIENTED_EDGE('',*,*,#7370,.F.);
#10533=ORIENTED_EDGE('',*,*,#10517,.T.);
#10534=EDGE_LOOP('',(#10530,#10531,#10532,#10533));
#10535=FACE_OUTER_BOUND('',#10534,.F.);
#10536=ADVANCED_FACE('',(#10535),#10529,.F.);
#10537=CARTESIAN_POINT('',(2.402018446395E1,-1.481E2,4.730797893947E1));
#10538=DIRECTION('',(0.E0,1.E0,0.E0));
#10539=DIRECTION('',(-3.420201433257E-1,0.E0,-9.396926207859E-1));
#10540=AXIS2_PLACEMENT_3D('',#10537,#10538,#10539);
#10541=CYLINDRICAL_SURFACE('',#10540,1.5E-1);
#10542=ORIENTED_EDGE('',*,*,#6546,.T.);
#10544=ORIENTED_EDGE('',*,*,#10543,.F.);
#10545=ORIENTED_EDGE('',*,*,#7374,.F.);
#10547=ORIENTED_EDGE('',*,*,#10546,.T.);
#10548=EDGE_LOOP('',(#10542,#10544,#10545,#10547));
#10549=FACE_OUTER_BOUND('',#10548,.F.);
#10550=ADVANCED_FACE('',(#10549),#10541,.F.);
#10551=CARTESIAN_POINT('',(2.402018446395E1,-1.481E2,4.730797893947E1));
#10552=DIRECTION('',(0.E0,1.E0,0.E0));
#10553=DIRECTION('',(-3.420201433257E-1,0.E0,-9.396926207859E-1));
#10554=AXIS2_PLACEMENT_3D('',#10551,#10552,#10553);
#10555=CYLINDRICAL_SURFACE('',#10554,1.5E-1);
#10556=ORIENTED_EDGE('',*,*,#6548,.T.);
#10557=ORIENTED_EDGE('',*,*,#10546,.F.);
#10558=ORIENTED_EDGE('',*,*,#7376,.F.);
#10559=ORIENTED_EDGE('',*,*,#10543,.T.);
#10560=EDGE_LOOP('',(#10556,#10557,#10558,#10559));
#10561=FACE_OUTER_BOUND('',#10560,.F.);
#10562=ADVANCED_FACE('',(#10561),#10555,.F.);
#10563=CARTESIAN_POINT('',(2.356760551217E1,-1.481E2,4.751901997060E1));
#10564=DIRECTION('',(0.E0,1.E0,0.E0));
#10565=DIRECTION('',(-5.E-1,0.E0,-8.660254037844E-1));
#10566=AXIS2_PLACEMENT_3D('',#10563,#10564,#10565);
#10567=CYLINDRICAL_SURFACE('',#10566,1.5E-1);
#10568=ORIENTED_EDGE('',*,*,#6552,.T.);
#10570=ORIENTED_EDGE('',*,*,#10569,.F.);
#10571=ORIENTED_EDGE('',*,*,#7380,.F.);
#10573=ORIENTED_EDGE('',*,*,#10572,.T.);
#10574=EDGE_LOOP('',(#10568,#10570,#10571,#10573));
#10575=FACE_OUTER_BOUND('',#10574,.F.);
#10576=ADVANCED_FACE('',(#10575),#10567,.F.);
#10577=CARTESIAN_POINT('',(2.356760551217E1,-1.481E2,4.751901997060E1));
#10578=DIRECTION('',(0.E0,1.E0,0.E0));
#10579=DIRECTION('',(-5.E-1,0.E0,-8.660254037844E-1));
#10580=AXIS2_PLACEMENT_3D('',#10577,#10578,#10579);
#10581=CYLINDRICAL_SURFACE('',#10580,1.5E-1);
#10582=ORIENTED_EDGE('',*,*,#6554,.T.);
#10583=ORIENTED_EDGE('',*,*,#10572,.F.);
#10584=ORIENTED_EDGE('',*,*,#7382,.F.);
#10585=ORIENTED_EDGE('',*,*,#10569,.T.);
#10586=EDGE_LOOP('',(#10582,#10583,#10584,#10585));
#10587=FACE_OUTER_BOUND('',#10586,.F.);
#10588=ADVANCED_FACE('',(#10587),#10581,.F.);
#10589=CARTESIAN_POINT('',(2.315854914208E1,-1.481E2,4.780544432449E1));
#10590=DIRECTION('',(0.E0,1.E0,0.E0));
#10591=DIRECTION('',(-6.427876096865E-1,0.E0,-7.660444431190E-1));
#10592=AXIS2_PLACEMENT_3D('',#10589,#10590,#10591);
#10593=CYLINDRICAL_SURFACE('',#10592,1.5E-1);
#10594=ORIENTED_EDGE('',*,*,#6558,.T.);
#10596=ORIENTED_EDGE('',*,*,#10595,.F.);
#10597=ORIENTED_EDGE('',*,*,#7386,.F.);
#10599=ORIENTED_EDGE('',*,*,#10598,.T.);
#10600=EDGE_LOOP('',(#10594,#10596,#10597,#10599));
#10601=FACE_OUTER_BOUND('',#10600,.F.);
#10602=ADVANCED_FACE('',(#10601),#10593,.F.);
#10603=CARTESIAN_POINT('',(2.315854914208E1,-1.481E2,4.780544432449E1));
#10604=DIRECTION('',(0.E0,1.E0,0.E0));
#10605=DIRECTION('',(-6.427876096865E-1,0.E0,-7.660444431190E-1));
#10606=AXIS2_PLACEMENT_3D('',#10603,#10604,#10605);
#10607=CYLINDRICAL_SURFACE('',#10606,1.5E-1);
#10608=ORIENTED_EDGE('',*,*,#6560,.T.);
#10609=ORIENTED_EDGE('',*,*,#10598,.F.);
#10610=ORIENTED_EDGE('',*,*,#7388,.F.);
#10611=ORIENTED_EDGE('',*,*,#10595,.T.);
#10612=EDGE_LOOP('',(#10608,#10609,#10610,#10611));
#10613=FACE_OUTER_BOUND('',#10612,.F.);
#10614=ADVANCED_FACE('',(#10613),#10607,.F.);
#10615=CARTESIAN_POINT('',(2.280544432449E1,-1.481E2,4.815854914208E1));
#10616=DIRECTION('',(0.E0,1.E0,0.E0));
#10617=DIRECTION('',(-7.660444431190E-1,0.E0,-6.427876096865E-1));
#10618=AXIS2_PLACEMENT_3D('',#10615,#10616,#10617);
#10619=CYLINDRICAL_SURFACE('',#10618,1.5E-1);
#10620=ORIENTED_EDGE('',*,*,#6564,.T.);
#10622=ORIENTED_EDGE('',*,*,#10621,.F.);
#10623=ORIENTED_EDGE('',*,*,#7392,.F.);
#10625=ORIENTED_EDGE('',*,*,#10624,.T.);
#10626=EDGE_LOOP('',(#10620,#10622,#10623,#10625));
#10627=FACE_OUTER_BOUND('',#10626,.F.);
#10628=ADVANCED_FACE('',(#10627),#10619,.F.);
#10629=CARTESIAN_POINT('',(2.280544432449E1,-1.481E2,4.815854914208E1));
#10630=DIRECTION('',(0.E0,1.E0,0.E0));
#10631=DIRECTION('',(-7.660444431190E-1,0.E0,-6.427876096865E-1));
#10632=AXIS2_PLACEMENT_3D('',#10629,#10630,#10631);
#10633=CYLINDRICAL_SURFACE('',#10632,1.5E-1);
#10634=ORIENTED_EDGE('',*,*,#6566,.T.);
#10635=ORIENTED_EDGE('',*,*,#10624,.F.);
#10636=ORIENTED_EDGE('',*,*,#7394,.F.);
#10637=ORIENTED_EDGE('',*,*,#10621,.T.);
#10638=EDGE_LOOP('',(#10634,#10635,#10636,#10637));
#10639=FACE_OUTER_BOUND('',#10638,.F.);
#10640=ADVANCED_FACE('',(#10639),#10633,.F.);
#10641=CARTESIAN_POINT('',(2.251901997060E1,-1.481E2,4.856760551217E1));
#10642=DIRECTION('',(0.E0,1.E0,0.E0));
#10643=DIRECTION('',(-8.660254037844E-1,0.E0,-5.E-1));
#10644=AXIS2_PLACEMENT_3D('',#10641,#10642,#10643);
#10645=CYLINDRICAL_SURFACE('',#10644,1.5E-1);
#10646=ORIENTED_EDGE('',*,*,#6570,.T.);
#10648=ORIENTED_EDGE('',*,*,#10647,.F.);
#10649=ORIENTED_EDGE('',*,*,#7398,.F.);
#10651=ORIENTED_EDGE('',*,*,#10650,.T.);
#10652=EDGE_LOOP('',(#10646,#10648,#10649,#10651));
#10653=FACE_OUTER_BOUND('',#10652,.F.);
#10654=ADVANCED_FACE('',(#10653),#10645,.F.);
#10655=CARTESIAN_POINT('',(2.251901997060E1,-1.481E2,4.856760551217E1));
#10656=DIRECTION('',(0.E0,1.E0,0.E0));
#10657=DIRECTION('',(-8.660254037844E-1,0.E0,-5.E-1));
#10658=AXIS2_PLACEMENT_3D('',#10655,#10656,#10657);
#10659=CYLINDRICAL_SURFACE('',#10658,1.5E-1);
#10660=ORIENTED_EDGE('',*,*,#6572,.T.);
#10661=ORIENTED_EDGE('',*,*,#10650,.F.);
#10662=ORIENTED_EDGE('',*,*,#7400,.F.);
#10663=ORIENTED_EDGE('',*,*,#10647,.T.);
#10664=EDGE_LOOP('',(#10660,#10661,#10662,#10663));
#10665=FACE_OUTER_BOUND('',#10664,.F.);
#10666=ADVANCED_FACE('',(#10665),#10659,.F.);
#10667=CARTESIAN_POINT('',(2.230797893947E1,-1.481E2,4.902018446395E1));
#10668=DIRECTION('',(0.E0,1.E0,0.E0));
#10669=DIRECTION('',(-9.396926207859E-1,0.E0,-3.420201433257E-1));
#10670=AXIS2_PLACEMENT_3D('',#10667,#10668,#10669);
#10671=CYLINDRICAL_SURFACE('',#10670,1.5E-1);
#10672=ORIENTED_EDGE('',*,*,#6576,.T.);
#10674=ORIENTED_EDGE('',*,*,#10673,.F.);
#10675=ORIENTED_EDGE('',*,*,#7404,.F.);
#10677=ORIENTED_EDGE('',*,*,#10676,.T.);
#10678=EDGE_LOOP('',(#10672,#10674,#10675,#10677));
#10679=FACE_OUTER_BOUND('',#10678,.F.);
#10680=ADVANCED_FACE('',(#10679),#10671,.F.);
#10681=CARTESIAN_POINT('',(2.230797893947E1,-1.481E2,4.902018446395E1));
#10682=DIRECTION('',(0.E0,1.E0,0.E0));
#10683=DIRECTION('',(-9.396926207859E-1,0.E0,-3.420201433257E-1));
#10684=AXIS2_PLACEMENT_3D('',#10681,#10682,#10683);
#10685=CYLINDRICAL_SURFACE('',#10684,1.5E-1);
#10686=ORIENTED_EDGE('',*,*,#6578,.T.);
#10687=ORIENTED_EDGE('',*,*,#10676,.F.);
#10688=ORIENTED_EDGE('',*,*,#7406,.F.);
#10689=ORIENTED_EDGE('',*,*,#10673,.T.);
#10690=EDGE_LOOP('',(#10686,#10687,#10688,#10689));
#10691=FACE_OUTER_BOUND('',#10690,.F.);
#10692=ADVANCED_FACE('',(#10691),#10685,.F.);
#10693=CARTESIAN_POINT('',(2.217873360603E1,-1.481E2,4.950253461498E1));
#10694=DIRECTION('',(0.E0,1.E0,0.E0));
#10695=DIRECTION('',(-9.848077530122E-1,0.E0,-1.736481776669E-1));
#10696=AXIS2_PLACEMENT_3D('',#10693,#10694,#10695);
#10697=CYLINDRICAL_SURFACE('',#10696,1.5E-1);
#10698=ORIENTED_EDGE('',*,*,#6582,.T.);
#10700=ORIENTED_EDGE('',*,*,#10699,.F.);
#10701=ORIENTED_EDGE('',*,*,#7410,.F.);
#10703=ORIENTED_EDGE('',*,*,#10702,.T.);
#10704=EDGE_LOOP('',(#10698,#10700,#10701,#10703));
#10705=FACE_OUTER_BOUND('',#10704,.F.);
#10706=ADVANCED_FACE('',(#10705),#10697,.F.);
#10707=CARTESIAN_POINT('',(2.217873360603E1,-1.481E2,4.950253461498E1));
#10708=DIRECTION('',(0.E0,1.E0,0.E0));
#10709=DIRECTION('',(-9.848077530122E-1,0.E0,-1.736481776669E-1));
#10710=AXIS2_PLACEMENT_3D('',#10707,#10708,#10709);
#10711=CYLINDRICAL_SURFACE('',#10710,1.5E-1);
#10712=ORIENTED_EDGE('',*,*,#6584,.T.);
#10713=ORIENTED_EDGE('',*,*,#10702,.F.);
#10714=ORIENTED_EDGE('',*,*,#7412,.F.);
#10715=ORIENTED_EDGE('',*,*,#10699,.T.);
#10716=EDGE_LOOP('',(#10712,#10713,#10714,#10715));
#10717=FACE_OUTER_BOUND('',#10716,.F.);
#10718=ADVANCED_FACE('',(#10717),#10711,.F.);
#10719=CARTESIAN_POINT('',(2.5E1,-1.369E2,5.E1));
#10720=DIRECTION('',(0.E0,-1.E0,0.E0));
#10721=DIRECTION('',(0.E0,0.E0,-1.E0));
#10722=AXIS2_PLACEMENT_3D('',#10719,#10720,#10721);
#10723=CYLINDRICAL_SURFACE('',#10722,7.E0);
#10724=ORIENTED_EDGE('',*,*,#5618,.F.);
#10725=ORIENTED_EDGE('',*,*,#5601,.F.);
#10727=ORIENTED_EDGE('',*,*,#10726,.F.);
#10728=ORIENTED_EDGE('',*,*,#5598,.T.);
#10729=EDGE_LOOP('',(#10724,#10725,#10727,#10728));
#10730=FACE_OUTER_BOUND('',#10729,.F.);
#10731=ADVANCED_FACE('',(#10730),#10723,.T.);
#10732=CARTESIAN_POINT('',(2.5E1,-1.49E2,5.E1));
#10733=DIRECTION('',(0.E0,1.E0,0.E0));
#10734=DIRECTION('',(0.E0,0.E0,1.E0));
#10735=AXIS2_PLACEMENT_3D('',#10732,#10733,#10734);
#10736=CONICAL_SURFACE('',#10735,6.625E0,3.686989764584E1);
#10737=ORIENTED_EDGE('',*,*,#10726,.T.);
#10738=ORIENTED_EDGE('',*,*,#5586,.T.);
#10739=ORIENTED_EDGE('',*,*,#5567,.F.);
#10740=ORIENTED_EDGE('',*,*,#5583,.F.);
#10741=EDGE_LOOP('',(#10737,#10738,#10739,#10740));
#10742=FACE_OUTER_BOUND('',#10741,.F.);
#10743=ADVANCED_FACE('',(#10742),#10736,.T.);
#10744=CLOSED_SHELL('',(#5251,#5266,#5279,#5295,#5310,#5325,#5339,#5351,#5367,
#5382,#5395,#5411,#5426,#5439,#5454,#5467,#5483,#5500,#5515,#5532,#5547,#5559,
#5575,#5590,#5605,#5622,#5637,#5654,#5666,#5681,#5696,#5710,#5722,#5738,#5753,
#5770,#5782,#5800,#5815,#6588,#6603,#6616,#6631,#6644,#7416,#7430,#7442,#7456,
#7468,#7482,#7494,#7508,#7520,#7534,#7546,#7560,#7572,#7586,#7598,#7612,#7624,
#7638,#7650,#7664,#7676,#7690,#7702,#7716,#7728,#7742,#7754,#7768,#7780,#7794,
#7806,#7820,#7832,#7846,#7858,#7872,#7884,#7898,#7910,#7924,#7936,#7950,#7962,
#7976,#7988,#8002,#8014,#8028,#8040,#8054,#8066,#8080,#8092,#8106,#8118,#8132,
#8144,#8158,#8170,#8184,#8196,#8210,#8222,#8236,#8248,#8262,#8274,#8288,#8300,
#8314,#8326,#8340,#8352,#8366,#8378,#8392,#8404,#8418,#8430,#8444,#8456,#8470,
#8482,#8496,#8508,#8522,#8534,#8548,#8560,#8574,#8586,#8600,#8612,#8626,#8638,
#8652,#8664,#8678,#8690,#8704,#8716,#8730,#8742,#8756,#8768,#8782,#8794,#8808,
#8820,#8834,#8846,#8860,#8872,#8886,#8898,#8912,#8924,#8938,#8950,#8964,#8976,
#8990,#9002,#9016,#9028,#9042,#9054,#9068,#9080,#9094,#9106,#9120,#9132,#9146,
#9158,#9172,#9184,#9198,#9210,#9224,#9236,#9250,#9262,#9276,#9288,#9302,#9314,
#9328,#9340,#9354,#9366,#9380,#9392,#9406,#9418,#9432,#9444,#9458,#9470,#9484,
#9496,#9510,#9522,#9536,#9548,#9562,#9574,#9588,#9600,#9614,#9626,#9640,#9652,
#9666,#9678,#9692,#9704,#9718,#9730,#9744,#9756,#9770,#9782,#9796,#9808,#9822,
#9834,#9848,#9860,#9874,#9886,#9900,#9912,#9926,#9938,#9952,#9964,#9978,#9990,
#10004,#10016,#10030,#10042,#10056,#10068,#10082,#10094,#10108,#10120,#10134,
#10146,#10160,#10172,#10186,#10198,#10212,#10224,#10238,#10250,#10264,#10276,
#10290,#10302,#10316,#10328,#10342,#10354,#10368,#10380,#10394,#10406,#10420,
#10432,#10446,#10458,#10472,#10484,#10498,#10510,#10524,#10536,#10550,#10562,
#10576,#10588,#10602,#10614,#10628,#10640,#10654,#10666,#10680,#10692,#10706,
#10718,#10731,#10743));
#10745=MANIFOLD_SOLID_BREP('',#10744);
#10747=DIMENSIONAL_EXPONENTS(0.E0,0.E0,0.E0,0.E0,0.E0,0.E0,0.E0);
#10749=PLANE_ANGLE_MEASURE_WITH_UNIT(PLANE_ANGLE_MEASURE(1.745329251994E-2),
#10748);
#10750=(CONVERSION_BASED_UNIT('DEGREE',#10749)NAMED_UNIT(*)PLANE_ANGLE_UNIT());
#10752=UNCERTAINTY_MEASURE_WITH_UNIT(LENGTH_MEASURE(4.300409332795E-3),#10746,
'closure',
'Maximum model space distance between geometric entities at asserted connectivities');
#10753=(GEOMETRIC_REPRESENTATION_CONTEXT(3)GLOBAL_UNCERTAINTY_ASSIGNED_CONTEXT((
#10752))GLOBAL_UNIT_ASSIGNED_CONTEXT((#10746,#10750,#10751))REPRESENTATION_CONTEXT('ID1','3'));
#10755=APPLICATION_CONTEXT(
'CONFIGURATION CONTROLLED 3D DESIGNS OF MECHANICAL PARTS AND ASSEMBLIES');
#10756=APPLICATION_PROTOCOL_DEFINITION('international standard',
'config_control_design',1994,#10755);
#10757=DESIGN_CONTEXT('',#10755,'design');
#10758=MECHANICAL_CONTEXT('',#10755,'mechanical');
#10759=PRODUCT('FTY-04-009_2_1_1_1_1_1_0_0_0__2',
'FTY-04-009_2_1_1_1_1_1_0_0_0__2','NOT SPECIFIED',(#10758));
#10760=PRODUCT_DEFINITION_FORMATION_WITH_SPECIFIED_SOURCE('1','LAST_VERSION',
#10759,.MADE.);
#10764=PRODUCT_CATEGORY('part','');
#10765=PRODUCT_RELATED_PRODUCT_CATEGORY('detail','',(#10759));
#10766=PRODUCT_CATEGORY_RELATIONSHIP('','',#10764,#10765);
#10767=SECURITY_CLASSIFICATION_LEVEL('unclassified');
#10768=SECURITY_CLASSIFICATION('','',#10767);
#10769=CC_DESIGN_SECURITY_CLASSIFICATION(#10768,(#10760));
#10770=APPROVAL_STATUS('approved');
#10771=APPROVAL(#10770,'');
#10772=CC_DESIGN_APPROVAL(#10771,(#10768,#10760,#10761));
#10773=CALENDAR_DATE(126,30,6);
#10774=COORDINATED_UNIVERSAL_TIME_OFFSET(8,0,.AHEAD.);
#10775=LOCAL_TIME(16,18,3.6E1,#10774);
#10776=DATE_AND_TIME(#10773,#10775);
#10777=APPROVAL_DATE_TIME(#10776,#10771);
#10778=DATE_TIME_ROLE('creation_date');
#10779=CC_DESIGN_DATE_AND_TIME_ASSIGNMENT(#10776,#10778,(#10761));
#10780=DATE_TIME_ROLE('classification_date');
#10781=CC_DESIGN_DATE_AND_TIME_ASSIGNMENT(#10776,#10780,(#10768));
#10782=PERSON('UNSPECIFIED','UNSPECIFIED',$,$,$,$);
#10783=ORGANIZATION('UNSPECIFIED','UNSPECIFIED','UNSPECIFIED');
#10784=PERSON_AND_ORGANIZATION(#10782,#10783);
#10785=APPROVAL_ROLE('approver');
#10786=APPROVAL_PERSON_ORGANIZATION(#10784,#10771,#10785);
#10787=PERSON_AND_ORGANIZATION_ROLE('creator');
#10788=CC_DESIGN_PERSON_AND_ORGANIZATION_ASSIGNMENT(#10784,#10787,(#10760,
#10761));
#10789=PERSON_AND_ORGANIZATION_ROLE('design_supplier');
#10790=CC_DESIGN_PERSON_AND_ORGANIZATION_ASSIGNMENT(#10784,#10789,(#10760));
#10791=PERSON_AND_ORGANIZATION_ROLE('classification_officer');
#10792=CC_DESIGN_PERSON_AND_ORGANIZATION_ASSIGNMENT(#10784,#10791,(#10768));
#10793=PERSON_AND_ORGANIZATION_ROLE('design_owner');
#10794=CC_DESIGN_PERSON_AND_ORGANIZATION_ASSIGNMENT(#10784,#10793,(#10759));
#6=CIRCLE('',#5,4.5E0);
#11=CIRCLE('',#10,4.5E0);
#16=CIRCLE('',#15,3.3E0);
#21=CIRCLE('',#20,3.3E0);
#34=CIRCLE('',#33,6.500000000002E0);
#39=CIRCLE('',#38,6.500000000002E0);
#44=CIRCLE('',#43,4.5E0);
#49=CIRCLE('',#48,4.5E0);
#54=CIRCLE('',#53,7.000000000001E0);
#71=CIRCLE('',#70,7.000000000001E0);
#80=CIRCLE('',#79,7.5E0);
#85=CIRCLE('',#84,7.5E0);
#90=CIRCLE('',#89,7.E0);
#95=CIRCLE('',#94,7.E0);
#108=CIRCLE('',#107,7.5E0);
#113=CIRCLE('',#112,7.5E0);
#118=CIRCLE('',#117,7.E0);
#123=CIRCLE('',#122,7.E0);
#136=CIRCLE('',#135,7.E0);
#145=CIRCLE('',#144,7.E0);
#154=CIRCLE('',#153,6.25E0);
#159=CIRCLE('',#158,6.25E0);
#164=CIRCLE('',#163,5.E0);
#169=CIRCLE('',#168,5.E0);
#195=B_SPLINE_CURVE_WITH_KNOTS('',3,(#174,#175,#176,#177,#178,#179,#180,#181,
#182,#183,#184,#185,#186,#187,#188,#189,#190,#191,#192,#193,#194),.UNSPECIFIED.,
.F.,.F.,(4,1,1,1,1,1,1,1,1,1,1,1,1,1,1,1,1,1,4),(0.E0,5.555555555556E-2,
1.111111111111E-1,1.666666666667E-1,2.222222222222E-1,2.777777777778E-1,
3.333333333333E-1,3.888888888889E-1,4.444444444444E-1,5.E-1,5.555555555556E-1,
6.111111111111E-1,6.666666666667E-1,7.222222222222E-1,7.777777777778E-1,
8.333333333333E-1,8.888888888889E-1,9.444444444444E-1,1.E0),.UNSPECIFIED.);
#225=B_SPLINE_CURVE_WITH_KNOTS('',3,(#204,#205,#206,#207,#208,#209,#210,#211,
#212,#213,#214,#215,#216,#217,#218,#219,#220,#221,#222,#223,#224),.UNSPECIFIED.,
.F.,.F.,(4,1,1,1,1,1,1,1,1,1,1,1,1,1,1,1,1,1,4),(0.E0,5.555555555556E-2,
1.111111111111E-1,1.666666666667E-1,2.222222222222E-1,2.777777777778E-1,
3.333333333333E-1,3.888888888889E-1,4.444444444444E-1,5.E-1,5.555555555556E-1,
6.111111111111E-1,6.666666666667E-1,7.222222222222E-1,7.777777777778E-1,
8.333333333333E-1,8.888888888889E-1,9.444444444444E-1,1.E0),.UNSPECIFIED.);
#234=CIRCLE('',#233,5.E0);
#239=CIRCLE('',#238,5.E0);
#244=CIRCLE('',#243,5.E0);
#249=CIRCLE('',#248,5.E0);
#254=CIRCLE('',#253,6.25E0);
#259=CIRCLE('',#258,6.25E0);
#264=CIRCLE('',#263,5.E0);
#269=CIRCLE('',#268,5.E0);
#274=CIRCLE('',#273,7.E0);
#287=CIRCLE('',#286,7.5E0);
#292=CIRCLE('',#291,7.5E0);
#297=CIRCLE('',#296,7.E0);
#302=CIRCLE('',#301,7.E0);
#311=CIRCLE('',#310,7.5E0);
#316=CIRCLE('',#315,7.5E0);
#321=CIRCLE('',#320,7.E0);
#326=CIRCLE('',#325,7.E0);
#339=CIRCLE('',#338,6.999999999996E0);
#348=CIRCLE('',#347,6.999999999996E0);
#361=CIRCLE('',#360,6.499999999996E0);
#366=CIRCLE('',#365,6.499999999996E0);
#371=CIRCLE('',#370,4.5E0);
#376=CIRCLE('',#375,4.5E0);
#385=CIRCLE('',#384,4.5E0);
#390=CIRCLE('',#389,4.5E0);
#395=CIRCLE('',#394,3.3E0);
#400=CIRCLE('',#399,3.3E0);
#409=CIRCLE('',#408,3.3E0);
#434=B_SPLINE_CURVE_WITH_KNOTS('',3,(#414,#415,#416,#417,#418,#419,#420,#421,
#422,#423,#424,#425,#426,#427,#428,#429,#430,#431,#432,#433),.UNSPECIFIED.,.F.,
.F.,(4,1,1,1,1,1,1,1,1,1,1,1,1,1,1,1,1,4),(0.E0,5.882352941176E-2,
1.176470588235E-1,1.764705882353E-1,2.352941176471E-1,2.941176470588E-1,
3.529411764706E-1,4.117647058824E-1,4.705882352941E-1,5.294117647059E-1,
5.882352941176E-1,6.470588235294E-1,7.058823529412E-1,7.647058823529E-1,
8.235294117647E-1,8.823529411765E-1,9.411764705882E-1,1.E0),.UNSPECIFIED.);
#439=CIRCLE('',#438,3.3E0);
#448=CIRCLE('',#447,1.5E-1);
#453=CIRCLE('',#452,1.5E-1);
#458=CIRCLE('',#457,1.5E-1);
#463=CIRCLE('',#462,1.5E-1);
#468=CIRCLE('',#467,1.5E-1);
#473=CIRCLE('',#472,1.5E-1);
#478=CIRCLE('',#477,1.5E-1);
#483=CIRCLE('',#482,1.5E-1);
#488=CIRCLE('',#487,1.5E-1);
#493=CIRCLE('',#492,1.5E-1);
#498=CIRCLE('',#497,1.5E-1);
#503=CIRCLE('',#502,1.5E-1);
#508=CIRCLE('',#507,1.5E-1);
#513=CIRCLE('',#512,1.5E-1);
#518=CIRCLE('',#517,1.5E-1);
#523=CIRCLE('',#522,1.5E-1);
#528=CIRCLE('',#527,1.5E-1);
#533=CIRCLE('',#532,1.5E-1);
#538=CIRCLE('',#537,1.5E-1);
#543=CIRCLE('',#542,1.5E-1);
#548=CIRCLE('',#547,1.5E-1);
#553=CIRCLE('',#552,1.5E-1);
#558=CIRCLE('',#557,1.5E-1);
#563=CIRCLE('',#562,1.5E-1);
#568=CIRCLE('',#567,1.5E-1);
#573=CIRCLE('',#572,1.5E-1);
#578=CIRCLE('',#577,1.5E-1);
#583=CIRCLE('',#582,1.5E-1);
#588=CIRCLE('',#587,1.5E-1);
#593=CIRCLE('',#592,1.5E-1);
#598=CIRCLE('',#597,1.5E-1);
#603=CIRCLE('',#602,1.5E-1);
#608=CIRCLE('',#607,1.5E-1);
#613=CIRCLE('',#612,1.5E-1);
#618=CIRCLE('',#617,1.5E-1);
#623=CIRCLE('',#622,1.5E-1);
#628=CIRCLE('',#627,1.5E-1);
#633=CIRCLE('',#632,1.5E-1);
#638=CIRCLE('',#637,1.5E-1);
#643=CIRCLE('',#642,1.5E-1);
#648=CIRCLE('',#647,1.5E-1);
#653=CIRCLE('',#652,1.5E-1);
#658=CIRCLE('',#657,1.5E-1);
#663=CIRCLE('',#662,1.5E-1);
#668=CIRCLE('',#667,1.5E-1);
#673=CIRCLE('',#672,1.5E-1);
#678=CIRCLE('',#677,1.5E-1);
#683=CIRCLE('',#682,1.5E-1);
#688=CIRCLE('',#687,1.5E-1);
#693=CIRCLE('',#692,1.5E-1);
#698=CIRCLE('',#697,1.5E-1);
#703=CIRCLE('',#702,1.5E-1);
#708=CIRCLE('',#707,1.5E-1);
#713=CIRCLE('',#712,1.5E-1);
#718=CIRCLE('',#717,1.5E-1);
#723=CIRCLE('',#722,1.5E-1);
#728=CIRCLE('',#727,1.5E-1);
#733=CIRCLE('',#732,1.5E-1);
#738=CIRCLE('',#737,1.5E-1);
#743=CIRCLE('',#742,1.5E-1);
#748=CIRCLE('',#747,1.5E-1);
#753=CIRCLE('',#752,1.5E-1);
#758=CIRCLE('',#757,1.5E-1);
#763=CIRCLE('',#762,1.5E-1);
#768=CIRCLE('',#767,1.5E-1);
#773=CIRCLE('',#772,1.5E-1);
#778=CIRCLE('',#777,1.5E-1);
#783=CIRCLE('',#782,1.5E-1);
#788=CIRCLE('',#787,1.5E-1);
#793=CIRCLE('',#792,1.5E-1);
#798=CIRCLE('',#797,1.5E-1);
#803=CIRCLE('',#802,1.5E-1);
#808=CIRCLE('',#807,1.5E-1);
#813=CIRCLE('',#812,1.5E-1);
#818=CIRCLE('',#817,1.5E-1);
#823=CIRCLE('',#822,1.5E-1);
#828=CIRCLE('',#827,1.5E-1);
#833=CIRCLE('',#832,1.5E-1);
#838=CIRCLE('',#837,1.5E-1);
#843=CIRCLE('',#842,1.5E-1);
#848=CIRCLE('',#847,1.5E-1);
#853=CIRCLE('',#852,1.5E-1);
#858=CIRCLE('',#857,1.5E-1);
#863=CIRCLE('',#862,1.5E-1);
#868=CIRCLE('',#867,1.5E-1);
#873=CIRCLE('',#872,1.5E-1);
#878=CIRCLE('',#877,1.5E-1);
#883=CIRCLE('',#882,1.5E-1);
#888=CIRCLE('',#887,1.5E-1);
#893=CIRCLE('',#892,1.5E-1);
#898=CIRCLE('',#897,1.5E-1);
#903=CIRCLE('',#902,1.5E-1);
#908=CIRCLE('',#907,1.5E-1);
#913=CIRCLE('',#912,1.5E-1);
#918=CIRCLE('',#917,1.5E-1);
#923=CIRCLE('',#922,1.5E-1);
#928=CIRCLE('',#927,1.5E-1);
#933=CIRCLE('',#932,1.5E-1);
#938=CIRCLE('',#937,1.5E-1);
#943=CIRCLE('',#942,1.5E-1);
#948=CIRCLE('',#947,1.5E-1);
#953=CIRCLE('',#952,1.5E-1);
#958=CIRCLE('',#957,1.5E-1);
#963=CIRCLE('',#962,1.5E-1);
#968=CIRCLE('',#967,1.5E-1);
#973=CIRCLE('',#972,1.5E-1);
#978=CIRCLE('',#977,1.5E-1);
#983=CIRCLE('',#982,1.5E-1);
#988=CIRCLE('',#987,1.5E-1);
#993=CIRCLE('',#992,1.5E-1);
#998=CIRCLE('',#997,1.5E-1);
#1003=CIRCLE('',#1002,1.5E-1);
#1008=CIRCLE('',#1007,1.5E-1);
#1013=CIRCLE('',#1012,1.5E-1);
#1018=CIRCLE('',#1017,1.5E-1);
#1023=CIRCLE('',#1022,1.5E-1);
#1028=CIRCLE('',#1027,1.5E-1);
#1033=CIRCLE('',#1032,1.5E-1);
#1038=CIRCLE('',#1037,1.5E-1);
#1043=CIRCLE('',#1042,1.5E-1);
#1048=CIRCLE('',#1047,1.5E-1);
#1053=CIRCLE('',#1052,1.5E-1);
#1058=CIRCLE('',#1057,1.5E-1);
#1063=CIRCLE('',#1062,1.5E-1);
#1068=CIRCLE('',#1067,1.5E-1);
#1073=CIRCLE('',#1072,1.5E-1);
#1078=CIRCLE('',#1077,1.5E-1);
#1083=CIRCLE('',#1082,1.5E-1);
#1088=CIRCLE('',#1087,1.5E-1);
#1093=CIRCLE('',#1092,1.5E-1);
#1098=CIRCLE('',#1097,1.5E-1);
#1103=CIRCLE('',#1102,1.5E-1);
#1108=CIRCLE('',#1107,1.5E-1);
#1113=CIRCLE('',#1112,1.5E-1);
#1118=CIRCLE('',#1117,1.5E-1);
#1123=CIRCLE('',#1122,1.5E-1);
#1128=CIRCLE('',#1127,1.5E-1);
#1133=CIRCLE('',#1132,1.5E-1);
#1138=CIRCLE('',#1137,1.5E-1);
#1143=CIRCLE('',#1142,1.5E-1);
#1148=CIRCLE('',#1147,1.5E-1);
#1153=CIRCLE('',#1152,1.5E-1);
#1158=CIRCLE('',#1157,1.5E-1);
#1163=CIRCLE('',#1162,1.5E-1);
#1168=CIRCLE('',#1167,1.5E-1);
#1173=CIRCLE('',#1172,1.5E-1);
#1178=CIRCLE('',#1177,1.5E-1);
#1183=CIRCLE('',#1182,1.5E-1);
#1188=CIRCLE('',#1187,1.5E-1);
#1193=CIRCLE('',#1192,1.5E-1);
#1198=CIRCLE('',#1197,1.5E-1);
#1203=CIRCLE('',#1202,1.5E-1);
#1208=CIRCLE('',#1207,1.5E-1);
#1213=CIRCLE('',#1212,1.5E-1);
#1218=CIRCLE('',#1217,1.5E-1);
#1223=CIRCLE('',#1222,1.5E-1);
#1228=CIRCLE('',#1227,1.5E-1);
#1233=CIRCLE('',#1232,1.5E-1);
#1238=CIRCLE('',#1237,1.5E-1);
#1243=CIRCLE('',#1242,1.5E-1);
#1248=CIRCLE('',#1247,1.5E-1);
#1253=CIRCLE('',#1252,1.5E-1);
#1258=CIRCLE('',#1257,1.5E-1);
#1263=CIRCLE('',#1262,1.5E-1);
#1268=CIRCLE('',#1267,1.5E-1);
#1273=CIRCLE('',#1272,1.5E-1);
#1278=CIRCLE('',#1277,1.5E-1);
#1283=CIRCLE('',#1282,1.5E-1);
#1288=CIRCLE('',#1287,1.5E-1);
#1293=CIRCLE('',#1292,1.5E-1);
#1298=CIRCLE('',#1297,1.5E-1);
#1303=CIRCLE('',#1302,1.5E-1);
#1308=CIRCLE('',#1307,1.5E-1);
#1313=CIRCLE('',#1312,1.5E-1);
#1318=CIRCLE('',#1317,1.5E-1);
#1323=CIRCLE('',#1322,1.5E-1);
#1328=CIRCLE('',#1327,1.5E-1);
#1333=CIRCLE('',#1332,1.5E-1);
#1338=CIRCLE('',#1337,1.5E-1);
#1343=CIRCLE('',#1342,1.5E-1);
#1348=CIRCLE('',#1347,1.5E-1);
#1353=CIRCLE('',#1352,1.5E-1);
#1358=CIRCLE('',#1357,1.5E-1);
#1363=CIRCLE('',#1362,1.5E-1);
#1368=CIRCLE('',#1367,1.5E-1);
#1373=CIRCLE('',#1372,1.5E-1);
#1378=CIRCLE('',#1377,1.5E-1);
#1383=CIRCLE('',#1382,1.5E-1);
#1388=CIRCLE('',#1387,1.5E-1);
#1393=CIRCLE('',#1392,1.5E-1);
#1398=CIRCLE('',#1397,1.5E-1);
#1403=CIRCLE('',#1402,1.5E-1);
#1408=CIRCLE('',#1407,1.5E-1);
#1413=CIRCLE('',#1412,1.5E-1);
#1418=CIRCLE('',#1417,1.5E-1);
#1423=CIRCLE('',#1422,1.5E-1);
#1428=CIRCLE('',#1427,1.5E-1);
#1433=CIRCLE('',#1432,1.5E-1);
#1438=CIRCLE('',#1437,1.5E-1);
#1443=CIRCLE('',#1442,1.5E-1);
#1448=CIRCLE('',#1447,1.5E-1);
#1453=CIRCLE('',#1452,1.5E-1);
#1458=CIRCLE('',#1457,1.5E-1);
#1463=CIRCLE('',#1462,1.5E-1);
#1468=CIRCLE('',#1467,1.5E-1);
#1473=CIRCLE('',#1472,1.5E-1);
#1478=CIRCLE('',#1477,1.5E-1);
#1483=CIRCLE('',#1482,1.5E-1);
#1488=CIRCLE('',#1487,1.5E-1);
#1493=CIRCLE('',#1492,1.5E-1);
#1498=CIRCLE('',#1497,1.5E-1);
#1503=CIRCLE('',#1502,1.5E-1);
#1508=CIRCLE('',#1507,1.5E-1);
#1513=CIRCLE('',#1512,1.5E-1);
#1518=CIRCLE('',#1517,1.5E-1);
#1523=CIRCLE('',#1522,1.5E-1);
#1528=CIRCLE('',#1527,1.5E-1);
#1533=CIRCLE('',#1532,1.5E-1);
#1538=CIRCLE('',#1537,1.5E-1);
#1543=CIRCLE('',#1542,1.5E-1);
#1548=CIRCLE('',#1547,1.5E-1);
#1553=CIRCLE('',#1552,1.5E-1);
#1558=CIRCLE('',#1557,1.5E-1);
#1563=CIRCLE('',#1562,1.5E-1);
#1568=CIRCLE('',#1567,1.5E-1);
#1573=CIRCLE('',#1572,1.5E-1);
#1578=CIRCLE('',#1577,1.5E-1);
#1583=CIRCLE('',#1582,1.5E-1);
#1588=CIRCLE('',#1587,1.5E-1);
#1593=CIRCLE('',#1592,1.5E-1);
#1598=CIRCLE('',#1597,1.5E-1);
#1603=CIRCLE('',#1602,1.5E-1);
#1608=CIRCLE('',#1607,1.5E-1);
#1613=CIRCLE('',#1612,1.5E-1);
#1618=CIRCLE('',#1617,1.5E-1);
#1623=CIRCLE('',#1622,1.5E-1);
#1628=CIRCLE('',#1627,1.5E-1);
#1633=CIRCLE('',#1632,1.5E-1);
#1638=CIRCLE('',#1637,1.5E-1);
#1643=CIRCLE('',#1642,1.5E-1);
#1648=CIRCLE('',#1647,1.5E-1);
#1653=CIRCLE('',#1652,1.5E-1);
#1658=CIRCLE('',#1657,1.5E-1);
#1663=CIRCLE('',#1662,1.5E-1);
#1668=CIRCLE('',#1667,1.5E-1);
#1673=CIRCLE('',#1672,1.5E-1);
#1678=CIRCLE('',#1677,1.5E-1);
#1683=CIRCLE('',#1682,1.5E-1);
#1688=CIRCLE('',#1687,1.5E-1);
#1693=CIRCLE('',#1692,1.5E-1);
#1698=CIRCLE('',#1697,1.5E-1);
#1703=CIRCLE('',#1702,1.5E-1);
#1708=CIRCLE('',#1707,1.5E-1);
#1713=CIRCLE('',#1712,1.5E-1);
#1718=CIRCLE('',#1717,3.3E0);
#1743=B_SPLINE_CURVE_WITH_KNOTS('',3,(#1723,#1724,#1725,#1726,#1727,#1728,#1729,
#1730,#1731,#1732,#1733,#1734,#1735,#1736,#1737,#1738,#1739,#1740,#1741,#1742),
.UNSPECIFIED.,.F.,.F.,(4,1,1,1,1,1,1,1,1,1,1,1,1,1,1,1,1,4),(0.E0,
5.882352941176E-2,1.176470588235E-1,1.764705882353E-1,2.352941176471E-1,
2.941176470588E-1,3.529411764706E-1,4.117647058824E-1,4.705882352941E-1,
5.294117647059E-1,5.882352941176E-1,6.470588235294E-1,7.058823529412E-1,
7.647058823529E-1,8.235294117647E-1,8.823529411765E-1,9.411764705882E-1,1.E0),
.UNSPECIFIED.);
#1748=CIRCLE('',#1747,3.3E0);
#1773=B_SPLINE_CURVE_WITH_KNOTS('',3,(#1753,#1754,#1755,#1756,#1757,#1758,#1759,
#1760,#1761,#1762,#1763,#1764,#1765,#1766,#1767,#1768,#1769,#1770,#1771,#1772),
.UNSPECIFIED.,.F.,.F.,(4,1,1,1,1,1,1,1,1,1,1,1,1,1,1,1,1,4),(0.E0,
5.882352941176E-2,1.176470588235E-1,1.764705882353E-1,2.352941176471E-1,
2.941176470588E-1,3.529411764706E-1,4.117647058824E-1,4.705882352941E-1,
5.294117647059E-1,5.882352941176E-1,6.470588235294E-1,7.058823529412E-1,
7.647058823529E-1,8.235294117647E-1,8.823529411765E-1,9.411764705882E-1,1.E0),
.UNSPECIFIED.);
#1798=B_SPLINE_CURVE_WITH_KNOTS('',3,(#1778,#1779,#1780,#1781,#1782,#1783,#1784,
#1785,#1786,#1787,#1788,#1789,#1790,#1791,#1792,#1793,#1794,#1795,#1796,#1797),
.UNSPECIFIED.,.F.,.F.,(4,1,1,1,1,1,1,1,1,1,1,1,1,1,1,1,1,4),(0.E0,
5.882352941176E-2,1.176470588235E-1,1.764705882353E-1,2.352941176471E-1,
2.941176470588E-1,3.529411764706E-1,4.117647058824E-1,4.705882352941E-1,
5.294117647059E-1,5.882352941176E-1,6.470588235294E-1,7.058823529412E-1,
7.647058823529E-1,8.235294117647E-1,8.823529411765E-1,9.411764705882E-1,1.E0),
.UNSPECIFIED.);
#1807=CIRCLE('',#1806,1.5E-1);
#1812=CIRCLE('',#1811,1.5E-1);
#1817=CIRCLE('',#1816,1.5E-1);
#1822=CIRCLE('',#1821,1.5E-1);
#1827=CIRCLE('',#1826,1.5E-1);
#1832=CIRCLE('',#1831,1.5E-1);
#1837=CIRCLE('',#1836,1.5E-1);
#1842=CIRCLE('',#1841,1.5E-1);
#1847=CIRCLE('',#1846,1.5E-1);
#1852=CIRCLE('',#1851,1.5E-1);
#1857=CIRCLE('',#1856,1.5E-1);
#1862=CIRCLE('',#1861,1.5E-1);
#1867=CIRCLE('',#1866,1.5E-1);
#1872=CIRCLE('',#1871,1.5E-1);
#1877=CIRCLE('',#1876,1.5E-1);
#1882=CIRCLE('',#1881,1.5E-1);
#1887=CIRCLE('',#1886,1.5E-1);
#1892=CIRCLE('',#1891,1.5E-1);
#1897=CIRCLE('',#1896,1.5E-1);
#1902=CIRCLE('',#1901,1.5E-1);
#1907=CIRCLE('',#1906,1.5E-1);
#1912=CIRCLE('',#1911,1.5E-1);
#1917=CIRCLE('',#1916,1.5E-1);
#1922=CIRCLE('',#1921,1.5E-1);
#1927=CIRCLE('',#1926,1.5E-1);
#1932=CIRCLE('',#1931,1.5E-1);
#1937=CIRCLE('',#1936,1.5E-1);
#1942=CIRCLE('',#1941,1.5E-1);
#1947=CIRCLE('',#1946,1.5E-1);
#1952=CIRCLE('',#1951,1.5E-1);
#1957=CIRCLE('',#1956,1.5E-1);
#1962=CIRCLE('',#1961,1.5E-1);
#1967=CIRCLE('',#1966,1.5E-1);
#1972=CIRCLE('',#1971,1.5E-1);
#1977=CIRCLE('',#1976,1.5E-1);
#1982=CIRCLE('',#1981,1.5E-1);
#1987=CIRCLE('',#1986,1.5E-1);
#1992=CIRCLE('',#1991,1.5E-1);
#1997=CIRCLE('',#1996,1.5E-1);
#2002=CIRCLE('',#2001,1.5E-1);
#2007=CIRCLE('',#2006,1.5E-1);
#2012=CIRCLE('',#2011,1.5E-1);
#2017=CIRCLE('',#2016,1.5E-1);
#2022=CIRCLE('',#2021,1.5E-1);
#2027=CIRCLE('',#2026,1.5E-1);
#2032=CIRCLE('',#2031,1.5E-1);
#2037=CIRCLE('',#2036,1.5E-1);
#2042=CIRCLE('',#2041,1.5E-1);
#2047=CIRCLE('',#2046,1.5E-1);
#2052=CIRCLE('',#2051,1.5E-1);
#2057=CIRCLE('',#2056,1.5E-1);
#2062=CIRCLE('',#2061,1.5E-1);
#2067=CIRCLE('',#2066,1.5E-1);
#2072=CIRCLE('',#2071,1.5E-1);
#2077=CIRCLE('',#2076,1.5E-1);
#2082=CIRCLE('',#2081,1.5E-1);
#2087=CIRCLE('',#2086,1.5E-1);
#2092=CIRCLE('',#2091,1.5E-1);
#2097=CIRCLE('',#2096,1.5E-1);
#2102=CIRCLE('',#2101,1.5E-1);
#2107=CIRCLE('',#2106,1.5E-1);
#2112=CIRCLE('',#2111,1.5E-1);
#2117=CIRCLE('',#2116,1.5E-1);
#2122=CIRCLE('',#2121,1.5E-1);
#2127=CIRCLE('',#2126,1.5E-1);
#2132=CIRCLE('',#2131,1.5E-1);
#2137=CIRCLE('',#2136,1.5E-1);
#2142=CIRCLE('',#2141,1.5E-1);
#2147=CIRCLE('',#2146,1.5E-1);
#2152=CIRCLE('',#2151,1.5E-1);
#2157=CIRCLE('',#2156,1.5E-1);
#2162=CIRCLE('',#2161,1.5E-1);
#2167=CIRCLE('',#2166,1.5E-1);
#2172=CIRCLE('',#2171,1.5E-1);
#2177=CIRCLE('',#2176,1.5E-1);
#2182=CIRCLE('',#2181,1.5E-1);
#2187=CIRCLE('',#2186,1.5E-1);
#2192=CIRCLE('',#2191,1.5E-1);
#2197=CIRCLE('',#2196,1.5E-1);
#2202=CIRCLE('',#2201,1.5E-1);
#2207=CIRCLE('',#2206,1.5E-1);
#2212=CIRCLE('',#2211,1.5E-1);
#2217=CIRCLE('',#2216,1.5E-1);
#2222=CIRCLE('',#2221,1.5E-1);
#2227=CIRCLE('',#2226,1.5E-1);
#2232=CIRCLE('',#2231,1.5E-1);
#2237=CIRCLE('',#2236,1.5E-1);
#2242=CIRCLE('',#2241,1.5E-1);
#2247=CIRCLE('',#2246,1.5E-1);
#2252=CIRCLE('',#2251,1.5E-1);
#2257=CIRCLE('',#2256,1.5E-1);
#2262=CIRCLE('',#2261,1.5E-1);
#2267=CIRCLE('',#2266,1.5E-1);
#2272=CIRCLE('',#2271,1.5E-1);
#2277=CIRCLE('',#2276,1.5E-1);
#2282=CIRCLE('',#2281,1.5E-1);
#2287=CIRCLE('',#2286,1.5E-1);
#2292=CIRCLE('',#2291,1.5E-1);
#2297=CIRCLE('',#2296,1.5E-1);
#2302=CIRCLE('',#2301,1.5E-1);
#2307=CIRCLE('',#2306,1.5E-1);
#2312=CIRCLE('',#2311,1.5E-1);
#2317=CIRCLE('',#2316,1.5E-1);
#2322=CIRCLE('',#2321,1.5E-1);
#2327=CIRCLE('',#2326,1.5E-1);
#2332=CIRCLE('',#2331,1.5E-1);
#2337=CIRCLE('',#2336,1.5E-1);
#2342=CIRCLE('',#2341,1.5E-1);
#2347=CIRCLE('',#2346,1.5E-1);
#2352=CIRCLE('',#2351,1.5E-1);
#2357=CIRCLE('',#2356,1.5E-1);
#2362=CIRCLE('',#2361,1.5E-1);
#2367=CIRCLE('',#2366,1.5E-1);
#2372=CIRCLE('',#2371,1.5E-1);
#2377=CIRCLE('',#2376,1.5E-1);
#2382=CIRCLE('',#2381,1.5E-1);
#2387=CIRCLE('',#2386,1.5E-1);
#2392=CIRCLE('',#2391,1.5E-1);
#2397=CIRCLE('',#2396,1.5E-1);
#2402=CIRCLE('',#2401,1.5E-1);
#2407=CIRCLE('',#2406,1.5E-1);
#2412=CIRCLE('',#2411,1.5E-1);
#2417=CIRCLE('',#2416,1.5E-1);
#2422=CIRCLE('',#2421,1.5E-1);
#2427=CIRCLE('',#2426,1.5E-1);
#2432=CIRCLE('',#2431,1.5E-1);
#2437=CIRCLE('',#2436,1.5E-1);
#2442=CIRCLE('',#2441,1.5E-1);
#2447=CIRCLE('',#2446,1.5E-1);
#2452=CIRCLE('',#2451,1.5E-1);
#2457=CIRCLE('',#2456,1.5E-1);
#2462=CIRCLE('',#2461,1.5E-1);
#2467=CIRCLE('',#2466,1.5E-1);
#2472=CIRCLE('',#2471,1.5E-1);
#2477=CIRCLE('',#2476,1.5E-1);
#2482=CIRCLE('',#2481,1.5E-1);
#2487=CIRCLE('',#2486,1.5E-1);
#2492=CIRCLE('',#2491,1.5E-1);
#2497=CIRCLE('',#2496,1.5E-1);
#2502=CIRCLE('',#2501,1.5E-1);
#2507=CIRCLE('',#2506,1.5E-1);
#2512=CIRCLE('',#2511,1.5E-1);
#2517=CIRCLE('',#2516,1.5E-1);
#2522=CIRCLE('',#2521,1.5E-1);
#2527=CIRCLE('',#2526,1.5E-1);
#2532=CIRCLE('',#2531,1.5E-1);
#2537=CIRCLE('',#2536,1.5E-1);
#2542=CIRCLE('',#2541,1.5E-1);
#2547=CIRCLE('',#2546,1.5E-1);
#2552=CIRCLE('',#2551,1.5E-1);
#2557=CIRCLE('',#2556,1.5E-1);
#2562=CIRCLE('',#2561,1.5E-1);
#2567=CIRCLE('',#2566,1.5E-1);
#2572=CIRCLE('',#2571,1.5E-1);
#2577=CIRCLE('',#2576,1.5E-1);
#2582=CIRCLE('',#2581,1.5E-1);
#2587=CIRCLE('',#2586,1.5E-1);
#2592=CIRCLE('',#2591,1.5E-1);
#2597=CIRCLE('',#2596,1.5E-1);
#2602=CIRCLE('',#2601,1.5E-1);
#2607=CIRCLE('',#2606,1.5E-1);
#2612=CIRCLE('',#2611,1.5E-1);
#2617=CIRCLE('',#2616,1.5E-1);
#2622=CIRCLE('',#2621,1.5E-1);
#2627=CIRCLE('',#2626,1.5E-1);
#2632=CIRCLE('',#2631,1.5E-1);
#2637=CIRCLE('',#2636,1.5E-1);
#2642=CIRCLE('',#2641,1.5E-1);
#2647=CIRCLE('',#2646,1.5E-1);
#2652=CIRCLE('',#2651,1.5E-1);
#2657=CIRCLE('',#2656,1.5E-1);
#2662=CIRCLE('',#2661,1.5E-1);
#2667=CIRCLE('',#2666,1.5E-1);
#2672=CIRCLE('',#2671,1.5E-1);
#2677=CIRCLE('',#2676,1.5E-1);
#2682=CIRCLE('',#2681,1.5E-1);
#2687=CIRCLE('',#2686,1.5E-1);
#2692=CIRCLE('',#2691,1.5E-1);
#2697=CIRCLE('',#2696,1.5E-1);
#2702=CIRCLE('',#2701,1.5E-1);
#2707=CIRCLE('',#2706,1.5E-1);
#2712=CIRCLE('',#2711,1.5E-1);
#2717=CIRCLE('',#2716,1.5E-1);
#2722=CIRCLE('',#2721,1.5E-1);
#2727=CIRCLE('',#2726,1.5E-1);
#2732=CIRCLE('',#2731,1.5E-1);
#2737=CIRCLE('',#2736,1.5E-1);
#2742=CIRCLE('',#2741,1.5E-1);
#2747=CIRCLE('',#2746,1.5E-1);
#2752=CIRCLE('',#2751,1.5E-1);
#2757=CIRCLE('',#2756,1.5E-1);
#2762=CIRCLE('',#2761,1.5E-1);
#2767=CIRCLE('',#2766,1.5E-1);
#2772=CIRCLE('',#2771,1.5E-1);
#2777=CIRCLE('',#2776,1.5E-1);
#2782=CIRCLE('',#2781,1.5E-1);
#2787=CIRCLE('',#2786,1.5E-1);
#2792=CIRCLE('',#2791,1.5E-1);
#2797=CIRCLE('',#2796,1.5E-1);
#2802=CIRCLE('',#2801,1.5E-1);
#2807=CIRCLE('',#2806,1.5E-1);
#2812=CIRCLE('',#2811,1.5E-1);
#2817=CIRCLE('',#2816,1.5E-1);
#2822=CIRCLE('',#2821,1.5E-1);
#2827=CIRCLE('',#2826,1.5E-1);
#2832=CIRCLE('',#2831,1.5E-1);
#2837=CIRCLE('',#2836,1.5E-1);
#2842=CIRCLE('',#2841,1.5E-1);
#2847=CIRCLE('',#2846,1.5E-1);
#2852=CIRCLE('',#2851,1.5E-1);
#2857=CIRCLE('',#2856,1.5E-1);
#2862=CIRCLE('',#2861,1.5E-1);
#2867=CIRCLE('',#2866,1.5E-1);
#2872=CIRCLE('',#2871,1.5E-1);
#2877=CIRCLE('',#2876,1.5E-1);
#2882=CIRCLE('',#2881,1.5E-1);
#2887=CIRCLE('',#2886,1.5E-1);
#2892=CIRCLE('',#2891,1.5E-1);
#2897=CIRCLE('',#2896,1.5E-1);
#2902=CIRCLE('',#2901,1.5E-1);
#2907=CIRCLE('',#2906,1.5E-1);
#2912=CIRCLE('',#2911,1.5E-1);
#2917=CIRCLE('',#2916,1.5E-1);
#2922=CIRCLE('',#2921,1.5E-1);
#2927=CIRCLE('',#2926,1.5E-1);
#2932=CIRCLE('',#2931,1.5E-1);
#2937=CIRCLE('',#2936,1.5E-1);
#2942=CIRCLE('',#2941,1.5E-1);
#2947=CIRCLE('',#2946,1.5E-1);
#2952=CIRCLE('',#2951,1.5E-1);
#2957=CIRCLE('',#2956,1.5E-1);
#2962=CIRCLE('',#2961,1.5E-1);
#2967=CIRCLE('',#2966,1.5E-1);
#2972=CIRCLE('',#2971,1.5E-1);
#2977=CIRCLE('',#2976,1.5E-1);
#2982=CIRCLE('',#2981,1.5E-1);
#2987=CIRCLE('',#2986,1.5E-1);
#2992=CIRCLE('',#2991,1.5E-1);
#2997=CIRCLE('',#2996,1.5E-1);
#3002=CIRCLE('',#3001,1.5E-1);
#3007=CIRCLE('',#3006,1.5E-1);
#3012=CIRCLE('',#3011,1.5E-1);
#3017=CIRCLE('',#3016,1.5E-1);
#3022=CIRCLE('',#3021,1.5E-1);
#3027=CIRCLE('',#3026,1.5E-1);
#3032=CIRCLE('',#3031,1.5E-1);
#3037=CIRCLE('',#3036,1.5E-1);
#3042=CIRCLE('',#3041,1.5E-1);
#3047=CIRCLE('',#3046,1.5E-1);
#3052=CIRCLE('',#3051,1.5E-1);
#3057=CIRCLE('',#3056,1.5E-1);
#3062=CIRCLE('',#3061,1.5E-1);
#3067=CIRCLE('',#3066,1.5E-1);
#3072=CIRCLE('',#3071,1.5E-1);
#4097=CIRCLE('',#4096,7.E0);
#5239=EDGE_CURVE('',#4104,#4105,#6,.T.);
#5241=EDGE_CURVE('',#4105,#4104,#11,.T.);
#5245=EDGE_CURVE('',#4108,#4109,#16,.T.);
#5247=EDGE_CURVE('',#4109,#4108,#21,.T.);
#5258=EDGE_CURVE('',#4104,#4111,#25,.T.);
#5260=EDGE_CURVE('',#4113,#4111,#49,.T.);
#5262=EDGE_CURVE('',#4105,#4113,#29,.T.);
#5274=EDGE_CURVE('',#4111,#4113,#44,.T.);
#5285=EDGE_CURVE('',#4116,#4117,#34,.T.);
#5287=EDGE_CURVE('',#4117,#4116,#39,.T.);
#5301=EDGE_CURVE('',#4120,#4121,#54,.T.);
#5303=EDGE_CURVE('',#4121,#4117,#58,.T.);
#5306=EDGE_CURVE('',#4120,#4116,#75,.T.);
#5317=EDGE_CURVE('',#4120,#4123,#62,.T.);
#5319=EDGE_CURVE('',#4125,#4123,#95,.T.);
#5321=EDGE_CURVE('',#4121,#4125,#66,.T.);
#5331=EDGE_CURVE('',#4121,#4120,#71,.T.);
#5334=EDGE_CURVE('',#4123,#4125,#90,.T.);
#5357=EDGE_CURVE('',#4128,#4129,#80,.T.);
#5359=EDGE_CURVE('',#4129,#4128,#85,.T.);
#5374=EDGE_CURVE('',#4128,#4131,#99,.T.);
#5376=EDGE_CURVE('',#4133,#4131,#113,.T.);
#5378=EDGE_CURVE('',#4129,#4133,#103,.T.);
#5390=EDGE_CURVE('',#4131,#4133,#108,.T.);
#5405=EDGE_CURVE('',#4136,#4137,#118,.T.);
#5407=EDGE_CURVE('',#4137,#4136,#123,.T.);
#5418=EDGE_CURVE('',#4136,#4139,#127,.T.);
#5420=EDGE_CURVE('',#4141,#4139,#145,.T.);
#5422=EDGE_CURVE('',#4137,#4141,#131,.T.);
#5434=EDGE_CURVE('',#4139,#4141,#136,.T.);
#5446=EDGE_CURVE('',#4141,#4143,#140,.T.);
#5448=EDGE_CURVE('',#4145,#4143,#159,.T.);
#5450=EDGE_CURVE('',#4139,#4145,#149,.T.);
#5462=EDGE_CURVE('',#4143,#4145,#154,.T.);
#5477=EDGE_CURVE('',#4148,#4149,#164,.T.);
#5479=EDGE_CURVE('',#4149,#4148,#169,.T.);
#5490=EDGE_CURVE('',#4151,#4148,#199,.T.);
#5492=EDGE_CURVE('',#4153,#4151,#239,.T.);
#5494=EDGE_CURVE('',#4154,#4153,#225,.T.);
#5496=EDGE_CURVE('',#4154,#4149,#173,.T.);
#5508=EDGE_CURVE('',#4154,#4155,#195,.T.);
#5510=EDGE_CURVE('',#4151,#4155,#244,.T.);
#5522=EDGE_CURVE('',#4157,#4154,#229,.T.);
#5524=EDGE_CURVE('',#4159,#4157,#269,.T.);
#5526=EDGE_CURVE('',#4159,#4161,#203,.T.);
#5528=EDGE_CURVE('',#4155,#4161,#249,.T.);
#5539=EDGE_CURVE('',#4161,#4153,#234,.T.);
#5542=EDGE_CURVE('',#4157,#4159,#264,.T.);
#5565=EDGE_CURVE('',#4164,#4165,#254,.T.);
#5567=EDGE_CURVE('',#4165,#4164,#259,.T.);
#5581=EDGE_CURVE('',#4168,#4169,#274,.T.);
#5583=EDGE_CURVE('',#4169,#4165,#278,.T.);
#5586=EDGE_CURVE('',#4168,#4164,#4101,.T.);
#5596=EDGE_CURVE('',#4172,#4173,#297,.T.);
#5598=EDGE_CURVE('',#4169,#4172,#4092,.T.);
#5601=EDGE_CURVE('',#4168,#4173,#282,.T.);
#5611=EDGE_CURVE('',#4176,#4177,#287,.T.);
#5613=EDGE_CURVE('',#4177,#4176,#292,.T.);
#5618=EDGE_CURVE('',#4173,#4172,#302,.T.);
#5628=EDGE_CURVE('',#4180,#4181,#316,.T.);
#5630=EDGE_CURVE('',#4177,#4180,#330,.T.);
#5633=EDGE_CURVE('',#4176,#4181,#306,.T.);
#5643=EDGE_CURVE('',#4181,#4180,#311,.T.);
#5648=EDGE_CURVE('',#4184,#4185,#321,.T.);
#5650=EDGE_CURVE('',#4185,#4184,#326,.T.);
#5672=EDGE_CURVE('',#4188,#4189,#339,.T.);
#5674=EDGE_CURVE('',#4185,#4188,#356,.T.);
#5677=EDGE_CURVE('',#4184,#4189,#334,.T.);
#5688=EDGE_CURVE('',#4189,#4191,#343,.T.);
#5690=EDGE_CURVE('',#4193,#4191,#361,.T.);
#5692=EDGE_CURVE('',#4188,#4193,#352,.T.);
#5702=EDGE_CURVE('',#4189,#4188,#348,.T.);
#5705=EDGE_CURVE('',#4191,#4193,#366,.T.);
#5732=EDGE_CURVE('',#4196,#4197,#371,.T.);
#5734=EDGE_CURVE('',#4197,#4196,#376,.T.);
#5744=EDGE_CURVE('',#4200,#4201,#390,.T.);
#5746=EDGE_CURVE('',#4200,#4197,#380,.T.);
#5749=EDGE_CURVE('',#4201,#4196,#404,.T.);
#5759=EDGE_CURVE('',#4201,#4200,#385,.T.);
#5764=EDGE_CURVE('',#4204,#4205,#395,.T.);
#5766=EDGE_CURVE('',#4205,#4204,#400,.T.);
#5788=EDGE_CURVE('',#4212,#4213,#409,.T.);
#5790=EDGE_CURVE('',#4213,#4206,#413,.T.);
#5792=EDGE_CURVE('',#4206,#4207,#434,.T.);
#5794=EDGE_CURVE('',#4208,#4207,#1798,.T.);
#5796=EDGE_CURVE('',#4212,#4208,#1722,.T.);
#5806=EDGE_CURVE('',#4216,#4217,#439,.T.);
#5808=EDGE_CURVE('',#4205,#4217,#1752,.T.);
#5811=EDGE_CURVE('',#4204,#4216,#443,.T.);
#5822=EDGE_CURVE('',#4213,#4212,#1718,.T.);
#5826=EDGE_CURVE('',#4220,#4221,#448,.T.);
#5828=EDGE_CURVE('',#4221,#4220,#453,.T.);
#5832=EDGE_CURVE('',#4228,#4229,#458,.T.);
#5834=EDGE_CURVE('',#4229,#4228,#463,.T.);
#5838=EDGE_CURVE('',#4236,#4237,#468,.T.);
#5840=EDGE_CURVE('',#4237,#4236,#473,.T.);
#5844=EDGE_CURVE('',#4244,#4245,#478,.T.);
#5846=EDGE_CURVE('',#4245,#4244,#483,.T.);
#5850=EDGE_CURVE('',#4252,#4253,#488,.T.);
#5852=EDGE_CURVE('',#4253,#4252,#493,.T.);
#5856=EDGE_CURVE('',#4260,#4261,#498,.T.);
#5858=EDGE_CURVE('',#4261,#4260,#503,.T.);
#5862=EDGE_CURVE('',#4268,#4269,#508,.T.);
#5864=EDGE_CURVE('',#4269,#4268,#513,.T.);
#5868=EDGE_CURVE('',#4276,#4277,#518,.T.);
#5870=EDGE_CURVE('',#4277,#4276,#523,.T.);
#5874=EDGE_CURVE('',#4284,#4285,#528,.T.);
#5876=EDGE_CURVE('',#4285,#4284,#533,.T.);
#5880=EDGE_CURVE('',#4292,#4293,#538,.T.);
#5882=EDGE_CURVE('',#4293,#4292,#543,.T.);
#5886=EDGE_CURVE('',#4300,#4301,#548,.T.);
#5888=EDGE_CURVE('',#4301,#4300,#553,.T.);
#5892=EDGE_CURVE('',#4308,#4309,#558,.T.);
#5894=EDGE_CURVE('',#4309,#4308,#563,.T.);
#5898=EDGE_CURVE('',#4316,#4317,#568,.T.);
#5900=EDGE_CURVE('',#4317,#4316,#573,.T.);
#5904=EDGE_CURVE('',#4324,#4325,#578,.T.);
#5906=EDGE_CURVE('',#4325,#4324,#583,.T.);
#5910=EDGE_CURVE('',#4332,#4333,#588,.T.);
#5912=EDGE_CURVE('',#4333,#4332,#593,.T.);
#5916=EDGE_CURVE('',#4340,#4341,#598,.T.);
#5918=EDGE_CURVE('',#4341,#4340,#603,.T.);
#5922=EDGE_CURVE('',#4348,#4349,#608,.T.);
#5924=EDGE_CURVE('',#4349,#4348,#613,.T.);
#5928=EDGE_CURVE('',#4356,#4357,#618,.T.);
#5930=EDGE_CURVE('',#4357,#4356,#623,.T.);
#5934=EDGE_CURVE('',#4364,#4365,#628,.T.);
#5936=EDGE_CURVE('',#4365,#4364,#633,.T.);
#5940=EDGE_CURVE('',#4372,#4373,#638,.T.);
#5942=EDGE_CURVE('',#4373,#4372,#643,.T.);
#5946=EDGE_CURVE('',#4380,#4381,#648,.T.);
#5948=EDGE_CURVE('',#4381,#4380,#653,.T.);
#5952=EDGE_CURVE('',#4388,#4389,#658,.T.);
#5954=EDGE_CURVE('',#4389,#4388,#663,.T.);
#5958=EDGE_CURVE('',#4396,#4397,#668,.T.);
#5960=EDGE_CURVE('',#4397,#4396,#673,.T.);
#5964=EDGE_CURVE('',#4404,#4405,#678,.T.);
#5966=EDGE_CURVE('',#4405,#4404,#683,.T.);
#5970=EDGE_CURVE('',#4412,#4413,#688,.T.);
#5972=EDGE_CURVE('',#4413,#4412,#693,.T.);
#5976=EDGE_CURVE('',#4420,#4421,#698,.T.);
#5978=EDGE_CURVE('',#4421,#4420,#703,.T.);
#5982=EDGE_CURVE('',#4428,#4429,#708,.T.);
#5984=EDGE_CURVE('',#4429,#4428,#713,.T.);
#5988=EDGE_CURVE('',#4436,#4437,#718,.T.);
#5990=EDGE_CURVE('',#4437,#4436,#723,.T.);
#5994=EDGE_CURVE('',#4444,#4445,#728,.T.);
#5996=EDGE_CURVE('',#4445,#4444,#733,.T.);
#6000=EDGE_CURVE('',#4452,#4453,#738,.T.);
#6002=EDGE_CURVE('',#4453,#4452,#743,.T.);
#6006=EDGE_CURVE('',#4460,#4461,#748,.T.);
#6008=EDGE_CURVE('',#4461,#4460,#753,.T.);
#6012=EDGE_CURVE('',#4468,#4469,#758,.T.);
#6014=EDGE_CURVE('',#4469,#4468,#763,.T.);
#6018=EDGE_CURVE('',#4476,#4477,#768,.T.);
#6020=EDGE_CURVE('',#4477,#4476,#773,.T.);
#6024=EDGE_CURVE('',#4484,#4485,#778,.T.);
#6026=EDGE_CURVE('',#4485,#4484,#783,.T.);
#6030=EDGE_CURVE('',#4492,#4493,#788,.T.);
#6032=EDGE_CURVE('',#4493,#4492,#793,.T.);
#6036=EDGE_CURVE('',#4500,#4501,#798,.T.);
#6038=EDGE_CURVE('',#4501,#4500,#803,.T.);
#6042=EDGE_CURVE('',#4508,#4509,#808,.T.);
#6044=EDGE_CURVE('',#4509,#4508,#813,.T.);
#6048=EDGE_CURVE('',#4516,#4517,#818,.T.);
#6050=EDGE_CURVE('',#4517,#4516,#823,.T.);
#6054=EDGE_CURVE('',#4524,#4525,#828,.T.);
#6056=EDGE_CURVE('',#4525,#4524,#833,.T.);
#6060=EDGE_CURVE('',#4532,#4533,#838,.T.);
#6062=EDGE_CURVE('',#4533,#4532,#843,.T.);
#6066=EDGE_CURVE('',#4540,#4541,#848,.T.);
#6068=EDGE_CURVE('',#4541,#4540,#853,.T.);
#6072=EDGE_CURVE('',#4548,#4549,#858,.T.);
#6074=EDGE_CURVE('',#4549,#4548,#863,.T.);
#6078=EDGE_CURVE('',#4556,#4557,#868,.T.);
#6080=EDGE_CURVE('',#4557,#4556,#873,.T.);
#6084=EDGE_CURVE('',#4564,#4565,#878,.T.);
#6086=EDGE_CURVE('',#4565,#4564,#883,.T.);
#6090=EDGE_CURVE('',#4572,#4573,#888,.T.);
#6092=EDGE_CURVE('',#4573,#4572,#893,.T.);
#6096=EDGE_CURVE('',#4580,#4581,#898,.T.);
#6098=EDGE_CURVE('',#4581,#4580,#903,.T.);
#6102=EDGE_CURVE('',#4588,#4589,#908,.T.);
#6104=EDGE_CURVE('',#4589,#4588,#913,.T.);
#6108=EDGE_CURVE('',#4596,#4597,#918,.T.);
#6110=EDGE_CURVE('',#4597,#4596,#923,.T.);
#6114=EDGE_CURVE('',#4604,#4605,#928,.T.);
#6116=EDGE_CURVE('',#4605,#4604,#933,.T.);
#6120=EDGE_CURVE('',#4612,#4613,#938,.T.);
#6122=EDGE_CURVE('',#4613,#4612,#943,.T.);
#6126=EDGE_CURVE('',#4620,#4621,#948,.T.);
#6128=EDGE_CURVE('',#4621,#4620,#953,.T.);
#6132=EDGE_CURVE('',#4628,#4629,#958,.T.);
#6134=EDGE_CURVE('',#4629,#4628,#963,.T.);
#6138=EDGE_CURVE('',#4636,#4637,#968,.T.);
#6140=EDGE_CURVE('',#4637,#4636,#973,.T.);
#6144=EDGE_CURVE('',#4644,#4645,#978,.T.);
#6146=EDGE_CURVE('',#4645,#4644,#983,.T.);
#6150=EDGE_CURVE('',#4652,#4653,#988,.T.);
#6152=EDGE_CURVE('',#4653,#4652,#993,.T.);
#6156=EDGE_CURVE('',#4660,#4661,#998,.T.);
#6158=EDGE_CURVE('',#4661,#4660,#1003,.T.);
#6162=EDGE_CURVE('',#4668,#4669,#1008,.T.);
#6164=EDGE_CURVE('',#4669,#4668,#1013,.T.);
#6168=EDGE_CURVE('',#4676,#4677,#1018,.T.);
#6170=EDGE_CURVE('',#4677,#4676,#1023,.T.);
#6174=EDGE_CURVE('',#4684,#4685,#1028,.T.);
#6176=EDGE_CURVE('',#4685,#4684,#1033,.T.);
#6180=EDGE_CURVE('',#4692,#4693,#1038,.T.);
#6182=EDGE_CURVE('',#4693,#4692,#1043,.T.);
#6186=EDGE_CURVE('',#4700,#4701,#1048,.T.);
#6188=EDGE_CURVE('',#4701,#4700,#1053,.T.);
#6192=EDGE_CURVE('',#4708,#4709,#1058,.T.);
#6194=EDGE_CURVE('',#4709,#4708,#1063,.T.);
#6198=EDGE_CURVE('',#4716,#4717,#1068,.T.);
#6200=EDGE_CURVE('',#4717,#4716,#1073,.T.);
#6204=EDGE_CURVE('',#4724,#4725,#1078,.T.);
#6206=EDGE_CURVE('',#4725,#4724,#1083,.T.);
#6210=EDGE_CURVE('',#4732,#4733,#1088,.T.);
#6212=EDGE_CURVE('',#4733,#4732,#1093,.T.);
#6216=EDGE_CURVE('',#4740,#4741,#1098,.T.);
#6218=EDGE_CURVE('',#4741,#4740,#1103,.T.);
#6222=EDGE_CURVE('',#4748,#4749,#1108,.T.);
#6224=EDGE_CURVE('',#4749,#4748,#1113,.T.);
#6228=EDGE_CURVE('',#4756,#4757,#1118,.T.);
#6230=EDGE_CURVE('',#4757,#4756,#1123,.T.);
#6234=EDGE_CURVE('',#4764,#4765,#1128,.T.);
#6236=EDGE_CURVE('',#4765,#4764,#1133,.T.);
#6240=EDGE_CURVE('',#4772,#4773,#1138,.T.);
#6242=EDGE_CURVE('',#4773,#4772,#1143,.T.);
#6246=EDGE_CURVE('',#4780,#4781,#1148,.T.);
#6248=EDGE_CURVE('',#4781,#4780,#1153,.T.);
#6252=EDGE_CURVE('',#4788,#4789,#1158,.T.);
#6254=EDGE_CURVE('',#4789,#4788,#1163,.T.);
#6258=EDGE_CURVE('',#4796,#4797,#1168,.T.);
#6260=EDGE_CURVE('',#4797,#4796,#1173,.T.);
#6264=EDGE_CURVE('',#4804,#4805,#1178,.T.);
#6266=EDGE_CURVE('',#4805,#4804,#1183,.T.);
#6270=EDGE_CURVE('',#4812,#4813,#1188,.T.);
#6272=EDGE_CURVE('',#4813,#4812,#1193,.T.);
#6276=EDGE_CURVE('',#4820,#4821,#1198,.T.);
#6278=EDGE_CURVE('',#4821,#4820,#1203,.T.);
#6282=EDGE_CURVE('',#4828,#4829,#1208,.T.);
#6284=EDGE_CURVE('',#4829,#4828,#1213,.T.);
#6288=EDGE_CURVE('',#4836,#4837,#1218,.T.);
#6290=EDGE_CURVE('',#4837,#4836,#1223,.T.);
#6294=EDGE_CURVE('',#4844,#4845,#1228,.T.);
#6296=EDGE_CURVE('',#4845,#4844,#1233,.T.);
#6300=EDGE_CURVE('',#4852,#4853,#1238,.T.);
#6302=EDGE_CURVE('',#4853,#4852,#1243,.T.);
#6306=EDGE_CURVE('',#4860,#4861,#1248,.T.);
#6308=EDGE_CURVE('',#4861,#4860,#1253,.T.);
#6312=EDGE_CURVE('',#4868,#4869,#1258,.T.);
#6314=EDGE_CURVE('',#4869,#4868,#1263,.T.);
#6318=EDGE_CURVE('',#4876,#4877,#1268,.T.);
#6320=EDGE_CURVE('',#4877,#4876,#1273,.T.);
#6324=EDGE_CURVE('',#4884,#4885,#1278,.T.);
#6326=EDGE_CURVE('',#4885,#4884,#1283,.T.);
#6330=EDGE_CURVE('',#4892,#4893,#1288,.T.);
#6332=EDGE_CURVE('',#4893,#4892,#1293,.T.);
#6336=EDGE_CURVE('',#4900,#4901,#1298,.T.);
#6338=EDGE_CURVE('',#4901,#4900,#1303,.T.);
#6342=EDGE_CURVE('',#4908,#4909,#1308,.T.);
#6344=EDGE_CURVE('',#4909,#4908,#1313,.T.);
#6348=EDGE_CURVE('',#4916,#4917,#1318,.T.);
#6350=EDGE_CURVE('',#4917,#4916,#1323,.T.);
#6354=EDGE_CURVE('',#4924,#4925,#1328,.T.);
#6356=EDGE_CURVE('',#4925,#4924,#1333,.T.);
#6360=EDGE_CURVE('',#4932,#4933,#1338,.T.);
#6362=EDGE_CURVE('',#4933,#4932,#1343,.T.);
#6366=EDGE_CURVE('',#4940,#4941,#1348,.T.);
#6368=EDGE_CURVE('',#4941,#4940,#1353,.T.);
#6372=EDGE_CURVE('',#4948,#4949,#1358,.T.);
#6374=EDGE_CURVE('',#4949,#4948,#1363,.T.);
#6378=EDGE_CURVE('',#4956,#4957,#1368,.T.);
#6380=EDGE_CURVE('',#4957,#4956,#1373,.T.);
#6384=EDGE_CURVE('',#4964,#4965,#1378,.T.);
#6386=EDGE_CURVE('',#4965,#4964,#1383,.T.);
#6390=EDGE_CURVE('',#4972,#4973,#1388,.T.);
#6392=EDGE_CURVE('',#4973,#4972,#1393,.T.);
#6396=EDGE_CURVE('',#4980,#4981,#1398,.T.);
#6398=EDGE_CURVE('',#4981,#4980,#1403,.T.);
#6402=EDGE_CURVE('',#4988,#4989,#1408,.T.);
#6404=EDGE_CURVE('',#4989,#4988,#1413,.T.);
#6408=EDGE_CURVE('',#4996,#4997,#1418,.T.);
#6410=EDGE_CURVE('',#4997,#4996,#1423,.T.);
#6414=EDGE_CURVE('',#5004,#5005,#1428,.T.);
#6416=EDGE_CURVE('',#5005,#5004,#1433,.T.);
#6420=EDGE_CURVE('',#5012,#5013,#1438,.T.);
#6422=EDGE_CURVE('',#5013,#5012,#1443,.T.);
#6426=EDGE_CURVE('',#5020,#5021,#1448,.T.);
#6428=EDGE_CURVE('',#5021,#5020,#1453,.T.);
#6432=EDGE_CURVE('',#5028,#5029,#1458,.T.);
#6434=EDGE_CURVE('',#5029,#5028,#1463,.T.);
#6438=EDGE_CURVE('',#5036,#5037,#1468,.T.);
#6440=EDGE_CURVE('',#5037,#5036,#1473,.T.);
#6444=EDGE_CURVE('',#5044,#5045,#1478,.T.);
#6446=EDGE_CURVE('',#5045,#5044,#1483,.T.);
#6450=EDGE_CURVE('',#5052,#5053,#1488,.T.);
#6452=EDGE_CURVE('',#5053,#5052,#1493,.T.);
#6456=EDGE_CURVE('',#5060,#5061,#1498,.T.);
#6458=EDGE_CURVE('',#5061,#5060,#1503,.T.);
#6462=EDGE_CURVE('',#5068,#5069,#1508,.T.);
#6464=EDGE_CURVE('',#5069,#5068,#1513,.T.);
#6468=EDGE_CURVE('',#5076,#5077,#1518,.T.);
#6470=EDGE_CURVE('',#5077,#5076,#1523,.T.);
#6474=EDGE_CURVE('',#5084,#5085,#1528,.T.);
#6476=EDGE_CURVE('',#5085,#5084,#1533,.T.);
#6480=EDGE_CURVE('',#5092,#5093,#1538,.T.);
#6482=EDGE_CURVE('',#5093,#5092,#1543,.T.);
#6486=EDGE_CURVE('',#5100,#5101,#1548,.T.);
#6488=EDGE_CURVE('',#5101,#5100,#1553,.T.);
#6492=EDGE_CURVE('',#5108,#5109,#1558,.T.);
#6494=EDGE_CURVE('',#5109,#5108,#1563,.T.);
#6498=EDGE_CURVE('',#5116,#5117,#1568,.T.);
#6500=EDGE_CURVE('',#5117,#5116,#1573,.T.);
#6504=EDGE_CURVE('',#5124,#5125,#1578,.T.);
#6506=EDGE_CURVE('',#5125,#5124,#1583,.T.);
#6510=EDGE_CURVE('',#5132,#5133,#1588,.T.);
#6512=EDGE_CURVE('',#5133,#5132,#1593,.T.);
#6516=EDGE_CURVE('',#5140,#5141,#1598,.T.);
#6518=EDGE_CURVE('',#5141,#5140,#1603,.T.);
#6522=EDGE_CURVE('',#5148,#5149,#1608,.T.);
#6524=EDGE_CURVE('',#5149,#5148,#1613,.T.);
#6528=EDGE_CURVE('',#5156,#5157,#1618,.T.);
#6530=EDGE_CURVE('',#5157,#5156,#1623,.T.);
#6534=EDGE_CURVE('',#5164,#5165,#1628,.T.);
#6536=EDGE_CURVE('',#5165,#5164,#1633,.T.);
#6540=EDGE_CURVE('',#5172,#5173,#1638,.T.);
#6542=EDGE_CURVE('',#5173,#5172,#1643,.T.);
#6546=EDGE_CURVE('',#5180,#5181,#1648,.T.);
#6548=EDGE_CURVE('',#5181,#5180,#1653,.T.);
#6552=EDGE_CURVE('',#5188,#5189,#1658,.T.);
#6554=EDGE_CURVE('',#5189,#5188,#1663,.T.);
#6558=EDGE_CURVE('',#5196,#5197,#1668,.T.);
#6560=EDGE_CURVE('',#5197,#5196,#1673,.T.);
#6564=EDGE_CURVE('',#5204,#5205,#1678,.T.);
#6566=EDGE_CURVE('',#5205,#5204,#1683,.T.);
#6570=EDGE_CURVE('',#5212,#5213,#1688,.T.);
#6572=EDGE_CURVE('',#5213,#5212,#1693,.T.);
#6576=EDGE_CURVE('',#5220,#5221,#1698,.T.);
#6578=EDGE_CURVE('',#5221,#5220,#1703,.T.);
#6582=EDGE_CURVE('',#5228,#5229,#1708,.T.);
#6584=EDGE_CURVE('',#5229,#5228,#1713,.T.);
#6596=EDGE_CURVE('',#4208,#4209,#1743,.T.);
#6598=EDGE_CURVE('',#4206,#4209,#1773,.T.);
#6609=EDGE_CURVE('',#4217,#4216,#1748,.T.);
#6623=EDGE_CURVE('',#4206,#4109,#1802,.T.);
#6627=EDGE_CURVE('',#4208,#4108,#1777,.T.);
#6654=EDGE_CURVE('',#4224,#4225,#1807,.T.);
#6656=EDGE_CURVE('',#4225,#4224,#1812,.T.);
#6660=EDGE_CURVE('',#4232,#4233,#1817,.T.);
#6662=EDGE_CURVE('',#4233,#4232,#1822,.T.);
#6666=EDGE_CURVE('',#4240,#4241,#1827,.T.);
#6668=EDGE_CURVE('',#4241,#4240,#1832,.T.);
#6672=EDGE_CURVE('',#4248,#4249,#1837,.T.);
#6674=EDGE_CURVE('',#4249,#4248,#1842,.T.);
#6678=EDGE_CURVE('',#4256,#4257,#1847,.T.);
#6680=EDGE_CURVE('',#4257,#4256,#1852,.T.);
#6684=EDGE_CURVE('',#4264,#4265,#1857,.T.);
#6686=EDGE_CURVE('',#4265,#4264,#1862,.T.);
#6690=EDGE_CURVE('',#4272,#4273,#1867,.T.);
#6692=EDGE_CURVE('',#4273,#4272,#1872,.T.);
#6696=EDGE_CURVE('',#4280,#4281,#1877,.T.);
#6698=EDGE_CURVE('',#4281,#4280,#1882,.T.);
#6702=EDGE_CURVE('',#4288,#4289,#1887,.T.);
#6704=EDGE_CURVE('',#4289,#4288,#1892,.T.);
#6708=EDGE_CURVE('',#4296,#4297,#1897,.T.);
#6710=EDGE_CURVE('',#4297,#4296,#1902,.T.);
#6714=EDGE_CURVE('',#4304,#4305,#1907,.T.);
#6716=EDGE_CURVE('',#4305,#4304,#1912,.T.);
#6720=EDGE_CURVE('',#4312,#4313,#1917,.T.);
#6722=EDGE_CURVE('',#4313,#4312,#1922,.T.);
#6726=EDGE_CURVE('',#4320,#4321,#1927,.T.);
#6728=EDGE_CURVE('',#4321,#4320,#1932,.T.);
#6732=EDGE_CURVE('',#4328,#4329,#1937,.T.);
#6734=EDGE_CURVE('',#4329,#4328,#1942,.T.);
#6738=EDGE_CURVE('',#4336,#4337,#1947,.T.);
#6740=EDGE_CURVE('',#4337,#4336,#1952,.T.);
#6744=EDGE_CURVE('',#4344,#4345,#1957,.T.);
#6746=EDGE_CURVE('',#4345,#4344,#1962,.T.);
#6750=EDGE_CURVE('',#4352,#4353,#1967,.T.);
#6752=EDGE_CURVE('',#4353,#4352,#1972,.T.);
#6756=EDGE_CURVE('',#4360,#4361,#1977,.T.);
#6758=EDGE_CURVE('',#4361,#4360,#1982,.T.);
#6762=EDGE_CURVE('',#4368,#4369,#1987,.T.);
#6764=EDGE_CURVE('',#4369,#4368,#1992,.T.);
#6768=EDGE_CURVE('',#4376,#4377,#1997,.T.);
#6770=EDGE_CURVE('',#4377,#4376,#2002,.T.);
#6774=EDGE_CURVE('',#4384,#4385,#2007,.T.);
#6776=EDGE_CURVE('',#4385,#4384,#2012,.T.);
#6780=EDGE_CURVE('',#4392,#4393,#2017,.T.);
#6782=EDGE_CURVE('',#4393,#4392,#2022,.T.);
#6786=EDGE_CURVE('',#4400,#4401,#2027,.T.);
#6788=EDGE_CURVE('',#4401,#4400,#2032,.T.);
#6792=EDGE_CURVE('',#4408,#4409,#2037,.T.);
#6794=EDGE_CURVE('',#4409,#4408,#2042,.T.);
#6798=EDGE_CURVE('',#4416,#4417,#2047,.T.);
#6800=EDGE_CURVE('',#4417,#4416,#2052,.T.);
#6804=EDGE_CURVE('',#4424,#4425,#2057,.T.);
#6806=EDGE_CURVE('',#4425,#4424,#2062,.T.);
#6810=EDGE_CURVE('',#4432,#4433,#2067,.T.);
#6812=EDGE_CURVE('',#4433,#4432,#2072,.T.);
#6816=EDGE_CURVE('',#4440,#4441,#2077,.T.);
#6818=EDGE_CURVE('',#4441,#4440,#2082,.T.);
#6822=EDGE_CURVE('',#4448,#4449,#2087,.T.);
#6824=EDGE_CURVE('',#4449,#4448,#2092,.T.);
#6828=EDGE_CURVE('',#4456,#4457,#2097,.T.);
#6830=EDGE_CURVE('',#4457,#4456,#2102,.T.);
#6834=EDGE_CURVE('',#4464,#4465,#2107,.T.);
#6836=EDGE_CURVE('',#4465,#4464,#2112,.T.);
#6840=EDGE_CURVE('',#4472,#4473,#2117,.T.);
#6842=EDGE_CURVE('',#4473,#4472,#2122,.T.);
#6846=EDGE_CURVE('',#4480,#4481,#2127,.T.);
#6848=EDGE_CURVE('',#4481,#4480,#2132,.T.);
#6852=EDGE_CURVE('',#4488,#4489,#2137,.T.);
#6854=EDGE_CURVE('',#4489,#4488,#2142,.T.);
#6858=EDGE_CURVE('',#4496,#4497,#2147,.T.);
#6860=EDGE_CURVE('',#4497,#4496,#2152,.T.);
#6864=EDGE_CURVE('',#4504,#4505,#2157,.T.);
#6866=EDGE_CURVE('',#4505,#4504,#2162,.T.);
#6870=EDGE_CURVE('',#4512,#4513,#2167,.T.);
#6872=EDGE_CURVE('',#4513,#4512,#2172,.T.);
#6876=EDGE_CURVE('',#4520,#4521,#2177,.T.);
#6878=EDGE_CURVE('',#4521,#4520,#2182,.T.);
#6882=EDGE_CURVE('',#4528,#4529,#2187,.T.);
#6884=EDGE_CURVE('',#4529,#4528,#2192,.T.);
#6888=EDGE_CURVE('',#4536,#4537,#2197,.T.);
#6890=EDGE_CURVE('',#4537,#4536,#2202,.T.);
#6894=EDGE_CURVE('',#4544,#4545,#2207,.T.);
#6896=EDGE_CURVE('',#4545,#4544,#2212,.T.);
#6900=EDGE_CURVE('',#4552,#4553,#2217,.T.);
#6902=EDGE_CURVE('',#4553,#4552,#2222,.T.);
#6906=EDGE_CURVE('',#4560,#4561,#2227,.T.);
#6908=EDGE_CURVE('',#4561,#4560,#2232,.T.);
#6912=EDGE_CURVE('',#4568,#4569,#2237,.T.);
#6914=EDGE_CURVE('',#4569,#4568,#2242,.T.);
#6918=EDGE_CURVE('',#4576,#4577,#2247,.T.);
#6920=EDGE_CURVE('',#4577,#4576,#2252,.T.);
#6924=EDGE_CURVE('',#4584,#4585,#2257,.T.);
#6926=EDGE_CURVE('',#4585,#4584,#2262,.T.);
#6930=EDGE_CURVE('',#4592,#4593,#2267,.T.);
#6932=EDGE_CURVE('',#4593,#4592,#2272,.T.);
#6936=EDGE_CURVE('',#4600,#4601,#2277,.T.);
#6938=EDGE_CURVE('',#4601,#4600,#2282,.T.);
#6942=EDGE_CURVE('',#4608,#4609,#2287,.T.);
#6944=EDGE_CURVE('',#4609,#4608,#2292,.T.);
#6948=EDGE_CURVE('',#4616,#4617,#2297,.T.);
#6950=EDGE_CURVE('',#4617,#4616,#2302,.T.);
#6954=EDGE_CURVE('',#4624,#4625,#2307,.T.);
#6956=EDGE_CURVE('',#4625,#4624,#2312,.T.);
#6960=EDGE_CURVE('',#4632,#4633,#2317,.T.);
#6962=EDGE_CURVE('',#4633,#4632,#2322,.T.);
#6966=EDGE_CURVE('',#4640,#4641,#2327,.T.);
#6968=EDGE_CURVE('',#4641,#4640,#2332,.T.);
#6972=EDGE_CURVE('',#4648,#4649,#2337,.T.);
#6974=EDGE_CURVE('',#4649,#4648,#2342,.T.);
#6978=EDGE_CURVE('',#4656,#4657,#2347,.T.);
#6980=EDGE_CURVE('',#4657,#4656,#2352,.T.);
#6984=EDGE_CURVE('',#4664,#4665,#2357,.T.);
#6986=EDGE_CURVE('',#4665,#4664,#2362,.T.);
#6990=EDGE_CURVE('',#4672,#4673,#2367,.T.);
#6992=EDGE_CURVE('',#4673,#4672,#2372,.T.);
#6996=EDGE_CURVE('',#4680,#4681,#2377,.T.);
#6998=EDGE_CURVE('',#4681,#4680,#2382,.T.);
#7002=EDGE_CURVE('',#4688,#4689,#2387,.T.);
#7004=EDGE_CURVE('',#4689,#4688,#2392,.T.);
#7008=EDGE_CURVE('',#4696,#4697,#2397,.T.);
#7010=EDGE_CURVE('',#4697,#4696,#2402,.T.);
#7014=EDGE_CURVE('',#4704,#4705,#2407,.T.);
#7016=EDGE_CURVE('',#4705,#4704,#2412,.T.);
#7020=EDGE_CURVE('',#4712,#4713,#2417,.T.);
#7022=EDGE_CURVE('',#4713,#4712,#2422,.T.);
#7026=EDGE_CURVE('',#4720,#4721,#2427,.T.);
#7028=EDGE_CURVE('',#4721,#4720,#2432,.T.);
#7032=EDGE_CURVE('',#4728,#4729,#2437,.T.);
#7034=EDGE_CURVE('',#4729,#4728,#2442,.T.);
#7038=EDGE_CURVE('',#4736,#4737,#2447,.T.);
#7040=EDGE_CURVE('',#4737,#4736,#2452,.T.);
#7044=EDGE_CURVE('',#4744,#4745,#2457,.T.);
#7046=EDGE_CURVE('',#4745,#4744,#2462,.T.);
#7050=EDGE_CURVE('',#4752,#4753,#2467,.T.);
#7052=EDGE_CURVE('',#4753,#4752,#2472,.T.);
#7056=EDGE_CURVE('',#4760,#4761,#2477,.T.);
#7058=EDGE_CURVE('',#4761,#4760,#2482,.T.);
#7062=EDGE_CURVE('',#4768,#4769,#2487,.T.);
#7064=EDGE_CURVE('',#4769,#4768,#2492,.T.);
#7068=EDGE_CURVE('',#4776,#4777,#2497,.T.);
#7070=EDGE_CURVE('',#4777,#4776,#2502,.T.);
#7074=EDGE_CURVE('',#4784,#4785,#2507,.T.);
#7076=EDGE_CURVE('',#4785,#4784,#2512,.T.);
#7080=EDGE_CURVE('',#4792,#4793,#2517,.T.);
#7082=EDGE_CURVE('',#4793,#4792,#2522,.T.);
#7086=EDGE_CURVE('',#4800,#4801,#2527,.T.);
#7088=EDGE_CURVE('',#4801,#4800,#2532,.T.);
#7092=EDGE_CURVE('',#4808,#4809,#2537,.T.);
#7094=EDGE_CURVE('',#4809,#4808,#2542,.T.);
#7098=EDGE_CURVE('',#4816,#4817,#2547,.T.);
#7100=EDGE_CURVE('',#4817,#4816,#2552,.T.);
#7104=EDGE_CURVE('',#4824,#4825,#2557,.T.);
#7106=EDGE_CURVE('',#4825,#4824,#2562,.T.);
#7110=EDGE_CURVE('',#4832,#4833,#2567,.T.);
#7112=EDGE_CURVE('',#4833,#4832,#2572,.T.);
#7116=EDGE_CURVE('',#4840,#4841,#2577,.T.);
#7118=EDGE_CURVE('',#4841,#4840,#2582,.T.);
#7122=EDGE_CURVE('',#4848,#4849,#2587,.T.);
#7124=EDGE_CURVE('',#4849,#4848,#2592,.T.);
#7128=EDGE_CURVE('',#4856,#4857,#2597,.T.);
#7130=EDGE_CURVE('',#4857,#4856,#2602,.T.);
#7134=EDGE_CURVE('',#4864,#4865,#2607,.T.);
#7136=EDGE_CURVE('',#4865,#4864,#2612,.T.);
#7140=EDGE_CURVE('',#4872,#4873,#2617,.T.);
#7142=EDGE_CURVE('',#4873,#4872,#2622,.T.);
#7146=EDGE_CURVE('',#4880,#4881,#2627,.T.);
#7148=EDGE_CURVE('',#4881,#4880,#2632,.T.);
#7152=EDGE_CURVE('',#4888,#4889,#2637,.T.);
#7154=EDGE_CURVE('',#4889,#4888,#2642,.T.);
#7158=EDGE_CURVE('',#4896,#4897,#2647,.T.);
#7160=EDGE_CURVE('',#4897,#4896,#2652,.T.);
#7164=EDGE_CURVE('',#4904,#4905,#2657,.T.);
#7166=EDGE_CURVE('',#4905,#4904,#2662,.T.);
#7170=EDGE_CURVE('',#4912,#4913,#2667,.T.);
#7172=EDGE_CURVE('',#4913,#4912,#2672,.T.);
#7176=EDGE_CURVE('',#4920,#4921,#2677,.T.);
#7178=EDGE_CURVE('',#4921,#4920,#2682,.T.);
#7182=EDGE_CURVE('',#4928,#4929,#2687,.T.);
#7184=EDGE_CURVE('',#4929,#4928,#2692,.T.);
#7188=EDGE_CURVE('',#4936,#4937,#2697,.T.);
#7190=EDGE_CURVE('',#4937,#4936,#2702,.T.);
#7194=EDGE_CURVE('',#4944,#4945,#2707,.T.);
#7196=EDGE_CURVE('',#4945,#4944,#2712,.T.);
#7200=EDGE_CURVE('',#4952,#4953,#2717,.T.);
#7202=EDGE_CURVE('',#4953,#4952,#2722,.T.);
#7206=EDGE_CURVE('',#4960,#4961,#2727,.T.);
#7208=EDGE_CURVE('',#4961,#4960,#2732,.T.);
#7212=EDGE_CURVE('',#4968,#4969,#2737,.T.);
#7214=EDGE_CURVE('',#4969,#4968,#2742,.T.);
#7218=EDGE_CURVE('',#4976,#4977,#2747,.T.);
#7220=EDGE_CURVE('',#4977,#4976,#2752,.T.);
#7224=EDGE_CURVE('',#4984,#4985,#2757,.T.);
#7226=EDGE_CURVE('',#4985,#4984,#2762,.T.);
#7230=EDGE_CURVE('',#4992,#4993,#2767,.T.);
#7232=EDGE_CURVE('',#4993,#4992,#2772,.T.);
#7236=EDGE_CURVE('',#5000,#5001,#2777,.T.);
#7238=EDGE_CURVE('',#5001,#5000,#2782,.T.);
#7242=EDGE_CURVE('',#5008,#5009,#2787,.T.);
#7244=EDGE_CURVE('',#5009,#5008,#2792,.T.);
#7248=EDGE_CURVE('',#5016,#5017,#2797,.T.);
#7250=EDGE_CURVE('',#5017,#5016,#2802,.T.);
#7254=EDGE_CURVE('',#5024,#5025,#2807,.T.);
#7256=EDGE_CURVE('',#5025,#5024,#2812,.T.);
#7260=EDGE_CURVE('',#5032,#5033,#2817,.T.);
#7262=EDGE_CURVE('',#5033,#5032,#2822,.T.);
#7266=EDGE_CURVE('',#5040,#5041,#2827,.T.);
#7268=EDGE_CURVE('',#5041,#5040,#2832,.T.);
#7272=EDGE_CURVE('',#5048,#5049,#2837,.T.);
#7274=EDGE_CURVE('',#5049,#5048,#2842,.T.);
#7278=EDGE_CURVE('',#5056,#5057,#2847,.T.);
#7280=EDGE_CURVE('',#5057,#5056,#2852,.T.);
#7284=EDGE_CURVE('',#5064,#5065,#2857,.T.);
#7286=EDGE_CURVE('',#5065,#5064,#2862,.T.);
#7290=EDGE_CURVE('',#5072,#5073,#2867,.T.);
#7292=EDGE_CURVE('',#5073,#5072,#2872,.T.);
#7296=EDGE_CURVE('',#5080,#5081,#2877,.T.);
#7298=EDGE_CURVE('',#5081,#5080,#2882,.T.);
#7302=EDGE_CURVE('',#5088,#5089,#2887,.T.);
#7304=EDGE_CURVE('',#5089,#5088,#2892,.T.);
#7308=EDGE_CURVE('',#5096,#5097,#2897,.T.);
#7310=EDGE_CURVE('',#5097,#5096,#2902,.T.);
#7314=EDGE_CURVE('',#5104,#5105,#2907,.T.);
#7316=EDGE_CURVE('',#5105,#5104,#2912,.T.);
#7320=EDGE_CURVE('',#5112,#5113,#2917,.T.);
#7322=EDGE_CURVE('',#5113,#5112,#2922,.T.);
#7326=EDGE_CURVE('',#5120,#5121,#2927,.T.);
#7328=EDGE_CURVE('',#5121,#5120,#2932,.T.);
#7332=EDGE_CURVE('',#5128,#5129,#2937,.T.);
#7334=EDGE_CURVE('',#5129,#5128,#2942,.T.);
#7338=EDGE_CURVE('',#5136,#5137,#2947,.T.);
#7340=EDGE_CURVE('',#5137,#5136,#2952,.T.);
#7344=EDGE_CURVE('',#5144,#5145,#2957,.T.);
#7346=EDGE_CURVE('',#5145,#5144,#2962,.T.);
#7350=EDGE_CURVE('',#5152,#5153,#2967,.T.);
#7352=EDGE_CURVE('',#5153,#5152,#2972,.T.);
#7356=EDGE_CURVE('',#5160,#5161,#2977,.T.);
#7358=EDGE_CURVE('',#5161,#5160,#2982,.T.);
#7362=EDGE_CURVE('',#5168,#5169,#2987,.T.);
#7364=EDGE_CURVE('',#5169,#5168,#2992,.T.);
#7368=EDGE_CURVE('',#5176,#5177,#2997,.T.);
#7370=EDGE_CURVE('',#5177,#5176,#3002,.T.);
#7374=EDGE_CURVE('',#5184,#5185,#3007,.T.);
#7376=EDGE_CURVE('',#5185,#5184,#3012,.T.);
#7380=EDGE_CURVE('',#5192,#5193,#3017,.T.);
#7382=EDGE_CURVE('',#5193,#5192,#3022,.T.);
#7386=EDGE_CURVE('',#5200,#5201,#3027,.T.);
#7388=EDGE_CURVE('',#5201,#5200,#3032,.T.);
#7392=EDGE_CURVE('',#5208,#5209,#3037,.T.);
#7394=EDGE_CURVE('',#5209,#5208,#3042,.T.);
#7398=EDGE_CURVE('',#5216,#5217,#3047,.T.);
#7400=EDGE_CURVE('',#5217,#5216,#3052,.T.);
#7404=EDGE_CURVE('',#5224,#5225,#3057,.T.);
#7406=EDGE_CURVE('',#5225,#5224,#3062,.T.);
#7410=EDGE_CURVE('',#5232,#5233,#3067,.T.);
#7412=EDGE_CURVE('',#5233,#5232,#3072,.T.);
#7423=EDGE_CURVE('',#4225,#4221,#3080,.T.);
#7426=EDGE_CURVE('',#4224,#4220,#3076,.T.);
#7449=EDGE_CURVE('',#4233,#4229,#3088,.T.);
#7452=EDGE_CURVE('',#4232,#4228,#3084,.T.);
#7475=EDGE_CURVE('',#4241,#4237,#3096,.T.);
#7478=EDGE_CURVE('',#4240,#4236,#3092,.T.);
#7501=EDGE_CURVE('',#4249,#4245,#3104,.T.);
#7504=EDGE_CURVE('',#4248,#4244,#3100,.T.);
#7527=EDGE_CURVE('',#4257,#4253,#3112,.T.);
#7530=EDGE_CURVE('',#4256,#4252,#3108,.T.);
#7553=EDGE_CURVE('',#4265,#4261,#3120,.T.);
#7556=EDGE_CURVE('',#4264,#4260,#3116,.T.);
#7579=EDGE_CURVE('',#4273,#4269,#3128,.T.);
#7582=EDGE_CURVE('',#4272,#4268,#3124,.T.);
#7605=EDGE_CURVE('',#4281,#4277,#3136,.T.);
#7608=EDGE_CURVE('',#4280,#4276,#3132,.T.);
#7631=EDGE_CURVE('',#4289,#4285,#3144,.T.);
#7634=EDGE_CURVE('',#4288,#4284,#3140,.T.);
#7657=EDGE_CURVE('',#4297,#4293,#3152,.T.);
#7660=EDGE_CURVE('',#4296,#4292,#3148,.T.);
#7683=EDGE_CURVE('',#4305,#4301,#3160,.T.);
#7686=EDGE_CURVE('',#4304,#4300,#3156,.T.);
#7709=EDGE_CURVE('',#4313,#4309,#3168,.T.);
#7712=EDGE_CURVE('',#4312,#4308,#3164,.T.);
#7735=EDGE_CURVE('',#4321,#4317,#3176,.T.);
#7738=EDGE_CURVE('',#4320,#4316,#3172,.T.);
#7761=EDGE_CURVE('',#4329,#4325,#3184,.T.);
#7764=EDGE_CURVE('',#4328,#4324,#3180,.T.);
#7787=EDGE_CURVE('',#4337,#4333,#3192,.T.);
#7790=EDGE_CURVE('',#4336,#4332,#3188,.T.);
#7813=EDGE_CURVE('',#4345,#4341,#3200,.T.);
#7816=EDGE_CURVE('',#4344,#4340,#3196,.T.);
#7839=EDGE_CURVE('',#4353,#4349,#3208,.T.);
#7842=EDGE_CURVE('',#4352,#4348,#3204,.T.);
#7865=EDGE_CURVE('',#4361,#4357,#3216,.T.);
#7868=EDGE_CURVE('',#4360,#4356,#3212,.T.);
#7891=EDGE_CURVE('',#4369,#4365,#3224,.T.);
#7894=EDGE_CURVE('',#4368,#4364,#3220,.T.);
#7917=EDGE_CURVE('',#4377,#4373,#3232,.T.);
#7920=EDGE_CURVE('',#4376,#4372,#3228,.T.);
#7943=EDGE_CURVE('',#4385,#4381,#3240,.T.);
#7946=EDGE_CURVE('',#4384,#4380,#3236,.T.);
#7969=EDGE_CURVE('',#4393,#4389,#3248,.T.);
#7972=EDGE_CURVE('',#4392,#4388,#3244,.T.);
#7995=EDGE_CURVE('',#4401,#4397,#3256,.T.);
#7998=EDGE_CURVE('',#4400,#4396,#3252,.T.);
#8021=EDGE_CURVE('',#4409,#4405,#3264,.T.);
#8024=EDGE_CURVE('',#4408,#4404,#3260,.T.);
#8047=EDGE_CURVE('',#4417,#4413,#3272,.T.);
#8050=EDGE_CURVE('',#4416,#4412,#3268,.T.);
#8073=EDGE_CURVE('',#4425,#4421,#3280,.T.);
#8076=EDGE_CURVE('',#4424,#4420,#3276,.T.);
#8099=EDGE_CURVE('',#4433,#4429,#3288,.T.);
#8102=EDGE_CURVE('',#4432,#4428,#3284,.T.);
#8125=EDGE_CURVE('',#4441,#4437,#3296,.T.);
#8128=EDGE_CURVE('',#4440,#4436,#3292,.T.);
#8151=EDGE_CURVE('',#4449,#4445,#3304,.T.);
#8154=EDGE_CURVE('',#4448,#4444,#3300,.T.);
#8177=EDGE_CURVE('',#4457,#4453,#3312,.T.);
#8180=EDGE_CURVE('',#4456,#4452,#3308,.T.);
#8203=EDGE_CURVE('',#4465,#4461,#3320,.T.);
#8206=EDGE_CURVE('',#4464,#4460,#3316,.T.);
#8229=EDGE_CURVE('',#4473,#4469,#3328,.T.);
#8232=EDGE_CURVE('',#4472,#4468,#3324,.T.);
#8255=EDGE_CURVE('',#4481,#4477,#3336,.T.);
#8258=EDGE_CURVE('',#4480,#4476,#3332,.T.);
#8281=EDGE_CURVE('',#4489,#4485,#3344,.T.);
#8284=EDGE_CURVE('',#4488,#4484,#3340,.T.);
#8307=EDGE_CURVE('',#4497,#4493,#3352,.T.);
#8310=EDGE_CURVE('',#4496,#4492,#3348,.T.);
#8333=EDGE_CURVE('',#4505,#4501,#3360,.T.);
#8336=EDGE_CURVE('',#4504,#4500,#3356,.T.);
#8359=EDGE_CURVE('',#4513,#4509,#3368,.T.);
#8362=EDGE_CURVE('',#4512,#4508,#3364,.T.);
#8385=EDGE_CURVE('',#4521,#4517,#3376,.T.);
#8388=EDGE_CURVE('',#4520,#4516,#3372,.T.);
#8411=EDGE_CURVE('',#4529,#4525,#3384,.T.);
#8414=EDGE_CURVE('',#4528,#4524,#3380,.T.);
#8437=EDGE_CURVE('',#4537,#4533,#3392,.T.);
#8440=EDGE_CURVE('',#4536,#4532,#3388,.T.);
#8463=EDGE_CURVE('',#4545,#4541,#3400,.T.);
#8466=EDGE_CURVE('',#4544,#4540,#3396,.T.);
#8489=EDGE_CURVE('',#4553,#4549,#3408,.T.);
#8492=EDGE_CURVE('',#4552,#4548,#3404,.T.);
#8515=EDGE_CURVE('',#4561,#4557,#3416,.T.);
#8518=EDGE_CURVE('',#4560,#4556,#3412,.T.);
#8541=EDGE_CURVE('',#4569,#4565,#3424,.T.);
#8544=EDGE_CURVE('',#4568,#4564,#3420,.T.);
#8567=EDGE_CURVE('',#4577,#4573,#3432,.T.);
#8570=EDGE_CURVE('',#4576,#4572,#3428,.T.);
#8593=EDGE_CURVE('',#4585,#4581,#3440,.T.);
#8596=EDGE_CURVE('',#4584,#4580,#3436,.T.);
#8619=EDGE_CURVE('',#4593,#4589,#3448,.T.);
#8622=EDGE_CURVE('',#4592,#4588,#3444,.T.);
#8645=EDGE_CURVE('',#4601,#4597,#3456,.T.);
#8648=EDGE_CURVE('',#4600,#4596,#3452,.T.);
#8671=EDGE_CURVE('',#4609,#4605,#3464,.T.);
#8674=EDGE_CURVE('',#4608,#4604,#3460,.T.);
#8697=EDGE_CURVE('',#4617,#4613,#3472,.T.);
#8700=EDGE_CURVE('',#4616,#4612,#3468,.T.);
#8723=EDGE_CURVE('',#4625,#4621,#3480,.T.);
#8726=EDGE_CURVE('',#4624,#4620,#3476,.T.);
#8749=EDGE_CURVE('',#4633,#4629,#3488,.T.);
#8752=EDGE_CURVE('',#4632,#4628,#3484,.T.);
#8775=EDGE_CURVE('',#4641,#4637,#3496,.T.);
#8778=EDGE_CURVE('',#4640,#4636,#3492,.T.);
#8801=EDGE_CURVE('',#4649,#4645,#3504,.T.);
#8804=EDGE_CURVE('',#4648,#4644,#3500,.T.);
#8827=EDGE_CURVE('',#4657,#4653,#3512,.T.);
#8830=EDGE_CURVE('',#4656,#4652,#3508,.T.);
#8853=EDGE_CURVE('',#4665,#4661,#3520,.T.);
#8856=EDGE_CURVE('',#4664,#4660,#3516,.T.);
#8879=EDGE_CURVE('',#4673,#4669,#3528,.T.);
#8882=EDGE_CURVE('',#4672,#4668,#3524,.T.);
#8905=EDGE_CURVE('',#4681,#4677,#3536,.T.);
#8908=EDGE_CURVE('',#4680,#4676,#3532,.T.);
#8931=EDGE_CURVE('',#4689,#4685,#3544,.T.);
#8934=EDGE_CURVE('',#4688,#4684,#3540,.T.);
#8957=EDGE_CURVE('',#4697,#4693,#3552,.T.);
#8960=EDGE_CURVE('',#4696,#4692,#3548,.T.);
#8983=EDGE_CURVE('',#4705,#4701,#3560,.T.);
#8986=EDGE_CURVE('',#4704,#4700,#3556,.T.);
#9009=EDGE_CURVE('',#4713,#4709,#3568,.T.);
#9012=EDGE_CURVE('',#4712,#4708,#3564,.T.);
#9035=EDGE_CURVE('',#4721,#4717,#3576,.T.);
#9038=EDGE_CURVE('',#4720,#4716,#3572,.T.);
#9061=EDGE_CURVE('',#4729,#4725,#3584,.T.);
#9064=EDGE_CURVE('',#4728,#4724,#3580,.T.);
#9087=EDGE_CURVE('',#4737,#4733,#3592,.T.);
#9090=EDGE_CURVE('',#4736,#4732,#3588,.T.);
#9113=EDGE_CURVE('',#4745,#4741,#3600,.T.);
#9116=EDGE_CURVE('',#4744,#4740,#3596,.T.);
#9139=EDGE_CURVE('',#4753,#4749,#3608,.T.);
#9142=EDGE_CURVE('',#4752,#4748,#3604,.T.);
#9165=EDGE_CURVE('',#4761,#4757,#3616,.T.);
#9168=EDGE_CURVE('',#4760,#4756,#3612,.T.);
#9191=EDGE_CURVE('',#4769,#4765,#3624,.T.);
#9194=EDGE_CURVE('',#4768,#4764,#3620,.T.);
#9217=EDGE_CURVE('',#4777,#4773,#3632,.T.);
#9220=EDGE_CURVE('',#4776,#4772,#3628,.T.);
#9243=EDGE_CURVE('',#4785,#4781,#3640,.T.);
#9246=EDGE_CURVE('',#4784,#4780,#3636,.T.);
#9269=EDGE_CURVE('',#4793,#4789,#3648,.T.);
#9272=EDGE_CURVE('',#4792,#4788,#3644,.T.);
#9295=EDGE_CURVE('',#4801,#4797,#3656,.T.);
#9298=EDGE_CURVE('',#4800,#4796,#3652,.T.);
#9321=EDGE_CURVE('',#4809,#4805,#3664,.T.);
#9324=EDGE_CURVE('',#4808,#4804,#3660,.T.);
#9347=EDGE_CURVE('',#4817,#4813,#3672,.T.);
#9350=EDGE_CURVE('',#4816,#4812,#3668,.T.);
#9373=EDGE_CURVE('',#4825,#4821,#3680,.T.);
#9376=EDGE_CURVE('',#4824,#4820,#3676,.T.);
#9399=EDGE_CURVE('',#4833,#4829,#3688,.T.);
#9402=EDGE_CURVE('',#4832,#4828,#3684,.T.);
#9425=EDGE_CURVE('',#4841,#4837,#3696,.T.);
#9428=EDGE_CURVE('',#4840,#4836,#3692,.T.);
#9451=EDGE_CURVE('',#4849,#4845,#3704,.T.);
#9454=EDGE_CURVE('',#4848,#4844,#3700,.T.);
#9477=EDGE_CURVE('',#4857,#4853,#3712,.T.);
#9480=EDGE_CURVE('',#4856,#4852,#3708,.T.);
#9503=EDGE_CURVE('',#4865,#4861,#3720,.T.);
#9506=EDGE_CURVE('',#4864,#4860,#3716,.T.);
#9529=EDGE_CURVE('',#4873,#4869,#3728,.T.);
#9532=EDGE_CURVE('',#4872,#4868,#3724,.T.);
#9555=EDGE_CURVE('',#4881,#4877,#3736,.T.);
#9558=EDGE_CURVE('',#4880,#4876,#3732,.T.);
#9581=EDGE_CURVE('',#4889,#4885,#3744,.T.);
#9584=EDGE_CURVE('',#4888,#4884,#3740,.T.);
#9607=EDGE_CURVE('',#4897,#4893,#3752,.T.);
#9610=EDGE_CURVE('',#4896,#4892,#3748,.T.);
#9633=EDGE_CURVE('',#4905,#4901,#3760,.T.);
#9636=EDGE_CURVE('',#4904,#4900,#3756,.T.);
#9659=EDGE_CURVE('',#4913,#4909,#3768,.T.);
#9662=EDGE_CURVE('',#4912,#4908,#3764,.T.);
#9685=EDGE_CURVE('',#4921,#4917,#3776,.T.);
#9688=EDGE_CURVE('',#4920,#4916,#3772,.T.);
#9711=EDGE_CURVE('',#4929,#4925,#3784,.T.);
#9714=EDGE_CURVE('',#4928,#4924,#3780,.T.);
#9737=EDGE_CURVE('',#4937,#4933,#3792,.T.);
#9740=EDGE_CURVE('',#4936,#4932,#3788,.T.);
#9763=EDGE_CURVE('',#4945,#4941,#3800,.T.);
#9766=EDGE_CURVE('',#4944,#4940,#3796,.T.);
#9789=EDGE_CURVE('',#4953,#4949,#3808,.T.);
#9792=EDGE_CURVE('',#4952,#4948,#3804,.T.);
#9815=EDGE_CURVE('',#4961,#4957,#3816,.T.);
#9818=EDGE_CURVE('',#4960,#4956,#3812,.T.);
#9841=EDGE_CURVE('',#4969,#4965,#3824,.T.);
#9844=EDGE_CURVE('',#4968,#4964,#3820,.T.);
#9867=EDGE_CURVE('',#4977,#4973,#3832,.T.);
#9870=EDGE_CURVE('',#4976,#4972,#3828,.T.);
#9893=EDGE_CURVE('',#4985,#4981,#3840,.T.);
#9896=EDGE_CURVE('',#4984,#4980,#3836,.T.);
#9919=EDGE_CURVE('',#4993,#4989,#3848,.T.);
#9922=EDGE_CURVE('',#4992,#4988,#3844,.T.);
#9945=EDGE_CURVE('',#5001,#4997,#3856,.T.);
#9948=EDGE_CURVE('',#5000,#4996,#3852,.T.);
#9971=EDGE_CURVE('',#5009,#5005,#3864,.T.);
#9974=EDGE_CURVE('',#5008,#5004,#3860,.T.);
#9997=EDGE_CURVE('',#5017,#5013,#3872,.T.);
#10000=EDGE_CURVE('',#5016,#5012,#3868,.T.);
#10023=EDGE_CURVE('',#5025,#5021,#3880,.T.);
#10026=EDGE_CURVE('',#5024,#5020,#3876,.T.);
#10049=EDGE_CURVE('',#5033,#5029,#3888,.T.);
#10052=EDGE_CURVE('',#5032,#5028,#3884,.T.);
#10075=EDGE_CURVE('',#5041,#5037,#3896,.T.);
#10078=EDGE_CURVE('',#5040,#5036,#3892,.T.);
#10101=EDGE_CURVE('',#5049,#5045,#3904,.T.);
#10104=EDGE_CURVE('',#5048,#5044,#3900,.T.);
#10127=EDGE_CURVE('',#5057,#5053,#3912,.T.);
#10130=EDGE_CURVE('',#5056,#5052,#3908,.T.);
#10153=EDGE_CURVE('',#5065,#5061,#3920,.T.);
#10156=EDGE_CURVE('',#5064,#5060,#3916,.T.);
#10179=EDGE_CURVE('',#5073,#5069,#3928,.T.);
#10182=EDGE_CURVE('',#5072,#5068,#3924,.T.);
#10205=EDGE_CURVE('',#5081,#5077,#3936,.T.);
#10208=EDGE_CURVE('',#5080,#5076,#3932,.T.);
#10231=EDGE_CURVE('',#5089,#5085,#3944,.T.);
#10234=EDGE_CURVE('',#5088,#5084,#3940,.T.);
#10257=EDGE_CURVE('',#5097,#5093,#3952,.T.);
#10260=EDGE_CURVE('',#5096,#5092,#3948,.T.);
#10283=EDGE_CURVE('',#5105,#5101,#3960,.T.);
#10286=EDGE_CURVE('',#5104,#5100,#3956,.T.);
#10309=EDGE_CURVE('',#5113,#5109,#3968,.T.);
#10312=EDGE_CURVE('',#5112,#5108,#3964,.T.);
#10335=EDGE_CURVE('',#5121,#5117,#3976,.T.);
#10338=EDGE_CURVE('',#5120,#5116,#3972,.T.);
#10361=EDGE_CURVE('',#5129,#5125,#3984,.T.);
#10364=EDGE_CURVE('',#5128,#5124,#3980,.T.);
#10387=EDGE_CURVE('',#5137,#5133,#3992,.T.);
#10390=EDGE_CURVE('',#5136,#5132,#3988,.T.);
#10413=EDGE_CURVE('',#5145,#5141,#4000,.T.);
#10416=EDGE_CURVE('',#5144,#5140,#3996,.T.);
#10439=EDGE_CURVE('',#5153,#5149,#4008,.T.);
#10442=EDGE_CURVE('',#5152,#5148,#4004,.T.);
#10465=EDGE_CURVE('',#5161,#5157,#4016,.T.);
#10468=EDGE_CURVE('',#5160,#5156,#4012,.T.);
#10491=EDGE_CURVE('',#5169,#5165,#4024,.T.);
#10494=EDGE_CURVE('',#5168,#5164,#4020,.T.);
#10517=EDGE_CURVE('',#5177,#5173,#4032,.T.);
#10520=EDGE_CURVE('',#5176,#5172,#4028,.T.);
#10543=EDGE_CURVE('',#5185,#5181,#4040,.T.);
#10546=EDGE_CURVE('',#5184,#5180,#4036,.T.);
#10569=EDGE_CURVE('',#5193,#5189,#4048,.T.);
#10572=EDGE_CURVE('',#5192,#5188,#4044,.T.);
#10595=EDGE_CURVE('',#5201,#5197,#4056,.T.);
#10598=EDGE_CURVE('',#5200,#5196,#4052,.T.);
#10621=EDGE_CURVE('',#5209,#5205,#4064,.T.);
#10624=EDGE_CURVE('',#5208,#5204,#4060,.T.);
#10647=EDGE_CURVE('',#5217,#5213,#4072,.T.);
#10650=EDGE_CURVE('',#5216,#5212,#4068,.T.);
#10673=EDGE_CURVE('',#5225,#5221,#4080,.T.);
#10676=EDGE_CURVE('',#5224,#5220,#4076,.T.);
#10699=EDGE_CURVE('',#5233,#5229,#4088,.T.);
#10702=EDGE_CURVE('',#5232,#5228,#4084,.T.);
#10726=EDGE_CURVE('',#4169,#4168,#4097,.T.);
#10746=(LENGTH_UNIT()NAMED_UNIT(*)SI_UNIT(.MILLI.,.METRE.));
#10748=(NAMED_UNIT(*)PLANE_ANGLE_UNIT()SI_UNIT($,.RADIAN.));
#10751=(NAMED_UNIT(*)SI_UNIT($,.STERADIAN.)SOLID_ANGLE_UNIT());
#10754=ADVANCED_BREP_SHAPE_REPRESENTATION('',(#10745),#10753);
#10761=PRODUCT_DEFINITION('design','',#10760,#10757);
#10762=PRODUCT_DEFINITION_SHAPE('','SHAPE FOR FTY-04-009_2_1_1_1_1_1_0_0_0__2.',
#10761);
#10763=SHAPE_DEFINITION_REPRESENTATION(#10762,#10754);
ENDSEC;
END-ISO-10303-21;
