ISO-10303-21;
HEADER;
FILE_DESCRIPTION((''),'2;1');
FILE_NAME('_GB_T845-2017_16450001','2026-07-01T11:34:26',('Administrator'),(''),
'CREO PARAMETRIC BY PTC INC, 2019010','CREO PARAMETRIC BY PTC INC, 2019010','');
FILE_SCHEMA(('CONFIG_CONTROL_DESIGN'));
ENDSEC;
DATA;
#2=CARTESIAN_POINT('',(0.E0,0.E0,-1.938876529029E0));
#3=DIRECTION('',(0.E0,0.E0,-1.E0));
#4=DIRECTION('',(-1.E0,0.E0,0.E0));
#5=AXIS2_PLACEMENT_3D('',#2,#3,#4);
#7=CARTESIAN_POINT('',(-1.525332935454E0,0.E0,-8.554131087028E-1));
#8=DIRECTION('',(0.E0,1.E0,0.E0));
#9=DIRECTION('',(-4.298796802063E-1,0.E0,-9.028861836055E-1));
#10=AXIS2_PLACEMENT_3D('',#7,#8,#9);
#12=CARTESIAN_POINT('',(1.525332935454E0,0.E0,-8.554131087028E-1));
#13=DIRECTION('',(0.E0,-1.E0,0.E0));
#14=DIRECTION('',(4.298796802063E-1,0.E0,-9.028861836055E-1));
#15=AXIS2_PLACEMENT_3D('',#12,#13,#14);
#17=CARTESIAN_POINT('',(0.E0,0.E0,-1.938876529029E0));
#18=DIRECTION('',(0.E0,0.E0,-1.E0));
#19=DIRECTION('',(1.E0,0.E0,0.E0));
#20=AXIS2_PLACEMENT_3D('',#17,#18,#19);
#22=CARTESIAN_POINT('',(0.E0,0.E0,2.348278752608E0));
#23=DIRECTION('',(0.E0,-1.E0,0.E0));
#24=DIRECTION('',(3.089998003287E-1,0.E0,-9.510621028076E-1));
#25=AXIS2_PLACEMENT_3D('',#22,#23,#24);
#27=CARTESIAN_POINT('',(0.E0,0.E0,2.348278752608E0));
#28=DIRECTION('',(0.E0,1.E0,0.E0));
#29=DIRECTION('',(-3.089998003287E-1,0.E0,-9.510621028076E-1));
#30=AXIS2_PLACEMENT_3D('',#27,#28,#29);
#32=CARTESIAN_POINT('',(1.426496508460E0,-2.692355571318E-1,-2.172647152403E0));
#33=CARTESIAN_POINT('',(1.412021615565E0,-2.505252987715E-1,-2.034308896452E0));
#34=CARTESIAN_POINT('',(1.382690415357E0,-2.134612484765E-1,-1.760023264133E0));
#35=CARTESIAN_POINT('',(1.337238317866E0,-1.589539395971E-1,-1.355789237684E0));
#36=CARTESIAN_POINT('',(1.305866539474E0,-1.233504164679E-1,-1.091121663750E0));
#37=CARTESIAN_POINT('',(1.289843409802E0,-1.057369155195E-1,-9.6E-1));
#39=CARTESIAN_POINT('',(1.467257138451E0,0.E0,-2.167616475268E0));
#40=CARTESIAN_POINT('',(1.467257138451E0,-3.035734979279E-2,-2.167616475268E0));
#41=CARTESIAN_POINT('',(1.464327077485E0,-9.107650129407E-2,-2.167955625253E0));
#42=CARTESIAN_POINT('',(1.450599291939E0,-1.812880436207E-1,-2.169665786742E0));
#43=CARTESIAN_POINT('',(1.435507598596E0,-2.402168369359E-1,-2.171532023019E0));
#44=CARTESIAN_POINT('',(1.426496508460E0,-2.692355571318E-1,-2.172647152403E0));
#46=CARTESIAN_POINT('',(1.426496508460E0,2.692355571318E-1,-2.172647152403E0));
#47=CARTESIAN_POINT('',(1.435507598333E0,2.402168377846E-1,-2.171532023052E0));
#48=CARTESIAN_POINT('',(1.450599291496E0,1.812880456511E-1,-2.169665786797E0));
#49=CARTESIAN_POINT('',(1.464327077306E0,9.107650336533E-2,-2.167955625275E0));
#50=CARTESIAN_POINT('',(1.467257138451E0,3.035735068175E-2,-2.167616475268E0));
#51=CARTESIAN_POINT('',(1.467257138451E0,0.E0,-2.167616475268E0));
#53=DIRECTION('',(-4.449304466198E-2,1.369355110750E-1,9.895802316050E-1));
#54=VECTOR('',#53,1.410120706422E0);
#55=CARTESIAN_POINT('',(5.524271672622E-1,-3.407669564172E-1,
-2.355427575252E0));
#56=LINE('',#55,#54);
#57=CARTESIAN_POINT('',(-1.497845410204E-2,2.858059300919E-1,2.308056225054E0));
#58=DIRECTION('',(-5.182662631444E-2,9.889109407697E-1,-1.391731009601E-1));
#59=DIRECTION('',(3.041423244698E-1,-1.171103296871E-1,-9.454007706506E-1));
#60=AXIS2_PLACEMENT_3D('',#57,#58,#59);
#62=DIRECTION('',(-1.005647941256E-1,1.005647941256E-1,9.898350591715E-1));
#63=VECTOR('',#62,1.416246601668E0);
#64=CARTESIAN_POINT('',(4.247547357185E-1,-4.247547357185E-1,
-2.361850538764E0));
#65=LINE('',#64,#63);
#66=CARTESIAN_POINT('',(-3.973532122187E-2,6.118702897548E-2,2.338025291412E0));
#67=DIRECTION('',(-5.393386453656E-1,8.305086836297E-1,-1.391731009601E-1));
#68=DIRECTION('',(1.247259928081E-1,-8.466275872967E-2,-9.885725284481E-1));
#69=AXIS2_PLACEMENT_3D('',#66,#67,#68);
#71=DIRECTION('',(-1.369355110750E-1,4.449304466198E-2,9.895802316050E-1));
#72=VECTOR('',#71,1.410120706422E0);
#73=CARTESIAN_POINT('',(3.407669564172E-1,-5.524271672622E-1,
-2.355427575252E0));
#74=LINE('',#73,#72);
#75=CARTESIAN_POINT('',(-6.118702897548E-2,3.973532122187E-2,2.338025291412E0));
#76=DIRECTION('',(-8.305086836297E-1,5.393386453656E-1,-1.391731009601E-1));
#77=DIRECTION('',(1.023529355997E-1,-9.783460558217E-2,-9.899253843218E-1));
#78=AXIS2_PLACEMENT_3D('',#75,#76,#77);
#80=CARTESIAN_POINT('',(2.692355571318E-1,-1.426496508460E0,-2.172647152403E0));
#81=CARTESIAN_POINT('',(2.509972478630E-1,-1.412386731451E0,-2.037798351967E0));
#82=CARTESIAN_POINT('',(2.145499292369E-1,-1.383732534461E0,-1.768147088526E0));
#83=CARTESIAN_POINT('',(1.600569445057E-1,-1.338065585258E0,-1.363934835446E0));
#84=CARTESIAN_POINT('',(1.238182896842E-1,-1.306292167135E0,-1.094604691612E0));
#85=CARTESIAN_POINT('',(1.057369155195E-1,-1.289843409802E0,-9.6E-1));
#87=CARTESIAN_POINT('',(-2.858059300919E-1,1.497845410204E-2,2.308056225054E0));
#88=DIRECTION('',(-9.889109407697E-1,5.182662631444E-2,-1.391731009601E-1));
#89=DIRECTION('',(1.322030136507E-1,-1.197190857150E-1,-9.839663122776E-1));
#90=AXIS2_PLACEMENT_3D('',#87,#88,#89);
#92=CARTESIAN_POINT('',(-2.692355571318E-1,-1.426496508460E0,
-2.172647152403E0));
#93=CARTESIAN_POINT('',(-2.505252987715E-1,-1.412021615565E0,
-2.034308896452E0));
#94=CARTESIAN_POINT('',(-2.134612484765E-1,-1.382690415357E0,
-1.760023264133E0));
#95=CARTESIAN_POINT('',(-1.589539395971E-1,-1.337238317866E0,
-1.355789237684E0));
#96=CARTESIAN_POINT('',(-1.233504164679E-1,-1.305866539474E0,
-1.091121663750E0));
#97=CARTESIAN_POINT('',(-1.057369155195E-1,-1.289843409802E0,-9.6E-1));
#99=CARTESIAN_POINT('',(2.692355571318E-1,-1.426496508460E0,-2.172647152403E0));
#100=CARTESIAN_POINT('',(2.112280089370E-1,-1.444509406404E0,
-2.170418042331E0));
#101=CARTESIAN_POINT('',(9.162773056604E-2,-1.468851886077E0,
-2.167402691111E0));
#102=CARTESIAN_POINT('',(-9.162773056603E-2,-1.468851886077E0,
-2.167402691111E0));
#103=CARTESIAN_POINT('',(-2.112280089370E-1,-1.444509406404E0,
-2.170418042331E0));
#104=CARTESIAN_POINT('',(-2.692355571318E-1,-1.426496508460E0,
-2.172647152403E0));
#106=DIRECTION('',(1.369355110750E-1,4.449304466198E-2,9.895802316050E-1));
#107=VECTOR('',#106,1.410120706422E0);
#108=CARTESIAN_POINT('',(-3.407669564172E-1,-5.524271672622E-1,
-2.355427575252E0));
#109=LINE('',#108,#107);
#110=CARTESIAN_POINT('',(2.858059300919E-1,1.497845410204E-2,2.308056225054E0));
#111=DIRECTION('',(9.889109407697E-1,5.182662631444E-2,-1.391731009601E-1));
#112=DIRECTION('',(-1.171103296871E-1,-3.041423244698E-1,-9.454007706506E-1));
#113=AXIS2_PLACEMENT_3D('',#110,#111,#112);
#115=DIRECTION('',(1.005647941256E-1,1.005647941256E-1,9.898350591715E-1));
#116=VECTOR('',#115,1.416246601668E0);
#117=CARTESIAN_POINT('',(-4.247547357185E-1,-4.247547357185E-1,
-2.361850538764E0));
#118=LINE('',#117,#116);
#119=CARTESIAN_POINT('',(6.118702897548E-2,3.973532122187E-2,2.338025291412E0));
#120=DIRECTION('',(8.305086836297E-1,5.393386453656E-1,-1.391731009601E-1));
#121=DIRECTION('',(-8.466275872967E-2,-1.247259928081E-1,-9.885725284481E-1));
#122=AXIS2_PLACEMENT_3D('',#119,#120,#121);
#124=DIRECTION('',(4.449304466199E-2,1.369355110750E-1,9.895802316050E-1));
#125=VECTOR('',#124,1.410120706422E0);
#126=CARTESIAN_POINT('',(-5.524271672622E-1,-3.407669564172E-1,
-2.355427575252E0));
#127=LINE('',#126,#125);
#128=CARTESIAN_POINT('',(3.973532122188E-2,6.118702897548E-2,2.338025291412E0));
#129=DIRECTION('',(5.393386453656E-1,8.305086836297E-1,-1.391731009601E-1));
#130=DIRECTION('',(-9.783460558217E-2,-1.023529355997E-1,-9.899253843218E-1));
#131=AXIS2_PLACEMENT_3D('',#128,#129,#130);
#133=CARTESIAN_POINT('',(-1.426496508460E0,-2.692355571318E-1,
-2.172647152403E0));
#134=CARTESIAN_POINT('',(-1.412386731451E0,-2.509972478629E-1,
-2.037798351966E0));
#135=CARTESIAN_POINT('',(-1.383732534461E0,-2.145499292366E-1,
-1.768147088524E0));
#136=CARTESIAN_POINT('',(-1.338065585257E0,-1.600569445054E-1,
-1.363934835444E0));
#137=CARTESIAN_POINT('',(-1.306292167135E0,-1.238182896841E-1,
-1.094604691611E0));
#138=CARTESIAN_POINT('',(-1.289843409802E0,-1.057369155195E-1,-9.6E-1));
#140=CARTESIAN_POINT('',(1.497845410204E-2,2.858059300919E-1,2.308056225054E0));
#141=DIRECTION('',(5.182662631444E-2,9.889109407697E-1,-1.391731009601E-1));
#142=DIRECTION('',(-1.197190857150E-1,-1.322030136507E-1,-9.839663122776E-1));
#143=AXIS2_PLACEMENT_3D('',#140,#141,#142);
#145=CARTESIAN_POINT('',(-1.426496508460E0,2.692355571318E-1,
-2.172647152403E0));
#146=CARTESIAN_POINT('',(-1.412021615565E0,2.505252987715E-1,
-2.034308896452E0));
#147=CARTESIAN_POINT('',(-1.382690415357E0,2.134612484765E-1,
-1.760023264133E0));
#148=CARTESIAN_POINT('',(-1.337238317866E0,1.589539395971E-1,
-1.355789237684E0));
#149=CARTESIAN_POINT('',(-1.305866539474E0,1.233504164679E-1,
-1.091121663750E0));
#150=CARTESIAN_POINT('',(-1.289843409802E0,1.057369155195E-1,-9.6E-1));
#152=CARTESIAN_POINT('',(-1.467257138451E0,0.E0,-2.167616475268E0));
#153=CARTESIAN_POINT('',(-1.467257138451E0,3.035734979279E-2,
-2.167616475268E0));
#154=CARTESIAN_POINT('',(-1.464327077485E0,9.107650129408E-2,
-2.167955625253E0));
#155=CARTESIAN_POINT('',(-1.450599291939E0,1.812880436207E-1,
-2.169665786742E0));
#156=CARTESIAN_POINT('',(-1.435507598596E0,2.402168369359E-1,
-2.171532023019E0));
#157=CARTESIAN_POINT('',(-1.426496508460E0,2.692355571318E-1,
-2.172647152403E0));
#159=CARTESIAN_POINT('',(-1.426496508460E0,-2.692355571318E-1,
-2.172647152403E0));
#160=CARTESIAN_POINT('',(-1.435507598332E0,-2.402168377846E-1,
-2.171532023052E0));
#161=CARTESIAN_POINT('',(-1.450599291496E0,-1.812880456511E-1,
-2.169665786797E0));
#162=CARTESIAN_POINT('',(-1.464327077306E0,-9.107650336533E-2,
-2.167955625275E0));
#163=CARTESIAN_POINT('',(-1.467257138451E0,-3.035735068175E-2,
-2.167616475268E0));
#164=CARTESIAN_POINT('',(-1.467257138451E0,0.E0,-2.167616475268E0));
#166=DIRECTION('',(4.449304466198E-2,-1.369355110750E-1,9.895802316050E-1));
#167=VECTOR('',#166,1.410120706422E0);
#168=CARTESIAN_POINT('',(-5.524271672622E-1,3.407669564172E-1,
-2.355427575252E0));
#169=LINE('',#168,#167);
#170=CARTESIAN_POINT('',(1.497845410204E-2,-2.858059300919E-1,
2.308056225054E0));
#171=DIRECTION('',(5.182662631444E-2,-9.889109407697E-1,-1.391731009601E-1));
#172=DIRECTION('',(-3.041423244698E-1,1.171103296871E-1,-9.454007706506E-1));
#173=AXIS2_PLACEMENT_3D('',#170,#171,#172);
#175=DIRECTION('',(1.005647941256E-1,-1.005647941256E-1,9.898350591715E-1));
#176=VECTOR('',#175,1.416246601668E0);
#177=CARTESIAN_POINT('',(-4.247547357185E-1,4.247547357185E-1,
-2.361850538764E0));
#178=LINE('',#177,#176);
#179=CARTESIAN_POINT('',(3.973532122188E-2,-6.118702897548E-2,
2.338025291412E0));
#180=DIRECTION('',(5.393386453656E-1,-8.305086836297E-1,-1.391731009601E-1));
#181=DIRECTION('',(-1.247259928081E-1,8.466275872967E-2,-9.885725284481E-1));
#182=AXIS2_PLACEMENT_3D('',#179,#180,#181);
#184=DIRECTION('',(1.369355110750E-1,-4.449304466199E-2,9.895802316050E-1));
#185=VECTOR('',#184,1.410120706422E0);
#186=CARTESIAN_POINT('',(-3.407669564172E-1,5.524271672622E-1,
-2.355427575252E0));
#187=LINE('',#186,#185);
#188=CARTESIAN_POINT('',(6.118702897548E-2,-3.973532122187E-2,
2.338025291412E0));
#189=DIRECTION('',(8.305086836297E-1,-5.393386453656E-1,-1.391731009601E-1));
#190=DIRECTION('',(-1.023529355997E-1,9.783460558217E-2,-9.899253843218E-1));
#191=AXIS2_PLACEMENT_3D('',#188,#189,#190);
#193=CARTESIAN_POINT('',(-2.692355571318E-1,1.426496508460E0,
-2.172647152403E0));
#194=CARTESIAN_POINT('',(-2.509972478630E-1,1.412386731451E0,
-2.037798351967E0));
#195=CARTESIAN_POINT('',(-2.145499292369E-1,1.383732534461E0,
-1.768147088526E0));
#196=CARTESIAN_POINT('',(-1.600569445056E-1,1.338065585258E0,
-1.363934835446E0));
#197=CARTESIAN_POINT('',(-1.238182896842E-1,1.306292167135E0,
-1.094604691612E0));
#198=CARTESIAN_POINT('',(-1.057369155195E-1,1.289843409802E0,-9.6E-1));
#200=CARTESIAN_POINT('',(2.858059300919E-1,-1.497845410204E-2,
2.308056225054E0));
#201=DIRECTION('',(9.889109407697E-1,-5.182662631444E-2,-1.391731009601E-1));
#202=DIRECTION('',(-1.322030136507E-1,1.197190857150E-1,-9.839663122776E-1));
#203=AXIS2_PLACEMENT_3D('',#200,#201,#202);
#205=CARTESIAN_POINT('',(2.692355571318E-1,1.426496508460E0,-2.172647152403E0));
#206=CARTESIAN_POINT('',(2.505252987715E-1,1.412021615565E0,-2.034308896452E0));
#207=CARTESIAN_POINT('',(2.134612484765E-1,1.382690415357E0,-1.760023264133E0));
#208=CARTESIAN_POINT('',(1.589539395971E-1,1.337238317866E0,-1.355789237684E0));
#209=CARTESIAN_POINT('',(1.233504164679E-1,1.305866539474E0,-1.091121663750E0));
#210=CARTESIAN_POINT('',(1.057369155195E-1,1.289843409802E0,-9.6E-1));
#212=CARTESIAN_POINT('',(-2.692355571318E-1,1.426496508460E0,
-2.172647152403E0));
#213=CARTESIAN_POINT('',(-2.112280089370E-1,1.444509406404E0,
-2.170418042331E0));
#214=CARTESIAN_POINT('',(-9.162773056603E-2,1.468851886077E0,
-2.167402691111E0));
#215=CARTESIAN_POINT('',(9.162773056604E-2,1.468851886077E0,-2.167402691111E0));
#216=CARTESIAN_POINT('',(2.112280089370E-1,1.444509406404E0,-2.170418042331E0));
#217=CARTESIAN_POINT('',(2.692355571318E-1,1.426496508460E0,-2.172647152403E0));
#219=DIRECTION('',(-1.369355110750E-1,-4.449304466198E-2,9.895802316050E-1));
#220=VECTOR('',#219,1.410120706422E0);
#221=CARTESIAN_POINT('',(3.407669564172E-1,5.524271672622E-1,
-2.355427575252E0));
#222=LINE('',#221,#220);
#223=CARTESIAN_POINT('',(-2.858059300919E-1,-1.497845410204E-2,
2.308056225054E0));
#224=DIRECTION('',(-9.889109407697E-1,-5.182662631444E-2,-1.391731009601E-1));
#225=DIRECTION('',(1.171103296871E-1,3.041423244698E-1,-9.454007706506E-1));
#226=AXIS2_PLACEMENT_3D('',#223,#224,#225);
#228=DIRECTION('',(-1.005647941256E-1,-1.005647941256E-1,9.898350591715E-1));
#229=VECTOR('',#228,1.416246601668E0);
#230=CARTESIAN_POINT('',(4.247547357185E-1,4.247547357185E-1,
-2.361850538764E0));
#231=LINE('',#230,#229);
#232=CARTESIAN_POINT('',(-6.118702897548E-2,-3.973532122187E-2,
2.338025291412E0));
#233=DIRECTION('',(-8.305086836297E-1,-5.393386453656E-1,-1.391731009601E-1));
#234=DIRECTION('',(8.466275872967E-2,1.247259928081E-1,-9.885725284481E-1));
#235=AXIS2_PLACEMENT_3D('',#232,#233,#234);
#237=DIRECTION('',(-4.449304466198E-2,-1.369355110750E-1,9.895802316050E-1));
#238=VECTOR('',#237,1.410120706422E0);
#239=CARTESIAN_POINT('',(5.524271672622E-1,3.407669564172E-1,
-2.355427575252E0));
#240=LINE('',#239,#238);
#241=CARTESIAN_POINT('',(-3.973532122187E-2,-6.118702897548E-2,
2.338025291412E0));
#242=DIRECTION('',(-5.393386453656E-1,-8.305086836297E-1,-1.391731009601E-1));
#243=DIRECTION('',(9.783460558217E-2,1.023529355997E-1,-9.899253843218E-1));
#244=AXIS2_PLACEMENT_3D('',#241,#242,#243);
#246=CARTESIAN_POINT('',(1.426496508460E0,2.692355571318E-1,-2.172647152403E0));
#247=CARTESIAN_POINT('',(1.412386731451E0,2.509972478629E-1,-2.037798351965E0));
#248=CARTESIAN_POINT('',(1.383732534461E0,2.145499292366E-1,-1.768147088524E0));
#249=CARTESIAN_POINT('',(1.338065585257E0,1.600569445053E-1,-1.363934835443E0));
#250=CARTESIAN_POINT('',(1.306292167135E0,1.238182896841E-1,-1.094604691610E0));
#251=CARTESIAN_POINT('',(1.289843409802E0,1.057369155195E-1,-9.6E-1));
#253=CARTESIAN_POINT('',(-1.497845410204E-2,-2.858059300919E-1,
2.308056225054E0));
#254=DIRECTION('',(-5.182662631444E-2,-9.889109407697E-1,-1.391731009601E-1));
#255=DIRECTION('',(1.197190857150E-1,1.322030136507E-1,-9.839663122776E-1));
#256=AXIS2_PLACEMENT_3D('',#253,#254,#255);
#258=CARTESIAN_POINT('',(5.75E-1,0.E0,-9.6E-1));
#259=DIRECTION('',(0.E0,0.E0,-1.E0));
#260=DIRECTION('',(9.892367007109E-1,1.463241263997E-1,0.E0));
#261=AXIS2_PLACEMENT_3D('',#258,#259,#260);
#263=DIRECTION('',(9.986295347546E-1,-5.233595624294E-2,0.E0));
#264=VECTOR('',#263,8.012548980995E-1);
#265=CARTESIAN_POINT('',(4.896866036926E-1,1.476713568058E-1,-9.6E-1));
#266=LINE('',#265,#264);
#267=DIRECTION('',(8.386705679454E-1,-5.446390350150E-1,0.E0));
#268=VECTOR('',#267,2.472441788554E-1);
#269=CARTESIAN_POINT('',(2.823301877907E-1,2.823301877907E-1,-9.6E-1));
#270=LINE('',#269,#268);
#271=DIRECTION('',(5.446390350150E-1,-8.386705679454E-1,0.E0));
#272=VECTOR('',#271,2.472441788554E-1);
#273=CARTESIAN_POINT('',(1.476713568058E-1,4.896866036926E-1,-9.6E-1));
#274=LINE('',#273,#272);
#275=DIRECTION('',(5.233595624294E-2,-9.986295347546E-1,0.E0));
#276=VECTOR('',#275,8.012548980995E-1);
#277=CARTESIAN_POINT('',(1.057369155195E-1,1.289843409802E0,-9.6E-1));
#278=LINE('',#277,#276);
#279=CARTESIAN_POINT('',(0.E0,5.75E-1,-9.6E-1));
#280=DIRECTION('',(0.E0,0.E0,-1.E0));
#281=DIRECTION('',(-1.463241263997E-1,9.892367007109E-1,0.E0));
#282=AXIS2_PLACEMENT_3D('',#279,#280,#281);
#284=DIRECTION('',(5.233595624294E-2,9.986295347546E-1,0.E0));
#285=VECTOR('',#284,8.012548980995E-1);
#286=CARTESIAN_POINT('',(-1.476713568058E-1,4.896866036926E-1,-9.6E-1));
#287=LINE('',#286,#285);
#288=DIRECTION('',(5.446390350150E-1,8.386705679454E-1,0.E0));
#289=VECTOR('',#288,2.472441788554E-1);
#290=CARTESIAN_POINT('',(-2.823301877907E-1,2.823301877907E-1,-9.6E-1));
#291=LINE('',#290,#289);
#292=DIRECTION('',(8.386705679454E-1,5.446390350150E-1,0.E0));
#293=VECTOR('',#292,2.472441788554E-1);
#294=CARTESIAN_POINT('',(-4.896866036925E-1,1.476713568058E-1,-9.6E-1));
#295=LINE('',#294,#293);
#296=DIRECTION('',(9.986295347546E-1,5.233595624295E-2,0.E0));
#297=VECTOR('',#296,8.012548980995E-1);
#298=CARTESIAN_POINT('',(-1.289843409802E0,1.057369155195E-1,-9.6E-1));
#299=LINE('',#298,#297);
#300=CARTESIAN_POINT('',(-5.75E-1,0.E0,-9.6E-1));
#301=DIRECTION('',(0.E0,0.E0,-1.E0));
#302=DIRECTION('',(-1.E0,0.E0,0.E0));
#303=AXIS2_PLACEMENT_3D('',#300,#301,#302);
#305=CARTESIAN_POINT('',(-5.75E-1,0.E0,-9.6E-1));
#306=DIRECTION('',(0.E0,0.E0,-1.E0));
#307=DIRECTION('',(-9.892367007109E-1,-1.463241263997E-1,0.E0));
#308=AXIS2_PLACEMENT_3D('',#305,#306,#307);
#310=DIRECTION('',(-9.986295347546E-1,5.233595624294E-2,0.E0));
#311=VECTOR('',#310,8.012548980995E-1);
#312=CARTESIAN_POINT('',(-4.896866036925E-1,-1.476713568058E-1,-9.6E-1));
#313=LINE('',#312,#311);
#314=DIRECTION('',(-8.386705679454E-1,5.446390350150E-1,0.E0));
#315=VECTOR('',#314,2.472441788554E-1);
#316=CARTESIAN_POINT('',(-2.823301877907E-1,-2.823301877907E-1,-9.6E-1));
#317=LINE('',#316,#315);
#318=DIRECTION('',(-5.446390350150E-1,8.386705679454E-1,0.E0));
#319=VECTOR('',#318,2.472441788554E-1);
#320=CARTESIAN_POINT('',(-1.476713568058E-1,-4.896866036926E-1,-9.6E-1));
#321=LINE('',#320,#319);
#322=DIRECTION('',(-5.233595624294E-2,9.986295347546E-1,0.E0));
#323=VECTOR('',#322,8.012548980995E-1);
#324=CARTESIAN_POINT('',(-1.057369155195E-1,-1.289843409802E0,-9.6E-1));
#325=LINE('',#324,#323);
#326=CARTESIAN_POINT('',(0.E0,-5.75E-1,-9.6E-1));
#327=DIRECTION('',(0.E0,0.E0,-1.E0));
#328=DIRECTION('',(1.463241263997E-1,-9.892367007109E-1,0.E0));
#329=AXIS2_PLACEMENT_3D('',#326,#327,#328);
#331=DIRECTION('',(-5.233595624294E-2,-9.986295347546E-1,0.E0));
#332=VECTOR('',#331,8.012548980995E-1);
#333=CARTESIAN_POINT('',(1.476713568058E-1,-4.896866036926E-1,-9.6E-1));
#334=LINE('',#333,#332);
#335=DIRECTION('',(-5.446390350150E-1,-8.386705679454E-1,0.E0));
#336=VECTOR('',#335,2.472441788554E-1);
#337=CARTESIAN_POINT('',(2.823301877907E-1,-2.823301877907E-1,-9.6E-1));
#338=LINE('',#337,#336);
#339=DIRECTION('',(-8.386705679454E-1,-5.446390350150E-1,0.E0));
#340=VECTOR('',#339,2.472441788554E-1);
#341=CARTESIAN_POINT('',(4.896866036926E-1,-1.476713568058E-1,-9.6E-1));
#342=LINE('',#341,#340);
#343=DIRECTION('',(-9.986295347546E-1,-5.233595624294E-2,0.E0));
#344=VECTOR('',#343,8.012548980995E-1);
#345=CARTESIAN_POINT('',(1.289843409802E0,-1.057369155195E-1,-9.6E-1));
#346=LINE('',#345,#344);
#347=CARTESIAN_POINT('',(0.E0,0.E0,-9.6E-1));
#348=DIRECTION('',(0.E0,0.E0,-1.E0));
#349=DIRECTION('',(1.E0,0.E0,0.E0));
#350=AXIS2_PLACEMENT_3D('',#347,#348,#349);
#352=CARTESIAN_POINT('',(1.525332935454E0,0.E0,-8.554131087028E-1));
#353=DIRECTION('',(0.E0,-1.E0,0.E0));
#354=DIRECTION('',(8.214475461921E-1,0.E0,-5.702840773290E-1));
#355=AXIS2_PLACEMENT_3D('',#352,#353,#354);
#357=CARTESIAN_POINT('',(0.E0,0.E0,-1.539754001498E0));
#358=DIRECTION('',(0.E0,0.E0,1.E0));
#359=DIRECTION('',(-1.E0,0.E0,0.E0));
#360=AXIS2_PLACEMENT_3D('',#357,#358,#359);
#362=CARTESIAN_POINT('',(-1.525332935454E0,0.E0,-8.554131087028E-1));
#363=DIRECTION('',(0.E0,1.E0,0.E0));
#364=DIRECTION('',(-8.214475461921E-1,0.E0,-5.702840773290E-1));
#365=AXIS2_PLACEMENT_3D('',#362,#363,#364);
#367=DIRECTION('',(-8.715574274766E-2,0.E0,9.961946980917E-1));
#368=VECTOR('',#367,9.091016189882E-1);
#369=CARTESIAN_POINT('',(-2.720766573164E0,0.E0,-9.6E-1));
#370=LINE('',#369,#368);
#371=DIRECTION('',(8.715574274766E-2,0.E0,9.961946980917E-1));
#372=VECTOR('',#371,9.091016189882E-1);
#373=CARTESIAN_POINT('',(2.720766573164E0,0.E0,-9.6E-1));
#374=LINE('',#373,#372);
#375=CARTESIAN_POINT('',(0.E0,0.E0,-9.6E-1));
#376=DIRECTION('',(0.E0,0.E0,-1.E0));
#377=DIRECTION('',(-1.E0,0.E0,0.E0));
#378=AXIS2_PLACEMENT_3D('',#375,#376,#377);
#380=CARTESIAN_POINT('',(0.E0,0.E0,-1.539754001498E0));
#381=DIRECTION('',(0.E0,0.E0,1.E0));
#382=DIRECTION('',(1.E0,0.E0,0.E0));
#383=AXIS2_PLACEMENT_3D('',#380,#381,#382);
#385=CARTESIAN_POINT('',(0.E0,0.E0,-5.435778713738E-2));
#386=DIRECTION('',(0.E0,0.E0,1.E0));
#387=DIRECTION('',(1.E0,0.E0,0.E0));
#388=AXIS2_PLACEMENT_3D('',#385,#386,#387);
#390=CARTESIAN_POINT('',(0.E0,0.E0,-5.435778713738E-2));
#391=DIRECTION('',(0.E0,0.E0,1.E0));
#392=DIRECTION('',(-1.E0,0.E0,0.E0));
#393=AXIS2_PLACEMENT_3D('',#390,#391,#392);
#395=CARTESIAN_POINT('',(-2.750190265095E0,0.E0,-5.E-2));
#396=DIRECTION('',(0.E0,1.E0,0.E0));
#397=DIRECTION('',(-9.961946980917E-1,0.E0,-8.715574274767E-2));
#398=AXIS2_PLACEMENT_3D('',#395,#396,#397);
#400=CARTESIAN_POINT('',(2.750190265095E0,0.E0,-5.E-2));
#401=DIRECTION('',(0.E0,-1.E0,0.E0));
#402=DIRECTION('',(9.961946980917E-1,0.E0,-8.715574274767E-2));
#403=AXIS2_PLACEMENT_3D('',#400,#401,#402);
#405=CARTESIAN_POINT('',(2.750190265095E0,0.E0,-5.E-2));
#406=DIRECTION('',(0.E0,-1.E0,0.E0));
#407=DIRECTION('',(7.372773368101E-1,0.E0,6.755902076157E-1));
#408=AXIS2_PLACEMENT_3D('',#405,#406,#407);
#410=CARTESIAN_POINT('',(0.E0,0.E0,-1.622048961922E-2));
#411=DIRECTION('',(0.E0,0.E0,1.E0));
#412=DIRECTION('',(-1.E0,0.E0,0.E0));
#413=AXIS2_PLACEMENT_3D('',#410,#411,#412);
#415=CARTESIAN_POINT('',(-2.750190265095E0,0.E0,-5.E-2));
#416=DIRECTION('',(0.E0,1.E0,0.E0));
#417=DIRECTION('',(-7.372773368101E-1,0.E0,6.755902076157E-1));
#418=AXIS2_PLACEMENT_3D('',#415,#416,#417);
#420=CARTESIAN_POINT('',(0.E0,0.E0,0.E0));
#421=DIRECTION('',(0.E0,0.E0,-1.E0));
#422=DIRECTION('',(1.E0,0.E0,0.E0));
#423=AXIS2_PLACEMENT_3D('',#420,#421,#422);
#425=CARTESIAN_POINT('',(0.E0,0.E0,0.E0));
#426=DIRECTION('',(0.E0,0.E0,-1.E0));
#427=DIRECTION('',(-1.E0,0.E0,0.E0));
#428=AXIS2_PLACEMENT_3D('',#425,#426,#427);
#430=CARTESIAN_POINT('',(0.E0,0.E0,0.E0));
#431=DIRECTION('',(0.E0,0.E0,1.E0));
#432=DIRECTION('',(1.E0,0.E0,0.E0));
#433=AXIS2_PLACEMENT_3D('',#430,#431,#432);
#435=CARTESIAN_POINT('',(0.E0,0.E0,0.E0));
#436=DIRECTION('',(0.E0,0.E0,1.E0));
#437=DIRECTION('',(-1.E0,0.E0,0.E0));
#438=AXIS2_PLACEMENT_3D('',#435,#436,#437);
#440=CARTESIAN_POINT('',(-1.24E0,0.E0,2.E-1));
#441=DIRECTION('',(0.E0,1.E0,0.E0));
#442=DIRECTION('',(7.071067811865E-1,0.E0,-7.071067811865E-1));
#443=AXIS2_PLACEMENT_3D('',#440,#441,#442);
#445=CARTESIAN_POINT('',(0.E0,0.E0,5.857864376269E-2));
#446=DIRECTION('',(0.E0,0.E0,1.E0));
#447=DIRECTION('',(-1.E0,0.E0,0.E0));
#448=AXIS2_PLACEMENT_3D('',#445,#446,#447);
#450=CARTESIAN_POINT('',(1.24E0,0.E0,2.E-1));
#451=DIRECTION('',(0.E0,-1.E0,0.E0));
#452=DIRECTION('',(-7.071067811865E-1,0.E0,-7.071067811865E-1));
#453=AXIS2_PLACEMENT_3D('',#450,#451,#452);
#455=CARTESIAN_POINT('',(0.E0,0.E0,5.857864376269E-2));
#456=DIRECTION('',(0.E0,0.E0,1.E0));
#457=DIRECTION('',(1.E0,0.E0,0.E0));
#458=AXIS2_PLACEMENT_3D('',#455,#456,#457);
#460=CARTESIAN_POINT('',(-9.803737000466E-2,1.035364952312E0,
1.999996418683E-1));
#461=CARTESIAN_POINT('',(9.303953370551E-3,1.045527370734E0,1.872768819288E-1));
#462=CARTESIAN_POINT('',(2.264770398346E-1,1.034637391072E0,1.633940712621E-1));
#463=CARTESIAN_POINT('',(5.340678950481E-1,9.248021516316E-1,
1.312818887311E-1));
#464=CARTESIAN_POINT('',(7.976939718044E-1,7.299297257162E-1,
1.020911895118E-1));
#465=CARTESIAN_POINT('',(9.290115641658E-1,5.540702597363E-1,
8.475895150114E-2));
#466=CARTESIAN_POINT('',(9.809513715024E-1,4.581891561613E-1,
7.650109980242E-2));
#468=CARTESIAN_POINT('',(0.E0,0.E0,2.E-1));
#469=DIRECTION('',(0.E0,0.E0,-1.E0));
#470=DIRECTION('',(-1.E0,0.E0,0.E0));
#471=AXIS2_PLACEMENT_3D('',#468,#469,#470);
#473=CARTESIAN_POINT('',(0.E0,0.E0,2.E-1));
#474=DIRECTION('',(0.E0,0.E0,-1.E0));
#475=DIRECTION('',(6.491722348372E-1,7.606414460944E-1,0.E0));
#476=AXIS2_PLACEMENT_3D('',#473,#474,#475);
#478=CARTESIAN_POINT('',(9.809513715024E-1,4.581891561613E-1,
7.650109980242E-2));
#479=CARTESIAN_POINT('',(9.505563427634E-1,4.918483653942E-1,
9.343593848319E-2));
#480=CARTESIAN_POINT('',(8.925776187676E-1,5.651752710498E-1,
1.244226198501E-1));
#481=CARTESIAN_POINT('',(7.941214616494E-1,6.810060776734E-1,
1.630460573605E-1));
#482=CARTESIAN_POINT('',(7.170872951983E-1,7.552708791358E-1,
1.877731249679E-1));
#483=CARTESIAN_POINT('',(6.751396632177E-1,7.910712396589E-1,
2.000000711797E-1));
#485=CARTESIAN_POINT('',(-4.597385250482E-1,-5.922232358616E-1,
1.088132812500E1));
#486=CARTESIAN_POINT('',(-5.361912574676E-1,-5.572717888121E-1,
1.085447265625E1));
#487=CARTESIAN_POINT('',(-6.829943452331E-1,-4.574947656454E-1,
1.080076171875E1));
#488=CARTESIAN_POINT('',(-8.510169100125E-1,-2.224359657114E-1,
1.072019531250E1));
#489=CARTESIAN_POINT('',(-9.319635443166E-1,7.732255505274E-2,
1.063962890625E1));
#490=CARTESIAN_POINT('',(-9.020740906500E-1,4.085451972263E-1,1.05590625E1));
#491=CARTESIAN_POINT('',(-7.459847174814E-1,7.284264967058E-1,
1.047849609375E1));
#492=CARTESIAN_POINT('',(-4.709080713132E-1,9.867656660340E-1,
1.039792968750E1));
#493=CARTESIAN_POINT('',(-9.993963503282E-2,1.138429041052E0,1.031736328125E1));
#494=CARTESIAN_POINT('',(3.235802861774E-1,1.143491158963E0,1.023679687500E1));
#495=CARTESIAN_POINT('',(7.400304746339E-1,9.862866300519E-1,1.015623046875E1));
#496=CARTESIAN_POINT('',(1.085460156168E0,6.683022235018E-1,1.007566406250E1));
#497=CARTESIAN_POINT('',(1.292359723987E0,2.240634403239E-1,9.995097656250E0));
#498=CARTESIAN_POINT('',(1.325624417297E0,-4.250452652851E-1,9.893046875E0));
#499=CARTESIAN_POINT('',(9.857447677300E-1,-1.038336093636E0,9.793681640625E0));
#500=CARTESIAN_POINT('',(3.841543450811E-1,-1.367461008671E0,9.697001953125E0));
#501=CARTESIAN_POINT('',(-1.418412577639E-1,-1.433810135298E0,
9.624492187500E0));
#502=CARTESIAN_POINT('',(-6.708116976811E-1,-1.294529212782E0,
9.551982421875E0));
#503=CARTESIAN_POINT('',(-1.120054784531E0,-9.551154130878E-1,
9.479472656250E0));
#504=CARTESIAN_POINT('',(-1.410952620077E0,-4.547745326106E-1,
9.406962890625E0));
#505=CARTESIAN_POINT('',(-1.483564525631E0,1.326577281653E-1,9.334661458333E0));
#506=CARTESIAN_POINT('',(-1.309807224581E0,7.136464104512E-1,9.262568359375E0));
#507=CARTESIAN_POINT('',(-9.150865606894E-1,1.177524743210E0,9.190683593750E0));
#508=CARTESIAN_POINT('',(-3.692487346657E-1,1.444792382370E0,9.118798828125E0));
#509=CARTESIAN_POINT('',(2.382223317024E-1,1.472107547453E0,9.046914062500E0));
#510=CARTESIAN_POINT('',(8.060230455836E-1,1.254653907271E0,8.975029296875E0));
#511=CARTESIAN_POINT('',(1.239863854969E0,8.286449461460E-1,8.903144531250E0));
#512=CARTESIAN_POINT('',(1.467598121944E0,2.648651090304E-1,8.831259765625E0));
#513=CARTESIAN_POINT('',(1.451358244795E0,-3.427431773138E-1,8.759401041667E0));
#514=CARTESIAN_POINT('',(1.194130901575E0,-8.931843106950E-1,8.687568359375E0));
#515=CARTESIAN_POINT('',(7.389130762843E-1,-1.295241081813E0,8.615761718750E0));
#516=CARTESIAN_POINT('',(1.611383297810E-1,-1.482432401267E0,8.543955078125E0));
#517=CARTESIAN_POINT('',(-4.433545005929E-1,-1.423720925667E0,
8.472148437500E0));
#518=CARTESIAN_POINT('',(-9.743056661170E-1,-1.128848909001E0,
8.400341796875E0));
#519=CARTESIAN_POINT('',(-1.343650191681E0,-6.467194779118E-1,
8.328535156250E0));
#520=CARTESIAN_POINT('',(-1.490115616653E0,-5.729515177948E-2,
8.256728515625E0));
#521=CARTESIAN_POINT('',(-1.389385376033E0,5.416511054476E-1,8.184921875E0));
#522=CARTESIAN_POINT('',(-1.058150573901E0,1.050735289287E0,8.113115234375E0));
#523=CARTESIAN_POINT('',(-5.513905567094E-1,1.385500045272E0,8.041308593750E0));
#524=CARTESIAN_POINT('',(4.681845758815E-2,1.490429273827E0,7.969501953125E0));
#525=CARTESIAN_POINT('',(6.372503104899E-1,1.348130755198E0,7.897695312500E0));
#526=CARTESIAN_POINT('',(1.121977895023E0,9.822102582087E-1,7.825888671875E0));
#527=CARTESIAN_POINT('',(1.420602316407E0,4.533552471261E-1,7.754082031250E0));
#528=CARTESIAN_POINT('',(1.483580386415E0,-1.507200127250E-1,7.682275390625E0));
#529=CARTESIAN_POINT('',(1.300444524402E0,-7.298093464569E-1,7.61046875E0));
#530=CARTESIAN_POINT('',(9.015597419019E-1,-1.187820406026E0,7.538662109375E0));
#531=CARTESIAN_POINT('',(3.531282896580E-1,-1.448772698708E0,7.466855468750E0));
#532=CARTESIAN_POINT('',(-2.538633450741E-1,-1.469396063108E0,
7.395048828125E0));
#533=CARTESIAN_POINT('',(-8.187339676593E-1,-1.246282143631E0,
7.323242187500E0));
#534=CARTESIAN_POINT('',(-1.247796613983E0,-8.164404438684E-1,
7.251435546875E0));
#535=CARTESIAN_POINT('',(-1.469884423060E0,-2.511607141299E-1,
7.179628906250E0));
#536=CARTESIAN_POINT('',(-1.448148472626E0,3.557995031206E-1,7.107822265625E0));
#537=CARTESIAN_POINT('',(-1.186174048325E0,9.037526045896E-1,7.036015625E0));
#538=CARTESIAN_POINT('',(-7.274086301495E-1,1.301769553329E0,6.964208984375E0));
#539=CARTESIAN_POINT('',(-1.479879076353E-1,1.483826641044E0,6.892402343750E0));
#540=CARTESIAN_POINT('',(4.559635670509E-1,1.419742446281E0,6.820595703125E0));
#541=CARTESIAN_POINT('',(9.842705978577E-1,1.120158864414E0,6.748789062500E0));
#542=CARTESIAN_POINT('',(1.349311166945E0,6.347682750480E-1,6.676982421875E0));
#543=CARTESIAN_POINT('',(1.490536611493E0,4.407415656848E-2,6.605175781250E0));
#544=CARTESIAN_POINT('',(1.384510006205E0,-5.539488495420E-1,6.533369140625E0));
#545=CARTESIAN_POINT('',(1.048799670019E0,-1.060092871116E0,6.4615625E0));
#546=CARTESIAN_POINT('',(5.390892958705E-1,-1.390363267735E0,6.389755859375E0));
#547=CARTESIAN_POINT('',(-6.003493346161E-2,-1.489979103290E0,
6.317949218750E0));
#548=CARTESIAN_POINT('',(-6.491826828459E-1,-1.342435559922E0,
6.246142578125E0));
#549=CARTESIAN_POINT('',(-1.130635933850E0,-9.722175046867E-1,
6.174335937500E0));
#550=CARTESIAN_POINT('',(-1.424544287328E0,-4.407323016192E-1,
6.102529296875E0));
#551=CARTESIAN_POINT('',(-1.482156625271E0,1.638708627051E-1,6.030722656250E0));
#552=CARTESIAN_POINT('',(-1.293904515960E0,7.413085651514E-1,5.958916015625E0));
#553=CARTESIAN_POINT('',(-8.909971217748E-1,1.195785002503E0,5.887109375E0));
#554=CARTESIAN_POINT('',(-3.402697602067E-1,1.451875950444E0,5.815302734375E0));
#555=CARTESIAN_POINT('',(2.668884341613E-1,1.467110249841E0,5.743496093750E0));
#556=CARTESIAN_POINT('',(8.297572350079E-1,1.238981161763E0,5.671689453125E0));
#557=CARTESIAN_POINT('',(1.254979120470E0,8.053396168795E-1,5.599882812500E0));
#558=CARTESIAN_POINT('',(1.472030609522E0,2.381118915130E-1,5.528076171875E0));
#559=CARTESIAN_POINT('',(1.444907686969E0,-3.686240600066E-1,5.456269531250E0));
#560=CARTESIAN_POINT('',(1.178096785393E0,-9.142293199393E-1,5.384462890625E0));
#561=CARTESIAN_POINT('',(7.158400289618E-1,-1.308186032702E0,5.31265625E0));
#562=CARTESIAN_POINT('',(1.348225637180E-1,-1.485109477952E0,5.240849609375E0));
#563=CARTESIAN_POINT('',(-4.685435710137E-1,-1.415665512591E0,
5.169042968750E0));
#564=CARTESIAN_POINT('',(-9.941700526766E-1,-1.111394302042E0,
5.097236328125E0));
#565=CARTESIAN_POINT('',(-1.354878242629E0,-6.227755927957E-1,
5.025429687500E0));
#566=CARTESIAN_POINT('',(-1.490845210792E0,-3.085361745334E-2,
4.953623046875E0));
#567=CARTESIAN_POINT('',(-1.379515318976E0,5.661973208947E-1,4.881816406250E0));
#568=CARTESIAN_POINT('',(-1.039342478827E0,1.069343021156E0,4.810009765625E0));
#569=CARTESIAN_POINT('',(-5.267400429753E-1,1.395106651962E0,4.738203125E0));
#570=CARTESIAN_POINT('',(7.325066166998E-2,1.489416538701E0,4.666396484375E0));
#571=CARTESIAN_POINT('',(6.610725725657E-1,1.336646914963E0,4.594589843750E0));
#572=CARTESIAN_POINT('',(1.139218757862E0,9.621600750325E-1,4.522783203125E0));
#573=CARTESIAN_POINT('',(1.428387498566E0,4.280813535654E-1,4.450976562500E0));
#574=CARTESIAN_POINT('',(1.480621626612E0,-1.770056130696E-1,4.379169921875E0));
#575=CARTESIAN_POINT('',(1.287253212011E0,-7.527423793341E-1,4.307363281250E0));
#576=CARTESIAN_POINT('',(8.803442063379E-1,-1.203628415898E0,4.235556640625E0));
#577=CARTESIAN_POINT('',(3.273803902301E-1,-1.454853849469E0,4.16375E0));
#578=CARTESIAN_POINT('',(-2.798971351171E-1,-1.464713241199E0,
4.091943359375E0));
#579=CARTESIAN_POINT('',(-8.407254231812E-1,-1.231593554828E0,
4.020136718750E0));
#580=CARTESIAN_POINT('',(-1.262078140294E0,-7.941852152006E-1,
3.948330078125E0));
#581=CARTESIAN_POINT('',(-1.474075099529E0,-2.250490886020E-1,
3.876523437500E0));
#582=CARTESIAN_POINT('',(-1.441558988545E0,3.814171873366E-1,3.804716796875E0));
#583=CARTESIAN_POINT('',(-1.169918416601E0,9.246257729351E-1,3.732910156250E0));
#584=CARTESIAN_POINT('',(-7.041988832108E-1,1.314469938064E0,3.661103515625E0));
#585=CARTESIAN_POINT('',(-1.216441315069E-1,1.486263889251E0,3.589296875E0));
#586=CARTESIAN_POINT('',(4.810918655819E-1,1.411480748031E0,3.517490234375E0));
#587=CARTESIAN_POINT('',(1.004002904594E0,1.102551626475E0,3.445683593750E0));
#588=CARTESIAN_POINT('',(1.360355185926E0,6.107414808051E-1,3.373876953125E0));
#589=CARTESIAN_POINT('',(1.491051157673E0,1.763339260065E-2,3.302070312500E0));
#590=CARTESIAN_POINT('',(1.374418145617E0,-5.783996449260E-1,3.230263671875E0));
#591=CARTESIAN_POINT('',(1.029796340731E0,-1.078499614323E0,3.158457031250E0));
#592=CARTESIAN_POINT('',(5.143374092619E-1,-1.399708653479E0,3.086650390625E0));
#593=CARTESIAN_POINT('',(-8.646147101147E-2,-1.488724977037E0,3.01484375E0));
#594=CARTESIAN_POINT('',(-6.729160492522E-1,-1.330755903932E0,
2.943037109375E0));
#595=CARTESIAN_POINT('',(-1.147724752517E0,-9.520345655167E-1,
2.871230468750E0));
#596=CARTESIAN_POINT('',(-1.432135687262E0,-4.154019276804E-1,
2.799423828125E0));
#597=CARTESIAN_POINT('',(-1.478985019003E0,1.901257607368E-1,2.727617187500E0));
#598=CARTESIAN_POINT('',(-1.280506844758E0,7.641162272714E-1,2.655810546875E0));
#599=CARTESIAN_POINT('',(-8.696162354284E-1,1.211366800171E0,2.584003906250E0));
#600=CARTESIAN_POINT('',(-3.144578429145E-1,1.457684310892E0,2.512197265625E0));
#601=CARTESIAN_POINT('',(2.928830058537E-1,1.462189176579E0,2.440390625E0));
#602=CARTESIAN_POINT('',(8.516333986999E-1,1.224111040473E0,2.368583984375E0));
#603=CARTESIAN_POINT('',(1.269091600760E0,7.829740930312E-1,2.296777343750E0));
#604=CARTESIAN_POINT('',(1.476021527655E0,2.119713144468E-1,2.224970703125E0));
#605=CARTESIAN_POINT('',(1.438111703745E0,-3.941817079561E-1,2.153164062500E0));
#606=CARTESIAN_POINT('',(1.161654258935E0,-9.349496087816E-1,2.081357421875E0));
#607=CARTESIAN_POINT('',(6.924980353568E-1,-1.320639387714E0,2.009550781250E0));
#608=CARTESIAN_POINT('',(1.084533715362E-1,-1.487267680032E0,1.937744140625E0));
#609=CARTESIAN_POINT('',(-4.935998628229E-1,-1.407173342466E0,1.8659375E0));
#610=CARTESIAN_POINT('',(-1.013762918660E0,-1.093623353984E0,1.794130859375E0));
#611=CARTESIAN_POINT('',(-1.365739500312E0,-5.986631002478E-1,
1.722324218750E0));
#612=CARTESIAN_POINT('',(-1.491157935936E0,-4.412040535727E-3,
1.650517578125E0));
#613=CARTESIAN_POINT('',(-1.369227244360E0,5.905600876239E-1,1.578710937500E0));
#614=CARTESIAN_POINT('',(-1.020175674055E0,1.087571705928E0,1.506904296875E0));
#615=CARTESIAN_POINT('',(-5.018904137237E-1,1.404191441403E0,1.435097656250E0));
#616=CARTESIAN_POINT('',(9.965912720798E-2,1.487873369201E0,1.363291015625E0));
#617=CARTESIAN_POINT('',(6.947444456459E-1,1.321988798126E0,1.290253906250E0));
#618=CARTESIAN_POINT('',(1.179243065392E0,9.199341750827E-1,1.215986328125E0));
#619=CARTESIAN_POINT('',(1.455677121391E0,3.429189352706E-1,1.140488281250E0));
#620=CARTESIAN_POINT('',(1.466070542569E0,-2.974712590584E-1,1.064990234375E0));
#621=CARTESIAN_POINT('',(1.202415828913E0,-8.804603000363E-1,9.894921875E-1));
#622=CARTESIAN_POINT('',(7.183229202104E-1,-1.293224856822E0,
9.139941406249E-1));
#623=CARTESIAN_POINT('',(1.100716524736E-1,-1.459253904085E0,
8.384960937503E-1));
#624=CARTESIAN_POINT('',(-5.034474541417E-1,-1.352225405827E0,
7.629980468740E-1));
#625=CARTESIAN_POINT('',(-1.009669960749E0,-9.972904790394E-1,
6.868847656286E-1));
#626=CARTESIAN_POINT('',(-1.311466317415E0,-4.644140566109E-1,
6.101562499862E-1));
#627=CARTESIAN_POINT('',(-1.351508992505E0,1.381623167639E-1,
5.328125000515E-1));
#628=CARTESIAN_POINT('',(-1.131808764503E0,6.847145561280E-1,
4.554687498078E-1));
#629=CARTESIAN_POINT('',(-7.088040379788E-1,1.071212016158E0,
3.781250007173E-1));
#630=CARTESIAN_POINT('',(-1.765215919839E-1,1.231432411937E0,
3.007812473231E-1));
#631=CARTESIAN_POINT('',(3.549074196721E-1,1.148257897428E0,2.234375099902E-1));
#632=CARTESIAN_POINT('',(7.684491174312E-1,8.638017066684E-1,
1.486773918135E-1));
#633=CARTESIAN_POINT('',(9.318278424239E-1,5.935982809796E-1,
9.969867395934E-2));
#634=CARTESIAN_POINT('',(9.809513715024E-1,4.581891561613E-1,
7.650109980242E-2));
#636=DIRECTION('',(-2.845451524967E-1,-8.178116019134E-1,-5.002181923585E-1));
#637=VECTOR('',#636,2.002607221130E-1);
#638=CARTESIAN_POINT('',(-4.027553073355E-1,-4.284476939101E-1,
1.098150218142E1));
#639=LINE('',#638,#637);
#640=CARTESIAN_POINT('',(-6.927801030422E-1,8.107976508493E-5,
1.079993311678E1));
#641=CARTESIAN_POINT('',(-6.841173249206E-1,-4.585697077148E-2,
1.081493748862E1));
#642=CARTESIAN_POINT('',(-6.578473517907E-1,-1.349784352125E-1,
1.084476566500E1));
#643=CARTESIAN_POINT('',(-5.935710759692E-1,-2.545375989873E-1,
1.088903812964E1));
#644=CARTESIAN_POINT('',(-5.075737885011E-1,-3.547132452197E-1,
1.093505097345E1));
#645=CARTESIAN_POINT('',(-4.389607864264E-1,-4.065733918518E-1,
1.096614422579E1));
#646=CARTESIAN_POINT('',(-4.027553073355E-1,-4.284476939101E-1,
1.098150218142E1));
#648=DIRECTION('',(-4.999573289901E-1,5.851268333054E-5,-8.660500365252E-1));
#649=VECTOR('',#648,1.385678462683E0);
#650=CARTESIAN_POINT('',(0.E0,0.E0,1.2E1));
#651=LINE('',#650,#649);
#652=DIRECTION('',(5.E-1,0.E0,-8.660254037844E-1));
#653=VECTOR('',#652,1.691473670975E0);
#654=CARTESIAN_POINT('',(0.E0,0.E0,1.2E1));
#655=LINE('',#654,#653);
#656=DIRECTION('',(-5.002595630230E-1,-3.451930904933E-4,-8.658754243225E-1));
#657=VECTOR('',#656,8.792675426470E-2);
#658=CARTESIAN_POINT('',(-8.017506358210E-1,3.035170804158E-5,
1.061127444676E1));
#659=LINE('',#658,#657);
#660=CARTESIAN_POINT('',(-4.329607241824E-1,-5.152729483115E-1,
1.083428837182E1));
#661=CARTESIAN_POINT('',(-4.936277436686E-1,-4.838493738667E-1,
1.080835853325E1));
#662=CARTESIAN_POINT('',(-6.080016764940E-1,-4.004154388935E-1,
1.075698367411E1));
#663=CARTESIAN_POINT('',(-7.387283389454E-1,-2.210492150688E-1,
1.068292905031E1));
#664=CARTESIAN_POINT('',(-7.881315387327E-1,-7.586135827110E-2,
1.063486341487E1));
#665=CARTESIAN_POINT('',(-8.017506358210E-1,3.035170804158E-5,
1.061127444676E1));
#667=CARTESIAN_POINT('',(3.475394262359E-1,-1.856170706966E-1,
1.131756901509E1));
#668=CARTESIAN_POINT('',(3.429644380684E-1,-2.294807212593E-1,
1.128876674625E1));
#669=CARTESIAN_POINT('',(3.174911142825E-1,-3.197976416220E-1,
1.123176294021E1));
#670=CARTESIAN_POINT('',(2.285621011425E-1,-4.447475992780E-1,
1.114711645202E1));
#671=CARTESIAN_POINT('',(9.460284935187E-2,-5.395093645688E-1,
1.106514596749E1));
#672=CARTESIAN_POINT('',(-7.173559609628E-2,-5.897147649548E-1,
1.098555336781E1));
#673=CARTESIAN_POINT('',(-2.550252730091E-1,-5.855471439231E-1,
1.090877592800E1));
#674=CARTESIAN_POINT('',(-3.758153743672E-1,-5.448724105778E-1,
1.085871300497E1));
#675=CARTESIAN_POINT('',(-4.329607241824E-1,-5.152729483115E-1,
1.083428837182E1));
#677=CARTESIAN_POINT('',(-4.027553073355E-1,-4.284476939101E-1,
1.098150218142E1));
#678=CARTESIAN_POINT('',(-3.451952748736E-1,-4.632237987476E-1,
1.100591849758E1));
#679=CARTESIAN_POINT('',(-2.203182913476E-1,-5.103725025483E-1,
1.105582367637E1));
#680=CARTESIAN_POINT('',(-3.079745314760E-2,-5.108211679771E-1,
1.113178810322E1));
#681=CARTESIAN_POINT('',(1.376438683272E-1,-4.454855733149E-1,
1.121013310001E1));
#682=CARTESIAN_POINT('',(2.603049699648E-1,-3.289365185756E-1,
1.129000910223E1));
#683=CARTESIAN_POINT('',(3.020958564030E-1,-2.351051235487E-1,
1.134167188218E1));
#684=CARTESIAN_POINT('',(3.127703360810E-1,-1.884078059406E-1,
1.136756948728E1));
#686=CARTESIAN_POINT('',(-3.319874326893E-1,7.778490599566E-1,
1.053513943141E1));
#687=CARTESIAN_POINT('',(-4.244718046762E-1,7.199712341239E-1,
1.056445555466E1));
#688=CARTESIAN_POINT('',(-5.820595947049E-1,5.704607743449E-1,
1.062301991749E1));
#689=CARTESIAN_POINT('',(-7.068166097006E-1,2.880360836528E-1,
1.071140455822E1));
#690=CARTESIAN_POINT('',(-7.100728087927E-1,9.178297718522E-2,
1.076998127182E1));
#691=CARTESIAN_POINT('',(-6.927801030422E-1,8.107976508493E-5,
1.079993311678E1));
#693=CARTESIAN_POINT('',(-8.017506358210E-1,3.035170804158E-5,
1.061127444676E1));
#694=CARTESIAN_POINT('',(-8.067187678487E-1,2.771500896112E-2,
1.060266938967E1));
#695=CARTESIAN_POINT('',(-8.137982892024E-1,8.390352335300E-2,
1.058551562519E1));
#696=CARTESIAN_POINT('',(-8.151531762750E-1,1.699994254931E-1,
1.056025895391E1));
#697=CARTESIAN_POINT('',(-8.099925879456E-1,2.278376063927E-1,
1.054345707631E1));
#698=CARTESIAN_POINT('',(-8.058434605138E-1,2.567162428865E-1,
1.053512121689E1));
#700=CARTESIAN_POINT('',(0.E0,0.E0,1.053514083110E1));
#701=DIRECTION('',(0.E0,0.E0,-1.E0));
#702=DIRECTION('',(1.E0,0.E0,0.E0));
#703=AXIS2_PLACEMENT_3D('',#700,#701,#702);
#705=CARTESIAN_POINT('',(0.E0,0.E0,1.053514083110E1));
#706=DIRECTION('',(0.E0,0.E0,-1.E0));
#707=DIRECTION('',(-3.925636482744E-1,9.197248404025E-1,0.E0));
#708=AXIS2_PLACEMENT_3D('',#705,#706,#707);
#710=CARTESIAN_POINT('',(1.001928208259E0,3.021082278586E-5,1.013979974941E1));
#711=CARTESIAN_POINT('',(9.972809700348E-1,1.102808555349E-1,1.015970196293E1));
#712=CARTESIAN_POINT('',(9.502810730911E-1,3.277229485584E-1,1.020111712386E1));
#713=CARTESIAN_POINT('',(7.751788008157E-1,6.089042260208E-1,1.026353811008E1));
#714=CARTESIAN_POINT('',(5.231955858182E-1,8.075310587407E-1,1.032834684367E1));
#715=CARTESIAN_POINT('',(2.248139401658E-1,9.073499046701E-1,1.039402231650E1));
#716=CARTESIAN_POINT('',(-7.673163288359E-2,8.975335611164E-1,
1.046398879727E1));
#717=CARTESIAN_POINT('',(-2.545174370053E-1,8.263307095709E-1,
1.051058263448E1));
#718=CARTESIAN_POINT('',(-3.319874326893E-1,7.778490599566E-1,
1.053513943141E1));
#720=CARTESIAN_POINT('',(-3.228968011451E-1,-9.885956088887E-1,
9.810139250011E0));
#721=CARTESIAN_POINT('',(-2.188144608795E-1,-1.022592564972E0,
9.827832658251E0));
#722=CARTESIAN_POINT('',(-1.105502162499E-4,-1.056603831937E0,
9.863360464181E0));
#723=CARTESIAN_POINT('',(3.247803268914E-1,-1.002125777665E0,9.916892255074E0));
#724=CARTESIAN_POINT('',(6.148516991438E-1,-8.492500237122E-1,
9.971535135225E0));
#725=CARTESIAN_POINT('',(8.425918411746E-1,-6.121673076456E-1,
1.002564450058E1));
#726=CARTESIAN_POINT('',(9.815344349863E-1,-3.166974862186E-1,
1.008353113554E1));
#727=CARTESIAN_POINT('',(1.006331012574E0,-1.044215067166E-1,1.012094434597E1));
#728=CARTESIAN_POINT('',(1.001928208259E0,3.021082278586E-5,1.013979974941E1));
#730=CARTESIAN_POINT('',(0.E0,0.E0,9.810140831103E0));
#731=DIRECTION('',(0.E0,0.E0,1.E0));
#732=DIRECTION('',(-1.E0,0.E0,0.E0));
#733=AXIS2_PLACEMENT_3D('',#730,#731,#732);
#735=CARTESIAN_POINT('',(0.E0,0.E0,9.810140831103E0));
#736=DIRECTION('',(0.E0,0.E0,1.E0));
#737=DIRECTION('',(-9.991245049215E-1,4.183567455308E-2,0.E0));
#738=AXIS2_PLACEMENT_3D('',#735,#736,#737);
#740=CARTESIAN_POINT('',(4.096410470178E-1,-1.715262656676E-2,
9.810140831103E0));
#741=DIRECTION('',(-4.183567455308E-2,-9.991245049215E-1,0.E0));
#742=DIRECTION('',(-8.652672028056E-1,3.623075694743E-2,5.E-1));
#743=AXIS2_PLACEMENT_3D('',#740,#741,#742);
#745=CARTESIAN_POINT('',(0.E0,0.E0,1.053514083110E1));
#746=DIRECTION('',(0.E0,0.E0,-1.E0));
#747=DIRECTION('',(-1.E0,0.E0,0.E0));
#748=AXIS2_PLACEMENT_3D('',#745,#746,#747);
#750=DIRECTION('',(1.883087215762E-4,-2.869250683077E-6,9.999999822658E-1));
#751=VECTOR('',#750,7.654021461165E-1);
#752=CARTESIAN_POINT('',(1.039855868100E0,2.196130630574E-6,9.044738698560E0));
#753=LINE('',#752,#751);
#754=CARTESIAN_POINT('',(-1.039983903860E0,1.476812566447E-6,8.494725706323E0));
#755=CARTESIAN_POINT('',(-1.039983903860E0,-1.215957361812E-1,
8.515202237694E0));
#756=CARTESIAN_POINT('',(-9.970582033953E-1,-3.645744449834E-1,
8.556072345223E0));
#757=CARTESIAN_POINT('',(-8.106322089544E-1,-6.850383685920E-1,
8.617532423672E0));
#758=CARTESIAN_POINT('',(-5.288430995575E-1,-9.201539437180E-1,
8.678304037854E0));
#759=CARTESIAN_POINT('',(-1.812553017073E-1,-1.045679874927E0,
8.739544378525E0));
#760=CARTESIAN_POINT('',(1.850645223016E-1,-1.044912094599E0,8.800262247136E0));
#761=CARTESIAN_POINT('',(5.318429491927E-1,-9.185838211413E-1,
8.861503529568E0));
#762=CARTESIAN_POINT('',(8.136321064153E-1,-6.812429873831E-1,
8.922618078192E0));
#763=CARTESIAN_POINT('',(9.971379554332E-1,-3.633930045235E-1,
8.983351869234E0));
#764=CARTESIAN_POINT('',(1.039855868100E0,-1.212434128370E-1,9.024284645794E0));
#765=CARTESIAN_POINT('',(1.039855868100E0,2.196130630574E-6,9.044738698560E0));
#767=DIRECTION('',(4.108827577680E-4,-1.914336099681E-4,9.999998972643E-1));
#768=VECTOR('',#767,6.265998860823E-1);
#769=CARTESIAN_POINT('',(-1.039983903860E0,1.476812566447E-6,8.494725706323E0));
#770=LINE('',#769,#768);
#771=CARTESIAN_POINT('',(1.039114237598E0,-4.349513797298E-2,9.810087163352E0));
#772=CARTESIAN_POINT('',(1.034078625976E0,-1.637562075661E-1,9.780181396538E0));
#773=CARTESIAN_POINT('',(9.818962956294E-1,-4.018142511376E-1,
9.721300673184E0));
#774=CARTESIAN_POINT('',(7.880154342616E-1,-7.098109309468E-1,
9.637229196735E0));
#775=CARTESIAN_POINT('',(5.041448789003E-1,-9.333403507780E-1,
9.555166816668E0));
#776=CARTESIAN_POINT('',(1.569851180523E-1,-1.049244574856E0,9.475683094043E0));
#777=CARTESIAN_POINT('',(-2.056032517283E-1,-1.040518482599E0,
9.399299332814E0));
#778=CARTESIAN_POINT('',(-5.452836407164E-1,-9.101010680313E-1,
9.325478615924E0));
#779=CARTESIAN_POINT('',(-8.211161714818E-1,-6.713919598664E-1,
9.254254486315E0));
#780=CARTESIAN_POINT('',(-9.986964976141E-1,-3.570163290353E-1,
9.186420680153E0));
#781=CARTESIAN_POINT('',(-1.039726444770E0,-1.191349578065E-1,
9.142766825377E0));
#782=CARTESIAN_POINT('',(-1.039726444770E0,-1.184754656319E-4,
9.121325528031E0));
#784=CARTESIAN_POINT('',(1.039719913E0,4.188818892005E-5,8.568204769759E0));
#785=CARTESIAN_POINT('',(1.039719913E0,-1.211058707695E-1,8.547810252774E0));
#786=CARTESIAN_POINT('',(9.972032359421E-1,-3.631009488595E-1,
8.507310648216E0));
#787=CARTESIAN_POINT('',(8.144053082685E-1,-6.802793224570E-1,
8.446453769481E0));
#788=CARTESIAN_POINT('',(5.324203943493E-1,-9.182668166477E-1,
8.385330786033E0));
#789=CARTESIAN_POINT('',(1.862657972343E-1,-1.044661569584E0,8.324255664114E0));
#790=CARTESIAN_POINT('',(-1.804254534499E-1,-1.045892734581E0,
8.263447516289E0));
#791=CARTESIAN_POINT('',(-5.283739171823E-1,-9.204184355789E-1,
8.202202164418E0));
#792=CARTESIAN_POINT('',(-8.102599806294E-1,-6.855342686066E-1,
8.141301714633E0));
#793=CARTESIAN_POINT('',(-9.971063776851E-1,-3.645880207446E-1,
8.079753477302E0));
#794=CARTESIAN_POINT('',(-1.039993832195E0,-1.215774049126E-1,
8.038827358953E0));
#795=CARTESIAN_POINT('',(-1.039993832195E0,-3.974017834305E-7,
8.018351795299E0));
#797=DIRECTION('',(5.733537783991E-6,5.942369788147E-5,9.999999982180E-1));
#798=VECTOR('',#797,6.232993672528E-1);
#799=CARTESIAN_POINT('',(1.039716339289E0,4.849435630706E-6,7.944905403617E0));
#800=LINE('',#799,#798);
#801=CARTESIAN_POINT('',(-1.039669428044E0,9.842152618287E-6,7.394874286225E0));
#802=CARTESIAN_POINT('',(-1.039669428044E0,-1.204741434316E-1,
7.415206339752E0));
#803=CARTESIAN_POINT('',(-9.977653000626E-1,-3.617239214814E-1,
7.455452647292E0));
#804=CARTESIAN_POINT('',(-8.145130227240E-1,-6.805415549974E-1,
7.516529122895E0));
#805=CARTESIAN_POINT('',(-5.312274851257E-1,-9.188341001365E-1,
7.577786063694E0));
#806=CARTESIAN_POINT('',(-1.861096318705E-1,-1.044922540400E0,
7.638789125823E0));
#807=CARTESIAN_POINT('',(1.844312902997E-1,-1.045318735999E0,7.700152560225E0));
#808=CARTESIAN_POINT('',(5.303274673851E-1,-9.192886112575E-1,
7.761188758596E0));
#809=CARTESIAN_POINT('',(8.132794090743E-1,-6.820906950568E-1,
7.822391509393E0));
#810=CARTESIAN_POINT('',(9.978507207928E-1,-3.619383928771E-1,
7.883638729042E0));
#811=CARTESIAN_POINT('',(1.039716339289E0,-1.205288233181E-1,7.924634950849E0));
#812=CARTESIAN_POINT('',(1.039716339289E0,4.849435630706E-6,7.944905403617E0));
#814=DIRECTION('',(-5.203140494726E-4,-1.642329172304E-5,9.999998645018E-1));
#815=VECTOR('',#814,6.234775935542E-1);
#816=CARTESIAN_POINT('',(-1.039669428044E0,9.842152618287E-6,7.394874286225E0));
#817=LINE('',#816,#815);
#818=CARTESIAN_POINT('',(1.039577745094E0,6.997051032022E-5,7.468218628528E0));
#819=CARTESIAN_POINT('',(1.039577745094E0,-1.203108557661E-1,7.447882673853E0));
#820=CARTESIAN_POINT('',(9.979160469567E-1,-3.614930435424E-1,
7.407698328814E0));
#821=CARTESIAN_POINT('',(8.145269538791E-1,-6.804801028774E-1,
7.346476903478E0));
#822=CARTESIAN_POINT('',(5.317097545669E-1,-9.184869450411E-1,
7.285256977906E0));
#823=CARTESIAN_POINT('',(1.866161349932E-1,-1.044954298043E0,7.224255916168E0));
#824=CARTESIAN_POINT('',(-1.852811076317E-1,-1.045244062486E0,
7.162665616543E0));
#825=CARTESIAN_POINT('',(-5.309306474805E-1,-9.189390438738E-1,
7.101647283415E0));
#826=CARTESIAN_POINT('',(-8.138905782070E-1,-6.813262370124E-1,
7.040385526482E0));
#827=CARTESIAN_POINT('',(-9.979224923591E-1,-3.616228027012E-1,
6.979423627752E0));
#828=CARTESIAN_POINT('',(-1.039605200781E0,-1.204969040700E-1,
6.938448822113E0));
#829=CARTESIAN_POINT('',(-1.039605200781E0,-5.858800292774E-5,
6.918169394326E0));
#831=DIRECTION('',(-5.510105211059E-4,1.340567173813E-4,9.999998392081E-1));
#832=VECTOR('',#831,6.235314701341E-1);
#833=CARTESIAN_POINT('',(1.039921317494E0,-1.361807174986E-5,6.844687258653E0));
#834=LINE('',#833,#832);
#835=CARTESIAN_POINT('',(-1.039940414123E0,-1.334176562699E-6,
6.294711275323E0));
#836=CARTESIAN_POINT('',(-1.039940414123E0,-1.215685174704E-1,
6.315140317583E0));
#837=CARTESIAN_POINT('',(-9.970311489126E-1,-3.643665482374E-1,
6.355950824339E0));
#838=CARTESIAN_POINT('',(-8.114769956022E-1,-6.839334515420E-1,
6.417238116293E0));
#839=CARTESIAN_POINT('',(-5.298410509897E-1,-9.196221896691E-1,
6.478121637402E0));
#840=CARTESIAN_POINT('',(-1.824934686147E-1,-1.045419063704E0,
6.539337142485E0));
#841=CARTESIAN_POINT('',(1.836292372019E-1,-1.045198473632E0,6.599995065251E0));
#842=CARTESIAN_POINT('',(5.309122126673E-1,-9.190982857259E-1,
6.661236180471E0));
#843=CARTESIAN_POINT('',(8.126782305330E-1,-6.824321224246E-1,
6.722450480981E0));
#844=CARTESIAN_POINT('',(9.970522915903E-1,-3.638832881751E-1,
6.783436675598E0));
#845=CARTESIAN_POINT('',(1.039921317494E0,-1.214205290517E-1,6.824253137741E0));
#846=CARTESIAN_POINT('',(1.039921317494E0,-1.361807174986E-5,6.844687258653E0));
#848=DIRECTION('',(5.376676987494E-4,-9.183266061165E-5,9.999998512401E-1));
#849=VECTOR('',#848,6.234582117484E-1);
#850=CARTESIAN_POINT('',(-1.039940414123E0,-1.334176562699E-6,
6.294711275323E0));
#851=LINE('',#850,#849);
#852=CARTESIAN_POINT('',(1.040003705210E0,-1.379004055457E-6,6.368378581309E0));
#853=CARTESIAN_POINT('',(1.040003705210E0,-1.214970492264E-1,6.347913394002E0));
#854=CARTESIAN_POINT('',(9.971846961689E-1,-3.644586170483E-1,
6.307007601367E0));
#855=CARTESIAN_POINT('',(8.100661630243E-1,-6.858477404665E-1,
6.245442676553E0));
#856=CARTESIAN_POINT('',(5.279065505715E-1,-9.206716333192E-1,
6.184473136957E0));
#857=CARTESIAN_POINT('',(1.799647168627E-1,-1.046013107581E0,6.123212471333E0));
#858=CARTESIAN_POINT('',(-1.872042913468E-1,-1.044488088867E0,
6.062318007140E0));
#859=CARTESIAN_POINT('',(-5.328193122427E-1,-9.180146192637E-1,
6.001296353046E0));
#860=CARTESIAN_POINT('',(-8.149050396248E-1,-6.797010693001E-1,
5.940092950294E0));
#861=CARTESIAN_POINT('',(-9.972992732218E-1,-3.626814178968E-1,
5.879475662185E0));
#862=CARTESIAN_POINT('',(-1.039688112969E0,-1.210247246975E-1,
5.838679230502E0));
#863=CARTESIAN_POINT('',(-1.039688112969E0,-3.426058553498E-5,
5.818260288262E0));
#865=DIRECTION('',(5.124652959824E-4,-5.385145225242E-6,9.999998686752E-1));
#866=VECTOR('',#865,6.234720394576E-1);
#867=CARTESIAN_POINT('',(1.039684197427E0,1.978483420900E-6,5.744906623729E0));
#868=LINE('',#867,#866);
#869=CARTESIAN_POINT('',(-1.039713188936E0,3.763682134244E-5,5.194827006785E0));
#870=CARTESIAN_POINT('',(-1.039713188936E0,-1.204749355078E-1,
5.215116982052E0));
#871=CARTESIAN_POINT('',(-9.977985936201E-1,-3.618887078780E-1,
5.255515931772E0));
#872=CARTESIAN_POINT('',(-8.137661058074E-1,-6.815203168556E-1,
5.316703546896E0));
#873=CARTESIAN_POINT('',(-5.303757009222E-1,-9.193018358959E-1,
5.377929888734E0));
#874=CARTESIAN_POINT('',(-1.848911897787E-1,-1.045178422654E0,
5.438949473202E0));
#875=CARTESIAN_POINT('',(1.856113125818E-1,-1.045049997954E0,5.500335471409E0));
#876=CARTESIAN_POINT('',(5.309454163943E-1,-9.189497740862E-1,
5.561466432908E0));
#877=CARTESIAN_POINT('',(8.140238737298E-1,-6.811752641557E-1,
5.622725587648E0));
#878=CARTESIAN_POINT('',(9.978871140508E-1,-3.616036920505E-1,
5.683762692368E0));
#879=CARTESIAN_POINT('',(1.039684197427E0,-1.204069271848E-1,5.724592155615E0));
#880=CARTESIAN_POINT('',(1.039684197427E0,1.978483420900E-6,5.744906623729E0));
#882=DIRECTION('',(4.022237446643E-5,-1.153249408995E-4,9.999999925412E-1));
#883=VECTOR('',#882,6.234332861274E-1);
#884=CARTESIAN_POINT('',(-1.039713188936E0,3.763682134244E-5,5.194827006785E0));
#885=LINE('',#884,#883);
#886=CARTESIAN_POINT('',(1.039708418216E0,5.408447250940E-5,5.268208841596E0));
#887=CARTESIAN_POINT('',(1.039708418216E0,-1.211052926726E-1,5.247819621150E0));
#888=CARTESIAN_POINT('',(9.972016797953E-1,-3.631435644390E-1,
5.207354330492E0));
#889=CARTESIAN_POINT('',(8.143527179713E-1,-6.803380063261E-1,
5.146464946862E0));
#890=CARTESIAN_POINT('',(5.323779408719E-1,-9.182936907728E-1,
5.085371006503E0));
#891=CARTESIAN_POINT('',(1.861728442895E-1,-1.044678255308E0,5.024243878318E0));
#892=CARTESIAN_POINT('',(-1.804663535917E-1,-1.045880389220E0,
4.963415095355E0));
#893=CARTESIAN_POINT('',(-5.284116078448E-1,-9.204002153407E-1,
4.902163099156E0));
#894=CARTESIAN_POINT('',(-8.102858952122E-1,-6.854947178173E-1,
4.841280004750E0));
#895=CARTESIAN_POINT('',(-9.970938723177E-1,-3.646119400950E-1,
4.779761736689E0));
#896=CARTESIAN_POINT('',(-1.039994711997E0,-1.215780893076E-1,
4.738861147440E0));
#897=CARTESIAN_POINT('',(-1.039994711997E0,7.993114360345E-6,4.718377272830E0));
#899=DIRECTION('',(-3.837463401614E-4,1.153662680501E-4,9.999999197147E-1));
#900=VECTOR('',#899,6.235710898269E-1);
#901=CARTESIAN_POINT('',(1.039947711340E0,-1.785459698789E-5,4.644637801833E0));
#902=LINE('',#901,#900);
#903=CARTESIAN_POINT('',(-1.039895373165E0,-2.149475878200E-5,
4.094715735941E0));
#904=CARTESIAN_POINT('',(-1.039895373165E0,-1.214250173373E-1,
4.115184316496E0));
#905=CARTESIAN_POINT('',(-9.970784654348E-1,-3.638777699041E-1,
4.155809087201E0));
#906=CARTESIAN_POINT('',(-8.125964767317E-1,-6.825243819963E-1,
4.216883103058E0));
#907=CARTESIAN_POINT('',(-5.309497525518E-1,-9.190483066797E-1,
4.277856485175E0));
#908=CARTESIAN_POINT('',(-1.838181660099E-1,-1.045157552681E0,
4.339191186923E0));
#909=CARTESIAN_POINT('',(1.822937809750E-1,-1.045457666026E0,4.399886219861E0));
#910=CARTESIAN_POINT('',(5.297733915491E-1,-9.196933864640E-1,
4.461188049301E0));
#911=CARTESIAN_POINT('',(8.115765320012E-1,-6.838235111185E-1,
4.522123903707E0));
#912=CARTESIAN_POINT('',(9.970056402938E-1,-3.643729730122E-1,
4.583314493898E0));
#913=CARTESIAN_POINT('',(1.039947711340E0,-1.215881358175E-1,4.624202330093E0));
#914=CARTESIAN_POINT('',(1.039947711340E0,-1.785459698789E-5,4.644637801833E0));
#916=DIRECTION('',(-1.592832414637E-4,4.728185240087E-5,9.999999861966E-1));
#917=VECTOR('',#916,6.236615454981E-1);
#918=CARTESIAN_POINT('',(-1.039895373165E0,-2.149475878200E-5,
4.094715735941E0));
#919=LINE('',#918,#917);
#920=CARTESIAN_POINT('',(1.039572467284E0,2.695940555747E-5,4.168207951376E0));
#921=CARTESIAN_POINT('',(1.039572467284E0,-1.203617636652E-1,4.147892375484E0));
#922=CARTESIAN_POINT('',(9.979123863433E-1,-3.614770875329E-1,
4.107670508396E0));
#923=CARTESIAN_POINT('',(8.145479462521E-1,-6.804588599734E-1,
4.046529693031E0));
#924=CARTESIAN_POINT('',(5.317191563870E-1,-9.184805434807E-1,
3.985275927109E0));
#925=CARTESIAN_POINT('',(1.866791515409E-1,-1.044930690390E0,3.924255403864E0));
#926=CARTESIAN_POINT('',(-1.851220883805E-1,-1.045270078140E0,
3.862686350898E0));
#927=CARTESIAN_POINT('',(-5.308223677059E-1,-9.190011498481E-1,
3.801641517142E0));
#928=CARTESIAN_POINT('',(-8.138019812726E-1,-6.814452492880E-1,
3.740376203840E0));
#929=CARTESIAN_POINT('',(-9.979281471523E-1,-3.616304184809E-1,
3.679400365870E0));
#930=CARTESIAN_POINT('',(-1.039614095040E0,-1.205017274749E-1,
3.638439453719E0));
#931=CARTESIAN_POINT('',(-1.039614095040E0,-6.353511262861E-5,
3.618169517598E0));
#933=DIRECTION('',(-1.741604027818E-4,1.215842343529E-4,9.999999774427E-1));
#934=VECTOR('',#933,6.233872184643E-1);
#935=CARTESIAN_POINT('',(1.039681036653E0,-4.883465210491E-5,3.544820746974E0));
#936=LINE('',#935,#934);
#937=CARTESIAN_POINT('',(-1.039732891670E0,4.690621927712E-5,2.994735182334E0));
#938=CARTESIAN_POINT('',(-1.039732891670E0,-1.205663412858E-1,
3.015034842939E0));
#939=CARTESIAN_POINT('',(-9.977820538543E-1,-3.622073271924E-1,
3.055511746186E0));
#940=CARTESIAN_POINT('',(-8.129956411286E-1,-6.824676982797E-1,
3.116893344683E0));
#941=CARTESIAN_POINT('',(-5.297485674232E-1,-9.196364391813E-1,
3.178133120616E0));
#942=CARTESIAN_POINT('',(-1.837983664189E-1,-1.045414516531E0,
3.239154703243E0));
#943=CARTESIAN_POINT('',(1.866022653269E-1,-1.044824867536E0,3.300597741045E0));
#944=CARTESIAN_POINT('',(5.316022491071E-1,-9.185992914495E-1,
3.361565928952E0));
#945=CARTESIAN_POINT('',(8.146871223041E-1,-6.803245048811E-1,
3.422863384248E0));
#946=CARTESIAN_POINT('',(9.978276170334E-1,-3.614709596670E-1,
3.483682740747E0));
#947=CARTESIAN_POINT('',(1.039681036653E0,-1.204558137362E-1,3.524549496315E0));
#948=CARTESIAN_POINT('',(1.039681036653E0,-4.883465210491E-5,3.544820746974E0));
#950=DIRECTION('',(1.905519455236E-4,-1.771498968227E-4,9.999999661539E-1));
#951=VECTOR('',#950,6.234343563646E-1);
#952=CARTESIAN_POINT('',(-1.039732891670E0,4.690621927712E-5,2.994735182334E0));
#953=LINE('',#952,#951);
#954=CARTESIAN_POINT('',(1.040002979294E0,-1.582118612493E-5,3.068379043065E0));
#955=CARTESIAN_POINT('',(1.040002979294E0,-1.214579648397E-1,3.047918840005E0));
#956=CARTESIAN_POINT('',(9.972182876871E-1,-3.643196418590E-1,
3.007042056171E0));
#957=CARTESIAN_POINT('',(8.102098994689E-1,-6.856812899730E-1,
2.945482504233E0));
#958=CARTESIAN_POINT('',(5.280286002804E-1,-9.206120368417E-1,
2.884541864489E0));
#959=CARTESIAN_POINT('',(1.800311270114E-1,-1.046017845551E0,2.823255622051E0));
#960=CARTESIAN_POINT('',(-1.872830183265E-1,-1.044475438243E0,
2.762257502475E0));
#961=CARTESIAN_POINT('',(-5.327777356236E-1,-9.180233652597E-1,
2.701262516380E0));
#962=CARTESIAN_POINT('',(-8.148492964069E-1,-6.797619552009E-1,
2.640070521918E0));
#963=CARTESIAN_POINT('',(-9.972916393183E-1,-3.627550683115E-1,
2.579466360444E0));
#964=CARTESIAN_POINT('',(-1.039663745222E0,-1.210306704532E-1,
2.538633697496E0));
#965=CARTESIAN_POINT('',(-1.039663745222E0,-1.070697897168E-5,
2.518226946361E0));
#967=DIRECTION('',(3.691911869170E-5,-5.734253450736E-5,9.999999976744E-1));
#968=VECTOR('',#967,6.237599607560E-1);
#969=CARTESIAN_POINT('',(1.039979950626E0,1.994679094903E-5,2.444619083759E0));
#970=LINE('',#969,#968);
#971=CARTESIAN_POINT('',(-1.039848312637E0,3.131286795433E-5,1.894714731360E0));
#972=CARTESIAN_POINT('',(-1.039848312637E0,-1.212337455448E-1,
1.915115807232E0));
#973=CARTESIAN_POINT('',(-9.971378068499E-1,-3.634435943083E-1,
1.955774509423E0));
#974=CARTESIAN_POINT('',(-8.135495387775E-1,-6.813397184130E-1,
2.016653534595E0));
#975=CARTESIAN_POINT('',(-5.317837624358E-1,-9.186113741698E-1,
2.077637663535E0));
#976=CARTESIAN_POINT('',(-1.850125488262E-1,-1.044920054183E0,
2.139031223824E0));
#977=CARTESIAN_POINT('',(1.812805712293E-1,-1.045672382881E0,2.199734313113E0));
#978=CARTESIAN_POINT('',(5.288905479730E-1,-9.201410917884E-1,
2.261009130501E0));
#979=CARTESIAN_POINT('',(8.107173688631E-1,-6.849248651915E-1,
2.321841751233E0));
#980=CARTESIAN_POINT('',(9.970388719230E-1,-3.646043900088E-1,
2.383321527688E0));
#981=CARTESIAN_POINT('',(1.039979950626E0,-1.215804446295E-1,2.424116352459E0));
#982=CARTESIAN_POINT('',(1.039979950626E0,1.994679094903E-5,2.444619083759E0));
#984=DIRECTION('',(2.960124948347E-4,-6.739217609323E-5,9.999999539174E-1));
#985=VECTOR('',#984,6.235122437342E-1);
#986=CARTESIAN_POINT('',(-1.039848312637E0,3.131286795433E-5,1.894714731360E0));
#987=LINE('',#986,#985);
#988=CARTESIAN_POINT('',(1.039700254642E0,4.640452272858E-5,1.968172769193E0));
#989=CARTESIAN_POINT('',(1.039700254642E0,-1.211716380488E-1,1.947783604746E0));
#990=CARTESIAN_POINT('',(9.971713808555E-1,-3.632887248149E-1,
1.907337319555E0));
#991=CARTESIAN_POINT('',(8.141743042654E-1,-6.805459641698E-1,
1.846440383913E0));
#992=CARTESIAN_POINT('',(5.322701798792E-1,-9.183350562022E-1,
1.785372679549E0));
#993=CARTESIAN_POINT('',(1.861200171152E-1,-1.044688794608E0,1.724291632488E0));
#994=CARTESIAN_POINT('',(-1.805712879384E-1,-1.045872542948E0,
1.663463754029E0));
#995=CARTESIAN_POINT('',(-5.286235392737E-1,-9.203025599540E-1,
1.602102666283E0));
#996=CARTESIAN_POINT('',(-8.105029265688E-1,-6.852221873304E-1,
1.541186091529E0));
#997=CARTESIAN_POINT('',(-9.971090231080E-1,-3.645029896855E-1,
1.479703724420E0));
#998=CARTESIAN_POINT('',(-1.039991691520E0,-1.215300633168E-1,
1.438832287580E0));
#999=CARTESIAN_POINT('',(-1.039991691520E0,1.610551495240E-5,1.418351092506E0));
#1001=DIRECTION('',(1.103849825479E-4,9.429282999591E-5,9.999999894620E-1));
#1002=VECTOR('',#1001,6.235442973165E-1);
#1003=CARTESIAN_POINT('',(1.039631424716E0,-1.239123369320E-5,
1.344628478447E0));
#1004=LINE('',#1003,#1002);
#1005=CARTESIAN_POINT('',(-1.039749615534E0,4.894917362645E-5,
7.151680476356E-1));
#1006=CARTESIAN_POINT('',(-1.039749615534E0,-1.209047126396E-1,
7.406108305555E-1));
#1007=CARTESIAN_POINT('',(-9.975863246840E-1,-3.630203081103E-1,
7.912421582296E-1));
#1008=CARTESIAN_POINT('',(-8.120140070594E-1,-6.836271382689E-1,
8.662476853996E-1));
#1009=CARTESIAN_POINT('',(-5.288252308104E-1,-9.201893086080E-1,
9.398363758905E-1));
#1010=CARTESIAN_POINT('',(-1.819051233064E-1,-1.045823632380E0,
1.011927722709E0));
#1011=CARTESIAN_POINT('',(1.884698472143E-1,-1.044444880270E0,
1.082617203508E0));
#1012=CARTESIAN_POINT('',(5.330574596299E-1,-9.177733116606E-1,
1.151126698973E0));
#1013=CARTESIAN_POINT('',(8.157074912709E-1,-6.789544368080E-1,
1.218237718667E0));
#1014=CARTESIAN_POINT('',(9.978537322128E-1,-3.611111478300E-1,
1.282635489145E0));
#1015=CARTESIAN_POINT('',(1.039631424716E0,-1.202990827145E-1,
1.324204269148E0));
#1016=CARTESIAN_POINT('',(1.039631424716E0,-1.239123369320E-5,
1.344628478447E0));
#1018=DIRECTION('',(-3.442574066141E-4,-4.670712260715E-5,9.999999396526E-1));
#1019=VECTOR('',#1018,7.031830873054E-1);
#1020=CARTESIAN_POINT('',(-1.039749615534E0,4.894917362645E-5,
7.151680476356E-1));
#1021=LINE('',#1020,#1019);
#1022=CARTESIAN_POINT('',(1.039564966629E0,5.503990378525E-5,
8.679834063754E-1));
#1023=CARTESIAN_POINT('',(1.039564966629E0,-1.205547174529E-1,
8.476670070882E-1));
#1024=CARTESIAN_POINT('',(9.977704451991E-1,-3.620837853308E-1,
8.078617433167E-1));
#1025=CARTESIAN_POINT('',(8.138714048090E-1,-6.813116978362E-1,
7.492526230536E-1));
#1026=CARTESIAN_POINT('',(5.306988694391E-1,-9.190861753187E-1,
6.926412305170E-1));
#1027=CARTESIAN_POINT('',(1.854273686965E-1,-1.045132462786E0,
6.381118187042E-1));
#1028=CARTESIAN_POINT('',(-1.859577218664E-1,-1.045074774968E0,
5.848797212606E-1));
#1029=CARTESIAN_POINT('',(-5.313546781165E-1,-9.186735041772E-1,
5.336592418337E-1));
#1030=CARTESIAN_POINT('',(-8.141533033822E-1,-6.810333578799E-1,
4.836570437656E-1));
#1031=CARTESIAN_POINT('',(-9.981062354975E-1,-3.610779839149E-1,
4.353015379032E-1));
#1032=CARTESIAN_POINT('',(-1.039642440267E0,-1.201946305609E-1,
4.038006256106E-1));
#1033=CARTESIAN_POINT('',(-1.039642440267E0,-1.175029189564E-5,
3.883080440999E-1));
#1035=DIRECTION('',(-6.512635985943E-4,8.239709459965E-5,9.999997845332E-1));
#1036=VECTOR('',#1035,6.679835503036E-1);
#1037=CARTESIAN_POINT('',(1.04E0,0.E0,2.E-1));
#1038=LINE('',#1037,#1036);
#1039=DIRECTION('',(1.898798797565E-3,-6.239919673413E-5,9.999981953331E-1));
#1040=VECTOR('',#1039,1.883083839338E-1);
#1041=CARTESIAN_POINT('',(-1.04E0,0.E0,2.E-1));
#1042=LINE('',#1041,#1040);
#1043=CARTESIAN_POINT('',(-1.039563445321E0,-3.008848185533E-5,
9.595190288404E0));
#1044=CARTESIAN_POINT('',(-1.039563445321E0,-1.091706114523E-1,
9.613514056957E0));
#1045=CARTESIAN_POINT('',(-1.005491436351E0,-3.271895747869E-1,
9.649619546140E0));
#1046=CARTESIAN_POINT('',(-8.554295464950E-1,-6.211858545773E-1,
9.703842406318E0));
#1047=CARTESIAN_POINT('',(-6.214588265266E-1,-8.552930557737E-1,
9.757409318689E0));
#1048=CARTESIAN_POINT('',(-4.258349928518E-1,-9.549723719996E-1,
9.792640340545E0));
#1049=CARTESIAN_POINT('',(-3.228968011451E-1,-9.885956088887E-1,
9.810139250011E0));
#1051=DIRECTION('',(-2.030949860937E-3,1.399783370114E-4,9.999979278222E-1));
#1052=VECTOR('',#1051,2.149509881155E-1);
#1053=CARTESIAN_POINT('',(-1.039563445321E0,-3.008848185533E-5,
9.595190288404E0));
#1054=LINE('',#1053,#1052);
#1055=CARTESIAN_POINT('',(0.E0,0.E0,1.053514083110E1));
#1056=DIRECTION('',(0.E0,0.E0,-1.E0));
#1057=DIRECTION('',(-9.991245049215E-1,4.183567455308E-2,0.E0));
#1058=AXIS2_PLACEMENT_3D('',#1055,#1056,#1057);
#1060=CARTESIAN_POINT('',(0.E0,0.E0,9.810140831103E0));
#1061=DIRECTION('',(0.E0,0.E0,1.E0));
#1062=DIRECTION('',(1.E0,0.E0,0.E0));
#1063=AXIS2_PLACEMENT_3D('',#1060,#1061,#1062);
#1065=CARTESIAN_POINT('',(0.E0,0.E0,9.810140831103E0));
#1066=DIRECTION('',(0.E0,0.E0,1.E0));
#1067=DIRECTION('',(9.991245049215E-1,-4.183567455311E-2,0.E0));
#1068=AXIS2_PLACEMENT_3D('',#1065,#1066,#1067);
#1070=CARTESIAN_POINT('',(1.039977586805E0,3.912220339531E-5,9.820850424537E0));
#1071=CARTESIAN_POINT('',(1.039986510277E0,-4.796369902718E-3,
9.819651174349E0));
#1072=CARTESIAN_POINT('',(1.039911288169E0,-1.452140528998E-2,
9.817355169077E0));
#1073=CARTESIAN_POINT('',(1.039616848030E0,-2.901302966036E-2,
9.813752285124E0));
#1074=CARTESIAN_POINT('',(1.039316518737E0,-3.866423599940E-2,
9.811288481687E0));
#1075=CARTESIAN_POINT('',(1.039114237598E0,-4.349513797298E-2,
9.810087163352E0));
#1077=CARTESIAN_POINT('',(-8.058434605138E-1,2.567162428865E-1,
1.053512121689E1));
#1078=CARTESIAN_POINT('',(-7.914068310833E-1,3.571976526219E-1,
1.050611711536E1));
#1079=CARTESIAN_POINT('',(-7.221962942558E-1,5.586673803382E-1,
1.044799516594E1));
#1080=CARTESIAN_POINT('',(-4.984278423620E-1,8.132660426793E-1,
1.035783438918E1));
#1081=CARTESIAN_POINT('',(-1.910417071664E-1,9.685323368846E-1,
1.026951022121E1));
#1082=CARTESIAN_POINT('',(1.675477811761E-1,1.000905069962E0,1.017855044144E1));
#1083=CARTESIAN_POINT('',(5.137663720479E-1,8.986409396814E-1,
1.008887486012E1));
#1084=CARTESIAN_POINT('',(8.037985304176E-1,6.750857383614E-1,
9.999641197762E0));
#1085=CARTESIAN_POINT('',(9.940457230607E-1,3.640421268531E-1,
9.910149338057E0));
#1086=CARTESIAN_POINT('',(1.039753502300E0,1.214670654763E-1,9.850965763488E0));
#1087=CARTESIAN_POINT('',(1.039977586805E0,3.912220339531E-5,9.820850424537E0));
#1089=CARTESIAN_POINT('',(1.039855868100E0,2.196130630574E-6,9.044738698560E0));
#1090=CARTESIAN_POINT('',(1.039855868100E0,1.208286107315E-1,9.065122033519E0));
#1091=CARTESIAN_POINT('',(9.976641193398E-1,3.628688246571E-1,
9.105719876841E0));
#1092=CARTESIAN_POINT('',(8.116044099454E-1,6.842109079509E-1,
9.167296525635E0));
#1093=CARTESIAN_POINT('',(5.283367631494E-1,9.204394620973E-1,
9.228394642579E0));
#1094=CARTESIAN_POINT('',(1.814766158904E-1,1.045842825147E0,9.289545397470E0));
#1095=CARTESIAN_POINT('',(-1.882244789126E-1,1.044457613803E0,
9.350858316628E0));
#1096=CARTESIAN_POINT('',(-5.330177640700E-1,9.178097941325E-1,
9.411685005070E0));
#1097=CARTESIAN_POINT('',(-8.154265987715E-1,6.791940054628E-1,
9.472981276579E0));
#1098=CARTESIAN_POINT('',(-9.976735727691E-1,3.617279828865E-1,
9.533616746151E0));
#1099=CARTESIAN_POINT('',(-1.039563445321E0,1.205657307448E-1,
9.574943272724E0));
#1100=CARTESIAN_POINT('',(-1.039563445321E0,-3.008848185533E-5,
9.595190288404E0));
#1102=CARTESIAN_POINT('',(-1.039726444770E0,-1.184754656319E-4,
9.121325528031E0));
#1103=CARTESIAN_POINT('',(-1.039726444770E0,1.203160860903E-1,
9.099628758019E0));
#1104=CARTESIAN_POINT('',(-9.978605677936E-1,3.618142899851E-1,
9.057399085879E0));
#1105=CARTESIAN_POINT('',(-8.136334932658E-1,6.817319808639E-1,
8.996292759698E0));
#1106=CARTESIAN_POINT('',(-5.300659109008E-1,9.194583837571E-1,
8.934915376155E0));
#1107=CARTESIAN_POINT('',(-1.848392167751E-1,1.045162373323E0,
8.874024413718E0));
#1108=CARTESIAN_POINT('',(1.856252282998E-1,1.045051426929E0,8.812576872259E0));
#1109=CARTESIAN_POINT('',(5.308254766163E-1,9.189622872063E-1,
8.751696222554E0));
#1110=CARTESIAN_POINT('',(8.137170805858E-1,6.815704426170E-1,
8.690450290082E0));
#1111=CARTESIAN_POINT('',(9.979213521377E-1,3.615783848848E-1,
8.629388760440E0));
#1112=CARTESIAN_POINT('',(1.039719913E0,1.204477036394E-1,8.588474384892E0));
#1113=CARTESIAN_POINT('',(1.039719913E0,4.188818892005E-5,8.568204769759E0));
#1115=CARTESIAN_POINT('',(1.039716339289E0,4.849435630706E-6,7.944905403617E0));
#1116=CARTESIAN_POINT('',(1.039716339289E0,1.212264327381E-1,7.965291544042E0));
#1117=CARTESIAN_POINT('',(9.971708786351E-1,3.632822295643E-1,
8.005749096387E0));
#1118=CARTESIAN_POINT('',(8.140667403137E-1,6.807206102926E-1,
8.066605099970E0));
#1119=CARTESIAN_POINT('',(5.321064276795E-1,9.183535353837E-1,
8.127727965011E0));
#1120=CARTESIAN_POINT('',(1.865630724264E-1,1.044625432800E0,8.188680228016E0));
#1121=CARTESIAN_POINT('',(-1.809112787857E-1,1.045881022687E0,
8.249544910595E0));
#1122=CARTESIAN_POINT('',(-5.290378429317E-1,9.201013162781E-1,
8.310914233690E0));
#1123=CARTESIAN_POINT('',(-8.111432603458E-1,6.845044137251E-1,
8.371876180373E0));
#1124=CARTESIAN_POINT('',(-9.972871978947E-1,3.638372057546E-1,
8.433511184049E0));
#1125=CARTESIAN_POINT('',(-1.039983903860E0,1.212772909036E-1,
8.474303297366E0));
#1126=CARTESIAN_POINT('',(-1.039983903860E0,1.476812566447E-6,
8.494725706323E0));
#1128=CARTESIAN_POINT('',(-1.039993832195E0,-3.974017834305E-7,
8.018351795299E0));
#1129=CARTESIAN_POINT('',(-1.039993832195E0,1.212046494764E-1,
7.997938875920E0));
#1130=CARTESIAN_POINT('',(-9.973377778715E-1,3.636564734858E-1,
7.957175448312E0));
#1131=CARTESIAN_POINT('',(-8.112890624865E-1,6.843205939730E-1,
7.895678998314E0));
#1132=CARTESIAN_POINT('',(-5.292816392704E-1,9.199760941380E-1,
7.834770181108E0));
#1133=CARTESIAN_POINT('',(-1.808653211394E-1,1.045948042582E0,
7.773353520829E0));
#1134=CARTESIAN_POINT('',(1.869598535526E-1,1.044540970364E0,7.712384445554E0));
#1135=CARTESIAN_POINT('',(5.320634623843E-1,9.183400661429E-1,
7.651459466243E0));
#1136=CARTESIAN_POINT('',(8.139897558269E-1,6.807732053971E-1,
7.590284766226E0));
#1137=CARTESIAN_POINT('',(9.971068930494E-1,3.635810733815E-1,
7.529684581340E0));
#1138=CARTESIAN_POINT('',(1.039577745094E0,1.214257902593E-1,7.488719289026E0));
#1139=CARTESIAN_POINT('',(1.039577745094E0,6.997051032022E-5,7.468218628528E0));
#1141=CARTESIAN_POINT('',(1.039921317494E0,-1.361807174986E-5,
6.844687258653E0));
#1142=CARTESIAN_POINT('',(1.039921317494E0,1.210436850114E-1,6.865062536704E0));
#1143=CARTESIAN_POINT('',(9.975181707576E-1,3.634196448172E-1,
6.905872508780E0));
#1144=CARTESIAN_POINT('',(8.109135546214E-1,6.849877672709E-1,
6.967454610646E0));
#1145=CARTESIAN_POINT('',(5.280298524457E-1,9.205962315239E-1,
7.028424435373E0));
#1146=CARTESIAN_POINT('',(1.808036090411E-1,1.045925610380E0,7.089592353578E0));
#1147=CARTESIAN_POINT('',(-1.879188424489E-1,1.044436074492E0,
7.150748233368E0));
#1148=CARTESIAN_POINT('',(-5.328467605849E-1,9.179426995633E-1,
7.211726701881E0));
#1149=CARTESIAN_POINT('',(-8.153112715423E-1,6.793260280200E-1,
7.273087123811E0));
#1150=CARTESIAN_POINT('',(-9.975275028328E-1,3.620002421007E-1,
7.333669471266E0));
#1151=CARTESIAN_POINT('',(-1.039669428044E0,1.207023268420E-1,
7.374507047814E0));
#1152=CARTESIAN_POINT('',(-1.039669428044E0,9.842152618287E-6,
7.394874286225E0));
#1154=CARTESIAN_POINT('',(-1.039605200781E0,-5.858800292774E-5,
6.918169394326E0));
#1155=CARTESIAN_POINT('',(-1.039605200781E0,1.213467631440E-1,
6.897727136979E0));
#1156=CARTESIAN_POINT('',(-9.971035631336E-1,3.637197243935E-1,
6.857218390578E0));
#1157=CARTESIAN_POINT('',(-8.137267290553E-1,6.810474670220E-1,
6.796296692920E0));
#1158=CARTESIAN_POINT('',(-5.320839770436E-1,9.183405535104E-1,
6.735276603384E0));
#1159=CARTESIAN_POINT('',(-1.865388327170E-1,1.044613641932E0,
6.674277967747E0));
#1160=CARTESIAN_POINT('',(1.807395637562E-1,1.045931823009E0,6.613420990053E0));
#1161=CARTESIAN_POINT('',(5.293723457136E-1,9.199667931395E-1,
6.551974958465E0));
#1162=CARTESIAN_POINT('',(8.113520827135E-1,6.842015425164E-1,
6.491061340050E0));
#1163=CARTESIAN_POINT('',(9.972449261013E-1,3.638453533566E-1,
6.429614852072E0));
#1164=CARTESIAN_POINT('',(1.040003705210E0,1.212947804073E-1,6.388810162266E0));
#1165=CARTESIAN_POINT('',(1.040003705210E0,-1.379004055457E-6,
6.368378581309E0));
#1167=CARTESIAN_POINT('',(1.039684197427E0,1.978483420900E-6,5.744906623729E0));
#1168=CARTESIAN_POINT('',(1.039684197427E0,1.209465784501E-1,5.765311470081E0));
#1169=CARTESIAN_POINT('',(9.973390403641E-1,3.626343378844E-1,
5.805572134311E0));
#1170=CARTESIAN_POINT('',(8.148106819448E-1,6.798758366359E-1,
5.866350175777E0));
#1171=CARTESIAN_POINT('',(5.324750504208E-1,9.181791515941E-1,
5.927570042171E0));
#1172=CARTESIAN_POINT('',(1.871514047654E-1,1.044539999919E0,5.988587614275E0));
#1173=CARTESIAN_POINT('',(-1.808630356846E-1,1.045901576535E0,
6.049618549560E0));
#1174=CARTESIAN_POINT('',(-5.285419616046E-1,9.203258639340E-1,
6.110828202131E0));
#1175=CARTESIAN_POINT('',(-8.108918796835E-1,6.848965741125E-1,
6.171905186981E0));
#1176=CARTESIAN_POINT('',(-9.974058563734E-1,3.636836757888E-1,
6.233442801423E0));
#1177=CARTESIAN_POINT('',(-1.039940414123E0,1.211938498330E-1,
6.274344746556E0));
#1178=CARTESIAN_POINT('',(-1.039940414123E0,-1.334176562699E-6,
6.294711275323E0));
#1180=CARTESIAN_POINT('',(-1.039688112969E0,-3.426058553498E-5,
5.818260288262E0));
#1181=CARTESIAN_POINT('',(-1.039688112969E0,1.203826374830E-1,
5.797938143832E0));
#1182=CARTESIAN_POINT('',(-9.978707093716E-1,3.616563090503E-1,
5.757633862057E0));
#1183=CARTESIAN_POINT('',(-8.140036159556E-1,6.812255146503E-1,
5.696396177266E0));
#1184=CARTESIAN_POINT('',(-5.307190963074E-1,9.190829023908E-1,
5.634998871756E0));
#1185=CARTESIAN_POINT('',(-1.855274554427E-1,1.045050734478E0,
5.574096694018E0));
#1186=CARTESIAN_POINT('',(1.850681765266E-1,1.045173173244E0,5.512637438602E0));
#1187=CARTESIAN_POINT('',(5.305330907011E-1,9.191545311611E-1,
5.451720754172E0));
#1188=CARTESIAN_POINT('',(8.136062358023E-1,6.817413495830E-1,
5.390456170321E0));
#1189=CARTESIAN_POINT('',(9.979579602142E-1,3.615370659534E-1,
5.329368063614E0));
#1190=CARTESIAN_POINT('',(1.039708418216E0,1.204301005796E-1,5.288466234682E0));
#1191=CARTESIAN_POINT('',(1.039708418216E0,5.408447250940E-5,5.268208841596E0));
#1193=CARTESIAN_POINT('',(1.039947711340E0,-1.785459698789E-5,
4.644637801833E0));
#1194=CARTESIAN_POINT('',(1.039947711340E0,1.212167255711E-1,4.665016843586E0));
#1195=CARTESIAN_POINT('',(9.973809887978E-1,3.638232674459E-1,
4.705826551570E0));
#1196=CARTESIAN_POINT('',(8.106721443213E-1,6.851839787145E-1,
4.767464025438E0));
#1197=CARTESIAN_POINT('',(5.282100247824E-1,9.205010338092E-1,
4.828413451659E0));
#1198=CARTESIAN_POINT('',(1.806440433131E-1,1.045926862413E0,4.889649397462E0));
#1199=CARTESIAN_POINT('',(-1.873307388970E-1,1.044503778990E0,
4.950584670956E0));
#1200=CARTESIAN_POINT('',(-5.325920768372E-1,9.181099758644E-1,
5.011720933125E0));
#1201=CARTESIAN_POINT('',(-8.149293827065E-1,6.797441097192E-1,
5.073007917977E0));
#1202=CARTESIAN_POINT('',(-9.973506305544E-1,3.625079149924E-1,
5.133545030792E0));
#1203=CARTESIAN_POINT('',(-1.039713188936E0,1.209572255285E-1,
5.174468504624E0));
#1204=CARTESIAN_POINT('',(-1.039713188936E0,3.763682134244E-5,
5.194827006785E0));
#1206=CARTESIAN_POINT('',(-1.039994711997E0,7.993114360345E-6,
4.718377272830E0));
#1207=CARTESIAN_POINT('',(-1.039994711997E0,1.212094754207E-1,
4.697958192647E0));
#1208=CARTESIAN_POINT('',(-9.973433895951E-1,3.636528734937E-1,
4.657196898456E0));
#1209=CARTESIAN_POINT('',(-8.112474326648E-1,6.843826001052E-1,
4.595720615485E0));
#1210=CARTESIAN_POINT('',(-5.292059067443E-1,9.200124828016E-1,
4.534832074994E0));
#1211=CARTESIAN_POINT('',(-1.808397543272E-1,1.045953180519E0,
4.473322339330E0));
#1212=CARTESIAN_POINT('',(1.870379248860E-1,1.044528413290E0,4.412330783435E0));
#1213=CARTESIAN_POINT('',(5.321151039399E-1,9.183154536422E-1,
4.351417103279E0));
#1214=CARTESIAN_POINT('',(8.140762623917E-1,6.806690712402E-1,
4.290232334603E0));
#1215=CARTESIAN_POINT('',(9.971280822142E-1,3.635217254256E-1,
4.229655617305E0));
#1216=CARTESIAN_POINT('',(1.039572467284E0,1.213540561643E-1,4.188681877664E0));
#1217=CARTESIAN_POINT('',(1.039572467284E0,2.695940555747E-5,4.168207951376E0));
#1219=CARTESIAN_POINT('',(1.039681036653E0,-4.883465210491E-5,
3.544820746974E0));
#1220=CARTESIAN_POINT('',(1.039681036653E0,1.207113664299E-1,3.565151464715E0));
#1221=CARTESIAN_POINT('',(9.974792408809E-1,3.621912856505E-1,
3.605538036762E0));
#1222=CARTESIAN_POINT('',(8.151313596096E-1,6.795574594434E-1,
3.666264201714E0));
#1223=CARTESIAN_POINT('',(5.324956237693E-1,9.181669831587E-1,
3.727545133750E0));
#1224=CARTESIAN_POINT('',(1.874009343298E-1,1.044528363337E0,3.788447229734E0));
#1225=CARTESIAN_POINT('',(-1.812448610299E-1,1.045846179715E0,
3.849782219657E0));
#1226=CARTESIAN_POINT('',(-5.284473943335E-1,9.203540534889E-1,
3.910950926335E0));
#1227=CARTESIAN_POINT('',(-8.111110415763E-1,6.847113920615E-1,
3.971958069373E0));
#1228=CARTESIAN_POINT('',(-9.975624347370E-1,3.632832779187E-1,
4.033555591137E0));
#1229=CARTESIAN_POINT('',(-1.039895373165E0,1.209730942924E-1,
4.074316101398E0));
#1230=CARTESIAN_POINT('',(-1.039895373165E0,-2.149475878200E-5,
4.094715735941E0));
#1232=CARTESIAN_POINT('',(-1.039614095040E0,-6.353511262861E-5,
3.618169517598E0));
#1233=CARTESIAN_POINT('',(-1.039614095040E0,1.213353288497E-1,
3.597737898945E0));
#1234=CARTESIAN_POINT('',(-9.971062560398E-1,3.637100669010E-1,
3.557243205597E0));
#1235=CARTESIAN_POINT('',(-8.137188820437E-1,6.810574689976E-1,
3.496341819658E0));
#1236=CARTESIAN_POINT('',(-5.320698993589E-1,9.183612800444E-1,
3.435323010490E0));
#1237=CARTESIAN_POINT('',(-1.863999520172E-1,1.044638384518E0,
3.374336582297E0));
#1238=CARTESIAN_POINT('',(1.807434722775E-1,1.045914565372E0,3.313417278316E0));
#1239=CARTESIAN_POINT('',(5.293081287730E-1,9.199954275419E-1,
3.251955917887E0));
#1240=CARTESIAN_POINT('',(8.112650630153E-1,6.842996627418E-1,
3.191053429955E0));
#1241=CARTESIAN_POINT('',(9.972219062205E-1,3.639408523884E-1,
3.129613532745E0));
#1242=CARTESIAN_POINT('',(1.040002979294E0,1.213145750927E-1,3.088820419267E0));
#1243=CARTESIAN_POINT('',(1.040002979294E0,-1.582118612493E-5,
3.068379043065E0));
#1245=CARTESIAN_POINT('',(1.039979950626E0,1.994679094903E-5,2.444619083759E0));
#1246=CARTESIAN_POINT('',(1.039979950626E0,1.213111753701E-1,2.465069687904E0));
#1247=CARTESIAN_POINT('',(9.972867285287E-1,3.638903358257E-1,
2.505788983338E0));
#1248=CARTESIAN_POINT('',(8.109959009954E-1,6.846919843206E-1,
2.567313951991E0));
#1249=CARTESIAN_POINT('',(5.289277576561E-1,9.201280971299E-1,
2.628242458954E0));
#1250=CARTESIAN_POINT('',(1.810758238979E-1,1.045829386480E0,2.689742045121E0));
#1251=CARTESIAN_POINT('',(-1.863155462869E-1,1.044667181304E0,
2.750599761452E0));
#1252=CARTESIAN_POINT('',(-5.319361423962E-1,9.184747400255E-1,
2.811614893281E0));
#1253=CARTESIAN_POINT('',(-8.140942224623E-1,6.807162586504E-1,
2.872793821967E0));
#1254=CARTESIAN_POINT('',(-9.971535157763E-1,3.632713073335E-1,
2.933394226854E0));
#1255=CARTESIAN_POINT('',(-1.039732891670E0,1.212703147035E-1,
2.974332829355E0));
#1256=CARTESIAN_POINT('',(-1.039732891670E0,4.690621927712E-5,
2.994735182334E0));
#1258=CARTESIAN_POINT('',(-1.039663745222E0,-1.070697897168E-5,
2.518226946361E0));
#1259=CARTESIAN_POINT('',(-1.039663745222E0,1.203990495509E-1,
2.497923090161E0));
#1260=CARTESIAN_POINT('',(-9.978782741425E-1,3.615956772439E-1,
2.457627733838E0));
#1261=CARTESIAN_POINT('',(-8.141542397082E-1,6.810255550179E-1,
2.396434818071E0));
#1262=CARTESIAN_POINT('',(-5.309355342801E-1,9.189559418827E-1,
2.335090934543E0));
#1263=CARTESIAN_POINT('',(-1.858046660003E-1,1.045010708499E0,
2.274154581857E0));
#1264=CARTESIAN_POINT('',(1.849810844466E-1,1.045210036337E0,2.212704372585E0));
#1265=CARTESIAN_POINT('',(5.305251279682E-1,9.191589637507E-1,
2.151728274152E0));
#1266=CARTESIAN_POINT('',(8.135700067935E-1,6.817763726596E-1,
2.090438390817E0));
#1267=CARTESIAN_POINT('',(9.979476024468E-1,3.615873467354E-1,
2.029358487552E0));
#1268=CARTESIAN_POINT('',(1.039700254642E0,1.204451416758E-1,1.988424124510E0));
#1269=CARTESIAN_POINT('',(1.039700254642E0,4.640452272858E-5,1.968172769193E0));
#1271=CARTESIAN_POINT('',(1.039631424716E0,-1.239123369320E-5,
1.344628478447E0));
#1272=CARTESIAN_POINT('',(1.039631424716E0,1.206231181614E-1,1.365111915662E0));
#1273=CARTESIAN_POINT('',(9.975976056443E-1,3.619666779269E-1,
1.405369495841E0));
#1274=CARTESIAN_POINT('',(8.150757910915E-1,6.796922580210E-1,
1.466336102190E0));
#1275=CARTESIAN_POINT('',(5.322376974861E-1,9.182858530981E-1,
1.527717049513E0));
#1276=CARTESIAN_POINT('',(1.873029532440E-1,1.044605885338E0,1.588621700092E0));
#1277=CARTESIAN_POINT('',(-1.821917917340E-1,1.045703198972E0,
1.649906290592E0));
#1278=CARTESIAN_POINT('',(-5.288935008947E-1,9.200958053621E-1,
1.711000471633E0));
#1279=CARTESIAN_POINT('',(-8.118272479209E-1,6.839072122440E-1,
1.772073252355E0));
#1280=CARTESIAN_POINT('',(-9.977264398259E-1,3.626335363105E-1,
1.833500532163E0));
#1281=CARTESIAN_POINT('',(-1.039848312637E0,1.207934464523E-1,
1.874398265248E0));
#1282=CARTESIAN_POINT('',(-1.039848312637E0,3.131286795433E-5,
1.894714731360E0));
#1284=CARTESIAN_POINT('',(-1.039991691520E0,1.610551495240E-5,
1.418351092506E0));
#1285=CARTESIAN_POINT('',(-1.039991691520E0,1.212686856899E-1,
1.397919368728E0));
#1286=CARTESIAN_POINT('',(-9.973210997841E-1,3.638023156041E-1,
1.357149624085E0));
#1287=CARTESIAN_POINT('',(-8.109834844249E-1,6.847200734211E-1,
1.295640006338E0));
#1288=CARTESIAN_POINT('',(-5.288740259139E-1,9.201856110896E-1,
1.234748961204E0));
#1289=CARTESIAN_POINT('',(-1.805830796834E-1,1.045984754308E0,
1.173331360911E0));
#1290=CARTESIAN_POINT('',(1.872141897376E-1,1.044494785358E0,1.112306863148E0));
#1291=CARTESIAN_POINT('',(5.323342176148E-1,9.182069141073E-1,
1.051354539490E0));
#1292=CARTESIAN_POINT('',(8.143410481547E-1,6.803728632359E-1,
9.901250698861E-1));
#1293=CARTESIAN_POINT('',(9.972260780794E-1,3.631698475160E-1,
9.297202204083E-1));
#1294=CARTESIAN_POINT('',(1.039564966629E0,1.212799598507E-1,
8.884034281976E-1));
#1295=CARTESIAN_POINT('',(1.039564966629E0,5.503990378525E-5,
8.679834063754E-1));
#1297=CARTESIAN_POINT('',(6.751396632177E-1,7.910712396589E-1,
2.000000711797E-1));
#1298=CARTESIAN_POINT('',(5.892829822587E-1,8.643459392431E-1,
2.250256797887E-1));
#1299=CARTESIAN_POINT('',(3.936121706595E-1,9.827238752249E-1,
2.751223629159E-1));
#1300=CARTESIAN_POINT('',(5.777330571610E-2,1.056896709254E0,
3.499633404080E-1));
#1301=CARTESIAN_POINT('',(-2.819516037691E-1,1.020268702198E0,
4.240024217907E-1));
#1302=CARTESIAN_POINT('',(-5.945593823465E-1,8.759067511368E-1,
4.982063159549E-1));
#1303=CARTESIAN_POINT('',(-8.429579741607E-1,6.399749679042E-1,
5.713291435606E-1));
#1304=CARTESIAN_POINT('',(-1.003098598102E0,3.380203952067E-1,
6.434303942685E-1));
#1305=CARTESIAN_POINT('',(-1.039749615534E0,1.127882522769E-1,
6.914531673053E-1));
#1306=CARTESIAN_POINT('',(-1.039749615534E0,4.894917362645E-5,
7.151680476356E-1));
#1308=CARTESIAN_POINT('',(-1.039642440267E0,-1.175029189564E-5,
3.883080440999E-1));
#1309=CARTESIAN_POINT('',(-1.039642440267E0,1.285906014004E-1,
3.717301220897E-1));
#1310=CARTESIAN_POINT('',(-9.917966134262E-1,3.853642646661E-1,
3.396350739513E-1));
#1311=CARTESIAN_POINT('',(-7.862977563125E-1,7.165540358808E-1,
2.920630080132E-1));
#1312=CARTESIAN_POINT('',(-4.744922145078E-1,9.522099723696E-1,
2.455189590372E-1));
#1313=CARTESIAN_POINT('',(-2.249362624686E-1,1.023350943153E0,
2.150404862967E-1));
#1314=CARTESIAN_POINT('',(-9.803737000466E-2,1.035364952312E0,
1.999996418683E-1));
#1316=CARTESIAN_POINT('',(0.E0,0.E0,2.E-1));
#1317=DIRECTION('',(0.E0,0.E0,-1.E0));
#1318=DIRECTION('',(1.E0,0.E0,0.E0));
#1319=AXIS2_PLACEMENT_3D('',#1316,#1317,#1318);
#1321=CARTESIAN_POINT('',(1.24E0,0.E0,2.E-1));
#1322=DIRECTION('',(0.E0,-1.E0,0.E0));
#1323=DIRECTION('',(-1.E0,0.E0,0.E0));
#1324=AXIS2_PLACEMENT_3D('',#1321,#1322,#1323);
#1326=CARTESIAN_POINT('',(-1.24E0,0.E0,2.E-1));
#1327=DIRECTION('',(0.E0,1.E0,0.E0));
#1328=DIRECTION('',(1.E0,0.E0,0.E0));
#1329=AXIS2_PLACEMENT_3D('',#1326,#1327,#1328);
#1331=CARTESIAN_POINT('',(3.733123661815E-1,-1.835484099544E-1,
1.133249688378E1));
#1332=CARTESIAN_POINT('',(3.722766932009E-1,-2.588894478789E-1,
1.128952821811E1));
#1333=CARTESIAN_POINT('',(3.333162450066E-1,-3.941147597515E-1,
1.121970789192E1));
#1334=CARTESIAN_POINT('',(1.808812510546E-1,-5.537604746112E-1,
1.112302716294E1));
#1335=CARTESIAN_POINT('',(-6.221613985454E-2,-6.738592064703E-1,
1.101560557724E1));
#1336=CARTESIAN_POINT('',(-3.068330602094E-1,-6.621261299606E-1,
1.093503906250E1));
#1337=CARTESIAN_POINT('',(-4.597385250482E-1,-5.922232358616E-1,
1.088132812500E1));
#1339=DIRECTION('',(2.846265487199E-1,8.179198462974E-1,-4.999948527701E-1));
#1340=VECTOR('',#1339,9.408047487594E-2);
#1341=CARTESIAN_POINT('',(-4.597385250482E-1,-5.922232358616E-1,
1.088132812500E1));
#1342=LINE('',#1341,#1340);
#1343=CARTESIAN_POINT('',(3.475394262359E-1,-1.856170706966E-1,
1.131756901509E1));
#1344=CARTESIAN_POINT('',(3.437195339048E-1,-1.859236737198E-1,
1.132315486536E1));
#1345=CARTESIAN_POINT('',(3.360536237882E-1,-1.865389767216E-1,
1.133430831892E1));
#1346=CARTESIAN_POINT('',(3.244682281879E-1,-1.874688765744E-1,
1.135097862163E1));
#1347=CARTESIAN_POINT('',(3.166813477155E-1,-1.880938892416E-1,
1.136204743841E1));
#1348=CARTESIAN_POINT('',(3.127703360810E-1,-1.884078059406E-1,
1.136756948728E1));
#1350=DIRECTION('',(-8.632491511055E-1,-6.928854967418E-2,-4.999999999997E-1));
#1351=VECTOR('',#1350,2.985573737624E-2);
#1352=CARTESIAN_POINT('',(3.733123661815E-1,-1.835484099544E-1,
1.133249688378E1));
#1353=LINE('',#1352,#1351);
#1354=DIRECTION('',(8.632107933184E-1,6.928547089266E-2,-5.000666453803E-1));
#1355=VECTOR('',#1354,7.013585855178E-2);
#1356=CARTESIAN_POINT('',(3.127703360810E-1,-1.884078059406E-1,
1.136756948728E1));
#1357=LINE('',#1356,#1355);
#1358=CARTESIAN_POINT('',(0.E0,0.E0,-1.622048961922E-2));
#1359=DIRECTION('',(0.E0,0.E0,1.E0));
#1360=DIRECTION('',(1.E0,0.E0,0.E0));
#1361=AXIS2_PLACEMENT_3D('',#1358,#1359,#1360);
#1363=CARTESIAN_POINT('',(3.733123661815E-1,-1.835484099544E-1,
1.133249688378E1));
#1364=CARTESIAN_POINT('',(3.475394262359E-1,-1.856170706966E-1,
1.131756901509E1));
#1365=VERTEX_POINT('',#1363);
#1366=VERTEX_POINT('',#1364);
#1367=CARTESIAN_POINT('',(3.127703360810E-1,-1.884078059406E-1,
1.136756948728E1));
#1368=VERTEX_POINT('',#1367);
#1369=VERTEX_POINT('',#246);
#1370=VERTEX_POINT('',#251);
#1371=CARTESIAN_POINT('',(4.896866036926E-1,1.476713568058E-1,-9.6E-1));
#1372=VERTEX_POINT('',#1371);
#1373=CARTESIAN_POINT('',(5.524271672622E-1,3.407669564172E-1,
-2.355427575252E0));
#1374=VERTEX_POINT('',#1373);
#1375=CARTESIAN_POINT('',(2.823301877907E-1,2.823301877907E-1,-9.6E-1));
#1376=VERTEX_POINT('',#1375);
#1377=CARTESIAN_POINT('',(4.247547357185E-1,4.247547357185E-1,
-2.361850538764E0));
#1378=VERTEX_POINT('',#1377);
#1379=CARTESIAN_POINT('',(1.476713568058E-1,4.896866036926E-1,-9.6E-1));
#1380=VERTEX_POINT('',#1379);
#1381=CARTESIAN_POINT('',(3.407669564172E-1,5.524271672622E-1,
-2.355427575252E0));
#1382=VERTEX_POINT('',#1381);
#1383=CARTESIAN_POINT('',(1.057369155195E-1,1.289843409802E0,-9.6E-1));
#1384=VERTEX_POINT('',#1383);
#1385=VERTEX_POINT('',#205);
#1386=CARTESIAN_POINT('',(-1.057369155195E-1,1.289843409802E0,-9.6E-1));
#1387=VERTEX_POINT('',#1386);
#1388=VERTEX_POINT('',#193);
#1389=CARTESIAN_POINT('',(-1.476713568058E-1,4.896866036926E-1,-9.6E-1));
#1390=VERTEX_POINT('',#1389);
#1391=CARTESIAN_POINT('',(-3.407669564172E-1,5.524271672622E-1,
-2.355427575252E0));
#1392=VERTEX_POINT('',#1391);
#1393=CARTESIAN_POINT('',(-2.823301877907E-1,2.823301877907E-1,-9.6E-1));
#1394=VERTEX_POINT('',#1393);
#1395=CARTESIAN_POINT('',(-4.247547357185E-1,4.247547357185E-1,
-2.361850538764E0));
#1396=VERTEX_POINT('',#1395);
#1397=CARTESIAN_POINT('',(-4.896866036925E-1,1.476713568058E-1,-9.6E-1));
#1398=VERTEX_POINT('',#1397);
#1399=CARTESIAN_POINT('',(-5.524271672622E-1,3.407669564172E-1,
-2.355427575252E0));
#1400=VERTEX_POINT('',#1399);
#1401=CARTESIAN_POINT('',(-1.289843409802E0,1.057369155195E-1,-9.6E-1));
#1402=VERTEX_POINT('',#1401);
#1403=VERTEX_POINT('',#145);
#1404=CARTESIAN_POINT('',(-1.297621198029E0,0.E0,-9.6E-1));
#1405=VERTEX_POINT('',#1404);
#1406=CARTESIAN_POINT('',(-1.289843409802E0,-1.057369155195E-1,-9.6E-1));
#1407=VERTEX_POINT('',#1406);
#1408=VERTEX_POINT('',#133);
#1409=CARTESIAN_POINT('',(-4.896866036925E-1,-1.476713568058E-1,-9.6E-1));
#1410=VERTEX_POINT('',#1409);
#1411=CARTESIAN_POINT('',(-5.524271672622E-1,-3.407669564172E-1,
-2.355427575252E0));
#1412=VERTEX_POINT('',#1411);
#1413=CARTESIAN_POINT('',(-2.823301877907E-1,-2.823301877907E-1,-9.6E-1));
#1414=VERTEX_POINT('',#1413);
#1415=CARTESIAN_POINT('',(-4.247547357185E-1,-4.247547357185E-1,
-2.361850538764E0));
#1416=VERTEX_POINT('',#1415);
#1417=CARTESIAN_POINT('',(-1.476713568058E-1,-4.896866036926E-1,-9.6E-1));
#1418=VERTEX_POINT('',#1417);
#1419=CARTESIAN_POINT('',(-3.407669564172E-1,-5.524271672622E-1,
-2.355427575252E0));
#1420=VERTEX_POINT('',#1419);
#1421=CARTESIAN_POINT('',(-1.057369155195E-1,-1.289843409802E0,-9.6E-1));
#1422=VERTEX_POINT('',#1421);
#1423=VERTEX_POINT('',#92);
#1424=CARTESIAN_POINT('',(1.057369155195E-1,-1.289843409802E0,-9.6E-1));
#1425=VERTEX_POINT('',#1424);
#1426=VERTEX_POINT('',#80);
#1427=CARTESIAN_POINT('',(1.476713568058E-1,-4.896866036926E-1,-9.6E-1));
#1428=VERTEX_POINT('',#1427);
#1429=CARTESIAN_POINT('',(3.407669564172E-1,-5.524271672622E-1,
-2.355427575252E0));
#1430=VERTEX_POINT('',#1429);
#1431=CARTESIAN_POINT('',(2.823301877907E-1,-2.823301877907E-1,-9.6E-1));
#1432=VERTEX_POINT('',#1431);
#1433=CARTESIAN_POINT('',(4.247547357185E-1,-4.247547357185E-1,
-2.361850538764E0));
#1434=VERTEX_POINT('',#1433);
#1435=CARTESIAN_POINT('',(4.896866036926E-1,-1.476713568058E-1,-9.6E-1));
#1436=VERTEX_POINT('',#1435);
#1437=CARTESIAN_POINT('',(5.524271672622E-1,-3.407669564172E-1,
-2.355427575252E0));
#1438=VERTEX_POINT('',#1437);
#1439=CARTESIAN_POINT('',(1.289843409802E0,-1.057369155195E-1,-9.6E-1));
#1440=VERTEX_POINT('',#1439);
#1441=VERTEX_POINT('',#32);
#1442=CARTESIAN_POINT('',(-1.467217186461E0,0.E0,-2.167629222564E0));
#1443=CARTESIAN_POINT('',(-2.041188551701E0,0.E0,-1.938876529029E0));
#1444=VERTEX_POINT('',#1442);
#1445=VERTEX_POINT('',#1443);
#1446=CARTESIAN_POINT('',(1.467217186461E0,0.E0,-2.167629222564E0));
#1447=CARTESIAN_POINT('',(2.041188551701E0,0.E0,-1.938876529029E0));
#1448=VERTEX_POINT('',#1446);
#1449=VERTEX_POINT('',#1447);
#1450=CARTESIAN_POINT('',(0.E0,0.E0,1.2E1));
#1451=CARTESIAN_POINT('',(8.457368354874E-1,0.E0,1.053514083110E1));
#1452=VERTEX_POINT('',#1450);
#1453=VERTEX_POINT('',#1451);
#1454=CARTESIAN_POINT('',(-6.927801030422E-1,8.107976508493E-5,
1.079993311678E1));
#1455=VERTEX_POINT('',#1454);
#1456=CARTESIAN_POINT('',(-8.017506358210E-1,3.035170804158E-5,
1.061127444676E1));
#1457=CARTESIAN_POINT('',(-8.457368354875E-1,0.E0,1.053514083110E1));
#1458=VERTEX_POINT('',#1456);
#1459=VERTEX_POINT('',#1457);
#1460=VERTEX_POINT('',#686);
#1461=VERTEX_POINT('',#698);
#1462=CARTESIAN_POINT('',(-8.449963970503E-1,3.538197100700E-2,
1.053514083110E1));
#1463=CARTESIAN_POINT('',(-1.039089485118E0,4.350910153520E-2,
9.810140831103E0));
#1464=VERTEX_POINT('',#1462);
#1465=VERTEX_POINT('',#1463);
#1466=VERTEX_POINT('',#1070);
#1467=VERTEX_POINT('',#1075);
#1468=VERTEX_POINT('',#710);
#1469=VERTEX_POINT('',#720);
#1470=CARTESIAN_POINT('',(-1.039563445321E0,-3.008848185533E-5,
9.595190288404E0));
#1471=CARTESIAN_POINT('',(-1.04E0,0.E0,9.810140831103E0));
#1472=VERTEX_POINT('',#1470);
#1473=VERTEX_POINT('',#1471);
#1474=CARTESIAN_POINT('',(1.039855868100E0,2.196130630574E-6,9.044738698560E0));
#1475=CARTESIAN_POINT('',(1.04E0,0.E0,9.810140831103E0));
#1476=VERTEX_POINT('',#1474);
#1477=VERTEX_POINT('',#1475);
#1478=CARTESIAN_POINT('',(-1.039983903860E0,1.476812566447E-6,
8.494725706323E0));
#1479=CARTESIAN_POINT('',(-1.039726444770E0,-1.184754656319E-4,
9.121325528031E0));
#1480=VERTEX_POINT('',#1478);
#1481=VERTEX_POINT('',#1479);
#1482=CARTESIAN_POINT('',(1.039716339289E0,4.849435630706E-6,7.944905403617E0));
#1483=CARTESIAN_POINT('',(1.039719913E0,4.188818892005E-5,8.568204769759E0));
#1484=VERTEX_POINT('',#1482);
#1485=VERTEX_POINT('',#1483);
#1486=CARTESIAN_POINT('',(-1.039669428044E0,9.842152618287E-6,
7.394874286225E0));
#1487=CARTESIAN_POINT('',(-1.039993832195E0,-3.974017834305E-7,
8.018351795299E0));
#1488=VERTEX_POINT('',#1486);
#1489=VERTEX_POINT('',#1487);
#1490=CARTESIAN_POINT('',(1.039921317494E0,-1.361807174986E-5,
6.844687258653E0));
#1491=CARTESIAN_POINT('',(1.039577745094E0,6.997051032022E-5,7.468218628528E0));
#1492=VERTEX_POINT('',#1490);
#1493=VERTEX_POINT('',#1491);
#1494=CARTESIAN_POINT('',(-1.039940414123E0,-1.334176562699E-6,
6.294711275323E0));
#1495=CARTESIAN_POINT('',(-1.039605200781E0,-5.858800292774E-5,
6.918169394326E0));
#1496=VERTEX_POINT('',#1494);
#1497=VERTEX_POINT('',#1495);
#1498=CARTESIAN_POINT('',(1.039684197427E0,1.978483420900E-6,5.744906623729E0));
#1499=CARTESIAN_POINT('',(1.040003705210E0,-1.379004055457E-6,
6.368378581309E0));
#1500=VERTEX_POINT('',#1498);
#1501=VERTEX_POINT('',#1499);
#1502=CARTESIAN_POINT('',(-1.039713188936E0,3.763682134244E-5,
5.194827006785E0));
#1503=CARTESIAN_POINT('',(-1.039688112969E0,-3.426058553498E-5,
5.818260288262E0));
#1504=VERTEX_POINT('',#1502);
#1505=VERTEX_POINT('',#1503);
#1506=CARTESIAN_POINT('',(1.039947711340E0,-1.785459698789E-5,
4.644637801833E0));
#1507=CARTESIAN_POINT('',(1.039708418216E0,5.408447250940E-5,5.268208841596E0));
#1508=VERTEX_POINT('',#1506);
#1509=VERTEX_POINT('',#1507);
#1510=CARTESIAN_POINT('',(-1.039895373165E0,-2.149475878200E-5,
4.094715735941E0));
#1511=CARTESIAN_POINT('',(-1.039994711997E0,7.993114360345E-6,
4.718377272830E0));
#1512=VERTEX_POINT('',#1510);
#1513=VERTEX_POINT('',#1511);
#1514=CARTESIAN_POINT('',(1.039681036653E0,-4.883465210491E-5,
3.544820746974E0));
#1515=CARTESIAN_POINT('',(1.039572467284E0,2.695940555747E-5,4.168207951376E0));
#1516=VERTEX_POINT('',#1514);
#1517=VERTEX_POINT('',#1515);
#1518=CARTESIAN_POINT('',(-1.039732891670E0,4.690621927712E-5,
2.994735182334E0));
#1519=CARTESIAN_POINT('',(-1.039614095040E0,-6.353511262861E-5,
3.618169517598E0));
#1520=VERTEX_POINT('',#1518);
#1521=VERTEX_POINT('',#1519);
#1522=CARTESIAN_POINT('',(1.039979950626E0,1.994679094903E-5,2.444619083759E0));
#1523=CARTESIAN_POINT('',(1.040002979294E0,-1.582118612493E-5,
3.068379043065E0));
#1524=VERTEX_POINT('',#1522);
#1525=VERTEX_POINT('',#1523);
#1526=CARTESIAN_POINT('',(-1.039848312637E0,3.131286795433E-5,
1.894714731360E0));
#1527=CARTESIAN_POINT('',(-1.039663745222E0,-1.070697897168E-5,
2.518226946361E0));
#1528=VERTEX_POINT('',#1526);
#1529=VERTEX_POINT('',#1527);
#1530=CARTESIAN_POINT('',(1.039631424716E0,-1.239123369320E-5,
1.344628478447E0));
#1531=CARTESIAN_POINT('',(1.039700254642E0,4.640452272858E-5,1.968172769193E0));
#1532=VERTEX_POINT('',#1530);
#1533=VERTEX_POINT('',#1531);
#1534=CARTESIAN_POINT('',(-1.039749615534E0,4.894917362645E-5,
7.151680476356E-1));
#1535=CARTESIAN_POINT('',(-1.039991691520E0,1.610551495240E-5,
1.418351092506E0));
#1536=VERTEX_POINT('',#1534);
#1537=VERTEX_POINT('',#1535);
#1538=CARTESIAN_POINT('',(1.04E0,0.E0,2.E-1));
#1539=CARTESIAN_POINT('',(1.039564966629E0,5.503990378525E-5,
8.679834063754E-1));
#1540=VERTEX_POINT('',#1538);
#1541=VERTEX_POINT('',#1539);
#1542=CARTESIAN_POINT('',(-1.04E0,0.E0,2.E-1));
#1543=CARTESIAN_POINT('',(-1.039642440267E0,-1.175029189564E-5,
3.883080440999E-1));
#1544=VERTEX_POINT('',#1542);
#1545=VERTEX_POINT('',#1543);
#1546=VERTEX_POINT('',#1297);
#1547=VERTEX_POINT('',#1314);
#1548=CARTESIAN_POINT('',(2.8E0,0.E0,-5.435778713738E-2));
#1549=CARTESIAN_POINT('',(2.787054131936E0,0.E0,-1.622048961922E-2));
#1550=VERTEX_POINT('',#1548);
#1551=VERTEX_POINT('',#1549);
#1552=CARTESIAN_POINT('',(-2.787054131936E0,0.E0,-1.622048961922E-2));
#1553=VERTEX_POINT('',#1552);
#1554=CARTESIAN_POINT('',(-2.8E0,0.E0,-5.435778713738E-2));
#1555=VERTEX_POINT('',#1554);
#1556=CARTESIAN_POINT('',(-2.750190265095E0,0.E0,0.E0));
#1557=VERTEX_POINT('',#1556);
#1558=CARTESIAN_POINT('',(2.750190265095E0,0.E0,0.E0));
#1559=VERTEX_POINT('',#1558);
#1560=CARTESIAN_POINT('',(2.720766573164E0,0.E0,-9.6E-1));
#1561=VERTEX_POINT('',#1560);
#1562=CARTESIAN_POINT('',(-2.720766573164E0,0.E0,-9.6E-1));
#1563=VERTEX_POINT('',#1562);
#1564=CARTESIAN_POINT('',(2.511069990884E0,0.E0,-1.539754001498E0));
#1565=VERTEX_POINT('',#1564);
#1566=CARTESIAN_POINT('',(-2.511069990884E0,0.E0,-1.539754001498E0));
#1567=VERTEX_POINT('',#1566);
#1568=CARTESIAN_POINT('',(-4.597385250482E-1,-5.922232358616E-1,
1.088132812500E1));
#1569=CARTESIAN_POINT('',(-4.329607241824E-1,-5.152729483115E-1,
1.083428837182E1));
#1570=VERTEX_POINT('',#1568);
#1571=VERTEX_POINT('',#1569);
#1572=CARTESIAN_POINT('',(-4.027553073355E-1,-4.284476939101E-1,
1.098150218142E1));
#1573=VERTEX_POINT('',#1572);
#1574=VERTEX_POINT('',#634);
#1575=CARTESIAN_POINT('',(-1.098578643763E0,0.E0,5.857864376269E-2));
#1576=VERTEX_POINT('',#1575);
#1577=CARTESIAN_POINT('',(1.098578643763E0,0.E0,5.857864376269E-2));
#1578=VERTEX_POINT('',#1577);
#1579=CARTESIAN_POINT('',(1.24E0,0.E0,0.E0));
#1580=VERTEX_POINT('',#1579);
#1581=CARTESIAN_POINT('',(-1.24E0,0.E0,0.E0));
#1582=VERTEX_POINT('',#1581);
#1583=CARTESIAN_POINT('',(0.E0,0.E0,2.348278752608E0));
#1584=DIRECTION('',(0.E0,0.E0,1.E0));
#1585=DIRECTION('',(1.E0,0.E0,0.E0));
#1586=AXIS2_PLACEMENT_3D('',#1583,#1584,#1585);
#1587=SPHERICAL_SURFACE('',#1586,4.748278752608E0);
#1589=ORIENTED_EDGE('',*,*,#1588,.F.);
#1591=ORIENTED_EDGE('',*,*,#1590,.F.);
#1593=ORIENTED_EDGE('',*,*,#1592,.T.);
#1595=ORIENTED_EDGE('',*,*,#1594,.T.);
#1597=ORIENTED_EDGE('',*,*,#1596,.T.);
#1599=ORIENTED_EDGE('',*,*,#1598,.T.);
#1601=ORIENTED_EDGE('',*,*,#1600,.T.);
#1603=ORIENTED_EDGE('',*,*,#1602,.T.);
#1605=ORIENTED_EDGE('',*,*,#1604,.T.);
#1607=ORIENTED_EDGE('',*,*,#1606,.T.);
#1609=ORIENTED_EDGE('',*,*,#1608,.T.);
#1611=ORIENTED_EDGE('',*,*,#1610,.T.);
#1613=ORIENTED_EDGE('',*,*,#1612,.T.);
#1615=ORIENTED_EDGE('',*,*,#1614,.T.);
#1616=EDGE_LOOP('',(#1589,#1591,#1593,#1595,#1597,#1599,#1601,#1603,#1605,#1607,
#1609,#1611,#1613,#1615));
#1617=FACE_OUTER_BOUND('',#1616,.F.);
#1618=ADVANCED_FACE('',(#1617),#1587,.T.);
#1619=CARTESIAN_POINT('',(0.E0,0.E0,-8.554131087028E-1));
#1620=DIRECTION('',(0.E0,0.E0,1.E0));
#1621=DIRECTION('',(1.E0,0.E0,0.E0));
#1622=AXIS2_PLACEMENT_3D('',#1619,#1620,#1621);
#1623=TOROIDAL_SURFACE('',#1622,1.525332935454E0,1.2E0);
#1624=ORIENTED_EDGE('',*,*,#1588,.T.);
#1626=ORIENTED_EDGE('',*,*,#1625,.T.);
#1628=ORIENTED_EDGE('',*,*,#1627,.T.);
#1630=ORIENTED_EDGE('',*,*,#1629,.F.);
#1631=EDGE_LOOP('',(#1624,#1626,#1628,#1630));
#1632=FACE_OUTER_BOUND('',#1631,.F.);
#1633=ADVANCED_FACE('',(#1632),#1623,.T.);
#1634=CARTESIAN_POINT('',(0.E0,0.E0,-8.554131087028E-1));
#1635=DIRECTION('',(0.E0,0.E0,1.E0));
#1636=DIRECTION('',(1.E0,0.E0,0.E0));
#1637=AXIS2_PLACEMENT_3D('',#1634,#1635,#1636);
#1638=TOROIDAL_SURFACE('',#1637,1.525332935454E0,1.2E0);
#1640=ORIENTED_EDGE('',*,*,#1639,.T.);
#1641=ORIENTED_EDGE('',*,*,#1629,.T.);
#1643=ORIENTED_EDGE('',*,*,#1642,.T.);
#1644=ORIENTED_EDGE('',*,*,#1625,.F.);
#1645=EDGE_LOOP('',(#1640,#1641,#1643,#1644));
#1646=FACE_OUTER_BOUND('',#1645,.F.);
#1647=ADVANCED_FACE('',(#1646),#1638,.T.);
#1648=CARTESIAN_POINT('',(0.E0,0.E0,2.348278752608E0));
#1649=DIRECTION('',(0.E0,0.E0,1.E0));
#1650=DIRECTION('',(1.E0,0.E0,0.E0));
#1651=AXIS2_PLACEMENT_3D('',#1648,#1649,#1650);
#1652=SPHERICAL_SURFACE('',#1651,4.748278752608E0);
#1653=ORIENTED_EDGE('',*,*,#1639,.F.);
#1654=ORIENTED_EDGE('',*,*,#1614,.F.);
#1656=ORIENTED_EDGE('',*,*,#1655,.T.);
#1658=ORIENTED_EDGE('',*,*,#1657,.T.);
#1660=ORIENTED_EDGE('',*,*,#1659,.T.);
#1662=ORIENTED_EDGE('',*,*,#1661,.T.);
#1664=ORIENTED_EDGE('',*,*,#1663,.T.);
#1666=ORIENTED_EDGE('',*,*,#1665,.T.);
#1668=ORIENTED_EDGE('',*,*,#1667,.T.);
#1670=ORIENTED_EDGE('',*,*,#1669,.T.);
#1672=ORIENTED_EDGE('',*,*,#1671,.T.);
#1674=ORIENTED_EDGE('',*,*,#1673,.T.);
#1676=ORIENTED_EDGE('',*,*,#1675,.T.);
#1677=ORIENTED_EDGE('',*,*,#1590,.T.);
#1678=EDGE_LOOP('',(#1653,#1654,#1656,#1658,#1660,#1662,#1664,#1666,#1668,#1670,
#1672,#1674,#1676,#1677));
#1679=FACE_OUTER_BOUND('',#1678,.F.);
#1680=ADVANCED_FACE('',(#1679),#1652,.T.);
#1681=CARTESIAN_POINT('',(5.75E-1,0.E0,-1.566323576201E0));
#1682=DIRECTION('',(0.E0,0.E0,-1.E0));
#1683=DIRECTION('',(1.E0,0.E0,0.E0));
#1684=AXIS2_PLACEMENT_3D('',#1681,#1682,#1683);
#1685=CONICAL_SURFACE('',#1684,8.078344195277E-1,8.E0);
#1687=ORIENTED_EDGE('',*,*,#1686,.F.);
#1688=ORIENTED_EDGE('',*,*,#1655,.F.);
#1689=ORIENTED_EDGE('',*,*,#1612,.F.);
#1691=ORIENTED_EDGE('',*,*,#1690,.T.);
#1693=ORIENTED_EDGE('',*,*,#1692,.T.);
#1694=EDGE_LOOP('',(#1687,#1688,#1689,#1691,#1693));
#1695=FACE_OUTER_BOUND('',#1694,.F.);
#1696=ADVANCED_FACE('',(#1695),#1685,.F.);
#1697=CARTESIAN_POINT('',(1.965089534815E-2,-3.749614201743E-1,-2.4E0));
#1698=DIRECTION('',(5.182662631444E-2,-9.889109407697E-1,1.391731009601E-1));
#1699=DIRECTION('',(0.E0,-1.393603877523E-1,-9.902417292386E-1));
#1700=AXIS2_PLACEMENT_3D('',#1697,#1698,#1699);
#1701=PLANE('',#1700);
#1703=ORIENTED_EDGE('',*,*,#1702,.F.);
#1704=ORIENTED_EDGE('',*,*,#1657,.F.);
#1705=ORIENTED_EDGE('',*,*,#1686,.T.);
#1707=ORIENTED_EDGE('',*,*,#1706,.T.);
#1708=EDGE_LOOP('',(#1703,#1704,#1705,#1707));
#1709=FACE_OUTER_BOUND('',#1708,.F.);
#1710=ADVANCED_FACE('',(#1709),#1701,.F.);
#1711=CARTESIAN_POINT('',(3.229322032039E-1,-4.972719854011E-1,-2.4E0));
#1712=DIRECTION('',(5.393386453656E-1,-8.305086836297E-1,1.391731009601E-1));
#1713=DIRECTION('',(8.386705679454E-1,5.446390350150E-1,0.E0));
#1714=AXIS2_PLACEMENT_3D('',#1711,#1712,#1713);
#1715=PLANE('',#1714);
#1717=ORIENTED_EDGE('',*,*,#1716,.F.);
#1718=ORIENTED_EDGE('',*,*,#1659,.F.);
#1719=ORIENTED_EDGE('',*,*,#1702,.T.);
#1721=ORIENTED_EDGE('',*,*,#1720,.T.);
#1722=EDGE_LOOP('',(#1717,#1718,#1719,#1721));
#1723=FACE_OUTER_BOUND('',#1722,.F.);
#1724=ADVANCED_FACE('',(#1723),#1715,.F.);
#1725=CARTESIAN_POINT('',(4.972719854011E-1,-3.229322032039E-1,-2.4E0));
#1726=DIRECTION('',(8.305086836297E-1,-5.393386453656E-1,1.391731009601E-1));
#1727=DIRECTION('',(5.446390350150E-1,8.386705679454E-1,0.E0));
#1728=AXIS2_PLACEMENT_3D('',#1725,#1726,#1727);
#1729=PLANE('',#1728);
#1731=ORIENTED_EDGE('',*,*,#1730,.F.);
#1732=ORIENTED_EDGE('',*,*,#1661,.F.);
#1733=ORIENTED_EDGE('',*,*,#1716,.T.);
#1735=ORIENTED_EDGE('',*,*,#1734,.T.);
#1736=EDGE_LOOP('',(#1731,#1732,#1733,#1735));
#1737=FACE_OUTER_BOUND('',#1736,.F.);
#1738=ADVANCED_FACE('',(#1737),#1729,.F.);
#1739=CARTESIAN_POINT('',(3.749614201743E-1,-1.965089534815E-2,-2.4E0));
#1740=DIRECTION('',(9.889109407697E-1,-5.182662631444E-2,1.391731009601E-1));
#1741=DIRECTION('',(1.393603877523E-1,0.E0,-9.902417292386E-1));
#1742=AXIS2_PLACEMENT_3D('',#1739,#1740,#1741);
#1743=PLANE('',#1742);
#1745=ORIENTED_EDGE('',*,*,#1744,.F.);
#1746=ORIENTED_EDGE('',*,*,#1663,.F.);
#1747=ORIENTED_EDGE('',*,*,#1730,.T.);
#1749=ORIENTED_EDGE('',*,*,#1748,.T.);
#1750=EDGE_LOOP('',(#1745,#1746,#1747,#1749));
#1751=FACE_OUTER_BOUND('',#1750,.F.);
#1752=ADVANCED_FACE('',(#1751),#1743,.F.);
#1753=CARTESIAN_POINT('',(0.E0,-5.75E-1,-1.566323576201E0));
#1754=DIRECTION('',(0.E0,0.E0,-1.E0));
#1755=DIRECTION('',(1.E0,0.E0,0.E0));
#1756=AXIS2_PLACEMENT_3D('',#1753,#1754,#1755);
#1757=CONICAL_SURFACE('',#1756,8.078344195277E-1,8.E0);
#1759=ORIENTED_EDGE('',*,*,#1758,.F.);
#1760=ORIENTED_EDGE('',*,*,#1665,.F.);
#1761=ORIENTED_EDGE('',*,*,#1744,.T.);
#1763=ORIENTED_EDGE('',*,*,#1762,.T.);
#1764=EDGE_LOOP('',(#1759,#1760,#1761,#1763));
#1765=FACE_OUTER_BOUND('',#1764,.F.);
#1766=ADVANCED_FACE('',(#1765),#1757,.F.);
#1767=CARTESIAN_POINT('',(-3.749614201743E-1,-1.965089534815E-2,-2.4E0));
#1768=DIRECTION('',(-9.889109407697E-1,-5.182662631444E-2,1.391731009601E-1));
#1769=DIRECTION('',(1.393603877523E-1,0.E0,9.902417292386E-1));
#1770=AXIS2_PLACEMENT_3D('',#1767,#1768,#1769);
#1771=PLANE('',#1770);
#1773=ORIENTED_EDGE('',*,*,#1772,.F.);
#1774=ORIENTED_EDGE('',*,*,#1667,.F.);
#1775=ORIENTED_EDGE('',*,*,#1758,.T.);
#1777=ORIENTED_EDGE('',*,*,#1776,.T.);
#1778=EDGE_LOOP('',(#1773,#1774,#1775,#1777));
#1779=FACE_OUTER_BOUND('',#1778,.F.);
#1780=ADVANCED_FACE('',(#1779),#1771,.F.);
#1781=CARTESIAN_POINT('',(-4.972719854011E-1,-3.229322032039E-1,-2.4E0));
#1782=DIRECTION('',(-8.305086836297E-1,-5.393386453656E-1,1.391731009601E-1));
#1783=DIRECTION('',(5.446390350150E-1,-8.386705679454E-1,0.E0));
#1784=AXIS2_PLACEMENT_3D('',#1781,#1782,#1783);
#1785=PLANE('',#1784);
#1787=ORIENTED_EDGE('',*,*,#1786,.F.);
#1788=ORIENTED_EDGE('',*,*,#1669,.F.);
#1789=ORIENTED_EDGE('',*,*,#1772,.T.);
#1791=ORIENTED_EDGE('',*,*,#1790,.T.);
#1792=EDGE_LOOP('',(#1787,#1788,#1789,#1791));
#1793=FACE_OUTER_BOUND('',#1792,.F.);
#1794=ADVANCED_FACE('',(#1793),#1785,.F.);
#1795=CARTESIAN_POINT('',(-3.229322032039E-1,-4.972719854011E-1,-2.4E0));
#1796=DIRECTION('',(-5.393386453656E-1,-8.305086836297E-1,1.391731009601E-1));
#1797=DIRECTION('',(8.386705679454E-1,-5.446390350150E-1,0.E0));
#1798=AXIS2_PLACEMENT_3D('',#1795,#1796,#1797);
#1799=PLANE('',#1798);
#1801=ORIENTED_EDGE('',*,*,#1800,.F.);
#1802=ORIENTED_EDGE('',*,*,#1671,.F.);
#1803=ORIENTED_EDGE('',*,*,#1786,.T.);
#1805=ORIENTED_EDGE('',*,*,#1804,.T.);
#1806=EDGE_LOOP('',(#1801,#1802,#1803,#1805));
#1807=FACE_OUTER_BOUND('',#1806,.F.);
#1808=ADVANCED_FACE('',(#1807),#1799,.F.);
#1809=CARTESIAN_POINT('',(-1.965089534815E-2,-3.749614201743E-1,-2.4E0));
#1810=DIRECTION('',(-5.182662631444E-2,-9.889109407697E-1,1.391731009601E-1));
#1811=DIRECTION('',(0.E0,-1.393603877523E-1,-9.902417292386E-1));
#1812=AXIS2_PLACEMENT_3D('',#1809,#1810,#1811);
#1813=PLANE('',#1812);
#1815=ORIENTED_EDGE('',*,*,#1814,.F.);
#1816=ORIENTED_EDGE('',*,*,#1673,.F.);
#1817=ORIENTED_EDGE('',*,*,#1800,.T.);
#1819=ORIENTED_EDGE('',*,*,#1818,.T.);
#1820=EDGE_LOOP('',(#1815,#1816,#1817,#1819));
#1821=FACE_OUTER_BOUND('',#1820,.F.);
#1822=ADVANCED_FACE('',(#1821),#1813,.F.);
#1823=CARTESIAN_POINT('',(-5.75E-1,0.E0,-1.566323576201E0));
#1824=DIRECTION('',(0.E0,0.E0,-1.E0));
#1825=DIRECTION('',(1.E0,0.E0,0.E0));
#1826=AXIS2_PLACEMENT_3D('',#1823,#1824,#1825);
#1827=CONICAL_SURFACE('',#1826,8.078344195277E-1,8.E0);
#1829=ORIENTED_EDGE('',*,*,#1828,.F.);
#1830=ORIENTED_EDGE('',*,*,#1592,.F.);
#1831=ORIENTED_EDGE('',*,*,#1675,.F.);
#1832=ORIENTED_EDGE('',*,*,#1814,.T.);
#1834=ORIENTED_EDGE('',*,*,#1833,.T.);
#1836=ORIENTED_EDGE('',*,*,#1835,.T.);
#1837=EDGE_LOOP('',(#1829,#1830,#1831,#1832,#1834,#1836));
#1838=FACE_OUTER_BOUND('',#1837,.F.);
#1839=ADVANCED_FACE('',(#1838),#1827,.F.);
#1840=CARTESIAN_POINT('',(-1.965089534815E-2,3.749614201743E-1,-2.4E0));
#1841=DIRECTION('',(-5.182662631444E-2,9.889109407697E-1,1.391731009601E-1));
#1842=DIRECTION('',(0.E0,-1.393603877523E-1,9.902417292386E-1));
#1843=AXIS2_PLACEMENT_3D('',#1840,#1841,#1842);
#1844=PLANE('',#1843);
#1846=ORIENTED_EDGE('',*,*,#1845,.F.);
#1847=ORIENTED_EDGE('',*,*,#1594,.F.);
#1848=ORIENTED_EDGE('',*,*,#1828,.T.);
#1850=ORIENTED_EDGE('',*,*,#1849,.T.);
#1851=EDGE_LOOP('',(#1846,#1847,#1848,#1850));
#1852=FACE_OUTER_BOUND('',#1851,.F.);
#1853=ADVANCED_FACE('',(#1852),#1844,.F.);
#1854=CARTESIAN_POINT('',(-3.229322032039E-1,4.972719854011E-1,-2.4E0));
#1855=DIRECTION('',(-5.393386453656E-1,8.305086836297E-1,1.391731009601E-1));
#1856=DIRECTION('',(-8.386705679454E-1,-5.446390350150E-1,0.E0));
#1857=AXIS2_PLACEMENT_3D('',#1854,#1855,#1856);
#1858=PLANE('',#1857);
#1860=ORIENTED_EDGE('',*,*,#1859,.F.);
#1861=ORIENTED_EDGE('',*,*,#1596,.F.);
#1862=ORIENTED_EDGE('',*,*,#1845,.T.);
#1864=ORIENTED_EDGE('',*,*,#1863,.T.);
#1865=EDGE_LOOP('',(#1860,#1861,#1862,#1864));
#1866=FACE_OUTER_BOUND('',#1865,.F.);
#1867=ADVANCED_FACE('',(#1866),#1858,.F.);
#1868=CARTESIAN_POINT('',(-4.972719854011E-1,3.229322032039E-1,-2.4E0));
#1869=DIRECTION('',(-8.305086836297E-1,5.393386453656E-1,1.391731009601E-1));
#1870=DIRECTION('',(-5.446390350150E-1,-8.386705679454E-1,0.E0));
#1871=AXIS2_PLACEMENT_3D('',#1868,#1869,#1870);
#1872=PLANE('',#1871);
#1874=ORIENTED_EDGE('',*,*,#1873,.F.);
#1875=ORIENTED_EDGE('',*,*,#1598,.F.);
#1876=ORIENTED_EDGE('',*,*,#1859,.T.);
#1878=ORIENTED_EDGE('',*,*,#1877,.T.);
#1879=EDGE_LOOP('',(#1874,#1875,#1876,#1878));
#1880=FACE_OUTER_BOUND('',#1879,.F.);
#1881=ADVANCED_FACE('',(#1880),#1872,.F.);
#1882=CARTESIAN_POINT('',(-3.749614201743E-1,1.965089534815E-2,-2.4E0));
#1883=DIRECTION('',(-9.889109407697E-1,5.182662631444E-2,1.391731009601E-1));
#1884=DIRECTION('',(1.393603877523E-1,0.E0,9.902417292386E-1));
#1885=AXIS2_PLACEMENT_3D('',#1882,#1883,#1884);
#1886=PLANE('',#1885);
#1888=ORIENTED_EDGE('',*,*,#1887,.F.);
#1889=ORIENTED_EDGE('',*,*,#1600,.F.);
#1890=ORIENTED_EDGE('',*,*,#1873,.T.);
#1892=ORIENTED_EDGE('',*,*,#1891,.T.);
#1893=EDGE_LOOP('',(#1888,#1889,#1890,#1892));
#1894=FACE_OUTER_BOUND('',#1893,.F.);
#1895=ADVANCED_FACE('',(#1894),#1886,.F.);
#1896=CARTESIAN_POINT('',(0.E0,5.75E-1,-1.566323576201E0));
#1897=DIRECTION('',(0.E0,0.E0,-1.E0));
#1898=DIRECTION('',(1.E0,0.E0,0.E0));
#1899=AXIS2_PLACEMENT_3D('',#1896,#1897,#1898);
#1900=CONICAL_SURFACE('',#1899,8.078344195277E-1,8.E0);
#1902=ORIENTED_EDGE('',*,*,#1901,.F.);
#1903=ORIENTED_EDGE('',*,*,#1602,.F.);
#1904=ORIENTED_EDGE('',*,*,#1887,.T.);
#1906=ORIENTED_EDGE('',*,*,#1905,.T.);
#1907=EDGE_LOOP('',(#1902,#1903,#1904,#1906));
#1908=FACE_OUTER_BOUND('',#1907,.F.);
#1909=ADVANCED_FACE('',(#1908),#1900,.F.);
#1910=CARTESIAN_POINT('',(3.749614201743E-1,1.965089534815E-2,-2.4E0));
#1911=DIRECTION('',(9.889109407697E-1,5.182662631444E-2,1.391731009601E-1));
#1912=DIRECTION('',(1.393603877523E-1,0.E0,-9.902417292386E-1));
#1913=AXIS2_PLACEMENT_3D('',#1910,#1911,#1912);
#1914=PLANE('',#1913);
#1916=ORIENTED_EDGE('',*,*,#1915,.F.);
#1917=ORIENTED_EDGE('',*,*,#1604,.F.);
#1918=ORIENTED_EDGE('',*,*,#1901,.T.);
#1920=ORIENTED_EDGE('',*,*,#1919,.T.);
#1921=EDGE_LOOP('',(#1916,#1917,#1918,#1920));
#1922=FACE_OUTER_BOUND('',#1921,.F.);
#1923=ADVANCED_FACE('',(#1922),#1914,.F.);
#1924=CARTESIAN_POINT('',(4.972719854011E-1,3.229322032039E-1,-2.4E0));
#1925=DIRECTION('',(8.305086836297E-1,5.393386453656E-1,1.391731009601E-1));
#1926=DIRECTION('',(-5.446390350150E-1,8.386705679454E-1,0.E0));
#1927=AXIS2_PLACEMENT_3D('',#1924,#1925,#1926);
#1928=PLANE('',#1927);
#1930=ORIENTED_EDGE('',*,*,#1929,.F.);
#1931=ORIENTED_EDGE('',*,*,#1606,.F.);
#1932=ORIENTED_EDGE('',*,*,#1915,.T.);
#1934=ORIENTED_EDGE('',*,*,#1933,.T.);
#1935=EDGE_LOOP('',(#1930,#1931,#1932,#1934));
#1936=FACE_OUTER_BOUND('',#1935,.F.);
#1937=ADVANCED_FACE('',(#1936),#1928,.F.);
#1938=CARTESIAN_POINT('',(3.229322032039E-1,4.972719854011E-1,-2.4E0));
#1939=DIRECTION('',(5.393386453656E-1,8.305086836297E-1,1.391731009601E-1));
#1940=DIRECTION('',(-8.386705679454E-1,5.446390350150E-1,0.E0));
#1941=AXIS2_PLACEMENT_3D('',#1938,#1939,#1940);
#1942=PLANE('',#1941);
#1944=ORIENTED_EDGE('',*,*,#1943,.F.);
#1945=ORIENTED_EDGE('',*,*,#1608,.F.);
#1946=ORIENTED_EDGE('',*,*,#1929,.T.);
#1948=ORIENTED_EDGE('',*,*,#1947,.T.);
#1949=EDGE_LOOP('',(#1944,#1945,#1946,#1948));
#1950=FACE_OUTER_BOUND('',#1949,.F.);
#1951=ADVANCED_FACE('',(#1950),#1942,.F.);
#1952=CARTESIAN_POINT('',(1.965089534815E-2,3.749614201743E-1,-2.4E0));
#1953=DIRECTION('',(5.182662631444E-2,9.889109407697E-1,1.391731009601E-1));
#1954=DIRECTION('',(0.E0,-1.393603877523E-1,9.902417292386E-1));
#1955=AXIS2_PLACEMENT_3D('',#1952,#1953,#1954);
#1956=PLANE('',#1955);
#1957=ORIENTED_EDGE('',*,*,#1690,.F.);
#1958=ORIENTED_EDGE('',*,*,#1610,.F.);
#1959=ORIENTED_EDGE('',*,*,#1943,.T.);
#1961=ORIENTED_EDGE('',*,*,#1960,.T.);
#1962=EDGE_LOOP('',(#1957,#1958,#1959,#1961));
#1963=FACE_OUTER_BOUND('',#1962,.F.);
#1964=ADVANCED_FACE('',(#1963),#1956,.F.);
#1965=CARTESIAN_POINT('',(5.75E-1,0.E0,-9.6E-1));
#1966=DIRECTION('',(0.E0,0.E0,1.E0));
#1967=DIRECTION('',(1.E0,0.E0,0.E0));
#1968=AXIS2_PLACEMENT_3D('',#1965,#1966,#1967);
#1969=PLANE('',#1968);
#1970=ORIENTED_EDGE('',*,*,#1692,.F.);
#1971=ORIENTED_EDGE('',*,*,#1960,.F.);
#1972=ORIENTED_EDGE('',*,*,#1947,.F.);
#1973=ORIENTED_EDGE('',*,*,#1933,.F.);
#1974=ORIENTED_EDGE('',*,*,#1919,.F.);
#1975=ORIENTED_EDGE('',*,*,#1905,.F.);
#1976=ORIENTED_EDGE('',*,*,#1891,.F.);
#1977=ORIENTED_EDGE('',*,*,#1877,.F.);
#1978=ORIENTED_EDGE('',*,*,#1863,.F.);
#1979=ORIENTED_EDGE('',*,*,#1849,.F.);
#1980=ORIENTED_EDGE('',*,*,#1835,.F.);
#1981=ORIENTED_EDGE('',*,*,#1833,.F.);
#1982=ORIENTED_EDGE('',*,*,#1818,.F.);
#1983=ORIENTED_EDGE('',*,*,#1804,.F.);
#1984=ORIENTED_EDGE('',*,*,#1790,.F.);
#1985=ORIENTED_EDGE('',*,*,#1776,.F.);
#1986=ORIENTED_EDGE('',*,*,#1762,.F.);
#1987=ORIENTED_EDGE('',*,*,#1748,.F.);
#1988=ORIENTED_EDGE('',*,*,#1734,.F.);
#1989=ORIENTED_EDGE('',*,*,#1720,.F.);
#1990=ORIENTED_EDGE('',*,*,#1706,.F.);
#1991=EDGE_LOOP('',(#1970,#1971,#1972,#1973,#1974,#1975,#1976,#1977,#1978,#1979,
#1980,#1981,#1982,#1983,#1984,#1985,#1986,#1987,#1988,#1989,#1990));
#1992=FACE_OUTER_BOUND('',#1991,.F.);
#1993=ADVANCED_FACE('',(#1992),#1969,.F.);
#1994=CARTESIAN_POINT('',(0.E0,0.E0,-8.554131087028E-1));
#1995=DIRECTION('',(0.E0,0.E0,1.E0));
#1996=DIRECTION('',(1.E0,0.E0,0.E0));
#1997=AXIS2_PLACEMENT_3D('',#1994,#1995,#1996);
#1998=TOROIDAL_SURFACE('',#1997,1.525332935454E0,1.2E0);
#2000=ORIENTED_EDGE('',*,*,#1999,.F.);
#2002=ORIENTED_EDGE('',*,*,#2001,.F.);
#2003=ORIENTED_EDGE('',*,*,#1642,.F.);
#2005=ORIENTED_EDGE('',*,*,#2004,.T.);
#2006=EDGE_LOOP('',(#2000,#2002,#2003,#2005));
#2007=FACE_OUTER_BOUND('',#2006,.F.);
#2008=ADVANCED_FACE('',(#2007),#1998,.T.);
#2009=CARTESIAN_POINT('',(0.E0,0.E0,-5.071788935687E-1));
#2010=DIRECTION('',(0.E0,0.E0,1.E0));
#2011=DIRECTION('',(1.E0,0.E0,0.E0));
#2012=AXIS2_PLACEMENT_3D('',#2009,#2010,#2011);
#2013=CONICAL_SURFACE('',#2012,2.760383286582E0,5.E0);
#2014=ORIENTED_EDGE('',*,*,#1999,.T.);
#2016=ORIENTED_EDGE('',*,*,#2015,.T.);
#2018=ORIENTED_EDGE('',*,*,#2017,.T.);
#2020=ORIENTED_EDGE('',*,*,#2019,.F.);
#2021=EDGE_LOOP('',(#2014,#2016,#2018,#2020));
#2022=FACE_OUTER_BOUND('',#2021,.F.);
#2023=ADVANCED_FACE('',(#2022),#2013,.T.);
#2024=CARTESIAN_POINT('',(0.E0,0.E0,-5.071788935687E-1));
#2025=DIRECTION('',(0.E0,0.E0,1.E0));
#2026=DIRECTION('',(1.E0,0.E0,0.E0));
#2027=AXIS2_PLACEMENT_3D('',#2024,#2025,#2026);
#2028=CONICAL_SURFACE('',#2027,2.760383286582E0,5.E0);
#2030=ORIENTED_EDGE('',*,*,#2029,.T.);
#2031=ORIENTED_EDGE('',*,*,#2019,.T.);
#2033=ORIENTED_EDGE('',*,*,#2032,.T.);
#2034=ORIENTED_EDGE('',*,*,#2015,.F.);
#2035=EDGE_LOOP('',(#2030,#2031,#2033,#2034));
#2036=FACE_OUTER_BOUND('',#2035,.F.);
#2037=ADVANCED_FACE('',(#2036),#2028,.T.);
#2038=CARTESIAN_POINT('',(0.E0,0.E0,-8.554131087028E-1));
#2039=DIRECTION('',(0.E0,0.E0,1.E0));
#2040=DIRECTION('',(1.E0,0.E0,0.E0));
#2041=AXIS2_PLACEMENT_3D('',#2038,#2039,#2040);
#2042=TOROIDAL_SURFACE('',#2041,1.525332935454E0,1.2E0);
#2043=ORIENTED_EDGE('',*,*,#2029,.F.);
#2044=ORIENTED_EDGE('',*,*,#2004,.F.);
#2045=ORIENTED_EDGE('',*,*,#1627,.F.);
#2046=ORIENTED_EDGE('',*,*,#2001,.T.);
#2047=EDGE_LOOP('',(#2043,#2044,#2045,#2046));
#2048=FACE_OUTER_BOUND('',#2047,.F.);
#2049=ADVANCED_FACE('',(#2048),#2042,.T.);
#2050=CARTESIAN_POINT('',(0.E0,0.E0,-5.E-2));
#2051=DIRECTION('',(0.E0,0.E0,1.E0));
#2052=DIRECTION('',(1.E0,0.E0,0.E0));
#2053=AXIS2_PLACEMENT_3D('',#2050,#2051,#2052);
#2054=TOROIDAL_SURFACE('',#2053,2.750190265095E0,5.E-2);
#2055=ORIENTED_EDGE('',*,*,#2032,.F.);
#2057=ORIENTED_EDGE('',*,*,#2056,.T.);
#2059=ORIENTED_EDGE('',*,*,#2058,.T.);
#2061=ORIENTED_EDGE('',*,*,#2060,.F.);
#2062=EDGE_LOOP('',(#2055,#2057,#2059,#2061));
#2063=FACE_OUTER_BOUND('',#2062,.F.);
#2064=ADVANCED_FACE('',(#2063),#2054,.T.);
#2065=CARTESIAN_POINT('',(0.E0,0.E0,-5.E-2));
#2066=DIRECTION('',(0.E0,0.E0,1.E0));
#2067=DIRECTION('',(1.E0,0.E0,0.E0));
#2068=AXIS2_PLACEMENT_3D('',#2065,#2066,#2067);
#2069=TOROIDAL_SURFACE('',#2068,2.750190265095E0,5.E-2);
#2070=ORIENTED_EDGE('',*,*,#2017,.F.);
#2071=ORIENTED_EDGE('',*,*,#2060,.T.);
#2073=ORIENTED_EDGE('',*,*,#2072,.T.);
#2074=ORIENTED_EDGE('',*,*,#2056,.F.);
#2075=EDGE_LOOP('',(#2070,#2071,#2073,#2074));
#2076=FACE_OUTER_BOUND('',#2075,.F.);
#2077=ADVANCED_FACE('',(#2076),#2069,.T.);
#2078=CARTESIAN_POINT('',(0.E0,0.E0,-5.E-2));
#2079=DIRECTION('',(0.E0,0.E0,1.E0));
#2080=DIRECTION('',(1.E0,0.E0,0.E0));
#2081=AXIS2_PLACEMENT_3D('',#2078,#2079,#2080);
#2082=TOROIDAL_SURFACE('',#2081,2.750190265095E0,5.E-2);
#2084=ORIENTED_EDGE('',*,*,#2083,.T.);
#2086=ORIENTED_EDGE('',*,*,#2085,.F.);
#2087=ORIENTED_EDGE('',*,*,#2072,.F.);
#2089=ORIENTED_EDGE('',*,*,#2088,.T.);
#2090=EDGE_LOOP('',(#2084,#2086,#2087,#2089));
#2091=FACE_OUTER_BOUND('',#2090,.F.);
#2092=ADVANCED_FACE('',(#2091),#2082,.T.);
#2093=CARTESIAN_POINT('',(1.04E0,0.E0,0.E0));
#2094=DIRECTION('',(0.E0,0.E0,1.E0));
#2095=DIRECTION('',(1.E0,0.E0,0.E0));
#2096=AXIS2_PLACEMENT_3D('',#2093,#2094,#2095);
#2097=PLANE('',#2096);
#2099=ORIENTED_EDGE('',*,*,#2098,.F.);
#2100=ORIENTED_EDGE('',*,*,#2083,.F.);
#2101=EDGE_LOOP('',(#2099,#2100));
#2102=FACE_OUTER_BOUND('',#2101,.F.);
#2104=ORIENTED_EDGE('',*,*,#2103,.F.);
#2106=ORIENTED_EDGE('',*,*,#2105,.F.);
#2107=EDGE_LOOP('',(#2104,#2106));
#2108=FACE_BOUND('',#2107,.F.);
#2109=ADVANCED_FACE('',(#2102,#2108),#2097,.T.);
#2110=CARTESIAN_POINT('',(0.E0,0.E0,2.E-1));
#2111=DIRECTION('',(0.E0,0.E0,1.E0));
#2112=DIRECTION('',(1.E0,0.E0,0.E0));
#2113=AXIS2_PLACEMENT_3D('',#2110,#2111,#2112);
#2114=TOROIDAL_SURFACE('',#2113,1.24E0,2.E-1);
#2115=ORIENTED_EDGE('',*,*,#2103,.T.);
#2117=ORIENTED_EDGE('',*,*,#2116,.F.);
#2119=ORIENTED_EDGE('',*,*,#2118,.T.);
#2121=ORIENTED_EDGE('',*,*,#2120,.T.);
#2122=EDGE_LOOP('',(#2115,#2117,#2119,#2121));
#2123=FACE_OUTER_BOUND('',#2122,.F.);
#2124=ADVANCED_FACE('',(#2123),#2114,.F.);
#2125=CARTESIAN_POINT('',(0.E0,0.E0,2.E-1));
#2126=DIRECTION('',(0.E0,0.E0,1.E0));
#2127=DIRECTION('',(1.E0,0.E0,0.E0));
#2128=AXIS2_PLACEMENT_3D('',#2125,#2126,#2127);
#2129=TOROIDAL_SURFACE('',#2128,1.24E0,2.E-1);
#2130=ORIENTED_EDGE('',*,*,#2105,.T.);
#2131=ORIENTED_EDGE('',*,*,#2120,.F.);
#2133=ORIENTED_EDGE('',*,*,#2132,.T.);
#2134=ORIENTED_EDGE('',*,*,#2116,.T.);
#2135=EDGE_LOOP('',(#2130,#2131,#2133,#2134));
#2136=FACE_OUTER_BOUND('',#2135,.F.);
#2137=ADVANCED_FACE('',(#2136),#2129,.F.);
#2138=CARTESIAN_POINT('',(0.E0,0.E0,2.E-1));
#2139=DIRECTION('',(0.E0,0.E0,1.E0));
#2140=DIRECTION('',(1.E0,0.E0,0.E0));
#2141=AXIS2_PLACEMENT_3D('',#2138,#2139,#2140);
#2142=TOROIDAL_SURFACE('',#2141,1.24E0,2.E-1);
#2144=ORIENTED_EDGE('',*,*,#2143,.F.);
#2146=ORIENTED_EDGE('',*,*,#2145,.F.);
#2148=ORIENTED_EDGE('',*,*,#2147,.T.);
#2149=ORIENTED_EDGE('',*,*,#2132,.F.);
#2151=ORIENTED_EDGE('',*,*,#2150,.F.);
#2153=ORIENTED_EDGE('',*,*,#2152,.F.);
#2155=ORIENTED_EDGE('',*,*,#2154,.F.);
#2156=EDGE_LOOP('',(#2144,#2146,#2148,#2149,#2151,#2153,#2155));
#2157=FACE_OUTER_BOUND('',#2156,.F.);
#2158=ADVANCED_FACE('',(#2157),#2142,.F.);
#2159=CARTESIAN_POINT('',(1.096470122610E0,1.133913456881E-1,
4.820527458107E-2));
#2160=CARTESIAN_POINT('',(9.247366825252E-1,9.539586442820E-2,
-5.147556348604E-2));
#2161=CARTESIAN_POINT('',(7.530032424407E-1,7.740038316830E-2,
-1.511564015532E-1));
#2162=CARTESIAN_POINT('',(5.812698023563E-1,5.940490190841E-2,
-2.508372396203E-1));
#2163=CARTESIAN_POINT('',(1.094874218774E0,2.203305076115E-1,
6.511258193158E-2));
#2164=CARTESIAN_POINT('',(9.248856139307E-1,1.855746939905E-1,
-3.456618945374E-2));
#2165=CARTESIAN_POINT('',(7.548970090876E-1,1.508188803694E-1,
-1.342449608391E-1));
#2166=CARTESIAN_POINT('',(5.849084042446E-1,1.160630667483E-1,
-2.339237322244E-1));
#2167=CARTESIAN_POINT('',(1.051444816851E0,4.931202222694E-1,
1.078057993098E-1));
#2168=CARTESIAN_POINT('',(8.920698387397E-1,4.169184933521E-1,
8.113739874565E-3));
#2169=CARTESIAN_POINT('',(7.326948606283E-1,3.407167644348E-1,
-9.157831956066E-2));
#2170=CARTESIAN_POINT('',(5.733198825170E-1,2.645150355174E-1,
-1.912703789959E-1));
#2171=CARTESIAN_POINT('',(8.186879737332E-1,8.943425072865E-1,
1.762740169641E-1));
#2172=CARTESIAN_POINT('',(6.999699392732E-1,7.610014996516E-1,
7.658926223925E-2));
#2173=CARTESIAN_POINT('',(5.812519048132E-1,6.276604920168E-1,
-2.309549248562E-2));
#2174=CARTESIAN_POINT('',(4.625338703532E-1,4.943194843819E-1,
-1.227802472105E-1));
#2175=CARTESIAN_POINT('',(3.698767200331E-1,1.200183793529E0,
2.536184379662E-1));
#2176=CARTESIAN_POINT('',(3.204296523276E-1,1.028672340031E0,
1.539314722981E-1));
#2177=CARTESIAN_POINT('',(2.709825846222E-1,8.571608865326E-1,
5.424450662997E-2));
#2178=CARTESIAN_POINT('',(2.215355169167E-1,6.856494330345E-1,
-4.544245903814E-2));
#2179=CARTESIAN_POINT('',(-1.854674454152E-1,1.284732913306E0,
3.309620081717E-1));
#2180=CARTESIAN_POINT('',(-1.559184718831E-1,1.108682910888E0,
2.312756349241E-1));
#2181=CARTESIAN_POINT('',(-1.263694983510E-1,9.326329084699E-1,
1.315892616764E-1));
#2182=CARTESIAN_POINT('',(-9.682052481888E-2,7.565829060517E-1,
3.190288842877E-2));
#2183=CARTESIAN_POINT('',(-7.399205746930E-1,1.115403200583E0,
4.083058063475E-1));
#2184=CARTESIAN_POINT('',(-6.371436189778E-1,9.694406027286E-1,
3.086192743613E-1));
#2185=CARTESIAN_POINT('',(-5.343666632626E-1,8.234780048742E-1,
2.089327423750E-1));
#2186=CARTESIAN_POINT('',(-4.315897075474E-1,6.775154070198E-1,
1.092462103888E-1));
#2187=CARTESIAN_POINT('',(-1.178986157019E0,7.110914364353E-1,
4.856495434388E-1));
#2188=CARTESIAN_POINT('',(-1.023160205749E0,6.239692138958E-1,
3.859630539865E-1));
#2189=CARTESIAN_POINT('',(-8.673342544791E-1,5.368469913563E-1,
2.862765645342E-1));
#2190=CARTESIAN_POINT('',(-7.115083032093E-1,4.497247688168E-1,
1.865900750819E-1));
#2191=CARTESIAN_POINT('',(-1.405459359312E0,1.415045595353E-1,
5.629932968978E-1));
#2192=CARTESIAN_POINT('',(-1.227262517340E0,1.304651989202E-1,
4.633067960483E-1));
#2193=CARTESIAN_POINT('',(-1.049065675369E0,1.194258383051E-1,
3.636202951989E-1));
#2194=CARTESIAN_POINT('',(-8.708688333975E-1,1.083864776900E-1,
2.639337943495E-1));
#2195=CARTESIAN_POINT('',(-1.361537153851E0,-4.847955824067E-1,
6.403370459707E-1));
#2196=CARTESIAN_POINT('',(-1.196154289550E0,-4.174758541415E-1,
5.406505481758E-1));
#2197=CARTESIAN_POINT('',(-1.030771425249E0,-3.501561258764E-1,
4.409640503809E-1));
#2198=CARTESIAN_POINT('',(-8.653885609474E-1,-2.828363976113E-1,
3.412775525860E-1));
#2199=CARTESIAN_POINT('',(-1.046031967803E0,-1.037242094203E0,
7.170655618429E-1));
#2200=CARTESIAN_POINT('',(-9.259290686565E-1,-9.052827984396E-1,
6.173790632336E-1));
#2201=CARTESIAN_POINT('',(-8.058261695095E-1,-7.733235026765E-1,
5.176925646243E-1));
#2202=CARTESIAN_POINT('',(-6.857232703625E-1,-6.413642069135E-1,
4.180060660150E-1));
#2203=CARTESIAN_POINT('',(-5.192032877763E-1,-1.403852983909E0,
7.931788430282E-1));
#2204=CARTESIAN_POINT('',(-4.671621193676E-1,-1.233328241703E0,
6.934923446321E-1));
#2205=CARTESIAN_POINT('',(-4.151209509589E-1,-1.062803499496E0,
5.938058462359E-1));
#2206=CARTESIAN_POINT('',(-3.630797825502E-1,-8.922787572900E-1,
4.941193478398E-1));
#2207=CARTESIAN_POINT('',(1.177401108577E-1,-1.512686978254E0,
8.686768899204E-1));
#2208=CARTESIAN_POINT('',(9.241136328389E-2,-1.336198722794E0,
7.689903914676E-1));
#2209=CARTESIAN_POINT('',(6.708261571009E-2,-1.159710467334E0,
6.693038930148E-1));
#2210=CARTESIAN_POINT('',(4.175386813628E-2,-9.832222118743E-1,
5.696173945620E-1));
#2211=CARTESIAN_POINT('',(7.479722075721E-1,-1.338330513626E0,
9.441749367908E-1));
#2212=CARTESIAN_POINT('',(6.500412709183E-1,-1.189347532459E0,
8.444884383532E-1));
#2213=CARTESIAN_POINT('',(5.521103342645E-1,-1.040364551292E0,
7.448019399156E-1));
#2214=CARTESIAN_POINT('',(4.541793976107E-1,-8.913815701257E-1,
6.451154414779E-1));
#2215=CARTESIAN_POINT('',(1.248436509424E0,-9.086971857912E-1,
1.019672983667E0));
#2216=CARTESIAN_POINT('',(1.096431225306E0,-8.154313802058E-1,
9.199864852254E-1));
#2217=CARTESIAN_POINT('',(9.444259411892E-1,-7.221655746203E-1,
8.202999867837E-1));
#2218=CARTESIAN_POINT('',(7.924206570719E-1,-6.288997690348E-1,
7.206134883420E-1));
#2219=CARTESIAN_POINT('',(1.519729118762E0,-3.033612326747E-1,
1.095171030542E0));
#2220=CARTESIAN_POINT('',(1.342496035103E0,-2.839067808274E-1,
9.954845321011E-1));
#2221=CARTESIAN_POINT('',(1.165262951444E0,-2.644523289801E-1,
8.957980336605E-1));
#2222=CARTESIAN_POINT('',(9.880298677851E-1,-2.449978771329E-1,
7.961115352199E-1));
#2223=CARTESIAN_POINT('',(1.506762551075E0,3.601758391074E-1,1.170669077417E0));
#2224=CARTESIAN_POINT('',(1.338028513097E0,3.031766695720E-1,1.070982578976E0));
#2225=CARTESIAN_POINT('',(1.169294475119E0,2.461775000366E-1,
9.712960805350E-1));
#2226=CARTESIAN_POINT('',(1.000560437140E0,1.891783305011E-1,
8.716095820941E-1));
#2227=CARTESIAN_POINT('',(1.218485711848E0,9.569050903293E-1,1.246167124292E0));
#2228=CARTESIAN_POINT('',(1.088868123463E0,8.347909795974E-1,1.146480625851E0));
#2229=CARTESIAN_POINT('',(9.592505350785E-1,7.126768688655E-1,
1.046794127410E0));
#2230=CARTESIAN_POINT('',(8.296329466939E-1,5.905627581337E-1,
9.471076289693E-1));
#2231=CARTESIAN_POINT('',(7.152149645483E-1,1.371793148817E0,1.320434702417E0));
#2232=CARTESIAN_POINT('',(6.476012959304E-1,1.207290486259E0,1.220748203976E0));
#2233=CARTESIAN_POINT('',(5.799876273125E-1,1.042787823701E0,1.121061705535E0));
#2234=CARTESIAN_POINT('',(5.123739586946E-1,8.782851611422E-1,
1.021375207094E0));
#2235=CARTESIAN_POINT('',(9.818862020753E-2,1.541614404625E0,1.393471811792E0));
#2236=CARTESIAN_POINT('',(1.030456721222E-1,1.364108959959E0,1.293785313351E0));
#2237=CARTESIAN_POINT('',(1.079027240369E-1,1.186603515294E0,1.194098814910E0));
#2238=CARTESIAN_POINT('',(1.127597759515E-1,1.009098070628E0,1.094412316469E0));
#2239=CARTESIAN_POINT('',(-5.246691000147E-1,1.452887835235E0,
1.465278452417E0));
#2240=CARTESIAN_POINT('',(-4.494316058517E-1,1.292044729538E0,
1.365591953976E0));
#2241=CARTESIAN_POINT('',(-3.741941116887E-1,1.131201623842E0,
1.265905455535E0));
#2242=CARTESIAN_POINT('',(-2.989566175256E-1,9.703585181445E-1,
1.166218957094E0));
#2243=CARTESIAN_POINT('',(-1.060476463523E0,1.123151394512E0,1.537085093042E0));
#2244=CARTESIAN_POINT('',(-9.273638523010E-1,1.005632474503E0,
1.437398594601E0));
#2245=CARTESIAN_POINT('',(-7.942512410789E-1,8.881135544952E-1,
1.337712096160E0));
#2246=CARTESIAN_POINT('',(-6.611386298568E-1,7.705946344871E-1,
1.238025597719E0));
#2247=CARTESIAN_POINT('',(-1.420368288148E0,6.071318295652E-1,
1.608891733667E0));
#2248=CARTESIAN_POINT('',(-1.251450558024E0,5.523957345311E-1,
1.509205235226E0));
#2249=CARTESIAN_POINT('',(-1.082532827900E0,4.976596394971E-1,
1.409518736785E0));
#2250=CARTESIAN_POINT('',(-9.136150977761E-1,4.429235444631E-1,
1.309832238344E0));
#2251=CARTESIAN_POINT('',(-1.544667071296E0,-9.593714361989E-3,
1.680698374292E0));
#2252=CARTESIAN_POINT('',(-1.367927587383E0,7.521239032473E-3,
1.581011875851E0));
#2253=CARTESIAN_POINT('',(-1.191188103470E0,2.463619242694E-2,
1.481325377410E0));
#2254=CARTESIAN_POINT('',(-1.014448619557E0,4.175114582140E-2,
1.381638878969E0));
#2255=CARTESIAN_POINT('',(-1.412749075372E0,-6.247449842941E-1,
1.752505014917E0));
#2256=CARTESIAN_POINT('',(-1.257477494563E0,-5.385971014169E-1,
1.652818516476E0));
#2257=CARTESIAN_POINT('',(-1.102205913755E0,-4.524492185397E-1,
1.553132018035E0));
#2258=CARTESIAN_POINT('',(-9.469343329462E-1,-3.663013356625E-1,
1.453445519594E0));
#2259=CARTESIAN_POINT('',(-1.046474003634E0,-1.136289546971E0,
1.824311655542E0));
#2260=CARTESIAN_POINT('',(-9.384300175413E-1,-9.953640605416E-1,
1.724625157101E0));
#2261=CARTESIAN_POINT('',(-8.303860314482E-1,-8.544385741125E-1,
1.624938658660E0));
#2262=CARTESIAN_POINT('',(-7.223420453551E-1,-7.135130876834E-1,
1.525252160219E0));
#2263=CARTESIAN_POINT('',(-5.065638619234E-1,-1.459351600973E0,
1.896118296167E0));
#2264=CARTESIAN_POINT('',(-4.637440612467E-1,-1.287007973702E0,
1.796431797726E0));
#2265=CARTESIAN_POINT('',(-4.209242605700E-1,-1.114664346431E0,
1.696745299285E0));
#2266=CARTESIAN_POINT('',(-3.781044598933E-1,-9.423207191606E-1,
1.597058800844E0));
#2267=CARTESIAN_POINT('',(1.173920618073E-1,-1.540282007224E0,
1.967924936792E0));
#2268=CARTESIAN_POINT('',(8.786776666112E-2,-1.365176863681E0,
1.868238438351E0));
#2269=CARTESIAN_POINT('',(5.834347151493E-2,-1.190071720138E0,
1.768551939910E0));
#2270=CARTESIAN_POINT('',(2.881917636873E-2,-1.014966576595E0,
1.668865441469E0));
#2271=CARTESIAN_POINT('',(7.218343507364E-1,-1.365689864722E0,
2.039731577417E0));
#2272=CARTESIAN_POINT('',(6.249371535522E-1,-1.216889141202E0,
1.940045078976E0));
#2273=CARTESIAN_POINT('',(5.280399563679E-1,-1.068088417683E0,
1.840358580535E0));
#2274=CARTESIAN_POINT('',(4.311427591837E-1,-9.192876941631E-1,
1.740672082094E0));
#2275=CARTESIAN_POINT('',(1.206516089114E0,-9.645721277366E-1,
2.111538218042E0));
#2276=CARTESIAN_POINT('',(1.058338461875E0,-8.667296065087E-1,
2.011851719601E0));
#2277=CARTESIAN_POINT('',(9.101608346368E-1,-7.688870852808E-1,
1.912165221160E0));
#2278=CARTESIAN_POINT('',(7.619832073982E-1,-6.710445640530E-1,
1.812478722719E0));
#2279=CARTESIAN_POINT('',(1.491061836914E0,-4.034720650116E-1,
2.183344858667E0));
#2280=CARTESIAN_POINT('',(1.316168724802E0,-3.727862222986E-1,
2.083658360226E0));
#2281=CARTESIAN_POINT('',(1.141275612690E0,-3.421003795855E-1,
1.983971861785E0));
#2282=CARTESIAN_POINT('',(9.663825005787E-1,-3.114145368725E-1,
1.884285363344E0));
#2283=CARTESIAN_POINT('',(1.528288145361E0,2.245521772753E-1,2.255151499292E0));
#2284=CARTESIAN_POINT('',(1.355652669619E0,1.829978671832E-1,2.155465000851E0));
#2285=CARTESIAN_POINT('',(1.183017193878E0,1.414435570911E-1,2.055778502410E0));
#2286=CARTESIAN_POINT('',(1.010381718136E0,9.988924699905E-2,1.956092003969E0));
#2287=CARTESIAN_POINT('',(1.312012179321E0,8.153467484026E-1,2.326958139917E0));
#2288=CARTESIAN_POINT('',(1.170246462999E0,7.084205877615E-1,2.227271641476E0));
#2289=CARTESIAN_POINT('',(1.028480746677E0,6.014944271204E-1,2.127585143035E0));
#2290=CARTESIAN_POINT('',(8.867150303548E-1,4.945682664794E-1,
2.027898644594E0));
#2291=CARTESIAN_POINT('',(8.780858347650E-1,1.270915823278E0,2.398764780542E0));
#2292=CARTESIAN_POINT('',(7.907140268116E-1,1.116320666731E0,2.299078282101E0));
#2293=CARTESIAN_POINT('',(7.033422188583E-1,9.617255101830E-1,
2.199391783660E0));
#2294=CARTESIAN_POINT('',(6.159704109049E-1,8.071303536352E-1,
2.099705285219E0));
#2295=CARTESIAN_POINT('',(2.984563786589E-1,1.515664156365E0,2.470571421167E0));
#2296=CARTESIAN_POINT('',(2.800476522496E-1,1.339037487552E0,2.370884922726E0));
#2297=CARTESIAN_POINT('',(2.616389258404E-1,1.162410818740E0,2.271198424285E0));
#2298=CARTESIAN_POINT('',(2.432301994311E-1,9.857841499276E-1,
2.171511925844E0));
#2299=CARTESIAN_POINT('',(-3.306902520995E-1,1.508937876224E0,
2.542378061792E0));
#2300=CARTESIAN_POINT('',(-2.770749656117E-1,1.339648489941E0,
2.442691563351E0));
#2301=CARTESIAN_POINT('',(-2.234596791238E-1,1.170359103659E0,
2.343005064910E0));
#2302=CARTESIAN_POINT('',(-1.698443926360E-1,1.001069717376E0,
2.243318566469E0));
#2303=CARTESIAN_POINT('',(-9.049388759180E-1,1.251894271701E0,
2.614184702417E0));
#2304=CARTESIAN_POINT('',(-7.882689800469E-1,1.118032934672E0,
2.514498203976E0));
#2305=CARTESIAN_POINT('',(-6.715990841757E-1,9.841715976435E-1,
2.414811705535E0));
#2306=CARTESIAN_POINT('',(-5.549291883046E-1,8.503102606147E-1,
2.315125207094E0));
#2307=CARTESIAN_POINT('',(-1.329055885359E0,7.872044946956E-1,
2.685991343042E0));
#2308=CARTESIAN_POINT('',(-1.168699484107E0,7.109444609355E-1,
2.586304844601E0));
#2309=CARTESIAN_POINT('',(-1.008343082854E0,6.346844271753E-1,
2.486618346160E0));
#2310=CARTESIAN_POINT('',(-8.479866816008E-1,5.584243934151E-1,
2.386931847719E0));
#2311=CARTESIAN_POINT('',(-1.532712903623E0,1.919538064483E-1,
2.757797983667E0));
#2312=CARTESIAN_POINT('',(-1.355250895768E0,1.859158121238E-1,
2.658111485226E0));
#2313=CARTESIAN_POINT('',(-1.177788887913E0,1.798778177993E-1,
2.558424986785E0));
#2314=CARTESIAN_POINT('',(-1.000326880058E0,1.738398234748E-1,
2.458738488344E0));
#2315=CARTESIAN_POINT('',(-1.482141753682E0,-4.351369411658E-1,
2.829604624292E0));
#2316=CARTESIAN_POINT('',(-1.316972828561E0,-3.699526305808E-1,
2.729918125851E0));
#2317=CARTESIAN_POINT('',(-1.151803903441E0,-3.047683199958E-1,
2.630231627410E0));
#2318=CARTESIAN_POINT('',(-9.866349783204E-1,-2.395840094108E-1,
2.530545128969E0));
#2319=CARTESIAN_POINT('',(-1.185720342377E0,-9.900674464349E-1,
2.901411264917E0));
#2320=CARTESIAN_POINT('',(-1.060221754188E0,-8.644456867105E-1,
2.801724766476E0));
#2321=CARTESIAN_POINT('',(-9.347231659985E-1,-7.388239269861E-1,
2.702038268035E0));
#2322=CARTESIAN_POINT('',(-8.092245778093E-1,-6.132021672618E-1,
2.602351769594E0));
#2323=CARTESIAN_POINT('',(-6.925946045554E-1,-1.380787629151E0,
2.973217905542E0));
#2324=CARTESIAN_POINT('',(-6.275967740902E-1,-1.215533953585E0,
2.873531407101E0));
#2325=CARTESIAN_POINT('',(-5.625989436249E-1,-1.050280278020E0,
2.773844908660E0));
#2326=CARTESIAN_POINT('',(-4.976011131596E-1,-8.850266024544E-1,
2.674158410219E0));
#2327=CARTESIAN_POINT('',(-8.453566125977E-2,-1.542455110149E0,
3.045024546167E0));
#2328=CARTESIAN_POINT('',(-9.089656803472E-2,-1.364985675573E0,
2.945338047726E0));
#2329=CARTESIAN_POINT('',(-9.725747480967E-2,-1.187516240997E0,
2.845651549285E0));
#2330=CARTESIAN_POINT('',(-1.036183815846E-1,-1.010046806421E0,
2.745965050844E0));
#2331=CARTESIAN_POINT('',(5.375473679212E-1,-1.448203157150E0,
3.116831186792E0));
#2332=CARTESIAN_POINT('',(4.608853907184E-1,-1.288026890167E0,
3.017144688351E0));
#2333=CARTESIAN_POINT('',(3.842234135155E-1,-1.127850623185E0,
2.917458189910E0));
#2334=CARTESIAN_POINT('',(3.075614363127E-1,-9.676743562021E-1,
2.817771691469E0));
#2335=CARTESIAN_POINT('',(1.070417303725E0,-1.113714699800E0,3.188637827417E0));
#2336=CARTESIAN_POINT('',(9.362471664684E-1,-9.974000557429E-1,
3.088951328976E0));
#2337=CARTESIAN_POINT('',(8.020770292116E-1,-8.810854116854E-1,
2.989264830535E0));
#2338=CARTESIAN_POINT('',(6.679068919549E-1,-7.647707676279E-1,
2.889578332094E0));
#2339=CARTESIAN_POINT('',(1.425708774632E0,-5.945039552550E-1,
3.260444468042E0));
#2340=CARTESIAN_POINT('',(1.256296967828E0,-5.413117764393E-1,
3.160757969601E0));
#2341=CARTESIAN_POINT('',(1.086885161024E0,-4.881195976237E-1,
3.061071471160E0));
#2342=CARTESIAN_POINT('',(9.174733542193E-1,-4.349274188081E-1,
2.961384972719E0));
#2343=CARTESIAN_POINT('',(1.544510299939E0,2.330326429828E-2,3.332251108667E0));
#2344=CARTESIAN_POINT('',(1.367935942102E0,4.575804193457E-3,3.232564610226E0));
#2345=CARTESIAN_POINT('',(1.191361584265E0,-1.415165591137E-2,
3.132878111785E0));
#2346=CARTESIAN_POINT('',(1.014787226428E0,-3.287911601619E-2,
3.033191613344E0));
#2347=CARTESIAN_POINT('',(1.407126699585E0,6.372462529409E-1,3.404057749292E0));
#2348=CARTESIAN_POINT('',(1.252641430285E0,5.497015801101E-1,3.304371250851E0));
#2349=CARTESIAN_POINT('',(1.098156160985E0,4.621569072793E-1,3.204684752410E0));
#2350=CARTESIAN_POINT('',(9.436708916842E-1,3.746122344485E-1,
3.104998253969E0));
#2351=CARTESIAN_POINT('',(1.036333440336E0,1.145503941179E0,3.475864389917E0));
#2352=CARTESIAN_POINT('',(9.295463998956E-1,1.003633401081E0,3.376177891476E0));
#2353=CARTESIAN_POINT('',(8.227593594552E-1,8.617628609834E-1,
3.276491393035E0));
#2354=CARTESIAN_POINT('',(7.159723190148E-1,7.198923208854E-1,
3.176804894594E0));
#2355=CARTESIAN_POINT('',(4.936132477907E-1,1.463764914418E0,3.547671030542E0));
#2356=CARTESIAN_POINT('',(4.522554008624E-1,1.291071475774E0,3.447984532101E0));
#2357=CARTESIAN_POINT('',(4.108975539342E-1,1.118378037131E0,3.348298033660E0));
#2358=CARTESIAN_POINT('',(3.695397070059E-1,9.456845984871E-1,
3.248611535219E0));
#2359=CARTESIAN_POINT('',(-1.310316135359E-1,1.539202638090E0,
3.619477671167E0));
#2360=CARTESIAN_POINT('',(-1.000249691959E-1,1.364347128167E0,
3.519791172726E0));
#2361=CARTESIAN_POINT('',(-6.901832485602E-2,1.189491618244E0,
3.420104674285E0));
#2362=CARTESIAN_POINT('',(-3.801168051610E-2,1.014636108321E0,
3.320418175844E0));
#2363=CARTESIAN_POINT('',(-7.339343155159E-1,1.359260820316E0,
3.691284311792E0));
#2364=CARTESIAN_POINT('',(-6.357188440042E-1,1.211317532503E0,
3.591597813351E0));
#2365=CARTESIAN_POINT('',(-5.375033724926E-1,1.063374244690E0,
3.491911314910E0));
#2366=CARTESIAN_POINT('',(-4.392879009810E-1,9.154309568775E-1,
3.392224816469E0));
#2367=CARTESIAN_POINT('',(-1.215046500540E0,9.538425646775E-1,
3.763090952417E0));
#2368=CARTESIAN_POINT('',(-1.065989443052E0,8.573401514084E-1,
3.663404453976E0));
#2369=CARTESIAN_POINT('',(-9.169323855644E-1,7.608377381393E-1,
3.563717955535E0));
#2370=CARTESIAN_POINT('',(-7.678753280765E-1,6.643353248702E-1,
3.464031457094E0));
#2371=CARTESIAN_POINT('',(-1.494592184221E0,3.902238661885E-1,
3.834897593042E0));
#2372=CARTESIAN_POINT('',(-1.319424718497E0,3.611356018236E-1,
3.735211094601E0));
#2373=CARTESIAN_POINT('',(-1.144257252773E0,3.320473374587E-1,
3.635524596160E0));
#2374=CARTESIAN_POINT('',(-9.690897870495E-1,3.029590730937E-1,
3.535838097719E0));
#2375=CARTESIAN_POINT('',(-1.526224240109E0,-2.381064418401E-1,
3.906704233667E0));
#2376=CARTESIAN_POINT('',(-1.353976788702E0,-1.949782945237E-1,
3.807017735226E0));
#2377=CARTESIAN_POINT('',(-1.181729337294E0,-1.518501472072E-1,
3.707331236785E0));
#2378=CARTESIAN_POINT('',(-1.009481885886E0,-1.087219998908E-1,
3.607644738344E0));
#2379=CARTESIAN_POINT('',(-1.304704101261E0,-8.269434948812E-1,
3.978510874292E0));
#2380=CARTESIAN_POINT('',(-1.163911500297E0,-7.187436257241E-1,
3.878824375851E0));
#2381=CARTESIAN_POINT('',(-1.023118899333E0,-6.105437565670E-1,
3.779137877410E0));
#2382=CARTESIAN_POINT('',(-8.823262983684E-1,-5.023438874100E-1,
3.679451378969E0));
#2383=CARTESIAN_POINT('',(-8.667611814191E-1,-1.278628692468E0,
4.050317514917E0));
#2384=CARTESIAN_POINT('',(-7.807656510611E-1,-1.123272679027E0,
3.950631016476E0));
#2385=CARTESIAN_POINT('',(-6.947701207032E-1,-9.679166655862E-1,
3.850944518035E0));
#2386=CARTESIAN_POINT('',(-6.087745903453E-1,-8.125606521455E-1,
3.751258019594E0));
#2387=CARTESIAN_POINT('',(-2.850174569279E-1,-1.518231475211E0,
4.122124155542E0));
#2388=CARTESIAN_POINT('',(-2.681051478760E-1,-1.341461938651E0,
4.022437657101E0));
#2389=CARTESIAN_POINT('',(-2.511928388240E-1,-1.164692402091E0,
3.922751158660E0));
#2390=CARTESIAN_POINT('',(-2.342805297721E-1,-9.879228655312E-1,
3.823064660219E0));
#2391=CARTESIAN_POINT('',(3.440466982944E-1,-1.505970090753E0,
4.193930796167E0));
#2392=CARTESIAN_POINT('',(2.889982534595E-1,-1.337134282747E0,
4.094244297726E0));
#2393=CARTESIAN_POINT('',(2.339498086246E-1,-1.168298474741E0,
3.994557799285E0));
#2394=CARTESIAN_POINT('',(1.789013637898E-1,-9.994626667355E-1,
3.894871300844E0));
#2395=CARTESIAN_POINT('',(9.160259354625E-1,-1.243843254875E0,
4.265737436792E0));
#2396=CARTESIAN_POINT('',(7.981699778169E-1,-1.111014536216E0,
4.166050938351E0));
#2397=CARTESIAN_POINT('',(6.803140201713E-1,-9.781858175570E-1,
4.066364439910E0));
#2398=CARTESIAN_POINT('',(5.624580625258E-1,-8.453570988983E-1,
3.966677941469E0));
#2399=CARTESIAN_POINT('',(1.336009427138E0,-7.753918024232E-1,
4.337544077417E0));
#2400=CARTESIAN_POINT('',(1.174968733037E0,-7.005812617407E-1,
4.237857578976E0));
#2401=CARTESIAN_POINT('',(1.013928038936E0,-6.257707210582E-1,
4.138171080535E0));
#2402=CARTESIAN_POINT('',(8.528873448348E-1,-5.509601803756E-1,
4.038484582094E0));
#2403=CARTESIAN_POINT('',(1.534364426063E0,-1.783431268930E-1,
4.409350718042E0));
#2404=CARTESIAN_POINT('',(1.356853154855E0,-1.739253484839E-1,
4.309664219601E0));
#2405=CARTESIAN_POINT('',(1.179341883647E0,-1.695075700748E-1,
4.209977721160E0));
#2406=CARTESIAN_POINT('',(1.001830612440E0,-1.650897916657E-1,
4.110291222719E0));
#2407=CARTESIAN_POINT('',(1.478210893906E0,4.482718615755E-1,4.481157358667E0));
#2408=CARTESIAN_POINT('',(1.313645327298E0,3.815830627069E-1,4.381470860226E0));
#2409=CARTESIAN_POINT('',(1.149079760691E0,3.148942638383E-1,4.281784361785E0));
#2410=CARTESIAN_POINT('',(9.845141940830E-1,2.482054649696E-1,
4.182097863344E0));
#2411=CARTESIAN_POINT('',(1.176868911895E0,1.000533807419E0,4.552963999292E0));
#2412=CARTESIAN_POINT('',(1.052511290559E0,8.737862228757E-1,4.453277500851E0));
#2413=CARTESIAN_POINT('',(9.281536692236E-1,7.470386383322E-1,
4.353591002410E0));
#2414=CARTESIAN_POINT('',(8.037960478879E-1,6.202910537888E-1,
4.253904503969E0));
#2415=CARTESIAN_POINT('',(6.803064374904E-1,1.386848740824E0,4.624770639917E0));
#2416=CARTESIAN_POINT('',(6.167774094544E-1,1.221033226621E0,4.525084141476E0));
#2417=CARTESIAN_POINT('',(5.532483814183E-1,1.055217712417E0,4.425397643035E0));
#2418=CARTESIAN_POINT('',(4.897193533823E-1,8.894021982140E-1,
4.325711144594E0));
#2419=CARTESIAN_POINT('',(7.087019116335E-2,1.543126430037E0,4.696577280542E0));
#2420=CARTESIAN_POINT('',(7.873283229904E-2,1.365723853597E0,4.596890782101E0));
#2421=CARTESIAN_POINT('',(8.659547343474E-2,1.188321277158E0,4.497204283660E0));
#2422=CARTESIAN_POINT('',(9.445811457043E-2,1.010918700718E0,4.397517785219E0));
#2423=CARTESIAN_POINT('',(-5.503605562887E-1,1.443404760603E0,
4.768383921167E0));
#2424=CARTESIAN_POINT('',(-4.723425261951E-1,1.283877182034E0,
4.668697422726E0));
#2425=CARTESIAN_POINT('',(-3.943244961015E-1,1.124349603465E0,
4.569010924285E0));
#2426=CARTESIAN_POINT('',(-3.163064660078E-1,9.648220248965E-1,
4.469324425844E0));
#2427=CARTESIAN_POINT('',(-1.080275507960E0,1.104198525646E0,4.840190561792E0));
#2428=CARTESIAN_POINT('',(-9.450746231894E-1,9.890715695916E-1,
4.740504063351E0));
#2429=CARTESIAN_POINT('',(-8.098737384186E-1,8.739446135375E-1,
4.640817564910E0));
#2430=CARTESIAN_POINT('',(-6.746728536479E-1,7.588176574834E-1,
4.541131066469E0));
#2431=CARTESIAN_POINT('',(-1.430950008004E0,5.818382174269E-1,
4.911997202417E0));
#2432=CARTESIAN_POINT('',(-1.261062374183E0,5.301766840745E-1,
4.812310703976E0));
#2433=CARTESIAN_POINT('',(-1.091174740362E0,4.785151507220E-1,
4.712624205535E0));
#2434=CARTESIAN_POINT('',(-9.212871065404E-1,4.268536173696E-1,
4.612937707094E0));
#2435=CARTESIAN_POINT('',(-1.544250829706E0,-3.701132030628E-2,
4.983803843042E0));
#2436=CARTESIAN_POINT('',(-1.367853258310E0,-1.667256474610E-2,
4.884117344601E0));
#2437=CARTESIAN_POINT('',(-1.191455686915E0,3.666190814074E-3,
4.784430846160E0));
#2438=CARTESIAN_POINT('',(-1.015058115520E0,2.400494637425E-2,
4.684744347719E0));
#2439=CARTESIAN_POINT('',(-1.401405449262E0,-6.497059916011E-1,
5.055610483667E0));
#2440=CARTESIAN_POINT('',(-1.247727120637E0,-5.607554833475E-1,
4.955923985226E0));
#2441=CARTESIAN_POINT('',(-1.094048792013E0,-4.718049750938E-1,
4.856237486785E0));
#2442=CARTESIAN_POINT('',(-9.403704633879E-1,-3.828544668401E-1,
4.756550988344E0));
#2443=CARTESIAN_POINT('',(-1.026111062641E0,-1.154636056383E0,
5.127417124292E0));
#2444=CARTESIAN_POINT('',(-9.206106171781E-1,-1.011809503603E0,
5.027730625851E0));
#2445=CARTESIAN_POINT('',(-8.151101717152E-1,-8.689829508229E-1,
4.928044127410E0));
#2446=CARTESIAN_POINT('',(-7.096097262522E-1,-7.261563980430E-1,
4.828357628969E0));
#2447=CARTESIAN_POINT('',(-4.806009118236E-1,-1.468056212265E0,
5.199223764917E0));
#2448=CARTESIAN_POINT('',(-4.407757833148E-1,-1.295010896544E0,
5.099537266476E0));
#2449=CARTESIAN_POINT('',(-4.009506548061E-1,-1.121965580823E0,
4.999850768035E0));
#2450=CARTESIAN_POINT('',(-3.611255262973E-1,-9.489202651022E-1,
4.900164269594E0));
#2451=CARTESIAN_POINT('',(1.446574605320E-1,-1.537964883275E0,
5.271030405542E0));
#2452=CARTESIAN_POINT('',(1.121730151086E-1,-1.363384655132E0,
5.171343907101E0));
#2453=CARTESIAN_POINT('',(7.968856968524E-2,-1.188804426988E0,
5.071657408660E0));
#2454=CARTESIAN_POINT('',(4.720412426186E-2,-1.014224198845E0,
4.971970910219E0));
#2455=CARTESIAN_POINT('',(7.459546750494E-1,-1.352725274260E0,
5.342837046167E0));
#2456=CARTESIAN_POINT('',(6.464866688488E-1,-1.205613150062E0,
5.243150547726E0));
#2457=CARTESIAN_POINT('',(5.470186626481E-1,-1.058501025863E0,
5.143464049285E0));
#2458=CARTESIAN_POINT('',(4.475506564475E-1,-9.113889016645E-1,
5.043777550844E0));
#2459=CARTESIAN_POINT('',(1.223483834654E0,-9.430465860587E-1,
5.414643686792E0));
#2460=CARTESIAN_POINT('',(1.073571420469E0,-8.478637970358E-1,
5.314957188351E0));
#2461=CARTESIAN_POINT('',(9.236590062832E-1,-7.526810080129E-1,
5.215270689910E0));
#2462=CARTESIAN_POINT('',(7.737465920978E-1,-6.574982189900E-1,
5.115584191469E0));
#2463=CARTESIAN_POINT('',(1.498019022192E0,-3.769517818193E-1,
5.486450327417E0));
#2464=CARTESIAN_POINT('',(1.322593463282E0,-3.494455019016E-1,
5.386763828976E0));
#2465=CARTESIAN_POINT('',(1.147167904372E0,-3.219392219840E-1,
5.287077330535E0));
#2466=CARTESIAN_POINT('',(9.717423454626E-1,-2.944329420663E-1,
5.187390832094E0));
#2467=CARTESIAN_POINT('',(1.524058831079E0,2.516448733613E-1,5.558256968042E0));
#2468=CARTESIAN_POINT('',(1.352210772519E0,2.069457353246E-1,5.458570469601E0));
#2469=CARTESIAN_POINT('',(1.180362713960E0,1.622465972880E-1,5.358883971160E0));
#2470=CARTESIAN_POINT('',(1.008514655400E0,1.175474592513E-1,5.259197472719E0));
#2471=CARTESIAN_POINT('',(1.297303896994E0,8.384853651606E-1,5.630063608667E0));
#2472=CARTESIAN_POINT('',(1.157506101547E0,7.290056958345E-1,5.530377110226E0));
#2473=CARTESIAN_POINT('',(1.017708306101E0,6.195260265084E-1,5.430690611785E0));
#2474=CARTESIAN_POINT('',(8.779105106539E-1,5.100463571824E-1,
5.331004113344E0));
#2475=CARTESIAN_POINT('',(8.553669645719E-1,1.286248689598E0,5.701870249292E0));
#2476=CARTESIAN_POINT('',(7.707785974478E-1,1.130125096509E0,5.602183750851E0));
#2477=CARTESIAN_POINT('',(6.861902303238E-1,9.740015034191E-1,
5.502497252410E0));
#2478=CARTESIAN_POINT('',(6.016018631997E-1,8.178779103297E-1,
5.402810753969E0));
#2479=CARTESIAN_POINT('',(2.715344019960E-1,1.520669374765E0,5.773676889917E0));
#2480=CARTESIAN_POINT('',(2.561888735760E-1,1.343764776433E0,5.673990391476E0));
#2481=CARTESIAN_POINT('',(2.408433451561E-1,1.166860178100E0,5.574303893035E0));
#2482=CARTESIAN_POINT('',(2.254978167361E-1,9.899555797673E-1,
5.474617394594E0));
#2483=CARTESIAN_POINT('',(-3.573675224903E-1,1.502847369810E0,
5.845483530542E0));
#2484=CARTESIAN_POINT('',(-3.008939939655E-1,1.334489905381E0,
5.745797032101E0));
#2485=CARTESIAN_POINT('',(-2.444204654408E-1,1.166132440951E0,
5.646110533660E0));
#2486=CARTESIAN_POINT('',(-1.879469369160E-1,9.977749765220E-1,
5.546424035219E0));
#2487=CARTESIAN_POINT('',(-9.270193376107E-1,1.235697856495E0,
5.917290171167E0));
#2488=CARTESIAN_POINT('',(-8.080387599306E-1,1.103866587523E0,
5.817603672726E0));
#2489=CARTESIAN_POINT('',(-6.890581822505E-1,9.720353185518E-1,
5.717917174285E0));
#2490=CARTESIAN_POINT('',(-5.700776045704E-1,8.402040495802E-1,
5.618230675844E0));
#2491=CARTESIAN_POINT('',(-1.342861551552E0,7.635262998088E-1,
5.989096811792E0));
#2492=CARTESIAN_POINT('',(-1.181157551923E0,6.901416164146E-1,
5.889410313351E0));
#2493=CARTESIAN_POINT('',(-1.019453552293E0,6.167569330204E-1,
5.789723814910E0));
#2494=CARTESIAN_POINT('',(-8.577495526633E-1,5.433722496262E-1,
5.690037316469E0));
#2495=CARTESIAN_POINT('',(-1.535910121827E0,1.647232052122E-1,
6.060903452417E0));
#2496=CARTESIAN_POINT('',(-1.358363518317E0,1.619079368694E-1,
5.961216953976E0));
#2497=CARTESIAN_POINT('',(-1.180816914807E0,1.590926685265E-1,
5.861530455535E0));
#2498=CARTESIAN_POINT('',(-1.003270311297E0,1.562774001837E-1,
5.761843957094E0));
#2499=CARTESIAN_POINT('',(-1.474181723192E0,-4.613769715589E-1,
6.132710093042E0));
#2500=CARTESIAN_POINT('',(-1.310230376599E0,-3.931880859382E-1,
6.033023594601E0));
#2501=CARTESIAN_POINT('',(-1.146279030006E0,-3.249992003174E-1,
5.933337096160E0));
#2502=CARTESIAN_POINT('',(-9.823276834126E-1,-2.568103146967E-1,
5.833650597719E0));
#2503=CARTESIAN_POINT('',(-1.167933892393E0,-1.010933000621E0,
6.204516733667E0));
#2504=CARTESIAN_POINT('',(-1.044739564927E0,-8.830565786826E-1,
6.104830235226E0));
#2505=CARTESIAN_POINT('',(-9.215452374607E-1,-7.551801567446E-1,
6.005143736785E0));
#2506=CARTESIAN_POINT('',(-7.983509099947E-1,-6.273037348067E-1,
5.905457238344E0));
#2507=CARTESIAN_POINT('',(-6.679623142442E-1,-1.392808200121E0,
6.276323374292E0));
#2508=CARTESIAN_POINT('',(-6.059336094426E-1,-1.226428489962E0,
6.176636875851E0));
#2509=CARTESIAN_POINT('',(-5.439049046410E-1,-1.060048779803E0,
6.076950377410E0));
#2510=CARTESIAN_POINT('',(-4.818761998395E-1,-8.936690696443E-1,
5.977263878969E0));
#2511=CARTESIAN_POINT('',(-5.717903571038E-2,-1.543663446704E0,
6.348130014917E0));
#2512=CARTESIAN_POINT('',(-6.661200246024E-2,-1.366345254485E0,
6.248443516476E0));
#2513=CARTESIAN_POINT('',(-7.604496921009E-2,-1.189027062265E0,
6.148757018035E0));
#2514=CARTESIAN_POINT('',(-8.547793595995E-2,-1.011708870046E0,
6.049070519594E0));
#2515=CARTESIAN_POINT('',(5.631168991163E-1,-1.438457896848E0,
6.419936655542E0));
#2516=CARTESIAN_POINT('',(4.837542600308E-1,-1.279602406636E0,
6.320250157101E0));
#2517=CARTESIAN_POINT('',(4.043916209453E-1,-1.120746916424E0,
6.220563658660E0));
#2518=CARTESIAN_POINT('',(3.250289818598E-1,-9.618914262123E-1,
6.120877160219E0));
#2519=CARTESIAN_POINT('',(1.090027826905E0,-1.094601928293E0,6.491743296167E0));
#2520=CARTESIAN_POINT('',(9.538521417281E-1,-9.806192800070E-1,
6.392056797726E0));
#2521=CARTESIAN_POINT('',(8.176764565509E-1,-8.666366317210E-1,
6.292370299285E0));
#2522=CARTESIAN_POINT('',(6.815007713738E-1,-7.526539834351E-1,
6.192683800844E0));
#2523=CARTESIAN_POINT('',(1.436083459327E0,-5.691343031168E-1,
6.563549936792E0));
#2524=CARTESIAN_POINT('',(1.265737490790E0,-5.189770877224E-1,
6.463863438351E0));
#2525=CARTESIAN_POINT('',(1.095391522252E0,-4.688198723281E-1,
6.364176939910E0));
#2526=CARTESIAN_POINT('',(9.250455537146E-1,-4.186626569337E-1,
6.264490441469E0));
#2527=CARTESIAN_POINT('',(1.543885276716E0,5.071379500980E-2,6.635356577417E0));
#2528=CARTESIAN_POINT('',(1.367675822094E0,2.878321692060E-2,6.535670078976E0));
#2529=CARTESIAN_POINT('',(1.191466367471E0,6.852638831412E-3,6.435983580535E0));
#2530=CARTESIAN_POINT('',(1.015256912849E0,-1.507793925778E-2,
6.336297082094E0));
#2531=CARTESIAN_POINT('',(1.395590995706E0,6.621225230883E-1,6.707163218042E0));
#2532=CARTESIAN_POINT('',(1.242729750690E0,5.717720502397E-1,6.607476719601E0));
#2533=CARTESIAN_POINT('',(1.089868505674E0,4.814215773910E-1,6.507790221160E0));
#2534=CARTESIAN_POINT('',(9.370072606578E-1,3.910711045424E-1,
6.408103722719E0));
#2535=CARTESIAN_POINT('',(1.015815261232E0,1.163690020492E0,6.778969858667E0));
#2536=CARTESIAN_POINT('',(9.116239397408E-1,1.019907580210E0,6.679283360226E0));
#2537=CARTESIAN_POINT('',(8.074326182498E-1,8.761251399278E-1,
6.579596861785E0));
#2538=CARTESIAN_POINT('',(7.032412967588E-1,7.323426996459E-1,
6.479910363344E0));
#2539=CARTESIAN_POINT('',(4.675473168908E-1,1.472239057369E0,6.850776499292E0));
#2540=CARTESIAN_POINT('',(4.292864488219E-1,1.298843918606E0,6.751090000851E0));
#2541=CARTESIAN_POINT('',(3.910255807529E-1,1.125448779844E0,6.651403502410E0));
#2542=CARTESIAN_POINT('',(3.527647126840E-1,9.520536410810E-1,
6.551717003969E0));
#2543=CARTESIAN_POINT('',(-1.582900447492E-1,1.536590557224E0,
6.922583139917E0));
#2544=CARTESIAN_POINT('',(-1.242623150077E-1,1.362312515686E0,
6.822896641476E0));
#2545=CARTESIAN_POINT('',(-9.023458526615E-2,1.188034474148E0,
6.723210143035E0));
#2546=CARTESIAN_POINT('',(-5.620685552461E-2,1.013756432610E0,
6.623523644594E0));
#2547=CARTESIAN_POINT('',(-7.578980727206E-1,1.346050621055E0,
6.994389780542E0));
#2548=CARTESIAN_POINT('',(-6.571921220713E-1,1.199791239281E0,
6.894703282101E0));
#2549=CARTESIAN_POINT('',(-5.564861714221E-1,1.053531857507E0,
6.795016783660E0));
#2550=CARTESIAN_POINT('',(-4.557802207728E-1,9.072724757326E-1,
6.695330285219E0));
#2551=CARTESIAN_POINT('',(-1.231805117982E0,9.321857090532E-1,
7.066196421167E0));
#2552=CARTESIAN_POINT('',(-1.081086709856E0,8.382717974347E-1,
6.966509922726E0));
#2553=CARTESIAN_POINT('',(-9.303683017289E-1,7.443578858161E-1,
6.866823424285E0));
#2554=CARTESIAN_POINT('',(-7.796498936022E-1,6.504439741975E-1,
6.767136925844E0));
#2555=CARTESIAN_POINT('',(-1.501333812772E0,3.636568984162E-1,
7.138003061792E0));
#2556=CARTESIAN_POINT('',(-1.325663817249E0,3.377040965233E-1,
7.038316563351E0));
#2557=CARTESIAN_POINT('',(-1.149993821726E0,3.117512946303E-1,
6.938630064910E0));
#2558=CARTESIAN_POINT('',(-9.743238262031E-1,2.857984927374E-1,
6.838943566469E0));
#2559=CARTESIAN_POINT('',(-1.521789149455E0,-2.651630088581E-1,
7.209809702417E0));
#2560=CARTESIAN_POINT('',(-1.350348992667E0,-2.189137408177E-1,
7.110123203976E0));
#2561=CARTESIAN_POINT('',(-1.178908835879E0,-1.726644727772E-1,
7.010436705535E0));
#2562=CARTESIAN_POINT('',(-1.007468679092E0,-1.264152047367E-1,
6.910750207094E0));
#2563=CARTESIAN_POINT('',(-1.289817412583E0,-8.499714730953E-1,
7.281616343042E0));
#2564=CARTESIAN_POINT('',(-1.151023649457E0,-7.392192293746E-1,
7.181929844601E0));
#2565=CARTESIAN_POINT('',(-1.012229886331E0,-6.284669856540E-1,
7.082243346160E0));
#2566=CARTESIAN_POINT('',(-8.734361232044E-1,-5.177147419333E-1,
6.982556847719E0));
#2567=CARTESIAN_POINT('',(-8.439109194393E-1,-1.293781074523E0,
7.353422983667E0));
#2568=CARTESIAN_POINT('',(-7.607520077096E-1,-1.136893162282E0,
7.253736485226E0));
#2569=CARTESIAN_POINT('',(-6.775930959800E-1,-9.800052500408E-1,
7.154049986785E0));
#2570=CARTESIAN_POINT('',(-5.944341842503E-1,-8.231173377996E-1,
7.054363488344E0));
#2571=CARTESIAN_POINT('',(-2.580255889422E-1,-1.522994133615E0,
7.425229624292E0));
#2572=CARTESIAN_POINT('',(-2.442777900247E-1,-1.345960898891E0,
7.325543125851E0));
#2573=CARTESIAN_POINT('',(-2.305299911071E-1,-1.168927664167E0,
7.225856627410E0));
#2574=CARTESIAN_POINT('',(-2.167821921896E-1,-9.918944294430E-1,
7.126170128969E0));
#2575=CARTESIAN_POINT('',(3.706760045463E-1,-1.499588469704E0,
7.497036264917E0));
#2576=CARTESIAN_POINT('',(3.127162925762E-1,-1.331745108376E0,
7.397349766476E0));
#2577=CARTESIAN_POINT('',(2.547565806062E-1,-1.163901747047E0,
7.297663268035E0));
#2578=CARTESIAN_POINT('',(1.967968686362E-1,-9.960583857185E-1,
7.197976769594E0));
#2579=CARTESIAN_POINT('',(9.379171606118E-1,-1.227425420506E0,
7.568842905542E0));
#2580=CARTESIAN_POINT('',(8.178294152950E-1,-1.096610938595E0,
7.469156407101E0));
#2581=CARTESIAN_POINT('',(6.977416699783E-1,-9.657964566828E-1,
7.369469908660E0));
#2582=CARTESIAN_POINT('',(5.776539246616E-1,-8.349819747711E-1,
7.269783410219E0));
#2583=CARTESIAN_POINT('',(1.349589720084E0,-7.516126876880E-1,
7.640649546167E0));
#2584=CARTESIAN_POINT('',(1.187264231859E0,-6.795967365637E-1,
7.540963047726E0));
#2585=CARTESIAN_POINT('',(1.024938743635E0,-6.075807854394E-1,
7.441276549285E0));
#2586=CARTESIAN_POINT('',(8.626132554098E-1,-5.355648343152E-1,
7.341590050844E0));
#2587=CARTESIAN_POINT('',(1.537341687279E0,-1.510963060183E-1,
7.712456186792E0));
#2588=CARTESIAN_POINT('',(1.359769306314E0,-1.498534176404E-1,
7.612769688351E0));
#2589=CARTESIAN_POINT('',(1.182196925349E0,-1.486105292624E-1,
7.513083189910E0));
#2590=CARTESIAN_POINT('',(1.004624544384E0,-1.473676408844E-1,
7.413396691469E0));
#2591=CARTESIAN_POINT('',(1.470052121035E0,4.744474661178E-1,7.784262827417E0));
#2592=CARTESIAN_POINT('',(1.306720516238E0,4.047803359333E-1,7.684576328976E0));
#2593=CARTESIAN_POINT('',(1.143388911441E0,3.351132057488E-1,7.584889830535E0));
#2594=CARTESIAN_POINT('',(9.800573066441E-1,2.654460755642E-1,
7.485203332094E0));
#2595=CARTESIAN_POINT('',(1.158921196371E0,1.021264962426E0,7.856069468042E0));
#2596=CARTESIAN_POINT('',(1.036898293731E0,8.922681430730E-1,7.756382969601E0));
#2597=CARTESIAN_POINT('',(9.148753910912E-1,7.632713237201E-1,
7.656696471160E0));
#2598=CARTESIAN_POINT('',(7.928524884512E-1,6.342745043671E-1,
7.557009972719E0));
#2599=CARTESIAN_POINT('',(6.555691624118E-1,1.398672292583E0,7.927876108667E0));
#2600=CARTESIAN_POINT('',(5.950624019720E-1,1.231734718776E0,7.828189610226E0));
#2601=CARTESIAN_POINT('',(5.345556415322E-1,1.064797144969E0,7.728503111785E0));
#2602=CARTESIAN_POINT('',(4.740488810924E-1,8.978595711618E-1,
7.628816613344E0));
#2603=CARTESIAN_POINT('',(4.347812468763E-2,1.544084838423E0,7.999682749292E0));
#2604=CARTESIAN_POINT('',(5.451116996050E-2,1.366861701999E0,7.899996250851E0));
#2605=CARTESIAN_POINT('',(6.554421523337E-2,1.189638565575E0,7.800309752410E0));
#2606=CARTESIAN_POINT('',(7.657726050624E-2,1.012415429151E0,7.700623253969E0));
#2607=CARTESIAN_POINT('',(-5.758420608379E-1,1.433377898457E0,
8.071489389917E0));
#2608=CARTESIAN_POINT('',(-4.950792865654E-1,1.275238414313E0,
7.971802891476E0));
#2609=CARTESIAN_POINT('',(-4.143165122929E-1,1.117098930168E0,
7.872116393035E0));
#2610=CARTESIAN_POINT('',(-3.335537380203E-1,9.589594460240E-1,
7.772429894594E0));
#2611=CARTESIAN_POINT('',(-1.099667811082E0,1.084892837269E0,8.143296030542E0));
#2612=CARTESIAN_POINT('',(-9.625373001216E-1,9.720712160378E-1,
8.043609532101E0));
#2613=CARTESIAN_POINT('',(-8.254067891608E-1,8.592495948070E-1,
7.943923033660E0));
#2614=CARTESIAN_POINT('',(-6.882762782001E-1,7.464279735762E-1,
7.844236535219E0));
#2615=CARTESIAN_POINT('',(-1.441087464021E0,5.564000052414E-1,
8.215102671167E0));
#2616=CARTESIAN_POINT('',(-1.270316617384E0,5.076847172757E-1,
8.115416172726E0));
#2617=CARTESIAN_POINT('',(-1.099545770748E0,4.589694293099E-1,
8.015729674285E0));
#2618=CARTESIAN_POINT('',(-9.287749241120E-1,4.102541413442E-1,
7.916043175844E0));
#2619=CARTESIAN_POINT('',(-1.543405733563E0,-6.440728979985E-2,
8.286909311792E0));
#2620=CARTESIAN_POINT('',(-1.367389662718E0,-4.091605611074E-2,
8.187222813351E0));
#2621=CARTESIAN_POINT('',(-1.191373591872E0,-1.742482242163E-2,
8.087536314910E0));
#2622=CARTESIAN_POINT('',(-1.015357521027E0,6.066411267478E-3,
7.987849816469E0));
#2623=CARTESIAN_POINT('',(-1.389681907740E0,-6.744907939794E-1,
8.358715952417E0));
#2624=CARTESIAN_POINT('',(-1.237640173460E0,-5.827627547132E-1,
8.259029453976E0));
#2625=CARTESIAN_POINT('',(-1.085598439179E0,-4.910347154470E-1,
8.159342955535E0));
#2626=CARTESIAN_POINT('',(-9.335567048991E-1,-3.993066761809E-1,
8.059656457094E0));
#2627=CARTESIAN_POINT('',(-1.005451900964E0,-1.172666593660E0,
8.430522593042E0));
#2628=CARTESIAN_POINT('',(-9.025765800363E-1,-1.027937755849E0,
8.330836094601E0));
#2629=CARTESIAN_POINT('',(-7.997012591086E-1,-8.832089180380E-1,
8.231149596160E0));
#2630=CARTESIAN_POINT('',(-6.968259381809E-1,-7.384800802270E-1,
8.131463097719E0));
#2631=CARTESIAN_POINT('',(-4.544584440075E-1,-1.476320638548E0,
8.502329233667E0));
#2632=CARTESIAN_POINT('',(-4.177823658890E-1,-1.302584956854E0,
8.402642735226E0));
#2633=CARTESIAN_POINT('',(-3.811062877704E-1,-1.128849275160E0,
8.302956236785E0));
#2634=CARTESIAN_POINT('',(-3.444302096519E-1,-9.551135934661E-1,
8.203269738344E0));
#2635=CARTESIAN_POINT('',(1.719161769451E-1,-1.535100374018E0,
8.574135874292E0));
#2636=CARTESIAN_POINT('',(1.363171874890E-1,-1.361139231492E0,
8.474449375851E0));
#2637=CARTESIAN_POINT('',(1.007181980329E-1,-1.187178088967E0,
8.374762877410E0));
#2638=CARTESIAN_POINT('',(6.511920857675E-2,-1.013216946441E0,
8.275076378969E0));
#2639=CARTESIAN_POINT('',(7.697921137140E-1,-1.339248471160E0,
8.645942514917E0));
#2640=CARTESIAN_POINT('',(6.677993399124E-1,-1.193893042984E0,
8.546256016476E0));
#2641=CARTESIAN_POINT('',(5.658065661109E-1,-1.048537614807E0,
8.446569518035E0));
#2642=CARTESIAN_POINT('',(4.638137923093E-1,-9.031821866301E-1,
8.346883019594E0));
#2643=CARTESIAN_POINT('',(1.239999289756E0,-9.212290723429E-1,
8.717749155542E0));
#2644=CARTESIAN_POINT('',(1.088497023824E0,-8.285978484070E-1,
8.618062657101E0));
#2645=CARTESIAN_POINT('',(9.369947578920E-1,-7.359666244710E-1,
8.518376158660E0));
#2646=CARTESIAN_POINT('',(7.854924919598E-1,-6.433354005351E-1,
8.418689660219E0));
#2647=CARTESIAN_POINT('',(1.504612898878E0,-3.501429162530E-1,
8.789581837833E0));
#2648=CARTESIAN_POINT('',(1.328713960961E0,-3.257017431258E-1,
8.689895339393E0));
#2649=CARTESIAN_POINT('',(1.152815023045E0,-3.012605699986E-1,
8.590208840952E0));
#2650=CARTESIAN_POINT('',(9.769160851285E-1,-2.768193968714E-1,
8.490522342511E0));
#2651=CARTESIAN_POINT('',(1.519375758499E0,2.793513146114E-1,8.861440561792E0));
#2652=CARTESIAN_POINT('',(1.348355376627E0,2.315036997876E-1,8.761754063351E0));
#2653=CARTESIAN_POINT('',(1.177334994754E0,1.836560849639E-1,8.662067564910E0));
#2654=CARTESIAN_POINT('',(1.006314612882E0,1.358084701401E-1,8.562381066469E0));
#2655=CARTESIAN_POINT('',(1.281553147349E0,8.625935887499E-1,8.933325327417E0));
#2656=CARTESIAN_POINT('',(1.143854341896E0,7.504619773338E-1,8.833638828976E0));
#2657=CARTESIAN_POINT('',(1.006155536442E0,6.383303659176E-1,8.733952330535E0));
#2658=CARTESIAN_POINT('',(8.684567309891E-1,5.261987545014E-1,
8.634265832094E0));
#2659=CARTESIAN_POINT('',(8.307034546847E-1,1.302417188222E0,9.005210093042E0));
#2660=CARTESIAN_POINT('',(7.491846123791E-1,1.144656133619E0,8.905523594601E0));
#2661=CARTESIAN_POINT('',(6.676657700734E-1,9.868950790170E-1,
8.805837096160E0));
#2662=CARTESIAN_POINT('',(5.861469277677E-1,8.291340244146E-1,
8.706150597719E0));
#2663=CARTESIAN_POINT('',(2.418001056134E-1,1.525749537266E0,9.077094858667E0));
#2664=CARTESIAN_POINT('',(2.299827979641E-1,1.348571238047E0,8.977408360226E0));
#2665=CARTESIAN_POINT('',(2.181654903149E-1,1.171392938828E0,8.877721861785E0));
#2666=CARTESIAN_POINT('',(2.063481826656E-1,9.942146396087E-1,
8.778035363344E0));
#2667=CARTESIAN_POINT('',(-3.873676508686E-1,1.495413893282E0,
9.148979624292E0));
#2668=CARTESIAN_POINT('',(-3.275212736612E-1,1.328212168691E0,
9.049293125851E0));
#2669=CARTESIAN_POINT('',(-2.676748964538E-1,1.161010444100E0,
8.949606627410E0));
#2670=CARTESIAN_POINT('',(-2.078285192465E-1,9.938087195085E-1,
8.849920128969E0));
#2671=CARTESIAN_POINT('',(-9.518989482986E-1,1.216693892940E0,
9.220864389917E0));
#2672=CARTESIAN_POINT('',(-8.303084508270E-1,1.087319062603E0,
9.121177891476E0));
#2673=CARTESIAN_POINT('',(-7.087179533554E-1,9.579442322656E-1,
9.021491393035E0));
#2674=CARTESIAN_POINT('',(-5.871274558837E-1,8.285694019282E-1,
8.921804894594E0));
#2675=CARTESIAN_POINT('',(-1.359202082268E0,7.349348354529E-1,
9.292749155542E0));
#2676=CARTESIAN_POINT('',(-1.196051965995E0,6.646196411811E-1,
9.193062657101E0));
#2677=CARTESIAN_POINT('',(-1.032901849721E0,5.943044469093E-1,
9.093376158660E0));
#2678=CARTESIAN_POINT('',(-8.697517334471E-1,5.239892526375E-1,
8.993689660219E0));
#2679=CARTESIAN_POINT('',(-1.537350025937E0,1.321113340886E-1,
9.364842254500E0));
#2680=CARTESIAN_POINT('',(-1.359697714752E0,1.339160615707E-1,
9.265155756059E0));
#2681=CARTESIAN_POINT('',(-1.182045403568E0,1.357207890528E-1,
9.165469257618E0));
#2682=CARTESIAN_POINT('',(-1.004393092383E0,1.375255165349E-1,
9.065782759178E0));
#2683=CARTESIAN_POINT('',(-1.460053112073E0,-4.765542995136E-1,
9.437143686792E0));
#2684=CARTESIAN_POINT('',(-1.297875279130E0,-4.046162138705E-1,
9.337457188351E0));
#2685=CARTESIAN_POINT('',(-1.135697446186E0,-3.326781282275E-1,
9.237770689910E0));
#2686=CARTESIAN_POINT('',(-9.735196132432E-1,-2.607400425844E-1,
9.138084191469E0));
#2687=CARTESIAN_POINT('',(-1.156740458559E0,-9.942831504416E-1,
9.509653452417E0));
#2688=CARTESIAN_POINT('',(-1.035568493227E0,-8.649129851525E-1,
9.409966953976E0));
#2689=CARTESIAN_POINT('',(-9.143965278960E-1,-7.355428198633E-1,
9.310280455535E0));
#2690=CARTESIAN_POINT('',(-7.932245625645E-1,-6.061726545741E-1,
9.210593957094E0));
#2691=CARTESIAN_POINT('',(-6.896863421949E-1,-1.344707763484E0,
9.582163218042E0));
#2692=CARTESIAN_POINT('',(-6.273438111863E-1,-1.178969126615E0,
9.482476719601E0));
#2693=CARTESIAN_POINT('',(-5.650012801778E-1,-1.013230489747E0,
9.382790221160E0));
#2694=CARTESIAN_POINT('',(-5.026587491693E-1,-8.474918528780E-1,
9.283103722719E0));
#2695=CARTESIAN_POINT('',(-1.404427143642E-1,-1.487358964035E0,
9.654672983667E0));
#2696=CARTESIAN_POINT('',(-1.450620721064E-1,-1.310488373781E0,
9.554986485226E0));
#2697=CARTESIAN_POINT('',(-1.496814298486E-1,-1.133617783526E0,
9.455299986785E0));
#2698=CARTESIAN_POINT('',(-1.543007875909E-1,-9.567471932717E-1,
9.355613488344E0));
#2699=CARTESIAN_POINT('',(4.052489082749E-1,-1.416637823689E0,
9.727182749292E0));
#2700=CARTESIAN_POINT('',(3.355740352428E-1,-1.254207897504E0,
9.627496250851E0));
#2701=CARTESIAN_POINT('',(2.658991622106E-1,-1.091777971320E0,
9.527809752410E0));
#2702=CARTESIAN_POINT('',(1.962242891785E-1,-9.293480451353E-1,
9.428123253969E0));
#2703=CARTESIAN_POINT('',(1.028828105222E0,-1.072761023560E0,9.823862436792E0));
#2704=CARTESIAN_POINT('',(8.865247997695E-1,-9.590562457182E-1,
9.724175938351E0));
#2705=CARTESIAN_POINT('',(7.442214943169E-1,-8.453514678765E-1,
9.624489439910E0));
#2706=CARTESIAN_POINT('',(6.019181888643E-1,-7.316466900349E-1,
9.524802941469E0));
#2707=CARTESIAN_POINT('',(1.379979599499E0,-4.337588111884E-1,
9.923227671167E0));
#2708=CARTESIAN_POINT('',(1.200445641685E0,-4.049781628814E-1,
9.823541172726E0));
#2709=CARTESIAN_POINT('',(1.020911683870E0,-3.761975145743E-1,
9.723854674285E0));
#2710=CARTESIAN_POINT('',(8.413777260556E-1,-3.474168662673E-1,
9.624168175844E0));
#2711=CARTESIAN_POINT('',(1.343121154442E0,2.414042474471E-1,1.002527845242E1));
#2712=CARTESIAN_POINT('',(1.175457278713E0,1.841279472232E-1,9.925591953976E0));
#2713=CARTESIAN_POINT('',(1.007793402983E0,1.268516469994E-1,9.825905455535E0));
#2714=CARTESIAN_POINT('',(8.401295272542E-1,6.957534677550E-2,
9.726218957094E0));
#2715=CARTESIAN_POINT('',(1.125488286651E0,7.039541700503E-1,1.010584485867E1));
#2716=CARTESIAN_POINT('',(9.932762619929E-1,5.861965835908E-1,
1.000615836023E1));
#2717=CARTESIAN_POINT('',(8.610642373349E-1,4.684389971312E-1,
9.906471861785E0));
#2718=CARTESIAN_POINT('',(7.288522126769E-1,3.506814106716E-1,
9.806785363344E0));
#2719=CARTESIAN_POINT('',(7.641477115125E-1,1.034073999801E0,1.018641126492E1));
#2720=CARTESIAN_POINT('',(6.844890145313E-1,8.762333804325E-1,
1.008672476648E1));
#2721=CARTESIAN_POINT('',(6.048303175501E-1,7.183927610639E-1,
9.987038268035E0));
#2722=CARTESIAN_POINT('',(5.251716205689E-1,5.605521416953E-1,
9.887351769594E0));
#2723=CARTESIAN_POINT('',(3.280455767841E-1,1.196876635362E0,1.026697767117E1));
#2724=CARTESIAN_POINT('',(3.132968212295E-1,1.020545594245E0,1.016729117273E1));
#2725=CARTESIAN_POINT('',(2.985480656750E-1,8.442145531275E-1,
1.006760467429E1));
#2726=CARTESIAN_POINT('',(2.837993101204E-1,6.678835120099E-1,
9.967918175844E0));
#2727=CARTESIAN_POINT('',(-1.153454118525E-1,1.189620141230E0,
1.034754407742E1));
#2728=CARTESIAN_POINT('',(-6.446047368088E-2,1.020537075961E0,
1.024785757898E1));
#2729=CARTESIAN_POINT('',(-1.357553550924E-2,8.514540106926E-1,
1.014817108054E1));
#2730=CARTESIAN_POINT('',(3.730940266241E-2,6.823709454237E-1,
1.004848458209E1));
#2731=CARTESIAN_POINT('',(-5.035151627892E-1,1.029144241233E0,
1.042811048367E1));
#2732=CARTESIAN_POINT('',(-3.958146649088E-1,8.891687499589E-1,
1.032842398523E1));
#2733=CARTESIAN_POINT('',(-2.881141670284E-1,7.491932586850E-1,
1.022873748679E1));
#2734=CARTESIAN_POINT('',(-1.804136691479E-1,6.092177674111E-1,
1.012905098834E1));
#2735=CARTESIAN_POINT('',(-7.917643456871E-1,7.560339068679E-1,
1.050867688992E1));
#2736=CARTESIAN_POINT('',(-6.405552519796E-1,6.648472451618E-1,
1.040899039148E1));
#2737=CARTESIAN_POINT('',(-4.893461582722E-1,5.736605834557E-1,
1.030930389304E1));
#2738=CARTESIAN_POINT('',(-3.381370645648E-1,4.824739217497E-1,
1.020961739459E1));
#2739=CARTESIAN_POINT('',(-9.545483958012E-1,4.183527799816E-1,
1.058924329617E1));
#2740=CARTESIAN_POINT('',(-7.812269330494E-1,3.859585522865E-1,
1.048955679773E1));
#2741=CARTESIAN_POINT('',(-6.079054702976E-1,3.535643245914E-1,
1.038987029929E1));
#2742=CARTESIAN_POINT('',(-4.345840075457E-1,3.211700968963E-1,
1.029018380084E1));
#2743=CARTESIAN_POINT('',(-9.845950134752E-1,6.811354329433E-2,
1.066980970242E1));
#2744=CARTESIAN_POINT('',(-8.107544415025E-1,9.853070430043E-2,
1.057012320398E1));
#2745=CARTESIAN_POINT('',(-6.369138695299E-1,1.289478653065E-1,
1.047043670554E1));
#2746=CARTESIAN_POINT('',(-4.630732975572E-1,1.593650263126E-1,
1.037075020709E1));
#2747=CARTESIAN_POINT('',(-8.969480167755E-1,-2.495974298302E-1,
1.075037610867E1));
#2748=CARTESIAN_POINT('',(-7.452385927625E-1,-1.598837179862E-1,
1.065068961023E1));
#2749=CARTESIAN_POINT('',(-5.935291687496E-1,-7.017000614220E-2,
1.055100311179E1));
#2750=CARTESIAN_POINT('',(-4.418197447366E-1,1.954370570180E-2,
1.045131661334E1));
#2751=CARTESIAN_POINT('',(-7.170102154466E-1,-4.986185038494E-1,
1.083094251492E1));
#2752=CARTESIAN_POINT('',(-6.046565527313E-1,-3.627877112586E-1,
1.073125601648E1));
#2753=CARTESIAN_POINT('',(-4.923028900161E-1,-2.269569186678E-1,
1.063156951804E1));
#2754=CARTESIAN_POINT('',(-3.799492273008E-1,-9.112612607695E-2,
1.053188301959E1));
#2755=CARTESIAN_POINT('',(-4.681308828238E-1,-6.657208727790E-1,
1.091558496026E1));
#2756=CARTESIAN_POINT('',(-4.136917778203E-1,-4.973064957510E-1,
1.081589846182E1));
#2757=CARTESIAN_POINT('',(-3.592526728168E-1,-3.288921187229E-1,
1.071621196338E1));
#2758=CARTESIAN_POINT('',(-3.048135678134E-1,-1.604777416949E-1,
1.061652546493E1));
#2759=CARTESIAN_POINT('',(-2.834311310976E-1,-7.053466601469E-1,
1.097337193685E1));
#2760=CARTESIAN_POINT('',(-2.707038976340E-1,-5.321839310800E-1,
1.087368543841E1));
#2761=CARTESIAN_POINT('',(-2.579766641704E-1,-3.590212020132E-1,
1.077399893996E1));
#2762=CARTESIAN_POINT('',(-2.452494307068E-1,-1.858584729463E-1,
1.067431244152E1));
#2763=CARTESIAN_POINT('',(-1.899564112020E-1,-7.035632584919E-1,
1.100430344469E1));
#2764=CARTESIAN_POINT('',(-1.968796895591E-1,-5.348000268736E-1,
1.090461694625E1));
#2765=CARTESIAN_POINT('',(-2.038029679162E-1,-3.660367952554E-1,
1.080493044780E1));
#2766=CARTESIAN_POINT('',(-2.107262462732E-1,-1.972735636371E-1,
1.070524394936E1));
#2767=B_SPLINE_SURFACE_WITH_KNOTS('',3,3,((#2159,#2160,#2161,#2162),(#2163,
#2164,#2165,#2166),(#2167,#2168,#2169,#2170),(#2171,#2172,#2173,#2174),(#2175,
#2176,#2177,#2178),(#2179,#2180,#2181,#2182),(#2183,#2184,#2185,#2186),(#2187,
#2188,#2189,#2190),(#2191,#2192,#2193,#2194),(#2195,#2196,#2197,#2198),(#2199,
#2200,#2201,#2202),(#2203,#2204,#2205,#2206),(#2207,#2208,#2209,#2210),(#2211,
#2212,#2213,#2214),(#2215,#2216,#2217,#2218),(#2219,#2220,#2221,#2222),(#2223,
#2224,#2225,#2226),(#2227,#2228,#2229,#2230),(#2231,#2232,#2233,#2234),(#2235,
#2236,#2237,#2238),(#2239,#2240,#2241,#2242),(#2243,#2244,#2245,#2246),(#2247,
#2248,#2249,#2250),(#2251,#2252,#2253,#2254),(#2255,#2256,#2257,#2258),(#2259,
#2260,#2261,#2262),(#2263,#2264,#2265,#2266),(#2267,#2268,#2269,#2270),(#2271,
#2272,#2273,#2274),(#2275,#2276,#2277,#2278),(#2279,#2280,#2281,#2282),(#2283,
#2284,#2285,#2286),(#2287,#2288,#2289,#2290),(#2291,#2292,#2293,#2294),(#2295,
#2296,#2297,#2298),(#2299,#2300,#2301,#2302),(#2303,#2304,#2305,#2306),(#2307,
#2308,#2309,#2310),(#2311,#2312,#2313,#2314),(#2315,#2316,#2317,#2318),(#2319,
#2320,#2321,#2322),(#2323,#2324,#2325,#2326),(#2327,#2328,#2329,#2330),(#2331,
#2332,#2333,#2334),(#2335,#2336,#2337,#2338),(#2339,#2340,#2341,#2342),(#2343,
#2344,#2345,#2346),(#2347,#2348,#2349,#2350),(#2351,#2352,#2353,#2354),(#2355,
#2356,#2357,#2358),(#2359,#2360,#2361,#2362),(#2363,#2364,#2365,#2366),(#2367,
#2368,#2369,#2370),(#2371,#2372,#2373,#2374),(#2375,#2376,#2377,#2378),(#2379,
#2380,#2381,#2382),(#2383,#2384,#2385,#2386),(#2387,#2388,#2389,#2390),(#2391,
#2392,#2393,#2394),(#2395,#2396,#2397,#2398),(#2399,#2400,#2401,#2402),(#2403,
#2404,#2405,#2406),(#2407,#2408,#2409,#2410),(#2411,#2412,#2413,#2414),(#2415,
#2416,#2417,#2418),(#2419,#2420,#2421,#2422),(#2423,#2424,#2425,#2426),(#2427,
#2428,#2429,#2430),(#2431,#2432,#2433,#2434),(#2435,#2436,#2437,#2438),(#2439,
#2440,#2441,#2442),(#2443,#2444,#2445,#2446),(#2447,#2448,#2449,#2450),(#2451,
#2452,#2453,#2454),(#2455,#2456,#2457,#2458),(#2459,#2460,#2461,#2462),(#2463,
#2464,#2465,#2466),(#2467,#2468,#2469,#2470),(#2471,#2472,#2473,#2474),(#2475,
#2476,#2477,#2478),(#2479,#2480,#2481,#2482),(#2483,#2484,#2485,#2486),(#2487,
#2488,#2489,#2490),(#2491,#2492,#2493,#2494),(#2495,#2496,#2497,#2498),(#2499,
#2500,#2501,#2502),(#2503,#2504,#2505,#2506),(#2507,#2508,#2509,#2510),(#2511,
#2512,#2513,#2514),(#2515,#2516,#2517,#2518),(#2519,#2520,#2521,#2522),(#2523,
#2524,#2525,#2526),(#2527,#2528,#2529,#2530),(#2531,#2532,#2533,#2534),(#2535,
#2536,#2537,#2538),(#2539,#2540,#2541,#2542),(#2543,#2544,#2545,#2546),(#2547,
#2548,#2549,#2550),(#2551,#2552,#2553,#2554),(#2555,#2556,#2557,#2558),(#2559,
#2560,#2561,#2562),(#2563,#2564,#2565,#2566),(#2567,#2568,#2569,#2570),(#2571,
#2572,#2573,#2574),(#2575,#2576,#2577,#2578),(#2579,#2580,#2581,#2582),(#2583,
#2584,#2585,#2586),(#2587,#2588,#2589,#2590),(#2591,#2592,#2593,#2594),(#2595,
#2596,#2597,#2598),(#2599,#2600,#2601,#2602),(#2603,#2604,#2605,#2606),(#2607,
#2608,#2609,#2610),(#2611,#2612,#2613,#2614),(#2615,#2616,#2617,#2618),(#2619,
#2620,#2621,#2622),(#2623,#2624,#2625,#2626),(#2627,#2628,#2629,#2630),(#2631,
#2632,#2633,#2634),(#2635,#2636,#2637,#2638),(#2639,#2640,#2641,#2642),(#2643,
#2644,#2645,#2646),(#2647,#2648,#2649,#2650),(#2651,#2652,#2653,#2654),(#2655,
#2656,#2657,#2658),(#2659,#2660,#2661,#2662),(#2663,#2664,#2665,#2666),(#2667,
#2668,#2669,#2670),(#2671,#2672,#2673,#2674),(#2675,#2676,#2677,#2678),(#2679,
#2680,#2681,#2682),(#2683,#2684,#2685,#2686),(#2687,#2688,#2689,#2690),(#2691,
#2692,#2693,#2694),(#2695,#2696,#2697,#2698),(#2699,#2700,#2701,#2702),(#2703,
#2704,#2705,#2706),(#2707,#2708,#2709,#2710),(#2711,#2712,#2713,#2714),(#2715,
#2716,#2717,#2718),(#2719,#2720,#2721,#2722),(#2723,#2724,#2725,#2726),(#2727,
#2728,#2729,#2730),(#2731,#2732,#2733,#2734),(#2735,#2736,#2737,#2738),(#2739,
#2740,#2741,#2742),(#2743,#2744,#2745,#2746),(#2747,#2748,#2749,#2750),(#2751,
#2752,#2753,#2754),(#2755,#2756,#2757,#2758),(#2759,#2760,#2761,#2762),(#2763,
#2764,#2765,#2766)),.UNSPECIFIED.,.F.,.F.,.F.,(4,1,1,1,1,1,1,1,1,1,1,1,1,1,1,1,
1,1,1,1,1,1,1,1,1,1,1,1,1,1,1,1,1,1,1,1,1,1,1,1,1,1,1,1,1,1,1,1,1,1,1,1,1,1,1,1,
1,1,1,1,1,1,1,1,1,1,1,1,1,1,1,1,1,1,1,1,1,1,1,1,1,1,1,1,1,1,1,1,1,1,1,1,1,1,1,1,
1,1,1,1,1,1,1,1,1,1,1,1,1,1,1,1,1,1,1,1,1,1,1,1,1,1,1,1,1,1,1,1,1,1,1,1,1,1,1,1,
1,1,1,1,1,1,1,1,1,1,1,1,1,4),(4,4),(8.333925562449E-4,5.498781698846E-3,
1.261257571853E-2,1.972636973821E-2,2.684016375790E-2,3.395395777758E-2,
4.106775179726E-2,4.818154581694E-2,5.529533983663E-2,6.240913385631E-2,
6.935316688234E-2,7.629719990837E-2,8.324123293440E-2,9.018526596044E-2,
9.712929898647E-2,1.040733320125E-1,1.110173650385E-1,1.179613980646E-1,
1.245659091033E-1,1.311704201420E-1,1.377749311807E-1,1.443794422195E-1,
1.509839532582E-1,1.575884642969E-1,1.641929753357E-1,1.707974863744E-1,
1.774019974131E-1,1.840065084518E-1,1.906110194906E-1,1.972155305293E-1,
2.038200415680E-1,2.104245526068E-1,2.170290636455E-1,2.236335746842E-1,
2.302380857229E-1,2.368425967617E-1,2.434471078004E-1,2.500516188391E-1,
2.566561298779E-1,2.632606409166E-1,2.698651519553E-1,2.764696629940E-1,
2.830741740328E-1,2.896786850715E-1,2.962831961102E-1,3.028877071490E-1,
3.094922181877E-1,3.160967292264E-1,3.227012402651E-1,3.293057513039E-1,
3.359102623426E-1,3.425147733813E-1,3.491192844201E-1,3.557237954588E-1,
3.623283064975E-1,3.689328175362E-1,3.755373285750E-1,3.821418396137E-1,
3.887463506524E-1,3.953508616912E-1,4.019553727299E-1,4.085598837686E-1,
4.151643948073E-1,4.217689058461E-1,4.283734168848E-1,4.349779279235E-1,
4.415824389623E-1,4.481869500010E-1,4.547914610397E-1,4.613959720784E-1,
4.680004831172E-1,4.746049941559E-1,4.812095051946E-1,4.878140162334E-1,
4.944185272721E-1,5.010230383108E-1,5.076275493495E-1,5.142320603883E-1,
5.208365714270E-1,5.274410824657E-1,5.340455935044E-1,5.406501045432E-1,
5.472546155819E-1,5.538591266206E-1,5.604636376594E-1,5.670681486981E-1,
5.736726597368E-1,5.802771707755E-1,5.868816818143E-1,5.934861928530E-1,
6.000907038917E-1,6.066952149305E-1,6.132997259692E-1,6.199042370079E-1,
6.265087480466E-1,6.331132590854E-1,6.397177701241E-1,6.463222811628E-1,
6.529267922016E-1,6.595313032403E-1,6.661358142790E-1,6.727403253177E-1,
6.793448363565E-1,6.859493473952E-1,6.925538584339E-1,6.991583694727E-1,
7.057628805114E-1,7.123673915501E-1,7.189719025888E-1,7.255764136276E-1,
7.321809246663E-1,7.387854357050E-1,7.453899467438E-1,7.519944577825E-1,
7.585989688212E-1,7.652034798599E-1,7.718079908987E-1,7.784125019374E-1,
7.850170129761E-1,7.916215240149E-1,7.982260350536E-1,8.048305460923E-1,
8.114422427816E-1,8.180539394708E-1,8.246656361601E-1,8.312773328493E-1,
8.378890295386E-1,8.445007262278E-1,8.511124229171E-1,8.577241196063E-1,
8.643933014998E-1,8.710624833932E-1,8.777316652867E-1,8.844008471802E-1,
8.910700290736E-1,8.977392109671E-1,9.110775747540E-1,9.184877768578E-1,
9.258979789616E-1,9.333081810655E-1,9.407183831693E-1,9.481285852731E-1,
9.555387873770E-1,9.629489894808E-1,9.703591915847E-1,9.777693936885E-1,
9.851795957923E-1,9.925897978962E-1,1.E0,1.008534899413E0),(-1.259317380441E-1,
1.121917451104E0),.UNSPECIFIED.);
#2769=ORIENTED_EDGE('',*,*,#2768,.F.);
#2771=ORIENTED_EDGE('',*,*,#2770,.T.);
#2773=ORIENTED_EDGE('',*,*,#2772,.T.);
#2775=ORIENTED_EDGE('',*,*,#2774,.T.);
#2777=ORIENTED_EDGE('',*,*,#2776,.T.);
#2779=ORIENTED_EDGE('',*,*,#2778,.T.);
#2781=ORIENTED_EDGE('',*,*,#2780,.T.);
#2783=ORIENTED_EDGE('',*,*,#2782,.T.);
#2785=ORIENTED_EDGE('',*,*,#2784,.T.);
#2787=ORIENTED_EDGE('',*,*,#2786,.T.);
#2789=ORIENTED_EDGE('',*,*,#2788,.T.);
#2791=ORIENTED_EDGE('',*,*,#2790,.T.);
#2793=ORIENTED_EDGE('',*,*,#2792,.T.);
#2795=ORIENTED_EDGE('',*,*,#2794,.T.);
#2797=ORIENTED_EDGE('',*,*,#2796,.T.);
#2799=ORIENTED_EDGE('',*,*,#2798,.T.);
#2801=ORIENTED_EDGE('',*,*,#2800,.T.);
#2803=ORIENTED_EDGE('',*,*,#2802,.T.);
#2805=ORIENTED_EDGE('',*,*,#2804,.T.);
#2807=ORIENTED_EDGE('',*,*,#2806,.T.);
#2809=ORIENTED_EDGE('',*,*,#2808,.T.);
#2811=ORIENTED_EDGE('',*,*,#2810,.T.);
#2813=ORIENTED_EDGE('',*,*,#2812,.T.);
#2815=ORIENTED_EDGE('',*,*,#2814,.T.);
#2816=ORIENTED_EDGE('',*,*,#2143,.T.);
#2817=EDGE_LOOP('',(#2769,#2771,#2773,#2775,#2777,#2779,#2781,#2783,#2785,#2787,
#2789,#2791,#2793,#2795,#2797,#2799,#2801,#2803,#2805,#2807,#2809,#2811,#2813,
#2815,#2816));
#2818=FACE_OUTER_BOUND('',#2817,.F.);
#2819=ADVANCED_FACE('',(#2818),#2767,.F.);
#2820=CARTESIAN_POINT('',(5.815500915876E-1,5.943503829101E-2,
2.867577080195E-1));
#2821=CARTESIAN_POINT('',(7.531373607989E-1,7.741543290039E-2,
1.871503883704E-1));
#2822=CARTESIAN_POINT('',(9.247246300102E-1,9.539582750978E-2,
8.754306872136E-2));
#2823=CARTESIAN_POINT('',(1.096311899221E0,1.133762221192E-1,
-1.206425092772E-2));
#2824=CARTESIAN_POINT('',(5.851857550911E-1,1.161203155955E-1,
3.036711352001E-1));
#2825=CARTESIAN_POINT('',(7.550296595663E-1,1.508467002990E-1,
2.040617507037E-1));
#2826=CARTESIAN_POINT('',(9.248735640415E-1,1.855730850024E-1,
1.044523662074E-1));
#2827=CARTESIAN_POINT('',(1.094717468517E0,2.202994697059E-1,
4.842981711010E-3));
#2828=CARTESIAN_POINT('',(5.735798313232E-1,2.646396411136E-1,
3.463244336244E-1));
#2829=CARTESIAN_POINT('',(7.328191339951E-1,3.407765853693E-1,
2.467283258139E-1));
#2830=CARTESIAN_POINT('',(8.920584366670E-1,4.169135296250E-1,
1.471322180033E-1));
#2831=CARTESIAN_POINT('',(1.051297739339E0,4.930504738807E-1,
4.753611019273E-2));
#2832=CARTESIAN_POINT('',(4.627275980123E-1,4.945370742485E-1,
4.148144768292E-1));
#2833=CARTESIAN_POINT('',(5.813446020360E-1,6.277646071258E-1,
3.152110705328E-1));
#2834=CARTESIAN_POINT('',(6.999616060597E-1,7.609921400030E-1,
2.156076642365E-1));
#2835=CARTESIAN_POINT('',(8.185786100834E-1,8.942196728803E-1,
1.160042579401E-1));
#2836=CARTESIAN_POINT('',(2.216162061290E-1,6.859293105827E-1,
4.921522686094E-1));
#2837=CARTESIAN_POINT('',(2.710211938013E-1,8.572948058271E-1,
3.925510713748E-1));
#2838=CARTESIAN_POINT('',(3.204261814736E-1,1.028660301072E0,
2.929498741401E-1));
#2839=CARTESIAN_POINT('',(3.698311691459E-1,1.200025796316E0,
1.933486769055E-1));
#2840=CARTESIAN_POINT('',(-9.686874372259E-2,7.568701897404E-1,
5.694976151096E-1));
#2841=CARTESIAN_POINT('',(-1.263925707325E-1,9.327703715468E-1,
4.698958259587E-1));
#2842=CARTESIAN_POINT('',(-1.559163977424E-1,1.108670553353E0,
3.702940368077E-1));
#2843=CARTESIAN_POINT('',(-1.854402247523E-1,1.284570735160E0,
2.706922476567E-1));
#2844=CARTESIAN_POINT('',(-4.317574220748E-1,6.777535931769E-1,
6.468409373286E-1));
#2845=CARTESIAN_POINT('',(-5.344469133982E-1,8.235919751527E-1,
5.472393067812E-1));
#2846=CARTESIAN_POINT('',(-6.371364047216E-1,9.694303571286E-1,
4.476376762337E-1));
#2847=CARTESIAN_POINT('',(-7.398258960450E-1,1.115268739104E0,
3.480360456863E-1));
#2848=CARTESIAN_POINT('',(-7.117625846831E-1,4.498669374798E-1,
7.241848019523E-1));
#2849=CARTESIAN_POINT('',(-8.674559262453E-1,5.369150179886E-1,
6.245831289072E-1));
#2850=CARTESIAN_POINT('',(-1.023149267807E0,6.239630984974E-1,
5.249814558620E-1));
#2851=CARTESIAN_POINT('',(-1.178842609370E0,7.110111790061E-1,
4.253797828168E-1));
#2852=CARTESIAN_POINT('',(-8.711596203636E-1,1.084044920507E-1,
8.015285212385E-1));
#2853=CARTESIAN_POINT('',(-1.049204814738E0,1.194344580407E-1,
7.019268595808E-1));
#2854=CARTESIAN_POINT('',(-1.227250009112E0,1.304644240308E-1,
6.023251979230E-1));
#2855=CARTESIAN_POINT('',(-1.405295203486E0,1.414943900208E-1,
5.027235362652E-1));
#2856=CARTESIAN_POINT('',(-8.656584376794E-1,-2.829462519685E-1,
8.788722794700E-1));
#2857=CARTESIAN_POINT('',(-1.030900559228E0,-3.502086903573E-1,
7.792706147604E-1));
#2858=CARTESIAN_POINT('',(-1.196142680777E0,-4.174711287460E-1,
6.796689500507E-1));
#2859=CARTESIAN_POINT('',(-1.361384802326E0,-4.847335671347E-1,
5.800672853410E-1));
#2860=CARTESIAN_POINT('',(-6.859192578855E-1,-6.415795420611E-1,
9.556007929004E-1));
#2861=CARTESIAN_POINT('',(-8.059199480601E-1,-7.734265389195E-1,
8.559991290044E-1));
#2862=CARTESIAN_POINT('',(-9.259206382347E-1,-9.052735357779E-1,
7.563974651084E-1));
#2863=CARTESIAN_POINT('',(-1.045921328409E0,-1.037120532636E0,
6.567958012124E-1));
#2864=CARTESIAN_POINT('',(-3.631647048940E-1,-8.925570246930E-1,
1.031714074725E0));
#2865=CARTESIAN_POINT('',(-4.151615856595E-1,-1.062936648349E0,
9.321124106159E-1));
#2866=CARTESIAN_POINT('',(-4.671584664250E-1,-1.233316272004E0,
8.325107465069E-1));
#2867=CARTESIAN_POINT('',(-5.191553471905E-1,-1.403695895660E0,
7.329090823979E-1));
#2868=CARTESIAN_POINT('',(4.179520034835E-2,-9.835102107176E-1,
1.107212121447E0));
#2869=CARTESIAN_POINT('',(6.710239286162E-2,-1.159848272607E0,
1.007610457395E0));
#2870=CARTESIAN_POINT('',(9.240958537490E-2,-1.336186334497E0,
9.080087933424E-1));
#2871=CARTESIAN_POINT('',(1.177167778882E-1,-1.512524396387E0,
8.084071292901E-1));
#2872=CARTESIAN_POINT('',(4.543392042584E-1,-8.916246850351E-1,
1.182710168363E0));
#2873=CARTESIAN_POINT('',(5.521868005394E-1,-1.040480879942E0,
1.083108504296E0));
#2874=CARTESIAN_POINT('',(6.500343968203E-1,-1.189337074849E0,
9.835068402280E-1));
#2875=CARTESIAN_POINT('',(7.478819931012E-1,-1.338193269755E0,
8.839051761605E-1));
#2876=CARTESIAN_POINT('',(7.926687038662E-1,-6.290519629814E-1,
1.258208215227E0));
#2877=CARTESIAN_POINT('',(9.445446297082E-1,-7.222383982751E-1,
1.158606551164E0));
#2878=CARTESIAN_POINT('',(1.096420555550E0,-8.154248335688E-1,
1.059004887100E0));
#2879=CARTESIAN_POINT('',(1.248296481392E0,-9.086112688625E-1,
9.594032230367E-1));
#2880=CARTESIAN_POINT('',(9.883190820614E-1,-2.450296234925E-1,
1.333706262105E0));
#2881=CARTESIAN_POINT('',(1.165401338292E0,-2.644675193736E-1,
1.234104598040E0));
#2882=CARTESIAN_POINT('',(1.342483594524E0,-2.839054152548E-1,
1.134502933976E0));
#2883=CARTESIAN_POINT('',(1.519565850755E0,-3.033433111359E-1,
1.034901269911E0));
#2884=CARTESIAN_POINT('',(1.000835782418E0,1.892713434603E-1,1.409204308979E0));
#2885=CARTESIAN_POINT('',(1.169426225756E0,2.462220060355E-1,1.309602644915E0));
#2886=CARTESIAN_POINT('',(1.338016669094E0,3.031726686108E-1,1.210000980851E0));
#2887=CARTESIAN_POINT('',(1.506607112432E0,3.601233311861E-1,1.110399316786E0));
#2888=CARTESIAN_POINT('',(8.298444605730E-1,5.907620276122E-1,
1.484702355854E0));
#2889=CARTESIAN_POINT('',(9.593517428733E-1,7.127722178071E-1,
1.385100691790E0));
#2890=CARTESIAN_POINT('',(1.088859025174E0,8.347824080020E-1,1.285499027726E0));
#2891=CARTESIAN_POINT('',(1.218366307474E0,9.567925981970E-1,1.185897363661E0));
#2892=CARTESIAN_POINT('',(5.124842927126E-1,8.785536015344E-1,
1.558969933979E0));
#2893=CARTESIAN_POINT('',(5.800404213074E-1,1.042916270402E0,1.459368269915E0));
#2894=CARTESIAN_POINT('',(6.475965499022E-1,1.207278939270E0,1.359766605851E0));
#2895=CARTESIAN_POINT('',(7.151526784970E-1,1.371641608138E0,1.260164941786E0));
#2896=CARTESIAN_POINT('',(1.127518500681E-1,1.009387729352E0,1.632007043354E0));
#2897=CARTESIAN_POINT('',(1.078989315615E-1,1.186742114807E0,1.532405379290E0));
#2898=CARTESIAN_POINT('',(1.030460130548E-1,1.364096500262E0,1.432803715226E0));
#2899=CARTESIAN_POINT('',(9.819309454815E-2,1.541450885717E0,1.333202051161E0));
#2900=CARTESIAN_POINT('',(-2.990793923314E-1,9.706209867619E-1,
1.703813683979E0));
#2901=CARTESIAN_POINT('',(-3.742528585066E-1,1.131327213094E0,
1.604212019915E0));
#2902=CARTESIAN_POINT('',(-4.494263246819E-1,1.292033439426E0,
1.504610355851E0));
#2903=CARTESIAN_POINT('',(-5.245997908571E-1,1.452739665758E0,
1.405008691786E0));
#2904=CARTESIAN_POINT('',(-6.613558470192E-1,7.707864053952E-1,
1.775620324604E0));
#2905=CARTESIAN_POINT('',(-7.943551778518E-1,8.882053154275E-1,
1.676018660540E0));
#2906=CARTESIAN_POINT('',(-9.273545086843E-1,1.005624225460E0,
1.576416996476E0));
#2907=CARTESIAN_POINT('',(-1.060353839517E0,1.123043135492E0,1.476815332411E0));
#2908=CARTESIAN_POINT('',(-9.138907428085E-1,4.430128644692E-1,
1.847426965229E0));
#2909=CARTESIAN_POINT('',(-1.082664721968E0,4.977023784459E-1,
1.747825301165E0));
#2910=CARTESIAN_POINT('',(-1.251438701127E0,5.523918924227E-1,
1.648223637101E0));
#2911=CARTESIAN_POINT('',(-1.420212680286E0,6.070814063994E-1,
1.548621973036E0));
#2912=CARTESIAN_POINT('',(-1.014737028362E0,4.172321712571E-2,
1.919233605854E0));
#2913=CARTESIAN_POINT('',(-1.191326104906E0,2.462282875683E-2,
1.819631941790E0));
#2914=CARTESIAN_POINT('',(-1.367915181451E0,7.522440387950E-3,
1.720030277726E0));
#2915=CARTESIAN_POINT('',(-1.544504257995E0,-9.577947980928E-3,
1.620428613661E0));
#2916=CARTESIAN_POINT('',(-9.471877097816E-1,-3.664419143687E-1,
1.991040246479E0));
#2917=CARTESIAN_POINT('',(-1.102327152658E0,-4.525164843896E-1,
1.891438582415E0));
#2918=CARTESIAN_POINT('',(-1.257466595535E0,-5.385910544106E-1,
1.791836918351E0));
#2919=CARTESIAN_POINT('',(-1.412606038411E0,-6.246656244316E-1,
1.692235254286E0));
#2920=CARTESIAN_POINT('',(-7.225183547811E-1,-7.137430541305E-1,
2.062846887104E0));
#2921=CARTESIAN_POINT('',(-8.304703941779E-1,-8.545486113219E-1,
1.963245223040E0));
#2922=CARTESIAN_POINT('',(-9.384224335748E-1,-9.953541685132E-1,
1.863643558976E0));
#2923=CARTESIAN_POINT('',(-1.046374472972E0,-1.136159725705E0,
1.764041894911E0));
#2924=CARTESIAN_POINT('',(-3.781743345318E-1,-9.426019546749E-1,
2.134653527729E0));
#2925=CARTESIAN_POINT('',(-4.209576950572E-1,-1.114798915503E0,
2.035051863665E0));
#2926=CARTESIAN_POINT('',(-4.637410555825E-1,-1.286995876330E0,
1.935450199601E0));
#2927=CARTESIAN_POINT('',(-5.065244161079E-1,-1.459192837158E0,
1.835848535536E0));
#2928=CARTESIAN_POINT('',(2.886735500152E-2,-1.015252318435E0,
2.206460168354E0));
#2929=CARTESIAN_POINT('',(5.836652462710E-2,-1.190208445452E0,
2.106858504290E0));
#2930=CARTESIAN_POINT('',(8.786569425269E-2,-1.365164572469E0,
2.007256840226E0));
#2931=CARTESIAN_POINT('',(1.173648638783E-1,-1.540120699486E0,
1.907655176161E0));
#2932=CARTESIAN_POINT('',(4.313008789443E-1,-9.195305116590E-1,
2.278266808979E0));
#2933=CARTESIAN_POINT('',(5.281156154800E-1,-1.068204604022E0,
2.178665144915E0));
#2934=CARTESIAN_POINT('',(6.249303520158E-1,-1.216878696385E0,
2.079063480851E0));
#2935=CARTESIAN_POINT('',(7.217450885515E-1,-1.365552788748E0,
1.979461816786E0));
#2936=CARTESIAN_POINT('',(7.622250081069E-1,-6.712042264218E-1,
2.350073449604E0));
#2937=CARTESIAN_POINT('',(9.102765344510E-1,-7.689634825193E-1,
2.250471785540E0));
#2938=CARTESIAN_POINT('',(1.058328060795E0,-8.667227386169E-1,
2.150870121476E0));
#2939=CARTESIAN_POINT('',(1.206379587139E0,-9.644819947144E-1,
2.051268457411E0));
#2940=CARTESIAN_POINT('',(9.666678964190E-1,-3.114646109535E-1,
2.421880090229E0));
#2941=CARTESIAN_POINT('',(1.141412172446E0,-3.421243396554E-1,
2.322278426165E0));
#2942=CARTESIAN_POINT('',(1.316156448473E0,-3.727840683573E-1,
2.222676762101E0));
#2943=CARTESIAN_POINT('',(1.490900724500E0,-4.034437970592E-1,
2.123075098036E0));
#2944=CARTESIAN_POINT('',(1.010663429897E0,9.995705657203E-2,2.493686730854E0));
#2945=CARTESIAN_POINT('',(1.183151990829E0,1.414760034600E-1,2.394085066790E0));
#2946=CARTESIAN_POINT('',(1.355640551761E0,1.829949503481E-1,2.294483402726E0));
#2947=CARTESIAN_POINT('',(1.528129112694E0,2.245138972361E-1,2.194881738661E0));
#2948=CARTESIAN_POINT('',(8.869463679144E-1,4.947427518042E-1,
2.565493371479E0));
#2949=CARTESIAN_POINT('',(1.028591439953E0,6.015779170315E-1,2.465891707415E0));
#2950=CARTESIAN_POINT('',(1.170236511992E0,7.084130822588E-1,2.366290043351E0));
#2951=CARTESIAN_POINT('',(1.311881584031E0,8.152482474862E-1,2.266688379286E0));
#2952=CARTESIAN_POINT('',(6.161129868489E-1,8.073826266612E-1,
2.637300012104E0));
#2953=CARTESIAN_POINT('',(7.034104403714E-1,9.618462209220E-1,
2.537698348040E0));
#2954=CARTESIAN_POINT('',(7.907078938940E-1,1.116309815183E0,2.438096683976E0));
#2955=CARTESIAN_POINT('',(8.780053474165E-1,1.270773409444E0,2.338495019911E0));
#2956=CARTESIAN_POINT('',(2.432602393445E-1,9.860723746379E-1,
2.709106652729E0));
#2957=CARTESIAN_POINT('',(2.616532997122E-1,1.162548732089E0,2.609504988665E0));
#2958=CARTESIAN_POINT('',(2.800463600799E-1,1.339025089539E0,2.509903324601E0));
#2959=CARTESIAN_POINT('',(2.984394204476E-1,1.515501446990E0,2.410301660536E0));
#2960=CARTESIAN_POINT('',(-1.699318836730E-1,1.001345968888E0,
2.780913293354E0));
#2961=CARTESIAN_POINT('',(-2.235015429247E-1,1.170491287923E0,
2.681311629290E0));
#2962=CARTESIAN_POINT('',(-2.770712021765E-1,1.339636606957E0,
2.581709965226E0));
#2963=CARTESIAN_POINT('',(-3.306408614282E-1,1.508781925991E0,
2.482108301161E0));
#2964=CARTESIAN_POINT('',(-5.551195737496E-1,8.505286995704E-1,
2.852719933979E0));
#2965=CARTESIAN_POINT('',(-6.716901821743E-1,9.842761190352E-1,
2.753118269915E0));
#2966=CARTESIAN_POINT('',(-7.882607905990E-1,1.118023538500E0,
2.653516605851E0));
#2967=CARTESIAN_POINT('',(-9.048313990237E-1,1.251770957965E0,
2.553914941786E0));
#2968=CARTESIAN_POINT('',(-8.482483559992E-1,5.585488368318E-1,
2.924526574604E0));
#2969=CARTESIAN_POINT('',(-1.008468292078E0,6.347439724110E-1,
2.824924910540E0));
#2970=CARTESIAN_POINT('',(-1.168688228158E0,7.109391079902E-1,
2.725323246476E0));
#2971=CARTESIAN_POINT('',(-1.328908164237E0,7.871342435694E-1,
2.625721582411E0));
#2972=CARTESIAN_POINT('',(-1.000616467899E0,1.738496764555E-1,
2.996333215229E0));
#2973=CARTESIAN_POINT('',(-1.177927453510E0,1.798825323762E-1,
2.896731551165E0));
#2974=CARTESIAN_POINT('',(-1.355238439120E0,1.859153882969E-1,
2.797129887101E0));
#2975=CARTESIAN_POINT('',(-1.532549424730E0,1.919482442175E-1,
2.697528223036E0));
#2976=CARTESIAN_POINT('',(-9.869045059399E-1,-2.396903791293E-1,
3.068139855854E0));
#2977=CARTESIAN_POINT('',(-1.151932870373E0,-3.048192171033E-1,
2.968538191790E0));
#2978=CARTESIAN_POINT('',(-1.316961234805E0,-3.699480550773E-1,
2.868936527726E0));
#2979=CARTESIAN_POINT('',(-1.481989599238E0,-4.350768930513E-1,
2.769334863661E0));
#2980=CARTESIAN_POINT('',(-8.094293701800E-1,-6.134071606274E-1,
3.139946496479E0));
#2981=CARTESIAN_POINT('',(-9.348211576022E-1,-7.389220147645E-1,
3.040344832415E0));
#2982=CARTESIAN_POINT('',(-1.060212945024E0,-8.644368689016E-1,
2.940743168351E0));
#2983=CARTESIAN_POINT('',(-1.185604732447E0,-9.899517230387E-1,
2.841141504286E0));
#2984=CARTESIAN_POINT('',(-4.977071785742E-1,-8.852962683723E-1,
3.211753137104E0));
#2985=CARTESIAN_POINT('',(-5.626496951253E-1,-1.050409311126E0,
3.112151473040E0));
#2986=CARTESIAN_POINT('',(-6.275922116764E-1,-1.215522353880E0,
3.012549808976E0));
#2987=CARTESIAN_POINT('',(-6.925347282274E-1,-1.380635396634E0,
2.912948144911E0));
#2988=CARTESIAN_POINT('',(-1.036080016656E-1,-1.010336406382E0,
3.283559777729E0));
#2989=CARTESIAN_POINT('',(-9.725250809678E-2,-1.187654812393E0,
3.183958113665E0));
#2990=CARTESIAN_POINT('',(-9.089701452791E-2,-1.364973218404E0,
3.084356449601E0));
#2991=CARTESIAN_POINT('',(-8.454152095905E-2,-1.542291624414E0,
2.984754785536E0));
#2992=CARTESIAN_POINT('',(3.076865356328E-1,-9.679357366520E-1,
3.355366418354E0));
#2993=CARTESIAN_POINT('',(3.842832725961E-1,-1.127975691757E0,
3.255764754290E0));
#2994=CARTESIAN_POINT('',(4.608800095593E-1,-1.288015646862E0,
3.156163090226E0));
#2995=CARTESIAN_POINT('',(5.374767465226E-1,-1.448055601968E0,
3.056561426161E0));
#2996=CARTESIAN_POINT('',(6.681258348201E-1,-7.649605733623E-1,
3.427173058979E0));
#2997=CARTESIAN_POINT('',(8.021817917203E-1,-8.811762322968E-1,
3.327571394915E0));
#2998=CARTESIAN_POINT('',(9.362377486204E-1,-9.973918912314E-1,
3.227969730851E0));
#2999=CARTESIAN_POINT('',(1.070293705521E0,-1.113607550166E0,3.128368066786E0));
#3000=CARTESIAN_POINT('',(9.177498055008E-1,-4.350142194052E-1,
3.498979699604E0));
#3001=CARTESIAN_POINT('',(1.087017440875E0,-4.881611310544E-1,
3.399378035540E0));
#3002=CARTESIAN_POINT('',(1.256285076250E0,-5.413080427035E-1,
3.299776371476E0));
#3003=CARTESIAN_POINT('',(1.425552711625E0,-5.944549543526E-1,
3.200174707411E0));
#3004=CARTESIAN_POINT('',(1.015075365776E0,-3.284855598355E-2,
3.570786340229E0));
#3005=CARTESIAN_POINT('',(1.191499456768E0,-1.413703316639E-2,
3.471184676165E0));
#3006=CARTESIAN_POINT('',(1.367923547761E0,4.574489650772E-3,3.371583012101E0));
#3007=CARTESIAN_POINT('',(1.544347638753E0,2.328601246793E-2,3.271981348036E0));
#3008=CARTESIAN_POINT('',(9.439229853929E-1,3.747550924786E-1,
3.642592980854E0));
#3009=CARTESIAN_POINT('',(1.098276785922E0,4.622252637686E-1,3.542991316790E0));
#3010=CARTESIAN_POINT('',(1.252630586450E0,5.496954350585E-1,3.443389652726E0));
#3011=CARTESIAN_POINT('',(1.406984386979E0,6.371656063484E-1,3.343787988661E0));
#3012=CARTESIAN_POINT('',(7.161465773191E-1,7.201238294995E-1,
3.714399621479E0));
#3013=CARTESIAN_POINT('',(8.228427407386E-1,8.618736361080E-1,
3.614797957415E0));
#3014=CARTESIAN_POINT('',(9.295389041582E-1,1.003623442717E0,3.515196293351E0));
#3015=CARTESIAN_POINT('',(1.036235067578E0,1.145373249325E0,3.415594629286E0));
#3016=CARTESIAN_POINT('',(3.696071959844E-1,9.459664048341E-1,
3.786206262104E0));
#3017=CARTESIAN_POINT('',(4.109298469010E-1,1.118512879341E0,3.686604598040E0));
#3018=CARTESIAN_POINT('',(4.522524978177E-1,1.291059353848E0,3.587002933976E0));
#3019=CARTESIAN_POINT('',(4.935751487343E-1,1.463605828354E0,3.487401269911E0));
#3020=CARTESIAN_POINT('',(-3.806227809088E-2,1.014921442801E0,
3.858012902729E0));
#3021=CARTESIAN_POINT('',(-6.904253541369E-2,1.189628148639E0,
3.758411238665E0));
#3022=CARTESIAN_POINT('',(-1.000227927365E-1,1.364334854478E0,
3.658809574601E0));
#3023=CARTESIAN_POINT('',(-1.310030500593E-1,1.539041560316E0,
3.559207910536E0));
#3024=CARTESIAN_POINT('',(-4.394481719413E-1,9.156723751841E-1,
3.929819543354E0));
#3025=CARTESIAN_POINT('',(-5.375800609375E-1,1.063489761528E0,
3.830217879290E0));
#3026=CARTESIAN_POINT('',(-6.357119499338E-1,1.211307147872E0,
3.730616215226E0));
#3027=CARTESIAN_POINT('',(-7.338438389300E-1,1.359124534216E0,
3.631014551161E0));
#3028=CARTESIAN_POINT('',(-7.681185638659E-1,6.644928004106E-1,
4.001626183979E0));
#3029=CARTESIAN_POINT('',(-9.170487720539E-1,7.609130889969E-1,
3.902024519915E0));
#3030=CARTESIAN_POINT('',(-1.065978980242E0,8.573333775832E-1,
3.802422855851E0));
#3031=CARTESIAN_POINT('',(-1.214909188430E0,9.537536661696E-1,
3.702821191786E0));
#3032=CARTESIAN_POINT('',(-9.693756305883E-1,3.030065401984E-1,
4.073432824604E0));
#3033=CARTESIAN_POINT('',(-1.144394026749E0,3.320700501100E-1,
3.973831160540E0));
#3034=CARTESIAN_POINT('',(-1.319412422910E0,3.611335600216E-1,
3.874229496476E0));
#3035=CARTESIAN_POINT('',(-1.494430819071E0,3.901970699332E-1,
3.774627832411E0));
#3036=CARTESIAN_POINT('',(-1.009762964457E0,-1.087923776986E-1,
4.145239465229E0));
#3037=CARTESIAN_POINT('',(-1.181863831269E0,-1.518838224571E-1,
4.045637801165E0));
#3038=CARTESIAN_POINT('',(-1.353964698080E0,-1.949752672156E-1,
3.946036137101E0));
#3039=CARTESIAN_POINT('',(-1.526065564892E0,-2.380667119741E-1,
3.846434473036E0));
#3040=CARTESIAN_POINT('',(-8.825560479690E-1,-5.025204512106E-1,
4.217046105854E0));
#3041=CARTESIAN_POINT('',(-1.023228832783E0,-6.106282410131E-1,
4.117444441790E0));
#3042=CARTESIAN_POINT('',(-1.163901617596E0,-7.187360308156E-1,
4.017842777726E0));
#3043=CARTESIAN_POINT('',(-1.304574402409E0,-8.268438206181E-1,
3.918241113661E0));
#3044=CARTESIAN_POINT('',(-6.089149204381E-1,-8.128141667607E-1,
4.288852746479E0));
#3045=CARTESIAN_POINT('',(-6.948372675935E-1,-9.680379704162E-1,
4.189251082415E0));
#3046=CARTESIAN_POINT('',(-7.807596147490E-1,-1.123261774072E0,
4.089649418351E0));
#3047=CARTESIAN_POINT('',(-8.666819619044E-1,-1.278485577727E0,
3.990047754286E0));
#3048=CARTESIAN_POINT('',(-2.343081277867E-1,-9.882113233774E-1,
4.360659387104E0));
#3049=CARTESIAN_POINT('',(-2.512060442657E-1,-1.164830426993E0,
4.261057723040E0));
#3050=CARTESIAN_POINT('',(-2.681039607448E-1,-1.341449530610E0,
4.161456058976E0));
#3051=CARTESIAN_POINT('',(-2.850018772238E-1,-1.518068634226E0,
4.061854394911E0));
#3052=CARTESIAN_POINT('',(1.789911934977E-1,-9.997381780848E-1,
4.432466027729E0));
#3053=CARTESIAN_POINT('',(2.339927914619E-1,-1.168430304843E0,
4.332864363665E0));
#3054=CARTESIAN_POINT('',(2.889943894261E-1,-1.337122431601E0,
4.233262699601E0));
#3055=CARTESIAN_POINT('',(3.439959873904E-1,-1.505814558359E0,
4.133661035536E0));
#3056=CARTESIAN_POINT('',(5.626503834220E-1,-8.455738527963E-1,
4.504272668354E0));
#3057=CARTESIAN_POINT('',(6.804060442688E-1,-9.782895326614E-1,
4.404671004290E0));
#3058=CARTESIAN_POINT('',(7.981617051155E-1,-1.111005212526E0,
4.305069340226E0));
#3059=CARTESIAN_POINT('',(9.159173659622E-1,-1.243720892392E0,
4.205467676161E0));
#3060=CARTESIAN_POINT('',(8.531501358829E-1,-5.510822584659E-1,
4.576079308979E0));
#3061=CARTESIAN_POINT('',(1.014053782469E0,-6.258291345030E-1,
4.476477644915E0));
#3062=CARTESIAN_POINT('',(1.174957429055E0,-7.005760105401E-1,
4.376875980851E0));
#3063=CARTESIAN_POINT('',(1.335861075641E0,-7.753228865773E-1,
4.277274316786E0));
#3064=CARTESIAN_POINT('',(1.002120280671E0,-1.650970007294E-1,
4.647885949604E0));
#3065=CARTESIAN_POINT('',(1.179480487710E0,-1.695110195574E-1,
4.548284285540E0));
#3066=CARTESIAN_POINT('',(1.356840694749E0,-1.739250383854E-1,
4.448682621476E0));
#3067=CARTESIAN_POINT('',(1.534200901788E0,-1.783390572134E-1,
4.349080957411E0));
#3068=CARTESIAN_POINT('',(9.847827371240E-1,2.483142897573E-1,
4.719692590229E0));
#3069=CARTESIAN_POINT('',(1.149208256509E0,3.149463356779E-1,4.620090926165E0));
#3070=CARTESIAN_POINT('',(1.313633775894E0,3.815783815984E-1,4.520489262101E0));
#3071=CARTESIAN_POINT('',(1.478059295279E0,4.482104275189E-1,4.420887598036E0));
#3072=CARTESIAN_POINT('',(8.039989783946E-1,6.204978843092E-1,
4.791499230854E0));
#3073=CARTESIAN_POINT('',(9.282507699395E-1,7.471376051753E-1,
4.691897566790E0));
#3074=CARTESIAN_POINT('',(1.052502561484E0,8.737773260414E-1,4.592295902726E0));
#3075=CARTESIAN_POINT('',(1.176754353029E0,1.000417046907E0,4.492694238661E0));
#3076=CARTESIAN_POINT('',(4.898230219609E-1,8.896727809571E-1,
4.863305871479E0));
#3077=CARTESIAN_POINT('',(5.532979860508E-1,1.055347184218E0,4.763704207415E0));
#3078=CARTESIAN_POINT('',(6.167729501407E-1,1.221021587479E0,4.664102543351E0));
#3079=CARTESIAN_POINT('',(6.802479142306E-1,1.386695990739E0,4.564500879286E0));
#3080=CARTESIAN_POINT('',(9.444528407615E-2,1.011208191578E0,4.935112512104E0));
#3081=CARTESIAN_POINT('',(8.658933414005E-2,1.188459796349E0,4.835510848040E0));
#3082=CARTESIAN_POINT('',(7.873338420396E-2,1.365711401121E0,4.735909183976E0));
#3083=CARTESIAN_POINT('',(7.087743426787E-2,1.542963005892E0,4.636307519911E0));
#3084=CARTESIAN_POINT('',(-3.164337781758E-1,9.650823467971E-1,
5.006919152729E0));
#3085=CARTESIAN_POINT('',(-3.943854140130E-1,1.124474165530E0,
4.907317488665E0));
#3086=CARTESIAN_POINT('',(-4.723370498502E-1,1.283865984263E0,
4.807715824601E0));
#3087=CARTESIAN_POINT('',(-5.502886856874E-1,1.443257802996E0,
4.708114160536E0));
#3088=CARTESIAN_POINT('',(-6.748934785179E-1,7.590055251128E-1,
5.078725793354E0));
#3089=CARTESIAN_POINT('',(-8.099793057539E-1,8.740345067803E-1,
4.979124129290E0));
#3090=CARTESIAN_POINT('',(-9.450651329898E-1,9.890634884479E-1,
4.879522465226E0));
#3091=CARTESIAN_POINT('',(-1.080150960226E0,1.104092470115E0,4.779920801161E0));
#3092=CARTESIAN_POINT('',(-9.215643342907E-1,4.269379202134E-1,
5.150532433979E0));
#3093=CARTESIAN_POINT('',(-1.091307391748E0,4.785554889966E-1,
5.050930769915E0));
#3094=CARTESIAN_POINT('',(-1.261050449205E0,5.301730577797E-1,
4.951329105851E0));
#3095=CARTESIAN_POINT('',(-1.430793506662E0,5.817906265628E-1,
4.851727441786E0));
#3096=CARTESIAN_POINT('',(-1.015345966382E0,2.397175698123E-2,
5.222339074604E0));
#3097=CARTESIAN_POINT('',(-1.191593421380E0,3.650309940004E-3,
5.122737410540E0));
#3098=CARTESIAN_POINT('',(-1.367840876378E0,-1.667113710123E-2,
5.023135746476E0));
#3099=CARTESIAN_POINT('',(-1.544088331377E0,-3.699258414246E-2,
4.923534082411E0));
#3100=CARTESIAN_POINT('',(-9.406212403065E-1,-3.829996189547E-1,
5.294145715229E0));
#3101=CARTESIAN_POINT('',(-1.094168786875E0,-4.718744292852E-1,
5.194544051165E0));
#3102=CARTESIAN_POINT('',(-1.247716333444E0,-5.607492396156E-1,
5.094942387101E0));
#3103=CARTESIAN_POINT('',(-1.401263880013E0,-6.496240499460E-1,
4.995340723036E0));
#3104=CARTESIAN_POINT('',(-7.097818850521E-1,-7.263894667074E-1,
5.365952355854E0));
#3105=CARTESIAN_POINT('',(-8.151925484016E-1,-8.690944724198E-1,
5.266350691790E0));
#3106=CARTESIAN_POINT('',(-9.206032117511E-1,-1.011799478132E0,
5.166749027726E0));
#3107=CARTESIAN_POINT('',(-1.026013875101E0,-1.154504483845E0,
5.067147363661E0));
#3108=CARTESIAN_POINT('',(-3.611905141398E-1,-9.492026456529E-1,
5.437758996479E0));
#3109=CARTESIAN_POINT('',(-4.009817509982E-1,-1.122100697786E0,
5.338157332415E0));
#3110=CARTESIAN_POINT('',(-4.407729878567E-1,-1.294998749918E0,
5.238555668351E0));
#3111=CARTESIAN_POINT('',(-4.805642247151E-1,-1.467896802051E0,
5.138954004286E0));
#3112=CARTESIAN_POINT('',(4.725713335689E-2,-1.014509084112E0,
5.509565637104E0));
#3113=CARTESIAN_POINT('',(7.971393413715E-2,-1.188940742438E0,
5.409963973040E0));
#3114=CARTESIAN_POINT('',(1.121707349174E-1,-1.363372400765E0,
5.310362308976E0));
#3115=CARTESIAN_POINT('',(1.446275356977E-1,-1.537804059092E0,
5.210760644911E0));
#3116=CARTESIAN_POINT('',(4.477129713316E-1,-9.116289636532E-1,
5.581372277729E0));
#3117=CARTESIAN_POINT('',(5.470963290952E-1,-1.058615893713E0,
5.481770613665E0));
#3118=CARTESIAN_POINT('',(6.464796868588E-1,-1.205602823773E0,
5.382168949601E0));
#3119=CARTESIAN_POINT('',(7.458630446223E-1,-1.352589753832E0,
5.282567285536E0));
#3120=CARTESIAN_POINT('',(7.739912236840E-1,-6.576535411278E-1,
5.653178918354E0));
#3121=CARTESIAN_POINT('',(9.237760606510E-1,-7.527553284836E-1,
5.553577254290E0));
#3122=CARTESIAN_POINT('',(1.073560897618E0,-8.478571158394E-1,
5.453975590226E0));
#3123=CARTESIAN_POINT('',(1.223345734585E0,-9.429589031952E-1,
5.354373926161E0));
#3124=CARTESIAN_POINT('',(9.720286101657E-1,-2.944778276411E-1,
5.724985558979E0));
#3125=CARTESIAN_POINT('',(1.147304879872E0,-3.219606993928E-1,
5.625383894915E0));
#3126=CARTESIAN_POINT('',(1.322581149579E0,-3.494435711444E-1,
5.525782230851E0));
#3127=CARTESIAN_POINT('',(1.497857419286E0,-3.769264428960E-1,
5.426180566786E0));
#3128=CARTESIAN_POINT('',(1.008795082231E0,1.176204006491E-1,5.796792199604E0));
#3129=CARTESIAN_POINT('',(1.180496896082E0,1.622814991963E-1,5.697190535540E0));
#3130=CARTESIAN_POINT('',(1.352198709933E0,2.069425977435E-1,5.597588871476E0));
#3131=CARTESIAN_POINT('',(1.523900523784E0,2.516036962907E-1,5.497987207411E0));
#3132=CARTESIAN_POINT('',(8.781386369010E-1,5.102250093994E-1,
5.868598840229E0));
#3133=CARTESIAN_POINT('',(1.017817462788E0,6.196115102460E-1,5.768997176165E0));
#3134=CARTESIAN_POINT('',(1.157496288675E0,7.289980110926E-1,5.669395512101E0));
#3135=CARTESIAN_POINT('',(1.297175114562E0,8.383845119391E-1,5.569793848036E0));
#3136=CARTESIAN_POINT('',(6.017398970413E-1,8.181326775044E-1,
5.940405480854E0));
#3137=CARTESIAN_POINT('',(6.862562784752E-1,9.741234075895E-1,
5.840803816790E0));
#3138=CARTESIAN_POINT('',(7.707726599091E-1,1.130114137675E0,5.741202152726E0));
#3139=CARTESIAN_POINT('',(8.552890413431E-1,1.286104867760E0,5.641600488661E0));
#3140=CARTESIAN_POINT('',(2.255228580309E-1,9.902442580114E-1,
6.012212121479E0));
#3141=CARTESIAN_POINT('',(2.408553272266E-1,1.166998308461E0,5.912610457415E0));
#3142=CARTESIAN_POINT('',(2.561877964224E-1,1.343752358911E0,5.813008793351E0));
#3143=CARTESIAN_POINT('',(2.715202656181E-1,1.520506409360E0,5.713407129286E0));
#3144=CARTESIAN_POINT('',(-1.880390921183E-1,9.980497072960E-1,
6.084018762104E0));
#3145=CARTESIAN_POINT('',(-2.444645610096E-1,1.166263897553E0,
5.984417098040E0));
#3146=CARTESIAN_POINT('',(-3.008900299008E-1,1.334478087810E0,
5.884815433976E0));
#3147=CARTESIAN_POINT('',(-3.573154987921E-1,1.502692278068E0,
5.785213769911E0));
#3148=CARTESIAN_POINT('',(-5.702717606555E-1,8.404191758099E-1,
6.155825402729E0));
#3149=CARTESIAN_POINT('',(-6.891510844719E-1,9.721382548291E-1,
6.056223738665E0));
#3150=CARTESIAN_POINT('',(-8.080304082883E-1,1.103857333848E0,
5.956622074601E0));
#3151=CARTESIAN_POINT('',(-9.269097321048E-1,1.235576412868E0,
5.857020410536E0));
#3152=CARTESIAN_POINT('',(-8.580134261132E-1,5.434920009597E-1,
6.227632043354E0));
#3153=CARTESIAN_POINT('',(-1.019579813747E0,6.168142331297E-1,
6.128030379290E0));
#3154=CARTESIAN_POINT('',(-1.181146201381E0,6.901364652998E-1,
6.028428715226E0));
#3155=CARTESIAN_POINT('',(-1.342712589015E0,7.634586974698E-1,
5.928827051161E0));
#3156=CARTESIAN_POINT('',(-1.003560037185E0,1.562819942233E-1,
6.299438683979E0));
#3157=CARTESIAN_POINT('',(-1.180955546458E0,1.590948667398E-1,
6.199837019915E0));
#3158=CARTESIAN_POINT('',(-1.358351055731E0,1.619077392563E-1,
6.100235355851E0));
#3159=CARTESIAN_POINT('',(-1.535746565004E0,1.647206117729E-1,
6.000633691786E0));
#3160=CARTESIAN_POINT('',(-9.825952241510E-1,-2.569215873710E-1,
6.371245324604E0));
#3161=CARTESIAN_POINT('',(-1.146407046230E0,-3.250524434523E-1,
6.271643660540E0));
#3162=CARTESIAN_POINT('',(-1.310218868309E0,-3.931832995336E-1,
6.172041996476E0));
#3163=CARTESIAN_POINT('',(-1.474030690387E0,-4.613141556149E-1,
6.072440332411E0));
#3164=CARTESIAN_POINT('',(-7.985519422034E-1,-6.275124073979E-1,
6.443051965229E0));
#3165=CARTESIAN_POINT('',(-9.216414298553E-1,-7.552800050047E-1,
6.343450301165E0));
#3166=CARTESIAN_POINT('',(-1.044730917507E0,-8.830476026114E-1,
6.243848637101E0));
#3167=CARTESIAN_POINT('',(-1.167820405159E0,-1.010815200218E0,
6.144246973036E0));
#3168=CARTESIAN_POINT('',(-4.819774201455E-1,-8.939405730593E-1,
6.514858605854E0));
#3169=CARTESIAN_POINT('',(-5.439533377936E-1,-1.060178692138E0,
6.415256941790E0));
#3170=CARTESIAN_POINT('',(-6.059292554416E-1,-1.226416811217E0,
6.315655277726E0));
#3171=CARTESIAN_POINT('',(-6.679051730897E-1,-1.392654930296E0,
6.216053613661E0));
#3172=CARTESIAN_POINT('',(-8.546254296110E-2,-1.011998223205E0,
6.586665246479E0));
#3173=CARTESIAN_POINT('',(-7.603760377631E-2,-1.189165515568E0,
6.487063582415E0));
#3174=CARTESIAN_POINT('',(-6.661266459153E-2,-1.366332807931E0,
6.387461918351E0));
#3175=CARTESIAN_POINT('',(-5.718772540674E-2,-1.543500100295E0,
6.287860254286E0));
#3176=CARTESIAN_POINT('',(3.251584882011E-1,-9.621506513790E-1,
6.658471887104E0));
#3177=CARTESIAN_POINT('',(4.044535887522E-1,-1.120870953710E0,
6.558870223040E0));
#3178=CARTESIAN_POINT('',(4.837486893033E-1,-1.279591256041E0,
6.459268558976E0));
#3179=CARTESIAN_POINT('',(5.630437898544E-1,-1.438311558372E0,
6.359666894911E0));
#3180=CARTESIAN_POINT('',(6.817229869524E-1,-7.528399837487E-1,
6.730278527729E0));
#3181=CARTESIAN_POINT('',(8.177827850282E-1,-8.667256314673E-1,
6.630676863665E0));
#3182=CARTESIAN_POINT('',(9.538425831040E-1,-9.806112791860E-1,
6.531075199601E0));
#3183=CARTESIAN_POINT('',(1.089902381180E0,-1.094496926905E0,6.431473535536E0));
#3184=CARTESIAN_POINT('',(9.253235293893E-1,-4.187445049863E-1,
6.802085168354E0));
#3185=CARTESIAN_POINT('',(1.095524531515E0,-4.688590360035E-1,
6.702483504290E0));
#3186=CARTESIAN_POINT('',(1.265725533640E0,-5.189735670208E-1,
6.602881840226E0));
#3187=CARTESIAN_POINT('',(1.435926535765E0,-5.690880980380E-1,
6.503280176161E0));
#3188=CARTESIAN_POINT('',(1.015544456736E0,-1.504215228087E-2,
6.873891808979E0));
#3189=CARTESIAN_POINT('',(1.191603955051E0,6.869762629783E-3,6.774290144915E0));
#3190=CARTESIAN_POINT('',(1.367663453366E0,2.878167754044E-2,6.674688480851E0));
#3191=CARTESIAN_POINT('',(1.543722951681E0,5.069359245109E-2,6.575086816786E0));
#3192=CARTESIAN_POINT('',(9.372567042348E-1,3.912185411614E-1,
6.945698449604E0));
#3193=CARTESIAN_POINT('',(1.089987862543E0,4.814921247005E-1,6.846096785540E0));
#3194=CARTESIAN_POINT('',(1.242719020851E0,5.717657082396E-1,6.746495121476E0));
#3195=CARTESIAN_POINT('',(1.395450179159E0,6.620392917787E-1,6.646893457411E0));
#3196=CARTESIAN_POINT('',(7.034113192909E-1,7.325773281563E-1,
7.017505090229E0));
#3197=CARTESIAN_POINT('',(8.075139727482E-1,8.762374078993E-1,
6.917903426165E0));
#3198=CARTESIAN_POINT('',(9.116166262056E-1,1.019897487642E0,6.818301762101E0));
#3199=CARTESIAN_POINT('',(1.015719279663E0,1.163557567385E0,6.718700098036E0));
#3200=CARTESIAN_POINT('',(3.528271479192E-1,9.523365924834E-1,
7.089311730854E0));
#3201=CARTESIAN_POINT('',(3.910554555418E-1,1.125584169954E0,6.989710066790E0));
#3202=CARTESIAN_POINT('',(4.292837631643E-1,1.298831747425E0,6.890108402726E0));
#3203=CARTESIAN_POINT('',(4.675120707869E-1,1.472079324896E0,6.790506738661E0));
#3204=CARTESIAN_POINT('',(-5.626238299740E-2,1.014040824759E0,
7.161118371479E0));
#3205=CARTESIAN_POINT('',(-9.026115474281E-2,1.188170553645E0,
7.061516707415E0));
#3206=CARTESIAN_POINT('',(-1.242599264882E-1,1.362300282531E0,
6.961915043351E0));
#3207=CARTESIAN_POINT('',(-1.582586982336E-1,1.536430011416E0,
6.862313379286E0));
#3208=CARTESIAN_POINT('',(-4.559445557719E-1,9.075111461906E-1,
7.232925012104E0));
#3209=CARTESIAN_POINT('',(-5.565648044789E-1,1.053646059519E0,
7.133323348040E0));
#3210=CARTESIAN_POINT('',(-6.571850531859E-1,1.199780972848E0,
7.033721683976E0));
#3211=CARTESIAN_POINT('',(-7.578053018929E-1,1.345915886177E0,
6.934120019911E0));
#3212=CARTESIAN_POINT('',(-7.798958404335E-1,6.505972257430E-1,
7.304731652729E0));
#3213=CARTESIAN_POINT('',(-9.304859854315E-1,7.444312155240E-1,
7.205129988665E0));
#3214=CARTESIAN_POINT('',(-1.081076130429E0,8.382652053050E-1,
7.105528324601E0));
#3215=CARTESIAN_POINT('',(-1.231666275427E0,9.320991950860E-1,
7.005926660536E0));
#3216=CARTESIAN_POINT('',(-9.746104897852E-1,2.858408433001E-1,
7.376538293354E0));
#3217=CARTESIAN_POINT('',(-1.150130988086E0,3.117715590550E-1,
7.276936629290E0));
#3218=CARTESIAN_POINT('',(-1.325651486388E0,3.377022748098E-1,
7.177334965226E0));
#3219=CARTESIAN_POINT('',(-1.501171984689E0,3.636329905647E-1,
7.077733301161E0));
#3220=CARTESIAN_POINT('',(-1.007748440296E0,-1.264906756833E-1,
7.448344933979E0));
#3221=CARTESIAN_POINT('',(-1.179042699504E0,-1.727005850555E-1,
7.348743269915E0));
#3222=CARTESIAN_POINT('',(-1.350336958713E0,-2.189104944278E-1,
7.249141605851E0));
#3223=CARTESIAN_POINT('',(-1.521631217921E0,-2.651204038001E-1,
7.149539941786E0));
#3224=CARTESIAN_POINT('',(-8.736626110414E-1,-5.178954707755E-1,
7.520151574604E0));
#3225=CARTESIAN_POINT('',(-1.012338259051E0,-6.285534630410E-1,
7.420549910540E0));
#3226=CARTESIAN_POINT('',(-1.151013907061E0,-7.392114553065E-1,
7.320948246476E0));
#3227=CARTESIAN_POINT('',(-1.289689555071E0,-8.498694475719E-1,
7.221346582411E0));
#3228=CARTESIAN_POINT('',(-5.945698854635E-1,-8.233733522133E-1,
7.591958215229E0));
#3229=CARTESIAN_POINT('',(-6.776580279863E-1,-9.801277510056E-1,
7.492356551165E0));
#3230=CARTESIAN_POINT('',(-7.607461705092E-1,-1.136882149798E0,
7.392754887101E0));
#3231=CARTESIAN_POINT('',(-8.438343130320E-1,-1.293636548590E0,
7.293153223036E0));
#3232=CARTESIAN_POINT('',(-2.168046262613E-1,-9.921833175998E-1,
7.663764855854E0));
#3233=CARTESIAN_POINT('',(-2.305407256411E-1,-1.169065894970E0,
7.564163191790E0));
#3234=CARTESIAN_POINT('',(-2.442768250210E-1,-1.345948472339E0,
7.464561527726E0));
#3235=CARTESIAN_POINT('',(-2.580129244008E-1,-1.522831049709E0,
7.364959863661E0));
#3236=CARTESIAN_POINT('',(1.968914490373E-1,-9.963322775635E-1,
7.735571496479E0));
#3237=CARTESIAN_POINT('',(2.548018366144E-1,-1.164032802228E0,
7.635969832415E0));
#3238=CARTESIAN_POINT('',(3.127122241914E-1,-1.331733326892E0,
7.536368168351E0));
#3239=CARTESIAN_POINT('',(3.706226117684E-1,-1.499433851556E0,
7.436766504286E0));
#3240=CARTESIAN_POINT('',(5.778498874561E-1,-8.351954417771E-1,
7.807378137104E0));
#3241=CARTESIAN_POINT('',(6.978354366965E-1,-9.658985990341E-1,
7.707776473040E0));
#3242=CARTESIAN_POINT('',(8.178209859370E-1,-1.096601756291E0,
7.608174808976E0));
#3243=CARTESIAN_POINT('',(9.378065351774E-1,-1.227304913548E0,
7.508573144911E0));
#3244=CARTESIAN_POINT('',(8.628781430236E-1,-5.356823521101E-1,
7.879184777729E0));
#3245=CARTESIAN_POINT('',(1.025065490359E0,-6.076370168174E-1,
7.779583113665E0));
#3246=CARTESIAN_POINT('',(1.187252837694E0,-6.795916815247E-1,
7.679981449601E0));
#3247=CARTESIAN_POINT('',(1.349440185029E0,-7.515463462320E-1,
7.580379785536E0));
#3248=CARTESIAN_POINT('',(1.004914312336E0,-1.473696690670E-1,
7.950991418354E0));
#3249=CARTESIAN_POINT('',(1.182335577127E0,-1.486114997324E-1,
7.851389754290E0));
#3250=CARTESIAN_POINT('',(1.359756841918E0,-1.498533303979E-1,
7.751788090226E0));
#3251=CARTESIAN_POINT('',(1.537178106709E0,-1.510951610633E-1,
7.652186426161E0));
#3252=CARTESIAN_POINT('',(9.803238360691E-1,2.655597604826E-1,
8.022798058979E0));
#3253=CARTESIAN_POINT('',(1.143516443760E0,3.351676031242E-1,7.923196394915E0));
#3254=CARTESIAN_POINT('',(1.306709051450E0,4.047754457658E-1,7.823594730851E0));
#3255=CARTESIAN_POINT('',(1.469901659140E0,4.743832884074E-1,7.723993066786E0));
#3256=CARTESIAN_POINT('',(7.930516090936E-1,6.344850052566E-1,
8.094604699604E0));
#3257=CARTESIAN_POINT('',(9.149706688158E-1,7.633720468070E-1,
7.995003035540E0));
#3258=CARTESIAN_POINT('',(1.036889728538E0,8.922590883574E-1,7.895401371476E0));
#3259=CARTESIAN_POINT('',(1.158808788260E0,1.021146129908E0,7.795799707411E0));
#3260=CARTESIAN_POINT('',(4.741476178439E-1,8.981319849155E-1,
8.166411340229E0));
#3261=CARTESIAN_POINT('',(5.346028863226E-1,1.064927492894E0,8.066809676165E0));
#3262=CARTESIAN_POINT('',(5.950581548013E-1,1.231723000872E0,7.967208012101E0));
#3263=CARTESIAN_POINT('',(6.555134232801E-1,1.398518508851E0,7.867606348036E0));
#3264=CARTESIAN_POINT('',(7.655925645113E-2,1.012704627195E0,8.238217980854E0));
#3265=CARTESIAN_POINT('',(6.553560042888E-2,1.189776944657E0,8.138616316790E0));
#3266=CARTESIAN_POINT('',(5.451194440663E-2,1.366849262118E0,8.039014652726E0));
#3267=CARTESIAN_POINT('',(4.348828838437E-2,1.543921579579E0,7.939412988661E0));
#3268=CARTESIAN_POINT('',(-3.336855291444E-1,9.592175027904E-1,
8.310024621479E0));
#3269=CARTESIAN_POINT('',(-4.143795733511E-1,1.117222408383E0,
8.210422957415E0));
#3270=CARTESIAN_POINT('',(-4.950736175578E-1,1.275227313976E0,
8.110821293351E0));
#3271=CARTESIAN_POINT('',(-5.757676617645E-1,1.433232219569E0,
8.011219629286E0));
#3272=CARTESIAN_POINT('',(-6.885000518921E-1,7.466120792909E-1,
8.381831262104E0));
#3273=CARTESIAN_POINT('',(-8.255138631836E-1,8.593376880020E-1,
8.282229598040E0));
#3274=CARTESIAN_POINT('',(-9.625276744751E-1,9.720632967131E-1,
8.182627933976E0));
#3275=CARTESIAN_POINT('',(-1.099541485767E0,1.084788905424E0,8.083026269911E0));
#3276=CARTESIAN_POINT('',(-9.290535931156E-1,4.103336364162E-1,
8.453637902729E0));
#3277=CARTESIAN_POINT('',(-1.099679111763E0,4.590074671020E-1,
8.354036238665E0));
#3278=CARTESIAN_POINT('',(-1.270304630411E0,5.076812977877E-1,
8.254434574601E0));
#3279=CARTESIAN_POINT('',(-1.440930149059E0,5.563551284734E-1,
8.154832910536E0));
#3280=CARTESIAN_POINT('',(-1.015644749345E0,6.028077565836E-3,
8.525444543354E0));
#3281=CARTESIAN_POINT('',(-1.191511028455E0,-1.744316480855E-2,
8.425842879290E0));
#3282=CARTESIAN_POINT('',(-1.367377307565E0,-4.091440718294E-2,
8.326241215226E0));
#3283=CARTESIAN_POINT('',(-1.543243586675E0,-6.438564955733E-2,
8.226639551161E0));
#3284=CARTESIAN_POINT('',(-9.338048111738E-1,-3.994563607541E-1,
8.597251183979E0));
#3285=CARTESIAN_POINT('',(-1.085717156159E0,-4.911063383857E-1,
8.497649519915E0));
#3286=CARTESIAN_POINT('',(-1.237629501145E0,-5.827563160172E-1,
8.398047855851E0));
#3287=CARTESIAN_POINT('',(-1.389541846131E0,-6.744062936488E-1,
8.298446191786E0));
#3288=CARTESIAN_POINT('',(-6.969938132236E-1,-7.387162530974E-1,
8.669057824604E0));
#3289=CARTESIAN_POINT('',(-7.997815860496E-1,-8.833219249740E-1,
8.569456160540E0));
#3290=CARTESIAN_POINT('',(-9.025693588755E-1,-1.027927596851E0,
8.469854496476E0));
#3291=CARTESIAN_POINT('',(-1.005357131701E0,-1.172533268727E0,
8.370252832411E0));
#3292=CARTESIAN_POINT('',(-3.444900587792E-1,-9.553971005767E-1,
8.740864465229E0));
#3293=CARTESIAN_POINT('',(-3.811349251262E-1,-1.128984931173E0,
8.641262801165E0));
#3294=CARTESIAN_POINT('',(-4.177797914731E-1,-1.302572761769E0,
8.541661137101E0));
#3295=CARTESIAN_POINT('',(-4.544246578201E-1,-1.476160592365E0,
8.442059473036E0));
#3296=CARTESIAN_POINT('',(6.517730007841E-2,-1.013500821465E0,
8.812671105854E0));
#3297=CARTESIAN_POINT('',(1.007459943780E-1,-1.187313921023E0,
8.713069441790E0));
#3298=CARTESIAN_POINT('',(1.363146886776E-1,-1.361127020582E0,
8.613467777726E0));
#3299=CARTESIAN_POINT('',(1.718833829771E-1,-1.534940120140E0,
8.513866113661E0));
#3300=CARTESIAN_POINT('',(4.639802271851E-1,-9.034193819895E-1,
8.884477746479E0));
#3301=CARTESIAN_POINT('',(5.658862039428E-1,-1.048651110996E0,
8.784876082415E0));
#3302=CARTESIAN_POINT('',(6.677921807006E-1,-1.193882840003E0,
8.685274418351E0));
#3303=CARTESIAN_POINT('',(7.696981574583E-1,-1.339114569010E0,
8.585672754286E0));
#3304=CARTESIAN_POINT('',(7.857397179139E-1,-6.434865589523E-1,
8.956284387104E0));
#3305=CARTESIAN_POINT('',(9.371130536452E-1,-7.360389526328E-1,
8.856682723040E0));
#3306=CARTESIAN_POINT('',(1.088486389377E0,-8.285913463134E-1,
8.757081058976E0));
#3307=CARTESIAN_POINT('',(1.239859725108E0,-9.211437399940E-1,
8.657479394911E0));
#3308=CARTESIAN_POINT('',(9.772031223057E-1,-2.768592807128E-1,
9.028117069396E0));
#3309=CARTESIAN_POINT('',(1.152952368168E0,-3.012796541157E-1,
8.928515405332E0));
#3310=CARTESIAN_POINT('',(1.328701614030E0,-3.257000275186E-1,
8.828913741267E0));
#3311=CARTESIAN_POINT('',(1.504450859892E0,-3.501204009215E-1,
8.729312077203E0));
#3312=CARTESIAN_POINT('',(1.006593689085E0,1.358865493170E-1,9.099975793354E0));
#3313=CARTESIAN_POINT('',(1.177468530611E0,1.836934452608E-1,9.000374129290E0));
#3314=CARTESIAN_POINT('',(1.348343372137E0,2.315003412045E-1,8.900772465226E0));
#3315=CARTESIAN_POINT('',(1.519218213664E0,2.793072371482E-1,8.801170801161E0));
#3316=CARTESIAN_POINT('',(8.686814320412E-1,5.263817342374E-1,
9.171860558979E0));
#3317=CARTESIAN_POINT('',(1.006263054200E0,6.384179203403E-1,9.072258894915E0));
#3318=CARTESIAN_POINT('',(1.143844676359E0,7.504541064432E-1,8.972657230851E0));
#3319=CARTESIAN_POINT('',(1.281426298517E0,8.624902925461E-1,8.873055566786E0));
#3320=CARTESIAN_POINT('',(5.862799526663E-1,8.293914636483E-1,
9.243745324604E0));
#3321=CARTESIAN_POINT('',(6.677294214834E-1,9.870182617474E-1,
9.144143660540E0));
#3322=CARTESIAN_POINT('',(7.491788903005E-1,1.144645059847E0,9.044541996476E0));
#3323=CARTESIAN_POINT('',(8.306283591176E-1,1.302271857946E0,8.944940332411E0));
#3324=CARTESIAN_POINT('',(2.063674665036E-1,9.945037644861E-1,
9.315630090229E0));
#3325=CARTESIAN_POINT('',(2.181747174858E-1,1.171531282900E0,9.216028426165E0));
#3326=CARTESIAN_POINT('',(2.299819684680E-1,1.348558801313E0,9.116426762101E0));
#3327=CARTESIAN_POINT('',(2.417892194502E-1,1.525586319727E0,9.016825098036E0));
#3328=CARTESIAN_POINT('',(-2.079261783647E-1,9.940815643114E-1,
9.387514855854E0));
#3329=CARTESIAN_POINT('',(-2.677216256049E-1,1.161140998279E0,
9.287913191790E0));
#3330=CARTESIAN_POINT('',(-3.275170728451E-1,1.328200432246E0,
9.188311527726E0));
#3331=CARTESIAN_POINT('',(-3.873125200853E-1,1.495259866213E0,
9.088709863661E0));
#3332=CARTESIAN_POINT('',(-5.873258709144E-1,8.287805196673E-1,
9.459399621479E0));
#3333=CARTESIAN_POINT('',(-7.088128934501E-1,9.580452505104E-1,
9.359797957415E0));
#3334=CARTESIAN_POINT('',(-8.302999159858E-1,1.087309981354E0,
9.260196293351E0));
#3335=CARTESIAN_POINT('',(-9.517869385214E-1,1.216574712197E0,
9.160594629286E0));
#3336=CARTESIAN_POINT('',(-8.700179667137E-1,5.241039950862E-1,
9.531284387104E0));
#3337=CARTESIAN_POINT('',(-1.033029240330E0,5.943593503051E-1,
9.431682723040E0));
#3338=CARTESIAN_POINT('',(-1.196040513946E0,6.646147055239E-1,
9.332081058976E0));
#3339=CARTESIAN_POINT('',(-1.359051787562E0,7.348700607427E-1,
9.232479394911E0));
#3340=CARTESIAN_POINT('',(-1.004682990768E0,1.375225715263E-1,
9.603377486063E0));
#3341=CARTESIAN_POINT('',(-1.182184117757E0,1.357193798884E-1,
9.503775821998E0));
#3342=CARTESIAN_POINT('',(-1.359685244746E0,1.339161882505E-1,
9.404174157934E0));
#3343=CARTESIAN_POINT('',(-1.537186371735E0,1.321129966126E-1,
9.304572493870E0));
#3344=CARTESIAN_POINT('',(-9.737842599086E-1,-2.608574333162E-1,
9.675678918354E0));
#3345=CARTESIAN_POINT('',(-1.135824077619E0,-3.327342988067E-1,
9.576077254290E0));
#3346=CARTESIAN_POINT('',(-1.297863895328E0,-4.046111642972E-1,
9.476475590226E0));
#3347=CARTESIAN_POINT('',(-1.459903713038E0,-4.764880297877E-1,
9.376873926161E0));
#3348=CARTESIAN_POINT('',(-7.934222946218E-1,-6.063837647007E-1,
9.748188683979E0));
#3349=CARTESIAN_POINT('',(-9.144911411931E-1,-7.356438344656E-1,
9.648587019915E0));
#3350=CARTESIAN_POINT('',(-1.035559987764E0,-8.649039042305E-1,
9.548985355851E0));
#3351=CARTESIAN_POINT('',(-1.156628834336E0,-9.941639739954E-1,
9.449383691786E0));
#3352=CARTESIAN_POINT('',(-5.027604815864E-1,-8.477623101703E-1,
9.820698449604E0));
#3353=CARTESIAN_POINT('',(-5.650499583716E-1,-1.013359901520E0,
9.721096785540E0));
#3354=CARTESIAN_POINT('',(-6.273394351568E-1,-1.178957492869E0,
9.621495121476E0));
#3355=CARTESIAN_POINT('',(-6.896289119421E-1,-1.344555084219E0,
9.521893457411E0));
#3356=CARTESIAN_POINT('',(-1.542932495840E-1,-9.570358160204E-1,
9.893208215229E0));
#3357=CARTESIAN_POINT('',(-1.496778229692E-1,-1.133755887333E0,
9.793606551165E0));
#3358=CARTESIAN_POINT('',(-1.450623963545E-1,-1.310475958646E0,
9.694004887101E0));
#3359=CARTESIAN_POINT('',(-1.404469697397E-1,-1.487196029959E0,
9.594403223036E0));
#3360=CARTESIAN_POINT('',(1.963379867318E-1,-9.296131031740E-1,
9.965717980854E0));
#3361=CARTESIAN_POINT('',(2.659535656318E-1,-1.091904799591E0,
9.866116316790E0));
#3362=CARTESIAN_POINT('',(3.355691445318E-1,-1.254196496008E0,
9.766514652726E0));
#3363=CARTESIAN_POINT('',(4.051847234318E-1,-1.416488192425E0,
9.666912988661E0));
#3364=CARTESIAN_POINT('',(6.021504036780E-1,-7.318322369111E-1,
1.006239766835E1));
#3365=CARTESIAN_POINT('',(7.443326073527E-1,-8.454402506565E-1,
9.962796004290E0));
#3366=CARTESIAN_POINT('',(8.865148110274E-1,-9.590482644018E-1,
9.863194340226E0));
#3367=CARTESIAN_POINT('',(1.028697014702E0,-1.072656278147E0,9.763592676161E0));
#3368=CARTESIAN_POINT('',(8.416706949675E-1,-3.474638313948E-1,
1.016176290273E1));
#3369=CARTESIAN_POINT('',(1.021051867283E0,-3.762199870334E-1,
1.006216123867E1));
#3370=CARTESIAN_POINT('',(1.200433039599E0,-4.049761426720E-1,
9.962559574601E0));
#3371=CARTESIAN_POINT('',(1.379814211915E0,-4.337322983106E-1,
9.862957910536E0));
#3372=CARTESIAN_POINT('',(8.404031262092E-1,6.966881196482E-2,
1.026381368398E1));
#3373=CARTESIAN_POINT('',(1.007924318019E0,1.268963693871E-1,1.016421201992E1));
#3374=CARTESIAN_POINT('',(1.175445509828E0,1.841239268093E-1,1.006461035585E1));
#3375=CARTESIAN_POINT('',(1.342966701637E0,2.413514842315E-1,9.965008691786E0));
#3376=CARTESIAN_POINT('',(7.290679602351E-1,3.508735710429E-1,
1.034438009023E1));
#3377=CARTESIAN_POINT('',(8.611674709132E-1,4.685309444186E-1,
1.024477842617E1));
#3378=CARTESIAN_POINT('',(9.932669815914E-1,5.861883177943E-1,
1.014517676210E1));
#3379=CARTESIAN_POINT('',(1.125366492270E0,7.038456911700E-1,1.004557509804E1));
#3380=CARTESIAN_POINT('',(5.253016100264E-1,5.608097107651E-1,
1.042494649648E1));
#3381=CARTESIAN_POINT('',(6.048925165245E-1,7.185160059199E-1,
1.032534483242E1));
#3382=CARTESIAN_POINT('',(6.844834230226E-1,8.762223010747E-1,
1.022574316835E1));
#3383=CARTESIAN_POINT('',(7.640743295206E-1,1.033928596230E0,1.012614150429E1));
#3384=CARTESIAN_POINT('',(2.838233775833E-1,6.681712543061E-1,
1.050551290273E1));
#3385=CARTESIAN_POINT('',(2.985595817743E-1,8.443522356446E-1,
1.040591123867E1));
#3386=CARTESIAN_POINT('',(3.132957859654E-1,1.020533216983E0,1.030630957460E1));
#3387=CARTESIAN_POINT('',(3.280319901564E-1,1.196714198321E0,1.020670791054E1));
#3388=CARTESIAN_POINT('',(3.722636708990E-2,6.826468602548E-1,
1.058607930898E1));
#3389=CARTESIAN_POINT('',(-1.361526740400E-2,8.515860338569E-1,
1.048647764492E1));
#3390=CARTESIAN_POINT('',(-6.445690189791E-2,1.020525207459E0,
1.038687598085E1));
#3391=CARTESIAN_POINT('',(-1.152985363918E-1,1.189464381061E0,
1.028727431679E1));
#3392=CARTESIAN_POINT('',(-1.805894180595E-1,6.094461836276E-1,
1.066664571523E1));
#3393=CARTESIAN_POINT('',(-2.881982615562E-1,7.493025541207E-1,
1.056704405117E1));
#3394=CARTESIAN_POINT('',(-3.958071050528E-1,8.891589246138E-1,
1.046744238710E1));
#3395=CARTESIAN_POINT('',(-5.034159485495E-1,1.029015295107E0,
1.036784072304E1));
#3396=CARTESIAN_POINT('',(-3.383838121116E-1,4.826227228867E-1,
1.074721212148E1));
#3397=CARTESIAN_POINT('',(-4.894642251111E-1,5.737317836768E-1,
1.064761045742E1));
#3398=CARTESIAN_POINT('',(-6.405446381107E-1,6.648408444669E-1,
1.054800879335E1));
#3399=CARTESIAN_POINT('',(-7.916250511102E-1,7.559499052570E-1,
1.044840712929E1));
#3400=CARTESIAN_POINT('',(-4.348668387214E-1,3.212229587714E-1,
1.082777852773E1));
#3401=CARTESIAN_POINT('',(-6.080408028806E-1,3.535896185997E-1,
1.072817686367E1));
#3402=CARTESIAN_POINT('',(-7.812147670397E-1,3.859562784280E-1,
1.062857519960E1));
#3403=CARTESIAN_POINT('',(-9.543887311989E-1,4.183229382563E-1,
1.052897353554E1));
#3404=CARTESIAN_POINT('',(-4.633569758309E-1,1.593153906745E-1,
1.090834493398E1));
#3405=CARTESIAN_POINT('',(-6.370496074429E-1,1.289241150283E-1,
1.080874326992E1));
#3406=CARTESIAN_POINT('',(-8.107422390549E-1,9.853283938208E-2,
1.070914160585E1));
#3407=CARTESIAN_POINT('',(-9.844348706669E-1,6.814156373587E-2,
1.060953994179E1));
#3408=CARTESIAN_POINT('',(-4.420673087374E-1,1.939730816862E-2,
1.098891134023E1));
#3409=CARTESIAN_POINT('',(-5.936476262556E-1,-7.024005625696E-2,
1.088930967617E1));
#3410=CARTESIAN_POINT('',(-7.452279437737E-1,-1.598774206825E-1,
1.078970801210E1));
#3411=CARTESIAN_POINT('',(-8.968082612918E-1,-2.495147851081E-1,
1.069010634804E1));
#3412=CARTESIAN_POINT('',(-3.801325693867E-1,-9.134777884950E-2,
1.106947774648E1));
#3413=CARTESIAN_POINT('',(-4.923906178205E-1,-2.270629778466E-1,
1.096987608242E1));
#3414=CARTESIAN_POINT('',(-6.046486662542E-1,-3.627781768437E-1,
1.087027441835E1));
#3415=CARTESIAN_POINT('',(-7.169067146880E-1,-4.984933758408E-1,
1.077067275429E1));
#3416=CARTESIAN_POINT('',(-3.049024037640E-1,-1.607525648037E-1,
1.115412019116E1));
#3417=CARTESIAN_POINT('',(-3.592951808998E-1,-3.290236189747E-1,
1.105451852710E1));
#3418=CARTESIAN_POINT('',(-4.136879580355E-1,-4.972946731456E-1,
1.095491686304E1));
#3419=CARTESIAN_POINT('',(-4.680807351712E-1,-6.655657273166E-1,
1.085531519897E1));
#3420=CARTESIAN_POINT('',(-2.452702007402E-1,-1.861410445203E-1,
1.121190716710E1));
#3421=CARTESIAN_POINT('',(-2.579866041235E-1,-3.591564099713E-1,
1.111230550304E1));
#3422=CARTESIAN_POINT('',(-2.707030075068E-1,-5.321717754222E-1,
1.101270383897E1));
#3423=CARTESIAN_POINT('',(-2.834194108902E-1,-7.051871408731E-1,
1.091310217491E1));
#3424=CARTESIAN_POINT('',(-2.107149508534E-1,-1.975489558298E-1,
1.124283867429E1));
#3425=CARTESIAN_POINT('',(-2.037975655338E-1,-3.661685682425E-1,
1.114323701022E1));
#3426=CARTESIAN_POINT('',(-1.968801802143E-1,-5.347881806553E-1,
1.104363534616E1));
#3427=CARTESIAN_POINT('',(-1.899627948947E-1,-7.034077930680E-1,
1.094403368209E1));
#3428=B_SPLINE_SURFACE_WITH_KNOTS('',3,3,((#2820,#2821,#2822,#2823),(#2824,
#2825,#2826,#2827),(#2828,#2829,#2830,#2831),(#2832,#2833,#2834,#2835),(#2836,
#2837,#2838,#2839),(#2840,#2841,#2842,#2843),(#2844,#2845,#2846,#2847),(#2848,
#2849,#2850,#2851),(#2852,#2853,#2854,#2855),(#2856,#2857,#2858,#2859),(#2860,
#2861,#2862,#2863),(#2864,#2865,#2866,#2867),(#2868,#2869,#2870,#2871),(#2872,
#2873,#2874,#2875),(#2876,#2877,#2878,#2879),(#2880,#2881,#2882,#2883),(#2884,
#2885,#2886,#2887),(#2888,#2889,#2890,#2891),(#2892,#2893,#2894,#2895),(#2896,
#2897,#2898,#2899),(#2900,#2901,#2902,#2903),(#2904,#2905,#2906,#2907),(#2908,
#2909,#2910,#2911),(#2912,#2913,#2914,#2915),(#2916,#2917,#2918,#2919),(#2920,
#2921,#2922,#2923),(#2924,#2925,#2926,#2927),(#2928,#2929,#2930,#2931),(#2932,
#2933,#2934,#2935),(#2936,#2937,#2938,#2939),(#2940,#2941,#2942,#2943),(#2944,
#2945,#2946,#2947),(#2948,#2949,#2950,#2951),(#2952,#2953,#2954,#2955),(#2956,
#2957,#2958,#2959),(#2960,#2961,#2962,#2963),(#2964,#2965,#2966,#2967),(#2968,
#2969,#2970,#2971),(#2972,#2973,#2974,#2975),(#2976,#2977,#2978,#2979),(#2980,
#2981,#2982,#2983),(#2984,#2985,#2986,#2987),(#2988,#2989,#2990,#2991),(#2992,
#2993,#2994,#2995),(#2996,#2997,#2998,#2999),(#3000,#3001,#3002,#3003),(#3004,
#3005,#3006,#3007),(#3008,#3009,#3010,#3011),(#3012,#3013,#3014,#3015),(#3016,
#3017,#3018,#3019),(#3020,#3021,#3022,#3023),(#3024,#3025,#3026,#3027),(#3028,
#3029,#3030,#3031),(#3032,#3033,#3034,#3035),(#3036,#3037,#3038,#3039),(#3040,
#3041,#3042,#3043),(#3044,#3045,#3046,#3047),(#3048,#3049,#3050,#3051),(#3052,
#3053,#3054,#3055),(#3056,#3057,#3058,#3059),(#3060,#3061,#3062,#3063),(#3064,
#3065,#3066,#3067),(#3068,#3069,#3070,#3071),(#3072,#3073,#3074,#3075),(#3076,
#3077,#3078,#3079),(#3080,#3081,#3082,#3083),(#3084,#3085,#3086,#3087),(#3088,
#3089,#3090,#3091),(#3092,#3093,#3094,#3095),(#3096,#3097,#3098,#3099),(#3100,
#3101,#3102,#3103),(#3104,#3105,#3106,#3107),(#3108,#3109,#3110,#3111),(#3112,
#3113,#3114,#3115),(#3116,#3117,#3118,#3119),(#3120,#3121,#3122,#3123),(#3124,
#3125,#3126,#3127),(#3128,#3129,#3130,#3131),(#3132,#3133,#3134,#3135),(#3136,
#3137,#3138,#3139),(#3140,#3141,#3142,#3143),(#3144,#3145,#3146,#3147),(#3148,
#3149,#3150,#3151),(#3152,#3153,#3154,#3155),(#3156,#3157,#3158,#3159),(#3160,
#3161,#3162,#3163),(#3164,#3165,#3166,#3167),(#3168,#3169,#3170,#3171),(#3172,
#3173,#3174,#3175),(#3176,#3177,#3178,#3179),(#3180,#3181,#3182,#3183),(#3184,
#3185,#3186,#3187),(#3188,#3189,#3190,#3191),(#3192,#3193,#3194,#3195),(#3196,
#3197,#3198,#3199),(#3200,#3201,#3202,#3203),(#3204,#3205,#3206,#3207),(#3208,
#3209,#3210,#3211),(#3212,#3213,#3214,#3215),(#3216,#3217,#3218,#3219),(#3220,
#3221,#3222,#3223),(#3224,#3225,#3226,#3227),(#3228,#3229,#3230,#3231),(#3232,
#3233,#3234,#3235),(#3236,#3237,#3238,#3239),(#3240,#3241,#3242,#3243),(#3244,
#3245,#3246,#3247),(#3248,#3249,#3250,#3251),(#3252,#3253,#3254,#3255),(#3256,
#3257,#3258,#3259),(#3260,#3261,#3262,#3263),(#3264,#3265,#3266,#3267),(#3268,
#3269,#3270,#3271),(#3272,#3273,#3274,#3275),(#3276,#3277,#3278,#3279),(#3280,
#3281,#3282,#3283),(#3284,#3285,#3286,#3287),(#3288,#3289,#3290,#3291),(#3292,
#3293,#3294,#3295),(#3296,#3297,#3298,#3299),(#3300,#3301,#3302,#3303),(#3304,
#3305,#3306,#3307),(#3308,#3309,#3310,#3311),(#3312,#3313,#3314,#3315),(#3316,
#3317,#3318,#3319),(#3320,#3321,#3322,#3323),(#3324,#3325,#3326,#3327),(#3328,
#3329,#3330,#3331),(#3332,#3333,#3334,#3335),(#3336,#3337,#3338,#3339),(#3340,
#3341,#3342,#3343),(#3344,#3345,#3346,#3347),(#3348,#3349,#3350,#3351),(#3352,
#3353,#3354,#3355),(#3356,#3357,#3358,#3359),(#3360,#3361,#3362,#3363),(#3364,
#3365,#3366,#3367),(#3368,#3369,#3370,#3371),(#3372,#3373,#3374,#3375),(#3376,
#3377,#3378,#3379),(#3380,#3381,#3382,#3383),(#3384,#3385,#3386,#3387),(#3388,
#3389,#3390,#3391),(#3392,#3393,#3394,#3395),(#3396,#3397,#3398,#3399),(#3400,
#3401,#3402,#3403),(#3404,#3405,#3406,#3407),(#3408,#3409,#3410,#3411),(#3412,
#3413,#3414,#3415),(#3416,#3417,#3418,#3419),(#3420,#3421,#3422,#3423),(#3424,
#3425,#3426,#3427)),.UNSPECIFIED.,.F.,.F.,.F.,(4,1,1,1,1,1,1,1,1,1,1,1,1,1,1,1,
1,1,1,1,1,1,1,1,1,1,1,1,1,1,1,1,1,1,1,1,1,1,1,1,1,1,1,1,1,1,1,1,1,1,1,1,1,1,1,1,
1,1,1,1,1,1,1,1,1,1,1,1,1,1,1,1,1,1,1,1,1,1,1,1,1,1,1,1,1,1,1,1,1,1,1,1,1,1,1,1,
1,1,1,1,1,1,1,1,1,1,1,1,1,1,1,1,1,1,1,1,1,1,1,1,1,1,1,1,1,1,1,1,1,1,1,1,1,1,1,1,
1,1,1,1,1,1,1,1,1,1,1,1,1,4),(4,4),(8.334137030145E-4,5.498781698817E-3,
1.261257571850E-2,1.972636973818E-2,2.684016375787E-2,3.395395777755E-2,
4.106775179723E-2,4.818154581692E-2,5.529533983660E-2,6.240913385628E-2,
6.935316688231E-2,7.629719990835E-2,8.324123293438E-2,9.018526596041E-2,
9.712929898644E-2,1.040733320125E-1,1.110173650385E-1,1.179613980645E-1,
1.245659091033E-1,1.311704201420E-1,1.377749311807E-1,1.443794422194E-1,
1.509839532582E-1,1.575884642969E-1,1.641929753356E-1,1.707974863744E-1,
1.774019974131E-1,1.840065084518E-1,1.906110194906E-1,1.972155305293E-1,
2.038200415680E-1,2.104245526067E-1,2.170290636455E-1,2.236335746842E-1,
2.302380857229E-1,2.368425967617E-1,2.434471078004E-1,2.500516188391E-1,
2.566561298778E-1,2.632606409166E-1,2.698651519553E-1,2.764696629940E-1,
2.830741740328E-1,2.896786850715E-1,2.962831961102E-1,3.028877071489E-1,
3.094922181877E-1,3.160967292264E-1,3.227012402651E-1,3.293057513039E-1,
3.359102623426E-1,3.425147733813E-1,3.491192844200E-1,3.557237954588E-1,
3.623283064975E-1,3.689328175362E-1,3.755373285750E-1,3.821418396137E-1,
3.887463506524E-1,3.953508616911E-1,4.019553727299E-1,4.085598837686E-1,
4.151643948073E-1,4.217689058460E-1,4.283734168848E-1,4.349779279235E-1,
4.415824389622E-1,4.481869500010E-1,4.547914610397E-1,4.613959720784E-1,
4.680004831172E-1,4.746049941559E-1,4.812095051946E-1,4.878140162333E-1,
4.944185272721E-1,5.010230383108E-1,5.076275493495E-1,5.142320603883E-1,
5.208365714270E-1,5.274410824657E-1,5.340455935044E-1,5.406501045432E-1,
5.472546155819E-1,5.538591266206E-1,5.604636376594E-1,5.670681486981E-1,
5.736726597368E-1,5.802771707755E-1,5.868816818143E-1,5.934861928530E-1,
6.000907038917E-1,6.066952149305E-1,6.132997259692E-1,6.199042370079E-1,
6.265087480466E-1,6.331132590854E-1,6.397177701241E-1,6.463222811628E-1,
6.529267922016E-1,6.595313032403E-1,6.661358142790E-1,6.727403253177E-1,
6.793448363565E-1,6.859493473952E-1,6.925538584339E-1,6.991583694727E-1,
7.057628805114E-1,7.123673915501E-1,7.189719025888E-1,7.255764136276E-1,
7.321809246663E-1,7.387854357050E-1,7.453899467438E-1,7.519944577825E-1,
7.585989688212E-1,7.652034798599E-1,7.718079908987E-1,7.784125019374E-1,
7.850170129761E-1,7.916215240149E-1,7.982260350536E-1,8.048305460923E-1,
8.114422427816E-1,8.180539394708E-1,8.246656361601E-1,8.312773328493E-1,
8.378890295386E-1,8.445007262278E-1,8.511124229171E-1,8.577241196063E-1,
8.643933014998E-1,8.710624833932E-1,8.777316652867E-1,8.844008471801E-1,
8.910700290736E-1,8.977392109671E-1,9.110775747540E-1,9.184877768578E-1,
9.258979789616E-1,9.333081810655E-1,9.407183831693E-1,9.481285852731E-1,
9.555387873770E-1,9.629489894808E-1,9.703591915847E-1,9.777693936885E-1,
9.851795957923E-1,9.925897978962E-1,1.E0,1.008534899232E0),(-1.212237244200E-1,
1.125546887117E0),.UNSPECIFIED.);
#3430=ORIENTED_EDGE('',*,*,#3429,.T.);
#3431=ORIENTED_EDGE('',*,*,#2768,.T.);
#3432=ORIENTED_EDGE('',*,*,#2154,.T.);
#3434=ORIENTED_EDGE('',*,*,#3433,.T.);
#3436=ORIENTED_EDGE('',*,*,#3435,.T.);
#3438=ORIENTED_EDGE('',*,*,#3437,.T.);
#3440=ORIENTED_EDGE('',*,*,#3439,.T.);
#3442=ORIENTED_EDGE('',*,*,#3441,.T.);
#3444=ORIENTED_EDGE('',*,*,#3443,.T.);
#3446=ORIENTED_EDGE('',*,*,#3445,.T.);
#3448=ORIENTED_EDGE('',*,*,#3447,.T.);
#3450=ORIENTED_EDGE('',*,*,#3449,.T.);
#3452=ORIENTED_EDGE('',*,*,#3451,.T.);
#3454=ORIENTED_EDGE('',*,*,#3453,.T.);
#3456=ORIENTED_EDGE('',*,*,#3455,.T.);
#3458=ORIENTED_EDGE('',*,*,#3457,.T.);
#3460=ORIENTED_EDGE('',*,*,#3459,.T.);
#3462=ORIENTED_EDGE('',*,*,#3461,.T.);
#3464=ORIENTED_EDGE('',*,*,#3463,.T.);
#3466=ORIENTED_EDGE('',*,*,#3465,.T.);
#3468=ORIENTED_EDGE('',*,*,#3467,.T.);
#3470=ORIENTED_EDGE('',*,*,#3469,.T.);
#3472=ORIENTED_EDGE('',*,*,#3471,.T.);
#3474=ORIENTED_EDGE('',*,*,#3473,.T.);
#3476=ORIENTED_EDGE('',*,*,#3475,.T.);
#3477=EDGE_LOOP('',(#3430,#3431,#3432,#3434,#3436,#3438,#3440,#3442,#3444,#3446,
#3448,#3450,#3452,#3454,#3456,#3458,#3460,#3462,#3464,#3466,#3468,#3470,#3472,
#3474,#3476));
#3478=FACE_OUTER_BOUND('',#3477,.F.);
#3479=ADVANCED_FACE('',(#3478),#3428,.F.);
#3480=CARTESIAN_POINT('',(-4.188733218697E-1,-3.609229539236E-1,
1.099413305921E1));
#3481=CARTESIAN_POINT('',(-4.556445447801E-1,-4.457061701720E-1,
1.094077038132E1));
#3482=CARTESIAN_POINT('',(-4.924157676905E-1,-5.304893864204E-1,
1.088740770344E1));
#3483=CARTESIAN_POINT('',(-5.291869906009E-1,-6.152726026688E-1,
1.083404502556E1));
#3484=CARTESIAN_POINT('',(-4.078702529743E-1,-3.676226577306E-1,
1.099988977697E1));
#3485=CARTESIAN_POINT('',(-4.425473212945E-1,-4.533245269522E-1,
1.094652704943E1));
#3486=CARTESIAN_POINT('',(-4.772243896147E-1,-5.390263961738E-1,
1.089316432189E1));
#3487=CARTESIAN_POINT('',(-5.119014579349E-1,-6.247282653954E-1,
1.083980159436E1));
#3488=CARTESIAN_POINT('',(-2.934551954756E-1,-4.313375445534E-1,
1.105935784997E1));
#3489=CARTESIAN_POINT('',(-3.061138034702E-1,-5.256737848893E-1,
1.100599490147E1));
#3490=CARTESIAN_POINT('',(-3.187724114648E-1,-6.200100252252E-1,
1.095263195298E1));
#3491=CARTESIAN_POINT('',(-3.314310194594E-1,-7.143462655610E-1,
1.089926900449E1));
#3492=CARTESIAN_POINT('',(-1.209260079443E-1,-4.447691781548E-1,
1.114567355502E1));
#3493=CARTESIAN_POINT('',(-9.684057917815E-2,-5.387525271717E-1,
1.109231359913E1));
#3494=CARTESIAN_POINT('',(-7.275515041198E-2,-6.327358761885E-1,
1.103895364323E1));
#3495=CARTESIAN_POINT('',(-4.866972164580E-2,-7.267192252054E-1,
1.098559368733E1));
#3496=CARTESIAN_POINT('',(2.915804495865E-2,-3.808519978576E-1,
1.125311359321E1));
#3497=CARTESIAN_POINT('',(9.140206461705E-2,-4.517870547943E-1,
1.119974618923E1));
#3498=CARTESIAN_POINT('',(1.536460842755E-1,-5.227221117310E-1,
1.114637878526E1));
#3499=CARTESIAN_POINT('',(2.158901039339E-1,-5.936571686677E-1,
1.109301138128E1));
#3500=CARTESIAN_POINT('',(1.214174931735E-1,-2.965332853836E-1,
1.134972789324E1));
#3501=CARTESIAN_POINT('',(2.083475512536E-1,-3.365657771211E-1,
1.129638730235E1));
#3502=CARTESIAN_POINT('',(2.952776093337E-1,-3.765982688586E-1,
1.124304671146E1));
#3503=CARTESIAN_POINT('',(3.822076674138E-1,-4.166307605961E-1,
1.118970612057E1));
#3504=CARTESIAN_POINT('',(1.471301684331E-1,-2.230532309272E-1,
1.142912473287E1));
#3505=CARTESIAN_POINT('',(2.416261556314E-1,-2.303692200643E-1,
1.137567058660E1));
#3506=CARTESIAN_POINT('',(3.361221428297E-1,-2.376852092015E-1,
1.132221644033E1));
#3507=CARTESIAN_POINT('',(4.306181300280E-1,-2.450011983387E-1,
1.126876229407E1));
#3508=CARTESIAN_POINT('',(1.503122081435E-1,-1.890026619250E-1,
1.148106799131E1));
#3509=CARTESIAN_POINT('',(2.415427138224E-1,-1.735428858320E-1,
1.142774555439E1));
#3510=CARTESIAN_POINT('',(3.327732195013E-1,-1.580831097389E-1,
1.137442311746E1));
#3511=CARTESIAN_POINT('',(4.240037251803E-1,-1.426233336459E-1,
1.132110068054E1));
#3512=CARTESIAN_POINT('',(1.505155354052E-1,-1.835190822481E-1,
1.149028604942E1));
#3513=CARTESIAN_POINT('',(2.408900539263E-1,-1.639887698255E-1,
1.143699545075E1));
#3514=CARTESIAN_POINT('',(3.312645724474E-1,-1.444584574030E-1,
1.138370485208E1));
#3515=CARTESIAN_POINT('',(4.216390909685E-1,-1.249281449805E-1,
1.133041425341E1));
#3516=B_SPLINE_SURFACE_WITH_KNOTS('',3,3,((#3480,#3481,#3482,#3483),(#3484,
#3485,#3486,#3487),(#3488,#3489,#3490,#3491),(#3492,#3493,#3494,#3495),(#3496,
#3497,#3498,#3499),(#3500,#3501,#3502,#3503),(#3504,#3505,#3506,#3507),(#3508,
#3509,#3510,#3511),(#3512,#3513,#3514,#3515)),.UNSPECIFIED.,.F.,.F.,.F.,(4,1,1,
1,1,1,4),(4,4),(-3.827762980216E-2,0.E0,3.571428571429E-1,5.357142857143E-1,
7.142857142857E-1,1.E0,1.061810369887E0),(4.572595381763E-1,1.125231381172E0),
.UNSPECIFIED.);
#3517=ORIENTED_EDGE('',*,*,#3429,.F.);
#3519=ORIENTED_EDGE('',*,*,#3518,.T.);
#3521=ORIENTED_EDGE('',*,*,#3520,.T.);
#3523=ORIENTED_EDGE('',*,*,#3522,.T.);
#3524=EDGE_LOOP('',(#3517,#3519,#3521,#3523));
#3525=FACE_OUTER_BOUND('',#3524,.F.);
#3526=ADVANCED_FACE('',(#3525),#3516,.F.);
#3527=CARTESIAN_POINT('',(0.E0,0.E0,1.124158861417E1));
#3528=DIRECTION('',(0.E0,0.E0,-1.E0));
#3529=DIRECTION('',(-1.E0,0.E0,0.E0));
#3530=AXIS2_PLACEMENT_3D('',#3527,#3528,#3529);
#3531=CONICAL_SURFACE('',#3530,4.378690177677E-1,3.E1);
#3532=ORIENTED_EDGE('',*,*,#3475,.F.);
#3534=ORIENTED_EDGE('',*,*,#3533,.F.);
#3536=ORIENTED_EDGE('',*,*,#3535,.T.);
#3538=ORIENTED_EDGE('',*,*,#3537,.T.);
#3540=ORIENTED_EDGE('',*,*,#3539,.F.);
#3541=ORIENTED_EDGE('',*,*,#2772,.F.);
#3543=ORIENTED_EDGE('',*,*,#3542,.F.);
#3545=ORIENTED_EDGE('',*,*,#3544,.T.);
#3546=ORIENTED_EDGE('',*,*,#3518,.F.);
#3547=EDGE_LOOP('',(#3532,#3534,#3536,#3538,#3540,#3541,#3543,#3545,#3546));
#3548=FACE_OUTER_BOUND('',#3547,.F.);
#3549=ADVANCED_FACE('',(#3548),#3531,.T.);
#3550=CARTESIAN_POINT('',(0.E0,0.E0,1.124158861417E1));
#3551=DIRECTION('',(0.E0,0.E0,-1.E0));
#3552=DIRECTION('',(-1.E0,0.E0,0.E0));
#3553=AXIS2_PLACEMENT_3D('',#3550,#3551,#3552);
#3554=CONICAL_SURFACE('',#3553,4.378690177677E-1,3.E1);
#3555=ORIENTED_EDGE('',*,*,#3473,.F.);
#3557=ORIENTED_EDGE('',*,*,#3556,.T.);
#3558=ORIENTED_EDGE('',*,*,#3535,.F.);
#3559=ORIENTED_EDGE('',*,*,#3533,.T.);
#3560=EDGE_LOOP('',(#3555,#3557,#3558,#3559));
#3561=FACE_OUTER_BOUND('',#3560,.F.);
#3562=ADVANCED_FACE('',(#3561),#3554,.T.);
#3563=CARTESIAN_POINT('',(0.E0,0.E0,1.124158861417E1));
#3564=DIRECTION('',(0.E0,0.E0,-1.E0));
#3565=DIRECTION('',(-1.E0,0.E0,0.E0));
#3566=AXIS2_PLACEMENT_3D('',#3563,#3564,#3565);
#3567=CONICAL_SURFACE('',#3566,4.378690177677E-1,3.E1);
#3569=ORIENTED_EDGE('',*,*,#3568,.T.);
#3571=ORIENTED_EDGE('',*,*,#3570,.T.);
#3572=ORIENTED_EDGE('',*,*,#2774,.F.);
#3573=ORIENTED_EDGE('',*,*,#3539,.T.);
#3574=EDGE_LOOP('',(#3569,#3571,#3572,#3573));
#3575=FACE_OUTER_BOUND('',#3574,.F.);
#3576=ADVANCED_FACE('',(#3575),#3567,.T.);
#3577=CARTESIAN_POINT('',(-1.027857721052E0,1.500937674436E-1,
9.750155554069E0));
#3578=CARTESIAN_POINT('',(-1.040042253249E0,1.518730237594E-1,
1.004755620758E1));
#3579=CARTESIAN_POINT('',(-9.638118137308E-1,1.407414112543E-1,
1.033506931090E1));
#3580=CARTESIAN_POINT('',(-8.061198686719E-1,1.177143155341E-1,
1.058646895413E1));
#3581=CARTESIAN_POINT('',(-1.228668553232E0,-1.225079684742E0,
9.750155554069E0));
#3582=CARTESIAN_POINT('',(-1.243233556967E0,-1.239602144959E0,
1.004755620758E1));
#3583=CARTESIAN_POINT('',(-1.152110104842E0,-1.148744859072E0,
1.033506931090E1));
#3584=CARTESIAN_POINT('',(-9.636101500106E-1,-9.607955015076E-1,
1.058646895413E1));
#3585=CARTESIAN_POINT('',(6.460987868471E-2,-1.733860493594E0,
9.750155554069E0));
#3586=CARTESIAN_POINT('',(6.537578346992E-2,-1.754414193368E0,
1.004755620758E1));
#3587=CARTESIAN_POINT('',(6.058403131542E-2,-1.625823489827E0,
1.033506931090E1));
#3588=CARTESIAN_POINT('',(5.067170859689E-2,-1.359817963872E0,
1.058646895413E1));
#3589=CARTESIAN_POINT('',(8.546095307676E-1,-5.904762346389E-1,
9.750155554069E0));
#3590=CARTESIAN_POINT('',(8.647403272098E-1,-5.974759161563E-1,
1.004755620758E1));
#3591=CARTESIAN_POINT('',(8.013587338114E-1,-5.536836071919E-1,
1.033506931090E1));
#3592=CARTESIAN_POINT('',(6.702461912752E-1,-4.630938844665E-1,
1.058646895413E1));
#3593=CARTESIAN_POINT('',(1.644609182851E0,5.529080243160E-1,9.750155554069E0));
#3594=CARTESIAN_POINT('',(1.664104870950E0,5.594623610557E-1,1.004755620758E1));
#3595=CARTESIAN_POINT('',(1.542133436307E0,5.184562754432E-1,1.033506931090E1));
#3596=CARTESIAN_POINT('',(1.289820673954E0,4.336301949388E-1,1.058646895413E1));
#3597=CARTESIAN_POINT('',(7.112369793587E-1,1.582589209764E0,9.750155554069E0));
#3598=CARTESIAN_POINT('',(7.196681947859E-1,1.601349694592E0,1.004755620758E1));
#3599=CARTESIAN_POINT('',(6.669197390144E-1,1.483977933339E0,1.033506931090E1));
#3600=CARTESIAN_POINT('',(5.578031362242E-1,1.241180155392E0,1.058646895413E1));
#3601=CARTESIAN_POINT('',(-5.039862390761E-1,9.083047421291E-1,
9.750155554069E0));
#3602=CARTESIAN_POINT('',(-5.099606423725E-1,9.190720576324E-1,
1.004755620758E1));
#3603=CARTESIAN_POINT('',(-4.725828110548E-1,8.517081917091E-1,
1.033506931090E1));
#3604=CARTESIAN_POINT('',(-3.952622162925E-1,7.123578336207E-1,
1.058646895413E1));
#3605=(BOUNDED_SURFACE()B_SPLINE_SURFACE(3,3,((#3577,#3578,#3579,#3580),(#3581,
#3582,#3583,#3584),(#3585,#3586,#3587,#3588),(#3589,#3590,#3591,#3592),(#3593,
#3594,#3595,#3596),(#3597,#3598,#3599,#3600),(#3601,#3602,#3603,#3604)),
.UNSPECIFIED.,.F.,.F.,.F.)B_SPLINE_SURFACE_WITH_KNOTS((4,3,4),(4,4),(0.E0,1.E0,
2.E0),(0.E0,1.E0),.UNSPECIFIED.)GEOMETRIC_REPRESENTATION_ITEM()RATIONAL_B_SPLINE_SURFACE(((1.666958060561E0,1.616273423460E0,1.616273423460E0,1.666958060561E0),(
8.087956626923E-1,7.842038534425E-1,7.842038534425E-1,8.087956626923E-1),(
8.087956626923E-1,7.842038534425E-1,7.842038534425E-1,8.087956626923E-1),(
1.666958060561E0,1.616273423460E0,1.616273423460E0,1.666958060561E0),(
8.087956626923E-1,7.842038534425E-1,7.842038534425E-1,8.087956626923E-1),(
8.087956626923E-1,7.842038534425E-1,7.842038534425E-1,8.087956626923E-1),(
1.666958060561E0,1.616273423460E0,1.616273423460E0,1.666958060561E0)))REPRESENTATION_ITEM('')SURFACE());
#3606=ORIENTED_EDGE('',*,*,#3537,.F.);
#3607=ORIENTED_EDGE('',*,*,#3556,.F.);
#3608=ORIENTED_EDGE('',*,*,#3471,.F.);
#3609=ORIENTED_EDGE('',*,*,#3469,.F.);
#3611=ORIENTED_EDGE('',*,*,#3610,.F.);
#3613=ORIENTED_EDGE('',*,*,#3612,.F.);
#3615=ORIENTED_EDGE('',*,*,#3614,.F.);
#3616=ORIENTED_EDGE('',*,*,#3568,.F.);
#3617=EDGE_LOOP('',(#3606,#3607,#3608,#3609,#3611,#3613,#3615,#3616));
#3618=FACE_OUTER_BOUND('',#3617,.F.);
#3619=ADVANCED_FACE('',(#3618),#3605,.T.);
#3620=CARTESIAN_POINT('',(0.E0,0.E0,-3.55E0));
#3621=DIRECTION('',(0.E0,0.E0,1.E0));
#3622=DIRECTION('',(1.E0,0.E0,0.E0));
#3623=AXIS2_PLACEMENT_3D('',#3620,#3621,#3622);
#3624=CYLINDRICAL_SURFACE('',#3623,1.04E0);
#3626=ORIENTED_EDGE('',*,*,#3625,.T.);
#3628=ORIENTED_EDGE('',*,*,#3627,.F.);
#3629=ORIENTED_EDGE('',*,*,#3463,.F.);
#3631=ORIENTED_EDGE('',*,*,#3630,.T.);
#3632=ORIENTED_EDGE('',*,*,#2780,.F.);
#3633=EDGE_LOOP('',(#3626,#3628,#3629,#3631,#3632));
#3634=FACE_OUTER_BOUND('',#3633,.F.);
#3635=ADVANCED_FACE('',(#3634),#3624,.T.);
#3636=CARTESIAN_POINT('',(0.E0,0.E0,-3.55E0));
#3637=DIRECTION('',(0.E0,0.E0,1.E0));
#3638=DIRECTION('',(1.E0,0.E0,0.E0));
#3639=AXIS2_PLACEMENT_3D('',#3636,#3637,#3638);
#3640=CYLINDRICAL_SURFACE('',#3639,1.04E0);
#3641=ORIENTED_EDGE('',*,*,#2784,.F.);
#3643=ORIENTED_EDGE('',*,*,#3642,.F.);
#3644=ORIENTED_EDGE('',*,*,#3459,.F.);
#3646=ORIENTED_EDGE('',*,*,#3645,.T.);
#3647=EDGE_LOOP('',(#3641,#3643,#3644,#3646));
#3648=FACE_OUTER_BOUND('',#3647,.F.);
#3649=ADVANCED_FACE('',(#3648),#3640,.T.);
#3650=CARTESIAN_POINT('',(0.E0,0.E0,-3.55E0));
#3651=DIRECTION('',(0.E0,0.E0,1.E0));
#3652=DIRECTION('',(1.E0,0.E0,0.E0));
#3653=AXIS2_PLACEMENT_3D('',#3650,#3651,#3652);
#3654=CYLINDRICAL_SURFACE('',#3653,1.04E0);
#3655=ORIENTED_EDGE('',*,*,#2788,.F.);
#3657=ORIENTED_EDGE('',*,*,#3656,.F.);
#3658=ORIENTED_EDGE('',*,*,#3455,.F.);
#3660=ORIENTED_EDGE('',*,*,#3659,.T.);
#3661=EDGE_LOOP('',(#3655,#3657,#3658,#3660));
#3662=FACE_OUTER_BOUND('',#3661,.F.);
#3663=ADVANCED_FACE('',(#3662),#3654,.T.);
#3664=CARTESIAN_POINT('',(0.E0,0.E0,-3.55E0));
#3665=DIRECTION('',(0.E0,0.E0,1.E0));
#3666=DIRECTION('',(1.E0,0.E0,0.E0));
#3667=AXIS2_PLACEMENT_3D('',#3664,#3665,#3666);
#3668=CYLINDRICAL_SURFACE('',#3667,1.04E0);
#3669=ORIENTED_EDGE('',*,*,#2792,.F.);
#3671=ORIENTED_EDGE('',*,*,#3670,.F.);
#3672=ORIENTED_EDGE('',*,*,#3451,.F.);
#3674=ORIENTED_EDGE('',*,*,#3673,.T.);
#3675=EDGE_LOOP('',(#3669,#3671,#3672,#3674));
#3676=FACE_OUTER_BOUND('',#3675,.F.);
#3677=ADVANCED_FACE('',(#3676),#3668,.T.);
#3678=CARTESIAN_POINT('',(0.E0,0.E0,-3.55E0));
#3679=DIRECTION('',(0.E0,0.E0,1.E0));
#3680=DIRECTION('',(1.E0,0.E0,0.E0));
#3681=AXIS2_PLACEMENT_3D('',#3678,#3679,#3680);
#3682=CYLINDRICAL_SURFACE('',#3681,1.04E0);
#3683=ORIENTED_EDGE('',*,*,#2796,.F.);
#3685=ORIENTED_EDGE('',*,*,#3684,.F.);
#3686=ORIENTED_EDGE('',*,*,#3447,.F.);
#3688=ORIENTED_EDGE('',*,*,#3687,.T.);
#3689=EDGE_LOOP('',(#3683,#3685,#3686,#3688));
#3690=FACE_OUTER_BOUND('',#3689,.F.);
#3691=ADVANCED_FACE('',(#3690),#3682,.T.);
#3692=CARTESIAN_POINT('',(0.E0,0.E0,-3.55E0));
#3693=DIRECTION('',(0.E0,0.E0,1.E0));
#3694=DIRECTION('',(1.E0,0.E0,0.E0));
#3695=AXIS2_PLACEMENT_3D('',#3692,#3693,#3694);
#3696=CYLINDRICAL_SURFACE('',#3695,1.04E0);
#3697=ORIENTED_EDGE('',*,*,#2800,.F.);
#3699=ORIENTED_EDGE('',*,*,#3698,.F.);
#3700=ORIENTED_EDGE('',*,*,#3443,.F.);
#3702=ORIENTED_EDGE('',*,*,#3701,.T.);
#3703=EDGE_LOOP('',(#3697,#3699,#3700,#3702));
#3704=FACE_OUTER_BOUND('',#3703,.F.);
#3705=ADVANCED_FACE('',(#3704),#3696,.T.);
#3706=CARTESIAN_POINT('',(0.E0,0.E0,-3.55E0));
#3707=DIRECTION('',(0.E0,0.E0,1.E0));
#3708=DIRECTION('',(1.E0,0.E0,0.E0));
#3709=AXIS2_PLACEMENT_3D('',#3706,#3707,#3708);
#3710=CYLINDRICAL_SURFACE('',#3709,1.04E0);
#3711=ORIENTED_EDGE('',*,*,#2804,.F.);
#3713=ORIENTED_EDGE('',*,*,#3712,.F.);
#3714=ORIENTED_EDGE('',*,*,#3439,.F.);
#3716=ORIENTED_EDGE('',*,*,#3715,.T.);
#3717=EDGE_LOOP('',(#3711,#3713,#3714,#3716));
#3718=FACE_OUTER_BOUND('',#3717,.F.);
#3719=ADVANCED_FACE('',(#3718),#3710,.T.);
#3720=CARTESIAN_POINT('',(0.E0,0.E0,-3.55E0));
#3721=DIRECTION('',(0.E0,0.E0,1.E0));
#3722=DIRECTION('',(1.E0,0.E0,0.E0));
#3723=AXIS2_PLACEMENT_3D('',#3720,#3721,#3722);
#3724=CYLINDRICAL_SURFACE('',#3723,1.04E0);
#3725=ORIENTED_EDGE('',*,*,#2808,.F.);
#3727=ORIENTED_EDGE('',*,*,#3726,.F.);
#3728=ORIENTED_EDGE('',*,*,#3435,.F.);
#3730=ORIENTED_EDGE('',*,*,#3729,.T.);
#3731=EDGE_LOOP('',(#3725,#3727,#3728,#3730));
#3732=FACE_OUTER_BOUND('',#3731,.F.);
#3733=ADVANCED_FACE('',(#3732),#3724,.T.);
#3734=CARTESIAN_POINT('',(0.E0,0.E0,-3.55E0));
#3735=DIRECTION('',(0.E0,0.E0,1.E0));
#3736=DIRECTION('',(1.E0,0.E0,0.E0));
#3737=AXIS2_PLACEMENT_3D('',#3734,#3735,#3736);
#3738=CYLINDRICAL_SURFACE('',#3737,1.04E0);
#3739=ORIENTED_EDGE('',*,*,#2812,.F.);
#3741=ORIENTED_EDGE('',*,*,#3740,.F.);
#3743=ORIENTED_EDGE('',*,*,#3742,.T.);
#3745=ORIENTED_EDGE('',*,*,#3744,.T.);
#3746=EDGE_LOOP('',(#3739,#3741,#3743,#3745));
#3747=FACE_OUTER_BOUND('',#3746,.F.);
#3748=ADVANCED_FACE('',(#3747),#3738,.T.);
#3749=CARTESIAN_POINT('',(0.E0,0.E0,-3.55E0));
#3750=DIRECTION('',(0.E0,0.E0,1.E0));
#3751=DIRECTION('',(1.E0,0.E0,0.E0));
#3752=AXIS2_PLACEMENT_3D('',#3749,#3750,#3751);
#3753=CYLINDRICAL_SURFACE('',#3752,1.04E0);
#3754=ORIENTED_EDGE('',*,*,#3467,.F.);
#3756=ORIENTED_EDGE('',*,*,#3755,.T.);
#3757=ORIENTED_EDGE('',*,*,#3610,.T.);
#3758=EDGE_LOOP('',(#3754,#3756,#3757));
#3759=FACE_OUTER_BOUND('',#3758,.F.);
#3760=ADVANCED_FACE('',(#3759),#3753,.T.);
#3761=CARTESIAN_POINT('',(1.032157813261E0,-1.169182717787E-1,
9.750155554069E0));
#3762=CARTESIAN_POINT('',(1.044393320035E0,-1.183042558674E-1,
1.004755620758E1));
#3763=CARTESIAN_POINT('',(9.678439668064E-1,-1.096330837170E-1,
1.033506931090E1));
#3764=CARTESIAN_POINT('',(8.094923099114E-1,-9.169570842457E-2,
1.058646895413E1));
#3765=CARTESIAN_POINT('',(1.104563855558E0,5.222843194558E-1,9.750155554069E0));
#3766=CARTESIAN_POINT('',(1.117657685167E0,5.284756336582E-1,1.004755620758E1));
#3767=CARTESIAN_POINT('',(1.035738382076E0,4.897407363954E-1,1.033506931090E1));
#3768=CARTESIAN_POINT('',(8.662783301082E-1,4.096128855053E-1,
1.058646895413E1));
#3769=CARTESIAN_POINT('',(6.861844112222E-1,1.010936780986E0,9.750155554069E0));
#3770=CARTESIAN_POINT('',(6.943186460295E-1,1.022920727309E0,1.004755620758E1));
#3771=CARTESIAN_POINT('',(6.434281986584E-1,9.479452189662E-1,
1.033506931090E1));
#3772=CARTESIAN_POINT('',(5.381551124535E-1,7.928492518298E-1,
1.058646895413E1));
#3773=CARTESIAN_POINT('',(4.345717085049E-2,1.037849270392E0,9.750155554069E0));
#3774=CARTESIAN_POINT('',(4.397232512386E-2,1.050152245397E0,1.004755620758E1));
#3775=CARTESIAN_POINT('',(4.074935061453E-2,9.731807887301E-1,
1.033506931090E1));
#3776=CARTESIAN_POINT('',(3.408223545082E-2,8.139559594818E-1,
1.058646895413E1));
#3777=CARTESIAN_POINT('',(-5.992700695212E-1,1.064761759799E0,
9.750155554069E0));
#3778=CARTESIAN_POINT('',(-6.063739957818E-1,1.077383763485E0,
1.004755620758E1));
#3779=CARTESIAN_POINT('',(-5.619294974293E-1,9.984163584940E-1,
1.033506931090E1));
#3780=CARTESIAN_POINT('',(-4.699906415519E-1,8.350626671338E-1,
1.058646895413E1));
#3781=CARTESIAN_POINT('',(-1.057035413672E0,6.127955251126E-1,
9.750155554069E0));
#3782=CARTESIAN_POINT('',(-1.069565826945E0,6.200597861605E-1,
1.004755620758E1));
#3783=CARTESIAN_POINT('',(-9.911714416910E-1,5.746121806627E-1,
1.033506931090E1));
#3784=CARTESIAN_POINT('',(-8.290031114211E-1,4.805982755286E-1,
1.058646895413E1));
#3785=CARTESIAN_POINT('',(-1.038318944020E0,-3.022257833838E-2,
9.750155554069E0));
#3786=CARTESIAN_POINT('',(-1.050627486676E0,-3.058084580215E-2,
1.004755620758E1));
#3787=CARTESIAN_POINT('',(-9.736211969517E-1,-2.833940675575E-2,
1.033506931090E1));
#3788=CARTESIAN_POINT('',(-8.143243112831E-1,-2.370271719720E-2,
1.058646895413E1));
#3789=(BOUNDED_SURFACE()B_SPLINE_SURFACE(3,3,((#3761,#3762,#3763,#3764),(#3765,
#3766,#3767,#3768),(#3769,#3770,#3771,#3772),(#3773,#3774,#3775,#3776),(#3777,
#3778,#3779,#3780),(#3781,#3782,#3783,#3784),(#3785,#3786,#3787,#3788)),
.UNSPECIFIED.,.F.,.F.,.F.)B_SPLINE_SURFACE_WITH_KNOTS((4,3,4),(4,4),(0.E0,1.E0,
2.E0),(0.E0,1.E0),.UNSPECIFIED.)GEOMETRIC_REPRESENTATION_ITEM()RATIONAL_B_SPLINE_SURFACE(((1.217110129732E0,1.180103328723E0,1.180103328723E0,1.217110129732E0),(
9.587449729688E-1,9.295938850215E-1,9.295938850215E-1,9.587449729688E-1),(
9.587449729688E-1,9.295938850215E-1,9.295938850215E-1,9.587449729688E-1),(
1.217110129732E0,1.180103328723E0,1.180103328723E0,1.217110129732E0),(
9.587449729688E-1,9.295938850215E-1,9.295938850215E-1,9.587449729688E-1),(
9.587449729688E-1,9.295938850215E-1,9.295938850215E-1,9.587449729688E-1),(
1.217110129732E0,1.180103328723E0,1.180103328723E0,1.217110129732E0)))REPRESENTATION_ITEM('')SURFACE());
#3790=ORIENTED_EDGE('',*,*,#3570,.F.);
#3791=ORIENTED_EDGE('',*,*,#3614,.T.);
#3793=ORIENTED_EDGE('',*,*,#3792,.F.);
#3794=ORIENTED_EDGE('',*,*,#3625,.F.);
#3795=ORIENTED_EDGE('',*,*,#2778,.F.);
#3796=ORIENTED_EDGE('',*,*,#2776,.F.);
#3797=EDGE_LOOP('',(#3790,#3791,#3793,#3794,#3795,#3796));
#3798=FACE_OUTER_BOUND('',#3797,.F.);
#3799=ADVANCED_FACE('',(#3798),#3789,.T.);
#3800=CARTESIAN_POINT('',(0.E0,0.E0,-3.55E0));
#3801=DIRECTION('',(0.E0,0.E0,1.E0));
#3802=DIRECTION('',(1.E0,0.E0,0.E0));
#3803=AXIS2_PLACEMENT_3D('',#3800,#3801,#3802);
#3804=CYLINDRICAL_SURFACE('',#3803,1.04E0);
#3805=ORIENTED_EDGE('',*,*,#3792,.T.);
#3806=ORIENTED_EDGE('',*,*,#3612,.T.);
#3807=ORIENTED_EDGE('',*,*,#3755,.F.);
#3808=ORIENTED_EDGE('',*,*,#3465,.F.);
#3809=ORIENTED_EDGE('',*,*,#3627,.T.);
#3810=EDGE_LOOP('',(#3805,#3806,#3807,#3808,#3809));
#3811=FACE_OUTER_BOUND('',#3810,.F.);
#3812=ADVANCED_FACE('',(#3811),#3804,.T.);
#3813=CARTESIAN_POINT('',(0.E0,0.E0,-3.55E0));
#3814=DIRECTION('',(0.E0,0.E0,1.E0));
#3815=DIRECTION('',(1.E0,0.E0,0.E0));
#3816=AXIS2_PLACEMENT_3D('',#3813,#3814,#3815);
#3817=CYLINDRICAL_SURFACE('',#3816,1.04E0);
#3818=ORIENTED_EDGE('',*,*,#2782,.F.);
#3819=ORIENTED_EDGE('',*,*,#3630,.F.);
#3820=ORIENTED_EDGE('',*,*,#3461,.F.);
#3821=ORIENTED_EDGE('',*,*,#3642,.T.);
#3822=EDGE_LOOP('',(#3818,#3819,#3820,#3821));
#3823=FACE_OUTER_BOUND('',#3822,.F.);
#3824=ADVANCED_FACE('',(#3823),#3817,.T.);
#3825=CARTESIAN_POINT('',(0.E0,0.E0,-3.55E0));
#3826=DIRECTION('',(0.E0,0.E0,1.E0));
#3827=DIRECTION('',(1.E0,0.E0,0.E0));
#3828=AXIS2_PLACEMENT_3D('',#3825,#3826,#3827);
#3829=CYLINDRICAL_SURFACE('',#3828,1.04E0);
#3830=ORIENTED_EDGE('',*,*,#2786,.F.);
#3831=ORIENTED_EDGE('',*,*,#3645,.F.);
#3832=ORIENTED_EDGE('',*,*,#3457,.F.);
#3833=ORIENTED_EDGE('',*,*,#3656,.T.);
#3834=EDGE_LOOP('',(#3830,#3831,#3832,#3833));
#3835=FACE_OUTER_BOUND('',#3834,.F.);
#3836=ADVANCED_FACE('',(#3835),#3829,.T.);
#3837=CARTESIAN_POINT('',(0.E0,0.E0,-3.55E0));
#3838=DIRECTION('',(0.E0,0.E0,1.E0));
#3839=DIRECTION('',(1.E0,0.E0,0.E0));
#3840=AXIS2_PLACEMENT_3D('',#3837,#3838,#3839);
#3841=CYLINDRICAL_SURFACE('',#3840,1.04E0);
#3842=ORIENTED_EDGE('',*,*,#2790,.F.);
#3843=ORIENTED_EDGE('',*,*,#3659,.F.);
#3844=ORIENTED_EDGE('',*,*,#3453,.F.);
#3845=ORIENTED_EDGE('',*,*,#3670,.T.);
#3846=EDGE_LOOP('',(#3842,#3843,#3844,#3845));
#3847=FACE_OUTER_BOUND('',#3846,.F.);
#3848=ADVANCED_FACE('',(#3847),#3841,.T.);
#3849=CARTESIAN_POINT('',(0.E0,0.E0,-3.55E0));
#3850=DIRECTION('',(0.E0,0.E0,1.E0));
#3851=DIRECTION('',(1.E0,0.E0,0.E0));
#3852=AXIS2_PLACEMENT_3D('',#3849,#3850,#3851);
#3853=CYLINDRICAL_SURFACE('',#3852,1.04E0);
#3854=ORIENTED_EDGE('',*,*,#2794,.F.);
#3855=ORIENTED_EDGE('',*,*,#3673,.F.);
#3856=ORIENTED_EDGE('',*,*,#3449,.F.);
#3857=ORIENTED_EDGE('',*,*,#3684,.T.);
#3858=EDGE_LOOP('',(#3854,#3855,#3856,#3857));
#3859=FACE_OUTER_BOUND('',#3858,.F.);
#3860=ADVANCED_FACE('',(#3859),#3853,.T.);
#3861=CARTESIAN_POINT('',(0.E0,0.E0,-3.55E0));
#3862=DIRECTION('',(0.E0,0.E0,1.E0));
#3863=DIRECTION('',(1.E0,0.E0,0.E0));
#3864=AXIS2_PLACEMENT_3D('',#3861,#3862,#3863);
#3865=CYLINDRICAL_SURFACE('',#3864,1.04E0);
#3866=ORIENTED_EDGE('',*,*,#2798,.F.);
#3867=ORIENTED_EDGE('',*,*,#3687,.F.);
#3868=ORIENTED_EDGE('',*,*,#3445,.F.);
#3869=ORIENTED_EDGE('',*,*,#3698,.T.);
#3870=EDGE_LOOP('',(#3866,#3867,#3868,#3869));
#3871=FACE_OUTER_BOUND('',#3870,.F.);
#3872=ADVANCED_FACE('',(#3871),#3865,.T.);
#3873=CARTESIAN_POINT('',(0.E0,0.E0,-3.55E0));
#3874=DIRECTION('',(0.E0,0.E0,1.E0));
#3875=DIRECTION('',(1.E0,0.E0,0.E0));
#3876=AXIS2_PLACEMENT_3D('',#3873,#3874,#3875);
#3877=CYLINDRICAL_SURFACE('',#3876,1.04E0);
#3878=ORIENTED_EDGE('',*,*,#2802,.F.);
#3879=ORIENTED_EDGE('',*,*,#3701,.F.);
#3880=ORIENTED_EDGE('',*,*,#3441,.F.);
#3881=ORIENTED_EDGE('',*,*,#3712,.T.);
#3882=EDGE_LOOP('',(#3878,#3879,#3880,#3881));
#3883=FACE_OUTER_BOUND('',#3882,.F.);
#3884=ADVANCED_FACE('',(#3883),#3877,.T.);
#3885=CARTESIAN_POINT('',(0.E0,0.E0,-3.55E0));
#3886=DIRECTION('',(0.E0,0.E0,1.E0));
#3887=DIRECTION('',(1.E0,0.E0,0.E0));
#3888=AXIS2_PLACEMENT_3D('',#3885,#3886,#3887);
#3889=CYLINDRICAL_SURFACE('',#3888,1.04E0);
#3890=ORIENTED_EDGE('',*,*,#2806,.F.);
#3891=ORIENTED_EDGE('',*,*,#3715,.F.);
#3892=ORIENTED_EDGE('',*,*,#3437,.F.);
#3893=ORIENTED_EDGE('',*,*,#3726,.T.);
#3894=EDGE_LOOP('',(#3890,#3891,#3892,#3893));
#3895=FACE_OUTER_BOUND('',#3894,.F.);
#3896=ADVANCED_FACE('',(#3895),#3889,.T.);
#3897=CARTESIAN_POINT('',(0.E0,0.E0,-3.55E0));
#3898=DIRECTION('',(0.E0,0.E0,1.E0));
#3899=DIRECTION('',(1.E0,0.E0,0.E0));
#3900=AXIS2_PLACEMENT_3D('',#3897,#3898,#3899);
#3901=CYLINDRICAL_SURFACE('',#3900,1.04E0);
#3902=ORIENTED_EDGE('',*,*,#2810,.F.);
#3903=ORIENTED_EDGE('',*,*,#3729,.F.);
#3904=ORIENTED_EDGE('',*,*,#3433,.F.);
#3905=ORIENTED_EDGE('',*,*,#2152,.T.);
#3906=ORIENTED_EDGE('',*,*,#3740,.T.);
#3907=EDGE_LOOP('',(#3902,#3903,#3904,#3905,#3906));
#3908=FACE_OUTER_BOUND('',#3907,.F.);
#3909=ADVANCED_FACE('',(#3908),#3901,.T.);
#3910=CARTESIAN_POINT('',(0.E0,0.E0,-3.55E0));
#3911=DIRECTION('',(0.E0,0.E0,1.E0));
#3912=DIRECTION('',(1.E0,0.E0,0.E0));
#3913=AXIS2_PLACEMENT_3D('',#3910,#3911,#3912);
#3914=CYLINDRICAL_SURFACE('',#3913,1.04E0);
#3915=ORIENTED_EDGE('',*,*,#2814,.F.);
#3916=ORIENTED_EDGE('',*,*,#3744,.F.);
#3917=ORIENTED_EDGE('',*,*,#2145,.T.);
#3918=EDGE_LOOP('',(#3915,#3916,#3917));
#3919=FACE_OUTER_BOUND('',#3918,.F.);
#3920=ADVANCED_FACE('',(#3919),#3914,.T.);
#3921=CARTESIAN_POINT('',(0.E0,0.E0,2.E-1));
#3922=DIRECTION('',(0.E0,0.E0,1.E0));
#3923=DIRECTION('',(1.E0,0.E0,0.E0));
#3924=AXIS2_PLACEMENT_3D('',#3921,#3922,#3923);
#3925=TOROIDAL_SURFACE('',#3924,1.24E0,2.E-1);
#3926=ORIENTED_EDGE('',*,*,#3742,.F.);
#3927=ORIENTED_EDGE('',*,*,#2150,.T.);
#3928=ORIENTED_EDGE('',*,*,#2118,.F.);
#3929=ORIENTED_EDGE('',*,*,#2147,.F.);
#3930=EDGE_LOOP('',(#3926,#3927,#3928,#3929));
#3931=FACE_OUTER_BOUND('',#3930,.F.);
#3932=ADVANCED_FACE('',(#3931),#3925,.F.);
#3933=CARTESIAN_POINT('',(-5.193956363348E-1,-6.205812156364E-1,
1.089735491763E1));
#3934=CARTESIAN_POINT('',(-4.955964277061E-1,-5.635306989929E-1,
1.086166242087E1));
#3935=CARTESIAN_POINT('',(-4.717972190774E-1,-5.064801823494E-1,
1.082596992410E1));
#3936=CARTESIAN_POINT('',(-4.479980104487E-1,-4.494296657059E-1,
1.079027742733E1));
#3937=CARTESIAN_POINT('',(-5.053168922984E-1,-6.280140718341E-1,
1.090202496235E1));
#3938=CARTESIAN_POINT('',(-4.826615254871E-1,-5.704820488686E-1,
1.086633248687E1));
#3939=CARTESIAN_POINT('',(-4.600061586758E-1,-5.129500259031E-1,
1.083064001139E1));
#3940=CARTESIAN_POINT('',(-4.373507918645E-1,-4.554180029375E-1,
1.079494753591E1));
#3941=CARTESIAN_POINT('',(-3.278773424483E-1,-7.145437302686E-1,
1.096040586358E1));
#3942=CARTESIAN_POINT('',(-3.197197889901E-1,-6.514485077330E-1,
1.092471350580E1));
#3943=CARTESIAN_POINT('',(-3.115622355319E-1,-5.883532851975E-1,
1.088902114802E1));
#3944=CARTESIAN_POINT('',(-3.034046820737E-1,-5.252580626619E-1,
1.085332879025E1));
#3945=CARTESIAN_POINT('',(-4.865906731922E-2,-7.267607992751E-1,
1.104564399251E1));
#3946=CARTESIAN_POINT('',(-6.476896357109E-2,-6.638986423766E-1,
1.100994965828E1));
#3947=CARTESIAN_POINT('',(-8.087885982297E-2,-6.010364854782E-1,
1.097425532406E1));
#3948=CARTESIAN_POINT('',(-9.698875607485E-2,-5.381743285798E-1,
1.093856098983E1));
#3949=CARTESIAN_POINT('',(2.159176379305E-1,-5.936885471942E-1,
1.115306168316E1));
#3950=CARTESIAN_POINT('',(1.742848022134E-1,-5.462425822929E-1,
1.111737233069E1));
#3951=CARTESIAN_POINT('',(1.326519664964E-1,-4.987966173916E-1,
1.108168297823E1));
#3952=CARTESIAN_POINT('',(9.101913077931E-2,-4.513506524904E-1,
1.104599362576E1));
#3953=CARTESIAN_POINT('',(3.822461214201E-1,-4.166484691968E-1,
1.124975643430E1));
#3954=CARTESIAN_POINT('',(3.241016627752E-1,-3.898721433586E-1,
1.121404914751E1));
#3955=CARTESIAN_POINT('',(2.659572041302E-1,-3.630958175204E-1,
1.117834186072E1));
#3956=CARTESIAN_POINT('',(2.078127454853E-1,-3.363194916822E-1,
1.114263457392E1));
#3957=CARTESIAN_POINT('',(4.295931754116E-1,-2.487864590393E-1,
1.132707062585E1));
#3958=CARTESIAN_POINT('',(3.664996383510E-1,-2.434108804622E-1,
1.129143761869E1));
#3959=CARTESIAN_POINT('',(3.034061012905E-1,-2.380353018852E-1,
1.125580461153E1));
#3960=CARTESIAN_POINT('',(2.403125642299E-1,-2.326597233081E-1,
1.122017160437E1));
#3961=CARTESIAN_POINT('',(4.244424954055E-1,-1.494592502298E-1,
1.137765952037E1));
#3962=CARTESIAN_POINT('',(3.632820577198E-1,-1.587843300461E-1,
1.134194581424E1));
#3963=CARTESIAN_POINT('',(3.021216200341E-1,-1.681094098624E-1,
1.130623210811E1));
#3964=CARTESIAN_POINT('',(2.409611823484E-1,-1.774344896787E-1,
1.127051840199E1));
#3965=CARTESIAN_POINT('',(4.228840858040E-1,-1.349294121693E-1,
1.138522500519E1));
#3966=CARTESIAN_POINT('',(3.621329835511E-1,-1.464621846561E-1,
1.134949567632E1));
#3967=CARTESIAN_POINT('',(3.013818812982E-1,-1.579949571429E-1,
1.131376634744E1));
#3968=CARTESIAN_POINT('',(2.406307790454E-1,-1.695277296297E-1,
1.127803701856E1));
#3969=B_SPLINE_SURFACE_WITH_KNOTS('',3,3,((#3933,#3934,#3935,#3936),(#3937,
#3938,#3939,#3940),(#3941,#3942,#3943,#3944),(#3945,#3946,#3947,#3948),(#3949,
#3950,#3951,#3952),(#3953,#3954,#3955,#3956),(#3957,#3958,#3959,#3960),(#3961,
#3962,#3963,#3964),(#3965,#3966,#3967,#3968)),.UNSPECIFIED.,.F.,.F.,.F.,(4,1,1,
1,1,1,4),(4,4),(-3.105288373777E-2,0.E0,3.571428571429E-1,5.357142857143E-1,
7.142857142857E-1,1.E0,1.050218308164E0),(-1.253315479379E-1,3.214572904149E-1),
.UNSPECIFIED.);
#3970=ORIENTED_EDGE('',*,*,#3522,.F.);
#3972=ORIENTED_EDGE('',*,*,#3971,.T.);
#3973=ORIENTED_EDGE('',*,*,#3542,.T.);
#3974=ORIENTED_EDGE('',*,*,#2770,.F.);
#3975=EDGE_LOOP('',(#3970,#3972,#3973,#3974));
#3976=FACE_OUTER_BOUND('',#3975,.F.);
#3977=ADVANCED_FACE('',(#3976),#3969,.F.);
#3978=CARTESIAN_POINT('',(1.511750256388E-1,-2.013782266822E-1,1.13325E1));
#3979=DIRECTION('',(8.000752561237E-2,-9.967942595367E-1,0.E0));
#3980=DIRECTION('',(0.E0,0.E0,-1.E0));
#3981=AXIS2_PLACEMENT_3D('',#3978,#3979,#3980);
#3982=PLANE('',#3981);
#3983=ORIENTED_EDGE('',*,*,#3544,.F.);
#3984=ORIENTED_EDGE('',*,*,#3971,.F.);
#3985=ORIENTED_EDGE('',*,*,#3520,.F.);
#3986=EDGE_LOOP('',(#3983,#3984,#3985));
#3987=FACE_OUTER_BOUND('',#3986,.F.);
#3988=ADVANCED_FACE('',(#3987),#3982,.F.);
#3989=CARTESIAN_POINT('',(0.E0,0.E0,-5.E-2));
#3990=DIRECTION('',(0.E0,0.E0,1.E0));
#3991=DIRECTION('',(1.E0,0.E0,0.E0));
#3992=AXIS2_PLACEMENT_3D('',#3989,#3990,#3991);
#3993=TOROIDAL_SURFACE('',#3992,2.750190265095E0,5.E-2);
#3994=ORIENTED_EDGE('',*,*,#2098,.T.);
#3995=ORIENTED_EDGE('',*,*,#2088,.F.);
#3996=ORIENTED_EDGE('',*,*,#2058,.F.);
#3997=ORIENTED_EDGE('',*,*,#2085,.T.);
#3998=EDGE_LOOP('',(#3994,#3995,#3996,#3997));
#3999=FACE_OUTER_BOUND('',#3998,.F.);
#4000=ADVANCED_FACE('',(#3999),#3993,.T.);
#4001=CLOSED_SHELL('',(#1618,#1633,#1647,#1680,#1696,#1710,#1724,#1738,#1752,
#1766,#1780,#1794,#1808,#1822,#1839,#1853,#1867,#1881,#1895,#1909,#1923,#1937,
#1951,#1964,#1993,#2008,#2023,#2037,#2049,#2064,#2077,#2092,#2109,#2124,#2137,
#2158,#2819,#3479,#3526,#3549,#3562,#3576,#3619,#3635,#3649,#3663,#3677,#3691,
#3705,#3719,#3733,#3748,#3760,#3799,#3812,#3824,#3836,#3848,#3860,#3872,#3884,
#3896,#3909,#3920,#3932,#3977,#3988,#4000));
#4002=MANIFOLD_SOLID_BREP('',#4001);
#4004=DIMENSIONAL_EXPONENTS(0.E0,0.E0,0.E0,0.E0,0.E0,0.E0,0.E0);
#4006=PLANE_ANGLE_MEASURE_WITH_UNIT(PLANE_ANGLE_MEASURE(1.745329251994E-2),
#4005);
#4007=(CONVERSION_BASED_UNIT('DEGREE',#4006)NAMED_UNIT(*)PLANE_ANGLE_UNIT());
#4009=UNCERTAINTY_MEASURE_WITH_UNIT(LENGTH_MEASURE(5.E-3),#4003,'closure',
'Maximum model space distance between geometric entities at asserted connectivities');
#4010=(GEOMETRIC_REPRESENTATION_CONTEXT(3)GLOBAL_UNCERTAINTY_ASSIGNED_CONTEXT((
#4009))GLOBAL_UNIT_ASSIGNED_CONTEXT((#4003,#4007,#4008))REPRESENTATION_CONTEXT(
'ID1','3'));
#4012=APPLICATION_CONTEXT(
'CONFIGURATION CONTROLLED 3D DESIGNS OF MECHANICAL PARTS AND ASSEMBLIES');
#4013=APPLICATION_PROTOCOL_DEFINITION('international standard',
'config_control_design',1994,#4012);
#4014=DESIGN_CONTEXT('',#4012,'design');
#4015=MECHANICAL_CONTEXT('',#4012,'mechanical');
#4016=PRODUCT('_GB_T845-2017_16450001','_GB_T845-2017_16450001','NOT SPECIFIED',
(#4015));
#4017=PRODUCT_DEFINITION_FORMATION_WITH_SPECIFIED_SOURCE('1','LAST_VERSION',
#4016,.MADE.);
#4021=PRODUCT_CATEGORY('part','');
#4022=PRODUCT_RELATED_PRODUCT_CATEGORY('detail','',(#4016));
#4023=PRODUCT_CATEGORY_RELATIONSHIP('','',#4021,#4022);
#4024=SECURITY_CLASSIFICATION_LEVEL('unclassified');
#4025=SECURITY_CLASSIFICATION('','',#4024);
#4026=CC_DESIGN_SECURITY_CLASSIFICATION(#4025,(#4017));
#4027=APPROVAL_STATUS('approved');
#4028=APPROVAL(#4027,'');
#4029=CC_DESIGN_APPROVAL(#4028,(#4025,#4017,#4018));
#4030=CALENDAR_DATE(126,1,7);
#4031=COORDINATED_UNIVERSAL_TIME_OFFSET(8,0,.AHEAD.);
#4032=LOCAL_TIME(11,34,2.6E1,#4031);
#4033=DATE_AND_TIME(#4030,#4032);
#4034=APPROVAL_DATE_TIME(#4033,#4028);
#4035=DATE_TIME_ROLE('creation_date');
#4036=CC_DESIGN_DATE_AND_TIME_ASSIGNMENT(#4033,#4035,(#4018));
#4037=DATE_TIME_ROLE('classification_date');
#4038=CC_DESIGN_DATE_AND_TIME_ASSIGNMENT(#4033,#4037,(#4025));
#4039=PERSON('UNSPECIFIED','UNSPECIFIED',$,$,$,$);
#4040=ORGANIZATION('UNSPECIFIED','UNSPECIFIED','UNSPECIFIED');
#4041=PERSON_AND_ORGANIZATION(#4039,#4040);
#4042=APPROVAL_ROLE('approver');
#4043=APPROVAL_PERSON_ORGANIZATION(#4041,#4028,#4042);
#4044=PERSON_AND_ORGANIZATION_ROLE('creator');
#4045=CC_DESIGN_PERSON_AND_ORGANIZATION_ASSIGNMENT(#4041,#4044,(#4017,#4018));
#4046=PERSON_AND_ORGANIZATION_ROLE('design_supplier');
#4047=CC_DESIGN_PERSON_AND_ORGANIZATION_ASSIGNMENT(#4041,#4046,(#4017));
#4048=PERSON_AND_ORGANIZATION_ROLE('classification_officer');
#4049=CC_DESIGN_PERSON_AND_ORGANIZATION_ASSIGNMENT(#4041,#4048,(#4025));
#4050=PERSON_AND_ORGANIZATION_ROLE('design_owner');
#4051=CC_DESIGN_PERSON_AND_ORGANIZATION_ASSIGNMENT(#4041,#4050,(#4016));
#6=CIRCLE('',#5,2.041188551701E0);
#11=CIRCLE('',#10,1.2E0);
#16=CIRCLE('',#15,1.2E0);
#21=CIRCLE('',#20,2.041188551701E0);
#26=CIRCLE('',#25,4.748278752608E0);
#31=CIRCLE('',#30,4.748278752608E0);
#38=B_SPLINE_CURVE_WITH_KNOTS('',3,(#32,#33,#34,#35,#36,#37),.UNSPECIFIED.,.F.,
.F.,(4,1,1,4),(0.E0,3.333333333333E-1,6.666666666667E-1,1.E0),.UNSPECIFIED.);
#45=B_SPLINE_CURVE_WITH_KNOTS('',3,(#39,#40,#41,#42,#43,#44),.UNSPECIFIED.,.F.,
.F.,(4,1,1,4),(0.E0,3.333333333333E-1,6.666666666667E-1,1.E0),.UNSPECIFIED.);
#52=B_SPLINE_CURVE_WITH_KNOTS('',3,(#46,#47,#48,#49,#50,#51),.UNSPECIFIED.,.F.,
.F.,(4,1,1,4),(0.E0,3.333333333333E-1,6.666666666667E-1,1.E0),.UNSPECIFIED.);
#61=CIRCLE('',#60,4.739475063442E0);
#70=CIRCLE('',#69,4.747707155116E0);
#79=CIRCLE('',#78,4.747707155116E0);
#86=B_SPLINE_CURVE_WITH_KNOTS('',3,(#80,#81,#82,#83,#84,#85),.UNSPECIFIED.,.F.,
.F.,(4,1,1,4),(0.E0,3.333333333333E-1,6.666666666667E-1,1.E0),.UNSPECIFIED.);
#91=CIRCLE('',#90,4.739475063442E0);
#98=B_SPLINE_CURVE_WITH_KNOTS('',3,(#92,#93,#94,#95,#96,#97),.UNSPECIFIED.,.F.,
.F.,(4,1,1,4),(0.E0,3.333333333333E-1,6.666666666667E-1,1.E0),.UNSPECIFIED.);
#105=B_SPLINE_CURVE_WITH_KNOTS('',3,(#99,#100,#101,#102,#103,#104),
.UNSPECIFIED.,.F.,.F.,(4,1,1,4),(0.E0,3.333333333333E-1,6.666666666667E-1,1.E0),
.UNSPECIFIED.);
#114=CIRCLE('',#113,4.739475063442E0);
#123=CIRCLE('',#122,4.747707155116E0);
#132=CIRCLE('',#131,4.747707155116E0);
#139=B_SPLINE_CURVE_WITH_KNOTS('',3,(#133,#134,#135,#136,#137,#138),
.UNSPECIFIED.,.F.,.F.,(4,1,1,4),(0.E0,3.333333333333E-1,6.666666666667E-1,1.E0),
.UNSPECIFIED.);
#144=CIRCLE('',#143,4.739475063442E0);
#151=B_SPLINE_CURVE_WITH_KNOTS('',3,(#145,#146,#147,#148,#149,#150),
.UNSPECIFIED.,.F.,.F.,(4,1,1,4),(0.E0,3.333333333333E-1,6.666666666667E-1,1.E0),
.UNSPECIFIED.);
#158=B_SPLINE_CURVE_WITH_KNOTS('',3,(#152,#153,#154,#155,#156,#157),
.UNSPECIFIED.,.F.,.F.,(4,1,1,4),(0.E0,3.333333333333E-1,6.666666666667E-1,1.E0),
.UNSPECIFIED.);
#165=B_SPLINE_CURVE_WITH_KNOTS('',3,(#159,#160,#161,#162,#163,#164),
.UNSPECIFIED.,.F.,.F.,(4,1,1,4),(0.E0,3.333333333333E-1,6.666666666667E-1,1.E0),
.UNSPECIFIED.);
#174=CIRCLE('',#173,4.739475063442E0);
#183=CIRCLE('',#182,4.747707155116E0);
#192=CIRCLE('',#191,4.747707155116E0);
#199=B_SPLINE_CURVE_WITH_KNOTS('',3,(#193,#194,#195,#196,#197,#198),
.UNSPECIFIED.,.F.,.F.,(4,1,1,4),(0.E0,3.333333333333E-1,6.666666666667E-1,1.E0),
.UNSPECIFIED.);
#204=CIRCLE('',#203,4.739475063442E0);
#211=B_SPLINE_CURVE_WITH_KNOTS('',3,(#205,#206,#207,#208,#209,#210),
.UNSPECIFIED.,.F.,.F.,(4,1,1,4),(0.E0,3.333333333333E-1,6.666666666667E-1,1.E0),
.UNSPECIFIED.);
#218=B_SPLINE_CURVE_WITH_KNOTS('',3,(#212,#213,#214,#215,#216,#217),
.UNSPECIFIED.,.F.,.F.,(4,1,1,4),(0.E0,3.333333333333E-1,6.666666666667E-1,1.E0),
.UNSPECIFIED.);
#227=CIRCLE('',#226,4.739475063442E0);
#236=CIRCLE('',#235,4.747707155116E0);
#245=CIRCLE('',#244,4.747707155116E0);
#252=B_SPLINE_CURVE_WITH_KNOTS('',3,(#246,#247,#248,#249,#250,#251),
.UNSPECIFIED.,.F.,.F.,(4,1,1,4),(0.E0,3.333333333333E-1,6.666666666667E-1,1.E0),
.UNSPECIFIED.);
#257=CIRCLE('',#256,4.739475063442E0);
#262=CIRCLE('',#261,7.226211980286E-1);
#283=CIRCLE('',#282,7.226211980286E-1);
#304=CIRCLE('',#303,7.226211980286E-1);
#309=CIRCLE('',#308,7.226211980286E-1);
#330=CIRCLE('',#329,7.226211980286E-1);
#351=CIRCLE('',#350,2.720766573164E0);
#356=CIRCLE('',#355,1.2E0);
#361=CIRCLE('',#360,2.511069990884E0);
#366=CIRCLE('',#365,1.2E0);
#379=CIRCLE('',#378,2.720766573164E0);
#384=CIRCLE('',#383,2.511069990884E0);
#389=CIRCLE('',#388,2.8E0);
#394=CIRCLE('',#393,2.8E0);
#399=CIRCLE('',#398,5.E-2);
#404=CIRCLE('',#403,5.E-2);
#409=CIRCLE('',#408,5.E-2);
#414=CIRCLE('',#413,2.787054131936E0);
#419=CIRCLE('',#418,5.E-2);
#424=CIRCLE('',#423,1.24E0);
#429=CIRCLE('',#428,1.24E0);
#434=CIRCLE('',#433,2.750190265095E0);
#439=CIRCLE('',#438,2.750190265095E0);
#444=CIRCLE('',#443,2.E-1);
#449=CIRCLE('',#448,1.098578643763E0);
#454=CIRCLE('',#453,2.E-1);
#459=CIRCLE('',#458,1.098578643763E0);
#467=B_SPLINE_CURVE_WITH_KNOTS('',3,(#460,#461,#462,#463,#464,#465,#466),
.UNSPECIFIED.,.F.,.F.,(4,1,1,1,4),(0.E0,2.5E-1,5.E-1,7.5E-1,1.E0),
.UNSPECIFIED.);
#472=CIRCLE('',#471,1.04E0);
#477=CIRCLE('',#476,1.04E0);
#484=B_SPLINE_CURVE_WITH_KNOTS('',3,(#478,#479,#480,#481,#482,#483),
.UNSPECIFIED.,.F.,.F.,(4,1,1,4),(0.E0,3.333333333333E-1,6.666666666667E-1,1.E0),
.UNSPECIFIED.);
#635=B_SPLINE_CURVE_WITH_KNOTS('',3,(#485,#486,#487,#488,#489,#490,#491,#492,
#493,#494,#495,#496,#497,#498,#499,#500,#501,#502,#503,#504,#505,#506,#507,#508,
#509,#510,#511,#512,#513,#514,#515,#516,#517,#518,#519,#520,#521,#522,#523,#524,
#525,#526,#527,#528,#529,#530,#531,#532,#533,#534,#535,#536,#537,#538,#539,#540,
#541,#542,#543,#544,#545,#546,#547,#548,#549,#550,#551,#552,#553,#554,#555,#556,
#557,#558,#559,#560,#561,#562,#563,#564,#565,#566,#567,#568,#569,#570,#571,#572,
#573,#574,#575,#576,#577,#578,#579,#580,#581,#582,#583,#584,#585,#586,#587,#588,
#589,#590,#591,#592,#593,#594,#595,#596,#597,#598,#599,#600,#601,#602,#603,#604,
#605,#606,#607,#608,#609,#610,#611,#612,#613,#614,#615,#616,#617,#618,#619,#620,
#621,#622,#623,#624,#625,#626,#627,#628,#629,#630,#631,#632,#633,#634),
.UNSPECIFIED.,.F.,.F.,(4,1,1,1,1,1,1,1,1,1,1,1,1,1,1,1,1,1,1,1,1,1,1,1,1,1,1,1,
1,1,1,1,1,1,1,1,1,1,1,1,1,1,1,1,1,1,1,1,1,1,1,1,1,1,1,1,1,1,1,1,1,1,1,1,1,1,1,1,
1,1,1,1,1,1,1,1,1,1,1,1,1,1,1,1,1,1,1,1,1,1,1,1,1,1,1,1,1,1,1,1,1,1,1,1,1,1,1,1,
1,1,1,1,1,1,1,1,1,1,1,1,1,1,1,1,1,1,1,1,1,1,1,1,1,1,1,1,1,1,1,1,1,1,1,1,1,1,1,
4),(0.E0,7.456519716668E-3,1.491303943333E-2,2.236955915E-2,2.982607886667E-2,
3.728259858334E-2,4.47391183E-2,5.219563801667E-2,5.965215773334E-2,
6.710867745001E-2,7.456519716667E-2,8.202171688334E-2,8.947823660001E-2,
1.028999720900E-1,1.096108398350E-1,1.163217075800E-1,1.230325753250E-1,
1.297434430700E-1,1.364543108150E-1,1.431651785600E-1,1.498182017884E-1,
1.564712250168E-1,1.631242482452E-1,1.697772714737E-1,1.764302947021E-1,
1.830833179305E-1,1.897363411589E-1,1.963893643873E-1,2.030351570511E-1,
2.096809497150E-1,2.163267423788E-1,2.229725350426E-1,2.296183277065E-1,
2.362641203703E-1,2.429099130342E-1,2.495557056980E-1,2.562014983618E-1,
2.628472910257E-1,2.694930836895E-1,2.761388763533E-1,2.827846690172E-1,
2.894304616810E-1,2.960762543449E-1,3.027220470087E-1,3.093678396725E-1,
3.160136323364E-1,3.226594250002E-1,3.293052176640E-1,3.359510103279E-1,
3.425968029917E-1,3.492425956556E-1,3.558883883194E-1,3.625341809832E-1,
3.691799736471E-1,3.758257663109E-1,3.824715589747E-1,3.891173516386E-1,
3.957631443024E-1,4.024089369662E-1,4.090547296301E-1,4.157005222939E-1,
4.223463149578E-1,4.289921076216E-1,4.356379002854E-1,4.422836929493E-1,
4.489294856131E-1,4.555752782769E-1,4.622210709408E-1,4.688668636046E-1,
4.755126562685E-1,4.821584489323E-1,4.888042415961E-1,4.954500342600E-1,
5.020958269238E-1,5.087416195876E-1,5.153874122515E-1,5.220332049153E-1,
5.286789975791E-1,5.353247902430E-1,5.419705829068E-1,5.486163755707E-1,
5.552621682345E-1,5.619079608983E-1,5.685537535622E-1,5.751995462260E-1,
5.818453388898E-1,5.884911315537E-1,5.951369242175E-1,6.017827168814E-1,
6.084285095452E-1,6.150743022090E-1,6.217200948729E-1,6.283658875367E-1,
6.350116802005E-1,6.416574728644E-1,6.483032655282E-1,6.549490581921E-1,
6.615948508559E-1,6.682406435197E-1,6.748864361836E-1,6.815322288474E-1,
6.881780215112E-1,6.948238141751E-1,7.014696068389E-1,7.081153995027E-1,
7.147611921666E-1,7.214069848304E-1,7.280527774943E-1,7.346985701581E-1,
7.413443628219E-1,7.479901554858E-1,7.546359481496E-1,7.612817408134E-1,
7.679275334773E-1,7.745733261411E-1,7.812191188050E-1,7.878649114688E-1,
7.945107041326E-1,8.011564967965E-1,8.078022894603E-1,8.144480821241E-1,
8.210938747880E-1,8.277396674518E-1,8.343854601157E-1,8.410312527795E-1,
8.476770454433E-1,8.543228381072E-1,8.609686307710E-1,8.676144234348E-1,
8.742602160987E-1,8.809060087625E-1,8.875518014263E-1,8.945392382663E-1,
9.015266751062E-1,9.085141119462E-1,9.155015487861E-1,9.224889856261E-1,
9.294764224660E-1,9.364638593060E-1,9.434512961459E-1,9.506095550739E-1,
9.577678140019E-1,9.649260729299E-1,9.720843318579E-1,9.792425907859E-1,
9.864008497139E-1,9.935591086419E-1,1.E0),.UNSPECIFIED.);
#647=B_SPLINE_CURVE_WITH_KNOTS('',3,(#640,#641,#642,#643,#644,#645,#646),
.UNSPECIFIED.,.F.,.F.,(4,1,1,1,4),(0.E0,2.5E-1,5.E-1,7.5E-1,1.E0),
.UNSPECIFIED.);
#666=B_SPLINE_CURVE_WITH_KNOTS('',3,(#660,#661,#662,#663,#664,#665),
.UNSPECIFIED.,.F.,.F.,(4,1,1,4),(0.E0,3.333333333333E-1,6.666666666667E-1,1.E0),
.UNSPECIFIED.);
#676=B_SPLINE_CURVE_WITH_KNOTS('',3,(#667,#668,#669,#670,#671,#672,#673,#674,
#675),.UNSPECIFIED.,.F.,.F.,(4,1,1,1,1,1,4),(0.E0,1.666666666667E-1,
3.333333333333E-1,5.E-1,6.666666666667E-1,8.333333333333E-1,1.E0),
.UNSPECIFIED.);
#685=B_SPLINE_CURVE_WITH_KNOTS('',3,(#677,#678,#679,#680,#681,#682,#683,#684),
.UNSPECIFIED.,.F.,.F.,(4,1,1,1,1,4),(0.E0,2.E-1,4.E-1,6.E-1,8.E-1,1.E0),
.UNSPECIFIED.);
#692=B_SPLINE_CURVE_WITH_KNOTS('',3,(#686,#687,#688,#689,#690,#691),
.UNSPECIFIED.,.F.,.F.,(4,1,1,4),(0.E0,3.333333333333E-1,6.666666666667E-1,1.E0),
.UNSPECIFIED.);
#699=B_SPLINE_CURVE_WITH_KNOTS('',3,(#693,#694,#695,#696,#697,#698),
.UNSPECIFIED.,.F.,.F.,(4,1,1,4),(0.E0,3.333333333333E-1,6.666666666667E-1,1.E0),
.UNSPECIFIED.);
#704=CIRCLE('',#703,8.457368354874E-1);
#709=CIRCLE('',#708,8.457368354874E-1);
#719=B_SPLINE_CURVE_WITH_KNOTS('',3,(#710,#711,#712,#713,#714,#715,#716,#717,
#718),.UNSPECIFIED.,.F.,.F.,(4,1,1,1,1,1,4),(0.E0,1.666666666667E-1,
3.333333333333E-1,5.E-1,6.666666666667E-1,8.333333333333E-1,1.E0),
.UNSPECIFIED.);
#729=B_SPLINE_CURVE_WITH_KNOTS('',3,(#720,#721,#722,#723,#724,#725,#726,#727,
#728),.UNSPECIFIED.,.F.,.F.,(4,1,1,1,1,1,4),(0.E0,1.666666666667E-1,
3.333333333333E-1,5.E-1,6.666666666667E-1,8.333333333333E-1,1.E0),
.UNSPECIFIED.);
#734=CIRCLE('',#733,1.04E0);
#739=CIRCLE('',#738,1.04E0);
#744=CIRCLE('',#743,1.45E0);
#749=CIRCLE('',#748,8.457368354874E-1);
#766=B_SPLINE_CURVE_WITH_KNOTS('',3,(#754,#755,#756,#757,#758,#759,#760,#761,
#762,#763,#764,#765),.UNSPECIFIED.,.F.,.F.,(4,1,1,1,1,1,1,1,1,4),(0.E0,
1.111111111111E-1,2.222222222222E-1,3.333333333333E-1,4.444444444444E-1,
5.555555555556E-1,6.666666666667E-1,7.777777777778E-1,8.888888888889E-1,1.E0),
.UNSPECIFIED.);
#783=B_SPLINE_CURVE_WITH_KNOTS('',3,(#771,#772,#773,#774,#775,#776,#777,#778,
#779,#780,#781,#782),.UNSPECIFIED.,.F.,.F.,(4,1,1,1,1,1,1,1,1,4),(0.E0,
1.111111111111E-1,2.222222222222E-1,3.333333333333E-1,4.444444444444E-1,
5.555555555556E-1,6.666666666667E-1,7.777777777778E-1,8.888888888889E-1,1.E0),
.UNSPECIFIED.);
#796=B_SPLINE_CURVE_WITH_KNOTS('',3,(#784,#785,#786,#787,#788,#789,#790,#791,
#792,#793,#794,#795),.UNSPECIFIED.,.F.,.F.,(4,1,1,1,1,1,1,1,1,4),(0.E0,
1.111111111111E-1,2.222222222222E-1,3.333333333333E-1,4.444444444444E-1,
5.555555555556E-1,6.666666666667E-1,7.777777777778E-1,8.888888888889E-1,1.E0),
.UNSPECIFIED.);
#813=B_SPLINE_CURVE_WITH_KNOTS('',3,(#801,#802,#803,#804,#805,#806,#807,#808,
#809,#810,#811,#812),.UNSPECIFIED.,.F.,.F.,(4,1,1,1,1,1,1,1,1,4),(0.E0,
1.111111111111E-1,2.222222222222E-1,3.333333333333E-1,4.444444444444E-1,
5.555555555556E-1,6.666666666667E-1,7.777777777778E-1,8.888888888889E-1,1.E0),
.UNSPECIFIED.);
#830=B_SPLINE_CURVE_WITH_KNOTS('',3,(#818,#819,#820,#821,#822,#823,#824,#825,
#826,#827,#828,#829),.UNSPECIFIED.,.F.,.F.,(4,1,1,1,1,1,1,1,1,4),(0.E0,
1.111111111111E-1,2.222222222222E-1,3.333333333333E-1,4.444444444444E-1,
5.555555555556E-1,6.666666666667E-1,7.777777777778E-1,8.888888888889E-1,1.E0),
.UNSPECIFIED.);
#847=B_SPLINE_CURVE_WITH_KNOTS('',3,(#835,#836,#837,#838,#839,#840,#841,#842,
#843,#844,#845,#846),.UNSPECIFIED.,.F.,.F.,(4,1,1,1,1,1,1,1,1,4),(0.E0,
1.111111111111E-1,2.222222222222E-1,3.333333333333E-1,4.444444444444E-1,
5.555555555556E-1,6.666666666667E-1,7.777777777778E-1,8.888888888889E-1,1.E0),
.UNSPECIFIED.);
#864=B_SPLINE_CURVE_WITH_KNOTS('',3,(#852,#853,#854,#855,#856,#857,#858,#859,
#860,#861,#862,#863),.UNSPECIFIED.,.F.,.F.,(4,1,1,1,1,1,1,1,1,4),(0.E0,
1.111111111111E-1,2.222222222222E-1,3.333333333333E-1,4.444444444444E-1,
5.555555555556E-1,6.666666666667E-1,7.777777777778E-1,8.888888888889E-1,1.E0),
.UNSPECIFIED.);
#881=B_SPLINE_CURVE_WITH_KNOTS('',3,(#869,#870,#871,#872,#873,#874,#875,#876,
#877,#878,#879,#880),.UNSPECIFIED.,.F.,.F.,(4,1,1,1,1,1,1,1,1,4),(0.E0,
1.111111111111E-1,2.222222222222E-1,3.333333333333E-1,4.444444444444E-1,
5.555555555556E-1,6.666666666667E-1,7.777777777778E-1,8.888888888889E-1,1.E0),
.UNSPECIFIED.);
#898=B_SPLINE_CURVE_WITH_KNOTS('',3,(#886,#887,#888,#889,#890,#891,#892,#893,
#894,#895,#896,#897),.UNSPECIFIED.,.F.,.F.,(4,1,1,1,1,1,1,1,1,4),(0.E0,
1.111111111111E-1,2.222222222222E-1,3.333333333333E-1,4.444444444444E-1,
5.555555555556E-1,6.666666666667E-1,7.777777777778E-1,8.888888888889E-1,1.E0),
.UNSPECIFIED.);
#915=B_SPLINE_CURVE_WITH_KNOTS('',3,(#903,#904,#905,#906,#907,#908,#909,#910,
#911,#912,#913,#914),.UNSPECIFIED.,.F.,.F.,(4,1,1,1,1,1,1,1,1,4),(0.E0,
1.111111111111E-1,2.222222222222E-1,3.333333333333E-1,4.444444444444E-1,
5.555555555556E-1,6.666666666667E-1,7.777777777778E-1,8.888888888889E-1,1.E0),
.UNSPECIFIED.);
#932=B_SPLINE_CURVE_WITH_KNOTS('',3,(#920,#921,#922,#923,#924,#925,#926,#927,
#928,#929,#930,#931),.UNSPECIFIED.,.F.,.F.,(4,1,1,1,1,1,1,1,1,4),(0.E0,
1.111111111111E-1,2.222222222222E-1,3.333333333333E-1,4.444444444444E-1,
5.555555555556E-1,6.666666666667E-1,7.777777777778E-1,8.888888888889E-1,1.E0),
.UNSPECIFIED.);
#949=B_SPLINE_CURVE_WITH_KNOTS('',3,(#937,#938,#939,#940,#941,#942,#943,#944,
#945,#946,#947,#948),.UNSPECIFIED.,.F.,.F.,(4,1,1,1,1,1,1,1,1,4),(0.E0,
1.111111111111E-1,2.222222222222E-1,3.333333333333E-1,4.444444444444E-1,
5.555555555556E-1,6.666666666667E-1,7.777777777778E-1,8.888888888889E-1,1.E0),
.UNSPECIFIED.);
#966=B_SPLINE_CURVE_WITH_KNOTS('',3,(#954,#955,#956,#957,#958,#959,#960,#961,
#962,#963,#964,#965),.UNSPECIFIED.,.F.,.F.,(4,1,1,1,1,1,1,1,1,4),(0.E0,
1.111111111111E-1,2.222222222222E-1,3.333333333333E-1,4.444444444444E-1,
5.555555555556E-1,6.666666666667E-1,7.777777777778E-1,8.888888888889E-1,1.E0),
.UNSPECIFIED.);
#983=B_SPLINE_CURVE_WITH_KNOTS('',3,(#971,#972,#973,#974,#975,#976,#977,#978,
#979,#980,#981,#982),.UNSPECIFIED.,.F.,.F.,(4,1,1,1,1,1,1,1,1,4),(0.E0,
1.111111111111E-1,2.222222222222E-1,3.333333333333E-1,4.444444444444E-1,
5.555555555556E-1,6.666666666667E-1,7.777777777778E-1,8.888888888889E-1,1.E0),
.UNSPECIFIED.);
#1000=B_SPLINE_CURVE_WITH_KNOTS('',3,(#988,#989,#990,#991,#992,#993,#994,#995,
#996,#997,#998,#999),.UNSPECIFIED.,.F.,.F.,(4,1,1,1,1,1,1,1,1,4),(0.E0,
1.111111111111E-1,2.222222222222E-1,3.333333333333E-1,4.444444444444E-1,
5.555555555556E-1,6.666666666667E-1,7.777777777778E-1,8.888888888889E-1,1.E0),
.UNSPECIFIED.);
#1017=B_SPLINE_CURVE_WITH_KNOTS('',3,(#1005,#1006,#1007,#1008,#1009,#1010,#1011,
#1012,#1013,#1014,#1015,#1016),.UNSPECIFIED.,.F.,.F.,(4,1,1,1,1,1,1,1,1,4),
(0.E0,1.111111111111E-1,2.222222222222E-1,3.333333333333E-1,4.444444444444E-1,
5.555555555556E-1,6.666666666667E-1,7.777777777778E-1,8.888888888889E-1,1.E0),
.UNSPECIFIED.);
#1034=B_SPLINE_CURVE_WITH_KNOTS('',3,(#1022,#1023,#1024,#1025,#1026,#1027,#1028,
#1029,#1030,#1031,#1032,#1033),.UNSPECIFIED.,.F.,.F.,(4,1,1,1,1,1,1,1,1,4),
(0.E0,1.111111111111E-1,2.222222222222E-1,3.333333333333E-1,4.444444444444E-1,
5.555555555556E-1,6.666666666667E-1,7.777777777778E-1,8.888888888889E-1,1.E0),
.UNSPECIFIED.);
#1050=B_SPLINE_CURVE_WITH_KNOTS('',3,(#1043,#1044,#1045,#1046,#1047,#1048,
#1049),.UNSPECIFIED.,.F.,.F.,(4,1,1,1,4),(0.E0,2.5E-1,5.E-1,7.5E-1,1.E0),
.UNSPECIFIED.);
#1059=CIRCLE('',#1058,8.457368354874E-1);
#1064=CIRCLE('',#1063,1.04E0);
#1069=CIRCLE('',#1068,1.04E0);
#1076=B_SPLINE_CURVE_WITH_KNOTS('',3,(#1070,#1071,#1072,#1073,#1074,#1075),
.UNSPECIFIED.,.F.,.F.,(4,1,1,4),(0.E0,3.333333333333E-1,6.666666666667E-1,1.E0),
.UNSPECIFIED.);
#1088=B_SPLINE_CURVE_WITH_KNOTS('',3,(#1077,#1078,#1079,#1080,#1081,#1082,#1083,
#1084,#1085,#1086,#1087),.UNSPECIFIED.,.F.,.F.,(4,1,1,1,1,1,1,1,4),(0.E0,
1.25E-1,2.5E-1,3.75E-1,5.E-1,6.25E-1,7.5E-1,8.75E-1,1.E0),.UNSPECIFIED.);
#1101=B_SPLINE_CURVE_WITH_KNOTS('',3,(#1089,#1090,#1091,#1092,#1093,#1094,#1095,
#1096,#1097,#1098,#1099,#1100),.UNSPECIFIED.,.F.,.F.,(4,1,1,1,1,1,1,1,1,4),
(0.E0,1.111111111111E-1,2.222222222222E-1,3.333333333333E-1,4.444444444444E-1,
5.555555555556E-1,6.666666666667E-1,7.777777777778E-1,8.888888888889E-1,1.E0),
.UNSPECIFIED.);
#1114=B_SPLINE_CURVE_WITH_KNOTS('',3,(#1102,#1103,#1104,#1105,#1106,#1107,#1108,
#1109,#1110,#1111,#1112,#1113),.UNSPECIFIED.,.F.,.F.,(4,1,1,1,1,1,1,1,1,4),
(0.E0,1.111111111111E-1,2.222222222222E-1,3.333333333333E-1,4.444444444444E-1,
5.555555555556E-1,6.666666666667E-1,7.777777777778E-1,8.888888888889E-1,1.E0),
.UNSPECIFIED.);
#1127=B_SPLINE_CURVE_WITH_KNOTS('',3,(#1115,#1116,#1117,#1118,#1119,#1120,#1121,
#1122,#1123,#1124,#1125,#1126),.UNSPECIFIED.,.F.,.F.,(4,1,1,1,1,1,1,1,1,4),
(0.E0,1.111111111111E-1,2.222222222222E-1,3.333333333333E-1,4.444444444444E-1,
5.555555555556E-1,6.666666666667E-1,7.777777777778E-1,8.888888888889E-1,1.E0),
.UNSPECIFIED.);
#1140=B_SPLINE_CURVE_WITH_KNOTS('',3,(#1128,#1129,#1130,#1131,#1132,#1133,#1134,
#1135,#1136,#1137,#1138,#1139),.UNSPECIFIED.,.F.,.F.,(4,1,1,1,1,1,1,1,1,4),
(0.E0,1.111111111111E-1,2.222222222222E-1,3.333333333333E-1,4.444444444444E-1,
5.555555555556E-1,6.666666666667E-1,7.777777777778E-1,8.888888888889E-1,1.E0),
.UNSPECIFIED.);
#1153=B_SPLINE_CURVE_WITH_KNOTS('',3,(#1141,#1142,#1143,#1144,#1145,#1146,#1147,
#1148,#1149,#1150,#1151,#1152),.UNSPECIFIED.,.F.,.F.,(4,1,1,1,1,1,1,1,1,4),
(0.E0,1.111111111111E-1,2.222222222222E-1,3.333333333333E-1,4.444444444444E-1,
5.555555555556E-1,6.666666666667E-1,7.777777777778E-1,8.888888888889E-1,1.E0),
.UNSPECIFIED.);
#1166=B_SPLINE_CURVE_WITH_KNOTS('',3,(#1154,#1155,#1156,#1157,#1158,#1159,#1160,
#1161,#1162,#1163,#1164,#1165),.UNSPECIFIED.,.F.,.F.,(4,1,1,1,1,1,1,1,1,4),
(0.E0,1.111111111111E-1,2.222222222222E-1,3.333333333333E-1,4.444444444444E-1,
5.555555555556E-1,6.666666666667E-1,7.777777777778E-1,8.888888888889E-1,1.E0),
.UNSPECIFIED.);
#1179=B_SPLINE_CURVE_WITH_KNOTS('',3,(#1167,#1168,#1169,#1170,#1171,#1172,#1173,
#1174,#1175,#1176,#1177,#1178),.UNSPECIFIED.,.F.,.F.,(4,1,1,1,1,1,1,1,1,4),
(0.E0,1.111111111111E-1,2.222222222222E-1,3.333333333333E-1,4.444444444444E-1,
5.555555555556E-1,6.666666666667E-1,7.777777777778E-1,8.888888888889E-1,1.E0),
.UNSPECIFIED.);
#1192=B_SPLINE_CURVE_WITH_KNOTS('',3,(#1180,#1181,#1182,#1183,#1184,#1185,#1186,
#1187,#1188,#1189,#1190,#1191),.UNSPECIFIED.,.F.,.F.,(4,1,1,1,1,1,1,1,1,4),
(0.E0,1.111111111111E-1,2.222222222222E-1,3.333333333333E-1,4.444444444444E-1,
5.555555555556E-1,6.666666666667E-1,7.777777777778E-1,8.888888888889E-1,1.E0),
.UNSPECIFIED.);
#1205=B_SPLINE_CURVE_WITH_KNOTS('',3,(#1193,#1194,#1195,#1196,#1197,#1198,#1199,
#1200,#1201,#1202,#1203,#1204),.UNSPECIFIED.,.F.,.F.,(4,1,1,1,1,1,1,1,1,4),
(0.E0,1.111111111111E-1,2.222222222222E-1,3.333333333333E-1,4.444444444444E-1,
5.555555555556E-1,6.666666666667E-1,7.777777777778E-1,8.888888888889E-1,1.E0),
.UNSPECIFIED.);
#1218=B_SPLINE_CURVE_WITH_KNOTS('',3,(#1206,#1207,#1208,#1209,#1210,#1211,#1212,
#1213,#1214,#1215,#1216,#1217),.UNSPECIFIED.,.F.,.F.,(4,1,1,1,1,1,1,1,1,4),
(0.E0,1.111111111111E-1,2.222222222222E-1,3.333333333333E-1,4.444444444444E-1,
5.555555555556E-1,6.666666666667E-1,7.777777777778E-1,8.888888888889E-1,1.E0),
.UNSPECIFIED.);
#1231=B_SPLINE_CURVE_WITH_KNOTS('',3,(#1219,#1220,#1221,#1222,#1223,#1224,#1225,
#1226,#1227,#1228,#1229,#1230),.UNSPECIFIED.,.F.,.F.,(4,1,1,1,1,1,1,1,1,4),
(0.E0,1.111111111111E-1,2.222222222222E-1,3.333333333333E-1,4.444444444444E-1,
5.555555555556E-1,6.666666666667E-1,7.777777777778E-1,8.888888888889E-1,1.E0),
.UNSPECIFIED.);
#1244=B_SPLINE_CURVE_WITH_KNOTS('',3,(#1232,#1233,#1234,#1235,#1236,#1237,#1238,
#1239,#1240,#1241,#1242,#1243),.UNSPECIFIED.,.F.,.F.,(4,1,1,1,1,1,1,1,1,4),
(0.E0,1.111111111111E-1,2.222222222222E-1,3.333333333333E-1,4.444444444444E-1,
5.555555555556E-1,6.666666666667E-1,7.777777777778E-1,8.888888888889E-1,1.E0),
.UNSPECIFIED.);
#1257=B_SPLINE_CURVE_WITH_KNOTS('',3,(#1245,#1246,#1247,#1248,#1249,#1250,#1251,
#1252,#1253,#1254,#1255,#1256),.UNSPECIFIED.,.F.,.F.,(4,1,1,1,1,1,1,1,1,4),
(0.E0,1.111111111111E-1,2.222222222222E-1,3.333333333333E-1,4.444444444444E-1,
5.555555555556E-1,6.666666666667E-1,7.777777777778E-1,8.888888888889E-1,1.E0),
.UNSPECIFIED.);
#1270=B_SPLINE_CURVE_WITH_KNOTS('',3,(#1258,#1259,#1260,#1261,#1262,#1263,#1264,
#1265,#1266,#1267,#1268,#1269),.UNSPECIFIED.,.F.,.F.,(4,1,1,1,1,1,1,1,1,4),
(0.E0,1.111111111111E-1,2.222222222222E-1,3.333333333333E-1,4.444444444444E-1,
5.555555555556E-1,6.666666666667E-1,7.777777777778E-1,8.888888888889E-1,1.E0),
.UNSPECIFIED.);
#1283=B_SPLINE_CURVE_WITH_KNOTS('',3,(#1271,#1272,#1273,#1274,#1275,#1276,#1277,
#1278,#1279,#1280,#1281,#1282),.UNSPECIFIED.,.F.,.F.,(4,1,1,1,1,1,1,1,1,4),
(0.E0,1.111111111111E-1,2.222222222222E-1,3.333333333333E-1,4.444444444444E-1,
5.555555555556E-1,6.666666666667E-1,7.777777777778E-1,8.888888888889E-1,1.E0),
.UNSPECIFIED.);
#1296=B_SPLINE_CURVE_WITH_KNOTS('',3,(#1284,#1285,#1286,#1287,#1288,#1289,#1290,
#1291,#1292,#1293,#1294,#1295),.UNSPECIFIED.,.F.,.F.,(4,1,1,1,1,1,1,1,1,4),
(0.E0,1.111111111111E-1,2.222222222222E-1,3.333333333333E-1,4.444444444444E-1,
5.555555555556E-1,6.666666666667E-1,7.777777777778E-1,8.888888888889E-1,1.E0),
.UNSPECIFIED.);
#1307=B_SPLINE_CURVE_WITH_KNOTS('',3,(#1297,#1298,#1299,#1300,#1301,#1302,#1303,
#1304,#1305,#1306),.UNSPECIFIED.,.F.,.F.,(4,1,1,1,1,1,1,4),(0.E0,
1.428571428571E-1,2.857142857143E-1,4.285714285714E-1,5.714285714286E-1,
7.142857142857E-1,8.571428571429E-1,1.E0),.UNSPECIFIED.);
#1315=B_SPLINE_CURVE_WITH_KNOTS('',3,(#1308,#1309,#1310,#1311,#1312,#1313,
#1314),.UNSPECIFIED.,.F.,.F.,(4,1,1,1,4),(0.E0,2.5E-1,5.E-1,7.5E-1,1.E0),
.UNSPECIFIED.);
#1320=CIRCLE('',#1319,1.04E0);
#1325=CIRCLE('',#1324,2.E-1);
#1330=CIRCLE('',#1329,2.E-1);
#1338=B_SPLINE_CURVE_WITH_KNOTS('',3,(#1331,#1332,#1333,#1334,#1335,#1336,
#1337),.UNSPECIFIED.,.F.,.F.,(4,1,1,1,4),(0.E0,2.857142857143E-1,
4.642857142857E-1,6.428571428571E-1,1.E0),.UNSPECIFIED.);
#1349=B_SPLINE_CURVE_WITH_KNOTS('',3,(#1343,#1344,#1345,#1346,#1347,#1348),
.UNSPECIFIED.,.F.,.F.,(4,1,1,4),(0.E0,3.333333333333E-1,6.666666666667E-1,1.E0),
.UNSPECIFIED.);
#1362=CIRCLE('',#1361,2.787054131936E0);
#1588=EDGE_CURVE('',#1445,#1449,#6,.T.);
#1590=EDGE_CURVE('',#1444,#1445,#31,.T.);
#1592=EDGE_CURVE('',#1444,#1403,#158,.T.);
#1594=EDGE_CURVE('',#1403,#1400,#174,.T.);
#1596=EDGE_CURVE('',#1400,#1396,#183,.T.);
#1598=EDGE_CURVE('',#1396,#1392,#192,.T.);
#1600=EDGE_CURVE('',#1392,#1388,#204,.T.);
#1602=EDGE_CURVE('',#1388,#1385,#218,.T.);
#1604=EDGE_CURVE('',#1385,#1382,#227,.T.);
#1606=EDGE_CURVE('',#1382,#1378,#236,.T.);
#1608=EDGE_CURVE('',#1378,#1374,#245,.T.);
#1610=EDGE_CURVE('',#1374,#1369,#257,.T.);
#1612=EDGE_CURVE('',#1369,#1448,#52,.T.);
#1614=EDGE_CURVE('',#1448,#1449,#26,.T.);
#1625=EDGE_CURVE('',#1449,#1565,#16,.T.);
#1627=EDGE_CURVE('',#1565,#1567,#384,.T.);
#1629=EDGE_CURVE('',#1445,#1567,#11,.T.);
#1639=EDGE_CURVE('',#1449,#1445,#21,.T.);
#1642=EDGE_CURVE('',#1567,#1565,#361,.T.);
#1655=EDGE_CURVE('',#1448,#1441,#45,.T.);
#1657=EDGE_CURVE('',#1441,#1438,#61,.T.);
#1659=EDGE_CURVE('',#1438,#1434,#70,.T.);
#1661=EDGE_CURVE('',#1434,#1430,#79,.T.);
#1663=EDGE_CURVE('',#1430,#1426,#91,.T.);
#1665=EDGE_CURVE('',#1426,#1423,#105,.T.);
#1667=EDGE_CURVE('',#1423,#1420,#114,.T.);
#1669=EDGE_CURVE('',#1420,#1416,#123,.T.);
#1671=EDGE_CURVE('',#1416,#1412,#132,.T.);
#1673=EDGE_CURVE('',#1412,#1408,#144,.T.);
#1675=EDGE_CURVE('',#1408,#1444,#165,.T.);
#1686=EDGE_CURVE('',#1441,#1440,#38,.T.);
#1690=EDGE_CURVE('',#1369,#1370,#252,.T.);
#1692=EDGE_CURVE('',#1370,#1440,#262,.T.);
#1702=EDGE_CURVE('',#1438,#1436,#56,.T.);
#1706=EDGE_CURVE('',#1440,#1436,#346,.T.);
#1716=EDGE_CURVE('',#1434,#1432,#65,.T.);
#1720=EDGE_CURVE('',#1436,#1432,#342,.T.);
#1730=EDGE_CURVE('',#1430,#1428,#74,.T.);
#1734=EDGE_CURVE('',#1432,#1428,#338,.T.);
#1744=EDGE_CURVE('',#1426,#1425,#86,.T.);
#1748=EDGE_CURVE('',#1428,#1425,#334,.T.);
#1758=EDGE_CURVE('',#1423,#1422,#98,.T.);
#1762=EDGE_CURVE('',#1425,#1422,#330,.T.);
#1772=EDGE_CURVE('',#1420,#1418,#109,.T.);
#1776=EDGE_CURVE('',#1422,#1418,#325,.T.);
#1786=EDGE_CURVE('',#1416,#1414,#118,.T.);
#1790=EDGE_CURVE('',#1418,#1414,#321,.T.);
#1800=EDGE_CURVE('',#1412,#1410,#127,.T.);
#1804=EDGE_CURVE('',#1414,#1410,#317,.T.);
#1814=EDGE_CURVE('',#1408,#1407,#139,.T.);
#1818=EDGE_CURVE('',#1410,#1407,#313,.T.);
#1828=EDGE_CURVE('',#1403,#1402,#151,.T.);
#1833=EDGE_CURVE('',#1407,#1405,#309,.T.);
#1835=EDGE_CURVE('',#1405,#1402,#304,.T.);
#1845=EDGE_CURVE('',#1400,#1398,#169,.T.);
#1849=EDGE_CURVE('',#1402,#1398,#299,.T.);
#1859=EDGE_CURVE('',#1396,#1394,#178,.T.);
#1863=EDGE_CURVE('',#1398,#1394,#295,.T.);
#1873=EDGE_CURVE('',#1392,#1390,#187,.T.);
#1877=EDGE_CURVE('',#1394,#1390,#291,.T.);
#1887=EDGE_CURVE('',#1388,#1387,#199,.T.);
#1891=EDGE_CURVE('',#1390,#1387,#287,.T.);
#1901=EDGE_CURVE('',#1385,#1384,#211,.T.);
#1905=EDGE_CURVE('',#1387,#1384,#283,.T.);
#1915=EDGE_CURVE('',#1382,#1380,#222,.T.);
#1919=EDGE_CURVE('',#1384,#1380,#278,.T.);
#1929=EDGE_CURVE('',#1378,#1376,#231,.T.);
#1933=EDGE_CURVE('',#1380,#1376,#274,.T.);
#1943=EDGE_CURVE('',#1374,#1372,#240,.T.);
#1947=EDGE_CURVE('',#1376,#1372,#270,.T.);
#1960=EDGE_CURVE('',#1372,#1370,#266,.T.);
#1999=EDGE_CURVE('',#1561,#1563,#351,.T.);
#2001=EDGE_CURVE('',#1565,#1561,#356,.T.);
#2004=EDGE_CURVE('',#1567,#1563,#366,.T.);
#2015=EDGE_CURVE('',#1563,#1555,#370,.T.);
#2017=EDGE_CURVE('',#1555,#1550,#394,.T.);
#2019=EDGE_CURVE('',#1561,#1550,#374,.T.);
#2029=EDGE_CURVE('',#1563,#1561,#379,.T.);
#2032=EDGE_CURVE('',#1550,#1555,#389,.T.);
#2056=EDGE_CURVE('',#1550,#1551,#404,.T.);
#2058=EDGE_CURVE('',#1551,#1553,#1362,.T.);
#2060=EDGE_CURVE('',#1555,#1553,#399,.T.);
#2072=EDGE_CURVE('',#1553,#1551,#414,.T.);
#2083=EDGE_CURVE('',#1557,#1559,#439,.T.);
#2085=EDGE_CURVE('',#1551,#1559,#409,.T.);
#2088=EDGE_CURVE('',#1553,#1557,#419,.T.);
#2098=EDGE_CURVE('',#1559,#1557,#434,.T.);
#2103=EDGE_CURVE('',#1580,#1582,#424,.T.);
#2105=EDGE_CURVE('',#1582,#1580,#429,.T.);
#2116=EDGE_CURVE('',#1576,#1582,#444,.T.);
#2118=EDGE_CURVE('',#1576,#1578,#449,.T.);
#2120=EDGE_CURVE('',#1578,#1580,#454,.T.);
#2132=EDGE_CURVE('',#1578,#1576,#459,.T.);
#2143=EDGE_CURVE('',#1547,#1574,#467,.T.);
#2145=EDGE_CURVE('',#1544,#1547,#472,.T.);
#2147=EDGE_CURVE('',#1544,#1576,#1330,.T.);
#2150=EDGE_CURVE('',#1540,#1578,#1325,.T.);
#2152=EDGE_CURVE('',#1546,#1540,#477,.T.);
#2154=EDGE_CURVE('',#1574,#1546,#484,.T.);
#2768=EDGE_CURVE('',#1570,#1574,#635,.T.);
#2770=EDGE_CURVE('',#1570,#1571,#1342,.T.);
#2772=EDGE_CURVE('',#1571,#1458,#666,.T.);
#2774=EDGE_CURVE('',#1458,#1461,#699,.T.);
#2776=EDGE_CURVE('',#1461,#1466,#1088,.T.);
#2778=EDGE_CURVE('',#1466,#1467,#1076,.T.);
#2780=EDGE_CURVE('',#1467,#1481,#783,.T.);
#2782=EDGE_CURVE('',#1481,#1485,#1114,.T.);
#2784=EDGE_CURVE('',#1485,#1489,#796,.T.);
#2786=EDGE_CURVE('',#1489,#1493,#1140,.T.);
#2788=EDGE_CURVE('',#1493,#1497,#830,.T.);
#2790=EDGE_CURVE('',#1497,#1501,#1166,.T.);
#2792=EDGE_CURVE('',#1501,#1505,#864,.T.);
#2794=EDGE_CURVE('',#1505,#1509,#1192,.T.);
#2796=EDGE_CURVE('',#1509,#1513,#898,.T.);
#2798=EDGE_CURVE('',#1513,#1517,#1218,.T.);
#2800=EDGE_CURVE('',#1517,#1521,#932,.T.);
#2802=EDGE_CURVE('',#1521,#1525,#1244,.T.);
#2804=EDGE_CURVE('',#1525,#1529,#966,.T.);
#2806=EDGE_CURVE('',#1529,#1533,#1270,.T.);
#2808=EDGE_CURVE('',#1533,#1537,#1000,.T.);
#2810=EDGE_CURVE('',#1537,#1541,#1296,.T.);
#2812=EDGE_CURVE('',#1541,#1545,#1034,.T.);
#2814=EDGE_CURVE('',#1545,#1547,#1315,.T.);
#3429=EDGE_CURVE('',#1573,#1570,#639,.T.);
#3433=EDGE_CURVE('',#1546,#1536,#1307,.T.);
#3435=EDGE_CURVE('',#1536,#1532,#1017,.T.);
#3437=EDGE_CURVE('',#1532,#1528,#1283,.T.);
#3439=EDGE_CURVE('',#1528,#1524,#983,.T.);
#3441=EDGE_CURVE('',#1524,#1520,#1257,.T.);
#3443=EDGE_CURVE('',#1520,#1516,#949,.T.);
#3445=EDGE_CURVE('',#1516,#1512,#1231,.T.);
#3447=EDGE_CURVE('',#1512,#1508,#915,.T.);
#3449=EDGE_CURVE('',#1508,#1504,#1205,.T.);
#3451=EDGE_CURVE('',#1504,#1500,#881,.T.);
#3453=EDGE_CURVE('',#1500,#1496,#1179,.T.);
#3455=EDGE_CURVE('',#1496,#1492,#847,.T.);
#3457=EDGE_CURVE('',#1492,#1488,#1153,.T.);
#3459=EDGE_CURVE('',#1488,#1484,#813,.T.);
#3461=EDGE_CURVE('',#1484,#1480,#1127,.T.);
#3463=EDGE_CURVE('',#1480,#1476,#766,.T.);
#3465=EDGE_CURVE('',#1476,#1472,#1101,.T.);
#3467=EDGE_CURVE('',#1472,#1469,#1050,.T.);
#3469=EDGE_CURVE('',#1469,#1468,#729,.T.);
#3471=EDGE_CURVE('',#1468,#1460,#719,.T.);
#3473=EDGE_CURVE('',#1460,#1455,#692,.T.);
#3475=EDGE_CURVE('',#1455,#1573,#647,.T.);
#3518=EDGE_CURVE('',#1573,#1368,#685,.T.);
#3520=EDGE_CURVE('',#1368,#1365,#1357,.T.);
#3522=EDGE_CURVE('',#1365,#1570,#1338,.T.);
#3533=EDGE_CURVE('',#1452,#1455,#651,.T.);
#3535=EDGE_CURVE('',#1452,#1453,#655,.T.);
#3537=EDGE_CURVE('',#1453,#1459,#704,.T.);
#3539=EDGE_CURVE('',#1458,#1459,#659,.T.);
#3542=EDGE_CURVE('',#1366,#1571,#676,.T.);
#3544=EDGE_CURVE('',#1366,#1368,#1349,.T.);
#3556=EDGE_CURVE('',#1460,#1453,#709,.T.);
#3568=EDGE_CURVE('',#1459,#1464,#749,.T.);
#3570=EDGE_CURVE('',#1464,#1461,#1059,.T.);
#3610=EDGE_CURVE('',#1473,#1469,#734,.T.);
#3612=EDGE_CURVE('',#1465,#1473,#739,.T.);
#3614=EDGE_CURVE('',#1464,#1465,#744,.T.);
#3625=EDGE_CURVE('',#1467,#1477,#1069,.T.);
#3627=EDGE_CURVE('',#1476,#1477,#753,.T.);
#3630=EDGE_CURVE('',#1480,#1481,#770,.T.);
#3642=EDGE_CURVE('',#1484,#1485,#800,.T.);
#3645=EDGE_CURVE('',#1488,#1489,#817,.T.);
#3656=EDGE_CURVE('',#1492,#1493,#834,.T.);
#3659=EDGE_CURVE('',#1496,#1497,#851,.T.);
#3670=EDGE_CURVE('',#1500,#1501,#868,.T.);
#3673=EDGE_CURVE('',#1504,#1505,#885,.T.);
#3684=EDGE_CURVE('',#1508,#1509,#902,.T.);
#3687=EDGE_CURVE('',#1512,#1513,#919,.T.);
#3698=EDGE_CURVE('',#1516,#1517,#936,.T.);
#3701=EDGE_CURVE('',#1520,#1521,#953,.T.);
#3712=EDGE_CURVE('',#1524,#1525,#970,.T.);
#3715=EDGE_CURVE('',#1528,#1529,#987,.T.);
#3726=EDGE_CURVE('',#1532,#1533,#1004,.T.);
#3729=EDGE_CURVE('',#1536,#1537,#1021,.T.);
#3740=EDGE_CURVE('',#1540,#1541,#1038,.T.);
#3742=EDGE_CURVE('',#1540,#1544,#1320,.T.);
#3744=EDGE_CURVE('',#1544,#1545,#1042,.T.);
#3755=EDGE_CURVE('',#1472,#1473,#1054,.T.);
#3792=EDGE_CURVE('',#1477,#1465,#1064,.T.);
#3971=EDGE_CURVE('',#1365,#1366,#1353,.T.);
#4003=(LENGTH_UNIT()NAMED_UNIT(*)SI_UNIT(.MILLI.,.METRE.));
#4005=(NAMED_UNIT(*)PLANE_ANGLE_UNIT()SI_UNIT($,.RADIAN.));
#4008=(NAMED_UNIT(*)SI_UNIT($,.STERADIAN.)SOLID_ANGLE_UNIT());
#4011=ADVANCED_BREP_SHAPE_REPRESENTATION('',(#4002),#4010);
#4018=PRODUCT_DEFINITION('design','',#4017,#4014);
#4019=PRODUCT_DEFINITION_SHAPE('','SHAPE FOR _GB_T845-2017_16450001.',#4018);
#4020=SHAPE_DEFINITION_REPRESENTATION(#4019,#4011);
ENDSEC;
END-ISO-10303-21;
