ISO-10303-21;
HEADER;
FILE_DESCRIPTION((''),'2;1');
FILE_NAME('MDM1808-A_ASM_ASM','2026-06-30T11:27:46',('Administrator'),(''),
'CREO PARAMETRIC BY PTC INC, 2019010','CREO PARAMETRIC BY PTC INC, 2019010','');
FILE_SCHEMA(('CONFIG_CONTROL_DESIGN'));
ENDSEC;
DATA;
#1=DIRECTION('',(0.E0,6.878932821348E-11,1.E0));
#2=VECTOR('',#1,6.583788484340E-1);
#3=CARTESIAN_POINT('',(4.7E0,-6.103333377026E-11,-5.358378848434E0));
#4=LINE('',#3,#2);
#5=CARTESIAN_POINT('',(0.E0,0.E0,-6.788391873542E0));
#6=DIRECTION('',(0.E0,0.E0,-1.E0));
#7=DIRECTION('',(-1.E0,1.351685090104E-12,0.E0));
#8=AXIS2_PLACEMENT_3D('',#5,#6,#7);
#10=CARTESIAN_POINT('',(0.E0,0.E0,-6.788391873542E0));
#11=DIRECTION('',(0.E0,0.E0,-1.E0));
#12=DIRECTION('',(-9.998611741436E-1,1.666230596654E-2,0.E0));
#13=AXIS2_PLACEMENT_3D('',#10,#11,#12);
#15=CARTESIAN_POINT('',(0.E0,0.E0,-5.358378848434E0));
#16=DIRECTION('',(0.E0,0.E0,1.E0));
#17=DIRECTION('',(1.E0,-6.699652284478E-12,0.E0));
#18=AXIS2_PLACEMENT_3D('',#15,#16,#17);
#20=CARTESIAN_POINT('',(0.E0,0.E0,-5.358378848434E0));
#21=DIRECTION('',(0.E0,0.E0,1.E0));
#22=DIRECTION('',(-9.998611741436E-1,1.666230596654E-2,0.E0));
#23=AXIS2_PLACEMENT_3D('',#20,#21,#22);
#25=CARTESIAN_POINT('',(-6.7E0,1.291241974455E-10,-5.358378848434E0));
#26=DIRECTION('',(1.927226780940E-11,1.E0,0.E0));
#27=DIRECTION('',(1.E0,-1.927226780940E-11,0.E0));
#28=AXIS2_PLACEMENT_3D('',#25,#26,#27);
#30=DIRECTION('',(-7.150066690130E-1,-2.924261976443E-11,6.991176319239E-1));
#31=VECTOR('',#30,1.800229977096E0);
#32=CARTESIAN_POINT('',(6.588940855504E0,1.556023672243E-12,-8.046964392048E0));
#33=LINE('',#32,#31);
#34=DIRECTION('',(7.150066690130E-1,2.875922071363E-11,6.991176319239E-1));
#35=VECTOR('',#34,1.800229977096E0);
#36=CARTESIAN_POINT('',(-6.588940855504E0,2.897466341004E-12,
-8.046964392048E0));
#37=LINE('',#36,#35);
#38=CARTESIAN_POINT('',(0.E0,0.E0,-6.788391873542E0));
#39=DIRECTION('',(0.E0,0.E0,-1.E0));
#40=DIRECTION('',(1.E0,0.E0,0.E0));
#41=AXIS2_PLACEMENT_3D('',#38,#39,#40);
#43=CARTESIAN_POINT('',(0.E0,0.E0,-6.788391873542E0));
#44=DIRECTION('',(0.E0,0.E0,-1.E0));
#45=DIRECTION('',(9.998611741436E-1,-1.666230596654E-2,0.E0));
#46=AXIS2_PLACEMENT_3D('',#43,#44,#45);
#48=CARTESIAN_POINT('',(0.E0,0.E0,-5.358378848434E0));
#49=DIRECTION('',(0.E0,0.E0,1.E0));
#50=DIRECTION('',(-1.E0,0.E0,0.E0));
#51=AXIS2_PLACEMENT_3D('',#48,#49,#50);
#53=CARTESIAN_POINT('',(0.E0,0.E0,-5.358378848434E0));
#54=DIRECTION('',(0.E0,0.E0,1.E0));
#55=DIRECTION('',(9.998611741436E-1,-1.666230596654E-2,0.E0));
#56=AXIS2_PLACEMENT_3D('',#53,#54,#55);
#58=CARTESIAN_POINT('',(6.7E0,-1.291241974455E-10,-5.358378848434E0));
#59=DIRECTION('',(-1.927226780940E-11,-1.E0,0.E0));
#60=DIRECTION('',(-1.E0,1.927226780940E-11,0.E0));
#61=AXIS2_PLACEMENT_3D('',#58,#59,#60);
#63=DIRECTION('',(0.E0,-6.878815886694E-11,1.E0));
#64=VECTOR('',#63,6.583788484340E-1);
#65=CARTESIAN_POINT('',(-4.7E0,4.528924440471E-11,-5.358378848434E0));
#66=LINE('',#65,#64);
#67=DIRECTION('',(1.E0,-3.148881974256E-11,0.E0));
#68=VECTOR('',#67,6.583788484337E-1);
#69=CARTESIAN_POINT('',(-5.358378848434E0,3.441048312972E-12,4.7E0));
#70=LINE('',#69,#68);
#71=CARTESIAN_POINT('',(-4.7E0,-1.729052456767E-11,4.7E0));
#72=CARTESIAN_POINT('',(-4.7E0,-1.162541006614E-1,4.699999999999E0));
#73=CARTESIAN_POINT('',(-4.691359383542E0,-3.496244877630E-1,4.691359383542E0));
#74=CARTESIAN_POINT('',(-4.652115219950E0,-6.996117314344E-1,4.652115219950E0));
#75=CARTESIAN_POINT('',(-4.586011234134E0,-1.049594806478E0,4.586011234134E0));
#76=CARTESIAN_POINT('',(-4.491334355824E0,-1.401028445365E0,4.491334355824E0));
#77=CARTESIAN_POINT('',(-4.366968713674E0,-1.751301222193E0,4.366968713674E0));
#78=CARTESIAN_POINT('',(-4.209933166546E0,-2.101667847770E0,4.209933166546E0));
#79=CARTESIAN_POINT('',(-4.018763241705E0,-2.448213750031E0,4.018763241705E0));
#80=CARTESIAN_POINT('',(-3.789802701845E0,-2.790317721209E0,3.789802701845E0));
#81=CARTESIAN_POINT('',(-3.521872675275E0,-3.122429741276E0,3.521872675275E0));
#82=CARTESIAN_POINT('',(-3.211830070126E0,-3.441311319041E0,3.211830070126E0));
#83=CARTESIAN_POINT('',(-2.859400024655E0,-3.740005705145E0,2.859400024655E0));
#84=CARTESIAN_POINT('',(-2.464259458718E0,-4.012091018862E0,2.464259458718E0));
#85=CARTESIAN_POINT('',(-2.028332378300E0,-4.249761399550E0,2.028332378300E0));
#86=CARTESIAN_POINT('',(-1.556354481113E0,-4.444853174706E0,1.556354481113E0));
#87=CARTESIAN_POINT('',(-1.054944265777E0,-4.590146055037E0,1.054944265777E0));
#88=CARTESIAN_POINT('',(-5.331701557683E-1,-4.679698807436E0,
5.331701557683E-1));
#89=CARTESIAN_POINT('',(-1.787205217478E-1,-4.7E0,1.787205217478E-1));
#90=CARTESIAN_POINT('',(1.351922907029E-13,-4.7E0,-1.349582778791E-13));
#92=CARTESIAN_POINT('',(1.351922907029E-13,-4.7E0,-1.349582778791E-13));
#93=CARTESIAN_POINT('',(-3.600103999725E-1,-4.7E0,-3.600103999728E-1));
#94=CARTESIAN_POINT('',(-1.030241455476E0,-4.622294922379E0,-1.030262276893E0));
#95=CARTESIAN_POINT('',(-1.933793128849E0,-4.308792818184E0,-1.933808724625E0));
#96=CARTESIAN_POINT('',(-2.526454768179E0,-3.983065919781E0,-2.526398149089E0));
#97=CARTESIAN_POINT('',(-3.169788561979E0,-3.506089716110E0,-3.169577826827E0));
#98=CARTESIAN_POINT('',(-3.760226114902E0,-2.862542929200E0,-3.760639146800E0));
#99=CARTESIAN_POINT('',(-4.198381078768E0,-2.161443559649E0,-4.198224257527E0));
#100=CARTESIAN_POINT('',(-4.490413180368E0,-1.454679230911E0,
-4.490439632996E0));
#101=CARTESIAN_POINT('',(-4.664117184040E0,-7.207365714140E-1,
-4.664155415533E0));
#102=CARTESIAN_POINT('',(-4.7E0,-2.377618819355E-1,-4.7E0));
#103=CARTESIAN_POINT('',(-4.7E0,0.E0,-4.7E0));
#105=CARTESIAN_POINT('',(-6.788391874871E0,0.E0,0.E0));
#106=DIRECTION('',(-1.E0,0.E0,0.E0));
#107=DIRECTION('',(0.E0,0.E0,-1.E0));
#108=AXIS2_PLACEMENT_3D('',#105,#106,#107);
#110=CARTESIAN_POINT('',(-6.788391874871E0,0.E0,0.E0));
#111=DIRECTION('',(-1.E0,0.E0,0.E0));
#112=DIRECTION('',(0.E0,-1.528423005254E-2,-9.998831893335E-1));
#113=AXIS2_PLACEMENT_3D('',#110,#111,#112);
#115=CARTESIAN_POINT('',(-5.358378848434E0,0.E0,0.E0));
#116=DIRECTION('',(1.E0,0.E0,0.E0));
#117=DIRECTION('',(0.E0,-7.357792493476E-12,1.E0));
#118=AXIS2_PLACEMENT_3D('',#115,#116,#117);
#120=CARTESIAN_POINT('',(-5.358378848434E0,0.E0,0.E0));
#121=DIRECTION('',(1.E0,0.E0,0.E0));
#122=DIRECTION('',(0.E0,-1.528423005254E-2,-9.998831893335E-1));
#123=AXIS2_PLACEMENT_3D('',#120,#121,#122);
#125=CARTESIAN_POINT('',(-5.358378848434E0,-5.910825995326E-11,-6.7E0));
#126=DIRECTION('',(0.E0,-1.E0,8.822128791386E-12));
#127=DIRECTION('',(0.E0,8.822128791386E-12,1.E0));
#128=AXIS2_PLACEMENT_3D('',#125,#126,#127);
#130=DIRECTION('',(6.991176319239E-1,2.525420345706E-11,-7.150066690130E-1));
#131=VECTOR('',#130,1.800229976999E0);
#132=CARTESIAN_POINT('',(-8.046964393309E0,-2.789293736828E-11,
6.588940856793E0));
#133=LINE('',#132,#131);
#134=DIRECTION('',(6.991176319239E-1,-2.446898347065E-11,7.150066690130E-1));
#135=VECTOR('',#134,1.800229976999E0);
#136=CARTESIAN_POINT('',(-8.046964393309E0,2.066385357391E-11,
-6.588940856793E0));
#137=LINE('',#136,#135);
#138=CARTESIAN_POINT('',(-6.788391874871E0,0.E0,0.E0));
#139=DIRECTION('',(-1.E0,0.E0,0.E0));
#140=DIRECTION('',(0.E0,-2.193923161339E-12,1.E0));
#141=AXIS2_PLACEMENT_3D('',#138,#139,#140);
#143=CARTESIAN_POINT('',(-6.788391874871E0,0.E0,0.E0));
#144=DIRECTION('',(-1.E0,0.E0,0.E0));
#145=DIRECTION('',(0.E0,1.528423005254E-2,9.998831893335E-1));
#146=AXIS2_PLACEMENT_3D('',#143,#144,#145);
#148=CARTESIAN_POINT('',(-5.358378848434E0,0.E0,0.E0));
#149=DIRECTION('',(1.E0,0.E0,0.E0));
#150=DIRECTION('',(0.E0,0.E0,-1.E0));
#151=AXIS2_PLACEMENT_3D('',#148,#149,#150);
#153=CARTESIAN_POINT('',(-5.358378848434E0,0.E0,0.E0));
#154=DIRECTION('',(1.E0,0.E0,0.E0));
#155=DIRECTION('',(0.E0,1.528423005254E-2,9.998831893335E-1));
#156=AXIS2_PLACEMENT_3D('',#153,#154,#155);
#158=CARTESIAN_POINT('',(-5.358378848434E0,5.910825995326E-11,6.7E0));
#159=DIRECTION('',(0.E0,1.E0,-8.822128791386E-12));
#160=DIRECTION('',(0.E0,-8.822128791386E-12,-1.E0));
#161=AXIS2_PLACEMENT_3D('',#158,#159,#160);
#163=DIRECTION('',(1.E0,3.148969398691E-11,0.E0));
#164=VECTOR('',#163,6.583788484340E-1);
#165=CARTESIAN_POINT('',(-5.358378848434E0,-2.073157288064E-11,-4.7E0));
#166=LINE('',#165,#164);
#167=CARTESIAN_POINT('',(-4.7E0,0.E0,-4.7E0));
#168=CARTESIAN_POINT('',(-4.7E0,1.162529884893E-1,-4.7E0));
#169=CARTESIAN_POINT('',(-4.691359528883E0,3.496217507875E-1,
-4.691359528883E0));
#170=CARTESIAN_POINT('',(-4.652115875021E0,6.996073773946E-1,
-4.652115875021E0));
#171=CARTESIAN_POINT('',(-4.586011823881E0,1.049592669231E0,-4.586011823881E0));
#172=CARTESIAN_POINT('',(-4.491334115455E0,1.401029244625E0,-4.491334115455E0));
#173=CARTESIAN_POINT('',(-4.366968771509E0,1.751301167695E0,-4.366968771509E0));
#174=CARTESIAN_POINT('',(-4.209932036342E0,2.101670103675E0,-4.209932036342E0));
#175=CARTESIAN_POINT('',(-4.018763105045E0,2.448213984956E0,-4.018763105045E0));
#176=CARTESIAN_POINT('',(-3.789801323481E0,2.790319534410E0,-3.789801323481E0));
#177=CARTESIAN_POINT('',(-3.521873659502E0,3.122428583661E0,-3.521873659502E0));
#178=CARTESIAN_POINT('',(-3.211830110814E0,3.441311208330E0,-3.211830110814E0));
#179=CARTESIAN_POINT('',(-2.859403566112E0,3.740002935161E0,-2.859403566112E0));
#180=CARTESIAN_POINT('',(-2.464261060955E0,4.012090138781E0,-2.464261060955E0));
#181=CARTESIAN_POINT('',(-2.028333691643E0,4.249760780772E0,-2.028333691643E0));
#182=CARTESIAN_POINT('',(-1.556354631733E0,4.444853190286E0,-1.556354631733E0));
#183=CARTESIAN_POINT('',(-1.054943067756E0,4.590146360483E0,-1.054943067756E0));
#184=CARTESIAN_POINT('',(-5.331688465302E-1,4.679698936075E0,
-5.331688465302E-1));
#185=CARTESIAN_POINT('',(-1.787199491144E-1,4.7E0,-1.787199491144E-1));
#186=CARTESIAN_POINT('',(1.674092309003E-13,4.7E0,1.674092309003E-13));
#188=CARTESIAN_POINT('',(1.674092309003E-13,4.7E0,1.674092309003E-13));
#189=CARTESIAN_POINT('',(-3.599262061649E-1,4.7E0,3.599262061653E-1));
#190=CARTESIAN_POINT('',(-1.030069276127E0,4.622330212876E0,1.030089547134E0));
#191=CARTESIAN_POINT('',(-1.933662307295E0,4.308859101530E0,1.933679848958E0));
#192=CARTESIAN_POINT('',(-2.526720536641E0,3.982953167417E0,2.526656901652E0));
#193=CARTESIAN_POINT('',(-3.170617182135E0,3.505354230283E0,3.170420638016E0));
#194=CARTESIAN_POINT('',(-3.760725994497E0,2.861854999603E0,3.761126816332E0));
#195=CARTESIAN_POINT('',(-4.198624082701E0,2.160949019324E0,4.198471584243E0));
#196=CARTESIAN_POINT('',(-4.490576810225E0,1.454176554785E0,4.490602585925E0));
#197=CARTESIAN_POINT('',(-4.664173359535E0,7.202988950698E-1,4.664210688690E0));
#198=CARTESIAN_POINT('',(-4.7E0,2.375901330987E-1,4.700000000002E0));
#199=CARTESIAN_POINT('',(-4.7E0,-1.729052456767E-11,4.7E0));
#201=DIRECTION('',(4.775596319988E-13,-2.778881485732E-10,1.E0));
#202=VECTOR('',#201,6.583788484338E-1);
#203=CARTESIAN_POINT('',(4.7E0,-3.448661844955E-12,4.7E0));
#204=LINE('',#203,#202);
#205=DIRECTION('',(5.220779027782E-13,3.280644191303E-10,1.E0));
#206=VECTOR('',#205,6.583788484340E-1);
#207=CARTESIAN_POINT('',(-4.7E0,-1.729052456767E-11,4.7E0));
#208=LINE('',#207,#206);
#209=DIRECTION('',(-1.E0,-9.270215716438E-11,0.E0));
#210=VECTOR('',#209,6.583788484340E-1);
#211=CARTESIAN_POINT('',(5.358378848434E0,4.528924440471E-11,-4.7E0));
#212=LINE('',#211,#210);
#213=CARTESIAN_POINT('',(4.7E0,-1.574389507653E-11,-4.7E0));
#214=CARTESIAN_POINT('',(4.699999999999E0,-1.162503334742E-1,-4.7E0));
#215=CARTESIAN_POINT('',(4.691359700858E0,-3.496148306113E-1,
-4.691359700858E0));
#216=CARTESIAN_POINT('',(4.652118829422E0,-6.995879030517E-1,
-4.652118829422E0));
#217=CARTESIAN_POINT('',(4.586014073179E0,-1.049582893833E0,-4.586014073179E0));
#218=CARTESIAN_POINT('',(4.491339663434E0,-1.401011455757E0,-4.491339663434E0));
#219=CARTESIAN_POINT('',(4.366972617861E0,-1.751291502835E0,-4.366972617861E0));
#220=CARTESIAN_POINT('',(4.209940425891E0,-2.101653525139E0,-4.209940425891E0));
#221=CARTESIAN_POINT('',(4.018766384077E0,-2.448208554296E0,-4.018766384077E0));
#222=CARTESIAN_POINT('',(3.789811292467E0,-2.790306234934E0,-3.789811292467E0));
#223=CARTESIAN_POINT('',(3.521872812546E0,-3.122429813684E0,-3.521872812546E0));
#224=CARTESIAN_POINT('',(3.211835570780E0,-3.441306023680E0,-3.211835570780E0));
#225=CARTESIAN_POINT('',(2.859403611984E0,-3.740002831900E0,-2.859403611984E0));
#226=CARTESIAN_POINT('',(2.464271850307E0,-4.012083189239E0,-2.464271850307E0));
#227=CARTESIAN_POINT('',(2.028342626394E0,-4.249756701097E0,-2.028342626394E0));
#228=CARTESIAN_POINT('',(1.556363868399E0,-4.444849877277E0,-1.556363868399E0));
#229=CARTESIAN_POINT('',(1.054953815603E0,-4.590143889046E0,-1.054953815603E0));
#230=CARTESIAN_POINT('',(5.331777016923E-1,-4.679698112926E0,
-5.331777016923E-1));
#231=CARTESIAN_POINT('',(1.787234722295E-1,-4.7E0,-1.787234722295E-1));
#232=CARTESIAN_POINT('',(1.351922907029E-13,-4.7E0,-1.349582778791E-13));
#234=CARTESIAN_POINT('',(1.351922907029E-13,-4.7E0,-1.349582778791E-13));
#235=CARTESIAN_POINT('',(3.601820190002E-1,-4.7E0,3.601820189999E-1));
#236=CARTESIAN_POINT('',(1.030634657135E0,-4.622205534026E0,1.030657407406E0));
#237=CARTESIAN_POINT('',(1.934083931265E0,-4.308680768019E0,1.934092551478E0));
#238=CARTESIAN_POINT('',(2.526438949466E0,-3.982929762212E0,2.526409396976E0));
#239=CARTESIAN_POINT('',(3.167666037186E0,-3.507930360105E0,3.167400221256E0));
#240=CARTESIAN_POINT('',(3.758965452296E0,-2.864317956001E0,3.759428169083E0));
#241=CARTESIAN_POINT('',(4.198147810979E0,-2.162021006882E0,4.197972286512E0));
#242=CARTESIAN_POINT('',(4.490155730649E0,-1.455371109099E0,4.490185455634E0));
#243=CARTESIAN_POINT('',(4.663973532796E0,-7.217387781960E-1,4.664013624061E0));
#244=CARTESIAN_POINT('',(4.700000000001E0,-2.381770036376E-1,4.699999999999E0));
#245=CARTESIAN_POINT('',(4.7E0,-3.448661844955E-12,4.7E0));
#247=DIRECTION('',(1.E0,-3.391730556851E-13,-1.065351264652E-13));
#248=VECTOR('',#247,5.106384158130E-1);
#249=CARTESIAN_POINT('',(4.042553126812E0,-4.673328530016E0,
-4.999999948428E-1));
#250=LINE('',#249,#248);
#251=CARTESIAN_POINT('',(4.553191542625E0,-4.673328530016E0,
-4.999999948428E-1));
#252=CARTESIAN_POINT('',(4.602614166462E0,-4.677766406220E0,
-4.585206874694E-1));
#253=CARTESIAN_POINT('',(4.701621953737E0,-4.685539903323E0,
-3.754244394583E-1));
#254=CARTESIAN_POINT('',(4.850579979040E0,-4.693882785575E0,
-2.504061539894E-1));
#255=CARTESIAN_POINT('',(4.950153458489E0,-4.697224384052E0,
-1.668354765559E-1));
#256=CARTESIAN_POINT('',(5.E0,-4.698337423454E0,-1.249999987106E-1));
#258=DIRECTION('',(-1.E0,0.E0,0.E0));
#259=VECTOR('',#258,3.E0);
#260=CARTESIAN_POINT('',(5.E0,-4.693346354149E0,2.5E-1));
#261=LINE('',#260,#259);
#262=DIRECTION('',(1.E0,1.946718161633E-8,5.178864114895E-10));
#263=VECTOR('',#262,2.489361763E0);
#264=CARTESIAN_POINT('',(2.E0,-4.698337471915E0,-1.25E-1));
#265=LINE('',#264,#263);
#266=CARTESIAN_POINT('',(4.489361763E0,-4.698337423454E0,-1.249999987108E-1));
#267=CARTESIAN_POINT('',(4.439515201509E0,-4.697224384051E0,
-1.668354765824E-1));
#268=CARTESIAN_POINT('',(4.339941682175E0,-4.693882785573E0,
-2.504061540453E-1));
#269=CARTESIAN_POINT('',(4.190983597270E0,-4.685539903319E0,
-3.754244395058E-1));
#270=CARTESIAN_POINT('',(4.091975770407E0,-4.677766406217E0,
-4.585206874874E-1));
#271=CARTESIAN_POINT('',(4.042553126812E0,-4.673328530016E0,
-4.999999948428E-1));
#273=CARTESIAN_POINT('',(6.788391873542E0,0.E0,0.E0));
#274=DIRECTION('',(1.E0,0.E0,0.E0));
#275=DIRECTION('',(0.E0,0.E0,1.E0));
#276=AXIS2_PLACEMENT_3D('',#273,#274,#275);
#278=CARTESIAN_POINT('',(6.788391873542E0,0.E0,0.E0));
#279=DIRECTION('',(1.E0,0.E0,0.E0));
#280=DIRECTION('',(0.E0,-1.666230596654E-2,9.998611741436E-1));
#281=AXIS2_PLACEMENT_3D('',#278,#279,#280);
#283=CARTESIAN_POINT('',(5.358378848434E0,0.E0,0.E0));
#284=DIRECTION('',(-1.E0,0.E0,0.E0));
#285=DIRECTION('',(0.E0,0.E0,-1.E0));
#286=AXIS2_PLACEMENT_3D('',#283,#284,#285);
#288=CARTESIAN_POINT('',(5.358378848434E0,0.E0,0.E0));
#289=DIRECTION('',(-1.E0,0.E0,0.E0));
#290=DIRECTION('',(0.E0,-1.666230596654E-2,9.998611741436E-1));
#291=AXIS2_PLACEMENT_3D('',#288,#289,#290);
#293=CARTESIAN_POINT('',(5.358378848434E0,-1.291241974455E-10,6.7E0));
#294=DIRECTION('',(0.E0,-1.E0,-1.927226780940E-11));
#295=DIRECTION('',(0.E0,1.927226780940E-11,-1.E0));
#296=AXIS2_PLACEMENT_3D('',#293,#294,#295);
#298=DIRECTION('',(-6.991176319239E-1,2.875978612133E-11,7.150066690130E-1));
#299=VECTOR('',#298,1.800229977096E0);
#300=CARTESIAN_POINT('',(8.046964392048E0,2.895271248928E-12,
-6.588940855504E0));
#301=LINE('',#300,#299);
#302=DIRECTION('',(-6.991176319239E-1,-2.924299750039E-11,-7.150066690130E-1));
#303=VECTOR('',#302,1.800229977096E0);
#304=CARTESIAN_POINT('',(8.046964392048E0,1.556755725549E-12,6.588940855504E0));
#305=LINE('',#304,#303);
#306=CARTESIAN_POINT('',(6.788391873542E0,0.E0,0.E0));
#307=DIRECTION('',(1.E0,0.E0,0.E0));
#308=DIRECTION('',(0.E0,1.351241000894E-12,-1.E0));
#309=AXIS2_PLACEMENT_3D('',#306,#307,#308);
#311=CARTESIAN_POINT('',(6.788391873542E0,0.E0,0.E0));
#312=DIRECTION('',(1.E0,0.E0,0.E0));
#313=DIRECTION('',(0.E0,1.666230596654E-2,-9.998611741436E-1));
#314=AXIS2_PLACEMENT_3D('',#311,#312,#313);
#316=CARTESIAN_POINT('',(5.358378848434E0,0.E0,0.E0));
#317=DIRECTION('',(-1.E0,0.E0,0.E0));
#318=DIRECTION('',(0.E0,-6.699652284478E-12,1.E0));
#319=AXIS2_PLACEMENT_3D('',#316,#317,#318);
#321=CARTESIAN_POINT('',(5.358378848434E0,0.E0,0.E0));
#322=DIRECTION('',(-1.E0,0.E0,0.E0));
#323=DIRECTION('',(0.E0,1.666230596654E-2,-9.998611741436E-1));
#324=AXIS2_PLACEMENT_3D('',#321,#322,#323);
#326=CARTESIAN_POINT('',(5.358378848434E0,1.291241974455E-10,-6.7E0));
#327=DIRECTION('',(0.E0,1.E0,1.927226780940E-11));
#328=DIRECTION('',(0.E0,-1.927226780940E-11,1.E0));
#329=AXIS2_PLACEMENT_3D('',#326,#327,#328);
#331=DIRECTION('',(-1.E0,8.746427748839E-11,3.709855898293E-13));
#332=VECTOR('',#331,6.583788484343E-1);
#333=CARTESIAN_POINT('',(5.358378848434E0,-6.103329213690E-11,4.7E0));
#334=LINE('',#333,#332);
#335=CARTESIAN_POINT('',(4.7E0,-3.448661844955E-12,4.7E0));
#336=CARTESIAN_POINT('',(4.699999999999E0,1.162506874869E-1,4.700000000001E0));
#337=CARTESIAN_POINT('',(4.691359692385E0,3.496157531884E-1,4.691359692385E0));
#338=CARTESIAN_POINT('',(4.652118341326E0,6.995910842570E-1,4.652118341327E0));
#339=CARTESIAN_POINT('',(4.586013786763E0,1.049584175838E0,4.586013786762E0));
#340=CARTESIAN_POINT('',(4.491338656085E0,1.401014671890E0,4.491338656085E0));
#341=CARTESIAN_POINT('',(4.366972135456E0,1.751292723479E0,4.366972135456E0));
#342=CARTESIAN_POINT('',(4.209938944486E0,2.101656430137E0,4.209938944486E0));
#343=CARTESIAN_POINT('',(4.018766317324E0,2.448208670028E0,4.018766317324E0));
#344=CARTESIAN_POINT('',(3.789809792679E0,2.790308192238E0,3.789809792679E0));
#345=CARTESIAN_POINT('',(3.521874397622E0,3.122427947810E0,3.521874397622E0));
#346=CARTESIAN_POINT('',(3.211835919680E0,3.441305684117E0,3.211835919680E0));
#347=CARTESIAN_POINT('',(2.859406376854E0,3.740000700163E0,2.859406376854E0));
#348=CARTESIAN_POINT('',(2.464272316386E0,4.012082989018E0,2.464272316386E0));
#349=CARTESIAN_POINT('',(2.028343648150E0,4.249756167463E0,2.028343648150E0));
#350=CARTESIAN_POINT('',(1.556365075357E0,4.444849466406E0,1.556365075357E0));
#351=CARTESIAN_POINT('',(1.054954884004E0,4.590143646947E0,1.054954884004E0));
#352=CARTESIAN_POINT('',(5.331785975974E-1,4.679698028440E0,5.331785975974E-1));
#353=CARTESIAN_POINT('',(1.787238194935E-1,4.7E0,1.787238194935E-1));
#354=CARTESIAN_POINT('',(1.674092309003E-13,4.7E0,1.674092309003E-13));
#356=CARTESIAN_POINT('',(1.674092309003E-13,4.7E0,1.674092309003E-13));
#357=CARTESIAN_POINT('',(1.787410180673E-1,4.7E0,-1.787410180670E-1));
#358=CARTESIAN_POINT('',(5.332255125005E-1,4.679693924642E0,
-5.332255125007E-1));
#359=CARTESIAN_POINT('',(1.055025821470E0,4.590128308794E0,-1.055025821470E0));
#360=CARTESIAN_POINT('',(1.556456890211E0,4.444817936841E0,-1.556456890211E0));
#361=CARTESIAN_POINT('',(2.028443408375E0,4.249709494368E0,-2.028443408375E0));
#362=CARTESIAN_POINT('',(2.464387370765E0,4.012012384813E0,-2.464387370765E0));
#363=CARTESIAN_POINT('',(2.859507192433E0,3.739924450375E0,-2.859507192433E0));
#364=CARTESIAN_POINT('',(3.211952065232E0,3.441196829930E0,-3.211952065232E0));
#365=CARTESIAN_POINT('',(3.521956887109E0,3.122335649640E0,-3.521956887109E0));
#366=CARTESIAN_POINT('',(3.789912726731E0,2.790167742642E0,-3.789912726731E0));
#367=CARTESIAN_POINT('',(4.018833279696E0,2.448101384287E0,-4.018833279696E0));
#368=CARTESIAN_POINT('',(4.210044074977E0,2.101445762838E0,-4.210044074977E0));
#369=CARTESIAN_POINT('',(4.367030071130E0,1.751151206500E0,-4.367030071130E0));
#370=CARTESIAN_POINT('',(4.491423876535E0,1.400740146519E0,-4.491423876535E0));
#371=CARTESIAN_POINT('',(4.586042714127E0,1.049453740819E0,-4.586042714127E0));
#372=CARTESIAN_POINT('',(4.652153922489E0,6.993551666624E-1,-4.652153922489E0));
#373=CARTESIAN_POINT('',(4.691360543553E0,3.495463593234E-1,-4.691360543554E0));
#374=CARTESIAN_POINT('',(4.700000000001E0,1.162252022120E-1,-4.7E0));
#375=CARTESIAN_POINT('',(4.7E0,-1.574389507653E-11,-4.7E0));
#377=CARTESIAN_POINT('',(8.904972690940E0,0.E0,0.E0));
#378=DIRECTION('',(1.E0,0.E0,0.E0));
#379=DIRECTION('',(0.E0,0.E0,-1.E0));
#380=AXIS2_PLACEMENT_3D('',#377,#378,#379);
#382=CARTESIAN_POINT('',(8.046964392048E0,0.E0,0.E0));
#383=DIRECTION('',(-1.E0,0.E0,0.E0));
#384=DIRECTION('',(0.E0,0.E0,1.E0));
#385=AXIS2_PLACEMENT_3D('',#382,#383,#384);
#387=CARTESIAN_POINT('',(8.046964392048E0,0.E0,0.E0));
#388=DIRECTION('',(-1.E0,0.E0,0.E0));
#389=DIRECTION('',(0.E0,1.241331385047E-2,9.999229518514E-1));
#390=AXIS2_PLACEMENT_3D('',#387,#388,#389);
#392=CARTESIAN_POINT('',(8.904972690940E0,-2.717298608346E-12,-5.75E0));
#393=DIRECTION('',(0.E0,-1.E0,4.725733693256E-13));
#394=DIRECTION('',(-7.150069157430E-1,-3.303842556252E-13,-6.991173795863E-1));
#395=AXIS2_PLACEMENT_3D('',#392,#393,#394);
#397=DIRECTION('',(-1.E0,4.901304508160E-11,0.E0));
#398=VECTOR('',#397,2.365590391280E0);
#399=CARTESIAN_POINT('',(1.127056301887E1,-1.199764192879E-10,6.95E0));
#400=LINE('',#399,#398);
#401=DIRECTION('',(-1.E0,-4.901295708378E-11,0.E0));
#402=VECTOR('',#401,2.365590391280E0);
#403=CARTESIAN_POINT('',(1.127056301887E1,1.143033711456E-10,-6.95E0));
#404=LINE('',#403,#402);
#405=CARTESIAN_POINT('',(8.904972690940E0,0.E0,0.E0));
#406=DIRECTION('',(1.E0,0.E0,0.E0));
#407=DIRECTION('',(0.E0,-1.632594400089E-12,1.E0));
#408=AXIS2_PLACEMENT_3D('',#405,#406,#407);
#410=CARTESIAN_POINT('',(8.046964392048E0,0.E0,0.E0));
#411=DIRECTION('',(-1.E0,0.E0,0.E0));
#412=DIRECTION('',(0.E0,1.351241000894E-12,-1.E0));
#413=AXIS2_PLACEMENT_3D('',#410,#411,#412);
#415=CARTESIAN_POINT('',(8.046964392048E0,0.E0,0.E0));
#416=DIRECTION('',(-1.E0,0.E0,0.E0));
#417=DIRECTION('',(0.E0,-1.241331385047E-2,-9.999229518514E-1));
#418=AXIS2_PLACEMENT_3D('',#415,#416,#417);
#420=CARTESIAN_POINT('',(8.904972690940E0,2.717298608346E-12,5.75E0));
#421=DIRECTION('',(0.E0,1.E0,-4.725733693256E-13));
#422=DIRECTION('',(-7.150069157430E-1,3.303842556252E-13,6.991173795863E-1));
#423=AXIS2_PLACEMENT_3D('',#420,#421,#422);
#425=CARTESIAN_POINT('',(1.169456212407E1,0.E0,0.E0));
#426=DIRECTION('',(1.E0,0.E0,0.E0));
#427=DIRECTION('',(0.E0,0.E0,1.E0));
#428=AXIS2_PLACEMENT_3D('',#425,#426,#427);
#430=CARTESIAN_POINT('',(1.169456212407E1,0.E0,0.E0));
#431=DIRECTION('',(1.E0,0.E0,0.E0));
#432=DIRECTION('',(0.E0,-1.290677061309E-2,9.999167041671E-1));
#433=AXIS2_PLACEMENT_3D('',#430,#431,#432);
#435=CARTESIAN_POINT('',(1.127056301887E1,0.E0,0.E0));
#436=DIRECTION('',(-1.E0,0.E0,0.E0));
#437=DIRECTION('',(0.E0,0.E0,-1.E0));
#438=AXIS2_PLACEMENT_3D('',#435,#436,#437);
#440=CARTESIAN_POINT('',(1.127056301887E1,0.E0,0.E0));
#441=DIRECTION('',(-1.E0,0.E0,0.E0));
#442=DIRECTION('',(0.E0,-1.290677061309E-2,9.999167041671E-1));
#443=AXIS2_PLACEMENT_3D('',#440,#441,#442);
#445=CARTESIAN_POINT('',(1.127056301887E1,-2.549190719625E-10,7.75E0));
#446=DIRECTION('',(0.E0,-1.E0,-3.289278398266E-11));
#447=DIRECTION('',(0.E0,3.289278398266E-11,-1.E0));
#448=AXIS2_PLACEMENT_3D('',#445,#446,#447);
#450=DIRECTION('',(-8.479983040058E-1,2.568831251478E-10,5.299989400020E-1));
#451=VECTOR('',#450,1.042262105367E0);
#452=CARTESIAN_POINT('',(1.257839862175E1,-1.744689739745E-10,
-7.623999138592E0));
#453=LINE('',#452,#451);
#454=DIRECTION('',(-8.479983040058E-1,-2.551587691236E-10,-5.299989400020E-1));
#455=VECTOR('',#454,1.042262105367E0);
#456=CARTESIAN_POINT('',(1.257839862175E1,1.496396810495E-10,7.623999138592E0));
#457=LINE('',#456,#455);
#458=CARTESIAN_POINT('',(1.169456212407E1,0.E0,0.E0));
#459=DIRECTION('',(1.E0,0.E0,0.E0));
#460=DIRECTION('',(0.E0,-6.514022994761E-12,-1.E0));
#461=AXIS2_PLACEMENT_3D('',#458,#459,#460);
#463=CARTESIAN_POINT('',(1.169456212407E1,0.E0,0.E0));
#464=DIRECTION('',(1.E0,0.E0,0.E0));
#465=DIRECTION('',(0.E0,1.290677061309E-2,-9.999167041671E-1));
#466=AXIS2_PLACEMENT_3D('',#463,#464,#465);
#468=CARTESIAN_POINT('',(1.127056301887E1,0.E0,0.E0));
#469=DIRECTION('',(-1.E0,0.E0,0.E0));
#470=DIRECTION('',(0.E0,-1.632594400089E-12,1.E0));
#471=AXIS2_PLACEMENT_3D('',#468,#469,#470);
#473=CARTESIAN_POINT('',(1.127056301887E1,0.E0,0.E0));
#474=DIRECTION('',(-1.E0,0.E0,0.E0));
#475=DIRECTION('',(0.E0,1.290677061309E-2,-9.999167041671E-1));
#476=AXIS2_PLACEMENT_3D('',#473,#474,#475);
#478=CARTESIAN_POINT('',(1.127056301887E1,2.549190719625E-10,-7.75E0));
#479=DIRECTION('',(0.E0,1.E0,3.289278398266E-11));
#480=DIRECTION('',(0.E0,-3.289278398266E-11,1.E0));
#481=AXIS2_PLACEMENT_3D('',#478,#479,#480);
#483=CARTESIAN_POINT('',(1.284339811321E1,0.E0,0.E0));
#484=DIRECTION('',(1.E0,0.E0,0.E0));
#485=DIRECTION('',(0.E0,0.E0,-1.E0));
#486=AXIS2_PLACEMENT_3D('',#483,#484,#485);
#488=CARTESIAN_POINT('',(1.257839862175E1,0.E0,0.E0));
#489=DIRECTION('',(-1.E0,0.E0,0.E0));
#490=DIRECTION('',(0.E0,0.E0,1.E0));
#491=AXIS2_PLACEMENT_3D('',#488,#489,#490);
#493=CARTESIAN_POINT('',(1.257839862175E1,0.E0,0.E0));
#494=DIRECTION('',(-1.E0,0.E0,0.E0));
#495=DIRECTION('',(0.E0,1.120427816651E-2,9.999372301054E-1));
#496=AXIS2_PLACEMENT_3D('',#493,#494,#495);
#498=CARTESIAN_POINT('',(1.284339811321E1,-2.826315570470E-10,-7.2E0));
#499=DIRECTION('',(0.E0,-1.E0,3.925438273045E-11));
#500=DIRECTION('',(-5.299989829200E-1,-3.328764892726E-11,-8.479982771821E-1));
#501=AXIS2_PLACEMENT_3D('',#498,#499,#500);
#503=DIRECTION('',(-1.E0,1.775100778643E-10,0.E0));
#504=VECTOR('',#503,8.566018907700E-1);
#505=CARTESIAN_POINT('',(1.37E1,-3.698233837024E-12,7.7E0));
#506=LINE('',#505,#504);
#507=DIRECTION('',(-1.E0,-1.764289329291E-10,0.E0));
#508=VECTOR('',#507,8.566018907700E-1);
#509=CARTESIAN_POINT('',(1.37E1,0.E0,-7.7E0));
#510=LINE('',#509,#508);
#511=CARTESIAN_POINT('',(1.284339811321E1,0.E0,0.E0));
#512=DIRECTION('',(1.E0,0.E0,0.E0));
#513=DIRECTION('',(0.E0,-7.204351630567E-13,1.E0));
#514=AXIS2_PLACEMENT_3D('',#511,#512,#513);
#516=CARTESIAN_POINT('',(1.257839862175E1,0.E0,0.E0));
#517=DIRECTION('',(-1.E0,0.E0,0.E0));
#518=DIRECTION('',(0.E0,-6.514022994761E-12,-1.E0));
#519=AXIS2_PLACEMENT_3D('',#516,#517,#518);
#521=CARTESIAN_POINT('',(1.257839862175E1,0.E0,0.E0));
#522=DIRECTION('',(-1.E0,0.E0,0.E0));
#523=DIRECTION('',(0.E0,-1.120427816652E-2,-9.999372301054E-1));
#524=AXIS2_PLACEMENT_3D('',#521,#522,#523);
#526=CARTESIAN_POINT('',(1.284339811321E1,2.826332223815E-10,7.2E0));
#527=DIRECTION('',(0.E0,1.E0,-3.925461344867E-11));
#528=DIRECTION('',(-5.299989829200E-1,3.328784457592E-11,8.479982771821E-1));
#529=AXIS2_PLACEMENT_3D('',#526,#527,#528);
#531=CARTESIAN_POINT('',(1.37E1,0.E0,0.E0));
#532=DIRECTION('',(-1.E0,0.E0,0.E0));
#533=DIRECTION('',(0.E0,0.E0,1.E0));
#534=AXIS2_PLACEMENT_3D('',#531,#532,#533);
#536=CARTESIAN_POINT('',(1.37E1,0.E0,0.E0));
#537=DIRECTION('',(-1.E0,0.E0,0.E0));
#538=DIRECTION('',(0.E0,0.E0,-1.E0));
#539=AXIS2_PLACEMENT_3D('',#536,#537,#538);
#541=CARTESIAN_POINT('',(1.37E1,0.E0,0.E0));
#542=DIRECTION('',(1.E0,0.E0,0.E0));
#543=DIRECTION('',(0.E0,0.E0,1.E0));
#544=AXIS2_PLACEMENT_3D('',#541,#542,#543);
#546=CARTESIAN_POINT('',(1.37E1,0.E0,0.E0));
#547=DIRECTION('',(1.E0,0.E0,0.E0));
#548=DIRECTION('',(0.E0,0.E0,-1.E0));
#549=AXIS2_PLACEMENT_3D('',#546,#547,#548);
#551=DIRECTION('',(-1.E0,0.E0,0.E0));
#552=VECTOR('',#551,2.2E0);
#553=CARTESIAN_POINT('',(1.59E1,0.E0,-6.35E0));
#554=LINE('',#553,#552);
#555=DIRECTION('',(-1.E0,0.E0,0.E0));
#556=VECTOR('',#555,2.2E0);
#557=CARTESIAN_POINT('',(1.59E1,0.E0,6.35E0));
#558=LINE('',#557,#556);
#559=CARTESIAN_POINT('',(1.59E1,0.E0,0.E0));
#560=DIRECTION('',(1.E0,0.E0,0.E0));
#561=DIRECTION('',(0.E0,0.E0,1.E0));
#562=AXIS2_PLACEMENT_3D('',#559,#560,#561);
#564=CARTESIAN_POINT('',(1.59E1,0.E0,0.E0));
#565=DIRECTION('',(1.E0,0.E0,0.E0));
#566=DIRECTION('',(0.E0,0.E0,-1.E0));
#567=AXIS2_PLACEMENT_3D('',#564,#565,#566);
#569=CARTESIAN_POINT('',(1.59E1,0.E0,0.E0));
#570=DIRECTION('',(-1.E0,0.E0,0.E0));
#571=DIRECTION('',(0.E0,0.E0,1.E0));
#572=AXIS2_PLACEMENT_3D('',#569,#570,#571);
#574=CARTESIAN_POINT('',(1.59E1,0.E0,0.E0));
#575=DIRECTION('',(-1.E0,0.E0,0.E0));
#576=DIRECTION('',(0.E0,0.E0,-1.E0));
#577=AXIS2_PLACEMENT_3D('',#574,#575,#576);
#579=DIRECTION('',(-1.E0,0.E0,0.E0));
#580=VECTOR('',#579,8.E-1);
#581=CARTESIAN_POINT('',(1.67E1,0.E0,-6.8E0));
#582=LINE('',#581,#580);
#583=DIRECTION('',(-1.E0,0.E0,0.E0));
#584=VECTOR('',#583,8.E-1);
#585=CARTESIAN_POINT('',(1.67E1,0.E0,6.8E0));
#586=LINE('',#585,#584);
#587=DIRECTION('',(-9.486832980505E-1,-7.852137401818E-11,3.162277660168E-1));
#588=VECTOR('',#587,1.264911064067E0);
#589=CARTESIAN_POINT('',(1.79E1,9.932172200154E-11,6.4E0));
#590=LINE('',#589,#588);
#591=CARTESIAN_POINT('',(1.67E1,0.E0,0.E0));
#592=DIRECTION('',(-1.E0,0.E0,0.E0));
#593=DIRECTION('',(0.E0,0.E0,1.E0));
#594=AXIS2_PLACEMENT_3D('',#591,#592,#593);
#596=CARTESIAN_POINT('',(1.79E1,0.E0,0.E0));
#597=DIRECTION('',(1.E0,0.E0,0.E0));
#598=DIRECTION('',(0.E0,0.E0,-1.E0));
#599=AXIS2_PLACEMENT_3D('',#596,#597,#598);
#601=CARTESIAN_POINT('',(1.79E1,0.E0,0.E0));
#602=DIRECTION('',(1.E0,0.E0,0.E0));
#603=DIRECTION('',(0.E0,3.103816059016E-11,1.E0));
#604=AXIS2_PLACEMENT_3D('',#601,#602,#603);
#606=DIRECTION('',(-9.486832980505E-1,0.E0,-3.162277660168E-1));
#607=VECTOR('',#606,1.264911064067E0);
#608=CARTESIAN_POINT('',(1.79E1,0.E0,-6.4E0));
#609=LINE('',#608,#607);
#610=CARTESIAN_POINT('',(1.67E1,0.E0,0.E0));
#611=DIRECTION('',(-1.E0,0.E0,0.E0));
#612=DIRECTION('',(0.E0,0.E0,-1.E0));
#613=AXIS2_PLACEMENT_3D('',#610,#611,#612);
#615=DIRECTION('',(-1.E0,0.E0,0.E0));
#616=VECTOR('',#615,1.8E0);
#617=CARTESIAN_POINT('',(1.97E1,0.E0,-6.4E0));
#618=LINE('',#617,#616);
#619=CARTESIAN_POINT('',(1.97E1,0.E0,0.E0));
#620=DIRECTION('',(-1.E0,0.E0,0.E0));
#621=DIRECTION('',(0.E0,0.E0,-1.E0));
#622=AXIS2_PLACEMENT_3D('',#619,#620,#621);
#624=CARTESIAN_POINT('',(1.97E1,0.E0,6.2E0));
#625=DIRECTION('',(0.E0,1.E0,0.E0));
#626=DIRECTION('',(0.E0,0.E0,1.E0));
#627=AXIS2_PLACEMENT_3D('',#624,#625,#626);
#629=CARTESIAN_POINT('',(1.99E1,0.E0,0.E0));
#630=DIRECTION('',(-1.E0,0.E0,0.E0));
#631=DIRECTION('',(0.E0,0.E0,-1.E0));
#632=AXIS2_PLACEMENT_3D('',#629,#630,#631);
#634=CARTESIAN_POINT('',(1.99E1,0.E0,0.E0));
#635=DIRECTION('',(-1.E0,0.E0,0.E0));
#636=DIRECTION('',(0.E0,-1.991461990016E-2,-9.998016842926E-1));
#637=AXIS2_PLACEMENT_3D('',#634,#635,#636);
#639=CARTESIAN_POINT('',(1.99E1,0.E0,0.E0));
#640=DIRECTION('',(-1.E0,0.E0,0.E0));
#641=DIRECTION('',(0.E0,0.E0,1.E0));
#642=AXIS2_PLACEMENT_3D('',#639,#640,#641);
#644=CARTESIAN_POINT('',(1.99E1,0.E0,0.E0));
#645=DIRECTION('',(-1.E0,0.E0,0.E0));
#646=DIRECTION('',(0.E0,1.991461990016E-2,9.998016842926E-1));
#647=AXIS2_PLACEMENT_3D('',#644,#645,#646);
#649=CARTESIAN_POINT('',(1.99E1,0.E0,0.E0));
#650=DIRECTION('',(1.E0,0.E0,0.E0));
#651=DIRECTION('',(0.E0,0.E0,-1.E0));
#652=AXIS2_PLACEMENT_3D('',#649,#650,#651);
#654=CARTESIAN_POINT('',(1.99E1,0.E0,0.E0));
#655=DIRECTION('',(1.E0,0.E0,0.E0));
#656=DIRECTION('',(0.E0,0.E0,1.E0));
#657=AXIS2_PLACEMENT_3D('',#654,#655,#656);
#659=CARTESIAN_POINT('',(1.97E1,0.E0,0.E0));
#660=DIRECTION('',(-1.E0,0.E0,0.E0));
#661=DIRECTION('',(0.E0,3.103816059016E-11,1.E0));
#662=AXIS2_PLACEMENT_3D('',#659,#660,#661);
#664=CARTESIAN_POINT('',(1.97E1,0.E0,-6.2E0));
#665=DIRECTION('',(0.E0,-1.E0,0.E0));
#666=DIRECTION('',(0.E0,0.E0,-1.E0));
#667=AXIS2_PLACEMENT_3D('',#664,#665,#666);
#669=DIRECTION('',(-1.E0,0.E0,0.E0));
#670=VECTOR('',#669,1.8E0);
#671=CARTESIAN_POINT('',(1.97E1,9.932225266639E-11,6.4E0));
#672=LINE('',#671,#670);
#673=DIRECTION('',(-1.E0,0.E0,-1.804219425153E-13));
#674=VECTOR('',#673,3.199810204660E0);
#675=CARTESIAN_POINT('',(1.99E1,0.E0,-5.7E0));
#676=LINE('',#675,#674);
#677=CARTESIAN_POINT('',(1.670018979534E1,0.E0,0.E0));
#678=DIRECTION('',(-1.E0,0.E0,0.E0));
#679=DIRECTION('',(0.E0,4.795531635056E-10,1.E0));
#680=AXIS2_PLACEMENT_3D('',#677,#678,#679);
#682=CARTESIAN_POINT('',(1.590003628303E1,0.E0,0.E0));
#683=DIRECTION('',(1.E0,0.E0,0.E0));
#684=DIRECTION('',(0.E0,0.E0,-1.E0));
#685=AXIS2_PLACEMENT_3D('',#682,#683,#684);
#687=DIRECTION('',(9.544893176500E-1,2.145488596038E-10,2.982451047245E-1));
#688=VECTOR('',#687,8.383127884468E-1);
#689=CARTESIAN_POINT('',(1.590002919392E1,3.920325183825E-9,5.449977314618E0));
#690=LINE('',#689,#688);
#691=CARTESIAN_POINT('',(1.670018979534E1,1.709743457923E-14,
-1.048970165031E-14));
#692=DIRECTION('',(-1.E0,0.E0,0.E0));
#693=DIRECTION('',(0.E0,0.E0,-1.E0));
#694=AXIS2_PLACEMENT_3D('',#691,#692,#693);
#696=CARTESIAN_POINT('',(1.590003628303E1,1.709743457923E-14,
-1.048970165031E-14));
#697=DIRECTION('',(1.E0,0.E0,0.E0));
#698=DIRECTION('',(0.E0,4.795482500048E-10,1.E0));
#699=AXIS2_PLACEMENT_3D('',#696,#697,#698);
#701=DIRECTION('',(9.544893176500E-1,0.E0,-2.982451047245E-1));
#702=VECTOR('',#701,8.383127884468E-1);
#703=CARTESIAN_POINT('',(1.590002919392E1,0.E0,-5.449977314618E0));
#704=LINE('',#703,#702);
#705=DIRECTION('',(-1.E0,7.118804508961E-10,1.784789369805E-13));
#706=VECTOR('',#705,3.199810204660E0);
#707=CARTESIAN_POINT('',(1.99E1,1.822301905302E-9,5.7E0));
#708=LINE('',#707,#706);
#709=DIRECTION('',(9.999999999939E-1,9.895769084068E-14,3.490043034621E-6));
#710=VECTOR('',#709,6.500029193958E0);
#711=CARTESIAN_POINT('',(9.4E0,-6.389535180081E-13,-5.45E0));
#712=LINE('',#711,#710);
#713=DIRECTION('',(9.999999999939E-1,4.019837239956E-10,-3.490043035578E-6));
#714=VECTOR('',#713,6.500029193958E0);
#715=CARTESIAN_POINT('',(9.4E0,1.307419242358E-9,5.45E0));
#716=LINE('',#715,#714);
#717=CARTESIAN_POINT('',(9.4E0,0.E0,0.E0));
#718=DIRECTION('',(-1.E0,0.E0,0.E0));
#719=DIRECTION('',(0.E0,4.795513871487E-10,1.E0));
#720=AXIS2_PLACEMENT_3D('',#717,#718,#719);
#722=CARTESIAN_POINT('',(9.4E0,1.210781475081E-12,5.15E0));
#723=DIRECTION('',(0.E0,1.E0,-2.351036032522E-13));
#724=DIRECTION('',(-9.999999999997E-1,0.E0,-7.708133302013E-7));
#725=AXIS2_PLACEMENT_3D('',#722,#723,#724);
#727=CARTESIAN_POINT('',(9.4E0,0.E0,0.E0));
#728=DIRECTION('',(-1.E0,0.E0,0.E0));
#729=DIRECTION('',(0.E0,0.E0,-1.E0));
#730=AXIS2_PLACEMENT_3D('',#727,#728,#729);
#732=CARTESIAN_POINT('',(9.4E0,-1.206201805104E-12,-5.15E0));
#733=DIRECTION('',(0.E0,-1.E0,2.342154248325E-13));
#734=DIRECTION('',(-9.999999999997E-1,0.E0,7.708133302013E-7));
#735=AXIS2_PLACEMENT_3D('',#732,#733,#734);
#737=CARTESIAN_POINT('',(9.1E0,0.E0,0.E0));
#738=DIRECTION('',(-1.E0,0.E0,0.E0));
#739=DIRECTION('',(0.E0,0.E0,1.E0));
#740=AXIS2_PLACEMENT_3D('',#737,#738,#739);
#742=CARTESIAN_POINT('',(9.1E0,0.E0,0.E0));
#743=DIRECTION('',(-1.E0,0.E0,0.E0));
#744=DIRECTION('',(0.E0,1.582956765761E-2,9.998747045444E-1));
#745=AXIS2_PLACEMENT_3D('',#742,#743,#744);
#747=CARTESIAN_POINT('',(9.1E0,0.E0,0.E0));
#748=DIRECTION('',(-1.E0,0.E0,0.E0));
#749=DIRECTION('',(0.E0,0.E0,-1.E0));
#750=AXIS2_PLACEMENT_3D('',#747,#748,#749);
#752=CARTESIAN_POINT('',(9.1E0,0.E0,0.E0));
#753=DIRECTION('',(-1.E0,0.E0,0.E0));
#754=DIRECTION('',(0.E0,-1.582956765761E-2,-9.998747045444E-1));
#755=AXIS2_PLACEMENT_3D('',#752,#753,#754);
#757=CARTESIAN_POINT('',(9.100025068231E0,0.E0,0.E0));
#758=DIRECTION('',(1.E0,0.E0,0.E0));
#759=DIRECTION('',(0.E0,0.E0,-1.E0));
#760=AXIS2_PLACEMENT_3D('',#757,#758,#759);
#762=CARTESIAN_POINT('',(9.100025068231E0,0.E0,0.E0));
#763=DIRECTION('',(1.E0,0.E0,0.E0));
#764=DIRECTION('',(0.E0,0.E0,1.E0));
#765=AXIS2_PLACEMENT_3D('',#762,#763,#764);
#767=CARTESIAN_POINT('',(8.800031710693E0,0.E0,0.E0));
#768=DIRECTION('',(1.E0,0.E0,0.E0));
#769=DIRECTION('',(0.E0,0.E0,-1.E0));
#770=AXIS2_PLACEMENT_3D('',#767,#768,#769);
#772=DIRECTION('',(7.071298488123E-1,-3.120201612987E-10,7.070837128083E-1));
#773=VECTOR('',#772,4.242452025921E-1);
#774=CARTESIAN_POINT('',(8.800020266186E0,-6.246918386472E-9,3.249988555300E0));
#775=LINE('',#774,#773);
#776=CARTESIAN_POINT('',(8.800031710693E0,0.E0,0.E0));
#777=DIRECTION('',(1.E0,0.E0,0.E0));
#778=DIRECTION('',(0.E0,-1.148774975486E-9,1.E0));
#779=AXIS2_PLACEMENT_3D('',#776,#777,#778);
#781=DIRECTION('',(7.071298488123E-1,0.E0,-7.070837128083E-1));
#782=VECTOR('',#781,4.242452025921E-1);
#783=CARTESIAN_POINT('',(8.800020266186E0,0.E0,-3.249988555300E0));
#784=LINE('',#783,#782);
#785=DIRECTION('',(9.999999999959E-1,0.E0,2.861160474955E-6));
#786=VECTOR('',#785,4.000020266202E0);
#787=CARTESIAN_POINT('',(4.8E0,0.E0,-3.25E0));
#788=LINE('',#787,#786);
#789=DIRECTION('',(9.999999999959E-1,-9.394717249365E-10,-2.861160474955E-6));
#790=VECTOR('',#789,4.000020266202E0);
#791=CARTESIAN_POINT('',(4.8E0,-2.489012447202E-9,3.25E0));
#792=LINE('',#791,#790);
#793=CARTESIAN_POINT('',(4.8E0,0.E0,0.E0));
#794=DIRECTION('',(-1.E0,0.E0,0.E0));
#795=DIRECTION('',(0.E0,0.E0,-1.E0));
#796=AXIS2_PLACEMENT_3D('',#793,#794,#795);
#798=CARTESIAN_POINT('',(4.8E0,0.E0,0.E0));
#799=DIRECTION('',(-1.E0,0.E0,0.E0));
#800=DIRECTION('',(0.E0,0.E0,1.E0));
#801=AXIS2_PLACEMENT_3D('',#798,#799,#800);
#803=CARTESIAN_POINT('',(4.8E0,0.E0,0.E0));
#804=DIRECTION('',(1.E0,0.E0,0.E0));
#805=DIRECTION('',(0.E0,0.E0,-1.E0));
#806=AXIS2_PLACEMENT_3D('',#803,#804,#805);
#808=CARTESIAN_POINT('',(4.8E0,0.E0,0.E0));
#809=DIRECTION('',(1.E0,0.E0,0.E0));
#810=DIRECTION('',(0.E0,0.E0,1.E0));
#811=AXIS2_PLACEMENT_3D('',#808,#809,#810);
#813=DIRECTION('',(1.E0,0.E0,0.E0));
#814=VECTOR('',#813,2.55E0);
#815=CARTESIAN_POINT('',(2.25E0,0.E0,2.25E0));
#816=LINE('',#815,#814);
#817=CARTESIAN_POINT('',(2.25E0,0.E0,-2.25E0));
#818=CARTESIAN_POINT('',(2.25E0,6.764410031721E-2,-2.25E0));
#819=CARTESIAN_POINT('',(2.243872482485E0,2.036746231347E-1,-2.243872482485E0));
#820=CARTESIAN_POINT('',(2.216062474220E0,4.072684412339E-1,-2.216062474220E0));
#821=CARTESIAN_POINT('',(2.168746156310E0,6.115842174569E-1,-2.168746156310E0));
#822=CARTESIAN_POINT('',(2.100717644693E0,8.157337074308E-1,-2.100717644693E0));
#823=CARTESIAN_POINT('',(2.010100852535E0,1.019393758077E0,-2.010100852535E0));
#824=CARTESIAN_POINT('',(1.895038686293E0,1.220680030786E0,-1.895038686293E0));
#825=CARTESIAN_POINT('',(1.752961781684E0,1.417819143328E0,-1.752961781684E0));
#826=CARTESIAN_POINT('',(1.582343850374E0,1.606635106793E0,-1.582343850374E0));
#827=CARTESIAN_POINT('',(1.381834774500E0,1.782657057486E0,-1.381834774500E0));
#828=CARTESIAN_POINT('',(1.151272702128E0,1.940124533920E0,-1.151272702128E0));
#829=CARTESIAN_POINT('',(8.927810061288E-1,2.072336068392E0,
-8.927810061288E-1));
#830=CARTESIAN_POINT('',(6.095073969065E-1,2.172982499300E0,
-6.095073969065E-1));
#831=CARTESIAN_POINT('',(3.094654697604E-1,2.235672018159E0,
-3.094654697604E-1));
#832=CARTESIAN_POINT('',(1.039709139878E-1,2.25E0,-1.039709139878E-1));
#833=CARTESIAN_POINT('',(3.873139810185E-14,2.25E0,-4.209283809086E-14));
#835=DIRECTION('',(0.E0,0.E0,1.E0));
#836=VECTOR('',#835,2.55E0);
#837=CARTESIAN_POINT('',(-2.25E0,0.E0,2.25E0));
#838=LINE('',#837,#836);
#839=CARTESIAN_POINT('',(2.25E0,0.E0,2.25E0));
#840=CARTESIAN_POINT('',(2.25E0,6.763515914048E-2,2.25E0));
#841=CARTESIAN_POINT('',(2.243873154549E0,2.036514395791E-1,2.243873154549E0));
#842=CARTESIAN_POINT('',(2.216074617456E0,4.072034510500E-1,2.216074617456E0));
#843=CARTESIAN_POINT('',(2.168754652427E0,6.115537087640E-1,2.168754652427E0));
#844=CARTESIAN_POINT('',(2.100742343272E0,8.156699535954E-1,2.100742343272E0));
#845=CARTESIAN_POINT('',(2.010113197041E0,1.019371702566E0,2.010113197041E0));
#846=CARTESIAN_POINT('',(1.895055345751E0,1.220653377979E0,1.895055345751E0));
#847=CARTESIAN_POINT('',(1.752977993122E0,1.417800292446E0,1.752977993122E0));
#848=CARTESIAN_POINT('',(1.582348966507E0,1.606630251222E0,1.582348966507E0));
#849=CARTESIAN_POINT('',(1.381844790169E0,1.782649428594E0,1.381844790169E0));
#850=CARTESIAN_POINT('',(1.151275111564E0,1.940123086485E0,1.151275111564E0));
#851=CARTESIAN_POINT('',(8.927928752924E-1,2.072330816547E0,8.927928752924E-1));
#852=CARTESIAN_POINT('',(6.095123422760E-1,2.172981381527E0,6.095123422760E-1));
#853=CARTESIAN_POINT('',(3.094716032912E-1,2.235671160617E0,3.094716032913E-1));
#854=CARTESIAN_POINT('',(1.039731708830E-1,2.25E0,1.039731708829E-1));
#855=CARTESIAN_POINT('',(3.873139810185E-14,2.25E0,-4.209283809086E-14));
#857=DIRECTION('',(1.E0,0.E0,0.E0));
#858=VECTOR('',#857,2.55E0);
#859=CARTESIAN_POINT('',(-4.8E0,0.E0,2.25E0));
#860=LINE('',#859,#858);
#861=CARTESIAN_POINT('',(-2.25E0,0.E0,2.25E0));
#862=CARTESIAN_POINT('',(-2.25E0,6.764099127888E-2,2.25E0));
#863=CARTESIAN_POINT('',(-2.243872716416E0,2.036666275009E-1,2.243872716416E0));
#864=CARTESIAN_POINT('',(-2.216066641523E0,4.072462127596E-1,2.216066641523E0));
#865=CARTESIAN_POINT('',(-2.168748895319E0,6.115744343906E-1,2.168748895319E0));
#866=CARTESIAN_POINT('',(-2.100725693249E0,8.157130241154E-1,2.100725693249E0));
#867=CARTESIAN_POINT('',(-2.010103845735E0,1.019388768556E0,2.010103845735E0));
#868=CARTESIAN_POINT('',(-1.895042287704E0,1.220674167561E0,1.895042287704E0));
#869=CARTESIAN_POINT('',(-1.752965210245E0,1.417815310794E0,1.752965210245E0));
#870=CARTESIAN_POINT('',(-1.582341801078E0,1.606637457899E0,1.582341801078E0));
#871=CARTESIAN_POINT('',(-1.381829514222E0,1.782661344841E0,1.381829514222E0));
#872=CARTESIAN_POINT('',(-1.151264497349E0,1.940129245999E0,1.151264497349E0));
#873=CARTESIAN_POINT('',(-8.927780832997E-1,2.072337217716E0,
8.927780832997E-1));
#874=CARTESIAN_POINT('',(-6.095014563401E-1,2.172984297264E0,
6.095014563401E-1));
#875=CARTESIAN_POINT('',(-3.094604425987E-1,2.235672557086E0,
3.094604425987E-1));
#876=CARTESIAN_POINT('',(-1.039688364145E-1,2.25E0,1.039688364145E-1));
#877=CARTESIAN_POINT('',(3.873139810185E-14,2.25E0,-4.209283809086E-14));
#879=DIRECTION('',(1.E0,0.E0,0.E0));
#880=VECTOR('',#879,2.55E0);
#881=CARTESIAN_POINT('',(-4.8E0,0.E0,-2.25E0));
#882=LINE('',#881,#880);
#883=CARTESIAN_POINT('',(-2.25E0,0.E0,-2.25E0));
#884=CARTESIAN_POINT('',(-2.25E0,-6.764076118229E-2,-2.25E0));
#885=CARTESIAN_POINT('',(-2.243872810301E0,-2.036661657533E-1,
-2.243872810301E0));
#886=CARTESIAN_POINT('',(-2.216066350348E0,-4.072477621435E-1,
-2.216066350348E0));
#887=CARTESIAN_POINT('',(-2.168748765734E0,-6.115752190965E-1,
-2.168748765734E0));
#888=CARTESIAN_POINT('',(-2.100723783315E0,-8.157179646766E-1,
-2.100723783315E0));
#889=CARTESIAN_POINT('',(-2.010103257156E0,-1.019389709293E0,
-2.010103257156E0));
#890=CARTESIAN_POINT('',(-1.895041304343E0,-1.220675794727E0,
-1.895041304343E0));
#891=CARTESIAN_POINT('',(-1.752964527072E0,-1.417815927589E0,
-1.752964527072E0));
#892=CARTESIAN_POINT('',(-1.582343609023E0,-1.606635718606E0,
-1.582343609023E0));
#893=CARTESIAN_POINT('',(-1.381828769918E0,-1.782661979108E0,
-1.381828769918E0));
#894=CARTESIAN_POINT('',(-1.151264658235E0,-1.940129228392E0,
-1.151264658235E0));
#895=CARTESIAN_POINT('',(-8.927741492861E-1,-2.072339043599E0,
-8.927741492861E-1));
#896=CARTESIAN_POINT('',(-6.094978108627E-1,-2.172985274369E0,
-6.094978108627E-1));
#897=CARTESIAN_POINT('',(-3.094569428986E-1,-2.235672987576E0,
-3.094569428986E-1));
#898=CARTESIAN_POINT('',(-1.039674537342E-1,-2.25E0,-1.039674537342E-1));
#899=CARTESIAN_POINT('',(2.485562052038E-14,-2.25E0,2.133066241720E-14));
#901=CARTESIAN_POINT('',(-4.8E0,0.E0,0.E0));
#902=DIRECTION('',(1.E0,0.E0,0.E0));
#903=DIRECTION('',(0.E0,0.E0,1.E0));
#904=AXIS2_PLACEMENT_3D('',#901,#902,#903);
#906=CARTESIAN_POINT('',(-4.8E0,0.E0,0.E0));
#907=DIRECTION('',(1.E0,0.E0,0.E0));
#908=DIRECTION('',(0.E0,0.E0,-1.E0));
#909=AXIS2_PLACEMENT_3D('',#906,#907,#908);
#911=CARTESIAN_POINT('',(-4.8E0,0.E0,0.E0));
#912=DIRECTION('',(-1.E0,0.E0,0.E0));
#913=DIRECTION('',(0.E0,0.E0,1.E0));
#914=AXIS2_PLACEMENT_3D('',#911,#912,#913);
#916=CARTESIAN_POINT('',(-4.8E0,0.E0,0.E0));
#917=DIRECTION('',(-1.E0,0.E0,0.E0));
#918=DIRECTION('',(0.E0,0.E0,-1.E0));
#919=AXIS2_PLACEMENT_3D('',#916,#917,#918);
#921=DIRECTION('',(9.999999999959E-1,0.E0,-2.861160474955E-6));
#922=VECTOR('',#921,4.000020266202E0);
#923=CARTESIAN_POINT('',(-8.800020266186E0,0.E0,-3.249988555300E0));
#924=LINE('',#923,#922);
#925=CARTESIAN_POINT('',(-8.800031710693E0,0.E0,0.E0));
#926=DIRECTION('',(-1.E0,0.E0,0.E0));
#927=DIRECTION('',(0.E0,0.E0,-1.E0));
#928=AXIS2_PLACEMENT_3D('',#925,#926,#927);
#930=DIRECTION('',(-7.071298488123E-1,-3.120202487288E-10,7.070837128083E-1));
#931=VECTOR('',#930,4.242452025921E-1);
#932=CARTESIAN_POINT('',(-8.800020266186E0,-6.246918784480E-9,
3.249988555300E0));
#933=LINE('',#932,#931);
#934=CARTESIAN_POINT('',(-9.1E0,0.E0,0.E0));
#935=DIRECTION('',(1.E0,0.E0,0.E0));
#936=DIRECTION('',(0.E0,0.E0,1.E0));
#937=AXIS2_PLACEMENT_3D('',#934,#935,#936);
#939=CARTESIAN_POINT('',(-9.1E0,0.E0,0.E0));
#940=DIRECTION('',(1.E0,0.E0,0.E0));
#941=DIRECTION('',(0.E0,-1.725680375236E-2,9.998510902751E-1));
#942=AXIS2_PLACEMENT_3D('',#939,#940,#941);
#944=CARTESIAN_POINT('',(-9.1E0,0.E0,0.E0));
#945=DIRECTION('',(1.E0,0.E0,0.E0));
#946=DIRECTION('',(0.E0,0.E0,-1.E0));
#947=AXIS2_PLACEMENT_3D('',#944,#945,#946);
#949=CARTESIAN_POINT('',(-9.1E0,0.E0,0.E0));
#950=DIRECTION('',(1.E0,0.E0,0.E0));
#951=DIRECTION('',(0.E0,1.725680375236E-2,-9.998510902751E-1));
#952=AXIS2_PLACEMENT_3D('',#949,#950,#951);
#954=CARTESIAN_POINT('',(-9.100025068231E0,0.E0,0.E0));
#955=DIRECTION('',(-1.E0,0.E0,0.E0));
#956=DIRECTION('',(0.E0,0.E0,-1.E0));
#957=AXIS2_PLACEMENT_3D('',#954,#955,#956);
#959=CARTESIAN_POINT('',(-9.100025068231E0,0.E0,0.E0));
#960=DIRECTION('',(-1.E0,0.E0,0.E0));
#961=DIRECTION('',(0.E0,0.E0,1.E0));
#962=AXIS2_PLACEMENT_3D('',#959,#960,#961);
#964=CARTESIAN_POINT('',(-9.4E0,0.E0,0.E0));
#965=DIRECTION('',(1.E0,0.E0,0.E0));
#966=DIRECTION('',(0.E0,4.795513871487E-10,1.E0));
#967=AXIS2_PLACEMENT_3D('',#964,#965,#966);
#969=CARTESIAN_POINT('',(-9.4E0,-1.277630778951E-12,5.15E0));
#970=DIRECTION('',(0.E0,-1.E0,-2.480862737464E-13));
#971=DIRECTION('',(9.999999999997E-1,0.E0,-7.650533273562E-7));
#972=AXIS2_PLACEMENT_3D('',#969,#970,#971);
#974=DIRECTION('',(9.999999999939E-1,1.038581292103E-13,-3.490043035031E-6));
#975=VECTOR('',#974,6.500029193958E0);
#976=CARTESIAN_POINT('',(-1.590002919392E1,0.E0,-5.449977314618E0));
#977=LINE('',#976,#975);
#978=CARTESIAN_POINT('',(-1.670018979534E1,1.509903313490E-14,0.E0));
#979=DIRECTION('',(1.E0,0.E0,0.E0));
#980=DIRECTION('',(0.E0,4.795505145524E-10,1.E0));
#981=AXIS2_PLACEMENT_3D('',#978,#979,#980);
#983=CARTESIAN_POINT('',(-1.590003628303E1,1.509903313490E-14,0.E0));
#984=DIRECTION('',(-1.E0,0.E0,0.E0));
#985=DIRECTION('',(0.E0,0.E0,-1.E0));
#986=AXIS2_PLACEMENT_3D('',#983,#984,#985);
#988=DIRECTION('',(-9.544893176500E-1,2.145491211098E-10,2.982451047245E-1));
#989=VECTOR('',#988,8.383127884468E-1);
#990=CARTESIAN_POINT('',(-1.590002919392E1,3.920325965194E-9,5.449977314618E0));
#991=LINE('',#990,#989);
#992=DIRECTION('',(1.E0,0.E0,-1.793116536383E-13));
#993=VECTOR('',#992,3.199810204660E0);
#994=CARTESIAN_POINT('',(-1.99E1,0.E0,-5.7E0));
#995=LINE('',#994,#993);
#996=DIRECTION('',(1.E0,7.118807638015E-10,1.793116536383E-13));
#997=VECTOR('',#996,3.199810204660E0);
#998=CARTESIAN_POINT('',(-1.99E1,1.822301904657E-9,5.7E0));
#999=LINE('',#998,#997);
#1000=CARTESIAN_POINT('',(-1.670018979534E1,-1.398881011028E-14,0.E0));
#1001=DIRECTION('',(1.E0,0.E0,0.E0));
#1002=DIRECTION('',(0.E0,0.E0,-1.E0));
#1003=AXIS2_PLACEMENT_3D('',#1000,#1001,#1002);
#1005=CARTESIAN_POINT('',(-1.590003628303E1,-1.398881011028E-14,0.E0));
#1006=DIRECTION('',(-1.E0,0.E0,0.E0));
#1007=DIRECTION('',(0.E0,4.795539539029E-10,1.E0));
#1008=AXIS2_PLACEMENT_3D('',#1005,#1006,#1007);
#1010=DIRECTION('',(-9.544893176500E-1,0.E0,-2.982451047245E-1));
#1011=VECTOR('',#1010,8.383127884468E-1);
#1012=CARTESIAN_POINT('',(-1.590002919392E1,0.E0,-5.449977314618E0));
#1013=LINE('',#1012,#1011);
#1014=DIRECTION('',(9.999999999939E-1,-4.021865454665E-10,3.490043035031E-6));
#1015=VECTOR('',#1014,6.500029193958E0);
#1016=CARTESIAN_POINT('',(-1.590002919392E1,3.920325965194E-9,
5.449977314618E0));
#1017=LINE('',#1016,#1015);
#1018=CARTESIAN_POINT('',(-9.4E0,0.E0,0.E0));
#1019=DIRECTION('',(1.E0,0.E0,0.E0));
#1020=DIRECTION('',(0.E0,0.E0,-1.E0));
#1021=AXIS2_PLACEMENT_3D('',#1018,#1019,#1020);
#1023=CARTESIAN_POINT('',(-9.4E0,1.277630778951E-12,-5.15E0));
#1024=DIRECTION('',(0.E0,1.E0,2.480862737464E-13));
#1025=DIRECTION('',(9.999999999997E-1,0.E0,7.650533273562E-7));
#1026=AXIS2_PLACEMENT_3D('',#1023,#1024,#1025);
#1028=CARTESIAN_POINT('',(-1.99E1,0.E0,0.E0));
#1029=DIRECTION('',(1.E0,0.E0,0.E0));
#1030=DIRECTION('',(0.E0,0.E0,-1.E0));
#1031=AXIS2_PLACEMENT_3D('',#1028,#1029,#1030);
#1033=CARTESIAN_POINT('',(-1.99E1,0.E0,0.E0));
#1034=DIRECTION('',(1.E0,0.E0,0.E0));
#1035=DIRECTION('',(0.E0,1.401936217655E-2,-9.999017239130E-1));
#1036=AXIS2_PLACEMENT_3D('',#1033,#1034,#1035);
#1038=CARTESIAN_POINT('',(-1.99E1,0.E0,0.E0));
#1039=DIRECTION('',(1.E0,0.E0,0.E0));
#1040=DIRECTION('',(0.E0,0.E0,1.E0));
#1041=AXIS2_PLACEMENT_3D('',#1038,#1039,#1040);
#1043=CARTESIAN_POINT('',(-1.99E1,0.E0,0.E0));
#1044=DIRECTION('',(1.E0,0.E0,0.E0));
#1045=DIRECTION('',(0.E0,-1.401936217655E-2,9.999017239130E-1));
#1046=AXIS2_PLACEMENT_3D('',#1043,#1044,#1045);
#1048=CARTESIAN_POINT('',(-1.99E1,0.E0,0.E0));
#1049=DIRECTION('',(-1.E0,0.E0,0.E0));
#1050=DIRECTION('',(0.E0,0.E0,1.E0));
#1051=AXIS2_PLACEMENT_3D('',#1048,#1049,#1050);
#1053=CARTESIAN_POINT('',(-1.99E1,0.E0,0.E0));
#1054=DIRECTION('',(-1.E0,0.E0,0.E0));
#1055=DIRECTION('',(0.E0,0.E0,-1.E0));
#1056=AXIS2_PLACEMENT_3D('',#1053,#1054,#1055);
#1058=CARTESIAN_POINT('',(-1.97E1,0.E0,0.E0));
#1059=DIRECTION('',(1.E0,0.E0,0.E0));
#1060=DIRECTION('',(0.E0,0.E0,-1.E0));
#1061=AXIS2_PLACEMENT_3D('',#1058,#1059,#1060);
#1063=CARTESIAN_POINT('',(-1.97E1,0.E0,6.2E0));
#1064=DIRECTION('',(0.E0,-1.E0,0.E0));
#1065=DIRECTION('',(0.E0,0.E0,1.E0));
#1066=AXIS2_PLACEMENT_3D('',#1063,#1064,#1065);
#1068=CARTESIAN_POINT('',(-1.97E1,0.E0,0.E0));
#1069=DIRECTION('',(1.E0,0.E0,0.E0));
#1070=DIRECTION('',(0.E0,-9.732781587754E-12,1.E0));
#1071=AXIS2_PLACEMENT_3D('',#1068,#1069,#1070);
#1073=CARTESIAN_POINT('',(-1.97E1,0.E0,-6.2E0));
#1074=DIRECTION('',(0.E0,1.E0,0.E0));
#1075=DIRECTION('',(0.E0,0.E0,-1.E0));
#1076=AXIS2_PLACEMENT_3D('',#1073,#1074,#1075);
#1078=DIRECTION('',(1.E0,0.E0,0.E0));
#1079=VECTOR('',#1078,1.8E0);
#1080=CARTESIAN_POINT('',(-1.97E1,-3.114488373358E-11,6.4E0));
#1081=LINE('',#1080,#1079);
#1082=DIRECTION('',(1.E0,0.E0,0.E0));
#1083=VECTOR('',#1082,1.8E0);
#1084=CARTESIAN_POINT('',(-1.97E1,0.E0,-6.4E0));
#1085=LINE('',#1084,#1083);
#1086=CARTESIAN_POINT('',(-1.79E1,0.E0,0.E0));
#1087=DIRECTION('',(-1.E0,0.E0,0.E0));
#1088=DIRECTION('',(0.E0,-9.732781587754E-12,1.E0));
#1089=AXIS2_PLACEMENT_3D('',#1086,#1087,#1088);
#1091=DIRECTION('',(9.486832980505E-1,0.E0,-3.162277660168E-1));
#1092=VECTOR('',#1091,1.264911064067E0);
#1093=CARTESIAN_POINT('',(-1.79E1,0.E0,-6.4E0));
#1094=LINE('',#1093,#1092);
#1095=CARTESIAN_POINT('',(-1.67E1,0.E0,0.E0));
#1096=DIRECTION('',(1.E0,0.E0,0.E0));
#1097=DIRECTION('',(0.E0,0.E0,-1.E0));
#1098=AXIS2_PLACEMENT_3D('',#1095,#1096,#1097);
#1100=DIRECTION('',(9.486832980505E-1,2.462189641514E-11,3.162277660168E-1));
#1101=VECTOR('',#1100,1.264911064067E0);
#1102=CARTESIAN_POINT('',(-1.79E1,-3.114450919384E-11,6.4E0));
#1103=LINE('',#1102,#1101);
#1104=CARTESIAN_POINT('',(-1.67E1,0.E0,0.E0));
#1105=DIRECTION('',(1.E0,0.E0,0.E0));
#1106=DIRECTION('',(0.E0,0.E0,1.E0));
#1107=AXIS2_PLACEMENT_3D('',#1104,#1105,#1106);
#1109=CARTESIAN_POINT('',(-1.79E1,0.E0,0.E0));
#1110=DIRECTION('',(-1.E0,0.E0,0.E0));
#1111=DIRECTION('',(0.E0,0.E0,-1.E0));
#1112=AXIS2_PLACEMENT_3D('',#1109,#1110,#1111);
#1114=DIRECTION('',(1.E0,0.E0,0.E0));
#1115=VECTOR('',#1114,8.E-1);
#1116=CARTESIAN_POINT('',(-1.67E1,0.E0,6.8E0));
#1117=LINE('',#1116,#1115);
#1118=DIRECTION('',(1.E0,0.E0,0.E0));
#1119=VECTOR('',#1118,8.E-1);
#1120=CARTESIAN_POINT('',(-1.67E1,0.E0,-6.8E0));
#1121=LINE('',#1120,#1119);
#1122=CARTESIAN_POINT('',(-1.59E1,0.E0,0.E0));
#1123=DIRECTION('',(-1.E0,0.E0,0.E0));
#1124=DIRECTION('',(0.E0,0.E0,-1.E0));
#1125=AXIS2_PLACEMENT_3D('',#1122,#1123,#1124);
#1127=CARTESIAN_POINT('',(-1.59E1,0.E0,0.E0));
#1128=DIRECTION('',(-1.E0,0.E0,0.E0));
#1129=DIRECTION('',(0.E0,0.E0,1.E0));
#1130=AXIS2_PLACEMENT_3D('',#1127,#1128,#1129);
#1132=CARTESIAN_POINT('',(-1.59E1,0.E0,0.E0));
#1133=DIRECTION('',(1.E0,0.E0,0.E0));
#1134=DIRECTION('',(0.E0,0.E0,-1.E0));
#1135=AXIS2_PLACEMENT_3D('',#1132,#1133,#1134);
#1137=CARTESIAN_POINT('',(-1.59E1,0.E0,0.E0));
#1138=DIRECTION('',(1.E0,0.E0,0.E0));
#1139=DIRECTION('',(0.E0,0.E0,1.E0));
#1140=AXIS2_PLACEMENT_3D('',#1137,#1138,#1139);
#1142=DIRECTION('',(1.E0,0.E0,0.E0));
#1143=VECTOR('',#1142,2.2E0);
#1144=CARTESIAN_POINT('',(-1.59E1,0.E0,-6.35E0));
#1145=LINE('',#1144,#1143);
#1146=DIRECTION('',(1.E0,0.E0,0.E0));
#1147=VECTOR('',#1146,2.2E0);
#1148=CARTESIAN_POINT('',(-1.59E1,0.E0,6.35E0));
#1149=LINE('',#1148,#1147);
#1150=CARTESIAN_POINT('',(-1.37E1,0.E0,0.E0));
#1151=DIRECTION('',(1.E0,0.E0,0.E0));
#1152=DIRECTION('',(0.E0,0.E0,-1.E0));
#1153=AXIS2_PLACEMENT_3D('',#1150,#1151,#1152);
#1155=CARTESIAN_POINT('',(-1.37E1,0.E0,0.E0));
#1156=DIRECTION('',(1.E0,0.E0,0.E0));
#1157=DIRECTION('',(0.E0,0.E0,1.E0));
#1158=AXIS2_PLACEMENT_3D('',#1155,#1156,#1157);
#1160=CARTESIAN_POINT('',(-1.37E1,0.E0,0.E0));
#1161=DIRECTION('',(-1.E0,0.E0,0.E0));
#1162=DIRECTION('',(0.E0,0.E0,-1.E0));
#1163=AXIS2_PLACEMENT_3D('',#1160,#1161,#1162);
#1165=CARTESIAN_POINT('',(-1.37E1,0.E0,0.E0));
#1166=DIRECTION('',(-1.E0,0.E0,0.E0));
#1167=DIRECTION('',(0.E0,0.E0,1.E0));
#1168=AXIS2_PLACEMENT_3D('',#1165,#1166,#1167);
#1170=DIRECTION('',(1.E0,2.030655284082E-10,0.E0));
#1171=VECTOR('',#1170,8.566018907700E-1);
#1172=CARTESIAN_POINT('',(-1.37E1,0.E0,-7.7E0));
#1173=LINE('',#1172,#1171);
#1174=CARTESIAN_POINT('',(-1.284339811321E1,0.E0,0.E0));
#1175=DIRECTION('',(-1.E0,0.E0,0.E0));
#1176=DIRECTION('',(0.E0,-7.595150135235E-13,1.E0));
#1177=AXIS2_PLACEMENT_3D('',#1174,#1175,#1176);
#1179=CARTESIAN_POINT('',(-1.257839862174E1,0.E0,0.E0));
#1180=DIRECTION('',(1.E0,0.E0,0.E0));
#1181=DIRECTION('',(0.E0,0.E0,-1.E0));
#1182=AXIS2_PLACEMENT_3D('',#1179,#1180,#1181);
#1184=CARTESIAN_POINT('',(-1.257839862174E1,0.E0,0.E0));
#1185=DIRECTION('',(1.E0,0.E0,0.E0));
#1186=DIRECTION('',(0.E0,1.221453379142E-2,-9.999253997995E-1));
#1187=AXIS2_PLACEMENT_3D('',#1184,#1185,#1186);
#1189=CARTESIAN_POINT('',(-1.284339811321E1,-3.253037145212E-10,7.2E0));
#1190=DIRECTION('',(0.E0,-1.E0,-4.518107069029E-11));
#1191=DIRECTION('',(5.299989829371E-1,-3.831347010613E-11,8.479982771714E-1));
#1192=AXIS2_PLACEMENT_3D('',#1189,#1190,#1191);
#1194=CARTESIAN_POINT('',(-1.284339811321E1,0.E0,0.E0));
#1195=DIRECTION('',(-1.E0,0.E0,0.E0));
#1196=DIRECTION('',(0.E0,0.E0,-1.E0));
#1197=AXIS2_PLACEMENT_3D('',#1194,#1195,#1196);
#1199=CARTESIAN_POINT('',(-1.257839862174E1,0.E0,0.E0));
#1200=DIRECTION('',(1.E0,0.E0,0.E0));
#1201=DIRECTION('',(0.E0,-9.529388729643E-12,1.E0));
#1202=AXIS2_PLACEMENT_3D('',#1199,#1200,#1201);
#1204=CARTESIAN_POINT('',(-1.257839862174E1,0.E0,0.E0));
#1205=DIRECTION('',(1.E0,0.E0,0.E0));
#1206=DIRECTION('',(0.E0,-1.221453379142E-2,9.999253997995E-1));
#1207=AXIS2_PLACEMENT_3D('',#1204,#1205,#1206);
#1209=CARTESIAN_POINT('',(-1.284339811321E1,3.252996066960E-10,-7.2E0));
#1210=DIRECTION('',(0.E0,1.E0,4.518049996627E-11));
#1211=DIRECTION('',(5.299989829371E-1,3.831298613314E-11,-8.479982771714E-1));
#1212=AXIS2_PLACEMENT_3D('',#1209,#1210,#1211);
#1214=DIRECTION('',(1.E0,-2.019291097589E-10,0.E0));
#1215=VECTOR('',#1214,8.566018907700E-1);
#1216=CARTESIAN_POINT('',(-1.37E1,-3.898843736087E-12,7.7E0));
#1217=LINE('',#1216,#1215);
#1218=DIRECTION('',(8.479983040058E-1,2.650106541928E-10,-5.299989400020E-1));
#1219=VECTOR('',#1218,1.042262105354E0);
#1220=CARTESIAN_POINT('',(-1.257839862174E1,-2.085566929611E-10,
7.623999138586E0));
#1221=LINE('',#1220,#1219);
#1222=CARTESIAN_POINT('',(-1.169456212407E1,0.E0,0.E0));
#1223=DIRECTION('',(-1.E0,0.E0,0.E0));
#1224=DIRECTION('',(0.E0,0.E0,-1.E0));
#1225=AXIS2_PLACEMENT_3D('',#1222,#1223,#1224);
#1227=CARTESIAN_POINT('',(-1.169456212407E1,0.E0,0.E0));
#1228=DIRECTION('',(-1.E0,0.E0,0.E0));
#1229=DIRECTION('',(0.E0,-1.183926600242E-2,-9.999299134342E-1));
#1230=AXIS2_PLACEMENT_3D('',#1227,#1228,#1229);
#1232=CARTESIAN_POINT('',(-1.127056301887E1,0.E0,0.E0));
#1233=DIRECTION('',(1.E0,0.E0,0.E0));
#1234=DIRECTION('',(0.E0,-1.529565703404E-12,1.E0));
#1235=AXIS2_PLACEMENT_3D('',#1232,#1233,#1234);
#1237=CARTESIAN_POINT('',(-1.127056301887E1,0.E0,0.E0));
#1238=DIRECTION('',(1.E0,0.E0,0.E0));
#1239=DIRECTION('',(0.E0,-1.183926600242E-2,-9.999299134342E-1));
#1240=AXIS2_PLACEMENT_3D('',#1237,#1238,#1239);
#1242=CARTESIAN_POINT('',(-1.127056301887E1,-2.221396955271E-10,-7.75E0));
#1243=DIRECTION('',(0.E0,-1.E0,2.866318814243E-11));
#1244=DIRECTION('',(0.E0,2.866318814243E-11,1.E0));
#1245=AXIS2_PLACEMENT_3D('',#1242,#1243,#1244);
#1247=CARTESIAN_POINT('',(-1.169456212407E1,0.E0,0.E0));
#1248=DIRECTION('',(-1.E0,0.E0,0.E0));
#1249=DIRECTION('',(0.E0,-9.529388729643E-12,1.E0));
#1250=AXIS2_PLACEMENT_3D('',#1247,#1248,#1249);
#1252=CARTESIAN_POINT('',(-1.169456212407E1,0.E0,0.E0));
#1253=DIRECTION('',(-1.E0,0.E0,0.E0));
#1254=DIRECTION('',(0.E0,1.183926600242E-2,9.999299134342E-1));
#1255=AXIS2_PLACEMENT_3D('',#1252,#1253,#1254);
#1257=CARTESIAN_POINT('',(-1.127056301887E1,0.E0,0.E0));
#1258=DIRECTION('',(1.E0,0.E0,0.E0));
#1259=DIRECTION('',(0.E0,0.E0,-1.E0));
#1260=AXIS2_PLACEMENT_3D('',#1257,#1258,#1259);
#1262=CARTESIAN_POINT('',(-1.127056301887E1,0.E0,0.E0));
#1263=DIRECTION('',(1.E0,0.E0,0.E0));
#1264=DIRECTION('',(0.E0,1.183926600242E-2,9.999299134342E-1));
#1265=AXIS2_PLACEMENT_3D('',#1262,#1263,#1264);
#1267=CARTESIAN_POINT('',(-1.127056301887E1,2.221396955271E-10,7.75E0));
#1268=DIRECTION('',(0.E0,1.E0,-2.866318814243E-11));
#1269=DIRECTION('',(0.E0,-2.866318814243E-11,-1.E0));
#1270=AXIS2_PLACEMENT_3D('',#1267,#1268,#1269);
#1272=DIRECTION('',(8.479983040058E-1,-2.624843617793E-10,5.299989400020E-1));
#1273=VECTOR('',#1272,1.042262105354E0);
#1274=CARTESIAN_POINT('',(-1.257839862174E1,1.722300481265E-10,
-7.623999138586E0));
#1275=LINE('',#1274,#1273);
#1276=DIRECTION('',(1.E0,5.131948870268E-11,0.E0));
#1277=VECTOR('',#1276,2.365590390907E0);
#1278=CARTESIAN_POINT('',(-1.127056301887E1,-9.960470413499E-11,-6.95E0));
#1279=LINE('',#1278,#1277);
#1280=CARTESIAN_POINT('',(-8.904972690940E0,0.E0,0.E0));
#1281=DIRECTION('',(-1.E0,0.E0,0.E0));
#1282=DIRECTION('',(0.E0,-1.529565703404E-12,1.E0));
#1283=AXIS2_PLACEMENT_3D('',#1280,#1281,#1282);
#1285=CARTESIAN_POINT('',(-8.046964393309E0,0.E0,0.E0));
#1286=DIRECTION('',(1.E0,0.E0,0.E0));
#1287=DIRECTION('',(0.E0,0.E0,-1.E0));
#1288=AXIS2_PLACEMENT_3D('',#1285,#1286,#1287);
#1290=CARTESIAN_POINT('',(-8.046964393309E0,0.E0,0.E0));
#1291=DIRECTION('',(1.E0,0.E0,0.E0));
#1292=DIRECTION('',(0.E0,1.353257239971E-2,-9.999084305496E-1));
#1293=AXIS2_PLACEMENT_3D('',#1290,#1291,#1292);
#1295=CARTESIAN_POINT('',(-8.904972690940E0,-3.606764886754E-11,5.75E0));
#1296=DIRECTION('',(0.E0,-1.E0,-6.272636923765E-12));
#1297=DIRECTION('',(7.150069146924E-1,-4.385309495979E-12,6.991173806608E-1));
#1298=AXIS2_PLACEMENT_3D('',#1295,#1296,#1297);
#1300=CARTESIAN_POINT('',(-8.904972690940E0,0.E0,0.E0));
#1301=DIRECTION('',(-1.E0,0.E0,0.E0));
#1302=DIRECTION('',(0.E0,0.E0,-1.E0));
#1303=AXIS2_PLACEMENT_3D('',#1300,#1301,#1302);
#1305=CARTESIAN_POINT('',(-8.046964393309E0,0.E0,0.E0));
#1306=DIRECTION('',(1.E0,0.E0,0.E0));
#1307=DIRECTION('',(0.E0,-2.193923161339E-12,1.E0));
#1308=AXIS2_PLACEMENT_3D('',#1305,#1306,#1307);
#1310=CARTESIAN_POINT('',(-8.046964393309E0,0.E0,0.E0));
#1311=DIRECTION('',(1.E0,0.E0,0.E0));
#1312=DIRECTION('',(0.E0,-1.353257239971E-2,9.999084305496E-1));
#1313=AXIS2_PLACEMENT_3D('',#1310,#1311,#1312);
#1315=CARTESIAN_POINT('',(-8.904972690940E0,3.606440146520E-11,-5.75E0));
#1316=DIRECTION('',(0.E0,1.E0,6.272071403912E-12));
#1317=DIRECTION('',(7.150069146924E-1,4.384914131220E-12,-6.991173806608E-1));
#1318=AXIS2_PLACEMENT_3D('',#1315,#1316,#1317);
#1320=DIRECTION('',(1.E0,-5.132023228433E-11,0.E0));
#1321=VECTOR('',#1320,2.365590390907E0);
#1322=CARTESIAN_POINT('',(-1.127056301887E1,9.428988888043E-11,6.95E0));
#1323=LINE('',#1322,#1321);
#1324=CARTESIAN_POINT('',(-8.800031710693E0,0.E0,0.E0));
#1325=DIRECTION('',(-1.E0,0.E0,0.E0));
#1326=DIRECTION('',(0.E0,-1.148774975486E-9,1.E0));
#1327=AXIS2_PLACEMENT_3D('',#1324,#1325,#1326);
#1329=DIRECTION('',(-7.071298488123E-1,0.E0,-7.070837128083E-1));
#1330=VECTOR('',#1329,4.242452025921E-1);
#1331=CARTESIAN_POINT('',(-8.800020266186E0,0.E0,-3.249988555300E0));
#1332=LINE('',#1331,#1330);
#1333=DIRECTION('',(9.999999999959E-1,9.394718245168E-10,2.861160474955E-6));
#1334=VECTOR('',#1333,4.000020266202E0);
#1335=CARTESIAN_POINT('',(-8.800020266186E0,-6.246918784480E-9,
3.249988555300E0));
#1336=LINE('',#1335,#1334);
#1337=DIRECTION('',(0.E0,0.E0,1.E0));
#1338=VECTOR('',#1337,2.55E0);
#1339=CARTESIAN_POINT('',(2.25E0,0.E0,-4.8E0));
#1340=LINE('',#1339,#1338);
#1341=CARTESIAN_POINT('',(2.25E0,0.E0,-2.25E0));
#1342=CARTESIAN_POINT('',(2.25E0,-6.763562925174E-2,-2.25E0));
#1343=CARTESIAN_POINT('',(2.243873069068E0,-2.036524693054E-1,
-2.243873069068E0));
#1344=CARTESIAN_POINT('',(2.216074455218E0,-4.072042208254E-1,
-2.216074455218E0));
#1345=CARTESIAN_POINT('',(2.168754757787E0,-6.115530173168E-1,
-2.168754757787E0));
#1346=CARTESIAN_POINT('',(2.100743523141E0,-8.156668540161E-1,
-2.100743523141E0));
#1347=CARTESIAN_POINT('',(2.010114262071E0,-1.019369649001E0,
-2.010114262071E0));
#1348=CARTESIAN_POINT('',(1.895057043005E0,-1.220650640710E0,
-1.895057043005E0));
#1349=CARTESIAN_POINT('',(1.752980309568E0,-1.417797534071E0,
-1.752980309568E0));
#1350=CARTESIAN_POINT('',(1.582350229392E0,-1.606628932032E0,
-1.582350229392E0));
#1351=CARTESIAN_POINT('',(1.381849034261E0,-1.782646047951E0,
-1.381849034261E0));
#1352=CARTESIAN_POINT('',(1.151279991341E0,-1.940120041152E0,
-1.151279991341E0));
#1353=CARTESIAN_POINT('',(8.928034495682E-1,-2.072326040682E0,
-8.928034495682E-1));
#1354=CARTESIAN_POINT('',(6.095248660102E-1,-2.172977864110E0,
-6.095248660102E-1));
#1355=CARTESIAN_POINT('',(3.094830116397E-1,-2.235669822365E0,
-3.094830116398E-1));
#1356=CARTESIAN_POINT('',(1.039777534271E-1,-2.25E0,-1.039777534271E-1));
#1357=CARTESIAN_POINT('',(2.485562052038E-14,-2.25E0,2.133066241720E-14));
#1359=CARTESIAN_POINT('',(-2.25E0,0.E0,-2.25E0));
#1360=CARTESIAN_POINT('',(-2.25E0,6.763639008652E-2,-2.25E0));
#1361=CARTESIAN_POINT('',(-2.243873073878E0,2.036550718592E-1,
-2.243873073878E0));
#1362=CARTESIAN_POINT('',(-2.216072518559E0,4.072151023169E-1,
-2.216072518559E0));
#1363=CARTESIAN_POINT('',(-2.168752092200E0,6.115634254422E-1,
-2.168752092200E0));
#1364=CARTESIAN_POINT('',(-2.100735096355E0,8.156887893339E-1,
-2.100735096355E0));
#1365=CARTESIAN_POINT('',(-2.010107162730E0,1.019383268587E0,
-2.010107162730E0));
#1366=CARTESIAN_POINT('',(-1.895046474022E0,1.220667529225E0,
-1.895046474022E0));
#1367=CARTESIAN_POINT('',(-1.752966326448E0,1.417814544918E0,
-1.752966326448E0));
#1368=CARTESIAN_POINT('',(-1.582338250591E0,1.606640864334E0,
-1.582338250591E0));
#1369=CARTESIAN_POINT('',(-1.381829485444E0,1.782661377619E0,
-1.381829485444E0));
#1370=CARTESIAN_POINT('',(-1.151257679095E0,1.940133819615E0,
-1.151257679095E0));
#1371=CARTESIAN_POINT('',(-8.927614838919E-1,2.072344892272E0,
-8.927614838919E-1));
#1372=CARTESIAN_POINT('',(-6.094746810013E-1,2.172992011653E0,
-6.094746810013E-1));
#1373=CARTESIAN_POINT('',(-3.094370709900E-1,2.235675207273E0,
-3.094370709899E-1));
#1374=CARTESIAN_POINT('',(-1.039592784036E-1,2.25E0,-1.039592784037E-1));
#1375=CARTESIAN_POINT('',(3.873139810185E-14,2.25E0,-4.209283809086E-14));
#1377=DIRECTION('',(0.E0,0.E0,1.E0));
#1378=VECTOR('',#1377,2.55E0);
#1379=CARTESIAN_POINT('',(-2.25E0,0.E0,-4.8E0));
#1380=LINE('',#1379,#1378);
#1381=CARTESIAN_POINT('',(0.E0,0.E0,-4.8E0));
#1382=DIRECTION('',(0.E0,0.E0,1.E0));
#1383=DIRECTION('',(-1.E0,0.E0,0.E0));
#1384=AXIS2_PLACEMENT_3D('',#1381,#1382,#1383);
#1386=CARTESIAN_POINT('',(0.E0,0.E0,-4.8E0));
#1387=DIRECTION('',(0.E0,0.E0,1.E0));
#1388=DIRECTION('',(1.E0,0.E0,0.E0));
#1389=AXIS2_PLACEMENT_3D('',#1386,#1387,#1388);
#1391=CARTESIAN_POINT('',(0.E0,0.E0,-4.8E0));
#1392=DIRECTION('',(0.E0,0.E0,-1.E0));
#1393=DIRECTION('',(-1.E0,0.E0,0.E0));
#1394=AXIS2_PLACEMENT_3D('',#1391,#1392,#1393);
#1396=CARTESIAN_POINT('',(0.E0,0.E0,-4.8E0));
#1397=DIRECTION('',(0.E0,0.E0,-1.E0));
#1398=DIRECTION('',(1.E0,0.E0,0.E0));
#1399=AXIS2_PLACEMENT_3D('',#1396,#1397,#1398);
#1401=DIRECTION('',(2.861160475288E-6,9.394717498908E-10,9.999999999959E-1));
#1402=VECTOR('',#1401,4.000020266202E0);
#1403=CARTESIAN_POINT('',(3.249988555300E0,-6.246918485974E-9,
-8.800020266186E0));
#1404=LINE('',#1403,#1402);
#1405=CARTESIAN_POINT('',(0.E0,0.E0,-8.800031710693E0));
#1406=DIRECTION('',(0.E0,0.E0,-1.E0));
#1407=DIRECTION('',(1.E0,-1.148774975486E-9,0.E0));
#1408=AXIS2_PLACEMENT_3D('',#1405,#1406,#1407);
#1410=CARTESIAN_POINT('',(0.E0,0.E0,-8.800031710693E0));
#1411=DIRECTION('',(0.E0,0.E0,-1.E0));
#1412=DIRECTION('',(0.E0,-1.E0,0.E0));
#1413=AXIS2_PLACEMENT_3D('',#1410,#1411,#1412);
#1415=DIRECTION('',(-7.070837128083E-1,4.712209415875E-9,-7.071298488123E-1));
#1416=VECTOR('',#1415,4.242452025921E-1);
#1417=CARTESIAN_POINT('',(-3.249988555300E0,4.380159349814E-9,
-8.800020266186E0));
#1418=LINE('',#1417,#1416);
#1419=CARTESIAN_POINT('',(0.E0,0.E0,-9.1E0));
#1420=DIRECTION('',(0.E0,0.E0,1.E0));
#1421=DIRECTION('',(-1.E0,0.E0,0.E0));
#1422=AXIS2_PLACEMENT_3D('',#1419,#1420,#1421);
#1424=CARTESIAN_POINT('',(0.E0,0.E0,-9.1E0));
#1425=DIRECTION('',(0.E0,0.E0,1.E0));
#1426=DIRECTION('',(1.E0,0.E0,0.E0));
#1427=AXIS2_PLACEMENT_3D('',#1424,#1425,#1426);
#1429=CARTESIAN_POINT('',(0.E0,0.E0,-9.100025068231E0));
#1430=DIRECTION('',(0.E0,0.E0,-1.E0));
#1431=DIRECTION('',(1.E0,0.E0,0.E0));
#1432=AXIS2_PLACEMENT_3D('',#1429,#1430,#1431);
#1434=CARTESIAN_POINT('',(0.E0,0.E0,-9.100025068231E0));
#1435=DIRECTION('',(0.E0,0.E0,-1.E0));
#1436=DIRECTION('',(0.E0,-1.E0,0.E0));
#1437=AXIS2_PLACEMENT_3D('',#1434,#1435,#1436);
#1439=CARTESIAN_POINT('',(0.E0,0.E0,-9.100025068231E0));
#1440=DIRECTION('',(0.E0,0.E0,-1.E0));
#1441=DIRECTION('',(-1.E0,0.E0,0.E0));
#1442=AXIS2_PLACEMENT_3D('',#1439,#1440,#1441);
#1444=CARTESIAN_POINT('',(0.E0,0.E0,-9.100025068231E0));
#1445=DIRECTION('',(0.E0,0.E0,-1.E0));
#1446=DIRECTION('',(0.E0,1.E0,0.E0));
#1447=AXIS2_PLACEMENT_3D('',#1444,#1445,#1446);
#1449=CARTESIAN_POINT('',(0.E0,0.E0,-9.4E0));
#1450=DIRECTION('',(0.E0,0.E0,1.E0));
#1451=DIRECTION('',(-1.E0,0.E0,0.E0));
#1452=AXIS2_PLACEMENT_3D('',#1449,#1450,#1451);
#1454=CARTESIAN_POINT('',(0.E0,0.E0,-9.4E0));
#1455=DIRECTION('',(0.E0,0.E0,1.E0));
#1456=DIRECTION('',(-9.998747045444E-1,-1.582956765761E-2,0.E0));
#1457=AXIS2_PLACEMENT_3D('',#1454,#1455,#1456);
#1459=CARTESIAN_POINT('',(-5.15E0,-1.215361145057E-12,-9.4E0));
#1460=DIRECTION('',(2.359917816719E-13,-1.E0,0.E0));
#1461=DIRECTION('',(7.708133331619E-7,0.E0,9.999999999997E-1));
#1462=AXIS2_PLACEMENT_3D('',#1459,#1460,#1461);
#1464=DIRECTION('',(3.490043035305E-6,-4.019835914538E-10,9.999999999939E-1));
#1465=VECTOR('',#1464,6.500029193958E0);
#1466=CARTESIAN_POINT('',(5.449977314618E0,3.920325533137E-9,
-1.590002919392E1));
#1467=LINE('',#1466,#1465);
#1468=CARTESIAN_POINT('',(0.E0,-2.198241588758E-14,-1.670018979534E1));
#1469=DIRECTION('',(0.E0,0.E0,1.E0));
#1470=DIRECTION('',(-1.E0,0.E0,0.E0));
#1471=AXIS2_PLACEMENT_3D('',#1468,#1469,#1470);
#1473=CARTESIAN_POINT('',(0.E0,-2.198241588758E-14,-1.670018979534E1));
#1474=DIRECTION('',(0.E0,0.E0,1.E0));
#1475=DIRECTION('',(0.E0,-1.E0,0.E0));
#1476=AXIS2_PLACEMENT_3D('',#1473,#1474,#1475);
#1478=CARTESIAN_POINT('',(0.E0,-2.198241588758E-14,-1.590003628303E1));
#1479=DIRECTION('',(0.E0,0.E0,-1.E0));
#1480=DIRECTION('',(1.E0,4.795554206196E-10,0.E0));
#1481=AXIS2_PLACEMENT_3D('',#1478,#1479,#1480);
#1483=CARTESIAN_POINT('',(0.E0,-2.198241588758E-14,-1.590003628303E1));
#1484=DIRECTION('',(0.E0,0.E0,-1.E0));
#1485=DIRECTION('',(0.E0,-1.E0,0.E0));
#1486=AXIS2_PLACEMENT_3D('',#1483,#1484,#1485);
#1488=DIRECTION('',(-2.982451047245E-1,-1.430373217138E-10,-9.544893176500E-1));
#1489=VECTOR('',#1488,8.383127884468E-1);
#1490=CARTESIAN_POINT('',(-5.449977314618E0,-2.613547769451E-9,
-1.590002919392E1));
#1491=LINE('',#1490,#1489);
#1492=DIRECTION('',(1.795892258575E-13,7.118807051569E-10,1.E0));
#1493=VECTOR('',#1492,3.199810204660E0);
#1494=CARTESIAN_POINT('',(5.7E0,1.822301905302E-9,-1.99E1));
#1495=LINE('',#1494,#1493);
#1496=DIRECTION('',(-1.793116536383E-13,-8.542564064807E-10,1.E0));
#1497=VECTOR('',#1496,3.199810204660E0);
#1498=CARTESIAN_POINT('',(-5.7E0,0.E0,-1.99E1));
#1499=LINE('',#1498,#1497);
#1500=CARTESIAN_POINT('',(0.E0,0.E0,-1.670018979534E1));
#1501=DIRECTION('',(0.E0,0.E0,1.E0));
#1502=DIRECTION('',(1.E0,4.795531635056E-10,0.E0));
#1503=AXIS2_PLACEMENT_3D('',#1500,#1501,#1502);
#1505=CARTESIAN_POINT('',(0.E0,0.E0,-1.670018979534E1));
#1506=DIRECTION('',(0.E0,0.E0,1.E0));
#1507=DIRECTION('',(0.E0,1.E0,0.E0));
#1508=AXIS2_PLACEMENT_3D('',#1505,#1506,#1507);
#1510=CARTESIAN_POINT('',(0.E0,0.E0,-1.590003628303E1));
#1511=DIRECTION('',(0.E0,0.E0,-1.E0));
#1512=DIRECTION('',(-1.E0,0.E0,0.E0));
#1513=AXIS2_PLACEMENT_3D('',#1510,#1511,#1512);
#1515=CARTESIAN_POINT('',(0.E0,0.E0,-1.590003628303E1));
#1516=DIRECTION('',(0.E0,0.E0,-1.E0));
#1517=DIRECTION('',(0.E0,1.E0,0.E0));
#1518=AXIS2_PLACEMENT_3D('',#1515,#1516,#1517);
#1520=DIRECTION('',(2.982451047245E-1,2.145494134245E-10,-9.544893176500E-1));
#1521=VECTOR('',#1520,8.383127884468E-1);
#1522=CARTESIAN_POINT('',(5.449977314618E0,3.920325533137E-9,
-1.590002919392E1));
#1523=LINE('',#1522,#1521);
#1524=DIRECTION('',(-3.490043035305E-6,4.019836068400E-10,9.999999999939E-1));
#1525=VECTOR('',#1524,6.500029193958E0);
#1526=CARTESIAN_POINT('',(-5.449977314618E0,-2.613547769451E-9,
-1.590002919392E1));
#1527=LINE('',#1526,#1525);
#1528=CARTESIAN_POINT('',(0.E0,0.E0,-9.4E0));
#1529=DIRECTION('',(0.E0,0.E0,1.E0));
#1530=DIRECTION('',(1.E0,4.795513871487E-10,0.E0));
#1531=AXIS2_PLACEMENT_3D('',#1528,#1529,#1530);
#1533=CARTESIAN_POINT('',(0.E0,0.E0,-9.4E0));
#1534=DIRECTION('',(0.E0,0.E0,1.E0));
#1535=DIRECTION('',(9.998747045444E-1,1.582956765761E-2,0.E0));
#1536=AXIS2_PLACEMENT_3D('',#1533,#1534,#1535);
#1538=CARTESIAN_POINT('',(5.15E0,1.215361145057E-12,-9.4E0));
#1539=DIRECTION('',(-2.359917816719E-13,1.E0,0.E0));
#1540=DIRECTION('',(-7.708133331619E-7,0.E0,9.999999999997E-1));
#1541=AXIS2_PLACEMENT_3D('',#1538,#1539,#1540);
#1543=CARTESIAN_POINT('',(0.E0,0.E0,-1.99E1));
#1544=DIRECTION('',(0.E0,0.E0,1.E0));
#1545=DIRECTION('',(-1.E0,0.E0,0.E0));
#1546=AXIS2_PLACEMENT_3D('',#1543,#1544,#1545);
#1548=CARTESIAN_POINT('',(0.E0,0.E0,-1.99E1));
#1549=DIRECTION('',(0.E0,0.E0,1.E0));
#1550=DIRECTION('',(-9.998016842926E-1,-1.991461990016E-2,0.E0));
#1551=AXIS2_PLACEMENT_3D('',#1548,#1549,#1550);
#1553=CARTESIAN_POINT('',(0.E0,0.E0,-1.99E1));
#1554=DIRECTION('',(0.E0,0.E0,1.E0));
#1555=DIRECTION('',(1.E0,0.E0,0.E0));
#1556=AXIS2_PLACEMENT_3D('',#1553,#1554,#1555);
#1558=CARTESIAN_POINT('',(0.E0,0.E0,-1.99E1));
#1559=DIRECTION('',(0.E0,0.E0,1.E0));
#1560=DIRECTION('',(9.998016842926E-1,1.991461990016E-2,0.E0));
#1561=AXIS2_PLACEMENT_3D('',#1558,#1559,#1560);
#1563=CARTESIAN_POINT('',(0.E0,0.E0,-1.99E1));
#1564=DIRECTION('',(0.E0,0.E0,-1.E0));
#1565=DIRECTION('',(-1.E0,0.E0,0.E0));
#1566=AXIS2_PLACEMENT_3D('',#1563,#1564,#1565);
#1568=CARTESIAN_POINT('',(0.E0,0.E0,-1.99E1));
#1569=DIRECTION('',(0.E0,0.E0,-1.E0));
#1570=DIRECTION('',(1.E0,0.E0,0.E0));
#1571=AXIS2_PLACEMENT_3D('',#1568,#1569,#1570);
#1573=CARTESIAN_POINT('',(0.E0,0.E0,-1.97E1));
#1574=DIRECTION('',(0.E0,0.E0,1.E0));
#1575=DIRECTION('',(-1.E0,0.E0,0.E0));
#1576=AXIS2_PLACEMENT_3D('',#1573,#1574,#1575);
#1578=CARTESIAN_POINT('',(0.E0,0.E0,-1.97E1));
#1579=DIRECTION('',(0.E0,0.E0,1.E0));
#1580=DIRECTION('',(-9.998016842926E-1,-1.991461990016E-2,0.E0));
#1581=AXIS2_PLACEMENT_3D('',#1578,#1579,#1580);
#1583=CARTESIAN_POINT('',(6.2E0,0.E0,-1.97E1));
#1584=DIRECTION('',(0.E0,1.E0,0.E0));
#1585=DIRECTION('',(1.E0,0.E0,0.E0));
#1586=AXIS2_PLACEMENT_3D('',#1583,#1584,#1585);
#1588=CARTESIAN_POINT('',(0.E0,0.E0,-1.97E1));
#1589=DIRECTION('',(0.E0,0.E0,1.E0));
#1590=DIRECTION('',(1.E0,3.103816059016E-11,0.E0));
#1591=AXIS2_PLACEMENT_3D('',#1588,#1589,#1590);
#1593=CARTESIAN_POINT('',(0.E0,0.E0,-1.97E1));
#1594=DIRECTION('',(0.E0,0.E0,1.E0));
#1595=DIRECTION('',(9.998016842926E-1,1.991461990016E-2,0.E0));
#1596=AXIS2_PLACEMENT_3D('',#1593,#1594,#1595);
#1598=CARTESIAN_POINT('',(-6.2E0,0.E0,-1.97E1));
#1599=DIRECTION('',(0.E0,-1.E0,0.E0));
#1600=DIRECTION('',(-1.E0,0.E0,0.E0));
#1601=AXIS2_PLACEMENT_3D('',#1598,#1599,#1600);
#1603=DIRECTION('',(0.E0,0.E0,1.E0));
#1604=VECTOR('',#1603,1.8E0);
#1605=CARTESIAN_POINT('',(6.4E0,9.932225266639E-11,-1.97E1));
#1606=LINE('',#1605,#1604);
#1607=DIRECTION('',(0.E0,0.E0,1.E0));
#1608=VECTOR('',#1607,1.8E0);
#1609=CARTESIAN_POINT('',(-6.4E0,0.E0,-1.97E1));
#1610=LINE('',#1609,#1608);
#1611=CARTESIAN_POINT('',(0.E0,0.E0,-1.79E1));
#1612=DIRECTION('',(0.E0,0.E0,-1.E0));
#1613=DIRECTION('',(1.E0,3.103816059016E-11,0.E0));
#1614=AXIS2_PLACEMENT_3D('',#1611,#1612,#1613);
#1616=DIRECTION('',(-3.162277660168E-1,0.E0,9.486832980505E-1));
#1617=VECTOR('',#1616,1.264911064067E0);
#1618=CARTESIAN_POINT('',(-6.4E0,0.E0,-1.79E1));
#1619=LINE('',#1618,#1617);
#1620=CARTESIAN_POINT('',(0.E0,0.E0,-1.67E1));
#1621=DIRECTION('',(0.E0,0.E0,1.E0));
#1622=DIRECTION('',(-1.E0,0.E0,0.E0));
#1623=AXIS2_PLACEMENT_3D('',#1620,#1621,#1622);
#1625=DIRECTION('',(3.162277660168E-1,-7.852137401818E-11,9.486832980505E-1));
#1626=VECTOR('',#1625,1.264911064067E0);
#1627=CARTESIAN_POINT('',(6.4E0,9.932172200154E-11,-1.79E1));
#1628=LINE('',#1627,#1626);
#1629=CARTESIAN_POINT('',(0.E0,0.E0,-1.67E1));
#1630=DIRECTION('',(0.E0,0.E0,1.E0));
#1631=DIRECTION('',(1.E0,0.E0,0.E0));
#1632=AXIS2_PLACEMENT_3D('',#1629,#1630,#1631);
#1634=CARTESIAN_POINT('',(0.E0,0.E0,-1.79E1));
#1635=DIRECTION('',(0.E0,0.E0,-1.E0));
#1636=DIRECTION('',(-1.E0,0.E0,0.E0));
#1637=AXIS2_PLACEMENT_3D('',#1634,#1635,#1636);
#1639=DIRECTION('',(0.E0,0.E0,1.E0));
#1640=VECTOR('',#1639,8.E-1);
#1641=CARTESIAN_POINT('',(6.8E0,0.E0,-1.67E1));
#1642=LINE('',#1641,#1640);
#1643=DIRECTION('',(0.E0,0.E0,1.E0));
#1644=VECTOR('',#1643,8.E-1);
#1645=CARTESIAN_POINT('',(-6.8E0,0.E0,-1.67E1));
#1646=LINE('',#1645,#1644);
#1647=CARTESIAN_POINT('',(0.E0,0.E0,-1.59E1));
#1648=DIRECTION('',(0.E0,0.E0,-1.E0));
#1649=DIRECTION('',(-1.E0,0.E0,0.E0));
#1650=AXIS2_PLACEMENT_3D('',#1647,#1648,#1649);
#1652=CARTESIAN_POINT('',(0.E0,0.E0,-1.59E1));
#1653=DIRECTION('',(0.E0,0.E0,-1.E0));
#1654=DIRECTION('',(1.E0,0.E0,0.E0));
#1655=AXIS2_PLACEMENT_3D('',#1652,#1653,#1654);
#1657=CARTESIAN_POINT('',(0.E0,0.E0,-1.59E1));
#1658=DIRECTION('',(0.E0,0.E0,1.E0));
#1659=DIRECTION('',(-1.E0,0.E0,0.E0));
#1660=AXIS2_PLACEMENT_3D('',#1657,#1658,#1659);
#1662=CARTESIAN_POINT('',(0.E0,0.E0,-1.59E1));
#1663=DIRECTION('',(0.E0,0.E0,1.E0));
#1664=DIRECTION('',(1.E0,0.E0,0.E0));
#1665=AXIS2_PLACEMENT_3D('',#1662,#1663,#1664);
#1667=DIRECTION('',(0.E0,0.E0,1.E0));
#1668=VECTOR('',#1667,2.2E0);
#1669=CARTESIAN_POINT('',(-6.35E0,0.E0,-1.59E1));
#1670=LINE('',#1669,#1668);
#1671=DIRECTION('',(0.E0,0.E0,1.E0));
#1672=VECTOR('',#1671,2.2E0);
#1673=CARTESIAN_POINT('',(6.35E0,0.E0,-1.59E1));
#1674=LINE('',#1673,#1672);
#1675=CARTESIAN_POINT('',(0.E0,0.E0,-1.37E1));
#1676=DIRECTION('',(0.E0,0.E0,1.E0));
#1677=DIRECTION('',(-1.E0,0.E0,0.E0));
#1678=AXIS2_PLACEMENT_3D('',#1675,#1676,#1677);
#1680=CARTESIAN_POINT('',(0.E0,0.E0,-1.37E1));
#1681=DIRECTION('',(0.E0,0.E0,1.E0));
#1682=DIRECTION('',(1.E0,0.E0,0.E0));
#1683=AXIS2_PLACEMENT_3D('',#1680,#1681,#1682);
#1685=CARTESIAN_POINT('',(0.E0,0.E0,-1.37E1));
#1686=DIRECTION('',(0.E0,0.E0,-1.E0));
#1687=DIRECTION('',(-1.E0,0.E0,0.E0));
#1688=AXIS2_PLACEMENT_3D('',#1685,#1686,#1687);
#1690=CARTESIAN_POINT('',(0.E0,0.E0,-1.37E1));
#1691=DIRECTION('',(0.E0,0.E0,-1.E0));
#1692=DIRECTION('',(1.E0,0.E0,0.E0));
#1693=AXIS2_PLACEMENT_3D('',#1690,#1691,#1692);
#1695=DIRECTION('',(0.E0,-1.764289329291E-10,1.E0));
#1696=VECTOR('',#1695,8.566018907700E-1);
#1697=CARTESIAN_POINT('',(-7.7E0,0.E0,-1.37E1));
#1698=LINE('',#1697,#1696);
#1699=CARTESIAN_POINT('',(0.E0,0.E0,-1.284339811321E1));
#1700=DIRECTION('',(0.E0,0.E0,-1.E0));
#1701=DIRECTION('',(1.E0,-7.204351630567E-13,0.E0));
#1702=AXIS2_PLACEMENT_3D('',#1699,#1700,#1701);
#1704=CARTESIAN_POINT('',(0.E0,0.E0,-1.284339811321E1));
#1705=DIRECTION('',(0.E0,0.E0,-1.E0));
#1706=DIRECTION('',(-9.999372301054E-1,-1.120427816652E-2,0.E0));
#1707=AXIS2_PLACEMENT_3D('',#1704,#1705,#1706);
#1709=CARTESIAN_POINT('',(0.E0,0.E0,-1.257839862175E1));
#1710=DIRECTION('',(0.E0,0.E0,1.E0));
#1711=DIRECTION('',(-1.E0,-6.514022994761E-12,0.E0));
#1712=AXIS2_PLACEMENT_3D('',#1709,#1710,#1711);
#1714=CARTESIAN_POINT('',(0.E0,0.E0,-1.257839862175E1));
#1715=DIRECTION('',(0.E0,0.E0,1.E0));
#1716=DIRECTION('',(-9.999372301054E-1,-1.120427816652E-2,0.E0));
#1717=AXIS2_PLACEMENT_3D('',#1714,#1715,#1716);
#1719=CARTESIAN_POINT('',(7.2E0,2.826332223815E-10,-1.284339811321E1));
#1720=DIRECTION('',(-3.925461344867E-11,1.E0,0.E0));
#1721=DIRECTION('',(8.479982771821E-1,3.328784457592E-11,5.299989829200E-1));
#1722=AXIS2_PLACEMENT_3D('',#1719,#1720,#1721);
#1724=CARTESIAN_POINT('',(0.E0,0.E0,-1.284339811321E1));
#1725=DIRECTION('',(0.E0,0.E0,-1.E0));
#1726=DIRECTION('',(-1.E0,0.E0,0.E0));
#1727=AXIS2_PLACEMENT_3D('',#1724,#1725,#1726);
#1729=CARTESIAN_POINT('',(0.E0,0.E0,-1.284339811321E1));
#1730=DIRECTION('',(0.E0,0.E0,-1.E0));
#1731=DIRECTION('',(9.999372301054E-1,1.120427816651E-2,0.E0));
#1732=AXIS2_PLACEMENT_3D('',#1729,#1730,#1731);
#1734=CARTESIAN_POINT('',(0.E0,0.E0,-1.257839862175E1));
#1735=DIRECTION('',(0.E0,0.E0,1.E0));
#1736=DIRECTION('',(1.E0,0.E0,0.E0));
#1737=AXIS2_PLACEMENT_3D('',#1734,#1735,#1736);
#1739=CARTESIAN_POINT('',(0.E0,0.E0,-1.257839862175E1));
#1740=DIRECTION('',(0.E0,0.E0,1.E0));
#1741=DIRECTION('',(9.999372301054E-1,1.120427816651E-2,0.E0));
#1742=AXIS2_PLACEMENT_3D('',#1739,#1740,#1741);
#1744=CARTESIAN_POINT('',(-7.2E0,-2.826315570470E-10,-1.284339811321E1));
#1745=DIRECTION('',(3.925438273045E-11,-1.E0,0.E0));
#1746=DIRECTION('',(-8.479982771821E-1,-3.328764892726E-11,5.299989829200E-1));
#1747=AXIS2_PLACEMENT_3D('',#1744,#1745,#1746);
#1749=DIRECTION('',(0.E0,1.775100778643E-10,1.E0));
#1750=VECTOR('',#1749,8.566018907700E-1);
#1751=CARTESIAN_POINT('',(7.7E0,-3.698233837024E-12,-1.37E1));
#1752=LINE('',#1751,#1750);
#1753=DIRECTION('',(-5.299989400020E-1,-2.551603169999E-10,8.479983040058E-1));
#1754=VECTOR('',#1753,1.042262105367E0);
#1755=CARTESIAN_POINT('',(7.623999138592E0,1.496396775800E-10,
-1.257839862175E1));
#1756=LINE('',#1755,#1754);
#1757=CARTESIAN_POINT('',(0.E0,0.E0,-1.169456212407E1));
#1758=DIRECTION('',(0.E0,0.E0,-1.E0));
#1759=DIRECTION('',(-1.E0,-6.514022994761E-12,0.E0));
#1760=AXIS2_PLACEMENT_3D('',#1757,#1758,#1759);
#1762=CARTESIAN_POINT('',(0.E0,0.E0,-1.169456212407E1));
#1763=DIRECTION('',(0.E0,0.E0,-1.E0));
#1764=DIRECTION('',(-9.999167041671E-1,1.290677061309E-2,0.E0));
#1765=AXIS2_PLACEMENT_3D('',#1762,#1763,#1764);
#1767=CARTESIAN_POINT('',(0.E0,0.E0,-1.127056301887E1));
#1768=DIRECTION('',(0.E0,0.E0,1.E0));
#1769=DIRECTION('',(1.E0,-1.632594400089E-12,0.E0));
#1770=AXIS2_PLACEMENT_3D('',#1767,#1768,#1769);
#1772=CARTESIAN_POINT('',(0.E0,0.E0,-1.127056301887E1));
#1773=DIRECTION('',(0.E0,0.E0,1.E0));
#1774=DIRECTION('',(-9.999167041671E-1,1.290677061309E-2,0.E0));
#1775=AXIS2_PLACEMENT_3D('',#1772,#1773,#1774);
#1777=CARTESIAN_POINT('',(-7.75E0,2.549190719625E-10,-1.127056301887E1));
#1778=DIRECTION('',(3.289278398266E-11,1.E0,0.E0));
#1779=DIRECTION('',(1.E0,-3.289278398266E-11,0.E0));
#1780=AXIS2_PLACEMENT_3D('',#1777,#1778,#1779);
#1782=CARTESIAN_POINT('',(0.E0,0.E0,-1.169456212407E1));
#1783=DIRECTION('',(0.E0,0.E0,-1.E0));
#1784=DIRECTION('',(1.E0,0.E0,0.E0));
#1785=AXIS2_PLACEMENT_3D('',#1782,#1783,#1784);
#1787=CARTESIAN_POINT('',(0.E0,0.E0,-1.169456212407E1));
#1788=DIRECTION('',(0.E0,0.E0,-1.E0));
#1789=DIRECTION('',(9.999167041671E-1,-1.290677061309E-2,0.E0));
#1790=AXIS2_PLACEMENT_3D('',#1787,#1788,#1789);
#1792=CARTESIAN_POINT('',(0.E0,0.E0,-1.127056301887E1));
#1793=DIRECTION('',(0.E0,0.E0,1.E0));
#1794=DIRECTION('',(-1.E0,0.E0,0.E0));
#1795=AXIS2_PLACEMENT_3D('',#1792,#1793,#1794);
#1797=CARTESIAN_POINT('',(0.E0,0.E0,-1.127056301887E1));
#1798=DIRECTION('',(0.E0,0.E0,1.E0));
#1799=DIRECTION('',(9.999167041671E-1,-1.290677061309E-2,0.E0));
#1800=AXIS2_PLACEMENT_3D('',#1797,#1798,#1799);
#1802=CARTESIAN_POINT('',(7.75E0,-2.549259553453E-10,-1.127056301887E1));
#1803=DIRECTION('',(-3.289367216108E-11,-1.E0,0.E0));
#1804=DIRECTION('',(-1.E0,3.289367216108E-11,0.E0));
#1805=AXIS2_PLACEMENT_3D('',#1802,#1803,#1804);
#1807=DIRECTION('',(5.299989400020E-1,2.568831118327E-10,8.479983040058E-1));
#1808=VECTOR('',#1807,1.042262105367E0);
#1809=CARTESIAN_POINT('',(-7.623999138592E0,-1.744689739745E-10,
-1.257839862175E1));
#1810=LINE('',#1809,#1808);
#1811=DIRECTION('',(0.E0,-4.901262562529E-11,1.E0));
#1812=VECTOR('',#1811,2.365590391280E0);
#1813=CARTESIAN_POINT('',(-6.95E0,1.143033572678E-10,-1.127056301887E1));
#1814=LINE('',#1813,#1812);
#1815=CARTESIAN_POINT('',(0.E0,0.E0,-8.904972690940E0));
#1816=DIRECTION('',(0.E0,0.E0,-1.E0));
#1817=DIRECTION('',(1.E0,-1.632594400089E-12,0.E0));
#1818=AXIS2_PLACEMENT_3D('',#1815,#1816,#1817);
#1820=CARTESIAN_POINT('',(0.E0,0.E0,-8.904972690940E0));
#1821=DIRECTION('',(0.E0,0.E0,-1.E0));
#1822=DIRECTION('',(-9.999229518514E-1,-1.241331385047E-2,0.E0));
#1823=AXIS2_PLACEMENT_3D('',#1820,#1821,#1822);
#1825=CARTESIAN_POINT('',(0.E0,0.E0,-8.046964392048E0));
#1826=DIRECTION('',(0.E0,0.E0,1.E0));
#1827=DIRECTION('',(-1.E0,1.351685090104E-12,0.E0));
#1828=AXIS2_PLACEMENT_3D('',#1825,#1826,#1827);
#1830=CARTESIAN_POINT('',(0.E0,0.E0,-8.046964392048E0));
#1831=DIRECTION('',(0.E0,0.E0,1.E0));
#1832=DIRECTION('',(-9.999229518514E-1,-1.241331385047E-2,0.E0));
#1833=AXIS2_PLACEMENT_3D('',#1830,#1831,#1832);
#1835=CARTESIAN_POINT('',(5.75E0,2.717298608346E-12,-8.904972690940E0));
#1836=DIRECTION('',(-4.725733693256E-13,1.E0,0.E0));
#1837=DIRECTION('',(6.991173795863E-1,3.303842556252E-13,7.150069157430E-1));
#1838=AXIS2_PLACEMENT_3D('',#1835,#1836,#1837);
#1840=CARTESIAN_POINT('',(0.E0,0.E0,-8.904972690940E0));
#1841=DIRECTION('',(0.E0,0.E0,-1.E0));
#1842=DIRECTION('',(-1.E0,0.E0,0.E0));
#1843=AXIS2_PLACEMENT_3D('',#1840,#1841,#1842);
#1845=CARTESIAN_POINT('',(0.E0,0.E0,-8.904972690940E0));
#1846=DIRECTION('',(0.E0,0.E0,-1.E0));
#1847=DIRECTION('',(9.999229518514E-1,1.241331385047E-2,0.E0));
#1848=AXIS2_PLACEMENT_3D('',#1845,#1846,#1847);
#1850=CARTESIAN_POINT('',(0.E0,0.E0,-8.046964392048E0));
#1851=DIRECTION('',(0.E0,0.E0,1.E0));
#1852=DIRECTION('',(1.E0,0.E0,0.E0));
#1853=AXIS2_PLACEMENT_3D('',#1850,#1851,#1852);
#1855=CARTESIAN_POINT('',(0.E0,0.E0,-8.046964392048E0));
#1856=DIRECTION('',(0.E0,0.E0,1.E0));
#1857=DIRECTION('',(9.999229518514E-1,1.241331385047E-2,0.E0));
#1858=AXIS2_PLACEMENT_3D('',#1855,#1856,#1857);
#1860=CARTESIAN_POINT('',(-5.75E0,-2.717298608346E-12,-8.904972690940E0));
#1861=DIRECTION('',(4.725733693256E-13,-1.E0,0.E0));
#1862=DIRECTION('',(-6.991173795863E-1,-3.303842556252E-13,7.150069157430E-1));
#1863=AXIS2_PLACEMENT_3D('',#1860,#1861,#1862);
#1865=DIRECTION('',(0.E0,4.901339120640E-11,1.E0));
#1866=VECTOR('',#1865,2.365590391280E0);
#1867=CARTESIAN_POINT('',(6.95E0,-1.199780082946E-10,-1.127056301887E1));
#1868=LINE('',#1867,#1866);
#1869=CARTESIAN_POINT('',(0.E0,0.E0,-8.800031710693E0));
#1870=DIRECTION('',(0.E0,0.E0,-1.E0));
#1871=DIRECTION('',(-1.E0,0.E0,0.E0));
#1872=AXIS2_PLACEMENT_3D('',#1869,#1870,#1871);
#1874=CARTESIAN_POINT('',(0.E0,0.E0,-8.800031710693E0));
#1875=DIRECTION('',(0.E0,0.E0,-1.E0));
#1876=DIRECTION('',(0.E0,1.E0,0.E0));
#1877=AXIS2_PLACEMENT_3D('',#1874,#1875,#1876);
#1879=DIRECTION('',(7.070837128083E-1,-3.120202687637E-10,-7.071298488123E-1));
#1880=VECTOR('',#1879,4.242452025921E-1);
#1881=CARTESIAN_POINT('',(3.249988555300E0,-6.246918485974E-9,
-8.800020266186E0));
#1882=LINE('',#1881,#1880);
#1883=DIRECTION('',(-2.861160475288E-6,-1.095034222993E-9,9.999999999959E-1));
#1884=VECTOR('',#1883,4.000020266202E0);
#1885=CARTESIAN_POINT('',(-3.249988555300E0,4.380159349814E-9,
-8.800020266186E0));
#1886=LINE('',#1885,#1884);
#1887=DIRECTION('',(1.E0,0.E0,0.E0));
#1888=VECTOR('',#1887,2.55E0);
#1889=CARTESIAN_POINT('',(2.25E0,0.E0,-2.25E0));
#1890=LINE('',#1889,#1888);
#1891=CARTESIAN_POINT('',(2.25E0,0.E0,2.25E0));
#1892=CARTESIAN_POINT('',(2.25E0,-6.764186972852E-2,2.25E0));
#1893=CARTESIAN_POINT('',(2.243872830696E0,-2.036691919045E-1,
2.243872830696E0));
#1894=CARTESIAN_POINT('',(2.216064052820E0,-4.072600091217E-1,
2.216064052820E0));
#1895=CARTESIAN_POINT('',(2.168747343211E0,-6.115807405832E-1,
2.168747343211E0));
#1896=CARTESIAN_POINT('',(2.100717521011E0,-8.157340861318E-1,
2.100717521011E0));
#1897=CARTESIAN_POINT('',(2.010101213645E0,-1.019393012270E0,2.010101213645E0));
#1898=CARTESIAN_POINT('',(1.895038507404E0,-1.220680387397E0,1.895038507404E0));
#1899=CARTESIAN_POINT('',(1.752962286478E0,-1.417818229708E0,1.752962286478E0));
#1900=CARTESIAN_POINT('',(1.582346993758E0,-1.606632253654E0,1.582346993758E0));
#1901=CARTESIAN_POINT('',(1.381831196812E0,-1.782660043714E0,1.381831196812E0));
#1902=CARTESIAN_POINT('',(1.151269800875E0,-1.940126326838E0,1.151269800875E0));
#1903=CARTESIAN_POINT('',(8.927725604178E-1,-2.072339905262E0,
8.927725604178E-1));
#1904=CARTESIAN_POINT('',(6.094984951542E-1,-2.172984956492E0,
6.094984951542E-1));
#1905=CARTESIAN_POINT('',(3.094571810664E-1,-2.235673009185E0,
3.094571810664E-1));
#1906=CARTESIAN_POINT('',(1.039676101232E-1,-2.25E0,1.039676101231E-1));
#1907=CARTESIAN_POINT('',(2.485562052038E-14,-2.25E0,2.133066241720E-14));
#1909=CARTESIAN_POINT('',(-2.25E0,0.E0,2.25E0));
#1910=CARTESIAN_POINT('',(-2.25E0,-6.763953885519E-2,2.25E0));
#1911=CARTESIAN_POINT('',(-2.243872667090E0,-2.036629446197E-1,
2.243872667090E0));
#1912=CARTESIAN_POINT('',(-2.216069579476E0,-4.072308452926E-1,
2.216069579476E0));
#1913=CARTESIAN_POINT('',(-2.168749859177E0,-6.115707833293E-1,
2.168749859177E0));
#1914=CARTESIAN_POINT('',(-2.100731873334E0,-8.156970601660E-1,
2.100731873334E0));
#1915=CARTESIAN_POINT('',(-2.010104926159E0,-1.019387464341E0,
2.010104926159E0));
#1916=CARTESIAN_POINT('',(-1.895043776024E0,-1.220671744059E0,
1.895043776024E0));
#1917=CARTESIAN_POINT('',(-1.752963132248E0,-1.417818629428E0,
1.752963132248E0));
#1918=CARTESIAN_POINT('',(-1.582333188044E0,-1.606645659360E0,
1.582333188044E0));
#1919=CARTESIAN_POINT('',(-1.381829431731E0,-1.782661213458E0,
1.381829431731E0));
#1920=CARTESIAN_POINT('',(-1.151257961618E0,-1.940133545668E0,
1.151257961618E0));
#1921=CARTESIAN_POINT('',(-8.927663971667E-1,-2.072342604681E0,
8.927663971667E-1));
#1922=CARTESIAN_POINT('',(-6.094801319790E-1,-2.172990522357E0,
6.094801319791E-1));
#1923=CARTESIAN_POINT('',(-3.094417518549E-1,-2.235674660313E0,
3.094417518548E-1));
#1924=CARTESIAN_POINT('',(-1.039611384866E-1,-2.25E0,1.039611384866E-1));
#1925=CARTESIAN_POINT('',(2.485562052038E-14,-2.25E0,2.133066241720E-14));
#1927=DIRECTION('',(0.E0,0.E0,1.E0));
#1928=VECTOR('',#1927,2.55E0);
#1929=CARTESIAN_POINT('',(2.25E0,0.E0,2.25E0));
#1930=LINE('',#1929,#1928);
#1931=CARTESIAN_POINT('',(0.E0,0.E0,4.8E0));
#1932=DIRECTION('',(0.E0,0.E0,-1.E0));
#1933=DIRECTION('',(-1.E0,0.E0,0.E0));
#1934=AXIS2_PLACEMENT_3D('',#1931,#1932,#1933);
#1936=CARTESIAN_POINT('',(0.E0,0.E0,4.8E0));
#1937=DIRECTION('',(0.E0,0.E0,-1.E0));
#1938=DIRECTION('',(1.E0,0.E0,0.E0));
#1939=AXIS2_PLACEMENT_3D('',#1936,#1937,#1938);
#1941=CARTESIAN_POINT('',(0.E0,0.E0,4.8E0));
#1942=DIRECTION('',(0.E0,0.E0,1.E0));
#1943=DIRECTION('',(-1.E0,0.E0,0.E0));
#1944=AXIS2_PLACEMENT_3D('',#1941,#1942,#1943);
#1946=CARTESIAN_POINT('',(0.E0,0.E0,4.8E0));
#1947=DIRECTION('',(0.E0,0.E0,1.E0));
#1948=DIRECTION('',(1.E0,0.E0,0.E0));
#1949=AXIS2_PLACEMENT_3D('',#1946,#1947,#1948);
#1951=DIRECTION('',(3.292228501651E-6,-1.006248382260E-10,9.999999999946E-1));
#1952=VECTOR('',#1951,4.000020352428E0);
#1953=CARTESIAN_POINT('',(-3.25E0,0.E0,4.8E0));
#1954=LINE('',#1953,#1952);
#1955=CARTESIAN_POINT('',(-1.328109750491E-14,0.E0,8.800033521145E0));
#1956=DIRECTION('',(0.E0,0.E0,1.E0));
#1957=DIRECTION('',(1.E0,1.055629913411E-10,0.E0));
#1958=AXIS2_PLACEMENT_3D('',#1955,#1956,#1957);
#1960=CARTESIAN_POINT('',(-1.328109750491E-14,0.E0,8.800033521145E0));
#1961=DIRECTION('',(0.E0,0.E0,1.E0));
#1962=DIRECTION('',(0.E0,1.E0,0.E0));
#1963=AXIS2_PLACEMENT_3D('',#1960,#1961,#1962);
#1965=DIRECTION('',(-7.070805532807E-1,-2.862095512978E-11,-7.071330081196E-1));
#1966=VECTOR('',#1965,4.242467295761E-1);
#1967=CARTESIAN_POINT('',(3.549963443295E0,5.861842640242E-10,
9.100019218477E0));
#1968=LINE('',#1967,#1966);
#1969=CARTESIAN_POINT('',(0.E0,0.E0,8.800033521145E0));
#1970=DIRECTION('',(0.E0,0.E0,1.E0));
#1971=DIRECTION('',(-1.E0,0.E0,0.E0));
#1972=AXIS2_PLACEMENT_3D('',#1969,#1970,#1971);
#1974=CARTESIAN_POINT('',(0.E0,0.E0,8.800033521145E0));
#1975=DIRECTION('',(0.E0,0.E0,1.E0));
#1976=DIRECTION('',(0.E0,-1.E0,0.E0));
#1977=AXIS2_PLACEMENT_3D('',#1974,#1975,#1976);
#1979=DIRECTION('',(7.070805532807E-1,4.329605024132E-10,-7.071330081196E-1));
#1980=VECTOR('',#1979,4.242467295761E-1);
#1981=CARTESIAN_POINT('',(-3.549963443295E0,-5.861832130239E-10,
9.100019218477E0));
#1982=LINE('',#1981,#1980);
#1983=DIRECTION('',(-3.292228502761E-6,8.633008645343E-11,9.999999999946E-1));
#1984=VECTOR('',#1983,4.000020352428E0);
#1985=CARTESIAN_POINT('',(3.25E0,2.287198145725E-10,4.8E0));
#1986=LINE('',#1985,#1984);
#1987=CARTESIAN_POINT('',(0.E0,0.E0,9.1E0));
#1988=DIRECTION('',(0.E0,0.E0,-1.E0));
#1989=DIRECTION('',(1.E0,0.E0,0.E0));
#1990=AXIS2_PLACEMENT_3D('',#1987,#1988,#1989);
#1992=CARTESIAN_POINT('',(0.E0,0.E0,9.1E0));
#1993=DIRECTION('',(0.E0,0.E0,-1.E0));
#1994=DIRECTION('',(-1.E0,0.E0,0.E0));
#1995=AXIS2_PLACEMENT_3D('',#1992,#1993,#1994);
#1997=CARTESIAN_POINT('',(0.E0,0.E0,9.100028827715E0));
#1998=DIRECTION('',(0.E0,0.E0,1.E0));
#1999=DIRECTION('',(-1.E0,1.907622827809E-14,0.E0));
#2000=AXIS2_PLACEMENT_3D('',#1997,#1998,#1999);
#2002=CARTESIAN_POINT('',(0.E0,0.E0,9.100028827715E0));
#2003=DIRECTION('',(0.E0,0.E0,1.E0));
#2004=DIRECTION('',(0.E0,-1.E0,0.E0));
#2005=AXIS2_PLACEMENT_3D('',#2002,#2003,#2004);
#2007=CARTESIAN_POINT('',(-1.328109750491E-14,0.E0,9.100028827715E0));
#2008=DIRECTION('',(0.E0,0.E0,1.E0));
#2009=DIRECTION('',(1.E0,-1.907622827810E-14,0.E0));
#2010=AXIS2_PLACEMENT_3D('',#2007,#2008,#2009);
#2012=CARTESIAN_POINT('',(-1.328109750491E-14,0.E0,9.100028827715E0));
#2013=DIRECTION('',(0.E0,0.E0,1.E0));
#2014=DIRECTION('',(0.E0,1.E0,0.E0));
#2015=AXIS2_PLACEMENT_3D('',#2012,#2013,#2014);
#2017=CARTESIAN_POINT('',(0.E0,0.E0,9.1E0));
#2018=DIRECTION('',(0.E0,0.E0,1.E0));
#2019=DIRECTION('',(-1.E0,0.E0,0.E0));
#2020=AXIS2_PLACEMENT_3D('',#2017,#2018,#2019);
#2022=CARTESIAN_POINT('',(0.E0,0.E0,9.4E0));
#2023=DIRECTION('',(0.E0,0.E0,-1.E0));
#2024=DIRECTION('',(1.E0,-2.142918179641E-10,0.E0));
#2025=AXIS2_PLACEMENT_3D('',#2022,#2023,#2024);
#2027=CARTESIAN_POINT('',(0.E0,0.E0,9.4E0));
#2028=DIRECTION('',(0.E0,0.E0,-1.E0));
#2029=DIRECTION('',(-9.997265243796E-1,-2.338538970945E-2,0.E0));
#2030=AXIS2_PLACEMENT_3D('',#2027,#2028,#2029);
#2032=CARTESIAN_POINT('',(-5.15E0,0.E0,9.4E0));
#2033=DIRECTION('',(0.E0,-1.E0,0.E0));
#2034=DIRECTION('',(-1.E0,0.E0,0.E0));
#2035=AXIS2_PLACEMENT_3D('',#2032,#2033,#2034);
#2037=CARTESIAN_POINT('',(0.E0,0.E0,9.1E0));
#2038=DIRECTION('',(0.E0,0.E0,1.E0));
#2039=DIRECTION('',(1.E0,0.E0,0.E0));
#2040=AXIS2_PLACEMENT_3D('',#2037,#2038,#2039);
#2042=CARTESIAN_POINT('',(0.E0,0.E0,9.4E0));
#2043=DIRECTION('',(0.E0,0.E0,-1.E0));
#2044=DIRECTION('',(-1.E0,0.E0,0.E0));
#2045=AXIS2_PLACEMENT_3D('',#2042,#2043,#2044);
#2047=CARTESIAN_POINT('',(0.E0,0.E0,9.4E0));
#2048=DIRECTION('',(0.E0,0.E0,-1.E0));
#2049=DIRECTION('',(9.997265243796E-1,2.338538970945E-2,0.E0));
#2050=AXIS2_PLACEMENT_3D('',#2047,#2048,#2049);
#2052=CARTESIAN_POINT('',(5.15E0,0.E0,9.4E0));
#2053=DIRECTION('',(0.E0,1.E0,0.E0));
#2054=DIRECTION('',(1.E0,0.E0,0.E0));
#2055=AXIS2_PLACEMENT_3D('',#2052,#2053,#2054);
#2057=DIRECTION('',(3.906806162790E-6,1.796723897966E-10,9.999999999924E-1));
#2058=VECTOR('',#2057,6.500025915592E0);
#2059=CARTESIAN_POINT('',(-5.45E0,0.E0,9.4E0));
#2060=LINE('',#2059,#2058);
#2061=CARTESIAN_POINT('',(0.E0,0.E0,1.590003385118E1));
#2062=DIRECTION('',(0.E0,0.E0,1.E0));
#2063=DIRECTION('',(1.E0,-2.142918179641E-10,0.E0));
#2064=AXIS2_PLACEMENT_3D('',#2061,#2062,#2063);
#2066=CARTESIAN_POINT('',(0.E0,0.E0,1.590003385118E1));
#2067=DIRECTION('',(0.E0,0.E0,1.E0));
#2068=DIRECTION('',(0.E0,1.E0,0.E0));
#2069=AXIS2_PLACEMENT_3D('',#2066,#2067,#2068);
#2071=CARTESIAN_POINT('',(0.E0,0.E0,1.670020538491E1));
#2072=DIRECTION('',(0.E0,0.E0,-1.E0));
#2073=DIRECTION('',(-1.E0,0.E0,0.E0));
#2074=AXIS2_PLACEMENT_3D('',#2071,#2072,#2073);
#2076=CARTESIAN_POINT('',(0.E0,0.E0,1.670020538491E1));
#2077=DIRECTION('',(0.E0,0.E0,-1.E0));
#2078=DIRECTION('',(0.E0,1.E0,0.E0));
#2079=AXIS2_PLACEMENT_3D('',#2076,#2077,#2078);
#2081=DIRECTION('',(-2.982416416841E-1,9.586293212451E-11,-9.544903997241E-1));
#2082=VECTOR('',#2081,8.383316056389E-1);
#2083=CARTESIAN_POINT('',(5.7E0,-1.832182528952E-9,1.670020538491E1));
#2084=LINE('',#2083,#2082);
#2085=CARTESIAN_POINT('',(-1.127067138772E-14,0.E0,1.590003385118E1));
#2086=DIRECTION('',(0.E0,0.E0,1.E0));
#2087=DIRECTION('',(-1.E0,0.E0,0.E0));
#2088=AXIS2_PLACEMENT_3D('',#2085,#2086,#2087);
#2090=CARTESIAN_POINT('',(-1.127067138772E-14,0.E0,1.590003385118E1));
#2091=DIRECTION('',(0.E0,0.E0,1.E0));
#2092=DIRECTION('',(0.E0,-1.E0,0.E0));
#2093=AXIS2_PLACEMENT_3D('',#2090,#2091,#2092);
#2095=CARTESIAN_POINT('',(-1.127067138772E-14,0.E0,1.670020538491E1));
#2096=DIRECTION('',(0.E0,0.E0,-1.E0));
#2097=DIRECTION('',(1.E0,-2.142900416073E-10,0.E0));
#2098=AXIS2_PLACEMENT_3D('',#2095,#2096,#2097);
#2100=CARTESIAN_POINT('',(-1.127067138772E-14,0.E0,1.670020538491E1));
#2101=DIRECTION('',(0.E0,0.E0,-1.E0));
#2102=DIRECTION('',(0.E0,-1.E0,0.E0));
#2103=AXIS2_PLACEMENT_3D('',#2100,#2101,#2102);
#2105=DIRECTION('',(2.982416416841E-1,-6.391697902427E-11,-9.544903997241E-1));
#2106=VECTOR('',#2105,8.383316056389E-1);
#2107=CARTESIAN_POINT('',(-5.7E0,1.221458474291E-9,1.670020538491E1));
#2108=LINE('',#2107,#2106);
#2109=DIRECTION('',(-3.906806163610E-6,-1.796720639932E-10,9.999999999924E-1));
#2110=VECTOR('',#2109,6.500025915592E0);
#2111=CARTESIAN_POINT('',(5.45E0,-5.839445308796E-10,9.4E0));
#2112=LINE('',#2111,#2110);
#2113=DIRECTION('',(-4.579963931416E-14,3.181079964884E-10,1.E0));
#2114=VECTOR('',#2113,3.199794615090E0);
#2115=CARTESIAN_POINT('',(5.7E0,-1.832182528952E-9,1.670020538491E1));
#2116=LINE('',#2115,#2114);
#2117=DIRECTION('',(4.774265431537E-14,-3.817300918317E-10,1.E0));
#2118=VECTOR('',#2117,3.199794615090E0);
#2119=CARTESIAN_POINT('',(-5.7E0,1.221458474291E-9,1.670020538491E1));
#2120=LINE('',#2119,#2118);
#2121=CARTESIAN_POINT('',(0.E0,0.E0,1.99E1));
#2122=DIRECTION('',(0.E0,0.E0,-1.E0));
#2123=DIRECTION('',(1.E0,0.E0,0.E0));
#2124=AXIS2_PLACEMENT_3D('',#2121,#2122,#2123);
#2126=CARTESIAN_POINT('',(0.E0,0.E0,1.99E1));
#2127=DIRECTION('',(0.E0,0.E0,-1.E0));
#2128=DIRECTION('',(-1.E0,0.E0,0.E0));
#2129=AXIS2_PLACEMENT_3D('',#2126,#2127,#2128);
#2131=CARTESIAN_POINT('',(0.E0,0.E0,1.99E1));
#2132=DIRECTION('',(0.E0,0.E0,1.E0));
#2133=DIRECTION('',(1.E0,0.E0,0.E0));
#2134=AXIS2_PLACEMENT_3D('',#2131,#2132,#2133);
#2136=CARTESIAN_POINT('',(0.E0,0.E0,1.99E1));
#2137=DIRECTION('',(0.E0,0.E0,1.E0));
#2138=DIRECTION('',(-1.E0,0.E0,0.E0));
#2139=AXIS2_PLACEMENT_3D('',#2136,#2137,#2138);
#2141=CARTESIAN_POINT('',(0.E0,0.E0,1.97E1));
#2142=DIRECTION('',(0.E0,0.E0,-1.E0));
#2143=DIRECTION('',(1.E0,-1.078371066196E-12,0.E0));
#2144=AXIS2_PLACEMENT_3D('',#2141,#2142,#2143);
#2146=CARTESIAN_POINT('',(0.E0,0.E0,1.97E1));
#2147=DIRECTION('',(0.E0,0.E0,-1.E0));
#2148=DIRECTION('',(-9.999091403899E-1,-1.348002094732E-2,0.E0));
#2149=AXIS2_PLACEMENT_3D('',#2146,#2147,#2148);
#2151=CARTESIAN_POINT('',(6.2E0,3.378917839969E-10,1.97E1));
#2152=DIRECTION('',(-5.449867813978E-11,1.E0,0.E0));
#2153=DIRECTION('',(-5.186599949525E-7,0.E0,9.999999999999E-1));
#2154=AXIS2_PLACEMENT_3D('',#2151,#2152,#2153);
#2156=DIRECTION('',(0.E0,-9.688840209736E-11,1.E0));
#2157=VECTOR('',#2156,1.8E0);
#2158=CARTESIAN_POINT('',(-6.4E0,0.E0,1.79E1));
#2159=LINE('',#2158,#2157);
#2160=DIRECTION('',(0.E0,9.688682349900E-11,1.E0));
#2161=VECTOR('',#2160,1.8E0);
#2162=CARTESIAN_POINT('',(6.4E0,-3.450395524851E-12,1.79E1));
#2163=LINE('',#2162,#2161);
#2164=CARTESIAN_POINT('',(0.E0,0.E0,1.97E1));
#2165=DIRECTION('',(0.E0,0.E0,-1.E0));
#2166=DIRECTION('',(-1.E0,0.E0,0.E0));
#2167=AXIS2_PLACEMENT_3D('',#2164,#2165,#2166);
#2169=CARTESIAN_POINT('',(0.E0,0.E0,1.97E1));
#2170=DIRECTION('',(0.E0,0.E0,-1.E0));
#2171=DIRECTION('',(9.999091403899E-1,1.348002094732E-2,0.E0));
#2172=AXIS2_PLACEMENT_3D('',#2169,#2170,#2171);
#2174=CARTESIAN_POINT('',(-6.2E0,-3.379027890826E-10,1.97E1));
#2175=DIRECTION('',(5.450045449662E-11,-1.E0,0.E0));
#2176=DIRECTION('',(5.186599949525E-7,0.E0,9.999999999999E-1));
#2177=AXIS2_PLACEMENT_3D('',#2174,#2175,#2176);
#2179=DIRECTION('',(-3.162277660168E-1,-2.727777171745E-12,9.486832980505E-1));
#2180=VECTOR('',#2179,1.264911064067E0);
#2181=CARTESIAN_POINT('',(6.8E0,0.E0,1.67E1));
#2182=LINE('',#2181,#2180);
#2183=CARTESIAN_POINT('',(0.E0,0.E0,1.79E1));
#2184=DIRECTION('',(0.E0,0.E0,1.E0));
#2185=DIRECTION('',(1.E0,-1.078371066196E-12,0.E0));
#2186=AXIS2_PLACEMENT_3D('',#2183,#2184,#2185);
#2188=CARTESIAN_POINT('',(0.E0,0.E0,1.67E1));
#2189=DIRECTION('',(0.E0,0.E0,-1.E0));
#2190=DIRECTION('',(-1.E0,0.E0,0.E0));
#2191=AXIS2_PLACEMENT_3D('',#2188,#2189,#2190);
#2193=CARTESIAN_POINT('',(0.E0,0.E0,1.67E1));
#2194=DIRECTION('',(0.E0,0.E0,-1.E0));
#2195=DIRECTION('',(1.E0,0.E0,0.E0));
#2196=AXIS2_PLACEMENT_3D('',#2193,#2194,#2195);
#2198=DIRECTION('',(3.162277660168E-1,0.E0,9.486832980505E-1));
#2199=VECTOR('',#2198,1.264911064067E0);
#2200=CARTESIAN_POINT('',(-6.8E0,0.E0,1.67E1));
#2201=LINE('',#2200,#2199);
#2202=CARTESIAN_POINT('',(0.E0,0.E0,1.79E1));
#2203=DIRECTION('',(0.E0,0.E0,1.E0));
#2204=DIRECTION('',(-1.E0,0.E0,0.E0));
#2205=AXIS2_PLACEMENT_3D('',#2202,#2203,#2204);
#2207=DIRECTION('',(0.E0,0.E0,1.E0));
#2208=VECTOR('',#2207,8.E-1);
#2209=CARTESIAN_POINT('',(-6.8E0,0.E0,1.59E1));
#2210=LINE('',#2209,#2208);
#2211=DIRECTION('',(0.E0,0.E0,1.E0));
#2212=VECTOR('',#2211,8.E-1);
#2213=CARTESIAN_POINT('',(6.8E0,0.E0,1.59E1));
#2214=LINE('',#2213,#2212);
#2215=CARTESIAN_POINT('',(0.E0,0.E0,1.59E1));
#2216=DIRECTION('',(0.E0,0.E0,1.E0));
#2217=DIRECTION('',(1.E0,0.E0,0.E0));
#2218=AXIS2_PLACEMENT_3D('',#2215,#2216,#2217);
#2220=CARTESIAN_POINT('',(0.E0,0.E0,1.59E1));
#2221=DIRECTION('',(0.E0,0.E0,1.E0));
#2222=DIRECTION('',(-1.E0,0.E0,0.E0));
#2223=AXIS2_PLACEMENT_3D('',#2220,#2221,#2222);
#2225=CARTESIAN_POINT('',(0.E0,0.E0,1.59E1));
#2226=DIRECTION('',(0.E0,0.E0,-1.E0));
#2227=DIRECTION('',(1.E0,0.E0,0.E0));
#2228=AXIS2_PLACEMENT_3D('',#2225,#2226,#2227);
#2230=CARTESIAN_POINT('',(0.E0,0.E0,1.59E1));
#2231=DIRECTION('',(0.E0,0.E0,-1.E0));
#2232=DIRECTION('',(-1.E0,0.E0,0.E0));
#2233=AXIS2_PLACEMENT_3D('',#2230,#2231,#2232);
#2235=DIRECTION('',(0.E0,0.E0,1.E0));
#2236=VECTOR('',#2235,2.2E0);
#2237=CARTESIAN_POINT('',(-6.35E0,0.E0,1.37E1));
#2238=LINE('',#2237,#2236);
#2239=DIRECTION('',(0.E0,0.E0,1.E0));
#2240=VECTOR('',#2239,2.2E0);
#2241=CARTESIAN_POINT('',(6.35E0,0.E0,1.37E1));
#2242=LINE('',#2241,#2240);
#2243=CARTESIAN_POINT('',(0.E0,0.E0,1.37E1));
#2244=DIRECTION('',(0.E0,0.E0,-1.E0));
#2245=DIRECTION('',(1.E0,0.E0,0.E0));
#2246=AXIS2_PLACEMENT_3D('',#2243,#2244,#2245);
#2248=CARTESIAN_POINT('',(0.E0,0.E0,1.37E1));
#2249=DIRECTION('',(0.E0,0.E0,-1.E0));
#2250=DIRECTION('',(-1.E0,0.E0,0.E0));
#2251=AXIS2_PLACEMENT_3D('',#2248,#2249,#2250);
#2253=CARTESIAN_POINT('',(0.E0,0.E0,1.37E1));
#2254=DIRECTION('',(0.E0,0.E0,1.E0));
#2255=DIRECTION('',(1.E0,0.E0,0.E0));
#2256=AXIS2_PLACEMENT_3D('',#2253,#2254,#2255);
#2258=CARTESIAN_POINT('',(0.E0,0.E0,1.37E1));
#2259=DIRECTION('',(0.E0,0.E0,1.E0));
#2260=DIRECTION('',(-1.E0,0.E0,0.E0));
#2261=AXIS2_PLACEMENT_3D('',#2258,#2259,#2260);
#2263=DIRECTION('',(0.E0,1.411663897861E-10,1.E0));
#2264=VECTOR('',#2263,8.566018907150E-1);
#2265=CARTESIAN_POINT('',(-7.7E0,-1.209227686821E-10,1.284339810929E1));
#2266=LINE('',#2265,#2264);
#2267=CARTESIAN_POINT('',(0.E0,0.E0,1.257839862259E1));
#2268=DIRECTION('',(0.E0,0.E0,-1.E0));
#2269=DIRECTION('',(1.E0,1.220020680289E-13,0.E0));
#2270=AXIS2_PLACEMENT_3D('',#2267,#2268,#2269);
#2272=CARTESIAN_POINT('',(0.E0,0.E0,1.257839862259E1));
#2273=DIRECTION('',(0.E0,0.E0,-1.E0));
#2274=DIRECTION('',(-9.999306387175E-1,-1.177785014658E-2,0.E0));
#2275=AXIS2_PLACEMENT_3D('',#2272,#2273,#2274);
#2277=CARTESIAN_POINT('',(0.E0,0.E0,1.284339811321E1));
#2278=DIRECTION('',(0.E0,0.E0,1.E0));
#2279=DIRECTION('',(-1.E0,0.E0,0.E0));
#2280=AXIS2_PLACEMENT_3D('',#2277,#2278,#2279);
#2282=CARTESIAN_POINT('',(0.E0,0.E0,1.284339811321E1));
#2283=DIRECTION('',(0.E0,0.E0,1.E0));
#2284=DIRECTION('',(-9.999306387175E-1,-1.177785014658E-2,0.E0));
#2285=AXIS2_PLACEMENT_3D('',#2282,#2283,#2284);
#2287=CARTESIAN_POINT('',(7.2E0,2.261369425050E-10,1.284339811321E1));
#2288=DIRECTION('',(-3.140790752476E-11,1.E0,0.E0));
#2289=DIRECTION('',(1.E0,3.140790752476E-11,0.E0));
#2290=AXIS2_PLACEMENT_3D('',#2287,#2288,#2289);
#2292=DIRECTION('',(-5.299989400020E-1,-2.749482332732E-10,8.479983040058E-1));
#2293=VECTOR('',#2292,1.042262104601E0);
#2294=CARTESIAN_POINT('',(-7.071601328475E0,1.668388961944E-10,
1.169456212556E1));
#2295=LINE('',#2294,#2293);
#2296=CARTESIAN_POINT('',(0.E0,0.E0,1.127056301887E1));
#2297=DIRECTION('',(0.E0,0.E0,-1.E0));
#2298=DIRECTION('',(1.E0,1.597496508661E-13,0.E0));
#2299=AXIS2_PLACEMENT_3D('',#2296,#2297,#2298);
#2301=CARTESIAN_POINT('',(0.E0,0.E0,1.127056301887E1));
#2302=DIRECTION('',(0.E0,0.E0,-1.E0));
#2303=DIRECTION('',(9.999241925494E-1,-1.231296692455E-2,0.E0));
#2304=AXIS2_PLACEMENT_3D('',#2301,#2302,#2303);
#2306=CARTESIAN_POINT('',(0.E0,0.E0,1.169456212556E1));
#2307=DIRECTION('',(0.E0,0.E0,1.E0));
#2308=DIRECTION('',(-1.E0,0.E0,0.E0));
#2309=AXIS2_PLACEMENT_3D('',#2306,#2307,#2308);
#2311=CARTESIAN_POINT('',(0.E0,0.E0,1.169456212556E1));
#2312=DIRECTION('',(0.E0,0.E0,1.E0));
#2313=DIRECTION('',(9.999241925494E-1,-1.231296692455E-2,0.E0));
#2314=AXIS2_PLACEMENT_3D('',#2311,#2312,#2313);
#2316=CARTESIAN_POINT('',(7.75E0,-3.656914354666E-10,1.127056301887E1));
#2317=DIRECTION('',(-4.718599122544E-11,-1.E0,0.E0));
#2318=DIRECTION('',(-8.479983394054E-1,4.001364220237E-11,5.299988833627E-1));
#2319=AXIS2_PLACEMENT_3D('',#2316,#2317,#2318);
#2321=DIRECTION('',(0.E0,6.960552366331E-11,1.E0));
#2322=VECTOR('',#2321,2.365590401017E0);
#2323=CARTESIAN_POINT('',(-6.95E0,-6.881763884732E-13,8.904972617854E0));
#2324=LINE('',#2323,#2322);
#2325=CARTESIAN_POINT('',(0.E0,0.E0,8.046964340021E0));
#2326=DIRECTION('',(0.E0,0.E0,-1.E0));
#2327=DIRECTION('',(1.E0,7.539410136455E-13,0.E0));
#2328=AXIS2_PLACEMENT_3D('',#2325,#2326,#2327);
#2330=CARTESIAN_POINT('',(0.E0,0.E0,8.046964340021E0));
#2331=DIRECTION('',(0.E0,0.E0,-1.E0));
#2332=DIRECTION('',(-9.998903174358E-1,-1.481057386102E-2,0.E0));
#2333=AXIS2_PLACEMENT_3D('',#2330,#2331,#2332);
#2335=CARTESIAN_POINT('',(0.E0,0.E0,8.904972690940E0));
#2336=DIRECTION('',(0.E0,0.E0,1.E0));
#2337=DIRECTION('',(-1.E0,0.E0,0.E0));
#2338=AXIS2_PLACEMENT_3D('',#2335,#2336,#2337);
#2340=CARTESIAN_POINT('',(0.E0,0.E0,8.904972690940E0));
#2341=DIRECTION('',(0.E0,0.E0,1.E0));
#2342=DIRECTION('',(-9.998903174358E-1,-1.481057386102E-2,0.E0));
#2343=AXIS2_PLACEMENT_3D('',#2340,#2341,#2342);
#2345=CARTESIAN_POINT('',(5.75E0,1.136507554733E-12,8.904972690940E0));
#2346=DIRECTION('',(-1.976543928528E-13,1.E0,0.E0));
#2347=DIRECTION('',(1.E0,1.976543928528E-13,0.E0));
#2348=AXIS2_PLACEMENT_3D('',#2345,#2346,#2347);
#2350=DIRECTION('',(-7.150066690130E-1,-1.248691347931E-10,6.991176319239E-1));
#2351=VECTOR('',#2350,1.800229819140E0);
#2352=CARTESIAN_POINT('',(-5.301764475853E0,2.241407183847E-10,
6.788391931945E0));
#2353=LINE('',#2352,#2351);
#2354=CARTESIAN_POINT('',(0.E0,0.E0,5.358378848434E0));
#2355=DIRECTION('',(0.E0,0.E0,-1.E0));
#2356=DIRECTION('',(1.E0,5.232136605774E-12,0.E0));
#2357=AXIS2_PLACEMENT_3D('',#2354,#2355,#2356);
#2359=CARTESIAN_POINT('',(0.E0,0.E0,5.358378848434E0));
#2360=DIRECTION('',(0.E0,0.E0,-1.E0));
#2361=DIRECTION('',(9.998736546264E-1,-1.589574735838E-2,0.E0));
#2362=AXIS2_PLACEMENT_3D('',#2359,#2360,#2361);
#2364=CARTESIAN_POINT('',(0.E0,0.E0,6.788391931945E0));
#2365=DIRECTION('',(0.E0,0.E0,1.E0));
#2366=DIRECTION('',(-1.E0,0.E0,0.E0));
#2367=AXIS2_PLACEMENT_3D('',#2364,#2365,#2366);
#2369=CARTESIAN_POINT('',(0.E0,0.E0,6.788391931945E0));
#2370=DIRECTION('',(0.E0,0.E0,1.E0));
#2371=DIRECTION('',(9.998736546264E-1,-1.589574735838E-2,0.E0));
#2372=AXIS2_PLACEMENT_3D('',#2369,#2370,#2371);
#2374=CARTESIAN_POINT('',(6.7E0,-5.665078545158E-10,5.358378848434E0));
#2375=DIRECTION('',(-8.455340941294E-11,-1.E0,0.E0));
#2376=DIRECTION('',(-6.991177620736E-1,5.911279036446E-11,7.150065417556E-1));
#2377=AXIS2_PLACEMENT_3D('',#2374,#2375,#2376);
#2379=CARTESIAN_POINT('',(0.E0,0.E0,5.358378848434E0));
#2380=DIRECTION('',(0.E0,0.E0,-1.E0));
#2381=DIRECTION('',(-1.E0,0.E0,0.E0));
#2382=AXIS2_PLACEMENT_3D('',#2379,#2380,#2381);
#2384=CARTESIAN_POINT('',(0.E0,0.E0,5.358378848434E0));
#2385=DIRECTION('',(0.E0,0.E0,-1.E0));
#2386=DIRECTION('',(-9.998736546264E-1,1.589574735838E-2,0.E0));
#2387=AXIS2_PLACEMENT_3D('',#2384,#2385,#2386);
#2389=CARTESIAN_POINT('',(0.E0,0.E0,6.788391931945E0));
#2390=DIRECTION('',(0.E0,0.E0,1.E0));
#2391=DIRECTION('',(1.E0,7.539410136455E-13,0.E0));
#2392=AXIS2_PLACEMENT_3D('',#2389,#2390,#2391);
#2394=CARTESIAN_POINT('',(0.E0,0.E0,6.788391931945E0));
#2395=DIRECTION('',(0.E0,0.E0,1.E0));
#2396=DIRECTION('',(-9.998736546264E-1,1.589574735838E-2,0.E0));
#2397=AXIS2_PLACEMENT_3D('',#2394,#2395,#2396);
#2399=CARTESIAN_POINT('',(-6.7E0,5.665078545158E-10,5.358378848434E0));
#2400=DIRECTION('',(8.455340941294E-11,1.E0,0.E0));
#2401=DIRECTION('',(6.991177620736E-1,-5.911279036446E-11,7.150065417556E-1));
#2402=AXIS2_PLACEMENT_3D('',#2399,#2400,#2401);
#2404=DIRECTION('',(7.150066690130E-1,1.251387150010E-10,6.991176319239E-1));
#2405=VECTOR('',#2404,1.800229819140E0);
#2406=CARTESIAN_POINT('',(5.301764475853E0,-2.221417849038E-10,
6.788391931945E0));
#2407=LINE('',#2406,#2405);
#2408=CARTESIAN_POINT('',(0.E0,0.E0,8.046964340021E0));
#2409=DIRECTION('',(0.E0,0.E0,-1.E0));
#2410=DIRECTION('',(-1.E0,0.E0,0.E0));
#2411=AXIS2_PLACEMENT_3D('',#2408,#2409,#2410);
#2413=CARTESIAN_POINT('',(0.E0,0.E0,8.046964340021E0));
#2414=DIRECTION('',(0.E0,0.E0,-1.E0));
#2415=DIRECTION('',(9.998903174358E-1,1.481057386102E-2,0.E0));
#2416=AXIS2_PLACEMENT_3D('',#2413,#2414,#2415);
#2418=CARTESIAN_POINT('',(0.E0,0.E0,8.904972690940E0));
#2419=DIRECTION('',(0.E0,0.E0,1.E0));
#2420=DIRECTION('',(1.E0,1.597496508661E-13,0.E0));
#2421=AXIS2_PLACEMENT_3D('',#2418,#2419,#2420);
#2423=CARTESIAN_POINT('',(0.E0,0.E0,8.904972690940E0));
#2424=DIRECTION('',(0.E0,0.E0,1.E0));
#2425=DIRECTION('',(9.998903174358E-1,1.481057386102E-2,0.E0));
#2426=AXIS2_PLACEMENT_3D('',#2423,#2424,#2425);
#2428=CARTESIAN_POINT('',(-5.75E0,-1.136507554733E-12,8.904972690940E0));
#2429=DIRECTION('',(1.976543928528E-13,-1.E0,0.E0));
#2430=DIRECTION('',(-1.E0,-1.976543928528E-13,0.E0));
#2431=AXIS2_PLACEMENT_3D('',#2428,#2429,#2430);
#2433=DIRECTION('',(0.E0,-6.960585072190E-11,1.E0));
#2434=VECTOR('',#2433,2.365590401017E0);
#2435=CARTESIAN_POINT('',(6.95E0,1.243731989996E-12,8.904972617854E0));
#2436=LINE('',#2435,#2434);
#2437=CARTESIAN_POINT('',(0.E0,0.E0,1.127056301887E1));
#2438=DIRECTION('',(0.E0,0.E0,-1.E0));
#2439=DIRECTION('',(-1.E0,0.E0,0.E0));
#2440=AXIS2_PLACEMENT_3D('',#2437,#2438,#2439);
#2442=CARTESIAN_POINT('',(0.E0,0.E0,1.127056301887E1));
#2443=DIRECTION('',(0.E0,0.E0,-1.E0));
#2444=DIRECTION('',(-9.999241925494E-1,1.231296692455E-2,0.E0));
#2445=AXIS2_PLACEMENT_3D('',#2442,#2443,#2444);
#2447=CARTESIAN_POINT('',(0.E0,0.E0,1.169456212556E1));
#2448=DIRECTION('',(0.E0,0.E0,1.E0));
#2449=DIRECTION('',(1.E0,1.220020680289E-13,0.E0));
#2450=AXIS2_PLACEMENT_3D('',#2447,#2448,#2449);
#2452=CARTESIAN_POINT('',(0.E0,0.E0,1.169456212556E1));
#2453=DIRECTION('',(0.E0,0.E0,1.E0));
#2454=DIRECTION('',(-9.999241925494E-1,1.231296692455E-2,0.E0));
#2455=AXIS2_PLACEMENT_3D('',#2452,#2453,#2454);
#2457=CARTESIAN_POINT('',(-7.75E0,3.656879937752E-10,1.127056301887E1));
#2458=DIRECTION('',(4.718554713623E-11,1.E0,0.E0));
#2459=DIRECTION('',(8.479983394054E-1,-4.001326561546E-11,5.299988833627E-1));
#2460=AXIS2_PLACEMENT_3D('',#2457,#2458,#2459);
#2462=DIRECTION('',(5.299989400020E-1,2.749797274016E-10,8.479983040058E-1));
#2463=VECTOR('',#2462,1.042262104601E0);
#2464=CARTESIAN_POINT('',(7.071601328475E0,-1.664078722855E-10,
1.169456212556E1));
#2465=LINE('',#2464,#2463);
#2466=CARTESIAN_POINT('',(0.E0,0.E0,1.257839862259E1));
#2467=DIRECTION('',(0.E0,0.E0,-1.E0));
#2468=DIRECTION('',(-1.E0,0.E0,0.E0));
#2469=AXIS2_PLACEMENT_3D('',#2466,#2467,#2468);
#2471=CARTESIAN_POINT('',(0.E0,0.E0,1.257839862259E1));
#2472=DIRECTION('',(0.E0,0.E0,-1.E0));
#2473=DIRECTION('',(9.999306387175E-1,1.177785014658E-2,0.E0));
#2474=AXIS2_PLACEMENT_3D('',#2471,#2472,#2473);
#2476=CARTESIAN_POINT('',(0.E0,0.E0,1.284339811321E1));
#2477=DIRECTION('',(0.E0,0.E0,1.E0));
#2478=DIRECTION('',(1.E0,1.074683641369E-11,0.E0));
#2479=AXIS2_PLACEMENT_3D('',#2476,#2477,#2478);
#2481=CARTESIAN_POINT('',(0.E0,0.E0,1.284339811321E1));
#2482=DIRECTION('',(0.E0,0.E0,1.E0));
#2483=DIRECTION('',(9.999306387175E-1,1.177785014658E-2,0.E0));
#2484=AXIS2_PLACEMENT_3D('',#2481,#2482,#2483);
#2486=CARTESIAN_POINT('',(-7.2E0,-2.261433401651E-10,1.284339811321E1));
#2487=DIRECTION('',(3.140879570318E-11,-1.E0,0.E0));
#2488=DIRECTION('',(-1.E0,-3.140879570318E-11,0.E0));
#2489=AXIS2_PLACEMENT_3D('',#2486,#2487,#2488);
#2491=DIRECTION('',(0.E0,-1.250636468322E-10,1.E0));
#2492=VECTOR('',#2491,8.566018907150E-1);
#2493=CARTESIAN_POINT('',(7.7E0,1.622968499265E-10,1.284339810929E1));
#2494=LINE('',#2493,#2492);
#2495=DIRECTION('',(-2.842170254127E-13,-9.996462706202E-1,-2.659574468089E-2));
#2496=VECTOR('',#2495,2.000000484780E-1);
#2497=CARTESIAN_POINT('',(4.489361763E0,-4.698337423454E0,-1.249999987108E-1));
#2498=LINE('',#2497,#2496);
#2499=DIRECTION('',(-1.643130208467E-13,9.943252294083E-1,1.063829787235E-1));
#2500=VECTOR('',#2499,1.999999839304E-1);
#2501=CARTESIAN_POINT('',(4.042553126812E0,-4.872193559919E0,
-5.212765888779E-1));
#2502=LINE('',#2501,#2500);
#2503=CARTESIAN_POINT('',(2.E0,0.E0,0.E0));
#2504=DIRECTION('',(-1.E0,0.E0,0.E0));
#2505=DIRECTION('',(0.E0,-9.996462706202E-1,-2.659574468085E-2));
#2506=AXIS2_PLACEMENT_3D('',#2503,#2504,#2505);
#2508=DIRECTION('',(0.E0,-9.985843306699E-1,5.319148936163E-2));
#2509=VECTOR('',#2508,2.E-1);
#2510=CARTESIAN_POINT('',(2.E0,-4.693346354149E0,2.5E-1));
#2511=LINE('',#2510,#2509);
#2512=CARTESIAN_POINT('',(2.E0,0.E0,0.E0));
#2513=DIRECTION('',(1.E0,0.E0,0.E0));
#2514=DIRECTION('',(0.E0,-9.985843306699E-1,5.319148936170E-2));
#2515=AXIS2_PLACEMENT_3D('',#2512,#2513,#2514);
#2517=DIRECTION('',(0.E0,9.996462706202E-1,2.659574468090E-2));
#2518=VECTOR('',#2517,2.E-1);
#2519=CARTESIAN_POINT('',(2.E0,-4.898266726039E0,-1.303191489362E-1));
#2520=LINE('',#2519,#2518);
#2521=CARTESIAN_POINT('',(5.E0,0.E0,0.E0));
#2522=DIRECTION('',(1.E0,0.E0,0.E0));
#2523=DIRECTION('',(0.E0,-9.985843306699E-1,5.319148936170E-2));
#2524=AXIS2_PLACEMENT_3D('',#2521,#2522,#2523);
#2526=CARTESIAN_POINT('',(5.E0,0.E0,0.E0));
#2527=DIRECTION('',(-1.E0,0.E0,0.E0));
#2528=DIRECTION('',(0.E0,-9.996462706202E-1,-2.659574468085E-2));
#2529=AXIS2_PLACEMENT_3D('',#2526,#2527,#2528);
#2531=DIRECTION('',(0.E0,9.985843306699E-1,-5.319148936163E-2));
#2532=VECTOR('',#2531,2.E-1);
#2533=CARTESIAN_POINT('',(5.E0,-4.893063220283E0,2.606382978723E-1));
#2534=LINE('',#2533,#2532);
#2535=DIRECTION('',(-1.820765319051E-13,-9.943252294084E-1,-1.063829787232E-1));
#2536=VECTOR('',#2535,2.000000484779E-1);
#2537=CARTESIAN_POINT('',(4.553191542625E0,-4.673328530016E0,
-4.999999948428E-1));
#2538=LINE('',#2537,#2536);
#2539=DIRECTION('',(-1.909583755788E-13,9.996462706202E-1,2.659574468117E-2));
#2540=VECTOR('',#2539,1.999999839302E-1);
#2541=CARTESIAN_POINT('',(5.E0,-4.898266661514E0,-1.303191472195E-1));
#2542=LINE('',#2541,#2540);
#2543=DIRECTION('',(-1.E0,1.256884567745E-7,1.344737720523E-8));
#2544=VECTOR('',#2543,5.106384158130E-1);
#2545=CARTESIAN_POINT('',(4.553191542625E0,-4.872193624101E0,
-5.212765957447E-1));
#2546=LINE('',#2545,#2544);
#2547=CARTESIAN_POINT('',(4.042553126812E0,-4.872193559919E0,
-5.212765888779E-1));
#2548=CARTESIAN_POINT('',(4.091977984048E0,-4.876820490890E0,
-4.780302514135E-1));
#2549=CARTESIAN_POINT('',(4.190989472602E0,-4.884925033661E0,
-3.913948037499E-1));
#2550=CARTESIAN_POINT('',(4.339948640937E0,-4.893622763148E0,
-2.610556514354E-1));
#2551=CARTESIAN_POINT('',(4.439518489969E0,-4.897106399779E0,
-1.739319837282E-1));
#2552=CARTESIAN_POINT('',(4.489361763E0,-4.898266726039E0,-1.303191489363E-1));
#2554=DIRECTION('',(-1.E0,0.E0,4.025032820126E-14));
#2555=VECTOR('',#2554,2.489361763E0);
#2556=CARTESIAN_POINT('',(4.489361763E0,-4.898266726039E0,-1.303191489363E-1));
#2557=LINE('',#2556,#2555);
#2558=DIRECTION('',(1.E0,0.E0,0.E0));
#2559=VECTOR('',#2558,3.E0);
#2560=CARTESIAN_POINT('',(2.E0,-4.893063220283E0,2.606382978723E-1));
#2561=LINE('',#2560,#2559);
#2562=CARTESIAN_POINT('',(5.E0,-4.898266661514E0,-1.303191472195E-1));
#2563=CARTESIAN_POINT('',(4.950156746094E0,-4.897106335280E0,
-1.739319810080E-1));
#2564=CARTESIAN_POINT('',(4.850586938084E0,-4.893622801822E0,
-2.610556534205E-1));
#2565=CARTESIAN_POINT('',(4.701627829352E0,-4.884924995066E0,
-3.913948005865E-1));
#2566=CARTESIAN_POINT('',(4.602616379250E0,-4.876820555176E0,
-4.780302572983E-1));
#2567=CARTESIAN_POINT('',(4.553191542625E0,-4.872193624101E0,
-5.212765957447E-1));
#2569=CARTESIAN_POINT('',(4.7E0,-3.148836573705E-11,-5.358378848434E0));
#2570=CARTESIAN_POINT('',(-4.699347518475E0,7.831283804274E-2,
-5.358378848434E0));
#2571=VERTEX_POINT('',#2569);
#2572=VERTEX_POINT('',#2570);
#2573=CARTESIAN_POINT('',(-4.7E0,0.E0,-5.358378848434E0));
#2574=VERTEX_POINT('',#2573);
#2575=CARTESIAN_POINT('',(4.7E0,-1.574389507653E-11,-4.7E0));
#2576=VERTEX_POINT('',#2575);
#2577=VERTEX_POINT('',#356);
#2578=VERTEX_POINT('',#167);
#2579=CARTESIAN_POINT('',(4.7E0,-3.448661844955E-12,4.7E0));
#2580=CARTESIAN_POINT('',(4.7E0,-1.864043410959E-10,5.358378848434E0));
#2581=VERTEX_POINT('',#2579);
#2582=VERTEX_POINT('',#2580);
#2583=CARTESIAN_POINT('',(-4.699406176744E0,7.471001258439E-2,
5.358378848434E0));
#2584=VERTEX_POINT('',#2583);
#2585=CARTESIAN_POINT('',(-4.7E0,0.E0,5.358378848434E0));
#2586=VERTEX_POINT('',#2585);
#2587=CARTESIAN_POINT('',(-4.7E0,-1.729052456767E-11,4.7E0));
#2588=VERTEX_POINT('',#2587);
#2589=CARTESIAN_POINT('',(-5.301028394137E0,8.833962086395E-2,
-6.788391873542E0));
#2590=CARTESIAN_POINT('',(5.301764416123E0,0.E0,-6.788391873542E0));
#2591=VERTEX_POINT('',#2589);
#2592=VERTEX_POINT('',#2590);
#2593=CARTESIAN_POINT('',(-5.301764416123E0,7.166315912515E-12,
-6.788391873542E0));
#2594=VERTEX_POINT('',#2593);
#2595=CARTESIAN_POINT('',(-6.588940855504E0,2.897466341004E-12,
-8.046964392048E0));
#2596=VERTEX_POINT('',#2595);
#2597=CARTESIAN_POINT('',(6.588433189810E0,8.179059078155E-2,
-8.046964392048E0));
#2598=VERTEX_POINT('',#2597);
#2599=CARTESIAN_POINT('',(6.588940855504E0,0.E0,-8.046964392048E0));
#2600=VERTEX_POINT('',#2599);
#2601=CARTESIAN_POINT('',(5.301028394137E0,-8.833962086395E-2,
-6.788391873542E0));
#2602=VERTEX_POINT('',#2601);
#2603=CARTESIAN_POINT('',(-6.588433189810E0,-8.179059078155E-2,
-8.046964392048E0));
#2604=VERTEX_POINT('',#2603);
#2605=CARTESIAN_POINT('',(4.699347518475E0,-7.831283804274E-2,
-5.358378848434E0));
#2606=VERTEX_POINT('',#2605);
#2607=VERTEX_POINT('',#92);
#2608=CARTESIAN_POINT('',(4.699406176744E0,-7.471001258439E-2,
5.358378848434E0));
#2609=VERTEX_POINT('',#2608);
#2610=CARTESIAN_POINT('',(-5.358378848434E0,-3.458162471934E-11,4.7E0));
#2611=CARTESIAN_POINT('',(-5.358378848434E0,-7.183588124693E-2,
-4.699450989867E0));
#2612=VERTEX_POINT('',#2610);
#2613=VERTEX_POINT('',#2611);
#2614=CARTESIAN_POINT('',(-5.358378848434E0,0.E0,-4.7E0));
#2615=VERTEX_POINT('',#2614);
#2616=CARTESIAN_POINT('',(-6.788391874871E0,-8.103338704116E-2,
-5.301145114847E0));
#2617=CARTESIAN_POINT('',(-6.788391874871E0,-1.163133478421E-11,
5.301764417482E0));
#2618=VERTEX_POINT('',#2616);
#2619=VERTEX_POINT('',#2617);
#2620=CARTESIAN_POINT('',(-6.788391874871E0,0.E0,-5.301764417482E0));
#2621=VERTEX_POINT('',#2620);
#2622=CARTESIAN_POINT('',(-8.046964393309E0,2.066385357391E-11,
-6.588940856793E0));
#2623=VERTEX_POINT('',#2622);
#2624=CARTESIAN_POINT('',(-8.046964393309E0,-8.916531918196E-2,
6.588337511100E0));
#2625=VERTEX_POINT('',#2624);
#2626=CARTESIAN_POINT('',(-8.046964393309E0,-1.445562995441E-11,
6.588940856793E0));
#2627=VERTEX_POINT('',#2626);
#2628=CARTESIAN_POINT('',(-6.788391874871E0,8.103338704116E-2,
5.301145114847E0));
#2629=VERTEX_POINT('',#2628);
#2630=CARTESIAN_POINT('',(-8.046964393309E0,8.916531918196E-2,
-6.588337511100E0));
#2631=VERTEX_POINT('',#2630);
#2632=CARTESIAN_POINT('',(-5.358378848434E0,7.183588124693E-2,
4.699450989867E0));
#2633=VERTEX_POINT('',#2632);
#2634=CARTESIAN_POINT('',(-8.904972690940E0,-1.063048163865E-11,6.95E0));
#2635=CARTESIAN_POINT('',(-8.904972690940E0,0.E0,-6.95E0));
#2636=VERTEX_POINT('',#2634);
#2637=VERTEX_POINT('',#2635);
#2638=CARTESIAN_POINT('',(-1.127056301887E1,9.428988888043E-11,6.95E0));
#2639=VERTEX_POINT('',#2638);
#2640=CARTESIAN_POINT('',(-1.127056301887E1,0.E0,-6.95E0));
#2641=CARTESIAN_POINT('',(-1.127056301887E1,8.228289871682E-2,
6.949512898368E0));
#2642=VERTEX_POINT('',#2640);
#2643=VERTEX_POINT('',#2641);
#2644=CARTESIAN_POINT('',(-1.127056301887E1,-8.228289871682E-2,
-6.949512898368E0));
#2645=VERTEX_POINT('',#2644);
#2646=CARTESIAN_POINT('',(-1.169456212407E1,-8.372256917987E-2,
-7.071105703293E0));
#2647=CARTESIAN_POINT('',(-1.169456212407E1,-6.738759550373E-11,
7.071601327545E0));
#2648=VERTEX_POINT('',#2646);
#2649=VERTEX_POINT('',#2647);
#2650=CARTESIAN_POINT('',(-1.169456212407E1,0.E0,-7.071601327545E0));
#2651=VERTEX_POINT('',#2650);
#2652=CARTESIAN_POINT('',(-1.257839862174E1,1.722300481265E-10,
-7.623999138586E0));
#2653=VERTEX_POINT('',#2652);
#2654=CARTESIAN_POINT('',(-1.257839862174E1,-9.312359510402E-2,
7.623430386722E0));
#2655=VERTEX_POINT('',#2654);
#2656=CARTESIAN_POINT('',(-1.257839862174E1,-7.265205146604E-11,
7.623999138586E0));
#2657=VERTEX_POINT('',#2656);
#2658=CARTESIAN_POINT('',(-1.169456212407E1,8.372256917987E-2,
7.071105703293E0));
#2659=VERTEX_POINT('',#2658);
#2660=CARTESIAN_POINT('',(-1.257839862174E1,9.312359510402E-2,
-7.623430386722E0));
#2661=VERTEX_POINT('',#2660);
#2662=CARTESIAN_POINT('',(-1.284339811321E1,-5.848265604131E-12,7.7E0));
#2663=CARTESIAN_POINT('',(-1.284339811321E1,0.E0,-7.7E0));
#2664=VERTEX_POINT('',#2662);
#2665=VERTEX_POINT('',#2663);
#2666=CARTESIAN_POINT('',(-1.37E1,-3.898843736087E-12,7.7E0));
#2667=VERTEX_POINT('',#2666);
#2668=CARTESIAN_POINT('',(-1.37E1,0.E0,-7.7E0));
#2669=VERTEX_POINT('',#2668);
#2670=CARTESIAN_POINT('',(-1.37E1,0.E0,-6.35E0));
#2671=CARTESIAN_POINT('',(-1.37E1,0.E0,6.35E0));
#2672=VERTEX_POINT('',#2670);
#2673=VERTEX_POINT('',#2671);
#2674=CARTESIAN_POINT('',(-1.59E1,0.E0,6.35E0));
#2675=VERTEX_POINT('',#2674);
#2676=CARTESIAN_POINT('',(-1.59E1,0.E0,-6.35E0));
#2677=VERTEX_POINT('',#2676);
#2678=CARTESIAN_POINT('',(-1.59E1,0.E0,-6.8E0));
#2679=CARTESIAN_POINT('',(-1.59E1,0.E0,6.8E0));
#2680=VERTEX_POINT('',#2678);
#2681=VERTEX_POINT('',#2679);
#2682=CARTESIAN_POINT('',(-1.67E1,0.E0,6.8E0));
#2683=VERTEX_POINT('',#2682);
#2684=CARTESIAN_POINT('',(-1.67E1,0.E0,-6.8E0));
#2685=VERTEX_POINT('',#2684);
#2686=CARTESIAN_POINT('',(-1.79E1,-3.114450919384E-11,6.4E0));
#2687=VERTEX_POINT('',#2686);
#2688=CARTESIAN_POINT('',(-1.79E1,0.E0,-6.4E0));
#2689=VERTEX_POINT('',#2688);
#2690=CARTESIAN_POINT('',(-1.97E1,-6.228980216162E-11,6.4E0));
#2691=CARTESIAN_POINT('',(-1.97E1,0.E0,-6.4E0));
#2692=VERTEX_POINT('',#2690);
#2693=VERTEX_POINT('',#2691);
#2694=CARTESIAN_POINT('',(-1.99E1,-8.692004174225E-2,6.199390420632E0));
#2695=CARTESIAN_POINT('',(-1.99E1,0.E0,-6.199999732345E0));
#2696=VERTEX_POINT('',#2694);
#2697=VERTEX_POINT('',#2695);
#2698=CARTESIAN_POINT('',(-1.99E1,0.E0,6.199999732345E0));
#2699=VERTEX_POINT('',#2698);
#2700=CARTESIAN_POINT('',(-1.99E1,8.692004174225E-2,-6.199390420632E0));
#2701=VERTEX_POINT('',#2700);
#2702=CARTESIAN_POINT('',(-1.99E1,0.E0,5.7E0));
#2703=CARTESIAN_POINT('',(-1.99E1,0.E0,-5.7E0));
#2704=VERTEX_POINT('',#2702);
#2705=VERTEX_POINT('',#2703);
#2706=CARTESIAN_POINT('',(-1.670018979534E1,0.E0,-5.700000000001E0));
#2707=CARTESIAN_POINT('',(-1.670018979534E1,2.733452898756E-9,
5.700000000001E0));
#2708=VERTEX_POINT('',#2706);
#2709=VERTEX_POINT('',#2707);
#2710=CARTESIAN_POINT('',(-1.590002919392E1,3.920325965194E-9,
5.449977314618E0));
#2711=VERTEX_POINT('',#2710);
#2712=CARTESIAN_POINT('',(-1.590003628303E1,0.E0,-5.449954629237E0));
#2713=VERTEX_POINT('',#2712);
#2714=CARTESIAN_POINT('',(-9.4E0,6.760258573805E-13,-5.45E0));
#2715=VERTEX_POINT('',#2714);
#2716=CARTESIAN_POINT('',(-9.4E0,2.613555059961E-9,5.45E0));
#2717=VERTEX_POINT('',#2716);
#2718=CARTESIAN_POINT('',(-9.1E0,-1.277630722011E-12,5.149999770484E0));
#2719=VERTEX_POINT('',#2718);
#2720=CARTESIAN_POINT('',(-9.1E0,8.887253536394E-2,-5.149232885435E0));
#2721=VERTEX_POINT('',#2720);
#2722=CARTESIAN_POINT('',(-9.1E0,0.E0,-5.149999770484E0));
#2723=VERTEX_POINT('',#2722);
#2724=CARTESIAN_POINT('',(-9.1E0,-8.887253536394E-2,5.149232885435E0));
#2725=VERTEX_POINT('',#2724);
#2726=CARTESIAN_POINT('',(-9.100025068231E0,0.E0,-3.549965428290E0));
#2727=CARTESIAN_POINT('',(-9.100025068231E0,0.E0,3.549965428290E0));
#2728=VERTEX_POINT('',#2726);
#2729=VERTEX_POINT('',#2727);
#2730=CARTESIAN_POINT('',(-8.800020266186E0,0.E0,-3.249988555300E0));
#2731=VERTEX_POINT('',#2730);
#2732=CARTESIAN_POINT('',(-8.800031710693E0,-3.733492375560E-9,
3.249977110600E0));
#2733=VERTEX_POINT('',#2732);
#2734=CARTESIAN_POINT('',(-4.8E0,-2.489012446887E-9,3.25E0));
#2735=VERTEX_POINT('',#2734);
#2736=CARTESIAN_POINT('',(-4.8E0,0.E0,-3.25E0));
#2737=VERTEX_POINT('',#2736);
#2738=CARTESIAN_POINT('',(-4.8E0,0.E0,2.25E0));
#2739=CARTESIAN_POINT('',(-4.8E0,0.E0,-2.25E0));
#2740=VERTEX_POINT('',#2738);
#2741=VERTEX_POINT('',#2739);
#2742=CARTESIAN_POINT('',(-2.25E0,0.E0,2.25E0));
#2743=VERTEX_POINT('',#2742);
#2744=VERTEX_POINT('',#877);
#2745=VERTEX_POINT('',#1359);
#2746=VERTEX_POINT('',#899);
#2747=VERTEX_POINT('',#1891);
#2748=CARTESIAN_POINT('',(2.25E0,0.E0,4.8E0));
#2749=VERTEX_POINT('',#2748);
#2750=CARTESIAN_POINT('',(-2.25E0,0.E0,4.8E0));
#2751=VERTEX_POINT('',#2750);
#2752=CARTESIAN_POINT('',(-2.25E0,0.E0,-4.8E0));
#2753=VERTEX_POINT('',#2752);
#2754=CARTESIAN_POINT('',(2.25E0,0.E0,-4.8E0));
#2755=VERTEX_POINT('',#2754);
#2756=CARTESIAN_POINT('',(2.25E0,0.E0,-2.25E0));
#2757=VERTEX_POINT('',#2756);
#2758=CARTESIAN_POINT('',(4.8E0,0.E0,-2.25E0));
#2759=VERTEX_POINT('',#2758);
#2760=CARTESIAN_POINT('',(4.8E0,0.E0,2.25E0));
#2761=VERTEX_POINT('',#2760);
#2762=CARTESIAN_POINT('',(-3.25E0,0.E0,-4.8E0));
#2763=CARTESIAN_POINT('',(3.25E0,0.E0,-4.8E0));
#2764=VERTEX_POINT('',#2762);
#2765=VERTEX_POINT('',#2763);
#2766=CARTESIAN_POINT('',(0.E0,-3.249977110600E0,-8.800031710693E0));
#2767=CARTESIAN_POINT('',(-3.249977110600E0,0.E0,-8.800031710693E0));
#2768=VERTEX_POINT('',#2766);
#2769=VERTEX_POINT('',#2767);
#2770=CARTESIAN_POINT('',(3.249977110600E0,-3.733492375560E-9,
-8.800031710693E0));
#2771=VERTEX_POINT('',#2770);
#2772=CARTESIAN_POINT('',(0.E0,-3.549965428290E0,-9.100025068231E0));
#2773=CARTESIAN_POINT('',(-3.549965428290E0,0.E0,-9.100025068231E0));
#2774=VERTEX_POINT('',#2772);
#2775=VERTEX_POINT('',#2773);
#2776=CARTESIAN_POINT('',(3.549965428290E0,0.E0,-9.100025068231E0));
#2777=VERTEX_POINT('',#2776);
#2778=CARTESIAN_POINT('',(-5.149999768756E0,0.E0,-9.1E0));
#2779=CARTESIAN_POINT('',(5.149999768756E0,0.E0,-9.1E0));
#2780=VERTEX_POINT('',#2778);
#2781=VERTEX_POINT('',#2779);
#2782=CARTESIAN_POINT('',(0.E0,3.549965428290E0,-9.100025068231E0));
#2783=VERTEX_POINT('',#2782);
#2784=CARTESIAN_POINT('',(-5.449317139767E0,-8.627114373397E-2,-9.4E0));
#2785=CARTESIAN_POINT('',(5.45E0,2.613555386E-9,-9.4E0));
#2786=VERTEX_POINT('',#2784);
#2787=VERTEX_POINT('',#2785);
#2788=CARTESIAN_POINT('',(-5.45E0,0.E0,-9.4E0));
#2789=VERTEX_POINT('',#2788);
#2790=CARTESIAN_POINT('',(0.E0,-5.449954629237E0,-1.590003628303E1));
#2791=CARTESIAN_POINT('',(-5.449954629237E0,0.E0,-1.590003628303E1));
#2792=VERTEX_POINT('',#2790);
#2793=VERTEX_POINT('',#2791);
#2794=CARTESIAN_POINT('',(5.449954629237E0,2.613533302165E-9,
-1.590003628303E1));
#2795=VERTEX_POINT('',#2794);
#2796=CARTESIAN_POINT('',(-5.700000000001E0,0.E0,-1.670018979534E1));
#2797=CARTESIAN_POINT('',(0.E0,-5.700000000001E0,-1.670018979534E1));
#2798=VERTEX_POINT('',#2796);
#2799=VERTEX_POINT('',#2797);
#2800=CARTESIAN_POINT('',(5.700000000001E0,2.733452565689E-9,
-1.670018979534E1));
#2801=VERTEX_POINT('',#2800);
#2802=CARTESIAN_POINT('',(-5.7E0,0.E0,-1.99E1));
#2803=VERTEX_POINT('',#2802);
#2804=CARTESIAN_POINT('',(5.7E0,0.E0,-1.99E1));
#2805=VERTEX_POINT('',#2804);
#2806=CARTESIAN_POINT('',(0.E0,5.700000000001E0,-1.670018979534E1));
#2807=VERTEX_POINT('',#2806);
#2808=CARTESIAN_POINT('',(0.E0,5.449954629237E0,-1.590003628303E1));
#2809=VERTEX_POINT('',#2808);
#2810=CARTESIAN_POINT('',(5.449317139767E0,8.627114373397E-2,-9.4E0));
#2811=VERTEX_POINT('',#2810);
#2812=CARTESIAN_POINT('',(-6.198770175016E0,-1.234706380508E-1,-1.99E1));
#2813=CARTESIAN_POINT('',(6.199999732349E0,1.926236947725E-14,-1.99E1));
#2814=VERTEX_POINT('',#2812);
#2815=VERTEX_POINT('',#2813);
#2816=CARTESIAN_POINT('',(-6.199999732349E0,-1.857673546979E-14,-1.99E1));
#2817=VERTEX_POINT('',#2816);
#2818=CARTESIAN_POINT('',(6.198770175016E0,1.234706380508E-1,-1.99E1));
#2819=VERTEX_POINT('',#2818);
#2820=CARTESIAN_POINT('',(-6.4E0,0.E0,-1.97E1));
#2821=VERTEX_POINT('',#2820);
#2822=CARTESIAN_POINT('',(-6.398730779472E0,-1.274535673610E-1,-1.97E1));
#2823=CARTESIAN_POINT('',(6.4E0,1.986446285240E-10,-1.97E1));
#2824=VERTEX_POINT('',#2822);
#2825=VERTEX_POINT('',#2823);
#2826=CARTESIAN_POINT('',(6.398730779472E0,1.274535673610E-1,-1.97E1));
#2827=VERTEX_POINT('',#2826);
#2828=CARTESIAN_POINT('',(6.4E0,9.932172200154E-11,-1.79E1));
#2829=VERTEX_POINT('',#2828);
#2830=CARTESIAN_POINT('',(-6.4E0,0.E0,-1.79E1));
#2831=VERTEX_POINT('',#2830);
#2832=CARTESIAN_POINT('',(6.8E0,0.E0,-1.67E1));
#2833=VERTEX_POINT('',#2832);
#2834=CARTESIAN_POINT('',(-6.8E0,0.E0,-1.67E1));
#2835=VERTEX_POINT('',#2834);
#2836=CARTESIAN_POINT('',(6.8E0,0.E0,-1.59E1));
#2837=VERTEX_POINT('',#2836);
#2838=CARTESIAN_POINT('',(-6.8E0,0.E0,-1.59E1));
#2839=VERTEX_POINT('',#2838);
#2840=CARTESIAN_POINT('',(-6.35E0,0.E0,-1.59E1));
#2841=CARTESIAN_POINT('',(6.35E0,0.E0,-1.59E1));
#2842=VERTEX_POINT('',#2840);
#2843=VERTEX_POINT('',#2841);
#2844=CARTESIAN_POINT('',(6.35E0,0.E0,-1.37E1));
#2845=VERTEX_POINT('',#2844);
#2846=CARTESIAN_POINT('',(-6.35E0,0.E0,-1.37E1));
#2847=VERTEX_POINT('',#2846);
#2848=CARTESIAN_POINT('',(-7.7E0,0.E0,-1.37E1));
#2849=CARTESIAN_POINT('',(7.7E0,0.E0,-1.37E1));
#2850=VERTEX_POINT('',#2848);
#2851=VERTEX_POINT('',#2849);
#2852=CARTESIAN_POINT('',(7.7E0,-5.547350755537E-12,-1.284339811321E1));
#2853=CARTESIAN_POINT('',(-7.699516671811E0,-8.627294188219E-2,
-1.284339811321E1));
#2854=VERTEX_POINT('',#2852);
#2855=VERTEX_POINT('',#2853);
#2856=CARTESIAN_POINT('',(-7.7E0,0.E0,-1.284339811321E1));
#2857=VERTEX_POINT('',#2856);
#2858=CARTESIAN_POINT('',(-7.623999138591E0,-2.992753815106E-10,
-1.257839862175E1));
#2859=VERTEX_POINT('',#2858);
#2860=CARTESIAN_POINT('',(-7.623520580968E0,-8.542140709008E-2,
-1.257839862175E1));
#2861=CARTESIAN_POINT('',(7.623999138591E0,0.E0,-1.257839862175E1));
#2862=VERTEX_POINT('',#2860);
#2863=VERTEX_POINT('',#2861);
#2864=CARTESIAN_POINT('',(7.699516671811E0,8.627294188212E-2,
-1.284339811321E1));
#2865=VERTEX_POINT('',#2864);
#2866=CARTESIAN_POINT('',(7.623520580968E0,8.542140709001E-2,
-1.257839862175E1));
#2867=VERTEX_POINT('',#2866);
#2868=CARTESIAN_POINT('',(-7.071012292621E0,9.127153620182E-2,
-1.169456212407E1));
#2869=CARTESIAN_POINT('',(7.071601327543E0,0.E0,-1.169456212407E1));
#2870=VERTEX_POINT('',#2868);
#2871=VERTEX_POINT('',#2869);
#2872=CARTESIAN_POINT('',(-7.071601327543E0,-4.606457365740E-11,
-1.169456212407E1));
#2873=VERTEX_POINT('',#2872);
#2874=CARTESIAN_POINT('',(6.95E0,-2.286110176164E-10,-1.127056301887E1));
#2875=VERTEX_POINT('',#2874);
#2876=CARTESIAN_POINT('',(-6.949421093961E0,8.970205576098E-2,
-1.127056301887E1));
#2877=VERTEX_POINT('',#2876);
#2878=CARTESIAN_POINT('',(-6.95E0,0.E0,-1.127056301887E1));
#2879=VERTEX_POINT('',#2878);
#2880=CARTESIAN_POINT('',(7.071012292621E0,-9.127153620182E-2,
-1.169456212407E1));
#2881=VERTEX_POINT('',#2880);
#2882=CARTESIAN_POINT('',(6.949421093961E0,-8.970205576097E-2,
-1.127056301887E1));
#2883=VERTEX_POINT('',#2882);
#2884=CARTESIAN_POINT('',(6.95E0,-1.134653108062E-11,-8.904972690940E0));
#2885=CARTESIAN_POINT('',(-6.949464515367E0,-8.627253126077E-2,
-8.904972690940E0));
#2886=VERTEX_POINT('',#2884);
#2887=VERTEX_POINT('',#2885);
#2888=CARTESIAN_POINT('',(-6.95E0,0.E0,-8.904972690940E0));
#2889=VERTEX_POINT('',#2888);
#2890=CARTESIAN_POINT('',(6.949464515367E0,8.627253126076E-2,
-8.904972690940E0));
#2891=VERTEX_POINT('',#2890);
#2892=CARTESIAN_POINT('',(0.E0,3.249977110600E0,-8.800031710693E0));
#2893=VERTEX_POINT('',#2892);
#2894=CARTESIAN_POINT('',(-3.25E0,0.E0,4.8E0));
#2895=CARTESIAN_POINT('',(3.25E0,0.E0,4.8E0));
#2896=VERTEX_POINT('',#2894);
#2897=VERTEX_POINT('',#2895);
#2898=CARTESIAN_POINT('',(3.249973662038E0,3.430769415447E-10,
8.800033521145E0));
#2899=CARTESIAN_POINT('',(-1.124080879154E-14,3.249973662038E0,
8.800033521145E0));
#2900=VERTEX_POINT('',#2898);
#2901=VERTEX_POINT('',#2899);
#2902=CARTESIAN_POINT('',(-3.249973662038E0,0.E0,8.800033521145E0));
#2903=VERTEX_POINT('',#2902);
#2904=CARTESIAN_POINT('',(-3.549963443295E0,-5.861832130239E-10,
9.100019218477E0));
#2905=VERTEX_POINT('',#2904);
#2906=CARTESIAN_POINT('',(3.549963443295E0,-6.771991302319E-14,
9.100028827715E0));
#2907=CARTESIAN_POINT('',(-1.313333171609E-14,3.549963443295E0,
9.100028827715E0));
#2908=VERTEX_POINT('',#2906);
#2909=VERTEX_POINT('',#2907);
#2910=CARTESIAN_POINT('',(0.E0,-3.249973662038E0,8.800033521145E0));
#2911=VERTEX_POINT('',#2910);
#2912=CARTESIAN_POINT('',(0.E0,-3.549963443295E0,9.100028827715E0));
#2913=VERTEX_POINT('',#2912);
#2914=CARTESIAN_POINT('',(5.149999625173E0,0.E0,9.1E0));
#2915=CARTESIAN_POINT('',(-5.148591225831E0,-1.204347482382E-1,9.1E0));
#2916=VERTEX_POINT('',#2914);
#2917=VERTEX_POINT('',#2915);
#2918=CARTESIAN_POINT('',(-5.149999625173E0,0.E0,9.1E0));
#2919=VERTEX_POINT('',#2918);
#2920=CARTESIAN_POINT('',(5.148591225831E0,1.204347482382E-1,9.1E0));
#2921=VERTEX_POINT('',#2920);
#2922=CARTESIAN_POINT('',(5.45E0,0.E0,9.4E0));
#2923=VERTEX_POINT('',#2922);
#2924=CARTESIAN_POINT('',(-5.448509557869E0,-1.274503739165E-1,9.4E0));
#2925=VERTEX_POINT('',#2924);
#2926=CARTESIAN_POINT('',(-5.45E0,0.E0,9.4E0));
#2927=VERTEX_POINT('',#2926);
#2928=CARTESIAN_POINT('',(5.448509557869E0,1.274503739165E-1,9.4E0));
#2929=VERTEX_POINT('',#2928);
#2930=CARTESIAN_POINT('',(5.449949211317E0,-1.167879524305E-9,
1.590003385118E1));
#2931=CARTESIAN_POINT('',(0.E0,5.449949211317E0,1.590003385118E1));
#2932=VERTEX_POINT('',#2930);
#2933=VERTEX_POINT('',#2931);
#2934=CARTESIAN_POINT('',(-5.449949211317E0,0.E0,1.590003385118E1));
#2935=VERTEX_POINT('',#2934);
#2936=CARTESIAN_POINT('',(-5.7E0,1.221458474291E-9,1.670020538491E1));
#2937=VERTEX_POINT('',#2936);
#2938=CARTESIAN_POINT('',(0.E0,5.7E0,1.670020538491E1));
#2939=CARTESIAN_POINT('',(5.7E0,-1.221453237162E-9,1.670020538491E1));
#2940=VERTEX_POINT('',#2938);
#2941=VERTEX_POINT('',#2939);
#2942=CARTESIAN_POINT('',(-1.160438453058E-14,-5.449949211317E0,
1.590003385118E1));
#2943=VERTEX_POINT('',#2942);
#2944=CARTESIAN_POINT('',(-1.173991257041E-14,-5.7E0,1.670020538491E1));
#2945=VERTEX_POINT('',#2944);
#2946=CARTESIAN_POINT('',(5.7E0,-8.143022747719E-10,1.99E1));
#2947=VERTEX_POINT('',#2946);
#2948=CARTESIAN_POINT('',(-5.7E0,0.E0,1.99E1));
#2949=VERTEX_POINT('',#2948);
#2950=CARTESIAN_POINT('',(6.199999896268E0,0.E0,1.99E1));
#2951=CARTESIAN_POINT('',(-6.199999896268E0,0.E0,1.99E1));
#2952=VERTEX_POINT('',#2950);
#2953=VERTEX_POINT('',#2951);
#2954=CARTESIAN_POINT('',(6.4E0,-6.901574823654E-12,1.97E1));
#2955=CARTESIAN_POINT('',(-6.399418498495E0,-8.627213406285E-2,1.97E1));
#2956=VERTEX_POINT('',#2954);
#2957=VERTEX_POINT('',#2955);
#2958=CARTESIAN_POINT('',(-6.4E0,0.E0,1.97E1));
#2959=VERTEX_POINT('',#2958);
#2960=CARTESIAN_POINT('',(6.4E0,-3.450395524851E-12,1.79E1));
#2961=VERTEX_POINT('',#2960);
#2962=CARTESIAN_POINT('',(-6.4E0,0.E0,1.79E1));
#2963=VERTEX_POINT('',#2962);
#2964=CARTESIAN_POINT('',(6.399418498495E0,8.627213406285E-2,1.97E1));
#2965=VERTEX_POINT('',#2964);
#2966=CARTESIAN_POINT('',(6.8E0,0.E0,1.67E1));
#2967=VERTEX_POINT('',#2966);
#2968=CARTESIAN_POINT('',(-6.8E0,0.E0,1.67E1));
#2969=VERTEX_POINT('',#2968);
#2970=CARTESIAN_POINT('',(6.8E0,0.E0,1.59E1));
#2971=VERTEX_POINT('',#2970);
#2972=CARTESIAN_POINT('',(-6.8E0,0.E0,1.59E1));
#2973=VERTEX_POINT('',#2972);
#2974=CARTESIAN_POINT('',(6.35E0,0.E0,1.59E1));
#2975=CARTESIAN_POINT('',(-6.35E0,0.E0,1.59E1));
#2976=VERTEX_POINT('',#2974);
#2977=VERTEX_POINT('',#2975);
#2978=CARTESIAN_POINT('',(6.35E0,0.E0,1.37E1));
#2979=VERTEX_POINT('',#2978);
#2980=CARTESIAN_POINT('',(-6.35E0,0.E0,1.37E1));
#2981=VERTEX_POINT('',#2980);
#2982=CARTESIAN_POINT('',(7.7E0,0.E0,1.37E1));
#2983=CARTESIAN_POINT('',(-7.7E0,0.E0,1.37E1));
#2984=VERTEX_POINT('',#2982);
#2985=VERTEX_POINT('',#2983);
#2986=CARTESIAN_POINT('',(-7.699465918125E0,-9.068944612866E-2,
1.284339811321E1));
#2987=CARTESIAN_POINT('',(7.7E0,8.275111151868E-11,1.284339811321E1));
#2988=VERTEX_POINT('',#2986);
#2989=VERTEX_POINT('',#2987);
#2990=CARTESIAN_POINT('',(-7.7E0,0.E0,1.284339811321E1));
#2991=VERTEX_POINT('',#2990);
#2992=CARTESIAN_POINT('',(7.623999139117E0,9.301436616225E-13,
1.257839862259E1));
#2993=CARTESIAN_POINT('',(-7.623470328759E0,-8.979431937817E-2,
1.257839862259E1));
#2994=VERTEX_POINT('',#2992);
#2995=VERTEX_POINT('',#2993);
#2996=CARTESIAN_POINT('',(-7.623999139117E0,0.E0,1.257839862259E1));
#2997=VERTEX_POINT('',#2996);
#2998=CARTESIAN_POINT('',(-7.071601328476E0,0.E0,1.169456212556E1));
#2999=CARTESIAN_POINT('',(7.071065248407E0,-8.707239326112E-2,
1.169456212556E1));
#3000=VERTEX_POINT('',#2998);
#3001=VERTEX_POINT('',#2999);
#3002=CARTESIAN_POINT('',(7.071601328476E0,8.627543124362E-13,
1.169456212556E1));
#3003=VERTEX_POINT('',#3002);
#3004=CARTESIAN_POINT('',(6.949473138218E0,-8.557512012562E-2,
1.127056301887E1));
#3005=CARTESIAN_POINT('',(-6.95E0,0.E0,1.127056301887E1));
#3006=VERTEX_POINT('',#3004);
#3007=VERTEX_POINT('',#3005);
#3008=CARTESIAN_POINT('',(6.95E0,1.110260073519E-12,1.127056301887E1));
#3009=VERTEX_POINT('',#3008);
#3010=CARTESIAN_POINT('',(-6.949237706179E0,-1.029334883341E-1,
8.904972690940E0));
#3011=CARTESIAN_POINT('',(6.95E0,1.110680991623E-12,8.904972690940E0));
#3012=VERTEX_POINT('',#3010);
#3013=VERTEX_POINT('',#3011);
#3014=CARTESIAN_POINT('',(-6.95E0,0.E0,8.904972690940E0));
#3015=VERTEX_POINT('',#3014);
#3016=CARTESIAN_POINT('',(6.588940802294E0,4.967672707332E-12,
8.046964340021E0));
#3017=CARTESIAN_POINT('',(-6.588218110371E0,-9.758599441826E-2,
8.046964340021E0));
#3018=VERTEX_POINT('',#3016);
#3019=VERTEX_POINT('',#3017);
#3020=CARTESIAN_POINT('',(-6.588940802294E0,0.E0,8.046964340021E0));
#3021=VERTEX_POINT('',#3020);
#3022=CARTESIAN_POINT('',(-5.301764475853E0,0.E0,6.788391931945E0));
#3023=CARTESIAN_POINT('',(5.301094622439E0,-8.427550866179E-2,
6.788391931945E0));
#3024=VERTEX_POINT('',#3022);
#3025=VERTEX_POINT('',#3023);
#3026=CARTESIAN_POINT('',(5.301764475853E0,3.997219222285E-12,
6.788391931945E0));
#3027=VERTEX_POINT('',#3026);
#3028=CARTESIAN_POINT('',(-5.301094622439E0,8.427550866179E-2,
6.788391931945E0));
#3029=VERTEX_POINT('',#3028);
#3030=CARTESIAN_POINT('',(6.588218110371E0,9.758599441826E-2,8.046964340021E0));
#3031=VERTEX_POINT('',#3030);
#3032=CARTESIAN_POINT('',(6.949237706179E0,1.029334883341E-1,8.904972690940E0));
#3033=VERTEX_POINT('',#3032);
#3034=CARTESIAN_POINT('',(-6.949473138218E0,8.557512012562E-2,
1.127056301887E1));
#3035=VERTEX_POINT('',#3034);
#3036=CARTESIAN_POINT('',(-7.071065248407E0,8.707239326112E-2,
1.169456212556E1));
#3037=VERTEX_POINT('',#3036);
#3038=CARTESIAN_POINT('',(7.623470328759E0,8.979431937817E-2,1.257839862259E1));
#3039=VERTEX_POINT('',#3038);
#3040=CARTESIAN_POINT('',(7.699465918125E0,9.068944612866E-2,1.284339811321E1));
#3041=VERTEX_POINT('',#3040);
#3042=CARTESIAN_POINT('',(4.8E0,0.E0,-3.25E0));
#3043=CARTESIAN_POINT('',(4.8E0,0.E0,3.25E0));
#3044=VERTEX_POINT('',#3042);
#3045=VERTEX_POINT('',#3043);
#3046=CARTESIAN_POINT('',(8.800031710693E0,-3.733492375560E-9,
3.249977110600E0));
#3047=CARTESIAN_POINT('',(8.800031710693E0,0.E0,-3.249977110600E0));
#3048=VERTEX_POINT('',#3046);
#3049=VERTEX_POINT('',#3047);
#3050=CARTESIAN_POINT('',(9.100025068231E0,0.E0,3.549965428290E0));
#3051=CARTESIAN_POINT('',(9.100025068231E0,0.E0,-3.549965428290E0));
#3052=VERTEX_POINT('',#3050);
#3053=VERTEX_POINT('',#3051);
#3054=CARTESIAN_POINT('',(9.1E0,8.152226977620E-2,5.149354497189E0));
#3055=CARTESIAN_POINT('',(9.1E0,0.E0,-5.149999768756E0));
#3056=VERTEX_POINT('',#3054);
#3057=VERTEX_POINT('',#3055);
#3058=CARTESIAN_POINT('',(9.1E0,0.E0,5.149999768756E0));
#3059=VERTEX_POINT('',#3058);
#3060=CARTESIAN_POINT('',(9.1E0,-8.152226977620E-2,-5.149354497189E0));
#3061=VERTEX_POINT('',#3060);
#3062=CARTESIAN_POINT('',(9.4E0,2.613555059961E-9,5.45E0));
#3063=CARTESIAN_POINT('',(9.4E0,0.E0,-5.45E0));
#3064=VERTEX_POINT('',#3062);
#3065=VERTEX_POINT('',#3063);
#3066=CARTESIAN_POINT('',(1.590003628303E1,0.E0,-5.449954629237E0));
#3067=CARTESIAN_POINT('',(1.590003628303E1,2.613533302348E-9,5.449954629237E0));
#3068=VERTEX_POINT('',#3066);
#3069=VERTEX_POINT('',#3067);
#3070=CARTESIAN_POINT('',(1.670018979534E1,2.733453031982E-9,5.700000000001E0));
#3071=CARTESIAN_POINT('',(1.670018979534E1,0.E0,-5.700000000001E0));
#3072=VERTEX_POINT('',#3070);
#3073=VERTEX_POINT('',#3071);
#3074=CARTESIAN_POINT('',(1.99E1,1.822301905302E-9,5.7E0));
#3075=VERTEX_POINT('',#3074);
#3076=CARTESIAN_POINT('',(1.99E1,0.E0,-5.7E0));
#3077=VERTEX_POINT('',#3076);
#3078=CARTESIAN_POINT('',(1.99E1,-1.234706380508E-1,-6.198770175016E0));
#3079=CARTESIAN_POINT('',(1.99E1,1.926236947725E-14,6.199999732349E0));
#3080=VERTEX_POINT('',#3078);
#3081=VERTEX_POINT('',#3079);
#3082=CARTESIAN_POINT('',(1.99E1,-1.857673546979E-14,-6.199999732349E0));
#3083=VERTEX_POINT('',#3082);
#3084=CARTESIAN_POINT('',(1.99E1,1.234706380508E-1,6.198770175016E0));
#3085=VERTEX_POINT('',#3084);
#3086=CARTESIAN_POINT('',(1.97E1,0.E0,-6.4E0));
#3087=VERTEX_POINT('',#3086);
#3088=CARTESIAN_POINT('',(1.97E1,1.986413856061E-10,6.4E0));
#3089=VERTEX_POINT('',#3088);
#3090=CARTESIAN_POINT('',(1.79E1,9.932172200154E-11,6.4E0));
#3091=VERTEX_POINT('',#3090);
#3092=CARTESIAN_POINT('',(1.79E1,0.E0,-6.4E0));
#3093=VERTEX_POINT('',#3092);
#3094=CARTESIAN_POINT('',(1.67E1,0.E0,6.8E0));
#3095=VERTEX_POINT('',#3094);
#3096=CARTESIAN_POINT('',(1.67E1,0.E0,-6.8E0));
#3097=VERTEX_POINT('',#3096);
#3098=CARTESIAN_POINT('',(1.59E1,0.E0,6.8E0));
#3099=VERTEX_POINT('',#3098);
#3100=CARTESIAN_POINT('',(1.59E1,0.E0,-6.8E0));
#3101=VERTEX_POINT('',#3100);
#3102=CARTESIAN_POINT('',(1.59E1,0.E0,6.35E0));
#3103=CARTESIAN_POINT('',(1.59E1,0.E0,-6.35E0));
#3104=VERTEX_POINT('',#3102);
#3105=VERTEX_POINT('',#3103);
#3106=CARTESIAN_POINT('',(1.37E1,0.E0,6.35E0));
#3107=VERTEX_POINT('',#3106);
#3108=CARTESIAN_POINT('',(1.37E1,0.E0,-6.35E0));
#3109=VERTEX_POINT('',#3108);
#3110=CARTESIAN_POINT('',(1.37E1,0.E0,7.7E0));
#3111=CARTESIAN_POINT('',(1.37E1,0.E0,-7.7E0));
#3112=VERTEX_POINT('',#3110);
#3113=VERTEX_POINT('',#3111);
#3114=CARTESIAN_POINT('',(1.284339811321E1,0.E0,-7.7E0));
#3115=CARTESIAN_POINT('',(1.284339811321E1,-5.543931268621E-12,7.7E0));
#3116=VERTEX_POINT('',#3114);
#3117=VERTEX_POINT('',#3115);
#3118=CARTESIAN_POINT('',(1.257839862175E1,2.992771446695E-10,
7.623999138591E0));
#3119=VERTEX_POINT('',#3118);
#3120=CARTESIAN_POINT('',(1.257839862175E1,8.542140709001E-2,7.623520580968E0));
#3121=CARTESIAN_POINT('',(1.257839862175E1,-4.966289879338E-11,
-7.623999138591E0));
#3122=VERTEX_POINT('',#3120);
#3123=VERTEX_POINT('',#3121);
#3124=CARTESIAN_POINT('',(1.257839862175E1,-8.542140709008E-2,
-7.623520580968E0));
#3125=VERTEX_POINT('',#3124);
#3126=CARTESIAN_POINT('',(1.169456212407E1,-9.127153620182E-2,
7.071012292621E0));
#3127=CARTESIAN_POINT('',(1.169456212407E1,-4.606411085906E-11,
-7.071601327543E0));
#3128=VERTEX_POINT('',#3126);
#3129=VERTEX_POINT('',#3127);
#3130=CARTESIAN_POINT('',(1.169456212407E1,0.E0,7.071601327543E0));
#3131=VERTEX_POINT('',#3130);
#3132=CARTESIAN_POINT('',(1.127056301887E1,2.286048447764E-10,-6.95E0));
#3133=VERTEX_POINT('',#3132);
#3134=CARTESIAN_POINT('',(1.127056301887E1,-8.970205576097E-2,
6.949421093961E0));
#3135=VERTEX_POINT('',#3134);
#3136=CARTESIAN_POINT('',(1.127056301887E1,-1.134653482282E-11,6.95E0));
#3137=VERTEX_POINT('',#3136);
#3138=CARTESIAN_POINT('',(1.169456212407E1,9.127153620182E-2,
-7.071012292621E0));
#3139=VERTEX_POINT('',#3138);
#3140=CARTESIAN_POINT('',(1.127056301887E1,8.970205576098E-2,
-6.949421093961E0));
#3141=VERTEX_POINT('',#3140);
#3142=CARTESIAN_POINT('',(8.904972690940E0,0.E0,-6.95E0));
#3143=CARTESIAN_POINT('',(8.904972690940E0,-1.134344466061E-11,6.95E0));
#3144=VERTEX_POINT('',#3142);
#3145=VERTEX_POINT('',#3143);
#3146=CARTESIAN_POINT('',(8.046964392048E0,3.113759715096E-12,
6.588940855504E0));
#3147=VERTEX_POINT('',#3146);
#3148=CARTESIAN_POINT('',(8.046964392048E0,8.179059078155E-2,6.588433189810E0));
#3149=CARTESIAN_POINT('',(8.046964392048E0,8.903239256952E-12,
-6.588940855504E0));
#3150=VERTEX_POINT('',#3148);
#3151=VERTEX_POINT('',#3149);
#3152=CARTESIAN_POINT('',(8.046964392048E0,-8.179059078155E-2,
-6.588433189810E0));
#3153=VERTEX_POINT('',#3152);
#3154=CARTESIAN_POINT('',(6.788391873542E0,-8.833962086395E-2,
5.301028394137E0));
#3155=CARTESIAN_POINT('',(6.788391873542E0,7.164310811270E-12,
-5.301764416123E0));
#3156=VERTEX_POINT('',#3154);
#3157=VERTEX_POINT('',#3155);
#3158=CARTESIAN_POINT('',(6.788391873542E0,0.E0,5.301764416123E0));
#3159=VERTEX_POINT('',#3158);
#3160=CARTESIAN_POINT('',(5.358378848434E0,9.057966182668E-11,-4.7E0));
#3161=VERTEX_POINT('',#3160);
#3162=CARTESIAN_POINT('',(5.358378848434E0,-7.831283804274E-2,
4.699347518475E0));
#3163=VERTEX_POINT('',#3162);
#3164=CARTESIAN_POINT('',(5.358378848434E0,-3.148835359124E-11,4.7E0));
#3165=VERTEX_POINT('',#3164);
#3166=CARTESIAN_POINT('',(6.788391873542E0,8.833962086395E-2,
-5.301028394137E0));
#3167=VERTEX_POINT('',#3166);
#3168=CARTESIAN_POINT('',(5.358378848434E0,7.831283804274E-2,
-4.699347518475E0));
#3169=VERTEX_POINT('',#3168);
#3170=CARTESIAN_POINT('',(4.042553126812E0,-4.673328530016E0,
-4.999999948428E-1));
#3171=CARTESIAN_POINT('',(4.553191542625E0,-4.673328530016E0,
-4.999999948428E-1));
#3172=VERTEX_POINT('',#3170);
#3173=VERTEX_POINT('',#3171);
#3174=VERTEX_POINT('',#256);
#3175=CARTESIAN_POINT('',(5.E0,-4.693346354149E0,2.5E-1));
#3176=VERTEX_POINT('',#3175);
#3177=CARTESIAN_POINT('',(2.E0,-4.693346354149E0,2.5E-1));
#3178=VERTEX_POINT('',#3177);
#3179=CARTESIAN_POINT('',(2.E0,-4.698337471915E0,-1.25E-1));
#3180=VERTEX_POINT('',#3179);
#3181=CARTESIAN_POINT('',(4.489361763E0,-4.698337423454E0,-1.249999987108E-1));
#3182=VERTEX_POINT('',#3181);
#3183=CARTESIAN_POINT('',(4.042553126812E0,-4.872193559919E0,
-5.212765888779E-1));
#3184=VERTEX_POINT('',#3183);
#3185=CARTESIAN_POINT('',(4.553191542625E0,-4.872193624101E0,
-5.212765957447E-1));
#3186=VERTEX_POINT('',#3185);
#3187=CARTESIAN_POINT('',(4.489361763E0,-4.898266726039E0,-1.303191489363E-1));
#3188=VERTEX_POINT('',#3187);
#3189=CARTESIAN_POINT('',(2.E0,-4.898266726039E0,-1.303191489362E-1));
#3190=VERTEX_POINT('',#3189);
#3191=CARTESIAN_POINT('',(2.E0,-4.893063220283E0,2.606382978723E-1));
#3192=VERTEX_POINT('',#3191);
#3193=CARTESIAN_POINT('',(5.E0,-4.893063220283E0,2.606382978723E-1));
#3194=VERTEX_POINT('',#3193);
#3195=CARTESIAN_POINT('',(5.E0,-4.898266661514E0,-1.303191472195E-1));
#3196=VERTEX_POINT('',#3195);
#3197=CARTESIAN_POINT('',(0.E0,0.E0,-2.189E1));
#3198=DIRECTION('',(0.E0,0.E0,1.E0));
#3199=DIRECTION('',(-1.E0,0.E0,0.E0));
#3200=AXIS2_PLACEMENT_3D('',#3197,#3198,#3199);
#3201=CYLINDRICAL_SURFACE('',#3200,4.7E0);
#3203=ORIENTED_EDGE('',*,*,#3202,.F.);
#3205=ORIENTED_EDGE('',*,*,#3204,.F.);
#3207=ORIENTED_EDGE('',*,*,#3206,.T.);
#3209=ORIENTED_EDGE('',*,*,#3208,.F.);
#3211=ORIENTED_EDGE('',*,*,#3210,.F.);
#3213=ORIENTED_EDGE('',*,*,#3212,.F.);
#3214=EDGE_LOOP('',(#3203,#3205,#3207,#3209,#3211,#3213));
#3215=FACE_OUTER_BOUND('',#3214,.F.);
#3216=ADVANCED_FACE('',(#3215),#3201,.T.);
#3217=CARTESIAN_POINT('',(0.E0,0.E0,-5.358378848434E0));
#3218=DIRECTION('',(0.E0,0.E0,1.E0));
#3219=DIRECTION('',(9.998611741436E-1,-1.666230596654E-2,0.E0));
#3220=AXIS2_PLACEMENT_3D('',#3217,#3218,#3219);
#3221=TOROIDAL_SURFACE('',#3220,6.7E0,2.E0);
#3223=ORIENTED_EDGE('',*,*,#3222,.T.);
#3225=ORIENTED_EDGE('',*,*,#3224,.T.);
#3227=ORIENTED_EDGE('',*,*,#3226,.F.);
#3228=ORIENTED_EDGE('',*,*,#3204,.T.);
#3229=ORIENTED_EDGE('',*,*,#3202,.T.);
#3231=ORIENTED_EDGE('',*,*,#3230,.T.);
#3232=EDGE_LOOP('',(#3223,#3225,#3227,#3228,#3229,#3231));
#3233=FACE_OUTER_BOUND('',#3232,.F.);
#3234=ADVANCED_FACE('',(#3233),#3221,.F.);
#3235=CARTESIAN_POINT('',(0.E0,0.E0,-7.417678132795E0));
#3236=DIRECTION('',(0.E0,0.E0,-1.E0));
#3237=DIRECTION('',(1.E0,0.E0,0.E0));
#3238=AXIS2_PLACEMENT_3D('',#3235,#3236,#3237);
#3239=CONICAL_SURFACE('',#3238,5.945352635814E0,4.564374571418E1);
#3240=ORIENTED_EDGE('',*,*,#3224,.F.);
#3241=ORIENTED_EDGE('',*,*,#3222,.F.);
#3243=ORIENTED_EDGE('',*,*,#3242,.F.);
#3245=ORIENTED_EDGE('',*,*,#3244,.F.);
#3247=ORIENTED_EDGE('',*,*,#3246,.F.);
#3249=ORIENTED_EDGE('',*,*,#3248,.T.);
#3250=EDGE_LOOP('',(#3240,#3241,#3243,#3245,#3247,#3249));
#3251=FACE_OUTER_BOUND('',#3250,.F.);
#3252=ADVANCED_FACE('',(#3251),#3239,.T.);
#3253=CARTESIAN_POINT('',(0.E0,0.E0,-7.417678132795E0));
#3254=DIRECTION('',(0.E0,0.E0,-1.E0));
#3255=DIRECTION('',(1.E0,0.E0,0.E0));
#3256=AXIS2_PLACEMENT_3D('',#3253,#3254,#3255);
#3257=CONICAL_SURFACE('',#3256,5.945352635814E0,4.564374571418E1);
#3259=ORIENTED_EDGE('',*,*,#3258,.F.);
#3261=ORIENTED_EDGE('',*,*,#3260,.F.);
#3262=ORIENTED_EDGE('',*,*,#3248,.F.);
#3264=ORIENTED_EDGE('',*,*,#3263,.F.);
#3266=ORIENTED_EDGE('',*,*,#3265,.F.);
#3267=ORIENTED_EDGE('',*,*,#3242,.T.);
#3268=EDGE_LOOP('',(#3259,#3261,#3262,#3264,#3266,#3267));
#3269=FACE_OUTER_BOUND('',#3268,.F.);
#3270=ADVANCED_FACE('',(#3269),#3257,.T.);
#3271=CARTESIAN_POINT('',(0.E0,0.E0,-5.358378848434E0));
#3272=DIRECTION('',(0.E0,0.E0,1.E0));
#3273=DIRECTION('',(-9.998611741436E-1,1.666230596654E-2,0.E0));
#3274=AXIS2_PLACEMENT_3D('',#3271,#3272,#3273);
#3275=TOROIDAL_SURFACE('',#3274,6.7E0,2.E0);
#3276=ORIENTED_EDGE('',*,*,#3260,.T.);
#3277=ORIENTED_EDGE('',*,*,#3258,.T.);
#3278=ORIENTED_EDGE('',*,*,#3230,.F.);
#3280=ORIENTED_EDGE('',*,*,#3279,.T.);
#3282=ORIENTED_EDGE('',*,*,#3281,.T.);
#3283=ORIENTED_EDGE('',*,*,#3226,.T.);
#3284=EDGE_LOOP('',(#3276,#3277,#3278,#3280,#3282,#3283));
#3285=FACE_OUTER_BOUND('',#3284,.F.);
#3286=ADVANCED_FACE('',(#3285),#3275,.F.);
#3287=CARTESIAN_POINT('',(0.E0,0.E0,-2.189E1));
#3288=DIRECTION('',(0.E0,0.E0,1.E0));
#3289=DIRECTION('',(-1.E0,0.E0,0.E0));
#3290=AXIS2_PLACEMENT_3D('',#3287,#3288,#3289);
#3291=CYLINDRICAL_SURFACE('',#3290,4.7E0);
#3292=ORIENTED_EDGE('',*,*,#3281,.F.);
#3293=ORIENTED_EDGE('',*,*,#3279,.F.);
#3294=ORIENTED_EDGE('',*,*,#3212,.T.);
#3296=ORIENTED_EDGE('',*,*,#3295,.F.);
#3298=ORIENTED_EDGE('',*,*,#3297,.F.);
#3299=ORIENTED_EDGE('',*,*,#3206,.F.);
#3300=EDGE_LOOP('',(#3292,#3293,#3294,#3296,#3298,#3299));
#3301=FACE_OUTER_BOUND('',#3300,.F.);
#3302=ADVANCED_FACE('',(#3301),#3291,.T.);
#3303=CARTESIAN_POINT('',(-2.0895E1,0.E0,0.E0));
#3304=DIRECTION('',(-1.E0,0.E0,0.E0));
#3305=DIRECTION('',(0.E0,0.E0,-1.E0));
#3306=AXIS2_PLACEMENT_3D('',#3303,#3304,#3305);
#3307=CYLINDRICAL_SURFACE('',#3306,4.7E0);
#3309=ORIENTED_EDGE('',*,*,#3308,.F.);
#3311=ORIENTED_EDGE('',*,*,#3310,.F.);
#3313=ORIENTED_EDGE('',*,*,#3312,.T.);
#3315=ORIENTED_EDGE('',*,*,#3314,.T.);
#3316=ORIENTED_EDGE('',*,*,#3295,.T.);
#3318=ORIENTED_EDGE('',*,*,#3317,.F.);
#3319=EDGE_LOOP('',(#3309,#3311,#3313,#3315,#3316,#3318));
#3320=FACE_OUTER_BOUND('',#3319,.F.);
#3321=ADVANCED_FACE('',(#3320),#3307,.T.);
#3322=CARTESIAN_POINT('',(-5.358378848434E0,0.E0,0.E0));
#3323=DIRECTION('',(-1.E0,0.E0,0.E0));
#3324=DIRECTION('',(0.E0,1.528423005254E-2,9.998831893335E-1));
#3325=AXIS2_PLACEMENT_3D('',#3322,#3323,#3324);
#3326=TOROIDAL_SURFACE('',#3325,6.7E0,2.E0);
#3328=ORIENTED_EDGE('',*,*,#3327,.T.);
#3330=ORIENTED_EDGE('',*,*,#3329,.T.);
#3332=ORIENTED_EDGE('',*,*,#3331,.F.);
#3333=ORIENTED_EDGE('',*,*,#3310,.T.);
#3334=ORIENTED_EDGE('',*,*,#3308,.T.);
#3336=ORIENTED_EDGE('',*,*,#3335,.T.);
#3337=EDGE_LOOP('',(#3328,#3330,#3332,#3333,#3334,#3336));
#3338=FACE_OUTER_BOUND('',#3337,.F.);
#3339=ADVANCED_FACE('',(#3338),#3326,.F.);
#3340=CARTESIAN_POINT('',(-7.417678134090E0,0.E0,0.E0));
#3341=DIRECTION('',(-1.E0,0.E0,0.E0));
#3342=DIRECTION('',(0.E0,0.E0,-1.E0));
#3343=AXIS2_PLACEMENT_3D('',#3340,#3341,#3342);
#3344=CONICAL_SURFACE('',#3343,5.945352637138E0,4.564374571418E1);
#3345=ORIENTED_EDGE('',*,*,#3329,.F.);
#3346=ORIENTED_EDGE('',*,*,#3327,.F.);
#3348=ORIENTED_EDGE('',*,*,#3347,.F.);
#3350=ORIENTED_EDGE('',*,*,#3349,.F.);
#3352=ORIENTED_EDGE('',*,*,#3351,.F.);
#3354=ORIENTED_EDGE('',*,*,#3353,.T.);
#3355=EDGE_LOOP('',(#3345,#3346,#3348,#3350,#3352,#3354));
#3356=FACE_OUTER_BOUND('',#3355,.F.);
#3357=ADVANCED_FACE('',(#3356),#3344,.T.);
#3358=CARTESIAN_POINT('',(-7.417678134090E0,0.E0,0.E0));
#3359=DIRECTION('',(-1.E0,0.E0,0.E0));
#3360=DIRECTION('',(0.E0,0.E0,-1.E0));
#3361=AXIS2_PLACEMENT_3D('',#3358,#3359,#3360);
#3362=CONICAL_SURFACE('',#3361,5.945352637138E0,4.564374571418E1);
#3364=ORIENTED_EDGE('',*,*,#3363,.F.);
#3366=ORIENTED_EDGE('',*,*,#3365,.F.);
#3367=ORIENTED_EDGE('',*,*,#3353,.F.);
#3369=ORIENTED_EDGE('',*,*,#3368,.F.);
#3371=ORIENTED_EDGE('',*,*,#3370,.F.);
#3372=ORIENTED_EDGE('',*,*,#3347,.T.);
#3373=EDGE_LOOP('',(#3364,#3366,#3367,#3369,#3371,#3372));
#3374=FACE_OUTER_BOUND('',#3373,.F.);
#3375=ADVANCED_FACE('',(#3374),#3362,.T.);
#3376=CARTESIAN_POINT('',(-5.358378848434E0,0.E0,0.E0));
#3377=DIRECTION('',(-1.E0,0.E0,0.E0));
#3378=DIRECTION('',(0.E0,-1.528423005254E-2,-9.998831893335E-1));
#3379=AXIS2_PLACEMENT_3D('',#3376,#3377,#3378);
#3380=TOROIDAL_SURFACE('',#3379,6.7E0,2.E0);
#3381=ORIENTED_EDGE('',*,*,#3365,.T.);
#3382=ORIENTED_EDGE('',*,*,#3363,.T.);
#3383=ORIENTED_EDGE('',*,*,#3335,.F.);
#3385=ORIENTED_EDGE('',*,*,#3384,.T.);
#3387=ORIENTED_EDGE('',*,*,#3386,.T.);
#3388=ORIENTED_EDGE('',*,*,#3331,.T.);
#3389=EDGE_LOOP('',(#3381,#3382,#3383,#3385,#3387,#3388));
#3390=FACE_OUTER_BOUND('',#3389,.F.);
#3391=ADVANCED_FACE('',(#3390),#3380,.F.);
#3392=CARTESIAN_POINT('',(-2.0895E1,0.E0,0.E0));
#3393=DIRECTION('',(-1.E0,0.E0,0.E0));
#3394=DIRECTION('',(0.E0,0.E0,-1.E0));
#3395=AXIS2_PLACEMENT_3D('',#3392,#3393,#3394);
#3396=CYLINDRICAL_SURFACE('',#3395,4.7E0);
#3397=ORIENTED_EDGE('',*,*,#3386,.F.);
#3398=ORIENTED_EDGE('',*,*,#3384,.F.);
#3399=ORIENTED_EDGE('',*,*,#3317,.T.);
#3400=ORIENTED_EDGE('',*,*,#3210,.T.);
#3402=ORIENTED_EDGE('',*,*,#3401,.T.);
#3403=ORIENTED_EDGE('',*,*,#3312,.F.);
#3404=EDGE_LOOP('',(#3397,#3398,#3399,#3400,#3402,#3403));
#3405=FACE_OUTER_BOUND('',#3404,.F.);
#3406=ADVANCED_FACE('',(#3405),#3396,.T.);
#3407=CARTESIAN_POINT('',(0.E0,0.E0,-2.189E1));
#3408=DIRECTION('',(0.E0,0.E0,1.E0));
#3409=DIRECTION('',(-1.E0,0.E0,0.E0));
#3410=AXIS2_PLACEMENT_3D('',#3407,#3408,#3409);
#3411=CYLINDRICAL_SURFACE('',#3410,4.7E0);
#3413=ORIENTED_EDGE('',*,*,#3412,.T.);
#3415=ORIENTED_EDGE('',*,*,#3414,.F.);
#3417=ORIENTED_EDGE('',*,*,#3416,.F.);
#3419=ORIENTED_EDGE('',*,*,#3418,.F.);
#3420=ORIENTED_EDGE('',*,*,#3401,.F.);
#3422=ORIENTED_EDGE('',*,*,#3421,.F.);
#3423=EDGE_LOOP('',(#3413,#3415,#3417,#3419,#3420,#3422));
#3424=FACE_OUTER_BOUND('',#3423,.F.);
#3425=ADVANCED_FACE('',(#3424),#3411,.T.);
#3426=CARTESIAN_POINT('',(0.E0,0.E0,-2.189E1));
#3427=DIRECTION('',(0.E0,0.E0,1.E0));
#3428=DIRECTION('',(-1.E0,0.E0,0.E0));
#3429=AXIS2_PLACEMENT_3D('',#3426,#3427,#3428);
#3430=CYLINDRICAL_SURFACE('',#3429,4.7E0);
#3431=ORIENTED_EDGE('',*,*,#3412,.F.);
#3433=ORIENTED_EDGE('',*,*,#3432,.F.);
#3434=ORIENTED_EDGE('',*,*,#3314,.F.);
#3435=ORIENTED_EDGE('',*,*,#3418,.T.);
#3437=ORIENTED_EDGE('',*,*,#3436,.F.);
#3439=ORIENTED_EDGE('',*,*,#3438,.F.);
#3440=EDGE_LOOP('',(#3431,#3433,#3434,#3435,#3437,#3439));
#3441=FACE_OUTER_BOUND('',#3440,.F.);
#3442=ADVANCED_FACE('',(#3441),#3430,.T.);
#3443=CARTESIAN_POINT('',(2.0895E1,0.E0,0.E0));
#3444=DIRECTION('',(-1.E0,0.E0,0.E0));
#3445=DIRECTION('',(0.E0,0.E0,-1.E0));
#3446=AXIS2_PLACEMENT_3D('',#3443,#3444,#3445);
#3447=CYLINDRICAL_SURFACE('',#3446,4.7E0);
#3449=ORIENTED_EDGE('',*,*,#3448,.F.);
#3451=ORIENTED_EDGE('',*,*,#3450,.F.);
#3453=ORIENTED_EDGE('',*,*,#3452,.T.);
#3454=ORIENTED_EDGE('',*,*,#3297,.T.);
#3455=ORIENTED_EDGE('',*,*,#3432,.T.);
#3457=ORIENTED_EDGE('',*,*,#3456,.F.);
#3458=EDGE_LOOP('',(#3449,#3451,#3453,#3454,#3455,#3457));
#3459=FACE_OUTER_BOUND('',#3458,.F.);
#3461=ORIENTED_EDGE('',*,*,#3460,.T.);
#3463=ORIENTED_EDGE('',*,*,#3462,.T.);
#3465=ORIENTED_EDGE('',*,*,#3464,.F.);
#3467=ORIENTED_EDGE('',*,*,#3466,.T.);
#3469=ORIENTED_EDGE('',*,*,#3468,.F.);
#3471=ORIENTED_EDGE('',*,*,#3470,.T.);
#3473=ORIENTED_EDGE('',*,*,#3472,.T.);
#3474=EDGE_LOOP('',(#3461,#3463,#3465,#3467,#3469,#3471,#3473));
#3475=FACE_BOUND('',#3474,.F.);
#3476=ADVANCED_FACE('',(#3459,#3475),#3447,.T.);
#3477=CARTESIAN_POINT('',(5.358378848434E0,0.E0,0.E0));
#3478=DIRECTION('',(-1.E0,0.E0,0.E0));
#3479=DIRECTION('',(0.E0,1.666230596654E-2,-9.998611741436E-1));
#3480=AXIS2_PLACEMENT_3D('',#3477,#3478,#3479);
#3481=TOROIDAL_SURFACE('',#3480,6.7E0,2.E0);
#3483=ORIENTED_EDGE('',*,*,#3482,.T.);
#3485=ORIENTED_EDGE('',*,*,#3484,.T.);
#3487=ORIENTED_EDGE('',*,*,#3486,.F.);
#3488=ORIENTED_EDGE('',*,*,#3450,.T.);
#3489=ORIENTED_EDGE('',*,*,#3448,.T.);
#3491=ORIENTED_EDGE('',*,*,#3490,.T.);
#3492=EDGE_LOOP('',(#3483,#3485,#3487,#3488,#3489,#3491));
#3493=FACE_OUTER_BOUND('',#3492,.F.);
#3494=ADVANCED_FACE('',(#3493),#3481,.F.);
#3495=CARTESIAN_POINT('',(7.417678132795E0,0.E0,0.E0));
#3496=DIRECTION('',(1.E0,0.E0,0.E0));
#3497=DIRECTION('',(0.E0,0.E0,1.E0));
#3498=AXIS2_PLACEMENT_3D('',#3495,#3496,#3497);
#3499=CONICAL_SURFACE('',#3498,5.945352635814E0,4.564374571418E1);
#3500=ORIENTED_EDGE('',*,*,#3484,.F.);
#3501=ORIENTED_EDGE('',*,*,#3482,.F.);
#3503=ORIENTED_EDGE('',*,*,#3502,.F.);
#3505=ORIENTED_EDGE('',*,*,#3504,.F.);
#3507=ORIENTED_EDGE('',*,*,#3506,.F.);
#3509=ORIENTED_EDGE('',*,*,#3508,.T.);
#3510=EDGE_LOOP('',(#3500,#3501,#3503,#3505,#3507,#3509));
#3511=FACE_OUTER_BOUND('',#3510,.F.);
#3512=ADVANCED_FACE('',(#3511),#3499,.T.);
#3513=CARTESIAN_POINT('',(7.417678132795E0,0.E0,0.E0));
#3514=DIRECTION('',(1.E0,0.E0,0.E0));
#3515=DIRECTION('',(0.E0,0.E0,1.E0));
#3516=AXIS2_PLACEMENT_3D('',#3513,#3514,#3515);
#3517=CONICAL_SURFACE('',#3516,5.945352635814E0,4.564374571418E1);
#3519=ORIENTED_EDGE('',*,*,#3518,.F.);
#3521=ORIENTED_EDGE('',*,*,#3520,.F.);
#3522=ORIENTED_EDGE('',*,*,#3508,.F.);
#3524=ORIENTED_EDGE('',*,*,#3523,.F.);
#3526=ORIENTED_EDGE('',*,*,#3525,.F.);
#3527=ORIENTED_EDGE('',*,*,#3502,.T.);
#3528=EDGE_LOOP('',(#3519,#3521,#3522,#3524,#3526,#3527));
#3529=FACE_OUTER_BOUND('',#3528,.F.);
#3530=ADVANCED_FACE('',(#3529),#3517,.T.);
#3531=CARTESIAN_POINT('',(5.358378848434E0,0.E0,0.E0));
#3532=DIRECTION('',(-1.E0,0.E0,0.E0));
#3533=DIRECTION('',(0.E0,-1.666230596654E-2,9.998611741436E-1));
#3534=AXIS2_PLACEMENT_3D('',#3531,#3532,#3533);
#3535=TOROIDAL_SURFACE('',#3534,6.7E0,2.E0);
#3536=ORIENTED_EDGE('',*,*,#3520,.T.);
#3537=ORIENTED_EDGE('',*,*,#3518,.T.);
#3538=ORIENTED_EDGE('',*,*,#3490,.F.);
#3540=ORIENTED_EDGE('',*,*,#3539,.T.);
#3542=ORIENTED_EDGE('',*,*,#3541,.T.);
#3543=ORIENTED_EDGE('',*,*,#3486,.T.);
#3544=EDGE_LOOP('',(#3536,#3537,#3538,#3540,#3542,#3543));
#3545=FACE_OUTER_BOUND('',#3544,.F.);
#3546=ADVANCED_FACE('',(#3545),#3535,.F.);
#3547=CARTESIAN_POINT('',(2.0895E1,0.E0,0.E0));
#3548=DIRECTION('',(-1.E0,0.E0,0.E0));
#3549=DIRECTION('',(0.E0,0.E0,-1.E0));
#3550=AXIS2_PLACEMENT_3D('',#3547,#3548,#3549);
#3551=CYLINDRICAL_SURFACE('',#3550,4.7E0);
#3552=ORIENTED_EDGE('',*,*,#3541,.F.);
#3553=ORIENTED_EDGE('',*,*,#3539,.F.);
#3554=ORIENTED_EDGE('',*,*,#3456,.T.);
#3555=ORIENTED_EDGE('',*,*,#3421,.T.);
#3556=ORIENTED_EDGE('',*,*,#3208,.T.);
#3557=ORIENTED_EDGE('',*,*,#3452,.F.);
#3558=EDGE_LOOP('',(#3552,#3553,#3554,#3555,#3556,#3557));
#3559=FACE_OUTER_BOUND('',#3558,.F.);
#3560=ADVANCED_FACE('',(#3559),#3551,.T.);
#3561=CARTESIAN_POINT('',(8.904972690940E0,0.E0,0.E0));
#3562=DIRECTION('',(-1.E0,0.E0,0.E0));
#3563=DIRECTION('',(0.E0,-1.241331385047E-2,-9.999229518514E-1));
#3564=AXIS2_PLACEMENT_3D('',#3561,#3562,#3563);
#3565=TOROIDAL_SURFACE('',#3564,5.75E0,1.2E0);
#3567=ORIENTED_EDGE('',*,*,#3566,.T.);
#3569=ORIENTED_EDGE('',*,*,#3568,.F.);
#3570=ORIENTED_EDGE('',*,*,#3525,.T.);
#3571=ORIENTED_EDGE('',*,*,#3523,.T.);
#3573=ORIENTED_EDGE('',*,*,#3572,.T.);
#3574=EDGE_LOOP('',(#3567,#3569,#3570,#3571,#3573));
#3575=FACE_OUTER_BOUND('',#3574,.F.);
#3576=ADVANCED_FACE('',(#3575),#3565,.T.);
#3577=CARTESIAN_POINT('',(2.0895E1,0.E0,0.E0));
#3578=DIRECTION('',(-1.E0,0.E0,0.E0));
#3579=DIRECTION('',(0.E0,0.E0,-1.E0));
#3580=AXIS2_PLACEMENT_3D('',#3577,#3578,#3579);
#3581=CYLINDRICAL_SURFACE('',#3580,6.95E0);
#3582=ORIENTED_EDGE('',*,*,#3566,.F.);
#3584=ORIENTED_EDGE('',*,*,#3583,.F.);
#3586=ORIENTED_EDGE('',*,*,#3585,.F.);
#3588=ORIENTED_EDGE('',*,*,#3587,.F.);
#3590=ORIENTED_EDGE('',*,*,#3589,.T.);
#3591=EDGE_LOOP('',(#3582,#3584,#3586,#3588,#3590));
#3592=FACE_OUTER_BOUND('',#3591,.F.);
#3593=ADVANCED_FACE('',(#3592),#3581,.T.);
#3594=CARTESIAN_POINT('',(2.0895E1,0.E0,0.E0));
#3595=DIRECTION('',(-1.E0,0.E0,0.E0));
#3596=DIRECTION('',(0.E0,0.E0,-1.E0));
#3597=AXIS2_PLACEMENT_3D('',#3594,#3595,#3596);
#3598=CYLINDRICAL_SURFACE('',#3597,6.95E0);
#3600=ORIENTED_EDGE('',*,*,#3599,.F.);
#3601=ORIENTED_EDGE('',*,*,#3589,.F.);
#3603=ORIENTED_EDGE('',*,*,#3602,.F.);
#3605=ORIENTED_EDGE('',*,*,#3604,.F.);
#3606=ORIENTED_EDGE('',*,*,#3583,.T.);
#3607=EDGE_LOOP('',(#3600,#3601,#3603,#3605,#3606));
#3608=FACE_OUTER_BOUND('',#3607,.F.);
#3609=ADVANCED_FACE('',(#3608),#3598,.T.);
#3610=CARTESIAN_POINT('',(8.904972690940E0,0.E0,0.E0));
#3611=DIRECTION('',(-1.E0,0.E0,0.E0));
#3612=DIRECTION('',(0.E0,1.241331385047E-2,9.999229518514E-1));
#3613=AXIS2_PLACEMENT_3D('',#3610,#3611,#3612);
#3614=TOROIDAL_SURFACE('',#3613,5.75E0,1.2E0);
#3615=ORIENTED_EDGE('',*,*,#3599,.T.);
#3616=ORIENTED_EDGE('',*,*,#3572,.F.);
#3617=ORIENTED_EDGE('',*,*,#3506,.T.);
#3618=ORIENTED_EDGE('',*,*,#3504,.T.);
#3619=ORIENTED_EDGE('',*,*,#3568,.T.);
#3620=EDGE_LOOP('',(#3615,#3616,#3617,#3618,#3619));
#3621=FACE_OUTER_BOUND('',#3620,.F.);
#3622=ADVANCED_FACE('',(#3621),#3614,.T.);
#3623=CARTESIAN_POINT('',(1.127056301887E1,0.E0,0.E0));
#3624=DIRECTION('',(-1.E0,0.E0,0.E0));
#3625=DIRECTION('',(0.E0,1.290677061309E-2,-9.999167041671E-1));
#3626=AXIS2_PLACEMENT_3D('',#3623,#3624,#3625);
#3627=TOROIDAL_SURFACE('',#3626,7.75E0,8.E-1);
#3629=ORIENTED_EDGE('',*,*,#3628,.T.);
#3631=ORIENTED_EDGE('',*,*,#3630,.T.);
#3633=ORIENTED_EDGE('',*,*,#3632,.F.);
#3634=ORIENTED_EDGE('',*,*,#3604,.T.);
#3635=ORIENTED_EDGE('',*,*,#3602,.T.);
#3637=ORIENTED_EDGE('',*,*,#3636,.T.);
#3638=EDGE_LOOP('',(#3629,#3631,#3633,#3634,#3635,#3637));
#3639=FACE_OUTER_BOUND('',#3638,.F.);
#3640=ADVANCED_FACE('',(#3639),#3627,.F.);
#3641=CARTESIAN_POINT('',(1.213648037291E1,0.E0,0.E0));
#3642=DIRECTION('',(1.E0,0.E0,0.E0));
#3643=DIRECTION('',(0.E0,0.E0,1.E0));
#3644=AXIS2_PLACEMENT_3D('',#3641,#3642,#3643);
#3645=CONICAL_SURFACE('',#3644,7.347800233067E0,3.200538320808E1);
#3646=ORIENTED_EDGE('',*,*,#3630,.F.);
#3647=ORIENTED_EDGE('',*,*,#3628,.F.);
#3649=ORIENTED_EDGE('',*,*,#3648,.F.);
#3651=ORIENTED_EDGE('',*,*,#3650,.F.);
#3653=ORIENTED_EDGE('',*,*,#3652,.F.);
#3655=ORIENTED_EDGE('',*,*,#3654,.T.);
#3656=EDGE_LOOP('',(#3646,#3647,#3649,#3651,#3653,#3655));
#3657=FACE_OUTER_BOUND('',#3656,.F.);
#3658=ADVANCED_FACE('',(#3657),#3645,.T.);
#3659=CARTESIAN_POINT('',(1.213648037291E1,0.E0,0.E0));
#3660=DIRECTION('',(1.E0,0.E0,0.E0));
#3661=DIRECTION('',(0.E0,0.E0,1.E0));
#3662=AXIS2_PLACEMENT_3D('',#3659,#3660,#3661);
#3663=CONICAL_SURFACE('',#3662,7.347800233067E0,3.200538320808E1);
#3665=ORIENTED_EDGE('',*,*,#3664,.F.);
#3667=ORIENTED_EDGE('',*,*,#3666,.F.);
#3668=ORIENTED_EDGE('',*,*,#3654,.F.);
#3670=ORIENTED_EDGE('',*,*,#3669,.F.);
#3672=ORIENTED_EDGE('',*,*,#3671,.F.);
#3673=ORIENTED_EDGE('',*,*,#3648,.T.);
#3674=EDGE_LOOP('',(#3665,#3667,#3668,#3670,#3672,#3673));
#3675=FACE_OUTER_BOUND('',#3674,.F.);
#3676=ADVANCED_FACE('',(#3675),#3663,.T.);
#3677=CARTESIAN_POINT('',(1.127056301887E1,0.E0,0.E0));
#3678=DIRECTION('',(-1.E0,0.E0,0.E0));
#3679=DIRECTION('',(0.E0,-1.290677061309E-2,9.999167041671E-1));
#3680=AXIS2_PLACEMENT_3D('',#3677,#3678,#3679);
#3681=TOROIDAL_SURFACE('',#3680,7.75E0,8.E-1);
#3682=ORIENTED_EDGE('',*,*,#3666,.T.);
#3683=ORIENTED_EDGE('',*,*,#3664,.T.);
#3684=ORIENTED_EDGE('',*,*,#3636,.F.);
#3685=ORIENTED_EDGE('',*,*,#3587,.T.);
#3686=ORIENTED_EDGE('',*,*,#3585,.T.);
#3687=ORIENTED_EDGE('',*,*,#3632,.T.);
#3688=EDGE_LOOP('',(#3682,#3683,#3684,#3685,#3686,#3687));
#3689=FACE_OUTER_BOUND('',#3688,.F.);
#3690=ADVANCED_FACE('',(#3689),#3681,.F.);
#3691=CARTESIAN_POINT('',(1.284339811321E1,0.E0,0.E0));
#3692=DIRECTION('',(-1.E0,0.E0,0.E0));
#3693=DIRECTION('',(0.E0,-1.120427816651E-2,-9.999372301054E-1));
#3694=AXIS2_PLACEMENT_3D('',#3691,#3692,#3693);
#3695=TOROIDAL_SURFACE('',#3694,7.2E0,5.E-1);
#3697=ORIENTED_EDGE('',*,*,#3696,.T.);
#3699=ORIENTED_EDGE('',*,*,#3698,.F.);
#3700=ORIENTED_EDGE('',*,*,#3671,.T.);
#3701=ORIENTED_EDGE('',*,*,#3669,.T.);
#3703=ORIENTED_EDGE('',*,*,#3702,.T.);
#3704=EDGE_LOOP('',(#3697,#3699,#3700,#3701,#3703));
#3705=FACE_OUTER_BOUND('',#3704,.F.);
#3706=ADVANCED_FACE('',(#3705),#3695,.T.);
#3707=CARTESIAN_POINT('',(2.0895E1,0.E0,0.E0));
#3708=DIRECTION('',(-1.E0,0.E0,0.E0));
#3709=DIRECTION('',(0.E0,0.E0,-1.E0));
#3710=AXIS2_PLACEMENT_3D('',#3707,#3708,#3709);
#3711=CYLINDRICAL_SURFACE('',#3710,7.7E0);
#3712=ORIENTED_EDGE('',*,*,#3696,.F.);
#3714=ORIENTED_EDGE('',*,*,#3713,.F.);
#3716=ORIENTED_EDGE('',*,*,#3715,.F.);
#3718=ORIENTED_EDGE('',*,*,#3717,.T.);
#3719=EDGE_LOOP('',(#3712,#3714,#3716,#3718));
#3720=FACE_OUTER_BOUND('',#3719,.F.);
#3721=ADVANCED_FACE('',(#3720),#3711,.T.);
#3722=CARTESIAN_POINT('',(2.0895E1,0.E0,0.E0));
#3723=DIRECTION('',(-1.E0,0.E0,0.E0));
#3724=DIRECTION('',(0.E0,0.E0,-1.E0));
#3725=AXIS2_PLACEMENT_3D('',#3722,#3723,#3724);
#3726=CYLINDRICAL_SURFACE('',#3725,7.7E0);
#3728=ORIENTED_EDGE('',*,*,#3727,.F.);
#3729=ORIENTED_EDGE('',*,*,#3717,.F.);
#3731=ORIENTED_EDGE('',*,*,#3730,.F.);
#3732=ORIENTED_EDGE('',*,*,#3713,.T.);
#3733=EDGE_LOOP('',(#3728,#3729,#3731,#3732));
#3734=FACE_OUTER_BOUND('',#3733,.F.);
#3735=ADVANCED_FACE('',(#3734),#3726,.T.);
#3736=CARTESIAN_POINT('',(1.284339811321E1,0.E0,0.E0));
#3737=DIRECTION('',(-1.E0,0.E0,0.E0));
#3738=DIRECTION('',(0.E0,1.120427816652E-2,9.999372301054E-1));
#3739=AXIS2_PLACEMENT_3D('',#3736,#3737,#3738);
#3740=TOROIDAL_SURFACE('',#3739,7.2E0,5.E-1);
#3741=ORIENTED_EDGE('',*,*,#3727,.T.);
#3742=ORIENTED_EDGE('',*,*,#3702,.F.);
#3743=ORIENTED_EDGE('',*,*,#3652,.T.);
#3744=ORIENTED_EDGE('',*,*,#3650,.T.);
#3745=ORIENTED_EDGE('',*,*,#3698,.T.);
#3746=EDGE_LOOP('',(#3741,#3742,#3743,#3744,#3745));
#3747=FACE_OUTER_BOUND('',#3746,.F.);
#3748=ADVANCED_FACE('',(#3747),#3740,.T.);
#3749=CARTESIAN_POINT('',(1.37E1,0.E0,0.E0));
#3750=DIRECTION('',(-1.E0,0.E0,0.E0));
#3751=DIRECTION('',(0.E0,0.E0,-1.E0));
#3752=AXIS2_PLACEMENT_3D('',#3749,#3750,#3751);
#3753=PLANE('',#3752);
#3754=ORIENTED_EDGE('',*,*,#3715,.T.);
#3755=ORIENTED_EDGE('',*,*,#3730,.T.);
#3756=EDGE_LOOP('',(#3754,#3755));
#3757=FACE_OUTER_BOUND('',#3756,.F.);
#3759=ORIENTED_EDGE('',*,*,#3758,.T.);
#3761=ORIENTED_EDGE('',*,*,#3760,.T.);
#3762=EDGE_LOOP('',(#3759,#3761));
#3763=FACE_BOUND('',#3762,.F.);
#3764=ADVANCED_FACE('',(#3757,#3763),#3753,.F.);
#3765=CARTESIAN_POINT('',(2.0895E1,0.E0,0.E0));
#3766=DIRECTION('',(-1.E0,0.E0,0.E0));
#3767=DIRECTION('',(0.E0,0.E0,-1.E0));
#3768=AXIS2_PLACEMENT_3D('',#3765,#3766,#3767);
#3769=CYLINDRICAL_SURFACE('',#3768,6.35E0);
#3771=ORIENTED_EDGE('',*,*,#3770,.F.);
#3773=ORIENTED_EDGE('',*,*,#3772,.F.);
#3775=ORIENTED_EDGE('',*,*,#3774,.T.);
#3776=ORIENTED_EDGE('',*,*,#3758,.F.);
#3777=EDGE_LOOP('',(#3771,#3773,#3775,#3776));
#3778=FACE_OUTER_BOUND('',#3777,.F.);
#3779=ADVANCED_FACE('',(#3778),#3769,.T.);
#3780=CARTESIAN_POINT('',(2.0895E1,0.E0,0.E0));
#3781=DIRECTION('',(-1.E0,0.E0,0.E0));
#3782=DIRECTION('',(0.E0,0.E0,-1.E0));
#3783=AXIS2_PLACEMENT_3D('',#3780,#3781,#3782);
#3784=CYLINDRICAL_SURFACE('',#3783,6.35E0);
#3785=ORIENTED_EDGE('',*,*,#3770,.T.);
#3786=ORIENTED_EDGE('',*,*,#3760,.F.);
#3787=ORIENTED_EDGE('',*,*,#3774,.F.);
#3789=ORIENTED_EDGE('',*,*,#3788,.F.);
#3790=EDGE_LOOP('',(#3785,#3786,#3787,#3789));
#3791=FACE_OUTER_BOUND('',#3790,.F.);
#3792=ADVANCED_FACE('',(#3791),#3784,.T.);
#3793=CARTESIAN_POINT('',(1.59E1,0.E0,0.E0));
#3794=DIRECTION('',(-1.E0,0.E0,0.E0));
#3795=DIRECTION('',(0.E0,0.E0,-1.E0));
#3796=AXIS2_PLACEMENT_3D('',#3793,#3794,#3795);
#3797=PLANE('',#3796);
#3799=ORIENTED_EDGE('',*,*,#3798,.T.);
#3801=ORIENTED_EDGE('',*,*,#3800,.T.);
#3802=EDGE_LOOP('',(#3799,#3801));
#3803=FACE_OUTER_BOUND('',#3802,.F.);
#3804=ORIENTED_EDGE('',*,*,#3788,.T.);
#3805=ORIENTED_EDGE('',*,*,#3772,.T.);
#3806=EDGE_LOOP('',(#3804,#3805));
#3807=FACE_BOUND('',#3806,.F.);
#3808=ADVANCED_FACE('',(#3803,#3807),#3797,.T.);
#3809=CARTESIAN_POINT('',(2.0895E1,0.E0,0.E0));
#3810=DIRECTION('',(-1.E0,0.E0,0.E0));
#3811=DIRECTION('',(0.E0,0.E0,-1.E0));
#3812=AXIS2_PLACEMENT_3D('',#3809,#3810,#3811);
#3813=CYLINDRICAL_SURFACE('',#3812,6.8E0);
#3815=ORIENTED_EDGE('',*,*,#3814,.F.);
#3817=ORIENTED_EDGE('',*,*,#3816,.F.);
#3819=ORIENTED_EDGE('',*,*,#3818,.T.);
#3820=ORIENTED_EDGE('',*,*,#3798,.F.);
#3821=EDGE_LOOP('',(#3815,#3817,#3819,#3820));
#3822=FACE_OUTER_BOUND('',#3821,.F.);
#3823=ADVANCED_FACE('',(#3822),#3813,.T.);
#3824=CARTESIAN_POINT('',(2.0895E1,0.E0,0.E0));
#3825=DIRECTION('',(-1.E0,0.E0,0.E0));
#3826=DIRECTION('',(0.E0,0.E0,-1.E0));
#3827=AXIS2_PLACEMENT_3D('',#3824,#3825,#3826);
#3828=CYLINDRICAL_SURFACE('',#3827,6.8E0);
#3829=ORIENTED_EDGE('',*,*,#3814,.T.);
#3830=ORIENTED_EDGE('',*,*,#3800,.F.);
#3831=ORIENTED_EDGE('',*,*,#3818,.F.);
#3833=ORIENTED_EDGE('',*,*,#3832,.F.);
#3834=EDGE_LOOP('',(#3829,#3830,#3831,#3833));
#3835=FACE_OUTER_BOUND('',#3834,.F.);
#3836=ADVANCED_FACE('',(#3835),#3828,.T.);
#3837=CARTESIAN_POINT('',(1.73E1,0.E0,0.E0));
#3838=DIRECTION('',(-1.E0,0.E0,0.E0));
#3839=DIRECTION('',(0.E0,0.E0,-1.E0));
#3840=AXIS2_PLACEMENT_3D('',#3837,#3838,#3839);
#3841=CONICAL_SURFACE('',#3840,6.6E0,1.843494882292E1);
#3843=ORIENTED_EDGE('',*,*,#3842,.T.);
#3844=ORIENTED_EDGE('',*,*,#3832,.T.);
#3846=ORIENTED_EDGE('',*,*,#3845,.F.);
#3848=ORIENTED_EDGE('',*,*,#3847,.T.);
#3849=EDGE_LOOP('',(#3843,#3844,#3846,#3848));
#3850=FACE_OUTER_BOUND('',#3849,.F.);
#3851=ADVANCED_FACE('',(#3850),#3841,.T.);
#3852=CARTESIAN_POINT('',(1.73E1,0.E0,0.E0));
#3853=DIRECTION('',(-1.E0,0.E0,0.E0));
#3854=DIRECTION('',(0.E0,0.E0,-1.E0));
#3855=AXIS2_PLACEMENT_3D('',#3852,#3853,#3854);
#3856=CONICAL_SURFACE('',#3855,6.6E0,1.843494882292E1);
#3857=ORIENTED_EDGE('',*,*,#3842,.F.);
#3859=ORIENTED_EDGE('',*,*,#3858,.T.);
#3860=ORIENTED_EDGE('',*,*,#3845,.T.);
#3861=ORIENTED_EDGE('',*,*,#3816,.T.);
#3862=EDGE_LOOP('',(#3857,#3859,#3860,#3861));
#3863=FACE_OUTER_BOUND('',#3862,.F.);
#3864=ADVANCED_FACE('',(#3863),#3856,.T.);
#3865=CARTESIAN_POINT('',(2.0895E1,0.E0,0.E0));
#3866=DIRECTION('',(-1.E0,0.E0,0.E0));
#3867=DIRECTION('',(0.E0,0.E0,-1.E0));
#3868=AXIS2_PLACEMENT_3D('',#3865,#3866,#3867);
#3869=CYLINDRICAL_SURFACE('',#3868,6.4E0);
#3871=ORIENTED_EDGE('',*,*,#3870,.F.);
#3873=ORIENTED_EDGE('',*,*,#3872,.T.);
#3874=ORIENTED_EDGE('',*,*,#3858,.F.);
#3876=ORIENTED_EDGE('',*,*,#3875,.F.);
#3877=EDGE_LOOP('',(#3871,#3873,#3874,#3876));
#3878=FACE_OUTER_BOUND('',#3877,.F.);
#3879=ADVANCED_FACE('',(#3878),#3869,.T.);
#3880=CARTESIAN_POINT('',(1.97E1,0.E0,0.E0));
#3881=DIRECTION('',(-1.E0,0.E0,0.E0));
#3882=DIRECTION('',(0.E0,1.991461990016E-2,9.998016842926E-1));
#3883=AXIS2_PLACEMENT_3D('',#3880,#3881,#3882);
#3884=TOROIDAL_SURFACE('',#3883,6.2E0,2.E-1);
#3886=ORIENTED_EDGE('',*,*,#3885,.F.);
#3888=ORIENTED_EDGE('',*,*,#3887,.F.);
#3890=ORIENTED_EDGE('',*,*,#3889,.F.);
#3891=ORIENTED_EDGE('',*,*,#3870,.T.);
#3893=ORIENTED_EDGE('',*,*,#3892,.T.);
#3894=EDGE_LOOP('',(#3886,#3888,#3890,#3891,#3893));
#3895=FACE_OUTER_BOUND('',#3894,.F.);
#3896=ADVANCED_FACE('',(#3895),#3884,.T.);
#3897=CARTESIAN_POINT('',(1.99E1,0.E0,0.E0));
#3898=DIRECTION('',(-1.E0,0.E0,0.E0));
#3899=DIRECTION('',(0.E0,0.E0,-1.E0));
#3900=AXIS2_PLACEMENT_3D('',#3897,#3898,#3899);
#3901=PLANE('',#3900);
#3902=ORIENTED_EDGE('',*,*,#3887,.T.);
#3903=ORIENTED_EDGE('',*,*,#3885,.T.);
#3905=ORIENTED_EDGE('',*,*,#3904,.T.);
#3907=ORIENTED_EDGE('',*,*,#3906,.T.);
#3908=EDGE_LOOP('',(#3902,#3903,#3905,#3907));
#3909=FACE_OUTER_BOUND('',#3908,.F.);
#3911=ORIENTED_EDGE('',*,*,#3910,.T.);
#3913=ORIENTED_EDGE('',*,*,#3912,.T.);
#3914=EDGE_LOOP('',(#3911,#3913));
#3915=FACE_BOUND('',#3914,.F.);
#3916=ADVANCED_FACE('',(#3909,#3915),#3901,.F.);
#3917=CARTESIAN_POINT('',(1.97E1,0.E0,0.E0));
#3918=DIRECTION('',(-1.E0,0.E0,0.E0));
#3919=DIRECTION('',(0.E0,-1.991461990016E-2,-9.998016842926E-1));
#3920=AXIS2_PLACEMENT_3D('',#3917,#3918,#3919);
#3921=TOROIDAL_SURFACE('',#3920,6.2E0,2.E-1);
#3922=ORIENTED_EDGE('',*,*,#3906,.F.);
#3923=ORIENTED_EDGE('',*,*,#3904,.F.);
#3924=ORIENTED_EDGE('',*,*,#3892,.F.);
#3926=ORIENTED_EDGE('',*,*,#3925,.T.);
#3927=ORIENTED_EDGE('',*,*,#3889,.T.);
#3928=EDGE_LOOP('',(#3922,#3923,#3924,#3926,#3927));
#3929=FACE_OUTER_BOUND('',#3928,.F.);
#3930=ADVANCED_FACE('',(#3929),#3921,.T.);
#3931=CARTESIAN_POINT('',(2.0895E1,0.E0,0.E0));
#3932=DIRECTION('',(-1.E0,0.E0,0.E0));
#3933=DIRECTION('',(0.E0,0.E0,-1.E0));
#3934=AXIS2_PLACEMENT_3D('',#3931,#3932,#3933);
#3935=CYLINDRICAL_SURFACE('',#3934,6.4E0);
#3936=ORIENTED_EDGE('',*,*,#3925,.F.);
#3937=ORIENTED_EDGE('',*,*,#3875,.T.);
#3938=ORIENTED_EDGE('',*,*,#3847,.F.);
#3939=ORIENTED_EDGE('',*,*,#3872,.F.);
#3940=EDGE_LOOP('',(#3936,#3937,#3938,#3939));
#3941=FACE_OUTER_BOUND('',#3940,.F.);
#3942=ADVANCED_FACE('',(#3941),#3935,.T.);
#3943=CARTESIAN_POINT('',(2.0895E1,0.E0,0.E0));
#3944=DIRECTION('',(-1.E0,0.E0,0.E0));
#3945=DIRECTION('',(0.E0,0.E0,-1.E0));
#3946=AXIS2_PLACEMENT_3D('',#3943,#3944,#3945);
#3947=CYLINDRICAL_SURFACE('',#3946,5.7E0);
#3949=ORIENTED_EDGE('',*,*,#3948,.F.);
#3951=ORIENTED_EDGE('',*,*,#3950,.F.);
#3952=ORIENTED_EDGE('',*,*,#3910,.F.);
#3954=ORIENTED_EDGE('',*,*,#3953,.T.);
#3955=EDGE_LOOP('',(#3949,#3951,#3952,#3954));
#3956=FACE_OUTER_BOUND('',#3955,.F.);
#3957=ADVANCED_FACE('',(#3956),#3947,.F.);
#3958=CARTESIAN_POINT('',(1.630011303918E1,0.E0,0.E0));
#3959=DIRECTION('',(1.E0,0.E0,0.E0));
#3960=DIRECTION('',(0.E0,0.E0,-1.E0));
#3961=AXIS2_PLACEMENT_3D('',#3958,#3959,#3960);
#3962=CONICAL_SURFACE('',#3961,5.574977314619E0,1.735385490459E1);
#3963=ORIENTED_EDGE('',*,*,#3948,.T.);
#3965=ORIENTED_EDGE('',*,*,#3964,.F.);
#3967=ORIENTED_EDGE('',*,*,#3966,.T.);
#3969=ORIENTED_EDGE('',*,*,#3968,.T.);
#3970=EDGE_LOOP('',(#3963,#3965,#3967,#3969));
#3971=FACE_OUTER_BOUND('',#3970,.F.);
#3972=ADVANCED_FACE('',(#3971),#3962,.F.);
#3973=CARTESIAN_POINT('',(1.630011303918E1,1.709743457923E-14,
-1.048970165031E-14));
#3974=DIRECTION('',(1.E0,0.E0,0.E0));
#3975=DIRECTION('',(0.E0,0.E0,-1.E0));
#3976=AXIS2_PLACEMENT_3D('',#3973,#3974,#3975);
#3977=CONICAL_SURFACE('',#3976,5.574977314619E0,1.735385490459E1);
#3979=ORIENTED_EDGE('',*,*,#3978,.T.);
#3980=ORIENTED_EDGE('',*,*,#3968,.F.);
#3982=ORIENTED_EDGE('',*,*,#3981,.T.);
#3983=ORIENTED_EDGE('',*,*,#3964,.T.);
#3984=EDGE_LOOP('',(#3979,#3980,#3982,#3983));
#3985=FACE_OUTER_BOUND('',#3984,.F.);
#3986=ADVANCED_FACE('',(#3985),#3977,.F.);
#3987=CARTESIAN_POINT('',(2.0895E1,0.E0,0.E0));
#3988=DIRECTION('',(-1.E0,0.E0,0.E0));
#3989=DIRECTION('',(0.E0,0.E0,-1.E0));
#3990=AXIS2_PLACEMENT_3D('',#3987,#3988,#3989);
#3991=CYLINDRICAL_SURFACE('',#3990,5.7E0);
#3992=ORIENTED_EDGE('',*,*,#3978,.F.);
#3993=ORIENTED_EDGE('',*,*,#3953,.F.);
#3994=ORIENTED_EDGE('',*,*,#3912,.F.);
#3995=ORIENTED_EDGE('',*,*,#3950,.T.);
#3996=EDGE_LOOP('',(#3992,#3993,#3994,#3995));
#3997=FACE_OUTER_BOUND('',#3996,.F.);
#3998=ADVANCED_FACE('',(#3997),#3991,.F.);
#3999=CARTESIAN_POINT('',(2.0895E1,0.E0,0.E0));
#4000=DIRECTION('',(-1.E0,0.E0,0.E0));
#4001=DIRECTION('',(0.E0,0.E0,-1.E0));
#4002=AXIS2_PLACEMENT_3D('',#3999,#4000,#4001);
#4003=CYLINDRICAL_SURFACE('',#4002,5.45E0);
#4004=ORIENTED_EDGE('',*,*,#3981,.F.);
#4006=ORIENTED_EDGE('',*,*,#4005,.F.);
#4008=ORIENTED_EDGE('',*,*,#4007,.F.);
#4010=ORIENTED_EDGE('',*,*,#4009,.T.);
#4011=EDGE_LOOP('',(#4004,#4006,#4008,#4010));
#4012=FACE_OUTER_BOUND('',#4011,.F.);
#4013=ADVANCED_FACE('',(#4012),#4003,.F.);
#4014=CARTESIAN_POINT('',(2.0895E1,0.E0,0.E0));
#4015=DIRECTION('',(-1.E0,0.E0,0.E0));
#4016=DIRECTION('',(0.E0,0.E0,-1.E0));
#4017=AXIS2_PLACEMENT_3D('',#4014,#4015,#4016);
#4018=CYLINDRICAL_SURFACE('',#4017,5.45E0);
#4019=ORIENTED_EDGE('',*,*,#3966,.F.);
#4020=ORIENTED_EDGE('',*,*,#4009,.F.);
#4022=ORIENTED_EDGE('',*,*,#4021,.F.);
#4023=ORIENTED_EDGE('',*,*,#4005,.T.);
#4024=EDGE_LOOP('',(#4019,#4020,#4022,#4023));
#4025=FACE_OUTER_BOUND('',#4024,.F.);
#4026=ADVANCED_FACE('',(#4025),#4018,.F.);
#4027=CARTESIAN_POINT('',(9.4E0,0.E0,0.E0));
#4028=DIRECTION('',(-1.E0,0.E0,0.E0));
#4029=DIRECTION('',(0.E0,-1.582956765761E-2,-9.998747045444E-1));
#4030=AXIS2_PLACEMENT_3D('',#4027,#4028,#4029);
#4031=TOROIDAL_SURFACE('',#4030,5.15E0,3.E-1);
#4032=ORIENTED_EDGE('',*,*,#4021,.T.);
#4034=ORIENTED_EDGE('',*,*,#4033,.F.);
#4036=ORIENTED_EDGE('',*,*,#4035,.F.);
#4038=ORIENTED_EDGE('',*,*,#4037,.F.);
#4040=ORIENTED_EDGE('',*,*,#4039,.T.);
#4041=EDGE_LOOP('',(#4032,#4034,#4036,#4038,#4040));
#4042=FACE_OUTER_BOUND('',#4041,.F.);
#4043=ADVANCED_FACE('',(#4042),#4031,.F.);
#4044=CARTESIAN_POINT('',(9.4E0,0.E0,0.E0));
#4045=DIRECTION('',(-1.E0,0.E0,0.E0));
#4046=DIRECTION('',(0.E0,1.582956765761E-2,9.998747045444E-1));
#4047=AXIS2_PLACEMENT_3D('',#4044,#4045,#4046);
#4048=TOROIDAL_SURFACE('',#4047,5.15E0,3.E-1);
#4049=ORIENTED_EDGE('',*,*,#4007,.T.);
#4050=ORIENTED_EDGE('',*,*,#4039,.F.);
#4052=ORIENTED_EDGE('',*,*,#4051,.F.);
#4054=ORIENTED_EDGE('',*,*,#4053,.F.);
#4055=ORIENTED_EDGE('',*,*,#4033,.T.);
#4056=EDGE_LOOP('',(#4049,#4050,#4052,#4054,#4055));
#4057=FACE_OUTER_BOUND('',#4056,.F.);
#4058=ADVANCED_FACE('',(#4057),#4048,.F.);
#4059=CARTESIAN_POINT('',(9.1E0,0.E0,0.E0));
#4060=DIRECTION('',(-1.E0,0.E0,0.E0));
#4061=DIRECTION('',(0.E0,0.E0,-1.E0));
#4062=AXIS2_PLACEMENT_3D('',#4059,#4060,#4061);
#4063=PLANE('',#4062);
#4064=ORIENTED_EDGE('',*,*,#4037,.T.);
#4065=ORIENTED_EDGE('',*,*,#4035,.T.);
#4066=ORIENTED_EDGE('',*,*,#4053,.T.);
#4067=ORIENTED_EDGE('',*,*,#4051,.T.);
#4068=EDGE_LOOP('',(#4064,#4065,#4066,#4067));
#4069=FACE_OUTER_BOUND('',#4068,.F.);
#4071=ORIENTED_EDGE('',*,*,#4070,.T.);
#4073=ORIENTED_EDGE('',*,*,#4072,.T.);
#4074=EDGE_LOOP('',(#4071,#4073));
#4075=FACE_BOUND('',#4074,.F.);
#4076=ADVANCED_FACE('',(#4069,#4075),#4063,.F.);
#4077=CARTESIAN_POINT('',(8.950028389462E0,0.E0,0.E0));
#4078=DIRECTION('',(1.E0,0.E0,0.E0));
#4079=DIRECTION('',(0.E0,0.E0,-1.E0));
#4080=AXIS2_PLACEMENT_3D('',#4077,#4078,#4079);
#4081=CONICAL_SURFACE('',#4080,3.399971269445E0,4.499951871529E1);
#4082=ORIENTED_EDGE('',*,*,#4070,.F.);
#4084=ORIENTED_EDGE('',*,*,#4083,.F.);
#4086=ORIENTED_EDGE('',*,*,#4085,.T.);
#4088=ORIENTED_EDGE('',*,*,#4087,.T.);
#4089=EDGE_LOOP('',(#4082,#4084,#4086,#4088));
#4090=FACE_OUTER_BOUND('',#4089,.F.);
#4091=ADVANCED_FACE('',(#4090),#4081,.F.);
#4092=CARTESIAN_POINT('',(8.950028389462E0,0.E0,0.E0));
#4093=DIRECTION('',(1.E0,0.E0,0.E0));
#4094=DIRECTION('',(0.E0,0.E0,-1.E0));
#4095=AXIS2_PLACEMENT_3D('',#4092,#4093,#4094);
#4096=CONICAL_SURFACE('',#4095,3.399971269445E0,4.499951871529E1);
#4097=ORIENTED_EDGE('',*,*,#4072,.F.);
#4098=ORIENTED_EDGE('',*,*,#4087,.F.);
#4100=ORIENTED_EDGE('',*,*,#4099,.T.);
#4101=ORIENTED_EDGE('',*,*,#4083,.T.);
#4102=EDGE_LOOP('',(#4097,#4098,#4100,#4101));
#4103=FACE_OUTER_BOUND('',#4102,.F.);
#4104=ADVANCED_FACE('',(#4103),#4096,.F.);
#4105=CARTESIAN_POINT('',(2.0895E1,0.E0,0.E0));
#4106=DIRECTION('',(-1.E0,0.E0,0.E0));
#4107=DIRECTION('',(0.E0,0.E0,-1.E0));
#4108=AXIS2_PLACEMENT_3D('',#4105,#4106,#4107);
#4109=CYLINDRICAL_SURFACE('',#4108,3.25E0);
#4110=ORIENTED_EDGE('',*,*,#4099,.F.);
#4112=ORIENTED_EDGE('',*,*,#4111,.F.);
#4114=ORIENTED_EDGE('',*,*,#4113,.F.);
#4116=ORIENTED_EDGE('',*,*,#4115,.T.);
#4117=EDGE_LOOP('',(#4110,#4112,#4114,#4116));
#4118=FACE_OUTER_BOUND('',#4117,.F.);
#4119=ADVANCED_FACE('',(#4118),#4109,.F.);
#4120=CARTESIAN_POINT('',(2.0895E1,0.E0,0.E0));
#4121=DIRECTION('',(-1.E0,0.E0,0.E0));
#4122=DIRECTION('',(0.E0,0.E0,-1.E0));
#4123=AXIS2_PLACEMENT_3D('',#4120,#4121,#4122);
#4124=CYLINDRICAL_SURFACE('',#4123,3.25E0);
#4125=ORIENTED_EDGE('',*,*,#4085,.F.);
#4126=ORIENTED_EDGE('',*,*,#4115,.F.);
#4128=ORIENTED_EDGE('',*,*,#4127,.F.);
#4129=ORIENTED_EDGE('',*,*,#4111,.T.);
#4130=EDGE_LOOP('',(#4125,#4126,#4128,#4129));
#4131=FACE_OUTER_BOUND('',#4130,.F.);
#4132=ADVANCED_FACE('',(#4131),#4124,.F.);
#4133=CARTESIAN_POINT('',(4.8E0,0.E0,0.E0));
#4134=DIRECTION('',(-1.E0,0.E0,0.E0));
#4135=DIRECTION('',(0.E0,0.E0,-1.E0));
#4136=AXIS2_PLACEMENT_3D('',#4133,#4134,#4135);
#4137=PLANE('',#4136);
#4138=ORIENTED_EDGE('',*,*,#4113,.T.);
#4139=ORIENTED_EDGE('',*,*,#4127,.T.);
#4140=EDGE_LOOP('',(#4138,#4139));
#4141=FACE_OUTER_BOUND('',#4140,.F.);
#4143=ORIENTED_EDGE('',*,*,#4142,.T.);
#4145=ORIENTED_EDGE('',*,*,#4144,.T.);
#4146=EDGE_LOOP('',(#4143,#4145));
#4147=FACE_BOUND('',#4146,.F.);
#4148=ADVANCED_FACE('',(#4141,#4147),#4137,.F.);
#4149=CARTESIAN_POINT('',(2.0895E1,0.E0,0.E0));
#4150=DIRECTION('',(-1.E0,0.E0,0.E0));
#4151=DIRECTION('',(0.E0,0.E0,-1.E0));
#4152=AXIS2_PLACEMENT_3D('',#4149,#4150,#4151);
#4153=CYLINDRICAL_SURFACE('',#4152,2.25E0);
#4155=ORIENTED_EDGE('',*,*,#4154,.F.);
#4157=ORIENTED_EDGE('',*,*,#4156,.T.);
#4158=ORIENTED_EDGE('',*,*,#4142,.F.);
#4160=ORIENTED_EDGE('',*,*,#4159,.F.);
#4162=ORIENTED_EDGE('',*,*,#4161,.T.);
#4163=EDGE_LOOP('',(#4155,#4157,#4158,#4160,#4162));
#4164=FACE_OUTER_BOUND('',#4163,.F.);
#4165=ADVANCED_FACE('',(#4164),#4153,.F.);
#4166=CARTESIAN_POINT('',(0.E0,0.E0,-2.189E1));
#4167=DIRECTION('',(0.E0,0.E0,1.E0));
#4168=DIRECTION('',(-1.E0,0.E0,0.E0));
#4169=AXIS2_PLACEMENT_3D('',#4166,#4167,#4168);
#4170=CYLINDRICAL_SURFACE('',#4169,2.25E0);
#4172=ORIENTED_EDGE('',*,*,#4171,.F.);
#4174=ORIENTED_EDGE('',*,*,#4173,.T.);
#4176=ORIENTED_EDGE('',*,*,#4175,.F.);
#4178=ORIENTED_EDGE('',*,*,#4177,.F.);
#4179=ORIENTED_EDGE('',*,*,#4154,.T.);
#4180=EDGE_LOOP('',(#4172,#4174,#4176,#4178,#4179));
#4181=FACE_OUTER_BOUND('',#4180,.F.);
#4182=ADVANCED_FACE('',(#4181),#4170,.F.);
#4183=CARTESIAN_POINT('',(-2.0895E1,0.E0,0.E0));
#4184=DIRECTION('',(-1.E0,0.E0,0.E0));
#4185=DIRECTION('',(0.E0,0.E0,-1.E0));
#4186=AXIS2_PLACEMENT_3D('',#4183,#4184,#4185);
#4187=CYLINDRICAL_SURFACE('',#4186,2.25E0);
#4189=ORIENTED_EDGE('',*,*,#4188,.T.);
#4190=ORIENTED_EDGE('',*,*,#4171,.T.);
#4192=ORIENTED_EDGE('',*,*,#4191,.F.);
#4194=ORIENTED_EDGE('',*,*,#4193,.F.);
#4196=ORIENTED_EDGE('',*,*,#4195,.F.);
#4197=EDGE_LOOP('',(#4189,#4190,#4192,#4194,#4196));
#4198=FACE_OUTER_BOUND('',#4197,.F.);
#4199=ADVANCED_FACE('',(#4198),#4187,.F.);
#4200=CARTESIAN_POINT('',(-2.0895E1,0.E0,0.E0));
#4201=DIRECTION('',(-1.E0,0.E0,0.E0));
#4202=DIRECTION('',(0.E0,0.E0,-1.E0));
#4203=AXIS2_PLACEMENT_3D('',#4200,#4201,#4202);
#4204=CYLINDRICAL_SURFACE('',#4203,2.25E0);
#4205=ORIENTED_EDGE('',*,*,#4188,.F.);
#4207=ORIENTED_EDGE('',*,*,#4206,.F.);
#4208=ORIENTED_EDGE('',*,*,#4193,.T.);
#4210=ORIENTED_EDGE('',*,*,#4209,.T.);
#4212=ORIENTED_EDGE('',*,*,#4211,.F.);
#4213=EDGE_LOOP('',(#4205,#4207,#4208,#4210,#4212));
#4214=FACE_OUTER_BOUND('',#4213,.F.);
#4215=ADVANCED_FACE('',(#4214),#4204,.F.);
#4216=CARTESIAN_POINT('',(-4.8E0,0.E0,0.E0));
#4217=DIRECTION('',(-1.E0,0.E0,0.E0));
#4218=DIRECTION('',(0.E0,0.E0,-1.E0));
#4219=AXIS2_PLACEMENT_3D('',#4216,#4217,#4218);
#4220=PLANE('',#4219);
#4222=ORIENTED_EDGE('',*,*,#4221,.T.);
#4224=ORIENTED_EDGE('',*,*,#4223,.T.);
#4225=EDGE_LOOP('',(#4222,#4224));
#4226=FACE_OUTER_BOUND('',#4225,.F.);
#4227=ORIENTED_EDGE('',*,*,#4195,.T.);
#4228=ORIENTED_EDGE('',*,*,#4206,.T.);
#4229=EDGE_LOOP('',(#4227,#4228));
#4230=FACE_BOUND('',#4229,.F.);
#4231=ADVANCED_FACE('',(#4226,#4230),#4220,.T.);
#4232=CARTESIAN_POINT('',(-2.0895E1,0.E0,0.E0));
#4233=DIRECTION('',(-1.E0,0.E0,0.E0));
#4234=DIRECTION('',(0.E0,0.E0,-1.E0));
#4235=AXIS2_PLACEMENT_3D('',#4232,#4233,#4234);
#4236=CYLINDRICAL_SURFACE('',#4235,3.25E0);
#4238=ORIENTED_EDGE('',*,*,#4237,.F.);
#4240=ORIENTED_EDGE('',*,*,#4239,.T.);
#4241=ORIENTED_EDGE('',*,*,#4221,.F.);
#4243=ORIENTED_EDGE('',*,*,#4242,.F.);
#4244=EDGE_LOOP('',(#4238,#4240,#4241,#4243));
#4245=FACE_OUTER_BOUND('',#4244,.F.);
#4246=ADVANCED_FACE('',(#4245),#4236,.F.);
#4247=CARTESIAN_POINT('',(-8.950028389462E0,0.E0,0.E0));
#4248=DIRECTION('',(-1.E0,0.E0,0.E0));
#4249=DIRECTION('',(0.E0,0.E0,-1.E0));
#4250=AXIS2_PLACEMENT_3D('',#4247,#4248,#4249);
#4251=CONICAL_SURFACE('',#4250,3.399971269445E0,4.499951871529E1);
#4253=ORIENTED_EDGE('',*,*,#4252,.F.);
#4255=ORIENTED_EDGE('',*,*,#4254,.F.);
#4256=ORIENTED_EDGE('',*,*,#4237,.T.);
#4258=ORIENTED_EDGE('',*,*,#4257,.T.);
#4259=EDGE_LOOP('',(#4253,#4255,#4256,#4258));
#4260=FACE_OUTER_BOUND('',#4259,.F.);
#4261=ADVANCED_FACE('',(#4260),#4251,.F.);
#4262=CARTESIAN_POINT('',(-9.1E0,0.E0,0.E0));
#4263=DIRECTION('',(-1.E0,0.E0,0.E0));
#4264=DIRECTION('',(0.E0,0.E0,-1.E0));
#4265=AXIS2_PLACEMENT_3D('',#4262,#4263,#4264);
#4266=PLANE('',#4265);
#4268=ORIENTED_EDGE('',*,*,#4267,.T.);
#4270=ORIENTED_EDGE('',*,*,#4269,.T.);
#4272=ORIENTED_EDGE('',*,*,#4271,.T.);
#4274=ORIENTED_EDGE('',*,*,#4273,.T.);
#4275=EDGE_LOOP('',(#4268,#4270,#4272,#4274));
#4276=FACE_OUTER_BOUND('',#4275,.F.);
#4277=ORIENTED_EDGE('',*,*,#4252,.T.);
#4279=ORIENTED_EDGE('',*,*,#4278,.T.);
#4280=EDGE_LOOP('',(#4277,#4279));
#4281=FACE_BOUND('',#4280,.F.);
#4282=ADVANCED_FACE('',(#4276,#4281),#4266,.T.);
#4283=CARTESIAN_POINT('',(-9.4E0,0.E0,0.E0));
#4284=DIRECTION('',(-1.E0,0.E0,0.E0));
#4285=DIRECTION('',(0.E0,1.725680375236E-2,-9.998510902751E-1));
#4286=AXIS2_PLACEMENT_3D('',#4283,#4284,#4285);
#4287=TOROIDAL_SURFACE('',#4286,5.15E0,3.E-1);
#4289=ORIENTED_EDGE('',*,*,#4288,.T.);
#4291=ORIENTED_EDGE('',*,*,#4290,.F.);
#4292=ORIENTED_EDGE('',*,*,#4269,.F.);
#4293=ORIENTED_EDGE('',*,*,#4267,.F.);
#4295=ORIENTED_EDGE('',*,*,#4294,.T.);
#4296=EDGE_LOOP('',(#4289,#4291,#4292,#4293,#4295));
#4297=FACE_OUTER_BOUND('',#4296,.F.);
#4298=ADVANCED_FACE('',(#4297),#4287,.F.);
#4299=CARTESIAN_POINT('',(-2.0895E1,0.E0,0.E0));
#4300=DIRECTION('',(-1.E0,0.E0,0.E0));
#4301=DIRECTION('',(0.E0,0.E0,-1.E0));
#4302=AXIS2_PLACEMENT_3D('',#4299,#4300,#4301);
#4303=CYLINDRICAL_SURFACE('',#4302,5.45E0);
#4305=ORIENTED_EDGE('',*,*,#4304,.F.);
#4307=ORIENTED_EDGE('',*,*,#4306,.T.);
#4308=ORIENTED_EDGE('',*,*,#4288,.F.);
#4310=ORIENTED_EDGE('',*,*,#4309,.F.);
#4311=EDGE_LOOP('',(#4305,#4307,#4308,#4310));
#4312=FACE_OUTER_BOUND('',#4311,.F.);
#4313=ADVANCED_FACE('',(#4312),#4303,.F.);
#4314=CARTESIAN_POINT('',(-1.630011303918E1,1.509903313490E-14,0.E0));
#4315=DIRECTION('',(-1.E0,0.E0,0.E0));
#4316=DIRECTION('',(0.E0,0.E0,-1.E0));
#4317=AXIS2_PLACEMENT_3D('',#4314,#4315,#4316);
#4318=CONICAL_SURFACE('',#4317,5.574977314619E0,1.735385490459E1);
#4320=ORIENTED_EDGE('',*,*,#4319,.T.);
#4322=ORIENTED_EDGE('',*,*,#4321,.F.);
#4323=ORIENTED_EDGE('',*,*,#4304,.T.);
#4325=ORIENTED_EDGE('',*,*,#4324,.T.);
#4326=EDGE_LOOP('',(#4320,#4322,#4323,#4325));
#4327=FACE_OUTER_BOUND('',#4326,.F.);
#4328=ADVANCED_FACE('',(#4327),#4318,.F.);
#4329=CARTESIAN_POINT('',(-2.0895E1,0.E0,0.E0));
#4330=DIRECTION('',(-1.E0,0.E0,0.E0));
#4331=DIRECTION('',(0.E0,0.E0,-1.E0));
#4332=AXIS2_PLACEMENT_3D('',#4329,#4330,#4331);
#4333=CYLINDRICAL_SURFACE('',#4332,5.7E0);
#4334=ORIENTED_EDGE('',*,*,#4319,.F.);
#4336=ORIENTED_EDGE('',*,*,#4335,.F.);
#4338=ORIENTED_EDGE('',*,*,#4337,.F.);
#4340=ORIENTED_EDGE('',*,*,#4339,.T.);
#4341=EDGE_LOOP('',(#4334,#4336,#4338,#4340));
#4342=FACE_OUTER_BOUND('',#4341,.F.);
#4343=ADVANCED_FACE('',(#4342),#4333,.F.);
#4344=CARTESIAN_POINT('',(-2.0895E1,0.E0,0.E0));
#4345=DIRECTION('',(-1.E0,0.E0,0.E0));
#4346=DIRECTION('',(0.E0,0.E0,-1.E0));
#4347=AXIS2_PLACEMENT_3D('',#4344,#4345,#4346);
#4348=CYLINDRICAL_SURFACE('',#4347,5.7E0);
#4350=ORIENTED_EDGE('',*,*,#4349,.F.);
#4351=ORIENTED_EDGE('',*,*,#4339,.F.);
#4353=ORIENTED_EDGE('',*,*,#4352,.F.);
#4354=ORIENTED_EDGE('',*,*,#4335,.T.);
#4355=EDGE_LOOP('',(#4350,#4351,#4353,#4354));
#4356=FACE_OUTER_BOUND('',#4355,.F.);
#4357=ADVANCED_FACE('',(#4356),#4348,.F.);
#4358=CARTESIAN_POINT('',(-1.630011303918E1,-1.398881011028E-14,0.E0));
#4359=DIRECTION('',(-1.E0,0.E0,0.E0));
#4360=DIRECTION('',(0.E0,0.E0,-1.E0));
#4361=AXIS2_PLACEMENT_3D('',#4358,#4359,#4360);
#4362=CONICAL_SURFACE('',#4361,5.574977314619E0,1.735385490459E1);
#4363=ORIENTED_EDGE('',*,*,#4349,.T.);
#4364=ORIENTED_EDGE('',*,*,#4324,.F.);
#4366=ORIENTED_EDGE('',*,*,#4365,.T.);
#4367=ORIENTED_EDGE('',*,*,#4321,.T.);
#4368=EDGE_LOOP('',(#4363,#4364,#4366,#4367));
#4369=FACE_OUTER_BOUND('',#4368,.F.);
#4370=ADVANCED_FACE('',(#4369),#4362,.F.);
#4371=CARTESIAN_POINT('',(-2.0895E1,0.E0,0.E0));
#4372=DIRECTION('',(-1.E0,0.E0,0.E0));
#4373=DIRECTION('',(0.E0,0.E0,-1.E0));
#4374=AXIS2_PLACEMENT_3D('',#4371,#4372,#4373);
#4375=CYLINDRICAL_SURFACE('',#4374,5.45E0);
#4376=ORIENTED_EDGE('',*,*,#4365,.F.);
#4377=ORIENTED_EDGE('',*,*,#4309,.T.);
#4379=ORIENTED_EDGE('',*,*,#4378,.F.);
#4380=ORIENTED_EDGE('',*,*,#4306,.F.);
#4381=EDGE_LOOP('',(#4376,#4377,#4379,#4380));
#4382=FACE_OUTER_BOUND('',#4381,.F.);
#4383=ADVANCED_FACE('',(#4382),#4375,.F.);
#4384=CARTESIAN_POINT('',(-9.4E0,0.E0,0.E0));
#4385=DIRECTION('',(-1.E0,0.E0,0.E0));
#4386=DIRECTION('',(0.E0,-1.725680375236E-2,9.998510902751E-1));
#4387=AXIS2_PLACEMENT_3D('',#4384,#4385,#4386);
#4388=TOROIDAL_SURFACE('',#4387,5.15E0,3.E-1);
#4389=ORIENTED_EDGE('',*,*,#4378,.T.);
#4390=ORIENTED_EDGE('',*,*,#4294,.F.);
#4391=ORIENTED_EDGE('',*,*,#4273,.F.);
#4392=ORIENTED_EDGE('',*,*,#4271,.F.);
#4393=ORIENTED_EDGE('',*,*,#4290,.T.);
#4394=EDGE_LOOP('',(#4389,#4390,#4391,#4392,#4393));
#4395=FACE_OUTER_BOUND('',#4394,.F.);
#4396=ADVANCED_FACE('',(#4395),#4388,.F.);
#4397=CARTESIAN_POINT('',(-1.99E1,0.E0,0.E0));
#4398=DIRECTION('',(-1.E0,0.E0,0.E0));
#4399=DIRECTION('',(0.E0,0.E0,-1.E0));
#4400=AXIS2_PLACEMENT_3D('',#4397,#4398,#4399);
#4401=PLANE('',#4400);
#4403=ORIENTED_EDGE('',*,*,#4402,.T.);
#4405=ORIENTED_EDGE('',*,*,#4404,.T.);
#4407=ORIENTED_EDGE('',*,*,#4406,.T.);
#4409=ORIENTED_EDGE('',*,*,#4408,.T.);
#4410=EDGE_LOOP('',(#4403,#4405,#4407,#4409));
#4411=FACE_OUTER_BOUND('',#4410,.F.);
#4412=ORIENTED_EDGE('',*,*,#4352,.T.);
#4413=ORIENTED_EDGE('',*,*,#4337,.T.);
#4414=EDGE_LOOP('',(#4412,#4413));
#4415=FACE_BOUND('',#4414,.F.);
#4416=ADVANCED_FACE('',(#4411,#4415),#4401,.T.);
#4417=CARTESIAN_POINT('',(-1.97E1,0.E0,0.E0));
#4418=DIRECTION('',(-1.E0,0.E0,0.E0));
#4419=DIRECTION('',(0.E0,-1.401936217655E-2,9.999017239130E-1));
#4420=AXIS2_PLACEMENT_3D('',#4417,#4418,#4419);
#4421=TOROIDAL_SURFACE('',#4420,6.2E0,2.E-1);
#4422=ORIENTED_EDGE('',*,*,#4404,.F.);
#4423=ORIENTED_EDGE('',*,*,#4402,.F.);
#4425=ORIENTED_EDGE('',*,*,#4424,.F.);
#4427=ORIENTED_EDGE('',*,*,#4426,.T.);
#4429=ORIENTED_EDGE('',*,*,#4428,.T.);
#4430=EDGE_LOOP('',(#4422,#4423,#4425,#4427,#4429));
#4431=FACE_OUTER_BOUND('',#4430,.F.);
#4432=ADVANCED_FACE('',(#4431),#4421,.T.);
#4433=CARTESIAN_POINT('',(-1.97E1,0.E0,0.E0));
#4434=DIRECTION('',(-1.E0,0.E0,0.E0));
#4435=DIRECTION('',(0.E0,1.401936217655E-2,-9.999017239130E-1));
#4436=AXIS2_PLACEMENT_3D('',#4433,#4434,#4435);
#4437=TOROIDAL_SURFACE('',#4436,6.2E0,2.E-1);
#4438=ORIENTED_EDGE('',*,*,#4408,.F.);
#4439=ORIENTED_EDGE('',*,*,#4406,.F.);
#4440=ORIENTED_EDGE('',*,*,#4428,.F.);
#4442=ORIENTED_EDGE('',*,*,#4441,.T.);
#4443=ORIENTED_EDGE('',*,*,#4424,.T.);
#4444=EDGE_LOOP('',(#4438,#4439,#4440,#4442,#4443));
#4445=FACE_OUTER_BOUND('',#4444,.F.);
#4446=ADVANCED_FACE('',(#4445),#4437,.T.);
#4447=CARTESIAN_POINT('',(-2.0895E1,0.E0,0.E0));
#4448=DIRECTION('',(-1.E0,0.E0,0.E0));
#4449=DIRECTION('',(0.E0,0.E0,-1.E0));
#4450=AXIS2_PLACEMENT_3D('',#4447,#4448,#4449);
#4451=CYLINDRICAL_SURFACE('',#4450,6.4E0);
#4452=ORIENTED_EDGE('',*,*,#4441,.F.);
#4454=ORIENTED_EDGE('',*,*,#4453,.T.);
#4456=ORIENTED_EDGE('',*,*,#4455,.F.);
#4458=ORIENTED_EDGE('',*,*,#4457,.F.);
#4459=EDGE_LOOP('',(#4452,#4454,#4456,#4458));
#4460=FACE_OUTER_BOUND('',#4459,.F.);
#4461=ADVANCED_FACE('',(#4460),#4451,.T.);
#4462=CARTESIAN_POINT('',(-2.0895E1,0.E0,0.E0));
#4463=DIRECTION('',(-1.E0,0.E0,0.E0));
#4464=DIRECTION('',(0.E0,0.E0,-1.E0));
#4465=AXIS2_PLACEMENT_3D('',#4462,#4463,#4464);
#4466=CYLINDRICAL_SURFACE('',#4465,6.4E0);
#4467=ORIENTED_EDGE('',*,*,#4426,.F.);
#4468=ORIENTED_EDGE('',*,*,#4457,.T.);
#4470=ORIENTED_EDGE('',*,*,#4469,.F.);
#4471=ORIENTED_EDGE('',*,*,#4453,.F.);
#4472=EDGE_LOOP('',(#4467,#4468,#4470,#4471));
#4473=FACE_OUTER_BOUND('',#4472,.F.);
#4474=ADVANCED_FACE('',(#4473),#4466,.T.);
#4475=CARTESIAN_POINT('',(-1.73E1,0.E0,0.E0));
#4476=DIRECTION('',(1.E0,0.E0,0.E0));
#4477=DIRECTION('',(0.E0,0.E0,1.E0));
#4478=AXIS2_PLACEMENT_3D('',#4475,#4476,#4477);
#4479=CONICAL_SURFACE('',#4478,6.6E0,1.843494882292E1);
#4481=ORIENTED_EDGE('',*,*,#4480,.F.);
#4482=ORIENTED_EDGE('',*,*,#4469,.T.);
#4484=ORIENTED_EDGE('',*,*,#4483,.T.);
#4486=ORIENTED_EDGE('',*,*,#4485,.T.);
#4487=EDGE_LOOP('',(#4481,#4482,#4484,#4486));
#4488=FACE_OUTER_BOUND('',#4487,.F.);
#4489=ADVANCED_FACE('',(#4488),#4479,.T.);
#4490=CARTESIAN_POINT('',(-1.73E1,0.E0,0.E0));
#4491=DIRECTION('',(1.E0,0.E0,0.E0));
#4492=DIRECTION('',(0.E0,0.E0,1.E0));
#4493=AXIS2_PLACEMENT_3D('',#4490,#4491,#4492);
#4494=CONICAL_SURFACE('',#4493,6.6E0,1.843494882292E1);
#4495=ORIENTED_EDGE('',*,*,#4480,.T.);
#4497=ORIENTED_EDGE('',*,*,#4496,.T.);
#4498=ORIENTED_EDGE('',*,*,#4483,.F.);
#4499=ORIENTED_EDGE('',*,*,#4455,.T.);
#4500=EDGE_LOOP('',(#4495,#4497,#4498,#4499));
#4501=FACE_OUTER_BOUND('',#4500,.F.);
#4502=ADVANCED_FACE('',(#4501),#4494,.T.);
#4503=CARTESIAN_POINT('',(-2.0895E1,0.E0,0.E0));
#4504=DIRECTION('',(-1.E0,0.E0,0.E0));
#4505=DIRECTION('',(0.E0,0.E0,-1.E0));
#4506=AXIS2_PLACEMENT_3D('',#4503,#4504,#4505);
#4507=CYLINDRICAL_SURFACE('',#4506,6.8E0);
#4509=ORIENTED_EDGE('',*,*,#4508,.T.);
#4511=ORIENTED_EDGE('',*,*,#4510,.F.);
#4513=ORIENTED_EDGE('',*,*,#4512,.F.);
#4514=ORIENTED_EDGE('',*,*,#4496,.F.);
#4515=EDGE_LOOP('',(#4509,#4511,#4513,#4514));
#4516=FACE_OUTER_BOUND('',#4515,.F.);
#4517=ADVANCED_FACE('',(#4516),#4507,.T.);
#4518=CARTESIAN_POINT('',(-2.0895E1,0.E0,0.E0));
#4519=DIRECTION('',(-1.E0,0.E0,0.E0));
#4520=DIRECTION('',(0.E0,0.E0,-1.E0));
#4521=AXIS2_PLACEMENT_3D('',#4518,#4519,#4520);
#4522=CYLINDRICAL_SURFACE('',#4521,6.8E0);
#4523=ORIENTED_EDGE('',*,*,#4508,.F.);
#4524=ORIENTED_EDGE('',*,*,#4485,.F.);
#4525=ORIENTED_EDGE('',*,*,#4512,.T.);
#4527=ORIENTED_EDGE('',*,*,#4526,.F.);
#4528=EDGE_LOOP('',(#4523,#4524,#4525,#4527));
#4529=FACE_OUTER_BOUND('',#4528,.F.);
#4530=ADVANCED_FACE('',(#4529),#4522,.T.);
#4531=CARTESIAN_POINT('',(-1.59E1,0.E0,0.E0));
#4532=DIRECTION('',(-1.E0,0.E0,0.E0));
#4533=DIRECTION('',(0.E0,0.E0,-1.E0));
#4534=AXIS2_PLACEMENT_3D('',#4531,#4532,#4533);
#4535=PLANE('',#4534);
#4536=ORIENTED_EDGE('',*,*,#4510,.T.);
#4537=ORIENTED_EDGE('',*,*,#4526,.T.);
#4538=EDGE_LOOP('',(#4536,#4537));
#4539=FACE_OUTER_BOUND('',#4538,.F.);
#4541=ORIENTED_EDGE('',*,*,#4540,.T.);
#4543=ORIENTED_EDGE('',*,*,#4542,.T.);
#4544=EDGE_LOOP('',(#4541,#4543));
#4545=FACE_BOUND('',#4544,.F.);
#4546=ADVANCED_FACE('',(#4539,#4545),#4535,.F.);
#4547=CARTESIAN_POINT('',(-2.0895E1,0.E0,0.E0));
#4548=DIRECTION('',(-1.E0,0.E0,0.E0));
#4549=DIRECTION('',(0.E0,0.E0,-1.E0));
#4550=AXIS2_PLACEMENT_3D('',#4547,#4548,#4549);
#4551=CYLINDRICAL_SURFACE('',#4550,6.35E0);
#4553=ORIENTED_EDGE('',*,*,#4552,.F.);
#4554=ORIENTED_EDGE('',*,*,#4540,.F.);
#4556=ORIENTED_EDGE('',*,*,#4555,.T.);
#4558=ORIENTED_EDGE('',*,*,#4557,.F.);
#4559=EDGE_LOOP('',(#4553,#4554,#4556,#4558));
#4560=FACE_OUTER_BOUND('',#4559,.F.);
#4561=ADVANCED_FACE('',(#4560),#4551,.T.);
#4562=CARTESIAN_POINT('',(-2.0895E1,0.E0,0.E0));
#4563=DIRECTION('',(-1.E0,0.E0,0.E0));
#4564=DIRECTION('',(0.E0,0.E0,-1.E0));
#4565=AXIS2_PLACEMENT_3D('',#4562,#4563,#4564);
#4566=CYLINDRICAL_SURFACE('',#4565,6.35E0);
#4567=ORIENTED_EDGE('',*,*,#4552,.T.);
#4569=ORIENTED_EDGE('',*,*,#4568,.F.);
#4570=ORIENTED_EDGE('',*,*,#4555,.F.);
#4571=ORIENTED_EDGE('',*,*,#4542,.F.);
#4572=EDGE_LOOP('',(#4567,#4569,#4570,#4571));
#4573=FACE_OUTER_BOUND('',#4572,.F.);
#4574=ADVANCED_FACE('',(#4573),#4566,.T.);
#4575=CARTESIAN_POINT('',(-1.37E1,0.E0,0.E0));
#4576=DIRECTION('',(-1.E0,0.E0,0.E0));
#4577=DIRECTION('',(0.E0,0.E0,-1.E0));
#4578=AXIS2_PLACEMENT_3D('',#4575,#4576,#4577);
#4579=PLANE('',#4578);
#4581=ORIENTED_EDGE('',*,*,#4580,.T.);
#4583=ORIENTED_EDGE('',*,*,#4582,.T.);
#4584=EDGE_LOOP('',(#4581,#4583));
#4585=FACE_OUTER_BOUND('',#4584,.F.);
#4586=ORIENTED_EDGE('',*,*,#4568,.T.);
#4587=ORIENTED_EDGE('',*,*,#4557,.T.);
#4588=EDGE_LOOP('',(#4586,#4587));
#4589=FACE_BOUND('',#4588,.F.);
#4590=ADVANCED_FACE('',(#4585,#4589),#4579,.T.);
#4591=CARTESIAN_POINT('',(-2.0895E1,0.E0,0.E0));
#4592=DIRECTION('',(-1.E0,0.E0,0.E0));
#4593=DIRECTION('',(0.E0,0.E0,-1.E0));
#4594=AXIS2_PLACEMENT_3D('',#4591,#4592,#4593);
#4595=CYLINDRICAL_SURFACE('',#4594,7.7E0);
#4597=ORIENTED_EDGE('',*,*,#4596,.F.);
#4599=ORIENTED_EDGE('',*,*,#4598,.F.);
#4600=ORIENTED_EDGE('',*,*,#4580,.F.);
#4602=ORIENTED_EDGE('',*,*,#4601,.T.);
#4603=EDGE_LOOP('',(#4597,#4599,#4600,#4602));
#4604=FACE_OUTER_BOUND('',#4603,.F.);
#4605=ADVANCED_FACE('',(#4604),#4595,.T.);
#4606=CARTESIAN_POINT('',(-1.284339811321E1,0.E0,0.E0));
#4607=DIRECTION('',(-1.E0,0.E0,0.E0));
#4608=DIRECTION('',(0.E0,-1.221453379142E-2,9.999253997995E-1));
#4609=AXIS2_PLACEMENT_3D('',#4606,#4607,#4608);
#4610=TOROIDAL_SURFACE('',#4609,7.2E0,5.E-1);
#4611=ORIENTED_EDGE('',*,*,#4596,.T.);
#4613=ORIENTED_EDGE('',*,*,#4612,.F.);
#4615=ORIENTED_EDGE('',*,*,#4614,.T.);
#4617=ORIENTED_EDGE('',*,*,#4616,.T.);
#4619=ORIENTED_EDGE('',*,*,#4618,.T.);
#4620=EDGE_LOOP('',(#4611,#4613,#4615,#4617,#4619));
#4621=FACE_OUTER_BOUND('',#4620,.F.);
#4622=ADVANCED_FACE('',(#4621),#4610,.T.);
#4623=CARTESIAN_POINT('',(-1.284339811321E1,0.E0,0.E0));
#4624=DIRECTION('',(-1.E0,0.E0,0.E0));
#4625=DIRECTION('',(0.E0,1.221453379142E-2,-9.999253997995E-1));
#4626=AXIS2_PLACEMENT_3D('',#4623,#4624,#4625);
#4627=TOROIDAL_SURFACE('',#4626,7.2E0,5.E-1);
#4629=ORIENTED_EDGE('',*,*,#4628,.T.);
#4630=ORIENTED_EDGE('',*,*,#4618,.F.);
#4632=ORIENTED_EDGE('',*,*,#4631,.T.);
#4634=ORIENTED_EDGE('',*,*,#4633,.T.);
#4635=ORIENTED_EDGE('',*,*,#4612,.T.);
#4636=EDGE_LOOP('',(#4629,#4630,#4632,#4634,#4635));
#4637=FACE_OUTER_BOUND('',#4636,.F.);
#4638=ADVANCED_FACE('',(#4637),#4627,.T.);
#4639=CARTESIAN_POINT('',(-2.0895E1,0.E0,0.E0));
#4640=DIRECTION('',(-1.E0,0.E0,0.E0));
#4641=DIRECTION('',(0.E0,0.E0,-1.E0));
#4642=AXIS2_PLACEMENT_3D('',#4639,#4640,#4641);
#4643=CYLINDRICAL_SURFACE('',#4642,7.7E0);
#4644=ORIENTED_EDGE('',*,*,#4628,.F.);
#4645=ORIENTED_EDGE('',*,*,#4601,.F.);
#4646=ORIENTED_EDGE('',*,*,#4582,.F.);
#4647=ORIENTED_EDGE('',*,*,#4598,.T.);
#4648=EDGE_LOOP('',(#4644,#4645,#4646,#4647));
#4649=FACE_OUTER_BOUND('',#4648,.F.);
#4650=ADVANCED_FACE('',(#4649),#4643,.T.);
#4651=CARTESIAN_POINT('',(-1.213648037291E1,0.E0,0.E0));
#4652=DIRECTION('',(-1.E0,0.E0,0.E0));
#4653=DIRECTION('',(0.E0,0.E0,-1.E0));
#4654=AXIS2_PLACEMENT_3D('',#4651,#4652,#4653);
#4655=CONICAL_SURFACE('',#4654,7.347800233065E0,3.200538320808E1);
#4657=ORIENTED_EDGE('',*,*,#4656,.F.);
#4659=ORIENTED_EDGE('',*,*,#4658,.F.);
#4661=ORIENTED_EDGE('',*,*,#4660,.F.);
#4662=ORIENTED_EDGE('',*,*,#4633,.F.);
#4663=ORIENTED_EDGE('',*,*,#4631,.F.);
#4665=ORIENTED_EDGE('',*,*,#4664,.T.);
#4666=EDGE_LOOP('',(#4657,#4659,#4661,#4662,#4663,#4665));
#4667=FACE_OUTER_BOUND('',#4666,.F.);
#4668=ADVANCED_FACE('',(#4667),#4655,.T.);
#4669=CARTESIAN_POINT('',(-1.127056301887E1,0.E0,0.E0));
#4670=DIRECTION('',(-1.E0,0.E0,0.E0));
#4671=DIRECTION('',(0.E0,1.183926600242E-2,9.999299134342E-1));
#4672=AXIS2_PLACEMENT_3D('',#4669,#4670,#4671);
#4673=TOROIDAL_SURFACE('',#4672,7.75E0,8.E-1);
#4674=ORIENTED_EDGE('',*,*,#4658,.T.);
#4675=ORIENTED_EDGE('',*,*,#4656,.T.);
#4677=ORIENTED_EDGE('',*,*,#4676,.F.);
#4679=ORIENTED_EDGE('',*,*,#4678,.T.);
#4681=ORIENTED_EDGE('',*,*,#4680,.T.);
#4683=ORIENTED_EDGE('',*,*,#4682,.T.);
#4684=EDGE_LOOP('',(#4674,#4675,#4677,#4679,#4681,#4683));
#4685=FACE_OUTER_BOUND('',#4684,.F.);
#4686=ADVANCED_FACE('',(#4685),#4673,.F.);
#4687=CARTESIAN_POINT('',(-1.127056301887E1,0.E0,0.E0));
#4688=DIRECTION('',(-1.E0,0.E0,0.E0));
#4689=DIRECTION('',(0.E0,-1.183926600242E-2,-9.999299134342E-1));
#4690=AXIS2_PLACEMENT_3D('',#4687,#4688,#4689);
#4691=TOROIDAL_SURFACE('',#4690,7.75E0,8.E-1);
#4693=ORIENTED_EDGE('',*,*,#4692,.T.);
#4695=ORIENTED_EDGE('',*,*,#4694,.T.);
#4696=ORIENTED_EDGE('',*,*,#4682,.F.);
#4698=ORIENTED_EDGE('',*,*,#4697,.T.);
#4700=ORIENTED_EDGE('',*,*,#4699,.T.);
#4701=ORIENTED_EDGE('',*,*,#4676,.T.);
#4702=EDGE_LOOP('',(#4693,#4695,#4696,#4698,#4700,#4701));
#4703=FACE_OUTER_BOUND('',#4702,.F.);
#4704=ADVANCED_FACE('',(#4703),#4691,.F.);
#4705=CARTESIAN_POINT('',(-1.213648037291E1,0.E0,0.E0));
#4706=DIRECTION('',(-1.E0,0.E0,0.E0));
#4707=DIRECTION('',(0.E0,0.E0,-1.E0));
#4708=AXIS2_PLACEMENT_3D('',#4705,#4706,#4707);
#4709=CONICAL_SURFACE('',#4708,7.347800233065E0,3.200538320808E1);
#4710=ORIENTED_EDGE('',*,*,#4694,.F.);
#4711=ORIENTED_EDGE('',*,*,#4692,.F.);
#4712=ORIENTED_EDGE('',*,*,#4664,.F.);
#4713=ORIENTED_EDGE('',*,*,#4616,.F.);
#4714=ORIENTED_EDGE('',*,*,#4614,.F.);
#4715=ORIENTED_EDGE('',*,*,#4660,.T.);
#4716=EDGE_LOOP('',(#4710,#4711,#4712,#4713,#4714,#4715));
#4717=FACE_OUTER_BOUND('',#4716,.F.);
#4718=ADVANCED_FACE('',(#4717),#4709,.T.);
#4719=CARTESIAN_POINT('',(-2.0895E1,0.E0,0.E0));
#4720=DIRECTION('',(-1.E0,0.E0,0.E0));
#4721=DIRECTION('',(0.E0,0.E0,-1.E0));
#4722=AXIS2_PLACEMENT_3D('',#4719,#4720,#4721);
#4723=CYLINDRICAL_SURFACE('',#4722,6.95E0);
#4725=ORIENTED_EDGE('',*,*,#4724,.F.);
#4727=ORIENTED_EDGE('',*,*,#4726,.F.);
#4728=ORIENTED_EDGE('',*,*,#4699,.F.);
#4729=ORIENTED_EDGE('',*,*,#4697,.F.);
#4731=ORIENTED_EDGE('',*,*,#4730,.T.);
#4732=EDGE_LOOP('',(#4725,#4727,#4728,#4729,#4731));
#4733=FACE_OUTER_BOUND('',#4732,.F.);
#4734=ADVANCED_FACE('',(#4733),#4723,.T.);
#4735=CARTESIAN_POINT('',(-8.904972690940E0,0.E0,0.E0));
#4736=DIRECTION('',(-1.E0,0.E0,0.E0));
#4737=DIRECTION('',(0.E0,-1.353257239971E-2,9.999084305496E-1));
#4738=AXIS2_PLACEMENT_3D('',#4735,#4736,#4737);
#4739=TOROIDAL_SURFACE('',#4738,5.75E0,1.2E0);
#4740=ORIENTED_EDGE('',*,*,#4724,.T.);
#4742=ORIENTED_EDGE('',*,*,#4741,.F.);
#4743=ORIENTED_EDGE('',*,*,#3370,.T.);
#4744=ORIENTED_EDGE('',*,*,#3368,.T.);
#4746=ORIENTED_EDGE('',*,*,#4745,.T.);
#4747=EDGE_LOOP('',(#4740,#4742,#4743,#4744,#4746));
#4748=FACE_OUTER_BOUND('',#4747,.F.);
#4749=ADVANCED_FACE('',(#4748),#4739,.T.);
#4750=CARTESIAN_POINT('',(-8.904972690940E0,0.E0,0.E0));
#4751=DIRECTION('',(-1.E0,0.E0,0.E0));
#4752=DIRECTION('',(0.E0,1.353257239971E-2,-9.999084305496E-1));
#4753=AXIS2_PLACEMENT_3D('',#4750,#4751,#4752);
#4754=TOROIDAL_SURFACE('',#4753,5.75E0,1.2E0);
#4756=ORIENTED_EDGE('',*,*,#4755,.T.);
#4757=ORIENTED_EDGE('',*,*,#4745,.F.);
#4758=ORIENTED_EDGE('',*,*,#3351,.T.);
#4759=ORIENTED_EDGE('',*,*,#3349,.T.);
#4760=ORIENTED_EDGE('',*,*,#4741,.T.);
#4761=EDGE_LOOP('',(#4756,#4757,#4758,#4759,#4760));
#4762=FACE_OUTER_BOUND('',#4761,.F.);
#4763=ADVANCED_FACE('',(#4762),#4754,.T.);
#4764=CARTESIAN_POINT('',(-2.0895E1,0.E0,0.E0));
#4765=DIRECTION('',(-1.E0,0.E0,0.E0));
#4766=DIRECTION('',(0.E0,0.E0,-1.E0));
#4767=AXIS2_PLACEMENT_3D('',#4764,#4765,#4766);
#4768=CYLINDRICAL_SURFACE('',#4767,6.95E0);
#4769=ORIENTED_EDGE('',*,*,#4755,.F.);
#4770=ORIENTED_EDGE('',*,*,#4730,.F.);
#4771=ORIENTED_EDGE('',*,*,#4680,.F.);
#4772=ORIENTED_EDGE('',*,*,#4678,.F.);
#4773=ORIENTED_EDGE('',*,*,#4726,.T.);
#4774=EDGE_LOOP('',(#4769,#4770,#4771,#4772,#4773));
#4775=FACE_OUTER_BOUND('',#4774,.F.);
#4776=ADVANCED_FACE('',(#4775),#4768,.T.);
#4777=CARTESIAN_POINT('',(-8.950028389462E0,0.E0,0.E0));
#4778=DIRECTION('',(-1.E0,0.E0,0.E0));
#4779=DIRECTION('',(0.E0,0.E0,-1.E0));
#4780=AXIS2_PLACEMENT_3D('',#4777,#4778,#4779);
#4781=CONICAL_SURFACE('',#4780,3.399971269445E0,4.499951871529E1);
#4782=ORIENTED_EDGE('',*,*,#4278,.F.);
#4783=ORIENTED_EDGE('',*,*,#4257,.F.);
#4785=ORIENTED_EDGE('',*,*,#4784,.T.);
#4786=ORIENTED_EDGE('',*,*,#4254,.T.);
#4787=EDGE_LOOP('',(#4782,#4783,#4785,#4786));
#4788=FACE_OUTER_BOUND('',#4787,.F.);
#4789=ADVANCED_FACE('',(#4788),#4781,.F.);
#4790=CARTESIAN_POINT('',(-2.0895E1,0.E0,0.E0));
#4791=DIRECTION('',(-1.E0,0.E0,0.E0));
#4792=DIRECTION('',(0.E0,0.E0,-1.E0));
#4793=AXIS2_PLACEMENT_3D('',#4790,#4791,#4792);
#4794=CYLINDRICAL_SURFACE('',#4793,3.25E0);
#4795=ORIENTED_EDGE('',*,*,#4784,.F.);
#4796=ORIENTED_EDGE('',*,*,#4242,.T.);
#4797=ORIENTED_EDGE('',*,*,#4223,.F.);
#4798=ORIENTED_EDGE('',*,*,#4239,.F.);
#4799=EDGE_LOOP('',(#4795,#4796,#4797,#4798));
#4800=FACE_OUTER_BOUND('',#4799,.F.);
#4801=ADVANCED_FACE('',(#4800),#4794,.F.);
#4802=CARTESIAN_POINT('',(0.E0,0.E0,-2.189E1));
#4803=DIRECTION('',(0.E0,0.E0,1.E0));
#4804=DIRECTION('',(-1.E0,0.E0,0.E0));
#4805=AXIS2_PLACEMENT_3D('',#4802,#4803,#4804);
#4806=CYLINDRICAL_SURFACE('',#4805,2.25E0);
#4807=ORIENTED_EDGE('',*,*,#4209,.F.);
#4809=ORIENTED_EDGE('',*,*,#4808,.F.);
#4811=ORIENTED_EDGE('',*,*,#4810,.F.);
#4813=ORIENTED_EDGE('',*,*,#4812,.T.);
#4815=ORIENTED_EDGE('',*,*,#4814,.T.);
#4816=EDGE_LOOP('',(#4807,#4809,#4811,#4813,#4815));
#4817=FACE_OUTER_BOUND('',#4816,.F.);
#4818=ADVANCED_FACE('',(#4817),#4806,.F.);
#4819=CARTESIAN_POINT('',(0.E0,0.E0,-2.189E1));
#4820=DIRECTION('',(0.E0,0.E0,1.E0));
#4821=DIRECTION('',(-1.E0,0.E0,0.E0));
#4822=AXIS2_PLACEMENT_3D('',#4819,#4820,#4821);
#4823=CYLINDRICAL_SURFACE('',#4822,2.25E0);
#4824=ORIENTED_EDGE('',*,*,#4191,.T.);
#4825=ORIENTED_EDGE('',*,*,#4161,.F.);
#4826=ORIENTED_EDGE('',*,*,#4812,.F.);
#4828=ORIENTED_EDGE('',*,*,#4827,.F.);
#4829=ORIENTED_EDGE('',*,*,#4808,.T.);
#4830=EDGE_LOOP('',(#4824,#4825,#4826,#4828,#4829));
#4831=FACE_OUTER_BOUND('',#4830,.F.);
#4832=ADVANCED_FACE('',(#4831),#4823,.F.);
#4833=CARTESIAN_POINT('',(0.E0,0.E0,-4.8E0));
#4834=DIRECTION('',(0.E0,0.E0,1.E0));
#4835=DIRECTION('',(-1.E0,0.E0,0.E0));
#4836=AXIS2_PLACEMENT_3D('',#4833,#4834,#4835);
#4837=PLANE('',#4836);
#4839=ORIENTED_EDGE('',*,*,#4838,.T.);
#4841=ORIENTED_EDGE('',*,*,#4840,.T.);
#4842=EDGE_LOOP('',(#4839,#4841));
#4843=FACE_OUTER_BOUND('',#4842,.F.);
#4844=ORIENTED_EDGE('',*,*,#4827,.T.);
#4845=ORIENTED_EDGE('',*,*,#4810,.T.);
#4846=EDGE_LOOP('',(#4844,#4845));
#4847=FACE_BOUND('',#4846,.F.);
#4848=ADVANCED_FACE('',(#4843,#4847),#4837,.F.);
#4849=CARTESIAN_POINT('',(0.E0,0.E0,-2.189E1));
#4850=DIRECTION('',(0.E0,0.E0,1.E0));
#4851=DIRECTION('',(-1.E0,0.E0,0.E0));
#4852=AXIS2_PLACEMENT_3D('',#4849,#4850,#4851);
#4853=CYLINDRICAL_SURFACE('',#4852,3.25E0);
#4855=ORIENTED_EDGE('',*,*,#4854,.F.);
#4857=ORIENTED_EDGE('',*,*,#4856,.F.);
#4859=ORIENTED_EDGE('',*,*,#4858,.T.);
#4860=ORIENTED_EDGE('',*,*,#4838,.F.);
#4862=ORIENTED_EDGE('',*,*,#4861,.F.);
#4863=EDGE_LOOP('',(#4855,#4857,#4859,#4860,#4862));
#4864=FACE_OUTER_BOUND('',#4863,.F.);
#4865=ADVANCED_FACE('',(#4864),#4853,.F.);
#4866=CARTESIAN_POINT('',(0.E0,0.E0,-8.950028389462E0));
#4867=DIRECTION('',(0.E0,0.E0,-1.E0));
#4868=DIRECTION('',(0.E0,-1.E0,0.E0));
#4869=AXIS2_PLACEMENT_3D('',#4866,#4867,#4868);
#4870=CONICAL_SURFACE('',#4869,3.399971269445E0,4.499951871529E1);
#4872=ORIENTED_EDGE('',*,*,#4871,.F.);
#4874=ORIENTED_EDGE('',*,*,#4873,.F.);
#4876=ORIENTED_EDGE('',*,*,#4875,.F.);
#4877=ORIENTED_EDGE('',*,*,#4856,.T.);
#4878=ORIENTED_EDGE('',*,*,#4854,.T.);
#4880=ORIENTED_EDGE('',*,*,#4879,.T.);
#4881=EDGE_LOOP('',(#4872,#4874,#4876,#4877,#4878,#4880));
#4882=FACE_OUTER_BOUND('',#4881,.F.);
#4883=ADVANCED_FACE('',(#4882),#4870,.F.);
#4884=CARTESIAN_POINT('',(0.E0,0.E0,-9.1E0));
#4885=DIRECTION('',(0.E0,0.E0,1.E0));
#4886=DIRECTION('',(-1.E0,0.E0,0.E0));
#4887=AXIS2_PLACEMENT_3D('',#4884,#4885,#4886);
#4888=PLANE('',#4887);
#4890=ORIENTED_EDGE('',*,*,#4889,.T.);
#4892=ORIENTED_EDGE('',*,*,#4891,.T.);
#4893=EDGE_LOOP('',(#4890,#4892));
#4894=FACE_OUTER_BOUND('',#4893,.F.);
#4895=ORIENTED_EDGE('',*,*,#4873,.T.);
#4896=ORIENTED_EDGE('',*,*,#4871,.T.);
#4898=ORIENTED_EDGE('',*,*,#4897,.T.);
#4900=ORIENTED_EDGE('',*,*,#4899,.T.);
#4901=EDGE_LOOP('',(#4895,#4896,#4898,#4900));
#4902=FACE_BOUND('',#4901,.F.);
#4903=ADVANCED_FACE('',(#4894,#4902),#4888,.F.);
#4904=CARTESIAN_POINT('',(0.E0,0.E0,-9.4E0));
#4905=DIRECTION('',(0.E0,0.E0,1.E0));
#4906=DIRECTION('',(9.998747045444E-1,1.582956765761E-2,0.E0));
#4907=AXIS2_PLACEMENT_3D('',#4904,#4905,#4906);
#4908=TOROIDAL_SURFACE('',#4907,5.15E0,3.E-1);
#4910=ORIENTED_EDGE('',*,*,#4909,.T.);
#4912=ORIENTED_EDGE('',*,*,#4911,.T.);
#4914=ORIENTED_EDGE('',*,*,#4913,.F.);
#4915=ORIENTED_EDGE('',*,*,#4889,.F.);
#4917=ORIENTED_EDGE('',*,*,#4916,.T.);
#4918=EDGE_LOOP('',(#4910,#4912,#4914,#4915,#4917));
#4919=FACE_OUTER_BOUND('',#4918,.F.);
#4920=ADVANCED_FACE('',(#4919),#4908,.F.);
#4921=CARTESIAN_POINT('',(0.E0,0.E0,-2.189E1));
#4922=DIRECTION('',(0.E0,0.E0,1.E0));
#4923=DIRECTION('',(-1.E0,0.E0,0.E0));
#4924=AXIS2_PLACEMENT_3D('',#4921,#4922,#4923);
#4925=CYLINDRICAL_SURFACE('',#4924,5.45E0);
#4927=ORIENTED_EDGE('',*,*,#4926,.F.);
#4929=ORIENTED_EDGE('',*,*,#4928,.F.);
#4931=ORIENTED_EDGE('',*,*,#4930,.T.);
#4932=ORIENTED_EDGE('',*,*,#4911,.F.);
#4933=ORIENTED_EDGE('',*,*,#4909,.F.);
#4935=ORIENTED_EDGE('',*,*,#4934,.F.);
#4936=EDGE_LOOP('',(#4927,#4929,#4931,#4932,#4933,#4935));
#4937=FACE_OUTER_BOUND('',#4936,.F.);
#4938=ADVANCED_FACE('',(#4937),#4925,.F.);
#4939=CARTESIAN_POINT('',(0.E0,-2.198241588758E-14,-1.630011303918E1));
#4940=DIRECTION('',(0.E0,0.E0,-1.E0));
#4941=DIRECTION('',(0.E0,-1.E0,0.E0));
#4942=AXIS2_PLACEMENT_3D('',#4939,#4940,#4941);
#4943=CONICAL_SURFACE('',#4942,5.574977314619E0,1.735385490459E1);
#4945=ORIENTED_EDGE('',*,*,#4944,.T.);
#4947=ORIENTED_EDGE('',*,*,#4946,.T.);
#4949=ORIENTED_EDGE('',*,*,#4948,.F.);
#4950=ORIENTED_EDGE('',*,*,#4928,.T.);
#4951=ORIENTED_EDGE('',*,*,#4926,.T.);
#4953=ORIENTED_EDGE('',*,*,#4952,.T.);
#4954=EDGE_LOOP('',(#4945,#4947,#4949,#4950,#4951,#4953));
#4955=FACE_OUTER_BOUND('',#4954,.F.);
#4956=ADVANCED_FACE('',(#4955),#4943,.F.);
#4957=CARTESIAN_POINT('',(0.E0,0.E0,-2.189E1));
#4958=DIRECTION('',(0.E0,0.E0,1.E0));
#4959=DIRECTION('',(-1.E0,0.E0,0.E0));
#4960=AXIS2_PLACEMENT_3D('',#4957,#4958,#4959);
#4961=CYLINDRICAL_SURFACE('',#4960,5.7E0);
#4962=ORIENTED_EDGE('',*,*,#4946,.F.);
#4963=ORIENTED_EDGE('',*,*,#4944,.F.);
#4965=ORIENTED_EDGE('',*,*,#4964,.F.);
#4967=ORIENTED_EDGE('',*,*,#4966,.F.);
#4969=ORIENTED_EDGE('',*,*,#4968,.T.);
#4970=EDGE_LOOP('',(#4962,#4963,#4965,#4967,#4969));
#4971=FACE_OUTER_BOUND('',#4970,.F.);
#4972=ADVANCED_FACE('',(#4971),#4961,.F.);
#4973=CARTESIAN_POINT('',(0.E0,0.E0,-2.189E1));
#4974=DIRECTION('',(0.E0,0.E0,1.E0));
#4975=DIRECTION('',(-1.E0,0.E0,0.E0));
#4976=AXIS2_PLACEMENT_3D('',#4973,#4974,#4975);
#4977=CYLINDRICAL_SURFACE('',#4976,5.7E0);
#4979=ORIENTED_EDGE('',*,*,#4978,.F.);
#4981=ORIENTED_EDGE('',*,*,#4980,.F.);
#4982=ORIENTED_EDGE('',*,*,#4968,.F.);
#4984=ORIENTED_EDGE('',*,*,#4983,.F.);
#4985=ORIENTED_EDGE('',*,*,#4964,.T.);
#4986=EDGE_LOOP('',(#4979,#4981,#4982,#4984,#4985));
#4987=FACE_OUTER_BOUND('',#4986,.F.);
#4988=ADVANCED_FACE('',(#4987),#4977,.F.);
#4989=CARTESIAN_POINT('',(0.E0,0.E0,-1.630011303918E1));
#4990=DIRECTION('',(0.E0,0.E0,-1.E0));
#4991=DIRECTION('',(0.E0,-1.E0,0.E0));
#4992=AXIS2_PLACEMENT_3D('',#4989,#4990,#4991);
#4993=CONICAL_SURFACE('',#4992,5.574977314619E0,1.735385490459E1);
#4994=ORIENTED_EDGE('',*,*,#4980,.T.);
#4995=ORIENTED_EDGE('',*,*,#4978,.T.);
#4996=ORIENTED_EDGE('',*,*,#4952,.F.);
#4998=ORIENTED_EDGE('',*,*,#4997,.T.);
#5000=ORIENTED_EDGE('',*,*,#4999,.T.);
#5001=ORIENTED_EDGE('',*,*,#4948,.T.);
#5002=EDGE_LOOP('',(#4994,#4995,#4996,#4998,#5000,#5001));
#5003=FACE_OUTER_BOUND('',#5002,.F.);
#5004=ADVANCED_FACE('',(#5003),#4993,.F.);
#5005=CARTESIAN_POINT('',(0.E0,0.E0,-2.189E1));
#5006=DIRECTION('',(0.E0,0.E0,1.E0));
#5007=DIRECTION('',(-1.E0,0.E0,0.E0));
#5008=AXIS2_PLACEMENT_3D('',#5005,#5006,#5007);
#5009=CYLINDRICAL_SURFACE('',#5008,5.45E0);
#5010=ORIENTED_EDGE('',*,*,#4999,.F.);
#5011=ORIENTED_EDGE('',*,*,#4997,.F.);
#5012=ORIENTED_EDGE('',*,*,#4934,.T.);
#5014=ORIENTED_EDGE('',*,*,#5013,.F.);
#5016=ORIENTED_EDGE('',*,*,#5015,.F.);
#5017=ORIENTED_EDGE('',*,*,#4930,.F.);
#5018=EDGE_LOOP('',(#5010,#5011,#5012,#5014,#5016,#5017));
#5019=FACE_OUTER_BOUND('',#5018,.F.);
#5020=ADVANCED_FACE('',(#5019),#5009,.F.);
#5021=CARTESIAN_POINT('',(0.E0,0.E0,-9.4E0));
#5022=DIRECTION('',(0.E0,0.E0,1.E0));
#5023=DIRECTION('',(-9.998747045444E-1,-1.582956765761E-2,0.E0));
#5024=AXIS2_PLACEMENT_3D('',#5021,#5022,#5023);
#5025=TOROIDAL_SURFACE('',#5024,5.15E0,3.E-1);
#5026=ORIENTED_EDGE('',*,*,#5015,.T.);
#5027=ORIENTED_EDGE('',*,*,#5013,.T.);
#5028=ORIENTED_EDGE('',*,*,#4916,.F.);
#5029=ORIENTED_EDGE('',*,*,#4891,.F.);
#5030=ORIENTED_EDGE('',*,*,#4913,.T.);
#5031=EDGE_LOOP('',(#5026,#5027,#5028,#5029,#5030));
#5032=FACE_OUTER_BOUND('',#5031,.F.);
#5033=ADVANCED_FACE('',(#5032),#5025,.F.);
#5034=CARTESIAN_POINT('',(0.E0,0.E0,-1.99E1));
#5035=DIRECTION('',(0.E0,0.E0,1.E0));
#5036=DIRECTION('',(-1.E0,0.E0,0.E0));
#5037=AXIS2_PLACEMENT_3D('',#5034,#5035,#5036);
#5038=PLANE('',#5037);
#5040=ORIENTED_EDGE('',*,*,#5039,.T.);
#5042=ORIENTED_EDGE('',*,*,#5041,.T.);
#5044=ORIENTED_EDGE('',*,*,#5043,.T.);
#5046=ORIENTED_EDGE('',*,*,#5045,.T.);
#5047=EDGE_LOOP('',(#5040,#5042,#5044,#5046));
#5048=FACE_OUTER_BOUND('',#5047,.F.);
#5049=ORIENTED_EDGE('',*,*,#4983,.T.);
#5050=ORIENTED_EDGE('',*,*,#4966,.T.);
#5051=EDGE_LOOP('',(#5049,#5050));
#5052=FACE_BOUND('',#5051,.F.);
#5053=ADVANCED_FACE('',(#5048,#5052),#5038,.F.);
#5054=CARTESIAN_POINT('',(0.E0,0.E0,-1.97E1));
#5055=DIRECTION('',(0.E0,0.E0,1.E0));
#5056=DIRECTION('',(9.998016842926E-1,1.991461990016E-2,0.E0));
#5057=AXIS2_PLACEMENT_3D('',#5054,#5055,#5056);
#5058=TOROIDAL_SURFACE('',#5057,6.2E0,2.E-1);
#5059=ORIENTED_EDGE('',*,*,#5041,.F.);
#5060=ORIENTED_EDGE('',*,*,#5039,.F.);
#5062=ORIENTED_EDGE('',*,*,#5061,.F.);
#5064=ORIENTED_EDGE('',*,*,#5063,.T.);
#5066=ORIENTED_EDGE('',*,*,#5065,.T.);
#5068=ORIENTED_EDGE('',*,*,#5067,.T.);
#5069=EDGE_LOOP('',(#5059,#5060,#5062,#5064,#5066,#5068));
#5070=FACE_OUTER_BOUND('',#5069,.F.);
#5071=ADVANCED_FACE('',(#5070),#5058,.T.);
#5072=CARTESIAN_POINT('',(0.E0,0.E0,-1.97E1));
#5073=DIRECTION('',(0.E0,0.E0,1.E0));
#5074=DIRECTION('',(-9.998016842926E-1,-1.991461990016E-2,0.E0));
#5075=AXIS2_PLACEMENT_3D('',#5072,#5073,#5074);
#5076=TOROIDAL_SURFACE('',#5075,6.2E0,2.E-1);
#5077=ORIENTED_EDGE('',*,*,#5045,.F.);
#5078=ORIENTED_EDGE('',*,*,#5043,.F.);
#5079=ORIENTED_EDGE('',*,*,#5067,.F.);
#5081=ORIENTED_EDGE('',*,*,#5080,.T.);
#5083=ORIENTED_EDGE('',*,*,#5082,.T.);
#5084=ORIENTED_EDGE('',*,*,#5061,.T.);
#5085=EDGE_LOOP('',(#5077,#5078,#5079,#5081,#5083,#5084));
#5086=FACE_OUTER_BOUND('',#5085,.F.);
#5087=ADVANCED_FACE('',(#5086),#5076,.T.);
#5088=CARTESIAN_POINT('',(0.E0,0.E0,-2.189E1));
#5089=DIRECTION('',(0.E0,0.E0,1.E0));
#5090=DIRECTION('',(-1.E0,0.E0,0.E0));
#5091=AXIS2_PLACEMENT_3D('',#5088,#5089,#5090);
#5092=CYLINDRICAL_SURFACE('',#5091,6.4E0);
#5093=ORIENTED_EDGE('',*,*,#5082,.F.);
#5094=ORIENTED_EDGE('',*,*,#5080,.F.);
#5096=ORIENTED_EDGE('',*,*,#5095,.T.);
#5098=ORIENTED_EDGE('',*,*,#5097,.F.);
#5100=ORIENTED_EDGE('',*,*,#5099,.F.);
#5101=EDGE_LOOP('',(#5093,#5094,#5096,#5098,#5100));
#5102=FACE_OUTER_BOUND('',#5101,.F.);
#5103=ADVANCED_FACE('',(#5102),#5092,.T.);
#5104=CARTESIAN_POINT('',(0.E0,0.E0,-2.189E1));
#5105=DIRECTION('',(0.E0,0.E0,1.E0));
#5106=DIRECTION('',(-1.E0,0.E0,0.E0));
#5107=AXIS2_PLACEMENT_3D('',#5104,#5105,#5106);
#5108=CYLINDRICAL_SURFACE('',#5107,6.4E0);
#5109=ORIENTED_EDGE('',*,*,#5065,.F.);
#5110=ORIENTED_EDGE('',*,*,#5063,.F.);
#5111=ORIENTED_EDGE('',*,*,#5099,.T.);
#5113=ORIENTED_EDGE('',*,*,#5112,.F.);
#5114=ORIENTED_EDGE('',*,*,#5095,.F.);
#5115=EDGE_LOOP('',(#5109,#5110,#5111,#5113,#5114));
#5116=FACE_OUTER_BOUND('',#5115,.F.);
#5117=ADVANCED_FACE('',(#5116),#5108,.T.);
#5118=CARTESIAN_POINT('',(0.E0,0.E0,-1.73E1));
#5119=DIRECTION('',(0.E0,0.E0,1.E0));
#5120=DIRECTION('',(-1.E0,0.E0,0.E0));
#5121=AXIS2_PLACEMENT_3D('',#5118,#5119,#5120);
#5122=CONICAL_SURFACE('',#5121,6.6E0,1.843494882292E1);
#5124=ORIENTED_EDGE('',*,*,#5123,.F.);
#5125=ORIENTED_EDGE('',*,*,#5112,.T.);
#5127=ORIENTED_EDGE('',*,*,#5126,.T.);
#5129=ORIENTED_EDGE('',*,*,#5128,.T.);
#5130=EDGE_LOOP('',(#5124,#5125,#5127,#5129));
#5131=FACE_OUTER_BOUND('',#5130,.F.);
#5132=ADVANCED_FACE('',(#5131),#5122,.T.);
#5133=CARTESIAN_POINT('',(0.E0,0.E0,-1.73E1));
#5134=DIRECTION('',(0.E0,0.E0,1.E0));
#5135=DIRECTION('',(-1.E0,0.E0,0.E0));
#5136=AXIS2_PLACEMENT_3D('',#5133,#5134,#5135);
#5137=CONICAL_SURFACE('',#5136,6.6E0,1.843494882292E1);
#5138=ORIENTED_EDGE('',*,*,#5123,.T.);
#5140=ORIENTED_EDGE('',*,*,#5139,.T.);
#5141=ORIENTED_EDGE('',*,*,#5126,.F.);
#5142=ORIENTED_EDGE('',*,*,#5097,.T.);
#5143=EDGE_LOOP('',(#5138,#5140,#5141,#5142));
#5144=FACE_OUTER_BOUND('',#5143,.F.);
#5145=ADVANCED_FACE('',(#5144),#5137,.T.);
#5146=CARTESIAN_POINT('',(0.E0,0.E0,-2.189E1));
#5147=DIRECTION('',(0.E0,0.E0,1.E0));
#5148=DIRECTION('',(-1.E0,0.E0,0.E0));
#5149=AXIS2_PLACEMENT_3D('',#5146,#5147,#5148);
#5150=CYLINDRICAL_SURFACE('',#5149,6.8E0);
#5152=ORIENTED_EDGE('',*,*,#5151,.T.);
#5154=ORIENTED_EDGE('',*,*,#5153,.F.);
#5156=ORIENTED_EDGE('',*,*,#5155,.F.);
#5157=ORIENTED_EDGE('',*,*,#5139,.F.);
#5158=EDGE_LOOP('',(#5152,#5154,#5156,#5157));
#5159=FACE_OUTER_BOUND('',#5158,.F.);
#5160=ADVANCED_FACE('',(#5159),#5150,.T.);
#5161=CARTESIAN_POINT('',(0.E0,0.E0,-2.189E1));
#5162=DIRECTION('',(0.E0,0.E0,1.E0));
#5163=DIRECTION('',(-1.E0,0.E0,0.E0));
#5164=AXIS2_PLACEMENT_3D('',#5161,#5162,#5163);
#5165=CYLINDRICAL_SURFACE('',#5164,6.8E0);
#5166=ORIENTED_EDGE('',*,*,#5151,.F.);
#5167=ORIENTED_EDGE('',*,*,#5128,.F.);
#5168=ORIENTED_EDGE('',*,*,#5155,.T.);
#5170=ORIENTED_EDGE('',*,*,#5169,.F.);
#5171=EDGE_LOOP('',(#5166,#5167,#5168,#5170));
#5172=FACE_OUTER_BOUND('',#5171,.F.);
#5173=ADVANCED_FACE('',(#5172),#5165,.T.);
#5174=CARTESIAN_POINT('',(0.E0,0.E0,-1.59E1));
#5175=DIRECTION('',(0.E0,0.E0,1.E0));
#5176=DIRECTION('',(-1.E0,0.E0,0.E0));
#5177=AXIS2_PLACEMENT_3D('',#5174,#5175,#5176);
#5178=PLANE('',#5177);
#5179=ORIENTED_EDGE('',*,*,#5153,.T.);
#5180=ORIENTED_EDGE('',*,*,#5169,.T.);
#5181=EDGE_LOOP('',(#5179,#5180));
#5182=FACE_OUTER_BOUND('',#5181,.F.);
#5184=ORIENTED_EDGE('',*,*,#5183,.T.);
#5186=ORIENTED_EDGE('',*,*,#5185,.T.);
#5187=EDGE_LOOP('',(#5184,#5186));
#5188=FACE_BOUND('',#5187,.F.);
#5189=ADVANCED_FACE('',(#5182,#5188),#5178,.T.);
#5190=CARTESIAN_POINT('',(0.E0,0.E0,-2.189E1));
#5191=DIRECTION('',(0.E0,0.E0,1.E0));
#5192=DIRECTION('',(-1.E0,0.E0,0.E0));
#5193=AXIS2_PLACEMENT_3D('',#5190,#5191,#5192);
#5194=CYLINDRICAL_SURFACE('',#5193,6.35E0);
#5196=ORIENTED_EDGE('',*,*,#5195,.F.);
#5197=ORIENTED_EDGE('',*,*,#5183,.F.);
#5199=ORIENTED_EDGE('',*,*,#5198,.T.);
#5201=ORIENTED_EDGE('',*,*,#5200,.F.);
#5202=EDGE_LOOP('',(#5196,#5197,#5199,#5201));
#5203=FACE_OUTER_BOUND('',#5202,.F.);
#5204=ADVANCED_FACE('',(#5203),#5194,.T.);
#5205=CARTESIAN_POINT('',(0.E0,0.E0,-2.189E1));
#5206=DIRECTION('',(0.E0,0.E0,1.E0));
#5207=DIRECTION('',(-1.E0,0.E0,0.E0));
#5208=AXIS2_PLACEMENT_3D('',#5205,#5206,#5207);
#5209=CYLINDRICAL_SURFACE('',#5208,6.35E0);
#5210=ORIENTED_EDGE('',*,*,#5195,.T.);
#5212=ORIENTED_EDGE('',*,*,#5211,.F.);
#5213=ORIENTED_EDGE('',*,*,#5198,.F.);
#5214=ORIENTED_EDGE('',*,*,#5185,.F.);
#5215=EDGE_LOOP('',(#5210,#5212,#5213,#5214));
#5216=FACE_OUTER_BOUND('',#5215,.F.);
#5217=ADVANCED_FACE('',(#5216),#5209,.T.);
#5218=CARTESIAN_POINT('',(0.E0,0.E0,-1.37E1));
#5219=DIRECTION('',(0.E0,0.E0,1.E0));
#5220=DIRECTION('',(-1.E0,0.E0,0.E0));
#5221=AXIS2_PLACEMENT_3D('',#5218,#5219,#5220);
#5222=PLANE('',#5221);
#5224=ORIENTED_EDGE('',*,*,#5223,.T.);
#5226=ORIENTED_EDGE('',*,*,#5225,.T.);
#5227=EDGE_LOOP('',(#5224,#5226));
#5228=FACE_OUTER_BOUND('',#5227,.F.);
#5229=ORIENTED_EDGE('',*,*,#5211,.T.);
#5230=ORIENTED_EDGE('',*,*,#5200,.T.);
#5231=EDGE_LOOP('',(#5229,#5230));
#5232=FACE_BOUND('',#5231,.F.);
#5233=ADVANCED_FACE('',(#5228,#5232),#5222,.F.);
#5234=CARTESIAN_POINT('',(0.E0,0.E0,-2.189E1));
#5235=DIRECTION('',(0.E0,0.E0,1.E0));
#5236=DIRECTION('',(-1.E0,0.E0,0.E0));
#5237=AXIS2_PLACEMENT_3D('',#5234,#5235,#5236);
#5238=CYLINDRICAL_SURFACE('',#5237,7.7E0);
#5240=ORIENTED_EDGE('',*,*,#5239,.F.);
#5242=ORIENTED_EDGE('',*,*,#5241,.F.);
#5244=ORIENTED_EDGE('',*,*,#5243,.F.);
#5245=ORIENTED_EDGE('',*,*,#5223,.F.);
#5247=ORIENTED_EDGE('',*,*,#5246,.T.);
#5248=EDGE_LOOP('',(#5240,#5242,#5244,#5245,#5247));
#5249=FACE_OUTER_BOUND('',#5248,.F.);
#5250=ADVANCED_FACE('',(#5249),#5238,.T.);
#5251=CARTESIAN_POINT('',(0.E0,0.E0,-1.284339811321E1));
#5252=DIRECTION('',(0.E0,0.E0,1.E0));
#5253=DIRECTION('',(9.999372301054E-1,1.120427816652E-2,0.E0));
#5254=AXIS2_PLACEMENT_3D('',#5251,#5252,#5253);
#5255=TOROIDAL_SURFACE('',#5254,7.2E0,5.E-1);
#5256=ORIENTED_EDGE('',*,*,#5241,.T.);
#5257=ORIENTED_EDGE('',*,*,#5239,.T.);
#5259=ORIENTED_EDGE('',*,*,#5258,.F.);
#5261=ORIENTED_EDGE('',*,*,#5260,.T.);
#5263=ORIENTED_EDGE('',*,*,#5262,.T.);
#5265=ORIENTED_EDGE('',*,*,#5264,.T.);
#5266=EDGE_LOOP('',(#5256,#5257,#5259,#5261,#5263,#5265));
#5267=FACE_OUTER_BOUND('',#5266,.F.);
#5268=ADVANCED_FACE('',(#5267),#5255,.T.);
#5269=CARTESIAN_POINT('',(0.E0,0.E0,-1.284339811321E1));
#5270=DIRECTION('',(0.E0,0.E0,1.E0));
#5271=DIRECTION('',(-9.999372301054E-1,-1.120427816651E-2,0.E0));
#5272=AXIS2_PLACEMENT_3D('',#5269,#5270,#5271);
#5273=TOROIDAL_SURFACE('',#5272,7.2E0,5.E-1);
#5275=ORIENTED_EDGE('',*,*,#5274,.T.);
#5277=ORIENTED_EDGE('',*,*,#5276,.T.);
#5278=ORIENTED_EDGE('',*,*,#5264,.F.);
#5280=ORIENTED_EDGE('',*,*,#5279,.T.);
#5282=ORIENTED_EDGE('',*,*,#5281,.T.);
#5283=ORIENTED_EDGE('',*,*,#5258,.T.);
#5284=EDGE_LOOP('',(#5275,#5277,#5278,#5280,#5282,#5283));
#5285=FACE_OUTER_BOUND('',#5284,.F.);
#5286=ADVANCED_FACE('',(#5285),#5273,.T.);
#5287=CARTESIAN_POINT('',(0.E0,0.E0,-2.189E1));
#5288=DIRECTION('',(0.E0,0.E0,1.E0));
#5289=DIRECTION('',(-1.E0,0.E0,0.E0));
#5290=AXIS2_PLACEMENT_3D('',#5287,#5288,#5289);
#5291=CYLINDRICAL_SURFACE('',#5290,7.7E0);
#5292=ORIENTED_EDGE('',*,*,#5276,.F.);
#5293=ORIENTED_EDGE('',*,*,#5274,.F.);
#5294=ORIENTED_EDGE('',*,*,#5246,.F.);
#5295=ORIENTED_EDGE('',*,*,#5225,.F.);
#5296=ORIENTED_EDGE('',*,*,#5243,.T.);
#5297=EDGE_LOOP('',(#5292,#5293,#5294,#5295,#5296));
#5298=FACE_OUTER_BOUND('',#5297,.F.);
#5299=ADVANCED_FACE('',(#5298),#5291,.T.);
#5300=CARTESIAN_POINT('',(0.E0,0.E0,-1.213648037291E1));
#5301=DIRECTION('',(0.E0,0.E0,-1.E0));
#5302=DIRECTION('',(1.E0,0.E0,0.E0));
#5303=AXIS2_PLACEMENT_3D('',#5300,#5301,#5302);
#5304=CONICAL_SURFACE('',#5303,7.347800233067E0,3.200538320808E1);
#5306=ORIENTED_EDGE('',*,*,#5305,.F.);
#5308=ORIENTED_EDGE('',*,*,#5307,.F.);
#5310=ORIENTED_EDGE('',*,*,#5309,.F.);
#5311=ORIENTED_EDGE('',*,*,#5281,.F.);
#5312=ORIENTED_EDGE('',*,*,#5279,.F.);
#5314=ORIENTED_EDGE('',*,*,#5313,.T.);
#5315=EDGE_LOOP('',(#5306,#5308,#5310,#5311,#5312,#5314));
#5316=FACE_OUTER_BOUND('',#5315,.F.);
#5317=ADVANCED_FACE('',(#5316),#5304,.T.);
#5318=CARTESIAN_POINT('',(0.E0,0.E0,-1.127056301887E1));
#5319=DIRECTION('',(0.E0,0.E0,1.E0));
#5320=DIRECTION('',(9.999167041671E-1,-1.290677061309E-2,0.E0));
#5321=AXIS2_PLACEMENT_3D('',#5318,#5319,#5320);
#5322=TOROIDAL_SURFACE('',#5321,7.75E0,8.E-1);
#5323=ORIENTED_EDGE('',*,*,#5307,.T.);
#5324=ORIENTED_EDGE('',*,*,#5305,.T.);
#5326=ORIENTED_EDGE('',*,*,#5325,.F.);
#5328=ORIENTED_EDGE('',*,*,#5327,.T.);
#5330=ORIENTED_EDGE('',*,*,#5329,.T.);
#5332=ORIENTED_EDGE('',*,*,#5331,.T.);
#5333=EDGE_LOOP('',(#5323,#5324,#5326,#5328,#5330,#5332));
#5334=FACE_OUTER_BOUND('',#5333,.F.);
#5335=ADVANCED_FACE('',(#5334),#5322,.F.);
#5336=CARTESIAN_POINT('',(0.E0,0.E0,-1.127056301887E1));
#5337=DIRECTION('',(0.E0,0.E0,1.E0));
#5338=DIRECTION('',(-9.999167041671E-1,1.290677061309E-2,0.E0));
#5339=AXIS2_PLACEMENT_3D('',#5336,#5337,#5338);
#5340=TOROIDAL_SURFACE('',#5339,7.75E0,8.E-1);
#5342=ORIENTED_EDGE('',*,*,#5341,.T.);
#5344=ORIENTED_EDGE('',*,*,#5343,.T.);
#5345=ORIENTED_EDGE('',*,*,#5331,.F.);
#5347=ORIENTED_EDGE('',*,*,#5346,.T.);
#5349=ORIENTED_EDGE('',*,*,#5348,.T.);
#5350=ORIENTED_EDGE('',*,*,#5325,.T.);
#5351=EDGE_LOOP('',(#5342,#5344,#5345,#5347,#5349,#5350));
#5352=FACE_OUTER_BOUND('',#5351,.F.);
#5353=ADVANCED_FACE('',(#5352),#5340,.F.);
#5354=CARTESIAN_POINT('',(0.E0,0.E0,-1.213648037291E1));
#5355=DIRECTION('',(0.E0,0.E0,-1.E0));
#5356=DIRECTION('',(1.E0,0.E0,0.E0));
#5357=AXIS2_PLACEMENT_3D('',#5354,#5355,#5356);
#5358=CONICAL_SURFACE('',#5357,7.347800233067E0,3.200538320808E1);
#5359=ORIENTED_EDGE('',*,*,#5343,.F.);
#5360=ORIENTED_EDGE('',*,*,#5341,.F.);
#5361=ORIENTED_EDGE('',*,*,#5313,.F.);
#5362=ORIENTED_EDGE('',*,*,#5262,.F.);
#5363=ORIENTED_EDGE('',*,*,#5260,.F.);
#5364=ORIENTED_EDGE('',*,*,#5309,.T.);
#5365=EDGE_LOOP('',(#5359,#5360,#5361,#5362,#5363,#5364));
#5366=FACE_OUTER_BOUND('',#5365,.F.);
#5367=ADVANCED_FACE('',(#5366),#5358,.T.);
#5368=CARTESIAN_POINT('',(0.E0,0.E0,-2.189E1));
#5369=DIRECTION('',(0.E0,0.E0,1.E0));
#5370=DIRECTION('',(-1.E0,0.E0,0.E0));
#5371=AXIS2_PLACEMENT_3D('',#5368,#5369,#5370);
#5372=CYLINDRICAL_SURFACE('',#5371,6.95E0);
#5374=ORIENTED_EDGE('',*,*,#5373,.F.);
#5376=ORIENTED_EDGE('',*,*,#5375,.F.);
#5378=ORIENTED_EDGE('',*,*,#5377,.F.);
#5379=ORIENTED_EDGE('',*,*,#5348,.F.);
#5380=ORIENTED_EDGE('',*,*,#5346,.F.);
#5382=ORIENTED_EDGE('',*,*,#5381,.T.);
#5383=EDGE_LOOP('',(#5374,#5376,#5378,#5379,#5380,#5382));
#5384=FACE_OUTER_BOUND('',#5383,.F.);
#5385=ADVANCED_FACE('',(#5384),#5372,.T.);
#5386=CARTESIAN_POINT('',(0.E0,0.E0,-8.904972690940E0));
#5387=DIRECTION('',(0.E0,0.E0,1.E0));
#5388=DIRECTION('',(9.999229518514E-1,1.241331385047E-2,0.E0));
#5389=AXIS2_PLACEMENT_3D('',#5386,#5387,#5388);
#5390=TOROIDAL_SURFACE('',#5389,5.75E0,1.2E0);
#5391=ORIENTED_EDGE('',*,*,#5375,.T.);
#5392=ORIENTED_EDGE('',*,*,#5373,.T.);
#5394=ORIENTED_EDGE('',*,*,#5393,.F.);
#5395=ORIENTED_EDGE('',*,*,#3265,.T.);
#5396=ORIENTED_EDGE('',*,*,#3263,.T.);
#5398=ORIENTED_EDGE('',*,*,#5397,.T.);
#5399=EDGE_LOOP('',(#5391,#5392,#5394,#5395,#5396,#5398));
#5400=FACE_OUTER_BOUND('',#5399,.F.);
#5401=ADVANCED_FACE('',(#5400),#5390,.T.);
#5402=CARTESIAN_POINT('',(0.E0,0.E0,-8.904972690940E0));
#5403=DIRECTION('',(0.E0,0.E0,1.E0));
#5404=DIRECTION('',(-9.999229518514E-1,-1.241331385047E-2,0.E0));
#5405=AXIS2_PLACEMENT_3D('',#5402,#5403,#5404);
#5406=TOROIDAL_SURFACE('',#5405,5.75E0,1.2E0);
#5408=ORIENTED_EDGE('',*,*,#5407,.T.);
#5410=ORIENTED_EDGE('',*,*,#5409,.T.);
#5411=ORIENTED_EDGE('',*,*,#5397,.F.);
#5412=ORIENTED_EDGE('',*,*,#3246,.T.);
#5413=ORIENTED_EDGE('',*,*,#3244,.T.);
#5414=ORIENTED_EDGE('',*,*,#5393,.T.);
#5415=EDGE_LOOP('',(#5408,#5410,#5411,#5412,#5413,#5414));
#5416=FACE_OUTER_BOUND('',#5415,.F.);
#5417=ADVANCED_FACE('',(#5416),#5406,.T.);
#5418=CARTESIAN_POINT('',(0.E0,0.E0,-2.189E1));
#5419=DIRECTION('',(0.E0,0.E0,1.E0));
#5420=DIRECTION('',(-1.E0,0.E0,0.E0));
#5421=AXIS2_PLACEMENT_3D('',#5418,#5419,#5420);
#5422=CYLINDRICAL_SURFACE('',#5421,6.95E0);
#5423=ORIENTED_EDGE('',*,*,#5409,.F.);
#5424=ORIENTED_EDGE('',*,*,#5407,.F.);
#5425=ORIENTED_EDGE('',*,*,#5381,.F.);
#5426=ORIENTED_EDGE('',*,*,#5329,.F.);
#5427=ORIENTED_EDGE('',*,*,#5327,.F.);
#5428=ORIENTED_EDGE('',*,*,#5377,.T.);
#5429=EDGE_LOOP('',(#5423,#5424,#5425,#5426,#5427,#5428));
#5430=FACE_OUTER_BOUND('',#5429,.F.);
#5431=ADVANCED_FACE('',(#5430),#5422,.T.);
#5432=CARTESIAN_POINT('',(0.E0,0.E0,-8.950028389462E0));
#5433=DIRECTION('',(0.E0,0.E0,-1.E0));
#5434=DIRECTION('',(0.E0,-1.E0,0.E0));
#5435=AXIS2_PLACEMENT_3D('',#5432,#5433,#5434);
#5436=CONICAL_SURFACE('',#5435,3.399971269445E0,4.499951871529E1);
#5437=ORIENTED_EDGE('',*,*,#4899,.F.);
#5438=ORIENTED_EDGE('',*,*,#4897,.F.);
#5439=ORIENTED_EDGE('',*,*,#4879,.F.);
#5441=ORIENTED_EDGE('',*,*,#5440,.T.);
#5443=ORIENTED_EDGE('',*,*,#5442,.T.);
#5444=ORIENTED_EDGE('',*,*,#4875,.T.);
#5445=EDGE_LOOP('',(#5437,#5438,#5439,#5441,#5443,#5444));
#5446=FACE_OUTER_BOUND('',#5445,.F.);
#5447=ADVANCED_FACE('',(#5446),#5436,.F.);
#5448=CARTESIAN_POINT('',(0.E0,0.E0,-2.189E1));
#5449=DIRECTION('',(0.E0,0.E0,1.E0));
#5450=DIRECTION('',(-1.E0,0.E0,0.E0));
#5451=AXIS2_PLACEMENT_3D('',#5448,#5449,#5450);
#5452=CYLINDRICAL_SURFACE('',#5451,3.25E0);
#5453=ORIENTED_EDGE('',*,*,#5442,.F.);
#5454=ORIENTED_EDGE('',*,*,#5440,.F.);
#5455=ORIENTED_EDGE('',*,*,#4861,.T.);
#5456=ORIENTED_EDGE('',*,*,#4840,.F.);
#5457=ORIENTED_EDGE('',*,*,#4858,.F.);
#5458=EDGE_LOOP('',(#5453,#5454,#5455,#5456,#5457));
#5459=FACE_OUTER_BOUND('',#5458,.F.);
#5460=ADVANCED_FACE('',(#5459),#5452,.F.);
#5461=CARTESIAN_POINT('',(2.0895E1,0.E0,0.E0));
#5462=DIRECTION('',(-1.E0,0.E0,0.E0));
#5463=DIRECTION('',(0.E0,0.E0,-1.E0));
#5464=AXIS2_PLACEMENT_3D('',#5461,#5462,#5463);
#5465=CYLINDRICAL_SURFACE('',#5464,2.25E0);
#5466=ORIENTED_EDGE('',*,*,#4814,.F.);
#5467=ORIENTED_EDGE('',*,*,#4159,.T.);
#5468=ORIENTED_EDGE('',*,*,#4144,.F.);
#5469=ORIENTED_EDGE('',*,*,#4156,.F.);
#5471=ORIENTED_EDGE('',*,*,#5470,.T.);
#5472=EDGE_LOOP('',(#5466,#5467,#5468,#5469,#5471));
#5473=FACE_OUTER_BOUND('',#5472,.F.);
#5474=ADVANCED_FACE('',(#5473),#5465,.F.);
#5475=CARTESIAN_POINT('',(0.E0,0.E0,-2.189E1));
#5476=DIRECTION('',(0.E0,0.E0,1.E0));
#5477=DIRECTION('',(-1.E0,0.E0,0.E0));
#5478=AXIS2_PLACEMENT_3D('',#5475,#5476,#5477);
#5479=CYLINDRICAL_SURFACE('',#5478,2.25E0);
#5480=ORIENTED_EDGE('',*,*,#4211,.T.);
#5481=ORIENTED_EDGE('',*,*,#5470,.F.);
#5482=ORIENTED_EDGE('',*,*,#4177,.T.);
#5484=ORIENTED_EDGE('',*,*,#5483,.F.);
#5485=ORIENTED_EDGE('',*,*,#4173,.F.);
#5486=EDGE_LOOP('',(#5480,#5481,#5482,#5484,#5485));
#5487=FACE_OUTER_BOUND('',#5486,.F.);
#5488=ADVANCED_FACE('',(#5487),#5479,.F.);
#5489=CARTESIAN_POINT('',(0.E0,0.E0,4.8E0));
#5490=DIRECTION('',(0.E0,0.E0,1.E0));
#5491=DIRECTION('',(-1.E0,0.E0,0.E0));
#5492=AXIS2_PLACEMENT_3D('',#5489,#5490,#5491);
#5493=PLANE('',#5492);
#5495=ORIENTED_EDGE('',*,*,#5494,.T.);
#5497=ORIENTED_EDGE('',*,*,#5496,.T.);
#5498=EDGE_LOOP('',(#5495,#5497));
#5499=FACE_OUTER_BOUND('',#5498,.F.);
#5500=ORIENTED_EDGE('',*,*,#5483,.T.);
#5501=ORIENTED_EDGE('',*,*,#4175,.T.);
#5502=EDGE_LOOP('',(#5500,#5501));
#5503=FACE_BOUND('',#5502,.F.);
#5504=ADVANCED_FACE('',(#5499,#5503),#5493,.T.);
#5505=CARTESIAN_POINT('',(0.E0,0.E0,-2.189E1));
#5506=DIRECTION('',(0.E0,0.E0,1.E0));
#5507=DIRECTION('',(-1.E0,0.E0,0.E0));
#5508=AXIS2_PLACEMENT_3D('',#5505,#5506,#5507);
#5509=CYLINDRICAL_SURFACE('',#5508,3.25E0);
#5511=ORIENTED_EDGE('',*,*,#5510,.F.);
#5513=ORIENTED_EDGE('',*,*,#5512,.F.);
#5515=ORIENTED_EDGE('',*,*,#5514,.F.);
#5516=ORIENTED_EDGE('',*,*,#5494,.F.);
#5518=ORIENTED_EDGE('',*,*,#5517,.T.);
#5519=EDGE_LOOP('',(#5511,#5513,#5515,#5516,#5518));
#5520=FACE_OUTER_BOUND('',#5519,.F.);
#5521=ADVANCED_FACE('',(#5520),#5509,.F.);
#5522=CARTESIAN_POINT('',(-1.328109750491E-14,0.E0,8.950031174430E0));
#5523=DIRECTION('',(0.E0,0.E0,1.E0));
#5524=DIRECTION('',(0.E0,-1.E0,0.E0));
#5525=AXIS2_PLACEMENT_3D('',#5522,#5523,#5524);
#5526=CONICAL_SURFACE('',#5525,3.399968552667E0,4.499947235840E1);
#5527=ORIENTED_EDGE('',*,*,#5512,.T.);
#5528=ORIENTED_EDGE('',*,*,#5510,.T.);
#5530=ORIENTED_EDGE('',*,*,#5529,.F.);
#5532=ORIENTED_EDGE('',*,*,#5531,.F.);
#5534=ORIENTED_EDGE('',*,*,#5533,.F.);
#5536=ORIENTED_EDGE('',*,*,#5535,.T.);
#5537=EDGE_LOOP('',(#5527,#5528,#5530,#5532,#5534,#5536));
#5538=FACE_OUTER_BOUND('',#5537,.F.);
#5539=ADVANCED_FACE('',(#5538),#5526,.F.);
#5540=CARTESIAN_POINT('',(0.E0,0.E0,8.950031174430E0));
#5541=DIRECTION('',(0.E0,0.E0,1.E0));
#5542=DIRECTION('',(0.E0,-1.E0,0.E0));
#5543=AXIS2_PLACEMENT_3D('',#5540,#5541,#5542);
#5544=CONICAL_SURFACE('',#5543,3.399968552667E0,4.499947235840E1);
#5546=ORIENTED_EDGE('',*,*,#5545,.T.);
#5548=ORIENTED_EDGE('',*,*,#5547,.T.);
#5549=ORIENTED_EDGE('',*,*,#5535,.F.);
#5551=ORIENTED_EDGE('',*,*,#5550,.F.);
#5553=ORIENTED_EDGE('',*,*,#5552,.F.);
#5554=ORIENTED_EDGE('',*,*,#5529,.T.);
#5555=EDGE_LOOP('',(#5546,#5548,#5549,#5551,#5553,#5554));
#5556=FACE_OUTER_BOUND('',#5555,.F.);
#5557=ADVANCED_FACE('',(#5556),#5544,.F.);
#5558=CARTESIAN_POINT('',(0.E0,0.E0,-2.189E1));
#5559=DIRECTION('',(0.E0,0.E0,1.E0));
#5560=DIRECTION('',(-1.E0,0.E0,0.E0));
#5561=AXIS2_PLACEMENT_3D('',#5558,#5559,#5560);
#5562=CYLINDRICAL_SURFACE('',#5561,3.25E0);
#5563=ORIENTED_EDGE('',*,*,#5547,.F.);
#5564=ORIENTED_EDGE('',*,*,#5545,.F.);
#5565=ORIENTED_EDGE('',*,*,#5517,.F.);
#5566=ORIENTED_EDGE('',*,*,#5496,.F.);
#5567=ORIENTED_EDGE('',*,*,#5514,.T.);
#5568=EDGE_LOOP('',(#5563,#5564,#5565,#5566,#5567));
#5569=FACE_OUTER_BOUND('',#5568,.F.);
#5570=ADVANCED_FACE('',(#5569),#5562,.F.);
#5571=CARTESIAN_POINT('',(0.E0,0.E0,9.1E0));
#5572=DIRECTION('',(0.E0,0.E0,1.E0));
#5573=DIRECTION('',(-1.E0,0.E0,0.E0));
#5574=AXIS2_PLACEMENT_3D('',#5571,#5572,#5573);
#5575=PLANE('',#5574);
#5577=ORIENTED_EDGE('',*,*,#5576,.T.);
#5579=ORIENTED_EDGE('',*,*,#5578,.F.);
#5581=ORIENTED_EDGE('',*,*,#5580,.T.);
#5583=ORIENTED_EDGE('',*,*,#5582,.F.);
#5584=EDGE_LOOP('',(#5577,#5579,#5581,#5583));
#5585=FACE_OUTER_BOUND('',#5584,.F.);
#5586=ORIENTED_EDGE('',*,*,#5552,.T.);
#5587=ORIENTED_EDGE('',*,*,#5550,.T.);
#5588=ORIENTED_EDGE('',*,*,#5533,.T.);
#5589=ORIENTED_EDGE('',*,*,#5531,.T.);
#5590=EDGE_LOOP('',(#5586,#5587,#5588,#5589));
#5591=FACE_BOUND('',#5590,.F.);
#5592=ADVANCED_FACE('',(#5585,#5591),#5575,.T.);
#5593=CARTESIAN_POINT('',(0.E0,0.E0,9.4E0));
#5594=DIRECTION('',(0.E0,0.E0,1.E0));
#5595=DIRECTION('',(9.997265243796E-1,2.338538970945E-2,0.E0));
#5596=AXIS2_PLACEMENT_3D('',#5593,#5594,#5595);
#5597=TOROIDAL_SURFACE('',#5596,5.15E0,3.E-1);
#5598=ORIENTED_EDGE('',*,*,#5578,.T.);
#5599=ORIENTED_EDGE('',*,*,#5576,.F.);
#5601=ORIENTED_EDGE('',*,*,#5600,.F.);
#5603=ORIENTED_EDGE('',*,*,#5602,.T.);
#5605=ORIENTED_EDGE('',*,*,#5604,.T.);
#5607=ORIENTED_EDGE('',*,*,#5606,.T.);
#5608=EDGE_LOOP('',(#5598,#5599,#5601,#5603,#5605,#5607));
#5609=FACE_OUTER_BOUND('',#5608,.F.);
#5610=ADVANCED_FACE('',(#5609),#5597,.F.);
#5611=CARTESIAN_POINT('',(0.E0,0.E0,9.4E0));
#5612=DIRECTION('',(0.E0,0.E0,1.E0));
#5613=DIRECTION('',(-9.997265243796E-1,-2.338538970945E-2,0.E0));
#5614=AXIS2_PLACEMENT_3D('',#5611,#5612,#5613);
#5615=TOROIDAL_SURFACE('',#5614,5.15E0,3.E-1);
#5616=ORIENTED_EDGE('',*,*,#5582,.T.);
#5617=ORIENTED_EDGE('',*,*,#5580,.F.);
#5618=ORIENTED_EDGE('',*,*,#5606,.F.);
#5620=ORIENTED_EDGE('',*,*,#5619,.T.);
#5622=ORIENTED_EDGE('',*,*,#5621,.T.);
#5623=ORIENTED_EDGE('',*,*,#5600,.T.);
#5624=EDGE_LOOP('',(#5616,#5617,#5618,#5620,#5622,#5623));
#5625=FACE_OUTER_BOUND('',#5624,.F.);
#5626=ADVANCED_FACE('',(#5625),#5615,.F.);
#5627=CARTESIAN_POINT('',(0.E0,0.E0,-2.189E1));
#5628=DIRECTION('',(0.E0,0.E0,1.E0));
#5629=DIRECTION('',(-1.E0,0.E0,0.E0));
#5630=AXIS2_PLACEMENT_3D('',#5627,#5628,#5629);
#5631=CYLINDRICAL_SURFACE('',#5630,5.45E0);
#5633=ORIENTED_EDGE('',*,*,#5632,.F.);
#5635=ORIENTED_EDGE('',*,*,#5634,.F.);
#5637=ORIENTED_EDGE('',*,*,#5636,.F.);
#5638=ORIENTED_EDGE('',*,*,#5621,.F.);
#5639=ORIENTED_EDGE('',*,*,#5619,.F.);
#5641=ORIENTED_EDGE('',*,*,#5640,.T.);
#5642=EDGE_LOOP('',(#5633,#5635,#5637,#5638,#5639,#5641));
#5643=FACE_OUTER_BOUND('',#5642,.F.);
#5644=ADVANCED_FACE('',(#5643),#5631,.F.);
#5645=CARTESIAN_POINT('',(0.E0,0.E0,1.630011961805E1));
#5646=DIRECTION('',(0.E0,0.E0,1.E0));
#5647=DIRECTION('',(0.E0,-1.E0,0.E0));
#5648=AXIS2_PLACEMENT_3D('',#5645,#5646,#5647);
#5649=CONICAL_SURFACE('',#5648,5.574974605659E0,1.735384096317E1);
#5650=ORIENTED_EDGE('',*,*,#5634,.T.);
#5651=ORIENTED_EDGE('',*,*,#5632,.T.);
#5653=ORIENTED_EDGE('',*,*,#5652,.F.);
#5655=ORIENTED_EDGE('',*,*,#5654,.T.);
#5657=ORIENTED_EDGE('',*,*,#5656,.T.);
#5659=ORIENTED_EDGE('',*,*,#5658,.T.);
#5660=EDGE_LOOP('',(#5650,#5651,#5653,#5655,#5657,#5659));
#5661=FACE_OUTER_BOUND('',#5660,.F.);
#5662=ADVANCED_FACE('',(#5661),#5649,.F.);
#5663=CARTESIAN_POINT('',(-1.127067138772E-14,0.E0,1.630011961805E1));
#5664=DIRECTION('',(0.E0,0.E0,1.E0));
#5665=DIRECTION('',(0.E0,-1.E0,0.E0));
#5666=AXIS2_PLACEMENT_3D('',#5663,#5664,#5665);
#5667=CONICAL_SURFACE('',#5666,5.574974605659E0,1.735384096317E1);
#5669=ORIENTED_EDGE('',*,*,#5668,.T.);
#5671=ORIENTED_EDGE('',*,*,#5670,.T.);
#5672=ORIENTED_EDGE('',*,*,#5658,.F.);
#5674=ORIENTED_EDGE('',*,*,#5673,.T.);
#5676=ORIENTED_EDGE('',*,*,#5675,.T.);
#5677=ORIENTED_EDGE('',*,*,#5652,.T.);
#5678=EDGE_LOOP('',(#5669,#5671,#5672,#5674,#5676,#5677));
#5679=FACE_OUTER_BOUND('',#5678,.F.);
#5680=ADVANCED_FACE('',(#5679),#5667,.F.);
#5681=CARTESIAN_POINT('',(0.E0,0.E0,-2.189E1));
#5682=DIRECTION('',(0.E0,0.E0,1.E0));
#5683=DIRECTION('',(-1.E0,0.E0,0.E0));
#5684=AXIS2_PLACEMENT_3D('',#5681,#5682,#5683);
#5685=CYLINDRICAL_SURFACE('',#5684,5.45E0);
#5686=ORIENTED_EDGE('',*,*,#5670,.F.);
#5687=ORIENTED_EDGE('',*,*,#5668,.F.);
#5688=ORIENTED_EDGE('',*,*,#5640,.F.);
#5689=ORIENTED_EDGE('',*,*,#5604,.F.);
#5690=ORIENTED_EDGE('',*,*,#5602,.F.);
#5691=ORIENTED_EDGE('',*,*,#5636,.T.);
#5692=EDGE_LOOP('',(#5686,#5687,#5688,#5689,#5690,#5691));
#5693=FACE_OUTER_BOUND('',#5692,.F.);
#5694=ADVANCED_FACE('',(#5693),#5685,.F.);
#5695=CARTESIAN_POINT('',(0.E0,0.E0,-2.189E1));
#5696=DIRECTION('',(0.E0,0.E0,1.E0));
#5697=DIRECTION('',(-1.E0,0.E0,0.E0));
#5698=AXIS2_PLACEMENT_3D('',#5695,#5696,#5697);
#5699=CYLINDRICAL_SURFACE('',#5698,5.7E0);
#5700=ORIENTED_EDGE('',*,*,#5675,.F.);
#5701=ORIENTED_EDGE('',*,*,#5673,.F.);
#5703=ORIENTED_EDGE('',*,*,#5702,.T.);
#5705=ORIENTED_EDGE('',*,*,#5704,.F.);
#5707=ORIENTED_EDGE('',*,*,#5706,.F.);
#5708=EDGE_LOOP('',(#5700,#5701,#5703,#5705,#5707));
#5709=FACE_OUTER_BOUND('',#5708,.F.);
#5710=ADVANCED_FACE('',(#5709),#5699,.F.);
#5711=CARTESIAN_POINT('',(0.E0,0.E0,-2.189E1));
#5712=DIRECTION('',(0.E0,0.E0,1.E0));
#5713=DIRECTION('',(-1.E0,0.E0,0.E0));
#5714=AXIS2_PLACEMENT_3D('',#5711,#5712,#5713);
#5715=CYLINDRICAL_SURFACE('',#5714,5.7E0);
#5716=ORIENTED_EDGE('',*,*,#5656,.F.);
#5717=ORIENTED_EDGE('',*,*,#5654,.F.);
#5718=ORIENTED_EDGE('',*,*,#5706,.T.);
#5720=ORIENTED_EDGE('',*,*,#5719,.F.);
#5721=ORIENTED_EDGE('',*,*,#5702,.F.);
#5722=EDGE_LOOP('',(#5716,#5717,#5718,#5720,#5721));
#5723=FACE_OUTER_BOUND('',#5722,.F.);
#5724=ADVANCED_FACE('',(#5723),#5715,.F.);
#5725=CARTESIAN_POINT('',(0.E0,0.E0,1.99E1));
#5726=DIRECTION('',(0.E0,0.E0,1.E0));
#5727=DIRECTION('',(-1.E0,0.E0,0.E0));
#5728=AXIS2_PLACEMENT_3D('',#5725,#5726,#5727);
#5729=PLANE('',#5728);
#5731=ORIENTED_EDGE('',*,*,#5730,.T.);
#5733=ORIENTED_EDGE('',*,*,#5732,.T.);
#5734=EDGE_LOOP('',(#5731,#5733));
#5735=FACE_OUTER_BOUND('',#5734,.F.);
#5736=ORIENTED_EDGE('',*,*,#5719,.T.);
#5737=ORIENTED_EDGE('',*,*,#5704,.T.);
#5738=EDGE_LOOP('',(#5736,#5737));
#5739=FACE_BOUND('',#5738,.F.);
#5740=ADVANCED_FACE('',(#5735,#5739),#5729,.T.);
#5741=CARTESIAN_POINT('',(0.E0,0.E0,1.97E1));
#5742=DIRECTION('',(0.E0,0.E0,1.E0));
#5743=DIRECTION('',(9.999091403899E-1,1.348002094732E-2,0.E0));
#5744=AXIS2_PLACEMENT_3D('',#5741,#5742,#5743);
#5745=TOROIDAL_SURFACE('',#5744,6.2E0,2.E-1);
#5747=ORIENTED_EDGE('',*,*,#5746,.T.);
#5749=ORIENTED_EDGE('',*,*,#5748,.T.);
#5751=ORIENTED_EDGE('',*,*,#5750,.F.);
#5752=ORIENTED_EDGE('',*,*,#5730,.F.);
#5754=ORIENTED_EDGE('',*,*,#5753,.T.);
#5755=EDGE_LOOP('',(#5747,#5749,#5751,#5752,#5754));
#5756=FACE_OUTER_BOUND('',#5755,.F.);
#5757=ADVANCED_FACE('',(#5756),#5745,.T.);
#5758=CARTESIAN_POINT('',(0.E0,0.E0,-2.189E1));
#5759=DIRECTION('',(0.E0,0.E0,1.E0));
#5760=DIRECTION('',(-1.E0,0.E0,0.E0));
#5761=AXIS2_PLACEMENT_3D('',#5758,#5759,#5760);
#5762=CYLINDRICAL_SURFACE('',#5761,6.4E0);
#5763=ORIENTED_EDGE('',*,*,#5748,.F.);
#5764=ORIENTED_EDGE('',*,*,#5746,.F.);
#5766=ORIENTED_EDGE('',*,*,#5765,.F.);
#5768=ORIENTED_EDGE('',*,*,#5767,.F.);
#5770=ORIENTED_EDGE('',*,*,#5769,.T.);
#5771=EDGE_LOOP('',(#5763,#5764,#5766,#5768,#5770));
#5772=FACE_OUTER_BOUND('',#5771,.F.);
#5773=ADVANCED_FACE('',(#5772),#5762,.T.);
#5774=CARTESIAN_POINT('',(0.E0,0.E0,-2.189E1));
#5775=DIRECTION('',(0.E0,0.E0,1.E0));
#5776=DIRECTION('',(-1.E0,0.E0,0.E0));
#5777=AXIS2_PLACEMENT_3D('',#5774,#5775,#5776);
#5778=CYLINDRICAL_SURFACE('',#5777,6.4E0);
#5780=ORIENTED_EDGE('',*,*,#5779,.F.);
#5782=ORIENTED_EDGE('',*,*,#5781,.F.);
#5783=ORIENTED_EDGE('',*,*,#5769,.F.);
#5785=ORIENTED_EDGE('',*,*,#5784,.F.);
#5786=ORIENTED_EDGE('',*,*,#5765,.T.);
#5787=EDGE_LOOP('',(#5780,#5782,#5783,#5785,#5786));
#5788=FACE_OUTER_BOUND('',#5787,.F.);
#5789=ADVANCED_FACE('',(#5788),#5778,.T.);
#5790=CARTESIAN_POINT('',(0.E0,0.E0,1.97E1));
#5791=DIRECTION('',(0.E0,0.E0,1.E0));
#5792=DIRECTION('',(-9.999091403899E-1,-1.348002094732E-2,0.E0));
#5793=AXIS2_PLACEMENT_3D('',#5790,#5791,#5792);
#5794=TOROIDAL_SURFACE('',#5793,6.2E0,2.E-1);
#5795=ORIENTED_EDGE('',*,*,#5781,.T.);
#5796=ORIENTED_EDGE('',*,*,#5779,.T.);
#5797=ORIENTED_EDGE('',*,*,#5753,.F.);
#5798=ORIENTED_EDGE('',*,*,#5732,.F.);
#5799=ORIENTED_EDGE('',*,*,#5750,.T.);
#5800=EDGE_LOOP('',(#5795,#5796,#5797,#5798,#5799));
#5801=FACE_OUTER_BOUND('',#5800,.F.);
#5802=ADVANCED_FACE('',(#5801),#5794,.T.);
#5803=CARTESIAN_POINT('',(0.E0,0.E0,1.73E1));
#5804=DIRECTION('',(0.E0,0.E0,-1.E0));
#5805=DIRECTION('',(1.E0,0.E0,0.E0));
#5806=AXIS2_PLACEMENT_3D('',#5803,#5804,#5805);
#5807=CONICAL_SURFACE('',#5806,6.6E0,1.843494882292E1);
#5809=ORIENTED_EDGE('',*,*,#5808,.T.);
#5810=ORIENTED_EDGE('',*,*,#5784,.T.);
#5812=ORIENTED_EDGE('',*,*,#5811,.F.);
#5814=ORIENTED_EDGE('',*,*,#5813,.T.);
#5815=EDGE_LOOP('',(#5809,#5810,#5812,#5814));
#5816=FACE_OUTER_BOUND('',#5815,.F.);
#5817=ADVANCED_FACE('',(#5816),#5807,.T.);
#5818=CARTESIAN_POINT('',(0.E0,0.E0,1.73E1));
#5819=DIRECTION('',(0.E0,0.E0,-1.E0));
#5820=DIRECTION('',(1.E0,0.E0,0.E0));
#5821=AXIS2_PLACEMENT_3D('',#5818,#5819,#5820);
#5822=CONICAL_SURFACE('',#5821,6.6E0,1.843494882292E1);
#5823=ORIENTED_EDGE('',*,*,#5808,.F.);
#5825=ORIENTED_EDGE('',*,*,#5824,.T.);
#5826=ORIENTED_EDGE('',*,*,#5811,.T.);
#5827=ORIENTED_EDGE('',*,*,#5767,.T.);
#5828=EDGE_LOOP('',(#5823,#5825,#5826,#5827));
#5829=FACE_OUTER_BOUND('',#5828,.F.);
#5830=ADVANCED_FACE('',(#5829),#5822,.T.);
#5831=CARTESIAN_POINT('',(0.E0,0.E0,-2.189E1));
#5832=DIRECTION('',(0.E0,0.E0,1.E0));
#5833=DIRECTION('',(-1.E0,0.E0,0.E0));
#5834=AXIS2_PLACEMENT_3D('',#5831,#5832,#5833);
#5835=CYLINDRICAL_SURFACE('',#5834,6.8E0);
#5837=ORIENTED_EDGE('',*,*,#5836,.F.);
#5839=ORIENTED_EDGE('',*,*,#5838,.F.);
#5841=ORIENTED_EDGE('',*,*,#5840,.T.);
#5842=ORIENTED_EDGE('',*,*,#5824,.F.);
#5843=EDGE_LOOP('',(#5837,#5839,#5841,#5842));
#5844=FACE_OUTER_BOUND('',#5843,.F.);
#5845=ADVANCED_FACE('',(#5844),#5835,.T.);
#5846=CARTESIAN_POINT('',(0.E0,0.E0,-2.189E1));
#5847=DIRECTION('',(0.E0,0.E0,1.E0));
#5848=DIRECTION('',(-1.E0,0.E0,0.E0));
#5849=AXIS2_PLACEMENT_3D('',#5846,#5847,#5848);
#5850=CYLINDRICAL_SURFACE('',#5849,6.8E0);
#5851=ORIENTED_EDGE('',*,*,#5836,.T.);
#5852=ORIENTED_EDGE('',*,*,#5813,.F.);
#5853=ORIENTED_EDGE('',*,*,#5840,.F.);
#5855=ORIENTED_EDGE('',*,*,#5854,.F.);
#5856=EDGE_LOOP('',(#5851,#5852,#5853,#5855));
#5857=FACE_OUTER_BOUND('',#5856,.F.);
#5858=ADVANCED_FACE('',(#5857),#5850,.T.);
#5859=CARTESIAN_POINT('',(0.E0,0.E0,1.59E1));
#5860=DIRECTION('',(0.E0,0.E0,1.E0));
#5861=DIRECTION('',(-1.E0,0.E0,0.E0));
#5862=AXIS2_PLACEMENT_3D('',#5859,#5860,#5861);
#5863=PLANE('',#5862);
#5864=ORIENTED_EDGE('',*,*,#5854,.T.);
#5865=ORIENTED_EDGE('',*,*,#5838,.T.);
#5866=EDGE_LOOP('',(#5864,#5865));
#5867=FACE_OUTER_BOUND('',#5866,.F.);
#5869=ORIENTED_EDGE('',*,*,#5868,.T.);
#5871=ORIENTED_EDGE('',*,*,#5870,.T.);
#5872=EDGE_LOOP('',(#5869,#5871));
#5873=FACE_BOUND('',#5872,.F.);
#5874=ADVANCED_FACE('',(#5867,#5873),#5863,.F.);
#5875=CARTESIAN_POINT('',(0.E0,0.E0,-2.189E1));
#5876=DIRECTION('',(0.E0,0.E0,1.E0));
#5877=DIRECTION('',(-1.E0,0.E0,0.E0));
#5878=AXIS2_PLACEMENT_3D('',#5875,#5876,#5877);
#5879=CYLINDRICAL_SURFACE('',#5878,6.35E0);
#5881=ORIENTED_EDGE('',*,*,#5880,.F.);
#5883=ORIENTED_EDGE('',*,*,#5882,.F.);
#5885=ORIENTED_EDGE('',*,*,#5884,.T.);
#5886=ORIENTED_EDGE('',*,*,#5868,.F.);
#5887=EDGE_LOOP('',(#5881,#5883,#5885,#5886));
#5888=FACE_OUTER_BOUND('',#5887,.F.);
#5889=ADVANCED_FACE('',(#5888),#5879,.T.);
#5890=CARTESIAN_POINT('',(0.E0,0.E0,-2.189E1));
#5891=DIRECTION('',(0.E0,0.E0,1.E0));
#5892=DIRECTION('',(-1.E0,0.E0,0.E0));
#5893=AXIS2_PLACEMENT_3D('',#5890,#5891,#5892);
#5894=CYLINDRICAL_SURFACE('',#5893,6.35E0);
#5895=ORIENTED_EDGE('',*,*,#5880,.T.);
#5896=ORIENTED_EDGE('',*,*,#5870,.F.);
#5897=ORIENTED_EDGE('',*,*,#5884,.F.);
#5899=ORIENTED_EDGE('',*,*,#5898,.F.);
#5900=EDGE_LOOP('',(#5895,#5896,#5897,#5899));
#5901=FACE_OUTER_BOUND('',#5900,.F.);
#5902=ADVANCED_FACE('',(#5901),#5894,.T.);
#5903=CARTESIAN_POINT('',(0.E0,0.E0,1.37E1));
#5904=DIRECTION('',(0.E0,0.E0,1.E0));
#5905=DIRECTION('',(-1.E0,0.E0,0.E0));
#5906=AXIS2_PLACEMENT_3D('',#5903,#5904,#5905);
#5907=PLANE('',#5906);
#5909=ORIENTED_EDGE('',*,*,#5908,.T.);
#5911=ORIENTED_EDGE('',*,*,#5910,.T.);
#5912=EDGE_LOOP('',(#5909,#5911));
#5913=FACE_OUTER_BOUND('',#5912,.F.);
#5914=ORIENTED_EDGE('',*,*,#5898,.T.);
#5915=ORIENTED_EDGE('',*,*,#5882,.T.);
#5916=EDGE_LOOP('',(#5914,#5915));
#5917=FACE_BOUND('',#5916,.F.);
#5918=ADVANCED_FACE('',(#5913,#5917),#5907,.T.);
#5919=CARTESIAN_POINT('',(0.E0,0.E0,-2.189E1));
#5920=DIRECTION('',(0.E0,0.E0,1.E0));
#5921=DIRECTION('',(-1.E0,0.E0,0.E0));
#5922=AXIS2_PLACEMENT_3D('',#5919,#5920,#5921);
#5923=CYLINDRICAL_SURFACE('',#5922,7.7E0);
#5925=ORIENTED_EDGE('',*,*,#5924,.F.);
#5927=ORIENTED_EDGE('',*,*,#5926,.F.);
#5929=ORIENTED_EDGE('',*,*,#5928,.T.);
#5930=ORIENTED_EDGE('',*,*,#5908,.F.);
#5932=ORIENTED_EDGE('',*,*,#5931,.F.);
#5933=EDGE_LOOP('',(#5925,#5927,#5929,#5930,#5932));
#5934=FACE_OUTER_BOUND('',#5933,.F.);
#5935=ADVANCED_FACE('',(#5934),#5923,.T.);
#5936=CARTESIAN_POINT('',(0.E0,0.E0,1.284339811321E1));
#5937=DIRECTION('',(0.E0,0.E0,1.E0));
#5938=DIRECTION('',(9.999306387175E-1,1.177785014658E-2,0.E0));
#5939=AXIS2_PLACEMENT_3D('',#5936,#5937,#5938);
#5940=TOROIDAL_SURFACE('',#5939,7.2E0,5.E-1);
#5942=ORIENTED_EDGE('',*,*,#5941,.T.);
#5944=ORIENTED_EDGE('',*,*,#5943,.T.);
#5946=ORIENTED_EDGE('',*,*,#5945,.F.);
#5947=ORIENTED_EDGE('',*,*,#5926,.T.);
#5948=ORIENTED_EDGE('',*,*,#5924,.T.);
#5950=ORIENTED_EDGE('',*,*,#5949,.T.);
#5951=EDGE_LOOP('',(#5942,#5944,#5946,#5947,#5948,#5950));
#5952=FACE_OUTER_BOUND('',#5951,.F.);
#5953=ADVANCED_FACE('',(#5952),#5940,.T.);
#5954=CARTESIAN_POINT('',(0.E0,0.E0,1.213648037408E1));
#5955=DIRECTION('',(0.E0,0.E0,1.E0));
#5956=DIRECTION('',(-1.E0,0.E0,0.E0));
#5957=AXIS2_PLACEMENT_3D('',#5954,#5955,#5956);
#5958=CONICAL_SURFACE('',#5957,7.347800233795E0,3.200538320808E1);
#5960=ORIENTED_EDGE('',*,*,#5959,.F.);
#5962=ORIENTED_EDGE('',*,*,#5961,.F.);
#5964=ORIENTED_EDGE('',*,*,#5963,.T.);
#5965=ORIENTED_EDGE('',*,*,#5943,.F.);
#5966=ORIENTED_EDGE('',*,*,#5941,.F.);
#5968=ORIENTED_EDGE('',*,*,#5967,.F.);
#5969=EDGE_LOOP('',(#5960,#5962,#5964,#5965,#5966,#5968));
#5970=FACE_OUTER_BOUND('',#5969,.F.);
#5971=ADVANCED_FACE('',(#5970),#5958,.T.);
#5972=CARTESIAN_POINT('',(0.E0,0.E0,1.127056301887E1));
#5973=DIRECTION('',(0.E0,0.E0,1.E0));
#5974=DIRECTION('',(-9.999241925494E-1,1.231296692455E-2,0.E0));
#5975=AXIS2_PLACEMENT_3D('',#5972,#5973,#5974);
#5976=TOROIDAL_SURFACE('',#5975,7.75E0,8.E-1);
#5978=ORIENTED_EDGE('',*,*,#5977,.T.);
#5980=ORIENTED_EDGE('',*,*,#5979,.T.);
#5982=ORIENTED_EDGE('',*,*,#5981,.F.);
#5983=ORIENTED_EDGE('',*,*,#5961,.T.);
#5984=ORIENTED_EDGE('',*,*,#5959,.T.);
#5986=ORIENTED_EDGE('',*,*,#5985,.T.);
#5987=EDGE_LOOP('',(#5978,#5980,#5982,#5983,#5984,#5986));
#5988=FACE_OUTER_BOUND('',#5987,.F.);
#5989=ADVANCED_FACE('',(#5988),#5976,.F.);
#5990=CARTESIAN_POINT('',(0.E0,0.E0,-2.189E1));
#5991=DIRECTION('',(0.E0,0.E0,1.E0));
#5992=DIRECTION('',(-1.E0,0.E0,0.E0));
#5993=AXIS2_PLACEMENT_3D('',#5990,#5991,#5992);
#5994=CYLINDRICAL_SURFACE('',#5993,6.95E0);
#5996=ORIENTED_EDGE('',*,*,#5995,.F.);
#5998=ORIENTED_EDGE('',*,*,#5997,.F.);
#6000=ORIENTED_EDGE('',*,*,#5999,.T.);
#6001=ORIENTED_EDGE('',*,*,#5979,.F.);
#6002=ORIENTED_EDGE('',*,*,#5977,.F.);
#6004=ORIENTED_EDGE('',*,*,#6003,.F.);
#6005=EDGE_LOOP('',(#5996,#5998,#6000,#6001,#6002,#6004));
#6006=FACE_OUTER_BOUND('',#6005,.F.);
#6007=ADVANCED_FACE('',(#6006),#5994,.T.);
#6008=CARTESIAN_POINT('',(0.E0,0.E0,8.904972690940E0));
#6009=DIRECTION('',(0.E0,0.E0,1.E0));
#6010=DIRECTION('',(9.998903174358E-1,1.481057386102E-2,0.E0));
#6011=AXIS2_PLACEMENT_3D('',#6008,#6009,#6010);
#6012=TOROIDAL_SURFACE('',#6011,5.75E0,1.2E0);
#6014=ORIENTED_EDGE('',*,*,#6013,.T.);
#6016=ORIENTED_EDGE('',*,*,#6015,.T.);
#6018=ORIENTED_EDGE('',*,*,#6017,.F.);
#6019=ORIENTED_EDGE('',*,*,#5997,.T.);
#6020=ORIENTED_EDGE('',*,*,#5995,.T.);
#6022=ORIENTED_EDGE('',*,*,#6021,.T.);
#6023=EDGE_LOOP('',(#6014,#6016,#6018,#6019,#6020,#6022));
#6024=FACE_OUTER_BOUND('',#6023,.F.);
#6025=ADVANCED_FACE('',(#6024),#6012,.T.);
#6026=CARTESIAN_POINT('',(0.E0,0.E0,7.417678135983E0));
#6027=DIRECTION('',(0.E0,0.E0,1.E0));
#6028=DIRECTION('',(-1.E0,0.E0,0.E0));
#6029=AXIS2_PLACEMENT_3D('',#6026,#6027,#6028);
#6030=CONICAL_SURFACE('',#6029,5.945352639074E0,4.564374571418E1);
#6032=ORIENTED_EDGE('',*,*,#6031,.F.);
#6034=ORIENTED_EDGE('',*,*,#6033,.F.);
#6036=ORIENTED_EDGE('',*,*,#6035,.T.);
#6037=ORIENTED_EDGE('',*,*,#6015,.F.);
#6038=ORIENTED_EDGE('',*,*,#6013,.F.);
#6040=ORIENTED_EDGE('',*,*,#6039,.F.);
#6041=EDGE_LOOP('',(#6032,#6034,#6036,#6037,#6038,#6040));
#6042=FACE_OUTER_BOUND('',#6041,.F.);
#6043=ADVANCED_FACE('',(#6042),#6030,.T.);
#6044=CARTESIAN_POINT('',(0.E0,0.E0,5.358378848434E0));
#6045=DIRECTION('',(0.E0,0.E0,1.E0));
#6046=DIRECTION('',(-9.998736546264E-1,1.589574735838E-2,0.E0));
#6047=AXIS2_PLACEMENT_3D('',#6044,#6045,#6046);
#6048=TOROIDAL_SURFACE('',#6047,6.7E0,2.E0);
#6049=ORIENTED_EDGE('',*,*,#3438,.T.);
#6050=ORIENTED_EDGE('',*,*,#3436,.T.);
#6052=ORIENTED_EDGE('',*,*,#6051,.F.);
#6053=ORIENTED_EDGE('',*,*,#6033,.T.);
#6054=ORIENTED_EDGE('',*,*,#6031,.T.);
#6056=ORIENTED_EDGE('',*,*,#6055,.T.);
#6057=EDGE_LOOP('',(#6049,#6050,#6052,#6053,#6054,#6056));
#6058=FACE_OUTER_BOUND('',#6057,.F.);
#6059=ADVANCED_FACE('',(#6058),#6048,.F.);
#6060=CARTESIAN_POINT('',(0.E0,0.E0,5.358378848434E0));
#6061=DIRECTION('',(0.E0,0.E0,1.E0));
#6062=DIRECTION('',(9.998736546264E-1,-1.589574735838E-2,0.E0));
#6063=AXIS2_PLACEMENT_3D('',#6060,#6061,#6062);
#6064=TOROIDAL_SURFACE('',#6063,6.7E0,2.E0);
#6065=ORIENTED_EDGE('',*,*,#3416,.T.);
#6066=ORIENTED_EDGE('',*,*,#3414,.T.);
#6067=ORIENTED_EDGE('',*,*,#6055,.F.);
#6069=ORIENTED_EDGE('',*,*,#6068,.T.);
#6071=ORIENTED_EDGE('',*,*,#6070,.T.);
#6072=ORIENTED_EDGE('',*,*,#6051,.T.);
#6073=EDGE_LOOP('',(#6065,#6066,#6067,#6069,#6071,#6072));
#6074=FACE_OUTER_BOUND('',#6073,.F.);
#6075=ADVANCED_FACE('',(#6074),#6064,.F.);
#6076=CARTESIAN_POINT('',(0.E0,0.E0,7.417678135983E0));
#6077=DIRECTION('',(0.E0,0.E0,1.E0));
#6078=DIRECTION('',(-1.E0,0.E0,0.E0));
#6079=AXIS2_PLACEMENT_3D('',#6076,#6077,#6078);
#6080=CONICAL_SURFACE('',#6079,5.945352639074E0,4.564374571418E1);
#6081=ORIENTED_EDGE('',*,*,#6070,.F.);
#6082=ORIENTED_EDGE('',*,*,#6068,.F.);
#6083=ORIENTED_EDGE('',*,*,#6039,.T.);
#6085=ORIENTED_EDGE('',*,*,#6084,.F.);
#6087=ORIENTED_EDGE('',*,*,#6086,.F.);
#6088=ORIENTED_EDGE('',*,*,#6035,.F.);
#6089=EDGE_LOOP('',(#6081,#6082,#6083,#6085,#6087,#6088));
#6090=FACE_OUTER_BOUND('',#6089,.F.);
#6091=ADVANCED_FACE('',(#6090),#6080,.T.);
#6092=CARTESIAN_POINT('',(0.E0,0.E0,8.904972690940E0));
#6093=DIRECTION('',(0.E0,0.E0,1.E0));
#6094=DIRECTION('',(-9.998903174358E-1,-1.481057386102E-2,0.E0));
#6095=AXIS2_PLACEMENT_3D('',#6092,#6093,#6094);
#6096=TOROIDAL_SURFACE('',#6095,5.75E0,1.2E0);
#6097=ORIENTED_EDGE('',*,*,#6086,.T.);
#6098=ORIENTED_EDGE('',*,*,#6084,.T.);
#6099=ORIENTED_EDGE('',*,*,#6021,.F.);
#6101=ORIENTED_EDGE('',*,*,#6100,.T.);
#6103=ORIENTED_EDGE('',*,*,#6102,.T.);
#6104=ORIENTED_EDGE('',*,*,#6017,.T.);
#6105=EDGE_LOOP('',(#6097,#6098,#6099,#6101,#6103,#6104));
#6106=FACE_OUTER_BOUND('',#6105,.F.);
#6107=ADVANCED_FACE('',(#6106),#6096,.T.);
#6108=CARTESIAN_POINT('',(0.E0,0.E0,-2.189E1));
#6109=DIRECTION('',(0.E0,0.E0,1.E0));
#6110=DIRECTION('',(-1.E0,0.E0,0.E0));
#6111=AXIS2_PLACEMENT_3D('',#6108,#6109,#6110);
#6112=CYLINDRICAL_SURFACE('',#6111,6.95E0);
#6113=ORIENTED_EDGE('',*,*,#6102,.F.);
#6114=ORIENTED_EDGE('',*,*,#6100,.F.);
#6115=ORIENTED_EDGE('',*,*,#6003,.T.);
#6117=ORIENTED_EDGE('',*,*,#6116,.F.);
#6119=ORIENTED_EDGE('',*,*,#6118,.F.);
#6120=ORIENTED_EDGE('',*,*,#5999,.F.);
#6121=EDGE_LOOP('',(#6113,#6114,#6115,#6117,#6119,#6120));
#6122=FACE_OUTER_BOUND('',#6121,.F.);
#6123=ADVANCED_FACE('',(#6122),#6112,.T.);
#6124=CARTESIAN_POINT('',(0.E0,0.E0,1.127056301887E1));
#6125=DIRECTION('',(0.E0,0.E0,1.E0));
#6126=DIRECTION('',(9.999241925494E-1,-1.231296692455E-2,0.E0));
#6127=AXIS2_PLACEMENT_3D('',#6124,#6125,#6126);
#6128=TOROIDAL_SURFACE('',#6127,7.75E0,8.E-1);
#6129=ORIENTED_EDGE('',*,*,#6118,.T.);
#6130=ORIENTED_EDGE('',*,*,#6116,.T.);
#6131=ORIENTED_EDGE('',*,*,#5985,.F.);
#6133=ORIENTED_EDGE('',*,*,#6132,.T.);
#6135=ORIENTED_EDGE('',*,*,#6134,.T.);
#6136=ORIENTED_EDGE('',*,*,#5981,.T.);
#6137=EDGE_LOOP('',(#6129,#6130,#6131,#6133,#6135,#6136));
#6138=FACE_OUTER_BOUND('',#6137,.F.);
#6139=ADVANCED_FACE('',(#6138),#6128,.F.);
#6140=CARTESIAN_POINT('',(0.E0,0.E0,1.213648037408E1));
#6141=DIRECTION('',(0.E0,0.E0,1.E0));
#6142=DIRECTION('',(-1.E0,0.E0,0.E0));
#6143=AXIS2_PLACEMENT_3D('',#6140,#6141,#6142);
#6144=CONICAL_SURFACE('',#6143,7.347800233795E0,3.200538320808E1);
#6145=ORIENTED_EDGE('',*,*,#6134,.F.);
#6146=ORIENTED_EDGE('',*,*,#6132,.F.);
#6147=ORIENTED_EDGE('',*,*,#5967,.T.);
#6149=ORIENTED_EDGE('',*,*,#6148,.F.);
#6151=ORIENTED_EDGE('',*,*,#6150,.F.);
#6152=ORIENTED_EDGE('',*,*,#5963,.F.);
#6153=EDGE_LOOP('',(#6145,#6146,#6147,#6149,#6151,#6152));
#6154=FACE_OUTER_BOUND('',#6153,.F.);
#6155=ADVANCED_FACE('',(#6154),#6144,.T.);
#6156=CARTESIAN_POINT('',(0.E0,0.E0,1.284339811321E1));
#6157=DIRECTION('',(0.E0,0.E0,1.E0));
#6158=DIRECTION('',(-9.999306387175E-1,-1.177785014658E-2,0.E0));
#6159=AXIS2_PLACEMENT_3D('',#6156,#6157,#6158);
#6160=TOROIDAL_SURFACE('',#6159,7.2E0,5.E-1);
#6161=ORIENTED_EDGE('',*,*,#6150,.T.);
#6162=ORIENTED_EDGE('',*,*,#6148,.T.);
#6163=ORIENTED_EDGE('',*,*,#5949,.F.);
#6165=ORIENTED_EDGE('',*,*,#6164,.T.);
#6167=ORIENTED_EDGE('',*,*,#6166,.T.);
#6168=ORIENTED_EDGE('',*,*,#5945,.T.);
#6169=EDGE_LOOP('',(#6161,#6162,#6163,#6165,#6167,#6168));
#6170=FACE_OUTER_BOUND('',#6169,.F.);
#6171=ADVANCED_FACE('',(#6170),#6160,.T.);
#6172=CARTESIAN_POINT('',(0.E0,0.E0,-2.189E1));
#6173=DIRECTION('',(0.E0,0.E0,1.E0));
#6174=DIRECTION('',(-1.E0,0.E0,0.E0));
#6175=AXIS2_PLACEMENT_3D('',#6172,#6173,#6174);
#6176=CYLINDRICAL_SURFACE('',#6175,7.7E0);
#6177=ORIENTED_EDGE('',*,*,#6166,.F.);
#6178=ORIENTED_EDGE('',*,*,#6164,.F.);
#6179=ORIENTED_EDGE('',*,*,#5931,.T.);
#6180=ORIENTED_EDGE('',*,*,#5910,.F.);
#6181=ORIENTED_EDGE('',*,*,#5928,.F.);
#6182=EDGE_LOOP('',(#6177,#6178,#6179,#6180,#6181));
#6183=FACE_OUTER_BOUND('',#6182,.F.);
#6184=ADVANCED_FACE('',(#6183),#6176,.T.);
#6185=CARTESIAN_POINT('',(4.297872334719E0,-4.772761101160E0,
-5.106382978723E-1));
#6186=DIRECTION('',(0.E0,1.063829787234E-1,-9.943252294083E-1));
#6187=DIRECTION('',(-1.E0,0.E0,0.E0));
#6188=AXIS2_PLACEMENT_3D('',#6185,#6186,#6187);
#6189=PLANE('',#6188);
#6190=ORIENTED_EDGE('',*,*,#3460,.F.);
#6192=ORIENTED_EDGE('',*,*,#6191,.F.);
#6194=ORIENTED_EDGE('',*,*,#6193,.F.);
#6196=ORIENTED_EDGE('',*,*,#6195,.F.);
#6197=EDGE_LOOP('',(#6190,#6192,#6194,#6196));
#6198=FACE_OUTER_BOUND('',#6197,.F.);
#6199=ADVANCED_FACE('',(#6198),#6189,.T.);
#6200=CARTESIAN_POINT('',(3.989052012489E0,-4.598756015822E0,
-5.367839849736E-1));
#6201=CARTESIAN_POINT('',(3.989054317433E0,-4.711343310999E0,
-5.499235347636E-1));
#6202=CARTESIAN_POINT('',(3.989056622376E0,-4.823930606177E0,
-5.630630845535E-1));
#6203=CARTESIAN_POINT('',(3.989058927319E0,-4.936517901354E0,
-5.762026343434E-1));
#6204=CARTESIAN_POINT('',(4.006881770969E0,-4.600474497728E0,
-5.220426860369E-1));
#6205=CARTESIAN_POINT('',(4.006883195831E0,-4.713103817249E0,
-5.348221190524E-1));
#6206=CARTESIAN_POINT('',(4.006884620692E0,-4.825733136770E0,
-5.476015520680E-1));
#6207=CARTESIAN_POINT('',(4.006886045554E0,-4.938362456291E0,
-5.603809850835E-1));
#6208=CARTESIAN_POINT('',(4.173426645224E0,-4.615861031812E0,
-3.843466101047E-1));
#6209=CARTESIAN_POINT('',(4.173420924324E0,-4.728866668794E0,
-3.937612968845E-1));
#6210=CARTESIAN_POINT('',(4.173415203423E0,-4.841872305776E0,
-4.031759836643E-1));
#6211=CARTESIAN_POINT('',(4.173409482523E0,-4.954877942758E0,
-4.125906704442E-1));
#6212=CARTESIAN_POINT('',(4.358164849989E0,-4.626047185494E0,
-2.316086410795E-1));
#6213=CARTESIAN_POINT('',(4.358161403363E0,-4.739302335447E0,
-2.372819642688E-1));
#6214=CARTESIAN_POINT('',(4.358157956737E0,-4.852557485401E0,
-2.429552874580E-1));
#6215=CARTESIAN_POINT('',(4.358154510110E0,-4.965812635354E0,
-2.486286106472E-1));
#6216=CARTESIAN_POINT('',(4.525115334359E0,-4.629049024185E0,
-9.357721483420E-2));
#6217=CARTESIAN_POINT('',(4.525116240127E0,-4.742377877196E0,
-9.586737703613E-2));
#6218=CARTESIAN_POINT('',(4.525117145895E0,-4.855706730207E0,
-9.815753923806E-2));
#6219=CARTESIAN_POINT('',(4.525118051662E0,-4.969035583218E0,
-1.004477014400E-1));
#6220=CARTESIAN_POINT('',(4.542993174685E0,-4.629299399179E0,
-7.879616279120E-2));
#6221=CARTESIAN_POINT('',(4.542994563317E0,-4.742634406073E0,
-8.072402535743E-2));
#6222=CARTESIAN_POINT('',(4.542995951949E0,-4.855969412968E0,
-8.265188792366E-2));
#6223=CARTESIAN_POINT('',(4.542997340582E0,-4.969304419862E0,
-8.457975048990E-2));
#6224=B_SPLINE_SURFACE_WITH_KNOTS('',3,3,((#6200,#6201,#6202,#6203),(#6204,
#6205,#6206,#6207),(#6208,#6209,#6210,#6211),(#6212,#6213,#6214,#6215),(#6216,
#6217,#6218,#6219),(#6220,#6221,#6222,#6223)),.UNSPECIFIED.,.F.,.F.,.F.,(4,1,1,
4),(4,4),(-1.199225958445E-1,0.E0,1.E0,1.119922595844E0),(-5.466174869379E-6,
1.000003808064E0),.UNSPECIFIED.);
#6225=ORIENTED_EDGE('',*,*,#3472,.F.);
#6227=ORIENTED_EDGE('',*,*,#6226,.T.);
#6229=ORIENTED_EDGE('',*,*,#6228,.F.);
#6230=ORIENTED_EDGE('',*,*,#6191,.T.);
#6231=EDGE_LOOP('',(#6225,#6227,#6229,#6230));
#6232=FACE_OUTER_BOUND('',#6231,.F.);
#6233=ADVANCED_FACE('',(#6232),#6224,.F.);
#6234=CARTESIAN_POINT('',(3.244680881500E0,-4.798302098977E0,
-1.276595744681E-1));
#6235=DIRECTION('',(0.E0,2.659574468085E-2,-9.996462706202E-1));
#6236=DIRECTION('',(-1.E0,0.E0,0.E0));
#6237=AXIS2_PLACEMENT_3D('',#6234,#6235,#6236);
#6238=PLANE('',#6237);
#6239=ORIENTED_EDGE('',*,*,#3470,.F.);
#6241=ORIENTED_EDGE('',*,*,#6240,.F.);
#6243=ORIENTED_EDGE('',*,*,#6242,.F.);
#6244=ORIENTED_EDGE('',*,*,#6226,.F.);
#6245=EDGE_LOOP('',(#6239,#6241,#6243,#6244));
#6246=FACE_OUTER_BOUND('',#6245,.F.);
#6247=ADVANCED_FACE('',(#6246),#6238,.T.);
#6248=CARTESIAN_POINT('',(2.E0,-4.799574645485E0,6.388064609040E-2));
#6249=DIRECTION('',(-1.E0,0.E0,0.E0));
#6250=DIRECTION('',(0.E0,-2.659574468085E-2,9.996462706202E-1));
#6251=AXIS2_PLACEMENT_3D('',#6248,#6249,#6250);
#6252=PLANE('',#6251);
#6253=ORIENTED_EDGE('',*,*,#3468,.T.);
#6255=ORIENTED_EDGE('',*,*,#6254,.T.);
#6257=ORIENTED_EDGE('',*,*,#6256,.T.);
#6258=ORIENTED_EDGE('',*,*,#6240,.T.);
#6259=EDGE_LOOP('',(#6253,#6255,#6257,#6258));
#6260=FACE_OUTER_BOUND('',#6259,.F.);
#6261=ADVANCED_FACE('',(#6260),#6252,.T.);
#6262=CARTESIAN_POINT('',(3.5E0,-4.793204787216E0,2.553191489362E-1));
#6263=DIRECTION('',(0.E0,-5.319148936170E-2,-9.985843306699E-1));
#6264=DIRECTION('',(-1.E0,0.E0,0.E0));
#6265=AXIS2_PLACEMENT_3D('',#6262,#6263,#6264);
#6266=PLANE('',#6265);
#6267=ORIENTED_EDGE('',*,*,#3466,.F.);
#6269=ORIENTED_EDGE('',*,*,#6268,.F.);
#6271=ORIENTED_EDGE('',*,*,#6270,.F.);
#6272=ORIENTED_EDGE('',*,*,#6254,.F.);
#6273=EDGE_LOOP('',(#6267,#6269,#6271,#6272));
#6274=FACE_OUTER_BOUND('',#6273,.F.);
#6275=ADVANCED_FACE('',(#6274),#6266,.F.);
#6276=CARTESIAN_POINT('',(5.E0,-4.799574645485E0,6.388064609040E-2));
#6277=DIRECTION('',(-1.E0,0.E0,0.E0));
#6278=DIRECTION('',(0.E0,-2.659574468085E-2,9.996462706202E-1));
#6279=AXIS2_PLACEMENT_3D('',#6276,#6277,#6278);
#6280=PLANE('',#6279);
#6281=ORIENTED_EDGE('',*,*,#3464,.T.);
#6283=ORIENTED_EDGE('',*,*,#6282,.F.);
#6285=ORIENTED_EDGE('',*,*,#6284,.T.);
#6286=ORIENTED_EDGE('',*,*,#6268,.T.);
#6287=EDGE_LOOP('',(#6281,#6283,#6285,#6286));
#6288=FACE_OUTER_BOUND('',#6287,.F.);
#6289=ADVANCED_FACE('',(#6288),#6280,.F.);
#6290=CARTESIAN_POINT('',(4.499690437219E0,-4.598756014618E0,
-5.367839953045E-1));
#6291=CARTESIAN_POINT('',(4.499692742162E0,-4.711343317570E0,
-5.499235462574E-1));
#6292=CARTESIAN_POINT('',(4.499695047105E0,-4.823930620523E0,
-5.630630972104E-1));
#6293=CARTESIAN_POINT('',(4.499697352048E0,-4.936517923476E0,
-5.762026481633E-1));
#6294=CARTESIAN_POINT('',(4.517520192725E0,-4.600474496959E0,
-5.220426929273E-1));
#6295=CARTESIAN_POINT('',(4.517521617586E0,-4.713103824268E0,
-5.348221269970E-1));
#6296=CARTESIAN_POINT('',(4.517523042447E0,-4.825733151578E0,
-5.476015610667E-1));
#6297=CARTESIAN_POINT('',(4.517524467309E0,-4.938362478888E0,
-5.603809951363E-1));
#6298=CARTESIAN_POINT('',(4.684065004379E0,-4.615861031576E0,
-3.843466136457E-1));
#6299=CARTESIAN_POINT('',(4.684059283479E0,-4.728866676386E0,
-3.937613011656E-1));
#6300=CARTESIAN_POINT('',(4.684053562580E0,-4.841872321196E0,
-4.031759886854E-1));
#6301=CARTESIAN_POINT('',(4.684047841681E0,-4.954877966007E0,
-4.125906762053E-1));
#6302=CARTESIAN_POINT('',(4.868803143624E0,-4.626047185722E0,
-2.316086376655E-1));
#6303=CARTESIAN_POINT('',(4.868799696998E0,-4.739302343532E0,
-2.372819611647E-1));
#6304=CARTESIAN_POINT('',(4.868796250373E0,-4.852557501342E0,
-2.429552846640E-1));
#6305=CARTESIAN_POINT('',(4.868792803747E0,-4.965812659152E0,
-2.486286081633E-1));
#6306=CARTESIAN_POINT('',(5.035753565443E0,-4.629049024338E0,
-9.357720789440E-2));
#6307=CARTESIAN_POINT('',(5.035754471211E0,-4.742377885209E0,
-9.586737008491E-2));
#6308=CARTESIAN_POINT('',(5.035755376979E0,-4.855706746079E0,
-9.815753227543E-2));
#6309=CARTESIAN_POINT('',(5.035756282747E0,-4.969035606950E0,
-1.004476944659E-1));
#6310=CARTESIAN_POINT('',(5.053631402811E0,-4.629299399357E0,
-7.879615238085E-2));
#6311=CARTESIAN_POINT('',(5.053632791444E0,-4.742634414113E0,
-8.072401482543E-2));
#6312=CARTESIAN_POINT('',(5.053634180077E0,-4.855969428868E0,-8.265187727E-2));
#6313=CARTESIAN_POINT('',(5.053635568710E0,-4.969304443624E0,
-8.457973971458E-2));
#6314=B_SPLINE_SURFACE_WITH_KNOTS('',3,3,((#6290,#6291,#6292,#6293),(#6294,
#6295,#6296,#6297),(#6298,#6299,#6300,#6301),(#6302,#6303,#6304,#6305),(#6306,
#6307,#6308,#6309),(#6310,#6311,#6312,#6313)),.UNSPECIFIED.,.F.,.F.,.F.,(4,1,1,
4),(4,4),(-1.199226239451E-1,0.E0,1.E0,1.119922623945E0),(-5.466172342594E-6,
1.000003877390E0),.UNSPECIFIED.);
#6315=ORIENTED_EDGE('',*,*,#3462,.F.);
#6316=ORIENTED_EDGE('',*,*,#6195,.T.);
#6318=ORIENTED_EDGE('',*,*,#6317,.F.);
#6319=ORIENTED_EDGE('',*,*,#6282,.T.);
#6320=EDGE_LOOP('',(#6315,#6316,#6318,#6319));
#6321=FACE_OUTER_BOUND('',#6320,.F.);
#6322=ADVANCED_FACE('',(#6321),#6314,.T.);
#6323=CARTESIAN_POINT('',(2.0895E1,0.E0,0.E0));
#6324=DIRECTION('',(-1.E0,0.E0,0.E0));
#6325=DIRECTION('',(0.E0,0.E0,-1.E0));
#6326=AXIS2_PLACEMENT_3D('',#6323,#6324,#6325);
#6327=CYLINDRICAL_SURFACE('',#6326,4.9E0);
#6328=ORIENTED_EDGE('',*,*,#6193,.T.);
#6329=ORIENTED_EDGE('',*,*,#6228,.T.);
#6330=ORIENTED_EDGE('',*,*,#6242,.T.);
#6331=ORIENTED_EDGE('',*,*,#6256,.F.);
#6332=ORIENTED_EDGE('',*,*,#6270,.T.);
#6333=ORIENTED_EDGE('',*,*,#6284,.F.);
#6334=ORIENTED_EDGE('',*,*,#6317,.T.);
#6335=EDGE_LOOP('',(#6328,#6329,#6330,#6331,#6332,#6333,#6334));
#6336=FACE_OUTER_BOUND('',#6335,.F.);
#6337=ADVANCED_FACE('',(#6336),#6327,.T.);
#6338=CLOSED_SHELL('',(#3216,#3234,#3252,#3270,#3286,#3302,#3321,#3339,#3357,
#3375,#3391,#3406,#3425,#3442,#3476,#3494,#3512,#3530,#3546,#3560,#3576,#3593,
#3609,#3622,#3640,#3658,#3676,#3690,#3706,#3721,#3735,#3748,#3764,#3779,#3792,
#3808,#3823,#3836,#3851,#3864,#3879,#3896,#3916,#3930,#3942,#3957,#3972,#3986,
#3998,#4013,#4026,#4043,#4058,#4076,#4091,#4104,#4119,#4132,#4148,#4165,#4182,
#4199,#4215,#4231,#4246,#4261,#4282,#4298,#4313,#4328,#4343,#4357,#4370,#4383,
#4396,#4416,#4432,#4446,#4461,#4474,#4489,#4502,#4517,#4530,#4546,#4561,#4574,
#4590,#4605,#4622,#4638,#4650,#4668,#4686,#4704,#4718,#4734,#4749,#4763,#4776,
#4789,#4801,#4818,#4832,#4848,#4865,#4883,#4903,#4920,#4938,#4956,#4972,#4988,
#5004,#5020,#5033,#5053,#5071,#5087,#5103,#5117,#5132,#5145,#5160,#5173,#5189,
#5204,#5217,#5233,#5250,#5268,#5286,#5299,#5317,#5335,#5353,#5367,#5385,#5401,
#5417,#5431,#5447,#5460,#5474,#5488,#5504,#5521,#5539,#5557,#5570,#5592,#5610,
#5626,#5644,#5662,#5680,#5694,#5710,#5724,#5740,#5757,#5773,#5789,#5802,#5817,
#5830,#5845,#5858,#5874,#5889,#5902,#5918,#5935,#5953,#5971,#5989,#6007,#6025,
#6043,#6059,#6075,#6091,#6107,#6123,#6139,#6155,#6171,#6184,#6199,#6233,#6247,
#6261,#6275,#6289,#6322,#6337));
#6339=MANIFOLD_SOLID_BREP('',#6338);
#6341=DIMENSIONAL_EXPONENTS(0.E0,0.E0,0.E0,0.E0,0.E0,0.E0,0.E0);
#6343=PLANE_ANGLE_MEASURE_WITH_UNIT(PLANE_ANGLE_MEASURE(1.745329251994E-2),
#6342);
#6344=(CONVERSION_BASED_UNIT('DEGREE',#6343)NAMED_UNIT(*)PLANE_ANGLE_UNIT());
#6346=UNCERTAINTY_MEASURE_WITH_UNIT(LENGTH_MEASURE(5.835210010144E-3),#6340,
'closure',
'Maximum model space distance between geometric entities at asserted connectivities');
#6347=(GEOMETRIC_REPRESENTATION_CONTEXT(3)GLOBAL_UNCERTAINTY_ASSIGNED_CONTEXT((
#6346))GLOBAL_UNIT_ASSIGNED_CONTEXT((#6340,#6344,#6345))REPRESENTATION_CONTEXT(
'ID1','3'));
#6348=CARTESIAN_POINT('',(0.E0,0.E0,0.E0));
#6349=DIRECTION('',(0.E0,0.E0,1.E0));
#6350=DIRECTION('',(1.E0,0.E0,0.E0));
#6353=APPLICATION_CONTEXT(
'CONFIGURATION CONTROLLED 3D DESIGNS OF MECHANICAL PARTS AND ASSEMBLIES');
#6354=APPLICATION_PROTOCOL_DEFINITION('international standard',
'config_control_design',1994,#6353);
#6355=DESIGN_CONTEXT('',#6353,'design');
#6356=MECHANICAL_CONTEXT('',#6353,'mechanical');
#6357=PRODUCT('MDM1808-A_20','MDM1808-A_20','NOT SPECIFIED',(#6356));
#6358=PRODUCT_DEFINITION_FORMATION_WITH_SPECIFIED_SOURCE('1','LAST_VERSION',
#6357,.MADE.);
#6367=CARTESIAN_POINT('',(0.E0,0.E0,0.E0));
#6368=DIRECTION('',(0.E0,0.E0,1.E0));
#6369=DIRECTION('',(1.E0,0.E0,0.E0));
#6370=AXIS2_PLACEMENT_3D('',#6367,#6368,#6369);
#6371=ITEM_DEFINED_TRANSFORMATION('','',#6351,#6370);
#6372=CARTESIAN_POINT('',(0.E0,0.E0,0.E0));
#6373=DIRECTION('',(0.E0,0.E0,1.E0));
#6374=DIRECTION('',(1.E0,0.E0,0.E0));
#6376=(REPRESENTATION_RELATIONSHIP('','',#6352,#6364)REPRESENTATION_RELATIONSHIP_WITH_TRANSFORMATION(#6371)SHAPE_REPRESENTATION_RELATIONSHIP());
#6377=CONTEXT_DEPENDENT_SHAPE_REPRESENTATION(#6376,#6366);
#6378=CARTESIAN_POINT('',(4.3E0,0.E0,0.E0));
#6379=DIRECTION('',(0.E0,-1.E0,0.E0));
#6380=DIRECTION('',(-1.E0,0.E0,0.E0));
#6381=AXIS2_PLACEMENT_3D('',#6378,#6379,#6380);
#6383=CARTESIAN_POINT('',(0.E0,0.E0,0.E0));
#6384=DIRECTION('',(0.E0,0.E0,-1.E0));
#6385=DIRECTION('',(-1.E0,0.E0,0.E0));
#6386=AXIS2_PLACEMENT_3D('',#6383,#6384,#6385);
#6388=CARTESIAN_POINT('',(-4.3E0,0.E0,0.E0));
#6389=DIRECTION('',(0.E0,1.E0,0.E0));
#6390=DIRECTION('',(1.E0,0.E0,0.E0));
#6391=AXIS2_PLACEMENT_3D('',#6388,#6389,#6390);
#6393=CARTESIAN_POINT('',(0.E0,0.E0,0.E0));
#6394=DIRECTION('',(0.E0,0.E0,1.E0));
#6395=DIRECTION('',(-1.E0,0.E0,0.E0));
#6396=AXIS2_PLACEMENT_3D('',#6393,#6394,#6395);
#6398=CARTESIAN_POINT('',(-4.3E0,0.E0,0.E0));
#6399=DIRECTION('',(0.E0,1.E0,0.E0));
#6400=DIRECTION('',(-1.E0,0.E0,0.E0));
#6401=AXIS2_PLACEMENT_3D('',#6398,#6399,#6400);
#6403=CARTESIAN_POINT('',(0.E0,0.E0,0.E0));
#6404=DIRECTION('',(0.E0,0.E0,1.E0));
#6405=DIRECTION('',(-1.E0,0.E0,0.E0));
#6406=AXIS2_PLACEMENT_3D('',#6403,#6404,#6405);
#6408=CARTESIAN_POINT('',(4.3E0,0.E0,0.E0));
#6409=DIRECTION('',(0.E0,-1.E0,0.E0));
#6410=DIRECTION('',(1.E0,0.E0,0.E0));
#6411=AXIS2_PLACEMENT_3D('',#6408,#6409,#6410);
#6413=CARTESIAN_POINT('',(0.E0,0.E0,0.E0));
#6414=DIRECTION('',(0.E0,0.E0,-1.E0));
#6415=DIRECTION('',(-1.E0,0.E0,0.E0));
#6416=AXIS2_PLACEMENT_3D('',#6413,#6414,#6415);
#6418=CARTESIAN_POINT('',(3.05E0,0.E0,0.E0));
#6419=CARTESIAN_POINT('',(5.55E0,1.164379659981E-14,0.E0));
#6420=VERTEX_POINT('',#6418);
#6421=VERTEX_POINT('',#6419);
#6422=CARTESIAN_POINT('',(-5.55E0,0.E0,0.E0));
#6423=VERTEX_POINT('',#6422);
#6424=CARTESIAN_POINT('',(-3.05E0,0.E0,0.E0));
#6425=VERTEX_POINT('',#6424);
#6426=CARTESIAN_POINT('',(0.E0,0.E0,0.E0));
#6427=DIRECTION('',(0.E0,0.E0,1.E0));
#6428=DIRECTION('',(-1.E0,0.E0,0.E0));
#6429=AXIS2_PLACEMENT_3D('',#6426,#6427,#6428);
#6430=TOROIDAL_SURFACE('',#6429,4.3E0,1.25E0);
#6432=ORIENTED_EDGE('',*,*,#6431,.T.);
#6434=ORIENTED_EDGE('',*,*,#6433,.F.);
#6436=ORIENTED_EDGE('',*,*,#6435,.F.);
#6438=ORIENTED_EDGE('',*,*,#6437,.T.);
#6439=EDGE_LOOP('',(#6432,#6434,#6436,#6438));
#6440=FACE_OUTER_BOUND('',#6439,.F.);
#6441=ADVANCED_FACE('',(#6440),#6430,.T.);
#6442=CARTESIAN_POINT('',(0.E0,0.E0,0.E0));
#6443=DIRECTION('',(0.E0,0.E0,1.E0));
#6444=DIRECTION('',(-1.E0,0.E0,0.E0));
#6445=AXIS2_PLACEMENT_3D('',#6442,#6443,#6444);
#6446=TOROIDAL_SURFACE('',#6445,4.3E0,1.25E0);
#6447=ORIENTED_EDGE('',*,*,#6431,.F.);
#6449=ORIENTED_EDGE('',*,*,#6448,.F.);
#6450=ORIENTED_EDGE('',*,*,#6435,.T.);
#6452=ORIENTED_EDGE('',*,*,#6451,.T.);
#6453=EDGE_LOOP('',(#6447,#6449,#6450,#6452));
#6454=FACE_OUTER_BOUND('',#6453,.F.);
#6455=ADVANCED_FACE('',(#6454),#6446,.T.);
#6456=CARTESIAN_POINT('',(0.E0,0.E0,0.E0));
#6457=DIRECTION('',(0.E0,0.E0,1.E0));
#6458=DIRECTION('',(-1.E0,0.E0,0.E0));
#6459=AXIS2_PLACEMENT_3D('',#6456,#6457,#6458);
#6460=TOROIDAL_SURFACE('',#6459,4.3E0,1.25E0);
#6462=ORIENTED_EDGE('',*,*,#6461,.F.);
#6463=ORIENTED_EDGE('',*,*,#6451,.F.);
#6465=ORIENTED_EDGE('',*,*,#6464,.T.);
#6466=ORIENTED_EDGE('',*,*,#6448,.T.);
#6467=EDGE_LOOP('',(#6462,#6463,#6465,#6466));
#6468=FACE_OUTER_BOUND('',#6467,.F.);
#6469=ADVANCED_FACE('',(#6468),#6460,.T.);
#6470=CARTESIAN_POINT('',(0.E0,0.E0,0.E0));
#6471=DIRECTION('',(0.E0,0.E0,1.E0));
#6472=DIRECTION('',(-1.E0,0.E0,0.E0));
#6473=AXIS2_PLACEMENT_3D('',#6470,#6471,#6472);
#6474=TOROIDAL_SURFACE('',#6473,4.3E0,1.25E0);
#6475=ORIENTED_EDGE('',*,*,#6461,.T.);
#6476=ORIENTED_EDGE('',*,*,#6437,.F.);
#6477=ORIENTED_EDGE('',*,*,#6464,.F.);
#6478=ORIENTED_EDGE('',*,*,#6433,.T.);
#6479=EDGE_LOOP('',(#6475,#6476,#6477,#6478));
#6480=FACE_OUTER_BOUND('',#6479,.F.);
#6481=ADVANCED_FACE('',(#6480),#6474,.T.);
#6482=CLOSED_SHELL('',(#6441,#6455,#6469,#6481));
#6483=MANIFOLD_SOLID_BREP('',#6482);
#6485=DIMENSIONAL_EXPONENTS(0.E0,0.E0,0.E0,0.E0,0.E0,0.E0,0.E0);
#6487=PLANE_ANGLE_MEASURE_WITH_UNIT(PLANE_ANGLE_MEASURE(1.745329251994E-2),
#6486);
#6488=(CONVERSION_BASED_UNIT('DEGREE',#6487)NAMED_UNIT(*)PLANE_ANGLE_UNIT());
#6490=UNCERTAINTY_MEASURE_WITH_UNIT(LENGTH_MEASURE(1.589496105073E-3),#6484,
'closure',
'Maximum model space distance between geometric entities at asserted connectivities');
#6491=(GEOMETRIC_REPRESENTATION_CONTEXT(3)GLOBAL_UNCERTAINTY_ASSIGNED_CONTEXT((
#6490))GLOBAL_UNIT_ASSIGNED_CONTEXT((#6484,#6488,#6489))REPRESENTATION_CONTEXT(
'ID2','3'));
#6492=CARTESIAN_POINT('',(0.E0,0.E0,0.E0));
#6493=DIRECTION('',(0.E0,0.E0,1.E0));
#6494=DIRECTION('',(1.E0,0.E0,0.E0));
#6497=MECHANICAL_CONTEXT('',#6353,'mechanical');
#6498=PRODUCT('MFQ111_439_1','MFQ111_439_1','NOT SPECIFIED',(#6497));
#6499=PRODUCT_DEFINITION_FORMATION_WITH_SPECIFIED_SOURCE('1','LAST_VERSION',
#6498,.MADE.);
#6505=CARTESIAN_POINT('',(-1.293E1,0.E0,0.E0));
#6506=DIRECTION('',(1.E0,0.E0,0.E0));
#6507=DIRECTION('',(0.E0,1.E0,0.E0));
#6508=AXIS2_PLACEMENT_3D('',#6505,#6506,#6507);
#6509=ITEM_DEFINED_TRANSFORMATION('','',#6495,#6508);
#6510=CARTESIAN_POINT('',(0.E0,0.E0,0.E0));
#6511=DIRECTION('',(0.E0,0.E0,1.E0));
#6512=DIRECTION('',(1.E0,0.E0,0.E0));
#6514=(REPRESENTATION_RELATIONSHIP('','',#6496,#6364)REPRESENTATION_RELATIONSHIP_WITH_TRANSFORMATION(#6509)SHAPE_REPRESENTATION_RELATIONSHIP());
#6515=CONTEXT_DEPENDENT_SHAPE_REPRESENTATION(#6514,#6504);
#6518=CARTESIAN_POINT('',(-1.038E1,0.E0,0.E0));
#6519=DIRECTION('',(1.E0,0.E0,0.E0));
#6520=DIRECTION('',(0.E0,1.E0,0.E0));
#6521=AXIS2_PLACEMENT_3D('',#6518,#6519,#6520);
#6522=ITEM_DEFINED_TRANSFORMATION('','',#6495,#6521);
#6523=CARTESIAN_POINT('',(0.E0,0.E0,0.E0));
#6524=DIRECTION('',(0.E0,0.E0,1.E0));
#6525=DIRECTION('',(1.E0,0.E0,0.E0));
#6527=(REPRESENTATION_RELATIONSHIP('','',#6496,#6364)REPRESENTATION_RELATIONSHIP_WITH_TRANSFORMATION(#6522)SHAPE_REPRESENTATION_RELATIONSHIP());
#6528=CONTEXT_DEPENDENT_SHAPE_REPRESENTATION(#6527,#6517);
#6531=CARTESIAN_POINT('',(1.293E1,0.E0,0.E0));
#6532=DIRECTION('',(-1.E0,0.E0,0.E0));
#6533=DIRECTION('',(0.E0,-1.E0,0.E0));
#6534=AXIS2_PLACEMENT_3D('',#6531,#6532,#6533);
#6535=ITEM_DEFINED_TRANSFORMATION('','',#6495,#6534);
#6536=CARTESIAN_POINT('',(0.E0,0.E0,0.E0));
#6537=DIRECTION('',(0.E0,0.E0,1.E0));
#6538=DIRECTION('',(1.E0,0.E0,0.E0));
#6540=(REPRESENTATION_RELATIONSHIP('','',#6496,#6364)REPRESENTATION_RELATIONSHIP_WITH_TRANSFORMATION(#6535)SHAPE_REPRESENTATION_RELATIONSHIP());
#6541=CONTEXT_DEPENDENT_SHAPE_REPRESENTATION(#6540,#6530);
#6544=CARTESIAN_POINT('',(1.038E1,0.E0,0.E0));
#6545=DIRECTION('',(-1.E0,0.E0,0.E0));
#6546=DIRECTION('',(0.E0,-1.E0,0.E0));
#6547=AXIS2_PLACEMENT_3D('',#6544,#6545,#6546);
#6548=ITEM_DEFINED_TRANSFORMATION('','',#6495,#6547);
#6549=CARTESIAN_POINT('',(0.E0,0.E0,0.E0));
#6550=DIRECTION('',(0.E0,0.E0,1.E0));
#6551=DIRECTION('',(1.E0,0.E0,0.E0));
#6553=(REPRESENTATION_RELATIONSHIP('','',#6496,#6364)REPRESENTATION_RELATIONSHIP_WITH_TRANSFORMATION(#6548)SHAPE_REPRESENTATION_RELATIONSHIP());
#6554=CONTEXT_DEPENDENT_SHAPE_REPRESENTATION(#6553,#6543);
#6557=CARTESIAN_POINT('',(0.E0,0.E0,1.293E1));
#6558=DIRECTION('',(0.E0,0.E0,-1.E0));
#6559=DIRECTION('',(-1.E0,0.E0,0.E0));
#6560=AXIS2_PLACEMENT_3D('',#6557,#6558,#6559);
#6561=ITEM_DEFINED_TRANSFORMATION('','',#6495,#6560);
#6562=CARTESIAN_POINT('',(0.E0,0.E0,0.E0));
#6563=DIRECTION('',(0.E0,0.E0,1.E0));
#6564=DIRECTION('',(1.E0,0.E0,0.E0));
#6566=(REPRESENTATION_RELATIONSHIP('','',#6496,#6364)REPRESENTATION_RELATIONSHIP_WITH_TRANSFORMATION(#6561)SHAPE_REPRESENTATION_RELATIONSHIP());
#6567=CONTEXT_DEPENDENT_SHAPE_REPRESENTATION(#6566,#6556);
#6570=CARTESIAN_POINT('',(0.E0,0.E0,1.038E1));
#6571=DIRECTION('',(0.E0,0.E0,-1.E0));
#6572=DIRECTION('',(-1.E0,0.E0,0.E0));
#6573=AXIS2_PLACEMENT_3D('',#6570,#6571,#6572);
#6574=ITEM_DEFINED_TRANSFORMATION('','',#6495,#6573);
#6575=CARTESIAN_POINT('',(0.E0,0.E0,0.E0));
#6576=DIRECTION('',(0.E0,0.E0,1.E0));
#6577=DIRECTION('',(1.E0,0.E0,0.E0));
#6579=(REPRESENTATION_RELATIONSHIP('','',#6496,#6364)REPRESENTATION_RELATIONSHIP_WITH_TRANSFORMATION(#6574)SHAPE_REPRESENTATION_RELATIONSHIP());
#6580=CONTEXT_DEPENDENT_SHAPE_REPRESENTATION(#6579,#6569);
#6583=CARTESIAN_POINT('',(0.E0,0.E0,-1.293E1));
#6584=DIRECTION('',(0.E0,0.E0,1.E0));
#6585=DIRECTION('',(1.E0,0.E0,0.E0));
#6586=AXIS2_PLACEMENT_3D('',#6583,#6584,#6585);
#6587=ITEM_DEFINED_TRANSFORMATION('','',#6495,#6586);
#6588=CARTESIAN_POINT('',(0.E0,0.E0,0.E0));
#6589=DIRECTION('',(0.E0,0.E0,1.E0));
#6590=DIRECTION('',(1.E0,0.E0,0.E0));
#6592=(REPRESENTATION_RELATIONSHIP('','',#6496,#6364)REPRESENTATION_RELATIONSHIP_WITH_TRANSFORMATION(#6587)SHAPE_REPRESENTATION_RELATIONSHIP());
#6593=CONTEXT_DEPENDENT_SHAPE_REPRESENTATION(#6592,#6582);
#6596=CARTESIAN_POINT('',(0.E0,0.E0,-1.038E1));
#6597=DIRECTION('',(0.E0,0.E0,1.E0));
#6598=DIRECTION('',(1.E0,0.E0,0.E0));
#6599=AXIS2_PLACEMENT_3D('',#6596,#6597,#6598);
#6600=ITEM_DEFINED_TRANSFORMATION('','',#6495,#6599);
#6601=CARTESIAN_POINT('',(0.E0,0.E0,0.E0));
#6602=DIRECTION('',(0.E0,0.E0,1.E0));
#6603=DIRECTION('',(1.E0,0.E0,0.E0));
#6605=(REPRESENTATION_RELATIONSHIP('','',#6496,#6364)REPRESENTATION_RELATIONSHIP_WITH_TRANSFORMATION(#6600)SHAPE_REPRESENTATION_RELATIONSHIP());
#6606=CONTEXT_DEPENDENT_SHAPE_REPRESENTATION(#6605,#6595);
#6607=CARTESIAN_POINT('',(0.E0,0.E0,-2.653433028854E-14));
#6608=DIRECTION('',(0.E0,0.E0,-1.E0));
#6609=DIRECTION('',(1.E0,0.E0,0.E0));
#6610=AXIS2_PLACEMENT_3D('',#6607,#6608,#6609);
#6612=CARTESIAN_POINT('',(0.E0,0.E0,-2.653433028854E-14));
#6613=DIRECTION('',(0.E0,0.E0,-1.E0));
#6614=DIRECTION('',(-1.E0,0.E0,0.E0));
#6615=AXIS2_PLACEMENT_3D('',#6612,#6613,#6614);
#6617=DIRECTION('',(-8.660254037844E-1,5.000000000001E-1,0.E0));
#6618=VECTOR('',#6617,1.2E0);
#6619=CARTESIAN_POINT('',(-4.849742261193E0,2.8E0,0.E0));
#6620=LINE('',#6619,#6618);
#6621=CARTESIAN_POINT('',(0.E0,0.E0,0.E0));
#6622=DIRECTION('',(0.E0,0.E0,1.E0));
#6623=DIRECTION('',(-8.660254037844E-1,5.E-1,0.E0));
#6624=AXIS2_PLACEMENT_3D('',#6621,#6622,#6623);
#6626=DIRECTION('',(8.660254037844E-1,5.000000000001E-1,0.E0));
#6627=VECTOR('',#6626,1.2E0);
#6628=CARTESIAN_POINT('',(-5.888972745734E0,-3.4E0,0.E0));
#6629=LINE('',#6628,#6627);
#6630=CARTESIAN_POINT('',(0.E0,0.E0,0.E0));
#6631=DIRECTION('',(0.E0,0.E0,-1.E0));
#6632=DIRECTION('',(-8.660254037844E-1,-5.E-1,0.E0));
#6633=AXIS2_PLACEMENT_3D('',#6630,#6631,#6632);
#6635=CARTESIAN_POINT('',(0.E0,0.E0,0.E0));
#6636=DIRECTION('',(0.E0,0.E0,-1.E0));
#6637=DIRECTION('',(-1.E0,0.E0,0.E0));
#6638=AXIS2_PLACEMENT_3D('',#6635,#6636,#6637);
#6640=DIRECTION('',(8.660254037844E-1,5.000000000001E-1,0.E0));
#6641=VECTOR('',#6640,1.2E0);
#6642=CARTESIAN_POINT('',(4.849742261193E0,2.8E0,0.E0));
#6643=LINE('',#6642,#6641);
#6644=CARTESIAN_POINT('',(0.E0,0.E0,0.E0));
#6645=DIRECTION('',(0.E0,0.E0,1.E0));
#6646=DIRECTION('',(8.660254037844E-1,5.E-1,0.E0));
#6647=AXIS2_PLACEMENT_3D('',#6644,#6645,#6646);
#6649=CARTESIAN_POINT('',(0.E0,0.E0,0.E0));
#6650=DIRECTION('',(0.E0,0.E0,-1.E0));
#6651=DIRECTION('',(0.E0,1.E0,0.E0));
#6652=AXIS2_PLACEMENT_3D('',#6649,#6650,#6651);
#6654=CARTESIAN_POINT('',(0.E0,0.E0,0.E0));
#6655=DIRECTION('',(0.E0,0.E0,1.E0));
#6656=DIRECTION('',(0.E0,-1.E0,0.E0));
#6657=AXIS2_PLACEMENT_3D('',#6654,#6655,#6656);
#6659=DIRECTION('',(-8.660254037844E-1,5.E-1,0.E0));
#6660=VECTOR('',#6659,1.2E0);
#6661=CARTESIAN_POINT('',(5.888972745734E0,-3.4E0,0.E0));
#6662=LINE('',#6661,#6660);
#6663=CARTESIAN_POINT('',(0.E0,0.E0,0.E0));
#6664=DIRECTION('',(0.E0,0.E0,-1.E0));
#6665=DIRECTION('',(8.660254037844E-1,-5.E-1,0.E0));
#6666=AXIS2_PLACEMENT_3D('',#6663,#6664,#6665);
#6668=DIRECTION('',(-7.659742160924E-1,6.428712937141E-1,0.E0));
#6669=VECTOR('',#6668,3.888803286823E-1);
#6670=CARTESIAN_POINT('',(7.E0,1.E-1,0.E0));
#6671=LINE('',#6670,#6669);
#6672=DIRECTION('',(7.659743427826E-1,-6.428711427641E-1,0.E0));
#6673=VECTOR('',#6672,3.888804199939E-1);
#6674=CARTESIAN_POINT('',(6.361702084541E0,3.5E-1,0.E0));
#6675=LINE('',#6674,#6673);
#6676=CARTESIAN_POINT('',(0.E0,0.E0,2.020605904818E-14));
#6677=DIRECTION('',(0.E0,0.E0,1.E0));
#6678=DIRECTION('',(5.E-1,8.660254037844E-1,0.E0));
#6679=AXIS2_PLACEMENT_3D('',#6676,#6677,#6678);
#6681=CARTESIAN_POINT('',(0.E0,0.E0,2.020605904818E-14));
#6682=DIRECTION('',(0.E0,0.E0,1.E0));
#6683=DIRECTION('',(-5.E-1,-8.660254037844E-1,0.E0));
#6684=AXIS2_PLACEMENT_3D('',#6681,#6682,#6683);
#6686=CARTESIAN_POINT('',(0.E0,0.E0,-4.956367306311E-1));
#6687=DIRECTION('',(0.E0,0.E0,-1.E0));
#6688=DIRECTION('',(1.E0,-5.094779445284E-14,0.E0));
#6689=AXIS2_PLACEMENT_3D('',#6686,#6687,#6688);
#6691=CARTESIAN_POINT('',(0.E0,0.E0,-4.956367306311E-1));
#6692=DIRECTION('',(0.E0,0.E0,-1.E0));
#6693=DIRECTION('',(9.999892827798E-1,-4.629721966248E-3,0.E0));
#6694=AXIS2_PLACEMENT_3D('',#6691,#6692,#6693);
#6696=CARTESIAN_POINT('',(-7.191510946609E0,0.E0,-5.E-1));
#6697=DIRECTION('',(0.E0,1.E0,0.E0));
#6698=DIRECTION('',(-9.999619230359E-1,0.E0,8.726538737799E-3));
#6699=AXIS2_PLACEMENT_3D('',#6696,#6697,#6698);
#6701=CARTESIAN_POINT('',(0.E0,0.E0,-4.956367306311E-1));
#6702=DIRECTION('',(0.E0,0.E0,-1.E0));
#6703=DIRECTION('',(-1.E0,0.E0,0.E0));
#6704=AXIS2_PLACEMENT_3D('',#6701,#6702,#6703);
#6706=CARTESIAN_POINT('',(0.E0,0.E0,-4.956367306311E-1));
#6707=DIRECTION('',(0.E0,0.E0,-1.E0));
#6708=DIRECTION('',(-9.999892827798E-1,4.629721966248E-3,0.E0));
#6709=AXIS2_PLACEMENT_3D('',#6706,#6707,#6708);
#6711=CARTESIAN_POINT('',(7.191510946609E0,0.E0,-5.E-1));
#6712=DIRECTION('',(0.E0,-1.E0,0.E0));
#6713=DIRECTION('',(9.999619230359E-1,0.E0,8.726538737799E-3));
#6714=AXIS2_PLACEMENT_3D('',#6711,#6712,#6713);
#6716=CARTESIAN_POINT('',(0.E0,0.E0,-7.4E0));
#6717=DIRECTION('',(0.E0,0.E0,-1.E0));
#6718=DIRECTION('',(0.E0,-1.E0,0.E0));
#6719=AXIS2_PLACEMENT_3D('',#6716,#6717,#6718);
#6721=DIRECTION('',(-8.726535454668E-3,0.E0,-9.999619230646E-1));
#6722=VECTOR('',#6721,1.000038068240E-1);
#6723=CARTESIAN_POINT('',(-7.751745373558E0,0.E0,-7.4E0));
#6724=LINE('',#6723,#6722);
#6725=DIRECTION('',(0.E0,-8.726535498374E-3,9.999619230642E-1));
#6726=VECTOR('',#6725,6.200236085992E0);
#6727=CARTESIAN_POINT('',(0.E0,7.751745373558E0,-7.4E0));
#6728=LINE('',#6727,#6726);
#6729=DIRECTION('',(-8.726535498327E-3,2.752343418182E-13,9.999619230642E-1));
#6730=VECTOR('',#6729,7.043900903850E-1);
#6731=CARTESIAN_POINT('',(7.697638793255E0,-3.921777190110E-13,-1.2E0));
#6732=LINE('',#6731,#6730);
#6733=CARTESIAN_POINT('',(0.E0,0.E0,-1.2E0));
#6734=DIRECTION('',(0.E0,0.E0,1.E0));
#6735=DIRECTION('',(-1.E0,0.E0,0.E0));
#6736=AXIS2_PLACEMENT_3D('',#6733,#6734,#6735);
#6738=CARTESIAN_POINT('',(0.E0,0.E0,-7.4E0));
#6739=DIRECTION('',(0.E0,0.E0,-1.E0));
#6740=DIRECTION('',(0.E0,1.E0,0.E0));
#6741=AXIS2_PLACEMENT_3D('',#6738,#6739,#6740);
#6743=DIRECTION('',(8.726535454668E-3,0.E0,-9.999619230646E-1));
#6744=VECTOR('',#6743,1.000038068240E-1);
#6745=CARTESIAN_POINT('',(7.751745373558E0,0.E0,-7.4E0));
#6746=LINE('',#6745,#6744);
#6747=DIRECTION('',(0.E0,8.726535498374E-3,9.999619230642E-1));
#6748=VECTOR('',#6747,6.200236085992E0);
#6749=CARTESIAN_POINT('',(0.E0,-7.751745373558E0,-7.4E0));
#6750=LINE('',#6749,#6748);
#6751=DIRECTION('',(8.726535498327E-3,0.E0,9.999619230642E-1));
#6752=VECTOR('',#6751,7.043900903850E-1);
#6753=CARTESIAN_POINT('',(-7.697638793255E0,0.E0,-1.2E0));
#6754=LINE('',#6753,#6752);
#6755=CARTESIAN_POINT('',(0.E0,0.E0,-1.2E0));
#6756=DIRECTION('',(0.E0,0.E0,1.E0));
#6757=DIRECTION('',(1.E0,-5.094779445284E-14,0.E0));
#6758=AXIS2_PLACEMENT_3D('',#6755,#6756,#6757);
#6760=CARTESIAN_POINT('',(0.E0,0.E0,-7.499999998478E0));
#6761=DIRECTION('',(0.E0,0.E0,1.E0));
#6762=DIRECTION('',(1.E0,0.E0,0.E0));
#6763=AXIS2_PLACEMENT_3D('',#6760,#6761,#6762);
#6765=CARTESIAN_POINT('',(0.E0,0.E0,-7.499999998478E0));
#6766=DIRECTION('',(0.E0,0.E0,1.E0));
#6767=DIRECTION('',(-1.E0,0.E0,0.E0));
#6768=AXIS2_PLACEMENT_3D('',#6765,#6766,#6767);
#6770=CARTESIAN_POINT('',(0.E0,0.E0,-7.5E0));
#6771=DIRECTION('',(0.E0,0.E0,-1.E0));
#6772=DIRECTION('',(0.E0,1.E0,0.E0));
#6773=AXIS2_PLACEMENT_3D('',#6770,#6771,#6772);
#6775=CARTESIAN_POINT('',(0.E0,0.E0,-7.5E0));
#6776=DIRECTION('',(0.E0,0.E0,-1.E0));
#6777=DIRECTION('',(0.E0,-1.E0,0.E0));
#6778=AXIS2_PLACEMENT_3D('',#6775,#6776,#6777);
#6780=CARTESIAN_POINT('',(0.E0,0.E0,-7.5E0));
#6781=DIRECTION('',(0.E0,0.E0,1.E0));
#6782=DIRECTION('',(0.E0,-1.E0,0.E0));
#6783=AXIS2_PLACEMENT_3D('',#6780,#6781,#6782);
#6785=CARTESIAN_POINT('',(0.E0,7.45E0,-7.5E0));
#6786=DIRECTION('',(-1.E0,0.E0,0.E0));
#6787=DIRECTION('',(0.E0,1.E0,0.E0));
#6788=AXIS2_PLACEMENT_3D('',#6785,#6786,#6787);
#6790=CARTESIAN_POINT('',(0.E0,0.E0,-7.7E0));
#6791=DIRECTION('',(0.E0,0.E0,1.E0));
#6792=DIRECTION('',(0.E0,-1.E0,0.E0));
#6793=AXIS2_PLACEMENT_3D('',#6790,#6791,#6792);
#6795=CARTESIAN_POINT('',(0.E0,0.E0,-7.7E0));
#6796=DIRECTION('',(0.E0,0.E0,1.E0));
#6797=DIRECTION('',(0.E0,1.E0,0.E0));
#6798=AXIS2_PLACEMENT_3D('',#6795,#6796,#6797);
#6800=CARTESIAN_POINT('',(0.E0,0.E0,-7.7E0));
#6801=DIRECTION('',(0.E0,0.E0,-1.E0));
#6802=DIRECTION('',(0.E0,1.E0,0.E0));
#6803=AXIS2_PLACEMENT_3D('',#6800,#6801,#6802);
#6805=CARTESIAN_POINT('',(0.E0,0.E0,-7.7E0));
#6806=DIRECTION('',(0.E0,0.E0,-1.E0));
#6807=DIRECTION('',(0.E0,-1.E0,0.E0));
#6808=AXIS2_PLACEMENT_3D('',#6805,#6806,#6807);
#6810=CARTESIAN_POINT('',(0.E0,0.E0,-7.5E0));
#6811=DIRECTION('',(0.E0,0.E0,1.E0));
#6812=DIRECTION('',(0.E0,1.E0,0.E0));
#6813=AXIS2_PLACEMENT_3D('',#6810,#6811,#6812);
#6815=CARTESIAN_POINT('',(0.E0,-7.45E0,-7.5E0));
#6816=DIRECTION('',(1.E0,0.E0,0.E0));
#6817=DIRECTION('',(0.E0,-1.E0,0.E0));
#6818=AXIS2_PLACEMENT_3D('',#6815,#6816,#6817);
#6820=DIRECTION('',(0.E0,0.E0,-1.E0));
#6821=VECTOR('',#6820,1.8E0);
#6822=CARTESIAN_POINT('',(1.024044141172E-14,-6.8E0,0.E0));
#6823=LINE('',#6822,#6821);
#6824=DIRECTION('',(0.E0,0.E0,1.E0));
#6825=VECTOR('',#6824,5.9E0);
#6826=CARTESIAN_POINT('',(0.E0,6.8E0,-7.7E0));
#6827=LINE('',#6826,#6825);
#6828=DIRECTION('',(0.E0,0.E0,1.E0));
#6829=VECTOR('',#6828,1.8E0);
#6830=CARTESIAN_POINT('',(0.E0,6.8E0,-1.8E0));
#6831=LINE('',#6830,#6829);
#6832=DIRECTION('',(1.578983857246E-14,-3.133296091722E-14,-1.E0));
#6833=VECTOR('',#6832,1.799999999999E0);
#6834=CARTESIAN_POINT('',(5.888972745734E0,3.4E0,0.E0));
#6835=LINE('',#6834,#6833);
#6836=DIRECTION('',(-3.157967714492E-14,-5.427757009283E-14,1.E0));
#6837=VECTOR('',#6836,1.799999999999E0);
#6838=CARTESIAN_POINT('',(5.888972745734E0,-3.4E0,-1.799999999999E0));
#6839=LINE('',#6838,#6837);
#6840=DIRECTION('',(0.E0,0.E0,-1.E0));
#6841=VECTOR('',#6840,1.8E0);
#6842=CARTESIAN_POINT('',(2.373165775770E-1,6.795857623730E0,-5.6E0));
#6843=LINE('',#6842,#6841);
#6844=DIRECTION('',(0.E0,0.E0,1.E0));
#6845=VECTOR('',#6844,1.8E0);
#6846=CARTESIAN_POINT('',(5.766727053864E0,3.603450996786E0,-7.4E0));
#6847=LINE('',#6846,#6845);
#6848=DIRECTION('',(-2.171102803711E-14,-3.133296091720E-14,-1.E0));
#6849=VECTOR('',#6848,1.8E0);
#6850=CARTESIAN_POINT('',(5.766727053864E0,-3.603450996786E0,-5.6E0));
#6851=LINE('',#6850,#6849);
#6852=DIRECTION('',(0.E0,0.E0,1.E0));
#6853=VECTOR('',#6852,1.8E0);
#6854=CARTESIAN_POINT('',(2.373165775770E-1,-6.795857623730E0,-7.4E0));
#6855=LINE('',#6854,#6853);
#6856=DIRECTION('',(0.E0,8.726535498388E-3,-9.999619230642E-1));
#6857=VECTOR('',#6856,1.794832420420E0);
#6858=CARTESIAN_POINT('',(1.431616624266E-14,-5.6E0,0.E0));
#6859=LINE('',#6858,#6857);
#6860=CARTESIAN_POINT('',(1.321698904060E-14,-6.184314485008E0,-1.8E0));
#6861=DIRECTION('',(1.E0,0.E0,0.E0));
#6862=DIRECTION('',(0.E0,9.999619230642E-1,8.726535499312E-3));
#6863=AXIS2_PLACEMENT_3D('',#6860,#6861,#6862);
#6865=DIRECTION('',(1.222453961786E-13,-1.E0,-3.255886667344E-13));
#6866=VECTOR('',#6865,1.568551499196E-2);
#6867=CARTESIAN_POINT('',(1.398175900357E-14,-6.184314485008E0,-1.2E0));
#6868=LINE('',#6867,#6866);
#6869=CARTESIAN_POINT('',(1.678900074520E-14,-6.2E0,-1.8E0));
#6870=DIRECTION('',(1.E0,0.E0,0.E0));
#6871=DIRECTION('',(0.E0,-1.036208156317E-14,1.E0));
#6872=AXIS2_PLACEMENT_3D('',#6869,#6870,#6871);
#6874=DIRECTION('',(0.E0,1.E0,0.E0));
#6875=VECTOR('',#6874,1.2E0);
#6876=CARTESIAN_POINT('',(1.024044141172E-14,-6.8E0,0.E0));
#6877=LINE('',#6876,#6875);
#6878=DIRECTION('',(0.E0,8.726535498199E-3,-9.999619230642E-1));
#6879=VECTOR('',#6878,4.000152313540E-1);
#6880=CARTESIAN_POINT('',(0.E0,-5.564219842058E0,-4.1E0));
#6881=LINE('',#6880,#6879);
#6882=CARTESIAN_POINT('',(0.E0,0.E0,-4.1E0));
#6883=DIRECTION('',(0.E0,0.E0,1.E0));
#6884=DIRECTION('',(0.E0,1.E0,0.E0));
#6885=AXIS2_PLACEMENT_3D('',#6882,#6883,#6884);
#6887=DIRECTION('',(-8.726535498374E-3,0.E0,9.999619230642E-1));
#6888=VECTOR('',#6887,2.900110427319E0);
#6889=CARTESIAN_POINT('',(-5.564219842058E0,0.E0,-4.1E0));
#6890=LINE('',#6889,#6888);
#6891=CARTESIAN_POINT('',(0.E0,0.E0,-1.794764078701E0));
#6892=DIRECTION('',(0.E0,0.E0,-1.E0));
#6893=DIRECTION('',(8.660254037844E-1,5.E-1,0.E0));
#6894=AXIS2_PLACEMENT_3D('',#6891,#6892,#6893);
#6896=CARTESIAN_POINT('',(0.E0,0.E0,-1.794764078701E0));
#6897=DIRECTION('',(0.E0,0.E0,-1.E0));
#6898=DIRECTION('',(9.998896341248E-1,1.485663386432E-2,0.E0));
#6899=AXIS2_PLACEMENT_3D('',#6896,#6897,#6898);
#6901=CARTESIAN_POINT('',(0.E0,0.E0,-1.794764078701E0));
#6902=DIRECTION('',(0.E0,0.E0,-1.E0));
#6903=DIRECTION('',(1.E0,0.E0,0.E0));
#6904=AXIS2_PLACEMENT_3D('',#6901,#6902,#6903);
#6906=CARTESIAN_POINT('',(0.E0,0.E0,-1.2E0));
#6907=DIRECTION('',(0.E0,0.E0,-1.E0));
#6908=DIRECTION('',(8.660254037844E-1,5.E-1,0.E0));
#6909=AXIS2_PLACEMENT_3D('',#6906,#6907,#6908);
#6911=DIRECTION('',(8.660254037867E-1,-4.999999999960E-1,-4.246808696487E-14));
#6912=VECTOR('',#6911,1.568551499214E-2);
#6913=CARTESIAN_POINT('',(5.355773449009E0,-3.092157242504E0,-1.2E0));
#6914=LINE('',#6913,#6912);
#6915=CARTESIAN_POINT('',(0.E0,0.E0,-1.2E0));
#6916=DIRECTION('',(0.E0,0.E0,1.E0));
#6917=DIRECTION('',(8.660254037845E-1,-5.E-1,0.E0));
#6918=AXIS2_PLACEMENT_3D('',#6915,#6916,#6917);
#6920=DIRECTION('',(-8.660254037867E-1,-4.999999999962E-1,4.246808696487E-14));
#6921=VECTOR('',#6920,1.568551499214E-2);
#6922=CARTESIAN_POINT('',(5.369357503464E0,3.1E0,-1.2E0));
#6923=LINE('',#6922,#6921);
#6924=CARTESIAN_POINT('',(5.355773449009E0,-3.092157242504E0,-1.8E0));
#6925=DIRECTION('',(-5.E-1,-8.660254037844E-1,0.E0));
#6926=DIRECTION('',(1.480297366167E-14,0.E0,1.E0));
#6927=AXIS2_PLACEMENT_3D('',#6924,#6925,#6926);
#6929=DIRECTION('',(7.557401428623E-3,-4.363267749206E-3,9.999619230642E-1));
#6930=VECTOR('',#6929,1.794832420419E0);
#6931=CARTESIAN_POINT('',(4.836177992095E0,-2.792168665585E0,
-1.794764078700E0));
#6932=LINE('',#6931,#6930);
#6933=CARTESIAN_POINT('',(5.369357503464E0,-3.1E0,-1.8E0));
#6934=DIRECTION('',(-5.E-1,-8.660254037845E-1,0.E0));
#6935=DIRECTION('',(8.660254037845E-1,-5.E-1,7.259748358024E-12));
#6936=AXIS2_PLACEMENT_3D('',#6933,#6934,#6935);
#6938=CARTESIAN_POINT('',(0.E0,0.E0,-1.8E0));
#6939=DIRECTION('',(0.E0,0.E0,1.E0));
#6940=DIRECTION('',(8.660254037844E-1,-5.E-1,0.E0));
#6941=AXIS2_PLACEMENT_3D('',#6938,#6939,#6940);
#6943=DIRECTION('',(-7.557401428638E-3,-4.363267749184E-3,-9.999619230642E-1));
#6944=VECTOR('',#6943,1.794832420419E0);
#6945=CARTESIAN_POINT('',(4.849742261193E0,2.8E0,0.E0));
#6946=LINE('',#6945,#6944);
#6947=CARTESIAN_POINT('',(5.355773449009E0,3.092157242504E0,-1.8E0));
#6948=DIRECTION('',(-5.E-1,8.660254037844E-1,0.E0));
#6949=DIRECTION('',(-8.659924281907E-1,-4.999809615321E-1,8.726535500981E-3));
#6950=AXIS2_PLACEMENT_3D('',#6947,#6948,#6949);
#6952=CARTESIAN_POINT('',(5.369357503464E0,3.1E0,-1.8E0));
#6953=DIRECTION('',(-5.E-1,8.660254037845E-1,0.E0));
#6954=DIRECTION('',(6.202445964239E-13,3.582319626124E-13,1.E0));
#6955=AXIS2_PLACEMENT_3D('',#6952,#6953,#6954);
#6957=CARTESIAN_POINT('',(0.E0,0.E0,-1.2E0));
#6958=DIRECTION('',(0.E0,0.E0,-1.E0));
#6959=DIRECTION('',(-8.660254037844E-1,-5.E-1,0.E0));
#6960=AXIS2_PLACEMENT_3D('',#6957,#6958,#6959);
#6962=DIRECTION('',(0.E0,-8.726535498199E-3,-9.999619230642E-1));
#6963=VECTOR('',#6962,4.000152313540E-1);
#6964=CARTESIAN_POINT('',(0.E0,5.564219842058E0,-4.1E0));
#6965=LINE('',#6964,#6963);
#6966=CARTESIAN_POINT('',(0.E0,0.E0,-4.1E0));
#6967=DIRECTION('',(0.E0,0.E0,1.E0));
#6968=DIRECTION('',(0.E0,-1.E0,0.E0));
#6969=AXIS2_PLACEMENT_3D('',#6966,#6967,#6968);
#6971=DIRECTION('',(8.726535498333E-3,0.E0,9.999619230642E-1));
#6972=VECTOR('',#6971,2.305323700962E0);
#6973=CARTESIAN_POINT('',(5.564219842058E0,0.E0,-4.1E0));
#6974=LINE('',#6973,#6972);
#6975=CARTESIAN_POINT('',(1.098554933245E-14,6.184314485008E0,-1.8E0));
#6976=DIRECTION('',(1.E0,0.E0,0.E0));
#6977=DIRECTION('',(0.E0,2.901382837687E-13,1.E0));
#6978=AXIS2_PLACEMENT_3D('',#6975,#6976,#6977);
#6980=DIRECTION('',(0.E0,8.726535498387E-3,9.999619230642E-1));
#6981=VECTOR('',#6980,1.794832420419E0);
#6982=CARTESIAN_POINT('',(1.182750238734E-14,5.584337331170E0,
-1.794764078700E0));
#6983=LINE('',#6982,#6981);
#6984=DIRECTION('',(0.E0,1.E0,0.E0));
#6985=VECTOR('',#6984,1.2E0);
#6986=CARTESIAN_POINT('',(1.296489325689E-14,5.6E0,0.E0));
#6987=LINE('',#6986,#6985);
#6988=CARTESIAN_POINT('',(0.E0,6.2E0,-1.8E0));
#6989=DIRECTION('',(1.E0,0.E0,0.E0));
#6990=DIRECTION('',(0.E0,1.E0,0.E0));
#6991=AXIS2_PLACEMENT_3D('',#6988,#6989,#6990);
#6993=CARTESIAN_POINT('',(0.E0,0.E0,-1.2E0));
#6994=DIRECTION('',(0.E0,0.E0,-1.E0));
#6995=DIRECTION('',(-8.660254037844E-1,5.E-1,0.E0));
#6996=AXIS2_PLACEMENT_3D('',#6993,#6994,#6995);
#6998=DIRECTION('',(-2.158281016780E-13,1.E0,-4.813049856080E-13));
#6999=VECTOR('',#6998,1.568551499194E-2);
#7000=CARTESIAN_POINT('',(1.270161017712E-14,6.184314485008E0,-1.2E0));
#7001=LINE('',#7000,#6999);
#7002=CARTESIAN_POINT('',(0.E0,0.E0,-1.2E0));
#7003=DIRECTION('',(0.E0,0.E0,1.E0));
#7004=DIRECTION('',(0.E0,1.E0,0.E0));
#7005=AXIS2_PLACEMENT_3D('',#7002,#7003,#7004);
#7007=DIRECTION('',(8.660254037868E-1,-4.999999999960E-1,1.557163188711E-13));
#7008=VECTOR('',#7007,1.568551499215E-2);
#7009=CARTESIAN_POINT('',(-5.369357503464E0,3.1E0,-1.2E0));
#7010=LINE('',#7009,#7008);
#7011=CARTESIAN_POINT('',(0.E0,0.E0,-1.794764078701E0));
#7012=DIRECTION('',(0.E0,0.E0,-1.E0));
#7013=DIRECTION('',(-8.660254037844E-1,5.E-1,0.E0));
#7014=AXIS2_PLACEMENT_3D('',#7011,#7012,#7013);
#7016=DIRECTION('',(7.557401428636E-3,-4.363267749181E-3,-9.999619230642E-1));
#7017=VECTOR('',#7016,1.794832420419E0);
#7018=CARTESIAN_POINT('',(-4.849742261193E0,2.8E0,0.E0));
#7019=LINE('',#7018,#7017);
#7020=CARTESIAN_POINT('',(-5.355773449009E0,3.092157242504E0,-1.8E0));
#7021=DIRECTION('',(-5.E-1,-8.660254037844E-1,0.E0));
#7022=DIRECTION('',(8.659924281907E-1,-4.999809615321E-1,8.726535500942E-3));
#7023=AXIS2_PLACEMENT_3D('',#7020,#7021,#7022);
#7025=CARTESIAN_POINT('',(-5.369357503464E0,3.1E0,-1.8E0));
#7026=DIRECTION('',(-5.E-1,-8.660254037845E-1,0.E0));
#7027=DIRECTION('',(-6.838973831691E-13,3.944992480835E-13,1.E0));
#7028=AXIS2_PLACEMENT_3D('',#7025,#7026,#7027);
#7030=CARTESIAN_POINT('',(0.E0,0.E0,-1.8E0));
#7031=DIRECTION('',(0.E0,0.E0,1.E0));
#7032=DIRECTION('',(0.E0,1.E0,0.E0));
#7033=AXIS2_PLACEMENT_3D('',#7030,#7031,#7032);
#7035=DIRECTION('',(3.009937977875E-14,-5.205712404358E-14,1.E0));
#7036=VECTOR('',#7035,1.799999999999E0);
#7037=CARTESIAN_POINT('',(-5.888972745734E0,-3.4E0,-1.799999999999E0));
#7038=LINE('',#7037,#7036);
#7039=DIRECTION('',(-1.973729821557E-14,-2.911251486797E-14,-1.E0));
#7040=VECTOR('',#7039,1.799999999999E0);
#7041=CARTESIAN_POINT('',(-5.888972745734E0,3.4E0,0.E0));
#7042=LINE('',#7041,#7040);
#7043=DIRECTION('',(0.E0,0.E0,1.E0));
#7044=VECTOR('',#7043,5.9E0);
#7045=CARTESIAN_POINT('',(0.E0,-6.8E0,-7.7E0));
#7046=LINE('',#7045,#7044);
#7047=DIRECTION('',(-2.368475785867E-14,3.873444774803E-14,-1.E0));
#7048=VECTOR('',#7047,1.8E0);
#7049=CARTESIAN_POINT('',(-6.004043631441E0,-3.192406626944E0,-5.6E0));
#7050=LINE('',#7049,#7048);
#7051=DIRECTION('',(0.E0,0.E0,1.E0));
#7052=VECTOR('',#7051,1.8E0);
#7053=CARTESIAN_POINT('',(-6.004043631441E0,3.192406626944E0,-7.4E0));
#7054=LINE('',#7053,#7052);
#7055=CARTESIAN_POINT('',(0.E0,0.E0,-1.2E0));
#7056=DIRECTION('',(0.E0,0.E0,-1.E0));
#7057=DIRECTION('',(0.E0,-1.E0,0.E0));
#7058=AXIS2_PLACEMENT_3D('',#7055,#7056,#7057);
#7060=CARTESIAN_POINT('',(0.E0,0.E0,-1.8E0));
#7061=DIRECTION('',(0.E0,0.E0,1.E0));
#7062=DIRECTION('',(-8.660254037844E-1,-5.E-1,0.E0));
#7063=AXIS2_PLACEMENT_3D('',#7060,#7061,#7062);
#7065=CARTESIAN_POINT('',(0.E0,0.E0,-1.8E0));
#7066=DIRECTION('',(0.E0,0.E0,1.E0));
#7067=DIRECTION('',(-1.130694578236E-2,-9.999360744453E-1,0.E0));
#7068=AXIS2_PLACEMENT_3D('',#7065,#7066,#7067);
#7070=CARTESIAN_POINT('',(0.E0,0.E0,-1.2E0));
#7071=DIRECTION('',(0.E0,0.E0,-1.E0));
#7072=DIRECTION('',(0.E0,-1.E0,0.E0));
#7073=AXIS2_PLACEMENT_3D('',#7070,#7071,#7072);
#7075=DIRECTION('',(-8.660254037867E-1,-4.999999999961E-1,-6.087092464993E-13));
#7076=VECTOR('',#7075,1.568551499207E-2);
#7077=CARTESIAN_POINT('',(-5.355773449009E0,-3.092157242504E0,-1.2E0));
#7078=LINE('',#7077,#7076);
#7079=CARTESIAN_POINT('',(0.E0,0.E0,-1.2E0));
#7080=DIRECTION('',(0.E0,0.E0,1.E0));
#7081=DIRECTION('',(-8.660254037845E-1,-5.E-1,0.E0));
#7082=AXIS2_PLACEMENT_3D('',#7079,#7080,#7081);
#7084=CARTESIAN_POINT('',(0.E0,0.E0,-1.794764078701E0));
#7085=DIRECTION('',(0.E0,0.E0,-1.E0));
#7086=DIRECTION('',(0.E0,-1.E0,0.E0));
#7087=AXIS2_PLACEMENT_3D('',#7084,#7085,#7086);
#7089=CARTESIAN_POINT('',(-5.355773449009E0,-3.092157242504E0,-1.8E0));
#7090=DIRECTION('',(-5.E-1,8.660254037844E-1,0.E0));
#7091=DIRECTION('',(-3.079018521627E-13,-1.776356839400E-13,1.E0));
#7092=AXIS2_PLACEMENT_3D('',#7089,#7090,#7091);
#7094=DIRECTION('',(-7.557401428703E-3,-4.363267749193E-3,9.999619230642E-1));
#7095=VECTOR('',#7094,5.947867263557E-1);
#7096=CARTESIAN_POINT('',(-4.836177992095E0,-2.792168665585E0,
-1.794764078700E0));
#7097=LINE('',#7096,#7095);
#7098=DIRECTION('',(-7.557401428528E-3,-4.363267749155E-3,9.999619230642E-1));
#7099=VECTOR('',#7098,1.200045694063E0);
#7100=CARTESIAN_POINT('',(-4.840673034150E0,-2.794763879326E0,-1.2E0));
#7101=LINE('',#7100,#7099);
#7102=CARTESIAN_POINT('',(-5.369357503464E0,-3.1E0,-1.8E0));
#7103=DIRECTION('',(-5.E-1,8.660254037845E-1,0.E0));
#7104=DIRECTION('',(-8.660254037845E-1,-5.E-1,7.259748358024E-12));
#7105=AXIS2_PLACEMENT_3D('',#7102,#7103,#7104);
#7107=CARTESIAN_POINT('',(0.E0,0.E0,-5.6E0));
#7108=DIRECTION('',(0.E0,0.E0,-1.E0));
#7109=DIRECTION('',(-8.829475928589E-1,-4.694715627859E-1,0.E0));
#7110=AXIS2_PLACEMENT_3D('',#7107,#7108,#7109);
#7112=DIRECTION('',(8.829475928590E-1,-4.694715627857E-1,0.E0));
#7113=VECTOR('',#7112,3.500000000001E-1);
#7114=CARTESIAN_POINT('',(-6.004043631441E0,3.192406626944E0,-5.6E0));
#7115=LINE('',#7114,#7113);
#7116=CARTESIAN_POINT('',(0.E0,0.E0,-5.6E0));
#7117=DIRECTION('',(0.E0,0.E0,1.E0));
#7118=DIRECTION('',(-8.829475928589E-1,4.694715627859E-1,0.E0));
#7119=AXIS2_PLACEMENT_3D('',#7116,#7117,#7118);
#7121=DIRECTION('',(-8.829475928590E-1,-4.694715627857E-1,0.E0));
#7122=VECTOR('',#7121,3.500000000001E-1);
#7123=CARTESIAN_POINT('',(-5.695011973940E0,-3.028091579969E0,-5.6E0));
#7124=LINE('',#7123,#7122);
#7125=DIRECTION('',(4.448917090979E-1,-2.365531177952E-1,8.637789008984E-1));
#7126=VECTOR('',#7125,6.946221994727E-1);
#7127=CARTESIAN_POINT('',(-6.004043631441E0,3.192406626944E0,-7.4E0));
#7128=LINE('',#7127,#7126);
#7129=CARTESIAN_POINT('',(0.E0,0.E0,-7.4E0));
#7130=DIRECTION('',(0.E0,0.E0,1.E0));
#7131=DIRECTION('',(-8.829475928589E-1,4.694715627859E-1,0.E0));
#7132=AXIS2_PLACEMENT_3D('',#7129,#7130,#7131);
#7134=CARTESIAN_POINT('',(0.E0,0.E0,-6.8E0));
#7135=DIRECTION('',(0.E0,0.E0,-1.E0));
#7136=DIRECTION('',(-8.829475928589E-1,-4.694715627859E-1,0.E0));
#7137=AXIS2_PLACEMENT_3D('',#7134,#7135,#7136);
#7139=DIRECTION('',(-4.448917090979E-1,-2.365531177952E-1,-8.637789008984E-1));
#7140=VECTOR('',#7139,6.946221994727E-1);
#7141=CARTESIAN_POINT('',(-5.695011973940E0,-3.028091579969E0,-6.8E0));
#7142=LINE('',#7141,#7140);
#7143=DIRECTION('',(0.E0,0.E0,-1.E0));
#7144=VECTOR('',#7143,1.2E0);
#7145=CARTESIAN_POINT('',(-5.695011973940E0,3.028091579969E0,-5.6E0));
#7146=LINE('',#7145,#7144);
#7147=DIRECTION('',(3.182639337259E-14,-5.514107688972E-14,1.E0));
#7148=VECTOR('',#7147,1.2E0);
#7149=CARTESIAN_POINT('',(-5.695011973940E0,-3.028091579969E0,-6.8E0));
#7150=LINE('',#7149,#7148);
#7151=CARTESIAN_POINT('',(0.E0,0.E0,-4.5E0));
#7152=DIRECTION('',(0.E0,0.E0,1.E0));
#7153=DIRECTION('',(0.E0,-1.E0,0.E0));
#7154=AXIS2_PLACEMENT_3D('',#7151,#7152,#7153);
#7156=CARTESIAN_POINT('',(0.E0,0.E0,-4.5E0));
#7157=DIRECTION('',(0.E0,0.E0,1.E0));
#7158=DIRECTION('',(1.E0,0.E0,0.E0));
#7159=AXIS2_PLACEMENT_3D('',#7156,#7157,#7158);
#7161=CARTESIAN_POINT('',(0.E0,0.E0,-4.5E0));
#7162=DIRECTION('',(0.E0,0.E0,1.E0));
#7163=DIRECTION('',(0.E0,1.E0,0.E0));
#7164=AXIS2_PLACEMENT_3D('',#7161,#7162,#7163);
#7166=CARTESIAN_POINT('',(0.E0,0.E0,-4.5E0));
#7167=DIRECTION('',(0.E0,0.E0,1.E0));
#7168=DIRECTION('',(-1.E0,0.E0,0.E0));
#7169=AXIS2_PLACEMENT_3D('',#7166,#7167,#7168);
#7171=CARTESIAN_POINT('',(0.E0,0.E0,-4.5E0));
#7172=DIRECTION('',(0.E0,0.E0,-1.E0));
#7173=DIRECTION('',(0.E0,1.E0,0.E0));
#7174=AXIS2_PLACEMENT_3D('',#7171,#7172,#7173);
#7176=CARTESIAN_POINT('',(0.E0,0.E0,-4.5E0));
#7177=DIRECTION('',(0.E0,0.E0,-1.E0));
#7178=DIRECTION('',(0.E0,-1.E0,0.E0));
#7179=AXIS2_PLACEMENT_3D('',#7176,#7177,#7178);
#7181=DIRECTION('',(0.E0,-3.133774542039E-1,-9.496286491027E-1));
#7182=VECTOR('',#7181,2.632608022475E0);
#7183=CARTESIAN_POINT('',(0.E0,-4.175E0,-2.E0));
#7184=LINE('',#7183,#7182);
#7185=DIRECTION('',(0.E0,3.133774542039E-1,-9.496286491027E-1));
#7186=VECTOR('',#7185,2.632608022475E0);
#7187=CARTESIAN_POINT('',(0.E0,4.175E0,-2.E0));
#7188=LINE('',#7187,#7186);
#7189=CARTESIAN_POINT('',(0.E0,0.E0,-2.E0));
#7190=DIRECTION('',(0.E0,0.E0,1.E0));
#7191=DIRECTION('',(0.E0,1.E0,0.E0));
#7192=AXIS2_PLACEMENT_3D('',#7189,#7190,#7191);
#7194=CARTESIAN_POINT('',(0.E0,0.E0,-2.E0));
#7195=DIRECTION('',(0.E0,0.E0,1.E0));
#7196=DIRECTION('',(0.E0,-1.E0,0.E0));
#7197=AXIS2_PLACEMENT_3D('',#7194,#7195,#7196);
#7199=CARTESIAN_POINT('',(0.E0,0.E0,-2.E0));
#7200=DIRECTION('',(0.E0,0.E0,-1.E0));
#7201=DIRECTION('',(-5.E-1,-8.660254037844E-1,0.E0));
#7202=AXIS2_PLACEMENT_3D('',#7199,#7200,#7201);
#7204=CARTESIAN_POINT('',(0.E0,0.E0,-2.E0));
#7205=DIRECTION('',(0.E0,0.E0,-1.E0));
#7206=DIRECTION('',(5.E-1,8.660254037844E-1,0.E0));
#7207=AXIS2_PLACEMENT_3D('',#7204,#7205,#7206);
#7209=DIRECTION('',(-1.593481716128E-14,0.E0,1.E0));
#7210=VECTOR('',#7209,1.700015853755E0);
#7211=CARTESIAN_POINT('',(-1.9625E0,-3.399149709854E0,-2.E0));
#7212=LINE('',#7211,#7210);
#7213=DIRECTION('',(0.E0,1.959198831305E-14,1.E0));
#7214=VECTOR('',#7213,1.700015853755E0);
#7215=CARTESIAN_POINT('',(1.9625E0,3.399149709854E0,-2.E0));
#7216=LINE('',#7215,#7214);
#7217=CARTESIAN_POINT('',(0.E0,0.E0,-2.999841462454E-1));
#7218=DIRECTION('',(0.E0,0.E0,1.E0));
#7219=DIRECTION('',(-5.E-1,-8.660254037844E-1,0.E0));
#7220=AXIS2_PLACEMENT_3D('',#7217,#7218,#7219);
#7222=DIRECTION('',(4.729756385689E-1,8.192178367436E-1,3.243087745983E-1));
#7223=VECTOR('',#7222,9.249954664870E-1);
#7224=CARTESIAN_POINT('',(1.9625E0,3.399149709854E0,-2.999841462454E-1));
#7225=LINE('',#7224,#7223);
#7226=CARTESIAN_POINT('',(0.E0,0.E0,-2.999841462454E-1));
#7227=DIRECTION('',(0.E0,0.E0,1.E0));
#7228=DIRECTION('',(5.E-1,8.660254037844E-1,0.E0));
#7229=AXIS2_PLACEMENT_3D('',#7226,#7227,#7228);
#7231=DIRECTION('',(-4.729756385689E-1,-8.192178367436E-1,3.243087745983E-1));
#7232=VECTOR('',#7231,9.249954664870E-1);
#7233=CARTESIAN_POINT('',(-1.9625E0,-3.399149709854E0,-2.999841462454E-1));
#7234=LINE('',#7233,#7232);
#7235=CARTESIAN_POINT('',(0.E0,0.E0,-5.6E0));
#7236=DIRECTION('',(0.E0,0.E0,-1.E0));
#7237=DIRECTION('',(3.489949670250E-2,9.993908270191E-1,0.E0));
#7238=AXIS2_PLACEMENT_3D('',#7235,#7236,#7237);
#7240=DIRECTION('',(-8.480480961563E-1,-5.299192642334E-1,0.E0));
#7241=VECTOR('',#7240,3.500000000001E-1);
#7242=CARTESIAN_POINT('',(5.766727053864E0,3.603450996786E0,-5.6E0));
#7243=LINE('',#7242,#7241);
#7244=CARTESIAN_POINT('',(0.E0,0.E0,-5.6E0));
#7245=DIRECTION('',(0.E0,0.E0,1.E0));
#7246=DIRECTION('',(8.480480961564E-1,5.299192642332E-1,0.E0));
#7247=AXIS2_PLACEMENT_3D('',#7244,#7245,#7246);
#7249=DIRECTION('',(3.489949670251E-2,9.993908270191E-1,0.E0));
#7250=VECTOR('',#7249,3.500000000001E-1);
#7251=CARTESIAN_POINT('',(2.251017537311E-1,6.446070834273E0,-5.6E0));
#7252=LINE('',#7251,#7250);
#7253=DIRECTION('',(-4.273068639041E-1,-2.670109631142E-1,8.637789008984E-1));
#7254=VECTOR('',#7253,6.946221994727E-1);
#7255=CARTESIAN_POINT('',(5.766727053864E0,3.603450996786E0,-7.4E0));
#7256=LINE('',#7255,#7254);
#7257=CARTESIAN_POINT('',(0.E0,0.E0,-7.4E0));
#7258=DIRECTION('',(0.E0,0.E0,1.E0));
#7259=DIRECTION('',(8.480480961564E-1,5.299192642332E-1,0.E0));
#7260=AXIS2_PLACEMENT_3D('',#7257,#7258,#7259);
#7262=CARTESIAN_POINT('',(0.E0,0.E0,-6.8E0));
#7263=DIRECTION('',(0.E0,0.E0,-1.E0));
#7264=DIRECTION('',(3.489949670250E-2,9.993908270191E-1,0.E0));
#7265=AXIS2_PLACEMENT_3D('',#7262,#7263,#7264);
#7267=DIRECTION('',(1.758484519377E-2,5.035640809095E-1,-8.637789008984E-1));
#7268=VECTOR('',#7267,6.946221994727E-1);
#7269=CARTESIAN_POINT('',(2.251017537311E-1,6.446070834273E0,-6.8E0));
#7270=LINE('',#7269,#7268);
#7271=DIRECTION('',(0.E0,0.E0,-1.E0));
#7272=VECTOR('',#7271,1.2E0);
#7273=CARTESIAN_POINT('',(5.469910220209E0,3.417979254304E0,-5.6E0));
#7274=LINE('',#7273,#7272);
#7275=DIRECTION('',(0.E0,0.E0,1.E0));
#7276=VECTOR('',#7275,1.2E0);
#7277=CARTESIAN_POINT('',(2.251017537311E-1,6.446070834273E0,-6.8E0));
#7278=LINE('',#7277,#7276);
#7279=CARTESIAN_POINT('',(0.E0,0.E0,-5.6E0));
#7280=DIRECTION('',(0.E0,0.E0,-1.E0));
#7281=DIRECTION('',(8.480480961564E-1,-5.299192642332E-1,0.E0));
#7282=AXIS2_PLACEMENT_3D('',#7279,#7280,#7281);
#7284=DIRECTION('',(-3.489949670251E-2,9.993908270191E-1,0.E0));
#7285=VECTOR('',#7284,3.500000000001E-1);
#7286=CARTESIAN_POINT('',(2.373165775770E-1,-6.795857623730E0,-5.6E0));
#7287=LINE('',#7286,#7285);
#7288=CARTESIAN_POINT('',(0.E0,0.E0,-5.6E0));
#7289=DIRECTION('',(0.E0,0.E0,1.E0));
#7290=DIRECTION('',(3.489949670250E-2,-9.993908270191E-1,0.E0));
#7291=AXIS2_PLACEMENT_3D('',#7288,#7289,#7290);
#7293=DIRECTION('',(8.480480961563E-1,-5.299192642334E-1,0.E0));
#7294=VECTOR('',#7293,3.500000000001E-1);
#7295=CARTESIAN_POINT('',(5.469910220209E0,-3.417979254304E0,-5.6E0));
#7296=LINE('',#7295,#7294);
#7297=DIRECTION('',(-1.758484519377E-2,5.035640809095E-1,8.637789008984E-1));
#7298=VECTOR('',#7297,6.946221994727E-1);
#7299=CARTESIAN_POINT('',(2.373165775770E-1,-6.795857623730E0,-7.4E0));
#7300=LINE('',#7299,#7298);
#7301=CARTESIAN_POINT('',(0.E0,0.E0,-7.4E0));
#7302=DIRECTION('',(0.E0,0.E0,1.E0));
#7303=DIRECTION('',(3.489949670250E-2,-9.993908270191E-1,0.E0));
#7304=AXIS2_PLACEMENT_3D('',#7301,#7302,#7303);
#7306=CARTESIAN_POINT('',(0.E0,0.E0,-6.8E0));
#7307=DIRECTION('',(0.E0,0.E0,-1.E0));
#7308=DIRECTION('',(8.480480961564E-1,-5.299192642332E-1,0.E0));
#7309=AXIS2_PLACEMENT_3D('',#7306,#7307,#7308);
#7311=DIRECTION('',(4.273068639040E-1,-2.670109631142E-1,-8.637789008984E-1));
#7312=VECTOR('',#7311,6.946221994728E-1);
#7313=CARTESIAN_POINT('',(5.469910220209E0,-3.417979254304E0,-6.8E0));
#7314=LINE('',#7313,#7312);
#7315=DIRECTION('',(0.E0,0.E0,-1.E0));
#7316=VECTOR('',#7315,1.2E0);
#7317=CARTESIAN_POINT('',(2.251017537311E-1,-6.446070834273E0,-5.6E0));
#7318=LINE('',#7317,#7316);
#7319=DIRECTION('',(3.404683942184E-14,4.551914400964E-14,1.E0));
#7320=VECTOR('',#7319,1.2E0);
#7321=CARTESIAN_POINT('',(5.469910220209E0,-3.417979254304E0,-6.8E0));
#7322=LINE('',#7321,#7320);
#7323=DIRECTION('',(-1.E0,0.E0,0.E0));
#7324=VECTOR('',#7323,2.E0);
#7325=CARTESIAN_POINT('',(7.E0,-1.5E-1,0.E0));
#7326=LINE('',#7325,#7324);
#7327=DIRECTION('',(0.E0,0.E0,1.E0));
#7328=VECTOR('',#7327,2.E-1);
#7329=CARTESIAN_POINT('',(7.E0,-1.5E-1,-2.E-1));
#7330=LINE('',#7329,#7328);
#7331=DIRECTION('',(0.E0,1.E0,0.E0));
#7332=VECTOR('',#7331,2.5E-1);
#7333=CARTESIAN_POINT('',(5.E0,-1.5E-1,0.E0));
#7334=LINE('',#7333,#7332);
#7335=DIRECTION('',(0.E0,0.E0,1.E0));
#7336=VECTOR('',#7335,2.E-1);
#7337=CARTESIAN_POINT('',(5.E0,-1.5E-1,-2.E-1));
#7338=LINE('',#7337,#7336);
#7339=DIRECTION('',(1.E0,-3.063930800472E-14,0.E0));
#7340=VECTOR('',#7339,1.659574508667E0);
#7341=CARTESIAN_POINT('',(5.E0,1.E-1,0.E0));
#7342=LINE('',#7341,#7340);
#7343=DIRECTION('',(0.E0,0.E0,1.E0));
#7344=VECTOR('',#7343,2.E-1);
#7345=CARTESIAN_POINT('',(5.E0,1.E-1,-2.E-1));
#7346=LINE('',#7345,#7344);
#7347=DIRECTION('',(0.E0,0.E0,1.E0));
#7348=VECTOR('',#7347,2.E-1);
#7349=CARTESIAN_POINT('',(6.659574508667E0,9.999999999995E-2,-2.E-1));
#7350=LINE('',#7349,#7348);
#7351=DIRECTION('',(1.E0,-1.946983790803E-13,0.E0));
#7352=VECTOR('',#7351,3.404256105428E-1);
#7353=CARTESIAN_POINT('',(6.361702084541E0,3.5E-1,0.E0));
#7354=LINE('',#7353,#7352);
#7355=DIRECTION('',(0.E0,0.E0,1.E0));
#7356=VECTOR('',#7355,2.E-1);
#7357=CARTESIAN_POINT('',(6.361702084541E0,3.5E-1,-2.E-1));
#7358=LINE('',#7357,#7356);
#7359=DIRECTION('',(0.E0,0.E0,1.E0));
#7360=VECTOR('',#7359,2.E-1);
#7361=CARTESIAN_POINT('',(6.702127695084E0,3.499999999999E-1,-2.E-1));
#7362=LINE('',#7361,#7360);
#7363=DIRECTION('',(0.E0,-1.E0,0.E0));
#7364=VECTOR('',#7363,2.5E-1);
#7365=CARTESIAN_POINT('',(7.E0,1.E-1,0.E0));
#7366=LINE('',#7365,#7364);
#7367=DIRECTION('',(0.E0,0.E0,1.E0));
#7368=VECTOR('',#7367,2.E-1);
#7369=CARTESIAN_POINT('',(7.E0,1.E-1,-2.E-1));
#7370=LINE('',#7369,#7368);
#7371=DIRECTION('',(-1.E0,0.E0,0.E0));
#7372=VECTOR('',#7371,2.E0);
#7373=CARTESIAN_POINT('',(7.E0,-1.5E-1,-2.E-1));
#7374=LINE('',#7373,#7372);
#7375=DIRECTION('',(0.E0,1.E0,0.E0));
#7376=VECTOR('',#7375,2.5E-1);
#7377=CARTESIAN_POINT('',(5.E0,-1.5E-1,-2.E-1));
#7378=LINE('',#7377,#7376);
#7379=DIRECTION('',(1.E0,-3.063930800472E-14,0.E0));
#7380=VECTOR('',#7379,1.659574508667E0);
#7381=CARTESIAN_POINT('',(5.E0,1.E-1,-2.E-1));
#7382=LINE('',#7381,#7380);
#7383=DIRECTION('',(-7.659743427826E-1,6.428711427641E-1,0.E0));
#7384=VECTOR('',#7383,3.888804199939E-1);
#7385=CARTESIAN_POINT('',(6.659574508667E0,9.999999999995E-2,-2.E-1));
#7386=LINE('',#7385,#7384);
#7387=DIRECTION('',(1.E0,-1.950245070185E-13,0.E0));
#7388=VECTOR('',#7387,3.404256105428E-1);
#7389=CARTESIAN_POINT('',(6.361702084541E0,3.5E-1,-2.E-1));
#7390=LINE('',#7389,#7388);
#7391=DIRECTION('',(7.659742160924E-1,-6.428712937141E-1,0.E0));
#7392=VECTOR('',#7391,3.888803286823E-1);
#7393=CARTESIAN_POINT('',(6.702127695084E0,3.499999999999E-1,-2.E-1));
#7394=LINE('',#7393,#7392);
#7395=DIRECTION('',(0.E0,-1.E0,0.E0));
#7396=VECTOR('',#7395,2.5E-1);
#7397=CARTESIAN_POINT('',(7.E0,1.E-1,-2.E-1));
#7398=LINE('',#7397,#7396);
#7399=CARTESIAN_POINT('',(7.191510783756E0,0.E0,-2.653433028854E-14));
#7400=CARTESIAN_POINT('',(-7.191510783756E0,0.E0,-2.653433028854E-14));
#7401=VERTEX_POINT('',#7399);
#7402=VERTEX_POINT('',#7400);
#7403=CARTESIAN_POINT('',(-4.849742261193E0,2.8E0,0.E0));
#7404=CARTESIAN_POINT('',(-5.888972745734E0,3.4E0,0.E0));
#7405=VERTEX_POINT('',#7403);
#7406=VERTEX_POINT('',#7404);
#7407=CARTESIAN_POINT('',(-5.888972745734E0,-3.4E0,0.E0));
#7408=VERTEX_POINT('',#7407);
#7409=CARTESIAN_POINT('',(-4.849742261193E0,-2.8E0,0.E0));
#7410=VERTEX_POINT('',#7409);
#7411=CARTESIAN_POINT('',(-5.6E0,0.E0,0.E0));
#7412=VERTEX_POINT('',#7411);
#7413=CARTESIAN_POINT('',(4.849742261193E0,2.8E0,0.E0));
#7414=CARTESIAN_POINT('',(5.888972745734E0,3.4E0,0.E0));
#7415=VERTEX_POINT('',#7413);
#7416=VERTEX_POINT('',#7414);
#7417=CARTESIAN_POINT('',(1.287858708565E-14,6.8E0,0.E0));
#7418=VERTEX_POINT('',#7417);
#7419=CARTESIAN_POINT('',(1.296489325689E-14,5.6E0,0.E0));
#7420=VERTEX_POINT('',#7419);
#7421=CARTESIAN_POINT('',(1.024044141172E-14,-6.8E0,0.E0));
#7422=CARTESIAN_POINT('',(1.431616624266E-14,-5.6E0,0.E0));
#7423=VERTEX_POINT('',#7421);
#7424=VERTEX_POINT('',#7422);
#7425=CARTESIAN_POINT('',(5.888972745734E0,-3.4E0,0.E0));
#7426=VERTEX_POINT('',#7425);
#7427=CARTESIAN_POINT('',(4.849742261193E0,-2.8E0,0.E0));
#7428=VERTEX_POINT('',#7427);
#7429=CARTESIAN_POINT('',(7.E0,-1.5E-1,0.E0));
#7430=CARTESIAN_POINT('',(5.E0,-1.5E-1,0.E0));
#7431=VERTEX_POINT('',#7429);
#7432=VERTEX_POINT('',#7430);
#7433=CARTESIAN_POINT('',(7.E0,1.E-1,0.E0));
#7434=VERTEX_POINT('',#7433);
#7435=CARTESIAN_POINT('',(6.702127695084E0,3.499999999999E-1,0.E0));
#7436=VERTEX_POINT('',#7435);
#7437=CARTESIAN_POINT('',(6.361702084541E0,3.5E-1,0.E0));
#7438=VERTEX_POINT('',#7437);
#7439=CARTESIAN_POINT('',(6.659574508667E0,9.999999999995E-2,0.E0));
#7440=VERTEX_POINT('',#7439);
#7441=CARTESIAN_POINT('',(5.E0,1.E-1,0.E0));
#7442=VERTEX_POINT('',#7441);
#7443=CARTESIAN_POINT('',(2.400000321435E0,4.156922494907E0,
2.020605904818E-14));
#7444=CARTESIAN_POINT('',(-2.400000321435E0,-4.156922494907E0,
2.020605904818E-14));
#7445=VERTEX_POINT('',#7443);
#7446=VERTEX_POINT('',#7444);
#7447=CARTESIAN_POINT('',(-4.836177992095E0,2.792168665585E0,
-1.794764078700E0));
#7448=VERTEX_POINT('',#7447);
#7449=CARTESIAN_POINT('',(-5.355773449009E0,3.092157242504E0,-1.2E0));
#7450=VERTEX_POINT('',#7449);
#7451=CARTESIAN_POINT('',(-5.369357503464E0,3.1E0,-1.2E0));
#7452=VERTEX_POINT('',#7451);
#7453=CARTESIAN_POINT('',(-5.888972745734E0,3.4E0,-1.799999999996E0));
#7454=VERTEX_POINT('',#7453);
#7455=CARTESIAN_POINT('',(4.836177992095E0,2.792168665585E0,-1.794764078701E0));
#7456=CARTESIAN_POINT('',(5.583721010893E0,8.296445510404E-2,
-1.794764078701E0));
#7457=VERTEX_POINT('',#7455);
#7458=VERTEX_POINT('',#7456);
#7459=CARTESIAN_POINT('',(5.584337331169E0,0.E0,-1.794764078701E0));
#7460=VERTEX_POINT('',#7459);
#7461=CARTESIAN_POINT('',(1.182750238734E-14,5.584337331170E0,
-1.794764078700E0));
#7462=VERTEX_POINT('',#7461);
#7463=CARTESIAN_POINT('',(-4.840673034150E0,-2.794763879326E0,-1.2E0));
#7464=VERTEX_POINT('',#7463);
#7465=CARTESIAN_POINT('',(-5.589527758651E0,0.E0,-1.2E0));
#7466=VERTEX_POINT('',#7465);
#7467=CARTESIAN_POINT('',(-5.564219842058E0,0.E0,-4.1E0));
#7468=VERTEX_POINT('',#7467);
#7469=CARTESIAN_POINT('',(0.E0,5.564219842058E0,-4.1E0));
#7470=VERTEX_POINT('',#7469);
#7471=CARTESIAN_POINT('',(0.E0,5.560729094942E0,-4.5E0));
#7472=VERTEX_POINT('',#7471);
#7473=CARTESIAN_POINT('',(5.560729094942E0,0.E0,-4.5E0));
#7474=VERTEX_POINT('',#7473);
#7475=CARTESIAN_POINT('',(0.E0,-5.560729094942E0,-4.5E0));
#7476=VERTEX_POINT('',#7475);
#7477=CARTESIAN_POINT('',(0.E0,-5.564219842058E0,-4.1E0));
#7478=VERTEX_POINT('',#7477);
#7479=CARTESIAN_POINT('',(5.564219842058E0,0.E0,-4.1E0));
#7480=VERTEX_POINT('',#7479);
#7481=CARTESIAN_POINT('',(5.355773449009E0,3.092157242504E0,-1.2E0));
#7482=CARTESIAN_POINT('',(5.355773449009E0,-3.092157242504E0,-1.2E0));
#7483=VERTEX_POINT('',#7481);
#7484=VERTEX_POINT('',#7482);
#7485=CARTESIAN_POINT('',(4.836177992095E0,-2.792168665585E0,
-1.794764078701E0));
#7486=VERTEX_POINT('',#7485);
#7487=CARTESIAN_POINT('',(5.369357503464E0,-3.1E0,-1.2E0));
#7488=VERTEX_POINT('',#7487);
#7489=CARTESIAN_POINT('',(5.369357503464E0,3.1E0,-1.2E0));
#7490=VERTEX_POINT('',#7489);
#7491=CARTESIAN_POINT('',(1.332267629550E-14,6.184314485008E0,-1.2E0));
#7492=VERTEX_POINT('',#7491);
#7493=CARTESIAN_POINT('',(0.E0,6.2E0,-1.2E0));
#7494=VERTEX_POINT('',#7493);
#7495=CARTESIAN_POINT('',(1.407867909261E-14,-6.184314485008E0,-1.2E0));
#7496=CARTESIAN_POINT('',(-5.355773449009E0,-3.092157242504E0,-1.2E0));
#7497=VERTEX_POINT('',#7495);
#7498=VERTEX_POINT('',#7496);
#7499=CARTESIAN_POINT('',(-5.369357503464E0,-3.1E0,-1.2E0));
#7500=VERTEX_POINT('',#7499);
#7501=CARTESIAN_POINT('',(-7.010306385063E-2,-6.199603661561E0,-1.2E0));
#7502=VERTEX_POINT('',#7501);
#7503=CARTESIAN_POINT('',(1.626453360938E-14,-6.2E0,-1.2E0));
#7504=VERTEX_POINT('',#7503);
#7505=CARTESIAN_POINT('',(5.888972745734E0,-3.4E0,-1.799999999999E0));
#7506=VERTEX_POINT('',#7505);
#7507=CARTESIAN_POINT('',(-5.560729094942E0,0.E0,-4.5E0));
#7508=VERTEX_POINT('',#7507);
#7509=CARTESIAN_POINT('',(-4.836177992095E0,-2.792168665585E0,
-1.794764078700E0));
#7510=VERTEX_POINT('',#7509);
#7511=CARTESIAN_POINT('',(1.385383759192E-14,-5.584337331169E0,
-1.794764078701E0));
#7512=VERTEX_POINT('',#7511);
#7513=CARTESIAN_POINT('',(0.E0,5.E0,-4.5E0));
#7514=CARTESIAN_POINT('',(0.E0,-5.E0,-4.5E0));
#7515=VERTEX_POINT('',#7513);
#7516=VERTEX_POINT('',#7514);
#7517=CARTESIAN_POINT('',(0.E0,4.175E0,-2.E0));
#7518=VERTEX_POINT('',#7517);
#7519=CARTESIAN_POINT('',(0.E0,-4.175E0,-2.E0));
#7520=VERTEX_POINT('',#7519);
#7521=CARTESIAN_POINT('',(-1.9625E0,-3.399149709854E0,-2.E0));
#7522=CARTESIAN_POINT('',(1.9625E0,3.399149709854E0,-2.E0));
#7523=VERTEX_POINT('',#7521);
#7524=VERTEX_POINT('',#7522);
#7525=CARTESIAN_POINT('',(-1.9625E0,-3.399149709854E0,-2.999841462454E-1));
#7526=VERTEX_POINT('',#7525);
#7527=CARTESIAN_POINT('',(1.9625E0,3.399149709854E0,-2.999841462454E-1));
#7528=VERTEX_POINT('',#7527);
#7529=CARTESIAN_POINT('',(-5.888972745734E0,-3.4E0,-1.799999999999E0));
#7530=VERTEX_POINT('',#7529);
#7531=CARTESIAN_POINT('',(1.841374275280E-14,-6.8E0,-1.8E0));
#7532=VERTEX_POINT('',#7531);
#7533=CARTESIAN_POINT('',(-7.688723132005E-2,-6.799565306228E0,-1.8E0));
#7534=VERTEX_POINT('',#7533);
#7535=CARTESIAN_POINT('',(0.E0,6.8E0,-1.8E0));
#7536=VERTEX_POINT('',#7535);
#7537=CARTESIAN_POINT('',(0.E0,6.8E0,-7.7E0));
#7538=VERTEX_POINT('',#7537);
#7539=CARTESIAN_POINT('',(0.E0,-6.8E0,-7.7E0));
#7540=VERTEX_POINT('',#7539);
#7541=CARTESIAN_POINT('',(-6.004043631441E0,-3.192406626944E0,-5.6E0));
#7542=CARTESIAN_POINT('',(-6.004043631441E0,3.192406626944E0,-5.6E0));
#7543=VERTEX_POINT('',#7541);
#7544=VERTEX_POINT('',#7542);
#7545=CARTESIAN_POINT('',(-6.004043631441E0,-3.192406626944E0,-7.4E0));
#7546=VERTEX_POINT('',#7545);
#7547=CARTESIAN_POINT('',(-6.004043631441E0,3.192406626944E0,-7.4E0));
#7548=VERTEX_POINT('',#7547);
#7549=CARTESIAN_POINT('',(-5.695011973940E0,3.028091579969E0,-5.6E0));
#7550=VERTEX_POINT('',#7549);
#7551=CARTESIAN_POINT('',(-5.695011973940E0,-3.028091579969E0,-5.6E0));
#7552=VERTEX_POINT('',#7551);
#7553=CARTESIAN_POINT('',(-5.695011973940E0,3.028091579969E0,-6.8E0));
#7554=VERTEX_POINT('',#7553);
#7555=CARTESIAN_POINT('',(-5.695011973940E0,-3.028091579969E0,-6.8E0));
#7556=VERTEX_POINT('',#7555);
#7557=CARTESIAN_POINT('',(5.888972745734E0,3.4E0,-1.799999999999E0));
#7558=VERTEX_POINT('',#7557);
#7559=CARTESIAN_POINT('',(2.373165775770E-1,6.795857623730E0,-5.6E0));
#7560=CARTESIAN_POINT('',(5.766727053864E0,3.603450996786E0,-5.6E0));
#7561=VERTEX_POINT('',#7559);
#7562=VERTEX_POINT('',#7560);
#7563=CARTESIAN_POINT('',(2.373165775770E-1,6.795857623730E0,-7.4E0));
#7564=VERTEX_POINT('',#7563);
#7565=CARTESIAN_POINT('',(5.766727053864E0,3.603450996786E0,-7.4E0));
#7566=VERTEX_POINT('',#7565);
#7567=CARTESIAN_POINT('',(5.766727053864E0,-3.603450996786E0,-5.6E0));
#7568=CARTESIAN_POINT('',(2.373165775770E-1,-6.795857623730E0,-5.6E0));
#7569=VERTEX_POINT('',#7567);
#7570=VERTEX_POINT('',#7568);
#7571=CARTESIAN_POINT('',(5.766727053864E0,-3.603450996786E0,-7.4E0));
#7572=VERTEX_POINT('',#7571);
#7573=CARTESIAN_POINT('',(2.373165775770E-1,-6.795857623730E0,-7.4E0));
#7574=VERTEX_POINT('',#7573);
#7575=CARTESIAN_POINT('',(5.469910220209E0,3.417979254304E0,-5.6E0));
#7576=VERTEX_POINT('',#7575);
#7577=CARTESIAN_POINT('',(2.251017537311E-1,6.446070834273E0,-5.6E0));
#7578=VERTEX_POINT('',#7577);
#7579=CARTESIAN_POINT('',(5.469910220209E0,3.417979254304E0,-6.8E0));
#7580=VERTEX_POINT('',#7579);
#7581=CARTESIAN_POINT('',(2.251017537311E-1,6.446070834273E0,-6.8E0));
#7582=VERTEX_POINT('',#7581);
#7583=CARTESIAN_POINT('',(2.251017537311E-1,-6.446070834273E0,-5.6E0));
#7584=VERTEX_POINT('',#7583);
#7585=CARTESIAN_POINT('',(5.469910220209E0,-3.417979254304E0,-5.6E0));
#7586=VERTEX_POINT('',#7585);
#7587=CARTESIAN_POINT('',(2.251017537311E-1,-6.446070834273E0,-6.8E0));
#7588=VERTEX_POINT('',#7587);
#7589=CARTESIAN_POINT('',(5.469910220209E0,-3.417979254304E0,-6.8E0));
#7590=VERTEX_POINT('',#7589);
#7591=CARTESIAN_POINT('',(0.E0,-7.449999981951E0,-7.7E0));
#7592=CARTESIAN_POINT('',(0.E0,7.449999981951E0,-7.7E0));
#7593=VERTEX_POINT('',#7591);
#7594=VERTEX_POINT('',#7592);
#7595=CARTESIAN_POINT('',(0.E0,-7.65E0,-7.5E0));
#7596=VERTEX_POINT('',#7595);
#7597=CARTESIAN_POINT('',(0.E0,7.65E0,-7.5E0));
#7598=CARTESIAN_POINT('',(3.574190229769E-2,-7.649916503886E0,-7.5E0));
#7599=VERTEX_POINT('',#7597);
#7600=VERTEX_POINT('',#7598);
#7601=CARTESIAN_POINT('',(-3.574190229768E-2,7.649916503886E0,-7.5E0));
#7602=VERTEX_POINT('',#7601);
#7603=CARTESIAN_POINT('',(7.752618060324E0,0.E0,-7.499999998478E0));
#7604=CARTESIAN_POINT('',(-7.752618060324E0,0.E0,-7.499999998478E0));
#7605=VERTEX_POINT('',#7603);
#7606=VERTEX_POINT('',#7604);
#7607=CARTESIAN_POINT('',(0.E0,-7.751745373558E0,-7.4E0));
#7608=CARTESIAN_POINT('',(-7.751745373558E0,0.E0,-7.4E0));
#7609=VERTEX_POINT('',#7607);
#7610=VERTEX_POINT('',#7608);
#7611=CARTESIAN_POINT('',(7.751745373558E0,0.E0,-7.4E0));
#7612=VERTEX_POINT('',#7611);
#7613=CARTESIAN_POINT('',(0.E0,7.751745373558E0,-7.4E0));
#7614=VERTEX_POINT('',#7613);
#7615=CARTESIAN_POINT('',(0.E0,7.697638793255E0,-1.2E0));
#7616=VERTEX_POINT('',#7615);
#7617=CARTESIAN_POINT('',(7.697638793255E0,-3.921777190110E-13,-1.2E0));
#7618=VERTEX_POINT('',#7617);
#7619=CARTESIAN_POINT('',(7.691491908127E0,-1.983053761006E-13,
-4.956367306311E-1));
#7620=VERTEX_POINT('',#7619);
#7621=CARTESIAN_POINT('',(-7.691409476715E0,3.560946904027E-2,
-4.956367306311E-1));
#7622=VERTEX_POINT('',#7621);
#7623=CARTESIAN_POINT('',(-7.691491908127E0,0.E0,-4.956367306311E-1));
#7624=VERTEX_POINT('',#7623);
#7625=CARTESIAN_POINT('',(-7.697638793255E0,0.E0,-1.2E0));
#7626=VERTEX_POINT('',#7625);
#7627=CARTESIAN_POINT('',(0.E0,-7.697638793255E0,-1.2E0));
#7628=VERTEX_POINT('',#7627);
#7629=CARTESIAN_POINT('',(7.691409476715E0,-3.560946904027E-2,
-4.956367306311E-1));
#7630=VERTEX_POINT('',#7629);
#7631=CARTESIAN_POINT('',(5.E0,-1.5E-1,-2.E-1));
#7632=VERTEX_POINT('',#7631);
#7633=CARTESIAN_POINT('',(7.E0,-1.5E-1,-2.E-1));
#7634=VERTEX_POINT('',#7633);
#7635=CARTESIAN_POINT('',(5.E0,1.E-1,-2.E-1));
#7636=VERTEX_POINT('',#7635);
#7637=CARTESIAN_POINT('',(6.659574508667E0,9.999999999995E-2,-2.E-1));
#7638=VERTEX_POINT('',#7637);
#7639=CARTESIAN_POINT('',(6.361702084541E0,3.5E-1,-2.E-1));
#7640=VERTEX_POINT('',#7639);
#7641=CARTESIAN_POINT('',(6.702127695084E0,3.499999999999E-1,-2.E-1));
#7642=VERTEX_POINT('',#7641);
#7643=CARTESIAN_POINT('',(7.E0,1.E-1,-2.E-1));
#7644=VERTEX_POINT('',#7643);
#7645=CARTESIAN_POINT('',(0.E0,0.E0,0.E0));
#7646=DIRECTION('',(0.E0,0.E0,1.E0));
#7647=DIRECTION('',(-1.E0,0.E0,0.E0));
#7648=AXIS2_PLACEMENT_3D('',#7645,#7646,#7647);
#7649=PLANE('',#7648);
#7651=ORIENTED_EDGE('',*,*,#7650,.T.);
#7653=ORIENTED_EDGE('',*,*,#7652,.T.);
#7654=EDGE_LOOP('',(#7651,#7653));
#7655=FACE_OUTER_BOUND('',#7654,.F.);
#7657=ORIENTED_EDGE('',*,*,#7656,.T.);
#7659=ORIENTED_EDGE('',*,*,#7658,.T.);
#7661=ORIENTED_EDGE('',*,*,#7660,.T.);
#7663=ORIENTED_EDGE('',*,*,#7662,.T.);
#7665=ORIENTED_EDGE('',*,*,#7664,.T.);
#7666=EDGE_LOOP('',(#7657,#7659,#7661,#7663,#7665));
#7667=FACE_BOUND('',#7666,.F.);
#7669=ORIENTED_EDGE('',*,*,#7668,.T.);
#7671=ORIENTED_EDGE('',*,*,#7670,.T.);
#7673=ORIENTED_EDGE('',*,*,#7672,.F.);
#7675=ORIENTED_EDGE('',*,*,#7674,.T.);
#7676=EDGE_LOOP('',(#7669,#7671,#7673,#7675));
#7677=FACE_BOUND('',#7676,.F.);
#7679=ORIENTED_EDGE('',*,*,#7678,.F.);
#7681=ORIENTED_EDGE('',*,*,#7680,.T.);
#7683=ORIENTED_EDGE('',*,*,#7682,.T.);
#7685=ORIENTED_EDGE('',*,*,#7684,.T.);
#7686=EDGE_LOOP('',(#7679,#7681,#7683,#7685));
#7687=FACE_BOUND('',#7686,.F.);
#7689=ORIENTED_EDGE('',*,*,#7688,.F.);
#7691=ORIENTED_EDGE('',*,*,#7690,.F.);
#7693=ORIENTED_EDGE('',*,*,#7692,.T.);
#7695=ORIENTED_EDGE('',*,*,#7694,.F.);
#7697=ORIENTED_EDGE('',*,*,#7696,.T.);
#7699=ORIENTED_EDGE('',*,*,#7698,.F.);
#7701=ORIENTED_EDGE('',*,*,#7700,.F.);
#7702=EDGE_LOOP('',(#7689,#7691,#7693,#7695,#7697,#7699,#7701));
#7703=FACE_BOUND('',#7702,.F.);
#7705=ORIENTED_EDGE('',*,*,#7704,.T.);
#7707=ORIENTED_EDGE('',*,*,#7706,.T.);
#7708=EDGE_LOOP('',(#7705,#7707));
#7709=FACE_BOUND('',#7708,.F.);
#7710=ADVANCED_FACE('',(#7655,#7667,#7677,#7687,#7703,#7709),#7649,.T.);
#7711=CARTESIAN_POINT('',(0.E0,0.E0,-5.E-1));
#7712=DIRECTION('',(0.E0,0.E0,1.E0));
#7713=DIRECTION('',(-9.999892827798E-1,4.629721966248E-3,0.E0));
#7714=AXIS2_PLACEMENT_3D('',#7711,#7712,#7713);
#7715=TOROIDAL_SURFACE('',#7714,7.191510946609E0,5.E-1);
#7716=ORIENTED_EDGE('',*,*,#7650,.F.);
#7718=ORIENTED_EDGE('',*,*,#7717,.F.);
#7720=ORIENTED_EDGE('',*,*,#7719,.T.);
#7722=ORIENTED_EDGE('',*,*,#7721,.T.);
#7724=ORIENTED_EDGE('',*,*,#7723,.T.);
#7725=EDGE_LOOP('',(#7716,#7718,#7720,#7722,#7724));
#7726=FACE_OUTER_BOUND('',#7725,.F.);
#7727=ADVANCED_FACE('',(#7726),#7715,.T.);
#7728=CARTESIAN_POINT('',(0.E0,0.E0,-5.E-1));
#7729=DIRECTION('',(0.E0,0.E0,1.E0));
#7730=DIRECTION('',(9.999892827798E-1,-4.629721966248E-3,0.E0));
#7731=AXIS2_PLACEMENT_3D('',#7728,#7729,#7730);
#7732=TOROIDAL_SURFACE('',#7731,7.191510946609E0,5.E-1);
#7733=ORIENTED_EDGE('',*,*,#7652,.F.);
#7734=ORIENTED_EDGE('',*,*,#7723,.F.);
#7736=ORIENTED_EDGE('',*,*,#7735,.T.);
#7738=ORIENTED_EDGE('',*,*,#7737,.T.);
#7739=ORIENTED_EDGE('',*,*,#7717,.T.);
#7740=EDGE_LOOP('',(#7733,#7734,#7736,#7738,#7739));
#7741=FACE_OUTER_BOUND('',#7740,.F.);
#7742=ADVANCED_FACE('',(#7741),#7732,.T.);
#7743=CARTESIAN_POINT('',(0.E0,0.E0,-3.997818364555E0));
#7744=DIRECTION('',(0.E0,0.E0,-1.E0));
#7745=DIRECTION('',(-1.E0,0.E0,0.E0));
#7746=AXIS2_PLACEMENT_3D('',#7743,#7744,#7745);
#7747=CONICAL_SURFACE('',#7746,7.722054984225E0,5.E-1);
#7749=ORIENTED_EDGE('',*,*,#7748,.T.);
#7751=ORIENTED_EDGE('',*,*,#7750,.T.);
#7753=ORIENTED_EDGE('',*,*,#7752,.F.);
#7755=ORIENTED_EDGE('',*,*,#7754,.F.);
#7757=ORIENTED_EDGE('',*,*,#7756,.F.);
#7759=ORIENTED_EDGE('',*,*,#7758,.T.);
#7761=ORIENTED_EDGE('',*,*,#7760,.F.);
#7763=ORIENTED_EDGE('',*,*,#7762,.T.);
#7764=ORIENTED_EDGE('',*,*,#7737,.F.);
#7765=ORIENTED_EDGE('',*,*,#7735,.F.);
#7767=ORIENTED_EDGE('',*,*,#7766,.F.);
#7769=ORIENTED_EDGE('',*,*,#7768,.T.);
#7771=ORIENTED_EDGE('',*,*,#7770,.F.);
#7772=EDGE_LOOP('',(#7749,#7751,#7753,#7755,#7757,#7759,#7761,#7763,#7764,#7765,
#7767,#7769,#7771));
#7773=FACE_OUTER_BOUND('',#7772,.F.);
#7774=ADVANCED_FACE('',(#7773),#7747,.T.);
#7775=CARTESIAN_POINT('',(0.E0,0.E0,-3.997818364555E0));
#7776=DIRECTION('',(0.E0,0.E0,-1.E0));
#7777=DIRECTION('',(-1.E0,0.E0,0.E0));
#7778=AXIS2_PLACEMENT_3D('',#7775,#7776,#7777);
#7779=CONICAL_SURFACE('',#7778,7.722054984225E0,5.E-1);
#7780=ORIENTED_EDGE('',*,*,#7756,.T.);
#7781=ORIENTED_EDGE('',*,*,#7754,.T.);
#7783=ORIENTED_EDGE('',*,*,#7782,.F.);
#7784=ORIENTED_EDGE('',*,*,#7750,.F.);
#7785=ORIENTED_EDGE('',*,*,#7748,.F.);
#7786=ORIENTED_EDGE('',*,*,#7770,.T.);
#7787=ORIENTED_EDGE('',*,*,#7768,.F.);
#7788=ORIENTED_EDGE('',*,*,#7766,.T.);
#7789=ORIENTED_EDGE('',*,*,#7721,.F.);
#7790=ORIENTED_EDGE('',*,*,#7719,.F.);
#7791=ORIENTED_EDGE('',*,*,#7762,.F.);
#7792=ORIENTED_EDGE('',*,*,#7760,.T.);
#7793=ORIENTED_EDGE('',*,*,#7758,.F.);
#7794=EDGE_LOOP('',(#7780,#7781,#7783,#7784,#7785,#7786,#7787,#7788,#7789,#7790,
#7791,#7792,#7793));
#7795=FACE_OUTER_BOUND('',#7794,.F.);
#7796=ADVANCED_FACE('',(#7795),#7779,.T.);
#7797=CARTESIAN_POINT('',(0.E0,0.E0,-7.5E0));
#7798=DIRECTION('',(0.E0,0.E0,-1.E0));
#7799=DIRECTION('',(1.E0,0.E0,0.E0));
#7800=AXIS2_PLACEMENT_3D('',#7797,#7798,#7799);
#7801=PLANE('',#7800);
#7802=ORIENTED_EDGE('',*,*,#7752,.T.);
#7803=ORIENTED_EDGE('',*,*,#7782,.T.);
#7804=EDGE_LOOP('',(#7802,#7803));
#7805=FACE_OUTER_BOUND('',#7804,.F.);
#7807=ORIENTED_EDGE('',*,*,#7806,.T.);
#7809=ORIENTED_EDGE('',*,*,#7808,.F.);
#7811=ORIENTED_EDGE('',*,*,#7810,.T.);
#7813=ORIENTED_EDGE('',*,*,#7812,.F.);
#7814=EDGE_LOOP('',(#7807,#7809,#7811,#7813));
#7815=FACE_BOUND('',#7814,.F.);
#7816=ADVANCED_FACE('',(#7805,#7815),#7801,.T.);
#7817=CARTESIAN_POINT('',(0.E0,0.E0,-7.5E0));
#7818=DIRECTION('',(0.E0,0.E0,-1.E0));
#7819=DIRECTION('',(-4.672144091200E-3,9.999890854752E-1,0.E0));
#7820=AXIS2_PLACEMENT_3D('',#7817,#7818,#7819);
#7821=TOROIDAL_SURFACE('',#7820,7.45E0,2.E-1);
#7823=ORIENTED_EDGE('',*,*,#7822,.F.);
#7825=ORIENTED_EDGE('',*,*,#7824,.F.);
#7826=ORIENTED_EDGE('',*,*,#7808,.T.);
#7827=ORIENTED_EDGE('',*,*,#7806,.F.);
#7829=ORIENTED_EDGE('',*,*,#7828,.T.);
#7830=EDGE_LOOP('',(#7823,#7825,#7826,#7827,#7829));
#7831=FACE_OUTER_BOUND('',#7830,.F.);
#7832=ADVANCED_FACE('',(#7831),#7821,.T.);
#7833=CARTESIAN_POINT('',(0.E0,0.E0,-7.7E0));
#7834=DIRECTION('',(0.E0,0.E0,-1.E0));
#7835=DIRECTION('',(0.E0,-1.E0,0.E0));
#7836=AXIS2_PLACEMENT_3D('',#7833,#7834,#7835);
#7837=PLANE('',#7836);
#7838=ORIENTED_EDGE('',*,*,#7822,.T.);
#7840=ORIENTED_EDGE('',*,*,#7839,.T.);
#7841=EDGE_LOOP('',(#7838,#7840));
#7842=FACE_OUTER_BOUND('',#7841,.F.);
#7844=ORIENTED_EDGE('',*,*,#7843,.T.);
#7846=ORIENTED_EDGE('',*,*,#7845,.T.);
#7847=EDGE_LOOP('',(#7844,#7846));
#7848=FACE_BOUND('',#7847,.F.);
#7849=ADVANCED_FACE('',(#7842,#7848),#7837,.T.);
#7850=CARTESIAN_POINT('',(0.E0,0.E0,-7.5E0));
#7851=DIRECTION('',(0.E0,0.E0,-1.E0));
#7852=DIRECTION('',(4.672144091199E-3,-9.999890854752E-1,0.E0));
#7853=AXIS2_PLACEMENT_3D('',#7850,#7851,#7852);
#7854=TOROIDAL_SURFACE('',#7853,7.45E0,2.E-1);
#7855=ORIENTED_EDGE('',*,*,#7839,.F.);
#7856=ORIENTED_EDGE('',*,*,#7828,.F.);
#7857=ORIENTED_EDGE('',*,*,#7812,.T.);
#7858=ORIENTED_EDGE('',*,*,#7810,.F.);
#7859=ORIENTED_EDGE('',*,*,#7824,.T.);
#7860=EDGE_LOOP('',(#7855,#7856,#7857,#7858,#7859));
#7861=FACE_OUTER_BOUND('',#7860,.F.);
#7862=ADVANCED_FACE('',(#7861),#7854,.T.);
#7863=CARTESIAN_POINT('',(0.E0,0.E0,-1.2E0));
#7864=DIRECTION('',(0.E0,0.E0,-1.E0));
#7865=DIRECTION('',(0.E0,-1.E0,0.E0));
#7866=AXIS2_PLACEMENT_3D('',#7863,#7864,#7865);
#7867=CYLINDRICAL_SURFACE('',#7866,6.8E0);
#7869=ORIENTED_EDGE('',*,*,#7868,.T.);
#7871=ORIENTED_EDGE('',*,*,#7870,.F.);
#7872=ORIENTED_EDGE('',*,*,#7843,.F.);
#7874=ORIENTED_EDGE('',*,*,#7873,.T.);
#7876=ORIENTED_EDGE('',*,*,#7875,.T.);
#7877=ORIENTED_EDGE('',*,*,#7670,.F.);
#7879=ORIENTED_EDGE('',*,*,#7878,.T.);
#7881=ORIENTED_EDGE('',*,*,#7880,.F.);
#7883=ORIENTED_EDGE('',*,*,#7882,.T.);
#7884=ORIENTED_EDGE('',*,*,#7680,.F.);
#7885=EDGE_LOOP('',(#7869,#7871,#7872,#7874,#7876,#7877,#7879,#7881,#7883,
#7884));
#7886=FACE_OUTER_BOUND('',#7885,.F.);
#7888=ORIENTED_EDGE('',*,*,#7887,.F.);
#7890=ORIENTED_EDGE('',*,*,#7889,.T.);
#7892=ORIENTED_EDGE('',*,*,#7891,.F.);
#7894=ORIENTED_EDGE('',*,*,#7893,.T.);
#7895=EDGE_LOOP('',(#7888,#7890,#7892,#7894));
#7896=FACE_BOUND('',#7895,.F.);
#7898=ORIENTED_EDGE('',*,*,#7897,.F.);
#7900=ORIENTED_EDGE('',*,*,#7899,.T.);
#7902=ORIENTED_EDGE('',*,*,#7901,.F.);
#7904=ORIENTED_EDGE('',*,*,#7903,.T.);
#7905=EDGE_LOOP('',(#7898,#7900,#7902,#7904));
#7906=FACE_BOUND('',#7905,.F.);
#7907=ADVANCED_FACE('',(#7886,#7896,#7906),#7867,.F.);
#7908=CARTESIAN_POINT('',(1.465494392505E-14,-5.6E0,0.E0));
#7909=DIRECTION('',(-1.E0,0.E0,0.E0));
#7910=DIRECTION('',(0.E0,-1.E0,0.E0));
#7911=AXIS2_PLACEMENT_3D('',#7908,#7909,#7910);
#7912=PLANE('',#7911);
#7914=ORIENTED_EDGE('',*,*,#7913,.T.);
#7916=ORIENTED_EDGE('',*,*,#7915,.T.);
#7918=ORIENTED_EDGE('',*,*,#7917,.T.);
#7920=ORIENTED_EDGE('',*,*,#7919,.T.);
#7921=ORIENTED_EDGE('',*,*,#7868,.F.);
#7922=ORIENTED_EDGE('',*,*,#7678,.T.);
#7923=EDGE_LOOP('',(#7914,#7916,#7918,#7920,#7921,#7922));
#7924=FACE_OUTER_BOUND('',#7923,.F.);
#7925=ADVANCED_FACE('',(#7924),#7912,.F.);
#7926=CARTESIAN_POINT('',(0.E0,0.E0,-2.25E0));
#7927=DIRECTION('',(0.E0,0.E0,1.E0));
#7928=DIRECTION('',(1.E0,0.E0,0.E0));
#7929=AXIS2_PLACEMENT_3D('',#7926,#7927,#7928);
#7930=CONICAL_SURFACE('',#7929,5.580364547471E0,5.E-1);
#7932=ORIENTED_EDGE('',*,*,#7931,.F.);
#7934=ORIENTED_EDGE('',*,*,#7933,.F.);
#7936=ORIENTED_EDGE('',*,*,#7935,.F.);
#7938=ORIENTED_EDGE('',*,*,#7937,.T.);
#7940=ORIENTED_EDGE('',*,*,#7939,.F.);
#7942=ORIENTED_EDGE('',*,*,#7941,.F.);
#7944=ORIENTED_EDGE('',*,*,#7943,.F.);
#7946=ORIENTED_EDGE('',*,*,#7945,.T.);
#7948=ORIENTED_EDGE('',*,*,#7947,.T.);
#7950=ORIENTED_EDGE('',*,*,#7949,.F.);
#7952=ORIENTED_EDGE('',*,*,#7951,.F.);
#7954=ORIENTED_EDGE('',*,*,#7953,.F.);
#7955=ORIENTED_EDGE('',*,*,#7913,.F.);
#7956=ORIENTED_EDGE('',*,*,#7684,.F.);
#7958=ORIENTED_EDGE('',*,*,#7957,.F.);
#7959=EDGE_LOOP('',(#7932,#7934,#7936,#7938,#7940,#7942,#7944,#7946,#7948,#7950,
#7952,#7954,#7955,#7956,#7958));
#7960=FACE_OUTER_BOUND('',#7959,.F.);
#7961=ADVANCED_FACE('',(#7960),#7930,.T.);
#7962=CARTESIAN_POINT('',(0.E0,0.E0,-1.8E0));
#7963=DIRECTION('',(0.E0,0.E0,1.E0));
#7964=DIRECTION('',(9.998896341248E-1,1.485663386432E-2,0.E0));
#7965=AXIS2_PLACEMENT_3D('',#7962,#7963,#7964);
#7966=TOROIDAL_SURFACE('',#7965,6.184314485008E0,6.E-1);
#7968=ORIENTED_EDGE('',*,*,#7967,.F.);
#7970=ORIENTED_EDGE('',*,*,#7969,.F.);
#7972=ORIENTED_EDGE('',*,*,#7971,.T.);
#7974=ORIENTED_EDGE('',*,*,#7973,.T.);
#7975=ORIENTED_EDGE('',*,*,#7931,.T.);
#7977=ORIENTED_EDGE('',*,*,#7976,.F.);
#7978=EDGE_LOOP('',(#7968,#7970,#7972,#7974,#7975,#7977));
#7979=FACE_OUTER_BOUND('',#7978,.F.);
#7980=ADVANCED_FACE('',(#7979),#7966,.F.);
#7981=CARTESIAN_POINT('',(0.E0,0.E0,-1.2E0));
#7982=DIRECTION('',(0.E0,0.E0,1.E0));
#7983=DIRECTION('',(-1.E0,0.E0,0.E0));
#7984=AXIS2_PLACEMENT_3D('',#7981,#7982,#7983);
#7985=PLANE('',#7984);
#7986=ORIENTED_EDGE('',*,*,#7967,.T.);
#7988=ORIENTED_EDGE('',*,*,#7987,.T.);
#7990=ORIENTED_EDGE('',*,*,#7989,.T.);
#7992=ORIENTED_EDGE('',*,*,#7991,.T.);
#7993=EDGE_LOOP('',(#7986,#7988,#7990,#7992));
#7994=FACE_OUTER_BOUND('',#7993,.F.);
#7995=ADVANCED_FACE('',(#7994),#7985,.F.);
#7996=CARTESIAN_POINT('',(5.888972745734E0,-3.4E0,0.E0));
#7997=DIRECTION('',(5.E-1,8.660254037844E-1,0.E0));
#7998=DIRECTION('',(-8.660254037844E-1,5.E-1,0.E0));
#7999=AXIS2_PLACEMENT_3D('',#7996,#7997,#7998);
#8000=PLANE('',#7999);
#8001=ORIENTED_EDGE('',*,*,#7987,.F.);
#8002=ORIENTED_EDGE('',*,*,#7976,.T.);
#8003=ORIENTED_EDGE('',*,*,#7957,.T.);
#8004=ORIENTED_EDGE('',*,*,#7682,.F.);
#8005=ORIENTED_EDGE('',*,*,#7882,.F.);
#8007=ORIENTED_EDGE('',*,*,#8006,.T.);
#8008=EDGE_LOOP('',(#8001,#8002,#8003,#8004,#8005,#8007));
#8009=FACE_OUTER_BOUND('',#8008,.F.);
#8010=ADVANCED_FACE('',(#8009),#8000,.F.);
#8011=CARTESIAN_POINT('',(0.E0,0.E0,-1.8E0));
#8012=DIRECTION('',(0.E0,0.E0,-1.E0));
#8013=DIRECTION('',(-7.465164104258E-3,-9.999721352742E-1,0.E0));
#8014=AXIS2_PLACEMENT_3D('',#8011,#8012,#8013);
#8015=TOROIDAL_SURFACE('',#8014,6.2E0,6.E-1);
#8016=ORIENTED_EDGE('',*,*,#7880,.T.);
#8018=ORIENTED_EDGE('',*,*,#8017,.F.);
#8019=ORIENTED_EDGE('',*,*,#7989,.F.);
#8020=ORIENTED_EDGE('',*,*,#8006,.F.);
#8021=EDGE_LOOP('',(#8016,#8018,#8019,#8020));
#8022=FACE_OUTER_BOUND('',#8021,.F.);
#8023=ADVANCED_FACE('',(#8022),#8015,.F.);
#8024=CARTESIAN_POINT('',(4.849742261193E0,2.8E0,0.E0));
#8025=DIRECTION('',(5.E-1,-8.660254037844E-1,0.E0));
#8026=DIRECTION('',(8.660254037844E-1,5.E-1,0.E0));
#8027=AXIS2_PLACEMENT_3D('',#8024,#8025,#8026);
#8028=PLANE('',#8027);
#8030=ORIENTED_EDGE('',*,*,#8029,.T.);
#8031=ORIENTED_EDGE('',*,*,#7969,.T.);
#8032=ORIENTED_EDGE('',*,*,#7991,.F.);
#8033=ORIENTED_EDGE('',*,*,#8017,.T.);
#8034=ORIENTED_EDGE('',*,*,#7878,.F.);
#8035=ORIENTED_EDGE('',*,*,#7668,.F.);
#8036=EDGE_LOOP('',(#8030,#8031,#8032,#8033,#8034,#8035));
#8037=FACE_OUTER_BOUND('',#8036,.F.);
#8038=ADVANCED_FACE('',(#8037),#8028,.F.);
#8039=CARTESIAN_POINT('',(0.E0,0.E0,-2.25E0));
#8040=DIRECTION('',(0.E0,0.E0,1.E0));
#8041=DIRECTION('',(1.E0,0.E0,0.E0));
#8042=AXIS2_PLACEMENT_3D('',#8039,#8040,#8041);
#8043=CONICAL_SURFACE('',#8042,5.580364547471E0,5.E-1);
#8044=ORIENTED_EDGE('',*,*,#7973,.F.);
#8045=ORIENTED_EDGE('',*,*,#7971,.F.);
#8046=ORIENTED_EDGE('',*,*,#8029,.F.);
#8047=ORIENTED_EDGE('',*,*,#7674,.F.);
#8049=ORIENTED_EDGE('',*,*,#8048,.F.);
#8051=ORIENTED_EDGE('',*,*,#8050,.F.);
#8053=ORIENTED_EDGE('',*,*,#8052,.F.);
#8054=ORIENTED_EDGE('',*,*,#7664,.F.);
#8055=ORIENTED_EDGE('',*,*,#7662,.F.);
#8057=ORIENTED_EDGE('',*,*,#8056,.F.);
#8058=ORIENTED_EDGE('',*,*,#7949,.T.);
#8059=ORIENTED_EDGE('',*,*,#7947,.F.);
#8060=ORIENTED_EDGE('',*,*,#7945,.F.);
#8061=ORIENTED_EDGE('',*,*,#7943,.T.);
#8063=ORIENTED_EDGE('',*,*,#8062,.F.);
#8065=ORIENTED_EDGE('',*,*,#8064,.F.);
#8066=ORIENTED_EDGE('',*,*,#7937,.F.);
#8067=ORIENTED_EDGE('',*,*,#7935,.T.);
#8068=ORIENTED_EDGE('',*,*,#7933,.T.);
#8069=EDGE_LOOP('',(#8044,#8045,#8046,#8047,#8049,#8051,#8053,#8054,#8055,#8057,
#8058,#8059,#8060,#8061,#8063,#8065,#8066,#8067,#8068));
#8070=FACE_OUTER_BOUND('',#8069,.F.);
#8071=ADVANCED_FACE('',(#8070),#8043,.T.);
#8072=CARTESIAN_POINT('',(1.421085471520E-14,6.8E0,0.E0));
#8073=DIRECTION('',(-1.E0,0.E0,0.E0));
#8074=DIRECTION('',(0.E0,-1.E0,0.E0));
#8075=AXIS2_PLACEMENT_3D('',#8072,#8073,#8074);
#8076=PLANE('',#8075);
#8078=ORIENTED_EDGE('',*,*,#8077,.F.);
#8080=ORIENTED_EDGE('',*,*,#8079,.T.);
#8081=ORIENTED_EDGE('',*,*,#8048,.T.);
#8082=ORIENTED_EDGE('',*,*,#7672,.T.);
#8083=ORIENTED_EDGE('',*,*,#7875,.F.);
#8085=ORIENTED_EDGE('',*,*,#8084,.T.);
#8086=EDGE_LOOP('',(#8078,#8080,#8081,#8082,#8083,#8085));
#8087=FACE_OUTER_BOUND('',#8086,.F.);
#8088=ADVANCED_FACE('',(#8087),#8076,.F.);
#8089=CARTESIAN_POINT('',(0.E0,0.E0,-1.2E0));
#8090=DIRECTION('',(0.E0,0.E0,1.E0));
#8091=DIRECTION('',(-1.E0,0.E0,0.E0));
#8092=AXIS2_PLACEMENT_3D('',#8089,#8090,#8091);
#8093=PLANE('',#8092);
#8095=ORIENTED_EDGE('',*,*,#8094,.T.);
#8096=ORIENTED_EDGE('',*,*,#8077,.T.);
#8098=ORIENTED_EDGE('',*,*,#8097,.T.);
#8100=ORIENTED_EDGE('',*,*,#8099,.T.);
#8101=EDGE_LOOP('',(#8095,#8096,#8098,#8100));
#8102=FACE_OUTER_BOUND('',#8101,.F.);
#8103=ADVANCED_FACE('',(#8102),#8093,.F.);
#8104=CARTESIAN_POINT('',(0.E0,0.E0,-1.8E0));
#8105=DIRECTION('',(0.E0,0.E0,1.E0));
#8106=DIRECTION('',(-8.581742908304E-1,-5.133584386739E-1,0.E0));
#8107=AXIS2_PLACEMENT_3D('',#8104,#8105,#8106);
#8108=TOROIDAL_SURFACE('',#8107,6.184314485008E0,6.E-1);
#8109=ORIENTED_EDGE('',*,*,#8094,.F.);
#8111=ORIENTED_EDGE('',*,*,#8110,.F.);
#8112=ORIENTED_EDGE('',*,*,#8050,.T.);
#8113=ORIENTED_EDGE('',*,*,#8079,.F.);
#8114=EDGE_LOOP('',(#8109,#8111,#8112,#8113));
#8115=FACE_OUTER_BOUND('',#8114,.F.);
#8116=ADVANCED_FACE('',(#8115),#8108,.F.);
#8117=CARTESIAN_POINT('',(-4.849742261193E0,2.8E0,0.E0));
#8118=DIRECTION('',(5.E-1,8.660254037844E-1,0.E0));
#8119=DIRECTION('',(-8.660254037844E-1,5.E-1,0.E0));
#8120=AXIS2_PLACEMENT_3D('',#8117,#8118,#8119);
#8121=PLANE('',#8120);
#8122=ORIENTED_EDGE('',*,*,#8052,.T.);
#8123=ORIENTED_EDGE('',*,*,#8110,.T.);
#8124=ORIENTED_EDGE('',*,*,#8099,.F.);
#8126=ORIENTED_EDGE('',*,*,#8125,.T.);
#8128=ORIENTED_EDGE('',*,*,#8127,.F.);
#8129=ORIENTED_EDGE('',*,*,#7656,.F.);
#8130=EDGE_LOOP('',(#8122,#8123,#8124,#8126,#8128,#8129));
#8131=FACE_OUTER_BOUND('',#8130,.F.);
#8132=ADVANCED_FACE('',(#8131),#8121,.F.);
#8133=CARTESIAN_POINT('',(0.E0,0.E0,-1.8E0));
#8134=DIRECTION('',(0.E0,0.E0,-1.E0));
#8135=DIRECTION('',(1.130694578236E-2,9.999360744453E-1,0.E0));
#8136=AXIS2_PLACEMENT_3D('',#8133,#8134,#8135);
#8137=TOROIDAL_SURFACE('',#8136,6.2E0,6.E-1);
#8138=ORIENTED_EDGE('',*,*,#8097,.F.);
#8139=ORIENTED_EDGE('',*,*,#8084,.F.);
#8141=ORIENTED_EDGE('',*,*,#8140,.T.);
#8142=ORIENTED_EDGE('',*,*,#8125,.F.);
#8143=EDGE_LOOP('',(#8138,#8139,#8141,#8142));
#8144=FACE_OUTER_BOUND('',#8143,.F.);
#8145=ADVANCED_FACE('',(#8144),#8137,.F.);
#8146=CARTESIAN_POINT('',(0.E0,0.E0,-1.2E0));
#8147=DIRECTION('',(0.E0,0.E0,-1.E0));
#8148=DIRECTION('',(0.E0,-1.E0,0.E0));
#8149=AXIS2_PLACEMENT_3D('',#8146,#8147,#8148);
#8150=CYLINDRICAL_SURFACE('',#8149,6.8E0);
#8152=ORIENTED_EDGE('',*,*,#8151,.F.);
#8154=ORIENTED_EDGE('',*,*,#8153,.F.);
#8156=ORIENTED_EDGE('',*,*,#8155,.T.);
#8157=ORIENTED_EDGE('',*,*,#7658,.F.);
#8158=ORIENTED_EDGE('',*,*,#8127,.T.);
#8159=ORIENTED_EDGE('',*,*,#8140,.F.);
#8160=ORIENTED_EDGE('',*,*,#7873,.F.);
#8161=ORIENTED_EDGE('',*,*,#7845,.F.);
#8162=ORIENTED_EDGE('',*,*,#7870,.T.);
#8163=EDGE_LOOP('',(#8152,#8154,#8156,#8157,#8158,#8159,#8160,#8161,#8162));
#8164=FACE_OUTER_BOUND('',#8163,.F.);
#8166=ORIENTED_EDGE('',*,*,#8165,.F.);
#8168=ORIENTED_EDGE('',*,*,#8167,.T.);
#8170=ORIENTED_EDGE('',*,*,#8169,.F.);
#8172=ORIENTED_EDGE('',*,*,#8171,.T.);
#8173=EDGE_LOOP('',(#8166,#8168,#8170,#8172));
#8174=FACE_BOUND('',#8173,.F.);
#8175=ADVANCED_FACE('',(#8164,#8174),#8150,.F.);
#8176=CARTESIAN_POINT('',(0.E0,0.E0,-1.8E0));
#8177=DIRECTION('',(0.E0,0.E0,-1.E0));
#8178=DIRECTION('',(1.130694578236E-2,9.999360744453E-1,0.E0));
#8179=AXIS2_PLACEMENT_3D('',#8176,#8177,#8178);
#8180=TOROIDAL_SURFACE('',#8179,6.2E0,6.E-1);
#8182=ORIENTED_EDGE('',*,*,#8181,.T.);
#8184=ORIENTED_EDGE('',*,*,#8183,.F.);
#8186=ORIENTED_EDGE('',*,*,#8185,.F.);
#8187=ORIENTED_EDGE('',*,*,#8153,.T.);
#8188=ORIENTED_EDGE('',*,*,#8151,.T.);
#8189=ORIENTED_EDGE('',*,*,#7919,.F.);
#8190=EDGE_LOOP('',(#8182,#8184,#8186,#8187,#8188,#8189));
#8191=FACE_OUTER_BOUND('',#8190,.F.);
#8192=ADVANCED_FACE('',(#8191),#8180,.F.);
#8193=CARTESIAN_POINT('',(0.E0,0.E0,-1.2E0));
#8194=DIRECTION('',(0.E0,0.E0,1.E0));
#8195=DIRECTION('',(-1.E0,0.E0,0.E0));
#8196=AXIS2_PLACEMENT_3D('',#8193,#8194,#8195);
#8197=PLANE('',#8196);
#8199=ORIENTED_EDGE('',*,*,#8198,.T.);
#8201=ORIENTED_EDGE('',*,*,#8200,.T.);
#8202=ORIENTED_EDGE('',*,*,#8183,.T.);
#8203=ORIENTED_EDGE('',*,*,#8181,.F.);
#8204=ORIENTED_EDGE('',*,*,#7917,.F.);
#8205=EDGE_LOOP('',(#8199,#8201,#8202,#8203,#8204));
#8206=FACE_OUTER_BOUND('',#8205,.F.);
#8207=ADVANCED_FACE('',(#8206),#8197,.F.);
#8208=CARTESIAN_POINT('',(0.E0,0.E0,-1.8E0));
#8209=DIRECTION('',(0.E0,0.E0,1.E0));
#8210=DIRECTION('',(9.998896341248E-1,1.485663386432E-2,0.E0));
#8211=AXIS2_PLACEMENT_3D('',#8208,#8209,#8210);
#8212=TOROIDAL_SURFACE('',#8211,6.184314485008E0,6.E-1);
#8213=ORIENTED_EDGE('',*,*,#8198,.F.);
#8214=ORIENTED_EDGE('',*,*,#7915,.F.);
#8215=ORIENTED_EDGE('',*,*,#7953,.T.);
#8217=ORIENTED_EDGE('',*,*,#8216,.F.);
#8218=EDGE_LOOP('',(#8213,#8214,#8215,#8217));
#8219=FACE_OUTER_BOUND('',#8218,.F.);
#8220=ADVANCED_FACE('',(#8219),#8212,.F.);
#8221=CARTESIAN_POINT('',(-5.888972745734E0,-3.4E0,0.E0));
#8222=DIRECTION('',(5.E-1,-8.660254037844E-1,0.E0));
#8223=DIRECTION('',(8.660254037844E-1,5.E-1,0.E0));
#8224=AXIS2_PLACEMENT_3D('',#8221,#8222,#8223);
#8225=PLANE('',#8224);
#8226=ORIENTED_EDGE('',*,*,#8200,.F.);
#8227=ORIENTED_EDGE('',*,*,#8216,.T.);
#8228=ORIENTED_EDGE('',*,*,#7951,.T.);
#8229=ORIENTED_EDGE('',*,*,#8056,.T.);
#8230=ORIENTED_EDGE('',*,*,#7660,.F.);
#8231=ORIENTED_EDGE('',*,*,#8155,.F.);
#8232=ORIENTED_EDGE('',*,*,#8185,.T.);
#8233=EDGE_LOOP('',(#8226,#8227,#8228,#8229,#8230,#8231,#8232));
#8234=FACE_OUTER_BOUND('',#8233,.F.);
#8235=ADVANCED_FACE('',(#8234),#8225,.F.);
#8236=CARTESIAN_POINT('',(0.E0,0.E0,-5.6E0));
#8237=DIRECTION('',(0.E0,0.E0,1.E0));
#8238=DIRECTION('',(0.E0,1.E0,0.E0));
#8239=AXIS2_PLACEMENT_3D('',#8236,#8237,#8238);
#8240=PLANE('',#8239);
#8241=ORIENTED_EDGE('',*,*,#8165,.T.);
#8243=ORIENTED_EDGE('',*,*,#8242,.T.);
#8245=ORIENTED_EDGE('',*,*,#8244,.T.);
#8247=ORIENTED_EDGE('',*,*,#8246,.T.);
#8248=EDGE_LOOP('',(#8241,#8243,#8245,#8247));
#8249=FACE_OUTER_BOUND('',#8248,.F.);
#8250=ADVANCED_FACE('',(#8249),#8240,.T.);
#8251=CARTESIAN_POINT('',(-6.004043631441E0,3.192406626944E0,-7.5E0));
#8252=DIRECTION('',(4.694715627859E-1,8.829475928589E-1,0.E0));
#8253=DIRECTION('',(8.829475928589E-1,-4.694715627859E-1,0.E0));
#8254=AXIS2_PLACEMENT_3D('',#8251,#8252,#8253);
#8255=PLANE('',#8254);
#8256=ORIENTED_EDGE('',*,*,#8171,.F.);
#8258=ORIENTED_EDGE('',*,*,#8257,.T.);
#8260=ORIENTED_EDGE('',*,*,#8259,.F.);
#8261=ORIENTED_EDGE('',*,*,#8242,.F.);
#8262=EDGE_LOOP('',(#8256,#8258,#8260,#8261));
#8263=FACE_OUTER_BOUND('',#8262,.F.);
#8264=ADVANCED_FACE('',(#8263),#8255,.T.);
#8265=CARTESIAN_POINT('',(0.E0,0.E0,-7.1E0));
#8266=DIRECTION('',(0.E0,0.E0,-1.E0));
#8267=DIRECTION('',(0.E0,-1.E0,0.E0));
#8268=AXIS2_PLACEMENT_3D('',#8265,#8266,#8267);
#8269=CONICAL_SURFACE('',#8268,6.625E0,3.025643716353E1);
#8270=ORIENTED_EDGE('',*,*,#8169,.T.);
#8272=ORIENTED_EDGE('',*,*,#8271,.F.);
#8274=ORIENTED_EDGE('',*,*,#8273,.T.);
#8275=ORIENTED_EDGE('',*,*,#8257,.F.);
#8276=EDGE_LOOP('',(#8270,#8272,#8274,#8275));
#8277=FACE_OUTER_BOUND('',#8276,.F.);
#8278=ADVANCED_FACE('',(#8277),#8269,.F.);
#8279=CARTESIAN_POINT('',(-5.650864594297E0,-3.004618001830E0,-7.5E0));
#8280=DIRECTION('',(4.694715627859E-1,-8.829475928589E-1,0.E0));
#8281=DIRECTION('',(-8.829475928589E-1,-4.694715627859E-1,0.E0));
#8282=AXIS2_PLACEMENT_3D('',#8279,#8280,#8281);
#8283=PLANE('',#8282);
#8284=ORIENTED_EDGE('',*,*,#8167,.F.);
#8285=ORIENTED_EDGE('',*,*,#8246,.F.);
#8287=ORIENTED_EDGE('',*,*,#8286,.F.);
#8288=ORIENTED_EDGE('',*,*,#8271,.T.);
#8289=EDGE_LOOP('',(#8284,#8285,#8287,#8288));
#8290=FACE_OUTER_BOUND('',#8289,.F.);
#8291=ADVANCED_FACE('',(#8290),#8283,.T.);
#8292=CARTESIAN_POINT('',(0.E0,0.E0,-7.49E0));
#8293=DIRECTION('',(0.E0,0.E0,1.E0));
#8294=DIRECTION('',(0.E0,1.E0,0.E0));
#8295=AXIS2_PLACEMENT_3D('',#8292,#8293,#8294);
#8296=CYLINDRICAL_SURFACE('',#8295,6.45E0);
#8297=ORIENTED_EDGE('',*,*,#8259,.T.);
#8298=ORIENTED_EDGE('',*,*,#8273,.F.);
#8299=ORIENTED_EDGE('',*,*,#8286,.T.);
#8300=ORIENTED_EDGE('',*,*,#8244,.F.);
#8301=EDGE_LOOP('',(#8297,#8298,#8299,#8300));
#8302=FACE_OUTER_BOUND('',#8301,.F.);
#8303=ADVANCED_FACE('',(#8302),#8296,.F.);
#8304=CARTESIAN_POINT('',(0.E0,0.E0,-4.5E0));
#8305=DIRECTION('',(0.E0,0.E0,-1.E0));
#8306=DIRECTION('',(0.E0,-1.E0,0.E0));
#8307=AXIS2_PLACEMENT_3D('',#8304,#8305,#8306);
#8308=PLANE('',#8307);
#8309=ORIENTED_EDGE('',*,*,#8064,.T.);
#8310=ORIENTED_EDGE('',*,*,#8062,.T.);
#8311=ORIENTED_EDGE('',*,*,#7941,.T.);
#8312=ORIENTED_EDGE('',*,*,#7939,.T.);
#8313=EDGE_LOOP('',(#8309,#8310,#8311,#8312));
#8314=FACE_OUTER_BOUND('',#8313,.F.);
#8316=ORIENTED_EDGE('',*,*,#8315,.T.);
#8318=ORIENTED_EDGE('',*,*,#8317,.T.);
#8319=EDGE_LOOP('',(#8316,#8318));
#8320=FACE_BOUND('',#8319,.F.);
#8321=ADVANCED_FACE('',(#8314,#8320),#8308,.T.);
#8322=CARTESIAN_POINT('',(0.E0,0.E0,-3.25E0));
#8323=DIRECTION('',(0.E0,0.E0,-1.E0));
#8324=DIRECTION('',(0.E0,-1.E0,0.E0));
#8325=AXIS2_PLACEMENT_3D('',#8322,#8323,#8324);
#8326=CONICAL_SURFACE('',#8325,4.5875E0,1.826288994219E1);
#8327=ORIENTED_EDGE('',*,*,#8315,.F.);
#8329=ORIENTED_EDGE('',*,*,#8328,.F.);
#8331=ORIENTED_EDGE('',*,*,#8330,.F.);
#8333=ORIENTED_EDGE('',*,*,#8332,.T.);
#8334=EDGE_LOOP('',(#8327,#8329,#8331,#8333));
#8335=FACE_OUTER_BOUND('',#8334,.F.);
#8336=ADVANCED_FACE('',(#8335),#8326,.F.);
#8337=CARTESIAN_POINT('',(0.E0,0.E0,-3.25E0));
#8338=DIRECTION('',(0.E0,0.E0,-1.E0));
#8339=DIRECTION('',(0.E0,-1.E0,0.E0));
#8340=AXIS2_PLACEMENT_3D('',#8337,#8338,#8339);
#8341=CONICAL_SURFACE('',#8340,4.5875E0,1.826288994219E1);
#8342=ORIENTED_EDGE('',*,*,#8317,.F.);
#8343=ORIENTED_EDGE('',*,*,#8332,.F.);
#8345=ORIENTED_EDGE('',*,*,#8344,.F.);
#8346=ORIENTED_EDGE('',*,*,#8328,.T.);
#8347=EDGE_LOOP('',(#8342,#8343,#8345,#8346));
#8348=FACE_OUTER_BOUND('',#8347,.F.);
#8349=ADVANCED_FACE('',(#8348),#8341,.F.);
#8350=CARTESIAN_POINT('',(0.E0,0.E0,-2.E0));
#8351=DIRECTION('',(0.E0,0.E0,-1.E0));
#8352=DIRECTION('',(0.E0,-1.E0,0.E0));
#8353=AXIS2_PLACEMENT_3D('',#8350,#8351,#8352);
#8354=PLANE('',#8353);
#8355=ORIENTED_EDGE('',*,*,#8344,.T.);
#8356=ORIENTED_EDGE('',*,*,#8330,.T.);
#8357=EDGE_LOOP('',(#8355,#8356));
#8358=FACE_OUTER_BOUND('',#8357,.F.);
#8360=ORIENTED_EDGE('',*,*,#8359,.T.);
#8362=ORIENTED_EDGE('',*,*,#8361,.T.);
#8363=EDGE_LOOP('',(#8360,#8362));
#8364=FACE_BOUND('',#8363,.F.);
#8365=ADVANCED_FACE('',(#8358,#8364),#8354,.T.);
#8366=CARTESIAN_POINT('',(0.E0,0.E0,2.250012234467E-1));
#8367=DIRECTION('',(0.E0,0.E0,-1.E0));
#8368=DIRECTION('',(5.E-1,8.660254037844E-1,0.E0));
#8369=AXIS2_PLACEMENT_3D('',#8366,#8367,#8368);
#8370=CYLINDRICAL_SURFACE('',#8369,3.925E0);
#8371=ORIENTED_EDGE('',*,*,#8359,.F.);
#8373=ORIENTED_EDGE('',*,*,#8372,.T.);
#8375=ORIENTED_EDGE('',*,*,#8374,.F.);
#8377=ORIENTED_EDGE('',*,*,#8376,.F.);
#8378=EDGE_LOOP('',(#8371,#8373,#8375,#8377));
#8379=FACE_OUTER_BOUND('',#8378,.F.);
#8380=ADVANCED_FACE('',(#8379),#8370,.F.);
#8381=CARTESIAN_POINT('',(0.E0,0.E0,2.250012234467E-1));
#8382=DIRECTION('',(0.E0,0.E0,-1.E0));
#8383=DIRECTION('',(5.E-1,8.660254037844E-1,0.E0));
#8384=AXIS2_PLACEMENT_3D('',#8381,#8382,#8383);
#8385=CYLINDRICAL_SURFACE('',#8384,3.925E0);
#8386=ORIENTED_EDGE('',*,*,#8361,.F.);
#8387=ORIENTED_EDGE('',*,*,#8376,.T.);
#8389=ORIENTED_EDGE('',*,*,#8388,.F.);
#8390=ORIENTED_EDGE('',*,*,#8372,.F.);
#8391=EDGE_LOOP('',(#8386,#8387,#8389,#8390));
#8392=FACE_OUTER_BOUND('',#8391,.F.);
#8393=ADVANCED_FACE('',(#8392),#8385,.F.);
#8394=CARTESIAN_POINT('',(0.E0,0.E0,-1.499920731227E-1));
#8395=DIRECTION('',(0.E0,0.E0,1.E0));
#8396=DIRECTION('',(-5.E-1,-8.660254037844E-1,0.E0));
#8397=AXIS2_PLACEMENT_3D('',#8394,#8395,#8396);
#8398=CONICAL_SURFACE('',#8397,4.362500321435E0,7.107629742546E1);
#8399=ORIENTED_EDGE('',*,*,#7706,.F.);
#8401=ORIENTED_EDGE('',*,*,#8400,.F.);
#8402=ORIENTED_EDGE('',*,*,#8388,.T.);
#8404=ORIENTED_EDGE('',*,*,#8403,.T.);
#8405=EDGE_LOOP('',(#8399,#8401,#8402,#8404));
#8406=FACE_OUTER_BOUND('',#8405,.F.);
#8407=ADVANCED_FACE('',(#8406),#8398,.F.);
#8408=CARTESIAN_POINT('',(0.E0,0.E0,-1.499920731227E-1));
#8409=DIRECTION('',(0.E0,0.E0,1.E0));
#8410=DIRECTION('',(-5.E-1,-8.660254037844E-1,0.E0));
#8411=AXIS2_PLACEMENT_3D('',#8408,#8409,#8410);
#8412=CONICAL_SURFACE('',#8411,4.362500321435E0,7.107629742546E1);
#8413=ORIENTED_EDGE('',*,*,#7704,.F.);
#8414=ORIENTED_EDGE('',*,*,#8403,.F.);
#8415=ORIENTED_EDGE('',*,*,#8374,.T.);
#8416=ORIENTED_EDGE('',*,*,#8400,.T.);
#8417=EDGE_LOOP('',(#8413,#8414,#8415,#8416));
#8418=FACE_OUTER_BOUND('',#8417,.F.);
#8419=ADVANCED_FACE('',(#8418),#8412,.F.);
#8420=CARTESIAN_POINT('',(0.E0,0.E0,-5.6E0));
#8421=DIRECTION('',(0.E0,0.E0,1.E0));
#8422=DIRECTION('',(8.660254037844E-1,-5.E-1,0.E0));
#8423=AXIS2_PLACEMENT_3D('',#8420,#8421,#8422);
#8424=PLANE('',#8423);
#8425=ORIENTED_EDGE('',*,*,#7887,.T.);
#8427=ORIENTED_EDGE('',*,*,#8426,.T.);
#8429=ORIENTED_EDGE('',*,*,#8428,.T.);
#8431=ORIENTED_EDGE('',*,*,#8430,.T.);
#8432=EDGE_LOOP('',(#8425,#8427,#8429,#8431));
#8433=FACE_OUTER_BOUND('',#8432,.F.);
#8434=ADVANCED_FACE('',(#8433),#8424,.T.);
#8435=CARTESIAN_POINT('',(5.766727053864E0,3.603450996786E0,-7.5E0));
#8436=DIRECTION('',(5.299192642332E-1,-8.480480961564E-1,0.E0));
#8437=DIRECTION('',(-8.480480961564E-1,-5.299192642332E-1,0.E0));
#8438=AXIS2_PLACEMENT_3D('',#8435,#8436,#8437);
#8439=PLANE('',#8438);
#8440=ORIENTED_EDGE('',*,*,#7893,.F.);
#8442=ORIENTED_EDGE('',*,*,#8441,.T.);
#8444=ORIENTED_EDGE('',*,*,#8443,.F.);
#8445=ORIENTED_EDGE('',*,*,#8426,.F.);
#8446=EDGE_LOOP('',(#8440,#8442,#8444,#8445));
#8447=FACE_OUTER_BOUND('',#8446,.F.);
#8448=ADVANCED_FACE('',(#8447),#8439,.T.);
#8449=CARTESIAN_POINT('',(0.E0,0.E0,-7.1E0));
#8450=DIRECTION('',(0.E0,0.E0,-1.E0));
#8451=DIRECTION('',(-8.660254037844E-1,5.E-1,0.E0));
#8452=AXIS2_PLACEMENT_3D('',#8449,#8450,#8451);
#8453=CONICAL_SURFACE('',#8452,6.625E0,3.025643716353E1);
#8454=ORIENTED_EDGE('',*,*,#7891,.T.);
#8456=ORIENTED_EDGE('',*,*,#8455,.F.);
#8458=ORIENTED_EDGE('',*,*,#8457,.T.);
#8459=ORIENTED_EDGE('',*,*,#8441,.F.);
#8460=EDGE_LOOP('',(#8454,#8456,#8458,#8459));
#8461=FACE_OUTER_BOUND('',#8460,.F.);
#8462=ADVANCED_FACE('',(#8461),#8453,.F.);
#8463=CARTESIAN_POINT('',(2.233567788960E-1,6.396101292922E0,-7.5E0));
#8464=DIRECTION('',(-9.993908270191E-1,3.489949670250E-2,0.E0));
#8465=DIRECTION('',(3.489949670250E-2,9.993908270191E-1,0.E0));
#8466=AXIS2_PLACEMENT_3D('',#8463,#8464,#8465);
#8467=PLANE('',#8466);
#8468=ORIENTED_EDGE('',*,*,#7889,.F.);
#8469=ORIENTED_EDGE('',*,*,#8430,.F.);
#8471=ORIENTED_EDGE('',*,*,#8470,.F.);
#8472=ORIENTED_EDGE('',*,*,#8455,.T.);
#8473=EDGE_LOOP('',(#8468,#8469,#8471,#8472));
#8474=FACE_OUTER_BOUND('',#8473,.F.);
#8475=ADVANCED_FACE('',(#8474),#8467,.T.);
#8476=CARTESIAN_POINT('',(0.E0,0.E0,-7.49E0));
#8477=DIRECTION('',(0.E0,0.E0,1.E0));
#8478=DIRECTION('',(8.660254037844E-1,-5.E-1,0.E0));
#8479=AXIS2_PLACEMENT_3D('',#8476,#8477,#8478);
#8480=CYLINDRICAL_SURFACE('',#8479,6.45E0);
#8481=ORIENTED_EDGE('',*,*,#8443,.T.);
#8482=ORIENTED_EDGE('',*,*,#8457,.F.);
#8483=ORIENTED_EDGE('',*,*,#8470,.T.);
#8484=ORIENTED_EDGE('',*,*,#8428,.F.);
#8485=EDGE_LOOP('',(#8481,#8482,#8483,#8484));
#8486=FACE_OUTER_BOUND('',#8485,.F.);
#8487=ADVANCED_FACE('',(#8486),#8480,.F.);
#8488=CARTESIAN_POINT('',(0.E0,0.E0,-5.6E0));
#8489=DIRECTION('',(0.E0,0.E0,1.E0));
#8490=DIRECTION('',(-8.660254037844E-1,-5.E-1,0.E0));
#8491=AXIS2_PLACEMENT_3D('',#8488,#8489,#8490);
#8492=PLANE('',#8491);
#8493=ORIENTED_EDGE('',*,*,#7897,.T.);
#8495=ORIENTED_EDGE('',*,*,#8494,.T.);
#8497=ORIENTED_EDGE('',*,*,#8496,.T.);
#8499=ORIENTED_EDGE('',*,*,#8498,.T.);
#8500=EDGE_LOOP('',(#8493,#8495,#8497,#8499));
#8501=FACE_OUTER_BOUND('',#8500,.F.);
#8502=ADVANCED_FACE('',(#8501),#8492,.T.);
#8503=CARTESIAN_POINT('',(2.373165775770E-1,-6.795857623730E0,-7.5E0));
#8504=DIRECTION('',(-9.993908270191E-1,-3.489949670250E-2,0.E0));
#8505=DIRECTION('',(-3.489949670250E-2,9.993908270191E-1,0.E0));
#8506=AXIS2_PLACEMENT_3D('',#8503,#8504,#8505);
#8507=PLANE('',#8506);
#8508=ORIENTED_EDGE('',*,*,#7903,.F.);
#8510=ORIENTED_EDGE('',*,*,#8509,.T.);
#8512=ORIENTED_EDGE('',*,*,#8511,.F.);
#8513=ORIENTED_EDGE('',*,*,#8494,.F.);
#8514=EDGE_LOOP('',(#8508,#8510,#8512,#8513));
#8515=FACE_OUTER_BOUND('',#8514,.F.);
#8516=ADVANCED_FACE('',(#8515),#8507,.T.);
#8517=CARTESIAN_POINT('',(0.E0,0.E0,-7.1E0));
#8518=DIRECTION('',(0.E0,0.E0,-1.E0));
#8519=DIRECTION('',(8.660254037844E-1,5.E-1,0.E0));
#8520=AXIS2_PLACEMENT_3D('',#8517,#8518,#8519);
#8521=CONICAL_SURFACE('',#8520,6.625E0,3.025643716353E1);
#8522=ORIENTED_EDGE('',*,*,#7901,.T.);
#8524=ORIENTED_EDGE('',*,*,#8523,.F.);
#8526=ORIENTED_EDGE('',*,*,#8525,.T.);
#8527=ORIENTED_EDGE('',*,*,#8509,.F.);
#8528=EDGE_LOOP('',(#8522,#8524,#8526,#8527));
#8529=FACE_OUTER_BOUND('',#8528,.F.);
#8530=ADVANCED_FACE('',(#8529),#8521,.F.);
#8531=CARTESIAN_POINT('',(5.427507815401E0,-3.391483291093E0,-7.5E0));
#8532=DIRECTION('',(5.299192642332E-1,8.480480961564E-1,0.E0));
#8533=DIRECTION('',(8.480480961564E-1,-5.299192642332E-1,0.E0));
#8534=AXIS2_PLACEMENT_3D('',#8531,#8532,#8533);
#8535=PLANE('',#8534);
#8536=ORIENTED_EDGE('',*,*,#7899,.F.);
#8537=ORIENTED_EDGE('',*,*,#8498,.F.);
#8539=ORIENTED_EDGE('',*,*,#8538,.F.);
#8540=ORIENTED_EDGE('',*,*,#8523,.T.);
#8541=EDGE_LOOP('',(#8536,#8537,#8539,#8540));
#8542=FACE_OUTER_BOUND('',#8541,.F.);
#8543=ADVANCED_FACE('',(#8542),#8535,.T.);
#8544=CARTESIAN_POINT('',(0.E0,0.E0,-7.49E0));
#8545=DIRECTION('',(0.E0,0.E0,1.E0));
#8546=DIRECTION('',(-8.660254037844E-1,-5.E-1,0.E0));
#8547=AXIS2_PLACEMENT_3D('',#8544,#8545,#8546);
#8548=CYLINDRICAL_SURFACE('',#8547,6.45E0);
#8549=ORIENTED_EDGE('',*,*,#8511,.T.);
#8550=ORIENTED_EDGE('',*,*,#8525,.F.);
#8551=ORIENTED_EDGE('',*,*,#8538,.T.);
#8552=ORIENTED_EDGE('',*,*,#8496,.F.);
#8553=EDGE_LOOP('',(#8549,#8550,#8551,#8552));
#8554=FACE_OUTER_BOUND('',#8553,.F.);
#8555=ADVANCED_FACE('',(#8554),#8548,.F.);
#8556=CARTESIAN_POINT('',(5.E0,-1.5E-1,0.E0));
#8557=DIRECTION('',(0.E0,-1.E0,0.E0));
#8558=DIRECTION('',(1.E0,0.E0,0.E0));
#8559=AXIS2_PLACEMENT_3D('',#8556,#8557,#8558);
#8560=PLANE('',#8559);
#8561=ORIENTED_EDGE('',*,*,#7688,.T.);
#8563=ORIENTED_EDGE('',*,*,#8562,.F.);
#8565=ORIENTED_EDGE('',*,*,#8564,.F.);
#8567=ORIENTED_EDGE('',*,*,#8566,.T.);
#8568=EDGE_LOOP('',(#8561,#8563,#8565,#8567));
#8569=FACE_OUTER_BOUND('',#8568,.F.);
#8570=ADVANCED_FACE('',(#8569),#8560,.F.);
#8571=CARTESIAN_POINT('',(5.E0,1.E-1,0.E0));
#8572=DIRECTION('',(-1.E0,0.E0,0.E0));
#8573=DIRECTION('',(0.E0,-1.E0,0.E0));
#8574=AXIS2_PLACEMENT_3D('',#8571,#8572,#8573);
#8575=PLANE('',#8574);
#8576=ORIENTED_EDGE('',*,*,#7700,.T.);
#8578=ORIENTED_EDGE('',*,*,#8577,.F.);
#8580=ORIENTED_EDGE('',*,*,#8579,.F.);
#8581=ORIENTED_EDGE('',*,*,#8562,.T.);
#8582=EDGE_LOOP('',(#8576,#8578,#8580,#8581));
#8583=FACE_OUTER_BOUND('',#8582,.F.);
#8584=ADVANCED_FACE('',(#8583),#8575,.F.);
#8585=CARTESIAN_POINT('',(6.659574508667E0,1.E-1,0.E0));
#8586=DIRECTION('',(0.E0,1.E0,0.E0));
#8587=DIRECTION('',(-1.E0,0.E0,0.E0));
#8588=AXIS2_PLACEMENT_3D('',#8585,#8586,#8587);
#8589=PLANE('',#8588);
#8590=ORIENTED_EDGE('',*,*,#7698,.T.);
#8592=ORIENTED_EDGE('',*,*,#8591,.F.);
#8594=ORIENTED_EDGE('',*,*,#8593,.F.);
#8595=ORIENTED_EDGE('',*,*,#8577,.T.);
#8596=EDGE_LOOP('',(#8590,#8592,#8594,#8595));
#8597=FACE_OUTER_BOUND('',#8596,.F.);
#8598=ADVANCED_FACE('',(#8597),#8589,.F.);
#8599=CARTESIAN_POINT('',(6.361702084541E0,3.5E-1,0.E0));
#8600=DIRECTION('',(-6.428711427642E-1,-7.659743427825E-1,0.E0));
#8601=DIRECTION('',(7.659743427825E-1,-6.428711427642E-1,0.E0));
#8602=AXIS2_PLACEMENT_3D('',#8599,#8600,#8601);
#8603=PLANE('',#8602);
#8604=ORIENTED_EDGE('',*,*,#7696,.F.);
#8606=ORIENTED_EDGE('',*,*,#8605,.F.);
#8608=ORIENTED_EDGE('',*,*,#8607,.F.);
#8609=ORIENTED_EDGE('',*,*,#8591,.T.);
#8610=EDGE_LOOP('',(#8604,#8606,#8608,#8609));
#8611=FACE_OUTER_BOUND('',#8610,.F.);
#8612=ADVANCED_FACE('',(#8611),#8603,.F.);
#8613=CARTESIAN_POINT('',(6.702127695084E0,3.5E-1,0.E0));
#8614=DIRECTION('',(0.E0,1.E0,0.E0));
#8615=DIRECTION('',(-1.E0,0.E0,0.E0));
#8616=AXIS2_PLACEMENT_3D('',#8613,#8614,#8615);
#8617=PLANE('',#8616);
#8618=ORIENTED_EDGE('',*,*,#7694,.T.);
#8620=ORIENTED_EDGE('',*,*,#8619,.F.);
#8622=ORIENTED_EDGE('',*,*,#8621,.F.);
#8623=ORIENTED_EDGE('',*,*,#8605,.T.);
#8624=EDGE_LOOP('',(#8618,#8620,#8622,#8623));
#8625=FACE_OUTER_BOUND('',#8624,.F.);
#8626=ADVANCED_FACE('',(#8625),#8617,.F.);
#8627=CARTESIAN_POINT('',(7.E0,1.E-1,0.E0));
#8628=DIRECTION('',(6.428712937139E-1,7.659742160926E-1,0.E0));
#8629=DIRECTION('',(-7.659742160926E-1,6.428712937139E-1,0.E0));
#8630=AXIS2_PLACEMENT_3D('',#8627,#8628,#8629);
#8631=PLANE('',#8630);
#8632=ORIENTED_EDGE('',*,*,#7692,.F.);
#8634=ORIENTED_EDGE('',*,*,#8633,.F.);
#8636=ORIENTED_EDGE('',*,*,#8635,.F.);
#8637=ORIENTED_EDGE('',*,*,#8619,.T.);
#8638=EDGE_LOOP('',(#8632,#8634,#8636,#8637));
#8639=FACE_OUTER_BOUND('',#8638,.F.);
#8640=ADVANCED_FACE('',(#8639),#8631,.F.);
#8641=CARTESIAN_POINT('',(7.E0,-1.5E-1,0.E0));
#8642=DIRECTION('',(1.E0,0.E0,0.E0));
#8643=DIRECTION('',(0.E0,1.E0,0.E0));
#8644=AXIS2_PLACEMENT_3D('',#8641,#8642,#8643);
#8645=PLANE('',#8644);
#8646=ORIENTED_EDGE('',*,*,#7690,.T.);
#8647=ORIENTED_EDGE('',*,*,#8566,.F.);
#8649=ORIENTED_EDGE('',*,*,#8648,.F.);
#8650=ORIENTED_EDGE('',*,*,#8633,.T.);
#8651=EDGE_LOOP('',(#8646,#8647,#8649,#8650));
#8652=FACE_OUTER_BOUND('',#8651,.F.);
#8653=ADVANCED_FACE('',(#8652),#8645,.F.);
#8654=CARTESIAN_POINT('',(0.E0,0.E0,-2.E-1));
#8655=DIRECTION('',(0.E0,0.E0,1.E0));
#8656=DIRECTION('',(0.E0,-1.E0,0.E0));
#8657=AXIS2_PLACEMENT_3D('',#8654,#8655,#8656);
#8658=PLANE('',#8657);
#8659=ORIENTED_EDGE('',*,*,#8564,.T.);
#8660=ORIENTED_EDGE('',*,*,#8579,.T.);
#8661=ORIENTED_EDGE('',*,*,#8593,.T.);
#8662=ORIENTED_EDGE('',*,*,#8607,.T.);
#8663=ORIENTED_EDGE('',*,*,#8621,.T.);
#8664=ORIENTED_EDGE('',*,*,#8635,.T.);
#8665=ORIENTED_EDGE('',*,*,#8648,.T.);
#8666=EDGE_LOOP('',(#8659,#8660,#8661,#8662,#8663,#8664,#8665));
#8667=FACE_OUTER_BOUND('',#8666,.F.);
#8668=ADVANCED_FACE('',(#8667),#8658,.T.);
#8669=CLOSED_SHELL('',(#7710,#7727,#7742,#7774,#7796,#7816,#7832,#7849,#7862,
#7907,#7925,#7961,#7980,#7995,#8010,#8023,#8038,#8071,#8088,#8103,#8116,#8132,
#8145,#8175,#8192,#8207,#8220,#8235,#8250,#8264,#8278,#8291,#8303,#8321,#8336,
#8349,#8365,#8380,#8393,#8407,#8419,#8434,#8448,#8462,#8475,#8487,#8502,#8516,
#8530,#8543,#8555,#8570,#8584,#8598,#8612,#8626,#8640,#8653,#8668));
#8670=MANIFOLD_SOLID_BREP('',#8669);
#8672=DIMENSIONAL_EXPONENTS(0.E0,0.E0,0.E0,0.E0,0.E0,0.E0,0.E0);
#8674=PLANE_ANGLE_MEASURE_WITH_UNIT(PLANE_ANGLE_MEASURE(1.745329251994E-2),
#8673);
#8675=(CONVERSION_BASED_UNIT('DEGREE',#8674)NAMED_UNIT(*)PLANE_ANGLE_UNIT());
#8677=UNCERTAINTY_MEASURE_WITH_UNIT(LENGTH_MEASURE(2.324412903435E-3),#8671,
'closure',
'Maximum model space distance between geometric entities at asserted connectivities');
#8678=(GEOMETRIC_REPRESENTATION_CONTEXT(3)GLOBAL_UNCERTAINTY_ASSIGNED_CONTEXT((
#8677))GLOBAL_UNIT_ASSIGNED_CONTEXT((#8671,#8675,#8676))REPRESENTATION_CONTEXT(
'ID3','3'));
#8679=CARTESIAN_POINT('',(0.E0,0.E0,0.E0));
#8680=DIRECTION('',(0.E0,0.E0,1.E0));
#8681=DIRECTION('',(1.E0,0.E0,0.E0));
#8684=DESIGN_CONTEXT('',#6353,'design');
#8685=MECHANICAL_CONTEXT('',#6353,'mechanical');
#8686=PRODUCT('KSKM_174_1','KSKM_174_1','NOT SPECIFIED',(#8685));
#8687=PRODUCT_DEFINITION_FORMATION_WITH_SPECIFIED_SOURCE('1','LAST_VERSION',
#8686,.MADE.);
#8693=CARTESIAN_POINT('',(0.E0,0.E0,2.14E1));
#8694=DIRECTION('',(0.E0,0.E0,1.E0));
#8695=DIRECTION('',(1.E0,0.E0,0.E0));
#8696=AXIS2_PLACEMENT_3D('',#8693,#8694,#8695);
#8697=ITEM_DEFINED_TRANSFORMATION('','',#8682,#8696);
#8698=CARTESIAN_POINT('',(0.E0,0.E0,0.E0));
#8699=DIRECTION('',(0.E0,0.E0,1.E0));
#8700=DIRECTION('',(1.E0,0.E0,0.E0));
#8702=(REPRESENTATION_RELATIONSHIP('','',#8683,#6364)REPRESENTATION_RELATIONSHIP_WITH_TRANSFORMATION(#8697)SHAPE_REPRESENTATION_RELATIONSHIP());
#8703=CONTEXT_DEPENDENT_SHAPE_REPRESENTATION(#8702,#8692);
#8706=CARTESIAN_POINT('',(0.E0,0.E0,-2.14E1));
#8707=DIRECTION('',(0.E0,0.E0,-1.E0));
#8708=DIRECTION('',(-1.E0,0.E0,0.E0));
#8709=AXIS2_PLACEMENT_3D('',#8706,#8707,#8708);
#8710=ITEM_DEFINED_TRANSFORMATION('','',#8682,#8709);
#8711=CARTESIAN_POINT('',(0.E0,0.E0,0.E0));
#8712=DIRECTION('',(0.E0,0.E0,1.E0));
#8713=DIRECTION('',(1.E0,0.E0,0.E0));
#8715=(REPRESENTATION_RELATIONSHIP('','',#8683,#6364)REPRESENTATION_RELATIONSHIP_WITH_TRANSFORMATION(#8710)SHAPE_REPRESENTATION_RELATIONSHIP());
#8716=CONTEXT_DEPENDENT_SHAPE_REPRESENTATION(#8715,#8705);
#8719=CARTESIAN_POINT('',(2.14E1,0.E0,0.E0));
#8720=DIRECTION('',(1.E0,0.E0,0.E0));
#8721=DIRECTION('',(0.E0,1.E0,0.E0));
#8722=AXIS2_PLACEMENT_3D('',#8719,#8720,#8721);
#8723=ITEM_DEFINED_TRANSFORMATION('','',#8682,#8722);
#8724=CARTESIAN_POINT('',(0.E0,0.E0,0.E0));
#8725=DIRECTION('',(0.E0,0.E0,1.E0));
#8726=DIRECTION('',(1.E0,0.E0,0.E0));
#8728=(REPRESENTATION_RELATIONSHIP('','',#8683,#6364)REPRESENTATION_RELATIONSHIP_WITH_TRANSFORMATION(#8723)SHAPE_REPRESENTATION_RELATIONSHIP());
#8729=CONTEXT_DEPENDENT_SHAPE_REPRESENTATION(#8728,#8718);
#8732=CARTESIAN_POINT('',(-2.14E1,0.E0,0.E0));
#8733=DIRECTION('',(-1.E0,0.E0,0.E0));
#8734=DIRECTION('',(0.E0,-1.E0,0.E0));
#8735=AXIS2_PLACEMENT_3D('',#8732,#8733,#8734);
#8736=ITEM_DEFINED_TRANSFORMATION('','',#8682,#8735);
#8737=CARTESIAN_POINT('',(0.E0,0.E0,0.E0));
#8738=DIRECTION('',(0.E0,0.E0,1.E0));
#8739=DIRECTION('',(1.E0,0.E0,0.E0));
#8741=(REPRESENTATION_RELATIONSHIP('','',#8683,#6364)REPRESENTATION_RELATIONSHIP_WITH_TRANSFORMATION(#8736)SHAPE_REPRESENTATION_RELATIONSHIP());
#8742=CONTEXT_DEPENDENT_SHAPE_REPRESENTATION(#8741,#8731);
#8743=CARTESIAN_POINT('',(-2.828945900106E0,-1.639987361138E0,
1.517784063689E-1));
#8744=CARTESIAN_POINT('',(-2.832230788943E0,-1.639987361138E0,
1.244649794392E-1));
#8745=CARTESIAN_POINT('',(-2.838625342635E0,-1.640005898135E0,
6.957224001525E-2));
#8746=CARTESIAN_POINT('',(-2.848528477035E0,-1.639998314818E0,
-1.224177872339E-2));
#8747=CARTESIAN_POINT('',(-2.855063402437E0,-1.64E0,-6.687486263817E-2));
#8748=CARTESIAN_POINT('',(-2.858338469475E0,-1.64E0,-9.417712000818E-2));
#8750=CARTESIAN_POINT('',(-2.858338469475E0,1.64E0,-9.417712000818E-2));
#8751=CARTESIAN_POINT('',(-2.855063402157E0,1.64E0,-6.687486030330E-2));
#8752=CARTESIAN_POINT('',(-2.848636394468E0,1.639811749924E0,
-1.223874877754E-2));
#8753=CARTESIAN_POINT('',(-2.838247658033E0,1.640658875267E0,
6.956167774101E-2));
#8754=CARTESIAN_POINT('',(-2.833040142844E0,1.638588124429E0,
1.244876665662E-1));
#8755=CARTESIAN_POINT('',(-2.829755253729E0,1.638588124429E0,
1.518010959516E-1));
#8757=CARTESIAN_POINT('',(-2.829755253729E0,1.638588124429E0,
1.518010959516E-1));
#8758=CARTESIAN_POINT('',(-2.819965875166E0,1.655551189983E0,
1.514295437123E-1));
#8759=CARTESIAN_POINT('',(-2.804459612660E0,1.681883184266E0,
1.496266773619E-1));
#8760=CARTESIAN_POINT('',(-2.777970332354E0,1.725294436304E0,
1.504844035892E-1));
#8761=CARTESIAN_POINT('',(-2.760099622494E0,1.753578281865E0,1.5E-1));
#8762=CARTESIAN_POINT('',(-2.750945481544E0,1.767823225770E0,1.5E-1));
#8764=CARTESIAN_POINT('',(-2.897696965210E0,1.872392132490E0,-1.58E0));
#8765=CARTESIAN_POINT('',(-2.848782242550E0,1.837538277462E0,
-1.003332978566E0));
#8766=CARTESIAN_POINT('',(-2.799865216949E0,1.802682111324E0,
-4.266662921467E-1));
#8767=CARTESIAN_POINT('',(-2.750945481544E0,1.767823225770E0,1.5E-1));
#8769=CARTESIAN_POINT('',(-3.351777172303E0,2.329441502217E0,
-1.458228128069E0));
#8770=CARTESIAN_POINT('',(-3.344311564379E0,2.321359560993E0,
-1.483505308521E0));
#8771=CARTESIAN_POINT('',(-3.323623824596E0,2.299642182646E0,
-1.525733044332E0));
#8772=CARTESIAN_POINT('',(-3.277140109246E0,2.252098956056E0,
-1.569185924138E0));
#8773=CARTESIAN_POINT('',(-3.240651804418E0,2.215346971698E0,-1.58E0));
#8774=CARTESIAN_POINT('',(-3.220620903846E0,2.195316071125E0,-1.58E0));
#8776=DIRECTION('',(7.071067811869E-1,7.071067811862E-1,0.E0));
#8777=VECTOR('',#8776,4.567031562482E-1);
#8778=CARTESIAN_POINT('',(-3.220634863983E0,-2.195330031262E0,-1.58E0));
#8779=LINE('',#8778,#8777);
#8780=CARTESIAN_POINT('',(0.E0,0.E0,-1.58E0));
#8781=DIRECTION('',(0.E0,0.E0,-1.E0));
#8782=DIRECTION('',(-8.399121638292E-1,-5.427223572434E-1,0.E0));
#8783=AXIS2_PLACEMENT_3D('',#8780,#8781,#8782);
#8785=CARTESIAN_POINT('',(0.E0,0.E0,-1.58E0));
#8786=DIRECTION('',(0.E0,0.E0,-1.E0));
#8787=DIRECTION('',(-1.E0,0.E0,0.E0));
#8788=AXIS2_PLACEMENT_3D('',#8785,#8786,#8787);
#8790=DIRECTION('',(-7.071067811869E-1,7.071067811862E-1,0.E0));
#8791=VECTOR('',#8790,4.566834136327E-1);
#8792=CARTESIAN_POINT('',(-2.897696965210E0,1.872392132490E0,-1.58E0));
#8793=LINE('',#8792,#8791);
#8794=CARTESIAN_POINT('',(0.E0,0.E0,-1.58E0));
#8795=DIRECTION('',(0.E0,0.E0,1.E0));
#8796=DIRECTION('',(-8.262954884030E-1,5.632368647778E-1,0.E0));
#8797=AXIS2_PLACEMENT_3D('',#8794,#8795,#8796);
#8799=CARTESIAN_POINT('',(-3.220634863983E0,-2.195330031262E0,-1.58E0));
#8800=CARTESIAN_POINT('',(-3.240592676298E0,-2.215287843577E0,-1.58E0));
#8801=CARTESIAN_POINT('',(-3.276966019954E0,-2.251921481196E0,
-1.569324773674E0));
#8802=CARTESIAN_POINT('',(-3.323783903376E0,-2.299806318460E0,
-1.525566656505E0));
#8803=CARTESIAN_POINT('',(-3.344339945093E0,-2.321390284715E0,
-1.483409216623E0));
#8804=CARTESIAN_POINT('',(-3.351777172303E0,-2.329441502217E0,
-1.458228128069E0));
#8806=CARTESIAN_POINT('',(-2.750945481544E0,-1.767823225770E0,1.5E-1));
#8807=CARTESIAN_POINT('',(-2.799865216949E0,-1.802682111324E0,
-4.266662921467E-1));
#8808=CARTESIAN_POINT('',(-2.848782242550E0,-1.837538277462E0,
-1.003332978566E0));
#8809=CARTESIAN_POINT('',(-2.897696965210E0,-1.872392132490E0,-1.58E0));
#8811=CARTESIAN_POINT('',(0.E0,0.E0,-1.458228128069E0));
#8812=DIRECTION('',(0.E0,0.E0,1.E0));
#8813=DIRECTION('',(-8.211611861086E-1,5.706963346901E-1,0.E0));
#8814=AXIS2_PLACEMENT_3D('',#8811,#8812,#8813);
#8816=CARTESIAN_POINT('',(-3.351777172303E0,2.329441502217E0,
-1.458228128069E0));
#8817=CARTESIAN_POINT('',(-3.387160889469E0,2.367746369730E0,
-1.338425345370E0));
#8818=CARTESIAN_POINT('',(-3.457858022850E0,2.444285964141E0,
-1.098813204173E0));
#8819=CARTESIAN_POINT('',(-3.563732687808E0,2.558924213862E0,
-7.393993718453E-1));
#8820=CARTESIAN_POINT('',(-3.634209980031E0,2.635243691708E0,
-4.997985257007E-1));
#8821=CARTESIAN_POINT('',(-3.669421912854E0,2.673376671079E0,-3.8E-1));
#8823=CARTESIAN_POINT('',(0.E0,0.E0,-3.799999999999E-1));
#8824=DIRECTION('',(0.E0,0.E0,1.E0));
#8825=DIRECTION('',(-8.082427120823E-1,5.888494870218E-1,0.E0));
#8826=AXIS2_PLACEMENT_3D('',#8823,#8824,#8825);
#8828=CARTESIAN_POINT('',(-3.669421912854E0,-2.673376671079E0,-3.8E-1));
#8829=CARTESIAN_POINT('',(-3.634209980031E0,-2.635243691708E0,
-4.997985257036E-1));
#8830=CARTESIAN_POINT('',(-3.563732687806E0,-2.558924213860E0,
-7.393993718519E-1));
#8831=CARTESIAN_POINT('',(-3.457858022848E0,-2.444285964139E0,
-1.098813204180E0));
#8832=CARTESIAN_POINT('',(-3.387160889468E0,-2.367746369729E0,
-1.338425345373E0));
#8833=CARTESIAN_POINT('',(-3.351777172303E0,-2.329441502217E0,
-1.458228128069E0));
#8835=CARTESIAN_POINT('',(-3.654987094332E0,-2.693078041994E0,
1.020000000004E0));
#8836=CARTESIAN_POINT('',(-3.659814362265E0,-2.686526578679E0,
5.533332744395E-1));
#8837=CARTESIAN_POINT('',(-3.664625981439E0,-2.679959468040E0,
8.666660772343E-2));
#8838=CARTESIAN_POINT('',(-3.669421912854E0,-2.673376671079E0,
-3.799999999978E-1));
#8840=CARTESIAN_POINT('',(-3.669421912854E0,2.673376671079E0,
-3.799999999979E-1));
#8841=CARTESIAN_POINT('',(-3.664625981439E0,2.679959468040E0,
8.666660772341E-2));
#8842=CARTESIAN_POINT('',(-3.659814362265E0,2.686526578679E0,
5.533332744394E-1));
#8843=CARTESIAN_POINT('',(-3.654987094332E0,2.693078041994E0,1.020000000004E0));
#8845=DIRECTION('',(-7.071067811864E-1,-7.071067811867E-1,0.E0));
#8846=VECTOR('',#8845,7.501284060160E-1);
#8847=CARTESIAN_POINT('',(-3.124566211677E0,-2.162657159339E0,1.02E0));
#8848=LINE('',#8847,#8846);
#8849=CARTESIAN_POINT('',(0.E0,0.E0,1.02E0));
#8850=DIRECTION('',(0.E0,0.E0,-1.E0));
#8851=DIRECTION('',(-8.050632366369E-1,-5.931889960339E-1,0.E0));
#8852=AXIS2_PLACEMENT_3D('',#8849,#8850,#8851);
#8854=DIRECTION('',(7.071067811864E-1,-7.071067811867E-1,0.E0));
#8855=VECTOR('',#8854,7.501284060160E-1);
#8856=CARTESIAN_POINT('',(-3.654987094332E0,2.693078041994E0,1.02E0));
#8857=LINE('',#8856,#8855);
#8858=CARTESIAN_POINT('',(0.E0,0.E0,1.02E0));
#8859=DIRECTION('',(0.E0,0.E0,1.E0));
#8860=DIRECTION('',(-8.222542662309E-1,5.691203050894E-1,0.E0));
#8861=AXIS2_PLACEMENT_3D('',#8858,#8859,#8860);
#8863=CARTESIAN_POINT('',(0.E0,0.E0,1.02E0));
#8864=DIRECTION('',(0.E0,0.E0,1.E0));
#8865=DIRECTION('',(-1.E0,0.E0,0.E0));
#8866=AXIS2_PLACEMENT_3D('',#8863,#8864,#8865);
#8868=CARTESIAN_POINT('',(-2.418982502971E0,2.958227863902E0,4.22E0));
#8869=CARTESIAN_POINT('',(-2.368549062412E0,2.999467963005E0,4.22E0));
#8870=CARTESIAN_POINT('',(-2.270332730456E0,3.075306648674E0,4.207169440068E0));
#8871=CARTESIAN_POINT('',(-2.139409355638E0,3.166936046124E0,4.156826790818E0));
#8872=CARTESIAN_POINT('',(-2.026356551729E0,3.239455855808E0,4.080180344467E0));
#8873=CARTESIAN_POINT('',(-1.936761154853E0,3.292751268982E0,3.984783802072E0));
#8874=CARTESIAN_POINT('',(-1.870298222885E0,3.329886048310E0,3.873695510519E0));
#8875=CARTESIAN_POINT('',(-1.829731130230E0,3.351301881256E0,3.754327571260E0));
#8876=CARTESIAN_POINT('',(-1.819657237579E0,3.356107275514E0,3.670578240799E0));
#8877=CARTESIAN_POINT('',(-1.819046490366E0,3.356121219062E0,3.628762464266E0));
#8879=CARTESIAN_POINT('',(-1.819046490366E0,3.356121219062E0,3.628762464266E0));
#8880=CARTESIAN_POINT('',(-1.815305174544E0,3.356121219062E0,3.372607343075E0));
#8881=CARTESIAN_POINT('',(-1.804940134425E0,3.356930115267E0,2.664217505997E0));
#8882=CARTESIAN_POINT('',(-1.792153406093E0,3.355812475519E0,1.794630529648E0));
#8883=CARTESIAN_POINT('',(-1.783094562184E0,3.356943092077E0,1.181198147695E0));
#8884=CARTESIAN_POINT('',(-1.780711397443E0,3.356943092077E0,1.020000090066E0));
#8886=CARTESIAN_POINT('',(1.780711397443E0,3.356943092077E0,1.020000090068E0));
#8887=CARTESIAN_POINT('',(1.783094562184E0,3.356943092077E0,1.181198147695E0));
#8888=CARTESIAN_POINT('',(1.792153406094E0,3.355812484680E0,1.794630529656E0));
#8889=CARTESIAN_POINT('',(1.804940134425E0,3.356930121579E0,2.664217505995E0));
#8890=CARTESIAN_POINT('',(1.815305174544E0,3.356121219062E0,3.372607343075E0));
#8891=CARTESIAN_POINT('',(1.819046490366E0,3.356121219062E0,3.628762464266E0));
#8893=CARTESIAN_POINT('',(1.819046490366E0,3.356121219062E0,3.628762464266E0));
#8894=CARTESIAN_POINT('',(1.819657851798E0,3.356107261491E0,3.670620294252E0));
#8895=CARTESIAN_POINT('',(1.829743122248E0,3.351296522110E0,3.754430432943E0));
#8896=CARTESIAN_POINT('',(1.870399669399E0,3.329830594342E0,3.873905681558E0));
#8897=CARTESIAN_POINT('',(1.936799344917E0,3.292729064968E0,3.984823614877E0));
#8898=CARTESIAN_POINT('',(2.026427758976E0,3.239411505442E0,4.080240674552E0));
#8899=CARTESIAN_POINT('',(2.139414113104E0,3.166932210431E0,4.156824391273E0));
#8900=CARTESIAN_POINT('',(2.270353437836E0,3.075291677403E0,4.207176339439E0));
#8901=CARTESIAN_POINT('',(2.368555405169E0,2.999462776448E0,4.22E0));
#8902=CARTESIAN_POINT('',(2.418982502971E0,2.958227863902E0,4.22E0));
#8904=CARTESIAN_POINT('',(2.726905223265E0,2.677046198289E0,4.22E0));
#8905=CARTESIAN_POINT('',(2.780906238576E0,2.622039433442E0,4.22E0));
#8906=CARTESIAN_POINT('',(2.885665184275E0,2.508071083234E0,4.189952224820E0));
#8907=CARTESIAN_POINT('',(3.011852722762E0,2.352184704438E0,4.059240478280E0));
#8908=CARTESIAN_POINT('',(3.092117916336E0,2.241867654619E0,3.861541265514E0));
#8909=CARTESIAN_POINT('',(3.110402050535E0,2.214019774253E0,3.707396806545E0));
#8910=CARTESIAN_POINT('',(3.110814566314E0,2.212553494728E0,3.630343290349E0));
#8912=CARTESIAN_POINT('',(3.110814566313E0,2.212553494727E0,3.630343290363E0));
#8913=CARTESIAN_POINT('',(3.115472839865E0,2.195995749589E0,2.760227830596E0));
#8914=CARTESIAN_POINT('',(3.120057230035E0,2.179364146003E0,1.890113393438E0));
#8915=CARTESIAN_POINT('',(3.124566211677E0,2.162657159338E0,1.019999999998E0));
#8917=DIRECTION('',(6.666518523489E-3,-1.595498861388E-10,9.999777785185E-1));
#8918=VECTOR('',#8917,4.202093328582E0);
#8919=CARTESIAN_POINT('',(3.8E0,-1.393488225864E-11,1.02E0));
#8920=LINE('',#8919,#8918);
#8921=CARTESIAN_POINT('',(-3.124566211677E0,2.162657159338E0,1.019999999990E0));
#8922=CARTESIAN_POINT('',(-3.120057230034E0,2.179364146003E0,1.890113393430E0));
#8923=CARTESIAN_POINT('',(-3.115472839865E0,2.195995749590E0,2.760227830588E0));
#8924=CARTESIAN_POINT('',(-3.110814566313E0,2.212553494728E0,3.630343290355E0));
#8926=CARTESIAN_POINT('',(-3.110814566314E0,2.212553494728E0,3.630343290349E0));
#8927=CARTESIAN_POINT('',(-3.110401300767E0,2.214022439288E0,3.707536855057E0));
#8928=CARTESIAN_POINT('',(-3.092000861307E0,2.242022919931E0,3.861828299705E0));
#8929=CARTESIAN_POINT('',(-3.012025604385E0,2.351962501672E0,4.058956437049E0));
#8930=CARTESIAN_POINT('',(-2.885525932525E0,2.508242900279E0,4.190108827907E0));
#8931=CARTESIAN_POINT('',(-2.780832418400E0,2.622114628493E0,4.22E0));
#8932=CARTESIAN_POINT('',(-2.726905223265E0,2.677046198289E0,4.22E0));
#8934=DIRECTION('',(7.071067811860E-1,-7.071067811871E-1,-1.101380147432E-13));
#8935=VECTOR('',#8934,4.354684872035E-1);
#8936=CARTESIAN_POINT('',(-2.726905223265E0,2.677046198289E0,4.22E0));
#8937=LINE('',#8936,#8935);
#8938=CARTESIAN_POINT('',(0.E0,0.E0,4.22E0));
#8939=DIRECTION('',(0.E0,0.E0,1.E0));
#8940=DIRECTION('',(-6.330205433456E-1,7.741349957872E-1,0.E0));
#8941=AXIS2_PLACEMENT_3D('',#8938,#8939,#8940);
#8943=DIRECTION('',(7.071067811870E-1,-7.071067811861E-1,3.000655128317E-12));
#8944=VECTOR('',#8943,5.564702898639E-1);
#8945=CARTESIAN_POINT('',(-3.110814566314E0,2.212553494728E0,3.630343290349E0));
#8946=LINE('',#8945,#8944);
#8947=CARTESIAN_POINT('',(2.750945481544E0,1.767823225770E0,1.499999999992E-1));
#8948=CARTESIAN_POINT('',(2.739879083346E0,1.785043871859E0,1.310113728431E0));
#8949=CARTESIAN_POINT('',(2.728673601458E0,1.802125451433E0,2.470228161276E0));
#8950=CARTESIAN_POINT('',(2.717330650822E0,1.819069579236E0,3.630343290356E0));
#8952=CARTESIAN_POINT('',(2.717330650822E0,1.819069579237E0,3.630343290351E0));
#8953=CARTESIAN_POINT('',(2.716589260530E0,1.820177069895E0,3.706169953290E0));
#8954=CARTESIAN_POINT('',(2.700116119163E0,1.845066782459E0,3.847030144638E0));
#8955=CARTESIAN_POINT('',(2.629791137905E0,1.945631846803E0,4.040336937451E0));
#8956=CARTESIAN_POINT('',(2.515774554380E0,2.092151435972E0,4.173051169530E0));
#8957=CARTESIAN_POINT('',(2.423142726062E0,2.197065134273E0,4.211881404895E0));
#8958=CARTESIAN_POINT('',(2.370614103319E0,2.252351831563E0,4.218047237194E0));
#8960=CARTESIAN_POINT('',(2.370614103319E0,2.252351831563E0,4.218047237194E0));
#8961=CARTESIAN_POINT('',(2.294100696782E0,2.332882660756E0,4.211859045366E0));
#8962=CARTESIAN_POINT('',(2.149629577976E0,2.468904670049E0,4.171033159314E0));
#8963=CARTESIAN_POINT('',(1.966698563267E0,2.614825099529E0,4.036921763483E0));
#8964=CARTESIAN_POINT('',(1.845623540592E0,2.699854061268E0,3.836916515909E0));
#8965=CARTESIAN_POINT('',(1.820099725450E0,2.716641050236E0,3.700873874626E0));
#8966=CARTESIAN_POINT('',(1.819046490366E0,2.717346107121E0,3.628762464266E0));
#8968=CARTESIAN_POINT('',(1.819046490366E0,2.717346107121E0,3.628762464266E0));
#8969=CARTESIAN_POINT('',(1.814812854965E0,2.720180188359E0,3.338899902254E0));
#8970=CARTESIAN_POINT('',(1.806312445606E0,2.725841815792E0,2.759175145716E0));
#8971=CARTESIAN_POINT('',(1.793533369102E0,2.734266991135E0,1.889588074513E0));
#8972=CARTESIAN_POINT('',(1.784996747567E0,2.739838082528E0,1.309862455785E0));
#8973=CARTESIAN_POINT('',(1.780711405991E0,2.742620442260E0,1.020000522898E0));
#8975=CARTESIAN_POINT('',(1.780711404225E0,2.742620443091E0,1.020000552505E0));
#8976=CARTESIAN_POINT('',(1.776424018036E0,2.745404130313E0,7.300003228548E-1));
#8977=CARTESIAN_POINT('',(1.772127967306E0,2.748179151888E0,4.400001386399E-1));
#8978=CARTESIAN_POINT('',(1.767823225770E0,2.750945481544E0,1.499999999978E-1));
#8980=CARTESIAN_POINT('',(-1.767823225770E0,2.750945481544E0,
1.499999999992E-1));
#8981=CARTESIAN_POINT('',(-1.772127967306E0,2.748179151888E0,
4.400001386371E-1));
#8982=CARTESIAN_POINT('',(-1.776424018035E0,2.745404130314E0,
7.300003228478E-1));
#8983=CARTESIAN_POINT('',(-1.780711404224E0,2.742620443092E0,1.020000552494E0));
#8985=CARTESIAN_POINT('',(-1.780711406014E0,2.742620442245E0,1.020000524416E0));
#8986=CARTESIAN_POINT('',(-1.784996747544E0,2.739838082543E0,1.309862454253E0));
#8987=CARTESIAN_POINT('',(-1.793533369112E0,2.734266991128E0,1.889588075215E0));
#8988=CARTESIAN_POINT('',(-1.806312445603E0,2.725841815794E0,2.759175145509E0));
#8989=CARTESIAN_POINT('',(-1.814812854965E0,2.720180188359E0,3.338899902253E0));
#8990=CARTESIAN_POINT('',(-1.819046490366E0,2.717346107121E0,3.628762464266E0));
#8992=CARTESIAN_POINT('',(-1.819046490366E0,2.717346107121E0,3.628762464266E0));
#8993=CARTESIAN_POINT('',(-1.819626845964E0,2.716957605336E0,3.668497430680E0));
#8994=CARTESIAN_POINT('',(-1.828545121309E0,2.711009056397E0,3.746345307660E0));
#8995=CARTESIAN_POINT('',(-1.864446689718E0,2.686597240623E0,3.859296589744E0));
#8996=CARTESIAN_POINT('',(-1.923257838866E0,2.645070684099E0,3.965302295888E0));
#8997=CARTESIAN_POINT('',(-2.004167042445E0,2.584705523108E0,4.059644791501E0));
#8998=CARTESIAN_POINT('',(-2.107565944996E0,2.501659768565E0,4.138494545661E0));
#8999=CARTESIAN_POINT('',(-2.229922510546E0,2.393933333238E0,4.194935841225E0));
#9000=CARTESIAN_POINT('',(-2.322380946452E0,2.303117524700E0,4.214146273419E0));
#9001=CARTESIAN_POINT('',(-2.370614103319E0,2.252351831563E0,4.218047237194E0));
#9003=CARTESIAN_POINT('',(-2.370614103319E0,2.252351831563E0,4.218047237194E0));
#9004=CARTESIAN_POINT('',(-2.422913490168E0,2.197306406456E0,4.211908312702E0));
#9005=CARTESIAN_POINT('',(-2.515291746426E0,2.092738739263E0,4.173429262455E0));
#9006=CARTESIAN_POINT('',(-2.629726679920E0,1.945730582633E0,4.040498927441E0));
#9007=CARTESIAN_POINT('',(-2.699990753666E0,1.845247154244E0,3.847542831613E0));
#9008=CARTESIAN_POINT('',(-2.716587193930E0,1.820180156987E0,3.706381317506E0));
#9009=CARTESIAN_POINT('',(-2.717330650822E0,1.819069579237E0,3.630343290351E0));
#9011=CARTESIAN_POINT('',(-2.717330650822E0,1.819069579237E0,3.630343290355E0));
#9012=CARTESIAN_POINT('',(-2.728673601458E0,1.802125451434E0,2.470228161275E0));
#9013=CARTESIAN_POINT('',(-2.739879083346E0,1.785043871859E0,1.310113728430E0));
#9014=CARTESIAN_POINT('',(-2.750945481544E0,1.767823225770E0,
1.499999999978E-1));
#9016=DIRECTION('',(0.E0,4.945034281011E-12,-1.E0));
#9017=VECTOR('',#9016,6.367925979837E0);
#9018=CARTESIAN_POINT('',(3.27E0,4.044382203018E-10,6.52E0));
#9019=LINE('',#9018,#9017);
#9020=CARTESIAN_POINT('',(3.220634863983E0,2.195330031262E0,-1.58E0));
#9021=CARTESIAN_POINT('',(3.240592669713E0,2.215287836992E0,-1.58E0));
#9022=CARTESIAN_POINT('',(3.276966005021E0,2.251921466139E0,-1.569324778793E0));
#9023=CARTESIAN_POINT('',(3.323783890636E0,2.299806305235E0,-1.525566676314E0));
#9024=CARTESIAN_POINT('',(3.344339942075E0,2.321390281448E0,-1.483409226841E0));
#9025=CARTESIAN_POINT('',(3.351777172303E0,2.329441502217E0,-1.458228128069E0));
#9027=CARTESIAN_POINT('',(2.750945481544E0,1.767823225770E0,1.5E-1));
#9028=CARTESIAN_POINT('',(2.799865216949E0,1.802682111324E0,
-4.266662921467E-1));
#9029=CARTESIAN_POINT('',(2.848782242550E0,1.837538277462E0,-1.003332978566E0));
#9030=CARTESIAN_POINT('',(2.897696965210E0,1.872392132490E0,-1.58E0));
#9032=DIRECTION('',(-7.071067811869E-1,-7.071067811862E-1,0.E0));
#9033=VECTOR('',#9032,4.567031562482E-1);
#9034=CARTESIAN_POINT('',(3.220634863983E0,2.195330031262E0,-1.58E0));
#9035=LINE('',#9034,#9033);
#9036=CARTESIAN_POINT('',(0.E0,0.E0,-1.58E0));
#9037=DIRECTION('',(0.E0,0.E0,-1.E0));
#9038=DIRECTION('',(8.399121638292E-1,5.427223572434E-1,0.E0));
#9039=AXIS2_PLACEMENT_3D('',#9036,#9037,#9038);
#9041=CARTESIAN_POINT('',(0.E0,0.E0,-1.58E0));
#9042=DIRECTION('',(0.E0,0.E0,-1.E0));
#9043=DIRECTION('',(1.E0,0.E0,0.E0));
#9044=AXIS2_PLACEMENT_3D('',#9041,#9042,#9043);
#9046=DIRECTION('',(7.071067811869E-1,-7.071067811862E-1,0.E0));
#9047=VECTOR('',#9046,4.566834136327E-1);
#9048=CARTESIAN_POINT('',(2.897696965210E0,-1.872392132490E0,-1.58E0));
#9049=LINE('',#9048,#9047);
#9050=CARTESIAN_POINT('',(0.E0,0.E0,-1.58E0));
#9051=DIRECTION('',(0.E0,0.E0,1.E0));
#9052=DIRECTION('',(8.262954884030E-1,-5.632368647778E-1,0.E0));
#9053=AXIS2_PLACEMENT_3D('',#9050,#9051,#9052);
#9055=CARTESIAN_POINT('',(0.E0,0.E0,1.502186569271E-1));
#9056=DIRECTION('',(0.E0,0.E0,-1.E0));
#9057=DIRECTION('',(8.412677313591E-1,5.406187234771E-1,0.E0));
#9058=AXIS2_PLACEMENT_3D('',#9055,#9056,#9057);
#9060=CARTESIAN_POINT('',(2.828945900106E0,1.639987361138E0,1.517784063689E-1));
#9061=CARTESIAN_POINT('',(2.832230788943E0,1.639987361138E0,1.244649794400E-1));
#9062=CARTESIAN_POINT('',(2.838625342635E0,1.640005898135E0,6.957224001708E-2));
#9063=CARTESIAN_POINT('',(2.848528477035E0,1.639998314818E0,
-1.224177872157E-2));
#9064=CARTESIAN_POINT('',(2.855063402437E0,1.64E0,-6.687486263739E-2));
#9065=CARTESIAN_POINT('',(2.858338469475E0,1.64E0,-9.417712000818E-2));
#9067=CARTESIAN_POINT('',(2.858338469475E0,-1.64E0,-9.417712000818E-2));
#9068=CARTESIAN_POINT('',(2.855063402157E0,-1.64E0,-6.687486030486E-2));
#9069=CARTESIAN_POINT('',(2.848528481565E0,-1.639998315436E0,
-1.224177194834E-2));
#9070=CARTESIAN_POINT('',(2.838625353197E0,-1.640005895975E0,
6.957225882239E-2));
#9071=CARTESIAN_POINT('',(2.832230796065E0,-1.639987365768E0,
1.244649928110E-1));
#9072=CARTESIAN_POINT('',(2.828945906950E0,-1.639987365768E0,
1.517784221980E-1));
#9074=CARTESIAN_POINT('',(2.897696965210E0,-1.872392132490E0,-1.58E0));
#9075=CARTESIAN_POINT('',(2.848782242550E0,-1.837538277462E0,
-1.003332978566E0));
#9076=CARTESIAN_POINT('',(2.799865216949E0,-1.802682111324E0,
-4.266662921467E-1));
#9077=CARTESIAN_POINT('',(2.750945481544E0,-1.767823225770E0,1.5E-1));
#9079=CARTESIAN_POINT('',(3.351777172303E0,-2.329441502217E0,
-1.458228128069E0));
#9080=CARTESIAN_POINT('',(3.344311567264E0,-2.321359564116E0,
-1.483505298752E0));
#9081=CARTESIAN_POINT('',(3.323623840139E0,-2.299642198602E0,
-1.525733027340E0));
#9082=CARTESIAN_POINT('',(3.277140102093E0,-2.252098948772E0,
-1.569185929442E0));
#9083=CARTESIAN_POINT('',(3.240651801364E0,-2.215346968643E0,-1.58E0));
#9084=CARTESIAN_POINT('',(3.220620903846E0,-2.195316071125E0,-1.58E0));
#9086=CARTESIAN_POINT('',(1.780711410627E0,-2.742620439477E0,1.020000725489E0));
#9087=CARTESIAN_POINT('',(1.784996753062E0,-2.739838079180E0,1.309862716778E0));
#9088=CARTESIAN_POINT('',(1.793533373025E0,-2.734266988448E0,1.889588392934E0));
#9089=CARTESIAN_POINT('',(1.806312447618E0,-2.725841814485E0,2.759175267955E0));
#9090=CARTESIAN_POINT('',(1.814812855625E0,-2.720180187917E0,3.338899947482E0));
#9091=CARTESIAN_POINT('',(1.819046490366E0,-2.717346107121E0,3.628762464266E0));
#9093=CARTESIAN_POINT('',(1.819046490366E0,-2.717346107121E0,3.628762464266E0));
#9094=CARTESIAN_POINT('',(1.819626845964E0,-2.716957605336E0,3.668497430680E0));
#9095=CARTESIAN_POINT('',(1.828545121309E0,-2.711009056397E0,3.746345307660E0));
#9096=CARTESIAN_POINT('',(1.864446689718E0,-2.686597240623E0,3.859296589744E0));
#9097=CARTESIAN_POINT('',(1.923257838866E0,-2.645070684099E0,3.965302295888E0));
#9098=CARTESIAN_POINT('',(2.004167042445E0,-2.584705523108E0,4.059644791501E0));
#9099=CARTESIAN_POINT('',(2.107565944996E0,-2.501659768565E0,4.138494545661E0));
#9100=CARTESIAN_POINT('',(2.229922510546E0,-2.393933333238E0,4.194935841225E0));
#9101=CARTESIAN_POINT('',(2.322380946452E0,-2.303117524700E0,4.214146273419E0));
#9102=CARTESIAN_POINT('',(2.370614103319E0,-2.252351831563E0,4.218047237194E0));
#9104=CARTESIAN_POINT('',(2.370614103319E0,-2.252351831563E0,4.218047237194E0));
#9105=CARTESIAN_POINT('',(2.423030087745E0,-2.197183686792E0,4.211894626429E0));
#9106=CARTESIAN_POINT('',(2.515536790706E0,-2.092435824275E0,4.173209308040E0));
#9107=CARTESIAN_POINT('',(2.629651289228E0,-1.945827090327E0,4.040618275876E0));
#9108=CARTESIAN_POINT('',(2.700091670615E0,-1.845104437566E0,3.847198341275E0));
#9109=CARTESIAN_POINT('',(2.716588597906E0,-1.820178059725E0,3.706237724052E0));
#9110=CARTESIAN_POINT('',(2.717330650822E0,-1.819069579237E0,3.630343290351E0));
#9112=CARTESIAN_POINT('',(2.717330650822E0,-1.819069579236E0,3.630343290356E0));
#9113=CARTESIAN_POINT('',(2.728673601458E0,-1.802125451433E0,2.470228161276E0));
#9114=CARTESIAN_POINT('',(2.739879083346E0,-1.785043871859E0,1.310113728431E0));
#9115=CARTESIAN_POINT('',(2.750945481544E0,-1.767823225770E0,
1.499999999992E-1));
#9117=CARTESIAN_POINT('',(0.E0,0.E0,1.502203483207E-1));
#9118=DIRECTION('',(0.E0,0.E0,1.E0));
#9119=DIRECTION('',(8.412677313591E-1,-5.406187234771E-1,0.E0));
#9120=AXIS2_PLACEMENT_3D('',#9117,#9118,#9119);
#9122=DIRECTION('',(0.E0,1.216918771936E-11,-1.E0));
#9123=VECTOR('',#9122,6.367925979837E0);
#9124=CARTESIAN_POINT('',(-3.27E0,-7.749192359915E-11,6.52E0));
#9125=LINE('',#9124,#9123);
#9126=CARTESIAN_POINT('',(0.E0,0.E0,1.502203431357E-1));
#9127=DIRECTION('',(0.E0,0.E0,1.E0));
#9128=DIRECTION('',(-8.651293658751E-1,-5.015487815762E-1,0.E0));
#9129=AXIS2_PLACEMENT_3D('',#9126,#9127,#9128);
#9131=CARTESIAN_POINT('',(-2.750945481544E0,-1.767823225770E0,
1.499999999978E-1));
#9132=CARTESIAN_POINT('',(-2.739879083346E0,-1.785043871859E0,
1.310113728430E0));
#9133=CARTESIAN_POINT('',(-2.728673601458E0,-1.802125451434E0,
2.470228161275E0));
#9134=CARTESIAN_POINT('',(-2.717330650822E0,-1.819069579237E0,
3.630343290355E0));
#9136=CARTESIAN_POINT('',(-2.717330650822E0,-1.819069579237E0,
3.630343290351E0));
#9137=CARTESIAN_POINT('',(-2.716587260094E0,-1.820180058151E0,
3.706374550494E0));
#9138=CARTESIAN_POINT('',(-2.699985533064E0,-1.845254116087E0,
3.847513001450E0));
#9139=CARTESIAN_POINT('',(-2.629825215393E0,-1.945589767420E0,
4.040268989429E0));
#9140=CARTESIAN_POINT('',(-2.515536952063E0,-2.092443735945E0,
4.173258410149E0));
#9141=CARTESIAN_POINT('',(-2.423031782169E0,-2.197181903400E0,
4.211894427537E0));
#9142=CARTESIAN_POINT('',(-2.370614103319E0,-2.252351831563E0,
4.218047237194E0));
#9144=CARTESIAN_POINT('',(-2.370614103319E0,-2.252351831563E0,
4.218047237194E0));
#9145=CARTESIAN_POINT('',(-2.294100696782E0,-2.332882660756E0,
4.211859045366E0));
#9146=CARTESIAN_POINT('',(-2.149629577976E0,-2.468904670049E0,
4.171033159314E0));
#9147=CARTESIAN_POINT('',(-1.966698563267E0,-2.614825099529E0,
4.036921763483E0));
#9148=CARTESIAN_POINT('',(-1.845623540592E0,-2.699854061268E0,
3.836916515909E0));
#9149=CARTESIAN_POINT('',(-1.820099725450E0,-2.716641050236E0,
3.700873874626E0));
#9150=CARTESIAN_POINT('',(-1.819046490366E0,-2.717346107121E0,
3.628762464266E0));
#9152=CARTESIAN_POINT('',(-1.819046490366E0,-2.717346107121E0,
3.628762464266E0));
#9153=CARTESIAN_POINT('',(-1.814812855625E0,-2.720180187917E0,
3.338899947482E0));
#9154=CARTESIAN_POINT('',(-1.806312447618E0,-2.725841814485E0,
2.759175267955E0));
#9155=CARTESIAN_POINT('',(-1.793533373025E0,-2.734266988448E0,
1.889588392934E0));
#9156=CARTESIAN_POINT('',(-1.784996753061E0,-2.739838079180E0,
1.309862716778E0));
#9157=CARTESIAN_POINT('',(-1.780711410627E0,-2.742620439477E0,
1.020000725489E0));
#9159=CARTESIAN_POINT('',(-1.780711410377E0,-2.742620439097E0,
1.020000968670E0));
#9160=CARTESIAN_POINT('',(-1.776424022145E0,-2.745404127659E0,
7.300006002990E-1));
#9161=CARTESIAN_POINT('',(-1.772127969365E0,-2.748179150565E0,
4.400002773626E-1));
#9162=CARTESIAN_POINT('',(-1.767823225770E0,-2.750945481544E0,
1.499999999992E-1));
#9164=CARTESIAN_POINT('',(0.E0,0.E0,1.502203483207E-1));
#9165=DIRECTION('',(0.E0,0.E0,1.E0));
#9166=DIRECTION('',(-5.406187234771E-1,-8.412677313591E-1,0.E0));
#9167=AXIS2_PLACEMENT_3D('',#9164,#9165,#9166);
#9169=CARTESIAN_POINT('',(0.E0,0.E0,1.502203431357E-1));
#9170=DIRECTION('',(0.E0,0.E0,1.E0));
#9171=DIRECTION('',(5.015487815762E-1,-8.651293658751E-1,0.E0));
#9172=AXIS2_PLACEMENT_3D('',#9169,#9170,#9171);
#9174=CARTESIAN_POINT('',(1.767823225770E0,-2.750945481544E0,
1.499999999978E-1));
#9175=CARTESIAN_POINT('',(1.772127969366E0,-2.748179150564E0,
4.400002773612E-1));
#9176=CARTESIAN_POINT('',(1.776424022146E0,-2.745404127658E0,
7.300006002975E-1));
#9177=CARTESIAN_POINT('',(1.780711410378E0,-2.742620439097E0,1.020000968669E0));
#9179=DIRECTION('',(2.155181886082E-14,1.E0,-3.128489834635E-14));
#9180=VECTOR('',#9179,6.387751119410E-1);
#9181=CARTESIAN_POINT('',(1.819046490366E0,-3.356121219062E0,3.628762464266E0));
#9182=LINE('',#9181,#9180);
#9183=CARTESIAN_POINT('',(2.418982502971E0,-2.369123477994E0,4.22E0));
#9184=CARTESIAN_POINT('',(2.413592219831E0,-2.356110183334E0,4.22E0));
#9185=CARTESIAN_POINT('',(2.402821751947E0,-2.330108001259E0,4.219854745250E0));
#9186=CARTESIAN_POINT('',(2.386698111076E0,-2.291182054044E0,4.219203169049E0));
#9187=CARTESIAN_POINT('',(2.375971499988E0,-2.265285731259E0,4.218480528558E0));
#9188=CARTESIAN_POINT('',(2.370614103319E0,-2.252351831563E0,4.218047237194E0));
#9190=CARTESIAN_POINT('',(-1.780711398446E0,-3.356943092041E0,
1.020000157910E0));
#9191=CARTESIAN_POINT('',(-1.783094562182E0,-3.356943092041E0,
1.181198147695E0));
#9192=CARTESIAN_POINT('',(-1.792153409836E0,-3.355812484474E0,
1.794630783193E0));
#9193=CARTESIAN_POINT('',(-1.804940133824E0,-3.356930121644E0,
2.664217465291E0));
#9194=CARTESIAN_POINT('',(-1.815305174544E0,-3.356121219062E0,
3.372607343075E0));
#9195=CARTESIAN_POINT('',(-1.819046490366E0,-3.356121219062E0,
3.628762464266E0));
#9197=CARTESIAN_POINT('',(-1.819046490366E0,-3.356121219062E0,
3.628762464266E0));
#9198=CARTESIAN_POINT('',(-1.819657851798E0,-3.356107261491E0,
3.670620294252E0));
#9199=CARTESIAN_POINT('',(-1.829743122248E0,-3.351296522110E0,
3.754430432943E0));
#9200=CARTESIAN_POINT('',(-1.870399669399E0,-3.329830594342E0,
3.873905681558E0));
#9201=CARTESIAN_POINT('',(-1.936799344917E0,-3.292729064968E0,
3.984823614877E0));
#9202=CARTESIAN_POINT('',(-2.026427758976E0,-3.239411505442E0,
4.080240674552E0));
#9203=CARTESIAN_POINT('',(-2.139414113104E0,-3.166932210431E0,
4.156824391273E0));
#9204=CARTESIAN_POINT('',(-2.270353437836E0,-3.075291677403E0,
4.207176339439E0));
#9205=CARTESIAN_POINT('',(-2.368555405169E0,-2.999462776448E0,4.22E0));
#9206=CARTESIAN_POINT('',(-2.418982502971E0,-2.958227863902E0,4.22E0));
#9208=CARTESIAN_POINT('',(-2.726905223265E0,-2.677046198289E0,4.22E0));
#9209=CARTESIAN_POINT('',(-2.780750633383E0,-2.622197936726E0,4.22E0));
#9210=CARTESIAN_POINT('',(-2.885346393078E0,-2.508448824746E0,
4.190204305082E0));
#9211=CARTESIAN_POINT('',(-3.011913191599E0,-2.352112746033E0,
4.059157170684E0));
#9212=CARTESIAN_POINT('',(-3.091978719660E0,-2.242056474703E0,
3.861966014135E0));
#9213=CARTESIAN_POINT('',(-3.110401029543E0,-2.214023403350E0,
3.707587516862E0));
#9214=CARTESIAN_POINT('',(-3.110814566314E0,-2.212553494728E0,
3.630343290349E0));
#9216=CARTESIAN_POINT('',(-3.110814566313E0,-2.212553494728E0,
3.630343290355E0));
#9217=CARTESIAN_POINT('',(-3.115472839865E0,-2.195995749590E0,
2.760227830588E0));
#9218=CARTESIAN_POINT('',(-3.120057230034E0,-2.179364146003E0,
1.890113393430E0));
#9219=CARTESIAN_POINT('',(-3.124566211677E0,-2.162657159338E0,
1.019999999990E0));
#9221=DIRECTION('',(-6.666518523489E-3,1.603605623358E-10,9.999777785185E-1));
#9222=VECTOR('',#9221,4.202093328582E0);
#9223=CARTESIAN_POINT('',(-3.8E0,0.E0,1.02E0));
#9224=LINE('',#9223,#9222);
#9225=CARTESIAN_POINT('',(3.124566211677E0,-2.162657159338E0,1.019999999998E0));
#9226=CARTESIAN_POINT('',(3.120057230035E0,-2.179364146003E0,1.890113393438E0));
#9227=CARTESIAN_POINT('',(3.115472839865E0,-2.195995749589E0,2.760227830596E0));
#9228=CARTESIAN_POINT('',(3.110814566313E0,-2.212553494727E0,3.630343290363E0));
#9230=CARTESIAN_POINT('',(3.110814566314E0,-2.212553494728E0,3.630343290349E0));
#9231=CARTESIAN_POINT('',(3.110402500819E0,-2.214018173729E0,3.707312698397E0));
#9232=CARTESIAN_POINT('',(3.092157784874E0,-2.241808375921E0,3.861335968404E0));
#9233=CARTESIAN_POINT('',(3.011972191191E0,-2.352027278545E0,4.059048199681E0));
#9234=CARTESIAN_POINT('',(2.885801610325E0,-2.507915897180E0,4.189885676906E0));
#9235=CARTESIAN_POINT('',(2.780965091641E0,-2.621979484260E0,4.22E0));
#9236=CARTESIAN_POINT('',(2.726905223265E0,-2.677046198289E0,4.22E0));
#9238=CARTESIAN_POINT('',(2.418982502971E0,-2.958227863902E0,4.22E0));
#9239=CARTESIAN_POINT('',(2.368549062412E0,-2.999467963005E0,4.22E0));
#9240=CARTESIAN_POINT('',(2.270332730456E0,-3.075306648674E0,4.207169440068E0));
#9241=CARTESIAN_POINT('',(2.139409355638E0,-3.166936046124E0,4.156826790818E0));
#9242=CARTESIAN_POINT('',(2.026356551729E0,-3.239455855808E0,4.080180344467E0));
#9243=CARTESIAN_POINT('',(1.936761154853E0,-3.292751268982E0,3.984783802072E0));
#9244=CARTESIAN_POINT('',(1.870298222885E0,-3.329886048310E0,3.873695510519E0));
#9245=CARTESIAN_POINT('',(1.829731130230E0,-3.351301881256E0,3.754327571259E0));
#9246=CARTESIAN_POINT('',(1.819657237579E0,-3.356107275514E0,3.670578240799E0));
#9247=CARTESIAN_POINT('',(1.819046490366E0,-3.356121219062E0,3.628762464266E0));
#9249=CARTESIAN_POINT('',(1.819046490366E0,-3.356121219062E0,3.628762464266E0));
#9250=CARTESIAN_POINT('',(1.815305174544E0,-3.356121219062E0,3.372607343075E0));
#9251=CARTESIAN_POINT('',(1.804940133824E0,-3.356930115331E0,2.664217465291E0));
#9252=CARTESIAN_POINT('',(1.792153409836E0,-3.355812475314E0,1.794630783193E0));
#9253=CARTESIAN_POINT('',(1.783094562182E0,-3.356943092041E0,1.181198147695E0));
#9254=CARTESIAN_POINT('',(1.780711398446E0,-3.356943092041E0,1.020000157910E0));
#9256=DIRECTION('',(2.120420887919E-14,-1.E0,3.058967838310E-14));
#9257=VECTOR('',#9256,6.387751119410E-1);
#9258=CARTESIAN_POINT('',(-1.819046490366E0,-2.717346107121E0,
3.628762464266E0));
#9259=LINE('',#9258,#9257);
#9260=DIRECTION('',(-1.982758422798E-8,9.999999999996E-1,9.239108269809E-7));
#9261=VECTOR('',#9260,6.143226525643E-1);
#9262=CARTESIAN_POINT('',(-1.780711398446E0,-3.356943092041E0,
1.020000157910E0));
#9263=LINE('',#9262,#9261);
#9264=CARTESIAN_POINT('',(-2.370614103319E0,-2.252351831563E0,
4.218047237194E0));
#9265=CARTESIAN_POINT('',(-2.3759715E0,-2.265285731288E0,4.218480528559E0));
#9266=CARTESIAN_POINT('',(-2.386698111089E0,-2.291182054118E0,
4.219203169050E0));
#9267=CARTESIAN_POINT('',(-2.402821751972E0,-2.330108001329E0,
4.219854745251E0));
#9268=CARTESIAN_POINT('',(-2.413592219844E0,-2.356110183364E0,4.22E0));
#9269=CARTESIAN_POINT('',(-2.418982502971E0,-2.369123477995E0,4.22E0));
#9271=CARTESIAN_POINT('',(0.E0,0.E0,4.22E0));
#9272=DIRECTION('',(0.E0,0.E0,1.E0));
#9273=DIRECTION('',(-7.136004596821E-1,-7.005529130205E-1,0.E0));
#9274=AXIS2_PLACEMENT_3D('',#9271,#9272,#9273);
#9276=DIRECTION('',(-1.394600104628E-13,1.E0,-8.141449259450E-14));
#9277=VECTOR('',#9276,5.891043859069E-1);
#9278=CARTESIAN_POINT('',(-2.418982502971E0,-2.958227863902E0,4.22E0));
#9279=LINE('',#9278,#9277);
#9280=DIRECTION('',(-7.071067811870E-1,-7.071067811861E-1,-2.981502010477E-12));
#9281=VECTOR('',#9280,5.564702898639E-1);
#9282=CARTESIAN_POINT('',(-2.717330650822E0,-1.819069579237E0,
3.630343290351E0));
#9283=LINE('',#9282,#9281);
#9284=DIRECTION('',(7.071067811861E-1,7.071067811870E-1,-1.101380147434E-13));
#9285=VECTOR('',#9284,4.354684872027E-1);
#9286=CARTESIAN_POINT('',(-2.726905223265E0,-2.677046198289E0,4.22E0));
#9287=LINE('',#9286,#9285);
#9288=DIRECTION('',(7.071067720845E-1,-7.071067902884E-1,-5.622723009895E-7));
#9289=VECTOR('',#9288,1.290281280545E0);
#9290=CARTESIAN_POINT('',(1.780711410627E0,-2.742620439477E0,1.020000725489E0));
#9291=LINE('',#9290,#9289);
#9292=CARTESIAN_POINT('',(0.E0,0.E0,1.02E0));
#9293=DIRECTION('',(0.E0,0.E0,-1.E0));
#9294=DIRECTION('',(5.931889960338E-1,-8.050632366369E-1,0.E0));
#9295=AXIS2_PLACEMENT_3D('',#9292,#9293,#9294);
#9297=CARTESIAN_POINT('',(0.E0,0.E0,1.02E0));
#9298=DIRECTION('',(0.E0,0.E0,-1.E0));
#9299=DIRECTION('',(0.E0,-1.E0,0.E0));
#9300=AXIS2_PLACEMENT_3D('',#9297,#9298,#9299);
#9302=DIRECTION('',(7.071067720845E-1,7.071067902884E-1,5.622722939338E-7));
#9303=VECTOR('',#9302,1.290281280545E0);
#9304=CARTESIAN_POINT('',(-2.693078041994E0,-3.654987094332E0,1.02E0));
#9305=LINE('',#9304,#9303);
#9306=CARTESIAN_POINT('',(0.E0,0.E0,1.02E0));
#9307=DIRECTION('',(0.E0,0.E0,1.E0));
#9308=DIRECTION('',(-4.686082621346E-1,-8.834060768747E-1,0.E0));
#9309=AXIS2_PLACEMENT_3D('',#9306,#9307,#9308);
#9311=DIRECTION('',(1.982773242093E-8,9.999999999996E-1,9.239107127639E-7));
#9312=VECTOR('',#9311,6.143226525643E-1);
#9313=CARTESIAN_POINT('',(1.780711398446E0,-3.356943092041E0,1.020000157910E0));
#9314=LINE('',#9313,#9312);
#9315=CARTESIAN_POINT('',(2.195316071125E0,-3.220620903846E0,-1.58E0));
#9316=CARTESIAN_POINT('',(2.215273888923E0,-3.240578721644E0,-1.58E0));
#9317=CARTESIAN_POINT('',(2.251928008465E0,-3.276972547118E0,
-1.569324769410E0));
#9318=CARTESIAN_POINT('',(2.299804468115E0,-3.323782052629E0,
-1.525566640017E0));
#9319=CARTESIAN_POINT('',(2.321390287434E0,-3.344339947605E0,
-1.483409208119E0));
#9320=CARTESIAN_POINT('',(2.329441502217E0,-3.351777172303E0,
-1.458228128069E0));
#9322=CARTESIAN_POINT('',(1.767823225770E0,-2.750945481544E0,1.5E-1));
#9323=CARTESIAN_POINT('',(1.802682111324E0,-2.799865216949E0,
-4.266662921467E-1));
#9324=CARTESIAN_POINT('',(1.837538277462E0,-2.848782242550E0,
-1.003332978566E0));
#9325=CARTESIAN_POINT('',(1.872392132490E0,-2.897696965210E0,-1.58E0));
#9327=DIRECTION('',(-7.071067811862E-1,-7.071067811869E-1,0.E0));
#9328=VECTOR('',#9327,4.567031562482E-1);
#9329=CARTESIAN_POINT('',(-1.872392132490E0,-2.897696965210E0,-1.58E0));
#9330=LINE('',#9329,#9328);
#9331=CARTESIAN_POINT('',(0.E0,0.E0,-1.58E0));
#9332=DIRECTION('',(0.E0,0.E0,1.E0));
#9333=DIRECTION('',(-5.632392003404E-1,-8.262938963831E-1,0.E0));
#9334=AXIS2_PLACEMENT_3D('',#9331,#9332,#9333);
#9336=DIRECTION('',(-7.071067811862E-1,7.071067811869E-1,0.E0));
#9337=VECTOR('',#9336,4.566834136327E-1);
#9338=CARTESIAN_POINT('',(2.195316071125E0,-3.220620903846E0,-1.58E0));
#9339=LINE('',#9338,#9337);
#9340=CARTESIAN_POINT('',(0.E0,0.E0,-1.58E0));
#9341=DIRECTION('',(0.E0,0.E0,-1.E0));
#9342=DIRECTION('',(5.427223572434E-1,-8.399121638292E-1,0.E0));
#9343=AXIS2_PLACEMENT_3D('',#9340,#9341,#9342);
#9345=CARTESIAN_POINT('',(-1.872392132490E0,-2.897696965210E0,-1.58E0));
#9346=CARTESIAN_POINT('',(-1.837538277462E0,-2.848782242550E0,
-1.003332978566E0));
#9347=CARTESIAN_POINT('',(-1.802682111324E0,-2.799865216949E0,
-4.266662921467E-1));
#9348=CARTESIAN_POINT('',(-1.767823225770E0,-2.750945481544E0,1.5E-1));
#9350=CARTESIAN_POINT('',(-2.329441502217E0,-3.351777172303E0,
-1.458228128069E0));
#9351=CARTESIAN_POINT('',(-2.321359558391E0,-3.344311561976E0,
-1.483505316656E0));
#9352=CARTESIAN_POINT('',(-2.299644030711E0,-3.323625673007E0,
-1.525733058483E0));
#9353=CARTESIAN_POINT('',(-2.252092447386E0,-3.277133600470E0,
-1.569185919723E0));
#9354=CARTESIAN_POINT('',(-2.215360934377E0,-3.240665767098E0,-1.58E0));
#9355=CARTESIAN_POINT('',(-2.195330031262E0,-3.220634863983E0,-1.58E0));
#9357=CARTESIAN_POINT('',(1.639987361138E0,-2.828945900106E0,
1.517784063689E-1));
#9358=CARTESIAN_POINT('',(1.639987361138E0,-2.832230788943E0,
1.244649794398E-1));
#9359=CARTESIAN_POINT('',(1.640005898135E0,-2.838625342635E0,
6.957224001661E-2));
#9360=CARTESIAN_POINT('',(1.639998314818E0,-2.848528477035E0,
-1.224177872202E-2));
#9361=CARTESIAN_POINT('',(1.64E0,-2.855063402437E0,-6.687486263758E-2));
#9362=CARTESIAN_POINT('',(1.64E0,-2.858338469475E0,-9.417712000818E-2));
#9364=CARTESIAN_POINT('',(-1.64E0,-2.858338469475E0,-9.417712000818E-2));
#9365=CARTESIAN_POINT('',(-1.64E0,-2.855063402157E0,-6.687486030486E-2));
#9366=CARTESIAN_POINT('',(-1.639998315436E0,-2.848528481565E0,
-1.224177194833E-2));
#9367=CARTESIAN_POINT('',(-1.640005895975E0,-2.838625353197E0,
6.957225882239E-2));
#9368=CARTESIAN_POINT('',(-1.639987365768E0,-2.832230796065E0,
1.244649928110E-1));
#9369=CARTESIAN_POINT('',(-1.639987365768E0,-2.828945906950E0,
1.517784221980E-1));
#9371=CARTESIAN_POINT('',(1.640000000824E0,-2.576848554600E0,
-4.199573905700E-2));
#9372=CARTESIAN_POINT('',(1.640003216892E0,-2.597916123300E0,
-6.174639104347E-2));
#9373=CARTESIAN_POINT('',(1.639995732814E0,-2.649060723314E0,
-1.124524122131E-1));
#9374=CARTESIAN_POINT('',(1.640004244052E0,-2.700798731361E0,
-1.625157963134E-1));
#9375=CARTESIAN_POINT('',(1.640000000040E0,-2.732024994989E0,
-1.922675830273E-1));
#9377=CARTESIAN_POINT('',(0.E0,0.E0,1.520740201626E-1));
#9378=DIRECTION('',(0.E0,0.E0,-1.E0));
#9379=DIRECTION('',(5.015487815762E-1,-8.651293658751E-1,0.E0));
#9380=AXIS2_PLACEMENT_3D('',#9377,#9378,#9379);
#9382=CARTESIAN_POINT('',(-1.639987365768E0,-2.828945906950E0,
1.517784221980E-1));
#9383=CARTESIAN_POINT('',(-1.639987365768E0,-2.801139881490E0,
1.301178037220E-1));
#9384=CARTESIAN_POINT('',(-1.640005896085E0,-2.745104333228E0,
8.698866555237E-2));
#9385=CARTESIAN_POINT('',(-1.639998315051E0,-2.662643681338E0,
2.335782233751E-2));
#9386=CARTESIAN_POINT('',(-1.640000000824E0,-2.605621804647E0,
-2.013925581600E-2));
#9387=CARTESIAN_POINT('',(-1.640000000824E0,-2.576848554602E0,
-4.199573905548E-2));
#9389=CARTESIAN_POINT('',(-1.640000000824E0,-2.576848554602E0,
-4.199573905548E-2));
#9390=CARTESIAN_POINT('',(-1.639999995351E0,-2.547518072702E0,
-6.427550450289E-2));
#9391=CARTESIAN_POINT('',(-1.618344310320E0,-2.506061128277E0,
-1.061970518938E-1));
#9392=CARTESIAN_POINT('',(-1.533715634496E0,-2.482879226047E0,
-1.648227380268E-1));
#9393=CARTESIAN_POINT('',(-1.469711863515E0,-2.500311322153E0,
-1.810754694853E-1));
#9394=CARTESIAN_POINT('',(-1.434846609299E0,-2.520161745343E0,
-1.810754739609E-1));
#9396=CARTESIAN_POINT('',(1.640000000824E0,-2.576848554600E0,
-4.199573905700E-2));
#9397=CARTESIAN_POINT('',(1.640000000824E0,-2.604393287923E0,
-2.107245088949E-2));
#9398=CARTESIAN_POINT('',(1.639998314434E0,-2.659803440135E0,
2.117958915030E-2));
#9399=CARTESIAN_POINT('',(1.640005898245E0,-2.743657307447E0,
8.586890719385E-2));
#9400=CARTESIAN_POINT('',(1.639987361138E0,-2.800528206443E0,
1.296413041523E-1));
#9401=CARTESIAN_POINT('',(1.639987361138E0,-2.828945900106E0,
1.517784063689E-1));
#9403=CARTESIAN_POINT('',(-1.640000000040E0,-2.732024994989E0,
-1.922675830274E-1));
#9404=CARTESIAN_POINT('',(-1.640004244052E0,-2.700798731366E0,
-1.625157963183E-1));
#9405=CARTESIAN_POINT('',(-1.639995732815E0,-2.649060723243E0,
-1.124524121485E-1));
#9406=CARTESIAN_POINT('',(-1.640003216892E0,-2.597916123323E0,
-6.174639106055E-2));
#9407=CARTESIAN_POINT('',(-1.640000000824E0,-2.576848554602E0,
-4.199573905548E-2));
#9409=CARTESIAN_POINT('',(0.E0,0.E0,-9.417712000828E-2));
#9410=DIRECTION('',(0.E0,0.E0,1.E0));
#9411=DIRECTION('',(-4.976625470041E-1,-8.673707334868E-1,0.E0));
#9412=AXIS2_PLACEMENT_3D('',#9409,#9410,#9411);
#9414=CARTESIAN_POINT('',(1.64E0,-2.858338469475E0,-9.417712000818E-2));
#9415=CARTESIAN_POINT('',(1.64E0,-2.844223438690E0,-1.052007348527E-1));
#9416=CARTESIAN_POINT('',(1.640000000005E0,-2.816047385675E0,
-1.271655442853E-1));
#9417=CARTESIAN_POINT('',(1.639999999981E0,-2.773943291368E0,
-1.598630527845E-1));
#9418=CARTESIAN_POINT('',(1.640000000040E0,-2.745980267300E0,
-1.814942213816E-1));
#9419=CARTESIAN_POINT('',(1.640000000040E0,-2.732024994989E0,
-1.922675830273E-1));
#9421=CARTESIAN_POINT('',(1.640000000040E0,-2.732024994989E0,
-1.922675830273E-1));
#9422=CARTESIAN_POINT('',(1.639999999469E0,-2.703280166356E0,
-2.144583673478E-1));
#9423=CARTESIAN_POINT('',(1.618778347059E0,-2.662171645863E0,
-2.560043053622E-1));
#9424=CARTESIAN_POINT('',(1.535723756993E0,-2.637421370971E0,
-3.136624145416E-1));
#9425=CARTESIAN_POINT('',(1.472034027448E0,-2.653070292825E0,
-3.297044230656E-1));
#9426=CARTESIAN_POINT('',(1.437193301951E0,-2.671811437612E0,
-3.297044381670E-1));
#9428=CARTESIAN_POINT('',(0.E0,0.E0,-3.297044413229E-1));
#9429=DIRECTION('',(0.E0,0.E0,-1.E0));
#9430=DIRECTION('',(4.737230188907E-1,-8.806738904799E-1,0.E0));
#9431=AXIS2_PLACEMENT_3D('',#9428,#9429,#9430);
#9433=CARTESIAN_POINT('',(-1.437193275438E0,-2.671811452738E0,
-3.297044390123E-1));
#9434=CARTESIAN_POINT('',(-1.471903011941E0,-2.653140745685E0,
-3.297044417656E-1));
#9435=CARTESIAN_POINT('',(-1.535098616399E0,-2.637092058750E0,
-3.142072472525E-1));
#9436=CARTESIAN_POINT('',(-1.620515427737E0,-2.663266898641E0,
-2.543520745126E-1));
#9437=CARTESIAN_POINT('',(-1.639999999482E0,-2.703938868551E0,
-2.139498543719E-1));
#9438=CARTESIAN_POINT('',(-1.640000000040E0,-2.732024994989E0,
-1.922675830274E-1));
#9440=CARTESIAN_POINT('',(-1.640000000040E0,-2.732024994989E0,
-1.922675830274E-1));
#9441=CARTESIAN_POINT('',(-1.640000000040E0,-2.745980267311E0,
-1.814942213729E-1));
#9442=CARTESIAN_POINT('',(-1.639999999981E0,-2.773943291374E0,
-1.598630527384E-1));
#9443=CARTESIAN_POINT('',(-1.640000000005E0,-2.816047385682E0,
-1.271655442399E-1));
#9444=CARTESIAN_POINT('',(-1.64E0,-2.844223438701E0,-1.052007348437E-1));
#9445=CARTESIAN_POINT('',(-1.64E0,-2.858338469475E0,-9.417712000818E-2));
#9447=CARTESIAN_POINT('',(1.640000000824E0,-2.576848554600E0,
-4.199573905700E-2));
#9448=CARTESIAN_POINT('',(1.639999996935E0,-2.556010333022E0,
-5.782468761266E-2));
#9449=CARTESIAN_POINT('',(1.627687513568E0,-2.522663795744E0,
-8.903695068236E-2));
#9450=CARTESIAN_POINT('',(1.581158400303E0,-2.491061180774E0,
-1.356996133158E-1));
#9451=CARTESIAN_POINT('',(1.508056183746E0,-2.488823717196E0,
-1.722591405209E-1));
#9452=CARTESIAN_POINT('',(1.459995939265E0,-2.505843068823E0,
-1.810754568787E-1));
#9453=CARTESIAN_POINT('',(1.434846574201E0,-2.520161764390E0,
-1.810754730574E-1));
#9455=CARTESIAN_POINT('',(-1.434846609299E0,-2.520161745343E0,
-1.810754739609E-1));
#9456=CARTESIAN_POINT('',(-1.434964297839E0,-2.527489278296E0,
-1.882122896760E-1));
#9457=CARTESIAN_POINT('',(-1.435619446784E0,-2.568503240230E0,
-2.281966926843E-1));
#9458=CARTESIAN_POINT('',(-1.436402463629E0,-2.619055838646E0,
-2.777370639644E-1));
#9459=CARTESIAN_POINT('',(-1.437050068041E0,-2.662202984606E0,
-3.202311789886E-1));
#9460=CARTESIAN_POINT('',(-1.437193275438E0,-2.671811452738E0,
-3.297044390123E-1));
#9462=CARTESIAN_POINT('',(1.437193301951E0,-2.671811437612E0,
-3.297044381670E-1));
#9463=CARTESIAN_POINT('',(1.437050094663E0,-2.662202979465E0,
-3.202311881541E-1));
#9464=CARTESIAN_POINT('',(1.436402655697E0,-2.619055751185E0,
-2.777370793029E-1));
#9465=CARTESIAN_POINT('',(1.435619844010E0,-2.568503029072E0,
-2.281967065384E-1));
#9466=CARTESIAN_POINT('',(1.434964262948E0,-2.527489308121E0,
-1.882122991315E-1));
#9467=CARTESIAN_POINT('',(1.434846574201E0,-2.520161764390E0,
-1.810754730574E-1));
#9469=CARTESIAN_POINT('',(0.E0,0.E0,-1.810754762276E-1));
#9470=DIRECTION('',(0.E0,0.E0,-1.E0));
#9471=DIRECTION('',(4.947746240638E-1,-8.690213296476E-1,0.E0));
#9472=AXIS2_PLACEMENT_3D('',#9469,#9470,#9471);
#9474=CARTESIAN_POINT('',(-2.673376671079E0,-3.669421912854E0,
-3.799999999971E-1));
#9475=CARTESIAN_POINT('',(-2.679959468039E0,-3.664625981439E0,
8.666660772412E-2));
#9476=CARTESIAN_POINT('',(-2.686526578678E0,-3.659814362265E0,
5.533332744401E-1));
#9477=CARTESIAN_POINT('',(-2.693078041993E0,-3.654987094332E0,
1.020000000004E0));
#9479=CARTESIAN_POINT('',(2.693078041994E0,-3.654987094332E0,1.020000000003E0));
#9480=CARTESIAN_POINT('',(2.686526578679E0,-3.659814362265E0,
5.533332744393E-1));
#9481=CARTESIAN_POINT('',(2.679959468040E0,-3.664625981439E0,
8.666660772336E-2));
#9482=CARTESIAN_POINT('',(2.673376671079E0,-3.669421912854E0,
-3.799999999978E-1));
#9484=CARTESIAN_POINT('',(-2.329441502217E0,-3.351777172303E0,
-1.458228128069E0));
#9485=CARTESIAN_POINT('',(-2.367746369730E0,-3.387160889469E0,
-1.338425345370E0));
#9486=CARTESIAN_POINT('',(-2.444285964141E0,-3.457858022850E0,
-1.098813204173E0));
#9487=CARTESIAN_POINT('',(-2.558924213861E0,-3.563732687809E0,
-7.393993718453E-1));
#9488=CARTESIAN_POINT('',(-2.635243691708E0,-3.634209980032E0,
-4.997985257007E-1));
#9489=CARTESIAN_POINT('',(-2.673376671079E0,-3.669421912854E0,-3.8E-1));
#9491=CARTESIAN_POINT('',(0.E0,0.E0,-3.799999999999E-1));
#9492=DIRECTION('',(0.E0,0.E0,1.E0));
#9493=DIRECTION('',(-5.888494870218E-1,-8.082427120823E-1,0.E0));
#9494=AXIS2_PLACEMENT_3D('',#9491,#9492,#9493);
#9496=CARTESIAN_POINT('',(0.E0,0.E0,-3.799999999999E-1));
#9497=DIRECTION('',(0.E0,0.E0,1.E0));
#9498=DIRECTION('',(0.E0,-1.E0,0.E0));
#9499=AXIS2_PLACEMENT_3D('',#9496,#9497,#9498);
#9501=CARTESIAN_POINT('',(2.673376671079E0,-3.669421912854E0,-3.8E-1));
#9502=CARTESIAN_POINT('',(2.635243691707E0,-3.634209980031E0,
-4.997985257036E-1));
#9503=CARTESIAN_POINT('',(2.558924213860E0,-3.563732687806E0,
-7.393993718521E-1));
#9504=CARTESIAN_POINT('',(2.444285964139E0,-3.457858022848E0,
-1.098813204180E0));
#9505=CARTESIAN_POINT('',(2.367746369729E0,-3.387160889468E0,
-1.338425345373E0));
#9506=CARTESIAN_POINT('',(2.329441502217E0,-3.351777172303E0,
-1.458228128069E0));
#9508=CARTESIAN_POINT('',(0.E0,0.E0,-1.458228128069E0));
#9509=DIRECTION('',(0.E0,0.E0,1.E0));
#9510=DIRECTION('',(-5.706963346901E-1,-8.211611861086E-1,0.E0));
#9511=AXIS2_PLACEMENT_3D('',#9508,#9509,#9510);
#9513=CARTESIAN_POINT('',(0.E0,0.E0,-1.458228128069E0));
#9514=DIRECTION('',(0.E0,0.E0,1.E0));
#9515=DIRECTION('',(0.E0,-1.E0,0.E0));
#9516=AXIS2_PLACEMENT_3D('',#9513,#9514,#9515);
#9518=CARTESIAN_POINT('',(0.E0,0.E0,5.221999951843E0));
#9519=DIRECTION('',(0.E0,0.E0,-1.E0));
#9520=DIRECTION('',(1.E0,-5.500611417883E-12,0.E0));
#9521=AXIS2_PLACEMENT_3D('',#9518,#9519,#9520);
#9523=CARTESIAN_POINT('',(4.128006666593E0,-1.453317327593E-9,5.22E0));
#9524=DIRECTION('',(-3.520627366027E-10,-1.E0,0.E0));
#9525=DIRECTION('',(-1.779760007518E-6,0.E0,9.999999999984E-1));
#9526=AXIS2_PLACEMENT_3D('',#9523,#9524,#9525);
#9528=CARTESIAN_POINT('',(0.E0,0.E0,5.221999951843E0));
#9529=DIRECTION('',(0.E0,0.E0,-1.E0));
#9530=DIRECTION('',(-1.E0,0.E0,0.E0));
#9531=AXIS2_PLACEMENT_3D('',#9528,#9529,#9530);
#9533=CARTESIAN_POINT('',(-4.128006666593E0,1.453317327593E-9,5.22E0));
#9534=DIRECTION('',(3.520627366027E-10,1.E0,0.E0));
#9535=DIRECTION('',(1.779760007518E-6,0.E0,9.999999999984E-1));
#9536=AXIS2_PLACEMENT_3D('',#9533,#9534,#9535);
#9538=CARTESIAN_POINT('',(0.E0,0.E0,5.520000000001E0));
#9539=DIRECTION('',(0.E0,0.E0,1.E0));
#9540=DIRECTION('',(-1.E0,0.E0,0.E0));
#9541=AXIS2_PLACEMENT_3D('',#9538,#9539,#9540);
#9543=CARTESIAN_POINT('',(0.E0,0.E0,5.520000000001E0));
#9544=DIRECTION('',(0.E0,0.E0,1.E0));
#9545=DIRECTION('',(-9.996233998405E-1,-2.744191121801E-2,0.E0));
#9546=AXIS2_PLACEMENT_3D('',#9543,#9544,#9545);
#9548=CARTESIAN_POINT('',(0.E0,0.E0,5.520000000001E0));
#9549=DIRECTION('',(0.E0,0.E0,1.E0));
#9550=DIRECTION('',(1.E0,0.E0,0.E0));
#9551=AXIS2_PLACEMENT_3D('',#9548,#9549,#9550);
#9553=CARTESIAN_POINT('',(0.E0,0.E0,5.520000000001E0));
#9554=DIRECTION('',(0.E0,0.E0,1.E0));
#9555=DIRECTION('',(9.996233998405E-1,2.744191121801E-2,0.E0));
#9556=AXIS2_PLACEMENT_3D('',#9553,#9554,#9555);
#9558=CARTESIAN_POINT('',(0.E0,0.E0,5.52E0));
#9559=DIRECTION('',(0.E0,0.E0,-1.E0));
#9560=DIRECTION('',(1.E0,0.E0,0.E0));
#9561=AXIS2_PLACEMENT_3D('',#9558,#9559,#9560);
#9563=CARTESIAN_POINT('',(0.E0,0.E0,5.52E0));
#9564=DIRECTION('',(0.E0,0.E0,-1.E0));
#9565=DIRECTION('',(-1.E0,0.E0,0.E0));
#9566=AXIS2_PLACEMENT_3D('',#9563,#9564,#9565);
#9568=CARTESIAN_POINT('',(0.E0,0.E0,5.72E0));
#9569=DIRECTION('',(0.E0,0.E0,1.E0));
#9570=DIRECTION('',(-1.E0,0.E0,0.E0));
#9571=AXIS2_PLACEMENT_3D('',#9568,#9569,#9570);
#9573=CARTESIAN_POINT('',(0.E0,0.E0,5.72E0));
#9574=DIRECTION('',(0.E0,0.E0,1.E0));
#9575=DIRECTION('',(-9.996233998405E-1,-2.744191121801E-2,0.E0));
#9576=AXIS2_PLACEMENT_3D('',#9573,#9574,#9575);
#9578=CARTESIAN_POINT('',(4.95E0,0.E0,5.72E0));
#9579=DIRECTION('',(0.E0,1.E0,0.E0));
#9580=DIRECTION('',(1.E0,0.E0,0.E0));
#9581=AXIS2_PLACEMENT_3D('',#9578,#9579,#9580);
#9583=CARTESIAN_POINT('',(0.E0,0.E0,5.72E0));
#9584=DIRECTION('',(0.E0,0.E0,1.E0));
#9585=DIRECTION('',(1.E0,6.751653646566E-11,0.E0));
#9586=AXIS2_PLACEMENT_3D('',#9583,#9584,#9585);
#9588=CARTESIAN_POINT('',(0.E0,0.E0,5.72E0));
#9589=DIRECTION('',(0.E0,0.E0,1.E0));
#9590=DIRECTION('',(9.996233998405E-1,2.744191121801E-2,0.E0));
#9591=AXIS2_PLACEMENT_3D('',#9588,#9589,#9590);
#9593=CARTESIAN_POINT('',(-4.95E0,0.E0,5.72E0));
#9594=DIRECTION('',(0.E0,-1.E0,0.E0));
#9595=DIRECTION('',(-1.E0,0.E0,0.E0));
#9596=AXIS2_PLACEMENT_3D('',#9593,#9594,#9595);
#9598=DIRECTION('',(0.E0,3.772059545502E-10,1.E0));
#9599=VECTOR('',#9598,1.2E0);
#9600=CARTESIAN_POINT('',(5.15E0,1.738542903652E-10,5.72E0));
#9601=LINE('',#9600,#9599);
#9602=DIRECTION('',(0.E0,-3.772059545502E-10,1.E0));
#9603=VECTOR('',#9602,1.2E0);
#9604=CARTESIAN_POINT('',(-5.15E0,0.E0,5.72E0));
#9605=LINE('',#9604,#9603);
#9606=CARTESIAN_POINT('',(4.95E0,8.701375869835E-10,6.92E0));
#9607=DIRECTION('',(-1.757853688999E-10,1.E0,0.E0));
#9608=DIRECTION('',(9.710875724478E-4,1.707029871569E-13,9.999995284944E-1));
#9609=AXIS2_PLACEMENT_3D('',#9606,#9607,#9608);
#9611=CARTESIAN_POINT('',(0.E0,0.E0,6.92E0));
#9612=DIRECTION('',(0.E0,0.E0,-1.E0));
#9613=DIRECTION('',(1.E0,6.751653646566E-11,0.E0));
#9614=AXIS2_PLACEMENT_3D('',#9611,#9612,#9613);
#9616=CARTESIAN_POINT('',(0.E0,0.E0,6.92E0));
#9617=DIRECTION('',(0.E0,0.E0,-1.E0));
#9618=DIRECTION('',(-9.998274554492E-1,-1.857577265921E-2,0.E0));
#9619=AXIS2_PLACEMENT_3D('',#9616,#9617,#9618);
#9621=DIRECTION('',(-1.078566024926E-2,5.306038698423E-3,-9.999277551335E-1));
#9622=VECTOR('',#9621,1.500136287493E-1);
#9623=CARTESIAN_POINT('',(1.5E-1,-4.95E0,7.27E0));
#9624=LINE('',#9623,#9622);
#9625=CARTESIAN_POINT('',(1.483820039675E-1,-4.949204021881E0,
7.119997208965E0));
#9626=CARTESIAN_POINT('',(1.342607636151E-1,-4.949204021881E0,
7.119999487044E0));
#9627=CARTESIAN_POINT('',(1.084205488607E-1,-4.950361031572E0,
7.119998176147E0));
#9628=CARTESIAN_POINT('',(6.499453116231E-2,-4.949930356679E0,
7.119998763151E0));
#9629=CARTESIAN_POINT('',(3.726240113194E-2,-4.949921813369E0,
7.119999998755E0));
#9630=CARTESIAN_POINT('',(2.347557177542E-2,-4.949921813369E0,
7.119999998755E0));
#9632=DIRECTION('',(-1.619282824883E-3,-9.999986889568E-1,-2.793254450470E-6));
#9633=VECTOR('',#9632,9.992053318820E-1);
#9634=CARTESIAN_POINT('',(1.5E-1,-3.95E0,7.12E0));
#9635=LINE('',#9634,#9633);
#9636=DIRECTION('',(-1.012153324117E-13,0.E0,-1.E0));
#9637=VECTOR('',#9636,1.499999999999E-1);
#9638=CARTESIAN_POINT('',(1.5E-1,-3.95E0,7.27E0));
#9639=LINE('',#9638,#9637);
#9640=DIRECTION('',(-6.428712937141E-1,-7.659742160924E-1,0.E0));
#9641=VECTOR('',#9640,1.944401643411E-1);
#9642=CARTESIAN_POINT('',(2.5E-2,-3.95E0,7.12E0));
#9643=LINE('',#9642,#9641);
#9644=DIRECTION('',(6.428711427649E-1,7.659743427819E-1,0.E0));
#9645=VECTOR('',#9644,1.944402099964E-1);
#9646=CARTESIAN_POINT('',(-1.E-1,-4.269148957729E0,7.12E0));
#9647=LINE('',#9646,#9645);
#9648=CARTESIAN_POINT('',(0.E0,0.E0,7.12E0));
#9649=DIRECTION('',(0.E0,0.E0,-1.E0));
#9650=DIRECTION('',(4.770132633300E-3,-9.999886228526E-1,0.E0));
#9651=AXIS2_PLACEMENT_3D('',#9648,#9649,#9650);
#9653=CARTESIAN_POINT('',(0.E0,0.E0,7.12E0));
#9654=DIRECTION('',(0.E0,0.E0,-1.E0));
#9655=DIRECTION('',(-1.E0,-1.800266947056E-7,0.E0));
#9656=AXIS2_PLACEMENT_3D('',#9653,#9654,#9655);
#9658=CARTESIAN_POINT('',(0.E0,0.E0,7.119999998321E0));
#9659=DIRECTION('',(0.E0,0.E0,-1.E0));
#9660=DIRECTION('',(9.999999887707E-1,-1.498621289957E-4,0.E0));
#9661=AXIS2_PLACEMENT_3D('',#9658,#9659,#9660);
#9663=DIRECTION('',(-4.977938732855E-1,8.672953705165E-1,4.171946207051E-8));
#9664=VECTOR('',#9663,1.000263062196E0);
#9665=CARTESIAN_POINT('',(-1.872129547172E0,3.387313201373E0,7.119999958270E0));
#9666=LINE('',#9665,#9664);
#9667=DIRECTION('',(-8.672948051856E-1,-4.977948582479E-1,-1.847411112968E-13));
#9668=VECTOR('',#9667,1.250000000005E-1);
#9669=CARTESIAN_POINT('',(-2.370054371207E0,4.254836724515E0,7.12E0));
#9670=LINE('',#9669,#9668);
#9671=DIRECTION('',(4.977961184748E-1,-8.672940818612E-1,-4.171944712686E-8));
#9672=VECTOR('',#9671,1.000263250170E0);
#9673=CARTESIAN_POINT('',(-2.478466221856E0,4.192612367234E0,7.12E0));
#9674=LINE('',#9673,#9672);
#9675=CARTESIAN_POINT('',(0.E0,0.E0,7.12E0));
#9676=DIRECTION('',(0.E0,0.E0,1.E0));
#9677=DIRECTION('',(-5.117366391492E-1,8.591423701298E-1,0.E0));
#9678=AXIS2_PLACEMENT_3D('',#9675,#9676,#9677);
#9680=CARTESIAN_POINT('',(0.E0,0.E0,7.119999999999E0));
#9681=DIRECTION('',(0.E0,0.E0,1.E0));
#9682=DIRECTION('',(-9.999999999992E-1,1.255304434786E-6,0.E0));
#9683=AXIS2_PLACEMENT_3D('',#9680,#9681,#9682);
#9685=CARTESIAN_POINT('',(0.E0,0.E0,7.12E0));
#9686=DIRECTION('',(0.E0,0.E0,1.E0));
#9687=DIRECTION('',(9.999999999993E-1,1.219888891095E-6,0.E0));
#9688=AXIS2_PLACEMENT_3D('',#9685,#9686,#9687);
#9690=DIRECTION('',(9.778065892107E-1,-2.095096038281E-1,0.E0));
#9691=VECTOR('',#9690,3.782110621838E-1);
#9692=CARTESIAN_POINT('',(8.076620899513E-1,3.784782946017E0,7.12E0));
#9693=LINE('',#9692,#9691);
#9694=DIRECTION('',(2.095096038302E-1,9.778065892102E-1,0.E0));
#9695=VECTOR('',#9694,1.276595741504E-1);
#9696=CARTESIAN_POINT('',(1.177479358667E0,3.705544096215E0,7.12E0));
#9697=LINE('',#9696,#9695);
#9698=DIRECTION('',(-9.778065892107E-1,2.095096038281E-1,0.E0));
#9699=VECTOR('',#9698,6.249999999999E-1);
#9700=CARTESIAN_POINT('',(1.204225265472E0,3.830370468995E0,7.12E0));
#9701=LINE('',#9700,#9699);
#9702=DIRECTION('',(2.095096038279E-1,9.778065892107E-1,0.E0));
#9703=VECTOR('',#9702,3.404255360367E-1);
#9704=CARTESIAN_POINT('',(5.930961472158E-1,3.961313971388E0,7.12E0));
#9705=LINE('',#9704,#9703);
#9706=DIRECTION('',(9.778065892106E-1,-2.095096038282E-1,0.E0));
#9707=VECTOR('',#9706,5.416665077210E-1);
#9708=CARTESIAN_POINT('',(6.644185664038E-1,4.294184303660E0,7.12E0));
#9709=LINE('',#9708,#9707);
#9710=DIRECTION('',(2.095096038268E-1,9.778065892109E-1,0.E0));
#9711=VECTOR('',#9710,1.276595592502E-1);
#9712=CARTESIAN_POINT('',(1.194063646808E0,4.180699968220E0,7.12E0));
#9713=LINE('',#9712,#9711);
#9714=DIRECTION('',(-9.778065892108E-1,2.095096038277E-1,0.E0));
#9715=VECTOR('',#9714,5.416665077208E-1);
#9716=CARTESIAN_POINT('',(1.220809550491E0,4.305526326431E0,7.12E0));
#9717=LINE('',#9716,#9715);
#9718=DIRECTION('',(2.095096038278E-1,9.778065892107E-1,0.E0));
#9719=VECTOR('',#9718,2.765957713131E-1);
#9720=CARTESIAN_POINT('',(6.911644700872E-1,4.419010661870E0,7.12E0));
#9721=LINE('',#9720,#9719);
#9722=DIRECTION('',(9.778065892106E-1,-2.095096038282E-1,0.E0));
#9723=VECTOR('',#9722,6.25E-1);
#9724=CARTESIAN_POINT('',(7.491139405554E-1,4.689467829608E0,7.12E0));
#9725=LINE('',#9724,#9723);
#9726=DIRECTION('',(2.095096038273E-1,9.778065892108E-1,0.E0));
#9727=VECTOR('',#9726,1.276595592492E-1);
#9728=CARTESIAN_POINT('',(1.360243058812E0,4.558524327215E0,7.12E0));
#9729=LINE('',#9728,#9727);
#9730=DIRECTION('',(-9.778065892107E-1,2.095096038280E-1,0.E0));
#9731=VECTOR('',#9730,7.499999999999E-1);
#9732=CARTESIAN_POINT('',(1.386988962495E0,4.683350685425E0,7.12E0));
#9733=LINE('',#9732,#9731);
#9734=DIRECTION('',(-2.095096038279E-1,-9.778065892107E-1,0.E0));
#9735=VECTOR('',#9734,9.999999999992E-1);
#9736=CARTESIAN_POINT('',(6.536340205872E-1,4.840482888296E0,7.12E0));
#9737=LINE('',#9736,#9735);
#9738=DIRECTION('',(9.778065892107E-1,-2.095096038279E-1,0.E0));
#9739=VECTOR('',#9738,3.717889378158E-1);
#9740=CARTESIAN_POINT('',(4.441244167594E-1,3.862676299086E0,7.12E0));
#9741=LINE('',#9740,#9739);
#9742=CARTESIAN_POINT('',(8.076620899513E-1,3.784782946017E0,7.12E0));
#9743=CARTESIAN_POINT('',(7.158824662710E-1,3.804086054933E0,7.12E0));
#9744=CARTESIAN_POINT('',(5.323633972154E-1,3.836242922447E0,7.119999914163E0));
#9745=CARTESIAN_POINT('',(2.584325128358E-1,3.865080212248E0,7.120000300429E0));
#9746=CARTESIAN_POINT('',(7.425603682876E-2,3.871472984929E0,7.119999356224E0));
#9747=CARTESIAN_POINT('',(-1.800027810981E-2,3.871274687258E0,
7.119999356224E0));
#9749=CARTESIAN_POINT('',(-1.800027810981E-2,3.871274687258E0,
7.119999356224E0));
#9750=CARTESIAN_POINT('',(1.696578721942E-2,3.879659355240E0,7.119999356224E0));
#9751=CARTESIAN_POINT('',(5.189994266254E-2,3.888066156923E0,7.12E0));
#9752=CARTESIAN_POINT('',(8.686600799177E-2,3.896450824904E0,7.12E0));
#9754=DIRECTION('',(8.746961995543E-1,4.846715985956E-1,1.708592784651E-13));
#9755=VECTOR('',#9754,9.356946662905E-2);
#9756=CARTESIAN_POINT('',(8.686600799177E-2,3.896450824904E0,7.12E0));
#9757=LINE('',#9756,#9755);
#9758=DIRECTION('',(6.750310142164E-1,7.377893533021E-1,0.E0));
#9759=VECTOR('',#9758,1.191115733271E-1);
#9760=CARTESIAN_POINT('',(1.687108648465E-1,3.941801287875E0,7.12E0));
#9761=LINE('',#9760,#9759);
#9762=DIRECTION('',(2.047425934638E-1,9.788158511292E-1,0.E0));
#9763=VECTOR('',#9762,8.761912899302E-2);
#9764=CARTESIAN_POINT('',(2.491148709944E-1,4.029680538530E0,7.12E0));
#9765=LINE('',#9764,#9763);
#9766=DIRECTION('',(-2.779089818445E-1,-9.606074108657E-1,0.E0));
#9767=VECTOR('',#9766,6.714354249969E-2);
#9768=CARTESIAN_POINT('',(1.414054901302E-1,4.132475424493E0,7.12E0));
#9769=LINE('',#9768,#9767);
#9770=DIRECTION('',(-8.070691013611E-1,-5.904569972727E-1,0.E0));
#9771=VECTOR('',#9770,7.561101072255E-2);
#9772=CARTESIAN_POINT('',(1.227456965967E-1,4.067976839976E0,7.12E0));
#9773=LINE('',#9772,#9771);
#9774=DIRECTION('',(-9.599858604333E-1,-2.800484739614E-1,0.E0));
#9775=VECTOR('',#9774,8.600676923289E-2);
#9776=CARTESIAN_POINT('',(6.172238611980E-2,4.023331789624E0,7.12E0));
#9777=LINE('',#9776,#9775);
#9778=DIRECTION('',(-9.767386190429E-1,2.144333697684E-1,0.E0));
#9779=VECTOR('',#9778,8.600676923509E-2);
#9780=CARTESIAN_POINT('',(-2.082353811185E-1,3.992896976244E0,7.12E0));
#9781=LINE('',#9780,#9779);
#9782=DIRECTION('',(-8.451813057774E-1,5.344797099651E-1,0.E0));
#9783=VECTOR('',#9782,7.561101072129E-2);
#9784=CARTESIAN_POINT('',(-2.922415141295E-1,4.011339697594E0,7.12E0));
#9785=LINE('',#9784,#9783);
#9786=DIRECTION('',(-5.746613287429E-1,8.183913228080E-1,0.E0));
#9787=VECTOR('',#9786,7.622557728627E-2);
#9788=CARTESIAN_POINT('',(-3.561465269021E-1,4.051752248675E0,7.12E0));
#9789=LINE('',#9788,#9787);
#9790=DIRECTION('',(-2.705256359720E-1,9.627127714339E-1,0.E0));
#9791=VECTOR('',#9790,8.761922789756E-2);
#9792=CARTESIAN_POINT('',(-3.999504184296E-1,4.114134599702E0,7.12E0));
#9793=LINE('',#9792,#9791);
#9794=DIRECTION('',(2.047478071404E-1,9.788147605503E-1,0.E0));
#9795=VECTOR('',#9794,8.761922789735E-2);
#9796=CARTESIAN_POINT('',(-4.344600466172E-1,4.517452672885E0,7.12E0));
#9797=LINE('',#9796,#9795);
#9798=DIRECTION('',(5.179535942098E-1,8.554087176579E-1,0.E0));
#9799=VECTOR('',#9798,7.622562719797E-2);
#9800=CARTESIAN_POINT('',(-4.165202018419E-1,4.603215666459E0,7.12E0));
#9801=LINE('',#9800,#9799);
#9802=DIRECTION('',(8.070691975494E-1,5.904568657971E-1,0.E0));
#9803=VECTOR('',#9802,7.561100233586E-2);
#9804=CARTESIAN_POINT('',(-3.770388642638E-1,4.668419732473E0,7.12E0));
#9805=LINE('',#9804,#9803);
#9806=DIRECTION('',(9.599858604336E-1,2.800484739603E-1,0.E0));
#9807=VECTOR('',#9806,8.600676923323E-2);
#9808=CARTESIAN_POINT('',(-3.160155532827E-1,4.713064767932E0,7.12E0));
#9809=LINE('',#9808,#9807);
#9810=DIRECTION('',(9.767386190428E-1,-2.144333697685E-1,0.E0));
#9811=VECTOR('',#9810,8.600676923289E-2);
#9812=CARTESIAN_POINT('',(-4.605778604266E-2,4.743499581312E0,7.12E0));
#9813=LINE('',#9812,#9811);
#9814=DIRECTION('',(8.451813928445E-1,-5.344795722845E-1,0.E0));
#9815=VECTOR('',#9814,7.561100233609E-2);
#9816=CARTESIAN_POINT('',(3.794834696622E-2,4.725056859962E0,7.12E0));
#9817=LINE('',#9816,#9815);
#9818=DIRECTION('',(3.422864989318E-1,-9.395956325191E-1,0.E0));
#9819=VECTOR('',#9818,6.714359916259E-2);
#9820=CARTESIAN_POINT('',(1.018533592350E-1,4.684644323774E0,7.12E0));
#9821=LINE('',#9820,#9819);
#9822=DIRECTION('',(-2.252985608658E-1,9.742897713062E-1,0.E0));
#9823=VECTOR('',#9822,1.084037023264E-1);
#9824=CARTESIAN_POINT('',(2.497640299674E-1,4.625788990520E0,7.12E0));
#9825=LINE('',#9824,#9823);
#9826=DIRECTION('',(-7.234176362493E-1,6.904106919534E-1,0.E0));
#9827=VECTOR('',#9826,1.191115680036E-1);
#9828=CARTESIAN_POINT('',(2.253408318408E-1,4.731405608868E0,7.12E0));
#9829=LINE('',#9828,#9827);
#9830=DIRECTION('',(-9.054936795627E-1,4.243597486472E-1,0.E0));
#9831=VECTOR('',#9830,9.356946408703E-2);
#9832=CARTESIAN_POINT('',(1.391734228657E-1,4.813641508953E0,7.12E0));
#9833=LINE('',#9832,#9831);
#9834=DIRECTION('',(-9.859850207524E-1,1.668338660222E-1,0.E0));
#9835=VECTOR('',#9834,1.063172363716E-1);
#9836=CARTESIAN_POINT('',(5.444686453482E-2,4.853348623214E0,7.12E0));
#9837=LINE('',#9836,#9835);
#9838=DIRECTION('',(-9.724326496327E-1,-2.331839229629E-1,0.E0));
#9839=VECTOR('',#9838,1.063172363705E-1);
#9840=CARTESIAN_POINT('',(-2.377728228480E-1,4.864737189877E0,7.12E0));
#9841=LINE('',#9840,#9839);
#9842=DIRECTION('',(-8.746962253334E-1,-4.846715520715E-1,0.E0));
#9843=VECTOR('',#9842,9.356946408700E-2);
#9844=CARTESIAN_POINT('',(-3.411591747135E-1,4.839945719622E0,7.12E0));
#9845=LINE('',#9844,#9843);
#9846=DIRECTION('',(-6.750310465025E-1,-7.377893237624E-1,0.E0));
#9847=VECTOR('',#9846,1.191115680037E-1);
#9848=CARTESIAN_POINT('',(-4.230040317568E-1,4.794595262236E0,7.12E0));
#9849=LINE('',#9848,#9847);
#9850=DIRECTION('',(-4.090490325060E-1,-9.125124048504E-1,0.E0));
#9851=VECTOR('',#9850,9.475860152259E-2);
#9852=CARTESIAN_POINT('',(-5.034080381569E-1,4.706716019026E0,7.12E0));
#9853=LINE('',#9852,#9851);
#9854=DIRECTION('',(-1.588451548171E-1,-9.873035079403E-1,0.E0));
#9855=VECTOR('',#9854,1.084037939659E-1);
#9856=CARTESIAN_POINT('',(-5.421689524314E-1,4.620247619671E0,7.12E0));
#9857=LINE('',#9856,#9855);
#9858=DIRECTION('',(2.253028695533E-1,-9.742887749384E-1,0.E0));
#9859=VECTOR('',#9858,1.084037354722E-1);
#9860=CARTESIAN_POINT('',(-5.485819890294E-1,4.194254250152E0,7.12E0));
#9861=LINE('',#9860,#9859);
#9862=DIRECTION('',(4.698709177858E-1,-8.827351361644E-1,0.E0));
#9863=VECTOR('',#9862,9.475861490643E-2);
#9864=CARTESIAN_POINT('',(-5.241583163572E-1,4.088637707520E0,7.12E0));
#9865=LINE('',#9864,#9863);
#9866=DIRECTION('',(7.234176060351E-1,-6.904107236120E-1,0.E0));
#9867=VECTOR('',#9866,1.191115733264E-1);
#9868=CARTESIAN_POINT('',(-4.796339990030E-1,4.004990948688E0,7.12E0));
#9869=LINE('',#9868,#9867);
#9870=DIRECTION('',(9.054936569924E-1,-4.243597968076E-1,0.E0));
#9871=VECTOR('',#9870,9.356946662892E-2);
#9872=CARTESIAN_POINT('',(-3.934665897762E-1,3.922755041157E0,7.12E0));
#9873=LINE('',#9872,#9871);
#9874=DIRECTION('',(9.859936179795E-1,-1.667830486088E-1,-6.553876480482E-7));
#9875=VECTOR('',#9874,1.079428902664E-1);
#9876=CARTESIAN_POINT('',(-3.087400312555E-1,3.883047921311E0,7.12E0));
#9877=LINE('',#9876,#9875);
#9878=CARTESIAN_POINT('',(0.E0,0.E0,7.12E0));
#9879=DIRECTION('',(0.E0,0.E0,1.E0));
#9880=DIRECTION('',(-5.193400139216E-2,9.986505192005E-1,0.E0));
#9881=AXIS2_PLACEMENT_3D('',#9878,#9879,#9880);
#9883=DIRECTION('',(-1.967634135228E-1,9.804509978060E-1,4.171946206839E-8));
#9884=VECTOR('',#9883,1.000263062247E0);
#9885=CARTESIAN_POINT('',(-7.001496363965E-1,3.806382830438E0,
7.119999958270E0));
#9886=LINE('',#9885,#9884);
#9887=DIRECTION('',(-9.804507743461E-1,-1.967645269964E-1,-1.847411112979E-13));
#9888=VECTOR('',#9887,1.249999999998E-1);
#9889=CARTESIAN_POINT('',(-8.969648109450E-1,4.787091747887E0,7.12E0));
#9890=LINE('',#9889,#9888);
#9891=DIRECTION('',(1.967659516424E-1,-9.804504884359E-1,-4.171945461015E-8));
#9892=VECTOR('',#9891,1.000263070751E0);
#9893=CARTESIAN_POINT('',(-1.019521157738E0,4.762496182012E0,7.12E0));
#9894=LINE('',#9893,#9892);
#9895=CARTESIAN_POINT('',(0.E0,0.E0,7.12E0));
#9896=DIRECTION('',(0.E0,0.E0,1.E0));
#9897=DIRECTION('',(-2.125730193490E-1,9.771451844250E-1,0.E0));
#9898=AXIS2_PLACEMENT_3D('',#9895,#9896,#9897);
#9900=DIRECTION('',(-3.518570961770E-1,9.360537291576E-1,4.668460240175E-8));
#9901=VECTOR('',#9900,8.938800961548E-1);
#9902=CARTESIAN_POINT('',(-1.303096269690E0,3.644269457315E0,7.119999958270E0));
#9903=LINE('',#9902,#9901);
#9904=DIRECTION('',(9.360532820056E-1,3.518582857439E-1,-6.927788370237E-14));
#9905=VECTOR('',#9904,3.333334922789E-1);
#9906=CARTESIAN_POINT('',(-1.617614324653E0,4.480989254740E0,7.12E0));
#9907=LINE('',#9906,#9905);
#9908=DIRECTION('',(-3.518582857445E-1,9.360532820053E-1,0.E0));
#9909=VECTOR('',#9908,1.063829660417E-1);
#9910=CARTESIAN_POINT('',(-1.305596415203E0,4.598275405914E0,7.12E0));
#9911=LINE('',#9910,#9909);
#9912=DIRECTION('',(-9.360532820054E-1,-3.518582857442E-1,0.E0));
#9913=VECTOR('',#9912,7.916669845582E-1);
#9914=CARTESIAN_POINT('',(-1.343028143267E0,4.697855530427E0,7.12E0));
#9915=LINE('',#9914,#9913);
#9916=DIRECTION('',(3.518582857445E-1,-9.360532820053E-1,0.E0));
#9917=VECTOR('',#9916,1.063829660420E-1);
#9918=CARTESIAN_POINT('',(-2.084070622418E0,4.419300942360E0,7.12E0));
#9919=LINE('',#9918,#9917);
#9920=DIRECTION('',(9.360532820052E-1,3.518582857447E-1,0.E0));
#9921=VECTOR('',#9920,3.333334922792E-1);
#9922=CARTESIAN_POINT('',(-2.046638894354E0,4.319720817847E0,7.12E0));
#9923=LINE('',#9922,#9921);
#9924=DIRECTION('',(3.518598077530E-1,-9.360527098877E-1,-4.668459400600E-8));
#9925=VECTOR('',#9924,8.938801047094E-1);
#9926=CARTESIAN_POINT('',(-1.734620984904E0,4.437006969022E0,7.12E0));
#9927=LINE('',#9926,#9925);
#9928=CARTESIAN_POINT('',(0.E0,0.E0,7.12E0));
#9929=DIRECTION('',(0.E0,0.E0,1.E0));
#9930=DIRECTION('',(-3.669295373386E-1,9.302487380419E-1,0.E0));
#9931=AXIS2_PLACEMENT_3D('',#9928,#9929,#9930);
#9933=DIRECTION('',(8.989973774392E-1,-4.379540105508E-1,0.E0));
#9934=VECTOR('',#9933,3.541665077207E-1);
#9935=CARTESIAN_POINT('',(1.647084420085E0,3.999410952197E0,7.12E0));
#9936=LINE('',#9935,#9934);
#9937=DIRECTION('',(-9.614310444920E-2,-9.953675218063E-1,0.E0));
#9938=VECTOR('',#9937,4.768810917211E-1);
#9939=CARTESIAN_POINT('',(1.965479181703E0,3.844302309738E0,7.12E0));
#9940=LINE('',#9939,#9938);
#9941=DIRECTION('',(8.989973774392E-1,-4.379540105507E-1,0.E0));
#9942=VECTOR('',#9941,1.458339691165E-1);
#9943=CARTESIAN_POINT('',(1.919630353092E0,3.369630359275E0,7.12E0));
#9944=LINE('',#9943,#9942);
#9945=DIRECTION('',(8.731167903812E-2,9.961810431360E-1,0.E0));
#9946=VECTOR('',#9945,5.240525992219E-1);
#9947=CARTESIAN_POINT('',(2.050734708869E0,3.305761787626E0,7.12E0));
#9948=LINE('',#9947,#9946);
#9949=DIRECTION('',(8.851179896827E-1,4.653666772987E-1,0.E0));
#9950=VECTOR('',#9949,1.055904574126E-1);
#9951=CARTESIAN_POINT('',(2.190043122201E0,3.829572227243E0,7.12E0));
#9952=LINE('',#9951,#9950);
#9953=DIRECTION('',(6.952766042428E-1,7.187422650663E-1,0.E0));
#9954=VECTOR('',#9953,6.714354250016E-2);
#9955=CARTESIAN_POINT('',(2.283503135596E0,3.878710507564E0,7.12E0));
#9956=LINE('',#9955,#9954);
#9957=DIRECTION('',(4.379540105535E-1,8.989973774379E-1,0.E0));
#9958=VECTOR('',#9957,8.510643243736E-2);
#9959=CARTESIAN_POINT('',(2.330186469822E0,3.926969409385E0,7.12E0));
#9960=LINE('',#9959,#9958);
#9961=DIRECTION('',(-1.791322743302E-1,9.838249988150E-1,0.E0));
#9962=VECTOR('',#9961,1.055904574139E-1);
#9963=CARTESIAN_POINT('',(2.376684854965E0,4.069986576099E0,7.12E0));
#9964=LINE('',#9963,#9962);
#9965=DIRECTION('',(-4.473830684388E-1,8.943424344591E-1,0.E0));
#9966=VECTOR('',#9965,1.049696729046E-1);
#9967=CARTESIAN_POINT('',(2.357770196181E0,4.173869107739E0,7.12E0));
#9968=LINE('',#9967,#9966);
#9969=DIRECTION('',(-7.931668365905E-1,6.090044083035E-1,0.E0));
#9970=VECTOR('',#9969,1.063177035601E-1);
#9971=CARTESIAN_POINT('',(2.310808541824E0,4.267747940549E0,7.12E0));
#9972=LINE('',#9971,#9970);
#9973=DIRECTION('',(-8.989973774393E-1,4.379540105505E-1,0.E0));
#9974=VECTOR('',#9973,5.000000000006E-1);
#9975=CARTESIAN_POINT('',(2.226480865217E0,4.332495890698E0,7.12E0));
#9976=LINE('',#9975,#9974);
#9977=DIRECTION('',(-4.379540105510E-1,-8.989973774390E-1,0.E0));
#9978=VECTOR('',#9977,1.E0);
#9979=CARTESIAN_POINT('',(1.776982176497E0,4.551472895973E0,7.12E0));
#9980=LINE('',#9979,#9978);
#9981=DIRECTION('',(8.989973774390E-1,-4.379540105512E-1,0.E0));
#9982=VECTOR('',#9981,1.250000000002E-1);
#9983=CARTESIAN_POINT('',(1.339028165946E0,3.652475518534E0,7.12E0));
#9984=LINE('',#9983,#9982);
#9985=DIRECTION('',(4.379540105507E-1,8.989973774392E-1,0.E0));
#9986=VECTOR('',#9985,4.468085169792E-1);
#9987=CARTESIAN_POINT('',(1.451402838126E0,3.597731267215E0,7.12E0));
#9988=LINE('',#9987,#9986);
#9989=DIRECTION('',(1.E0,0.E0,4.689582056017E-13));
#9990=VECTOR('',#9989,1.25E-1);
#9991=CARTESIAN_POINT('',(2.5E-2,-3.95E0,7.12E0));
#9992=LINE('',#9991,#9990);
#9993=DIRECTION('',(0.E0,0.E0,-1.E0));
#9994=VECTOR('',#9993,1.5E-1);
#9995=CARTESIAN_POINT('',(2.5E-2,-3.95E0,7.27E0));
#9996=LINE('',#9995,#9994);
#9997=DIRECTION('',(-1.521005543736E-14,-1.E0,0.E0));
#9998=VECTOR('',#9997,1.E0);
#9999=CARTESIAN_POINT('',(1.5E-1,-3.95E0,7.27E0));
#10000=LINE('',#9999,#9998);
#10001=DIRECTION('',(-1.E0,2.344791028009E-13,0.E0));
#10002=VECTOR('',#10001,1.25E-1);
#10003=CARTESIAN_POINT('',(1.5E-1,-4.95E0,7.27E0));
#10004=LINE('',#10003,#10002);
#10005=DIRECTION('',(-1.657357437226E-13,1.E0,0.E0));
#10006=VECTOR('',#10005,8.297872543335E-1);
#10007=CARTESIAN_POINT('',(2.5E-2,-4.95E0,7.27E0));
#10008=LINE('',#10007,#10006);
#10009=DIRECTION('',(-6.428711427649E-1,-7.659743427819E-1,0.E0));
#10010=VECTOR('',#10009,1.944402099964E-1);
#10011=CARTESIAN_POINT('',(2.499999999986E-2,-4.120212745667E0,7.27E0));
#10012=LINE('',#10011,#10010);
#10013=DIRECTION('',(1.947799110655E-13,1.E0,0.E0));
#10014=VECTOR('',#10013,1.702128052709E-1);
#10015=CARTESIAN_POINT('',(-1.E-1,-4.269148957729E0,7.27E0));
#10016=LINE('',#10015,#10014);
#10017=DIRECTION('',(6.428712937141E-1,7.659742160924E-1,0.E0));
#10018=VECTOR('',#10017,1.944401643411E-1);
#10019=CARTESIAN_POINT('',(-9.999999999997E-2,-4.098936152458E0,7.27E0));
#10020=LINE('',#10019,#10018);
#10021=DIRECTION('',(1.E0,0.E0,0.E0));
#10022=VECTOR('',#10021,1.25E-1);
#10023=CARTESIAN_POINT('',(2.5E-2,-3.95E0,7.27E0));
#10024=LINE('',#10023,#10022);
#10025=DIRECTION('',(1.837301423826E-3,9.999983121603E-1,1.501108567835E-9));
#10026=VECTOR('',#10025,8.297104681207E-1);
#10027=CARTESIAN_POINT('',(2.347557177542E-2,-4.949921813369E0,
7.119999998755E0));
#10028=LINE('',#10027,#10026);
#10029=DIRECTION('',(-1.016232857821E-2,5.212172156183E-4,-9.999482263650E-1));
#10030=VECTOR('',#10029,1.500077676929E-1);
#10031=CARTESIAN_POINT('',(2.5E-2,-4.95E0,7.27E0));
#10032=LINE('',#10031,#10030);
#10033=DIRECTION('',(0.E0,0.E0,-1.E0));
#10034=VECTOR('',#10033,1.5E-1);
#10035=CARTESIAN_POINT('',(2.499999999986E-2,-4.120212745667E0,7.27E0));
#10036=LINE('',#10035,#10034);
#10037=DIRECTION('',(1.947799110655E-13,1.E0,0.E0));
#10038=VECTOR('',#10037,1.702128052709E-1);
#10039=CARTESIAN_POINT('',(-1.E-1,-4.269148957729E0,7.12E0));
#10040=LINE('',#10039,#10038);
#10041=DIRECTION('',(0.E0,0.E0,-1.E0));
#10042=VECTOR('',#10041,1.5E-1);
#10043=CARTESIAN_POINT('',(-1.E-1,-4.269148957729E0,7.27E0));
#10044=LINE('',#10043,#10042);
#10045=DIRECTION('',(0.E0,0.E0,-1.E0));
#10046=VECTOR('',#10045,1.5E-1);
#10047=CARTESIAN_POINT('',(-9.999999999997E-2,-4.098936152458E0,7.27E0));
#10048=LINE('',#10047,#10046);
#10049=CARTESIAN_POINT('',(0.E0,0.E0,6.92E0));
#10050=DIRECTION('',(0.E0,0.E0,-1.E0));
#10051=DIRECTION('',(-1.E0,0.E0,0.E0));
#10052=AXIS2_PLACEMENT_3D('',#10049,#10050,#10051);
#10054=CARTESIAN_POINT('',(0.E0,0.E0,6.92E0));
#10055=DIRECTION('',(0.E0,0.E0,-1.E0));
#10056=DIRECTION('',(9.998274554492E-1,1.857577265921E-2,0.E0));
#10057=AXIS2_PLACEMENT_3D('',#10054,#10055,#10056);
#10059=CARTESIAN_POINT('',(-4.95E0,-8.701375869835E-10,6.92E0));
#10060=DIRECTION('',(1.757853688999E-10,-1.E0,0.E0));
#10061=DIRECTION('',(1.178360005127E-6,0.E0,9.999999999993E-1));
#10062=AXIS2_PLACEMENT_3D('',#10059,#10060,#10061);
#10064=DIRECTION('',(3.967196941328E-13,2.309263891221E-13,-1.E0));
#10065=VECTOR('',#10064,1.5E-1);
#10066=CARTESIAN_POINT('',(-2.370054371207E0,4.254836724515E0,7.27E0));
#10067=LINE('',#10066,#10065);
#10068=DIRECTION('',(8.664369987923E-4,-1.524783608060E-3,-9.999984621598E-1));
#10069=VECTOR('',#10068,1.500002724069E-1);
#10070=CARTESIAN_POINT('',(-1.872259512958E0,3.387541919330E0,7.27E0));
#10071=LINE('',#10070,#10069);
#10072=CARTESIAN_POINT('',(-1.980539058468E0,3.325089970058E0,
7.119999958270E0));
#10073=CARTESIAN_POINT('',(-1.968492668609E0,3.332004148371E0,
7.119999976554E0));
#10074=CARTESIAN_POINT('',(-1.944577060363E0,3.346135551016E0,
7.119999897863E0));
#10075=CARTESIAN_POINT('',(-1.908441239843E0,3.366876033678E0,
7.119999897863E0));
#10076=CARTESIAN_POINT('',(-1.884175937031E0,3.380399023061E0,
7.119999976554E0));
#10077=CARTESIAN_POINT('',(-1.872129547172E0,3.387313201373E0,
7.119999958270E0));
#10079=CARTESIAN_POINT('',(-1.420100503107E0,3.600288074694E0,
7.119999958270E0));
#10080=CARTESIAN_POINT('',(-1.407099084562E0,3.605175250381E0,
7.119999976554E0));
#10081=CARTESIAN_POINT('',(-1.381222291804E0,3.615276946793E0,
7.119999897863E0));
#10082=CARTESIAN_POINT('',(-1.342221709526E0,3.629937087572E0,
7.119999897863E0));
#10083=CARTESIAN_POINT('',(-1.316097688235E0,3.639382281628E0,
7.119999976554E0));
#10084=CARTESIAN_POINT('',(-1.303096269690E0,3.644269457315E0,
7.119999958270E0));
#10086=CARTESIAN_POINT('',(-8.227034427290E-1,3.781787765730E0,
7.119999958270E0));
#10087=CARTESIAN_POINT('',(-8.090853601636E-1,3.784520749012E0,
7.119999976554E0));
#10088=CARTESIAN_POINT('',(-7.819209628864E-1,3.790330068627E0,
7.119999897863E0));
#10089=CARTESIAN_POINT('',(-7.410705636638E-1,3.798528240925E0,
7.119999897863E0));
#10090=CARTESIAN_POINT('',(-7.137677189619E-1,3.803649847157E0,
7.119999976554E0));
#10091=CARTESIAN_POINT('',(-7.001496363965E-1,3.806382830438E0,
7.119999958270E0));
#10093=CARTESIAN_POINT('',(0.E0,0.E0,6.52E0));
#10094=DIRECTION('',(0.E0,0.E0,1.E0));
#10095=DIRECTION('',(1.E0,1.999670314819E-10,0.E0));
#10096=AXIS2_PLACEMENT_3D('',#10093,#10094,#10095);
#10098=CARTESIAN_POINT('',(0.E0,0.E0,6.52E0));
#10099=DIRECTION('',(0.E0,0.E0,1.E0));
#10100=DIRECTION('',(9.990659737222E-1,4.321088000260E-2,0.E0));
#10101=AXIS2_PLACEMENT_3D('',#10098,#10099,#10100);
#10103=CARTESIAN_POINT('',(-3.87E0,-1.834189466976E-10,6.52E0));
#10104=DIRECTION('',(4.739507397655E-11,-1.E0,0.E0));
#10105=DIRECTION('',(1.E0,4.739507397655E-11,0.E0));
#10106=AXIS2_PLACEMENT_3D('',#10103,#10104,#10105);
#10108=DIRECTION('',(6.099807799421E-4,-1.644263231605E-3,-9.999984621598E-1));
#10109=VECTOR('',#10108,1.500002724069E-1);
#10110=CARTESIAN_POINT('',(-1.303187766973E0,3.644516097247E0,7.27E0));
#10111=LINE('',#10110,#10109);
#10112=DIRECTION('',(6.261596426324E-4,-1.638242593414E-3,-9.999984620415E-1));
#10113=VECTOR('',#10112,1.500002724246E-1);
#10114=CARTESIAN_POINT('',(-1.420194427224E0,3.600533811529E0,7.27E0));
#10115=LINE('',#10114,#10113);
#10116=DIRECTION('',(0.E0,0.E0,-1.E0));
#10117=VECTOR('',#10116,1.5E-1);
#10118=CARTESIAN_POINT('',(-1.734620984904E0,4.437006969022E0,7.27E0));
#10119=LINE('',#10118,#10117);
#10120=DIRECTION('',(0.E0,0.E0,-1.E0));
#10121=VECTOR('',#10120,1.5E-1);
#10122=CARTESIAN_POINT('',(-2.046638894354E0,4.319720817847E0,7.27E0));
#10123=LINE('',#10122,#10121);
#10124=DIRECTION('',(0.E0,0.E0,-1.E0));
#10125=VECTOR('',#10124,1.5E-1);
#10126=CARTESIAN_POINT('',(-2.084070622418E0,4.419300942360E0,7.27E0));
#10127=LINE('',#10126,#10125);
#10128=DIRECTION('',(0.E0,0.E0,-1.E0));
#10129=VECTOR('',#10128,1.5E-1);
#10130=CARTESIAN_POINT('',(-1.343028143267E0,4.697855530427E0,7.27E0));
#10131=LINE('',#10130,#10129);
#10132=DIRECTION('',(0.E0,0.E0,-1.E0));
#10133=VECTOR('',#10132,1.5E-1);
#10134=CARTESIAN_POINT('',(-1.305596415203E0,4.598275405914E0,7.27E0));
#10135=LINE('',#10134,#10133);
#10136=DIRECTION('',(9.858780458673E-13,3.730349362741E-13,-1.E0));
#10137=VECTOR('',#10136,1.5E-1);
#10138=CARTESIAN_POINT('',(-1.617614324653E0,4.480989254740E0,7.27E0));
#10139=LINE('',#10138,#10137);
#10140=DIRECTION('',(9.360532820054E-1,3.518582857442E-1,0.E0));
#10141=VECTOR('',#10140,7.916669845582E-1);
#10142=CARTESIAN_POINT('',(-2.084070622418E0,4.419300942360E0,7.27E0));
#10143=LINE('',#10142,#10141);
#10144=DIRECTION('',(3.518582857445E-1,-9.360532820053E-1,0.E0));
#10145=VECTOR('',#10144,1.063829660417E-1);
#10146=CARTESIAN_POINT('',(-1.343028143267E0,4.697855530427E0,7.27E0));
#10147=LINE('',#10146,#10145);
#10148=DIRECTION('',(-9.360532820056E-1,-3.518582857439E-1,0.E0));
#10149=VECTOR('',#10148,3.333334922791E-1);
#10150=CARTESIAN_POINT('',(-1.305596415203E0,4.598275405914E0,7.27E0));
#10151=LINE('',#10150,#10149);
#10152=DIRECTION('',(3.518582857442E-1,-9.360532820054E-1,0.E0));
#10153=VECTOR('',#10152,8.936170339584E-1);
#10154=CARTESIAN_POINT('',(-1.617614324653E0,4.480989254740E0,7.27E0));
#10155=LINE('',#10154,#10153);
#10156=DIRECTION('',(-9.360532820052E-1,-3.518582857448E-1,0.E0));
#10157=VECTOR('',#10156,1.250000000001E-1);
#10158=CARTESIAN_POINT('',(-1.303187766973E0,3.644516097247E0,7.27E0));
#10159=LINE('',#10158,#10157);
#10160=DIRECTION('',(-3.518582857441E-1,9.360532820055E-1,0.E0));
#10161=VECTOR('',#10160,8.936170339582E-1);
#10162=CARTESIAN_POINT('',(-1.420194427224E0,3.600533811529E0,7.27E0));
#10163=LINE('',#10162,#10161);
#10164=DIRECTION('',(-9.360532820052E-1,-3.518582857447E-1,0.E0));
#10165=VECTOR('',#10164,3.333334922792E-1);
#10166=CARTESIAN_POINT('',(-1.734620984904E0,4.437006969022E0,7.27E0));
#10167=LINE('',#10166,#10165);
#10168=DIRECTION('',(-3.518582857445E-1,9.360532820053E-1,0.E0));
#10169=VECTOR('',#10168,1.063829660420E-1);
#10170=CARTESIAN_POINT('',(-2.046638894354E0,4.319720817847E0,7.27E0));
#10171=LINE('',#10170,#10169);
#10172=DIRECTION('',(3.376497460528E-4,-1.720950887075E-3,-9.999984621592E-1));
#10173=VECTOR('',#10172,1.500002724070E-1);
#10174=CARTESIAN_POINT('',(-7.002002839504E-1,3.806640973540E0,7.27E0));
#10175=LINE('',#10174,#10173);
#10176=DIRECTION('',(-1.435888445182E-13,-2.368475785867E-14,-1.E0));
#10177=VECTOR('',#10176,1.5E-1);
#10178=CARTESIAN_POINT('',(-8.969648109450E-1,4.787091747887E0,7.27E0));
#10179=LINE('',#10178,#10177);
#10180=DIRECTION('',(1.967645269945E-1,-9.804507743465E-1,0.E0));
#10181=VECTOR('',#10180,1.E0);
#10182=CARTESIAN_POINT('',(-8.969648109450E-1,4.787091747887E0,7.27E0));
#10183=LINE('',#10182,#10181);
#10184=DIRECTION('',(-9.804507743468E-1,-1.967645269930E-1,0.E0));
#10185=VECTOR('',#10184,1.249999999998E-1);
#10186=CARTESIAN_POINT('',(-7.002002839504E-1,3.806640973540E0,7.27E0));
#10187=LINE('',#10186,#10185);
#10188=DIRECTION('',(-1.967645269946E-1,9.804507743465E-1,0.E0));
#10189=VECTOR('',#10188,9.999999999998E-1);
#10190=CARTESIAN_POINT('',(-8.227566307435E-1,3.782045407666E0,7.27E0));
#10191=LINE('',#10190,#10189);
#10192=DIRECTION('',(9.804507743461E-1,1.967645269964E-1,0.E0));
#10193=VECTOR('',#10192,1.249999999999E-1);
#10194=CARTESIAN_POINT('',(-1.019521157738E0,4.762496182012E0,7.27E0));
#10195=LINE('',#10194,#10193);
#10196=DIRECTION('',(3.545861193108E-4,-1.717609785650E-3,-9.999984620415E-1));
#10197=VECTOR('',#10196,1.500002724246E-1);
#10198=CARTESIAN_POINT('',(-8.227566307435E-1,3.782045407666E0,7.27E0));
#10199=LINE('',#10198,#10197);
#10200=DIRECTION('',(0.E0,0.E0,-1.E0));
#10201=VECTOR('',#10200,1.5E-1);
#10202=CARTESIAN_POINT('',(-1.019521157738E0,4.762496182012E0,7.27E0));
#10203=LINE('',#10202,#10201);
#10204=CARTESIAN_POINT('',(-1.652034380992E-2,3.871659352787E0,7.27E0));
#10205=CARTESIAN_POINT('',(-1.652034380992E-2,3.871659352787E0,
7.219997311113E0));
#10206=CARTESIAN_POINT('',(-1.800027810981E-2,3.871274687258E0,
7.170002045112E0));
#10207=CARTESIAN_POINT('',(-1.800027810981E-2,3.871274687258E0,
7.119999356224E0));
#10209=CARTESIAN_POINT('',(-1.800027810981E-2,3.871274687258E0,
7.119999356224E0));
#10210=CARTESIAN_POINT('',(-3.786041699563E-2,3.870601837250E0,
7.120000457513E0));
#10211=CARTESIAN_POINT('',(-7.798600532872E-2,3.869690368970E0,
7.119999634363E0));
#10212=CARTESIAN_POINT('',(-1.413935099351E-1,3.867533481280E0,
7.120000076724E0));
#10213=CARTESIAN_POINT('',(-1.817927581277E-1,3.865739956423E0,
7.120000065087E0));
#10214=CARTESIAN_POINT('',(-2.023090303467E-1,3.865044876997E0,
7.119999929256E0));
#10216=CARTESIAN_POINT('',(-2.039128286835E-1,3.865310603881E0,7.27E0));
#10217=CARTESIAN_POINT('',(-2.039128286835E-1,3.865310603881E0,
7.219998416301E0));
#10218=CARTESIAN_POINT('',(-2.023090303467E-1,3.865044876997E0,
7.170001512955E0));
#10219=CARTESIAN_POINT('',(-2.023090303467E-1,3.865044876997E0,
7.119999929256E0));
#10221=DIRECTION('',(0.E0,0.E0,-1.E0));
#10222=VECTOR('',#10221,1.5E-1);
#10223=CARTESIAN_POINT('',(-3.087400312555E-1,3.883047921311E0,7.27E0));
#10224=LINE('',#10223,#10222);
#10225=DIRECTION('',(0.E0,0.E0,-1.E0));
#10226=VECTOR('',#10225,1.5E-1);
#10227=CARTESIAN_POINT('',(-3.934665897762E-1,3.922755041157E0,7.27E0));
#10228=LINE('',#10227,#10226);
#10229=DIRECTION('',(0.E0,0.E0,-1.E0));
#10230=VECTOR('',#10229,1.5E-1);
#10231=CARTESIAN_POINT('',(-4.796339990030E-1,4.004990948688E0,7.27E0));
#10232=LINE('',#10231,#10230);
#10233=DIRECTION('',(0.E0,0.E0,-1.E0));
#10234=VECTOR('',#10233,1.5E-1);
#10235=CARTESIAN_POINT('',(-5.241583163572E-1,4.088637707520E0,7.27E0));
#10236=LINE('',#10235,#10234);
#10237=DIRECTION('',(-3.385999416460E-2,9.994265859958E-1,0.E0));
#10238=VECTOR('',#10237,3.191489279269E-1);
#10239=CARTESIAN_POINT('',(-5.485819890294E-1,4.194254250152E0,7.12E0));
#10240=LINE('',#10239,#10238);
#10241=DIRECTION('',(0.E0,0.E0,-1.E0));
#10242=VECTOR('',#10241,1.5E-1);
#10243=CARTESIAN_POINT('',(-5.485819890294E-1,4.194254250152E0,7.27E0));
#10244=LINE('',#10243,#10242);
#10245=DIRECTION('',(0.E0,0.E0,-1.E0));
#10246=VECTOR('',#10245,1.5E-1);
#10247=CARTESIAN_POINT('',(-5.593883698666E-1,4.513220173614E0,7.27E0));
#10248=LINE('',#10247,#10246);
#10249=DIRECTION('',(0.E0,0.E0,-1.E0));
#10250=VECTOR('',#10249,1.5E-1);
#10251=CARTESIAN_POINT('',(-5.421689524314E-1,4.620247619671E0,7.27E0));
#10252=LINE('',#10251,#10250);
#10253=DIRECTION('',(0.E0,0.E0,-1.E0));
#10254=VECTOR('',#10253,1.5E-1);
#10255=CARTESIAN_POINT('',(-5.034080381569E-1,4.706716019026E0,7.27E0));
#10256=LINE('',#10255,#10254);
#10257=DIRECTION('',(0.E0,0.E0,-1.E0));
#10258=VECTOR('',#10257,1.5E-1);
#10259=CARTESIAN_POINT('',(-4.230040317568E-1,4.794595262236E0,7.27E0));
#10260=LINE('',#10259,#10258);
#10261=DIRECTION('',(0.E0,0.E0,-1.E0));
#10262=VECTOR('',#10261,1.5E-1);
#10263=CARTESIAN_POINT('',(-3.411591747135E-1,4.839945719622E0,7.27E0));
#10264=LINE('',#10263,#10262);
#10265=DIRECTION('',(9.994265859958E-1,3.385999416345E-2,0.E0));
#10266=VECTOR('',#10265,1.874999999984E-1);
#10267=CARTESIAN_POINT('',(-2.377728228480E-1,4.864737189877E0,7.12E0));
#10268=LINE('',#10267,#10266);
#10269=DIRECTION('',(0.E0,0.E0,-1.E0));
#10270=VECTOR('',#10269,1.5E-1);
#10271=CARTESIAN_POINT('',(-2.377728228480E-1,4.864737189877E0,7.27E0));
#10272=LINE('',#10271,#10270);
#10273=DIRECTION('',(0.E0,0.E0,-1.E0));
#10274=VECTOR('',#10273,1.5E-1);
#10275=CARTESIAN_POINT('',(-5.038033797541E-2,4.871085938783E0,7.27E0));
#10276=LINE('',#10275,#10274);
#10277=DIRECTION('',(0.E0,0.E0,-1.E0));
#10278=VECTOR('',#10277,1.5E-1);
#10279=CARTESIAN_POINT('',(5.444686453482E-2,4.853348623214E0,7.27E0));
#10280=LINE('',#10279,#10278);
#10281=DIRECTION('',(0.E0,0.E0,-1.E0));
#10282=VECTOR('',#10281,1.5E-1);
#10283=CARTESIAN_POINT('',(1.391734228657E-1,4.813641508953E0,7.27E0));
#10284=LINE('',#10283,#10282);
#10285=DIRECTION('',(0.E0,0.E0,-1.E0));
#10286=VECTOR('',#10285,1.5E-1);
#10287=CARTESIAN_POINT('',(2.253408318408E-1,4.731405608868E0,7.27E0));
#10288=LINE('',#10287,#10286);
#10289=DIRECTION('',(-9.994265859957E-1,-3.385999416560E-2,0.E0));
#10290=VECTOR('',#10289,1.249999999999E-1);
#10291=CARTESIAN_POINT('',(2.497640299674E-1,4.625788990520E0,7.12E0));
#10292=LINE('',#10291,#10290);
#10293=DIRECTION('',(0.E0,0.E0,-1.E0));
#10294=VECTOR('',#10293,1.5E-1);
#10295=CARTESIAN_POINT('',(2.497640299674E-1,4.625788990520E0,7.27E0));
#10296=LINE('',#10295,#10294);
#10297=DIRECTION('',(0.E0,0.E0,-1.E0));
#10298=VECTOR('',#10297,1.5E-1);
#10299=CARTESIAN_POINT('',(1.248357067180E-1,4.621556491249E0,7.27E0));
#10300=LINE('',#10299,#10298);
#10301=DIRECTION('',(0.E0,0.E0,-1.E0));
#10302=VECTOR('',#10301,1.5E-1);
#10303=CARTESIAN_POINT('',(1.018533592350E-1,4.684644323774E0,7.27E0));
#10304=LINE('',#10303,#10302);
#10305=DIRECTION('',(0.E0,0.E0,-1.E0));
#10306=VECTOR('',#10305,1.5E-1);
#10307=CARTESIAN_POINT('',(3.794834696622E-2,4.725056859962E0,7.27E0));
#10308=LINE('',#10307,#10306);
#10309=DIRECTION('',(-9.994265859958E-1,-3.385999416461E-2,0.E0));
#10310=VECTOR('',#10309,1.875000000004E-1);
#10311=CARTESIAN_POINT('',(-4.605778604266E-2,4.743499581312E0,7.12E0));
#10312=LINE('',#10311,#10310);
#10313=DIRECTION('',(0.E0,0.E0,-1.E0));
#10314=VECTOR('',#10313,1.5E-1);
#10315=CARTESIAN_POINT('',(-4.605778604266E-2,4.743499581312E0,7.27E0));
#10316=LINE('',#10315,#10314);
#10317=DIRECTION('',(0.E0,0.E0,-1.E0));
#10318=VECTOR('',#10317,1.5E-1);
#10319=CARTESIAN_POINT('',(-2.334502709172E-1,4.737150832406E0,7.27E0));
#10320=LINE('',#10319,#10318);
#10321=DIRECTION('',(0.E0,0.E0,-1.E0));
#10322=VECTOR('',#10321,1.5E-1);
#10323=CARTESIAN_POINT('',(-3.160155532827E-1,4.713064767932E0,7.27E0));
#10324=LINE('',#10323,#10322);
#10325=DIRECTION('',(0.E0,0.E0,-1.E0));
#10326=VECTOR('',#10325,1.5E-1);
#10327=CARTESIAN_POINT('',(-3.770388642638E-1,4.668419732473E0,7.27E0));
#10328=LINE('',#10327,#10326);
#10329=DIRECTION('',(0.E0,0.E0,-1.E0));
#10330=VECTOR('',#10329,1.5E-1);
#10331=CARTESIAN_POINT('',(-4.165202018419E-1,4.603215666459E0,7.27E0));
#10332=LINE('',#10331,#10330);
#10333=DIRECTION('',(3.385999416458E-2,-9.994265859958E-1,0.E0));
#10334=VECTOR('',#10333,3.191489279275E-1);
#10335=CARTESIAN_POINT('',(-4.344600466172E-1,4.517452672885E0,7.12E0));
#10336=LINE('',#10335,#10334);
#10337=DIRECTION('',(0.E0,0.E0,-1.E0));
#10338=VECTOR('',#10337,1.5E-1);
#10339=CARTESIAN_POINT('',(-4.344600466172E-1,4.517452672885E0,7.27E0));
#10340=LINE('',#10339,#10338);
#10341=DIRECTION('',(0.E0,-1.184237892934E-14,-1.E0));
#10342=VECTOR('',#10341,1.5E-1);
#10343=CARTESIAN_POINT('',(-4.236536657800E-1,4.198486749422E0,7.27E0));
#10344=LINE('',#10343,#10342);
#10345=DIRECTION('',(0.E0,0.E0,-1.E0));
#10346=VECTOR('',#10345,1.5E-1);
#10347=CARTESIAN_POINT('',(-3.999504184296E-1,4.114134599702E0,7.27E0));
#10348=LINE('',#10347,#10346);
#10349=DIRECTION('',(0.E0,0.E0,-1.E0));
#10350=VECTOR('',#10349,1.5E-1);
#10351=CARTESIAN_POINT('',(-3.561465269021E-1,4.051752248675E0,7.27E0));
#10352=LINE('',#10351,#10350);
#10353=DIRECTION('',(0.E0,0.E0,-1.E0));
#10354=VECTOR('',#10353,1.5E-1);
#10355=CARTESIAN_POINT('',(-2.922415141295E-1,4.011339697594E0,7.27E0));
#10356=LINE('',#10355,#10354);
#10357=DIRECTION('',(9.994265859958E-1,3.385999416285E-2,0.E0));
#10358=VECTOR('',#10357,1.874999999990E-1);
#10359=CARTESIAN_POINT('',(-2.082353811185E-1,3.992896976244E0,7.12E0));
#10360=LINE('',#10359,#10358);
#10361=DIRECTION('',(0.E0,0.E0,-1.E0));
#10362=VECTOR('',#10361,1.5E-1);
#10363=CARTESIAN_POINT('',(-2.082353811185E-1,3.992896976244E0,7.27E0));
#10364=LINE('',#10363,#10362);
#10365=DIRECTION('',(0.E0,0.E0,-1.E0));
#10366=VECTOR('',#10365,1.5E-1);
#10367=CARTESIAN_POINT('',(-2.084289624532E-2,3.999245725150E0,7.27E0));
#10368=LINE('',#10367,#10366);
#10369=DIRECTION('',(0.E0,0.E0,-1.E0));
#10370=VECTOR('',#10369,1.5E-1);
#10371=CARTESIAN_POINT('',(6.172238611980E-2,4.023331789624E0,7.27E0));
#10372=LINE('',#10371,#10370);
#10373=DIRECTION('',(0.E0,0.E0,-1.E0));
#10374=VECTOR('',#10373,1.5E-1);
#10375=CARTESIAN_POINT('',(1.227456965967E-1,4.067976839976E0,7.27E0));
#10376=LINE('',#10375,#10374);
#10377=DIRECTION('',(-3.385999416453E-2,9.994265859958E-1,0.E0));
#10378=VECTOR('',#10377,1.702127754687E-1);
#10379=CARTESIAN_POINT('',(1.414054901302E-1,4.132475424493E0,7.12E0));
#10380=LINE('',#10379,#10378);
#10381=DIRECTION('',(0.E0,0.E0,-1.E0));
#10382=VECTOR('',#10381,1.5E-1);
#10383=CARTESIAN_POINT('',(1.414054901302E-1,4.132475424493E0,7.27E0));
#10384=LINE('',#10383,#10382);
#10385=DIRECTION('',(-9.994265859958E-1,-3.385999416298E-2,0.E0));
#10386=VECTOR('',#10385,1.875E-1);
#10387=CARTESIAN_POINT('',(1.356420865461E-1,4.302590597573E0,7.12E0));
#10388=LINE('',#10387,#10386);
#10389=DIRECTION('',(0.E0,0.E0,-1.E0));
#10390=VECTOR('',#10389,1.5E-1);
#10391=CARTESIAN_POINT('',(1.356420865461E-1,4.302590597573E0,7.27E0));
#10392=LINE('',#10391,#10390);
#10393=DIRECTION('',(-3.385999416455E-2,9.994265859958E-1,0.E0));
#10394=VECTOR('',#10393,1.276595592494E-1);
#10395=CARTESIAN_POINT('',(-5.175039832816E-2,4.296241848667E0,7.12E0));
#10396=LINE('',#10395,#10394);
#10397=DIRECTION('',(0.E0,0.E0,-1.E0));
#10398=VECTOR('',#10397,1.5E-1);
#10399=CARTESIAN_POINT('',(-5.175039832816E-2,4.296241848667E0,7.27E0));
#10400=LINE('',#10399,#10398);
#10401=DIRECTION('',(9.994265859958E-1,3.385999416512E-2,0.E0));
#10402=VECTOR('',#10401,3.125E-1);
#10403=CARTESIAN_POINT('',(-5.607295025939E-2,4.423828206137E0,7.12E0));
#10404=LINE('',#10403,#10402);
#10405=DIRECTION('',(0.E0,0.E0,-1.E0));
#10406=VECTOR('',#10405,1.5E-1);
#10407=CARTESIAN_POINT('',(-5.607295025939E-2,4.423828206137E0,7.27E0));
#10408=LINE('',#10407,#10406);
#10409=DIRECTION('',(3.385999416446E-2,-9.994265859958E-1,0.E0));
#10410=VECTOR('',#10409,3.191489279277E-1);
#10411=CARTESIAN_POINT('',(2.562478578643E-1,4.434409454314E0,7.12E0));
#10412=LINE('',#10411,#10410);
#10413=DIRECTION('',(0.E0,0.E0,-1.E0));
#10414=VECTOR('',#10413,1.5E-1);
#10415=CARTESIAN_POINT('',(2.562478578643E-1,4.434409454314E0,7.27E0));
#10416=LINE('',#10415,#10414);
#10417=DIRECTION('',(0.E0,0.E0,-1.E0));
#10418=VECTOR('',#10417,1.5E-1);
#10419=CARTESIAN_POINT('',(2.670542387015E-1,4.115443530851E0,7.27E0));
#10420=LINE('',#10419,#10418);
#10421=DIRECTION('',(0.E0,0.E0,-1.E0));
#10422=VECTOR('',#10421,1.5E-1);
#10423=CARTESIAN_POINT('',(2.491148709944E-1,4.029680538530E0,7.27E0));
#10424=LINE('',#10423,#10422);
#10425=DIRECTION('',(0.E0,0.E0,-1.E0));
#10426=VECTOR('',#10425,1.5E-1);
#10427=CARTESIAN_POINT('',(1.687108648465E-1,3.941801287875E0,7.27E0));
#10428=LINE('',#10427,#10426);
#10429=DIRECTION('',(-1.637208886980E-12,-9.059419880940E-13,-1.E0));
#10430=VECTOR('',#10429,1.5E-1);
#10431=CARTESIAN_POINT('',(8.686600799202E-2,3.896450824904E0,7.27E0));
#10432=LINE('',#10431,#10430);
#10433=DIRECTION('',(3.385999416446E-2,-9.994265859958E-1,0.E0));
#10434=VECTOR('',#10433,3.191489279277E-1);
#10435=CARTESIAN_POINT('',(2.562478578643E-1,4.434409454314E0,7.27E0));
#10436=LINE('',#10435,#10434);
#10437=DIRECTION('',(-2.047425934638E-1,-9.788158511292E-1,0.E0));
#10438=VECTOR('',#10437,8.761912899302E-2);
#10439=CARTESIAN_POINT('',(2.670542387015E-1,4.115443530851E0,7.27E0));
#10440=LINE('',#10439,#10438);
#10441=DIRECTION('',(-6.750310142164E-1,-7.377893533021E-1,0.E0));
#10442=VECTOR('',#10441,1.191115733271E-1);
#10443=CARTESIAN_POINT('',(2.491148709944E-1,4.029680538530E0,7.27E0));
#10444=LINE('',#10443,#10442);
#10445=DIRECTION('',(-8.746961995543E-1,-4.846715985956E-1,0.E0));
#10446=VECTOR('',#10445,9.356946662877E-2);
#10447=CARTESIAN_POINT('',(1.687108648465E-1,3.941801287875E0,7.27E0));
#10448=LINE('',#10447,#10446);
#10449=DIRECTION('',(-9.724326456297E-1,-2.331839396562E-1,0.E0));
#10450=VECTOR('',#10449,1.063172367429E-1);
#10451=CARTESIAN_POINT('',(8.686600799202E-2,3.896450824904E0,7.27E0));
#10452=LINE('',#10451,#10450);
#10453=DIRECTION('',(-9.994265859958E-1,-3.385999416442E-2,0.E0));
#10454=VECTOR('',#10453,1.874999999994E-1);
#10455=CARTESIAN_POINT('',(-1.652034380992E-2,3.871659352787E0,7.27E0));
#10456=LINE('',#10455,#10454);
#10457=DIRECTION('',(-9.859850178888E-1,1.668338829458E-1,0.E0));
#10458=VECTOR('',#10457,1.063172367431E-1);
#10459=CARTESIAN_POINT('',(-2.039128286835E-1,3.865310603881E0,7.27E0));
#10460=LINE('',#10459,#10458);
#10461=DIRECTION('',(-9.054936569924E-1,4.243597968076E-1,0.E0));
#10462=VECTOR('',#10461,9.356946662892E-2);
#10463=CARTESIAN_POINT('',(-3.087400312555E-1,3.883047921311E0,7.27E0));
#10464=LINE('',#10463,#10462);
#10465=DIRECTION('',(-7.234176060351E-1,6.904107236120E-1,0.E0));
#10466=VECTOR('',#10465,1.191115733264E-1);
#10467=CARTESIAN_POINT('',(-3.934665897762E-1,3.922755041157E0,7.27E0));
#10468=LINE('',#10467,#10466);
#10469=DIRECTION('',(-4.698709177858E-1,8.827351361644E-1,0.E0));
#10470=VECTOR('',#10469,9.475861490643E-2);
#10471=CARTESIAN_POINT('',(-4.796339990030E-1,4.004990948688E0,7.27E0));
#10472=LINE('',#10471,#10470);
#10473=DIRECTION('',(-2.253028695533E-1,9.742887749384E-1,0.E0));
#10474=VECTOR('',#10473,1.084037354722E-1);
#10475=CARTESIAN_POINT('',(-5.241583163572E-1,4.088637707520E0,7.27E0));
#10476=LINE('',#10475,#10474);
#10477=DIRECTION('',(-3.385999416460E-2,9.994265859958E-1,0.E0));
#10478=VECTOR('',#10477,3.191489279269E-1);
#10479=CARTESIAN_POINT('',(-5.485819890294E-1,4.194254250152E0,7.27E0));
#10480=LINE('',#10479,#10478);
#10481=DIRECTION('',(1.588451548171E-1,9.873035079403E-1,0.E0));
#10482=VECTOR('',#10481,1.084037939659E-1);
#10483=CARTESIAN_POINT('',(-5.593883698666E-1,4.513220173614E0,7.27E0));
#10484=LINE('',#10483,#10482);
#10485=DIRECTION('',(4.090490325060E-1,9.125124048504E-1,0.E0));
#10486=VECTOR('',#10485,9.475860152259E-2);
#10487=CARTESIAN_POINT('',(-5.421689524314E-1,4.620247619671E0,7.27E0));
#10488=LINE('',#10487,#10486);
#10489=DIRECTION('',(6.750310465025E-1,7.377893237624E-1,0.E0));
#10490=VECTOR('',#10489,1.191115680037E-1);
#10491=CARTESIAN_POINT('',(-5.034080381569E-1,4.706716019026E0,7.27E0));
#10492=LINE('',#10491,#10490);
#10493=DIRECTION('',(8.746962253334E-1,4.846715520715E-1,0.E0));
#10494=VECTOR('',#10493,9.356946408700E-2);
#10495=CARTESIAN_POINT('',(-4.230040317568E-1,4.794595262236E0,7.27E0));
#10496=LINE('',#10495,#10494);
#10497=DIRECTION('',(9.724326496327E-1,2.331839229629E-1,0.E0));
#10498=VECTOR('',#10497,1.063172363705E-1);
#10499=CARTESIAN_POINT('',(-3.411591747135E-1,4.839945719622E0,7.27E0));
#10500=LINE('',#10499,#10498);
#10501=DIRECTION('',(9.994265859958E-1,3.385999416345E-2,0.E0));
#10502=VECTOR('',#10501,1.874999999984E-1);
#10503=CARTESIAN_POINT('',(-2.377728228480E-1,4.864737189877E0,7.27E0));
#10504=LINE('',#10503,#10502);
#10505=DIRECTION('',(9.859850207524E-1,-1.668338660222E-1,0.E0));
#10506=VECTOR('',#10505,1.063172363716E-1);
#10507=CARTESIAN_POINT('',(-5.038033797541E-2,4.871085938783E0,7.27E0));
#10508=LINE('',#10507,#10506);
#10509=DIRECTION('',(9.054936795627E-1,-4.243597486472E-1,0.E0));
#10510=VECTOR('',#10509,9.356946408703E-2);
#10511=CARTESIAN_POINT('',(5.444686453482E-2,4.853348623214E0,7.27E0));
#10512=LINE('',#10511,#10510);
#10513=DIRECTION('',(7.234176362493E-1,-6.904106919534E-1,0.E0));
#10514=VECTOR('',#10513,1.191115680036E-1);
#10515=CARTESIAN_POINT('',(1.391734228657E-1,4.813641508953E0,7.27E0));
#10516=LINE('',#10515,#10514);
#10517=DIRECTION('',(2.252985608658E-1,-9.742897713062E-1,0.E0));
#10518=VECTOR('',#10517,1.084037023264E-1);
#10519=CARTESIAN_POINT('',(2.253408318408E-1,4.731405608868E0,7.27E0));
#10520=LINE('',#10519,#10518);
#10521=DIRECTION('',(-9.994265859957E-1,-3.385999416560E-2,0.E0));
#10522=VECTOR('',#10521,1.249999999999E-1);
#10523=CARTESIAN_POINT('',(2.497640299674E-1,4.625788990520E0,7.27E0));
#10524=LINE('',#10523,#10522);
#10525=DIRECTION('',(-3.422864989318E-1,9.395956325191E-1,0.E0));
#10526=VECTOR('',#10525,6.714359916259E-2);
#10527=CARTESIAN_POINT('',(1.248357067180E-1,4.621556491249E0,7.27E0));
#10528=LINE('',#10527,#10526);
#10529=DIRECTION('',(-8.451813928445E-1,5.344795722845E-1,0.E0));
#10530=VECTOR('',#10529,7.561100233609E-2);
#10531=CARTESIAN_POINT('',(1.018533592350E-1,4.684644323774E0,7.27E0));
#10532=LINE('',#10531,#10530);
#10533=DIRECTION('',(-9.767386190428E-1,2.144333697685E-1,0.E0));
#10534=VECTOR('',#10533,8.600676923289E-2);
#10535=CARTESIAN_POINT('',(3.794834696622E-2,4.725056859962E0,7.27E0));
#10536=LINE('',#10535,#10534);
#10537=DIRECTION('',(-9.994265859958E-1,-3.385999416461E-2,0.E0));
#10538=VECTOR('',#10537,1.875000000004E-1);
#10539=CARTESIAN_POINT('',(-4.605778604266E-2,4.743499581312E0,7.27E0));
#10540=LINE('',#10539,#10538);
#10541=DIRECTION('',(-9.599858604336E-1,-2.800484739603E-1,0.E0));
#10542=VECTOR('',#10541,8.600676923323E-2);
#10543=CARTESIAN_POINT('',(-2.334502709172E-1,4.737150832406E0,7.27E0));
#10544=LINE('',#10543,#10542);
#10545=DIRECTION('',(-8.070691975494E-1,-5.904568657971E-1,0.E0));
#10546=VECTOR('',#10545,7.561100233586E-2);
#10547=CARTESIAN_POINT('',(-3.160155532827E-1,4.713064767932E0,7.27E0));
#10548=LINE('',#10547,#10546);
#10549=DIRECTION('',(-5.179535942098E-1,-8.554087176579E-1,0.E0));
#10550=VECTOR('',#10549,7.622562719797E-2);
#10551=CARTESIAN_POINT('',(-3.770388642638E-1,4.668419732473E0,7.27E0));
#10552=LINE('',#10551,#10550);
#10553=DIRECTION('',(-2.047478071404E-1,-9.788147605503E-1,0.E0));
#10554=VECTOR('',#10553,8.761922789735E-2);
#10555=CARTESIAN_POINT('',(-4.165202018419E-1,4.603215666459E0,7.27E0));
#10556=LINE('',#10555,#10554);
#10557=DIRECTION('',(3.385999416458E-2,-9.994265859958E-1,0.E0));
#10558=VECTOR('',#10557,3.191489279275E-1);
#10559=CARTESIAN_POINT('',(-4.344600466172E-1,4.517452672885E0,7.27E0));
#10560=LINE('',#10559,#10558);
#10561=DIRECTION('',(2.705256359720E-1,-9.627127714339E-1,0.E0));
#10562=VECTOR('',#10561,8.761922789756E-2);
#10563=CARTESIAN_POINT('',(-4.236536657800E-1,4.198486749422E0,7.27E0));
#10564=LINE('',#10563,#10562);
#10565=DIRECTION('',(5.746613287428E-1,-8.183913228080E-1,0.E0));
#10566=VECTOR('',#10565,7.622557728627E-2);
#10567=CARTESIAN_POINT('',(-3.999504184296E-1,4.114134599702E0,7.27E0));
#10568=LINE('',#10567,#10566);
#10569=DIRECTION('',(8.451813057774E-1,-5.344797099651E-1,0.E0));
#10570=VECTOR('',#10569,7.561101072129E-2);
#10571=CARTESIAN_POINT('',(-3.561465269021E-1,4.051752248675E0,7.27E0));
#10572=LINE('',#10571,#10570);
#10573=DIRECTION('',(9.767386190429E-1,-2.144333697684E-1,0.E0));
#10574=VECTOR('',#10573,8.600676923509E-2);
#10575=CARTESIAN_POINT('',(-2.922415141295E-1,4.011339697594E0,7.27E0));
#10576=LINE('',#10575,#10574);
#10577=DIRECTION('',(9.994265859958E-1,3.385999416285E-2,0.E0));
#10578=VECTOR('',#10577,1.874999999990E-1);
#10579=CARTESIAN_POINT('',(-2.082353811185E-1,3.992896976244E0,7.27E0));
#10580=LINE('',#10579,#10578);
#10581=DIRECTION('',(9.599858604333E-1,2.800484739614E-1,0.E0));
#10582=VECTOR('',#10581,8.600676923289E-2);
#10583=CARTESIAN_POINT('',(-2.084289624532E-2,3.999245725150E0,7.27E0));
#10584=LINE('',#10583,#10582);
#10585=DIRECTION('',(8.070691013611E-1,5.904569972727E-1,0.E0));
#10586=VECTOR('',#10585,7.561101072255E-2);
#10587=CARTESIAN_POINT('',(6.172238611980E-2,4.023331789624E0,7.27E0));
#10588=LINE('',#10587,#10586);
#10589=DIRECTION('',(2.779089818445E-1,9.606074108657E-1,0.E0));
#10590=VECTOR('',#10589,6.714354249969E-2);
#10591=CARTESIAN_POINT('',(1.227456965967E-1,4.067976839976E0,7.27E0));
#10592=LINE('',#10591,#10590);
#10593=DIRECTION('',(-3.385999416453E-2,9.994265859958E-1,0.E0));
#10594=VECTOR('',#10593,1.702127754687E-1);
#10595=CARTESIAN_POINT('',(1.414054901302E-1,4.132475424493E0,7.27E0));
#10596=LINE('',#10595,#10594);
#10597=DIRECTION('',(-9.994265859958E-1,-3.385999416298E-2,0.E0));
#10598=VECTOR('',#10597,1.875E-1);
#10599=CARTESIAN_POINT('',(1.356420865461E-1,4.302590597573E0,7.27E0));
#10600=LINE('',#10599,#10598);
#10601=DIRECTION('',(-3.385999416455E-2,9.994265859958E-1,0.E0));
#10602=VECTOR('',#10601,1.276595592494E-1);
#10603=CARTESIAN_POINT('',(-5.175039832816E-2,4.296241848667E0,7.27E0));
#10604=LINE('',#10603,#10602);
#10605=DIRECTION('',(9.994265859958E-1,3.385999416512E-2,0.E0));
#10606=VECTOR('',#10605,3.125E-1);
#10607=CARTESIAN_POINT('',(-5.607295025939E-2,4.423828206137E0,7.27E0));
#10608=LINE('',#10607,#10606);
#10609=CARTESIAN_POINT('',(0.E0,0.E0,6.52E0));
#10610=DIRECTION('',(0.E0,0.E0,1.E0));
#10611=DIRECTION('',(-1.E0,0.E0,0.E0));
#10612=AXIS2_PLACEMENT_3D('',#10609,#10610,#10611);
#10614=CARTESIAN_POINT('',(0.E0,0.E0,6.52E0));
#10615=DIRECTION('',(0.E0,0.E0,1.E0));
#10616=DIRECTION('',(-9.990659737222E-1,-4.321088000260E-2,0.E0));
#10617=AXIS2_PLACEMENT_3D('',#10614,#10615,#10616);
#10619=CARTESIAN_POINT('',(3.87E0,1.834189466976E-10,6.52E0));
#10620=DIRECTION('',(-4.739507397655E-11,1.E0,0.E0));
#10621=DIRECTION('',(-1.E0,-4.739507397655E-11,0.E0));
#10622=AXIS2_PLACEMENT_3D('',#10619,#10620,#10621);
#10624=DIRECTION('',(8.820326504545E-4,-1.517277177467E-3,-9.999984599430E-1));
#10625=VECTOR('',#10624,1.500002727394E-1);
#10626=CARTESIAN_POINT('',(-1.980671363606E0,3.325317562049E0,7.27E0));
#10627=LINE('',#10626,#10625);
#10628=DIRECTION('',(0.E0,0.E0,-1.E0));
#10629=VECTOR('',#10628,1.5E-1);
#10630=CARTESIAN_POINT('',(-2.478466221856E0,4.192612367234E0,7.27E0));
#10631=LINE('',#10630,#10629);
#10632=DIRECTION('',(4.977948582493E-1,-8.672948051848E-1,0.E0));
#10633=VECTOR('',#10632,1.E0);
#10634=CARTESIAN_POINT('',(-2.370054371207E0,4.254836724515E0,7.27E0));
#10635=LINE('',#10634,#10633);
#10636=DIRECTION('',(-8.672948051854E-1,-4.977948582483E-1,0.E0));
#10637=VECTOR('',#10636,1.250000000004E-1);
#10638=CARTESIAN_POINT('',(-1.872259512958E0,3.387541919330E0,7.27E0));
#10639=LINE('',#10638,#10637);
#10640=DIRECTION('',(-4.977948582493E-1,8.672948051848E-1,0.E0));
#10641=VECTOR('',#10640,1.E0);
#10642=CARTESIAN_POINT('',(-1.980671363606E0,3.325317562049E0,7.27E0));
#10643=LINE('',#10642,#10641);
#10644=DIRECTION('',(8.672948051856E-1,4.977948582479E-1,0.E0));
#10645=VECTOR('',#10644,1.250000000005E-1);
#10646=CARTESIAN_POINT('',(-2.478466221856E0,4.192612367234E0,7.27E0));
#10647=LINE('',#10646,#10645);
#10648=DIRECTION('',(-4.144832625267E-14,-1.953992523340E-13,-1.E0));
#10649=VECTOR('',#10648,1.5E-1);
#10650=CARTESIAN_POINT('',(1.177479358667E0,3.705544096215E0,7.27E0));
#10651=LINE('',#10650,#10649);
#10652=DIRECTION('',(0.E0,0.E0,-1.E0));
#10653=VECTOR('',#10652,1.5E-1);
#10654=CARTESIAN_POINT('',(4.441244167594E-1,3.862676299086E0,7.27E0));
#10655=LINE('',#10654,#10653);
#10656=DIRECTION('',(0.E0,0.E0,-1.E0));
#10657=VECTOR('',#10656,1.5E-1);
#10658=CARTESIAN_POINT('',(6.536340205872E-1,4.840482888296E0,7.27E0));
#10659=LINE('',#10658,#10657);
#10660=DIRECTION('',(0.E0,0.E0,-1.E0));
#10661=VECTOR('',#10660,1.5E-1);
#10662=CARTESIAN_POINT('',(1.386988962495E0,4.683350685425E0,7.27E0));
#10663=LINE('',#10662,#10661);
#10664=DIRECTION('',(0.E0,0.E0,-1.E0));
#10665=VECTOR('',#10664,1.5E-1);
#10666=CARTESIAN_POINT('',(1.360243058812E0,4.558524327215E0,7.27E0));
#10667=LINE('',#10666,#10665);
#10668=DIRECTION('',(0.E0,0.E0,-1.E0));
#10669=VECTOR('',#10668,1.5E-1);
#10670=CARTESIAN_POINT('',(7.491139405554E-1,4.689467829608E0,7.27E0));
#10671=LINE('',#10670,#10669);
#10672=DIRECTION('',(0.E0,0.E0,-1.E0));
#10673=VECTOR('',#10672,1.5E-1);
#10674=CARTESIAN_POINT('',(6.911644700872E-1,4.419010661870E0,7.27E0));
#10675=LINE('',#10674,#10673);
#10676=DIRECTION('',(0.E0,0.E0,-1.E0));
#10677=VECTOR('',#10676,1.5E-1);
#10678=CARTESIAN_POINT('',(1.220809550491E0,4.305526326431E0,7.27E0));
#10679=LINE('',#10678,#10677);
#10680=DIRECTION('',(0.E0,0.E0,-1.E0));
#10681=VECTOR('',#10680,1.5E-1);
#10682=CARTESIAN_POINT('',(1.194063646808E0,4.180699968220E0,7.27E0));
#10683=LINE('',#10682,#10681);
#10684=DIRECTION('',(0.E0,0.E0,-1.E0));
#10685=VECTOR('',#10684,1.5E-1);
#10686=CARTESIAN_POINT('',(6.644185664038E-1,4.294184303660E0,7.27E0));
#10687=LINE('',#10686,#10685);
#10688=DIRECTION('',(0.E0,0.E0,-1.E0));
#10689=VECTOR('',#10688,1.5E-1);
#10690=CARTESIAN_POINT('',(5.930961472158E-1,3.961313971388E0,7.27E0));
#10691=LINE('',#10690,#10689);
#10692=DIRECTION('',(0.E0,0.E0,-1.E0));
#10693=VECTOR('',#10692,1.5E-1);
#10694=CARTESIAN_POINT('',(1.204225265472E0,3.830370468995E0,7.27E0));
#10695=LINE('',#10694,#10693);
#10696=DIRECTION('',(9.778065892107E-1,-2.095096038281E-1,0.E0));
#10697=VECTOR('',#10696,6.249999999999E-1);
#10698=CARTESIAN_POINT('',(5.930961472158E-1,3.961313971388E0,7.27E0));
#10699=LINE('',#10698,#10697);
#10700=DIRECTION('',(-2.095096038302E-1,-9.778065892102E-1,0.E0));
#10701=VECTOR('',#10700,1.276595741504E-1);
#10702=CARTESIAN_POINT('',(1.204225265472E0,3.830370468995E0,7.27E0));
#10703=LINE('',#10702,#10701);
#10704=DIRECTION('',(-9.778065892107E-1,2.095096038280E-1,0.E0));
#10705=VECTOR('',#10704,7.499999999996E-1);
#10706=CARTESIAN_POINT('',(1.177479358667E0,3.705544096215E0,7.27E0));
#10707=LINE('',#10706,#10705);
#10708=DIRECTION('',(2.095096038279E-1,9.778065892107E-1,0.E0));
#10709=VECTOR('',#10708,9.999999999992E-1);
#10710=CARTESIAN_POINT('',(4.441244167594E-1,3.862676299086E0,7.27E0));
#10711=LINE('',#10710,#10709);
#10712=DIRECTION('',(9.778065892107E-1,-2.095096038280E-1,0.E0));
#10713=VECTOR('',#10712,7.499999999999E-1);
#10714=CARTESIAN_POINT('',(6.536340205872E-1,4.840482888296E0,7.27E0));
#10715=LINE('',#10714,#10713);
#10716=DIRECTION('',(-2.095096038273E-1,-9.778065892108E-1,0.E0));
#10717=VECTOR('',#10716,1.276595592492E-1);
#10718=CARTESIAN_POINT('',(1.386988962495E0,4.683350685425E0,7.27E0));
#10719=LINE('',#10718,#10717);
#10720=DIRECTION('',(-9.778065892106E-1,2.095096038282E-1,0.E0));
#10721=VECTOR('',#10720,6.25E-1);
#10722=CARTESIAN_POINT('',(1.360243058812E0,4.558524327215E0,7.27E0));
#10723=LINE('',#10722,#10721);
#10724=DIRECTION('',(-2.095096038278E-1,-9.778065892107E-1,0.E0));
#10725=VECTOR('',#10724,2.765957713131E-1);
#10726=CARTESIAN_POINT('',(7.491139405554E-1,4.689467829608E0,7.27E0));
#10727=LINE('',#10726,#10725);
#10728=DIRECTION('',(9.778065892108E-1,-2.095096038277E-1,0.E0));
#10729=VECTOR('',#10728,5.416665077208E-1);
#10730=CARTESIAN_POINT('',(6.911644700872E-1,4.419010661870E0,7.27E0));
#10731=LINE('',#10730,#10729);
#10732=DIRECTION('',(-2.095096038268E-1,-9.778065892109E-1,0.E0));
#10733=VECTOR('',#10732,1.276595592502E-1);
#10734=CARTESIAN_POINT('',(1.220809550491E0,4.305526326431E0,7.27E0));
#10735=LINE('',#10734,#10733);
#10736=DIRECTION('',(-9.778065892106E-1,2.095096038282E-1,0.E0));
#10737=VECTOR('',#10736,5.416665077210E-1);
#10738=CARTESIAN_POINT('',(1.194063646808E0,4.180699968220E0,7.27E0));
#10739=LINE('',#10738,#10737);
#10740=DIRECTION('',(-2.095096038279E-1,-9.778065892107E-1,0.E0));
#10741=VECTOR('',#10740,3.404255360367E-1);
#10742=CARTESIAN_POINT('',(6.644185664038E-1,4.294184303660E0,7.27E0));
#10743=LINE('',#10742,#10741);
#10744=DIRECTION('',(0.E0,0.E0,-1.E0));
#10745=VECTOR('',#10744,1.5E-1);
#10746=CARTESIAN_POINT('',(1.965479181703E0,3.844302309738E0,7.27E0));
#10747=LINE('',#10746,#10745);
#10748=DIRECTION('',(0.E0,0.E0,-1.E0));
#10749=VECTOR('',#10748,1.5E-1);
#10750=CARTESIAN_POINT('',(1.647084420085E0,3.999410952197E0,7.27E0));
#10751=LINE('',#10750,#10749);
#10752=DIRECTION('',(0.E0,0.E0,-1.E0));
#10753=VECTOR('',#10752,1.5E-1);
#10754=CARTESIAN_POINT('',(1.451402838126E0,3.597731267215E0,7.27E0));
#10755=LINE('',#10754,#10753);
#10756=DIRECTION('',(0.E0,0.E0,-1.E0));
#10757=VECTOR('',#10756,1.5E-1);
#10758=CARTESIAN_POINT('',(1.339028165946E0,3.652475518534E0,7.27E0));
#10759=LINE('',#10758,#10757);
#10760=DIRECTION('',(0.E0,0.E0,-1.E0));
#10761=VECTOR('',#10760,1.5E-1);
#10762=CARTESIAN_POINT('',(1.776982176497E0,4.551472895973E0,7.27E0));
#10763=LINE('',#10762,#10761);
#10764=DIRECTION('',(0.E0,0.E0,-1.E0));
#10765=VECTOR('',#10764,1.5E-1);
#10766=CARTESIAN_POINT('',(2.226480865217E0,4.332495890698E0,7.27E0));
#10767=LINE('',#10766,#10765);
#10768=DIRECTION('',(0.E0,0.E0,-1.E0));
#10769=VECTOR('',#10768,1.5E-1);
#10770=CARTESIAN_POINT('',(2.310808541824E0,4.267747940549E0,7.27E0));
#10771=LINE('',#10770,#10769);
#10772=DIRECTION('',(0.E0,0.E0,-1.E0));
#10773=VECTOR('',#10772,1.5E-1);
#10774=CARTESIAN_POINT('',(2.357770196181E0,4.173869107739E0,7.27E0));
#10775=LINE('',#10774,#10773);
#10776=DIRECTION('',(-1.374023679648E-1,-9.905153150142E-1,0.E0));
#10777=VECTOR('',#10776,6.714354249945E-2);
#10778=CARTESIAN_POINT('',(2.376684854965E0,4.069986576099E0,7.12E0));
#10779=LINE('',#10778,#10777);
#10780=DIRECTION('',(0.E0,0.E0,-1.E0));
#10781=VECTOR('',#10780,1.5E-1);
#10782=CARTESIAN_POINT('',(2.376684854965E0,4.069986576099E0,7.27E0));
#10783=LINE('',#10782,#10781);
#10784=DIRECTION('',(0.E0,0.E0,-1.E0));
#10785=VECTOR('',#10784,1.5E-1);
#10786=CARTESIAN_POINT('',(2.367459173232E0,4.003479868949E0,7.27E0));
#10787=LINE('',#10786,#10785);
#10788=DIRECTION('',(0.E0,0.E0,-1.E0));
#10789=VECTOR('',#10788,1.5E-1);
#10790=CARTESIAN_POINT('',(2.330186469822E0,3.926969409385E0,7.27E0));
#10791=LINE('',#10790,#10789);
#10792=DIRECTION('',(0.E0,0.E0,-1.E0));
#10793=VECTOR('',#10792,1.5E-1);
#10794=CARTESIAN_POINT('',(2.283503135596E0,3.878710507564E0,7.27E0));
#10795=LINE('',#10794,#10793);
#10796=DIRECTION('',(-9.998232489635E-1,-1.880081998408E-2,0.E0));
#10797=VECTOR('',#10796,9.356903941445E-2);
#10798=CARTESIAN_POINT('',(2.190043122201E0,3.829572227243E0,7.12E0));
#10799=LINE('',#10798,#10797);
#10800=DIRECTION('',(0.E0,0.E0,-1.E0));
#10801=VECTOR('',#10800,1.5E-1);
#10802=CARTESIAN_POINT('',(2.190043122201E0,3.829572227243E0,7.27E0));
#10803=LINE('',#10802,#10801);
#10804=DIRECTION('',(0.E0,0.E0,-1.E0));
#10805=VECTOR('',#10804,1.5E-1);
#10806=CARTESIAN_POINT('',(2.096490621211E0,3.827813052577E0,7.27E0));
#10807=LINE('',#10806,#10805);
#10808=DIRECTION('',(0.E0,0.E0,-1.E0));
#10809=VECTOR('',#10808,1.5E-1);
#10810=CARTESIAN_POINT('',(2.050734708869E0,3.305761787626E0,7.27E0));
#10811=LINE('',#10810,#10809);
#10812=DIRECTION('',(0.E0,0.E0,-1.E0));
#10813=VECTOR('',#10812,1.5E-1);
#10814=CARTESIAN_POINT('',(1.919630353092E0,3.369630359275E0,7.27E0));
#10815=LINE('',#10814,#10813);
#10816=DIRECTION('',(-8.989973774392E-1,4.379540105508E-1,0.E0));
#10817=VECTOR('',#10816,3.541665077207E-1);
#10818=CARTESIAN_POINT('',(1.965479181703E0,3.844302309738E0,7.27E0));
#10819=LINE('',#10818,#10817);
#10820=DIRECTION('',(-4.379540105507E-1,-8.989973774392E-1,0.E0));
#10821=VECTOR('',#10820,4.468085169792E-1);
#10822=CARTESIAN_POINT('',(1.647084420085E0,3.999410952197E0,7.27E0));
#10823=LINE('',#10822,#10821);
#10824=DIRECTION('',(-8.989973774390E-1,4.379540105512E-1,0.E0));
#10825=VECTOR('',#10824,1.250000000002E-1);
#10826=CARTESIAN_POINT('',(1.451402838126E0,3.597731267215E0,7.27E0));
#10827=LINE('',#10826,#10825);
#10828=DIRECTION('',(4.379540105510E-1,8.989973774390E-1,0.E0));
#10829=VECTOR('',#10828,1.E0);
#10830=CARTESIAN_POINT('',(1.339028165946E0,3.652475518534E0,7.27E0));
#10831=LINE('',#10830,#10829);
#10832=DIRECTION('',(8.989973774393E-1,-4.379540105505E-1,0.E0));
#10833=VECTOR('',#10832,5.000000000006E-1);
#10834=CARTESIAN_POINT('',(1.776982176497E0,4.551472895973E0,7.27E0));
#10835=LINE('',#10834,#10833);
#10836=DIRECTION('',(7.931668365905E-1,-6.090044083035E-1,0.E0));
#10837=VECTOR('',#10836,1.063177035601E-1);
#10838=CARTESIAN_POINT('',(2.226480865217E0,4.332495890698E0,7.27E0));
#10839=LINE('',#10838,#10837);
#10840=DIRECTION('',(4.473830684388E-1,-8.943424344591E-1,0.E0));
#10841=VECTOR('',#10840,1.049696729046E-1);
#10842=CARTESIAN_POINT('',(2.310808541824E0,4.267747940549E0,7.27E0));
#10843=LINE('',#10842,#10841);
#10844=DIRECTION('',(1.791322743302E-1,-9.838249988150E-1,0.E0));
#10845=VECTOR('',#10844,1.055904574139E-1);
#10846=CARTESIAN_POINT('',(2.357770196181E0,4.173869107739E0,7.27E0));
#10847=LINE('',#10846,#10845);
#10848=DIRECTION('',(-1.374023679648E-1,-9.905153150142E-1,0.E0));
#10849=VECTOR('',#10848,6.714354249945E-2);
#10850=CARTESIAN_POINT('',(2.376684854965E0,4.069986576099E0,7.27E0));
#10851=LINE('',#10850,#10849);
#10852=DIRECTION('',(-4.379540105535E-1,-8.989973774379E-1,0.E0));
#10853=VECTOR('',#10852,8.510643243736E-2);
#10854=CARTESIAN_POINT('',(2.367459173232E0,4.003479868949E0,7.27E0));
#10855=LINE('',#10854,#10853);
#10856=DIRECTION('',(-6.952766042428E-1,-7.187422650663E-1,0.E0));
#10857=VECTOR('',#10856,6.714354250016E-2);
#10858=CARTESIAN_POINT('',(2.330186469822E0,3.926969409385E0,7.27E0));
#10859=LINE('',#10858,#10857);
#10860=DIRECTION('',(-8.851179896827E-1,-4.653666772987E-1,0.E0));
#10861=VECTOR('',#10860,1.055904574126E-1);
#10862=CARTESIAN_POINT('',(2.283503135596E0,3.878710507564E0,7.27E0));
#10863=LINE('',#10862,#10861);
#10864=DIRECTION('',(-9.998232489635E-1,-1.880081998408E-2,0.E0));
#10865=VECTOR('',#10864,9.356903941445E-2);
#10866=CARTESIAN_POINT('',(2.190043122201E0,3.829572227243E0,7.27E0));
#10867=LINE('',#10866,#10865);
#10868=DIRECTION('',(-8.731167903812E-2,-9.961810431360E-1,0.E0));
#10869=VECTOR('',#10868,5.240525992219E-1);
#10870=CARTESIAN_POINT('',(2.096490621211E0,3.827813052577E0,7.27E0));
#10871=LINE('',#10870,#10869);
#10872=DIRECTION('',(-8.989973774392E-1,4.379540105507E-1,0.E0));
#10873=VECTOR('',#10872,1.458339691165E-1);
#10874=CARTESIAN_POINT('',(2.050734708869E0,3.305761787626E0,7.27E0));
#10875=LINE('',#10874,#10873);
#10876=DIRECTION('',(9.614310444920E-2,9.953675218063E-1,0.E0));
#10877=VECTOR('',#10876,4.768810917211E-1);
#10878=CARTESIAN_POINT('',(1.919630353092E0,3.369630359275E0,7.27E0));
#10879=LINE('',#10878,#10877);
#10880=DIRECTION('',(8.989973774388E-1,-4.379540105514E-1,0.E0));
#10881=VECTOR('',#10880,3.958334922792E-1);
#10882=CARTESIAN_POINT('',(1.702993436044E0,4.114176561168E0,7.27E0));
#10883=LINE('',#10882,#10881);
#10884=DIRECTION('',(9.921727917007E-1,-1.248725406517E-1,0.E0));
#10885=VECTOR('',#10884,6.602184346142E-2);
#10886=CARTESIAN_POINT('',(2.058846707505E0,3.940819695714E0,7.27E0));
#10887=LINE('',#10886,#10885);
#10888=DIRECTION('',(9.418848618408E-1,3.359358674436E-1,0.E0));
#10889=VECTOR('',#10888,5.955595080728E-2);
#10890=CARTESIAN_POINT('',(2.124351784246E0,3.932575380382E0,7.27E0));
#10891=LINE('',#10890,#10889);
#10892=DIRECTION('',(6.952766042422E-1,7.187422650668E-1,0.E0));
#10893=VECTOR('',#10892,6.714354249808E-2);
#10894=CARTESIAN_POINT('',(2.180446632744E0,3.952582360378E0,7.27E0));
#10895=LINE('',#10894,#10893);
#10896=DIRECTION('',(4.379540105491E-1,8.989973774400E-1,0.E0));
#10897=VECTOR('',#10896,6.382983923021E-2);
#10898=CARTESIAN_POINT('',(2.227129966968E0,4.000841262198E0,7.27E0));
#10899=LINE('',#10898,#10897);
#10900=DIRECTION('',(1.374023679630E-1,9.905153150144E-1,0.E0));
#10901=VECTOR('',#10900,6.714354249905E-2);
#10902=CARTESIAN_POINT('',(2.255084501052E0,4.058224120268E0,7.27E0));
#10903=LINE('',#10902,#10901);
#10904=DIRECTION('',(-3.160418217834E-1,9.487452592155E-1,0.E0));
#10905=VECTOR('',#10904,5.955595080627E-2);
#10906=CARTESIAN_POINT('',(2.264310182785E0,4.124730827418E0,7.27E0));
#10907=LINE('',#10906,#10905);
#10908=DIRECTION('',(-7.098974465164E-1,7.043050585006E-1,0.E0));
#10909=VECTOR('',#10908,6.602184346216E-2);
#10910=CARTESIAN_POINT('',(2.245488011594E0,4.181234253403E0,7.27E0));
#10911=LINE('',#10910,#10909);
#10912=DIRECTION('',(-8.989973774390E-1,4.379540105511E-1,0.E0));
#10913=VECTOR('',#10912,3.958334922787E-1);
#10914=CARTESIAN_POINT('',(2.198619273506E0,4.227733771725E0,7.27E0));
#10915=LINE('',#10914,#10913);
#10916=DIRECTION('',(-4.379540105513E-1,-8.989973774389E-1,0.E0));
#10917=VECTOR('',#10916,3.191489577295E-1);
#10918=CARTESIAN_POINT('',(1.842766002045E0,4.401090637179E0,7.27E0));
#10919=LINE('',#10918,#10917);
#10920=DIRECTION('',(0.E0,0.E0,-1.E0));
#10921=VECTOR('',#10920,1.5E-1);
#10922=CARTESIAN_POINT('',(1.702993436044E0,4.114176561168E0,7.27E0));
#10923=LINE('',#10922,#10921);
#10924=DIRECTION('',(-8.989973774388E-1,4.379540105514E-1,0.E0));
#10925=VECTOR('',#10924,3.958334922792E-1);
#10926=CARTESIAN_POINT('',(2.058846707505E0,3.940819695714E0,7.12E0));
#10927=LINE('',#10926,#10925);
#10928=DIRECTION('',(4.379540105513E-1,8.989973774389E-1,0.E0));
#10929=VECTOR('',#10928,3.191489577295E-1);
#10930=CARTESIAN_POINT('',(1.702993436044E0,4.114176561168E0,7.12E0));
#10931=LINE('',#10930,#10929);
#10932=DIRECTION('',(8.989973774390E-1,-4.379540105511E-1,0.E0));
#10933=VECTOR('',#10932,3.958334922787E-1);
#10934=CARTESIAN_POINT('',(1.842766002045E0,4.401090637179E0,7.12E0));
#10935=LINE('',#10934,#10933);
#10936=DIRECTION('',(7.098974465164E-1,-7.043050585006E-1,0.E0));
#10937=VECTOR('',#10936,6.602184346216E-2);
#10938=CARTESIAN_POINT('',(2.198619273506E0,4.227733771725E0,7.12E0));
#10939=LINE('',#10938,#10937);
#10940=DIRECTION('',(3.160418217834E-1,-9.487452592155E-1,0.E0));
#10941=VECTOR('',#10940,5.955595080627E-2);
#10942=CARTESIAN_POINT('',(2.245488011594E0,4.181234253403E0,7.12E0));
#10943=LINE('',#10942,#10941);
#10944=DIRECTION('',(-4.379540105491E-1,-8.989973774400E-1,0.E0));
#10945=VECTOR('',#10944,6.382983923021E-2);
#10946=CARTESIAN_POINT('',(2.255084501052E0,4.058224120268E0,7.12E0));
#10947=LINE('',#10946,#10945);
#10948=DIRECTION('',(-6.952766042422E-1,-7.187422650668E-1,0.E0));
#10949=VECTOR('',#10948,6.714354249808E-2);
#10950=CARTESIAN_POINT('',(2.227129966968E0,4.000841262198E0,7.12E0));
#10951=LINE('',#10950,#10949);
#10952=DIRECTION('',(-9.418848618408E-1,-3.359358674437E-1,0.E0));
#10953=VECTOR('',#10952,5.955595080728E-2);
#10954=CARTESIAN_POINT('',(2.180446632744E0,3.952582360378E0,7.12E0));
#10955=LINE('',#10954,#10953);
#10956=DIRECTION('',(0.E0,0.E0,-1.E0));
#10957=VECTOR('',#10956,1.5E-1);
#10958=CARTESIAN_POINT('',(1.842766002045E0,4.401090637179E0,7.27E0));
#10959=LINE('',#10958,#10957);
#10960=DIRECTION('',(0.E0,0.E0,-1.E0));
#10961=VECTOR('',#10960,1.5E-1);
#10962=CARTESIAN_POINT('',(2.198619273506E0,4.227733771725E0,7.27E0));
#10963=LINE('',#10962,#10961);
#10964=DIRECTION('',(0.E0,-2.368475785867E-14,-1.E0));
#10965=VECTOR('',#10964,1.5E-1);
#10966=CARTESIAN_POINT('',(2.245488011594E0,4.181234253403E0,7.27E0));
#10967=LINE('',#10966,#10965);
#10968=DIRECTION('',(0.E0,0.E0,-1.E0));
#10969=VECTOR('',#10968,1.5E-1);
#10970=CARTESIAN_POINT('',(2.264310182785E0,4.124730827418E0,7.27E0));
#10971=LINE('',#10970,#10969);
#10972=DIRECTION('',(1.374023679630E-1,9.905153150144E-1,0.E0));
#10973=VECTOR('',#10972,6.714354249905E-2);
#10974=CARTESIAN_POINT('',(2.255084501052E0,4.058224120268E0,7.12E0));
#10975=LINE('',#10974,#10973);
#10976=DIRECTION('',(0.E0,0.E0,-1.E0));
#10977=VECTOR('',#10976,1.5E-1);
#10978=CARTESIAN_POINT('',(2.255084501052E0,4.058224120268E0,7.27E0));
#10979=LINE('',#10978,#10977);
#10980=DIRECTION('',(0.E0,0.E0,-1.E0));
#10981=VECTOR('',#10980,1.5E-1);
#10982=CARTESIAN_POINT('',(2.227129966968E0,4.000841262198E0,7.27E0));
#10983=LINE('',#10982,#10981);
#10984=DIRECTION('',(0.E0,0.E0,-1.E0));
#10985=VECTOR('',#10984,1.5E-1);
#10986=CARTESIAN_POINT('',(2.180446632744E0,3.952582360378E0,7.27E0));
#10987=LINE('',#10986,#10985);
#10988=DIRECTION('',(0.E0,0.E0,-1.E0));
#10989=VECTOR('',#10988,1.5E-1);
#10990=CARTESIAN_POINT('',(2.124351784246E0,3.932575380382E0,7.27E0));
#10991=LINE('',#10990,#10989);
#10992=DIRECTION('',(9.921727917007E-1,-1.248725406517E-1,0.E0));
#10993=VECTOR('',#10992,6.602184346142E-2);
#10994=CARTESIAN_POINT('',(2.058846707505E0,3.940819695714E0,7.12E0));
#10995=LINE('',#10994,#10993);
#10996=DIRECTION('',(0.E0,0.E0,-1.E0));
#10997=VECTOR('',#10996,1.5E-1);
#10998=CARTESIAN_POINT('',(2.058846707505E0,3.940819695714E0,7.27E0));
#10999=LINE('',#10998,#10997);
#11000=DIRECTION('',(7.071067811864E-1,7.071067811867E-1,0.E0));
#11001=VECTOR('',#11000,7.501284060160E-1);
#11002=CARTESIAN_POINT('',(3.124566211677E0,2.162657159339E0,1.02E0));
#11003=LINE('',#11002,#11001);
#11004=CARTESIAN_POINT('',(0.E0,0.E0,1.02E0));
#11005=DIRECTION('',(0.E0,0.E0,-1.E0));
#11006=DIRECTION('',(8.050632366369E-1,5.931889960339E-1,0.E0));
#11007=AXIS2_PLACEMENT_3D('',#11004,#11005,#11006);
#11009=DIRECTION('',(-7.071067811864E-1,7.071067811867E-1,0.E0));
#11010=VECTOR('',#11009,7.501284060160E-1);
#11011=CARTESIAN_POINT('',(3.654987094332E0,-2.693078041994E0,1.02E0));
#11012=LINE('',#11011,#11010);
#11013=CARTESIAN_POINT('',(0.E0,0.E0,1.02E0));
#11014=DIRECTION('',(0.E0,0.E0,1.E0));
#11015=DIRECTION('',(8.222542662309E-1,-5.691203050894E-1,0.E0));
#11016=AXIS2_PLACEMENT_3D('',#11013,#11014,#11015);
#11018=CARTESIAN_POINT('',(0.E0,0.E0,1.02E0));
#11019=DIRECTION('',(0.E0,0.E0,1.E0));
#11020=DIRECTION('',(1.E0,0.E0,0.E0));
#11021=AXIS2_PLACEMENT_3D('',#11018,#11019,#11020);
#11023=CARTESIAN_POINT('',(3.654987094332E0,2.693078041993E0,1.020000000004E0));
#11024=CARTESIAN_POINT('',(3.659814362265E0,2.686526578678E0,
5.533332744402E-1));
#11025=CARTESIAN_POINT('',(3.664625981439E0,2.679959468039E0,
8.666660772412E-2));
#11026=CARTESIAN_POINT('',(3.669421912854E0,2.673376671079E0,
-3.799999999971E-1));
#11028=CARTESIAN_POINT('',(3.669421912854E0,-2.673376671079E0,
-3.799999999971E-1));
#11029=CARTESIAN_POINT('',(3.664625981439E0,-2.679959468039E0,
8.666660772412E-2));
#11030=CARTESIAN_POINT('',(3.659814362265E0,-2.686526578678E0,
5.533332744401E-1));
#11031=CARTESIAN_POINT('',(3.654987094332E0,-2.693078041993E0,
1.020000000004E0));
#11033=CARTESIAN_POINT('',(3.351777172303E0,-2.329441502217E0,
-1.458228128069E0));
#11034=CARTESIAN_POINT('',(3.387160889469E0,-2.367746369730E0,
-1.338425345370E0));
#11035=CARTESIAN_POINT('',(3.457858022850E0,-2.444285964141E0,
-1.098813204173E0));
#11036=CARTESIAN_POINT('',(3.563732687809E0,-2.558924213861E0,
-7.393993718452E-1));
#11037=CARTESIAN_POINT('',(3.634209980032E0,-2.635243691708E0,
-4.997985257007E-1));
#11038=CARTESIAN_POINT('',(3.669421912854E0,-2.673376671079E0,-3.8E-1));
#11040=CARTESIAN_POINT('',(0.E0,0.E0,-3.799999999999E-1));
#11041=DIRECTION('',(0.E0,0.E0,1.E0));
#11042=DIRECTION('',(8.082427120823E-1,-5.888494870218E-1,0.E0));
#11043=AXIS2_PLACEMENT_3D('',#11040,#11041,#11042);
#11045=CARTESIAN_POINT('',(3.669421912854E0,2.673376671079E0,-3.8E-1));
#11046=CARTESIAN_POINT('',(3.634209980031E0,2.635243691707E0,
-4.997985257034E-1));
#11047=CARTESIAN_POINT('',(3.563732687807E0,2.558924213859E0,
-7.393993718516E-1));
#11048=CARTESIAN_POINT('',(3.457858022848E0,2.444285964139E0,
-1.098813204180E0));
#11049=CARTESIAN_POINT('',(3.387160889468E0,2.367746369729E0,
-1.338425345372E0));
#11050=CARTESIAN_POINT('',(3.351777172303E0,2.329441502217E0,
-1.458228128069E0));
#11052=CARTESIAN_POINT('',(0.E0,0.E0,-1.458228128069E0));
#11053=DIRECTION('',(0.E0,0.E0,1.E0));
#11054=DIRECTION('',(8.211611861086E-1,-5.706963346901E-1,0.E0));
#11055=AXIS2_PLACEMENT_3D('',#11052,#11053,#11054);
#11057=DIRECTION('',(7.071067811860E-1,-7.071067811871E-1,1.101380147432E-13));
#11058=VECTOR('',#11057,4.354684872034E-1);
#11059=CARTESIAN_POINT('',(2.418982502971E0,-2.369123477994E0,4.22E0));
#11060=LINE('',#11059,#11058);
#11061=DIRECTION('',(-7.071067811870E-1,7.071067811861E-1,2.331094050483E-12));
#11062=VECTOR('',#11061,5.564702898639E-1);
#11063=CARTESIAN_POINT('',(3.110814566314E0,-2.212553494728E0,
3.630343290349E0));
#11064=LINE('',#11063,#11062);
#11065=DIRECTION('',(1.997670420140E-13,-1.E0,8.141449259438E-14));
#11066=VECTOR('',#11065,5.891043859078E-1);
#11067=CARTESIAN_POINT('',(2.418982502971E0,-2.369123477994E0,4.22E0));
#11068=LINE('',#11067,#11066);
#11069=CARTESIAN_POINT('',(0.E0,0.E0,4.22E0));
#11070=DIRECTION('',(0.E0,0.E0,1.E0));
#11071=DIRECTION('',(6.330205433456E-1,-7.741349957872E-1,0.E0));
#11072=AXIS2_PLACEMENT_3D('',#11069,#11070,#11071);
#11074=CARTESIAN_POINT('',(0.E0,0.E0,1.520740201626E-1));
#11075=DIRECTION('',(0.E0,0.E0,-1.E0));
#11076=DIRECTION('',(8.651293658751E-1,5.015487815762E-1,0.E0));
#11077=AXIS2_PLACEMENT_3D('',#11074,#11075,#11076);
#11079=CARTESIAN_POINT('',(0.E0,0.E0,1.520740201626E-1));
#11080=DIRECTION('',(0.E0,0.E0,-1.E0));
#11081=DIRECTION('',(1.E0,1.999670314819E-10,0.E0));
#11082=AXIS2_PLACEMENT_3D('',#11079,#11080,#11081);
#11084=CARTESIAN_POINT('',(2.828945906950E0,-1.639987365768E0,
1.517784221980E-1));
#11085=CARTESIAN_POINT('',(2.801139881490E0,-1.639987365768E0,
1.301178037220E-1));
#11086=CARTESIAN_POINT('',(2.745104333228E0,-1.640005896085E0,
8.698866555237E-2));
#11087=CARTESIAN_POINT('',(2.662643681338E0,-1.639998315051E0,
2.335782233751E-2));
#11088=CARTESIAN_POINT('',(2.605621804647E0,-1.640000000824E0,
-2.013925581600E-2));
#11089=CARTESIAN_POINT('',(2.576848554602E0,-1.640000000824E0,
-4.199573905548E-2));
#11091=CARTESIAN_POINT('',(2.576848554602E0,-1.640000000824E0,
-4.199573905548E-2));
#11092=CARTESIAN_POINT('',(2.547518072702E0,-1.639999995351E0,
-6.427550450289E-2));
#11093=CARTESIAN_POINT('',(2.506061128277E0,-1.618344310320E0,
-1.061970518938E-1));
#11094=CARTESIAN_POINT('',(2.482879226047E0,-1.533715634496E0,
-1.648227380268E-1));
#11095=CARTESIAN_POINT('',(2.500311322153E0,-1.469711863515E0,
-1.810754694852E-1));
#11096=CARTESIAN_POINT('',(2.520161745343E0,-1.434846609299E0,
-1.810754739609E-1));
#11098=CARTESIAN_POINT('',(2.576848554600E0,1.640000000824E0,
-4.199573905700E-2));
#11099=CARTESIAN_POINT('',(2.604393287923E0,1.640000000824E0,
-2.107245088949E-2));
#11100=CARTESIAN_POINT('',(2.659803440135E0,1.639998314434E0,
2.117958915030E-2));
#11101=CARTESIAN_POINT('',(2.743657307447E0,1.640005898245E0,
8.586890719385E-2));
#11102=CARTESIAN_POINT('',(2.800528206443E0,1.639987361138E0,
1.296413041523E-1));
#11103=CARTESIAN_POINT('',(2.828945900106E0,1.639987361138E0,
1.517784063689E-1));
#11105=CARTESIAN_POINT('',(2.732024994989E0,-1.640000000040E0,
-1.922675830274E-1));
#11106=CARTESIAN_POINT('',(2.700798731366E0,-1.640004244052E0,
-1.625157963183E-1));
#11107=CARTESIAN_POINT('',(2.649060723243E0,-1.639995732815E0,
-1.124524121485E-1));
#11108=CARTESIAN_POINT('',(2.597916123323E0,-1.640003216892E0,
-6.174639106055E-2));
#11109=CARTESIAN_POINT('',(2.576848554602E0,-1.640000000824E0,
-4.199573905548E-2));
#11111=CARTESIAN_POINT('',(0.E0,0.E0,-9.417712000828E-2));
#11112=DIRECTION('',(0.E0,0.E0,1.E0));
#11113=DIRECTION('',(8.673707334868E-1,-4.976625470041E-1,0.E0));
#11114=AXIS2_PLACEMENT_3D('',#11111,#11112,#11113);
#11116=CARTESIAN_POINT('',(0.E0,0.E0,-9.417712000828E-2));
#11117=DIRECTION('',(0.E0,0.E0,1.E0));
#11118=DIRECTION('',(1.E0,0.E0,0.E0));
#11119=AXIS2_PLACEMENT_3D('',#11116,#11117,#11118);
#11121=CARTESIAN_POINT('',(2.858338469475E0,1.64E0,-9.417712000818E-2));
#11122=CARTESIAN_POINT('',(2.844223438690E0,1.64E0,-1.052007348527E-1));
#11123=CARTESIAN_POINT('',(2.816047385675E0,1.640000000005E0,
-1.271655442853E-1));
#11124=CARTESIAN_POINT('',(2.773943291368E0,1.639999999981E0,
-1.598630527845E-1));
#11125=CARTESIAN_POINT('',(2.745980267300E0,1.640000000040E0,
-1.814942213816E-1));
#11126=CARTESIAN_POINT('',(2.732024994989E0,1.640000000040E0,
-1.922675830273E-1));
#11128=CARTESIAN_POINT('',(2.732024994989E0,1.640000000040E0,
-1.922675830273E-1));
#11129=CARTESIAN_POINT('',(2.703280166356E0,1.639999999469E0,
-2.144583673478E-1));
#11130=CARTESIAN_POINT('',(2.662171645863E0,1.618778347059E0,
-2.560043053622E-1));
#11131=CARTESIAN_POINT('',(2.637421370971E0,1.535723756993E0,
-3.136624145416E-1));
#11132=CARTESIAN_POINT('',(2.653070292825E0,1.472034027449E0,
-3.297044230656E-1));
#11133=CARTESIAN_POINT('',(2.671811437611E0,1.437193301951E0,
-3.297044381670E-1));
#11135=CARTESIAN_POINT('',(0.E0,0.E0,-3.297044413229E-1));
#11136=DIRECTION('',(0.E0,0.E0,-1.E0));
#11137=DIRECTION('',(8.806738904799E-1,4.737230188907E-1,0.E0));
#11138=AXIS2_PLACEMENT_3D('',#11135,#11136,#11137);
#11140=CARTESIAN_POINT('',(2.671811452738E0,-1.437193275438E0,
-3.297044390123E-1));
#11141=CARTESIAN_POINT('',(2.653140745685E0,-1.471903011941E0,
-3.297044417656E-1));
#11142=CARTESIAN_POINT('',(2.637092058750E0,-1.535098616399E0,
-3.142072472525E-1));
#11143=CARTESIAN_POINT('',(2.663266898641E0,-1.620515427737E0,
-2.543520745126E-1));
#11144=CARTESIAN_POINT('',(2.703938868551E0,-1.639999999482E0,
-2.139498543719E-1));
#11145=CARTESIAN_POINT('',(2.732024994989E0,-1.640000000040E0,
-1.922675830274E-1));
#11147=CARTESIAN_POINT('',(2.732024994989E0,-1.640000000040E0,
-1.922675830274E-1));
#11148=CARTESIAN_POINT('',(2.745980267311E0,-1.640000000040E0,
-1.814942213729E-1));
#11149=CARTESIAN_POINT('',(2.773943291374E0,-1.639999999981E0,
-1.598630527384E-1));
#11150=CARTESIAN_POINT('',(2.816047385682E0,-1.640000000005E0,
-1.271655442399E-1));
#11151=CARTESIAN_POINT('',(2.844223438701E0,-1.64E0,-1.052007348437E-1));
#11152=CARTESIAN_POINT('',(2.858338469475E0,-1.64E0,-9.417712000818E-2));
#11154=CARTESIAN_POINT('',(2.576848554600E0,1.640000000824E0,
-4.199573905700E-2));
#11155=CARTESIAN_POINT('',(2.597916123300E0,1.640003216892E0,
-6.174639104347E-2));
#11156=CARTESIAN_POINT('',(2.649060723314E0,1.639995732814E0,
-1.124524122131E-1));
#11157=CARTESIAN_POINT('',(2.700798731361E0,1.640004244052E0,
-1.625157963134E-1));
#11158=CARTESIAN_POINT('',(2.732024994989E0,1.640000000040E0,
-1.922675830273E-1));
#11160=CARTESIAN_POINT('',(2.576848554600E0,1.640000000824E0,
-4.199573905700E-2));
#11161=CARTESIAN_POINT('',(2.556010333022E0,1.639999996935E0,
-5.782468761266E-2));
#11162=CARTESIAN_POINT('',(2.522663795744E0,1.627687513568E0,
-8.903695068236E-2));
#11163=CARTESIAN_POINT('',(2.491061180774E0,1.581158400303E0,
-1.356996133158E-1));
#11164=CARTESIAN_POINT('',(2.488823717195E0,1.508056183746E0,
-1.722591405209E-1));
#11165=CARTESIAN_POINT('',(2.505843068823E0,1.459995939265E0,
-1.810754568787E-1));
#11166=CARTESIAN_POINT('',(2.520161764391E0,1.434846574200E0,
-1.810754730574E-1));
#11168=CARTESIAN_POINT('',(2.520161745343E0,-1.434846609299E0,
-1.810754739609E-1));
#11169=CARTESIAN_POINT('',(2.527489278296E0,-1.434964297839E0,
-1.882122896760E-1));
#11170=CARTESIAN_POINT('',(2.568503240230E0,-1.435619446784E0,
-2.281966926843E-1));
#11171=CARTESIAN_POINT('',(2.619055838646E0,-1.436402463629E0,
-2.777370639643E-1));
#11172=CARTESIAN_POINT('',(2.662202984606E0,-1.437050068041E0,
-3.202311789885E-1));
#11173=CARTESIAN_POINT('',(2.671811452738E0,-1.437193275438E0,
-3.297044390123E-1));
#11175=CARTESIAN_POINT('',(2.671811437611E0,1.437193301951E0,
-3.297044381670E-1));
#11176=CARTESIAN_POINT('',(2.662202979465E0,1.437050094664E0,
-3.202311881541E-1));
#11177=CARTESIAN_POINT('',(2.619055751186E0,1.436402655696E0,
-2.777370793029E-1));
#11178=CARTESIAN_POINT('',(2.568503029071E0,1.435619844012E0,
-2.281967065384E-1));
#11179=CARTESIAN_POINT('',(2.527489308122E0,1.434964262947E0,
-1.882122991315E-1));
#11180=CARTESIAN_POINT('',(2.520161764391E0,1.434846574200E0,
-1.810754730574E-1));
#11182=CARTESIAN_POINT('',(0.E0,0.E0,-1.810754762276E-1));
#11183=DIRECTION('',(0.E0,0.E0,-1.E0));
#11184=DIRECTION('',(8.690213296480E-1,4.947746240631E-1,0.E0));
#11185=AXIS2_PLACEMENT_3D('',#11182,#11183,#11184);
#11187=CARTESIAN_POINT('',(-3.27E0,0.E0,1.520740201626E-1));
#11188=CARTESIAN_POINT('',(-3.27E0,1.908922488858E-1,1.520740201626E-1));
#11189=CARTESIAN_POINT('',(-3.236329036201E0,5.728237953618E-1,
1.519942874468E-1));
#11190=CARTESIAN_POINT('',(-3.087737101693E0,1.127301345948E0,
1.523530846679E-1));
#11191=CARTESIAN_POINT('',(-2.923551426836E0,1.476057824576E0,
1.514760247941E-1));
#11192=CARTESIAN_POINT('',(-2.829755253729E0,1.638588124429E0,
1.518010959516E-1));
#11194=CARTESIAN_POINT('',(-2.829755253729E0,1.638588124429E0,
1.518010959516E-1));
#11195=CARTESIAN_POINT('',(-2.801949228269E0,1.638588124429E0,
1.301404774756E-1));
#11196=CARTESIAN_POINT('',(-2.744726638065E0,1.640658875376E0,
8.697808446734E-2));
#11197=CARTESIAN_POINT('',(-2.662751594242E0,1.639811749539E0,
2.336084550466E-2));
#11198=CARTESIAN_POINT('',(-2.605621804647E0,1.640000000824E0,
-2.013925581600E-2));
#11199=CARTESIAN_POINT('',(-2.576848554602E0,1.640000000824E0,
-4.199573905548E-2));
#11201=CARTESIAN_POINT('',(-2.576848554602E0,1.640000000824E0,
-4.199573905548E-2));
#11202=CARTESIAN_POINT('',(-2.547518072702E0,1.639999995351E0,
-6.427550450289E-2));
#11203=CARTESIAN_POINT('',(-2.506061128277E0,1.618344310320E0,
-1.061970518938E-1));
#11204=CARTESIAN_POINT('',(-2.482879226047E0,1.533715634496E0,
-1.648227380268E-1));
#11205=CARTESIAN_POINT('',(-2.500311322153E0,1.469711863515E0,
-1.810754694852E-1));
#11206=CARTESIAN_POINT('',(-2.520161745343E0,1.434846609299E0,
-1.810754739609E-1));
#11208=CARTESIAN_POINT('',(-2.576848554600E0,-1.640000000824E0,
-4.199573905700E-2));
#11209=CARTESIAN_POINT('',(-2.604393287923E0,-1.640000000824E0,
-2.107245088949E-2));
#11210=CARTESIAN_POINT('',(-2.659803440135E0,-1.639998314434E0,
2.117958915030E-2));
#11211=CARTESIAN_POINT('',(-2.743657307447E0,-1.640005898245E0,
8.586890719385E-2));
#11212=CARTESIAN_POINT('',(-2.800528206443E0,-1.639987361138E0,
1.296413041523E-1));
#11213=CARTESIAN_POINT('',(-2.828945900106E0,-1.639987361138E0,
1.517784063689E-1));
#11215=CARTESIAN_POINT('',(0.E0,0.E0,1.520740201626E-1));
#11216=DIRECTION('',(0.E0,0.E0,-1.E0));
#11217=DIRECTION('',(-8.651293658751E-1,-5.015487815762E-1,0.E0));
#11218=AXIS2_PLACEMENT_3D('',#11215,#11216,#11217);
#11220=CARTESIAN_POINT('',(-2.732024994989E0,1.640000000040E0,
-1.922675830274E-1));
#11221=CARTESIAN_POINT('',(-2.700798731366E0,1.640004244052E0,
-1.625157963183E-1));
#11222=CARTESIAN_POINT('',(-2.649060723243E0,1.639995732815E0,
-1.124524121485E-1));
#11223=CARTESIAN_POINT('',(-2.597916123323E0,1.640003216892E0,
-6.174639106055E-2));
#11224=CARTESIAN_POINT('',(-2.576848554602E0,1.640000000824E0,
-4.199573905548E-2));
#11226=CARTESIAN_POINT('',(0.E0,0.E0,-9.417712000828E-2));
#11227=DIRECTION('',(0.E0,0.E0,1.E0));
#11228=DIRECTION('',(-8.673707334868E-1,4.976625470041E-1,0.E0));
#11229=AXIS2_PLACEMENT_3D('',#11226,#11227,#11228);
#11231=CARTESIAN_POINT('',(0.E0,0.E0,-9.417712000828E-2));
#11232=DIRECTION('',(0.E0,0.E0,1.E0));
#11233=DIRECTION('',(-1.E0,0.E0,0.E0));
#11234=AXIS2_PLACEMENT_3D('',#11231,#11232,#11233);
#11236=CARTESIAN_POINT('',(-2.858338469475E0,-1.64E0,-9.417712000818E-2));
#11237=CARTESIAN_POINT('',(-2.844223438690E0,-1.64E0,-1.052007348527E-1));
#11238=CARTESIAN_POINT('',(-2.816047385675E0,-1.640000000005E0,
-1.271655442853E-1));
#11239=CARTESIAN_POINT('',(-2.773943291368E0,-1.639999999981E0,
-1.598630527845E-1));
#11240=CARTESIAN_POINT('',(-2.745980267300E0,-1.640000000040E0,
-1.814942213816E-1));
#11241=CARTESIAN_POINT('',(-2.732024994989E0,-1.640000000040E0,
-1.922675830273E-1));
#11243=CARTESIAN_POINT('',(-2.732024994989E0,-1.640000000040E0,
-1.922675830273E-1));
#11244=CARTESIAN_POINT('',(-2.703280166356E0,-1.639999999469E0,
-2.144583673478E-1));
#11245=CARTESIAN_POINT('',(-2.662171645863E0,-1.618778347059E0,
-2.560043053622E-1));
#11246=CARTESIAN_POINT('',(-2.637421370972E0,-1.535723756992E0,
-3.136624145416E-1));
#11247=CARTESIAN_POINT('',(-2.653070292824E0,-1.472034027450E0,
-3.297044230656E-1));
#11248=CARTESIAN_POINT('',(-2.671811437611E0,-1.437193301953E0,
-3.297044381670E-1));
#11250=CARTESIAN_POINT('',(0.E0,0.E0,-3.297044413229E-1));
#11251=DIRECTION('',(0.E0,0.E0,-1.E0));
#11252=DIRECTION('',(-8.806738904799E-1,-4.737230188907E-1,0.E0));
#11253=AXIS2_PLACEMENT_3D('',#11250,#11251,#11252);
#11255=CARTESIAN_POINT('',(-2.671811452738E0,1.437193275438E0,
-3.297044390123E-1));
#11256=CARTESIAN_POINT('',(-2.653140745685E0,1.471903011941E0,
-3.297044417656E-1));
#11257=CARTESIAN_POINT('',(-2.637092058750E0,1.535098616399E0,
-3.142072472525E-1));
#11258=CARTESIAN_POINT('',(-2.663266898641E0,1.620515427737E0,
-2.543520745126E-1));
#11259=CARTESIAN_POINT('',(-2.703938868551E0,1.639999999482E0,
-2.139498543719E-1));
#11260=CARTESIAN_POINT('',(-2.732024994989E0,1.640000000040E0,
-1.922675830274E-1));
#11262=CARTESIAN_POINT('',(-2.732024994989E0,1.640000000040E0,
-1.922675830274E-1));
#11263=CARTESIAN_POINT('',(-2.745980267311E0,1.640000000040E0,
-1.814942213729E-1));
#11264=CARTESIAN_POINT('',(-2.773943291374E0,1.639999999981E0,
-1.598630527384E-1));
#11265=CARTESIAN_POINT('',(-2.816047385682E0,1.640000000005E0,
-1.271655442399E-1));
#11266=CARTESIAN_POINT('',(-2.844223438701E0,1.64E0,-1.052007348437E-1));
#11267=CARTESIAN_POINT('',(-2.858338469475E0,1.64E0,-9.417712000818E-2));
#11269=CARTESIAN_POINT('',(-2.576848554600E0,-1.640000000824E0,
-4.199573905700E-2));
#11270=CARTESIAN_POINT('',(-2.597916123300E0,-1.640003216892E0,
-6.174639104347E-2));
#11271=CARTESIAN_POINT('',(-2.649060723314E0,-1.639995732814E0,
-1.124524122131E-1));
#11272=CARTESIAN_POINT('',(-2.700798731361E0,-1.640004244052E0,
-1.625157963134E-1));
#11273=CARTESIAN_POINT('',(-2.732024994989E0,-1.640000000040E0,
-1.922675830273E-1));
#11275=CARTESIAN_POINT('',(-2.576848554600E0,-1.640000000824E0,
-4.199573905700E-2));
#11276=CARTESIAN_POINT('',(-2.556010333022E0,-1.639999996935E0,
-5.782468761266E-2));
#11277=CARTESIAN_POINT('',(-2.522663795744E0,-1.627687513568E0,
-8.903695068236E-2));
#11278=CARTESIAN_POINT('',(-2.491061180774E0,-1.581158400303E0,
-1.356996133158E-1));
#11279=CARTESIAN_POINT('',(-2.488823717195E0,-1.508056183747E0,
-1.722591405209E-1));
#11280=CARTESIAN_POINT('',(-2.505843068824E0,-1.459995939263E0,
-1.810754568787E-1));
#11281=CARTESIAN_POINT('',(-2.520161764392E0,-1.434846574199E0,
-1.810754730574E-1));
#11283=CARTESIAN_POINT('',(-2.520161745343E0,1.434846609299E0,
-1.810754739609E-1));
#11284=CARTESIAN_POINT('',(-2.527489278296E0,1.434964297839E0,
-1.882122896760E-1));
#11285=CARTESIAN_POINT('',(-2.568503240230E0,1.435619446784E0,
-2.281966926843E-1));
#11286=CARTESIAN_POINT('',(-2.619055838646E0,1.436402463629E0,
-2.777370639643E-1));
#11287=CARTESIAN_POINT('',(-2.662202984606E0,1.437050068041E0,
-3.202311789885E-1));
#11288=CARTESIAN_POINT('',(-2.671811452738E0,1.437193275438E0,
-3.297044390123E-1));
#11290=CARTESIAN_POINT('',(-2.671811437611E0,-1.437193301953E0,
-3.297044381670E-1));
#11291=CARTESIAN_POINT('',(-2.662202979464E0,-1.437050094665E0,
-3.202311881541E-1));
#11292=CARTESIAN_POINT('',(-2.619055751188E0,-1.436402655693E0,
-2.777370793029E-1));
#11293=CARTESIAN_POINT('',(-2.568503029069E0,-1.435619844015E0,
-2.281967065384E-1));
#11294=CARTESIAN_POINT('',(-2.527489308122E0,-1.434964262946E0,
-1.882122991315E-1));
#11295=CARTESIAN_POINT('',(-2.520161764392E0,-1.434846574199E0,
-1.810754730574E-1));
#11297=CARTESIAN_POINT('',(0.E0,0.E0,-1.810754762276E-1));
#11298=DIRECTION('',(0.E0,0.E0,-1.E0));
#11299=DIRECTION('',(-8.690213296489E-1,-4.947746240616E-1,0.E0));
#11300=AXIS2_PLACEMENT_3D('',#11297,#11298,#11299);
#11302=DIRECTION('',(7.071067811870E-1,7.071067811861E-1,-3.001453174894E-12));
#11303=VECTOR('',#11302,5.564702898639E-1);
#11304=CARTESIAN_POINT('',(2.717330650822E0,1.819069579237E0,3.630343290351E0));
#11305=LINE('',#11304,#11303);
#11306=DIRECTION('',(-7.071067811861E-1,-7.071067811870E-1,
-1.101380147432E-13));
#11307=VECTOR('',#11306,4.354684872033E-1);
#11308=CARTESIAN_POINT('',(2.726905223265E0,2.677046198289E0,4.22E0));
#11309=LINE('',#11308,#11307);
#11310=CARTESIAN_POINT('',(2.418982502971E0,2.369123477994E0,4.22E0));
#11311=CARTESIAN_POINT('',(2.413592219838E0,2.356110183350E0,4.22E0));
#11312=CARTESIAN_POINT('',(2.402821771456E0,2.330107993223E0,4.219854745251E0));
#11313=CARTESIAN_POINT('',(2.386698106020E0,2.291182056182E0,4.219203169050E0));
#11314=CARTESIAN_POINT('',(2.375971499994E0,2.265285731276E0,4.218480528558E0));
#11315=CARTESIAN_POINT('',(2.370614103319E0,2.252351831563E0,4.218047237194E0));
#11317=DIRECTION('',(-2.005208799084E-13,-1.E0,-8.141449259440E-14));
#11318=VECTOR('',#11317,5.891043859076E-1);
#11319=CARTESIAN_POINT('',(2.418982502971E0,2.958227863902E0,4.22E0));
#11320=LINE('',#11319,#11318);
#11321=CARTESIAN_POINT('',(0.E0,0.E0,4.22E0));
#11322=DIRECTION('',(0.E0,0.E0,1.E0));
#11323=DIRECTION('',(7.136004596822E-1,7.005529130204E-1,0.E0));
#11324=AXIS2_PLACEMENT_3D('',#11321,#11322,#11323);
#11326=DIRECTION('',(-2.259464880570E-14,1.E0,3.198011830960E-14));
#11327=VECTOR('',#11326,6.387751119410E-1);
#11328=CARTESIAN_POINT('',(1.819046490366E0,2.717346107121E0,3.628762464266E0));
#11329=LINE('',#11328,#11327);
#11330=DIRECTION('',(1.391508702961E-8,-9.999999999998E-1,7.045632692046E-7));
#11331=VECTOR('',#11330,6.143226498170E-1);
#11332=CARTESIAN_POINT('',(1.780711397443E0,3.356943092077E0,1.020000090068E0));
#11333=LINE('',#11332,#11331);
#11334=DIRECTION('',(-7.071067749450E-1,7.071067874279E-1,-4.064352559261E-7));
#11335=VECTOR('',#11334,1.290281281849E0);
#11336=CARTESIAN_POINT('',(-1.780711406014E0,2.742620442245E0,
1.020000524416E0));
#11337=LINE('',#11336,#11335);
#11338=CARTESIAN_POINT('',(0.E0,0.E0,1.02E0));
#11339=DIRECTION('',(0.E0,0.E0,-1.E0));
#11340=DIRECTION('',(-5.931889960338E-1,8.050632366370E-1,0.E0));
#11341=AXIS2_PLACEMENT_3D('',#11338,#11339,#11340);
#11343=CARTESIAN_POINT('',(0.E0,0.E0,1.02E0));
#11344=DIRECTION('',(0.E0,0.E0,-1.E0));
#11345=DIRECTION('',(0.E0,1.E0,0.E0));
#11346=AXIS2_PLACEMENT_3D('',#11343,#11344,#11345);
#11348=DIRECTION('',(-7.071067749594E-1,-7.071067874136E-1,4.052586153212E-7));
#11349=VECTOR('',#11348,1.290281281855E0);
#11350=CARTESIAN_POINT('',(2.693078041994E0,3.654987094332E0,1.02E0));
#11351=LINE('',#11350,#11349);
#11352=CARTESIAN_POINT('',(0.E0,0.E0,1.02E0));
#11353=DIRECTION('',(0.E0,0.E0,1.E0));
#11354=DIRECTION('',(4.686082621344E-1,8.834060768748E-1,0.E0));
#11355=AXIS2_PLACEMENT_3D('',#11352,#11353,#11354);
#11357=DIRECTION('',(-1.395143550782E-8,-9.999999999998E-1,7.070378023585E-7));
#11358=VECTOR('',#11357,6.143226498312E-1);
#11359=CARTESIAN_POINT('',(-1.780711397443E0,3.356943092077E0,
1.020000090066E0));
#11360=LINE('',#11359,#11358);
#11361=CARTESIAN_POINT('',(-2.195316071125E0,3.220620903846E0,-1.58E0));
#11362=CARTESIAN_POINT('',(-2.215273878252E0,3.240578710973E0,-1.58E0));
#11363=CARTESIAN_POINT('',(-2.251927984065E0,3.276972522922E0,
-1.569324777706E0));
#11364=CARTESIAN_POINT('',(-2.299804446691E0,3.323782031989E0,
-1.525566672109E0));
#11365=CARTESIAN_POINT('',(-2.321390282141E0,3.344339942716E0,
-1.483409224672E0));
#11366=CARTESIAN_POINT('',(-2.329441502217E0,3.351777172303E0,
-1.458228128069E0));
#11368=CARTESIAN_POINT('',(-1.767823225770E0,2.750945481544E0,1.5E-1));
#11369=CARTESIAN_POINT('',(-1.802682111324E0,2.799865216949E0,
-4.266662921467E-1));
#11370=CARTESIAN_POINT('',(-1.837538277462E0,2.848782242550E0,
-1.003332978566E0));
#11371=CARTESIAN_POINT('',(-1.872392132490E0,2.897696965210E0,-1.58E0));
#11373=DIRECTION('',(7.071067811862E-1,-7.071067811869E-1,0.E0));
#11374=VECTOR('',#11373,4.566834136327E-1);
#11375=CARTESIAN_POINT('',(-2.195316071125E0,3.220620903846E0,-1.58E0));
#11376=LINE('',#11375,#11374);
#11377=CARTESIAN_POINT('',(0.E0,0.E0,-1.58E0));
#11378=DIRECTION('',(0.E0,0.E0,-1.E0));
#11379=DIRECTION('',(-5.427223572434E-1,8.399121638292E-1,0.E0));
#11380=AXIS2_PLACEMENT_3D('',#11377,#11378,#11379);
#11382=DIRECTION('',(7.071067811862E-1,7.071067811869E-1,0.E0));
#11383=VECTOR('',#11382,4.567031562482E-1);
#11384=CARTESIAN_POINT('',(1.872392132490E0,2.897696965210E0,-1.58E0));
#11385=LINE('',#11384,#11383);
#11386=CARTESIAN_POINT('',(0.E0,0.E0,-1.58E0));
#11387=DIRECTION('',(0.E0,0.E0,1.E0));
#11388=DIRECTION('',(5.632392003404E-1,8.262938963831E-1,0.E0));
#11389=AXIS2_PLACEMENT_3D('',#11386,#11387,#11388);
#11391=CARTESIAN_POINT('',(0.E0,0.E0,1.502186569271E-1));
#11392=DIRECTION('',(0.E0,0.E0,-1.E0));
#11393=DIRECTION('',(-5.406187234771E-1,8.412677313591E-1,0.E0));
#11394=AXIS2_PLACEMENT_3D('',#11391,#11392,#11393);
#11396=CARTESIAN_POINT('',(-1.639987361138E0,2.828945900106E0,
1.517784063689E-1));
#11397=CARTESIAN_POINT('',(-1.639987361138E0,2.832230788943E0,
1.244649794408E-1));
#11398=CARTESIAN_POINT('',(-1.640005898135E0,2.838625342635E0,
6.957224001890E-2));
#11399=CARTESIAN_POINT('',(-1.639998314818E0,2.848528477034E0,
-1.224177871975E-2));
#11400=CARTESIAN_POINT('',(-1.64E0,2.855063402437E0,-6.687486263661E-2));
#11401=CARTESIAN_POINT('',(-1.64E0,2.858338469475E0,-9.417712000818E-2));
#11403=CARTESIAN_POINT('',(1.64E0,2.858338469475E0,-9.417712000818E-2));
#11404=CARTESIAN_POINT('',(1.64E0,2.855063402157E0,-6.687486030603E-2));
#11405=CARTESIAN_POINT('',(1.639998315436E0,2.848528481565E0,
-1.224177195106E-2));
#11406=CARTESIAN_POINT('',(1.640005895975E0,2.838625353197E0,
6.957225881966E-2));
#11407=CARTESIAN_POINT('',(1.639987365768E0,2.832230796065E0,
1.244649928099E-1));
#11408=CARTESIAN_POINT('',(1.639987365768E0,2.828945906950E0,
1.517784221980E-1));
#11410=CARTESIAN_POINT('',(0.E0,0.E0,1.502187891369E-1));
#11411=DIRECTION('',(0.E0,0.E0,-1.E0));
#11412=DIRECTION('',(5.015487775696E-1,8.651293681979E-1,0.E0));
#11413=AXIS2_PLACEMENT_3D('',#11410,#11411,#11412);
#11415=CARTESIAN_POINT('',(1.872392132490E0,2.897696965210E0,-1.58E0));
#11416=CARTESIAN_POINT('',(1.837538277462E0,2.848782242550E0,
-1.003332978566E0));
#11417=CARTESIAN_POINT('',(1.802682111324E0,2.799865216949E0,
-4.266662921467E-1));
#11418=CARTESIAN_POINT('',(1.767823225770E0,2.750945481544E0,1.5E-1));
#11420=CARTESIAN_POINT('',(2.329441502217E0,3.351777172303E0,
-1.458228128069E0));
#11421=CARTESIAN_POINT('',(2.321359563453E0,3.344311566652E0,
-1.483505300825E0));
#11422=CARTESIAN_POINT('',(2.299644056568E0,3.323625698192E0,
-1.525733030945E0));
#11423=CARTESIAN_POINT('',(2.252092435589E0,3.277133588881E0,
-1.569185928316E0));
#11424=CARTESIAN_POINT('',(2.215360929429E0,3.240665762150E0,-1.58E0));
#11425=CARTESIAN_POINT('',(2.195330031262E0,3.220634863983E0,-1.58E0));
#11427=CARTESIAN_POINT('',(-2.693078041993E0,3.654987094332E0,
1.020000000004E0));
#11428=CARTESIAN_POINT('',(-2.686526578678E0,3.659814362265E0,
5.533332744401E-1));
#11429=CARTESIAN_POINT('',(-2.679959468039E0,3.664625981439E0,
8.666660772408E-2));
#11430=CARTESIAN_POINT('',(-2.673376671079E0,3.669421912854E0,
-3.799999999971E-1));
#11432=CARTESIAN_POINT('',(2.673376671079E0,3.669421912854E0,
-3.799999999979E-1));
#11433=CARTESIAN_POINT('',(2.679959468040E0,3.664625981439E0,
8.666660772341E-2));
#11434=CARTESIAN_POINT('',(2.686526578679E0,3.659814362265E0,
5.533332744394E-1));
#11435=CARTESIAN_POINT('',(2.693078041994E0,3.654987094332E0,1.020000000004E0));
#11437=CARTESIAN_POINT('',(2.329441502217E0,3.351777172303E0,
-1.458228128069E0));
#11438=CARTESIAN_POINT('',(2.367746369730E0,3.387160889469E0,
-1.338425345370E0));
#11439=CARTESIAN_POINT('',(2.444285964141E0,3.457858022850E0,
-1.098813204173E0));
#11440=CARTESIAN_POINT('',(2.558924213862E0,3.563732687808E0,
-7.393993718450E-1));
#11441=CARTESIAN_POINT('',(2.635243691708E0,3.634209980032E0,
-4.997985257006E-1));
#11442=CARTESIAN_POINT('',(2.673376671079E0,3.669421912854E0,-3.8E-1));
#11444=CARTESIAN_POINT('',(0.E0,0.E0,-3.799999999999E-1));
#11445=DIRECTION('',(0.E0,0.E0,1.E0));
#11446=DIRECTION('',(5.888494870218E-1,8.082427120823E-1,0.E0));
#11447=AXIS2_PLACEMENT_3D('',#11444,#11445,#11446);
#11449=CARTESIAN_POINT('',(0.E0,0.E0,-3.799999999999E-1));
#11450=DIRECTION('',(0.E0,0.E0,1.E0));
#11451=DIRECTION('',(0.E0,1.E0,0.E0));
#11452=AXIS2_PLACEMENT_3D('',#11449,#11450,#11451);
#11454=CARTESIAN_POINT('',(-2.673376671079E0,3.669421912854E0,-3.8E-1));
#11455=CARTESIAN_POINT('',(-2.635243691707E0,3.634209980031E0,
-4.997985257035E-1));
#11456=CARTESIAN_POINT('',(-2.558924213859E0,3.563732687807E0,
-7.393993718519E-1));
#11457=CARTESIAN_POINT('',(-2.444285964139E0,3.457858022848E0,
-1.098813204180E0));
#11458=CARTESIAN_POINT('',(-2.367746369729E0,3.387160889468E0,
-1.338425345373E0));
#11459=CARTESIAN_POINT('',(-2.329441502217E0,3.351777172303E0,
-1.458228128069E0));
#11461=CARTESIAN_POINT('',(0.E0,0.E0,-1.458228128069E0));
#11462=DIRECTION('',(0.E0,0.E0,1.E0));
#11463=DIRECTION('',(5.706963346901E-1,8.211611861086E-1,0.E0));
#11464=AXIS2_PLACEMENT_3D('',#11461,#11462,#11463);
#11466=CARTESIAN_POINT('',(0.E0,0.E0,-1.458228128069E0));
#11467=DIRECTION('',(0.E0,0.E0,1.E0));
#11468=DIRECTION('',(0.E0,1.E0,0.E0));
#11469=AXIS2_PLACEMENT_3D('',#11466,#11467,#11468);
#11471=CARTESIAN_POINT('',(-1.640000000824E0,2.576848554600E0,
-4.199573905700E-2));
#11472=CARTESIAN_POINT('',(-1.640003216892E0,2.597916123300E0,
-6.174639104347E-2));
#11473=CARTESIAN_POINT('',(-1.639995732814E0,2.649060723314E0,
-1.124524122131E-1));
#11474=CARTESIAN_POINT('',(-1.640004244052E0,2.700798731361E0,
-1.625157963134E-1));
#11475=CARTESIAN_POINT('',(-1.640000000040E0,2.732024994989E0,
-1.922675830273E-1));
#11477=CARTESIAN_POINT('',(0.E0,0.E0,1.520740201626E-1));
#11478=DIRECTION('',(0.E0,0.E0,-1.E0));
#11479=DIRECTION('',(-5.015487815762E-1,8.651293658751E-1,0.E0));
#11480=AXIS2_PLACEMENT_3D('',#11477,#11478,#11479);
#11482=CARTESIAN_POINT('',(1.639987365768E0,2.828945906950E0,
1.517784221980E-1));
#11483=CARTESIAN_POINT('',(1.639987365768E0,2.801139881490E0,
1.301178037220E-1));
#11484=CARTESIAN_POINT('',(1.640005896085E0,2.745104333228E0,
8.698866555237E-2));
#11485=CARTESIAN_POINT('',(1.639998315051E0,2.662643681338E0,
2.335782233751E-2));
#11486=CARTESIAN_POINT('',(1.640000000824E0,2.605621804647E0,
-2.013925581600E-2));
#11487=CARTESIAN_POINT('',(1.640000000824E0,2.576848554602E0,
-4.199573905548E-2));
#11489=CARTESIAN_POINT('',(1.640000000824E0,2.576848554602E0,
-4.199573905548E-2));
#11490=CARTESIAN_POINT('',(1.639999995351E0,2.547518072702E0,
-6.427550450291E-2));
#11491=CARTESIAN_POINT('',(1.618344310320E0,2.506061128277E0,
-1.061970518939E-1));
#11492=CARTESIAN_POINT('',(1.533715634496E0,2.482879226047E0,
-1.648227380269E-1));
#11493=CARTESIAN_POINT('',(1.469711863515E0,2.500311322153E0,
-1.810754694853E-1));
#11494=CARTESIAN_POINT('',(1.434846609299E0,2.520161745343E0,
-1.810754739609E-1));
#11496=CARTESIAN_POINT('',(-1.640000000824E0,2.576848554600E0,
-4.199573905700E-2));
#11497=CARTESIAN_POINT('',(-1.640000000824E0,2.604393287924E0,
-2.107245088880E-2));
#11498=CARTESIAN_POINT('',(-1.639998314434E0,2.659803440137E0,
2.117958915186E-2));
#11499=CARTESIAN_POINT('',(-1.640005898245E0,2.743657307449E0,
8.586890719510E-2));
#11500=CARTESIAN_POINT('',(-1.639987361138E0,2.800528206444E0,
1.296413041529E-1));
#11501=CARTESIAN_POINT('',(-1.639987361138E0,2.828945900106E0,
1.517784063689E-1));
#11503=CARTESIAN_POINT('',(1.640000000040E0,2.732024994989E0,
-1.922675830274E-1));
#11504=CARTESIAN_POINT('',(1.640004244052E0,2.700798731366E0,
-1.625157963183E-1));
#11505=CARTESIAN_POINT('',(1.639995732815E0,2.649060723243E0,
-1.124524121485E-1));
#11506=CARTESIAN_POINT('',(1.640003216892E0,2.597916123323E0,
-6.174639106055E-2));
#11507=CARTESIAN_POINT('',(1.640000000824E0,2.576848554602E0,
-4.199573905548E-2));
#11509=CARTESIAN_POINT('',(0.E0,0.E0,-9.417712000828E-2));
#11510=DIRECTION('',(0.E0,0.E0,1.E0));
#11511=DIRECTION('',(4.976625470041E-1,8.673707334868E-1,0.E0));
#11512=AXIS2_PLACEMENT_3D('',#11509,#11510,#11511);
#11514=CARTESIAN_POINT('',(-1.64E0,2.858338469475E0,-9.417712000818E-2));
#11515=CARTESIAN_POINT('',(-1.64E0,2.844223438690E0,-1.052007348527E-1));
#11516=CARTESIAN_POINT('',(-1.640000000005E0,2.816047385675E0,
-1.271655442853E-1));
#11517=CARTESIAN_POINT('',(-1.639999999981E0,2.773943291368E0,
-1.598630527845E-1));
#11518=CARTESIAN_POINT('',(-1.640000000040E0,2.745980267300E0,
-1.814942213816E-1));
#11519=CARTESIAN_POINT('',(-1.640000000040E0,2.732024994989E0,
-1.922675830273E-1));
#11521=CARTESIAN_POINT('',(-1.640000000040E0,2.732024994989E0,
-1.922675830273E-1));
#11522=CARTESIAN_POINT('',(-1.639999999469E0,2.703280166356E0,
-2.144583673478E-1));
#11523=CARTESIAN_POINT('',(-1.618778347059E0,2.662171645863E0,
-2.560043053622E-1));
#11524=CARTESIAN_POINT('',(-1.535723756992E0,2.637421370971E0,
-3.136624145416E-1));
#11525=CARTESIAN_POINT('',(-1.472034027449E0,2.653070292825E0,
-3.297044230656E-1));
#11526=CARTESIAN_POINT('',(-1.437193301951E0,2.671811437611E0,
-3.297044381670E-1));
#11528=CARTESIAN_POINT('',(0.E0,0.E0,-3.297044413229E-1));
#11529=DIRECTION('',(0.E0,0.E0,-1.E0));
#11530=DIRECTION('',(-4.737230188907E-1,8.806738904799E-1,0.E0));
#11531=AXIS2_PLACEMENT_3D('',#11528,#11529,#11530);
#11533=CARTESIAN_POINT('',(1.437193275438E0,2.671811452738E0,
-3.297044390123E-1));
#11534=CARTESIAN_POINT('',(1.471903011941E0,2.653140745685E0,
-3.297044417656E-1));
#11535=CARTESIAN_POINT('',(1.535098616399E0,2.637092058750E0,
-3.142072472525E-1));
#11536=CARTESIAN_POINT('',(1.620515427737E0,2.663266898641E0,
-2.543520745126E-1));
#11537=CARTESIAN_POINT('',(1.639999999482E0,2.703938868551E0,
-2.139498543719E-1));
#11538=CARTESIAN_POINT('',(1.640000000040E0,2.732024994989E0,
-1.922675830274E-1));
#11540=CARTESIAN_POINT('',(1.640000000040E0,2.732024994989E0,
-1.922675830274E-1));
#11541=CARTESIAN_POINT('',(1.640000000040E0,2.745980267311E0,
-1.814942213729E-1));
#11542=CARTESIAN_POINT('',(1.639999999981E0,2.773943291374E0,
-1.598630527384E-1));
#11543=CARTESIAN_POINT('',(1.640000000005E0,2.816047385682E0,
-1.271655442399E-1));
#11544=CARTESIAN_POINT('',(1.64E0,2.844223438701E0,-1.052007348437E-1));
#11545=CARTESIAN_POINT('',(1.64E0,2.858338469475E0,-9.417712000818E-2));
#11547=CARTESIAN_POINT('',(-1.640000000824E0,2.576848554600E0,
-4.199573905700E-2));
#11548=CARTESIAN_POINT('',(-1.639999996935E0,2.556010333022E0,
-5.782468761266E-2));
#11549=CARTESIAN_POINT('',(-1.627687513568E0,2.522663795744E0,
-8.903695068235E-2));
#11550=CARTESIAN_POINT('',(-1.581158400303E0,2.491061180774E0,
-1.356996133158E-1));
#11551=CARTESIAN_POINT('',(-1.508056183746E0,2.488823717195E0,
-1.722591405209E-1));
#11552=CARTESIAN_POINT('',(-1.459995939265E0,2.505843068823E0,
-1.810754568787E-1));
#11553=CARTESIAN_POINT('',(-1.434846574200E0,2.520161764391E0,
-1.810754730574E-1));
#11555=CARTESIAN_POINT('',(1.434846609299E0,2.520161745343E0,
-1.810754739609E-1));
#11556=CARTESIAN_POINT('',(1.434964297839E0,2.527489278296E0,
-1.882122896760E-1));
#11557=CARTESIAN_POINT('',(1.435619446784E0,2.568503240230E0,
-2.281966926843E-1));
#11558=CARTESIAN_POINT('',(1.436402463629E0,2.619055838646E0,
-2.777370639644E-1));
#11559=CARTESIAN_POINT('',(1.437050068041E0,2.662202984606E0,
-3.202311789886E-1));
#11560=CARTESIAN_POINT('',(1.437193275438E0,2.671811452738E0,
-3.297044390123E-1));
#11562=CARTESIAN_POINT('',(-1.437193301951E0,2.671811437611E0,
-3.297044381670E-1));
#11563=CARTESIAN_POINT('',(-1.437050094664E0,2.662202979464E0,
-3.202311881541E-1));
#11564=CARTESIAN_POINT('',(-1.436402655696E0,2.619055751186E0,
-2.777370793029E-1));
#11565=CARTESIAN_POINT('',(-1.435619844012E0,2.568503029071E0,
-2.281967065384E-1));
#11566=CARTESIAN_POINT('',(-1.434964262947E0,2.527489308121E0,
-1.882122991315E-1));
#11567=CARTESIAN_POINT('',(-1.434846574200E0,2.520161764391E0,
-1.810754730574E-1));
#11569=CARTESIAN_POINT('',(0.E0,0.E0,-1.810754762276E-1));
#11570=DIRECTION('',(0.E0,0.E0,-1.E0));
#11571=DIRECTION('',(-4.947746240631E-1,8.690213296480E-1,0.E0));
#11572=AXIS2_PLACEMENT_3D('',#11569,#11570,#11571);
#11574=DIRECTION('',(-2.085659889757E-14,-1.E0,-3.198011830960E-14));
#11575=VECTOR('',#11574,6.387751119410E-1);
#11576=CARTESIAN_POINT('',(-1.819046490366E0,3.356121219062E0,
3.628762464266E0));
#11577=LINE('',#11576,#11575);
#11578=DIRECTION('',(1.379523346738E-13,-1.E0,-8.141449259436E-14));
#11579=VECTOR('',#11578,5.891043859079E-1);
#11580=CARTESIAN_POINT('',(-2.418982502971E0,2.958227863902E0,4.22E0));
#11581=LINE('',#11580,#11579);
#11582=CARTESIAN_POINT('',(-2.418982502971E0,2.369123477994E0,4.22E0));
#11583=CARTESIAN_POINT('',(-2.413592219833E0,2.356110183338E0,4.22E0));
#11584=CARTESIAN_POINT('',(-2.402821751951E0,2.330108001268E0,
4.219854745250E0));
#11585=CARTESIAN_POINT('',(-2.386698111078E0,2.291182054054E0,
4.219203169049E0));
#11586=CARTESIAN_POINT('',(-2.375971499989E0,2.265285731263E0,
4.218480528558E0));
#11587=CARTESIAN_POINT('',(-2.370614103319E0,2.252351831563E0,
4.218047237194E0));
#11589=VERTEX_POINT('',#8764);
#11590=VERTEX_POINT('',#8767);
#11591=CARTESIAN_POINT('',(-3.45E0,0.E0,-1.58E0));
#11592=VERTEX_POINT('',#11591);
#11593=CARTESIAN_POINT('',(-2.897696965211E0,-1.872392132490E0,-1.58E0));
#11594=VERTEX_POINT('',#11593);
#11595=VERTEX_POINT('',#8806);
#11596=CARTESIAN_POINT('',(-2.828973026412E0,-1.640064515754E0,
1.502203431357E-1));
#11597=VERTEX_POINT('',#11596);
#11598=VERTEX_POINT('',#8748);
#11599=CARTESIAN_POINT('',(-3.295405711908E0,0.E0,-9.417712000828E-2));
#11600=VERTEX_POINT('',#11599);
#11601=CARTESIAN_POINT('',(-2.858338469474E0,1.64E0,-9.417712000828E-2));
#11602=VERTEX_POINT('',#11601);
#11603=VERTEX_POINT('',#8755);
#11604=VERTEX_POINT('',#11415);
#11605=VERTEX_POINT('',#11418);
#11606=CARTESIAN_POINT('',(-1.872392132490E0,2.897696965211E0,-1.58E0));
#11607=VERTEX_POINT('',#11606);
#11608=VERTEX_POINT('',#11368);
#11609=CARTESIAN_POINT('',(-1.640053105303E0,2.828953344345E0,
1.502186569271E-1));
#11610=VERTEX_POINT('',#11609);
#11611=VERTEX_POINT('',#11401);
#11612=CARTESIAN_POINT('',(1.64E0,2.858338469474E0,-9.417712000828E-2));
#11613=VERTEX_POINT('',#11612);
#11614=VERTEX_POINT('',#11408);
#11615=VERTEX_POINT('',#9322);
#11616=VERTEX_POINT('',#9325);
#11617=CARTESIAN_POINT('',(1.640064515754E0,-2.828973026412E0,
1.502203431357E-1));
#11618=VERTEX_POINT('',#11617);
#11619=VERTEX_POINT('',#9362);
#11620=CARTESIAN_POINT('',(-1.64E0,-2.858338469474E0,-9.417712000828E-2));
#11621=VERTEX_POINT('',#11620);
#11622=VERTEX_POINT('',#9369);
#11623=CARTESIAN_POINT('',(-1.767823225770E0,-2.750945481544E0,
1.502203483207E-1));
#11624=VERTEX_POINT('',#11623);
#11625=VERTEX_POINT('',#9345);
#11626=VERTEX_POINT('',#9074);
#11627=VERTEX_POINT('',#9077);
#11628=CARTESIAN_POINT('',(3.45E0,0.E0,-1.58E0));
#11629=VERTEX_POINT('',#11628);
#11630=CARTESIAN_POINT('',(2.897696965211E0,1.872392132490E0,-1.58E0));
#11631=VERTEX_POINT('',#11630);
#11632=VERTEX_POINT('',#9027);
#11633=CARTESIAN_POINT('',(2.828953344345E0,1.640053105303E0,
1.502186569271E-1));
#11634=VERTEX_POINT('',#11633);
#11635=VERTEX_POINT('',#9065);
#11636=CARTESIAN_POINT('',(3.295405711908E0,0.E0,-9.417712000828E-2));
#11637=VERTEX_POINT('',#11636);
#11638=CARTESIAN_POINT('',(2.858338469474E0,-1.64E0,-9.417712000828E-2));
#11639=VERTEX_POINT('',#11638);
#11640=VERTEX_POINT('',#9072);
#11641=CARTESIAN_POINT('',(-3.220620903846E0,2.195316071125E0,-1.58E0));
#11642=VERTEX_POINT('',#11641);
#11643=VERTEX_POINT('',#9011);
#11644=CARTESIAN_POINT('',(-3.110814566314E0,2.212553494728E0,
3.630343290349E0));
#11645=VERTEX_POINT('',#11644);
#11646=VERTEX_POINT('',#8921);
#11647=CARTESIAN_POINT('',(-3.654987094332E0,2.693078041994E0,1.02E0));
#11648=VERTEX_POINT('',#11647);
#11649=VERTEX_POINT('',#8840);
#11650=VERTEX_POINT('',#8816);
#11651=CARTESIAN_POINT('',(-3.220634863983E0,-2.195330031262E0,-1.58E0));
#11652=VERTEX_POINT('',#11651);
#11653=CARTESIAN_POINT('',(-2.195330031262E0,-3.220634863983E0,-1.58E0));
#11654=VERTEX_POINT('',#11653);
#11655=CARTESIAN_POINT('',(2.195320927971E0,-3.220641069178E0,-1.58E0));
#11656=VERTEX_POINT('',#11655);
#11657=CARTESIAN_POINT('',(-2.195316071125E0,3.220620903846E0,-1.58E0));
#11658=VERTEX_POINT('',#11657);
#11659=CARTESIAN_POINT('',(2.195330031262E0,3.220634863983E0,-1.58E0));
#11660=VERTEX_POINT('',#11659);
#11661=CARTESIAN_POINT('',(3.220634863983E0,2.195330031262E0,-1.58E0));
#11662=VERTEX_POINT('',#11661);
#11663=CARTESIAN_POINT('',(3.220620903846E0,-2.195316071125E0,-1.58E0));
#11664=VERTEX_POINT('',#11663);
#11665=VERTEX_POINT('',#8804);
#11666=VERTEX_POINT('',#8828);
#11667=VERTEX_POINT('',#8835);
#11668=CARTESIAN_POINT('',(-3.124566211677E0,-2.162657159339E0,1.02E0));
#11669=VERTEX_POINT('',#11668);
#11670=VERTEX_POINT('',#9216);
#11671=CARTESIAN_POINT('',(-2.717330650822E0,-1.819069579237E0,
3.630343290351E0));
#11672=VERTEX_POINT('',#11671);
#11673=CARTESIAN_POINT('',(-2.329441502217E0,-3.351777172303E0,
-1.458228128069E0));
#11674=CARTESIAN_POINT('',(0.E0,-4.081753045571E0,-1.458228128069E0));
#11675=VERTEX_POINT('',#11673);
#11676=VERTEX_POINT('',#11674);
#11677=CARTESIAN_POINT('',(2.329441502217E0,-3.351777172303E0,
-1.458228128069E0));
#11678=VERTEX_POINT('',#11677);
#11679=VERTEX_POINT('',#9489);
#11680=CARTESIAN_POINT('',(0.E0,-4.54E0,-3.799999999999E-1));
#11681=CARTESIAN_POINT('',(2.673376671079E0,-3.669421912854E0,
-3.799999999999E-1));
#11682=VERTEX_POINT('',#11680);
#11683=VERTEX_POINT('',#11681);
#11684=CARTESIAN_POINT('',(3.351777172303E0,-2.329441502217E0,
-1.458228128069E0));
#11685=CARTESIAN_POINT('',(3.351777172303E0,2.329441502217E0,
-1.458228128069E0));
#11686=VERTEX_POINT('',#11684);
#11687=VERTEX_POINT('',#11685);
#11688=VERTEX_POINT('',#11038);
#11689=CARTESIAN_POINT('',(3.669421912854E0,2.673376671079E0,
-3.799999999999E-1));
#11690=VERTEX_POINT('',#11689);
#11691=CARTESIAN_POINT('',(2.329441502217E0,3.351777172303E0,
-1.458228128069E0));
#11692=CARTESIAN_POINT('',(0.E0,4.081753045571E0,-1.458228128069E0));
#11693=VERTEX_POINT('',#11691);
#11694=VERTEX_POINT('',#11692);
#11695=CARTESIAN_POINT('',(-2.329441502217E0,3.351777172303E0,
-1.458228128069E0));
#11696=VERTEX_POINT('',#11695);
#11697=VERTEX_POINT('',#11442);
#11698=CARTESIAN_POINT('',(0.E0,4.54E0,-3.799999999999E-1));
#11699=CARTESIAN_POINT('',(-2.673376671079E0,3.669421912854E0,
-3.799999999999E-1));
#11700=VERTEX_POINT('',#11698);
#11701=VERTEX_POINT('',#11699);
#11702=VERTEX_POINT('',#9479);
#11703=CARTESIAN_POINT('',(1.780711410627E0,-2.742620439477E0,
1.020000725489E0));
#11704=VERTEX_POINT('',#11703);
#11705=VERTEX_POINT('',#9477);
#11706=CARTESIAN_POINT('',(0.E0,-4.54E0,1.02E0));
#11707=VERTEX_POINT('',#11706);
#11708=CARTESIAN_POINT('',(3.654987094332E0,2.693078041994E0,1.02E0));
#11709=CARTESIAN_POINT('',(3.654987094332E0,-2.693078041994E0,1.02E0));
#11710=VERTEX_POINT('',#11708);
#11711=VERTEX_POINT('',#11709);
#11712=CARTESIAN_POINT('',(0.E0,4.54E0,1.02E0));
#11713=CARTESIAN_POINT('',(2.693078041994E0,3.654987094332E0,1.02E0));
#11714=VERTEX_POINT('',#11712);
#11715=VERTEX_POINT('',#11713);
#11716=CARTESIAN_POINT('',(-2.693078041993E0,3.654987094332E0,1.02E0));
#11717=VERTEX_POINT('',#11716);
#11718=CARTESIAN_POINT('',(-3.8E0,0.E0,1.02E0));
#11719=VERTEX_POINT('',#11718);
#11720=CARTESIAN_POINT('',(3.124566211677E0,2.162657159339E0,1.02E0));
#11721=VERTEX_POINT('',#11720);
#11722=CARTESIAN_POINT('',(3.124566211677E0,-2.162657159339E0,1.02E0));
#11723=VERTEX_POINT('',#11722);
#11724=CARTESIAN_POINT('',(3.8E0,0.E0,1.02E0));
#11725=VERTEX_POINT('',#11724);
#11726=CARTESIAN_POINT('',(-1.780711406014E0,2.742620442245E0,
1.020000524416E0));
#11727=VERTEX_POINT('',#11726);
#11728=CARTESIAN_POINT('',(1.780711405991E0,2.742620442260E0,1.020000522898E0));
#11729=VERTEX_POINT('',#11728);
#11730=CARTESIAN_POINT('',(1.780711397443E0,3.356943092077E0,1.020000090068E0));
#11731=VERTEX_POINT('',#11730);
#11732=CARTESIAN_POINT('',(-1.780711396111E0,3.356943092125E0,1.02E0));
#11733=VERTEX_POINT('',#11732);
#11734=CARTESIAN_POINT('',(-1.780711410627E0,-2.742620439477E0,
1.020000725489E0));
#11735=VERTEX_POINT('',#11734);
#11736=CARTESIAN_POINT('',(-1.780711398446E0,-3.356943092041E0,
1.020000157910E0));
#11737=VERTEX_POINT('',#11736);
#11738=CARTESIAN_POINT('',(1.780711396112E0,-3.356943092124E0,1.02E0));
#11739=VERTEX_POINT('',#11738);
#11740=CARTESIAN_POINT('',(-2.418982502971E0,2.958227863902E0,4.22E0));
#11741=CARTESIAN_POINT('',(-2.726905223266E0,2.677046198289E0,4.22E0));
#11742=VERTEX_POINT('',#11740);
#11743=VERTEX_POINT('',#11741);
#11744=VERTEX_POINT('',#8877);
#11745=VERTEX_POINT('',#8891);
#11746=VERTEX_POINT('',#8902);
#11747=CARTESIAN_POINT('',(2.726905223266E0,2.677046198289E0,4.22E0));
#11748=VERTEX_POINT('',#11747);
#11749=VERTEX_POINT('',#8910);
#11750=CARTESIAN_POINT('',(3.828013333013E0,-6.843783943785E-10,
5.221999951843E0));
#11751=VERTEX_POINT('',#11750);
#11752=CARTESIAN_POINT('',(-3.828013333013E0,0.E0,5.221999951843E0));
#11753=VERTEX_POINT('',#11752);
#11754=CARTESIAN_POINT('',(-2.418982502971E0,2.369123477994E0,4.22E0));
#11755=VERTEX_POINT('',#11754);
#11756=VERTEX_POINT('',#9003);
#11757=VERTEX_POINT('',#8950);
#11758=VERTEX_POINT('',#8958);
#11759=VERTEX_POINT('',#8966);
#11760=VERTEX_POINT('',#8990);
#11761=VERTEX_POINT('',#11187);
#11762=CARTESIAN_POINT('',(-3.27E0,-7.749192359915E-11,6.52E0));
#11763=VERTEX_POINT('',#11762);
#11764=CARTESIAN_POINT('',(3.266945734071E0,1.412995776085E-1,6.52E0));
#11765=VERTEX_POINT('',#11764);
#11766=CARTESIAN_POINT('',(3.27E0,6.538921929457E-10,6.52E0));
#11767=VERTEX_POINT('',#11766);
#11768=CARTESIAN_POINT('',(3.27E0,4.359278325710E-10,1.520740201626E-1));
#11769=VERTEX_POINT('',#11768);
#11770=VERTEX_POINT('',#9112);
#11771=CARTESIAN_POINT('',(3.110814566314E0,-2.212553494728E0,
3.630343290349E0));
#11772=VERTEX_POINT('',#11771);
#11773=VERTEX_POINT('',#9091);
#11774=VERTEX_POINT('',#9102);
#11775=CARTESIAN_POINT('',(-3.266945734071E0,-1.412995776085E-1,6.52E0));
#11776=VERTEX_POINT('',#11775);
#11777=VERTEX_POINT('',#9142);
#11778=VERTEX_POINT('',#9150);
#11779=CARTESIAN_POINT('',(1.819046490366E0,-3.356121219062E0,
3.628762464266E0));
#11780=VERTEX_POINT('',#11779);
#11781=VERTEX_POINT('',#9238);
#11782=CARTESIAN_POINT('',(2.418982502971E0,-2.369123477994E0,4.22E0));
#11783=VERTEX_POINT('',#11782);
#11784=VERTEX_POINT('',#9195);
#11785=VERTEX_POINT('',#9206);
#11786=CARTESIAN_POINT('',(-2.726905223265E0,-2.677046198289E0,4.22E0));
#11787=VERTEX_POINT('',#11786);
#11788=VERTEX_POINT('',#9236);
#11789=CARTESIAN_POINT('',(-2.418982502971E0,-2.369123477995E0,4.22E0));
#11790=VERTEX_POINT('',#11789);
#11791=CARTESIAN_POINT('',(-4.128006132665E0,1.453317139617E-9,5.52E0));
#11792=VERTEX_POINT('',#11791);
#11793=CARTESIAN_POINT('',(4.128006132665E0,0.E0,5.52E0));
#11794=VERTEX_POINT('',#11793);
#11795=CARTESIAN_POINT('',(-4.948135281875E0,-1.358374455036E-1,
5.520000000001E0));
#11796=CARTESIAN_POINT('',(4.949999452458E0,-1.246225345142E-14,
5.520000000001E0));
#11797=VERTEX_POINT('',#11795);
#11798=VERTEX_POINT('',#11796);
#11799=CARTESIAN_POINT('',(-4.949999452458E0,1.166963743366E-14,
5.520000000001E0));
#11800=VERTEX_POINT('',#11799);
#11801=CARTESIAN_POINT('',(4.948135281875E0,1.358374455036E-1,
5.520000000001E0));
#11802=VERTEX_POINT('',#11801);
#11803=CARTESIAN_POINT('',(-5.15E0,0.E0,5.72E0));
#11804=VERTEX_POINT('',#11803);
#11805=CARTESIAN_POINT('',(-5.148060509179E0,-1.413258427728E-1,5.72E0));
#11806=CARTESIAN_POINT('',(5.15E0,3.477104715266E-10,5.72E0));
#11807=VERTEX_POINT('',#11805);
#11808=VERTEX_POINT('',#11806);
#11809=CARTESIAN_POINT('',(5.148060509179E0,1.413258427728E-1,5.72E0));
#11810=VERTEX_POINT('',#11809);
#11811=CARTESIAN_POINT('',(5.15E0,6.265014358254E-10,6.92E0));
#11812=VERTEX_POINT('',#11811);
#11813=CARTESIAN_POINT('',(-5.15E0,0.E0,6.92E0));
#11814=CARTESIAN_POINT('',(5.149111395564E0,9.566522919493E-2,6.92E0));
#11815=VERTEX_POINT('',#11813);
#11816=VERTEX_POINT('',#11814);
#11817=CARTESIAN_POINT('',(-5.149111395564E0,-9.566522919493E-2,6.92E0));
#11818=VERTEX_POINT('',#11817);
#11819=VERTEX_POINT('',#9625);
#11820=VERTEX_POINT('',#9630);
#11821=CARTESIAN_POINT('',(4.950025860352E0,-7.418214223463E-4,
7.119999998321E0));
#11822=VERTEX_POINT('',#11821);
#11823=CARTESIAN_POINT('',(-4.949999764328E0,-8.701375455558E-10,7.12E0));
#11824=VERTEX_POINT('',#11823);
#11825=CARTESIAN_POINT('',(1.5E-1,-4.95E0,7.27E0));
#11826=VERTEX_POINT('',#11825);
#11827=CARTESIAN_POINT('',(2.5E-2,-4.95E0,7.27E0));
#11828=VERTEX_POINT('',#11827);
#11829=CARTESIAN_POINT('',(1.5E-1,-3.95E0,7.12E0));
#11830=VERTEX_POINT('',#11829);
#11831=CARTESIAN_POINT('',(1.5E-1,-3.95E0,7.27E0));
#11832=VERTEX_POINT('',#11831);
#11833=CARTESIAN_POINT('',(2.058846707505E0,3.940819695714E0,7.12E0));
#11834=CARTESIAN_POINT('',(1.702993436044E0,4.114176561168E0,7.12E0));
#11835=VERTEX_POINT('',#11833);
#11836=VERTEX_POINT('',#11834);
#11837=CARTESIAN_POINT('',(1.842766002045E0,4.401090637179E0,7.12E0));
#11838=VERTEX_POINT('',#11837);
#11839=CARTESIAN_POINT('',(2.198619273506E0,4.227733771725E0,7.12E0));
#11840=VERTEX_POINT('',#11839);
#11841=CARTESIAN_POINT('',(2.245488011594E0,4.181234253403E0,7.12E0));
#11842=VERTEX_POINT('',#11841);
#11843=CARTESIAN_POINT('',(2.264310182785E0,4.124730827418E0,7.12E0));
#11844=VERTEX_POINT('',#11843);
#11845=CARTESIAN_POINT('',(2.255084501052E0,4.058224120268E0,7.12E0));
#11846=VERTEX_POINT('',#11845);
#11847=CARTESIAN_POINT('',(2.227129966968E0,4.000841262198E0,7.12E0));
#11848=VERTEX_POINT('',#11847);
#11849=CARTESIAN_POINT('',(2.180446632744E0,3.952582360378E0,7.12E0));
#11850=VERTEX_POINT('',#11849);
#11851=CARTESIAN_POINT('',(2.124351784246E0,3.932575380382E0,7.12E0));
#11852=VERTEX_POINT('',#11851);
#11853=CARTESIAN_POINT('',(2.5E-2,-3.95E0,7.12E0));
#11854=VERTEX_POINT('',#11853);
#11855=CARTESIAN_POINT('',(-9.999999999997E-2,-4.098936152458E0,7.12E0));
#11856=VERTEX_POINT('',#11855);
#11857=CARTESIAN_POINT('',(-1.E-1,-4.269148957729E0,7.12E0));
#11858=VERTEX_POINT('',#11857);
#11859=CARTESIAN_POINT('',(2.499999999986E-2,-4.120212745667E0,7.12E0));
#11860=VERTEX_POINT('',#11859);
#11861=CARTESIAN_POINT('',(-1.872129547172E0,3.387313201373E0,
7.119999958270E0));
#11862=CARTESIAN_POINT('',(-2.370054371207E0,4.254836724515E0,7.12E0));
#11863=VERTEX_POINT('',#11861);
#11864=VERTEX_POINT('',#11862);
#11865=CARTESIAN_POINT('',(-2.478466221856E0,4.192612367234E0,7.12E0));
#11866=VERTEX_POINT('',#11865);
#11867=CARTESIAN_POINT('',(-1.980539058468E0,3.325089970058E0,
7.119999958270E0));
#11868=VERTEX_POINT('',#11867);
#11869=CARTESIAN_POINT('',(-3.869999999997E0,4.858028162635E-6,7.12E0));
#11870=VERTEX_POINT('',#11869);
#11871=CARTESIAN_POINT('',(3.869998667837E0,4.720968382882E-6,
7.119999999999E0));
#11872=VERTEX_POINT('',#11871);
#11873=CARTESIAN_POINT('',(8.076620898930E-1,3.784782946029E0,7.12E0));
#11874=VERTEX_POINT('',#11873);
#11875=CARTESIAN_POINT('',(1.177479358667E0,3.705544096215E0,7.12E0));
#11876=VERTEX_POINT('',#11875);
#11877=CARTESIAN_POINT('',(1.204225265472E0,3.830370468995E0,7.12E0));
#11878=VERTEX_POINT('',#11877);
#11879=CARTESIAN_POINT('',(5.930961472158E-1,3.961313971388E0,7.12E0));
#11880=VERTEX_POINT('',#11879);
#11881=CARTESIAN_POINT('',(6.644185664038E-1,4.294184303660E0,7.12E0));
#11882=VERTEX_POINT('',#11881);
#11883=CARTESIAN_POINT('',(1.194063646808E0,4.180699968220E0,7.12E0));
#11884=VERTEX_POINT('',#11883);
#11885=CARTESIAN_POINT('',(1.220809550491E0,4.305526326431E0,7.12E0));
#11886=VERTEX_POINT('',#11885);
#11887=CARTESIAN_POINT('',(6.911644700872E-1,4.419010661870E0,7.12E0));
#11888=VERTEX_POINT('',#11887);
#11889=CARTESIAN_POINT('',(7.491139405554E-1,4.689467829608E0,7.12E0));
#11890=VERTEX_POINT('',#11889);
#11891=CARTESIAN_POINT('',(1.360243058812E0,4.558524327215E0,7.12E0));
#11892=VERTEX_POINT('',#11891);
#11893=CARTESIAN_POINT('',(1.386988962495E0,4.683350685425E0,7.12E0));
#11894=VERTEX_POINT('',#11893);
#11895=CARTESIAN_POINT('',(6.536340205872E-1,4.840482888296E0,7.12E0));
#11896=VERTEX_POINT('',#11895);
#11897=CARTESIAN_POINT('',(4.441244167594E-1,3.862676299086E0,7.12E0));
#11898=VERTEX_POINT('',#11897);
#11899=VERTEX_POINT('',#9747);
#11900=VERTEX_POINT('',#9752);
#11901=CARTESIAN_POINT('',(1.687108648465E-1,3.941801287875E0,7.12E0));
#11902=VERTEX_POINT('',#11901);
#11903=CARTESIAN_POINT('',(2.491148709944E-1,4.029680538530E0,7.12E0));
#11904=VERTEX_POINT('',#11903);
#11905=CARTESIAN_POINT('',(2.670542387015E-1,4.115443530851E0,7.12E0));
#11906=VERTEX_POINT('',#11905);
#11907=CARTESIAN_POINT('',(2.562478578643E-1,4.434409454314E0,7.12E0));
#11908=VERTEX_POINT('',#11907);
#11909=CARTESIAN_POINT('',(-5.607295025939E-2,4.423828206137E0,7.12E0));
#11910=VERTEX_POINT('',#11909);
#11911=CARTESIAN_POINT('',(-5.175039832816E-2,4.296241848667E0,7.12E0));
#11912=VERTEX_POINT('',#11911);
#11913=CARTESIAN_POINT('',(1.356420865461E-1,4.302590597573E0,7.12E0));
#11914=VERTEX_POINT('',#11913);
#11915=CARTESIAN_POINT('',(1.414054901302E-1,4.132475424493E0,7.12E0));
#11916=VERTEX_POINT('',#11915);
#11917=CARTESIAN_POINT('',(1.227456965967E-1,4.067976839976E0,7.12E0));
#11918=VERTEX_POINT('',#11917);
#11919=CARTESIAN_POINT('',(6.172238611980E-2,4.023331789624E0,7.12E0));
#11920=VERTEX_POINT('',#11919);
#11921=CARTESIAN_POINT('',(-2.084289624532E-2,3.999245725150E0,7.12E0));
#11922=VERTEX_POINT('',#11921);
#11923=CARTESIAN_POINT('',(-2.082353811185E-1,3.992896976244E0,7.12E0));
#11924=VERTEX_POINT('',#11923);
#11925=CARTESIAN_POINT('',(-2.922415141295E-1,4.011339697594E0,7.12E0));
#11926=VERTEX_POINT('',#11925);
#11927=CARTESIAN_POINT('',(-3.561465269021E-1,4.051752248675E0,7.12E0));
#11928=VERTEX_POINT('',#11927);
#11929=CARTESIAN_POINT('',(-3.999504184296E-1,4.114134599702E0,7.12E0));
#11930=VERTEX_POINT('',#11929);
#11931=CARTESIAN_POINT('',(-4.236536657800E-1,4.198486749422E0,7.12E0));
#11932=VERTEX_POINT('',#11931);
#11933=CARTESIAN_POINT('',(-4.344600466172E-1,4.517452672885E0,7.12E0));
#11934=VERTEX_POINT('',#11933);
#11935=CARTESIAN_POINT('',(-4.165202018419E-1,4.603215666459E0,7.12E0));
#11936=VERTEX_POINT('',#11935);
#11937=CARTESIAN_POINT('',(-3.770388642638E-1,4.668419732473E0,7.12E0));
#11938=VERTEX_POINT('',#11937);
#11939=CARTESIAN_POINT('',(-3.160155532827E-1,4.713064767932E0,7.12E0));
#11940=VERTEX_POINT('',#11939);
#11941=CARTESIAN_POINT('',(-2.334502709172E-1,4.737150832406E0,7.12E0));
#11942=VERTEX_POINT('',#11941);
#11943=CARTESIAN_POINT('',(-4.605778604266E-2,4.743499581312E0,7.12E0));
#11944=VERTEX_POINT('',#11943);
#11945=CARTESIAN_POINT('',(3.794834696622E-2,4.725056859962E0,7.12E0));
#11946=VERTEX_POINT('',#11945);
#11947=CARTESIAN_POINT('',(1.018533592350E-1,4.684644323774E0,7.12E0));
#11948=VERTEX_POINT('',#11947);
#11949=CARTESIAN_POINT('',(1.248357067180E-1,4.621556491249E0,7.12E0));
#11950=VERTEX_POINT('',#11949);
#11951=CARTESIAN_POINT('',(2.497640299674E-1,4.625788990520E0,7.12E0));
#11952=VERTEX_POINT('',#11951);
#11953=CARTESIAN_POINT('',(2.253408318408E-1,4.731405608868E0,7.12E0));
#11954=VERTEX_POINT('',#11953);
#11955=CARTESIAN_POINT('',(1.391734228657E-1,4.813641508953E0,7.12E0));
#11956=VERTEX_POINT('',#11955);
#11957=CARTESIAN_POINT('',(5.444686453482E-2,4.853348623214E0,7.12E0));
#11958=VERTEX_POINT('',#11957);
#11959=CARTESIAN_POINT('',(-5.038033797541E-2,4.871085938783E0,7.12E0));
#11960=VERTEX_POINT('',#11959);
#11961=CARTESIAN_POINT('',(-2.377728228480E-1,4.864737189877E0,7.12E0));
#11962=VERTEX_POINT('',#11961);
#11963=CARTESIAN_POINT('',(-3.411591747135E-1,4.839945719622E0,7.12E0));
#11964=VERTEX_POINT('',#11963);
#11965=CARTESIAN_POINT('',(-4.230040317568E-1,4.794595262236E0,7.12E0));
#11966=VERTEX_POINT('',#11965);
#11967=CARTESIAN_POINT('',(-5.034080381569E-1,4.706716019026E0,7.12E0));
#11968=VERTEX_POINT('',#11967);
#11969=CARTESIAN_POINT('',(-5.421689524314E-1,4.620247619671E0,7.12E0));
#11970=VERTEX_POINT('',#11969);
#11971=CARTESIAN_POINT('',(-5.593883698666E-1,4.513220173614E0,7.12E0));
#11972=VERTEX_POINT('',#11971);
#11973=CARTESIAN_POINT('',(-5.485819890294E-1,4.194254250152E0,7.12E0));
#11974=VERTEX_POINT('',#11973);
#11975=CARTESIAN_POINT('',(-5.241583163572E-1,4.088637707520E0,7.12E0));
#11976=VERTEX_POINT('',#11975);
#11977=CARTESIAN_POINT('',(-4.796339990030E-1,4.004990948688E0,7.12E0));
#11978=VERTEX_POINT('',#11977);
#11979=CARTESIAN_POINT('',(-3.934665897762E-1,3.922755041157E0,7.12E0));
#11980=VERTEX_POINT('',#11979);
#11981=CARTESIAN_POINT('',(-3.087400312555E-1,3.883047921311E0,7.12E0));
#11982=VERTEX_POINT('',#11981);
#11983=CARTESIAN_POINT('',(-2.023090303467E-1,3.865044876997E0,
7.119999929256E0));
#11984=VERTEX_POINT('',#11983);
#11985=CARTESIAN_POINT('',(-7.001012343511E-1,3.806147430363E0,7.12E0));
#11986=VERTEX_POINT('',#11985);
#11987=CARTESIAN_POINT('',(-8.969648109450E-1,4.787091747887E0,7.12E0));
#11988=VERTEX_POINT('',#11987);
#11989=CARTESIAN_POINT('',(-1.019521157738E0,4.762496182012E0,7.12E0));
#11990=VERTEX_POINT('',#11989);
#11991=CARTESIAN_POINT('',(-8.227034427290E-1,3.781787765730E0,
7.119999958270E0));
#11992=VERTEX_POINT('',#11991);
#11993=CARTESIAN_POINT('',(-1.303010645688E0,3.644044903294E0,7.12E0));
#11994=VERTEX_POINT('',#11993);
#11995=CARTESIAN_POINT('',(-1.617614324653E0,4.480989254740E0,7.12E0));
#11996=VERTEX_POINT('',#11995);
#11997=CARTESIAN_POINT('',(-1.305596415203E0,4.598275405914E0,7.12E0));
#11998=VERTEX_POINT('',#11997);
#11999=CARTESIAN_POINT('',(-1.343028143267E0,4.697855530427E0,7.12E0));
#12000=VERTEX_POINT('',#11999);
#12001=CARTESIAN_POINT('',(-2.084070622418E0,4.419300942360E0,7.12E0));
#12002=VERTEX_POINT('',#12001);
#12003=CARTESIAN_POINT('',(-2.046638894354E0,4.319720817847E0,7.12E0));
#12004=VERTEX_POINT('',#12003);
#12005=CARTESIAN_POINT('',(-1.734620984904E0,4.437006969022E0,7.12E0));
#12006=VERTEX_POINT('',#12005);
#12007=CARTESIAN_POINT('',(-1.420100503107E0,3.600288074694E0,
7.119999958270E0));
#12008=VERTEX_POINT('',#12007);
#12009=CARTESIAN_POINT('',(1.647084420085E0,3.999410952197E0,7.12E0));
#12010=CARTESIAN_POINT('',(1.965479181703E0,3.844302309738E0,7.12E0));
#12011=VERTEX_POINT('',#12009);
#12012=VERTEX_POINT('',#12010);
#12013=CARTESIAN_POINT('',(1.919630353092E0,3.369630359275E0,7.12E0));
#12014=VERTEX_POINT('',#12013);
#12015=CARTESIAN_POINT('',(2.050734708869E0,3.305761787626E0,7.12E0));
#12016=VERTEX_POINT('',#12015);
#12017=CARTESIAN_POINT('',(2.096490621211E0,3.827813052577E0,7.12E0));
#12018=VERTEX_POINT('',#12017);
#12019=CARTESIAN_POINT('',(2.190043122201E0,3.829572227243E0,7.12E0));
#12020=VERTEX_POINT('',#12019);
#12021=CARTESIAN_POINT('',(2.283503135596E0,3.878710507564E0,7.12E0));
#12022=VERTEX_POINT('',#12021);
#12023=CARTESIAN_POINT('',(2.330186469822E0,3.926969409385E0,7.12E0));
#12024=VERTEX_POINT('',#12023);
#12025=CARTESIAN_POINT('',(2.367459173232E0,4.003479868949E0,7.12E0));
#12026=VERTEX_POINT('',#12025);
#12027=CARTESIAN_POINT('',(2.376684854965E0,4.069986576099E0,7.12E0));
#12028=VERTEX_POINT('',#12027);
#12029=CARTESIAN_POINT('',(2.357770196181E0,4.173869107739E0,7.12E0));
#12030=VERTEX_POINT('',#12029);
#12031=CARTESIAN_POINT('',(2.310808541824E0,4.267747940549E0,7.12E0));
#12032=VERTEX_POINT('',#12031);
#12033=CARTESIAN_POINT('',(2.226480865217E0,4.332495890698E0,7.12E0));
#12034=VERTEX_POINT('',#12033);
#12035=CARTESIAN_POINT('',(1.776982176497E0,4.551472895973E0,7.12E0));
#12036=VERTEX_POINT('',#12035);
#12037=CARTESIAN_POINT('',(1.339028165946E0,3.652475518534E0,7.12E0));
#12038=VERTEX_POINT('',#12037);
#12039=CARTESIAN_POINT('',(1.451402838126E0,3.597731267215E0,7.12E0));
#12040=VERTEX_POINT('',#12039);
#12041=CARTESIAN_POINT('',(-1.872259512958E0,3.387541919330E0,7.27E0));
#12042=VERTEX_POINT('',#12041);
#12043=CARTESIAN_POINT('',(-2.370054371207E0,4.254836724515E0,7.27E0));
#12044=VERTEX_POINT('',#12043);
#12045=CARTESIAN_POINT('',(-1.980671363606E0,3.325317562049E0,7.27E0));
#12046=VERTEX_POINT('',#12045);
#12047=CARTESIAN_POINT('',(-1.420194427224E0,3.600533811529E0,7.27E0));
#12048=VERTEX_POINT('',#12047);
#12049=CARTESIAN_POINT('',(-1.303187766973E0,3.644516097247E0,7.27E0));
#12050=VERTEX_POINT('',#12049);
#12051=CARTESIAN_POINT('',(-1.734620984904E0,4.437006969022E0,7.27E0));
#12052=VERTEX_POINT('',#12051);
#12053=CARTESIAN_POINT('',(-2.046638894354E0,4.319720817847E0,7.27E0));
#12054=VERTEX_POINT('',#12053);
#12055=CARTESIAN_POINT('',(-2.084070622418E0,4.419300942360E0,7.27E0));
#12056=VERTEX_POINT('',#12055);
#12057=CARTESIAN_POINT('',(-1.343028143267E0,4.697855530427E0,7.27E0));
#12058=VERTEX_POINT('',#12057);
#12059=CARTESIAN_POINT('',(-1.305596415203E0,4.598275405914E0,7.27E0));
#12060=VERTEX_POINT('',#12059);
#12061=CARTESIAN_POINT('',(-1.617614324653E0,4.480989254740E0,7.27E0));
#12062=VERTEX_POINT('',#12061);
#12063=CARTESIAN_POINT('',(-2.478466221856E0,4.192612367234E0,7.27E0));
#12064=VERTEX_POINT('',#12063);
#12065=CARTESIAN_POINT('',(-8.969648109450E-1,4.787091747887E0,7.27E0));
#12066=CARTESIAN_POINT('',(-7.002002839504E-1,3.806640973540E0,7.27E0));
#12067=VERTEX_POINT('',#12065);
#12068=VERTEX_POINT('',#12066);
#12069=CARTESIAN_POINT('',(-8.227566307435E-1,3.782045407666E0,7.27E0));
#12070=VERTEX_POINT('',#12069);
#12071=CARTESIAN_POINT('',(-1.019521157738E0,4.762496182012E0,7.27E0));
#12072=VERTEX_POINT('',#12071);
#12073=CARTESIAN_POINT('',(2.562478578643E-1,4.434409454314E0,7.27E0));
#12074=CARTESIAN_POINT('',(2.670542387015E-1,4.115443530851E0,7.27E0));
#12075=VERTEX_POINT('',#12073);
#12076=VERTEX_POINT('',#12074);
#12077=CARTESIAN_POINT('',(2.491148709944E-1,4.029680538530E0,7.27E0));
#12078=VERTEX_POINT('',#12077);
#12079=CARTESIAN_POINT('',(1.687108648465E-1,3.941801287875E0,7.27E0));
#12080=VERTEX_POINT('',#12079);
#12081=CARTESIAN_POINT('',(8.686600799202E-2,3.896450824904E0,7.27E0));
#12082=VERTEX_POINT('',#12081);
#12083=CARTESIAN_POINT('',(-1.652034380992E-2,3.871659352787E0,7.27E0));
#12084=VERTEX_POINT('',#12083);
#12085=CARTESIAN_POINT('',(-2.039128286835E-1,3.865310603881E0,7.27E0));
#12086=VERTEX_POINT('',#12085);
#12087=CARTESIAN_POINT('',(-3.087400312555E-1,3.883047921311E0,7.27E0));
#12088=VERTEX_POINT('',#12087);
#12089=CARTESIAN_POINT('',(-3.934665897762E-1,3.922755041157E0,7.27E0));
#12090=VERTEX_POINT('',#12089);
#12091=CARTESIAN_POINT('',(-4.796339990030E-1,4.004990948688E0,7.27E0));
#12092=VERTEX_POINT('',#12091);
#12093=CARTESIAN_POINT('',(-5.241583163572E-1,4.088637707520E0,7.27E0));
#12094=VERTEX_POINT('',#12093);
#12095=CARTESIAN_POINT('',(-5.485819890294E-1,4.194254250152E0,7.27E0));
#12096=VERTEX_POINT('',#12095);
#12097=CARTESIAN_POINT('',(-5.593883698666E-1,4.513220173614E0,7.27E0));
#12098=VERTEX_POINT('',#12097);
#12099=CARTESIAN_POINT('',(-5.421689524314E-1,4.620247619671E0,7.27E0));
#12100=VERTEX_POINT('',#12099);
#12101=CARTESIAN_POINT('',(-5.034080381569E-1,4.706716019026E0,7.27E0));
#12102=VERTEX_POINT('',#12101);
#12103=CARTESIAN_POINT('',(-4.230040317568E-1,4.794595262236E0,7.27E0));
#12104=VERTEX_POINT('',#12103);
#12105=CARTESIAN_POINT('',(-3.411591747135E-1,4.839945719622E0,7.27E0));
#12106=VERTEX_POINT('',#12105);
#12107=CARTESIAN_POINT('',(-2.377728228480E-1,4.864737189877E0,7.27E0));
#12108=VERTEX_POINT('',#12107);
#12109=CARTESIAN_POINT('',(-5.038033797541E-2,4.871085938783E0,7.27E0));
#12110=VERTEX_POINT('',#12109);
#12111=CARTESIAN_POINT('',(5.444686453482E-2,4.853348623214E0,7.27E0));
#12112=VERTEX_POINT('',#12111);
#12113=CARTESIAN_POINT('',(1.391734228657E-1,4.813641508953E0,7.27E0));
#12114=VERTEX_POINT('',#12113);
#12115=CARTESIAN_POINT('',(2.253408318408E-1,4.731405608868E0,7.27E0));
#12116=VERTEX_POINT('',#12115);
#12117=CARTESIAN_POINT('',(2.497640299674E-1,4.625788990520E0,7.27E0));
#12118=VERTEX_POINT('',#12117);
#12119=CARTESIAN_POINT('',(1.248357067180E-1,4.621556491249E0,7.27E0));
#12120=VERTEX_POINT('',#12119);
#12121=CARTESIAN_POINT('',(1.018533592350E-1,4.684644323774E0,7.27E0));
#12122=VERTEX_POINT('',#12121);
#12123=CARTESIAN_POINT('',(3.794834696622E-2,4.725056859962E0,7.27E0));
#12124=VERTEX_POINT('',#12123);
#12125=CARTESIAN_POINT('',(-4.605778604266E-2,4.743499581312E0,7.27E0));
#12126=VERTEX_POINT('',#12125);
#12127=CARTESIAN_POINT('',(-2.334502709172E-1,4.737150832406E0,7.27E0));
#12128=VERTEX_POINT('',#12127);
#12129=CARTESIAN_POINT('',(-3.160155532827E-1,4.713064767932E0,7.27E0));
#12130=VERTEX_POINT('',#12129);
#12131=CARTESIAN_POINT('',(-3.770388642638E-1,4.668419732473E0,7.27E0));
#12132=VERTEX_POINT('',#12131);
#12133=CARTESIAN_POINT('',(-4.165202018419E-1,4.603215666459E0,7.27E0));
#12134=VERTEX_POINT('',#12133);
#12135=CARTESIAN_POINT('',(-4.344600466172E-1,4.517452672885E0,7.27E0));
#12136=VERTEX_POINT('',#12135);
#12137=CARTESIAN_POINT('',(-4.236536657800E-1,4.198486749422E0,7.27E0));
#12138=VERTEX_POINT('',#12137);
#12139=CARTESIAN_POINT('',(-3.999504184296E-1,4.114134599702E0,7.27E0));
#12140=VERTEX_POINT('',#12139);
#12141=CARTESIAN_POINT('',(-3.561465269021E-1,4.051752248675E0,7.27E0));
#12142=VERTEX_POINT('',#12141);
#12143=CARTESIAN_POINT('',(-2.922415141295E-1,4.011339697594E0,7.27E0));
#12144=VERTEX_POINT('',#12143);
#12145=CARTESIAN_POINT('',(-2.082353811185E-1,3.992896976244E0,7.27E0));
#12146=VERTEX_POINT('',#12145);
#12147=CARTESIAN_POINT('',(-2.084289624532E-2,3.999245725150E0,7.27E0));
#12148=VERTEX_POINT('',#12147);
#12149=CARTESIAN_POINT('',(6.172238611980E-2,4.023331789624E0,7.27E0));
#12150=VERTEX_POINT('',#12149);
#12151=CARTESIAN_POINT('',(1.227456965967E-1,4.067976839976E0,7.27E0));
#12152=VERTEX_POINT('',#12151);
#12153=CARTESIAN_POINT('',(1.414054901302E-1,4.132475424493E0,7.27E0));
#12154=VERTEX_POINT('',#12153);
#12155=CARTESIAN_POINT('',(1.356420865461E-1,4.302590597573E0,7.27E0));
#12156=VERTEX_POINT('',#12155);
#12157=CARTESIAN_POINT('',(-5.175039832816E-2,4.296241848667E0,7.27E0));
#12158=VERTEX_POINT('',#12157);
#12159=CARTESIAN_POINT('',(-5.607295025939E-2,4.423828206137E0,7.27E0));
#12160=VERTEX_POINT('',#12159);
#12161=CARTESIAN_POINT('',(5.930961472158E-1,3.961313971388E0,7.27E0));
#12162=CARTESIAN_POINT('',(1.204225265472E0,3.830370468995E0,7.27E0));
#12163=VERTEX_POINT('',#12161);
#12164=VERTEX_POINT('',#12162);
#12165=CARTESIAN_POINT('',(1.177479358667E0,3.705544096215E0,7.27E0));
#12166=VERTEX_POINT('',#12165);
#12167=CARTESIAN_POINT('',(4.441244167594E-1,3.862676299086E0,7.27E0));
#12168=VERTEX_POINT('',#12167);
#12169=CARTESIAN_POINT('',(6.536340205872E-1,4.840482888296E0,7.27E0));
#12170=VERTEX_POINT('',#12169);
#12171=CARTESIAN_POINT('',(1.386988962495E0,4.683350685425E0,7.27E0));
#12172=VERTEX_POINT('',#12171);
#12173=CARTESIAN_POINT('',(1.360243058812E0,4.558524327215E0,7.27E0));
#12174=VERTEX_POINT('',#12173);
#12175=CARTESIAN_POINT('',(7.491139405554E-1,4.689467829608E0,7.27E0));
#12176=VERTEX_POINT('',#12175);
#12177=CARTESIAN_POINT('',(6.911644700872E-1,4.419010661870E0,7.27E0));
#12178=VERTEX_POINT('',#12177);
#12179=CARTESIAN_POINT('',(1.220809550491E0,4.305526326431E0,7.27E0));
#12180=VERTEX_POINT('',#12179);
#12181=CARTESIAN_POINT('',(1.194063646808E0,4.180699968220E0,7.27E0));
#12182=VERTEX_POINT('',#12181);
#12183=CARTESIAN_POINT('',(6.644185664038E-1,4.294184303660E0,7.27E0));
#12184=VERTEX_POINT('',#12183);
#12185=CARTESIAN_POINT('',(1.965479181703E0,3.844302309738E0,7.27E0));
#12186=CARTESIAN_POINT('',(1.647084420085E0,3.999410952197E0,7.27E0));
#12187=VERTEX_POINT('',#12185);
#12188=VERTEX_POINT('',#12186);
#12189=CARTESIAN_POINT('',(1.451402838126E0,3.597731267215E0,7.27E0));
#12190=VERTEX_POINT('',#12189);
#12191=CARTESIAN_POINT('',(1.339028165946E0,3.652475518534E0,7.27E0));
#12192=VERTEX_POINT('',#12191);
#12193=CARTESIAN_POINT('',(1.776982176497E0,4.551472895973E0,7.27E0));
#12194=VERTEX_POINT('',#12193);
#12195=CARTESIAN_POINT('',(2.226480865217E0,4.332495890698E0,7.27E0));
#12196=VERTEX_POINT('',#12195);
#12197=CARTESIAN_POINT('',(2.310808541824E0,4.267747940549E0,7.27E0));
#12198=VERTEX_POINT('',#12197);
#12199=CARTESIAN_POINT('',(2.357770196181E0,4.173869107739E0,7.27E0));
#12200=VERTEX_POINT('',#12199);
#12201=CARTESIAN_POINT('',(2.376684854965E0,4.069986576099E0,7.27E0));
#12202=VERTEX_POINT('',#12201);
#12203=CARTESIAN_POINT('',(2.367459173232E0,4.003479868949E0,7.27E0));
#12204=VERTEX_POINT('',#12203);
#12205=CARTESIAN_POINT('',(2.330186469822E0,3.926969409385E0,7.27E0));
#12206=VERTEX_POINT('',#12205);
#12207=CARTESIAN_POINT('',(2.283503135596E0,3.878710507564E0,7.27E0));
#12208=VERTEX_POINT('',#12207);
#12209=CARTESIAN_POINT('',(2.190043122201E0,3.829572227243E0,7.27E0));
#12210=VERTEX_POINT('',#12209);
#12211=CARTESIAN_POINT('',(2.096490621211E0,3.827813052577E0,7.27E0));
#12212=VERTEX_POINT('',#12211);
#12213=CARTESIAN_POINT('',(2.050734708869E0,3.305761787626E0,7.27E0));
#12214=VERTEX_POINT('',#12213);
#12215=CARTESIAN_POINT('',(1.919630353092E0,3.369630359275E0,7.27E0));
#12216=VERTEX_POINT('',#12215);
#12217=CARTESIAN_POINT('',(1.702993436044E0,4.114176561168E0,7.27E0));
#12218=CARTESIAN_POINT('',(2.058846707505E0,3.940819695714E0,7.27E0));
#12219=VERTEX_POINT('',#12217);
#12220=VERTEX_POINT('',#12218);
#12221=CARTESIAN_POINT('',(2.124351784246E0,3.932575380382E0,7.27E0));
#12222=VERTEX_POINT('',#12221);
#12223=CARTESIAN_POINT('',(2.180446632744E0,3.952582360378E0,7.27E0));
#12224=VERTEX_POINT('',#12223);
#12225=CARTESIAN_POINT('',(2.227129966968E0,4.000841262198E0,7.27E0));
#12226=VERTEX_POINT('',#12225);
#12227=CARTESIAN_POINT('',(2.255084501052E0,4.058224120268E0,7.27E0));
#12228=VERTEX_POINT('',#12227);
#12229=CARTESIAN_POINT('',(2.264310182785E0,4.124730827418E0,7.27E0));
#12230=VERTEX_POINT('',#12229);
#12231=CARTESIAN_POINT('',(2.245488011594E0,4.181234253403E0,7.27E0));
#12232=VERTEX_POINT('',#12231);
#12233=CARTESIAN_POINT('',(2.198619273506E0,4.227733771725E0,7.27E0));
#12234=VERTEX_POINT('',#12233);
#12235=CARTESIAN_POINT('',(1.842766002045E0,4.401090637179E0,7.27E0));
#12236=VERTEX_POINT('',#12235);
#12237=CARTESIAN_POINT('',(2.5E-2,-3.95E0,7.27E0));
#12238=VERTEX_POINT('',#12237);
#12239=CARTESIAN_POINT('',(2.499999999986E-2,-4.120212745667E0,7.27E0));
#12240=VERTEX_POINT('',#12239);
#12241=CARTESIAN_POINT('',(-1.E-1,-4.269148957729E0,7.27E0));
#12242=VERTEX_POINT('',#12241);
#12243=CARTESIAN_POINT('',(-9.999999999997E-2,-4.098936152458E0,7.27E0));
#12244=VERTEX_POINT('',#12243);
#12245=VERTEX_POINT('',#11089);
#12246=VERTEX_POINT('',#11096);
#12247=CARTESIAN_POINT('',(2.520161855979E0,1.434846409783E0,
-1.810754762276E-1));
#12248=VERTEX_POINT('',#12247);
#12249=VERTEX_POINT('',#11160);
#12250=VERTEX_POINT('',#11147);
#12251=VERTEX_POINT('',#11126);
#12252=VERTEX_POINT('',#11133);
#12253=CARTESIAN_POINT('',(2.671811453265E0,-1.437193268949E0,
-3.297044413229E-1));
#12254=VERTEX_POINT('',#12253);
#12255=VERTEX_POINT('',#11199);
#12256=VERTEX_POINT('',#11206);
#12257=CARTESIAN_POINT('',(-2.520161855982E0,-1.434846409779E0,
-1.810754762276E-1));
#12258=VERTEX_POINT('',#12257);
#12259=VERTEX_POINT('',#11275);
#12260=VERTEX_POINT('',#11262);
#12261=VERTEX_POINT('',#11241);
#12262=VERTEX_POINT('',#11248);
#12263=CARTESIAN_POINT('',(-2.671811453265E0,1.437193268949E0,
-3.297044413229E-1));
#12264=VERTEX_POINT('',#12263);
#12265=VERTEX_POINT('',#9387);
#12266=VERTEX_POINT('',#9394);
#12267=CARTESIAN_POINT('',(1.434846409785E0,-2.520161855978E0,
-1.810754762276E-1));
#12268=VERTEX_POINT('',#12267);
#12269=VERTEX_POINT('',#9447);
#12270=VERTEX_POINT('',#9440);
#12271=VERTEX_POINT('',#9419);
#12272=VERTEX_POINT('',#9426);
#12273=CARTESIAN_POINT('',(-1.437193268949E0,-2.671811453265E0,
-3.297044413229E-1));
#12274=VERTEX_POINT('',#12273);
#12275=CARTESIAN_POINT('',(2.418982502971E0,2.369123477994E0,4.22E0));
#12276=VERTEX_POINT('',#12275);
#12277=VERTEX_POINT('',#11487);
#12278=VERTEX_POINT('',#11494);
#12279=CARTESIAN_POINT('',(-1.434846409783E0,2.520161855979E0,
-1.810754762276E-1));
#12280=VERTEX_POINT('',#12279);
#12281=VERTEX_POINT('',#11547);
#12282=VERTEX_POINT('',#11540);
#12283=VERTEX_POINT('',#11519);
#12284=VERTEX_POINT('',#11526);
#12285=CARTESIAN_POINT('',(1.437193268949E0,2.671811453265E0,
-3.297044413229E-1));
#12286=VERTEX_POINT('',#12285);
#12287=CARTESIAN_POINT('',(0.E0,0.E0,-7.142023489479E-1));
#12288=DIRECTION('',(0.E0,0.E0,-1.E0));
#12289=DIRECTION('',(1.E0,0.E0,0.E0));
#12290=AXIS2_PLACEMENT_3D('',#12287,#12288,#12289);
#12291=CONICAL_SURFACE('',#12290,3.359917007405E0,5.940037252300E0);
#12293=ORIENTED_EDGE('',*,*,#12292,.F.);
#12295=ORIENTED_EDGE('',*,*,#12294,.F.);
#12297=ORIENTED_EDGE('',*,*,#12296,.F.);
#12299=ORIENTED_EDGE('',*,*,#12298,.F.);
#12301=ORIENTED_EDGE('',*,*,#12300,.F.);
#12303=ORIENTED_EDGE('',*,*,#12302,.T.);
#12305=ORIENTED_EDGE('',*,*,#12304,.F.);
#12307=ORIENTED_EDGE('',*,*,#12306,.F.);
#12309=ORIENTED_EDGE('',*,*,#12308,.T.);
#12311=ORIENTED_EDGE('',*,*,#12310,.T.);
#12312=EDGE_LOOP('',(#12293,#12295,#12297,#12299,#12301,#12303,#12305,#12307,
#12309,#12311));
#12313=FACE_OUTER_BOUND('',#12312,.F.);
#12314=ADVANCED_FACE('',(#12313),#12291,.F.);
#12315=CARTESIAN_POINT('',(4.154252339471E0,-5.038135815954E0,4.22E0));
#12316=DIRECTION('',(7.070017055071E-1,7.070017055071E-1,-1.723881725084E-2));
#12317=DIRECTION('',(-1.218968457770E-2,-1.218968457770E-2,-9.998514005490E-1));
#12318=AXIS2_PLACEMENT_3D('',#12315,#12316,#12317);
#12319=PLANE('',#12318);
#12321=ORIENTED_EDGE('',*,*,#12320,.F.);
#12322=ORIENTED_EDGE('',*,*,#12292,.T.);
#12324=ORIENTED_EDGE('',*,*,#12323,.F.);
#12326=ORIENTED_EDGE('',*,*,#12325,.F.);
#12328=ORIENTED_EDGE('',*,*,#12327,.F.);
#12330=ORIENTED_EDGE('',*,*,#12329,.F.);
#12332=ORIENTED_EDGE('',*,*,#12331,.F.);
#12334=ORIENTED_EDGE('',*,*,#12333,.F.);
#12336=ORIENTED_EDGE('',*,*,#12335,.T.);
#12337=EDGE_LOOP('',(#12321,#12322,#12324,#12326,#12328,#12330,#12332,#12334,
#12336));
#12338=FACE_OUTER_BOUND('',#12337,.F.);
#12339=ADVANCED_FACE('',(#12338),#12319,.T.);
#12340=CARTESIAN_POINT('',(0.E0,0.E0,-1.58E0));
#12341=DIRECTION('',(0.E0,0.E0,1.E0));
#12342=DIRECTION('',(-1.E0,0.E0,0.E0));
#12343=AXIS2_PLACEMENT_3D('',#12340,#12341,#12342);
#12344=PLANE('',#12343);
#12346=ORIENTED_EDGE('',*,*,#12345,.T.);
#12347=ORIENTED_EDGE('',*,*,#12296,.T.);
#12348=ORIENTED_EDGE('',*,*,#12294,.T.);
#12349=ORIENTED_EDGE('',*,*,#12320,.T.);
#12351=ORIENTED_EDGE('',*,*,#12350,.T.);
#12352=EDGE_LOOP('',(#12346,#12347,#12348,#12349,#12351));
#12353=FACE_OUTER_BOUND('',#12352,.F.);
#12354=ADVANCED_FACE('',(#12353),#12344,.F.);
#12355=CARTESIAN_POINT('',(4.154252339471E0,5.038135815954E0,4.22E0));
#12356=DIRECTION('',(-7.070017055071E-1,7.070017055071E-1,1.723881725084E-2));
#12357=DIRECTION('',(-1.218968457770E-2,1.218968457770E-2,-9.998514005490E-1));
#12358=AXIS2_PLACEMENT_3D('',#12355,#12356,#12357);
#12359=PLANE('',#12358);
#12360=ORIENTED_EDGE('',*,*,#12345,.F.);
#12362=ORIENTED_EDGE('',*,*,#12361,.T.);
#12364=ORIENTED_EDGE('',*,*,#12363,.F.);
#12366=ORIENTED_EDGE('',*,*,#12365,.F.);
#12368=ORIENTED_EDGE('',*,*,#12367,.F.);
#12370=ORIENTED_EDGE('',*,*,#12369,.F.);
#12372=ORIENTED_EDGE('',*,*,#12371,.F.);
#12374=ORIENTED_EDGE('',*,*,#12373,.F.);
#12375=ORIENTED_EDGE('',*,*,#12298,.T.);
#12376=EDGE_LOOP('',(#12360,#12362,#12364,#12366,#12368,#12370,#12372,#12374,
#12375));
#12377=FACE_OUTER_BOUND('',#12376,.F.);
#12378=ADVANCED_FACE('',(#12377),#12359,.F.);
#12379=CARTESIAN_POINT('',(0.E0,0.E0,-1.38E0));
#12380=DIRECTION('',(0.E0,0.E0,1.E0));
#12381=DIRECTION('',(-7.883829745394E-1,-6.151847571717E-1,0.E0));
#12382=AXIS2_PLACEMENT_3D('',#12379,#12380,#12381);
#12383=TOROIDAL_SURFACE('',#12382,3.897686861879E0,2.E-1);
#12384=ORIENTED_EDGE('',*,*,#12335,.F.);
#12386=ORIENTED_EDGE('',*,*,#12385,.T.);
#12387=ORIENTED_EDGE('',*,*,#12361,.F.);
#12388=ORIENTED_EDGE('',*,*,#12350,.F.);
#12389=EDGE_LOOP('',(#12384,#12386,#12387,#12388));
#12390=FACE_OUTER_BOUND('',#12389,.F.);
#12391=ADVANCED_FACE('',(#12390),#12383,.T.);
#12392=CARTESIAN_POINT('',(0.E0,0.E0,-9.191140640343E-1));
#12393=DIRECTION('',(0.E0,0.E0,1.E0));
#12394=DIRECTION('',(0.E0,1.E0,0.E0));
#12395=AXIS2_PLACEMENT_3D('',#12392,#12393,#12394);
#12396=CONICAL_SURFACE('',#12395,4.310876522785E0,2.302549200853E1);
#12397=ORIENTED_EDGE('',*,*,#12385,.F.);
#12398=ORIENTED_EDGE('',*,*,#12333,.T.);
#12400=ORIENTED_EDGE('',*,*,#12399,.T.);
#12401=ORIENTED_EDGE('',*,*,#12363,.T.);
#12402=EDGE_LOOP('',(#12397,#12398,#12400,#12401));
#12403=FACE_OUTER_BOUND('',#12402,.F.);
#12404=ADVANCED_FACE('',(#12403),#12396,.T.);
#12405=CARTESIAN_POINT('',(0.E0,0.E0,-1.71E0));
#12406=DIRECTION('',(0.E0,0.E0,1.E0));
#12407=DIRECTION('',(0.E0,1.E0,0.E0));
#12408=AXIS2_PLACEMENT_3D('',#12405,#12406,#12407);
#12409=CYLINDRICAL_SURFACE('',#12408,4.54E0);
#12411=ORIENTED_EDGE('',*,*,#12410,.F.);
#12412=ORIENTED_EDGE('',*,*,#12365,.T.);
#12413=ORIENTED_EDGE('',*,*,#12399,.F.);
#12414=ORIENTED_EDGE('',*,*,#12331,.T.);
#12415=EDGE_LOOP('',(#12411,#12412,#12413,#12414));
#12416=FACE_OUTER_BOUND('',#12415,.F.);
#12417=ADVANCED_FACE('',(#12416),#12409,.T.);
#12418=CARTESIAN_POINT('',(0.E0,0.E0,1.02E0));
#12419=DIRECTION('',(0.E0,0.E0,1.E0));
#12420=DIRECTION('',(-1.E0,0.E0,0.E0));
#12421=AXIS2_PLACEMENT_3D('',#12418,#12419,#12420);
#12422=PLANE('',#12421);
#12423=ORIENTED_EDGE('',*,*,#12367,.T.);
#12424=ORIENTED_EDGE('',*,*,#12410,.T.);
#12425=ORIENTED_EDGE('',*,*,#12329,.T.);
#12427=ORIENTED_EDGE('',*,*,#12426,.T.);
#12429=ORIENTED_EDGE('',*,*,#12428,.T.);
#12430=EDGE_LOOP('',(#12423,#12424,#12425,#12427,#12429));
#12431=FACE_OUTER_BOUND('',#12430,.F.);
#12432=ADVANCED_FACE('',(#12431),#12422,.T.);
#12433=CARTESIAN_POINT('',(0.E0,0.E0,3.120999975922E0));
#12434=DIRECTION('',(0.E0,0.E0,1.E0));
#12435=DIRECTION('',(-1.E0,0.E0,0.E0));
#12436=AXIS2_PLACEMENT_3D('',#12433,#12434,#12435);
#12437=CONICAL_SURFACE('',#12436,3.814006666507E0,3.819662047290E-1);
#12439=ORIENTED_EDGE('',*,*,#12438,.F.);
#12441=ORIENTED_EDGE('',*,*,#12440,.T.);
#12443=ORIENTED_EDGE('',*,*,#12442,.T.);
#12445=ORIENTED_EDGE('',*,*,#12444,.F.);
#12447=ORIENTED_EDGE('',*,*,#12446,.T.);
#12449=ORIENTED_EDGE('',*,*,#12448,.T.);
#12451=ORIENTED_EDGE('',*,*,#12450,.F.);
#12453=ORIENTED_EDGE('',*,*,#12452,.T.);
#12455=ORIENTED_EDGE('',*,*,#12454,.T.);
#12457=ORIENTED_EDGE('',*,*,#12456,.F.);
#12459=ORIENTED_EDGE('',*,*,#12458,.T.);
#12461=ORIENTED_EDGE('',*,*,#12460,.F.);
#12463=ORIENTED_EDGE('',*,*,#12462,.F.);
#12464=ORIENTED_EDGE('',*,*,#12426,.F.);
#12465=ORIENTED_EDGE('',*,*,#12327,.T.);
#12467=ORIENTED_EDGE('',*,*,#12466,.T.);
#12468=EDGE_LOOP('',(#12439,#12441,#12443,#12445,#12447,#12449,#12451,#12453,
#12455,#12457,#12459,#12461,#12463,#12464,#12465,#12467));
#12469=FACE_OUTER_BOUND('',#12468,.F.);
#12470=ADVANCED_FACE('',(#12469),#12437,.T.);
#12471=CARTESIAN_POINT('',(-2.223762994512E0,0.E0,4.22E0));
#12472=DIRECTION('',(0.E0,0.E0,1.E0));
#12473=DIRECTION('',(1.E0,0.E0,0.E0));
#12474=AXIS2_PLACEMENT_3D('',#12471,#12472,#12473);
#12475=PLANE('',#12474);
#12477=ORIENTED_EDGE('',*,*,#12476,.T.);
#12479=ORIENTED_EDGE('',*,*,#12478,.F.);
#12480=ORIENTED_EDGE('',*,*,#12438,.T.);
#12481=EDGE_LOOP('',(#12477,#12479,#12480));
#12482=FACE_OUTER_BOUND('',#12481,.F.);
#12483=ADVANCED_FACE('',(#12482),#12475,.F.);
#12484=CARTESIAN_POINT('',(-2.215313760546E0,2.165454735570E0,3.62E0));
#12485=DIRECTION('',(-7.071067811865E-1,7.071067811865E-1,0.E0));
#12486=DIRECTION('',(-7.070017055071E-1,-7.070017055071E-1,1.723881725084E-2));
#12487=AXIS2_PLACEMENT_3D('',#12484,#12485,#12486);
#12488=CYLINDRICAL_SURFACE('',#12487,6.E-1);
#12489=ORIENTED_EDGE('',*,*,#12476,.F.);
#12490=ORIENTED_EDGE('',*,*,#12466,.F.);
#12491=ORIENTED_EDGE('',*,*,#12325,.T.);
#12493=ORIENTED_EDGE('',*,*,#12492,.F.);
#12495=ORIENTED_EDGE('',*,*,#12494,.F.);
#12496=EDGE_LOOP('',(#12489,#12490,#12491,#12493,#12495));
#12497=FACE_OUTER_BOUND('',#12496,.F.);
#12498=ADVANCED_FACE('',(#12497),#12488,.F.);
#12499=CARTESIAN_POINT('',(0.E0,0.E0,-2.015E0));
#12500=DIRECTION('',(0.E0,0.E0,1.E0));
#12501=DIRECTION('',(-1.E0,0.E0,0.E0));
#12502=AXIS2_PLACEMENT_3D('',#12499,#12500,#12501);
#12503=CYLINDRICAL_SURFACE('',#12502,3.27E0);
#12505=ORIENTED_EDGE('',*,*,#12504,.T.);
#12507=ORIENTED_EDGE('',*,*,#12506,.T.);
#12509=ORIENTED_EDGE('',*,*,#12508,.T.);
#12511=ORIENTED_EDGE('',*,*,#12510,.T.);
#12513=ORIENTED_EDGE('',*,*,#12512,.T.);
#12515=ORIENTED_EDGE('',*,*,#12514,.F.);
#12517=ORIENTED_EDGE('',*,*,#12516,.F.);
#12519=ORIENTED_EDGE('',*,*,#12518,.F.);
#12521=ORIENTED_EDGE('',*,*,#12520,.T.);
#12523=ORIENTED_EDGE('',*,*,#12522,.T.);
#12525=ORIENTED_EDGE('',*,*,#12524,.T.);
#12526=ORIENTED_EDGE('',*,*,#12492,.T.);
#12527=ORIENTED_EDGE('',*,*,#12323,.T.);
#12528=ORIENTED_EDGE('',*,*,#12310,.F.);
#12530=ORIENTED_EDGE('',*,*,#12529,.F.);
#12532=ORIENTED_EDGE('',*,*,#12531,.F.);
#12534=ORIENTED_EDGE('',*,*,#12533,.F.);
#12536=ORIENTED_EDGE('',*,*,#12535,.F.);
#12538=ORIENTED_EDGE('',*,*,#12537,.T.);
#12540=ORIENTED_EDGE('',*,*,#12539,.F.);
#12542=ORIENTED_EDGE('',*,*,#12541,.F.);
#12543=EDGE_LOOP('',(#12505,#12507,#12509,#12511,#12513,#12515,#12517,#12519,
#12521,#12523,#12525,#12526,#12527,#12528,#12530,#12532,#12534,#12536,#12538,
#12540,#12542));
#12544=FACE_OUTER_BOUND('',#12543,.F.);
#12545=ADVANCED_FACE('',(#12544),#12503,.F.);
#12546=CARTESIAN_POINT('',(-4.083541661352E0,-5.108846494073E0,-1.58E0));
#12547=DIRECTION('',(-7.070017055071E-1,7.070017055071E-1,-1.723881725084E-2));
#12548=DIRECTION('',(-1.218968457770E-2,1.218968457770E-2,9.998514005490E-1));
#12549=AXIS2_PLACEMENT_3D('',#12546,#12547,#12548);
#12550=PLANE('',#12549);
#12552=ORIENTED_EDGE('',*,*,#12551,.F.);
#12554=ORIENTED_EDGE('',*,*,#12553,.T.);
#12556=ORIENTED_EDGE('',*,*,#12555,.F.);
#12558=ORIENTED_EDGE('',*,*,#12557,.F.);
#12560=ORIENTED_EDGE('',*,*,#12559,.F.);
#12561=ORIENTED_EDGE('',*,*,#12454,.F.);
#12563=ORIENTED_EDGE('',*,*,#12562,.F.);
#12564=ORIENTED_EDGE('',*,*,#12504,.F.);
#12566=ORIENTED_EDGE('',*,*,#12565,.T.);
#12567=EDGE_LOOP('',(#12552,#12554,#12556,#12558,#12560,#12561,#12563,#12564,
#12566));
#12568=FACE_OUTER_BOUND('',#12567,.F.);
#12569=ADVANCED_FACE('',(#12568),#12550,.T.);
#12570=CARTESIAN_POINT('',(0.E0,0.E0,-1.58E0));
#12571=DIRECTION('',(0.E0,0.E0,1.E0));
#12572=DIRECTION('',(-1.E0,0.E0,0.E0));
#12573=AXIS2_PLACEMENT_3D('',#12570,#12571,#12572);
#12574=PLANE('',#12573);
#12575=ORIENTED_EDGE('',*,*,#12551,.T.);
#12577=ORIENTED_EDGE('',*,*,#12576,.T.);
#12579=ORIENTED_EDGE('',*,*,#12578,.T.);
#12581=ORIENTED_EDGE('',*,*,#12580,.T.);
#12583=ORIENTED_EDGE('',*,*,#12582,.T.);
#12584=EDGE_LOOP('',(#12575,#12577,#12579,#12581,#12583));
#12585=FACE_OUTER_BOUND('',#12584,.F.);
#12586=ADVANCED_FACE('',(#12585),#12574,.F.);
#12587=CARTESIAN_POINT('',(0.E0,0.E0,-7.142023489479E-1));
#12588=DIRECTION('',(0.E0,0.E0,-1.E0));
#12589=DIRECTION('',(1.E0,0.E0,0.E0));
#12590=AXIS2_PLACEMENT_3D('',#12587,#12588,#12589);
#12591=CONICAL_SURFACE('',#12590,3.359917007405E0,5.940037252300E0);
#12593=ORIENTED_EDGE('',*,*,#12592,.F.);
#12594=ORIENTED_EDGE('',*,*,#12578,.F.);
#12595=ORIENTED_EDGE('',*,*,#12576,.F.);
#12596=ORIENTED_EDGE('',*,*,#12565,.F.);
#12597=ORIENTED_EDGE('',*,*,#12541,.T.);
#12599=ORIENTED_EDGE('',*,*,#12598,.T.);
#12601=ORIENTED_EDGE('',*,*,#12600,.F.);
#12603=ORIENTED_EDGE('',*,*,#12602,.F.);
#12605=ORIENTED_EDGE('',*,*,#12604,.T.);
#12607=ORIENTED_EDGE('',*,*,#12606,.F.);
#12608=EDGE_LOOP('',(#12593,#12594,#12595,#12596,#12597,#12599,#12601,#12603,
#12605,#12607));
#12609=FACE_OUTER_BOUND('',#12608,.F.);
#12610=ADVANCED_FACE('',(#12609),#12591,.F.);
#12611=CARTESIAN_POINT('',(-4.083541661352E0,5.108846494073E0,-1.58E0));
#12612=DIRECTION('',(7.070017055071E-1,7.070017055071E-1,1.723881725084E-2));
#12613=DIRECTION('',(-1.218968457770E-2,-1.218968457770E-2,9.998514005490E-1));
#12614=AXIS2_PLACEMENT_3D('',#12611,#12612,#12613);
#12615=PLANE('',#12614);
#12616=ORIENTED_EDGE('',*,*,#12580,.F.);
#12617=ORIENTED_EDGE('',*,*,#12592,.T.);
#12619=ORIENTED_EDGE('',*,*,#12618,.F.);
#12621=ORIENTED_EDGE('',*,*,#12620,.F.);
#12623=ORIENTED_EDGE('',*,*,#12622,.F.);
#12625=ORIENTED_EDGE('',*,*,#12624,.F.);
#12627=ORIENTED_EDGE('',*,*,#12626,.F.);
#12629=ORIENTED_EDGE('',*,*,#12628,.F.);
#12631=ORIENTED_EDGE('',*,*,#12630,.T.);
#12632=EDGE_LOOP('',(#12616,#12617,#12619,#12621,#12623,#12625,#12627,#12629,
#12631));
#12633=FACE_OUTER_BOUND('',#12632,.F.);
#12634=ADVANCED_FACE('',(#12633),#12615,.F.);
#12635=CARTESIAN_POINT('',(0.E0,0.E0,-2.015E0));
#12636=DIRECTION('',(0.E0,0.E0,1.E0));
#12637=DIRECTION('',(-1.E0,0.E0,0.E0));
#12638=AXIS2_PLACEMENT_3D('',#12635,#12636,#12637);
#12639=CYLINDRICAL_SURFACE('',#12638,3.27E0);
#12641=ORIENTED_EDGE('',*,*,#12640,.T.);
#12643=ORIENTED_EDGE('',*,*,#12642,.T.);
#12645=ORIENTED_EDGE('',*,*,#12644,.T.);
#12646=ORIENTED_EDGE('',*,*,#12618,.T.);
#12647=ORIENTED_EDGE('',*,*,#12606,.T.);
#12649=ORIENTED_EDGE('',*,*,#12648,.F.);
#12650=ORIENTED_EDGE('',*,*,#12537,.F.);
#12652=ORIENTED_EDGE('',*,*,#12651,.F.);
#12654=ORIENTED_EDGE('',*,*,#12653,.F.);
#12655=ORIENTED_EDGE('',*,*,#12531,.T.);
#12657=ORIENTED_EDGE('',*,*,#12656,.F.);
#12658=ORIENTED_EDGE('',*,*,#12300,.T.);
#12659=ORIENTED_EDGE('',*,*,#12373,.T.);
#12661=ORIENTED_EDGE('',*,*,#12660,.T.);
#12663=ORIENTED_EDGE('',*,*,#12662,.T.);
#12665=ORIENTED_EDGE('',*,*,#12664,.T.);
#12667=ORIENTED_EDGE('',*,*,#12666,.T.);
#12669=ORIENTED_EDGE('',*,*,#12668,.T.);
#12671=ORIENTED_EDGE('',*,*,#12670,.F.);
#12673=ORIENTED_EDGE('',*,*,#12672,.T.);
#12675=ORIENTED_EDGE('',*,*,#12674,.T.);
#12676=EDGE_LOOP('',(#12641,#12643,#12645,#12646,#12647,#12649,#12650,#12652,
#12654,#12655,#12657,#12658,#12659,#12661,#12663,#12665,#12667,#12669,#12671,
#12673,#12675));
#12677=FACE_OUTER_BOUND('',#12676,.F.);
#12678=ADVANCED_FACE('',(#12677),#12639,.F.);
#12679=CARTESIAN_POINT('',(1.779563313913E0,0.E0,9.423573433625E-1));
#12680=CARTESIAN_POINT('',(1.779946076992E0,0.E0,9.682382278876E-1));
#12681=CARTESIAN_POINT('',(1.782712366894E0,0.E0,1.155317254774E0));
#12682=CARTESIAN_POINT('',(1.792153401124E0,0.E0,1.794630193053E0));
#12683=CARTESIAN_POINT('',(1.804940135224E0,0.E0,2.664217560037E0));
#12684=CARTESIAN_POINT('',(1.815683862452E0,0.E0,3.398488445505E0));
#12685=CARTESIAN_POINT('',(1.819802443658E0,0.E0,3.680524689896E0));
#12686=CARTESIAN_POINT('',(1.820180317709E0,0.E0,3.706405804208E0));
#12688=DIRECTION('',(0.E0,-1.E0,0.E0));
#12689=VECTOR('',#12688,1.E0);
#12690=SURFACE_OF_LINEAR_EXTRUSION('',#12687,#12689);
#12692=ORIENTED_EDGE('',*,*,#12691,.T.);
#12693=ORIENTED_EDGE('',*,*,#12640,.F.);
#12695=ORIENTED_EDGE('',*,*,#12694,.F.);
#12697=ORIENTED_EDGE('',*,*,#12696,.F.);
#12698=EDGE_LOOP('',(#12692,#12693,#12695,#12697));
#12699=FACE_OUTER_BOUND('',#12698,.F.);
#12700=ADVANCED_FACE('',(#12699),#12690,.T.);
#12701=CARTESIAN_POINT('',(2.418982502971E0,-3.460892438555E0,3.62E0));
#12702=DIRECTION('',(0.E0,1.E0,0.E0));
#12703=DIRECTION('',(-9.998933543411E-1,0.E0,1.460410711074E-2));
#12704=AXIS2_PLACEMENT_3D('',#12701,#12702,#12703);
#12705=CYLINDRICAL_SURFACE('',#12704,6.E-1);
#12706=ORIENTED_EDGE('',*,*,#12691,.F.);
#12708=ORIENTED_EDGE('',*,*,#12707,.F.);
#12710=ORIENTED_EDGE('',*,*,#12709,.F.);
#12712=ORIENTED_EDGE('',*,*,#12711,.T.);
#12713=ORIENTED_EDGE('',*,*,#12642,.F.);
#12714=EDGE_LOOP('',(#12706,#12708,#12710,#12712,#12713));
#12715=FACE_OUTER_BOUND('',#12714,.F.);
#12716=ADVANCED_FACE('',(#12715),#12705,.F.);
#12717=CARTESIAN_POINT('',(0.E0,0.E0,3.120999975922E0));
#12718=DIRECTION('',(0.E0,0.E0,1.E0));
#12719=DIRECTION('',(-1.E0,0.E0,0.E0));
#12720=AXIS2_PLACEMENT_3D('',#12717,#12718,#12719);
#12721=CONICAL_SURFACE('',#12720,3.814006666507E0,3.819662047290E-1);
#12723=ORIENTED_EDGE('',*,*,#12722,.T.);
#12725=ORIENTED_EDGE('',*,*,#12724,.T.);
#12727=ORIENTED_EDGE('',*,*,#12726,.F.);
#12729=ORIENTED_EDGE('',*,*,#12728,.T.);
#12730=ORIENTED_EDGE('',*,*,#12369,.T.);
#12731=ORIENTED_EDGE('',*,*,#12428,.F.);
#12732=ORIENTED_EDGE('',*,*,#12462,.T.);
#12734=ORIENTED_EDGE('',*,*,#12733,.F.);
#12735=ORIENTED_EDGE('',*,*,#12458,.F.);
#12737=ORIENTED_EDGE('',*,*,#12736,.F.);
#12738=ORIENTED_EDGE('',*,*,#12622,.T.);
#12740=ORIENTED_EDGE('',*,*,#12739,.T.);
#12742=ORIENTED_EDGE('',*,*,#12741,.F.);
#12743=ORIENTED_EDGE('',*,*,#12707,.T.);
#12744=ORIENTED_EDGE('',*,*,#12696,.T.);
#12746=ORIENTED_EDGE('',*,*,#12745,.F.);
#12747=EDGE_LOOP('',(#12723,#12725,#12727,#12729,#12730,#12731,#12732,#12734,
#12735,#12737,#12738,#12740,#12742,#12743,#12744,#12746));
#12748=FACE_OUTER_BOUND('',#12747,.F.);
#12749=ADVANCED_FACE('',(#12748),#12721,.T.);
#12750=CARTESIAN_POINT('',(-1.779563313913E0,0.E0,9.423573433624E-1));
#12751=CARTESIAN_POINT('',(-1.779946076992E0,0.E0,9.682382278876E-1));
#12752=CARTESIAN_POINT('',(-1.782712366894E0,0.E0,1.155317254774E0));
#12753=CARTESIAN_POINT('',(-1.792153401124E0,0.E0,1.794630193053E0));
#12754=CARTESIAN_POINT('',(-1.804940135224E0,0.E0,2.664217560037E0));
#12755=CARTESIAN_POINT('',(-1.815683862452E0,0.E0,3.398488445505E0));
#12756=CARTESIAN_POINT('',(-1.819802443658E0,0.E0,3.680524689896E0));
#12757=CARTESIAN_POINT('',(-1.820180317709E0,0.E0,3.706405804208E0));
#12759=DIRECTION('',(0.E0,1.E0,0.E0));
#12760=VECTOR('',#12759,1.E0);
#12761=SURFACE_OF_LINEAR_EXTRUSION('',#12758,#12760);
#12763=ORIENTED_EDGE('',*,*,#12762,.T.);
#12764=ORIENTED_EDGE('',*,*,#12722,.F.);
#12766=ORIENTED_EDGE('',*,*,#12765,.T.);
#12767=ORIENTED_EDGE('',*,*,#12664,.F.);
#12768=EDGE_LOOP('',(#12763,#12764,#12766,#12767));
#12769=FACE_OUTER_BOUND('',#12768,.F.);
#12770=ADVANCED_FACE('',(#12769),#12761,.T.);
#12771=CARTESIAN_POINT('',(-2.418982502971E0,-1.994071955248E0,3.62E0));
#12772=DIRECTION('',(0.E0,-1.E0,0.E0));
#12773=DIRECTION('',(9.998933543411E-1,0.E0,1.460410711074E-2));
#12774=AXIS2_PLACEMENT_3D('',#12771,#12772,#12773);
#12775=CYLINDRICAL_SURFACE('',#12774,6.E-1);
#12777=ORIENTED_EDGE('',*,*,#12776,.F.);
#12778=ORIENTED_EDGE('',*,*,#12724,.F.);
#12779=ORIENTED_EDGE('',*,*,#12762,.F.);
#12780=ORIENTED_EDGE('',*,*,#12662,.F.);
#12782=ORIENTED_EDGE('',*,*,#12781,.T.);
#12783=EDGE_LOOP('',(#12777,#12778,#12779,#12780,#12782));
#12784=FACE_OUTER_BOUND('',#12783,.F.);
#12785=ADVANCED_FACE('',(#12784),#12775,.F.);
#12786=CARTESIAN_POINT('',(5.038135815954E0,4.154252339471E0,4.22E0));
#12787=DIRECTION('',(0.E0,0.E0,1.E0));
#12788=DIRECTION('',(-7.071067811865E-1,7.071067811865E-1,0.E0));
#12789=AXIS2_PLACEMENT_3D('',#12786,#12787,#12788);
#12790=PLANE('',#12789);
#12792=ORIENTED_EDGE('',*,*,#12791,.F.);
#12793=ORIENTED_EDGE('',*,*,#12726,.T.);
#12794=ORIENTED_EDGE('',*,*,#12776,.T.);
#12795=EDGE_LOOP('',(#12792,#12793,#12794));
#12796=FACE_OUTER_BOUND('',#12795,.F.);
#12797=ADVANCED_FACE('',(#12796),#12790,.F.);
#12798=CARTESIAN_POINT('',(-2.832699352193E0,-2.782840327216E0,3.62E0));
#12799=DIRECTION('',(7.071067811865E-1,7.071067811865E-1,0.E0));
#12800=DIRECTION('',(-7.070017055071E-1,7.070017055071E-1,1.723881725085E-2));
#12801=AXIS2_PLACEMENT_3D('',#12798,#12799,#12800);
#12802=CYLINDRICAL_SURFACE('',#12801,6.E-1);
#12803=ORIENTED_EDGE('',*,*,#12371,.T.);
#12804=ORIENTED_EDGE('',*,*,#12728,.F.);
#12805=ORIENTED_EDGE('',*,*,#12791,.T.);
#12806=ORIENTED_EDGE('',*,*,#12781,.F.);
#12807=ORIENTED_EDGE('',*,*,#12660,.F.);
#12808=EDGE_LOOP('',(#12803,#12804,#12805,#12806,#12807));
#12809=FACE_OUTER_BOUND('',#12808,.F.);
#12810=ADVANCED_FACE('',(#12809),#12802,.F.);
#12811=CARTESIAN_POINT('',(0.E0,0.E0,1.02E0));
#12812=DIRECTION('',(0.E0,0.E0,1.E0));
#12813=DIRECTION('',(-1.E0,0.E0,0.E0));
#12814=AXIS2_PLACEMENT_3D('',#12811,#12812,#12813);
#12815=PLANE('',#12814);
#12817=ORIENTED_EDGE('',*,*,#12816,.T.);
#12819=ORIENTED_EDGE('',*,*,#12818,.T.);
#12821=ORIENTED_EDGE('',*,*,#12820,.T.);
#12823=ORIENTED_EDGE('',*,*,#12822,.T.);
#12824=ORIENTED_EDGE('',*,*,#12765,.F.);
#12825=ORIENTED_EDGE('',*,*,#12745,.T.);
#12826=ORIENTED_EDGE('',*,*,#12694,.T.);
#12827=EDGE_LOOP('',(#12817,#12819,#12821,#12823,#12824,#12825,#12826));
#12828=FACE_OUTER_BOUND('',#12827,.F.);
#12829=ADVANCED_FACE('',(#12828),#12815,.T.);
#12830=CARTESIAN_POINT('',(-5.038135815954E0,4.154252339471E0,4.22E0));
#12831=DIRECTION('',(-7.070017055071E-1,-7.070017055071E-1,1.723881725084E-2));
#12832=DIRECTION('',(-1.218968457770E-2,-1.218968457770E-2,-9.998514005490E-1));
#12833=AXIS2_PLACEMENT_3D('',#12830,#12831,#12832);
#12834=PLANE('',#12833);
#12836=ORIENTED_EDGE('',*,*,#12835,.F.);
#12838=ORIENTED_EDGE('',*,*,#12837,.T.);
#12840=ORIENTED_EDGE('',*,*,#12839,.F.);
#12842=ORIENTED_EDGE('',*,*,#12841,.F.);
#12843=ORIENTED_EDGE('',*,*,#12816,.F.);
#12844=ORIENTED_EDGE('',*,*,#12674,.F.);
#12846=ORIENTED_EDGE('',*,*,#12845,.T.);
#12847=EDGE_LOOP('',(#12836,#12838,#12840,#12842,#12843,#12844,#12846));
#12848=FACE_OUTER_BOUND('',#12847,.F.);
#12849=ADVANCED_FACE('',(#12848),#12834,.F.);
#12850=CARTESIAN_POINT('',(0.E0,0.E0,-1.58E0));
#12851=DIRECTION('',(0.E0,0.E0,1.E0));
#12852=DIRECTION('',(-1.E0,0.E0,0.E0));
#12853=AXIS2_PLACEMENT_3D('',#12850,#12851,#12852);
#12854=PLANE('',#12853);
#12856=ORIENTED_EDGE('',*,*,#12855,.T.);
#12858=ORIENTED_EDGE('',*,*,#12857,.T.);
#12859=ORIENTED_EDGE('',*,*,#12835,.T.);
#12861=ORIENTED_EDGE('',*,*,#12860,.T.);
#12862=EDGE_LOOP('',(#12856,#12858,#12859,#12861));
#12863=FACE_OUTER_BOUND('',#12862,.F.);
#12864=ADVANCED_FACE('',(#12863),#12854,.F.);
#12865=CARTESIAN_POINT('',(5.108846494073E0,4.083541661352E0,-1.58E0));
#12866=DIRECTION('',(7.070017055071E-1,-7.070017055071E-1,1.723881725084E-2));
#12867=DIRECTION('',(-1.218968457770E-2,1.218968457770E-2,9.998514005490E-1));
#12868=AXIS2_PLACEMENT_3D('',#12865,#12866,#12867);
#12869=PLANE('',#12868);
#12870=ORIENTED_EDGE('',*,*,#12855,.F.);
#12872=ORIENTED_EDGE('',*,*,#12871,.T.);
#12873=ORIENTED_EDGE('',*,*,#12666,.F.);
#12874=ORIENTED_EDGE('',*,*,#12822,.F.);
#12876=ORIENTED_EDGE('',*,*,#12875,.F.);
#12878=ORIENTED_EDGE('',*,*,#12877,.F.);
#12880=ORIENTED_EDGE('',*,*,#12879,.T.);
#12881=EDGE_LOOP('',(#12870,#12872,#12873,#12874,#12876,#12878,#12880));
#12882=FACE_OUTER_BOUND('',#12881,.F.);
#12883=ADVANCED_FACE('',(#12882),#12869,.F.);
#12884=CARTESIAN_POINT('',(0.E0,0.E0,-7.142023489479E-1));
#12885=DIRECTION('',(0.E0,0.E0,-1.E0));
#12886=DIRECTION('',(1.E0,0.E0,0.E0));
#12887=AXIS2_PLACEMENT_3D('',#12884,#12885,#12886);
#12888=CONICAL_SURFACE('',#12887,3.359917007405E0,5.940037252300E0);
#12889=ORIENTED_EDGE('',*,*,#12845,.F.);
#12890=ORIENTED_EDGE('',*,*,#12672,.F.);
#12892=ORIENTED_EDGE('',*,*,#12891,.T.);
#12894=ORIENTED_EDGE('',*,*,#12893,.F.);
#12896=ORIENTED_EDGE('',*,*,#12895,.T.);
#12897=ORIENTED_EDGE('',*,*,#12668,.F.);
#12898=ORIENTED_EDGE('',*,*,#12871,.F.);
#12899=ORIENTED_EDGE('',*,*,#12860,.F.);
#12900=EDGE_LOOP('',(#12889,#12890,#12892,#12894,#12896,#12897,#12898,#12899));
#12901=FACE_OUTER_BOUND('',#12900,.F.);
#12902=ADVANCED_FACE('',(#12901),#12888,.F.);
#12903=CARTESIAN_POINT('',(1.64E0,-2.1E0,-7.85E0));
#12904=DIRECTION('',(-1.E0,0.E0,0.E0));
#12905=DIRECTION('',(0.E0,-1.E0,0.E0));
#12906=AXIS2_PLACEMENT_3D('',#12903,#12904,#12905);
#12907=PLANE('',#12906);
#12908=ORIENTED_EDGE('',*,*,#12891,.F.);
#12910=ORIENTED_EDGE('',*,*,#12909,.F.);
#12912=ORIENTED_EDGE('',*,*,#12911,.T.);
#12914=ORIENTED_EDGE('',*,*,#12913,.F.);
#12915=EDGE_LOOP('',(#12908,#12910,#12912,#12914));
#12916=FACE_OUTER_BOUND('',#12915,.F.);
#12917=ADVANCED_FACE('',(#12916),#12907,.F.);
#12918=CARTESIAN_POINT('',(0.E0,0.E0,-1.450072803252E-2));
#12919=DIRECTION('',(0.E0,0.E0,1.E0));
#12920=DIRECTION('',(7.071067811865E-1,-7.071067811865E-1,0.E0));
#12921=AXIS2_PLACEMENT_3D('',#12918,#12919,#12920);
#12922=CONICAL_SURFACE('',#12921,3.085E0,4.8E1);
#12923=ORIENTED_EDGE('',*,*,#12670,.T.);
#12925=ORIENTED_EDGE('',*,*,#12924,.T.);
#12927=ORIENTED_EDGE('',*,*,#12926,.T.);
#12929=ORIENTED_EDGE('',*,*,#12928,.F.);
#12931=ORIENTED_EDGE('',*,*,#12930,.F.);
#12932=ORIENTED_EDGE('',*,*,#12909,.T.);
#12933=EDGE_LOOP('',(#12923,#12925,#12927,#12929,#12931,#12932));
#12934=FACE_OUTER_BOUND('',#12933,.F.);
#12935=ADVANCED_FACE('',(#12934),#12922,.F.);
#12936=CARTESIAN_POINT('',(-1.64E0,-3.3E0,-7.85E0));
#12937=DIRECTION('',(1.E0,0.E0,0.E0));
#12938=DIRECTION('',(0.E0,1.E0,0.E0));
#12939=AXIS2_PLACEMENT_3D('',#12936,#12937,#12938);
#12940=PLANE('',#12939);
#12941=ORIENTED_EDGE('',*,*,#12895,.F.);
#12943=ORIENTED_EDGE('',*,*,#12942,.F.);
#12945=ORIENTED_EDGE('',*,*,#12944,.T.);
#12946=ORIENTED_EDGE('',*,*,#12924,.F.);
#12947=EDGE_LOOP('',(#12941,#12943,#12945,#12946));
#12948=FACE_OUTER_BOUND('',#12947,.F.);
#12949=ADVANCED_FACE('',(#12948),#12940,.F.);
#12950=CARTESIAN_POINT('',(0.E0,0.E0,-2.119407806656E-1));
#12951=DIRECTION('',(0.E0,0.E0,1.E0));
#12952=DIRECTION('',(7.071067811865E-1,-7.071067811865E-1,0.E0));
#12953=AXIS2_PLACEMENT_3D('',#12950,#12951,#12952);
#12954=CONICAL_SURFACE('',#12953,3.164615916590E0,4.8E1);
#12955=ORIENTED_EDGE('',*,*,#12893,.T.);
#12956=ORIENTED_EDGE('',*,*,#12913,.T.);
#12958=ORIENTED_EDGE('',*,*,#12957,.T.);
#12960=ORIENTED_EDGE('',*,*,#12959,.T.);
#12962=ORIENTED_EDGE('',*,*,#12961,.T.);
#12963=ORIENTED_EDGE('',*,*,#12942,.T.);
#12964=EDGE_LOOP('',(#12955,#12956,#12958,#12960,#12962,#12963));
#12965=FACE_OUTER_BOUND('',#12964,.F.);
#12966=ADVANCED_FACE('',(#12965),#12954,.T.);
#12967=CARTESIAN_POINT('',(1.372265415287E0,-2.481090735559E0,
-7.890960385586E-2));
#12968=CARTESIAN_POINT('',(1.372610621564E0,-2.512020797691E0,
-1.091609386227E-1));
#12969=CARTESIAN_POINT('',(1.373317127093E0,-2.576511719900E0,
-1.724934494944E-1));
#12970=CARTESIAN_POINT('',(1.374192580702E0,-2.659579737096E0,
-2.547003665146E-1));
#12971=CARTESIAN_POINT('',(1.374725378369E0,-2.711748194967E0,
-3.066215786755E-1));
#12972=CARTESIAN_POINT('',(1.374914678288E0,-2.730493643181E0,
-3.253142762057E-1));
#12973=CARTESIAN_POINT('',(1.532849328549E0,-2.340335350873E0,
-2.257633155124E-1));
#12974=CARTESIAN_POINT('',(1.533950053881E0,-2.371447615279E0,
-2.553631338265E-1));
#12975=CARTESIAN_POINT('',(1.536184758965E0,-2.436330087673E0,
-3.173779556665E-1));
#12976=CARTESIAN_POINT('',(1.538911592323E0,-2.519925401268E0,
-3.979881062701E-1));
#12977=CARTESIAN_POINT('',(1.540552126242E0,-2.572433037899E0,
-4.489533913248E-1));
#12978=CARTESIAN_POINT('',(1.541132675686E0,-2.591301182676E0,
-4.673083677781E-1));
#12979=CARTESIAN_POINT('',(1.748035949361E0,-2.440274804193E0,
-1.214939143441E-1));
#12980=CARTESIAN_POINT('',(1.748600242622E0,-2.472103767979E0,
-1.506735995784E-1));
#12981=CARTESIAN_POINT('',(1.749735684162E0,-2.538436000954E0,
-2.118387041956E-1));
#12982=CARTESIAN_POINT('',(1.751097127994E0,-2.623787616208E0,
-2.914191733702E-1));
#12983=CARTESIAN_POINT('',(1.751905226414E0,-2.677345967365E0,
-3.417680248761E-1));
#12984=CARTESIAN_POINT('',(1.752189837353E0,-2.696585198717E0,
-3.599052204959E-1));
#12985=CARTESIAN_POINT('',(1.620619084707E0,-2.596434012285E0,
4.143100231498E-2));
#12986=CARTESIAN_POINT('',(1.620345177804E0,-2.628191239786E0,
1.166455639299E-2));
#12987=CARTESIAN_POINT('',(1.619782988590E0,-2.694355376431E0,
-5.068726901844E-2));
#12988=CARTESIAN_POINT('',(1.619082603059E0,-2.779450396792E0,
-1.317057982092E-1));
#12989=CARTESIAN_POINT('',(1.618654660649E0,-2.832831517454E0,
-1.829155649595E-1));
#12990=CARTESIAN_POINT('',(1.618502408601E0,-2.852005248393E0,
-2.013569147576E-1));
#12991=(BOUNDED_SURFACE()B_SPLINE_SURFACE(3,3,((#12967,#12968,#12969,#12970,
#12971,#12972),(#12973,#12974,#12975,#12976,#12977,#12978),(#12979,#12980,
#12981,#12982,#12983,#12984),(#12985,#12986,#12987,#12988,#12989,#12990)),
.UNSPECIFIED.,.F.,.F.,.F.)B_SPLINE_SURFACE_WITH_KNOTS((4,4),(4,1,1,4),(0.E0,
1.E0),(2.157259285581E-2,3.276399298205E-1,6.609714864701E-1,8.481948930685E-1),
.UNSPECIFIED.)GEOMETRIC_REPRESENTATION_ITEM()RATIONAL_B_SPLINE_SURFACE(((
1.856896803549E0,1.856896803549E0,1.856896803549E0,1.856896803549E0,
1.856896803549E0,1.856896803549E0),(7.143677321503E-1,7.143677321503E-1,
7.143677321503E-1,7.143677321503E-1,7.143677321503E-1,7.143677321503E-1),(
7.143677321503E-1,7.143677321503E-1,7.143677321503E-1,7.143677321503E-1,
7.143677321503E-1,7.143677321503E-1),(1.856896803549E0,1.856896803549E0,
1.856896803549E0,1.856896803549E0,1.856896803549E0,1.856896803549E0)))REPRESENTATION_ITEM('')SURFACE());
#12992=ORIENTED_EDGE('',*,*,#12957,.F.);
#12993=ORIENTED_EDGE('',*,*,#12911,.F.);
#12994=ORIENTED_EDGE('',*,*,#12930,.T.);
#12996=ORIENTED_EDGE('',*,*,#12995,.F.);
#12997=EDGE_LOOP('',(#12992,#12993,#12994,#12996));
#12998=FACE_OUTER_BOUND('',#12997,.F.);
#12999=ADVANCED_FACE('',(#12998),#12991,.T.);
#13000=CARTESIAN_POINT('',(0.E0,0.E0,-2.553899587754E-1));
#13001=DIRECTION('',(0.E0,0.E0,-1.E0));
#13002=DIRECTION('',(-7.071067811865E-1,7.071067811865E-1,0.E0));
#13003=AXIS2_PLACEMENT_3D('',#13000,#13001,#13002);
#13004=CONICAL_SURFACE('',#13003,2.966913060636E0,4.2E1);
#13006=ORIENTED_EDGE('',*,*,#13005,.T.);
#13007=ORIENTED_EDGE('',*,*,#12959,.F.);
#13008=ORIENTED_EDGE('',*,*,#12995,.T.);
#13009=ORIENTED_EDGE('',*,*,#12928,.T.);
#13010=EDGE_LOOP('',(#13006,#13007,#13008,#13009));
#13011=FACE_OUTER_BOUND('',#13010,.F.);
#13012=ADVANCED_FACE('',(#13011),#13004,.F.);
#13013=CARTESIAN_POINT('',(-1.374914651451E0,-2.730490988785E0,
-3.253116292233E-1));
#13014=CARTESIAN_POINT('',(-1.374725360248E0,-2.711746423719E0,
-3.066198157663E-1));
#13015=CARTESIAN_POINT('',(-1.374192571312E0,-2.659578849113E0,
-2.546994876875E-1));
#13016=CARTESIAN_POINT('',(-1.373316370447E0,-2.576439928013E0,
-1.724224017577E-1));
#13017=CARTESIAN_POINT('',(-1.372609042718E0,-2.511876683876E0,
-1.090194140019E-1));
#13018=CARTESIAN_POINT('',(-1.372262997838E0,-2.480874147083E0,
-7.869777014267E-2));
#13019=CARTESIAN_POINT('',(-1.541132593436E0,-2.591298510824E0,
-4.673057687013E-1));
#13020=CARTESIAN_POINT('',(-1.540552070499E0,-2.572431255052E0,
-4.489516609552E-1));
#13021=CARTESIAN_POINT('',(-1.538911563129E0,-2.519924507567E0,
-3.979872445962E-1));
#13022=CARTESIAN_POINT('',(-1.536182402243E0,-2.436257839985E0,
-3.173082880261E-1));
#13023=CARTESIAN_POINT('',(-1.533945059933E0,-2.371302626435E0,
-2.552245539438E-1));
#13024=CARTESIAN_POINT('',(-1.532841620176E0,-2.340117486533E0,
-2.255560444616E-1));
#13025=CARTESIAN_POINT('',(-1.752189797099E0,-2.696582474329E0,
-3.599026522459E-1));
#13026=CARTESIAN_POINT('',(-1.751905199024E0,-2.677344148856E0,
-3.417663154245E-1));
#13027=CARTESIAN_POINT('',(-1.751097113485E0,-2.623786703743E0,
-2.914183226925E-1));
#13028=CARTESIAN_POINT('',(-1.749734507576E0,-2.538362235386E0,
-2.117699264515E-1));
#13029=CARTESIAN_POINT('',(-1.748597705266E0,-2.471955539346E0,
-1.505369185581E-1));
#13030=CARTESIAN_POINT('',(-1.748031997606E0,-2.440051920810E0,
-1.212895854809E-1));
#13031=CARTESIAN_POINT('',(-1.618502430159E0,-2.852002533328E0,
-2.013543033909E-1));
#13032=CARTESIAN_POINT('',(-1.618654675177E0,-2.832829705009E0,
-1.829138262299E-1));
#13033=CARTESIAN_POINT('',(-1.619082610544E0,-2.779449487116E0,
-1.317049321105E-1));
#13034=CARTESIAN_POINT('',(-1.619783593900E0,-2.694281832673E0,
-5.061724837592E-2));
#13035=CARTESIAN_POINT('',(-1.620346434113E0,-2.628043386793E0,
1.180388944029E-2));
#13036=CARTESIAN_POINT('',(-1.620621002814E0,-2.596211631137E0,
4.163944032022E-2));
#13037=(BOUNDED_SURFACE()B_SPLINE_SURFACE(3,3,((#13013,#13014,#13015,#13016,
#13017,#13018),(#13019,#13020,#13021,#13022,#13023,#13024),(#13025,#13026,
#13027,#13028,#13029,#13030),(#13031,#13032,#13033,#13034,#13035,#13036)),
.UNSPECIFIED.,.F.,.F.,.F.)B_SPLINE_SURFACE_WITH_KNOTS((4,4),(4,1,1,4),(0.E0,
1.E0),(1.518139439798E-1,3.390285135299E-1,6.723600701795E-1,9.791418186198E-1),
.UNSPECIFIED.)GEOMETRIC_REPRESENTATION_ITEM()RATIONAL_B_SPLINE_SURFACE(((
1.856896803850E0,1.856896803850E0,1.856896803850E0,1.856896803850E0,
1.856896803850E0,1.856896803850E0),(7.143677320499E-1,7.143677320499E-1,
7.143677320499E-1,7.143677320499E-1,7.143677320499E-1,7.143677320499E-1),(
7.143677320499E-1,7.143677320499E-1,7.143677320499E-1,7.143677320499E-1,
7.143677320499E-1,7.143677320499E-1),(1.856896803850E0,1.856896803850E0,
1.856896803850E0,1.856896803850E0,1.856896803850E0,1.856896803850E0)))REPRESENTATION_ITEM('')SURFACE());
#13038=ORIENTED_EDGE('',*,*,#12926,.F.);
#13039=ORIENTED_EDGE('',*,*,#12944,.F.);
#13040=ORIENTED_EDGE('',*,*,#12961,.F.);
#13041=ORIENTED_EDGE('',*,*,#13005,.F.);
#13042=EDGE_LOOP('',(#13038,#13039,#13040,#13041));
#13043=FACE_OUTER_BOUND('',#13042,.F.);
#13044=ADVANCED_FACE('',(#13043),#13037,.T.);
#13045=CARTESIAN_POINT('',(0.E0,0.E0,-1.71E0));
#13046=DIRECTION('',(0.E0,0.E0,1.E0));
#13047=DIRECTION('',(0.E0,1.E0,0.E0));
#13048=AXIS2_PLACEMENT_3D('',#13045,#13046,#13047);
#13049=CYLINDRICAL_SURFACE('',#13048,4.54E0);
#13051=ORIENTED_EDGE('',*,*,#13050,.F.);
#13053=ORIENTED_EDGE('',*,*,#13052,.F.);
#13054=ORIENTED_EDGE('',*,*,#12875,.T.);
#13055=ORIENTED_EDGE('',*,*,#12820,.F.);
#13056=ORIENTED_EDGE('',*,*,#12818,.F.);
#13057=ORIENTED_EDGE('',*,*,#12841,.T.);
#13058=EDGE_LOOP('',(#13051,#13053,#13054,#13055,#13056,#13057));
#13059=FACE_OUTER_BOUND('',#13058,.F.);
#13060=ADVANCED_FACE('',(#13059),#13049,.T.);
#13061=CARTESIAN_POINT('',(0.E0,0.E0,-9.191140640343E-1));
#13062=DIRECTION('',(0.E0,0.E0,1.E0));
#13063=DIRECTION('',(0.E0,1.E0,0.E0));
#13064=AXIS2_PLACEMENT_3D('',#13061,#13062,#13063);
#13065=CONICAL_SURFACE('',#13064,4.310876522785E0,2.302549200853E1);
#13067=ORIENTED_EDGE('',*,*,#13066,.F.);
#13069=ORIENTED_EDGE('',*,*,#13068,.F.);
#13070=ORIENTED_EDGE('',*,*,#12877,.T.);
#13071=ORIENTED_EDGE('',*,*,#13052,.T.);
#13072=ORIENTED_EDGE('',*,*,#13050,.T.);
#13073=ORIENTED_EDGE('',*,*,#12839,.T.);
#13074=EDGE_LOOP('',(#13067,#13069,#13070,#13071,#13072,#13073));
#13075=FACE_OUTER_BOUND('',#13074,.F.);
#13076=ADVANCED_FACE('',(#13075),#13065,.T.);
#13077=CARTESIAN_POINT('',(0.E0,0.E0,-1.38E0));
#13078=DIRECTION('',(0.E0,0.E0,1.E0));
#13079=DIRECTION('',(-6.083458608370E-1,-7.936720441104E-1,0.E0));
#13080=AXIS2_PLACEMENT_3D('',#13077,#13078,#13079);
#13081=TOROIDAL_SURFACE('',#13080,3.897686861879E0,2.E-1);
#13082=ORIENTED_EDGE('',*,*,#12837,.F.);
#13083=ORIENTED_EDGE('',*,*,#12857,.F.);
#13084=ORIENTED_EDGE('',*,*,#12879,.F.);
#13085=ORIENTED_EDGE('',*,*,#13068,.T.);
#13086=ORIENTED_EDGE('',*,*,#13066,.T.);
#13087=EDGE_LOOP('',(#13082,#13083,#13084,#13085,#13086));
#13088=FACE_OUTER_BOUND('',#13087,.F.);
#13089=ADVANCED_FACE('',(#13088),#13081,.T.);
#13090=CARTESIAN_POINT('',(0.E0,0.E0,5.22E0));
#13091=DIRECTION('',(0.E0,0.E0,1.E0));
#13092=DIRECTION('',(-9.996263185732E-1,2.733538395063E-2,0.E0));
#13093=AXIS2_PLACEMENT_3D('',#13090,#13091,#13092);
#13094=TOROIDAL_SURFACE('',#13093,4.128006666593E0,3.E-1);
#13095=ORIENTED_EDGE('',*,*,#12733,.T.);
#13097=ORIENTED_EDGE('',*,*,#13096,.F.);
#13099=ORIENTED_EDGE('',*,*,#13098,.F.);
#13101=ORIENTED_EDGE('',*,*,#13100,.T.);
#13102=EDGE_LOOP('',(#13095,#13097,#13099,#13101));
#13103=FACE_OUTER_BOUND('',#13102,.F.);
#13104=ADVANCED_FACE('',(#13103),#13094,.F.);
#13105=CARTESIAN_POINT('',(0.E0,0.E0,5.22E0));
#13106=DIRECTION('',(0.E0,0.E0,1.E0));
#13107=DIRECTION('',(9.996263185732E-1,-2.733538395063E-2,0.E0));
#13108=AXIS2_PLACEMENT_3D('',#13105,#13106,#13107);
#13109=TOROIDAL_SURFACE('',#13108,4.128006666593E0,3.E-1);
#13110=ORIENTED_EDGE('',*,*,#12460,.T.);
#13111=ORIENTED_EDGE('',*,*,#13100,.F.);
#13113=ORIENTED_EDGE('',*,*,#13112,.F.);
#13114=ORIENTED_EDGE('',*,*,#13096,.T.);
#13115=EDGE_LOOP('',(#13110,#13111,#13113,#13114));
#13116=FACE_OUTER_BOUND('',#13115,.F.);
#13117=ADVANCED_FACE('',(#13116),#13109,.F.);
#13118=CARTESIAN_POINT('',(0.E0,0.E0,5.52E0));
#13119=DIRECTION('',(0.E0,0.E0,1.E0));
#13120=DIRECTION('',(-1.E0,0.E0,0.E0));
#13121=AXIS2_PLACEMENT_3D('',#13118,#13119,#13120);
#13122=PLANE('',#13121);
#13124=ORIENTED_EDGE('',*,*,#13123,.T.);
#13126=ORIENTED_EDGE('',*,*,#13125,.T.);
#13128=ORIENTED_EDGE('',*,*,#13127,.T.);
#13130=ORIENTED_EDGE('',*,*,#13129,.T.);
#13131=EDGE_LOOP('',(#13124,#13126,#13128,#13130));
#13132=FACE_OUTER_BOUND('',#13131,.F.);
#13133=ORIENTED_EDGE('',*,*,#13098,.T.);
#13134=ORIENTED_EDGE('',*,*,#13112,.T.);
#13135=EDGE_LOOP('',(#13133,#13134));
#13136=FACE_BOUND('',#13135,.F.);
#13137=ADVANCED_FACE('',(#13132,#13136),#13122,.F.);
#13138=CARTESIAN_POINT('',(0.E0,0.E0,5.72E0));
#13139=DIRECTION('',(0.E0,0.E0,1.E0));
#13140=DIRECTION('',(9.996233998405E-1,2.744191121801E-2,0.E0));
#13141=AXIS2_PLACEMENT_3D('',#13138,#13139,#13140);
#13142=TOROIDAL_SURFACE('',#13141,4.95E0,2.E-1);
#13143=ORIENTED_EDGE('',*,*,#13125,.F.);
#13144=ORIENTED_EDGE('',*,*,#13123,.F.);
#13146=ORIENTED_EDGE('',*,*,#13145,.F.);
#13148=ORIENTED_EDGE('',*,*,#13147,.T.);
#13150=ORIENTED_EDGE('',*,*,#13149,.T.);
#13152=ORIENTED_EDGE('',*,*,#13151,.T.);
#13153=EDGE_LOOP('',(#13143,#13144,#13146,#13148,#13150,#13152));
#13154=FACE_OUTER_BOUND('',#13153,.F.);
#13155=ADVANCED_FACE('',(#13154),#13142,.T.);
#13156=CARTESIAN_POINT('',(0.E0,0.E0,5.72E0));
#13157=DIRECTION('',(0.E0,0.E0,1.E0));
#13158=DIRECTION('',(-9.996233998405E-1,-2.744191121801E-2,0.E0));
#13159=AXIS2_PLACEMENT_3D('',#13156,#13157,#13158);
#13160=TOROIDAL_SURFACE('',#13159,4.95E0,2.E-1);
#13161=ORIENTED_EDGE('',*,*,#13129,.F.);
#13162=ORIENTED_EDGE('',*,*,#13127,.F.);
#13163=ORIENTED_EDGE('',*,*,#13151,.F.);
#13165=ORIENTED_EDGE('',*,*,#13164,.T.);
#13167=ORIENTED_EDGE('',*,*,#13166,.T.);
#13168=ORIENTED_EDGE('',*,*,#13145,.T.);
#13169=EDGE_LOOP('',(#13161,#13162,#13163,#13165,#13167,#13168));
#13170=FACE_OUTER_BOUND('',#13169,.F.);
#13171=ADVANCED_FACE('',(#13170),#13160,.T.);
#13172=CARTESIAN_POINT('',(0.E0,0.E0,-2.015E0));
#13173=DIRECTION('',(0.E0,0.E0,1.E0));
#13174=DIRECTION('',(-1.E0,0.E0,0.E0));
#13175=AXIS2_PLACEMENT_3D('',#13172,#13173,#13174);
#13176=CYLINDRICAL_SURFACE('',#13175,5.15E0);
#13177=ORIENTED_EDGE('',*,*,#13166,.F.);
#13178=ORIENTED_EDGE('',*,*,#13164,.F.);
#13180=ORIENTED_EDGE('',*,*,#13179,.T.);
#13182=ORIENTED_EDGE('',*,*,#13181,.F.);
#13184=ORIENTED_EDGE('',*,*,#13183,.F.);
#13186=ORIENTED_EDGE('',*,*,#13185,.F.);
#13187=EDGE_LOOP('',(#13177,#13178,#13180,#13182,#13184,#13186));
#13188=FACE_OUTER_BOUND('',#13187,.F.);
#13189=ADVANCED_FACE('',(#13188),#13176,.T.);
#13190=CARTESIAN_POINT('',(0.E0,0.E0,-2.015E0));
#13191=DIRECTION('',(0.E0,0.E0,1.E0));
#13192=DIRECTION('',(-1.E0,0.E0,0.E0));
#13193=AXIS2_PLACEMENT_3D('',#13190,#13191,#13192);
#13194=CYLINDRICAL_SURFACE('',#13193,5.15E0);
#13195=ORIENTED_EDGE('',*,*,#13149,.F.);
#13196=ORIENTED_EDGE('',*,*,#13147,.F.);
#13197=ORIENTED_EDGE('',*,*,#13185,.T.);
#13199=ORIENTED_EDGE('',*,*,#13198,.F.);
#13201=ORIENTED_EDGE('',*,*,#13200,.F.);
#13202=ORIENTED_EDGE('',*,*,#13179,.F.);
#13203=EDGE_LOOP('',(#13195,#13196,#13197,#13199,#13201,#13202));
#13204=FACE_OUTER_BOUND('',#13203,.F.);
#13205=ADVANCED_FACE('',(#13204),#13194,.T.);
#13206=CARTESIAN_POINT('',(0.E0,0.E0,6.92E0));
#13207=DIRECTION('',(0.E0,0.E0,1.E0));
#13208=DIRECTION('',(9.998274554492E-1,1.857577265921E-2,0.E0));
#13209=AXIS2_PLACEMENT_3D('',#13206,#13207,#13208);
#13210=TOROIDAL_SURFACE('',#13209,4.95E0,2.E-1);
#13212=ORIENTED_EDGE('',*,*,#13211,.F.);
#13214=ORIENTED_EDGE('',*,*,#13213,.F.);
#13216=ORIENTED_EDGE('',*,*,#13215,.T.);
#13217=ORIENTED_EDGE('',*,*,#13200,.T.);
#13218=ORIENTED_EDGE('',*,*,#13198,.T.);
#13220=ORIENTED_EDGE('',*,*,#13219,.F.);
#13222=ORIENTED_EDGE('',*,*,#13221,.F.);
#13223=EDGE_LOOP('',(#13212,#13214,#13216,#13217,#13218,#13220,#13222));
#13224=FACE_OUTER_BOUND('',#13223,.F.);
#13225=ADVANCED_FACE('',(#13224),#13210,.T.);
#13226=CARTESIAN_POINT('',(2.5E-2,-4.95E0,7.12E0));
#13227=DIRECTION('',(0.E0,-1.E0,0.E0));
#13228=DIRECTION('',(1.E0,0.E0,0.E0));
#13229=AXIS2_PLACEMENT_3D('',#13226,#13227,#13228);
#13230=PLANE('',#13229);
#13232=ORIENTED_EDGE('',*,*,#13231,.T.);
#13233=ORIENTED_EDGE('',*,*,#13211,.T.);
#13235=ORIENTED_EDGE('',*,*,#13234,.F.);
#13237=ORIENTED_EDGE('',*,*,#13236,.F.);
#13238=EDGE_LOOP('',(#13232,#13233,#13235,#13237));
#13239=FACE_OUTER_BOUND('',#13238,.F.);
#13240=ADVANCED_FACE('',(#13239),#13230,.T.);
#13241=CARTESIAN_POINT('',(1.5E-1,-4.95E0,7.12E0));
#13242=DIRECTION('',(1.E0,0.E0,0.E0));
#13243=DIRECTION('',(0.E0,1.E0,0.E0));
#13244=AXIS2_PLACEMENT_3D('',#13241,#13242,#13243);
#13245=PLANE('',#13244);
#13247=ORIENTED_EDGE('',*,*,#13246,.T.);
#13248=ORIENTED_EDGE('',*,*,#13231,.F.);
#13250=ORIENTED_EDGE('',*,*,#13249,.F.);
#13252=ORIENTED_EDGE('',*,*,#13251,.T.);
#13253=EDGE_LOOP('',(#13247,#13248,#13250,#13252));
#13254=FACE_OUTER_BOUND('',#13253,.F.);
#13255=ADVANCED_FACE('',(#13254),#13245,.T.);
#13256=CARTESIAN_POINT('',(0.E0,0.E0,7.12E0));
#13257=DIRECTION('',(0.E0,0.E0,1.E0));
#13258=DIRECTION('',(-1.E0,0.E0,0.E0));
#13259=AXIS2_PLACEMENT_3D('',#13256,#13257,#13258);
#13260=PLANE('',#13259);
#13261=ORIENTED_EDGE('',*,*,#13246,.F.);
#13263=ORIENTED_EDGE('',*,*,#13262,.F.);
#13265=ORIENTED_EDGE('',*,*,#13264,.T.);
#13267=ORIENTED_EDGE('',*,*,#13266,.F.);
#13269=ORIENTED_EDGE('',*,*,#13268,.T.);
#13271=ORIENTED_EDGE('',*,*,#13270,.F.);
#13272=ORIENTED_EDGE('',*,*,#13221,.T.);
#13274=ORIENTED_EDGE('',*,*,#13273,.T.);
#13275=ORIENTED_EDGE('',*,*,#13213,.T.);
#13276=EDGE_LOOP('',(#13261,#13263,#13265,#13267,#13269,#13271,#13272,#13274,
#13275));
#13277=FACE_OUTER_BOUND('',#13276,.F.);
#13279=ORIENTED_EDGE('',*,*,#13278,.T.);
#13281=ORIENTED_EDGE('',*,*,#13280,.T.);
#13283=ORIENTED_EDGE('',*,*,#13282,.T.);
#13285=ORIENTED_EDGE('',*,*,#13284,.T.);
#13287=ORIENTED_EDGE('',*,*,#13286,.T.);
#13289=ORIENTED_EDGE('',*,*,#13288,.T.);
#13291=ORIENTED_EDGE('',*,*,#13290,.T.);
#13293=ORIENTED_EDGE('',*,*,#13292,.T.);
#13295=ORIENTED_EDGE('',*,*,#13294,.T.);
#13297=ORIENTED_EDGE('',*,*,#13296,.T.);
#13299=ORIENTED_EDGE('',*,*,#13298,.T.);
#13301=ORIENTED_EDGE('',*,*,#13300,.T.);
#13303=ORIENTED_EDGE('',*,*,#13302,.T.);
#13305=ORIENTED_EDGE('',*,*,#13304,.T.);
#13307=ORIENTED_EDGE('',*,*,#13306,.T.);
#13309=ORIENTED_EDGE('',*,*,#13308,.T.);
#13311=ORIENTED_EDGE('',*,*,#13310,.T.);
#13313=ORIENTED_EDGE('',*,*,#13312,.T.);
#13315=ORIENTED_EDGE('',*,*,#13314,.T.);
#13317=ORIENTED_EDGE('',*,*,#13316,.T.);
#13319=ORIENTED_EDGE('',*,*,#13318,.T.);
#13321=ORIENTED_EDGE('',*,*,#13320,.T.);
#13323=ORIENTED_EDGE('',*,*,#13322,.T.);
#13325=ORIENTED_EDGE('',*,*,#13324,.T.);
#13327=ORIENTED_EDGE('',*,*,#13326,.F.);
#13329=ORIENTED_EDGE('',*,*,#13328,.F.);
#13331=ORIENTED_EDGE('',*,*,#13330,.F.);
#13333=ORIENTED_EDGE('',*,*,#13332,.F.);
#13335=ORIENTED_EDGE('',*,*,#13334,.F.);
#13337=ORIENTED_EDGE('',*,*,#13336,.T.);
#13339=ORIENTED_EDGE('',*,*,#13338,.T.);
#13341=ORIENTED_EDGE('',*,*,#13340,.T.);
#13343=ORIENTED_EDGE('',*,*,#13342,.F.);
#13345=ORIENTED_EDGE('',*,*,#13344,.T.);
#13347=ORIENTED_EDGE('',*,*,#13346,.T.);
#13349=ORIENTED_EDGE('',*,*,#13348,.T.);
#13351=ORIENTED_EDGE('',*,*,#13350,.T.);
#13353=ORIENTED_EDGE('',*,*,#13352,.F.);
#13355=ORIENTED_EDGE('',*,*,#13354,.T.);
#13357=ORIENTED_EDGE('',*,*,#13356,.T.);
#13359=ORIENTED_EDGE('',*,*,#13358,.T.);
#13361=ORIENTED_EDGE('',*,*,#13360,.T.);
#13363=ORIENTED_EDGE('',*,*,#13362,.F.);
#13365=ORIENTED_EDGE('',*,*,#13364,.T.);
#13367=ORIENTED_EDGE('',*,*,#13366,.T.);
#13369=ORIENTED_EDGE('',*,*,#13368,.T.);
#13371=ORIENTED_EDGE('',*,*,#13370,.F.);
#13373=ORIENTED_EDGE('',*,*,#13372,.T.);
#13375=ORIENTED_EDGE('',*,*,#13374,.T.);
#13377=ORIENTED_EDGE('',*,*,#13376,.T.);
#13379=ORIENTED_EDGE('',*,*,#13378,.T.);
#13381=ORIENTED_EDGE('',*,*,#13380,.F.);
#13383=ORIENTED_EDGE('',*,*,#13382,.T.);
#13385=ORIENTED_EDGE('',*,*,#13384,.T.);
#13387=ORIENTED_EDGE('',*,*,#13386,.T.);
#13389=ORIENTED_EDGE('',*,*,#13388,.T.);
#13391=ORIENTED_EDGE('',*,*,#13390,.T.);
#13393=ORIENTED_EDGE('',*,*,#13392,.F.);
#13395=ORIENTED_EDGE('',*,*,#13394,.T.);
#13397=ORIENTED_EDGE('',*,*,#13396,.T.);
#13399=ORIENTED_EDGE('',*,*,#13398,.T.);
#13401=ORIENTED_EDGE('',*,*,#13400,.T.);
#13403=ORIENTED_EDGE('',*,*,#13402,.T.);
#13405=ORIENTED_EDGE('',*,*,#13404,.T.);
#13407=ORIENTED_EDGE('',*,*,#13406,.T.);
#13409=ORIENTED_EDGE('',*,*,#13408,.T.);
#13411=ORIENTED_EDGE('',*,*,#13410,.T.);
#13413=ORIENTED_EDGE('',*,*,#13412,.T.);
#13415=ORIENTED_EDGE('',*,*,#13414,.T.);
#13417=ORIENTED_EDGE('',*,*,#13416,.T.);
#13419=ORIENTED_EDGE('',*,*,#13418,.T.);
#13421=ORIENTED_EDGE('',*,*,#13420,.T.);
#13423=ORIENTED_EDGE('',*,*,#13422,.T.);
#13425=ORIENTED_EDGE('',*,*,#13424,.T.);
#13427=ORIENTED_EDGE('',*,*,#13426,.T.);
#13429=ORIENTED_EDGE('',*,*,#13428,.T.);
#13430=EDGE_LOOP('',(#13279,#13281,#13283,#13285,#13287,#13289,#13291,#13293,
#13295,#13297,#13299,#13301,#13303,#13305,#13307,#13309,#13311,#13313,#13315,
#13317,#13319,#13321,#13323,#13325,#13327,#13329,#13331,#13333,#13335,#13337,
#13339,#13341,#13343,#13345,#13347,#13349,#13351,#13353,#13355,#13357,#13359,
#13361,#13363,#13365,#13367,#13369,#13371,#13373,#13375,#13377,#13379,#13381,
#13383,#13385,#13387,#13389,#13391,#13393,#13395,#13397,#13399,#13401,#13403,
#13405,#13407,#13409,#13411,#13413,#13415,#13417,#13419,#13421,#13423,#13425,
#13427,#13429));
#13431=FACE_BOUND('',#13430,.F.);
#13433=ORIENTED_EDGE('',*,*,#13432,.T.);
#13435=ORIENTED_EDGE('',*,*,#13434,.T.);
#13437=ORIENTED_EDGE('',*,*,#13436,.T.);
#13439=ORIENTED_EDGE('',*,*,#13438,.T.);
#13441=ORIENTED_EDGE('',*,*,#13440,.F.);
#13443=ORIENTED_EDGE('',*,*,#13442,.T.);
#13445=ORIENTED_EDGE('',*,*,#13444,.T.);
#13447=ORIENTED_EDGE('',*,*,#13446,.T.);
#13449=ORIENTED_EDGE('',*,*,#13448,.F.);
#13451=ORIENTED_EDGE('',*,*,#13450,.T.);
#13453=ORIENTED_EDGE('',*,*,#13452,.T.);
#13455=ORIENTED_EDGE('',*,*,#13454,.T.);
#13457=ORIENTED_EDGE('',*,*,#13456,.T.);
#13459=ORIENTED_EDGE('',*,*,#13458,.T.);
#13461=ORIENTED_EDGE('',*,*,#13460,.T.);
#13463=ORIENTED_EDGE('',*,*,#13462,.T.);
#13464=EDGE_LOOP('',(#13433,#13435,#13437,#13439,#13441,#13443,#13445,#13447,
#13449,#13451,#13453,#13455,#13457,#13459,#13461,#13463));
#13465=FACE_BOUND('',#13464,.F.);
#13466=ADVANCED_FACE('',(#13277,#13431,#13465),#13260,.T.);
#13467=CARTESIAN_POINT('',(1.5E-1,-3.95E0,7.12E0));
#13468=DIRECTION('',(0.E0,1.E0,0.E0));
#13469=DIRECTION('',(-1.E0,0.E0,0.E0));
#13470=AXIS2_PLACEMENT_3D('',#13467,#13468,#13469);
#13471=PLANE('',#13470);
#13472=ORIENTED_EDGE('',*,*,#13262,.T.);
#13473=ORIENTED_EDGE('',*,*,#13251,.F.);
#13475=ORIENTED_EDGE('',*,*,#13474,.F.);
#13477=ORIENTED_EDGE('',*,*,#13476,.T.);
#13478=EDGE_LOOP('',(#13472,#13473,#13475,#13477));
#13479=FACE_OUTER_BOUND('',#13478,.F.);
#13480=ADVANCED_FACE('',(#13479),#13471,.T.);
#13481=CARTESIAN_POINT('',(0.E0,0.E0,7.27E0));
#13482=DIRECTION('',(0.E0,0.E0,1.E0));
#13483=DIRECTION('',(1.E0,0.E0,0.E0));
#13484=AXIS2_PLACEMENT_3D('',#13481,#13482,#13483);
#13485=PLANE('',#13484);
#13486=ORIENTED_EDGE('',*,*,#13249,.T.);
#13487=ORIENTED_EDGE('',*,*,#13236,.T.);
#13489=ORIENTED_EDGE('',*,*,#13488,.T.);
#13491=ORIENTED_EDGE('',*,*,#13490,.T.);
#13493=ORIENTED_EDGE('',*,*,#13492,.T.);
#13495=ORIENTED_EDGE('',*,*,#13494,.T.);
#13496=ORIENTED_EDGE('',*,*,#13474,.T.);
#13497=EDGE_LOOP('',(#13486,#13487,#13489,#13491,#13493,#13495,#13496));
#13498=FACE_OUTER_BOUND('',#13497,.F.);
#13499=ADVANCED_FACE('',(#13498),#13485,.T.);
#13500=CARTESIAN_POINT('',(2.5E-2,-4.120212745667E0,7.12E0));
#13501=DIRECTION('',(-1.E0,0.E0,0.E0));
#13502=DIRECTION('',(0.E0,-1.E0,0.E0));
#13503=AXIS2_PLACEMENT_3D('',#13500,#13501,#13502);
#13504=PLANE('',#13503);
#13505=ORIENTED_EDGE('',*,*,#13270,.T.);
#13507=ORIENTED_EDGE('',*,*,#13506,.F.);
#13508=ORIENTED_EDGE('',*,*,#13488,.F.);
#13509=ORIENTED_EDGE('',*,*,#13234,.T.);
#13510=EDGE_LOOP('',(#13505,#13507,#13508,#13509));
#13511=FACE_OUTER_BOUND('',#13510,.F.);
#13512=ADVANCED_FACE('',(#13511),#13504,.T.);
#13513=CARTESIAN_POINT('',(-1.E-1,-4.269148957729E0,7.12E0));
#13514=DIRECTION('',(7.659743427825E-1,-6.428711427642E-1,0.E0));
#13515=DIRECTION('',(6.428711427642E-1,7.659743427825E-1,0.E0));
#13516=AXIS2_PLACEMENT_3D('',#13513,#13514,#13515);
#13517=PLANE('',#13516);
#13518=ORIENTED_EDGE('',*,*,#13268,.F.);
#13520=ORIENTED_EDGE('',*,*,#13519,.F.);
#13521=ORIENTED_EDGE('',*,*,#13490,.F.);
#13522=ORIENTED_EDGE('',*,*,#13506,.T.);
#13523=EDGE_LOOP('',(#13518,#13520,#13521,#13522));
#13524=FACE_OUTER_BOUND('',#13523,.F.);
#13525=ADVANCED_FACE('',(#13524),#13517,.T.);
#13526=CARTESIAN_POINT('',(-1.E-1,-4.098936152458E0,7.12E0));
#13527=DIRECTION('',(-1.E0,0.E0,0.E0));
#13528=DIRECTION('',(0.E0,-1.E0,0.E0));
#13529=AXIS2_PLACEMENT_3D('',#13526,#13527,#13528);
#13530=PLANE('',#13529);
#13531=ORIENTED_EDGE('',*,*,#13266,.T.);
#13533=ORIENTED_EDGE('',*,*,#13532,.F.);
#13534=ORIENTED_EDGE('',*,*,#13492,.F.);
#13535=ORIENTED_EDGE('',*,*,#13519,.T.);
#13536=EDGE_LOOP('',(#13531,#13533,#13534,#13535));
#13537=FACE_OUTER_BOUND('',#13536,.F.);
#13538=ADVANCED_FACE('',(#13537),#13530,.T.);
#13539=CARTESIAN_POINT('',(2.5E-2,-3.95E0,7.12E0));
#13540=DIRECTION('',(-7.659742160926E-1,6.428712937139E-1,0.E0));
#13541=DIRECTION('',(-6.428712937139E-1,-7.659742160926E-1,0.E0));
#13542=AXIS2_PLACEMENT_3D('',#13539,#13540,#13541);
#13543=PLANE('',#13542);
#13544=ORIENTED_EDGE('',*,*,#13264,.F.);
#13545=ORIENTED_EDGE('',*,*,#13476,.F.);
#13546=ORIENTED_EDGE('',*,*,#13494,.F.);
#13547=ORIENTED_EDGE('',*,*,#13532,.T.);
#13548=EDGE_LOOP('',(#13544,#13545,#13546,#13547));
#13549=FACE_OUTER_BOUND('',#13548,.F.);
#13550=ADVANCED_FACE('',(#13549),#13543,.T.);
#13551=CARTESIAN_POINT('',(0.E0,0.E0,6.92E0));
#13552=DIRECTION('',(0.E0,0.E0,1.E0));
#13553=DIRECTION('',(-9.998274554492E-1,-1.857577265921E-2,0.E0));
#13554=AXIS2_PLACEMENT_3D('',#13551,#13552,#13553);
#13555=TOROIDAL_SURFACE('',#13554,4.95E0,2.E-1);
#13556=ORIENTED_EDGE('',*,*,#13183,.T.);
#13557=ORIENTED_EDGE('',*,*,#13181,.T.);
#13558=ORIENTED_EDGE('',*,*,#13215,.F.);
#13559=ORIENTED_EDGE('',*,*,#13273,.F.);
#13560=ORIENTED_EDGE('',*,*,#13219,.T.);
#13561=EDGE_LOOP('',(#13556,#13557,#13558,#13559,#13560));
#13562=FACE_OUTER_BOUND('',#13561,.F.);
#13563=ADVANCED_FACE('',(#13562),#13555,.T.);
#13564=CARTESIAN_POINT('',(-1.872259512958E0,3.387541919330E0,7.12E0));
#13565=DIRECTION('',(8.672948051848E-1,4.977948582493E-1,0.E0));
#13566=DIRECTION('',(-4.977948582493E-1,8.672948051848E-1,0.E0));
#13567=AXIS2_PLACEMENT_3D('',#13564,#13565,#13566);
#13568=PLANE('',#13567);
#13569=ORIENTED_EDGE('',*,*,#13278,.F.);
#13571=ORIENTED_EDGE('',*,*,#13570,.F.);
#13573=ORIENTED_EDGE('',*,*,#13572,.F.);
#13575=ORIENTED_EDGE('',*,*,#13574,.T.);
#13576=EDGE_LOOP('',(#13569,#13571,#13573,#13575));
#13577=FACE_OUTER_BOUND('',#13576,.F.);
#13578=ADVANCED_FACE('',(#13577),#13568,.T.);
#13579=CARTESIAN_POINT('',(-1.980671363606E0,3.325317562049E0,7.12E0));
#13580=DIRECTION('',(4.977948582493E-1,-8.672948051848E-1,0.E0));
#13581=DIRECTION('',(8.672948051848E-1,4.977948582493E-1,0.E0));
#13582=AXIS2_PLACEMENT_3D('',#13579,#13580,#13581);
#13583=PLANE('',#13582);
#13584=ORIENTED_EDGE('',*,*,#13570,.T.);
#13586=ORIENTED_EDGE('',*,*,#13585,.F.);
#13588=ORIENTED_EDGE('',*,*,#13587,.F.);
#13590=ORIENTED_EDGE('',*,*,#13589,.F.);
#13591=EDGE_LOOP('',(#13584,#13586,#13588,#13590));
#13592=FACE_OUTER_BOUND('',#13591,.F.);
#13593=ADVANCED_FACE('',(#13592),#13583,.T.);
#13594=CARTESIAN_POINT('',(0.E0,0.E0,6.52E0));
#13595=DIRECTION('',(0.E0,0.E0,1.E0));
#13596=DIRECTION('',(-9.990659737222E-1,-4.321088000260E-2,0.E0));
#13597=AXIS2_PLACEMENT_3D('',#13594,#13595,#13596);
#13598=TOROIDAL_SURFACE('',#13597,3.87E0,6.E-1);
#13599=ORIENTED_EDGE('',*,*,#13585,.T.);
#13600=ORIENTED_EDGE('',*,*,#13428,.F.);
#13602=ORIENTED_EDGE('',*,*,#13601,.T.);
#13603=ORIENTED_EDGE('',*,*,#13412,.F.);
#13605=ORIENTED_EDGE('',*,*,#13604,.T.);
#13606=ORIENTED_EDGE('',*,*,#13404,.F.);
#13608=ORIENTED_EDGE('',*,*,#13607,.F.);
#13609=ORIENTED_EDGE('',*,*,#13316,.F.);
#13610=ORIENTED_EDGE('',*,*,#13288,.F.);
#13612=ORIENTED_EDGE('',*,*,#13611,.F.);
#13613=ORIENTED_EDGE('',*,*,#12535,.T.);
#13614=ORIENTED_EDGE('',*,*,#12533,.T.);
#13616=ORIENTED_EDGE('',*,*,#13615,.T.);
#13617=ORIENTED_EDGE('',*,*,#13284,.F.);
#13618=EDGE_LOOP('',(#13599,#13600,#13602,#13603,#13605,#13606,#13608,#13609,
#13610,#13612,#13613,#13614,#13616,#13617));
#13619=FACE_OUTER_BOUND('',#13618,.F.);
#13620=ADVANCED_FACE('',(#13619),#13598,.T.);
#13621=CARTESIAN_POINT('',(-1.420194427224E0,3.600533811529E0,7.12E0));
#13622=DIRECTION('',(3.518582857442E-1,-9.360532820054E-1,0.E0));
#13623=DIRECTION('',(9.360532820054E-1,3.518582857442E-1,0.E0));
#13624=AXIS2_PLACEMENT_3D('',#13621,#13622,#13623);
#13625=PLANE('',#13624);
#13627=ORIENTED_EDGE('',*,*,#13626,.F.);
#13629=ORIENTED_EDGE('',*,*,#13628,.F.);
#13631=ORIENTED_EDGE('',*,*,#13630,.T.);
#13632=ORIENTED_EDGE('',*,*,#13601,.F.);
#13633=EDGE_LOOP('',(#13627,#13629,#13631,#13632));
#13634=FACE_OUTER_BOUND('',#13633,.F.);
#13635=ADVANCED_FACE('',(#13634),#13625,.T.);
#13636=CARTESIAN_POINT('',(-1.734620984904E0,4.437006969022E0,7.12E0));
#13637=DIRECTION('',(-9.360532820054E-1,-3.518582857442E-1,0.E0));
#13638=DIRECTION('',(3.518582857442E-1,-9.360532820054E-1,0.E0));
#13639=AXIS2_PLACEMENT_3D('',#13636,#13637,#13638);
#13640=PLANE('',#13639);
#13641=ORIENTED_EDGE('',*,*,#13426,.F.);
#13643=ORIENTED_EDGE('',*,*,#13642,.F.);
#13645=ORIENTED_EDGE('',*,*,#13644,.F.);
#13646=ORIENTED_EDGE('',*,*,#13626,.T.);
#13647=EDGE_LOOP('',(#13641,#13643,#13645,#13646));
#13648=FACE_OUTER_BOUND('',#13647,.F.);
#13649=ADVANCED_FACE('',(#13648),#13640,.T.);
#13650=CARTESIAN_POINT('',(-2.046638894354E0,4.319720817847E0,7.12E0));
#13651=DIRECTION('',(3.518582857442E-1,-9.360532820054E-1,0.E0));
#13652=DIRECTION('',(9.360532820054E-1,3.518582857442E-1,0.E0));
#13653=AXIS2_PLACEMENT_3D('',#13650,#13651,#13652);
#13654=PLANE('',#13653);
#13655=ORIENTED_EDGE('',*,*,#13424,.F.);
#13657=ORIENTED_EDGE('',*,*,#13656,.F.);
#13659=ORIENTED_EDGE('',*,*,#13658,.F.);
#13660=ORIENTED_EDGE('',*,*,#13642,.T.);
#13661=EDGE_LOOP('',(#13655,#13657,#13659,#13660));
#13662=FACE_OUTER_BOUND('',#13661,.F.);
#13663=ADVANCED_FACE('',(#13662),#13654,.T.);
#13664=CARTESIAN_POINT('',(-2.084070622418E0,4.419300942360E0,7.12E0));
#13665=DIRECTION('',(-9.360532820055E-1,-3.518582857441E-1,0.E0));
#13666=DIRECTION('',(3.518582857441E-1,-9.360532820055E-1,0.E0));
#13667=AXIS2_PLACEMENT_3D('',#13664,#13665,#13666);
#13668=PLANE('',#13667);
#13669=ORIENTED_EDGE('',*,*,#13422,.F.);
#13671=ORIENTED_EDGE('',*,*,#13670,.F.);
#13673=ORIENTED_EDGE('',*,*,#13672,.F.);
#13674=ORIENTED_EDGE('',*,*,#13656,.T.);
#13675=EDGE_LOOP('',(#13669,#13671,#13673,#13674));
#13676=FACE_OUTER_BOUND('',#13675,.F.);
#13677=ADVANCED_FACE('',(#13676),#13668,.T.);
#13678=CARTESIAN_POINT('',(-1.343028143267E0,4.697855530427E0,7.12E0));
#13679=DIRECTION('',(-3.518582857442E-1,9.360532820054E-1,0.E0));
#13680=DIRECTION('',(-9.360532820054E-1,-3.518582857442E-1,0.E0));
#13681=AXIS2_PLACEMENT_3D('',#13678,#13679,#13680);
#13682=PLANE('',#13681);
#13683=ORIENTED_EDGE('',*,*,#13420,.F.);
#13685=ORIENTED_EDGE('',*,*,#13684,.F.);
#13687=ORIENTED_EDGE('',*,*,#13686,.F.);
#13688=ORIENTED_EDGE('',*,*,#13670,.T.);
#13689=EDGE_LOOP('',(#13683,#13685,#13687,#13688));
#13690=FACE_OUTER_BOUND('',#13689,.F.);
#13691=ADVANCED_FACE('',(#13690),#13682,.T.);
#13692=CARTESIAN_POINT('',(-1.305596415203E0,4.598275405914E0,7.12E0));
#13693=DIRECTION('',(9.360532820054E-1,3.518582857442E-1,0.E0));
#13694=DIRECTION('',(-3.518582857442E-1,9.360532820054E-1,0.E0));
#13695=AXIS2_PLACEMENT_3D('',#13692,#13693,#13694);
#13696=PLANE('',#13695);
#13697=ORIENTED_EDGE('',*,*,#13418,.F.);
#13699=ORIENTED_EDGE('',*,*,#13698,.F.);
#13701=ORIENTED_EDGE('',*,*,#13700,.F.);
#13702=ORIENTED_EDGE('',*,*,#13684,.T.);
#13703=EDGE_LOOP('',(#13697,#13699,#13701,#13702));
#13704=FACE_OUTER_BOUND('',#13703,.F.);
#13705=ADVANCED_FACE('',(#13704),#13696,.T.);
#13706=CARTESIAN_POINT('',(-1.617614324653E0,4.480989254740E0,7.12E0));
#13707=DIRECTION('',(3.518582857442E-1,-9.360532820054E-1,0.E0));
#13708=DIRECTION('',(9.360532820054E-1,3.518582857442E-1,0.E0));
#13709=AXIS2_PLACEMENT_3D('',#13706,#13707,#13708);
#13710=PLANE('',#13709);
#13711=ORIENTED_EDGE('',*,*,#13416,.F.);
#13713=ORIENTED_EDGE('',*,*,#13712,.F.);
#13715=ORIENTED_EDGE('',*,*,#13714,.F.);
#13716=ORIENTED_EDGE('',*,*,#13698,.T.);
#13717=EDGE_LOOP('',(#13711,#13713,#13715,#13716));
#13718=FACE_OUTER_BOUND('',#13717,.F.);
#13719=ADVANCED_FACE('',(#13718),#13710,.T.);
#13720=CARTESIAN_POINT('',(-1.303187766973E0,3.644516097247E0,7.12E0));
#13721=DIRECTION('',(9.360532820054E-1,3.518582857442E-1,0.E0));
#13722=DIRECTION('',(-3.518582857442E-1,9.360532820054E-1,0.E0));
#13723=AXIS2_PLACEMENT_3D('',#13720,#13721,#13722);
#13724=PLANE('',#13723);
#13725=ORIENTED_EDGE('',*,*,#13414,.F.);
#13726=ORIENTED_EDGE('',*,*,#13630,.F.);
#13728=ORIENTED_EDGE('',*,*,#13727,.F.);
#13729=ORIENTED_EDGE('',*,*,#13712,.T.);
#13730=EDGE_LOOP('',(#13725,#13726,#13728,#13729));
#13731=FACE_OUTER_BOUND('',#13730,.F.);
#13732=ADVANCED_FACE('',(#13731),#13724,.T.);
#13733=CARTESIAN_POINT('',(0.E0,0.E0,7.27E0));
#13734=DIRECTION('',(0.E0,0.E0,1.E0));
#13735=DIRECTION('',(1.E0,0.E0,0.E0));
#13736=AXIS2_PLACEMENT_3D('',#13733,#13734,#13735);
#13737=PLANE('',#13736);
#13738=ORIENTED_EDGE('',*,*,#13686,.T.);
#13739=ORIENTED_EDGE('',*,*,#13700,.T.);
#13740=ORIENTED_EDGE('',*,*,#13714,.T.);
#13741=ORIENTED_EDGE('',*,*,#13727,.T.);
#13742=ORIENTED_EDGE('',*,*,#13628,.T.);
#13743=ORIENTED_EDGE('',*,*,#13644,.T.);
#13744=ORIENTED_EDGE('',*,*,#13658,.T.);
#13745=ORIENTED_EDGE('',*,*,#13672,.T.);
#13746=EDGE_LOOP('',(#13738,#13739,#13740,#13741,#13742,#13743,#13744,#13745));
#13747=FACE_OUTER_BOUND('',#13746,.F.);
#13748=ADVANCED_FACE('',(#13747),#13737,.T.);
#13749=CARTESIAN_POINT('',(-8.227566307437E-1,3.782045407666E0,7.12E0));
#13750=DIRECTION('',(1.967645269946E-1,-9.804507743465E-1,0.E0));
#13751=DIRECTION('',(9.804507743465E-1,1.967645269946E-1,0.E0));
#13752=AXIS2_PLACEMENT_3D('',#13749,#13750,#13751);
#13753=PLANE('',#13752);
#13755=ORIENTED_EDGE('',*,*,#13754,.T.);
#13756=ORIENTED_EDGE('',*,*,#13604,.F.);
#13758=ORIENTED_EDGE('',*,*,#13757,.F.);
#13760=ORIENTED_EDGE('',*,*,#13759,.F.);
#13761=EDGE_LOOP('',(#13755,#13756,#13758,#13760));
#13762=FACE_OUTER_BOUND('',#13761,.F.);
#13763=ADVANCED_FACE('',(#13762),#13753,.T.);
#13764=CARTESIAN_POINT('',(-7.002002839503E-1,3.806640973540E0,7.12E0));
#13765=DIRECTION('',(9.804507743465E-1,1.967645269946E-1,0.E0));
#13766=DIRECTION('',(-1.967645269946E-1,9.804507743465E-1,0.E0));
#13767=AXIS2_PLACEMENT_3D('',#13764,#13765,#13766);
#13768=PLANE('',#13767);
#13769=ORIENTED_EDGE('',*,*,#13406,.F.);
#13770=ORIENTED_EDGE('',*,*,#13754,.F.);
#13772=ORIENTED_EDGE('',*,*,#13771,.F.);
#13774=ORIENTED_EDGE('',*,*,#13773,.T.);
#13775=EDGE_LOOP('',(#13769,#13770,#13772,#13774));
#13776=FACE_OUTER_BOUND('',#13775,.F.);
#13777=ADVANCED_FACE('',(#13776),#13768,.T.);
#13778=CARTESIAN_POINT('',(0.E0,0.E0,7.27E0));
#13779=DIRECTION('',(0.E0,0.E0,1.E0));
#13780=DIRECTION('',(1.E0,0.E0,0.E0));
#13781=AXIS2_PLACEMENT_3D('',#13778,#13779,#13780);
#13782=PLANE('',#13781);
#13783=ORIENTED_EDGE('',*,*,#13771,.T.);
#13784=ORIENTED_EDGE('',*,*,#13759,.T.);
#13786=ORIENTED_EDGE('',*,*,#13785,.T.);
#13788=ORIENTED_EDGE('',*,*,#13787,.T.);
#13789=EDGE_LOOP('',(#13783,#13784,#13786,#13788));
#13790=FACE_OUTER_BOUND('',#13789,.F.);
#13791=ADVANCED_FACE('',(#13790),#13782,.T.);
#13792=CARTESIAN_POINT('',(-1.019521157738E0,4.762496182012E0,7.12E0));
#13793=DIRECTION('',(-9.804507743465E-1,-1.967645269946E-1,0.E0));
#13794=DIRECTION('',(1.967645269946E-1,-9.804507743465E-1,0.E0));
#13795=AXIS2_PLACEMENT_3D('',#13792,#13793,#13794);
#13796=PLANE('',#13795);
#13797=ORIENTED_EDGE('',*,*,#13410,.F.);
#13799=ORIENTED_EDGE('',*,*,#13798,.F.);
#13800=ORIENTED_EDGE('',*,*,#13785,.F.);
#13801=ORIENTED_EDGE('',*,*,#13757,.T.);
#13802=EDGE_LOOP('',(#13797,#13799,#13800,#13801));
#13803=FACE_OUTER_BOUND('',#13802,.F.);
#13804=ADVANCED_FACE('',(#13803),#13796,.T.);
#13805=CARTESIAN_POINT('',(-8.969648109449E-1,4.787091747887E0,7.12E0));
#13806=DIRECTION('',(-1.967645269946E-1,9.804507743465E-1,0.E0));
#13807=DIRECTION('',(-9.804507743465E-1,-1.967645269946E-1,0.E0));
#13808=AXIS2_PLACEMENT_3D('',#13805,#13806,#13807);
#13809=PLANE('',#13808);
#13810=ORIENTED_EDGE('',*,*,#13408,.F.);
#13811=ORIENTED_EDGE('',*,*,#13773,.F.);
#13812=ORIENTED_EDGE('',*,*,#13787,.F.);
#13813=ORIENTED_EDGE('',*,*,#13798,.T.);
#13814=EDGE_LOOP('',(#13810,#13811,#13812,#13813));
#13815=FACE_OUTER_BOUND('',#13814,.F.);
#13816=ADVANCED_FACE('',(#13815),#13809,.T.);
#13817=CARTESIAN_POINT('',(-2.039128286838E-1,3.865310603881E0,7.12E0));
#13818=DIRECTION('',(3.385999416448E-2,-9.994265859958E-1,0.E0));
#13819=DIRECTION('',(9.994265859958E-1,3.385999416448E-2,0.E0));
#13820=AXIS2_PLACEMENT_3D('',#13817,#13818,#13819);
#13821=PLANE('',#13820);
#13823=ORIENTED_EDGE('',*,*,#13822,.F.);
#13825=ORIENTED_EDGE('',*,*,#13824,.F.);
#13827=ORIENTED_EDGE('',*,*,#13826,.T.);
#13828=ORIENTED_EDGE('',*,*,#13607,.T.);
#13829=EDGE_LOOP('',(#13823,#13825,#13827,#13828));
#13830=FACE_OUTER_BOUND('',#13829,.F.);
#13831=ADVANCED_FACE('',(#13830),#13821,.T.);
#13832=CARTESIAN_POINT('',(-3.087400312554E-1,3.883047921311E0,7.12E0));
#13833=DIRECTION('',(-1.668338829456E-1,-9.859850178889E-1,0.E0));
#13834=DIRECTION('',(9.859850178889E-1,-1.668338829456E-1,0.E0));
#13835=AXIS2_PLACEMENT_3D('',#13832,#13833,#13834);
#13836=PLANE('',#13835);
#13837=ORIENTED_EDGE('',*,*,#13402,.F.);
#13839=ORIENTED_EDGE('',*,*,#13838,.F.);
#13841=ORIENTED_EDGE('',*,*,#13840,.F.);
#13842=ORIENTED_EDGE('',*,*,#13822,.T.);
#13843=EDGE_LOOP('',(#13837,#13839,#13841,#13842));
#13844=FACE_OUTER_BOUND('',#13843,.F.);
#13845=ADVANCED_FACE('',(#13844),#13836,.T.);
#13846=CARTESIAN_POINT('',(-3.934665897760E-1,3.922755041157E0,7.12E0));
#13847=DIRECTION('',(-4.243597968084E-1,-9.054936569920E-1,0.E0));
#13848=DIRECTION('',(9.054936569920E-1,-4.243597968084E-1,0.E0));
#13849=AXIS2_PLACEMENT_3D('',#13846,#13847,#13848);
#13850=PLANE('',#13849);
#13851=ORIENTED_EDGE('',*,*,#13400,.F.);
#13853=ORIENTED_EDGE('',*,*,#13852,.F.);
#13855=ORIENTED_EDGE('',*,*,#13854,.F.);
#13856=ORIENTED_EDGE('',*,*,#13838,.T.);
#13857=EDGE_LOOP('',(#13851,#13853,#13855,#13856));
#13858=FACE_OUTER_BOUND('',#13857,.F.);
#13859=ADVANCED_FACE('',(#13858),#13850,.T.);
#13860=CARTESIAN_POINT('',(-4.796339990033E-1,4.004990948688E0,7.12E0));
#13861=DIRECTION('',(-6.904107236118E-1,-7.234176060353E-1,0.E0));
#13862=DIRECTION('',(7.234176060353E-1,-6.904107236118E-1,0.E0));
#13863=AXIS2_PLACEMENT_3D('',#13860,#13861,#13862);
#13864=PLANE('',#13863);
#13865=ORIENTED_EDGE('',*,*,#13398,.F.);
#13867=ORIENTED_EDGE('',*,*,#13866,.F.);
#13869=ORIENTED_EDGE('',*,*,#13868,.F.);
#13870=ORIENTED_EDGE('',*,*,#13852,.T.);
#13871=EDGE_LOOP('',(#13865,#13867,#13869,#13870));
#13872=FACE_OUTER_BOUND('',#13871,.F.);
#13873=ADVANCED_FACE('',(#13872),#13864,.T.);
#13874=CARTESIAN_POINT('',(-5.241583163572E-1,4.088637707520E0,7.12E0));
#13875=DIRECTION('',(-8.827351361640E-1,-4.698709177866E-1,0.E0));
#13876=DIRECTION('',(4.698709177866E-1,-8.827351361640E-1,0.E0));
#13877=AXIS2_PLACEMENT_3D('',#13874,#13875,#13876);
#13878=PLANE('',#13877);
#13879=ORIENTED_EDGE('',*,*,#13396,.F.);
#13881=ORIENTED_EDGE('',*,*,#13880,.F.);
#13883=ORIENTED_EDGE('',*,*,#13882,.F.);
#13884=ORIENTED_EDGE('',*,*,#13866,.T.);
#13885=EDGE_LOOP('',(#13879,#13881,#13883,#13884));
#13886=FACE_OUTER_BOUND('',#13885,.F.);
#13887=ADVANCED_FACE('',(#13886),#13878,.T.);
#13888=CARTESIAN_POINT('',(-5.485819890294E-1,4.194254250152E0,7.12E0));
#13889=DIRECTION('',(-9.742887749385E-1,-2.253028695532E-1,0.E0));
#13890=DIRECTION('',(2.253028695532E-1,-9.742887749385E-1,0.E0));
#13891=AXIS2_PLACEMENT_3D('',#13888,#13889,#13890);
#13892=PLANE('',#13891);
#13893=ORIENTED_EDGE('',*,*,#13394,.F.);
#13895=ORIENTED_EDGE('',*,*,#13894,.F.);
#13897=ORIENTED_EDGE('',*,*,#13896,.F.);
#13898=ORIENTED_EDGE('',*,*,#13880,.T.);
#13899=EDGE_LOOP('',(#13893,#13895,#13897,#13898));
#13900=FACE_OUTER_BOUND('',#13899,.F.);
#13901=ADVANCED_FACE('',(#13900),#13892,.T.);
#13902=CARTESIAN_POINT('',(-5.593883698666E-1,4.513220173614E0,7.12E0));
#13903=DIRECTION('',(-9.994265859958E-1,-3.385999416447E-2,0.E0));
#13904=DIRECTION('',(3.385999416447E-2,-9.994265859958E-1,0.E0));
#13905=AXIS2_PLACEMENT_3D('',#13902,#13903,#13904);
#13906=PLANE('',#13905);
#13907=ORIENTED_EDGE('',*,*,#13392,.T.);
#13909=ORIENTED_EDGE('',*,*,#13908,.F.);
#13911=ORIENTED_EDGE('',*,*,#13910,.F.);
#13912=ORIENTED_EDGE('',*,*,#13894,.T.);
#13913=EDGE_LOOP('',(#13907,#13909,#13911,#13912));
#13914=FACE_OUTER_BOUND('',#13913,.F.);
#13915=ADVANCED_FACE('',(#13914),#13906,.T.);
#13916=CARTESIAN_POINT('',(-5.421689524314E-1,4.620247619671E0,7.12E0));
#13917=DIRECTION('',(-9.873035079403E-1,1.588451548169E-1,0.E0));
#13918=DIRECTION('',(-1.588451548169E-1,-9.873035079403E-1,0.E0));
#13919=AXIS2_PLACEMENT_3D('',#13916,#13917,#13918);
#13920=PLANE('',#13919);
#13921=ORIENTED_EDGE('',*,*,#13390,.F.);
#13923=ORIENTED_EDGE('',*,*,#13922,.F.);
#13925=ORIENTED_EDGE('',*,*,#13924,.F.);
#13926=ORIENTED_EDGE('',*,*,#13908,.T.);
#13927=EDGE_LOOP('',(#13921,#13923,#13925,#13926));
#13928=FACE_OUTER_BOUND('',#13927,.F.);
#13929=ADVANCED_FACE('',(#13928),#13920,.T.);
#13930=CARTESIAN_POINT('',(-5.034080381570E-1,4.706716019026E0,7.12E0));
#13931=DIRECTION('',(-9.125124048503E-1,4.090490325064E-1,0.E0));
#13932=DIRECTION('',(-4.090490325064E-1,-9.125124048503E-1,0.E0));
#13933=AXIS2_PLACEMENT_3D('',#13930,#13931,#13932);
#13934=PLANE('',#13933);
#13935=ORIENTED_EDGE('',*,*,#13388,.F.);
#13937=ORIENTED_EDGE('',*,*,#13936,.F.);
#13939=ORIENTED_EDGE('',*,*,#13938,.F.);
#13940=ORIENTED_EDGE('',*,*,#13922,.T.);
#13941=EDGE_LOOP('',(#13935,#13937,#13939,#13940));
#13942=FACE_OUTER_BOUND('',#13941,.F.);
#13943=ADVANCED_FACE('',(#13942),#13934,.T.);
#13944=CARTESIAN_POINT('',(-4.230040317569E-1,4.794595262236E0,7.12E0));
#13945=DIRECTION('',(-7.377893237616E-1,6.750310465033E-1,0.E0));
#13946=DIRECTION('',(-6.750310465033E-1,-7.377893237616E-1,0.E0));
#13947=AXIS2_PLACEMENT_3D('',#13944,#13945,#13946);
#13948=PLANE('',#13947);
#13949=ORIENTED_EDGE('',*,*,#13386,.F.);
#13951=ORIENTED_EDGE('',*,*,#13950,.F.);
#13953=ORIENTED_EDGE('',*,*,#13952,.F.);
#13954=ORIENTED_EDGE('',*,*,#13936,.T.);
#13955=EDGE_LOOP('',(#13949,#13951,#13953,#13954));
#13956=FACE_OUTER_BOUND('',#13955,.F.);
#13957=ADVANCED_FACE('',(#13956),#13948,.T.);
#13958=CARTESIAN_POINT('',(-3.411591747131E-1,4.839945719622E0,7.12E0));
#13959=DIRECTION('',(-4.846715520723E-1,8.746962253330E-1,0.E0));
#13960=DIRECTION('',(-8.746962253330E-1,-4.846715520723E-1,0.E0));
#13961=AXIS2_PLACEMENT_3D('',#13958,#13959,#13960);
#13962=PLANE('',#13961);
#13963=ORIENTED_EDGE('',*,*,#13384,.F.);
#13965=ORIENTED_EDGE('',*,*,#13964,.F.);
#13967=ORIENTED_EDGE('',*,*,#13966,.F.);
#13968=ORIENTED_EDGE('',*,*,#13950,.T.);
#13969=EDGE_LOOP('',(#13963,#13965,#13967,#13968));
#13970=FACE_OUTER_BOUND('',#13969,.F.);
#13971=ADVANCED_FACE('',(#13970),#13962,.T.);
#13972=CARTESIAN_POINT('',(-2.377728228483E-1,4.864737189877E0,7.12E0));
#13973=DIRECTION('',(-2.331839229635E-1,9.724326496325E-1,0.E0));
#13974=DIRECTION('',(-9.724326496325E-1,-2.331839229635E-1,0.E0));
#13975=AXIS2_PLACEMENT_3D('',#13972,#13973,#13974);
#13976=PLANE('',#13975);
#13977=ORIENTED_EDGE('',*,*,#13382,.F.);
#13979=ORIENTED_EDGE('',*,*,#13978,.F.);
#13981=ORIENTED_EDGE('',*,*,#13980,.F.);
#13982=ORIENTED_EDGE('',*,*,#13964,.T.);
#13983=EDGE_LOOP('',(#13977,#13979,#13981,#13982));
#13984=FACE_OUTER_BOUND('',#13983,.F.);
#13985=ADVANCED_FACE('',(#13984),#13976,.T.);
#13986=CARTESIAN_POINT('',(-5.038033797411E-2,4.871085938783E0,7.12E0));
#13987=DIRECTION('',(-3.385999416448E-2,9.994265859958E-1,0.E0));
#13988=DIRECTION('',(-9.994265859958E-1,-3.385999416448E-2,0.E0));
#13989=AXIS2_PLACEMENT_3D('',#13986,#13987,#13988);
#13990=PLANE('',#13989);
#13991=ORIENTED_EDGE('',*,*,#13380,.T.);
#13993=ORIENTED_EDGE('',*,*,#13992,.F.);
#13995=ORIENTED_EDGE('',*,*,#13994,.F.);
#13996=ORIENTED_EDGE('',*,*,#13978,.T.);
#13997=EDGE_LOOP('',(#13991,#13993,#13995,#13996));
#13998=FACE_OUTER_BOUND('',#13997,.F.);
#13999=ADVANCED_FACE('',(#13998),#13990,.T.);
#14000=CARTESIAN_POINT('',(5.444686453441E-2,4.853348623214E0,7.12E0));
#14001=DIRECTION('',(1.668338660208E-1,9.859850207526E-1,0.E0));
#14002=DIRECTION('',(-9.859850207526E-1,1.668338660208E-1,0.E0));
#14003=AXIS2_PLACEMENT_3D('',#14000,#14001,#14002);
#14004=PLANE('',#14003);
#14005=ORIENTED_EDGE('',*,*,#13378,.F.);
#14007=ORIENTED_EDGE('',*,*,#14006,.F.);
#14009=ORIENTED_EDGE('',*,*,#14008,.F.);
#14010=ORIENTED_EDGE('',*,*,#13992,.T.);
#14011=EDGE_LOOP('',(#14005,#14007,#14009,#14010));
#14012=FACE_OUTER_BOUND('',#14011,.F.);
#14013=ADVANCED_FACE('',(#14012),#14004,.T.);
#14014=CARTESIAN_POINT('',(1.391734228657E-1,4.813641508953E0,7.12E0));
#14015=DIRECTION('',(4.243597486482E-1,9.054936795623E-1,0.E0));
#14016=DIRECTION('',(-9.054936795623E-1,4.243597486482E-1,0.E0));
#14017=AXIS2_PLACEMENT_3D('',#14014,#14015,#14016);
#14018=PLANE('',#14017);
#14019=ORIENTED_EDGE('',*,*,#13376,.F.);
#14021=ORIENTED_EDGE('',*,*,#14020,.F.);
#14023=ORIENTED_EDGE('',*,*,#14022,.F.);
#14024=ORIENTED_EDGE('',*,*,#14006,.T.);
#14025=EDGE_LOOP('',(#14019,#14021,#14023,#14024));
#14026=FACE_OUTER_BOUND('',#14025,.F.);
#14027=ADVANCED_FACE('',(#14026),#14018,.T.);
#14028=CARTESIAN_POINT('',(2.253408318408E-1,4.731405608868E0,7.12E0));
#14029=DIRECTION('',(6.904106919533E-1,7.234176362493E-1,0.E0));
#14030=DIRECTION('',(-7.234176362493E-1,6.904106919533E-1,0.E0));
#14031=AXIS2_PLACEMENT_3D('',#14028,#14029,#14030);
#14032=PLANE('',#14031);
#14033=ORIENTED_EDGE('',*,*,#13374,.F.);
#14035=ORIENTED_EDGE('',*,*,#14034,.F.);
#14037=ORIENTED_EDGE('',*,*,#14036,.F.);
#14038=ORIENTED_EDGE('',*,*,#14020,.T.);
#14039=EDGE_LOOP('',(#14033,#14035,#14037,#14038));
#14040=FACE_OUTER_BOUND('',#14039,.F.);
#14041=ADVANCED_FACE('',(#14040),#14032,.T.);
#14042=CARTESIAN_POINT('',(2.497640299674E-1,4.625788990520E0,7.12E0));
#14043=DIRECTION('',(9.742897713061E-1,2.252985608661E-1,0.E0));
#14044=DIRECTION('',(-2.252985608661E-1,9.742897713061E-1,0.E0));
#14045=AXIS2_PLACEMENT_3D('',#14042,#14043,#14044);
#14046=PLANE('',#14045);
#14047=ORIENTED_EDGE('',*,*,#13372,.F.);
#14049=ORIENTED_EDGE('',*,*,#14048,.F.);
#14051=ORIENTED_EDGE('',*,*,#14050,.F.);
#14052=ORIENTED_EDGE('',*,*,#14034,.T.);
#14053=EDGE_LOOP('',(#14047,#14049,#14051,#14052));
#14054=FACE_OUTER_BOUND('',#14053,.F.);
#14055=ADVANCED_FACE('',(#14054),#14046,.T.);
#14056=CARTESIAN_POINT('',(1.248357067180E-1,4.621556491249E0,7.12E0));
#14057=DIRECTION('',(3.385999416447E-2,-9.994265859958E-1,0.E0));
#14058=DIRECTION('',(9.994265859958E-1,3.385999416447E-2,0.E0));
#14059=AXIS2_PLACEMENT_3D('',#14056,#14057,#14058);
#14060=PLANE('',#14059);
#14061=ORIENTED_EDGE('',*,*,#13370,.T.);
#14063=ORIENTED_EDGE('',*,*,#14062,.F.);
#14065=ORIENTED_EDGE('',*,*,#14064,.F.);
#14066=ORIENTED_EDGE('',*,*,#14048,.T.);
#14067=EDGE_LOOP('',(#14061,#14063,#14065,#14066));
#14068=FACE_OUTER_BOUND('',#14067,.F.);
#14069=ADVANCED_FACE('',(#14068),#14060,.T.);
#14070=CARTESIAN_POINT('',(1.018533592350E-1,4.684644323774E0,7.12E0));
#14071=DIRECTION('',(-9.395956325194E-1,-3.422864989311E-1,0.E0));
#14072=DIRECTION('',(3.422864989311E-1,-9.395956325194E-1,0.E0));
#14073=AXIS2_PLACEMENT_3D('',#14070,#14071,#14072);
#14074=PLANE('',#14073);
#14075=ORIENTED_EDGE('',*,*,#13368,.F.);
#14077=ORIENTED_EDGE('',*,*,#14076,.F.);
#14079=ORIENTED_EDGE('',*,*,#14078,.F.);
#14080=ORIENTED_EDGE('',*,*,#14062,.T.);
#14081=EDGE_LOOP('',(#14075,#14077,#14079,#14080));
#14082=FACE_OUTER_BOUND('',#14081,.F.);
#14083=ADVANCED_FACE('',(#14082),#14074,.T.);
#14084=CARTESIAN_POINT('',(3.794834696656E-2,4.725056859962E0,7.12E0));
#14085=DIRECTION('',(-5.344795722838E-1,-8.451813928449E-1,0.E0));
#14086=DIRECTION('',(8.451813928449E-1,-5.344795722838E-1,0.E0));
#14087=AXIS2_PLACEMENT_3D('',#14084,#14085,#14086);
#14088=PLANE('',#14087);
#14089=ORIENTED_EDGE('',*,*,#13366,.F.);
#14091=ORIENTED_EDGE('',*,*,#14090,.F.);
#14093=ORIENTED_EDGE('',*,*,#14092,.F.);
#14094=ORIENTED_EDGE('',*,*,#14076,.T.);
#14095=EDGE_LOOP('',(#14089,#14091,#14093,#14094));
#14096=FACE_OUTER_BOUND('',#14095,.F.);
#14097=ADVANCED_FACE('',(#14096),#14088,.T.);
#14098=CARTESIAN_POINT('',(-4.605778604287E-2,4.743499581312E0,7.12E0));
#14099=DIRECTION('',(-2.144333697674E-1,-9.767386190431E-1,0.E0));
#14100=DIRECTION('',(9.767386190431E-1,-2.144333697674E-1,0.E0));
#14101=AXIS2_PLACEMENT_3D('',#14098,#14099,#14100);
#14102=PLANE('',#14101);
#14103=ORIENTED_EDGE('',*,*,#13364,.F.);
#14105=ORIENTED_EDGE('',*,*,#14104,.F.);
#14107=ORIENTED_EDGE('',*,*,#14106,.F.);
#14108=ORIENTED_EDGE('',*,*,#14090,.T.);
#14109=EDGE_LOOP('',(#14103,#14105,#14107,#14108));
#14110=FACE_OUTER_BOUND('',#14109,.F.);
#14111=ADVANCED_FACE('',(#14110),#14102,.T.);
#14112=CARTESIAN_POINT('',(-2.334502709171E-1,4.737150832406E0,7.12E0));
#14113=DIRECTION('',(3.385999416447E-2,-9.994265859958E-1,0.E0));
#14114=DIRECTION('',(9.994265859958E-1,3.385999416447E-2,0.E0));
#14115=AXIS2_PLACEMENT_3D('',#14112,#14113,#14114);
#14116=PLANE('',#14115);
#14117=ORIENTED_EDGE('',*,*,#13362,.T.);
#14119=ORIENTED_EDGE('',*,*,#14118,.F.);
#14121=ORIENTED_EDGE('',*,*,#14120,.F.);
#14122=ORIENTED_EDGE('',*,*,#14104,.T.);
#14123=EDGE_LOOP('',(#14117,#14119,#14121,#14122));
#14124=FACE_OUTER_BOUND('',#14123,.F.);
#14125=ADVANCED_FACE('',(#14124),#14116,.T.);
#14126=CARTESIAN_POINT('',(-3.160155532828E-1,4.713064767932E0,7.12E0));
#14127=DIRECTION('',(2.800484739603E-1,-9.599858604336E-1,0.E0));
#14128=DIRECTION('',(9.599858604336E-1,2.800484739603E-1,0.E0));
#14129=AXIS2_PLACEMENT_3D('',#14126,#14127,#14128);
#14130=PLANE('',#14129);
#14131=ORIENTED_EDGE('',*,*,#13360,.F.);
#14133=ORIENTED_EDGE('',*,*,#14132,.F.);
#14135=ORIENTED_EDGE('',*,*,#14134,.F.);
#14136=ORIENTED_EDGE('',*,*,#14118,.T.);
#14137=EDGE_LOOP('',(#14131,#14133,#14135,#14136));
#14138=FACE_OUTER_BOUND('',#14137,.F.);
#14139=ADVANCED_FACE('',(#14138),#14130,.T.);
#14140=CARTESIAN_POINT('',(-3.770388642638E-1,4.668419732473E0,7.12E0));
#14141=DIRECTION('',(5.904568657968E-1,-8.070691975496E-1,0.E0));
#14142=DIRECTION('',(8.070691975496E-1,5.904568657968E-1,0.E0));
#14143=AXIS2_PLACEMENT_3D('',#14140,#14141,#14142);
#14144=PLANE('',#14143);
#14145=ORIENTED_EDGE('',*,*,#13358,.F.);
#14147=ORIENTED_EDGE('',*,*,#14146,.F.);
#14149=ORIENTED_EDGE('',*,*,#14148,.F.);
#14150=ORIENTED_EDGE('',*,*,#14132,.T.);
#14151=EDGE_LOOP('',(#14145,#14147,#14149,#14150));
#14152=FACE_OUTER_BOUND('',#14151,.F.);
#14153=ADVANCED_FACE('',(#14152),#14144,.T.);
#14154=CARTESIAN_POINT('',(-4.165202018418E-1,4.603215666459E0,7.12E0));
#14155=DIRECTION('',(8.554087176582E-1,-5.179535942093E-1,0.E0));
#14156=DIRECTION('',(5.179535942093E-1,8.554087176582E-1,0.E0));
#14157=AXIS2_PLACEMENT_3D('',#14154,#14155,#14156);
#14158=PLANE('',#14157);
#14159=ORIENTED_EDGE('',*,*,#13356,.F.);
#14161=ORIENTED_EDGE('',*,*,#14160,.F.);
#14163=ORIENTED_EDGE('',*,*,#14162,.F.);
#14164=ORIENTED_EDGE('',*,*,#14146,.T.);
#14165=EDGE_LOOP('',(#14159,#14161,#14163,#14164));
#14166=FACE_OUTER_BOUND('',#14165,.F.);
#14167=ADVANCED_FACE('',(#14166),#14158,.T.);
#14168=CARTESIAN_POINT('',(-4.344600466172E-1,4.517452672885E0,7.12E0));
#14169=DIRECTION('',(9.788147605504E-1,-2.047478071399E-1,0.E0));
#14170=DIRECTION('',(2.047478071399E-1,9.788147605504E-1,0.E0));
#14171=AXIS2_PLACEMENT_3D('',#14168,#14169,#14170);
#14172=PLANE('',#14171);
#14173=ORIENTED_EDGE('',*,*,#13354,.F.);
#14175=ORIENTED_EDGE('',*,*,#14174,.F.);
#14177=ORIENTED_EDGE('',*,*,#14176,.F.);
#14178=ORIENTED_EDGE('',*,*,#14160,.T.);
#14179=EDGE_LOOP('',(#14173,#14175,#14177,#14178));
#14180=FACE_OUTER_BOUND('',#14179,.F.);
#14181=ADVANCED_FACE('',(#14180),#14172,.T.);
#14182=CARTESIAN_POINT('',(-4.236536657800E-1,4.198486749422E0,7.12E0));
#14183=DIRECTION('',(9.994265859958E-1,3.385999416447E-2,0.E0));
#14184=DIRECTION('',(-3.385999416447E-2,9.994265859958E-1,0.E0));
#14185=AXIS2_PLACEMENT_3D('',#14182,#14183,#14184);
#14186=PLANE('',#14185);
#14187=ORIENTED_EDGE('',*,*,#13352,.T.);
#14189=ORIENTED_EDGE('',*,*,#14188,.F.);
#14191=ORIENTED_EDGE('',*,*,#14190,.F.);
#14192=ORIENTED_EDGE('',*,*,#14174,.T.);
#14193=EDGE_LOOP('',(#14187,#14189,#14191,#14192));
#14194=FACE_OUTER_BOUND('',#14193,.F.);
#14195=ADVANCED_FACE('',(#14194),#14186,.T.);
#14196=CARTESIAN_POINT('',(-3.999504184296E-1,4.114134599702E0,7.12E0));
#14197=DIRECTION('',(9.627127714341E-1,2.705256359713E-1,0.E0));
#14198=DIRECTION('',(-2.705256359713E-1,9.627127714341E-1,0.E0));
#14199=AXIS2_PLACEMENT_3D('',#14196,#14197,#14198);
#14200=PLANE('',#14199);
#14201=ORIENTED_EDGE('',*,*,#13350,.F.);
#14203=ORIENTED_EDGE('',*,*,#14202,.F.);
#14205=ORIENTED_EDGE('',*,*,#14204,.F.);
#14206=ORIENTED_EDGE('',*,*,#14188,.T.);
#14207=EDGE_LOOP('',(#14201,#14203,#14205,#14206));
#14208=FACE_OUTER_BOUND('',#14207,.F.);
#14209=ADVANCED_FACE('',(#14208),#14200,.T.);
#14210=CARTESIAN_POINT('',(-3.561465269021E-1,4.051752248675E0,7.12E0));
#14211=DIRECTION('',(8.183913228080E-1,5.746613287429E-1,0.E0));
#14212=DIRECTION('',(-5.746613287429E-1,8.183913228080E-1,0.E0));
#14213=AXIS2_PLACEMENT_3D('',#14210,#14211,#14212);
#14214=PLANE('',#14213);
#14215=ORIENTED_EDGE('',*,*,#13348,.F.);
#14217=ORIENTED_EDGE('',*,*,#14216,.F.);
#14219=ORIENTED_EDGE('',*,*,#14218,.F.);
#14220=ORIENTED_EDGE('',*,*,#14202,.T.);
#14221=EDGE_LOOP('',(#14215,#14217,#14219,#14220));
#14222=FACE_OUTER_BOUND('',#14221,.F.);
#14223=ADVANCED_FACE('',(#14222),#14214,.T.);
#14224=CARTESIAN_POINT('',(-2.922415141291E-1,4.011339697594E0,7.12E0));
#14225=DIRECTION('',(5.344797099667E-1,8.451813057764E-1,0.E0));
#14226=DIRECTION('',(-8.451813057764E-1,5.344797099667E-1,0.E0));
#14227=AXIS2_PLACEMENT_3D('',#14224,#14225,#14226);
#14228=PLANE('',#14227);
#14229=ORIENTED_EDGE('',*,*,#13346,.F.);
#14231=ORIENTED_EDGE('',*,*,#14230,.F.);
#14233=ORIENTED_EDGE('',*,*,#14232,.F.);
#14234=ORIENTED_EDGE('',*,*,#14216,.T.);
#14235=EDGE_LOOP('',(#14229,#14231,#14233,#14234));
#14236=FACE_OUTER_BOUND('',#14235,.F.);
#14237=ADVANCED_FACE('',(#14236),#14228,.T.);
#14238=CARTESIAN_POINT('',(-2.082353811196E-1,3.992896976245E0,7.12E0));
#14239=DIRECTION('',(2.144333697674E-1,9.767386190431E-1,0.E0));
#14240=DIRECTION('',(-9.767386190431E-1,2.144333697674E-1,0.E0));
#14241=AXIS2_PLACEMENT_3D('',#14238,#14239,#14240);
#14242=PLANE('',#14241);
#14243=ORIENTED_EDGE('',*,*,#13344,.F.);
#14245=ORIENTED_EDGE('',*,*,#14244,.F.);
#14247=ORIENTED_EDGE('',*,*,#14246,.F.);
#14248=ORIENTED_EDGE('',*,*,#14230,.T.);
#14249=EDGE_LOOP('',(#14243,#14245,#14247,#14248));
#14250=FACE_OUTER_BOUND('',#14249,.F.);
#14251=ADVANCED_FACE('',(#14250),#14242,.T.);
#14252=CARTESIAN_POINT('',(-2.084289624543E-2,3.999245725150E0,7.12E0));
#14253=DIRECTION('',(-3.385999416447E-2,9.994265859958E-1,0.E0));
#14254=DIRECTION('',(-9.994265859958E-1,-3.385999416447E-2,0.E0));
#14255=AXIS2_PLACEMENT_3D('',#14252,#14253,#14254);
#14256=PLANE('',#14255);
#14257=ORIENTED_EDGE('',*,*,#13342,.T.);
#14259=ORIENTED_EDGE('',*,*,#14258,.F.);
#14261=ORIENTED_EDGE('',*,*,#14260,.F.);
#14262=ORIENTED_EDGE('',*,*,#14244,.T.);
#14263=EDGE_LOOP('',(#14257,#14259,#14261,#14262));
#14264=FACE_OUTER_BOUND('',#14263,.F.);
#14265=ADVANCED_FACE('',(#14264),#14256,.T.);
#14266=CARTESIAN_POINT('',(6.172238612025E-2,4.023331789624E0,7.12E0));
#14267=DIRECTION('',(-2.800484739603E-1,9.599858604336E-1,0.E0));
#14268=DIRECTION('',(-9.599858604336E-1,-2.800484739603E-1,0.E0));
#14269=AXIS2_PLACEMENT_3D('',#14266,#14267,#14268);
#14270=PLANE('',#14269);
#14271=ORIENTED_EDGE('',*,*,#13340,.F.);
#14273=ORIENTED_EDGE('',*,*,#14272,.F.);
#14275=ORIENTED_EDGE('',*,*,#14274,.F.);
#14276=ORIENTED_EDGE('',*,*,#14258,.T.);
#14277=EDGE_LOOP('',(#14271,#14273,#14275,#14276));
#14278=FACE_OUTER_BOUND('',#14277,.F.);
#14279=ADVANCED_FACE('',(#14278),#14270,.T.);
#14280=CARTESIAN_POINT('',(1.227456965967E-1,4.067976839976E0,7.12E0));
#14281=DIRECTION('',(-5.904569972711E-1,8.070691013622E-1,0.E0));
#14282=DIRECTION('',(-8.070691013622E-1,-5.904569972711E-1,0.E0));
#14283=AXIS2_PLACEMENT_3D('',#14280,#14281,#14282);
#14284=PLANE('',#14283);
#14285=ORIENTED_EDGE('',*,*,#13338,.F.);
#14287=ORIENTED_EDGE('',*,*,#14286,.F.);
#14289=ORIENTED_EDGE('',*,*,#14288,.F.);
#14290=ORIENTED_EDGE('',*,*,#14272,.T.);
#14291=EDGE_LOOP('',(#14285,#14287,#14289,#14290));
#14292=FACE_OUTER_BOUND('',#14291,.F.);
#14293=ADVANCED_FACE('',(#14292),#14284,.T.);
#14294=CARTESIAN_POINT('',(1.414054901302E-1,4.132475424493E0,7.12E0));
#14295=DIRECTION('',(-9.606074108656E-1,2.779089818449E-1,0.E0));
#14296=DIRECTION('',(-2.779089818449E-1,-9.606074108656E-1,0.E0));
#14297=AXIS2_PLACEMENT_3D('',#14294,#14295,#14296);
#14298=PLANE('',#14297);
#14299=ORIENTED_EDGE('',*,*,#13336,.F.);
#14301=ORIENTED_EDGE('',*,*,#14300,.F.);
#14303=ORIENTED_EDGE('',*,*,#14302,.F.);
#14304=ORIENTED_EDGE('',*,*,#14286,.T.);
#14305=EDGE_LOOP('',(#14299,#14301,#14303,#14304));
#14306=FACE_OUTER_BOUND('',#14305,.F.);
#14307=ADVANCED_FACE('',(#14306),#14298,.T.);
#14308=CARTESIAN_POINT('',(1.356420865461E-1,4.302590597572E0,7.12E0));
#14309=DIRECTION('',(-9.994265859958E-1,-3.385999416447E-2,0.E0));
#14310=DIRECTION('',(3.385999416447E-2,-9.994265859958E-1,0.E0));
#14311=AXIS2_PLACEMENT_3D('',#14308,#14309,#14310);
#14312=PLANE('',#14311);
#14313=ORIENTED_EDGE('',*,*,#13334,.T.);
#14315=ORIENTED_EDGE('',*,*,#14314,.F.);
#14317=ORIENTED_EDGE('',*,*,#14316,.F.);
#14318=ORIENTED_EDGE('',*,*,#14300,.T.);
#14319=EDGE_LOOP('',(#14313,#14315,#14317,#14318));
#14320=FACE_OUTER_BOUND('',#14319,.F.);
#14321=ADVANCED_FACE('',(#14320),#14312,.T.);
#14322=CARTESIAN_POINT('',(-5.175039832814E-2,4.296241848667E0,7.12E0));
#14323=DIRECTION('',(3.385999416447E-2,-9.994265859958E-1,0.E0));
#14324=DIRECTION('',(9.994265859958E-1,3.385999416447E-2,0.E0));
#14325=AXIS2_PLACEMENT_3D('',#14322,#14323,#14324);
#14326=PLANE('',#14325);
#14327=ORIENTED_EDGE('',*,*,#13332,.T.);
#14329=ORIENTED_EDGE('',*,*,#14328,.F.);
#14331=ORIENTED_EDGE('',*,*,#14330,.F.);
#14332=ORIENTED_EDGE('',*,*,#14314,.T.);
#14333=EDGE_LOOP('',(#14327,#14329,#14331,#14332));
#14334=FACE_OUTER_BOUND('',#14333,.F.);
#14335=ADVANCED_FACE('',(#14334),#14326,.T.);
#14336=CARTESIAN_POINT('',(-5.607295025938E-2,4.423828206137E0,7.12E0));
#14337=DIRECTION('',(-9.994265859958E-1,-3.385999416448E-2,0.E0));
#14338=DIRECTION('',(3.385999416448E-2,-9.994265859958E-1,0.E0));
#14339=AXIS2_PLACEMENT_3D('',#14336,#14337,#14338);
#14340=PLANE('',#14339);
#14341=ORIENTED_EDGE('',*,*,#13330,.T.);
#14343=ORIENTED_EDGE('',*,*,#14342,.F.);
#14345=ORIENTED_EDGE('',*,*,#14344,.F.);
#14346=ORIENTED_EDGE('',*,*,#14328,.T.);
#14347=EDGE_LOOP('',(#14341,#14343,#14345,#14346));
#14348=FACE_OUTER_BOUND('',#14347,.F.);
#14349=ADVANCED_FACE('',(#14348),#14340,.T.);
#14350=CARTESIAN_POINT('',(2.562478578643E-1,4.434409454314E0,7.12E0));
#14351=DIRECTION('',(-3.385999416447E-2,9.994265859958E-1,0.E0));
#14352=DIRECTION('',(-9.994265859958E-1,-3.385999416447E-2,0.E0));
#14353=AXIS2_PLACEMENT_3D('',#14350,#14351,#14352);
#14354=PLANE('',#14353);
#14355=ORIENTED_EDGE('',*,*,#13328,.T.);
#14357=ORIENTED_EDGE('',*,*,#14356,.F.);
#14359=ORIENTED_EDGE('',*,*,#14358,.F.);
#14360=ORIENTED_EDGE('',*,*,#14342,.T.);
#14361=EDGE_LOOP('',(#14355,#14357,#14359,#14360));
#14362=FACE_OUTER_BOUND('',#14361,.F.);
#14363=ADVANCED_FACE('',(#14362),#14354,.T.);
#14364=CARTESIAN_POINT('',(2.670542387015E-1,4.115443530851E0,7.12E0));
#14365=DIRECTION('',(9.994265859958E-1,3.385999416447E-2,0.E0));
#14366=DIRECTION('',(-3.385999416447E-2,9.994265859958E-1,0.E0));
#14367=AXIS2_PLACEMENT_3D('',#14364,#14365,#14366);
#14368=PLANE('',#14367);
#14369=ORIENTED_EDGE('',*,*,#13326,.T.);
#14371=ORIENTED_EDGE('',*,*,#14370,.F.);
#14373=ORIENTED_EDGE('',*,*,#14372,.F.);
#14374=ORIENTED_EDGE('',*,*,#14356,.T.);
#14375=EDGE_LOOP('',(#14369,#14371,#14373,#14374));
#14376=FACE_OUTER_BOUND('',#14375,.F.);
#14377=ADVANCED_FACE('',(#14376),#14368,.T.);
#14378=CARTESIAN_POINT('',(2.491148709945E-1,4.029680538530E0,7.12E0));
#14379=DIRECTION('',(9.788158511295E-1,-2.047425934621E-1,0.E0));
#14380=DIRECTION('',(2.047425934621E-1,9.788158511295E-1,0.E0));
#14381=AXIS2_PLACEMENT_3D('',#14378,#14379,#14380);
#14382=PLANE('',#14381);
#14383=ORIENTED_EDGE('',*,*,#13324,.F.);
#14385=ORIENTED_EDGE('',*,*,#14384,.F.);
#14387=ORIENTED_EDGE('',*,*,#14386,.F.);
#14388=ORIENTED_EDGE('',*,*,#14370,.T.);
#14389=EDGE_LOOP('',(#14383,#14385,#14387,#14388));
#14390=FACE_OUTER_BOUND('',#14389,.F.);
#14391=ADVANCED_FACE('',(#14390),#14382,.T.);
#14392=CARTESIAN_POINT('',(1.687108648467E-1,3.941801287875E0,7.12E0));
#14393=DIRECTION('',(7.377893533026E-1,-6.750310142159E-1,0.E0));
#14394=DIRECTION('',(6.750310142159E-1,7.377893533026E-1,0.E0));
#14395=AXIS2_PLACEMENT_3D('',#14392,#14393,#14394);
#14396=PLANE('',#14395);
#14397=ORIENTED_EDGE('',*,*,#13322,.F.);
#14399=ORIENTED_EDGE('',*,*,#14398,.F.);
#14401=ORIENTED_EDGE('',*,*,#14400,.F.);
#14402=ORIENTED_EDGE('',*,*,#14384,.T.);
#14403=EDGE_LOOP('',(#14397,#14399,#14401,#14402));
#14404=FACE_OUTER_BOUND('',#14403,.F.);
#14405=ADVANCED_FACE('',(#14404),#14396,.T.);
#14406=CARTESIAN_POINT('',(8.686600799207E-2,3.896450824904E0,7.12E0));
#14407=DIRECTION('',(4.846715985945E-1,-8.746961995550E-1,0.E0));
#14408=DIRECTION('',(8.746961995550E-1,4.846715985945E-1,0.E0));
#14409=AXIS2_PLACEMENT_3D('',#14406,#14407,#14408);
#14410=PLANE('',#14409);
#14411=ORIENTED_EDGE('',*,*,#13320,.F.);
#14413=ORIENTED_EDGE('',*,*,#14412,.F.);
#14415=ORIENTED_EDGE('',*,*,#14414,.F.);
#14416=ORIENTED_EDGE('',*,*,#14398,.T.);
#14417=EDGE_LOOP('',(#14411,#14413,#14415,#14416));
#14418=FACE_OUTER_BOUND('',#14417,.F.);
#14419=ADVANCED_FACE('',(#14418),#14410,.T.);
#14420=CARTESIAN_POINT('',(-1.652034380964E-2,3.871659352787E0,7.12E0));
#14421=DIRECTION('',(2.331839396556E-1,-9.724326456299E-1,0.E0));
#14422=DIRECTION('',(9.724326456299E-1,2.331839396556E-1,0.E0));
#14423=AXIS2_PLACEMENT_3D('',#14420,#14421,#14422);
#14424=PLANE('',#14423);
#14425=ORIENTED_EDGE('',*,*,#13318,.F.);
#14426=ORIENTED_EDGE('',*,*,#13826,.F.);
#14428=ORIENTED_EDGE('',*,*,#14427,.F.);
#14429=ORIENTED_EDGE('',*,*,#14412,.T.);
#14430=EDGE_LOOP('',(#14425,#14426,#14428,#14429));
#14431=FACE_OUTER_BOUND('',#14430,.F.);
#14432=ADVANCED_FACE('',(#14431),#14424,.T.);
#14433=CARTESIAN_POINT('',(0.E0,0.E0,7.27E0));
#14434=DIRECTION('',(0.E0,0.E0,1.E0));
#14435=DIRECTION('',(1.E0,0.E0,0.E0));
#14436=AXIS2_PLACEMENT_3D('',#14433,#14434,#14435);
#14437=PLANE('',#14436);
#14438=ORIENTED_EDGE('',*,*,#14372,.T.);
#14439=ORIENTED_EDGE('',*,*,#14386,.T.);
#14440=ORIENTED_EDGE('',*,*,#14400,.T.);
#14441=ORIENTED_EDGE('',*,*,#14414,.T.);
#14442=ORIENTED_EDGE('',*,*,#14427,.T.);
#14443=ORIENTED_EDGE('',*,*,#13824,.T.);
#14444=ORIENTED_EDGE('',*,*,#13840,.T.);
#14445=ORIENTED_EDGE('',*,*,#13854,.T.);
#14446=ORIENTED_EDGE('',*,*,#13868,.T.);
#14447=ORIENTED_EDGE('',*,*,#13882,.T.);
#14448=ORIENTED_EDGE('',*,*,#13896,.T.);
#14449=ORIENTED_EDGE('',*,*,#13910,.T.);
#14450=ORIENTED_EDGE('',*,*,#13924,.T.);
#14451=ORIENTED_EDGE('',*,*,#13938,.T.);
#14452=ORIENTED_EDGE('',*,*,#13952,.T.);
#14453=ORIENTED_EDGE('',*,*,#13966,.T.);
#14454=ORIENTED_EDGE('',*,*,#13980,.T.);
#14455=ORIENTED_EDGE('',*,*,#13994,.T.);
#14456=ORIENTED_EDGE('',*,*,#14008,.T.);
#14457=ORIENTED_EDGE('',*,*,#14022,.T.);
#14458=ORIENTED_EDGE('',*,*,#14036,.T.);
#14459=ORIENTED_EDGE('',*,*,#14050,.T.);
#14460=ORIENTED_EDGE('',*,*,#14064,.T.);
#14461=ORIENTED_EDGE('',*,*,#14078,.T.);
#14462=ORIENTED_EDGE('',*,*,#14092,.T.);
#14463=ORIENTED_EDGE('',*,*,#14106,.T.);
#14464=ORIENTED_EDGE('',*,*,#14120,.T.);
#14465=ORIENTED_EDGE('',*,*,#14134,.T.);
#14466=ORIENTED_EDGE('',*,*,#14148,.T.);
#14467=ORIENTED_EDGE('',*,*,#14162,.T.);
#14468=ORIENTED_EDGE('',*,*,#14176,.T.);
#14469=ORIENTED_EDGE('',*,*,#14190,.T.);
#14470=ORIENTED_EDGE('',*,*,#14204,.T.);
#14471=ORIENTED_EDGE('',*,*,#14218,.T.);
#14472=ORIENTED_EDGE('',*,*,#14232,.T.);
#14473=ORIENTED_EDGE('',*,*,#14246,.T.);
#14474=ORIENTED_EDGE('',*,*,#14260,.T.);
#14475=ORIENTED_EDGE('',*,*,#14274,.T.);
#14476=ORIENTED_EDGE('',*,*,#14288,.T.);
#14477=ORIENTED_EDGE('',*,*,#14302,.T.);
#14478=ORIENTED_EDGE('',*,*,#14316,.T.);
#14479=ORIENTED_EDGE('',*,*,#14330,.T.);
#14480=ORIENTED_EDGE('',*,*,#14344,.T.);
#14481=ORIENTED_EDGE('',*,*,#14358,.T.);
#14482=EDGE_LOOP('',(#14438,#14439,#14440,#14441,#14442,#14443,#14444,#14445,
#14446,#14447,#14448,#14449,#14450,#14451,#14452,#14453,#14454,#14455,#14456,
#14457,#14458,#14459,#14460,#14461,#14462,#14463,#14464,#14465,#14466,#14467,
#14468,#14469,#14470,#14471,#14472,#14473,#14474,#14475,#14476,#14477,#14478,
#14479,#14480,#14481));
#14483=FACE_OUTER_BOUND('',#14482,.F.);
#14484=ADVANCED_FACE('',(#14483),#14437,.T.);
#14485=CARTESIAN_POINT('',(0.E0,0.E0,6.52E0));
#14486=DIRECTION('',(0.E0,0.E0,1.E0));
#14487=DIRECTION('',(9.990659737222E-1,4.321088000260E-2,0.E0));
#14488=AXIS2_PLACEMENT_3D('',#14485,#14486,#14487);
#14489=TOROIDAL_SURFACE('',#14488,3.87E0,6.E-1);
#14490=ORIENTED_EDGE('',*,*,#13286,.F.);
#14491=ORIENTED_EDGE('',*,*,#13615,.F.);
#14492=ORIENTED_EDGE('',*,*,#12653,.T.);
#14493=ORIENTED_EDGE('',*,*,#12651,.T.);
#14494=ORIENTED_EDGE('',*,*,#13611,.T.);
#14495=EDGE_LOOP('',(#14490,#14491,#14492,#14493,#14494));
#14496=FACE_OUTER_BOUND('',#14495,.F.);
#14497=ADVANCED_FACE('',(#14496),#14489,.T.);
#14498=CARTESIAN_POINT('',(-2.478466221856E0,4.192612367234E0,7.12E0));
#14499=DIRECTION('',(-8.672948051848E-1,-4.977948582493E-1,0.E0));
#14500=DIRECTION('',(4.977948582493E-1,-8.672948051848E-1,0.E0));
#14501=AXIS2_PLACEMENT_3D('',#14498,#14499,#14500);
#14502=PLANE('',#14501);
#14503=ORIENTED_EDGE('',*,*,#13282,.F.);
#14505=ORIENTED_EDGE('',*,*,#14504,.F.);
#14507=ORIENTED_EDGE('',*,*,#14506,.F.);
#14508=ORIENTED_EDGE('',*,*,#13587,.T.);
#14509=EDGE_LOOP('',(#14503,#14505,#14507,#14508));
#14510=FACE_OUTER_BOUND('',#14509,.F.);
#14511=ADVANCED_FACE('',(#14510),#14502,.T.);
#14512=CARTESIAN_POINT('',(-2.370054371207E0,4.254836724515E0,7.12E0));
#14513=DIRECTION('',(-4.977948582493E-1,8.672948051848E-1,0.E0));
#14514=DIRECTION('',(-8.672948051848E-1,-4.977948582493E-1,0.E0));
#14515=AXIS2_PLACEMENT_3D('',#14512,#14513,#14514);
#14516=PLANE('',#14515);
#14517=ORIENTED_EDGE('',*,*,#13280,.F.);
#14518=ORIENTED_EDGE('',*,*,#13574,.F.);
#14520=ORIENTED_EDGE('',*,*,#14519,.F.);
#14521=ORIENTED_EDGE('',*,*,#14504,.T.);
#14522=EDGE_LOOP('',(#14517,#14518,#14520,#14521));
#14523=FACE_OUTER_BOUND('',#14522,.F.);
#14524=ADVANCED_FACE('',(#14523),#14516,.T.);
#14525=CARTESIAN_POINT('',(0.E0,0.E0,7.27E0));
#14526=DIRECTION('',(0.E0,0.E0,1.E0));
#14527=DIRECTION('',(1.E0,0.E0,0.E0));
#14528=AXIS2_PLACEMENT_3D('',#14525,#14526,#14527);
#14529=PLANE('',#14528);
#14530=ORIENTED_EDGE('',*,*,#13572,.T.);
#14531=ORIENTED_EDGE('',*,*,#13589,.T.);
#14532=ORIENTED_EDGE('',*,*,#14506,.T.);
#14533=ORIENTED_EDGE('',*,*,#14519,.T.);
#14534=EDGE_LOOP('',(#14530,#14531,#14532,#14533));
#14535=FACE_OUTER_BOUND('',#14534,.F.);
#14536=ADVANCED_FACE('',(#14535),#14529,.T.);
#14537=CARTESIAN_POINT('',(4.441244167593E-1,3.862676299086E0,7.12E0));
#14538=DIRECTION('',(-2.095096038279E-1,-9.778065892107E-1,0.E0));
#14539=DIRECTION('',(9.778065892107E-1,-2.095096038279E-1,0.E0));
#14540=AXIS2_PLACEMENT_3D('',#14537,#14538,#14539);
#14541=PLANE('',#14540);
#14542=ORIENTED_EDGE('',*,*,#13314,.F.);
#14544=ORIENTED_EDGE('',*,*,#14543,.F.);
#14546=ORIENTED_EDGE('',*,*,#14545,.F.);
#14548=ORIENTED_EDGE('',*,*,#14547,.T.);
#14549=ORIENTED_EDGE('',*,*,#13290,.F.);
#14550=EDGE_LOOP('',(#14542,#14544,#14546,#14548,#14549));
#14551=FACE_OUTER_BOUND('',#14550,.F.);
#14552=ADVANCED_FACE('',(#14551),#14541,.T.);
#14553=CARTESIAN_POINT('',(6.536340205872E-1,4.840482888296E0,7.12E0));
#14554=DIRECTION('',(-9.778065892107E-1,2.095096038279E-1,0.E0));
#14555=DIRECTION('',(-2.095096038279E-1,-9.778065892107E-1,0.E0));
#14556=AXIS2_PLACEMENT_3D('',#14553,#14554,#14555);
#14557=PLANE('',#14556);
#14558=ORIENTED_EDGE('',*,*,#13312,.F.);
#14560=ORIENTED_EDGE('',*,*,#14559,.F.);
#14562=ORIENTED_EDGE('',*,*,#14561,.F.);
#14563=ORIENTED_EDGE('',*,*,#14543,.T.);
#14564=EDGE_LOOP('',(#14558,#14560,#14562,#14563));
#14565=FACE_OUTER_BOUND('',#14564,.F.);
#14566=ADVANCED_FACE('',(#14565),#14557,.T.);
#14567=CARTESIAN_POINT('',(1.386988962495E0,4.683350685425E0,7.12E0));
#14568=DIRECTION('',(2.095096038279E-1,9.778065892107E-1,0.E0));
#14569=DIRECTION('',(-9.778065892107E-1,2.095096038279E-1,0.E0));
#14570=AXIS2_PLACEMENT_3D('',#14567,#14568,#14569);
#14571=PLANE('',#14570);
#14572=ORIENTED_EDGE('',*,*,#13310,.F.);
#14574=ORIENTED_EDGE('',*,*,#14573,.F.);
#14576=ORIENTED_EDGE('',*,*,#14575,.F.);
#14577=ORIENTED_EDGE('',*,*,#14559,.T.);
#14578=EDGE_LOOP('',(#14572,#14574,#14576,#14577));
#14579=FACE_OUTER_BOUND('',#14578,.F.);
#14580=ADVANCED_FACE('',(#14579),#14571,.T.);
#14581=CARTESIAN_POINT('',(1.360243058812E0,4.558524327215E0,7.12E0));
#14582=DIRECTION('',(9.778065892107E-1,-2.095096038279E-1,0.E0));
#14583=DIRECTION('',(2.095096038279E-1,9.778065892107E-1,0.E0));
#14584=AXIS2_PLACEMENT_3D('',#14581,#14582,#14583);
#14585=PLANE('',#14584);
#14586=ORIENTED_EDGE('',*,*,#13308,.F.);
#14588=ORIENTED_EDGE('',*,*,#14587,.F.);
#14590=ORIENTED_EDGE('',*,*,#14589,.F.);
#14591=ORIENTED_EDGE('',*,*,#14573,.T.);
#14592=EDGE_LOOP('',(#14586,#14588,#14590,#14591));
#14593=FACE_OUTER_BOUND('',#14592,.F.);
#14594=ADVANCED_FACE('',(#14593),#14585,.T.);
#14595=CARTESIAN_POINT('',(7.491139405553E-1,4.689467829608E0,7.12E0));
#14596=DIRECTION('',(-2.095096038279E-1,-9.778065892107E-1,0.E0));
#14597=DIRECTION('',(9.778065892107E-1,-2.095096038279E-1,0.E0));
#14598=AXIS2_PLACEMENT_3D('',#14595,#14596,#14597);
#14599=PLANE('',#14598);
#14600=ORIENTED_EDGE('',*,*,#13306,.F.);
#14602=ORIENTED_EDGE('',*,*,#14601,.F.);
#14604=ORIENTED_EDGE('',*,*,#14603,.F.);
#14605=ORIENTED_EDGE('',*,*,#14587,.T.);
#14606=EDGE_LOOP('',(#14600,#14602,#14604,#14605));
#14607=FACE_OUTER_BOUND('',#14606,.F.);
#14608=ADVANCED_FACE('',(#14607),#14599,.T.);
#14609=CARTESIAN_POINT('',(6.911644700871E-1,4.419010661870E0,7.12E0));
#14610=DIRECTION('',(9.778065892107E-1,-2.095096038279E-1,0.E0));
#14611=DIRECTION('',(2.095096038279E-1,9.778065892107E-1,0.E0));
#14612=AXIS2_PLACEMENT_3D('',#14609,#14610,#14611);
#14613=PLANE('',#14612);
#14614=ORIENTED_EDGE('',*,*,#13304,.F.);
#14616=ORIENTED_EDGE('',*,*,#14615,.F.);
#14618=ORIENTED_EDGE('',*,*,#14617,.F.);
#14619=ORIENTED_EDGE('',*,*,#14601,.T.);
#14620=EDGE_LOOP('',(#14614,#14616,#14618,#14619));
#14621=FACE_OUTER_BOUND('',#14620,.F.);
#14622=ADVANCED_FACE('',(#14621),#14613,.T.);
#14623=CARTESIAN_POINT('',(1.220809550491E0,4.305526326431E0,7.12E0));
#14624=DIRECTION('',(2.095096038279E-1,9.778065892107E-1,0.E0));
#14625=DIRECTION('',(-9.778065892107E-1,2.095096038279E-1,0.E0));
#14626=AXIS2_PLACEMENT_3D('',#14623,#14624,#14625);
#14627=PLANE('',#14626);
#14628=ORIENTED_EDGE('',*,*,#13302,.F.);
#14630=ORIENTED_EDGE('',*,*,#14629,.F.);
#14632=ORIENTED_EDGE('',*,*,#14631,.F.);
#14633=ORIENTED_EDGE('',*,*,#14615,.T.);
#14634=EDGE_LOOP('',(#14628,#14630,#14632,#14633));
#14635=FACE_OUTER_BOUND('',#14634,.F.);
#14636=ADVANCED_FACE('',(#14635),#14627,.T.);
#14637=CARTESIAN_POINT('',(1.194063646808E0,4.180699968220E0,7.12E0));
#14638=DIRECTION('',(9.778065892107E-1,-2.095096038279E-1,0.E0));
#14639=DIRECTION('',(2.095096038279E-1,9.778065892107E-1,0.E0));
#14640=AXIS2_PLACEMENT_3D('',#14637,#14638,#14639);
#14641=PLANE('',#14640);
#14642=ORIENTED_EDGE('',*,*,#13300,.F.);
#14644=ORIENTED_EDGE('',*,*,#14643,.F.);
#14646=ORIENTED_EDGE('',*,*,#14645,.F.);
#14647=ORIENTED_EDGE('',*,*,#14629,.T.);
#14648=EDGE_LOOP('',(#14642,#14644,#14646,#14647));
#14649=FACE_OUTER_BOUND('',#14648,.F.);
#14650=ADVANCED_FACE('',(#14649),#14641,.T.);
#14651=CARTESIAN_POINT('',(6.644185664038E-1,4.294184303660E0,7.12E0));
#14652=DIRECTION('',(-2.095096038279E-1,-9.778065892107E-1,0.E0));
#14653=DIRECTION('',(9.778065892107E-1,-2.095096038279E-1,0.E0));
#14654=AXIS2_PLACEMENT_3D('',#14651,#14652,#14653);
#14655=PLANE('',#14654);
#14656=ORIENTED_EDGE('',*,*,#13298,.F.);
#14658=ORIENTED_EDGE('',*,*,#14657,.F.);
#14660=ORIENTED_EDGE('',*,*,#14659,.F.);
#14661=ORIENTED_EDGE('',*,*,#14643,.T.);
#14662=EDGE_LOOP('',(#14656,#14658,#14660,#14661));
#14663=FACE_OUTER_BOUND('',#14662,.F.);
#14664=ADVANCED_FACE('',(#14663),#14655,.T.);
#14665=CARTESIAN_POINT('',(5.930961472159E-1,3.961313971388E0,7.12E0));
#14666=DIRECTION('',(9.778065892107E-1,-2.095096038279E-1,0.E0));
#14667=DIRECTION('',(2.095096038279E-1,9.778065892107E-1,0.E0));
#14668=AXIS2_PLACEMENT_3D('',#14665,#14666,#14667);
#14669=PLANE('',#14668);
#14670=ORIENTED_EDGE('',*,*,#13296,.F.);
#14672=ORIENTED_EDGE('',*,*,#14671,.F.);
#14674=ORIENTED_EDGE('',*,*,#14673,.F.);
#14675=ORIENTED_EDGE('',*,*,#14657,.T.);
#14676=EDGE_LOOP('',(#14670,#14672,#14674,#14675));
#14677=FACE_OUTER_BOUND('',#14676,.F.);
#14678=ADVANCED_FACE('',(#14677),#14669,.T.);
#14679=CARTESIAN_POINT('',(1.204225265473E0,3.830370468995E0,7.12E0));
#14680=DIRECTION('',(2.095096038279E-1,9.778065892107E-1,0.E0));
#14681=DIRECTION('',(-9.778065892107E-1,2.095096038279E-1,0.E0));
#14682=AXIS2_PLACEMENT_3D('',#14679,#14680,#14681);
#14683=PLANE('',#14682);
#14684=ORIENTED_EDGE('',*,*,#13294,.F.);
#14686=ORIENTED_EDGE('',*,*,#14685,.F.);
#14688=ORIENTED_EDGE('',*,*,#14687,.F.);
#14689=ORIENTED_EDGE('',*,*,#14671,.T.);
#14690=EDGE_LOOP('',(#14684,#14686,#14688,#14689));
#14691=FACE_OUTER_BOUND('',#14690,.F.);
#14692=ADVANCED_FACE('',(#14691),#14683,.T.);
#14693=CARTESIAN_POINT('',(1.177479358667E0,3.705544096215E0,7.12E0));
#14694=DIRECTION('',(9.778065892107E-1,-2.095096038279E-1,0.E0));
#14695=DIRECTION('',(2.095096038279E-1,9.778065892107E-1,0.E0));
#14696=AXIS2_PLACEMENT_3D('',#14693,#14694,#14695);
#14697=PLANE('',#14696);
#14698=ORIENTED_EDGE('',*,*,#13292,.F.);
#14699=ORIENTED_EDGE('',*,*,#14547,.F.);
#14701=ORIENTED_EDGE('',*,*,#14700,.F.);
#14702=ORIENTED_EDGE('',*,*,#14685,.T.);
#14703=EDGE_LOOP('',(#14698,#14699,#14701,#14702));
#14704=FACE_OUTER_BOUND('',#14703,.F.);
#14705=ADVANCED_FACE('',(#14704),#14697,.T.);
#14706=CARTESIAN_POINT('',(0.E0,0.E0,7.27E0));
#14707=DIRECTION('',(0.E0,0.E0,1.E0));
#14708=DIRECTION('',(1.E0,0.E0,0.E0));
#14709=AXIS2_PLACEMENT_3D('',#14706,#14707,#14708);
#14710=PLANE('',#14709);
#14711=ORIENTED_EDGE('',*,*,#14687,.T.);
#14712=ORIENTED_EDGE('',*,*,#14700,.T.);
#14713=ORIENTED_EDGE('',*,*,#14545,.T.);
#14714=ORIENTED_EDGE('',*,*,#14561,.T.);
#14715=ORIENTED_EDGE('',*,*,#14575,.T.);
#14716=ORIENTED_EDGE('',*,*,#14589,.T.);
#14717=ORIENTED_EDGE('',*,*,#14603,.T.);
#14718=ORIENTED_EDGE('',*,*,#14617,.T.);
#14719=ORIENTED_EDGE('',*,*,#14631,.T.);
#14720=ORIENTED_EDGE('',*,*,#14645,.T.);
#14721=ORIENTED_EDGE('',*,*,#14659,.T.);
#14722=ORIENTED_EDGE('',*,*,#14673,.T.);
#14723=EDGE_LOOP('',(#14711,#14712,#14713,#14714,#14715,#14716,#14717,#14718,
#14719,#14720,#14721,#14722));
#14724=FACE_OUTER_BOUND('',#14723,.F.);
#14725=ADVANCED_FACE('',(#14724),#14710,.T.);
#14726=CARTESIAN_POINT('',(1.647084420085E0,3.999410952197E0,7.12E0));
#14727=DIRECTION('',(-4.379540105510E-1,-8.989973774390E-1,0.E0));
#14728=DIRECTION('',(8.989973774390E-1,-4.379540105510E-1,0.E0));
#14729=AXIS2_PLACEMENT_3D('',#14726,#14727,#14728);
#14730=PLANE('',#14729);
#14731=ORIENTED_EDGE('',*,*,#13432,.F.);
#14733=ORIENTED_EDGE('',*,*,#14732,.F.);
#14735=ORIENTED_EDGE('',*,*,#14734,.F.);
#14737=ORIENTED_EDGE('',*,*,#14736,.T.);
#14738=EDGE_LOOP('',(#14731,#14733,#14735,#14737));
#14739=FACE_OUTER_BOUND('',#14738,.F.);
#14740=ADVANCED_FACE('',(#14739),#14730,.T.);
#14741=CARTESIAN_POINT('',(1.451402838126E0,3.597731267215E0,7.12E0));
#14742=DIRECTION('',(8.989973774390E-1,-4.379540105510E-1,0.E0));
#14743=DIRECTION('',(4.379540105510E-1,8.989973774390E-1,0.E0));
#14744=AXIS2_PLACEMENT_3D('',#14741,#14742,#14743);
#14745=PLANE('',#14744);
#14746=ORIENTED_EDGE('',*,*,#13462,.F.);
#14748=ORIENTED_EDGE('',*,*,#14747,.F.);
#14750=ORIENTED_EDGE('',*,*,#14749,.F.);
#14751=ORIENTED_EDGE('',*,*,#14732,.T.);
#14752=EDGE_LOOP('',(#14746,#14748,#14750,#14751));
#14753=FACE_OUTER_BOUND('',#14752,.F.);
#14754=ADVANCED_FACE('',(#14753),#14745,.T.);
#14755=CARTESIAN_POINT('',(1.339028165946E0,3.652475518534E0,7.12E0));
#14756=DIRECTION('',(-4.379540105510E-1,-8.989973774390E-1,0.E0));
#14757=DIRECTION('',(8.989973774390E-1,-4.379540105510E-1,0.E0));
#14758=AXIS2_PLACEMENT_3D('',#14755,#14756,#14757);
#14759=PLANE('',#14758);
#14760=ORIENTED_EDGE('',*,*,#13460,.F.);
#14762=ORIENTED_EDGE('',*,*,#14761,.F.);
#14764=ORIENTED_EDGE('',*,*,#14763,.F.);
#14765=ORIENTED_EDGE('',*,*,#14747,.T.);
#14766=EDGE_LOOP('',(#14760,#14762,#14764,#14765));
#14767=FACE_OUTER_BOUND('',#14766,.F.);
#14768=ADVANCED_FACE('',(#14767),#14759,.T.);
#14769=CARTESIAN_POINT('',(1.776982176497E0,4.551472895973E0,7.12E0));
#14770=DIRECTION('',(-8.989973774390E-1,4.379540105510E-1,0.E0));
#14771=DIRECTION('',(-4.379540105510E-1,-8.989973774390E-1,0.E0));
#14772=AXIS2_PLACEMENT_3D('',#14769,#14770,#14771);
#14773=PLANE('',#14772);
#14774=ORIENTED_EDGE('',*,*,#13458,.F.);
#14776=ORIENTED_EDGE('',*,*,#14775,.F.);
#14778=ORIENTED_EDGE('',*,*,#14777,.F.);
#14779=ORIENTED_EDGE('',*,*,#14761,.T.);
#14780=EDGE_LOOP('',(#14774,#14776,#14778,#14779));
#14781=FACE_OUTER_BOUND('',#14780,.F.);
#14782=ADVANCED_FACE('',(#14781),#14773,.T.);
#14783=CARTESIAN_POINT('',(2.226480865217E0,4.332495890698E0,7.12E0));
#14784=DIRECTION('',(4.379540105510E-1,8.989973774390E-1,0.E0));
#14785=DIRECTION('',(-8.989973774390E-1,4.379540105510E-1,0.E0));
#14786=AXIS2_PLACEMENT_3D('',#14783,#14784,#14785);
#14787=PLANE('',#14786);
#14788=ORIENTED_EDGE('',*,*,#13456,.F.);
#14790=ORIENTED_EDGE('',*,*,#14789,.F.);
#14792=ORIENTED_EDGE('',*,*,#14791,.F.);
#14793=ORIENTED_EDGE('',*,*,#14775,.T.);
#14794=EDGE_LOOP('',(#14788,#14790,#14792,#14793));
#14795=FACE_OUTER_BOUND('',#14794,.F.);
#14796=ADVANCED_FACE('',(#14795),#14787,.T.);
#14797=CARTESIAN_POINT('',(2.310808541824E0,4.267747940549E0,7.12E0));
#14798=DIRECTION('',(6.090044083035E-1,7.931668365905E-1,0.E0));
#14799=DIRECTION('',(-7.931668365905E-1,6.090044083035E-1,0.E0));
#14800=AXIS2_PLACEMENT_3D('',#14797,#14798,#14799);
#14801=PLANE('',#14800);
#14802=ORIENTED_EDGE('',*,*,#13454,.F.);
#14804=ORIENTED_EDGE('',*,*,#14803,.F.);
#14806=ORIENTED_EDGE('',*,*,#14805,.F.);
#14807=ORIENTED_EDGE('',*,*,#14789,.T.);
#14808=EDGE_LOOP('',(#14802,#14804,#14806,#14807));
#14809=FACE_OUTER_BOUND('',#14808,.F.);
#14810=ADVANCED_FACE('',(#14809),#14801,.T.);
#14811=CARTESIAN_POINT('',(2.357770196181E0,4.173869107739E0,7.12E0));
#14812=DIRECTION('',(8.943424344585E-1,4.473830684401E-1,0.E0));
#14813=DIRECTION('',(-4.473830684401E-1,8.943424344585E-1,0.E0));
#14814=AXIS2_PLACEMENT_3D('',#14811,#14812,#14813);
#14815=PLANE('',#14814);
#14816=ORIENTED_EDGE('',*,*,#13452,.F.);
#14818=ORIENTED_EDGE('',*,*,#14817,.F.);
#14820=ORIENTED_EDGE('',*,*,#14819,.F.);
#14821=ORIENTED_EDGE('',*,*,#14803,.T.);
#14822=EDGE_LOOP('',(#14816,#14818,#14820,#14821));
#14823=FACE_OUTER_BOUND('',#14822,.F.);
#14824=ADVANCED_FACE('',(#14823),#14815,.T.);
#14825=CARTESIAN_POINT('',(2.376684854965E0,4.069986576099E0,7.12E0));
#14826=DIRECTION('',(9.838249988148E-1,1.791322743310E-1,0.E0));
#14827=DIRECTION('',(-1.791322743310E-1,9.838249988148E-1,0.E0));
#14828=AXIS2_PLACEMENT_3D('',#14825,#14826,#14827);
#14829=PLANE('',#14828);
#14830=ORIENTED_EDGE('',*,*,#13450,.F.);
#14832=ORIENTED_EDGE('',*,*,#14831,.F.);
#14834=ORIENTED_EDGE('',*,*,#14833,.F.);
#14835=ORIENTED_EDGE('',*,*,#14817,.T.);
#14836=EDGE_LOOP('',(#14830,#14832,#14834,#14835));
#14837=FACE_OUTER_BOUND('',#14836,.F.);
#14838=ADVANCED_FACE('',(#14837),#14829,.T.);
#14839=CARTESIAN_POINT('',(2.367459173232E0,4.003479868949E0,7.12E0));
#14840=DIRECTION('',(9.905153150143E-1,-1.374023679641E-1,0.E0));
#14841=DIRECTION('',(1.374023679641E-1,9.905153150143E-1,0.E0));
#14842=AXIS2_PLACEMENT_3D('',#14839,#14840,#14841);
#14843=PLANE('',#14842);
#14844=ORIENTED_EDGE('',*,*,#13448,.T.);
#14846=ORIENTED_EDGE('',*,*,#14845,.F.);
#14848=ORIENTED_EDGE('',*,*,#14847,.F.);
#14849=ORIENTED_EDGE('',*,*,#14831,.T.);
#14850=EDGE_LOOP('',(#14844,#14846,#14848,#14849));
#14851=FACE_OUTER_BOUND('',#14850,.F.);
#14852=ADVANCED_FACE('',(#14851),#14843,.T.);
#14853=CARTESIAN_POINT('',(2.330186469822E0,3.926969409384E0,7.12E0));
#14854=DIRECTION('',(8.989973774390E-1,-4.379540105510E-1,0.E0));
#14855=DIRECTION('',(4.379540105510E-1,8.989973774390E-1,0.E0));
#14856=AXIS2_PLACEMENT_3D('',#14853,#14854,#14855);
#14857=PLANE('',#14856);
#14858=ORIENTED_EDGE('',*,*,#13446,.F.);
#14860=ORIENTED_EDGE('',*,*,#14859,.F.);
#14862=ORIENTED_EDGE('',*,*,#14861,.F.);
#14863=ORIENTED_EDGE('',*,*,#14845,.T.);
#14864=EDGE_LOOP('',(#14858,#14860,#14862,#14863));
#14865=FACE_OUTER_BOUND('',#14864,.F.);
#14866=ADVANCED_FACE('',(#14865),#14857,.T.);
#14867=CARTESIAN_POINT('',(2.283503135596E0,3.878710507564E0,7.12E0));
#14868=DIRECTION('',(7.187422650675E-1,-6.952766042415E-1,0.E0));
#14869=DIRECTION('',(6.952766042415E-1,7.187422650675E-1,0.E0));
#14870=AXIS2_PLACEMENT_3D('',#14867,#14868,#14869);
#14871=PLANE('',#14870);
#14872=ORIENTED_EDGE('',*,*,#13444,.F.);
#14874=ORIENTED_EDGE('',*,*,#14873,.F.);
#14876=ORIENTED_EDGE('',*,*,#14875,.F.);
#14877=ORIENTED_EDGE('',*,*,#14859,.T.);
#14878=EDGE_LOOP('',(#14872,#14874,#14876,#14877));
#14879=FACE_OUTER_BOUND('',#14878,.F.);
#14880=ADVANCED_FACE('',(#14879),#14871,.T.);
#14881=CARTESIAN_POINT('',(2.190043122201E0,3.829572227243E0,7.12E0));
#14882=DIRECTION('',(4.653666772982E-1,-8.851179896830E-1,0.E0));
#14883=DIRECTION('',(8.851179896830E-1,4.653666772982E-1,0.E0));
#14884=AXIS2_PLACEMENT_3D('',#14881,#14882,#14883);
#14885=PLANE('',#14884);
#14886=ORIENTED_EDGE('',*,*,#13442,.F.);
#14888=ORIENTED_EDGE('',*,*,#14887,.F.);
#14890=ORIENTED_EDGE('',*,*,#14889,.F.);
#14891=ORIENTED_EDGE('',*,*,#14873,.T.);
#14892=EDGE_LOOP('',(#14886,#14888,#14890,#14891));
#14893=FACE_OUTER_BOUND('',#14892,.F.);
#14894=ADVANCED_FACE('',(#14893),#14885,.T.);
#14895=CARTESIAN_POINT('',(2.096490621211E0,3.827813052577E0,7.12E0));
#14896=DIRECTION('',(1.880081998440E-2,-9.998232489635E-1,0.E0));
#14897=DIRECTION('',(9.998232489635E-1,1.880081998440E-2,0.E0));
#14898=AXIS2_PLACEMENT_3D('',#14895,#14896,#14897);
#14899=PLANE('',#14898);
#14900=ORIENTED_EDGE('',*,*,#13440,.T.);
#14902=ORIENTED_EDGE('',*,*,#14901,.F.);
#14904=ORIENTED_EDGE('',*,*,#14903,.F.);
#14905=ORIENTED_EDGE('',*,*,#14887,.T.);
#14906=EDGE_LOOP('',(#14900,#14902,#14904,#14905));
#14907=FACE_OUTER_BOUND('',#14906,.F.);
#14908=ADVANCED_FACE('',(#14907),#14899,.T.);
#14909=CARTESIAN_POINT('',(2.050734708869E0,3.305761787626E0,7.12E0));
#14910=DIRECTION('',(9.961810431360E-1,-8.731167903845E-2,0.E0));
#14911=DIRECTION('',(8.731167903845E-2,9.961810431360E-1,0.E0));
#14912=AXIS2_PLACEMENT_3D('',#14909,#14910,#14911);
#14913=PLANE('',#14912);
#14914=ORIENTED_EDGE('',*,*,#13438,.F.);
#14916=ORIENTED_EDGE('',*,*,#14915,.F.);
#14918=ORIENTED_EDGE('',*,*,#14917,.F.);
#14919=ORIENTED_EDGE('',*,*,#14901,.T.);
#14920=EDGE_LOOP('',(#14914,#14916,#14918,#14919));
#14921=FACE_OUTER_BOUND('',#14920,.F.);
#14922=ADVANCED_FACE('',(#14921),#14913,.T.);
#14923=CARTESIAN_POINT('',(1.919630353092E0,3.369630359275E0,7.12E0));
#14924=DIRECTION('',(-4.379540105510E-1,-8.989973774390E-1,0.E0));
#14925=DIRECTION('',(8.989973774390E-1,-4.379540105510E-1,0.E0));
#14926=AXIS2_PLACEMENT_3D('',#14923,#14924,#14925);
#14927=PLANE('',#14926);
#14928=ORIENTED_EDGE('',*,*,#13436,.F.);
#14930=ORIENTED_EDGE('',*,*,#14929,.F.);
#14932=ORIENTED_EDGE('',*,*,#14931,.F.);
#14933=ORIENTED_EDGE('',*,*,#14915,.T.);
#14934=EDGE_LOOP('',(#14928,#14930,#14932,#14933));
#14935=FACE_OUTER_BOUND('',#14934,.F.);
#14936=ADVANCED_FACE('',(#14935),#14927,.T.);
#14937=CARTESIAN_POINT('',(1.965479181703E0,3.844302309738E0,7.12E0));
#14938=DIRECTION('',(-9.953675218063E-1,9.614310444953E-2,0.E0));
#14939=DIRECTION('',(-9.614310444953E-2,-9.953675218063E-1,0.E0));
#14940=AXIS2_PLACEMENT_3D('',#14937,#14938,#14939);
#14941=PLANE('',#14940);
#14942=ORIENTED_EDGE('',*,*,#13434,.F.);
#14943=ORIENTED_EDGE('',*,*,#14736,.F.);
#14945=ORIENTED_EDGE('',*,*,#14944,.F.);
#14946=ORIENTED_EDGE('',*,*,#14929,.T.);
#14947=EDGE_LOOP('',(#14942,#14943,#14945,#14946));
#14948=FACE_OUTER_BOUND('',#14947,.F.);
#14949=ADVANCED_FACE('',(#14948),#14941,.T.);
#14950=CARTESIAN_POINT('',(0.E0,0.E0,7.27E0));
#14951=DIRECTION('',(0.E0,0.E0,1.E0));
#14952=DIRECTION('',(1.E0,0.E0,0.E0));
#14953=AXIS2_PLACEMENT_3D('',#14950,#14951,#14952);
#14954=PLANE('',#14953);
#14955=ORIENTED_EDGE('',*,*,#14734,.T.);
#14956=ORIENTED_EDGE('',*,*,#14749,.T.);
#14957=ORIENTED_EDGE('',*,*,#14763,.T.);
#14958=ORIENTED_EDGE('',*,*,#14777,.T.);
#14959=ORIENTED_EDGE('',*,*,#14791,.T.);
#14960=ORIENTED_EDGE('',*,*,#14805,.T.);
#14961=ORIENTED_EDGE('',*,*,#14819,.T.);
#14962=ORIENTED_EDGE('',*,*,#14833,.T.);
#14963=ORIENTED_EDGE('',*,*,#14847,.T.);
#14964=ORIENTED_EDGE('',*,*,#14861,.T.);
#14965=ORIENTED_EDGE('',*,*,#14875,.T.);
#14966=ORIENTED_EDGE('',*,*,#14889,.T.);
#14967=ORIENTED_EDGE('',*,*,#14903,.T.);
#14968=ORIENTED_EDGE('',*,*,#14917,.T.);
#14969=ORIENTED_EDGE('',*,*,#14931,.T.);
#14970=ORIENTED_EDGE('',*,*,#14944,.T.);
#14971=EDGE_LOOP('',(#14955,#14956,#14957,#14958,#14959,#14960,#14961,#14962,
#14963,#14964,#14965,#14966,#14967,#14968,#14969,#14970));
#14972=FACE_OUTER_BOUND('',#14971,.F.);
#14974=ORIENTED_EDGE('',*,*,#14973,.T.);
#14976=ORIENTED_EDGE('',*,*,#14975,.T.);
#14978=ORIENTED_EDGE('',*,*,#14977,.T.);
#14980=ORIENTED_EDGE('',*,*,#14979,.T.);
#14982=ORIENTED_EDGE('',*,*,#14981,.T.);
#14984=ORIENTED_EDGE('',*,*,#14983,.T.);
#14986=ORIENTED_EDGE('',*,*,#14985,.T.);
#14988=ORIENTED_EDGE('',*,*,#14987,.T.);
#14990=ORIENTED_EDGE('',*,*,#14989,.T.);
#14992=ORIENTED_EDGE('',*,*,#14991,.T.);
#14993=EDGE_LOOP('',(#14974,#14976,#14978,#14980,#14982,#14984,#14986,#14988,
#14990,#14992));
#14994=FACE_BOUND('',#14993,.F.);
#14995=ADVANCED_FACE('',(#14972,#14994),#14954,.T.);
#14996=CARTESIAN_POINT('',(2.058846707505E0,3.940819695714E0,7.12E0));
#14997=DIRECTION('',(4.379540105510E-1,8.989973774390E-1,0.E0));
#14998=DIRECTION('',(-8.989973774390E-1,4.379540105510E-1,0.E0));
#14999=AXIS2_PLACEMENT_3D('',#14996,#14997,#14998);
#15000=PLANE('',#14999);
#15002=ORIENTED_EDGE('',*,*,#15001,.F.);
#15004=ORIENTED_EDGE('',*,*,#15003,.F.);
#15005=ORIENTED_EDGE('',*,*,#14973,.F.);
#15007=ORIENTED_EDGE('',*,*,#15006,.T.);
#15008=EDGE_LOOP('',(#15002,#15004,#15005,#15007));
#15009=FACE_OUTER_BOUND('',#15008,.F.);
#15010=ADVANCED_FACE('',(#15009),#15000,.T.);
#15011=CARTESIAN_POINT('',(0.E0,0.E0,7.12E0));
#15012=DIRECTION('',(0.E0,0.E0,1.E0));
#15013=DIRECTION('',(-1.E0,0.E0,0.E0));
#15014=AXIS2_PLACEMENT_3D('',#15011,#15012,#15013);
#15015=PLANE('',#15014);
#15016=ORIENTED_EDGE('',*,*,#15001,.T.);
#15018=ORIENTED_EDGE('',*,*,#15017,.T.);
#15020=ORIENTED_EDGE('',*,*,#15019,.T.);
#15022=ORIENTED_EDGE('',*,*,#15021,.T.);
#15024=ORIENTED_EDGE('',*,*,#15023,.T.);
#15026=ORIENTED_EDGE('',*,*,#15025,.F.);
#15028=ORIENTED_EDGE('',*,*,#15027,.T.);
#15030=ORIENTED_EDGE('',*,*,#15029,.T.);
#15032=ORIENTED_EDGE('',*,*,#15031,.T.);
#15034=ORIENTED_EDGE('',*,*,#15033,.F.);
#15035=EDGE_LOOP('',(#15016,#15018,#15020,#15022,#15024,#15026,#15028,#15030,
#15032,#15034));
#15036=FACE_OUTER_BOUND('',#15035,.F.);
#15037=ADVANCED_FACE('',(#15036),#15015,.T.);
#15038=CARTESIAN_POINT('',(1.702993436044E0,4.114176561168E0,7.12E0));
#15039=DIRECTION('',(8.989973774390E-1,-4.379540105510E-1,0.E0));
#15040=DIRECTION('',(4.379540105510E-1,8.989973774390E-1,0.E0));
#15041=AXIS2_PLACEMENT_3D('',#15038,#15039,#15040);
#15042=PLANE('',#15041);
#15043=ORIENTED_EDGE('',*,*,#15017,.F.);
#15044=ORIENTED_EDGE('',*,*,#15006,.F.);
#15045=ORIENTED_EDGE('',*,*,#14991,.F.);
#15047=ORIENTED_EDGE('',*,*,#15046,.T.);
#15048=EDGE_LOOP('',(#15043,#15044,#15045,#15047));
#15049=FACE_OUTER_BOUND('',#15048,.F.);
#15050=ADVANCED_FACE('',(#15049),#15042,.T.);
#15051=CARTESIAN_POINT('',(1.842766002045E0,4.401090637179E0,7.12E0));
#15052=DIRECTION('',(-4.379540105510E-1,-8.989973774390E-1,0.E0));
#15053=DIRECTION('',(8.989973774390E-1,-4.379540105510E-1,0.E0));
#15054=AXIS2_PLACEMENT_3D('',#15051,#15052,#15053);
#15055=PLANE('',#15054);
#15056=ORIENTED_EDGE('',*,*,#15019,.F.);
#15057=ORIENTED_EDGE('',*,*,#15046,.F.);
#15058=ORIENTED_EDGE('',*,*,#14989,.F.);
#15060=ORIENTED_EDGE('',*,*,#15059,.T.);
#15061=EDGE_LOOP('',(#15056,#15057,#15058,#15060));
#15062=FACE_OUTER_BOUND('',#15061,.F.);
#15063=ADVANCED_FACE('',(#15062),#15055,.T.);
#15064=CARTESIAN_POINT('',(2.198619273506E0,4.227733771725E0,7.12E0));
#15065=DIRECTION('',(-7.043050584992E-1,-7.098974465178E-1,0.E0));
#15066=DIRECTION('',(7.098974465178E-1,-7.043050584992E-1,0.E0));
#15067=AXIS2_PLACEMENT_3D('',#15064,#15065,#15066);
#15068=PLANE('',#15067);
#15069=ORIENTED_EDGE('',*,*,#15021,.F.);
#15070=ORIENTED_EDGE('',*,*,#15059,.F.);
#15071=ORIENTED_EDGE('',*,*,#14987,.F.);
#15073=ORIENTED_EDGE('',*,*,#15072,.T.);
#15074=EDGE_LOOP('',(#15069,#15070,#15071,#15073));
#15075=FACE_OUTER_BOUND('',#15074,.F.);
#15076=ADVANCED_FACE('',(#15075),#15068,.T.);
#15077=CARTESIAN_POINT('',(2.245488011594E0,4.181234253403E0,7.12E0));
#15078=DIRECTION('',(-9.487452592157E-1,-3.160418217827E-1,0.E0));
#15079=DIRECTION('',(3.160418217827E-1,-9.487452592157E-1,0.E0));
#15080=AXIS2_PLACEMENT_3D('',#15077,#15078,#15079);
#15081=PLANE('',#15080);
#15082=ORIENTED_EDGE('',*,*,#15023,.F.);
#15083=ORIENTED_EDGE('',*,*,#15072,.F.);
#15084=ORIENTED_EDGE('',*,*,#14985,.F.);
#15086=ORIENTED_EDGE('',*,*,#15085,.T.);
#15087=EDGE_LOOP('',(#15082,#15083,#15084,#15086));
#15088=FACE_OUTER_BOUND('',#15087,.F.);
#15089=ADVANCED_FACE('',(#15088),#15081,.T.);
#15090=CARTESIAN_POINT('',(2.264310182785E0,4.124730827418E0,7.12E0));
#15091=DIRECTION('',(-9.905153150143E-1,1.374023679641E-1,0.E0));
#15092=DIRECTION('',(-1.374023679641E-1,-9.905153150143E-1,0.E0));
#15093=AXIS2_PLACEMENT_3D('',#15090,#15091,#15092);
#15094=PLANE('',#15093);
#15095=ORIENTED_EDGE('',*,*,#15025,.T.);
#15096=ORIENTED_EDGE('',*,*,#15085,.F.);
#15097=ORIENTED_EDGE('',*,*,#14983,.F.);
#15099=ORIENTED_EDGE('',*,*,#15098,.T.);
#15100=EDGE_LOOP('',(#15095,#15096,#15097,#15099));
#15101=FACE_OUTER_BOUND('',#15100,.F.);
#15102=ADVANCED_FACE('',(#15101),#15094,.T.);
#15103=CARTESIAN_POINT('',(2.255084501052E0,4.058224120268E0,7.12E0));
#15104=DIRECTION('',(-8.989973774390E-1,4.379540105510E-1,0.E0));
#15105=DIRECTION('',(-4.379540105510E-1,-8.989973774390E-1,0.E0));
#15106=AXIS2_PLACEMENT_3D('',#15103,#15104,#15105);
#15107=PLANE('',#15106);
#15108=ORIENTED_EDGE('',*,*,#15027,.F.);
#15109=ORIENTED_EDGE('',*,*,#15098,.F.);
#15110=ORIENTED_EDGE('',*,*,#14981,.F.);
#15112=ORIENTED_EDGE('',*,*,#15111,.T.);
#15113=EDGE_LOOP('',(#15108,#15109,#15110,#15112));
#15114=FACE_OUTER_BOUND('',#15113,.F.);
#15115=ADVANCED_FACE('',(#15114),#15107,.T.);
#15116=CARTESIAN_POINT('',(2.227129966969E0,4.000841262198E0,7.12E0));
#15117=DIRECTION('',(-7.187422650675E-1,6.952766042415E-1,0.E0));
#15118=DIRECTION('',(-6.952766042415E-1,-7.187422650675E-1,0.E0));
#15119=AXIS2_PLACEMENT_3D('',#15116,#15117,#15118);
#15120=PLANE('',#15119);
#15121=ORIENTED_EDGE('',*,*,#15029,.F.);
#15122=ORIENTED_EDGE('',*,*,#15111,.F.);
#15123=ORIENTED_EDGE('',*,*,#14979,.F.);
#15125=ORIENTED_EDGE('',*,*,#15124,.T.);
#15126=EDGE_LOOP('',(#15121,#15122,#15123,#15125));
#15127=FACE_OUTER_BOUND('',#15126,.F.);
#15128=ADVANCED_FACE('',(#15127),#15120,.T.);
#15129=CARTESIAN_POINT('',(2.180446632743E0,3.952582360378E0,7.12E0));
#15130=DIRECTION('',(-3.359358674450E-1,9.418848618403E-1,0.E0));
#15131=DIRECTION('',(-9.418848618403E-1,-3.359358674450E-1,0.E0));
#15132=AXIS2_PLACEMENT_3D('',#15129,#15130,#15131);
#15133=PLANE('',#15132);
#15134=ORIENTED_EDGE('',*,*,#15031,.F.);
#15135=ORIENTED_EDGE('',*,*,#15124,.F.);
#15136=ORIENTED_EDGE('',*,*,#14977,.F.);
#15138=ORIENTED_EDGE('',*,*,#15137,.T.);
#15139=EDGE_LOOP('',(#15134,#15135,#15136,#15138));
#15140=FACE_OUTER_BOUND('',#15139,.F.);
#15141=ADVANCED_FACE('',(#15140),#15133,.T.);
#15142=CARTESIAN_POINT('',(2.124351784246E0,3.932575380382E0,7.12E0));
#15143=DIRECTION('',(1.248725406511E-1,9.921727917008E-1,0.E0));
#15144=DIRECTION('',(-9.921727917008E-1,1.248725406511E-1,0.E0));
#15145=AXIS2_PLACEMENT_3D('',#15142,#15143,#15144);
#15146=PLANE('',#15145);
#15147=ORIENTED_EDGE('',*,*,#15033,.T.);
#15148=ORIENTED_EDGE('',*,*,#15137,.F.);
#15149=ORIENTED_EDGE('',*,*,#14975,.F.);
#15150=ORIENTED_EDGE('',*,*,#15003,.T.);
#15151=EDGE_LOOP('',(#15147,#15148,#15149,#15150));
#15152=FACE_OUTER_BOUND('',#15151,.F.);
#15153=ADVANCED_FACE('',(#15152),#15146,.T.);
#15154=CARTESIAN_POINT('',(0.E0,0.E0,1.02E0));
#15155=DIRECTION('',(0.E0,0.E0,1.E0));
#15156=DIRECTION('',(-1.E0,0.E0,0.E0));
#15157=AXIS2_PLACEMENT_3D('',#15154,#15155,#15156);
#15158=PLANE('',#15157);
#15159=ORIENTED_EDGE('',*,*,#12559,.T.);
#15161=ORIENTED_EDGE('',*,*,#15160,.T.);
#15162=ORIENTED_EDGE('',*,*,#12624,.T.);
#15163=ORIENTED_EDGE('',*,*,#12736,.T.);
#15164=ORIENTED_EDGE('',*,*,#12456,.T.);
#15165=EDGE_LOOP('',(#15159,#15161,#15162,#15163,#15164));
#15166=FACE_OUTER_BOUND('',#15165,.F.);
#15167=ADVANCED_FACE('',(#15166),#15158,.T.);
#15168=CARTESIAN_POINT('',(0.E0,0.E0,-1.71E0));
#15169=DIRECTION('',(0.E0,0.E0,1.E0));
#15170=DIRECTION('',(0.E0,1.E0,0.E0));
#15171=AXIS2_PLACEMENT_3D('',#15168,#15169,#15170);
#15172=CYLINDRICAL_SURFACE('',#15171,4.54E0);
#15173=ORIENTED_EDGE('',*,*,#15160,.F.);
#15174=ORIENTED_EDGE('',*,*,#12557,.T.);
#15176=ORIENTED_EDGE('',*,*,#15175,.F.);
#15177=ORIENTED_EDGE('',*,*,#12626,.T.);
#15178=EDGE_LOOP('',(#15173,#15174,#15176,#15177));
#15179=FACE_OUTER_BOUND('',#15178,.F.);
#15180=ADVANCED_FACE('',(#15179),#15172,.T.);
#15181=CARTESIAN_POINT('',(0.E0,0.E0,-9.191140640343E-1));
#15182=DIRECTION('',(0.E0,0.E0,1.E0));
#15183=DIRECTION('',(0.E0,1.E0,0.E0));
#15184=AXIS2_PLACEMENT_3D('',#15181,#15182,#15183);
#15185=CONICAL_SURFACE('',#15184,4.310876522785E0,2.302549200853E1);
#15187=ORIENTED_EDGE('',*,*,#15186,.F.);
#15188=ORIENTED_EDGE('',*,*,#12628,.T.);
#15189=ORIENTED_EDGE('',*,*,#15175,.T.);
#15190=ORIENTED_EDGE('',*,*,#12555,.T.);
#15191=EDGE_LOOP('',(#15187,#15188,#15189,#15190));
#15192=FACE_OUTER_BOUND('',#15191,.F.);
#15193=ADVANCED_FACE('',(#15192),#15185,.T.);
#15194=CARTESIAN_POINT('',(0.E0,0.E0,-1.38E0));
#15195=DIRECTION('',(0.E0,0.E0,1.E0));
#15196=DIRECTION('',(-7.883829745394E-1,-6.151847571717E-1,0.E0));
#15197=AXIS2_PLACEMENT_3D('',#15194,#15195,#15196);
#15198=TOROIDAL_SURFACE('',#15197,3.897686861879E0,2.E-1);
#15199=ORIENTED_EDGE('',*,*,#12630,.F.);
#15200=ORIENTED_EDGE('',*,*,#15186,.T.);
#15201=ORIENTED_EDGE('',*,*,#12553,.F.);
#15202=ORIENTED_EDGE('',*,*,#12582,.F.);
#15203=EDGE_LOOP('',(#15199,#15200,#15201,#15202));
#15204=FACE_OUTER_BOUND('',#15203,.F.);
#15205=ADVANCED_FACE('',(#15204),#15198,.T.);
#15206=CARTESIAN_POINT('',(2.798690706209E0,-2.748831681232E0,3.62E0));
#15207=DIRECTION('',(-7.071067811865E-1,7.071067811865E-1,0.E0));
#15208=DIRECTION('',(0.E0,0.E0,1.E0));
#15209=AXIS2_PLACEMENT_3D('',#15206,#15207,#15208);
#15210=CYLINDRICAL_SURFACE('',#15209,6.E-1);
#15212=ORIENTED_EDGE('',*,*,#15211,.T.);
#15213=ORIENTED_EDGE('',*,*,#12739,.F.);
#15214=ORIENTED_EDGE('',*,*,#12620,.T.);
#15215=ORIENTED_EDGE('',*,*,#12644,.F.);
#15216=ORIENTED_EDGE('',*,*,#12711,.F.);
#15217=EDGE_LOOP('',(#15212,#15213,#15214,#15215,#15216));
#15218=FACE_OUTER_BOUND('',#15217,.F.);
#15219=ADVANCED_FACE('',(#15218),#15210,.F.);
#15220=CARTESIAN_POINT('',(-4.154252339471E0,5.038135815954E0,4.22E0));
#15221=DIRECTION('',(0.E0,0.E0,1.E0));
#15222=DIRECTION('',(-7.071067811865E-1,-7.071067811865E-1,0.E0));
#15223=AXIS2_PLACEMENT_3D('',#15220,#15221,#15222);
#15224=PLANE('',#15223);
#15225=ORIENTED_EDGE('',*,*,#15211,.F.);
#15226=ORIENTED_EDGE('',*,*,#12709,.T.);
#15227=ORIENTED_EDGE('',*,*,#12741,.T.);
#15228=EDGE_LOOP('',(#15225,#15226,#15227));
#15229=FACE_OUTER_BOUND('',#15228,.F.);
#15230=ADVANCED_FACE('',(#15229),#15224,.F.);
#15231=CARTESIAN_POINT('',(0.E0,0.E0,-1.450072803252E-2));
#15232=DIRECTION('',(0.E0,0.E0,1.E0));
#15233=DIRECTION('',(7.071067811865E-1,7.071067811865E-1,0.E0));
#15234=AXIS2_PLACEMENT_3D('',#15231,#15232,#15233);
#15235=CONICAL_SURFACE('',#15234,3.085E0,4.8E1);
#15236=ORIENTED_EDGE('',*,*,#12539,.T.);
#15237=ORIENTED_EDGE('',*,*,#12648,.T.);
#15239=ORIENTED_EDGE('',*,*,#15238,.T.);
#15241=ORIENTED_EDGE('',*,*,#15240,.T.);
#15243=ORIENTED_EDGE('',*,*,#15242,.F.);
#15245=ORIENTED_EDGE('',*,*,#15244,.F.);
#15247=ORIENTED_EDGE('',*,*,#15246,.T.);
#15248=EDGE_LOOP('',(#15236,#15237,#15239,#15241,#15243,#15245,#15247));
#15249=FACE_OUTER_BOUND('',#15248,.F.);
#15250=ADVANCED_FACE('',(#15249),#15235,.F.);
#15251=CARTESIAN_POINT('',(3.3E0,-1.64E0,-7.85E0));
#15252=DIRECTION('',(0.E0,1.E0,0.E0));
#15253=DIRECTION('',(-1.E0,0.E0,0.E0));
#15254=AXIS2_PLACEMENT_3D('',#15251,#15252,#15253);
#15255=PLANE('',#15254);
#15256=ORIENTED_EDGE('',*,*,#12604,.F.);
#15258=ORIENTED_EDGE('',*,*,#15257,.F.);
#15260=ORIENTED_EDGE('',*,*,#15259,.T.);
#15261=ORIENTED_EDGE('',*,*,#15238,.F.);
#15262=EDGE_LOOP('',(#15256,#15258,#15260,#15261));
#15263=FACE_OUTER_BOUND('',#15262,.F.);
#15264=ADVANCED_FACE('',(#15263),#15255,.F.);
#15265=CARTESIAN_POINT('',(0.E0,0.E0,-2.119407806656E-1));
#15266=DIRECTION('',(0.E0,0.E0,1.E0));
#15267=DIRECTION('',(7.071067811865E-1,7.071067811865E-1,0.E0));
#15268=AXIS2_PLACEMENT_3D('',#15265,#15266,#15267);
#15269=CONICAL_SURFACE('',#15268,3.164615916590E0,4.8E1);
#15270=ORIENTED_EDGE('',*,*,#12602,.T.);
#15271=ORIENTED_EDGE('',*,*,#12600,.T.);
#15273=ORIENTED_EDGE('',*,*,#15272,.T.);
#15275=ORIENTED_EDGE('',*,*,#15274,.T.);
#15277=ORIENTED_EDGE('',*,*,#15276,.T.);
#15279=ORIENTED_EDGE('',*,*,#15278,.T.);
#15280=ORIENTED_EDGE('',*,*,#15257,.T.);
#15281=EDGE_LOOP('',(#15270,#15271,#15273,#15275,#15277,#15279,#15280));
#15282=FACE_OUTER_BOUND('',#15281,.F.);
#15283=ADVANCED_FACE('',(#15282),#15269,.T.);
#15284=CARTESIAN_POINT('',(2.1E0,1.64E0,-7.85E0));
#15285=DIRECTION('',(0.E0,-1.E0,0.E0));
#15286=DIRECTION('',(1.E0,0.E0,0.E0));
#15287=AXIS2_PLACEMENT_3D('',#15284,#15285,#15286);
#15288=PLANE('',#15287);
#15289=ORIENTED_EDGE('',*,*,#12598,.F.);
#15290=ORIENTED_EDGE('',*,*,#15246,.F.);
#15292=ORIENTED_EDGE('',*,*,#15291,.T.);
#15293=ORIENTED_EDGE('',*,*,#15272,.F.);
#15294=EDGE_LOOP('',(#15289,#15290,#15292,#15293));
#15295=FACE_OUTER_BOUND('',#15294,.F.);
#15296=ADVANCED_FACE('',(#15295),#15288,.F.);
#15297=CARTESIAN_POINT('',(2.481090735559E0,1.372265415287E0,
-7.890960385587E-2));
#15298=CARTESIAN_POINT('',(2.512020797691E0,1.372610621564E0,
-1.091609386227E-1));
#15299=CARTESIAN_POINT('',(2.576511719900E0,1.373317127093E0,
-1.724934494944E-1));
#15300=CARTESIAN_POINT('',(2.659579737096E0,1.374192580702E0,
-2.547003665146E-1));
#15301=CARTESIAN_POINT('',(2.711748194967E0,1.374725378369E0,
-3.066215786755E-1));
#15302=CARTESIAN_POINT('',(2.730493643181E0,1.374914678288E0,
-3.253142762057E-1));
#15303=CARTESIAN_POINT('',(2.340335350873E0,1.532849328549E0,
-2.257633155124E-1));
#15304=CARTESIAN_POINT('',(2.371447615279E0,1.533950053881E0,
-2.553631338265E-1));
#15305=CARTESIAN_POINT('',(2.436330087673E0,1.536184758965E0,
-3.173779556665E-1));
#15306=CARTESIAN_POINT('',(2.519925401268E0,1.538911592323E0,
-3.979881062701E-1));
#15307=CARTESIAN_POINT('',(2.572433037899E0,1.540552126242E0,
-4.489533913248E-1));
#15308=CARTESIAN_POINT('',(2.591301182676E0,1.541132675686E0,
-4.673083677781E-1));
#15309=CARTESIAN_POINT('',(2.440274804193E0,1.748035949361E0,
-1.214939143441E-1));
#15310=CARTESIAN_POINT('',(2.472103767979E0,1.748600242622E0,
-1.506735995784E-1));
#15311=CARTESIAN_POINT('',(2.538436000954E0,1.749735684162E0,
-2.118387041956E-1));
#15312=CARTESIAN_POINT('',(2.623787616208E0,1.751097127994E0,
-2.914191733702E-1));
#15313=CARTESIAN_POINT('',(2.677345967365E0,1.751905226414E0,
-3.417680248761E-1));
#15314=CARTESIAN_POINT('',(2.696585198717E0,1.752189837353E0,
-3.599052204959E-1));
#15315=CARTESIAN_POINT('',(2.596434012285E0,1.620619084707E0,
4.143100231498E-2));
#15316=CARTESIAN_POINT('',(2.628191239786E0,1.620345177804E0,
1.166455639299E-2));
#15317=CARTESIAN_POINT('',(2.694355376431E0,1.619782988590E0,
-5.068726901844E-2));
#15318=CARTESIAN_POINT('',(2.779450396792E0,1.619082603059E0,
-1.317057982092E-1));
#15319=CARTESIAN_POINT('',(2.832831517454E0,1.618654660649E0,
-1.829155649595E-1));
#15320=CARTESIAN_POINT('',(2.852005248393E0,1.618502408601E0,
-2.013569147576E-1));
#15321=(BOUNDED_SURFACE()B_SPLINE_SURFACE(3,3,((#15297,#15298,#15299,#15300,
#15301,#15302),(#15303,#15304,#15305,#15306,#15307,#15308),(#15309,#15310,
#15311,#15312,#15313,#15314),(#15315,#15316,#15317,#15318,#15319,#15320)),
.UNSPECIFIED.,.F.,.F.,.F.)B_SPLINE_SURFACE_WITH_KNOTS((4,4),(4,1,1,4),(0.E0,
1.E0),(2.157259285583E-2,3.276399298205E-1,6.609714864701E-1,8.481948930685E-1),
.UNSPECIFIED.)GEOMETRIC_REPRESENTATION_ITEM()RATIONAL_B_SPLINE_SURFACE(((
1.856896803549E0,1.856896803549E0,1.856896803549E0,1.856896803549E0,
1.856896803549E0,1.856896803549E0),(7.143677321503E-1,7.143677321503E-1,
7.143677321503E-1,7.143677321503E-1,7.143677321503E-1,7.143677321503E-1),(
7.143677321503E-1,7.143677321503E-1,7.143677321503E-1,7.143677321503E-1,
7.143677321503E-1,7.143677321503E-1),(1.856896803549E0,1.856896803549E0,
1.856896803549E0,1.856896803549E0,1.856896803549E0,1.856896803549E0)))REPRESENTATION_ITEM('')SURFACE());
#15322=ORIENTED_EDGE('',*,*,#15274,.F.);
#15323=ORIENTED_EDGE('',*,*,#15291,.F.);
#15324=ORIENTED_EDGE('',*,*,#15244,.T.);
#15326=ORIENTED_EDGE('',*,*,#15325,.F.);
#15327=EDGE_LOOP('',(#15322,#15323,#15324,#15326));
#15328=FACE_OUTER_BOUND('',#15327,.F.);
#15329=ADVANCED_FACE('',(#15328),#15321,.T.);
#15330=CARTESIAN_POINT('',(0.E0,0.E0,-2.553899587754E-1));
#15331=DIRECTION('',(0.E0,0.E0,-1.E0));
#15332=DIRECTION('',(-7.071067811865E-1,-7.071067811865E-1,0.E0));
#15333=AXIS2_PLACEMENT_3D('',#15330,#15331,#15332);
#15334=CONICAL_SURFACE('',#15333,2.966913060636E0,4.2E1);
#15336=ORIENTED_EDGE('',*,*,#15335,.T.);
#15337=ORIENTED_EDGE('',*,*,#15276,.F.);
#15338=ORIENTED_EDGE('',*,*,#15325,.T.);
#15339=ORIENTED_EDGE('',*,*,#15242,.T.);
#15340=EDGE_LOOP('',(#15336,#15337,#15338,#15339));
#15341=FACE_OUTER_BOUND('',#15340,.F.);
#15342=ADVANCED_FACE('',(#15341),#15334,.F.);
#15343=CARTESIAN_POINT('',(2.730490988785E0,-1.374914651451E0,
-3.253116292233E-1));
#15344=CARTESIAN_POINT('',(2.711746423719E0,-1.374725360248E0,
-3.066198157662E-1));
#15345=CARTESIAN_POINT('',(2.659578849113E0,-1.374192571312E0,
-2.546994876875E-1));
#15346=CARTESIAN_POINT('',(2.576439928013E0,-1.373316370447E0,
-1.724224017577E-1));
#15347=CARTESIAN_POINT('',(2.511876683876E0,-1.372609042718E0,
-1.090194140019E-1));
#15348=CARTESIAN_POINT('',(2.480874147083E0,-1.372262997838E0,
-7.869777014267E-2));
#15349=CARTESIAN_POINT('',(2.591298510824E0,-1.541132593436E0,
-4.673057687013E-1));
#15350=CARTESIAN_POINT('',(2.572431255052E0,-1.540552070499E0,
-4.489516609552E-1));
#15351=CARTESIAN_POINT('',(2.519924507567E0,-1.538911563129E0,
-3.979872445962E-1));
#15352=CARTESIAN_POINT('',(2.436257839985E0,-1.536182402243E0,
-3.173082880261E-1));
#15353=CARTESIAN_POINT('',(2.371302626435E0,-1.533945059933E0,
-2.552245539439E-1));
#15354=CARTESIAN_POINT('',(2.340117486533E0,-1.532841620176E0,
-2.255560444616E-1));
#15355=CARTESIAN_POINT('',(2.696582474329E0,-1.752189797099E0,
-3.599026522458E-1));
#15356=CARTESIAN_POINT('',(2.677344148856E0,-1.751905199024E0,
-3.417663154245E-1));
#15357=CARTESIAN_POINT('',(2.623786703743E0,-1.751097113485E0,
-2.914183226925E-1));
#15358=CARTESIAN_POINT('',(2.538362235386E0,-1.749734507576E0,
-2.117699264515E-1));
#15359=CARTESIAN_POINT('',(2.471955539346E0,-1.748597705266E0,
-1.505369185581E-1));
#15360=CARTESIAN_POINT('',(2.440051920810E0,-1.748031997606E0,
-1.212895854809E-1));
#15361=CARTESIAN_POINT('',(2.852002533328E0,-1.618502430159E0,
-2.013543033908E-1));
#15362=CARTESIAN_POINT('',(2.832829705009E0,-1.618654675177E0,
-1.829138262298E-1));
#15363=CARTESIAN_POINT('',(2.779449487116E0,-1.619082610544E0,
-1.317049321105E-1));
#15364=CARTESIAN_POINT('',(2.694281832673E0,-1.619783593900E0,
-5.061724837594E-2));
#15365=CARTESIAN_POINT('',(2.628043386793E0,-1.620346434113E0,
1.180388944029E-2));
#15366=CARTESIAN_POINT('',(2.596211631137E0,-1.620621002814E0,
4.163944032021E-2));
#15367=(BOUNDED_SURFACE()B_SPLINE_SURFACE(3,3,((#15343,#15344,#15345,#15346,
#15347,#15348),(#15349,#15350,#15351,#15352,#15353,#15354),(#15355,#15356,
#15357,#15358,#15359,#15360),(#15361,#15362,#15363,#15364,#15365,#15366)),
.UNSPECIFIED.,.F.,.F.,.F.)B_SPLINE_SURFACE_WITH_KNOTS((4,4),(4,1,1,4),(0.E0,
1.E0),(1.518139439799E-1,3.390285135299E-1,6.723600701795E-1,9.791418186198E-1),
.UNSPECIFIED.)GEOMETRIC_REPRESENTATION_ITEM()RATIONAL_B_SPLINE_SURFACE(((
1.856896803850E0,1.856896803850E0,1.856896803850E0,1.856896803850E0,
1.856896803850E0,1.856896803850E0),(7.143677320499E-1,7.143677320499E-1,
7.143677320499E-1,7.143677320499E-1,7.143677320499E-1,7.143677320499E-1),(
7.143677320499E-1,7.143677320499E-1,7.143677320499E-1,7.143677320499E-1,
7.143677320499E-1,7.143677320499E-1),(1.856896803850E0,1.856896803850E0,
1.856896803850E0,1.856896803850E0,1.856896803850E0,1.856896803850E0)))REPRESENTATION_ITEM('')SURFACE());
#15368=ORIENTED_EDGE('',*,*,#15240,.F.);
#15369=ORIENTED_EDGE('',*,*,#15259,.F.);
#15370=ORIENTED_EDGE('',*,*,#15278,.F.);
#15371=ORIENTED_EDGE('',*,*,#15335,.F.);
#15372=EDGE_LOOP('',(#15368,#15369,#15370,#15371));
#15373=FACE_OUTER_BOUND('',#15372,.F.);
#15374=ADVANCED_FACE('',(#15373),#15367,.T.);
#15375=CARTESIAN_POINT('',(0.E0,0.E0,-1.450072803252E-2));
#15376=DIRECTION('',(0.E0,0.E0,1.E0));
#15377=DIRECTION('',(-7.071067811865E-1,-7.071067811865E-1,0.E0));
#15378=AXIS2_PLACEMENT_3D('',#15375,#15376,#15377);
#15379=CONICAL_SURFACE('',#15378,3.085E0,4.8E1);
#15380=ORIENTED_EDGE('',*,*,#12529,.T.);
#15382=ORIENTED_EDGE('',*,*,#15381,.T.);
#15384=ORIENTED_EDGE('',*,*,#15383,.T.);
#15386=ORIENTED_EDGE('',*,*,#15385,.F.);
#15388=ORIENTED_EDGE('',*,*,#15387,.F.);
#15390=ORIENTED_EDGE('',*,*,#15389,.T.);
#15391=ORIENTED_EDGE('',*,*,#12656,.T.);
#15392=EDGE_LOOP('',(#15380,#15382,#15384,#15386,#15388,#15390,#15391));
#15393=FACE_OUTER_BOUND('',#15392,.F.);
#15394=ADVANCED_FACE('',(#15393),#15379,.F.);
#15395=CARTESIAN_POINT('',(-3.3E0,1.64E0,-7.85E0));
#15396=DIRECTION('',(0.E0,-1.E0,0.E0));
#15397=DIRECTION('',(1.E0,0.E0,0.E0));
#15398=AXIS2_PLACEMENT_3D('',#15395,#15396,#15397);
#15399=PLANE('',#15398);
#15400=ORIENTED_EDGE('',*,*,#12308,.F.);
#15402=ORIENTED_EDGE('',*,*,#15401,.F.);
#15404=ORIENTED_EDGE('',*,*,#15403,.T.);
#15405=ORIENTED_EDGE('',*,*,#15381,.F.);
#15406=EDGE_LOOP('',(#15400,#15402,#15404,#15405));
#15407=FACE_OUTER_BOUND('',#15406,.F.);
#15408=ADVANCED_FACE('',(#15407),#15399,.F.);
#15409=CARTESIAN_POINT('',(0.E0,0.E0,-2.119407806656E-1));
#15410=DIRECTION('',(0.E0,0.E0,1.E0));
#15411=DIRECTION('',(-7.071067811865E-1,-7.071067811865E-1,0.E0));
#15412=AXIS2_PLACEMENT_3D('',#15409,#15410,#15411);
#15413=CONICAL_SURFACE('',#15412,3.164615916590E0,4.8E1);
#15414=ORIENTED_EDGE('',*,*,#12306,.T.);
#15415=ORIENTED_EDGE('',*,*,#12304,.T.);
#15417=ORIENTED_EDGE('',*,*,#15416,.T.);
#15419=ORIENTED_EDGE('',*,*,#15418,.T.);
#15421=ORIENTED_EDGE('',*,*,#15420,.T.);
#15423=ORIENTED_EDGE('',*,*,#15422,.T.);
#15424=ORIENTED_EDGE('',*,*,#15401,.T.);
#15425=EDGE_LOOP('',(#15414,#15415,#15417,#15419,#15421,#15423,#15424));
#15426=FACE_OUTER_BOUND('',#15425,.F.);
#15427=ADVANCED_FACE('',(#15426),#15413,.T.);
#15428=CARTESIAN_POINT('',(-2.1E0,-1.64E0,-7.85E0));
#15429=DIRECTION('',(0.E0,1.E0,0.E0));
#15430=DIRECTION('',(-1.E0,0.E0,0.E0));
#15431=AXIS2_PLACEMENT_3D('',#15428,#15429,#15430);
#15432=PLANE('',#15431);
#15433=ORIENTED_EDGE('',*,*,#12302,.F.);
#15434=ORIENTED_EDGE('',*,*,#15389,.F.);
#15436=ORIENTED_EDGE('',*,*,#15435,.T.);
#15437=ORIENTED_EDGE('',*,*,#15416,.F.);
#15438=EDGE_LOOP('',(#15433,#15434,#15436,#15437));
#15439=FACE_OUTER_BOUND('',#15438,.F.);
#15440=ADVANCED_FACE('',(#15439),#15432,.F.);
#15441=CARTESIAN_POINT('',(-2.481090735559E0,-1.372265415287E0,
-7.890960385586E-2));
#15442=CARTESIAN_POINT('',(-2.512020797691E0,-1.372610621564E0,
-1.091609386227E-1));
#15443=CARTESIAN_POINT('',(-2.576511719900E0,-1.373317127093E0,
-1.724934494944E-1));
#15444=CARTESIAN_POINT('',(-2.659579737096E0,-1.374192580702E0,
-2.547003665146E-1));
#15445=CARTESIAN_POINT('',(-2.711748194967E0,-1.374725378369E0,
-3.066215786755E-1));
#15446=CARTESIAN_POINT('',(-2.730493643181E0,-1.374914678288E0,
-3.253142762057E-1));
#15447=CARTESIAN_POINT('',(-2.340335350873E0,-1.532849328549E0,
-2.257633155124E-1));
#15448=CARTESIAN_POINT('',(-2.371447615279E0,-1.533950053881E0,
-2.553631338264E-1));
#15449=CARTESIAN_POINT('',(-2.436330087673E0,-1.536184758965E0,
-3.173779556665E-1));
#15450=CARTESIAN_POINT('',(-2.519925401268E0,-1.538911592323E0,
-3.979881062701E-1));
#15451=CARTESIAN_POINT('',(-2.572433037899E0,-1.540552126242E0,
-4.489533913248E-1));
#15452=CARTESIAN_POINT('',(-2.591301182676E0,-1.541132675686E0,
-4.673083677781E-1));
#15453=CARTESIAN_POINT('',(-2.440274804193E0,-1.748035949361E0,
-1.214939143441E-1));
#15454=CARTESIAN_POINT('',(-2.472103767979E0,-1.748600242622E0,
-1.506735995784E-1));
#15455=CARTESIAN_POINT('',(-2.538436000954E0,-1.749735684162E0,
-2.118387041956E-1));
#15456=CARTESIAN_POINT('',(-2.623787616208E0,-1.751097127994E0,
-2.914191733702E-1));
#15457=CARTESIAN_POINT('',(-2.677345967365E0,-1.751905226414E0,
-3.417680248761E-1));
#15458=CARTESIAN_POINT('',(-2.696585198717E0,-1.752189837353E0,
-3.599052204959E-1));
#15459=CARTESIAN_POINT('',(-2.596434012285E0,-1.620619084707E0,
4.143100231499E-2));
#15460=CARTESIAN_POINT('',(-2.628191239786E0,-1.620345177804E0,
1.166455639299E-2));
#15461=CARTESIAN_POINT('',(-2.694355376431E0,-1.619782988590E0,
-5.068726901844E-2));
#15462=CARTESIAN_POINT('',(-2.779450396792E0,-1.619082603059E0,
-1.317057982092E-1));
#15463=CARTESIAN_POINT('',(-2.832831517454E0,-1.618654660649E0,
-1.829155649595E-1));
#15464=CARTESIAN_POINT('',(-2.852005248393E0,-1.618502408601E0,
-2.013569147576E-1));
#15465=(BOUNDED_SURFACE()B_SPLINE_SURFACE(3,3,((#15441,#15442,#15443,#15444,
#15445,#15446),(#15447,#15448,#15449,#15450,#15451,#15452),(#15453,#15454,
#15455,#15456,#15457,#15458),(#15459,#15460,#15461,#15462,#15463,#15464)),
.UNSPECIFIED.,.F.,.F.,.F.)B_SPLINE_SURFACE_WITH_KNOTS((4,4),(4,1,1,4),(0.E0,
1.E0),(2.157259285579E-2,3.276399298205E-1,6.609714864701E-1,8.481948930685E-1),
.UNSPECIFIED.)GEOMETRIC_REPRESENTATION_ITEM()RATIONAL_B_SPLINE_SURFACE(((
1.856896803549E0,1.856896803549E0,1.856896803549E0,1.856896803549E0,
1.856896803549E0,1.856896803549E0),(7.143677321503E-1,7.143677321503E-1,
7.143677321503E-1,7.143677321503E-1,7.143677321503E-1,7.143677321503E-1),(
7.143677321503E-1,7.143677321503E-1,7.143677321503E-1,7.143677321503E-1,
7.143677321503E-1,7.143677321503E-1),(1.856896803549E0,1.856896803549E0,
1.856896803549E0,1.856896803549E0,1.856896803549E0,1.856896803549E0)))REPRESENTATION_ITEM('')SURFACE());
#15466=ORIENTED_EDGE('',*,*,#15418,.F.);
#15467=ORIENTED_EDGE('',*,*,#15435,.F.);
#15468=ORIENTED_EDGE('',*,*,#15387,.T.);
#15470=ORIENTED_EDGE('',*,*,#15469,.F.);
#15471=EDGE_LOOP('',(#15466,#15467,#15468,#15470));
#15472=FACE_OUTER_BOUND('',#15471,.F.);
#15473=ADVANCED_FACE('',(#15472),#15465,.T.);
#15474=CARTESIAN_POINT('',(0.E0,0.E0,-2.553899587754E-1));
#15475=DIRECTION('',(0.E0,0.E0,-1.E0));
#15476=DIRECTION('',(7.071067811865E-1,7.071067811865E-1,0.E0));
#15477=AXIS2_PLACEMENT_3D('',#15474,#15475,#15476);
#15478=CONICAL_SURFACE('',#15477,2.966913060636E0,4.2E1);
#15480=ORIENTED_EDGE('',*,*,#15479,.T.);
#15481=ORIENTED_EDGE('',*,*,#15420,.F.);
#15482=ORIENTED_EDGE('',*,*,#15469,.T.);
#15483=ORIENTED_EDGE('',*,*,#15385,.T.);
#15484=EDGE_LOOP('',(#15480,#15481,#15482,#15483));
#15485=FACE_OUTER_BOUND('',#15484,.F.);
#15486=ADVANCED_FACE('',(#15485),#15478,.F.);
#15487=CARTESIAN_POINT('',(-2.730490988785E0,1.374914651451E0,
-3.253116292233E-1));
#15488=CARTESIAN_POINT('',(-2.711746423719E0,1.374725360248E0,
-3.066198157662E-1));
#15489=CARTESIAN_POINT('',(-2.659578849113E0,1.374192571312E0,
-2.546994876875E-1));
#15490=CARTESIAN_POINT('',(-2.576439928013E0,1.373316370447E0,
-1.724224017577E-1));
#15491=CARTESIAN_POINT('',(-2.511876683876E0,1.372609042718E0,
-1.090194140019E-1));
#15492=CARTESIAN_POINT('',(-2.480874147083E0,1.372262997838E0,
-7.869777014266E-2));
#15493=CARTESIAN_POINT('',(-2.591298510824E0,1.541132593436E0,
-4.673057687013E-1));
#15494=CARTESIAN_POINT('',(-2.572431255052E0,1.540552070499E0,
-4.489516609552E-1));
#15495=CARTESIAN_POINT('',(-2.519924507567E0,1.538911563129E0,
-3.979872445962E-1));
#15496=CARTESIAN_POINT('',(-2.436257839985E0,1.536182402243E0,
-3.173082880261E-1));
#15497=CARTESIAN_POINT('',(-2.371302626435E0,1.533945059933E0,
-2.552245539438E-1));
#15498=CARTESIAN_POINT('',(-2.340117486533E0,1.532841620176E0,
-2.255560444616E-1));
#15499=CARTESIAN_POINT('',(-2.696582474329E0,1.752189797099E0,
-3.599026522458E-1));
#15500=CARTESIAN_POINT('',(-2.677344148856E0,1.751905199024E0,
-3.417663154245E-1));
#15501=CARTESIAN_POINT('',(-2.623786703743E0,1.751097113485E0,
-2.914183226925E-1));
#15502=CARTESIAN_POINT('',(-2.538362235386E0,1.749734507576E0,
-2.117699264515E-1));
#15503=CARTESIAN_POINT('',(-2.471955539346E0,1.748597705266E0,
-1.505369185581E-1));
#15504=CARTESIAN_POINT('',(-2.440051920810E0,1.748031997606E0,
-1.212895854808E-1));
#15505=CARTESIAN_POINT('',(-2.852002533328E0,1.618502430159E0,
-2.013543033908E-1));
#15506=CARTESIAN_POINT('',(-2.832829705009E0,1.618654675177E0,
-1.829138262298E-1));
#15507=CARTESIAN_POINT('',(-2.779449487116E0,1.619082610544E0,
-1.317049321105E-1));
#15508=CARTESIAN_POINT('',(-2.694281832673E0,1.619783593900E0,
-5.061724837592E-2));
#15509=CARTESIAN_POINT('',(-2.628043386793E0,1.620346434113E0,
1.180388944030E-2));
#15510=CARTESIAN_POINT('',(-2.596211631137E0,1.620621002814E0,
4.163944032022E-2));
#15511=(BOUNDED_SURFACE()B_SPLINE_SURFACE(3,3,((#15487,#15488,#15489,#15490,
#15491,#15492),(#15493,#15494,#15495,#15496,#15497,#15498),(#15499,#15500,
#15501,#15502,#15503,#15504),(#15505,#15506,#15507,#15508,#15509,#15510)),
.UNSPECIFIED.,.F.,.F.,.F.)B_SPLINE_SURFACE_WITH_KNOTS((4,4),(4,1,1,4),(0.E0,
1.E0),(1.518139439799E-1,3.390285135299E-1,6.723600701795E-1,9.791418186198E-1),
.UNSPECIFIED.)GEOMETRIC_REPRESENTATION_ITEM()RATIONAL_B_SPLINE_SURFACE(((
1.856896803850E0,1.856896803850E0,1.856896803850E0,1.856896803850E0,
1.856896803850E0,1.856896803850E0),(7.143677320499E-1,7.143677320499E-1,
7.143677320499E-1,7.143677320499E-1,7.143677320499E-1,7.143677320499E-1),(
7.143677320499E-1,7.143677320499E-1,7.143677320499E-1,7.143677320499E-1,
7.143677320499E-1,7.143677320499E-1),(1.856896803850E0,1.856896803850E0,
1.856896803850E0,1.856896803850E0,1.856896803850E0,1.856896803850E0)))REPRESENTATION_ITEM('')SURFACE());
#15512=ORIENTED_EDGE('',*,*,#15383,.F.);
#15513=ORIENTED_EDGE('',*,*,#15403,.F.);
#15514=ORIENTED_EDGE('',*,*,#15422,.F.);
#15515=ORIENTED_EDGE('',*,*,#15479,.F.);
#15516=EDGE_LOOP('',(#15512,#15513,#15514,#15515));
#15517=FACE_OUTER_BOUND('',#15516,.F.);
#15518=ADVANCED_FACE('',(#15517),#15511,.T.);
#15519=CARTESIAN_POINT('',(2.225541157828E0,2.175682132851E0,3.62E0));
#15520=DIRECTION('',(7.071067811865E-1,7.071067811865E-1,0.E0));
#15521=DIRECTION('',(0.E0,0.E0,1.E0));
#15522=AXIS2_PLACEMENT_3D('',#15519,#15520,#15521);
#15523=CYLINDRICAL_SURFACE('',#15522,6.E-1);
#15524=ORIENTED_EDGE('',*,*,#12562,.T.);
#15525=ORIENTED_EDGE('',*,*,#12452,.F.);
#15527=ORIENTED_EDGE('',*,*,#15526,.T.);
#15529=ORIENTED_EDGE('',*,*,#15528,.T.);
#15530=ORIENTED_EDGE('',*,*,#12506,.F.);
#15531=EDGE_LOOP('',(#15524,#15525,#15527,#15529,#15530));
#15532=FACE_OUTER_BOUND('',#15531,.F.);
#15533=ADVANCED_FACE('',(#15532),#15523,.F.);
#15534=CARTESIAN_POINT('',(-4.154252339471E0,-5.038135815954E0,4.22E0));
#15535=DIRECTION('',(0.E0,0.E0,-1.E0));
#15536=DIRECTION('',(-7.071067811865E-1,7.071067811865E-1,0.E0));
#15537=AXIS2_PLACEMENT_3D('',#15534,#15535,#15536);
#15538=PLANE('',#15537);
#15540=ORIENTED_EDGE('',*,*,#15539,.T.);
#15541=ORIENTED_EDGE('',*,*,#15526,.F.);
#15542=ORIENTED_EDGE('',*,*,#12450,.T.);
#15543=EDGE_LOOP('',(#15540,#15541,#15542));
#15544=FACE_OUTER_BOUND('',#15543,.F.);
#15545=ADVANCED_FACE('',(#15544),#15538,.T.);
#15546=CARTESIAN_POINT('',(2.418982502971E0,1.994071955248E0,3.62E0));
#15547=DIRECTION('',(0.E0,1.E0,0.E0));
#15548=DIRECTION('',(-9.998933543411E-1,0.E0,1.460410711074E-2));
#15549=AXIS2_PLACEMENT_3D('',#15546,#15547,#15548);
#15550=CYLINDRICAL_SURFACE('',#15549,6.E-1);
#15551=ORIENTED_EDGE('',*,*,#15539,.F.);
#15552=ORIENTED_EDGE('',*,*,#12448,.F.);
#15554=ORIENTED_EDGE('',*,*,#15553,.F.);
#15555=ORIENTED_EDGE('',*,*,#12508,.F.);
#15556=ORIENTED_EDGE('',*,*,#15528,.F.);
#15557=EDGE_LOOP('',(#15551,#15552,#15554,#15555,#15556));
#15558=FACE_OUTER_BOUND('',#15557,.F.);
#15559=ADVANCED_FACE('',(#15558),#15550,.F.);
#15560=CARTESIAN_POINT('',(1.779563310903E0,0.E0,9.423571398375E-1));
#15561=CARTESIAN_POINT('',(1.779946074986E0,0.E0,9.682380922043E-1));
#15562=CARTESIAN_POINT('',(1.782712365892E0,0.E0,1.155317186933E0));
#15563=CARTESIAN_POINT('',(1.792153401124E0,0.E0,1.794630193053E0));
#15564=CARTESIAN_POINT('',(1.804940135224E0,0.E0,2.664217560037E0));
#15565=CARTESIAN_POINT('',(1.815683862452E0,0.E0,3.398488445505E0));
#15566=CARTESIAN_POINT('',(1.819802443658E0,0.E0,3.680524689896E0));
#15567=CARTESIAN_POINT('',(1.820180317709E0,0.E0,3.706405804208E0));
#15569=DIRECTION('',(0.E0,-1.E0,0.E0));
#15570=VECTOR('',#15569,1.E0);
#15571=SURFACE_OF_LINEAR_EXTRUSION('',#15568,#15570);
#15572=ORIENTED_EDGE('',*,*,#15553,.T.);
#15573=ORIENTED_EDGE('',*,*,#12446,.F.);
#15575=ORIENTED_EDGE('',*,*,#15574,.T.);
#15576=ORIENTED_EDGE('',*,*,#12510,.F.);
#15577=EDGE_LOOP('',(#15572,#15573,#15575,#15576));
#15578=FACE_OUTER_BOUND('',#15577,.F.);
#15579=ADVANCED_FACE('',(#15578),#15571,.T.);
#15580=CARTESIAN_POINT('',(0.E0,0.E0,1.02E0));
#15581=DIRECTION('',(0.E0,0.E0,1.E0));
#15582=DIRECTION('',(-1.E0,0.E0,0.E0));
#15583=AXIS2_PLACEMENT_3D('',#15580,#15581,#15582);
#15584=PLANE('',#15583);
#15586=ORIENTED_EDGE('',*,*,#15585,.T.);
#15588=ORIENTED_EDGE('',*,*,#15587,.T.);
#15590=ORIENTED_EDGE('',*,*,#15589,.T.);
#15592=ORIENTED_EDGE('',*,*,#15591,.T.);
#15593=ORIENTED_EDGE('',*,*,#15574,.F.);
#15594=ORIENTED_EDGE('',*,*,#12444,.T.);
#15596=ORIENTED_EDGE('',*,*,#15595,.T.);
#15597=EDGE_LOOP('',(#15586,#15588,#15590,#15592,#15593,#15594,#15596));
#15598=FACE_OUTER_BOUND('',#15597,.F.);
#15599=ADVANCED_FACE('',(#15598),#15584,.T.);
#15600=CARTESIAN_POINT('',(5.108846494073E0,-4.083541661352E0,-1.58E0));
#15601=DIRECTION('',(-7.070017055071E-1,-7.070017055071E-1,-1.723881725084E-2));
#15602=DIRECTION('',(-1.218968457770E-2,-1.218968457770E-2,9.998514005490E-1));
#15603=AXIS2_PLACEMENT_3D('',#15600,#15601,#15602);
#15604=PLANE('',#15603);
#15606=ORIENTED_EDGE('',*,*,#15605,.F.);
#15608=ORIENTED_EDGE('',*,*,#15607,.T.);
#15610=ORIENTED_EDGE('',*,*,#15609,.F.);
#15612=ORIENTED_EDGE('',*,*,#15611,.F.);
#15613=ORIENTED_EDGE('',*,*,#15585,.F.);
#15614=ORIENTED_EDGE('',*,*,#12520,.F.);
#15616=ORIENTED_EDGE('',*,*,#15615,.T.);
#15617=EDGE_LOOP('',(#15606,#15608,#15610,#15612,#15613,#15614,#15616));
#15618=FACE_OUTER_BOUND('',#15617,.F.);
#15619=ADVANCED_FACE('',(#15618),#15604,.T.);
#15620=CARTESIAN_POINT('',(0.E0,0.E0,-1.58E0));
#15621=DIRECTION('',(0.E0,0.E0,1.E0));
#15622=DIRECTION('',(-1.E0,0.E0,0.E0));
#15623=AXIS2_PLACEMENT_3D('',#15620,#15621,#15622);
#15624=PLANE('',#15623);
#15625=ORIENTED_EDGE('',*,*,#15605,.T.);
#15627=ORIENTED_EDGE('',*,*,#15626,.T.);
#15629=ORIENTED_EDGE('',*,*,#15628,.T.);
#15631=ORIENTED_EDGE('',*,*,#15630,.T.);
#15632=EDGE_LOOP('',(#15625,#15627,#15629,#15631));
#15633=FACE_OUTER_BOUND('',#15632,.F.);
#15634=ADVANCED_FACE('',(#15633),#15624,.F.);
#15635=CARTESIAN_POINT('',(0.E0,0.E0,-7.142023489479E-1));
#15636=DIRECTION('',(0.E0,0.E0,-1.E0));
#15637=DIRECTION('',(1.E0,0.E0,0.E0));
#15638=AXIS2_PLACEMENT_3D('',#15635,#15636,#15637);
#15639=CONICAL_SURFACE('',#15638,3.359917007405E0,5.940037252300E0);
#15641=ORIENTED_EDGE('',*,*,#15640,.F.);
#15642=ORIENTED_EDGE('',*,*,#15626,.F.);
#15643=ORIENTED_EDGE('',*,*,#15615,.F.);
#15644=ORIENTED_EDGE('',*,*,#12518,.T.);
#15646=ORIENTED_EDGE('',*,*,#15645,.T.);
#15648=ORIENTED_EDGE('',*,*,#15647,.F.);
#15650=ORIENTED_EDGE('',*,*,#15649,.T.);
#15651=ORIENTED_EDGE('',*,*,#12514,.T.);
#15652=EDGE_LOOP('',(#15641,#15642,#15643,#15644,#15646,#15648,#15650,#15651));
#15653=FACE_OUTER_BOUND('',#15652,.F.);
#15654=ADVANCED_FACE('',(#15653),#15639,.F.);
#15655=CARTESIAN_POINT('',(-5.038135815954E0,-4.154252339471E0,4.22E0));
#15656=DIRECTION('',(7.070017055071E-1,-7.070017055071E-1,-1.723881725084E-2));
#15657=DIRECTION('',(-1.218968457770E-2,1.218968457770E-2,-9.998514005490E-1));
#15658=AXIS2_PLACEMENT_3D('',#15655,#15656,#15657);
#15659=PLANE('',#15658);
#15660=ORIENTED_EDGE('',*,*,#15628,.F.);
#15661=ORIENTED_EDGE('',*,*,#15640,.T.);
#15662=ORIENTED_EDGE('',*,*,#12512,.F.);
#15663=ORIENTED_EDGE('',*,*,#15591,.F.);
#15665=ORIENTED_EDGE('',*,*,#15664,.F.);
#15667=ORIENTED_EDGE('',*,*,#15666,.F.);
#15669=ORIENTED_EDGE('',*,*,#15668,.T.);
#15670=EDGE_LOOP('',(#15660,#15661,#15662,#15663,#15665,#15667,#15669));
#15671=FACE_OUTER_BOUND('',#15670,.F.);
#15672=ADVANCED_FACE('',(#15671),#15659,.T.);
#15673=CARTESIAN_POINT('',(0.E0,0.E0,-1.71E0));
#15674=DIRECTION('',(0.E0,0.E0,1.E0));
#15675=DIRECTION('',(0.E0,1.E0,0.E0));
#15676=AXIS2_PLACEMENT_3D('',#15673,#15674,#15675);
#15677=CYLINDRICAL_SURFACE('',#15676,4.54E0);
#15678=ORIENTED_EDGE('',*,*,#15589,.F.);
#15679=ORIENTED_EDGE('',*,*,#15587,.F.);
#15680=ORIENTED_EDGE('',*,*,#15611,.T.);
#15682=ORIENTED_EDGE('',*,*,#15681,.F.);
#15684=ORIENTED_EDGE('',*,*,#15683,.F.);
#15685=ORIENTED_EDGE('',*,*,#15664,.T.);
#15686=EDGE_LOOP('',(#15678,#15679,#15680,#15682,#15684,#15685));
#15687=FACE_OUTER_BOUND('',#15686,.F.);
#15688=ADVANCED_FACE('',(#15687),#15677,.T.);
#15689=CARTESIAN_POINT('',(0.E0,0.E0,-9.191140640343E-1));
#15690=DIRECTION('',(0.E0,0.E0,1.E0));
#15691=DIRECTION('',(0.E0,1.E0,0.E0));
#15692=AXIS2_PLACEMENT_3D('',#15689,#15690,#15691);
#15693=CONICAL_SURFACE('',#15692,4.310876522785E0,2.302549200853E1);
#15695=ORIENTED_EDGE('',*,*,#15694,.F.);
#15697=ORIENTED_EDGE('',*,*,#15696,.F.);
#15698=ORIENTED_EDGE('',*,*,#15666,.T.);
#15699=ORIENTED_EDGE('',*,*,#15683,.T.);
#15700=ORIENTED_EDGE('',*,*,#15681,.T.);
#15701=ORIENTED_EDGE('',*,*,#15609,.T.);
#15702=EDGE_LOOP('',(#15695,#15697,#15698,#15699,#15700,#15701));
#15703=FACE_OUTER_BOUND('',#15702,.F.);
#15704=ADVANCED_FACE('',(#15703),#15693,.T.);
#15705=CARTESIAN_POINT('',(0.E0,0.E0,-1.38E0));
#15706=DIRECTION('',(0.E0,0.E0,1.E0));
#15707=DIRECTION('',(-6.083458608370E-1,-7.936720441104E-1,0.E0));
#15708=AXIS2_PLACEMENT_3D('',#15705,#15706,#15707);
#15709=TOROIDAL_SURFACE('',#15708,3.897686861879E0,2.E-1);
#15710=ORIENTED_EDGE('',*,*,#15607,.F.);
#15711=ORIENTED_EDGE('',*,*,#15630,.F.);
#15712=ORIENTED_EDGE('',*,*,#15668,.F.);
#15713=ORIENTED_EDGE('',*,*,#15696,.T.);
#15714=ORIENTED_EDGE('',*,*,#15694,.T.);
#15715=EDGE_LOOP('',(#15710,#15711,#15712,#15713,#15714));
#15716=FACE_OUTER_BOUND('',#15715,.F.);
#15717=ADVANCED_FACE('',(#15716),#15709,.T.);
#15718=CARTESIAN_POINT('',(-1.64E0,2.1E0,-7.85E0));
#15719=DIRECTION('',(1.E0,0.E0,0.E0));
#15720=DIRECTION('',(0.E0,1.E0,0.E0));
#15721=AXIS2_PLACEMENT_3D('',#15718,#15719,#15720);
#15722=PLANE('',#15721);
#15723=ORIENTED_EDGE('',*,*,#15645,.F.);
#15725=ORIENTED_EDGE('',*,*,#15724,.F.);
#15727=ORIENTED_EDGE('',*,*,#15726,.T.);
#15729=ORIENTED_EDGE('',*,*,#15728,.F.);
#15730=EDGE_LOOP('',(#15723,#15725,#15727,#15729));
#15731=FACE_OUTER_BOUND('',#15730,.F.);
#15732=ADVANCED_FACE('',(#15731),#15722,.F.);
#15733=CARTESIAN_POINT('',(0.E0,0.E0,-1.450072803252E-2));
#15734=DIRECTION('',(0.E0,0.E0,1.E0));
#15735=DIRECTION('',(-7.071067811865E-1,7.071067811865E-1,0.E0));
#15736=AXIS2_PLACEMENT_3D('',#15733,#15734,#15735);
#15737=CONICAL_SURFACE('',#15736,3.085E0,4.8E1);
#15738=ORIENTED_EDGE('',*,*,#12516,.T.);
#15740=ORIENTED_EDGE('',*,*,#15739,.T.);
#15742=ORIENTED_EDGE('',*,*,#15741,.T.);
#15744=ORIENTED_EDGE('',*,*,#15743,.F.);
#15746=ORIENTED_EDGE('',*,*,#15745,.F.);
#15747=ORIENTED_EDGE('',*,*,#15724,.T.);
#15748=EDGE_LOOP('',(#15738,#15740,#15742,#15744,#15746,#15747));
#15749=FACE_OUTER_BOUND('',#15748,.F.);
#15750=ADVANCED_FACE('',(#15749),#15737,.F.);
#15751=CARTESIAN_POINT('',(1.64E0,3.3E0,-7.85E0));
#15752=DIRECTION('',(-1.E0,0.E0,0.E0));
#15753=DIRECTION('',(0.E0,-1.E0,0.E0));
#15754=AXIS2_PLACEMENT_3D('',#15751,#15752,#15753);
#15755=PLANE('',#15754);
#15756=ORIENTED_EDGE('',*,*,#15649,.F.);
#15758=ORIENTED_EDGE('',*,*,#15757,.F.);
#15760=ORIENTED_EDGE('',*,*,#15759,.T.);
#15761=ORIENTED_EDGE('',*,*,#15739,.F.);
#15762=EDGE_LOOP('',(#15756,#15758,#15760,#15761));
#15763=FACE_OUTER_BOUND('',#15762,.F.);
#15764=ADVANCED_FACE('',(#15763),#15755,.F.);
#15765=CARTESIAN_POINT('',(0.E0,0.E0,-2.119407806656E-1));
#15766=DIRECTION('',(0.E0,0.E0,1.E0));
#15767=DIRECTION('',(-7.071067811865E-1,7.071067811865E-1,0.E0));
#15768=AXIS2_PLACEMENT_3D('',#15765,#15766,#15767);
#15769=CONICAL_SURFACE('',#15768,3.164615916590E0,4.8E1);
#15770=ORIENTED_EDGE('',*,*,#15647,.T.);
#15771=ORIENTED_EDGE('',*,*,#15728,.T.);
#15773=ORIENTED_EDGE('',*,*,#15772,.T.);
#15775=ORIENTED_EDGE('',*,*,#15774,.T.);
#15777=ORIENTED_EDGE('',*,*,#15776,.T.);
#15778=ORIENTED_EDGE('',*,*,#15757,.T.);
#15779=EDGE_LOOP('',(#15770,#15771,#15773,#15775,#15777,#15778));
#15780=FACE_OUTER_BOUND('',#15779,.F.);
#15781=ADVANCED_FACE('',(#15780),#15769,.T.);
#15782=CARTESIAN_POINT('',(-1.372265415287E0,2.481090735559E0,
-7.890960385586E-2));
#15783=CARTESIAN_POINT('',(-1.372610621564E0,2.512020797691E0,
-1.091609386227E-1));
#15784=CARTESIAN_POINT('',(-1.373317127093E0,2.576511719900E0,
-1.724934494944E-1));
#15785=CARTESIAN_POINT('',(-1.374192580702E0,2.659579737096E0,
-2.547003665146E-1));
#15786=CARTESIAN_POINT('',(-1.374725378369E0,2.711748194967E0,
-3.066215786755E-1));
#15787=CARTESIAN_POINT('',(-1.374914678288E0,2.730493643181E0,
-3.253142762057E-1));
#15788=CARTESIAN_POINT('',(-1.532849328549E0,2.340335350873E0,
-2.257633155124E-1));
#15789=CARTESIAN_POINT('',(-1.533950053881E0,2.371447615279E0,
-2.553631338264E-1));
#15790=CARTESIAN_POINT('',(-1.536184758965E0,2.436330087673E0,
-3.173779556665E-1));
#15791=CARTESIAN_POINT('',(-1.538911592323E0,2.519925401268E0,
-3.979881062701E-1));
#15792=CARTESIAN_POINT('',(-1.540552126242E0,2.572433037899E0,
-4.489533913248E-1));
#15793=CARTESIAN_POINT('',(-1.541132675686E0,2.591301182676E0,
-4.673083677781E-1));
#15794=CARTESIAN_POINT('',(-1.748035949361E0,2.440274804193E0,
-1.214939143441E-1));
#15795=CARTESIAN_POINT('',(-1.748600242622E0,2.472103767979E0,
-1.506735995784E-1));
#15796=CARTESIAN_POINT('',(-1.749735684162E0,2.538436000954E0,
-2.118387041956E-1));
#15797=CARTESIAN_POINT('',(-1.751097127994E0,2.623787616208E0,
-2.914191733702E-1));
#15798=CARTESIAN_POINT('',(-1.751905226414E0,2.677345967365E0,
-3.417680248761E-1));
#15799=CARTESIAN_POINT('',(-1.752189837353E0,2.696585198717E0,
-3.599052204959E-1));
#15800=CARTESIAN_POINT('',(-1.620619084707E0,2.596434012285E0,
4.143100231499E-2));
#15801=CARTESIAN_POINT('',(-1.620345177804E0,2.628191239786E0,
1.166455639300E-2));
#15802=CARTESIAN_POINT('',(-1.619782988590E0,2.694355376431E0,
-5.068726901844E-2));
#15803=CARTESIAN_POINT('',(-1.619082603059E0,2.779450396792E0,
-1.317057982092E-1));
#15804=CARTESIAN_POINT('',(-1.618654660649E0,2.832831517454E0,
-1.829155649595E-1));
#15805=CARTESIAN_POINT('',(-1.618502408601E0,2.852005248393E0,
-2.013569147576E-1));
#15806=(BOUNDED_SURFACE()B_SPLINE_SURFACE(3,3,((#15782,#15783,#15784,#15785,
#15786,#15787),(#15788,#15789,#15790,#15791,#15792,#15793),(#15794,#15795,
#15796,#15797,#15798,#15799),(#15800,#15801,#15802,#15803,#15804,#15805)),
.UNSPECIFIED.,.F.,.F.,.F.)B_SPLINE_SURFACE_WITH_KNOTS((4,4),(4,1,1,4),(0.E0,
1.E0),(2.157259285578E-2,3.276399298205E-1,6.609714864701E-1,8.481948930685E-1),
.UNSPECIFIED.)GEOMETRIC_REPRESENTATION_ITEM()RATIONAL_B_SPLINE_SURFACE(((
1.856896803549E0,1.856896803549E0,1.856896803549E0,1.856896803549E0,
1.856896803549E0,1.856896803549E0),(7.143677321503E-1,7.143677321503E-1,
7.143677321503E-1,7.143677321503E-1,7.143677321503E-1,7.143677321503E-1),(
7.143677321503E-1,7.143677321503E-1,7.143677321503E-1,7.143677321503E-1,
7.143677321503E-1,7.143677321503E-1),(1.856896803549E0,1.856896803549E0,
1.856896803549E0,1.856896803549E0,1.856896803549E0,1.856896803549E0)))REPRESENTATION_ITEM('')SURFACE());
#15807=ORIENTED_EDGE('',*,*,#15772,.F.);
#15808=ORIENTED_EDGE('',*,*,#15726,.F.);
#15809=ORIENTED_EDGE('',*,*,#15745,.T.);
#15811=ORIENTED_EDGE('',*,*,#15810,.F.);
#15812=EDGE_LOOP('',(#15807,#15808,#15809,#15811));
#15813=FACE_OUTER_BOUND('',#15812,.F.);
#15814=ADVANCED_FACE('',(#15813),#15806,.T.);
#15815=CARTESIAN_POINT('',(0.E0,0.E0,-2.553899587754E-1));
#15816=DIRECTION('',(0.E0,0.E0,-1.E0));
#15817=DIRECTION('',(7.071067811865E-1,-7.071067811865E-1,0.E0));
#15818=AXIS2_PLACEMENT_3D('',#15815,#15816,#15817);
#15819=CONICAL_SURFACE('',#15818,2.966913060636E0,4.2E1);
#15821=ORIENTED_EDGE('',*,*,#15820,.T.);
#15822=ORIENTED_EDGE('',*,*,#15774,.F.);
#15823=ORIENTED_EDGE('',*,*,#15810,.T.);
#15824=ORIENTED_EDGE('',*,*,#15743,.T.);
#15825=EDGE_LOOP('',(#15821,#15822,#15823,#15824));
#15826=FACE_OUTER_BOUND('',#15825,.F.);
#15827=ADVANCED_FACE('',(#15826),#15819,.F.);
#15828=CARTESIAN_POINT('',(1.374914651451E0,2.730490988785E0,
-3.253116292233E-1));
#15829=CARTESIAN_POINT('',(1.374725360248E0,2.711746423719E0,
-3.066198157663E-1));
#15830=CARTESIAN_POINT('',(1.374192571312E0,2.659578849113E0,
-2.546994876875E-1));
#15831=CARTESIAN_POINT('',(1.373316370447E0,2.576439928013E0,
-1.724224017577E-1));
#15832=CARTESIAN_POINT('',(1.372609042718E0,2.511876683876E0,
-1.090194140019E-1));
#15833=CARTESIAN_POINT('',(1.372262997838E0,2.480874147083E0,
-7.869777014266E-2));
#15834=CARTESIAN_POINT('',(1.541132593436E0,2.591298510824E0,
-4.673057687013E-1));
#15835=CARTESIAN_POINT('',(1.540552070499E0,2.572431255052E0,
-4.489516609552E-1));
#15836=CARTESIAN_POINT('',(1.538911563129E0,2.519924507567E0,
-3.979872445962E-1));
#15837=CARTESIAN_POINT('',(1.536182402243E0,2.436257839985E0,
-3.173082880261E-1));
#15838=CARTESIAN_POINT('',(1.533945059933E0,2.371302626435E0,
-2.552245539438E-1));
#15839=CARTESIAN_POINT('',(1.532841620176E0,2.340117486533E0,
-2.255560444616E-1));
#15840=CARTESIAN_POINT('',(1.752189797099E0,2.696582474329E0,
-3.599026522459E-1));
#15841=CARTESIAN_POINT('',(1.751905199024E0,2.677344148856E0,
-3.417663154245E-1));
#15842=CARTESIAN_POINT('',(1.751097113485E0,2.623786703743E0,
-2.914183226925E-1));
#15843=CARTESIAN_POINT('',(1.749734507576E0,2.538362235386E0,
-2.117699264515E-1));
#15844=CARTESIAN_POINT('',(1.748597705266E0,2.471955539346E0,
-1.505369185581E-1));
#15845=CARTESIAN_POINT('',(1.748031997606E0,2.440051920810E0,
-1.212895854808E-1));
#15846=CARTESIAN_POINT('',(1.618502430159E0,2.852002533328E0,
-2.013543033909E-1));
#15847=CARTESIAN_POINT('',(1.618654675177E0,2.832829705009E0,
-1.829138262299E-1));
#15848=CARTESIAN_POINT('',(1.619082610544E0,2.779449487116E0,
-1.317049321105E-1));
#15849=CARTESIAN_POINT('',(1.619783593900E0,2.694281832673E0,
-5.061724837593E-2));
#15850=CARTESIAN_POINT('',(1.620346434113E0,2.628043386793E0,
1.180388944030E-2));
#15851=CARTESIAN_POINT('',(1.620621002814E0,2.596211631137E0,
4.163944032023E-2));
#15852=(BOUNDED_SURFACE()B_SPLINE_SURFACE(3,3,((#15828,#15829,#15830,#15831,
#15832,#15833),(#15834,#15835,#15836,#15837,#15838,#15839),(#15840,#15841,
#15842,#15843,#15844,#15845),(#15846,#15847,#15848,#15849,#15850,#15851)),
.UNSPECIFIED.,.F.,.F.,.F.)B_SPLINE_SURFACE_WITH_KNOTS((4,4),(4,1,1,4),(0.E0,
1.E0),(1.518139439798E-1,3.390285135299E-1,6.723600701795E-1,9.791418186199E-1),
.UNSPECIFIED.)GEOMETRIC_REPRESENTATION_ITEM()RATIONAL_B_SPLINE_SURFACE(((
1.856896803850E0,1.856896803850E0,1.856896803850E0,1.856896803850E0,
1.856896803850E0,1.856896803850E0),(7.143677320499E-1,7.143677320499E-1,
7.143677320499E-1,7.143677320499E-1,7.143677320499E-1,7.143677320499E-1),(
7.143677320499E-1,7.143677320499E-1,7.143677320499E-1,7.143677320499E-1,
7.143677320499E-1,7.143677320499E-1),(1.856896803850E0,1.856896803850E0,
1.856896803850E0,1.856896803850E0,1.856896803850E0,1.856896803850E0)))REPRESENTATION_ITEM('')SURFACE());
#15853=ORIENTED_EDGE('',*,*,#15741,.F.);
#15854=ORIENTED_EDGE('',*,*,#15759,.F.);
#15855=ORIENTED_EDGE('',*,*,#15776,.F.);
#15856=ORIENTED_EDGE('',*,*,#15820,.F.);
#15857=EDGE_LOOP('',(#15853,#15854,#15855,#15856));
#15858=FACE_OUTER_BOUND('',#15857,.F.);
#15859=ADVANCED_FACE('',(#15858),#15852,.T.);
#15860=CARTESIAN_POINT('',(-1.779563310903E0,0.E0,9.423571398316E-1));
#15861=CARTESIAN_POINT('',(-1.779946074986E0,0.E0,9.682380922003E-1));
#15862=CARTESIAN_POINT('',(-1.782712365892E0,0.E0,1.155317186931E0));
#15863=CARTESIAN_POINT('',(-1.792153401124E0,0.E0,1.794630193053E0));
#15864=CARTESIAN_POINT('',(-1.804940135224E0,0.E0,2.664217560037E0));
#15865=CARTESIAN_POINT('',(-1.815683862452E0,0.E0,3.398488445505E0));
#15866=CARTESIAN_POINT('',(-1.819802443658E0,0.E0,3.680524689896E0));
#15867=CARTESIAN_POINT('',(-1.820180317709E0,0.E0,3.706405804208E0));
#15869=DIRECTION('',(0.E0,1.E0,0.E0));
#15870=VECTOR('',#15869,1.E0);
#15871=SURFACE_OF_LINEAR_EXTRUSION('',#15868,#15870);
#15873=ORIENTED_EDGE('',*,*,#15872,.T.);
#15874=ORIENTED_EDGE('',*,*,#12522,.F.);
#15875=ORIENTED_EDGE('',*,*,#15595,.F.);
#15876=ORIENTED_EDGE('',*,*,#12442,.F.);
#15877=EDGE_LOOP('',(#15873,#15874,#15875,#15876));
#15878=FACE_OUTER_BOUND('',#15877,.F.);
#15879=ADVANCED_FACE('',(#15878),#15871,.T.);
#15880=CARTESIAN_POINT('',(-2.418982502971E0,3.507003257479E0,3.62E0));
#15881=DIRECTION('',(0.E0,-1.E0,0.E0));
#15882=DIRECTION('',(9.998933543411E-1,0.E0,1.460410711074E-2));
#15883=AXIS2_PLACEMENT_3D('',#15880,#15881,#15882);
#15884=CYLINDRICAL_SURFACE('',#15883,6.E-1);
#15885=ORIENTED_EDGE('',*,*,#15872,.F.);
#15886=ORIENTED_EDGE('',*,*,#12440,.F.);
#15887=ORIENTED_EDGE('',*,*,#12478,.T.);
#15888=ORIENTED_EDGE('',*,*,#12494,.T.);
#15889=ORIENTED_EDGE('',*,*,#12524,.F.);
#15890=EDGE_LOOP('',(#15885,#15886,#15887,#15888,#15889));
#15891=FACE_OUTER_BOUND('',#15890,.F.);
#15892=ADVANCED_FACE('',(#15891),#15884,.F.);
#15893=CLOSED_SHELL('',(#12314,#12339,#12354,#12378,#12391,#12404,#12417,#12432,
#12470,#12483,#12498,#12545,#12569,#12586,#12610,#12634,#12678,#12700,#12716,
#12749,#12770,#12785,#12797,#12810,#12829,#12849,#12864,#12883,#12902,#12917,
#12935,#12949,#12966,#12999,#13012,#13044,#13060,#13076,#13089,#13104,#13117,
#13137,#13155,#13171,#13189,#13205,#13225,#13240,#13255,#13466,#13480,#13499,
#13512,#13525,#13538,#13550,#13563,#13578,#13593,#13620,#13635,#13649,#13663,
#13677,#13691,#13705,#13719,#13732,#13748,#13763,#13777,#13791,#13804,#13816,
#13831,#13845,#13859,#13873,#13887,#13901,#13915,#13929,#13943,#13957,#13971,
#13985,#13999,#14013,#14027,#14041,#14055,#14069,#14083,#14097,#14111,#14125,
#14139,#14153,#14167,#14181,#14195,#14209,#14223,#14237,#14251,#14265,#14279,
#14293,#14307,#14321,#14335,#14349,#14363,#14377,#14391,#14405,#14419,#14432,
#14484,#14497,#14511,#14524,#14536,#14552,#14566,#14580,#14594,#14608,#14622,
#14636,#14650,#14664,#14678,#14692,#14705,#14725,#14740,#14754,#14768,#14782,
#14796,#14810,#14824,#14838,#14852,#14866,#14880,#14894,#14908,#14922,#14936,
#14949,#14995,#15010,#15037,#15050,#15063,#15076,#15089,#15102,#15115,#15128,
#15141,#15153,#15167,#15180,#15193,#15205,#15219,#15230,#15250,#15264,#15283,
#15296,#15329,#15342,#15374,#15394,#15408,#15427,#15440,#15473,#15486,#15518,
#15533,#15545,#15559,#15579,#15599,#15619,#15634,#15654,#15672,#15688,#15704,
#15717,#15732,#15750,#15764,#15781,#15814,#15827,#15859,#15879,#15892));
#15894=MANIFOLD_SOLID_BREP('',#15893);
#15896=DIMENSIONAL_EXPONENTS(0.E0,0.E0,0.E0,0.E0,0.E0,0.E0,0.E0);
#15898=PLANE_ANGLE_MEASURE_WITH_UNIT(PLANE_ANGLE_MEASURE(1.745329251994E-2),
#15897);
#15899=(CONVERSION_BASED_UNIT('DEGREE',#15898)NAMED_UNIT(*)PLANE_ANGLE_UNIT());
#15901=UNCERTAINTY_MEASURE_WITH_UNIT(LENGTH_MEASURE(6.470709340829E-3),#15895,
'closure',
'Maximum model space distance between geometric entities at asserted connectivities');
#15902=(GEOMETRIC_REPRESENTATION_CONTEXT(3)GLOBAL_UNCERTAINTY_ASSIGNED_CONTEXT((
#15901))GLOBAL_UNIT_ASSIGNED_CONTEXT((#15895,#15899,#15900))REPRESENTATION_CONTEXT('ID4','3'));
#15903=CARTESIAN_POINT('',(0.E0,0.E0,0.E0));
#15904=DIRECTION('',(0.E0,0.E0,1.E0));
#15905=DIRECTION('',(1.E0,0.E0,0.E0));
#15908=MECHANICAL_CONTEXT('',#6353,'mechanical');
#15909=PRODUCT('DM4F_453_1','DM4F_453_1','NOT SPECIFIED',(#15908));
#15910=PRODUCT_DEFINITION_FORMATION_WITH_SPECIFIED_SOURCE('1','LAST_VERSION',
#15909,.MADE.);
#15916=CARTESIAN_POINT('',(-1.588E1,0.E0,0.E0));
#15917=DIRECTION('',(-1.E0,0.E0,0.E0));
#15918=DIRECTION('',(0.E0,-1.E0,0.E0));
#15919=AXIS2_PLACEMENT_3D('',#15916,#15917,#15918);
#15920=ITEM_DEFINED_TRANSFORMATION('','',#15906,#15919);
#15921=CARTESIAN_POINT('',(0.E0,0.E0,0.E0));
#15922=DIRECTION('',(0.E0,0.E0,1.E0));
#15923=DIRECTION('',(1.E0,0.E0,0.E0));
#15925=(REPRESENTATION_RELATIONSHIP('','',#15907,#6364)REPRESENTATION_RELATIONSHIP_WITH_TRANSFORMATION(#15920)SHAPE_REPRESENTATION_RELATIONSHIP());
#15926=CONTEXT_DEPENDENT_SHAPE_REPRESENTATION(#15925,#15915);
#15929=CARTESIAN_POINT('',(1.588E1,0.E0,0.E0));
#15930=DIRECTION('',(1.E0,0.E0,0.E0));
#15931=DIRECTION('',(0.E0,1.E0,0.E0));
#15932=AXIS2_PLACEMENT_3D('',#15929,#15930,#15931);
#15933=ITEM_DEFINED_TRANSFORMATION('','',#15906,#15932);
#15934=CARTESIAN_POINT('',(0.E0,0.E0,0.E0));
#15935=DIRECTION('',(0.E0,0.E0,1.E0));
#15936=DIRECTION('',(1.E0,0.E0,0.E0));
#15938=(REPRESENTATION_RELATIONSHIP('','',#15907,#6364)REPRESENTATION_RELATIONSHIP_WITH_TRANSFORMATION(#15933)SHAPE_REPRESENTATION_RELATIONSHIP());
#15939=CONTEXT_DEPENDENT_SHAPE_REPRESENTATION(#15938,#15928);
#15942=CARTESIAN_POINT('',(0.E0,0.E0,1.588E1));
#15943=DIRECTION('',(0.E0,0.E0,1.E0));
#15944=DIRECTION('',(1.E0,0.E0,0.E0));
#15945=AXIS2_PLACEMENT_3D('',#15942,#15943,#15944);
#15946=ITEM_DEFINED_TRANSFORMATION('','',#15906,#15945);
#15947=CARTESIAN_POINT('',(0.E0,0.E0,0.E0));
#15948=DIRECTION('',(0.E0,0.E0,1.E0));
#15949=DIRECTION('',(1.E0,0.E0,0.E0));
#15951=(REPRESENTATION_RELATIONSHIP('','',#15907,#6364)REPRESENTATION_RELATIONSHIP_WITH_TRANSFORMATION(#15946)SHAPE_REPRESENTATION_RELATIONSHIP());
#15952=CONTEXT_DEPENDENT_SHAPE_REPRESENTATION(#15951,#15941);
#15955=CARTESIAN_POINT('',(0.E0,0.E0,-1.588E1));
#15956=DIRECTION('',(0.E0,0.E0,-1.E0));
#15957=DIRECTION('',(-1.E0,0.E0,0.E0));
#15958=AXIS2_PLACEMENT_3D('',#15955,#15956,#15957);
#15959=ITEM_DEFINED_TRANSFORMATION('','',#15906,#15958);
#15960=CARTESIAN_POINT('',(0.E0,0.E0,0.E0));
#15961=DIRECTION('',(0.E0,0.E0,1.E0));
#15962=DIRECTION('',(1.E0,0.E0,0.E0));
#15964=(REPRESENTATION_RELATIONSHIP('','',#15907,#6364)REPRESENTATION_RELATIONSHIP_WITH_TRANSFORMATION(#15959)SHAPE_REPRESENTATION_RELATIONSHIP());
#15965=CONTEXT_DEPENDENT_SHAPE_REPRESENTATION(#15964,#15954);
#15967=DIMENSIONAL_EXPONENTS(0.E0,0.E0,0.E0,0.E0,0.E0,0.E0,0.E0);
#15969=PLANE_ANGLE_MEASURE_WITH_UNIT(PLANE_ANGLE_MEASURE(1.745329251994E-2),
#15968);
#15970=(CONVERSION_BASED_UNIT('DEGREE',#15969)NAMED_UNIT(*)PLANE_ANGLE_UNIT());
#15972=UNCERTAINTY_MEASURE_WITH_UNIT(LENGTH_MEASURE(1.018883673842E-2),#15966,
'closure',
'Maximum model space distance between geometric entities at asserted connectivities');
#15973=(GEOMETRIC_REPRESENTATION_CONTEXT(3)GLOBAL_UNCERTAINTY_ASSIGNED_CONTEXT((
#15972))GLOBAL_UNIT_ASSIGNED_CONTEXT((#15966,#15970,#15971))REPRESENTATION_CONTEXT('ID5','3'));
#15974=CARTESIAN_POINT('',(0.E0,0.E0,0.E0));
#15975=DIRECTION('',(0.E0,0.E0,1.E0));
#15976=DIRECTION('',(1.E0,0.E0,0.E0));
#15978=DESIGN_CONTEXT('',#6353,'design');
#15979=MECHANICAL_CONTEXT('',#6353,'mechanical');
#15980=PRODUCT('MDM1808-A_ASM_6_ASM','MDM1808-A_ASM_6_ASM','NOT SPECIFIED',(
#15979));
#15981=PRODUCT_DEFINITION_FORMATION_WITH_SPECIFIED_SOURCE('1','LAST_VERSION',
#15980,.MADE.);
#15988=CARTESIAN_POINT('',(0.E0,0.E0,0.E0));
#15989=DIRECTION('',(0.E0,0.E0,1.E0));
#15990=DIRECTION('',(1.E0,0.E0,0.E0));
#15991=AXIS2_PLACEMENT_3D('',#15988,#15989,#15990);
#15992=ITEM_DEFINED_TRANSFORMATION('','',#6375,#15991);
#15993=(REPRESENTATION_RELATIONSHIP('','',#6364,#15985)REPRESENTATION_RELATIONSHIP_WITH_TRANSFORMATION(#15992)SHAPE_REPRESENTATION_RELATIONSHIP());
#15994=CONTEXT_DEPENDENT_SHAPE_REPRESENTATION(#15993,#15987);
#15996=DIMENSIONAL_EXPONENTS(0.E0,0.E0,0.E0,0.E0,0.E0,0.E0,0.E0);
#15998=PLANE_ANGLE_MEASURE_WITH_UNIT(PLANE_ANGLE_MEASURE(1.745329251994E-2),
#15997);
#15999=(CONVERSION_BASED_UNIT('DEGREE',#15998)NAMED_UNIT(*)PLANE_ANGLE_UNIT());
#16001=UNCERTAINTY_MEASURE_WITH_UNIT(LENGTH_MEASURE(6.728863167615E-3),#15995,
'closure',
'Maximum model space distance between geometric entities at asserted connectivities');
#16002=(GEOMETRIC_REPRESENTATION_CONTEXT(3)GLOBAL_UNCERTAINTY_ASSIGNED_CONTEXT((
#16001))GLOBAL_UNIT_ASSIGNED_CONTEXT((#15995,#15999,#16000))REPRESENTATION_CONTEXT('ID6','3'));
#16003=CARTESIAN_POINT('',(0.E0,0.E0,0.E0));
#16004=DIRECTION('',(0.E0,0.E0,1.E0));
#16005=DIRECTION('',(1.E0,0.E0,0.E0));
#16007=MECHANICAL_CONTEXT('',#6353,'mechanical');
#16008=PRODUCT('MDM1808-A_ASM_ASM','MDM1808-A_ASM_ASM','NOT SPECIFIED',
(#16007));
#16009=PRODUCT_DEFINITION_FORMATION_WITH_SPECIFIED_SOURCE('1','LAST_VERSION',
#16008,.MADE.);
#16011=PRODUCT_CATEGORY('part','');
#16012=PRODUCT_RELATED_PRODUCT_CATEGORY('assembly','',(#15980,#16008));
#16013=PRODUCT_CATEGORY_RELATIONSHIP('','',#16011,#16012);
#16014=PRODUCT_CATEGORY('part','');
#16015=PRODUCT_RELATED_PRODUCT_CATEGORY('detail','',(#6357,#6498,#8686,#15909));
#16016=PRODUCT_CATEGORY_RELATIONSHIP('','',#16014,#16015);
#16017=SECURITY_CLASSIFICATION_LEVEL('unclassified');
#16018=SECURITY_CLASSIFICATION('','',#16017);
#16019=CC_DESIGN_SECURITY_CLASSIFICATION(#16018,(#6358,#6499,#8687,#15910,
#15981,#16009,#6365,#6503,#6516,#6529,#6542,#6555,#6568,#6581,#6594,#8691,#8704,
#8717,#8730,#15914,#15927,#15940,#15953,#15986));
#16020=APPROVAL_STATUS('approved');
#16021=APPROVAL(#16020,'');
#16022=CC_DESIGN_APPROVAL(#16021,(#16018,#6358,#6499,#8687,#15910,#15981,#16009,
#6359,#6500,#8688,#15911,#15982,#16010));
#16023=CALENDAR_DATE(126,30,6);
#16024=COORDINATED_UNIVERSAL_TIME_OFFSET(8,0,.AHEAD.);
#16025=LOCAL_TIME(11,27,4.6E1,#16024);
#16026=DATE_AND_TIME(#16023,#16025);
#16027=APPROVAL_DATE_TIME(#16026,#16021);
#16028=DATE_TIME_ROLE('creation_date');
#16029=CC_DESIGN_DATE_AND_TIME_ASSIGNMENT(#16026,#16028,(#6359,#6500,#8688,
#15911,#15982,#16010));
#16030=DATE_TIME_ROLE('classification_date');
#16031=CC_DESIGN_DATE_AND_TIME_ASSIGNMENT(#16026,#16030,(#16018));
#16032=PERSON('UNSPECIFIED','UNSPECIFIED',$,$,$,$);
#16033=ORGANIZATION('UNSPECIFIED','UNSPECIFIED','UNSPECIFIED');
#16034=PERSON_AND_ORGANIZATION(#16032,#16033);
#16035=APPROVAL_ROLE('approver');
#16036=APPROVAL_PERSON_ORGANIZATION(#16034,#16021,#16035);
#16037=PERSON_AND_ORGANIZATION_ROLE('creator');
#16038=CC_DESIGN_PERSON_AND_ORGANIZATION_ASSIGNMENT(#16034,#16037,(#6358,#6499,
#8687,#15910,#15981,#16009,#6359,#6500,#8688,#15911,#15982,#16010));
#16039=PERSON_AND_ORGANIZATION_ROLE('design_supplier');
#16040=CC_DESIGN_PERSON_AND_ORGANIZATION_ASSIGNMENT(#16034,#16039,(#6358,#6499,
#8687,#15910,#15981,#16009));
#16041=PERSON_AND_ORGANIZATION_ROLE('classification_officer');
#16042=CC_DESIGN_PERSON_AND_ORGANIZATION_ASSIGNMENT(#16034,#16041,(#16018));
#16043=PERSON_AND_ORGANIZATION_ROLE('design_owner');
#16044=CC_DESIGN_PERSON_AND_ORGANIZATION_ASSIGNMENT(#16034,#16043,(#15980,
#16008,#6357,#6498,#8686,#15909));
#9=CIRCLE('',#8,5.301764416123E0);
#14=CIRCLE('',#13,5.301764416123E0);
#19=CIRCLE('',#18,4.7E0);
#24=CIRCLE('',#23,4.7E0);
#29=CIRCLE('',#28,2.E0);
#42=CIRCLE('',#41,5.301764416123E0);
#47=CIRCLE('',#46,5.301764416123E0);
#52=CIRCLE('',#51,4.7E0);
#57=CIRCLE('',#56,4.7E0);
#62=CIRCLE('',#61,2.E0);
#91=B_SPLINE_CURVE_WITH_KNOTS('',3,(#71,#72,#73,#74,#75,#76,#77,#78,#79,#80,#81,
#82,#83,#84,#85,#86,#87,#88,#89,#90),.UNSPECIFIED.,.F.,.F.,(4,1,1,1,1,1,1,1,1,1,
1,1,1,1,1,1,1,4),(0.E0,5.882352941176E-2,1.176470588235E-1,1.764705882353E-1,
2.352941176471E-1,2.941176470588E-1,3.529411764706E-1,4.117647058824E-1,
4.705882352941E-1,5.294117647059E-1,5.882352941176E-1,6.470588235294E-1,
7.058823529412E-1,7.647058823529E-1,8.235294117647E-1,8.823529411765E-1,
9.411764705882E-1,1.E0),.UNSPECIFIED.);
#104=B_SPLINE_CURVE_WITH_KNOTS('',3,(#92,#93,#94,#95,#96,#97,#98,#99,#100,#101,
#102,#103),.UNSPECIFIED.,.F.,.F.,(4,1,1,1,1,1,1,1,1,4),(0.E0,1.111111111111E-1,
2.222222222222E-1,3.333333333333E-1,4.444444444444E-1,5.555555555556E-1,
6.666666666667E-1,7.777777777778E-1,8.888888888889E-1,1.E0),.UNSPECIFIED.);
#109=CIRCLE('',#108,5.301764417482E0);
#114=CIRCLE('',#113,5.301764417482E0);
#119=CIRCLE('',#118,4.7E0);
#124=CIRCLE('',#123,4.7E0);
#129=CIRCLE('',#128,2.E0);
#142=CIRCLE('',#141,5.301764417482E0);
#147=CIRCLE('',#146,5.301764417482E0);
#152=CIRCLE('',#151,4.7E0);
#157=CIRCLE('',#156,4.7E0);
#162=CIRCLE('',#161,2.E0);
#187=B_SPLINE_CURVE_WITH_KNOTS('',3,(#167,#168,#169,#170,#171,#172,#173,#174,
#175,#176,#177,#178,#179,#180,#181,#182,#183,#184,#185,#186),.UNSPECIFIED.,.F.,
.F.,(4,1,1,1,1,1,1,1,1,1,1,1,1,1,1,1,1,4),(0.E0,5.882352941176E-2,
1.176470588235E-1,1.764705882353E-1,2.352941176471E-1,2.941176470588E-1,
3.529411764706E-1,4.117647058824E-1,4.705882352941E-1,5.294117647059E-1,
5.882352941176E-1,6.470588235294E-1,7.058823529412E-1,7.647058823529E-1,
8.235294117647E-1,8.823529411765E-1,9.411764705882E-1,1.E0),.UNSPECIFIED.);
#200=B_SPLINE_CURVE_WITH_KNOTS('',3,(#188,#189,#190,#191,#192,#193,#194,#195,
#196,#197,#198,#199),.UNSPECIFIED.,.F.,.F.,(4,1,1,1,1,1,1,1,1,4),(0.E0,
1.111111111111E-1,2.222222222222E-1,3.333333333333E-1,4.444444444444E-1,
5.555555555556E-1,6.666666666667E-1,7.777777777778E-1,8.888888888889E-1,1.E0),
.UNSPECIFIED.);
#233=B_SPLINE_CURVE_WITH_KNOTS('',3,(#213,#214,#215,#216,#217,#218,#219,#220,
#221,#222,#223,#224,#225,#226,#227,#228,#229,#230,#231,#232),.UNSPECIFIED.,.F.,
.F.,(4,1,1,1,1,1,1,1,1,1,1,1,1,1,1,1,1,4),(0.E0,5.882352941176E-2,
1.176470588235E-1,1.764705882353E-1,2.352941176471E-1,2.941176470588E-1,
3.529411764706E-1,4.117647058824E-1,4.705882352941E-1,5.294117647059E-1,
5.882352941176E-1,6.470588235294E-1,7.058823529412E-1,7.647058823529E-1,
8.235294117647E-1,8.823529411765E-1,9.411764705882E-1,1.E0),.UNSPECIFIED.);
#246=B_SPLINE_CURVE_WITH_KNOTS('',3,(#234,#235,#236,#237,#238,#239,#240,#241,
#242,#243,#244,#245),.UNSPECIFIED.,.F.,.F.,(4,1,1,1,1,1,1,1,1,4),(0.E0,
1.111111111111E-1,2.222222222222E-1,3.333333333333E-1,4.444444444444E-1,
5.555555555556E-1,6.666666666667E-1,7.777777777778E-1,8.888888888889E-1,1.E0),
.UNSPECIFIED.);
#257=B_SPLINE_CURVE_WITH_KNOTS('',3,(#251,#252,#253,#254,#255,#256),
.UNSPECIFIED.,.F.,.F.,(4,1,1,4),(0.E0,3.333333333333E-1,6.666666666667E-1,1.E0),
.UNSPECIFIED.);
#272=B_SPLINE_CURVE_WITH_KNOTS('',3,(#266,#267,#268,#269,#270,#271),
.UNSPECIFIED.,.F.,.F.,(4,1,1,4),(0.E0,3.333333333333E-1,6.666666666667E-1,1.E0),
.UNSPECIFIED.);
#277=CIRCLE('',#276,5.301764416123E0);
#282=CIRCLE('',#281,5.301764416123E0);
#287=CIRCLE('',#286,4.7E0);
#292=CIRCLE('',#291,4.7E0);
#297=CIRCLE('',#296,2.E0);
#310=CIRCLE('',#309,5.301764416123E0);
#315=CIRCLE('',#314,5.301764416123E0);
#320=CIRCLE('',#319,4.7E0);
#325=CIRCLE('',#324,4.7E0);
#330=CIRCLE('',#329,2.E0);
#355=B_SPLINE_CURVE_WITH_KNOTS('',3,(#335,#336,#337,#338,#339,#340,#341,#342,
#343,#344,#345,#346,#347,#348,#349,#350,#351,#352,#353,#354),.UNSPECIFIED.,.F.,
.F.,(4,1,1,1,1,1,1,1,1,1,1,1,1,1,1,1,1,4),(0.E0,5.882352941176E-2,
1.176470588235E-1,1.764705882353E-1,2.352941176471E-1,2.941176470588E-1,
3.529411764706E-1,4.117647058824E-1,4.705882352941E-1,5.294117647059E-1,
5.882352941176E-1,6.470588235294E-1,7.058823529412E-1,7.647058823529E-1,
8.235294117647E-1,8.823529411765E-1,9.411764705882E-1,1.E0),.UNSPECIFIED.);
#376=B_SPLINE_CURVE_WITH_KNOTS('',3,(#356,#357,#358,#359,#360,#361,#362,#363,
#364,#365,#366,#367,#368,#369,#370,#371,#372,#373,#374,#375),.UNSPECIFIED.,.F.,
.F.,(4,1,1,1,1,1,1,1,1,1,1,1,1,1,1,1,1,4),(0.E0,5.882352941176E-2,
1.176470588235E-1,1.764705882353E-1,2.352941176471E-1,2.941176470588E-1,
3.529411764706E-1,4.117647058824E-1,4.705882352941E-1,5.294117647059E-1,
5.882352941176E-1,6.470588235294E-1,7.058823529412E-1,7.647058823529E-1,
8.235294117647E-1,8.823529411765E-1,9.411764705882E-1,1.E0),.UNSPECIFIED.);
#381=CIRCLE('',#380,6.95E0);
#386=CIRCLE('',#385,6.588940855504E0);
#391=CIRCLE('',#390,6.588940855504E0);
#396=CIRCLE('',#395,1.2E0);
#409=CIRCLE('',#408,6.95E0);
#414=CIRCLE('',#413,6.588940855504E0);
#419=CIRCLE('',#418,6.588940855504E0);
#424=CIRCLE('',#423,1.2E0);
#429=CIRCLE('',#428,7.071601327543E0);
#434=CIRCLE('',#433,7.071601327543E0);
#439=CIRCLE('',#438,6.95E0);
#444=CIRCLE('',#443,6.95E0);
#449=CIRCLE('',#448,8.E-1);
#462=CIRCLE('',#461,7.071601327543E0);
#467=CIRCLE('',#466,7.071601327543E0);
#472=CIRCLE('',#471,6.95E0);
#477=CIRCLE('',#476,6.95E0);
#482=CIRCLE('',#481,8.E-1);
#487=CIRCLE('',#486,7.7E0);
#492=CIRCLE('',#491,7.623999138591E0);
#497=CIRCLE('',#496,7.623999138591E0);
#502=CIRCLE('',#501,5.E-1);
#515=CIRCLE('',#514,7.7E0);
#520=CIRCLE('',#519,7.623999138591E0);
#525=CIRCLE('',#524,7.623999138591E0);
#530=CIRCLE('',#529,5.E-1);
#535=CIRCLE('',#534,7.7E0);
#540=CIRCLE('',#539,7.7E0);
#545=CIRCLE('',#544,6.35E0);
#550=CIRCLE('',#549,6.35E0);
#563=CIRCLE('',#562,6.8E0);
#568=CIRCLE('',#567,6.8E0);
#573=CIRCLE('',#572,6.35E0);
#578=CIRCLE('',#577,6.35E0);
#595=CIRCLE('',#594,6.8E0);
#600=CIRCLE('',#599,6.4E0);
#605=CIRCLE('',#604,6.4E0);
#614=CIRCLE('',#613,6.8E0);
#623=CIRCLE('',#622,6.4E0);
#628=CIRCLE('',#627,2.E-1);
#633=CIRCLE('',#632,6.199999732349E0);
#638=CIRCLE('',#637,6.199999732349E0);
#643=CIRCLE('',#642,6.199999732349E0);
#648=CIRCLE('',#647,6.199999732349E0);
#653=CIRCLE('',#652,5.7E0);
#658=CIRCLE('',#657,5.7E0);
#663=CIRCLE('',#662,6.4E0);
#668=CIRCLE('',#667,2.E-1);
#681=CIRCLE('',#680,5.700000000001E0);
#686=CIRCLE('',#685,5.449954629237E0);
#695=CIRCLE('',#694,5.700000000001E0);
#700=CIRCLE('',#699,5.449954629237E0);
#721=CIRCLE('',#720,5.45E0);
#726=CIRCLE('',#725,3.E-1);
#731=CIRCLE('',#730,5.45E0);
#736=CIRCLE('',#735,3.E-1);
#741=CIRCLE('',#740,5.149999768756E0);
#746=CIRCLE('',#745,5.149999768756E0);
#751=CIRCLE('',#750,5.149999768756E0);
#756=CIRCLE('',#755,5.149999768756E0);
#761=CIRCLE('',#760,3.549965428290E0);
#766=CIRCLE('',#765,3.549965428290E0);
#771=CIRCLE('',#770,3.249977110600E0);
#780=CIRCLE('',#779,3.249977110600E0);
#797=CIRCLE('',#796,3.25E0);
#802=CIRCLE('',#801,3.25E0);
#807=CIRCLE('',#806,2.25E0);
#812=CIRCLE('',#811,2.25E0);
#834=B_SPLINE_CURVE_WITH_KNOTS('',3,(#817,#818,#819,#820,#821,#822,#823,#824,
#825,#826,#827,#828,#829,#830,#831,#832,#833),.UNSPECIFIED.,.F.,.F.,(4,1,1,1,1,
1,1,1,1,1,1,1,1,1,4),(0.E0,7.142857142857E-2,1.428571428571E-1,
2.142857142857E-1,2.857142857143E-1,3.571428571429E-1,4.285714285714E-1,5.E-1,
5.714285714286E-1,6.428571428571E-1,7.142857142857E-1,7.857142857143E-1,
8.571428571429E-1,9.285714285714E-1,1.E0),.UNSPECIFIED.);
#856=B_SPLINE_CURVE_WITH_KNOTS('',3,(#839,#840,#841,#842,#843,#844,#845,#846,
#847,#848,#849,#850,#851,#852,#853,#854,#855),.UNSPECIFIED.,.F.,.F.,(4,1,1,1,1,
1,1,1,1,1,1,1,1,1,4),(0.E0,7.142857142857E-2,1.428571428571E-1,
2.142857142857E-1,2.857142857143E-1,3.571428571429E-1,4.285714285714E-1,5.E-1,
5.714285714286E-1,6.428571428571E-1,7.142857142857E-1,7.857142857143E-1,
8.571428571429E-1,9.285714285714E-1,1.E0),.UNSPECIFIED.);
#878=B_SPLINE_CURVE_WITH_KNOTS('',3,(#861,#862,#863,#864,#865,#866,#867,#868,
#869,#870,#871,#872,#873,#874,#875,#876,#877),.UNSPECIFIED.,.F.,.F.,(4,1,1,1,1,
1,1,1,1,1,1,1,1,1,4),(0.E0,7.142857142857E-2,1.428571428571E-1,
2.142857142857E-1,2.857142857143E-1,3.571428571429E-1,4.285714285714E-1,5.E-1,
5.714285714286E-1,6.428571428571E-1,7.142857142857E-1,7.857142857143E-1,
8.571428571429E-1,9.285714285714E-1,1.E0),.UNSPECIFIED.);
#900=B_SPLINE_CURVE_WITH_KNOTS('',3,(#883,#884,#885,#886,#887,#888,#889,#890,
#891,#892,#893,#894,#895,#896,#897,#898,#899),.UNSPECIFIED.,.F.,.F.,(4,1,1,1,1,
1,1,1,1,1,1,1,1,1,4),(0.E0,7.142857142857E-2,1.428571428571E-1,
2.142857142857E-1,2.857142857143E-1,3.571428571429E-1,4.285714285714E-1,5.E-1,
5.714285714286E-1,6.428571428571E-1,7.142857142857E-1,7.857142857143E-1,
8.571428571429E-1,9.285714285714E-1,1.E0),.UNSPECIFIED.);
#905=CIRCLE('',#904,3.25E0);
#910=CIRCLE('',#909,3.25E0);
#915=CIRCLE('',#914,2.25E0);
#920=CIRCLE('',#919,2.25E0);
#929=CIRCLE('',#928,3.249977110600E0);
#938=CIRCLE('',#937,5.149999770484E0);
#943=CIRCLE('',#942,5.149999770484E0);
#948=CIRCLE('',#947,5.149999770484E0);
#953=CIRCLE('',#952,5.149999770484E0);
#958=CIRCLE('',#957,3.549965428290E0);
#963=CIRCLE('',#962,3.549965428290E0);
#968=CIRCLE('',#967,5.45E0);
#973=CIRCLE('',#972,3.E-1);
#982=CIRCLE('',#981,5.700000000001E0);
#987=CIRCLE('',#986,5.449954629237E0);
#1004=CIRCLE('',#1003,5.700000000001E0);
#1009=CIRCLE('',#1008,5.449954629237E0);
#1022=CIRCLE('',#1021,5.45E0);
#1027=CIRCLE('',#1026,3.E-1);
#1032=CIRCLE('',#1031,6.199999732345E0);
#1037=CIRCLE('',#1036,6.199999732345E0);
#1042=CIRCLE('',#1041,6.199999732345E0);
#1047=CIRCLE('',#1046,6.199999732345E0);
#1052=CIRCLE('',#1051,5.7E0);
#1057=CIRCLE('',#1056,5.7E0);
#1062=CIRCLE('',#1061,6.4E0);
#1067=CIRCLE('',#1066,2.E-1);
#1072=CIRCLE('',#1071,6.4E0);
#1077=CIRCLE('',#1076,2.E-1);
#1090=CIRCLE('',#1089,6.4E0);
#1099=CIRCLE('',#1098,6.8E0);
#1108=CIRCLE('',#1107,6.8E0);
#1113=CIRCLE('',#1112,6.4E0);
#1126=CIRCLE('',#1125,6.8E0);
#1131=CIRCLE('',#1130,6.8E0);
#1136=CIRCLE('',#1135,6.35E0);
#1141=CIRCLE('',#1140,6.35E0);
#1154=CIRCLE('',#1153,7.7E0);
#1159=CIRCLE('',#1158,7.7E0);
#1164=CIRCLE('',#1163,6.35E0);
#1169=CIRCLE('',#1168,6.35E0);
#1178=CIRCLE('',#1177,7.7E0);
#1183=CIRCLE('',#1182,7.623999138586E0);
#1188=CIRCLE('',#1187,7.623999138586E0);
#1193=CIRCLE('',#1192,5.E-1);
#1198=CIRCLE('',#1197,7.7E0);
#1203=CIRCLE('',#1202,7.623999138586E0);
#1208=CIRCLE('',#1207,7.623999138586E0);
#1213=CIRCLE('',#1212,5.E-1);
#1226=CIRCLE('',#1225,7.071601327545E0);
#1231=CIRCLE('',#1230,7.071601327545E0);
#1236=CIRCLE('',#1235,6.95E0);
#1241=CIRCLE('',#1240,6.95E0);
#1246=CIRCLE('',#1245,8.E-1);
#1251=CIRCLE('',#1250,7.071601327545E0);
#1256=CIRCLE('',#1255,7.071601327545E0);
#1261=CIRCLE('',#1260,6.95E0);
#1266=CIRCLE('',#1265,6.95E0);
#1271=CIRCLE('',#1270,8.E-1);
#1284=CIRCLE('',#1283,6.95E0);
#1289=CIRCLE('',#1288,6.588940856793E0);
#1294=CIRCLE('',#1293,6.588940856793E0);
#1299=CIRCLE('',#1298,1.2E0);
#1304=CIRCLE('',#1303,6.95E0);
#1309=CIRCLE('',#1308,6.588940856793E0);
#1314=CIRCLE('',#1313,6.588940856793E0);
#1319=CIRCLE('',#1318,1.2E0);
#1328=CIRCLE('',#1327,3.249977110600E0);
#1358=B_SPLINE_CURVE_WITH_KNOTS('',3,(#1341,#1342,#1343,#1344,#1345,#1346,#1347,
#1348,#1349,#1350,#1351,#1352,#1353,#1354,#1355,#1356,#1357),.UNSPECIFIED.,.F.,
.F.,(4,1,1,1,1,1,1,1,1,1,1,1,1,1,4),(0.E0,7.142857142857E-2,1.428571428571E-1,
2.142857142857E-1,2.857142857143E-1,3.571428571429E-1,4.285714285714E-1,5.E-1,
5.714285714286E-1,6.428571428571E-1,7.142857142857E-1,7.857142857143E-1,
8.571428571429E-1,9.285714285714E-1,1.E0),.UNSPECIFIED.);
#1376=B_SPLINE_CURVE_WITH_KNOTS('',3,(#1359,#1360,#1361,#1362,#1363,#1364,#1365,
#1366,#1367,#1368,#1369,#1370,#1371,#1372,#1373,#1374,#1375),.UNSPECIFIED.,.F.,
.F.,(4,1,1,1,1,1,1,1,1,1,1,1,1,1,4),(0.E0,7.142857142857E-2,1.428571428571E-1,
2.142857142857E-1,2.857142857143E-1,3.571428571429E-1,4.285714285714E-1,5.E-1,
5.714285714286E-1,6.428571428571E-1,7.142857142857E-1,7.857142857143E-1,
8.571428571429E-1,9.285714285714E-1,1.E0),.UNSPECIFIED.);
#1385=CIRCLE('',#1384,3.25E0);
#1390=CIRCLE('',#1389,3.25E0);
#1395=CIRCLE('',#1394,2.25E0);
#1400=CIRCLE('',#1399,2.25E0);
#1409=CIRCLE('',#1408,3.249977110600E0);
#1414=CIRCLE('',#1413,3.249977110600E0);
#1423=CIRCLE('',#1422,5.149999768756E0);
#1428=CIRCLE('',#1427,5.149999768756E0);
#1433=CIRCLE('',#1432,3.549965428290E0);
#1438=CIRCLE('',#1437,3.549965428290E0);
#1443=CIRCLE('',#1442,3.549965428290E0);
#1448=CIRCLE('',#1447,3.549965428290E0);
#1453=CIRCLE('',#1452,5.45E0);
#1458=CIRCLE('',#1457,5.45E0);
#1463=CIRCLE('',#1462,3.E-1);
#1472=CIRCLE('',#1471,5.700000000001E0);
#1477=CIRCLE('',#1476,5.700000000001E0);
#1482=CIRCLE('',#1481,5.449954629237E0);
#1487=CIRCLE('',#1486,5.449954629237E0);
#1504=CIRCLE('',#1503,5.700000000001E0);
#1509=CIRCLE('',#1508,5.700000000001E0);
#1514=CIRCLE('',#1513,5.449954629237E0);
#1519=CIRCLE('',#1518,5.449954629237E0);
#1532=CIRCLE('',#1531,5.45E0);
#1537=CIRCLE('',#1536,5.45E0);
#1542=CIRCLE('',#1541,3.E-1);
#1547=CIRCLE('',#1546,6.199999732349E0);
#1552=CIRCLE('',#1551,6.199999732349E0);
#1557=CIRCLE('',#1556,6.199999732349E0);
#1562=CIRCLE('',#1561,6.199999732349E0);
#1567=CIRCLE('',#1566,5.7E0);
#1572=CIRCLE('',#1571,5.7E0);
#1577=CIRCLE('',#1576,6.4E0);
#1582=CIRCLE('',#1581,6.4E0);
#1587=CIRCLE('',#1586,2.E-1);
#1592=CIRCLE('',#1591,6.4E0);
#1597=CIRCLE('',#1596,6.4E0);
#1602=CIRCLE('',#1601,2.E-1);
#1615=CIRCLE('',#1614,6.4E0);
#1624=CIRCLE('',#1623,6.8E0);
#1633=CIRCLE('',#1632,6.8E0);
#1638=CIRCLE('',#1637,6.4E0);
#1651=CIRCLE('',#1650,6.8E0);
#1656=CIRCLE('',#1655,6.8E0);
#1661=CIRCLE('',#1660,6.35E0);
#1666=CIRCLE('',#1665,6.35E0);
#1679=CIRCLE('',#1678,7.7E0);
#1684=CIRCLE('',#1683,7.7E0);
#1689=CIRCLE('',#1688,6.35E0);
#1694=CIRCLE('',#1693,6.35E0);
#1703=CIRCLE('',#1702,7.7E0);
#1708=CIRCLE('',#1707,7.7E0);
#1713=CIRCLE('',#1712,7.623999138591E0);
#1718=CIRCLE('',#1717,7.623999138591E0);
#1723=CIRCLE('',#1722,5.E-1);
#1728=CIRCLE('',#1727,7.7E0);
#1733=CIRCLE('',#1732,7.7E0);
#1738=CIRCLE('',#1737,7.623999138591E0);
#1743=CIRCLE('',#1742,7.623999138591E0);
#1748=CIRCLE('',#1747,5.E-1);
#1761=CIRCLE('',#1760,7.071601327543E0);
#1766=CIRCLE('',#1765,7.071601327543E0);
#1771=CIRCLE('',#1770,6.95E0);
#1776=CIRCLE('',#1775,6.95E0);
#1781=CIRCLE('',#1780,8.E-1);
#1786=CIRCLE('',#1785,7.071601327543E0);
#1791=CIRCLE('',#1790,7.071601327543E0);
#1796=CIRCLE('',#1795,6.95E0);
#1801=CIRCLE('',#1800,6.95E0);
#1806=CIRCLE('',#1805,8.E-1);
#1819=CIRCLE('',#1818,6.95E0);
#1824=CIRCLE('',#1823,6.95E0);
#1829=CIRCLE('',#1828,6.588940855504E0);
#1834=CIRCLE('',#1833,6.588940855504E0);
#1839=CIRCLE('',#1838,1.2E0);
#1844=CIRCLE('',#1843,6.95E0);
#1849=CIRCLE('',#1848,6.95E0);
#1854=CIRCLE('',#1853,6.588940855504E0);
#1859=CIRCLE('',#1858,6.588940855504E0);
#1864=CIRCLE('',#1863,1.2E0);
#1873=CIRCLE('',#1872,3.249977110600E0);
#1878=CIRCLE('',#1877,3.249977110600E0);
#1908=B_SPLINE_CURVE_WITH_KNOTS('',3,(#1891,#1892,#1893,#1894,#1895,#1896,#1897,
#1898,#1899,#1900,#1901,#1902,#1903,#1904,#1905,#1906,#1907),.UNSPECIFIED.,.F.,
.F.,(4,1,1,1,1,1,1,1,1,1,1,1,1,1,4),(0.E0,7.142857142857E-2,1.428571428571E-1,
2.142857142857E-1,2.857142857143E-1,3.571428571429E-1,4.285714285714E-1,5.E-1,
5.714285714286E-1,6.428571428571E-1,7.142857142857E-1,7.857142857143E-1,
8.571428571429E-1,9.285714285714E-1,1.E0),.UNSPECIFIED.);
#1926=B_SPLINE_CURVE_WITH_KNOTS('',3,(#1909,#1910,#1911,#1912,#1913,#1914,#1915,
#1916,#1917,#1918,#1919,#1920,#1921,#1922,#1923,#1924,#1925),.UNSPECIFIED.,.F.,
.F.,(4,1,1,1,1,1,1,1,1,1,1,1,1,1,4),(0.E0,7.142857142857E-2,1.428571428571E-1,
2.142857142857E-1,2.857142857143E-1,3.571428571429E-1,4.285714285714E-1,5.E-1,
5.714285714286E-1,6.428571428571E-1,7.142857142857E-1,7.857142857143E-1,
8.571428571429E-1,9.285714285714E-1,1.E0),.UNSPECIFIED.);
#1935=CIRCLE('',#1934,3.25E0);
#1940=CIRCLE('',#1939,3.25E0);
#1945=CIRCLE('',#1944,2.25E0);
#1950=CIRCLE('',#1949,2.25E0);
#1959=CIRCLE('',#1958,3.249973662038E0);
#1964=CIRCLE('',#1963,3.249973662038E0);
#1973=CIRCLE('',#1972,3.249973662038E0);
#1978=CIRCLE('',#1977,3.249973662038E0);
#1991=CIRCLE('',#1990,5.149999625173E0);
#1996=CIRCLE('',#1995,5.149999625173E0);
#2001=CIRCLE('',#2000,3.549963443295E0);
#2006=CIRCLE('',#2005,3.549963443295E0);
#2011=CIRCLE('',#2010,3.549963443295E0);
#2016=CIRCLE('',#2015,3.549963443295E0);
#2021=CIRCLE('',#2020,5.149999625173E0);
#2026=CIRCLE('',#2025,5.45E0);
#2031=CIRCLE('',#2030,5.45E0);
#2036=CIRCLE('',#2035,3.E-1);
#2041=CIRCLE('',#2040,5.149999625173E0);
#2046=CIRCLE('',#2045,5.45E0);
#2051=CIRCLE('',#2050,5.45E0);
#2056=CIRCLE('',#2055,3.E-1);
#2065=CIRCLE('',#2064,5.449949211317E0);
#2070=CIRCLE('',#2069,5.449949211317E0);
#2075=CIRCLE('',#2074,5.7E0);
#2080=CIRCLE('',#2079,5.7E0);
#2089=CIRCLE('',#2088,5.449949211317E0);
#2094=CIRCLE('',#2093,5.449949211317E0);
#2099=CIRCLE('',#2098,5.7E0);
#2104=CIRCLE('',#2103,5.7E0);
#2125=CIRCLE('',#2124,6.199999896268E0);
#2130=CIRCLE('',#2129,6.199999896268E0);
#2135=CIRCLE('',#2134,5.7E0);
#2140=CIRCLE('',#2139,5.7E0);
#2145=CIRCLE('',#2144,6.4E0);
#2150=CIRCLE('',#2149,6.4E0);
#2155=CIRCLE('',#2154,2.E-1);
#2168=CIRCLE('',#2167,6.4E0);
#2173=CIRCLE('',#2172,6.4E0);
#2178=CIRCLE('',#2177,2.E-1);
#2187=CIRCLE('',#2186,6.4E0);
#2192=CIRCLE('',#2191,6.8E0);
#2197=CIRCLE('',#2196,6.8E0);
#2206=CIRCLE('',#2205,6.4E0);
#2219=CIRCLE('',#2218,6.8E0);
#2224=CIRCLE('',#2223,6.8E0);
#2229=CIRCLE('',#2228,6.35E0);
#2234=CIRCLE('',#2233,6.35E0);
#2247=CIRCLE('',#2246,7.7E0);
#2252=CIRCLE('',#2251,7.7E0);
#2257=CIRCLE('',#2256,6.35E0);
#2262=CIRCLE('',#2261,6.35E0);
#2271=CIRCLE('',#2270,7.623999139117E0);
#2276=CIRCLE('',#2275,7.623999139117E0);
#2281=CIRCLE('',#2280,7.7E0);
#2286=CIRCLE('',#2285,7.7E0);
#2291=CIRCLE('',#2290,5.E-1);
#2300=CIRCLE('',#2299,6.95E0);
#2305=CIRCLE('',#2304,6.95E0);
#2310=CIRCLE('',#2309,7.071601328476E0);
#2315=CIRCLE('',#2314,7.071601328476E0);
#2320=CIRCLE('',#2319,8.E-1);
#2329=CIRCLE('',#2328,6.588940802294E0);
#2334=CIRCLE('',#2333,6.588940802294E0);
#2339=CIRCLE('',#2338,6.95E0);
#2344=CIRCLE('',#2343,6.95E0);
#2349=CIRCLE('',#2348,1.2E0);
#2358=CIRCLE('',#2357,4.7E0);
#2363=CIRCLE('',#2362,4.7E0);
#2368=CIRCLE('',#2367,5.301764475853E0);
#2373=CIRCLE('',#2372,5.301764475853E0);
#2378=CIRCLE('',#2377,2.E0);
#2383=CIRCLE('',#2382,4.7E0);
#2388=CIRCLE('',#2387,4.7E0);
#2393=CIRCLE('',#2392,5.301764475853E0);
#2398=CIRCLE('',#2397,5.301764475853E0);
#2403=CIRCLE('',#2402,2.E0);
#2412=CIRCLE('',#2411,6.588940802294E0);
#2417=CIRCLE('',#2416,6.588940802294E0);
#2422=CIRCLE('',#2421,6.95E0);
#2427=CIRCLE('',#2426,6.95E0);
#2432=CIRCLE('',#2431,1.2E0);
#2441=CIRCLE('',#2440,6.95E0);
#2446=CIRCLE('',#2445,6.95E0);
#2451=CIRCLE('',#2450,7.071601328476E0);
#2456=CIRCLE('',#2455,7.071601328476E0);
#2461=CIRCLE('',#2460,8.E-1);
#2470=CIRCLE('',#2469,7.623999139117E0);
#2475=CIRCLE('',#2474,7.623999139117E0);
#2480=CIRCLE('',#2479,7.7E0);
#2485=CIRCLE('',#2484,7.7E0);
#2490=CIRCLE('',#2489,5.E-1);
#2507=CIRCLE('',#2506,4.7E0);
#2516=CIRCLE('',#2515,4.9E0);
#2525=CIRCLE('',#2524,4.7E0);
#2530=CIRCLE('',#2529,4.9E0);
#2553=B_SPLINE_CURVE_WITH_KNOTS('',3,(#2547,#2548,#2549,#2550,#2551,#2552),
.UNSPECIFIED.,.F.,.F.,(4,1,1,4),(0.E0,3.333333333333E-1,6.666666666667E-1,1.E0),
.UNSPECIFIED.);
#2568=B_SPLINE_CURVE_WITH_KNOTS('',3,(#2562,#2563,#2564,#2565,#2566,#2567),
.UNSPECIFIED.,.F.,.F.,(4,1,1,4),(0.E0,3.333333333333E-1,6.666666666667E-1,1.E0),
.UNSPECIFIED.);
#3202=EDGE_CURVE('',#2572,#2574,#24,.T.);
#3204=EDGE_CURVE('',#2571,#2572,#19,.T.);
#3206=EDGE_CURVE('',#2571,#2576,#4,.T.);
#3208=EDGE_CURVE('',#2577,#2576,#376,.T.);
#3210=EDGE_CURVE('',#2578,#2577,#187,.T.);
#3212=EDGE_CURVE('',#2574,#2578,#66,.T.);
#3222=EDGE_CURVE('',#2594,#2591,#9,.T.);
#3224=EDGE_CURVE('',#2591,#2592,#14,.T.);
#3226=EDGE_CURVE('',#2571,#2592,#62,.T.);
#3230=EDGE_CURVE('',#2574,#2594,#29,.T.);
#3242=EDGE_CURVE('',#2596,#2594,#37,.T.);
#3244=EDGE_CURVE('',#2598,#2596,#1859,.T.);
#3246=EDGE_CURVE('',#2600,#2598,#1854,.T.);
#3248=EDGE_CURVE('',#2600,#2592,#33,.T.);
#3258=EDGE_CURVE('',#2602,#2594,#47,.T.);
#3260=EDGE_CURVE('',#2592,#2602,#42,.T.);
#3263=EDGE_CURVE('',#2604,#2600,#1834,.T.);
#3265=EDGE_CURVE('',#2596,#2604,#1829,.T.);
#3279=EDGE_CURVE('',#2574,#2606,#52,.T.);
#3281=EDGE_CURVE('',#2606,#2571,#57,.T.);
#3295=EDGE_CURVE('',#2607,#2578,#104,.T.);
#3297=EDGE_CURVE('',#2576,#2607,#233,.T.);
#3308=EDGE_CURVE('',#2613,#2615,#124,.T.);
#3310=EDGE_CURVE('',#2612,#2613,#119,.T.);
#3312=EDGE_CURVE('',#2612,#2588,#70,.T.);
#3314=EDGE_CURVE('',#2588,#2607,#91,.T.);
#3317=EDGE_CURVE('',#2615,#2578,#166,.T.);
#3327=EDGE_CURVE('',#2621,#2618,#109,.T.);
#3329=EDGE_CURVE('',#2618,#2619,#114,.T.);
#3331=EDGE_CURVE('',#2612,#2619,#162,.T.);
#3335=EDGE_CURVE('',#2615,#2621,#129,.T.);
#3347=EDGE_CURVE('',#2623,#2621,#137,.T.);
#3349=EDGE_CURVE('',#2625,#2623,#1314,.T.);
#3351=EDGE_CURVE('',#2627,#2625,#1309,.T.);
#3353=EDGE_CURVE('',#2627,#2619,#133,.T.);
#3363=EDGE_CURVE('',#2629,#2621,#147,.T.);
#3365=EDGE_CURVE('',#2619,#2629,#142,.T.);
#3368=EDGE_CURVE('',#2631,#2627,#1294,.T.);
#3370=EDGE_CURVE('',#2623,#2631,#1289,.T.);
#3384=EDGE_CURVE('',#2615,#2633,#152,.T.);
#3386=EDGE_CURVE('',#2633,#2612,#157,.T.);
#3401=EDGE_CURVE('',#2577,#2588,#200,.T.);
#3412=EDGE_CURVE('',#2581,#2582,#204,.T.);
#3414=EDGE_CURVE('',#2584,#2582,#2388,.T.);
#3416=EDGE_CURVE('',#2586,#2584,#2383,.T.);
#3418=EDGE_CURVE('',#2588,#2586,#208,.T.);
#3421=EDGE_CURVE('',#2581,#2577,#355,.T.);
#3432=EDGE_CURVE('',#2607,#2581,#246,.T.);
#3436=EDGE_CURVE('',#2609,#2586,#2363,.T.);
#3438=EDGE_CURVE('',#2582,#2609,#2358,.T.);
#3448=EDGE_CURVE('',#3163,#3165,#292,.T.);
#3450=EDGE_CURVE('',#3161,#3163,#287,.T.);
#3452=EDGE_CURVE('',#3161,#2576,#212,.T.);
#3456=EDGE_CURVE('',#3165,#2581,#334,.T.);
#3460=EDGE_CURVE('',#3172,#3173,#250,.T.);
#3462=EDGE_CURVE('',#3173,#3174,#257,.T.);
#3464=EDGE_CURVE('',#3176,#3174,#2525,.T.);
#3466=EDGE_CURVE('',#3176,#3178,#261,.T.);
#3468=EDGE_CURVE('',#3180,#3178,#2507,.T.);
#3470=EDGE_CURVE('',#3180,#3182,#265,.T.);
#3472=EDGE_CURVE('',#3182,#3172,#272,.T.);
#3482=EDGE_CURVE('',#3159,#3156,#277,.T.);
#3484=EDGE_CURVE('',#3156,#3157,#282,.T.);
#3486=EDGE_CURVE('',#3161,#3157,#330,.T.);
#3490=EDGE_CURVE('',#3165,#3159,#297,.T.);
#3502=EDGE_CURVE('',#3147,#3159,#305,.T.);
#3504=EDGE_CURVE('',#3153,#3147,#419,.T.);
#3506=EDGE_CURVE('',#3151,#3153,#414,.T.);
#3508=EDGE_CURVE('',#3151,#3157,#301,.T.);
#3518=EDGE_CURVE('',#3167,#3159,#315,.T.);
#3520=EDGE_CURVE('',#3157,#3167,#310,.T.);
#3523=EDGE_CURVE('',#3150,#3151,#391,.T.);
#3525=EDGE_CURVE('',#3147,#3150,#386,.T.);
#3539=EDGE_CURVE('',#3165,#3169,#320,.T.);
#3541=EDGE_CURVE('',#3169,#3161,#325,.T.);
#3566=EDGE_CURVE('',#3144,#3145,#381,.T.);
#3568=EDGE_CURVE('',#3147,#3145,#424,.T.);
#3572=EDGE_CURVE('',#3151,#3144,#396,.T.);
#3583=EDGE_CURVE('',#3133,#3144,#404,.T.);
#3585=EDGE_CURVE('',#3141,#3133,#477,.T.);
#3587=EDGE_CURVE('',#3137,#3141,#472,.T.);
#3589=EDGE_CURVE('',#3137,#3145,#400,.T.);
#3599=EDGE_CURVE('',#3145,#3144,#409,.T.);
#3602=EDGE_CURVE('',#3135,#3137,#444,.T.);
#3604=EDGE_CURVE('',#3133,#3135,#439,.T.);
#3628=EDGE_CURVE('',#3131,#3128,#429,.T.);
#3630=EDGE_CURVE('',#3128,#3129,#434,.T.);
#3632=EDGE_CURVE('',#3133,#3129,#482,.T.);
#3636=EDGE_CURVE('',#3137,#3131,#449,.T.);
#3648=EDGE_CURVE('',#3119,#3131,#457,.T.);
#3650=EDGE_CURVE('',#3125,#3119,#525,.T.);
#3652=EDGE_CURVE('',#3123,#3125,#520,.T.);
#3654=EDGE_CURVE('',#3123,#3129,#453,.T.);
#3664=EDGE_CURVE('',#3139,#3131,#467,.T.);
#3666=EDGE_CURVE('',#3129,#3139,#462,.T.);
#3669=EDGE_CURVE('',#3122,#3123,#497,.T.);
#3671=EDGE_CURVE('',#3119,#3122,#492,.T.);
#3696=EDGE_CURVE('',#3116,#3117,#487,.T.);
#3698=EDGE_CURVE('',#3119,#3117,#530,.T.);
#3702=EDGE_CURVE('',#3123,#3116,#502,.T.);
#3713=EDGE_CURVE('',#3113,#3116,#510,.T.);
#3715=EDGE_CURVE('',#3112,#3113,#535,.T.);
#3717=EDGE_CURVE('',#3112,#3117,#506,.T.);
#3727=EDGE_CURVE('',#3117,#3116,#515,.T.);
#3730=EDGE_CURVE('',#3113,#3112,#540,.T.);
#3758=EDGE_CURVE('',#3107,#3109,#545,.T.);
#3760=EDGE_CURVE('',#3109,#3107,#550,.T.);
#3770=EDGE_CURVE('',#3104,#3107,#558,.T.);
#3772=EDGE_CURVE('',#3105,#3104,#578,.T.);
#3774=EDGE_CURVE('',#3105,#3109,#554,.T.);
#3788=EDGE_CURVE('',#3104,#3105,#573,.T.);
#3798=EDGE_CURVE('',#3099,#3101,#563,.T.);
#3800=EDGE_CURVE('',#3101,#3099,#568,.T.);
#3814=EDGE_CURVE('',#3095,#3099,#586,.T.);
#3816=EDGE_CURVE('',#3097,#3095,#614,.T.);
#3818=EDGE_CURVE('',#3097,#3101,#582,.T.);
#3832=EDGE_CURVE('',#3095,#3097,#595,.T.);
#3842=EDGE_CURVE('',#3091,#3095,#590,.T.);
#3845=EDGE_CURVE('',#3093,#3097,#609,.T.);
#3847=EDGE_CURVE('',#3093,#3091,#600,.T.);
#3858=EDGE_CURVE('',#3091,#3093,#605,.T.);
#3870=EDGE_CURVE('',#3087,#3089,#623,.T.);
#3872=EDGE_CURVE('',#3087,#3093,#618,.T.);
#3875=EDGE_CURVE('',#3089,#3091,#672,.T.);
#3885=EDGE_CURVE('',#3080,#3081,#638,.T.);
#3887=EDGE_CURVE('',#3083,#3080,#633,.T.);
#3889=EDGE_CURVE('',#3087,#3083,#668,.T.);
#3892=EDGE_CURVE('',#3089,#3081,#628,.T.);
#3904=EDGE_CURVE('',#3081,#3085,#643,.T.);
#3906=EDGE_CURVE('',#3085,#3083,#648,.T.);
#3910=EDGE_CURVE('',#3077,#3075,#653,.T.);
#3912=EDGE_CURVE('',#3075,#3077,#658,.T.);
#3925=EDGE_CURVE('',#3089,#3087,#663,.T.);
#3948=EDGE_CURVE('',#3072,#3073,#681,.T.);
#3950=EDGE_CURVE('',#3075,#3072,#708,.T.);
#3953=EDGE_CURVE('',#3077,#3073,#676,.T.);
#3964=EDGE_CURVE('',#3068,#3073,#704,.T.);
#3966=EDGE_CURVE('',#3068,#3069,#686,.T.);
#3968=EDGE_CURVE('',#3069,#3072,#690,.T.);
#3978=EDGE_CURVE('',#3073,#3072,#695,.T.);
#3981=EDGE_CURVE('',#3069,#3068,#700,.T.);
#4005=EDGE_CURVE('',#3064,#3069,#716,.T.);
#4007=EDGE_CURVE('',#3065,#3064,#731,.T.);
#4009=EDGE_CURVE('',#3065,#3068,#712,.T.);
#4021=EDGE_CURVE('',#3064,#3065,#721,.T.);
#4033=EDGE_CURVE('',#3057,#3065,#736,.T.);
#4035=EDGE_CURVE('',#3056,#3057,#746,.T.);
#4037=EDGE_CURVE('',#3059,#3056,#741,.T.);
#4039=EDGE_CURVE('',#3059,#3064,#726,.T.);
#4051=EDGE_CURVE('',#3061,#3059,#756,.T.);
#4053=EDGE_CURVE('',#3057,#3061,#751,.T.);
#4070=EDGE_CURVE('',#3053,#3052,#761,.T.);
#4072=EDGE_CURVE('',#3052,#3053,#766,.T.);
#4083=EDGE_CURVE('',#3049,#3053,#784,.T.);
#4085=EDGE_CURVE('',#3049,#3048,#771,.T.);
#4087=EDGE_CURVE('',#3048,#3052,#775,.T.);
#4099=EDGE_CURVE('',#3048,#3049,#780,.T.);
#4111=EDGE_CURVE('',#3045,#3048,#792,.T.);
#4113=EDGE_CURVE('',#3044,#3045,#797,.T.);
#4115=EDGE_CURVE('',#3044,#3049,#788,.T.);
#4127=EDGE_CURVE('',#3045,#3044,#802,.T.);
#4142=EDGE_CURVE('',#2759,#2761,#807,.T.);
#4144=EDGE_CURVE('',#2761,#2759,#812,.T.);
#4154=EDGE_CURVE('',#2747,#2744,#856,.T.);
#4156=EDGE_CURVE('',#2747,#2761,#816,.T.);
#4159=EDGE_CURVE('',#2757,#2759,#1890,.T.);
#4161=EDGE_CURVE('',#2757,#2744,#834,.T.);
#4171=EDGE_CURVE('',#2743,#2744,#878,.T.);
#4173=EDGE_CURVE('',#2743,#2751,#838,.T.);
#4175=EDGE_CURVE('',#2749,#2751,#1950,.T.);
#4177=EDGE_CURVE('',#2747,#2749,#1930,.T.);
#4188=EDGE_CURVE('',#2740,#2743,#860,.T.);
#4191=EDGE_CURVE('',#2745,#2744,#1376,.T.);
#4193=EDGE_CURVE('',#2741,#2745,#882,.T.);
#4195=EDGE_CURVE('',#2740,#2741,#915,.T.);
#4206=EDGE_CURVE('',#2741,#2740,#920,.T.);
#4209=EDGE_CURVE('',#2745,#2746,#900,.T.);
#4211=EDGE_CURVE('',#2743,#2746,#1926,.T.);
#4221=EDGE_CURVE('',#2735,#2737,#905,.T.);
#4223=EDGE_CURVE('',#2737,#2735,#910,.T.);
#4237=EDGE_CURVE('',#2731,#2733,#929,.T.);
#4239=EDGE_CURVE('',#2731,#2737,#924,.T.);
#4242=EDGE_CURVE('',#2733,#2735,#1336,.T.);
#4252=EDGE_CURVE('',#2728,#2729,#958,.T.);
#4254=EDGE_CURVE('',#2731,#2728,#1332,.T.);
#4257=EDGE_CURVE('',#2733,#2729,#933,.T.);
#4267=EDGE_CURVE('',#2719,#2725,#938,.T.);
#4269=EDGE_CURVE('',#2725,#2723,#943,.T.);
#4271=EDGE_CURVE('',#2723,#2721,#948,.T.);
#4273=EDGE_CURVE('',#2721,#2719,#953,.T.);
#4278=EDGE_CURVE('',#2729,#2728,#963,.T.);
#4288=EDGE_CURVE('',#2717,#2715,#968,.T.);
#4290=EDGE_CURVE('',#2723,#2715,#1027,.T.);
#4294=EDGE_CURVE('',#2719,#2717,#973,.T.);
#4304=EDGE_CURVE('',#2713,#2711,#987,.T.);
#4306=EDGE_CURVE('',#2713,#2715,#977,.T.);
#4309=EDGE_CURVE('',#2711,#2717,#1017,.T.);
#4319=EDGE_CURVE('',#2709,#2708,#982,.T.);
#4321=EDGE_CURVE('',#2713,#2708,#1013,.T.);
#4324=EDGE_CURVE('',#2711,#2709,#991,.T.);
#4335=EDGE_CURVE('',#2704,#2709,#999,.T.);
#4337=EDGE_CURVE('',#2705,#2704,#1057,.T.);
#4339=EDGE_CURVE('',#2705,#2708,#995,.T.);
#4349=EDGE_CURVE('',#2708,#2709,#1004,.T.);
#4352=EDGE_CURVE('',#2704,#2705,#1052,.T.);
#4365=EDGE_CURVE('',#2711,#2713,#1009,.T.);
#4378=EDGE_CURVE('',#2715,#2717,#1022,.T.);
#4402=EDGE_CURVE('',#2697,#2701,#1032,.T.);
#4404=EDGE_CURVE('',#2701,#2699,#1037,.T.);
#4406=EDGE_CURVE('',#2699,#2696,#1042,.T.);
#4408=EDGE_CURVE('',#2696,#2697,#1047,.T.);
#4424=EDGE_CURVE('',#2693,#2697,#1077,.T.);
#4426=EDGE_CURVE('',#2693,#2692,#1062,.T.);
#4428=EDGE_CURVE('',#2692,#2699,#1067,.T.);
#4441=EDGE_CURVE('',#2692,#2693,#1072,.T.);
#4453=EDGE_CURVE('',#2692,#2687,#1081,.T.);
#4455=EDGE_CURVE('',#2689,#2687,#1113,.T.);
#4457=EDGE_CURVE('',#2693,#2689,#1085,.T.);
#4469=EDGE_CURVE('',#2687,#2689,#1090,.T.);
#4480=EDGE_CURVE('',#2687,#2683,#1103,.T.);
#4483=EDGE_CURVE('',#2689,#2685,#1094,.T.);
#4485=EDGE_CURVE('',#2685,#2683,#1099,.T.);
#4496=EDGE_CURVE('',#2683,#2685,#1108,.T.);
#4508=EDGE_CURVE('',#2683,#2681,#1117,.T.);
#4510=EDGE_CURVE('',#2680,#2681,#1126,.T.);
#4512=EDGE_CURVE('',#2685,#2680,#1121,.T.);
#4526=EDGE_CURVE('',#2681,#2680,#1131,.T.);
#4540=EDGE_CURVE('',#2677,#2675,#1136,.T.);
#4542=EDGE_CURVE('',#2675,#2677,#1141,.T.);
#4552=EDGE_CURVE('',#2675,#2673,#1149,.T.);
#4555=EDGE_CURVE('',#2677,#2672,#1145,.T.);
#4557=EDGE_CURVE('',#2673,#2672,#1169,.T.);
#4568=EDGE_CURVE('',#2672,#2673,#1164,.T.);
#4580=EDGE_CURVE('',#2669,#2667,#1154,.T.);
#4582=EDGE_CURVE('',#2667,#2669,#1159,.T.);
#4596=EDGE_CURVE('',#2664,#2665,#1178,.T.);
#4598=EDGE_CURVE('',#2667,#2664,#1217,.T.);
#4601=EDGE_CURVE('',#2669,#2665,#1173,.T.);
#4612=EDGE_CURVE('',#2653,#2665,#1213,.T.);
#4614=EDGE_CURVE('',#2653,#2661,#1183,.T.);
#4616=EDGE_CURVE('',#2661,#2657,#1188,.T.);
#4618=EDGE_CURVE('',#2657,#2664,#1193,.T.);
#4628=EDGE_CURVE('',#2665,#2664,#1198,.T.);
#4631=EDGE_CURVE('',#2657,#2655,#1203,.T.);
#4633=EDGE_CURVE('',#2655,#2653,#1208,.T.);
#4656=EDGE_CURVE('',#2648,#2649,#1231,.T.);
#4658=EDGE_CURVE('',#2651,#2648,#1226,.T.);
#4660=EDGE_CURVE('',#2653,#2651,#1275,.T.);
#4664=EDGE_CURVE('',#2657,#2649,#1221,.T.);
#4676=EDGE_CURVE('',#2639,#2649,#1271,.T.);
#4678=EDGE_CURVE('',#2639,#2645,#1236,.T.);
#4680=EDGE_CURVE('',#2645,#2642,#1241,.T.);
#4682=EDGE_CURVE('',#2642,#2651,#1246,.T.);
#4692=EDGE_CURVE('',#2649,#2659,#1251,.T.);
#4694=EDGE_CURVE('',#2659,#2651,#1256,.T.);
#4697=EDGE_CURVE('',#2642,#2643,#1261,.T.);
#4699=EDGE_CURVE('',#2643,#2639,#1266,.T.);
#4724=EDGE_CURVE('',#2636,#2637,#1284,.T.);
#4726=EDGE_CURVE('',#2639,#2636,#1323,.T.);
#4730=EDGE_CURVE('',#2642,#2637,#1279,.T.);
#4741=EDGE_CURVE('',#2623,#2637,#1319,.T.);
#4745=EDGE_CURVE('',#2627,#2636,#1299,.T.);
#4755=EDGE_CURVE('',#2637,#2636,#1304,.T.);
#4784=EDGE_CURVE('',#2733,#2731,#1328,.T.);
#4808=EDGE_CURVE('',#2753,#2745,#1380,.T.);
#4810=EDGE_CURVE('',#2755,#2753,#1400,.T.);
#4812=EDGE_CURVE('',#2755,#2757,#1340,.T.);
#4814=EDGE_CURVE('',#2757,#2746,#1358,.T.);
#4827=EDGE_CURVE('',#2753,#2755,#1395,.T.);
#4838=EDGE_CURVE('',#2764,#2765,#1385,.T.);
#4840=EDGE_CURVE('',#2765,#2764,#1390,.T.);
#4854=EDGE_CURVE('',#2768,#2769,#1414,.T.);
#4856=EDGE_CURVE('',#2771,#2768,#1409,.T.);
#4858=EDGE_CURVE('',#2771,#2765,#1404,.T.);
#4861=EDGE_CURVE('',#2769,#2764,#1886,.T.);
#4871=EDGE_CURVE('',#2774,#2775,#1438,.T.);
#4873=EDGE_CURVE('',#2777,#2774,#1433,.T.);
#4875=EDGE_CURVE('',#2771,#2777,#1882,.T.);
#4879=EDGE_CURVE('',#2769,#2775,#1418,.T.);
#4889=EDGE_CURVE('',#2780,#2781,#1423,.T.);
#4891=EDGE_CURVE('',#2781,#2780,#1428,.T.);
#4897=EDGE_CURVE('',#2775,#2783,#1443,.T.);
#4899=EDGE_CURVE('',#2783,#2777,#1448,.T.);
#4909=EDGE_CURVE('',#2789,#2786,#1453,.T.);
#4911=EDGE_CURVE('',#2786,#2787,#1458,.T.);
#4913=EDGE_CURVE('',#2781,#2787,#1542,.T.);
#4916=EDGE_CURVE('',#2780,#2789,#1463,.T.);
#4926=EDGE_CURVE('',#2792,#2793,#1487,.T.);
#4928=EDGE_CURVE('',#2795,#2792,#1482,.T.);
#4930=EDGE_CURVE('',#2795,#2787,#1467,.T.);
#4934=EDGE_CURVE('',#2793,#2789,#1527,.T.);
#4944=EDGE_CURVE('',#2798,#2799,#1472,.T.);
#4946=EDGE_CURVE('',#2799,#2801,#1477,.T.);
#4948=EDGE_CURVE('',#2795,#2801,#1523,.T.);
#4952=EDGE_CURVE('',#2793,#2798,#1491,.T.);
#4964=EDGE_CURVE('',#2803,#2798,#1499,.T.);
#4966=EDGE_CURVE('',#2805,#2803,#1572,.T.);
#4968=EDGE_CURVE('',#2805,#2801,#1495,.T.);
#4978=EDGE_CURVE('',#2807,#2798,#1509,.T.);
#4980=EDGE_CURVE('',#2801,#2807,#1504,.T.);
#4983=EDGE_CURVE('',#2803,#2805,#1567,.T.);
#4997=EDGE_CURVE('',#2793,#2809,#1514,.T.);
#4999=EDGE_CURVE('',#2809,#2795,#1519,.T.);
#5013=EDGE_CURVE('',#2811,#2789,#1537,.T.);
#5015=EDGE_CURVE('',#2787,#2811,#1532,.T.);
#5039=EDGE_CURVE('',#2817,#2814,#1547,.T.);
#5041=EDGE_CURVE('',#2814,#2815,#1552,.T.);
#5043=EDGE_CURVE('',#2815,#2819,#1557,.T.);
#5045=EDGE_CURVE('',#2819,#2817,#1562,.T.);
#5061=EDGE_CURVE('',#2821,#2817,#1602,.T.);
#5063=EDGE_CURVE('',#2821,#2824,#1577,.T.);
#5065=EDGE_CURVE('',#2824,#2825,#1582,.T.);
#5067=EDGE_CURVE('',#2825,#2815,#1587,.T.);
#5080=EDGE_CURVE('',#2825,#2827,#1592,.T.);
#5082=EDGE_CURVE('',#2827,#2821,#1597,.T.);
#5095=EDGE_CURVE('',#2825,#2829,#1606,.T.);
#5097=EDGE_CURVE('',#2831,#2829,#1638,.T.);
#5099=EDGE_CURVE('',#2821,#2831,#1610,.T.);
#5112=EDGE_CURVE('',#2829,#2831,#1615,.T.);
#5123=EDGE_CURVE('',#2829,#2833,#1628,.T.);
#5126=EDGE_CURVE('',#2831,#2835,#1619,.T.);
#5128=EDGE_CURVE('',#2835,#2833,#1624,.T.);
#5139=EDGE_CURVE('',#2833,#2835,#1633,.T.);
#5151=EDGE_CURVE('',#2833,#2837,#1642,.T.);
#5153=EDGE_CURVE('',#2839,#2837,#1651,.T.);
#5155=EDGE_CURVE('',#2835,#2839,#1646,.T.);
#5169=EDGE_CURVE('',#2837,#2839,#1656,.T.);
#5183=EDGE_CURVE('',#2842,#2843,#1661,.T.);
#5185=EDGE_CURVE('',#2843,#2842,#1666,.T.);
#5195=EDGE_CURVE('',#2843,#2845,#1674,.T.);
#5198=EDGE_CURVE('',#2842,#2847,#1670,.T.);
#5200=EDGE_CURVE('',#2845,#2847,#1694,.T.);
#5211=EDGE_CURVE('',#2847,#2845,#1689,.T.);
#5223=EDGE_CURVE('',#2850,#2851,#1679,.T.);
#5225=EDGE_CURVE('',#2851,#2850,#1684,.T.);
#5239=EDGE_CURVE('',#2855,#2857,#1708,.T.);
#5241=EDGE_CURVE('',#2854,#2855,#1703,.T.);
#5243=EDGE_CURVE('',#2851,#2854,#1752,.T.);
#5246=EDGE_CURVE('',#2850,#2857,#1698,.T.);
#5258=EDGE_CURVE('',#2859,#2857,#1748,.T.);
#5260=EDGE_CURVE('',#2859,#2862,#1713,.T.);
#5262=EDGE_CURVE('',#2862,#2863,#1718,.T.);
#5264=EDGE_CURVE('',#2863,#2854,#1723,.T.);
#5274=EDGE_CURVE('',#2857,#2865,#1728,.T.);
#5276=EDGE_CURVE('',#2865,#2854,#1733,.T.);
#5279=EDGE_CURVE('',#2863,#2867,#1738,.T.);
#5281=EDGE_CURVE('',#2867,#2859,#1743,.T.);
#5305=EDGE_CURVE('',#2870,#2871,#1766,.T.);
#5307=EDGE_CURVE('',#2873,#2870,#1761,.T.);
#5309=EDGE_CURVE('',#2859,#2873,#1810,.T.);
#5313=EDGE_CURVE('',#2863,#2871,#1756,.T.);
#5325=EDGE_CURVE('',#2875,#2871,#1806,.T.);
#5327=EDGE_CURVE('',#2875,#2877,#1771,.T.);
#5329=EDGE_CURVE('',#2877,#2879,#1776,.T.);
#5331=EDGE_CURVE('',#2879,#2873,#1781,.T.);
#5341=EDGE_CURVE('',#2871,#2881,#1786,.T.);
#5343=EDGE_CURVE('',#2881,#2873,#1791,.T.);
#5346=EDGE_CURVE('',#2879,#2883,#1796,.T.);
#5348=EDGE_CURVE('',#2883,#2875,#1801,.T.);
#5373=EDGE_CURVE('',#2887,#2889,#1824,.T.);
#5375=EDGE_CURVE('',#2886,#2887,#1819,.T.);
#5377=EDGE_CURVE('',#2875,#2886,#1868,.T.);
#5381=EDGE_CURVE('',#2879,#2889,#1814,.T.);
#5393=EDGE_CURVE('',#2596,#2889,#1864,.T.);
#5397=EDGE_CURVE('',#2600,#2886,#1839,.T.);
#5407=EDGE_CURVE('',#2889,#2891,#1844,.T.);
#5409=EDGE_CURVE('',#2891,#2886,#1849,.T.);
#5440=EDGE_CURVE('',#2769,#2893,#1873,.T.);
#5442=EDGE_CURVE('',#2893,#2771,#1878,.T.);
#5470=EDGE_CURVE('',#2747,#2746,#1908,.T.);
#5483=EDGE_CURVE('',#2751,#2749,#1945,.T.);
#5494=EDGE_CURVE('',#2896,#2897,#1935,.T.);
#5496=EDGE_CURVE('',#2897,#2896,#1940,.T.);
#5510=EDGE_CURVE('',#2901,#2903,#1964,.T.);
#5512=EDGE_CURVE('',#2900,#2901,#1959,.T.);
#5514=EDGE_CURVE('',#2897,#2900,#1986,.T.);
#5517=EDGE_CURVE('',#2896,#2903,#1954,.T.);
#5529=EDGE_CURVE('',#2905,#2903,#1982,.T.);
#5531=EDGE_CURVE('',#2909,#2905,#2016,.T.);
#5533=EDGE_CURVE('',#2908,#2909,#2011,.T.);
#5535=EDGE_CURVE('',#2908,#2900,#1968,.T.);
#5545=EDGE_CURVE('',#2903,#2911,#1973,.T.);
#5547=EDGE_CURVE('',#2911,#2900,#1978,.T.);
#5550=EDGE_CURVE('',#2913,#2908,#2006,.T.);
#5552=EDGE_CURVE('',#2905,#2913,#2001,.T.);
#5576=EDGE_CURVE('',#2916,#2917,#1991,.T.);
#5578=EDGE_CURVE('',#2919,#2917,#2021,.T.);
#5580=EDGE_CURVE('',#2919,#2921,#1996,.T.);
#5582=EDGE_CURVE('',#2916,#2921,#2041,.T.);
#5600=EDGE_CURVE('',#2923,#2916,#2056,.T.);
#5602=EDGE_CURVE('',#2923,#2925,#2026,.T.);
#5604=EDGE_CURVE('',#2925,#2927,#2031,.T.);
#5606=EDGE_CURVE('',#2927,#2919,#2036,.T.);
#5619=EDGE_CURVE('',#2927,#2929,#2046,.T.);
#5621=EDGE_CURVE('',#2929,#2923,#2051,.T.);
#5632=EDGE_CURVE('',#2933,#2935,#2070,.T.);
#5634=EDGE_CURVE('',#2932,#2933,#2065,.T.);
#5636=EDGE_CURVE('',#2923,#2932,#2112,.T.);
#5640=EDGE_CURVE('',#2927,#2935,#2060,.T.);
#5652=EDGE_CURVE('',#2937,#2935,#2108,.T.);
#5654=EDGE_CURVE('',#2937,#2940,#2075,.T.);
#5656=EDGE_CURVE('',#2940,#2941,#2080,.T.);
#5658=EDGE_CURVE('',#2941,#2932,#2084,.T.);
#5668=EDGE_CURVE('',#2935,#2943,#2089,.T.);
#5670=EDGE_CURVE('',#2943,#2932,#2094,.T.);
#5673=EDGE_CURVE('',#2941,#2945,#2099,.T.);
#5675=EDGE_CURVE('',#2945,#2937,#2104,.T.);
#5702=EDGE_CURVE('',#2941,#2947,#2116,.T.);
#5704=EDGE_CURVE('',#2949,#2947,#2140,.T.);
#5706=EDGE_CURVE('',#2937,#2949,#2120,.T.);
#5719=EDGE_CURVE('',#2947,#2949,#2135,.T.);
#5730=EDGE_CURVE('',#2952,#2953,#2125,.T.);
#5732=EDGE_CURVE('',#2953,#2952,#2130,.T.);
#5746=EDGE_CURVE('',#2956,#2957,#2145,.T.);
#5748=EDGE_CURVE('',#2957,#2959,#2150,.T.);
#5750=EDGE_CURVE('',#2953,#2959,#2178,.T.);
#5753=EDGE_CURVE('',#2952,#2956,#2155,.T.);
#5765=EDGE_CURVE('',#2961,#2956,#2163,.T.);
#5767=EDGE_CURVE('',#2963,#2961,#2206,.T.);
#5769=EDGE_CURVE('',#2963,#2959,#2159,.T.);
#5779=EDGE_CURVE('',#2965,#2956,#2173,.T.);
#5781=EDGE_CURVE('',#2959,#2965,#2168,.T.);
#5784=EDGE_CURVE('',#2961,#2963,#2187,.T.);
#5808=EDGE_CURVE('',#2967,#2961,#2182,.T.);
#5811=EDGE_CURVE('',#2969,#2963,#2201,.T.);
#5813=EDGE_CURVE('',#2969,#2967,#2192,.T.);
#5824=EDGE_CURVE('',#2967,#2969,#2197,.T.);
#5836=EDGE_CURVE('',#2971,#2967,#2214,.T.);
#5838=EDGE_CURVE('',#2973,#2971,#2224,.T.);
#5840=EDGE_CURVE('',#2973,#2969,#2210,.T.);
#5854=EDGE_CURVE('',#2971,#2973,#2219,.T.);
#5868=EDGE_CURVE('',#2976,#2977,#2229,.T.);
#5870=EDGE_CURVE('',#2977,#2976,#2234,.T.);
#5880=EDGE_CURVE('',#2979,#2976,#2242,.T.);
#5882=EDGE_CURVE('',#2981,#2979,#2262,.T.);
#5884=EDGE_CURVE('',#2981,#2977,#2238,.T.);
#5898=EDGE_CURVE('',#2979,#2981,#2257,.T.);
#5908=EDGE_CURVE('',#2984,#2985,#2247,.T.);
#5910=EDGE_CURVE('',#2985,#2984,#2252,.T.);
#5924=EDGE_CURVE('',#2988,#2989,#2286,.T.);
#5926=EDGE_CURVE('',#2991,#2988,#2281,.T.);
#5928=EDGE_CURVE('',#2991,#2985,#2266,.T.);
#5931=EDGE_CURVE('',#2989,#2984,#2494,.T.);
#5941=EDGE_CURVE('',#2994,#2995,#2271,.T.);
#5943=EDGE_CURVE('',#2995,#2997,#2276,.T.);
#5945=EDGE_CURVE('',#2991,#2997,#2490,.T.);
#5949=EDGE_CURVE('',#2989,#2994,#2291,.T.);
#5959=EDGE_CURVE('',#3001,#3003,#2315,.T.);
#5961=EDGE_CURVE('',#3000,#3001,#2310,.T.);
#5963=EDGE_CURVE('',#3000,#2997,#2295,.T.);
#5967=EDGE_CURVE('',#3003,#2994,#2465,.T.);
#5977=EDGE_CURVE('',#3009,#3006,#2300,.T.);
#5979=EDGE_CURVE('',#3006,#3007,#2305,.T.);
#5981=EDGE_CURVE('',#3000,#3007,#2461,.T.);
#5985=EDGE_CURVE('',#3003,#3009,#2320,.T.);
#5995=EDGE_CURVE('',#3012,#3013,#2344,.T.);
#5997=EDGE_CURVE('',#3015,#3012,#2339,.T.);
#5999=EDGE_CURVE('',#3015,#3007,#2324,.T.);
#6003=EDGE_CURVE('',#3013,#3009,#2436,.T.);
#6013=EDGE_CURVE('',#3018,#3019,#2329,.T.);
#6015=EDGE_CURVE('',#3019,#3021,#2334,.T.);
#6017=EDGE_CURVE('',#3015,#3021,#2432,.T.);
#6021=EDGE_CURVE('',#3013,#3018,#2349,.T.);
#6031=EDGE_CURVE('',#3025,#3027,#2373,.T.);
#6033=EDGE_CURVE('',#3024,#3025,#2368,.T.);
#6035=EDGE_CURVE('',#3024,#3021,#2353,.T.);
#6039=EDGE_CURVE('',#3027,#3018,#2407,.T.);
#6051=EDGE_CURVE('',#3024,#2586,#2403,.T.);
#6055=EDGE_CURVE('',#3027,#2582,#2378,.T.);
#6068=EDGE_CURVE('',#3027,#3029,#2393,.T.);
#6070=EDGE_CURVE('',#3029,#3024,#2398,.T.);
#6084=EDGE_CURVE('',#3031,#3018,#2417,.T.);
#6086=EDGE_CURVE('',#3021,#3031,#2412,.T.);
#6100=EDGE_CURVE('',#3013,#3033,#2422,.T.);
#6102=EDGE_CURVE('',#3033,#3015,#2427,.T.);
#6116=EDGE_CURVE('',#3035,#3009,#2446,.T.);
#6118=EDGE_CURVE('',#3007,#3035,#2441,.T.);
#6132=EDGE_CURVE('',#3003,#3037,#2451,.T.);
#6134=EDGE_CURVE('',#3037,#3000,#2456,.T.);
#6148=EDGE_CURVE('',#3039,#2994,#2475,.T.);
#6150=EDGE_CURVE('',#2997,#3039,#2470,.T.);
#6164=EDGE_CURVE('',#2989,#3041,#2480,.T.);
#6166=EDGE_CURVE('',#3041,#2991,#2485,.T.);
#6191=EDGE_CURVE('',#3184,#3172,#2502,.T.);
#6193=EDGE_CURVE('',#3186,#3184,#2546,.T.);
#6195=EDGE_CURVE('',#3173,#3186,#2538,.T.);
#6226=EDGE_CURVE('',#3182,#3188,#2498,.T.);
#6228=EDGE_CURVE('',#3184,#3188,#2553,.T.);
#6240=EDGE_CURVE('',#3190,#3180,#2520,.T.);
#6242=EDGE_CURVE('',#3188,#3190,#2557,.T.);
#6254=EDGE_CURVE('',#3178,#3192,#2511,.T.);
#6256=EDGE_CURVE('',#3192,#3190,#2516,.T.);
#6268=EDGE_CURVE('',#3194,#3176,#2534,.T.);
#6270=EDGE_CURVE('',#3192,#3194,#2561,.T.);
#6282=EDGE_CURVE('',#3196,#3174,#2542,.T.);
#6284=EDGE_CURVE('',#3196,#3194,#2530,.T.);
#6317=EDGE_CURVE('',#3196,#3186,#2568,.T.);
#6340=(LENGTH_UNIT()NAMED_UNIT(*)SI_UNIT(.MILLI.,.METRE.));
#6342=(NAMED_UNIT(*)PLANE_ANGLE_UNIT()SI_UNIT($,.RADIAN.));
#6345=(NAMED_UNIT(*)SI_UNIT($,.STERADIAN.)SOLID_ANGLE_UNIT());
#6351=AXIS2_PLACEMENT_3D('',#6348,#6349,#6350);
#6352=ADVANCED_BREP_SHAPE_REPRESENTATION('',(#6351,#6339),#6347);
#6359=PRODUCT_DEFINITION('design','',#6358,#6355);
#6360=PRODUCT_DEFINITION_SHAPE('','SHAPE FOR MDM1808-A_20.',#6359);
#6361=SHAPE_DEFINITION_REPRESENTATION(#6360,#6352);
#6362=SHAPE_DEFINITION_REPRESENTATION(#6363,#6364);
#6363=PRODUCT_DEFINITION_SHAPE('','SHAPE FOR MDM1808-A_ASM_6_ASM.',#15982);
#6364=SHAPE_REPRESENTATION('',(#6375,#6370,#6513,#6508,#6526,#6521,#6539,#6534,
#6552,#6547,#6565,#6560,#6578,#6573,#6591,#6586,#6604,#6599,#8701,#8696,#8714,
#8709,#8727,#8722,#8740,#8735,#15924,#15919,#15937,#15932,#15950,#15945,#15963,
#15958,#15977),#15973);
#6365=NEXT_ASSEMBLY_USAGE_OCCURRENCE('12','Next assembly relationship',
'MDM1808-A',#15982,#6359,$);
#6366=PRODUCT_DEFINITION_SHAPE('Placement #12',
'Placement of MDM1808-A_20 with respect to MDM1808-A_ASM_6_ASM',#6365);
#6375=AXIS2_PLACEMENT_3D('',#6372,#6373,#6374);
#6382=CIRCLE('',#6381,1.25E0);
#6387=CIRCLE('',#6386,3.05E0);
#6392=CIRCLE('',#6391,1.25E0);
#6397=CIRCLE('',#6396,5.55E0);
#6402=CIRCLE('',#6401,1.25E0);
#6407=CIRCLE('',#6406,3.05E0);
#6412=CIRCLE('',#6411,1.25E0);
#6417=CIRCLE('',#6416,5.55E0);
#6431=EDGE_CURVE('',#6420,#6421,#6382,.T.);
#6433=EDGE_CURVE('',#6423,#6421,#6417,.T.);
#6435=EDGE_CURVE('',#6425,#6423,#6392,.T.);
#6437=EDGE_CURVE('',#6425,#6420,#6387,.T.);
#6448=EDGE_CURVE('',#6425,#6420,#6407,.T.);
#6451=EDGE_CURVE('',#6423,#6421,#6397,.T.);
#6461=EDGE_CURVE('',#6421,#6420,#6412,.T.);
#6464=EDGE_CURVE('',#6423,#6425,#6402,.T.);
#6484=(LENGTH_UNIT()NAMED_UNIT(*)SI_UNIT(.MILLI.,.METRE.));
#6486=(NAMED_UNIT(*)PLANE_ANGLE_UNIT()SI_UNIT($,.RADIAN.));
#6489=(NAMED_UNIT(*)SI_UNIT($,.STERADIAN.)SOLID_ANGLE_UNIT());
#6495=AXIS2_PLACEMENT_3D('',#6492,#6493,#6494);
#6496=ADVANCED_BREP_SHAPE_REPRESENTATION('',(#6495,#6483),#6491);
#6500=PRODUCT_DEFINITION('design','',#6499,#6355);
#6501=PRODUCT_DEFINITION_SHAPE('','SHAPE FOR MFQ111_439_1.',#6500);
#6502=SHAPE_DEFINITION_REPRESENTATION(#6501,#6496);
#6503=NEXT_ASSEMBLY_USAGE_OCCURRENCE('13','Next assembly relationship','MFQ111',
#15982,#6500,$);
#6504=PRODUCT_DEFINITION_SHAPE('Placement #13',
'Placement of MFQ111_439_1 with respect to MDM1808-A_ASM_6_ASM',#6503);
#6513=AXIS2_PLACEMENT_3D('',#6510,#6511,#6512);
#6516=NEXT_ASSEMBLY_USAGE_OCCURRENCE('14','Next assembly relationship',
'MFQ111_439_1',#15982,#6500,$);
#6517=PRODUCT_DEFINITION_SHAPE('Placement #14',
'Placement of MFQ111_439_1 with respect to MDM1808-A_ASM_6_ASM',#6516);
#6526=AXIS2_PLACEMENT_3D('',#6523,#6524,#6525);
#6529=NEXT_ASSEMBLY_USAGE_OCCURRENCE('15','Next assembly relationship',
'MFQ111_439_1',#15982,#6500,$);
#6530=PRODUCT_DEFINITION_SHAPE('Placement #15',
'Placement of MFQ111_439_1 with respect to MDM1808-A_ASM_6_ASM',#6529);
#6539=AXIS2_PLACEMENT_3D('',#6536,#6537,#6538);
#6542=NEXT_ASSEMBLY_USAGE_OCCURRENCE('16','Next assembly relationship',
'MFQ111_439_1',#15982,#6500,$);
#6543=PRODUCT_DEFINITION_SHAPE('Placement #16',
'Placement of MFQ111_439_1 with respect to MDM1808-A_ASM_6_ASM',#6542);
#6552=AXIS2_PLACEMENT_3D('',#6549,#6550,#6551);
#6555=NEXT_ASSEMBLY_USAGE_OCCURRENCE('17','Next assembly relationship',
'MFQ111_439_1',#15982,#6500,$);
#6556=PRODUCT_DEFINITION_SHAPE('Placement #17',
'Placement of MFQ111_439_1 with respect to MDM1808-A_ASM_6_ASM',#6555);
#6565=AXIS2_PLACEMENT_3D('',#6562,#6563,#6564);
#6568=NEXT_ASSEMBLY_USAGE_OCCURRENCE('18','Next assembly relationship',
'MFQ111_439_1',#15982,#6500,$);
#6569=PRODUCT_DEFINITION_SHAPE('Placement #18',
'Placement of MFQ111_439_1 with respect to MDM1808-A_ASM_6_ASM',#6568);
#6578=AXIS2_PLACEMENT_3D('',#6575,#6576,#6577);
#6581=NEXT_ASSEMBLY_USAGE_OCCURRENCE('19','Next assembly relationship',
'MFQ111_439_1',#15982,#6500,$);
#6582=PRODUCT_DEFINITION_SHAPE('Placement #19',
'Placement of MFQ111_439_1 with respect to MDM1808-A_ASM_6_ASM',#6581);
#6591=AXIS2_PLACEMENT_3D('',#6588,#6589,#6590);
#6594=NEXT_ASSEMBLY_USAGE_OCCURRENCE('20','Next assembly relationship',
'MFQ111_439_1',#15982,#6500,$);
#6595=PRODUCT_DEFINITION_SHAPE('Placement #20',
'Placement of MFQ111_439_1 with respect to MDM1808-A_ASM_6_ASM',#6594);
#6604=AXIS2_PLACEMENT_3D('',#6601,#6602,#6603);
#6611=CIRCLE('',#6610,7.191510783756E0);
#6616=CIRCLE('',#6615,7.191510783756E0);
#6625=CIRCLE('',#6624,6.8E0);
#6634=CIRCLE('',#6633,5.6E0);
#6639=CIRCLE('',#6638,5.6E0);
#6648=CIRCLE('',#6647,6.8E0);
#6653=CIRCLE('',#6652,5.6E0);
#6658=CIRCLE('',#6657,6.8E0);
#6667=CIRCLE('',#6666,5.6E0);
#6680=CIRCLE('',#6679,4.800000642870E0);
#6685=CIRCLE('',#6684,4.800000642870E0);
#6690=CIRCLE('',#6689,7.691491908127E0);
#6695=CIRCLE('',#6694,7.691491908127E0);
#6700=CIRCLE('',#6699,5.E-1);
#6705=CIRCLE('',#6704,7.691491908127E0);
#6710=CIRCLE('',#6709,7.691491908127E0);
#6715=CIRCLE('',#6714,5.E-1);
#6720=CIRCLE('',#6719,7.751745373558E0);
#6737=CIRCLE('',#6736,7.697638793255E0);
#6742=CIRCLE('',#6741,7.751745373558E0);
#6759=CIRCLE('',#6758,7.697638793255E0);
#6764=CIRCLE('',#6763,7.752618060324E0);
#6769=CIRCLE('',#6768,7.752618060324E0);
#6774=CIRCLE('',#6773,7.65E0);
#6779=CIRCLE('',#6778,7.65E0);
#6784=CIRCLE('',#6783,7.65E0);
#6789=CIRCLE('',#6788,2.E-1);
#6794=CIRCLE('',#6793,7.449999981951E0);
#6799=CIRCLE('',#6798,7.449999981951E0);
#6804=CIRCLE('',#6803,6.8E0);
#6809=CIRCLE('',#6808,6.8E0);
#6814=CIRCLE('',#6813,7.65E0);
#6819=CIRCLE('',#6818,2.E-1);
#6864=CIRCLE('',#6863,6.E-1);
#6873=CIRCLE('',#6872,6.E-1);
#6886=CIRCLE('',#6885,5.564219842058E0);
#6895=CIRCLE('',#6894,5.584337331169E0);
#6900=CIRCLE('',#6899,5.584337331169E0);
#6905=CIRCLE('',#6904,5.584337331169E0);
#6910=CIRCLE('',#6909,6.184314485008E0);
#6919=CIRCLE('',#6918,6.2E0);
#6928=CIRCLE('',#6927,6.E-1);
#6937=CIRCLE('',#6936,6.E-1);
#6942=CIRCLE('',#6941,6.8E0);
#6951=CIRCLE('',#6950,6.E-1);
#6956=CIRCLE('',#6955,6.E-1);
#6961=CIRCLE('',#6960,5.589527758651E0);
#6970=CIRCLE('',#6969,5.564219842058E0);
#6979=CIRCLE('',#6978,6.E-1);
#6992=CIRCLE('',#6991,6.E-1);
#6997=CIRCLE('',#6996,6.184314485008E0);
#7006=CIRCLE('',#7005,6.2E0);
#7015=CIRCLE('',#7014,5.584337331169E0);
#7024=CIRCLE('',#7023,6.E-1);
#7029=CIRCLE('',#7028,6.E-1);
#7034=CIRCLE('',#7033,6.8E0);
#7059=CIRCLE('',#7058,6.2E0);
#7064=CIRCLE('',#7063,6.8E0);
#7069=CIRCLE('',#7068,6.8E0);
#7074=CIRCLE('',#7073,6.184314485008E0);
#7083=CIRCLE('',#7082,6.2E0);
#7088=CIRCLE('',#7087,5.584337331169E0);
#7093=CIRCLE('',#7092,6.E-1);
#7106=CIRCLE('',#7105,6.E-1);
#7111=CIRCLE('',#7110,6.8E0);
#7120=CIRCLE('',#7119,6.45E0);
#7133=CIRCLE('',#7132,6.8E0);
#7138=CIRCLE('',#7137,6.45E0);
#7155=CIRCLE('',#7154,5.560729094942E0);
#7160=CIRCLE('',#7159,5.560729094942E0);
#7165=CIRCLE('',#7164,5.560729094942E0);
#7170=CIRCLE('',#7169,5.560729094942E0);
#7175=CIRCLE('',#7174,5.E0);
#7180=CIRCLE('',#7179,5.E0);
#7193=CIRCLE('',#7192,4.175E0);
#7198=CIRCLE('',#7197,4.175E0);
#7203=CIRCLE('',#7202,3.925E0);
#7208=CIRCLE('',#7207,3.925E0);
#7221=CIRCLE('',#7220,3.925E0);
#7230=CIRCLE('',#7229,3.925E0);
#7239=CIRCLE('',#7238,6.8E0);
#7248=CIRCLE('',#7247,6.45E0);
#7261=CIRCLE('',#7260,6.8E0);
#7266=CIRCLE('',#7265,6.45E0);
#7283=CIRCLE('',#7282,6.8E0);
#7292=CIRCLE('',#7291,6.45E0);
#7305=CIRCLE('',#7304,6.8E0);
#7310=CIRCLE('',#7309,6.45E0);
#7650=EDGE_CURVE('',#7401,#7402,#6611,.T.);
#7652=EDGE_CURVE('',#7402,#7401,#6616,.T.);
#7656=EDGE_CURVE('',#7405,#7406,#6620,.T.);
#7658=EDGE_CURVE('',#7406,#7408,#6625,.T.);
#7660=EDGE_CURVE('',#7408,#7410,#6629,.T.);
#7662=EDGE_CURVE('',#7410,#7412,#6634,.T.);
#7664=EDGE_CURVE('',#7412,#7405,#6639,.T.);
#7668=EDGE_CURVE('',#7415,#7416,#6643,.T.);
#7670=EDGE_CURVE('',#7416,#7418,#6648,.T.);
#7672=EDGE_CURVE('',#7420,#7418,#6987,.T.);
#7674=EDGE_CURVE('',#7420,#7415,#6653,.T.);
#7678=EDGE_CURVE('',#7423,#7424,#6877,.T.);
#7680=EDGE_CURVE('',#7423,#7426,#6658,.T.);
#7682=EDGE_CURVE('',#7426,#7428,#6662,.T.);
#7684=EDGE_CURVE('',#7428,#7424,#6667,.T.);
#7688=EDGE_CURVE('',#7431,#7432,#7326,.T.);
#7690=EDGE_CURVE('',#7434,#7431,#7366,.T.);
#7692=EDGE_CURVE('',#7434,#7436,#6671,.T.);
#7694=EDGE_CURVE('',#7438,#7436,#7354,.T.);
#7696=EDGE_CURVE('',#7438,#7440,#6675,.T.);
#7698=EDGE_CURVE('',#7442,#7440,#7342,.T.);
#7700=EDGE_CURVE('',#7432,#7442,#7334,.T.);
#7704=EDGE_CURVE('',#7445,#7446,#6680,.T.);
#7706=EDGE_CURVE('',#7446,#7445,#6685,.T.);
#7717=EDGE_CURVE('',#7620,#7401,#6715,.T.);
#7719=EDGE_CURVE('',#7620,#7630,#6690,.T.);
#7721=EDGE_CURVE('',#7630,#7624,#6695,.T.);
#7723=EDGE_CURVE('',#7624,#7402,#6700,.T.);
#7735=EDGE_CURVE('',#7624,#7622,#6705,.T.);
#7737=EDGE_CURVE('',#7622,#7620,#6710,.T.);
#7748=EDGE_CURVE('',#7609,#7610,#6720,.T.);
#7750=EDGE_CURVE('',#7610,#7606,#6724,.T.);
#7752=EDGE_CURVE('',#7605,#7606,#6764,.T.);
#7754=EDGE_CURVE('',#7612,#7605,#6746,.T.);
#7756=EDGE_CURVE('',#7614,#7612,#6742,.T.);
#7758=EDGE_CURVE('',#7614,#7616,#6728,.T.);
#7760=EDGE_CURVE('',#7618,#7616,#6759,.T.);
#7762=EDGE_CURVE('',#7618,#7620,#6732,.T.);
#7766=EDGE_CURVE('',#7626,#7624,#6754,.T.);
#7768=EDGE_CURVE('',#7626,#7628,#6737,.T.);
#7770=EDGE_CURVE('',#7609,#7628,#6750,.T.);
#7782=EDGE_CURVE('',#7606,#7605,#6769,.T.);
#7806=EDGE_CURVE('',#7599,#7600,#6774,.T.);
#7808=EDGE_CURVE('',#7596,#7600,#6784,.T.);
#7810=EDGE_CURVE('',#7596,#7602,#6779,.T.);
#7812=EDGE_CURVE('',#7599,#7602,#6814,.T.);
#7822=EDGE_CURVE('',#7593,#7594,#6794,.T.);
#7824=EDGE_CURVE('',#7596,#7593,#6819,.T.);
#7828=EDGE_CURVE('',#7599,#7594,#6789,.T.);
#7839=EDGE_CURVE('',#7594,#7593,#6799,.T.);
#7843=EDGE_CURVE('',#7538,#7540,#6804,.T.);
#7845=EDGE_CURVE('',#7540,#7538,#6809,.T.);
#7868=EDGE_CURVE('',#7423,#7532,#6823,.T.);
#7870=EDGE_CURVE('',#7540,#7532,#7046,.T.);
#7873=EDGE_CURVE('',#7538,#7536,#6827,.T.);
#7875=EDGE_CURVE('',#7536,#7418,#6831,.T.);
#7878=EDGE_CURVE('',#7416,#7558,#6835,.T.);
#7880=EDGE_CURVE('',#7506,#7558,#6942,.T.);
#7882=EDGE_CURVE('',#7506,#7426,#6839,.T.);
#7887=EDGE_CURVE('',#7561,#7562,#7239,.T.);
#7889=EDGE_CURVE('',#7561,#7564,#6843,.T.);
#7891=EDGE_CURVE('',#7566,#7564,#7261,.T.);
#7893=EDGE_CURVE('',#7566,#7562,#6847,.T.);
#7897=EDGE_CURVE('',#7569,#7570,#7283,.T.);
#7899=EDGE_CURVE('',#7569,#7572,#6851,.T.);
#7901=EDGE_CURVE('',#7574,#7572,#7305,.T.);
#7903=EDGE_CURVE('',#7574,#7570,#6855,.T.);
#7913=EDGE_CURVE('',#7424,#7512,#6859,.T.);
#7915=EDGE_CURVE('',#7512,#7497,#6864,.T.);
#7917=EDGE_CURVE('',#7497,#7504,#6868,.T.);
#7919=EDGE_CURVE('',#7504,#7532,#6873,.T.);
#7931=EDGE_CURVE('',#7460,#7486,#6905,.T.);
#7933=EDGE_CURVE('',#7480,#7460,#6974,.T.);
#7935=EDGE_CURVE('',#7478,#7480,#6970,.T.);
#7937=EDGE_CURVE('',#7478,#7476,#6881,.T.);
#7939=EDGE_CURVE('',#7508,#7476,#7170,.T.);
#7941=EDGE_CURVE('',#7472,#7508,#7165,.T.);
#7943=EDGE_CURVE('',#7470,#7472,#6965,.T.);
#7945=EDGE_CURVE('',#7470,#7468,#6886,.T.);
#7947=EDGE_CURVE('',#7468,#7466,#6890,.T.);
#7949=EDGE_CURVE('',#7464,#7466,#6961,.T.);
#7951=EDGE_CURVE('',#7510,#7464,#7097,.T.);
#7953=EDGE_CURVE('',#7512,#7510,#7088,.T.);
#7957=EDGE_CURVE('',#7486,#7428,#6932,.T.);
#7967=EDGE_CURVE('',#7483,#7484,#6910,.T.);
#7969=EDGE_CURVE('',#7457,#7483,#6951,.T.);
#7971=EDGE_CURVE('',#7457,#7458,#6895,.T.);
#7973=EDGE_CURVE('',#7458,#7460,#6900,.T.);
#7976=EDGE_CURVE('',#7484,#7486,#6928,.T.);
#7987=EDGE_CURVE('',#7484,#7488,#6914,.T.);
#7989=EDGE_CURVE('',#7488,#7490,#6919,.T.);
#7991=EDGE_CURVE('',#7490,#7483,#6923,.T.);
#8006=EDGE_CURVE('',#7506,#7488,#6937,.T.);
#8017=EDGE_CURVE('',#7490,#7558,#6956,.T.);
#8029=EDGE_CURVE('',#7415,#7457,#6946,.T.);
#8048=EDGE_CURVE('',#7462,#7420,#6983,.T.);
#8050=EDGE_CURVE('',#7448,#7462,#7015,.T.);
#8052=EDGE_CURVE('',#7405,#7448,#7019,.T.);
#8056=EDGE_CURVE('',#7464,#7410,#7101,.T.);
#8062=EDGE_CURVE('',#7474,#7472,#7160,.T.);
#8064=EDGE_CURVE('',#7476,#7474,#7155,.T.);
#8077=EDGE_CURVE('',#7492,#7494,#7001,.T.);
#8079=EDGE_CURVE('',#7492,#7462,#6979,.T.);
#8084=EDGE_CURVE('',#7536,#7494,#6992,.T.);
#8094=EDGE_CURVE('',#7450,#7492,#6997,.T.);
#8097=EDGE_CURVE('',#7494,#7452,#7006,.T.);
#8099=EDGE_CURVE('',#7452,#7450,#7010,.T.);
#8110=EDGE_CURVE('',#7448,#7450,#7024,.T.);
#8125=EDGE_CURVE('',#7452,#7454,#7029,.T.);
#8127=EDGE_CURVE('',#7406,#7454,#7042,.T.);
#8140=EDGE_CURVE('',#7536,#7454,#7034,.T.);
#8151=EDGE_CURVE('',#7534,#7532,#7069,.T.);
#8153=EDGE_CURVE('',#7530,#7534,#7064,.T.);
#8155=EDGE_CURVE('',#7530,#7408,#7038,.T.);
#8165=EDGE_CURVE('',#7543,#7544,#7111,.T.);
#8167=EDGE_CURVE('',#7543,#7546,#7050,.T.);
#8169=EDGE_CURVE('',#7548,#7546,#7133,.T.);
#8171=EDGE_CURVE('',#7548,#7544,#7054,.T.);
#8181=EDGE_CURVE('',#7504,#7502,#7059,.T.);
#8183=EDGE_CURVE('',#7500,#7502,#7083,.T.);
#8185=EDGE_CURVE('',#7530,#7500,#7106,.T.);
#8198=EDGE_CURVE('',#7497,#7498,#7074,.T.);
#8200=EDGE_CURVE('',#7498,#7500,#7078,.T.);
#8216=EDGE_CURVE('',#7498,#7510,#7093,.T.);
#8242=EDGE_CURVE('',#7544,#7550,#7115,.T.);
#8244=EDGE_CURVE('',#7550,#7552,#7120,.T.);
#8246=EDGE_CURVE('',#7552,#7543,#7124,.T.);
#8257=EDGE_CURVE('',#7548,#7554,#7128,.T.);
#8259=EDGE_CURVE('',#7550,#7554,#7146,.T.);
#8271=EDGE_CURVE('',#7556,#7546,#7142,.T.);
#8273=EDGE_CURVE('',#7556,#7554,#7138,.T.);
#8286=EDGE_CURVE('',#7556,#7552,#7150,.T.);
#8315=EDGE_CURVE('',#7515,#7516,#7175,.T.);
#8317=EDGE_CURVE('',#7516,#7515,#7180,.T.);
#8328=EDGE_CURVE('',#7518,#7515,#7188,.T.);
#8330=EDGE_CURVE('',#7520,#7518,#7198,.T.);
#8332=EDGE_CURVE('',#7520,#7516,#7184,.T.);
#8344=EDGE_CURVE('',#7518,#7520,#7193,.T.);
#8359=EDGE_CURVE('',#7523,#7524,#7203,.T.);
#8361=EDGE_CURVE('',#7524,#7523,#7208,.T.);
#8372=EDGE_CURVE('',#7523,#7526,#7212,.T.);
#8374=EDGE_CURVE('',#7528,#7526,#7230,.T.);
#8376=EDGE_CURVE('',#7524,#7528,#7216,.T.);
#8388=EDGE_CURVE('',#7526,#7528,#7221,.T.);
#8400=EDGE_CURVE('',#7526,#7446,#7234,.T.);
#8403=EDGE_CURVE('',#7528,#7445,#7225,.T.);
#8426=EDGE_CURVE('',#7562,#7576,#7243,.T.);
#8428=EDGE_CURVE('',#7576,#7578,#7248,.T.);
#8430=EDGE_CURVE('',#7578,#7561,#7252,.T.);
#8441=EDGE_CURVE('',#7566,#7580,#7256,.T.);
#8443=EDGE_CURVE('',#7576,#7580,#7274,.T.);
#8455=EDGE_CURVE('',#7582,#7564,#7270,.T.);
#8457=EDGE_CURVE('',#7582,#7580,#7266,.T.);
#8470=EDGE_CURVE('',#7582,#7578,#7278,.T.);
#8494=EDGE_CURVE('',#7570,#7584,#7287,.T.);
#8496=EDGE_CURVE('',#7584,#7586,#7292,.T.);
#8498=EDGE_CURVE('',#7586,#7569,#7296,.T.);
#8509=EDGE_CURVE('',#7574,#7588,#7300,.T.);
#8511=EDGE_CURVE('',#7584,#7588,#7318,.T.);
#8523=EDGE_CURVE('',#7590,#7572,#7314,.T.);
#8525=EDGE_CURVE('',#7590,#7588,#7310,.T.);
#8538=EDGE_CURVE('',#7590,#7586,#7322,.T.);
#8562=EDGE_CURVE('',#7632,#7432,#7338,.T.);
#8564=EDGE_CURVE('',#7634,#7632,#7374,.T.);
#8566=EDGE_CURVE('',#7634,#7431,#7330,.T.);
#8577=EDGE_CURVE('',#7636,#7442,#7346,.T.);
#8579=EDGE_CURVE('',#7632,#7636,#7378,.T.);
#8591=EDGE_CURVE('',#7638,#7440,#7350,.T.);
#8593=EDGE_CURVE('',#7636,#7638,#7382,.T.);
#8605=EDGE_CURVE('',#7640,#7438,#7358,.T.);
#8607=EDGE_CURVE('',#7638,#7640,#7386,.T.);
#8619=EDGE_CURVE('',#7642,#7436,#7362,.T.);
#8621=EDGE_CURVE('',#7640,#7642,#7390,.T.);
#8633=EDGE_CURVE('',#7644,#7434,#7370,.T.);
#8635=EDGE_CURVE('',#7642,#7644,#7394,.T.);
#8648=EDGE_CURVE('',#7644,#7634,#7398,.T.);
#8671=(LENGTH_UNIT()NAMED_UNIT(*)SI_UNIT(.MILLI.,.METRE.));
#8673=(NAMED_UNIT(*)PLANE_ANGLE_UNIT()SI_UNIT($,.RADIAN.));
#8676=(NAMED_UNIT(*)SI_UNIT($,.STERADIAN.)SOLID_ANGLE_UNIT());
#8682=AXIS2_PLACEMENT_3D('',#8679,#8680,#8681);
#8683=ADVANCED_BREP_SHAPE_REPRESENTATION('',(#8682,#8670),#8678);
#8688=PRODUCT_DEFINITION('design','',#8687,#8684);
#8689=PRODUCT_DEFINITION_SHAPE('','SHAPE FOR KSKM_174_1.',#8688);
#8690=SHAPE_DEFINITION_REPRESENTATION(#8689,#8683);
#8691=NEXT_ASSEMBLY_USAGE_OCCURRENCE('21','Next assembly relationship','KSKM',
#15982,#8688,$);
#8692=PRODUCT_DEFINITION_SHAPE('Placement #21',
'Placement of KSKM_174_1 with respect to MDM1808-A_ASM_6_ASM',#8691);
#8701=AXIS2_PLACEMENT_3D('',#8698,#8699,#8700);
#8704=NEXT_ASSEMBLY_USAGE_OCCURRENCE('22','Next assembly relationship',
'KSKM_174_1',#15982,#8688,$);
#8705=PRODUCT_DEFINITION_SHAPE('Placement #22',
'Placement of KSKM_174_1 with respect to MDM1808-A_ASM_6_ASM',#8704);
#8714=AXIS2_PLACEMENT_3D('',#8711,#8712,#8713);
#8717=NEXT_ASSEMBLY_USAGE_OCCURRENCE('23','Next assembly relationship',
'KSKM_174_1',#15982,#8688,$);
#8718=PRODUCT_DEFINITION_SHAPE('Placement #23',
'Placement of KSKM_174_1 with respect to MDM1808-A_ASM_6_ASM',#8717);
#8727=AXIS2_PLACEMENT_3D('',#8724,#8725,#8726);
#8730=NEXT_ASSEMBLY_USAGE_OCCURRENCE('24','Next assembly relationship',
'KSKM_174_1',#15982,#8688,$);
#8731=PRODUCT_DEFINITION_SHAPE('Placement #24',
'Placement of KSKM_174_1 with respect to MDM1808-A_ASM_6_ASM',#8730);
#8740=AXIS2_PLACEMENT_3D('',#8737,#8738,#8739);
#8749=B_SPLINE_CURVE_WITH_KNOTS('',3,(#8743,#8744,#8745,#8746,#8747,#8748),
.UNSPECIFIED.,.F.,.F.,(4,1,1,4),(0.E0,3.333333333333E-1,6.666666666667E-1,1.E0),
.UNSPECIFIED.);
#8756=B_SPLINE_CURVE_WITH_KNOTS('',3,(#8750,#8751,#8752,#8753,#8754,#8755),
.UNSPECIFIED.,.F.,.F.,(4,1,1,4),(0.E0,3.333333333333E-1,6.666666666667E-1,1.E0),
.UNSPECIFIED.);
#8763=B_SPLINE_CURVE_WITH_KNOTS('',3,(#8757,#8758,#8759,#8760,#8761,#8762),
.UNSPECIFIED.,.F.,.F.,(4,1,1,4),(0.E0,3.333333333333E-1,6.666666666667E-1,1.E0),
.UNSPECIFIED.);
#8768=B_SPLINE_CURVE_WITH_KNOTS('',3,(#8764,#8765,#8766,#8767),.UNSPECIFIED.,
.F.,.F.,(4,4),(0.E0,1.E0),.UNSPECIFIED.);
#8775=B_SPLINE_CURVE_WITH_KNOTS('',3,(#8769,#8770,#8771,#8772,#8773,#8774),
.UNSPECIFIED.,.F.,.F.,(4,1,1,4),(0.E0,3.333333333333E-1,6.666666666667E-1,1.E0),
.UNSPECIFIED.);
#8784=CIRCLE('',#8783,3.45E0);
#8789=CIRCLE('',#8788,3.45E0);
#8798=CIRCLE('',#8797,3.897686861879E0);
#8805=B_SPLINE_CURVE_WITH_KNOTS('',3,(#8799,#8800,#8801,#8802,#8803,#8804),
.UNSPECIFIED.,.F.,.F.,(4,1,1,4),(0.E0,3.333333333333E-1,6.666666666667E-1,1.E0),
.UNSPECIFIED.);
#8810=B_SPLINE_CURVE_WITH_KNOTS('',3,(#8806,#8807,#8808,#8809),.UNSPECIFIED.,
.F.,.F.,(4,4),(0.E0,1.E0),.UNSPECIFIED.);
#8815=CIRCLE('',#8814,4.081753045571E0);
#8822=B_SPLINE_CURVE_WITH_KNOTS('',3,(#8816,#8817,#8818,#8819,#8820,#8821),
.UNSPECIFIED.,.F.,.F.,(4,1,1,4),(0.E0,3.333333333333E-1,6.666666666667E-1,1.E0),
.UNSPECIFIED.);
#8827=CIRCLE('',#8826,4.54E0);
#8834=B_SPLINE_CURVE_WITH_KNOTS('',3,(#8828,#8829,#8830,#8831,#8832,#8833),
.UNSPECIFIED.,.F.,.F.,(4,1,1,4),(0.E0,3.333333333333E-1,6.666666666667E-1,1.E0),
.UNSPECIFIED.);
#8839=B_SPLINE_CURVE_WITH_KNOTS('',3,(#8835,#8836,#8837,#8838),.UNSPECIFIED.,
.F.,.F.,(4,4),(0.E0,1.E0),.UNSPECIFIED.);
#8844=B_SPLINE_CURVE_WITH_KNOTS('',3,(#8840,#8841,#8842,#8843),.UNSPECIFIED.,
.F.,.F.,(4,4),(0.E0,1.E0),.UNSPECIFIED.);
#8853=CIRCLE('',#8852,4.54E0);
#8862=CIRCLE('',#8861,3.8E0);
#8867=CIRCLE('',#8866,3.8E0);
#8878=B_SPLINE_CURVE_WITH_KNOTS('',3,(#8868,#8869,#8870,#8871,#8872,#8873,#8874,
#8875,#8876,#8877),.UNSPECIFIED.,.F.,.F.,(4,1,1,1,1,1,1,4),(0.E0,
1.428571428571E-1,2.857142857143E-1,4.285714285714E-1,5.714285714286E-1,
7.142857142857E-1,8.571428571429E-1,1.E0),.UNSPECIFIED.);
#8885=B_SPLINE_CURVE_WITH_KNOTS('',3,(#8879,#8880,#8881,#8882,#8883,#8884),
.UNSPECIFIED.,.F.,.F.,(4,1,1,4),(0.E0,2.945704908131E-1,8.146267183926E-1,1.E0),
.UNSPECIFIED.);
#8892=B_SPLINE_CURVE_WITH_KNOTS('',3,(#8886,#8887,#8888,#8889,#8890,#8891),
.UNSPECIFIED.,.F.,.F.,(4,1,1,4),(0.E0,1.853732816055E-1,7.054295091862E-1,1.E0),
.UNSPECIFIED.);
#8903=B_SPLINE_CURVE_WITH_KNOTS('',3,(#8893,#8894,#8895,#8896,#8897,#8898,#8899,
#8900,#8901,#8902),.UNSPECIFIED.,.F.,.F.,(4,1,1,1,1,1,1,4),(0.E0,
1.428571428571E-1,2.857142857143E-1,4.285714285714E-1,5.714285714286E-1,
7.142857142857E-1,8.571428571429E-1,1.E0),.UNSPECIFIED.);
#8911=B_SPLINE_CURVE_WITH_KNOTS('',3,(#8904,#8905,#8906,#8907,#8908,#8909,
#8910),.UNSPECIFIED.,.F.,.F.,(4,1,1,1,4),(0.E0,2.5E-1,5.E-1,7.5E-1,1.E0),
.UNSPECIFIED.);
#8916=B_SPLINE_CURVE_WITH_KNOTS('',3,(#8912,#8913,#8914,#8915),.UNSPECIFIED.,
.F.,.F.,(4,4),(0.E0,1.E0),.UNSPECIFIED.);
#8925=B_SPLINE_CURVE_WITH_KNOTS('',3,(#8921,#8922,#8923,#8924),.UNSPECIFIED.,
.F.,.F.,(4,4),(0.E0,1.E0),.UNSPECIFIED.);
#8933=B_SPLINE_CURVE_WITH_KNOTS('',3,(#8926,#8927,#8928,#8929,#8930,#8931,
#8932),.UNSPECIFIED.,.F.,.F.,(4,1,1,1,4),(0.E0,2.5E-1,5.E-1,7.5E-1,1.E0),
.UNSPECIFIED.);
#8942=CIRCLE('',#8941,3.821333333334E0);
#8951=B_SPLINE_CURVE_WITH_KNOTS('',3,(#8947,#8948,#8949,#8950),.UNSPECIFIED.,
.F.,.F.,(4,4),(0.E0,1.E0),.UNSPECIFIED.);
#8959=B_SPLINE_CURVE_WITH_KNOTS('',3,(#8952,#8953,#8954,#8955,#8956,#8957,
#8958),.UNSPECIFIED.,.F.,.F.,(4,1,1,1,4),(0.E0,2.5E-1,5.E-1,7.5E-1,1.E0),
.UNSPECIFIED.);
#8967=B_SPLINE_CURVE_WITH_KNOTS('',3,(#8960,#8961,#8962,#8963,#8964,#8965,
#8966),.UNSPECIFIED.,.F.,.F.,(4,1,1,1,4),(0.E0,2.5E-1,5.E-1,7.5E-1,1.E0),
.UNSPECIFIED.);
#8974=B_SPLINE_CURVE_WITH_KNOTS('',3,(#8968,#8969,#8970,#8971,#8972,#8973),
.UNSPECIFIED.,.F.,.F.,(4,1,1,4),(0.E0,3.333333333333E-1,6.666666666667E-1,1.E0),
.UNSPECIFIED.);
#8979=B_SPLINE_CURVE_WITH_KNOTS('',3,(#8975,#8976,#8977,#8978),.UNSPECIFIED.,
.F.,.F.,(4,4),(0.E0,1.E0),.UNSPECIFIED.);
#8984=B_SPLINE_CURVE_WITH_KNOTS('',3,(#8980,#8981,#8982,#8983),.UNSPECIFIED.,
.F.,.F.,(4,4),(0.E0,1.E0),.UNSPECIFIED.);
#8991=B_SPLINE_CURVE_WITH_KNOTS('',3,(#8985,#8986,#8987,#8988,#8989,#8990),
.UNSPECIFIED.,.F.,.F.,(4,1,1,4),(0.E0,3.333333333333E-1,6.666666666667E-1,1.E0),
.UNSPECIFIED.);
#9002=B_SPLINE_CURVE_WITH_KNOTS('',3,(#8992,#8993,#8994,#8995,#8996,#8997,#8998,
#8999,#9000,#9001),.UNSPECIFIED.,.F.,.F.,(4,1,1,1,1,1,1,4),(0.E0,
1.428571428571E-1,2.857142857143E-1,4.285714285714E-1,5.714285714286E-1,
7.142857142857E-1,8.571428571429E-1,1.E0),.UNSPECIFIED.);
#9010=B_SPLINE_CURVE_WITH_KNOTS('',3,(#9003,#9004,#9005,#9006,#9007,#9008,
#9009),.UNSPECIFIED.,.F.,.F.,(4,1,1,1,4),(0.E0,2.5E-1,5.E-1,7.5E-1,1.E0),
.UNSPECIFIED.);
#9015=B_SPLINE_CURVE_WITH_KNOTS('',3,(#9011,#9012,#9013,#9014),.UNSPECIFIED.,
.F.,.F.,(4,4),(0.E0,1.E0),.UNSPECIFIED.);
#9026=B_SPLINE_CURVE_WITH_KNOTS('',3,(#9020,#9021,#9022,#9023,#9024,#9025),
.UNSPECIFIED.,.F.,.F.,(4,1,1,4),(0.E0,3.333333333333E-1,6.666666666667E-1,1.E0),
.UNSPECIFIED.);
#9031=B_SPLINE_CURVE_WITH_KNOTS('',3,(#9027,#9028,#9029,#9030),.UNSPECIFIED.,
.F.,.F.,(4,4),(0.E0,1.E0),.UNSPECIFIED.);
#9040=CIRCLE('',#9039,3.45E0);
#9045=CIRCLE('',#9044,3.45E0);
#9054=CIRCLE('',#9053,3.897686861879E0);
#9059=CIRCLE('',#9058,3.269977249568E0);
#9066=B_SPLINE_CURVE_WITH_KNOTS('',3,(#9060,#9061,#9062,#9063,#9064,#9065),
.UNSPECIFIED.,.F.,.F.,(4,1,1,4),(0.E0,3.333333333333E-1,6.666666666667E-1,1.E0),
.UNSPECIFIED.);
#9073=B_SPLINE_CURVE_WITH_KNOTS('',3,(#9067,#9068,#9069,#9070,#9071,#9072),
.UNSPECIFIED.,.F.,.F.,(4,1,1,4),(0.E0,3.333333333333E-1,6.666666666667E-1,1.E0),
.UNSPECIFIED.);
#9078=B_SPLINE_CURVE_WITH_KNOTS('',3,(#9074,#9075,#9076,#9077),.UNSPECIFIED.,
.F.,.F.,(4,4),(0.E0,1.E0),.UNSPECIFIED.);
#9085=B_SPLINE_CURVE_WITH_KNOTS('',3,(#9079,#9080,#9081,#9082,#9083,#9084),
.UNSPECIFIED.,.F.,.F.,(4,1,1,4),(0.E0,3.333333333333E-1,6.666666666667E-1,1.E0),
.UNSPECIFIED.);
#9092=B_SPLINE_CURVE_WITH_KNOTS('',3,(#9086,#9087,#9088,#9089,#9090,#9091),
.UNSPECIFIED.,.F.,.F.,(4,1,1,4),(0.E0,3.333333333333E-1,6.666666666667E-1,1.E0),
.UNSPECIFIED.);
#9103=B_SPLINE_CURVE_WITH_KNOTS('',3,(#9093,#9094,#9095,#9096,#9097,#9098,#9099,
#9100,#9101,#9102),.UNSPECIFIED.,.F.,.F.,(4,1,1,1,1,1,1,4),(0.E0,
1.428571428571E-1,2.857142857143E-1,4.285714285714E-1,5.714285714286E-1,
7.142857142857E-1,8.571428571429E-1,1.E0),.UNSPECIFIED.);
#9111=B_SPLINE_CURVE_WITH_KNOTS('',3,(#9104,#9105,#9106,#9107,#9108,#9109,
#9110),.UNSPECIFIED.,.F.,.F.,(4,1,1,1,4),(0.E0,2.5E-1,5.E-1,7.5E-1,1.E0),
.UNSPECIFIED.);
#9116=B_SPLINE_CURVE_WITH_KNOTS('',3,(#9112,#9113,#9114,#9115),.UNSPECIFIED.,
.F.,.F.,(4,4),(0.E0,1.E0),.UNSPECIFIED.);
#9121=CIRCLE('',#9120,3.27E0);
#9130=CIRCLE('',#9129,3.27E0);
#9135=B_SPLINE_CURVE_WITH_KNOTS('',3,(#9131,#9132,#9133,#9134),.UNSPECIFIED.,
.F.,.F.,(4,4),(0.E0,1.E0),.UNSPECIFIED.);
#9143=B_SPLINE_CURVE_WITH_KNOTS('',3,(#9136,#9137,#9138,#9139,#9140,#9141,
#9142),.UNSPECIFIED.,.F.,.F.,(4,1,1,1,4),(0.E0,2.5E-1,5.E-1,7.5E-1,1.E0),
.UNSPECIFIED.);
#9151=B_SPLINE_CURVE_WITH_KNOTS('',3,(#9144,#9145,#9146,#9147,#9148,#9149,
#9150),.UNSPECIFIED.,.F.,.F.,(4,1,1,1,4),(0.E0,2.5E-1,5.E-1,7.5E-1,1.E0),
.UNSPECIFIED.);
#9158=B_SPLINE_CURVE_WITH_KNOTS('',3,(#9152,#9153,#9154,#9155,#9156,#9157),
.UNSPECIFIED.,.F.,.F.,(4,1,1,4),(0.E0,3.333333333333E-1,6.666666666667E-1,1.E0),
.UNSPECIFIED.);
#9163=B_SPLINE_CURVE_WITH_KNOTS('',3,(#9159,#9160,#9161,#9162),.UNSPECIFIED.,
.F.,.F.,(4,4),(0.E0,1.E0),.UNSPECIFIED.);
#9168=CIRCLE('',#9167,3.27E0);
#9173=CIRCLE('',#9172,3.27E0);
#9178=B_SPLINE_CURVE_WITH_KNOTS('',3,(#9174,#9175,#9176,#9177),.UNSPECIFIED.,
.F.,.F.,(4,4),(0.E0,1.E0),.UNSPECIFIED.);
#9189=B_SPLINE_CURVE_WITH_KNOTS('',3,(#9183,#9184,#9185,#9186,#9187,#9188),
.UNSPECIFIED.,.F.,.F.,(4,1,1,4),(0.E0,3.333333333333E-1,6.666666666667E-1,1.E0),
.UNSPECIFIED.);
#9196=B_SPLINE_CURVE_WITH_KNOTS('',3,(#9190,#9191,#9192,#9193,#9194,#9195),
.UNSPECIFIED.,.F.,.F.,(4,1,1,4),(0.E0,1.853732180516E-1,7.054294862050E-1,1.E0),
.UNSPECIFIED.);
#9207=B_SPLINE_CURVE_WITH_KNOTS('',3,(#9197,#9198,#9199,#9200,#9201,#9202,#9203,
#9204,#9205,#9206),.UNSPECIFIED.,.F.,.F.,(4,1,1,1,1,1,1,4),(0.E0,
1.428571428571E-1,2.857142857143E-1,4.285714285714E-1,5.714285714286E-1,
7.142857142857E-1,8.571428571429E-1,1.E0),.UNSPECIFIED.);
#9215=B_SPLINE_CURVE_WITH_KNOTS('',3,(#9208,#9209,#9210,#9211,#9212,#9213,
#9214),.UNSPECIFIED.,.F.,.F.,(4,1,1,1,4),(0.E0,2.5E-1,5.E-1,7.5E-1,1.E0),
.UNSPECIFIED.);
#9220=B_SPLINE_CURVE_WITH_KNOTS('',3,(#9216,#9217,#9218,#9219),.UNSPECIFIED.,
.F.,.F.,(4,4),(0.E0,1.E0),.UNSPECIFIED.);
#9229=B_SPLINE_CURVE_WITH_KNOTS('',3,(#9225,#9226,#9227,#9228),.UNSPECIFIED.,
.F.,.F.,(4,4),(0.E0,1.E0),.UNSPECIFIED.);
#9237=B_SPLINE_CURVE_WITH_KNOTS('',3,(#9230,#9231,#9232,#9233,#9234,#9235,
#9236),.UNSPECIFIED.,.F.,.F.,(4,1,1,1,4),(0.E0,2.5E-1,5.E-1,7.5E-1,1.E0),
.UNSPECIFIED.);
#9248=B_SPLINE_CURVE_WITH_KNOTS('',3,(#9238,#9239,#9240,#9241,#9242,#9243,#9244,
#9245,#9246,#9247),.UNSPECIFIED.,.F.,.F.,(4,1,1,1,1,1,1,4),(0.E0,
1.428571428571E-1,2.857142857143E-1,4.285714285714E-1,5.714285714286E-1,
7.142857142857E-1,8.571428571429E-1,1.E0),.UNSPECIFIED.);
#9255=B_SPLINE_CURVE_WITH_KNOTS('',3,(#9249,#9250,#9251,#9252,#9253,#9254),
.UNSPECIFIED.,.F.,.F.,(4,1,1,4),(0.E0,2.945705137950E-1,8.146267819484E-1,1.E0),
.UNSPECIFIED.);
#9270=B_SPLINE_CURVE_WITH_KNOTS('',3,(#9264,#9265,#9266,#9267,#9268,#9269),
.UNSPECIFIED.,.F.,.F.,(4,1,1,4),(0.E0,3.333333333333E-1,6.666666666667E-1,1.E0),
.UNSPECIFIED.);
#9275=CIRCLE('',#9274,3.821333333334E0);
#9296=CIRCLE('',#9295,4.54E0);
#9301=CIRCLE('',#9300,4.54E0);
#9310=CIRCLE('',#9309,3.8E0);
#9321=B_SPLINE_CURVE_WITH_KNOTS('',3,(#9315,#9316,#9317,#9318,#9319,#9320),
.UNSPECIFIED.,.F.,.F.,(4,1,1,4),(0.E0,3.333333333333E-1,6.666666666667E-1,1.E0),
.UNSPECIFIED.);
#9326=B_SPLINE_CURVE_WITH_KNOTS('',3,(#9322,#9323,#9324,#9325),.UNSPECIFIED.,
.F.,.F.,(4,4),(0.E0,1.E0),.UNSPECIFIED.);
#9335=CIRCLE('',#9334,3.897686861879E0);
#9344=CIRCLE('',#9343,3.45E0);
#9349=B_SPLINE_CURVE_WITH_KNOTS('',3,(#9345,#9346,#9347,#9348),.UNSPECIFIED.,
.F.,.F.,(4,4),(0.E0,1.E0),.UNSPECIFIED.);
#9356=B_SPLINE_CURVE_WITH_KNOTS('',3,(#9350,#9351,#9352,#9353,#9354,#9355),
.UNSPECIFIED.,.F.,.F.,(4,1,1,4),(0.E0,3.333333333333E-1,6.666666666667E-1,1.E0),
.UNSPECIFIED.);
#9363=B_SPLINE_CURVE_WITH_KNOTS('',3,(#9357,#9358,#9359,#9360,#9361,#9362),
.UNSPECIFIED.,.F.,.F.,(4,1,1,4),(0.E0,3.333333333333E-1,6.666666666667E-1,1.E0),
.UNSPECIFIED.);
#9370=B_SPLINE_CURVE_WITH_KNOTS('',3,(#9364,#9365,#9366,#9367,#9368,#9369),
.UNSPECIFIED.,.F.,.F.,(4,1,1,4),(0.E0,3.333333333333E-1,6.666666666667E-1,1.E0),
.UNSPECIFIED.);
#9376=B_SPLINE_CURVE_WITH_KNOTS('',3,(#9371,#9372,#9373,#9374,#9375),
.UNSPECIFIED.,.F.,.F.,(4,1,4),(0.E0,4.009993048369E-1,1.E0),.UNSPECIFIED.);
#9381=CIRCLE('',#9380,3.27E0);
#9388=B_SPLINE_CURVE_WITH_KNOTS('',3,(#9382,#9383,#9384,#9385,#9386,#9387),
.UNSPECIFIED.,.F.,.F.,(4,1,1,4),(0.E0,3.333333333333E-1,6.666666666667E-1,1.E0),
.UNSPECIFIED.);
#9395=B_SPLINE_CURVE_WITH_KNOTS('',3,(#9389,#9390,#9391,#9392,#9393,#9394),
.UNSPECIFIED.,.F.,.F.,(4,1,1,4),(0.E0,3.333333333333E-1,6.666666666667E-1,1.E0),
.UNSPECIFIED.);
#9402=B_SPLINE_CURVE_WITH_KNOTS('',3,(#9396,#9397,#9398,#9399,#9400,#9401),
.UNSPECIFIED.,.F.,.F.,(4,1,1,4),(0.E0,3.333333333333E-1,6.666666666667E-1,1.E0),
.UNSPECIFIED.);
#9408=B_SPLINE_CURVE_WITH_KNOTS('',3,(#9403,#9404,#9405,#9406,#9407),
.UNSPECIFIED.,.F.,.F.,(4,1,4),(0.E0,5.990006949209E-1,1.E0),.UNSPECIFIED.);
#9413=CIRCLE('',#9412,3.295405711908E0);
#9420=B_SPLINE_CURVE_WITH_KNOTS('',3,(#9414,#9415,#9416,#9417,#9418,#9419),
.UNSPECIFIED.,.F.,.F.,(4,1,1,4),(0.E0,3.333333333333E-1,6.666666666667E-1,1.E0),
.UNSPECIFIED.);
#9427=B_SPLINE_CURVE_WITH_KNOTS('',3,(#9421,#9422,#9423,#9424,#9425,#9426),
.UNSPECIFIED.,.F.,.F.,(4,1,1,4),(0.E0,3.333333333333E-1,6.666666666667E-1,1.E0),
.UNSPECIFIED.);
#9432=CIRCLE('',#9431,3.033826121272E0);
#9439=B_SPLINE_CURVE_WITH_KNOTS('',3,(#9433,#9434,#9435,#9436,#9437,#9438),
.UNSPECIFIED.,.F.,.F.,(4,1,1,4),(0.E0,3.333333333333E-1,6.666666666667E-1,1.E0),
.UNSPECIFIED.);
#9446=B_SPLINE_CURVE_WITH_KNOTS('',3,(#9440,#9441,#9442,#9443,#9444,#9445),
.UNSPECIFIED.,.F.,.F.,(4,1,1,4),(0.E0,3.333333333333E-1,6.666666666667E-1,1.E0),
.UNSPECIFIED.);
#9454=B_SPLINE_CURVE_WITH_KNOTS('',3,(#9447,#9448,#9449,#9450,#9451,#9452,
#9453),.UNSPECIFIED.,.F.,.F.,(4,1,1,1,4),(0.E0,2.5E-1,5.E-1,7.5E-1,1.E0),
.UNSPECIFIED.);
#9461=B_SPLINE_CURVE_WITH_KNOTS('',3,(#9455,#9456,#9457,#9458,#9459,#9460),
.UNSPECIFIED.,.F.,.F.,(4,1,1,4),(0.E0,1.445457130045E-1,8.094039408423E-1,1.E0),
.UNSPECIFIED.);
#9468=B_SPLINE_CURVE_WITH_KNOTS('',3,(#9462,#9463,#9464,#9465,#9466,#9467),
.UNSPECIFIED.,.F.,.F.,(4,1,1,4),(0.E0,1.905958572970E-1,8.554540774159E-1,1.E0),
.UNSPECIFIED.);
#9473=CIRCLE('',#9472,2.9E0);
#9478=B_SPLINE_CURVE_WITH_KNOTS('',3,(#9474,#9475,#9476,#9477),.UNSPECIFIED.,
.F.,.F.,(4,4),(0.E0,1.E0),.UNSPECIFIED.);
#9483=B_SPLINE_CURVE_WITH_KNOTS('',3,(#9479,#9480,#9481,#9482),.UNSPECIFIED.,
.F.,.F.,(4,4),(0.E0,1.E0),.UNSPECIFIED.);
#9490=B_SPLINE_CURVE_WITH_KNOTS('',3,(#9484,#9485,#9486,#9487,#9488,#9489),
.UNSPECIFIED.,.F.,.F.,(4,1,1,4),(0.E0,3.333333333333E-1,6.666666666667E-1,1.E0),
.UNSPECIFIED.);
#9495=CIRCLE('',#9494,4.54E0);
#9500=CIRCLE('',#9499,4.54E0);
#9507=B_SPLINE_CURVE_WITH_KNOTS('',3,(#9501,#9502,#9503,#9504,#9505,#9506),
.UNSPECIFIED.,.F.,.F.,(4,1,1,4),(0.E0,3.333333333333E-1,6.666666666667E-1,1.E0),
.UNSPECIFIED.);
#9512=CIRCLE('',#9511,4.081753045571E0);
#9517=CIRCLE('',#9516,4.081753045571E0);
#9522=CIRCLE('',#9521,3.828013333013E0);
#9527=CIRCLE('',#9526,3.E-1);
#9532=CIRCLE('',#9531,3.828013333013E0);
#9537=CIRCLE('',#9536,3.E-1);
#9542=CIRCLE('',#9541,4.949999452458E0);
#9547=CIRCLE('',#9546,4.949999452458E0);
#9552=CIRCLE('',#9551,4.949999452458E0);
#9557=CIRCLE('',#9556,4.949999452458E0);
#9562=CIRCLE('',#9561,4.128006132665E0);
#9567=CIRCLE('',#9566,4.128006132665E0);
#9572=CIRCLE('',#9571,5.15E0);
#9577=CIRCLE('',#9576,5.15E0);
#9582=CIRCLE('',#9581,2.E-1);
#9587=CIRCLE('',#9586,5.15E0);
#9592=CIRCLE('',#9591,5.15E0);
#9597=CIRCLE('',#9596,2.E-1);
#9610=CIRCLE('',#9609,2.E-1);
#9615=CIRCLE('',#9614,5.15E0);
#9620=CIRCLE('',#9619,5.15E0);
#9631=B_SPLINE_CURVE_WITH_KNOTS('',3,(#9625,#9626,#9627,#9628,#9629,#9630),
.UNSPECIFIED.,.F.,.F.,(4,1,1,4),(0.E0,3.333333333333E-1,6.666666666667E-1,1.E0),
.UNSPECIFIED.);
#9652=CIRCLE('',#9651,4.95E0);
#9657=CIRCLE('',#9656,4.949999764328E0);
#9662=CIRCLE('',#9661,4.950025915937E0);
#9679=CIRCLE('',#9678,3.87E0);
#9684=CIRCLE('',#9683,3.869998667840E0);
#9689=CIRCLE('',#9688,3.87E0);
#9748=B_SPLINE_CURVE_WITH_KNOTS('',3,(#9742,#9743,#9744,#9745,#9746,#9747),
.UNSPECIFIED.,.F.,.F.,(4,1,1,4),(0.E0,3.333333333333E-1,6.666666666667E-1,1.E0),
.UNSPECIFIED.);
#9753=B_SPLINE_CURVE_WITH_KNOTS('',3,(#9749,#9750,#9751,#9752),.UNSPECIFIED.,
.F.,.F.,(4,4),(0.E0,1.E0),.UNSPECIFIED.);
#9882=CIRCLE('',#9881,3.87E0);
#9899=CIRCLE('',#9898,3.87E0);
#9932=CIRCLE('',#9931,3.87E0);
#10053=CIRCLE('',#10052,5.15E0);
#10058=CIRCLE('',#10057,5.15E0);
#10063=CIRCLE('',#10062,2.E-1);
#10078=B_SPLINE_CURVE_WITH_KNOTS('',3,(#10072,#10073,#10074,#10075,#10076,
#10077),.UNSPECIFIED.,.F.,.F.,(4,1,1,4),(0.E0,3.333333333333E-1,
6.666666666667E-1,1.E0),.UNSPECIFIED.);
#10085=B_SPLINE_CURVE_WITH_KNOTS('',3,(#10079,#10080,#10081,#10082,#10083,
#10084),.UNSPECIFIED.,.F.,.F.,(4,1,1,4),(0.E0,3.333333333333E-1,
6.666666666667E-1,1.E0),.UNSPECIFIED.);
#10092=B_SPLINE_CURVE_WITH_KNOTS('',3,(#10086,#10087,#10088,#10089,#10090,
#10091),.UNSPECIFIED.,.F.,.F.,(4,1,1,4),(0.E0,3.333333333333E-1,
6.666666666667E-1,1.E0),.UNSPECIFIED.);
#10097=CIRCLE('',#10096,3.27E0);
#10102=CIRCLE('',#10101,3.27E0);
#10107=CIRCLE('',#10106,6.E-1);
#10208=B_SPLINE_CURVE_WITH_KNOTS('',3,(#10204,#10205,#10206,#10207),
.UNSPECIFIED.,.F.,.F.,(4,4),(0.E0,1.E0),.UNSPECIFIED.);
#10215=B_SPLINE_CURVE_WITH_KNOTS('',3,(#10209,#10210,#10211,#10212,#10213,
#10214),.UNSPECIFIED.,.F.,.F.,(4,1,1,4),(0.E0,3.333333333333E-1,
6.666666666667E-1,1.E0),.UNSPECIFIED.);
#10220=B_SPLINE_CURVE_WITH_KNOTS('',3,(#10216,#10217,#10218,#10219),
.UNSPECIFIED.,.F.,.F.,(4,4),(0.E0,1.E0),.UNSPECIFIED.);
#10613=CIRCLE('',#10612,3.27E0);
#10618=CIRCLE('',#10617,3.27E0);
#10623=CIRCLE('',#10622,6.E-1);
#11008=CIRCLE('',#11007,4.54E0);
#11017=CIRCLE('',#11016,3.8E0);
#11022=CIRCLE('',#11021,3.8E0);
#11027=B_SPLINE_CURVE_WITH_KNOTS('',3,(#11023,#11024,#11025,#11026),
.UNSPECIFIED.,.F.,.F.,(4,4),(0.E0,1.E0),.UNSPECIFIED.);
#11032=B_SPLINE_CURVE_WITH_KNOTS('',3,(#11028,#11029,#11030,#11031),
.UNSPECIFIED.,.F.,.F.,(4,4),(0.E0,1.E0),.UNSPECIFIED.);
#11039=B_SPLINE_CURVE_WITH_KNOTS('',3,(#11033,#11034,#11035,#11036,#11037,
#11038),.UNSPECIFIED.,.F.,.F.,(4,1,1,4),(0.E0,3.333333333333E-1,
6.666666666667E-1,1.E0),.UNSPECIFIED.);
#11044=CIRCLE('',#11043,4.54E0);
#11051=B_SPLINE_CURVE_WITH_KNOTS('',3,(#11045,#11046,#11047,#11048,#11049,
#11050),.UNSPECIFIED.,.F.,.F.,(4,1,1,4),(0.E0,3.333333333333E-1,
6.666666666667E-1,1.E0),.UNSPECIFIED.);
#11056=CIRCLE('',#11055,4.081753045571E0);
#11073=CIRCLE('',#11072,3.821333333334E0);
#11078=CIRCLE('',#11077,3.27E0);
#11083=CIRCLE('',#11082,3.27E0);
#11090=B_SPLINE_CURVE_WITH_KNOTS('',3,(#11084,#11085,#11086,#11087,#11088,
#11089),.UNSPECIFIED.,.F.,.F.,(4,1,1,4),(0.E0,3.333333333333E-1,
6.666666666667E-1,1.E0),.UNSPECIFIED.);
#11097=B_SPLINE_CURVE_WITH_KNOTS('',3,(#11091,#11092,#11093,#11094,#11095,
#11096),.UNSPECIFIED.,.F.,.F.,(4,1,1,4),(0.E0,3.333333333333E-1,
6.666666666667E-1,1.E0),.UNSPECIFIED.);
#11104=B_SPLINE_CURVE_WITH_KNOTS('',3,(#11098,#11099,#11100,#11101,#11102,
#11103),.UNSPECIFIED.,.F.,.F.,(4,1,1,4),(0.E0,3.333333333333E-1,
6.666666666667E-1,1.E0),.UNSPECIFIED.);
#11110=B_SPLINE_CURVE_WITH_KNOTS('',3,(#11105,#11106,#11107,#11108,#11109),
.UNSPECIFIED.,.F.,.F.,(4,1,4),(0.E0,5.990006949209E-1,1.E0),.UNSPECIFIED.);
#11115=CIRCLE('',#11114,3.295405711908E0);
#11120=CIRCLE('',#11119,3.295405711908E0);
#11127=B_SPLINE_CURVE_WITH_KNOTS('',3,(#11121,#11122,#11123,#11124,#11125,
#11126),.UNSPECIFIED.,.F.,.F.,(4,1,1,4),(0.E0,3.333333333333E-1,
6.666666666667E-1,1.E0),.UNSPECIFIED.);
#11134=B_SPLINE_CURVE_WITH_KNOTS('',3,(#11128,#11129,#11130,#11131,#11132,
#11133),.UNSPECIFIED.,.F.,.F.,(4,1,1,4),(0.E0,3.333333333333E-1,
6.666666666667E-1,1.E0),.UNSPECIFIED.);
#11139=CIRCLE('',#11138,3.033826121272E0);
#11146=B_SPLINE_CURVE_WITH_KNOTS('',3,(#11140,#11141,#11142,#11143,#11144,
#11145),.UNSPECIFIED.,.F.,.F.,(4,1,1,4),(0.E0,3.333333333333E-1,
6.666666666667E-1,1.E0),.UNSPECIFIED.);
#11153=B_SPLINE_CURVE_WITH_KNOTS('',3,(#11147,#11148,#11149,#11150,#11151,
#11152),.UNSPECIFIED.,.F.,.F.,(4,1,1,4),(0.E0,3.333333333333E-1,
6.666666666667E-1,1.E0),.UNSPECIFIED.);
#11159=B_SPLINE_CURVE_WITH_KNOTS('',3,(#11154,#11155,#11156,#11157,#11158),
.UNSPECIFIED.,.F.,.F.,(4,1,4),(0.E0,4.009993048369E-1,1.E0),.UNSPECIFIED.);
#11167=B_SPLINE_CURVE_WITH_KNOTS('',3,(#11160,#11161,#11162,#11163,#11164,
#11165,#11166),.UNSPECIFIED.,.F.,.F.,(4,1,1,1,4),(0.E0,2.5E-1,5.E-1,7.5E-1,
1.E0),.UNSPECIFIED.);
#11174=B_SPLINE_CURVE_WITH_KNOTS('',3,(#11168,#11169,#11170,#11171,#11172,
#11173),.UNSPECIFIED.,.F.,.F.,(4,1,1,4),(0.E0,1.445457130045E-1,
8.094039408423E-1,1.E0),.UNSPECIFIED.);
#11181=B_SPLINE_CURVE_WITH_KNOTS('',3,(#11175,#11176,#11177,#11178,#11179,
#11180),.UNSPECIFIED.,.F.,.F.,(4,1,1,4),(0.E0,1.905958572974E-1,
8.554540774163E-1,1.E0),.UNSPECIFIED.);
#11186=CIRCLE('',#11185,2.9E0);
#11193=B_SPLINE_CURVE_WITH_KNOTS('',3,(#11187,#11188,#11189,#11190,#11191,
#11192),.UNSPECIFIED.,.F.,.F.,(4,1,1,4),(0.E0,3.333333333333E-1,
6.666666666667E-1,1.E0),.UNSPECIFIED.);
#11200=B_SPLINE_CURVE_WITH_KNOTS('',3,(#11194,#11195,#11196,#11197,#11198,
#11199),.UNSPECIFIED.,.F.,.F.,(4,1,1,4),(0.E0,3.333333333333E-1,
6.666666666667E-1,1.E0),.UNSPECIFIED.);
#11207=B_SPLINE_CURVE_WITH_KNOTS('',3,(#11201,#11202,#11203,#11204,#11205,
#11206),.UNSPECIFIED.,.F.,.F.,(4,1,1,4),(0.E0,3.333333333333E-1,
6.666666666667E-1,1.E0),.UNSPECIFIED.);
#11214=B_SPLINE_CURVE_WITH_KNOTS('',3,(#11208,#11209,#11210,#11211,#11212,
#11213),.UNSPECIFIED.,.F.,.F.,(4,1,1,4),(0.E0,3.333333333333E-1,
6.666666666667E-1,1.E0),.UNSPECIFIED.);
#11219=CIRCLE('',#11218,3.27E0);
#11225=B_SPLINE_CURVE_WITH_KNOTS('',3,(#11220,#11221,#11222,#11223,#11224),
.UNSPECIFIED.,.F.,.F.,(4,1,4),(0.E0,5.990006949209E-1,1.E0),.UNSPECIFIED.);
#11230=CIRCLE('',#11229,3.295405711908E0);
#11235=CIRCLE('',#11234,3.295405711908E0);
#11242=B_SPLINE_CURVE_WITH_KNOTS('',3,(#11236,#11237,#11238,#11239,#11240,
#11241),.UNSPECIFIED.,.F.,.F.,(4,1,1,4),(0.E0,3.333333333333E-1,
6.666666666667E-1,1.E0),.UNSPECIFIED.);
#11249=B_SPLINE_CURVE_WITH_KNOTS('',3,(#11243,#11244,#11245,#11246,#11247,
#11248),.UNSPECIFIED.,.F.,.F.,(4,1,1,4),(0.E0,3.333333333333E-1,
6.666666666667E-1,1.E0),.UNSPECIFIED.);
#11254=CIRCLE('',#11253,3.033826121272E0);
#11261=B_SPLINE_CURVE_WITH_KNOTS('',3,(#11255,#11256,#11257,#11258,#11259,
#11260),.UNSPECIFIED.,.F.,.F.,(4,1,1,4),(0.E0,3.333333333333E-1,
6.666666666667E-1,1.E0),.UNSPECIFIED.);
#11268=B_SPLINE_CURVE_WITH_KNOTS('',3,(#11262,#11263,#11264,#11265,#11266,
#11267),.UNSPECIFIED.,.F.,.F.,(4,1,1,4),(0.E0,3.333333333333E-1,
6.666666666667E-1,1.E0),.UNSPECIFIED.);
#11274=B_SPLINE_CURVE_WITH_KNOTS('',3,(#11269,#11270,#11271,#11272,#11273),
.UNSPECIFIED.,.F.,.F.,(4,1,4),(0.E0,4.009993048369E-1,1.E0),.UNSPECIFIED.);
#11282=B_SPLINE_CURVE_WITH_KNOTS('',3,(#11275,#11276,#11277,#11278,#11279,
#11280,#11281),.UNSPECIFIED.,.F.,.F.,(4,1,1,1,4),(0.E0,2.5E-1,5.E-1,7.5E-1,
1.E0),.UNSPECIFIED.);
#11289=B_SPLINE_CURVE_WITH_KNOTS('',3,(#11283,#11284,#11285,#11286,#11287,
#11288),.UNSPECIFIED.,.F.,.F.,(4,1,1,4),(0.E0,1.445457130045E-1,
8.094039408423E-1,1.E0),.UNSPECIFIED.);
#11296=B_SPLINE_CURVE_WITH_KNOTS('',3,(#11290,#11291,#11292,#11293,#11294,
#11295),.UNSPECIFIED.,.F.,.F.,(4,1,1,4),(0.E0,1.905958572971E-1,
8.554540774160E-1,1.E0),.UNSPECIFIED.);
#11301=CIRCLE('',#11300,2.9E0);
#11316=B_SPLINE_CURVE_WITH_KNOTS('',3,(#11310,#11311,#11312,#11313,#11314,
#11315),.UNSPECIFIED.,.F.,.F.,(4,1,1,4),(0.E0,3.333333333333E-1,
6.666666666667E-1,1.E0),.UNSPECIFIED.);
#11325=CIRCLE('',#11324,3.821333333334E0);
#11342=CIRCLE('',#11341,4.54E0);
#11347=CIRCLE('',#11346,4.54E0);
#11356=CIRCLE('',#11355,3.8E0);
#11367=B_SPLINE_CURVE_WITH_KNOTS('',3,(#11361,#11362,#11363,#11364,#11365,
#11366),.UNSPECIFIED.,.F.,.F.,(4,1,1,4),(0.E0,3.333333333333E-1,
6.666666666667E-1,1.E0),.UNSPECIFIED.);
#11372=B_SPLINE_CURVE_WITH_KNOTS('',3,(#11368,#11369,#11370,#11371),
.UNSPECIFIED.,.F.,.F.,(4,4),(0.E0,1.E0),.UNSPECIFIED.);
#11381=CIRCLE('',#11380,3.45E0);
#11390=CIRCLE('',#11389,3.897686861879E0);
#11395=CIRCLE('',#11394,3.269977249568E0);
#11402=B_SPLINE_CURVE_WITH_KNOTS('',3,(#11396,#11397,#11398,#11399,#11400,
#11401),.UNSPECIFIED.,.F.,.F.,(4,1,1,4),(0.E0,3.333333333333E-1,
6.666666666667E-1,1.E0),.UNSPECIFIED.);
#11409=B_SPLINE_CURVE_WITH_KNOTS('',3,(#11403,#11404,#11405,#11406,#11407,
#11408),.UNSPECIFIED.,.F.,.F.,(4,1,1,4),(0.E0,3.333333333333E-1,
6.666666666667E-1,1.E0),.UNSPECIFIED.);
#11414=CIRCLE('',#11413,3.269977235812E0);
#11419=B_SPLINE_CURVE_WITH_KNOTS('',3,(#11415,#11416,#11417,#11418),
.UNSPECIFIED.,.F.,.F.,(4,4),(0.E0,1.E0),.UNSPECIFIED.);
#11426=B_SPLINE_CURVE_WITH_KNOTS('',3,(#11420,#11421,#11422,#11423,#11424,
#11425),.UNSPECIFIED.,.F.,.F.,(4,1,1,4),(0.E0,3.333333333333E-1,
6.666666666667E-1,1.E0),.UNSPECIFIED.);
#11431=B_SPLINE_CURVE_WITH_KNOTS('',3,(#11427,#11428,#11429,#11430),
.UNSPECIFIED.,.F.,.F.,(4,4),(0.E0,1.E0),.UNSPECIFIED.);
#11436=B_SPLINE_CURVE_WITH_KNOTS('',3,(#11432,#11433,#11434,#11435),
.UNSPECIFIED.,.F.,.F.,(4,4),(0.E0,1.E0),.UNSPECIFIED.);
#11443=B_SPLINE_CURVE_WITH_KNOTS('',3,(#11437,#11438,#11439,#11440,#11441,
#11442),.UNSPECIFIED.,.F.,.F.,(4,1,1,4),(0.E0,3.333333333333E-1,
6.666666666667E-1,1.E0),.UNSPECIFIED.);
#11448=CIRCLE('',#11447,4.54E0);
#11453=CIRCLE('',#11452,4.54E0);
#11460=B_SPLINE_CURVE_WITH_KNOTS('',3,(#11454,#11455,#11456,#11457,#11458,
#11459),.UNSPECIFIED.,.F.,.F.,(4,1,1,4),(0.E0,3.333333333333E-1,
6.666666666667E-1,1.E0),.UNSPECIFIED.);
#11465=CIRCLE('',#11464,4.081753045571E0);
#11470=CIRCLE('',#11469,4.081753045571E0);
#11476=B_SPLINE_CURVE_WITH_KNOTS('',3,(#11471,#11472,#11473,#11474,#11475),
.UNSPECIFIED.,.F.,.F.,(4,1,4),(0.E0,4.009993048369E-1,1.E0),.UNSPECIFIED.);
#11481=CIRCLE('',#11480,3.27E0);
#11488=B_SPLINE_CURVE_WITH_KNOTS('',3,(#11482,#11483,#11484,#11485,#11486,
#11487),.UNSPECIFIED.,.F.,.F.,(4,1,1,4),(0.E0,3.333333333333E-1,
6.666666666667E-1,1.E0),.UNSPECIFIED.);
#11495=B_SPLINE_CURVE_WITH_KNOTS('',3,(#11489,#11490,#11491,#11492,#11493,
#11494),.UNSPECIFIED.,.F.,.F.,(4,1,1,4),(0.E0,3.333333333333E-1,
6.666666666667E-1,1.E0),.UNSPECIFIED.);
#11502=B_SPLINE_CURVE_WITH_KNOTS('',3,(#11496,#11497,#11498,#11499,#11500,
#11501),.UNSPECIFIED.,.F.,.F.,(4,1,1,4),(0.E0,3.333333333333E-1,
6.666666666667E-1,1.E0),.UNSPECIFIED.);
#11508=B_SPLINE_CURVE_WITH_KNOTS('',3,(#11503,#11504,#11505,#11506,#11507),
.UNSPECIFIED.,.F.,.F.,(4,1,4),(0.E0,5.990006949209E-1,1.E0),.UNSPECIFIED.);
#11513=CIRCLE('',#11512,3.295405711908E0);
#11520=B_SPLINE_CURVE_WITH_KNOTS('',3,(#11514,#11515,#11516,#11517,#11518,
#11519),.UNSPECIFIED.,.F.,.F.,(4,1,1,4),(0.E0,3.333333333333E-1,
6.666666666667E-1,1.E0),.UNSPECIFIED.);
#11527=B_SPLINE_CURVE_WITH_KNOTS('',3,(#11521,#11522,#11523,#11524,#11525,
#11526),.UNSPECIFIED.,.F.,.F.,(4,1,1,4),(0.E0,3.333333333333E-1,
6.666666666667E-1,1.E0),.UNSPECIFIED.);
#11532=CIRCLE('',#11531,3.033826121272E0);
#11539=B_SPLINE_CURVE_WITH_KNOTS('',3,(#11533,#11534,#11535,#11536,#11537,
#11538),.UNSPECIFIED.,.F.,.F.,(4,1,1,4),(0.E0,3.333333333333E-1,
6.666666666667E-1,1.E0),.UNSPECIFIED.);
#11546=B_SPLINE_CURVE_WITH_KNOTS('',3,(#11540,#11541,#11542,#11543,#11544,
#11545),.UNSPECIFIED.,.F.,.F.,(4,1,1,4),(0.E0,3.333333333333E-1,
6.666666666667E-1,1.E0),.UNSPECIFIED.);
#11554=B_SPLINE_CURVE_WITH_KNOTS('',3,(#11547,#11548,#11549,#11550,#11551,
#11552,#11553),.UNSPECIFIED.,.F.,.F.,(4,1,1,1,4),(0.E0,2.5E-1,5.E-1,7.5E-1,
1.E0),.UNSPECIFIED.);
#11561=B_SPLINE_CURVE_WITH_KNOTS('',3,(#11555,#11556,#11557,#11558,#11559,
#11560),.UNSPECIFIED.,.F.,.F.,(4,1,1,4),(0.E0,1.445457130045E-1,
8.094039408423E-1,1.E0),.UNSPECIFIED.);
#11568=B_SPLINE_CURVE_WITH_KNOTS('',3,(#11562,#11563,#11564,#11565,#11566,
#11567),.UNSPECIFIED.,.F.,.F.,(4,1,1,4),(0.E0,1.905958572973E-1,
8.554540774162E-1,1.E0),.UNSPECIFIED.);
#11573=CIRCLE('',#11572,2.9E0);
#11588=B_SPLINE_CURVE_WITH_KNOTS('',3,(#11582,#11583,#11584,#11585,#11586,
#11587),.UNSPECIFIED.,.F.,.F.,(4,1,1,4),(0.E0,3.333333333333E-1,
6.666666666667E-1,1.E0),.UNSPECIFIED.);
#12292=EDGE_CURVE('',#11589,#11590,#8768,.T.);
#12294=EDGE_CURVE('',#11592,#11589,#8789,.T.);
#12296=EDGE_CURVE('',#11594,#11592,#8784,.T.);
#12298=EDGE_CURVE('',#11595,#11594,#8810,.T.);
#12300=EDGE_CURVE('',#11597,#11595,#9130,.T.);
#12302=EDGE_CURVE('',#11597,#11598,#8749,.T.);
#12304=EDGE_CURVE('',#11600,#11598,#11235,.T.);
#12306=EDGE_CURVE('',#11602,#11600,#11230,.T.);
#12308=EDGE_CURVE('',#11602,#11603,#8756,.T.);
#12310=EDGE_CURVE('',#11603,#11590,#8763,.T.);
#12320=EDGE_CURVE('',#11589,#11642,#8793,.T.);
#12323=EDGE_CURVE('',#11643,#11590,#9015,.T.);
#12325=EDGE_CURVE('',#11645,#11643,#8946,.T.);
#12327=EDGE_CURVE('',#11646,#11645,#8925,.T.);
#12329=EDGE_CURVE('',#11648,#11646,#8857,.T.);
#12331=EDGE_CURVE('',#11649,#11648,#8844,.T.);
#12333=EDGE_CURVE('',#11650,#11649,#8822,.T.);
#12335=EDGE_CURVE('',#11650,#11642,#8775,.T.);
#12345=EDGE_CURVE('',#11652,#11594,#8779,.T.);
#12350=EDGE_CURVE('',#11642,#11652,#8798,.T.);
#12361=EDGE_CURVE('',#11652,#11665,#8805,.T.);
#12363=EDGE_CURVE('',#11666,#11665,#8834,.T.);
#12365=EDGE_CURVE('',#11667,#11666,#8839,.T.);
#12367=EDGE_CURVE('',#11669,#11667,#8848,.T.);
#12369=EDGE_CURVE('',#11670,#11669,#9220,.T.);
#12371=EDGE_CURVE('',#11672,#11670,#9283,.T.);
#12373=EDGE_CURVE('',#11595,#11672,#9135,.T.);
#12385=EDGE_CURVE('',#11650,#11665,#8815,.T.);
#12399=EDGE_CURVE('',#11649,#11666,#8827,.T.);
#12410=EDGE_CURVE('',#11667,#11648,#8853,.T.);
#12426=EDGE_CURVE('',#11646,#11719,#8862,.T.);
#12428=EDGE_CURVE('',#11719,#11669,#8867,.T.);
#12438=EDGE_CURVE('',#11742,#11743,#8942,.T.);
#12440=EDGE_CURVE('',#11742,#11744,#8878,.T.);
#12442=EDGE_CURVE('',#11744,#11733,#8885,.T.);
#12444=EDGE_CURVE('',#11731,#11733,#11356,.T.);
#12446=EDGE_CURVE('',#11731,#11745,#8892,.T.);
#12448=EDGE_CURVE('',#11745,#11746,#8903,.T.);
#12450=EDGE_CURVE('',#11748,#11746,#11325,.T.);
#12452=EDGE_CURVE('',#11748,#11749,#8911,.T.);
#12454=EDGE_CURVE('',#11749,#11721,#8916,.T.);
#12456=EDGE_CURVE('',#11725,#11721,#11022,.T.);
#12458=EDGE_CURVE('',#11725,#11751,#8920,.T.);
#12460=EDGE_CURVE('',#11753,#11751,#9532,.T.);
#12462=EDGE_CURVE('',#11719,#11753,#9224,.T.);
#12466=EDGE_CURVE('',#11645,#11743,#8933,.T.);
#12476=EDGE_CURVE('',#11743,#11755,#8937,.T.);
#12478=EDGE_CURVE('',#11742,#11755,#11581,.T.);
#12492=EDGE_CURVE('',#11756,#11643,#9010,.T.);
#12494=EDGE_CURVE('',#11755,#11756,#11588,.T.);
#12504=EDGE_CURVE('',#11632,#11757,#8951,.T.);
#12506=EDGE_CURVE('',#11757,#11758,#8959,.T.);
#12508=EDGE_CURVE('',#11758,#11759,#8967,.T.);
#12510=EDGE_CURVE('',#11759,#11729,#8974,.T.);
#12512=EDGE_CURVE('',#11729,#11605,#8979,.T.);
#12514=EDGE_CURVE('',#11614,#11605,#11414,.T.);
#12516=EDGE_CURVE('',#11610,#11614,#11481,.T.);
#12518=EDGE_CURVE('',#11608,#11610,#11395,.T.);
#12520=EDGE_CURVE('',#11608,#11727,#8984,.T.);
#12522=EDGE_CURVE('',#11727,#11760,#8991,.T.);
#12524=EDGE_CURVE('',#11760,#11756,#9002,.T.);
#12529=EDGE_CURVE('',#11761,#11603,#11193,.T.);
#12531=EDGE_CURVE('',#11763,#11761,#9125,.T.);
#12533=EDGE_CURVE('',#11765,#11763,#10102,.T.);
#12535=EDGE_CURVE('',#11767,#11765,#10097,.T.);
#12537=EDGE_CURVE('',#11767,#11769,#9019,.T.);
#12539=EDGE_CURVE('',#11634,#11769,#11078,.T.);
#12541=EDGE_CURVE('',#11632,#11634,#9059,.T.);
#12551=EDGE_CURVE('',#11662,#11631,#9035,.T.);
#12553=EDGE_CURVE('',#11662,#11687,#9026,.T.);
#12555=EDGE_CURVE('',#11690,#11687,#11051,.T.);
#12557=EDGE_CURVE('',#11710,#11690,#11027,.T.);
#12559=EDGE_CURVE('',#11721,#11710,#11003,.T.);
#12562=EDGE_CURVE('',#11757,#11749,#11305,.T.);
#12565=EDGE_CURVE('',#11632,#11631,#9031,.T.);
#12576=EDGE_CURVE('',#11631,#11629,#9040,.T.);
#12578=EDGE_CURVE('',#11629,#11626,#9045,.T.);
#12580=EDGE_CURVE('',#11626,#11664,#9049,.T.);
#12582=EDGE_CURVE('',#11664,#11662,#9054,.T.);
#12592=EDGE_CURVE('',#11626,#11627,#9078,.T.);
#12598=EDGE_CURVE('',#11634,#11635,#9066,.T.);
#12600=EDGE_CURVE('',#11637,#11635,#11120,.T.);
#12602=EDGE_CURVE('',#11639,#11637,#11115,.T.);
#12604=EDGE_CURVE('',#11639,#11640,#9073,.T.);
#12606=EDGE_CURVE('',#11627,#11640,#9121,.T.);
#12618=EDGE_CURVE('',#11770,#11627,#9116,.T.);
#12620=EDGE_CURVE('',#11772,#11770,#11064,.T.);
#12622=EDGE_CURVE('',#11723,#11772,#9229,.T.);
#12624=EDGE_CURVE('',#11711,#11723,#11012,.T.);
#12626=EDGE_CURVE('',#11688,#11711,#11032,.T.);
#12628=EDGE_CURVE('',#11686,#11688,#11039,.T.);
#12630=EDGE_CURVE('',#11686,#11664,#9085,.T.);
#12640=EDGE_CURVE('',#11704,#11773,#9092,.T.);
#12642=EDGE_CURVE('',#11773,#11774,#9103,.T.);
#12644=EDGE_CURVE('',#11774,#11770,#9111,.T.);
#12648=EDGE_CURVE('',#11769,#11640,#11083,.T.);
#12651=EDGE_CURVE('',#11776,#11767,#10618,.T.);
#12653=EDGE_CURVE('',#11763,#11776,#10613,.T.);
#12656=EDGE_CURVE('',#11597,#11761,#11219,.T.);
#12660=EDGE_CURVE('',#11672,#11777,#9143,.T.);
#12662=EDGE_CURVE('',#11777,#11778,#9151,.T.);
#12664=EDGE_CURVE('',#11778,#11735,#9158,.T.);
#12666=EDGE_CURVE('',#11735,#11624,#9163,.T.);
#12668=EDGE_CURVE('',#11624,#11622,#9168,.T.);
#12670=EDGE_CURVE('',#11618,#11622,#9381,.T.);
#12672=EDGE_CURVE('',#11618,#11615,#9173,.T.);
#12674=EDGE_CURVE('',#11615,#11704,#9178,.T.);
#12687=B_SPLINE_CURVE_WITH_KNOTS('',3,(#12679,#12680,#12681,#12682,#12683,
#12684,#12685,#12686),.UNSPECIFIED.,.F.,.F.,(4,1,1,1,1,4),(0.E0,
2.809023173185E-2,2.030492043271E-1,6.938882920424E-1,9.719095968761E-1,1.E0),
.UNSPECIFIED.);
#12691=EDGE_CURVE('',#11780,#11773,#9182,.T.);
#12694=EDGE_CURVE('',#11739,#11704,#9314,.T.);
#12696=EDGE_CURVE('',#11780,#11739,#9255,.T.);
#12707=EDGE_CURVE('',#11781,#11780,#9248,.T.);
#12709=EDGE_CURVE('',#11783,#11781,#11068,.T.);
#12711=EDGE_CURVE('',#11783,#11774,#9189,.T.);
#12722=EDGE_CURVE('',#11737,#11784,#9196,.T.);
#12724=EDGE_CURVE('',#11784,#11785,#9207,.T.);
#12726=EDGE_CURVE('',#11787,#11785,#9275,.T.);
#12728=EDGE_CURVE('',#11787,#11670,#9215,.T.);
#12733=EDGE_CURVE('',#11751,#11753,#9522,.T.);
#12736=EDGE_CURVE('',#11723,#11725,#11017,.T.);
#12739=EDGE_CURVE('',#11772,#11788,#9237,.T.);
#12741=EDGE_CURVE('',#11781,#11788,#11073,.T.);
#12745=EDGE_CURVE('',#11737,#11739,#9310,.T.);
#12758=B_SPLINE_CURVE_WITH_KNOTS('',3,(#12750,#12751,#12752,#12753,#12754,
#12755,#12756,#12757),.UNSPECIFIED.,.F.,.F.,(4,1,1,1,1,4),(0.E0,
2.809023173186E-2,2.030492043271E-1,6.938882920424E-1,9.719095968761E-1,1.E0),
.UNSPECIFIED.);
#12762=EDGE_CURVE('',#11778,#11784,#9259,.T.);
#12765=EDGE_CURVE('',#11737,#11735,#9263,.T.);
#12776=EDGE_CURVE('',#11785,#11790,#9279,.T.);
#12781=EDGE_CURVE('',#11777,#11790,#9270,.T.);
#12791=EDGE_CURVE('',#11787,#11790,#9287,.T.);
#12816=EDGE_CURVE('',#11704,#11702,#9291,.T.);
#12818=EDGE_CURVE('',#11702,#11707,#9296,.T.);
#12820=EDGE_CURVE('',#11707,#11705,#9301,.T.);
#12822=EDGE_CURVE('',#11705,#11735,#9305,.T.);
#12835=EDGE_CURVE('',#11656,#11616,#9339,.T.);
#12837=EDGE_CURVE('',#11656,#11678,#9321,.T.);
#12839=EDGE_CURVE('',#11683,#11678,#9507,.T.);
#12841=EDGE_CURVE('',#11702,#11683,#9483,.T.);
#12845=EDGE_CURVE('',#11615,#11616,#9326,.T.);
#12855=EDGE_CURVE('',#11625,#11654,#9330,.T.);
#12857=EDGE_CURVE('',#11654,#11656,#9335,.T.);
#12860=EDGE_CURVE('',#11616,#11625,#9344,.T.);
#12871=EDGE_CURVE('',#11625,#11624,#9349,.T.);
#12875=EDGE_CURVE('',#11679,#11705,#9478,.T.);
#12877=EDGE_CURVE('',#11675,#11679,#9490,.T.);
#12879=EDGE_CURVE('',#11675,#11654,#9356,.T.);
#12891=EDGE_CURVE('',#11618,#11619,#9363,.T.);
#12893=EDGE_CURVE('',#11621,#11619,#9413,.T.);
#12895=EDGE_CURVE('',#11621,#11622,#9370,.T.);
#12909=EDGE_CURVE('',#12269,#11618,#9402,.T.);
#12911=EDGE_CURVE('',#12269,#12271,#9376,.T.);
#12913=EDGE_CURVE('',#11619,#12271,#9420,.T.);
#12924=EDGE_CURVE('',#11622,#12265,#9388,.T.);
#12926=EDGE_CURVE('',#12265,#12266,#9395,.T.);
#12928=EDGE_CURVE('',#12268,#12266,#9473,.T.);
#12930=EDGE_CURVE('',#12269,#12268,#9454,.T.);
#12942=EDGE_CURVE('',#12270,#11621,#9446,.T.);
#12944=EDGE_CURVE('',#12270,#12265,#9408,.T.);
#12957=EDGE_CURVE('',#12271,#12272,#9427,.T.);
#12959=EDGE_CURVE('',#12272,#12274,#9432,.T.);
#12961=EDGE_CURVE('',#12274,#12270,#9439,.T.);
#12995=EDGE_CURVE('',#12272,#12268,#9468,.T.);
#13005=EDGE_CURVE('',#12266,#12274,#9461,.T.);
#13050=EDGE_CURVE('',#11682,#11683,#9500,.T.);
#13052=EDGE_CURVE('',#11679,#11682,#9495,.T.);
#13066=EDGE_CURVE('',#11676,#11678,#9517,.T.);
#13068=EDGE_CURVE('',#11675,#11676,#9512,.T.);
#13096=EDGE_CURVE('',#11792,#11753,#9537,.T.);
#13098=EDGE_CURVE('',#11794,#11792,#9562,.T.);
#13100=EDGE_CURVE('',#11794,#11751,#9527,.T.);
#13112=EDGE_CURVE('',#11792,#11794,#9567,.T.);
#13123=EDGE_CURVE('',#11800,#11797,#9542,.T.);
#13125=EDGE_CURVE('',#11797,#11798,#9547,.T.);
#13127=EDGE_CURVE('',#11798,#11802,#9552,.T.);
#13129=EDGE_CURVE('',#11802,#11800,#9557,.T.);
#13145=EDGE_CURVE('',#11804,#11800,#9597,.T.);
#13147=EDGE_CURVE('',#11804,#11807,#9572,.T.);
#13149=EDGE_CURVE('',#11807,#11808,#9577,.T.);
#13151=EDGE_CURVE('',#11808,#11798,#9582,.T.);
#13164=EDGE_CURVE('',#11808,#11810,#9587,.T.);
#13166=EDGE_CURVE('',#11810,#11804,#9592,.T.);
#13179=EDGE_CURVE('',#11808,#11812,#9601,.T.);
#13181=EDGE_CURVE('',#11816,#11812,#10058,.T.);
#13183=EDGE_CURVE('',#11815,#11816,#10053,.T.);
#13185=EDGE_CURVE('',#11804,#11815,#9605,.T.);
#13198=EDGE_CURVE('',#11818,#11815,#9620,.T.);
#13200=EDGE_CURVE('',#11812,#11818,#9615,.T.);
#13211=EDGE_CURVE('',#11819,#11820,#9631,.T.);
#13213=EDGE_CURVE('',#11822,#11819,#9662,.T.);
#13215=EDGE_CURVE('',#11822,#11812,#9610,.T.);
#13219=EDGE_CURVE('',#11824,#11815,#10063,.T.);
#13221=EDGE_CURVE('',#11820,#11824,#9652,.T.);
#13231=EDGE_CURVE('',#11826,#11819,#9624,.T.);
#13234=EDGE_CURVE('',#11828,#11820,#10032,.T.);
#13236=EDGE_CURVE('',#11826,#11828,#10004,.T.);
#13246=EDGE_CURVE('',#11830,#11819,#9635,.T.);
#13249=EDGE_CURVE('',#11832,#11826,#10000,.T.);
#13251=EDGE_CURVE('',#11832,#11830,#9639,.T.);
#13262=EDGE_CURVE('',#11854,#11830,#9992,.T.);
#13264=EDGE_CURVE('',#11854,#11856,#9643,.T.);
#13266=EDGE_CURVE('',#11858,#11856,#10040,.T.);
#13268=EDGE_CURVE('',#11858,#11860,#9647,.T.);
#13270=EDGE_CURVE('',#11820,#11860,#10028,.T.);
#13273=EDGE_CURVE('',#11824,#11822,#9657,.T.);
#13278=EDGE_CURVE('',#11863,#11864,#9666,.T.);
#13280=EDGE_CURVE('',#11864,#11866,#9670,.T.);
#13282=EDGE_CURVE('',#11866,#11868,#9674,.T.);
#13284=EDGE_CURVE('',#11868,#11870,#9679,.T.);
#13286=EDGE_CURVE('',#11870,#11872,#9684,.T.);
#13288=EDGE_CURVE('',#11872,#11874,#9689,.T.);
#13290=EDGE_CURVE('',#11874,#11876,#9693,.T.);
#13292=EDGE_CURVE('',#11876,#11878,#9697,.T.);
#13294=EDGE_CURVE('',#11878,#11880,#9701,.T.);
#13296=EDGE_CURVE('',#11880,#11882,#9705,.T.);
#13298=EDGE_CURVE('',#11882,#11884,#9709,.T.);
#13300=EDGE_CURVE('',#11884,#11886,#9713,.T.);
#13302=EDGE_CURVE('',#11886,#11888,#9717,.T.);
#13304=EDGE_CURVE('',#11888,#11890,#9721,.T.);
#13306=EDGE_CURVE('',#11890,#11892,#9725,.T.);
#13308=EDGE_CURVE('',#11892,#11894,#9729,.T.);
#13310=EDGE_CURVE('',#11894,#11896,#9733,.T.);
#13312=EDGE_CURVE('',#11896,#11898,#9737,.T.);
#13314=EDGE_CURVE('',#11898,#11874,#9741,.T.);
#13316=EDGE_CURVE('',#11874,#11899,#9748,.T.);
#13318=EDGE_CURVE('',#11899,#11900,#9753,.T.);
#13320=EDGE_CURVE('',#11900,#11902,#9757,.T.);
#13322=EDGE_CURVE('',#11902,#11904,#9761,.T.);
#13324=EDGE_CURVE('',#11904,#11906,#9765,.T.);
#13326=EDGE_CURVE('',#11908,#11906,#10412,.T.);
#13328=EDGE_CURVE('',#11910,#11908,#10404,.T.);
#13330=EDGE_CURVE('',#11912,#11910,#10396,.T.);
#13332=EDGE_CURVE('',#11914,#11912,#10388,.T.);
#13334=EDGE_CURVE('',#11916,#11914,#10380,.T.);
#13336=EDGE_CURVE('',#11916,#11918,#9769,.T.);
#13338=EDGE_CURVE('',#11918,#11920,#9773,.T.);
#13340=EDGE_CURVE('',#11920,#11922,#9777,.T.);
#13342=EDGE_CURVE('',#11924,#11922,#10360,.T.);
#13344=EDGE_CURVE('',#11924,#11926,#9781,.T.);
#13346=EDGE_CURVE('',#11926,#11928,#9785,.T.);
#13348=EDGE_CURVE('',#11928,#11930,#9789,.T.);
#13350=EDGE_CURVE('',#11930,#11932,#9793,.T.);
#13352=EDGE_CURVE('',#11934,#11932,#10336,.T.);
#13354=EDGE_CURVE('',#11934,#11936,#9797,.T.);
#13356=EDGE_CURVE('',#11936,#11938,#9801,.T.);
#13358=EDGE_CURVE('',#11938,#11940,#9805,.T.);
#13360=EDGE_CURVE('',#11940,#11942,#9809,.T.);
#13362=EDGE_CURVE('',#11944,#11942,#10312,.T.);
#13364=EDGE_CURVE('',#11944,#11946,#9813,.T.);
#13366=EDGE_CURVE('',#11946,#11948,#9817,.T.);
#13368=EDGE_CURVE('',#11948,#11950,#9821,.T.);
#13370=EDGE_CURVE('',#11952,#11950,#10292,.T.);
#13372=EDGE_CURVE('',#11952,#11954,#9825,.T.);
#13374=EDGE_CURVE('',#11954,#11956,#9829,.T.);
#13376=EDGE_CURVE('',#11956,#11958,#9833,.T.);
#13378=EDGE_CURVE('',#11958,#11960,#9837,.T.);
#13380=EDGE_CURVE('',#11962,#11960,#10268,.T.);
#13382=EDGE_CURVE('',#11962,#11964,#9841,.T.);
#13384=EDGE_CURVE('',#11964,#11966,#9845,.T.);
#13386=EDGE_CURVE('',#11966,#11968,#9849,.T.);
#13388=EDGE_CURVE('',#11968,#11970,#9853,.T.);
#13390=EDGE_CURVE('',#11970,#11972,#9857,.T.);
#13392=EDGE_CURVE('',#11974,#11972,#10240,.T.);
#13394=EDGE_CURVE('',#11974,#11976,#9861,.T.);
#13396=EDGE_CURVE('',#11976,#11978,#9865,.T.);
#13398=EDGE_CURVE('',#11978,#11980,#9869,.T.);
#13400=EDGE_CURVE('',#11980,#11982,#9873,.T.);
#13402=EDGE_CURVE('',#11982,#11984,#9877,.T.);
#13404=EDGE_CURVE('',#11984,#11986,#9882,.T.);
#13406=EDGE_CURVE('',#11986,#11988,#9886,.T.);
#13408=EDGE_CURVE('',#11988,#11990,#9890,.T.);
#13410=EDGE_CURVE('',#11990,#11992,#9894,.T.);
#13412=EDGE_CURVE('',#11992,#11994,#9899,.T.);
#13414=EDGE_CURVE('',#11994,#11996,#9903,.T.);
#13416=EDGE_CURVE('',#11996,#11998,#9907,.T.);
#13418=EDGE_CURVE('',#11998,#12000,#9911,.T.);
#13420=EDGE_CURVE('',#12000,#12002,#9915,.T.);
#13422=EDGE_CURVE('',#12002,#12004,#9919,.T.);
#13424=EDGE_CURVE('',#12004,#12006,#9923,.T.);
#13426=EDGE_CURVE('',#12006,#12008,#9927,.T.);
#13428=EDGE_CURVE('',#12008,#11863,#9932,.T.);
#13432=EDGE_CURVE('',#12011,#12012,#9936,.T.);
#13434=EDGE_CURVE('',#12012,#12014,#9940,.T.);
#13436=EDGE_CURVE('',#12014,#12016,#9944,.T.);
#13438=EDGE_CURVE('',#12016,#12018,#9948,.T.);
#13440=EDGE_CURVE('',#12020,#12018,#10799,.T.);
#13442=EDGE_CURVE('',#12020,#12022,#9952,.T.);
#13444=EDGE_CURVE('',#12022,#12024,#9956,.T.);
#13446=EDGE_CURVE('',#12024,#12026,#9960,.T.);
#13448=EDGE_CURVE('',#12028,#12026,#10779,.T.);
#13450=EDGE_CURVE('',#12028,#12030,#9964,.T.);
#13452=EDGE_CURVE('',#12030,#12032,#9968,.T.);
#13454=EDGE_CURVE('',#12032,#12034,#9972,.T.);
#13456=EDGE_CURVE('',#12034,#12036,#9976,.T.);
#13458=EDGE_CURVE('',#12036,#12038,#9980,.T.);
#13460=EDGE_CURVE('',#12038,#12040,#9984,.T.);
#13462=EDGE_CURVE('',#12040,#12011,#9988,.T.);
#13474=EDGE_CURVE('',#12238,#11832,#10024,.T.);
#13476=EDGE_CURVE('',#12238,#11854,#9996,.T.);
#13488=EDGE_CURVE('',#11828,#12240,#10008,.T.);
#13490=EDGE_CURVE('',#12240,#12242,#10012,.T.);
#13492=EDGE_CURVE('',#12242,#12244,#10016,.T.);
#13494=EDGE_CURVE('',#12244,#12238,#10020,.T.);
#13506=EDGE_CURVE('',#12240,#11860,#10036,.T.);
#13519=EDGE_CURVE('',#12242,#11858,#10044,.T.);
#13532=EDGE_CURVE('',#12244,#11856,#10048,.T.);
#13570=EDGE_CURVE('',#12042,#11863,#10071,.T.);
#13572=EDGE_CURVE('',#12044,#12042,#10635,.T.);
#13574=EDGE_CURVE('',#12044,#11864,#10067,.T.);
#13585=EDGE_CURVE('',#11868,#11863,#10078,.T.);
#13587=EDGE_CURVE('',#12046,#11868,#10627,.T.);
#13589=EDGE_CURVE('',#12042,#12046,#10639,.T.);
#13601=EDGE_CURVE('',#12008,#11994,#10085,.T.);
#13604=EDGE_CURVE('',#11992,#11986,#10092,.T.);
#13607=EDGE_CURVE('',#11899,#11984,#10215,.T.);
#13611=EDGE_CURVE('',#11767,#11872,#10623,.T.);
#13615=EDGE_CURVE('',#11763,#11870,#10107,.T.);
#13626=EDGE_CURVE('',#12048,#12008,#10115,.T.);
#13628=EDGE_CURVE('',#12050,#12048,#10159,.T.);
#13630=EDGE_CURVE('',#12050,#11994,#10111,.T.);
#13642=EDGE_CURVE('',#12052,#12006,#10119,.T.);
#13644=EDGE_CURVE('',#12048,#12052,#10163,.T.);
#13656=EDGE_CURVE('',#12054,#12004,#10123,.T.);
#13658=EDGE_CURVE('',#12052,#12054,#10167,.T.);
#13670=EDGE_CURVE('',#12056,#12002,#10127,.T.);
#13672=EDGE_CURVE('',#12054,#12056,#10171,.T.);
#13684=EDGE_CURVE('',#12058,#12000,#10131,.T.);
#13686=EDGE_CURVE('',#12056,#12058,#10143,.T.);
#13698=EDGE_CURVE('',#12060,#11998,#10135,.T.);
#13700=EDGE_CURVE('',#12058,#12060,#10147,.T.);
#13712=EDGE_CURVE('',#12062,#11996,#10139,.T.);
#13714=EDGE_CURVE('',#12060,#12062,#10151,.T.);
#13727=EDGE_CURVE('',#12062,#12050,#10155,.T.);
#13754=EDGE_CURVE('',#12068,#11986,#10175,.T.);
#13757=EDGE_CURVE('',#12070,#11992,#10199,.T.);
#13759=EDGE_CURVE('',#12068,#12070,#10187,.T.);
#13771=EDGE_CURVE('',#12067,#12068,#10183,.T.);
#13773=EDGE_CURVE('',#12067,#11988,#10179,.T.);
#13785=EDGE_CURVE('',#12070,#12072,#10191,.T.);
#13787=EDGE_CURVE('',#12072,#12067,#10195,.T.);
#13798=EDGE_CURVE('',#12072,#11990,#10203,.T.);
#13822=EDGE_CURVE('',#12086,#11984,#10220,.T.);
#13824=EDGE_CURVE('',#12084,#12086,#10456,.T.);
#13826=EDGE_CURVE('',#12084,#11899,#10208,.T.);
#13838=EDGE_CURVE('',#12088,#11982,#10224,.T.);
#13840=EDGE_CURVE('',#12086,#12088,#10460,.T.);
#13852=EDGE_CURVE('',#12090,#11980,#10228,.T.);
#13854=EDGE_CURVE('',#12088,#12090,#10464,.T.);
#13866=EDGE_CURVE('',#12092,#11978,#10232,.T.);
#13868=EDGE_CURVE('',#12090,#12092,#10468,.T.);
#13880=EDGE_CURVE('',#12094,#11976,#10236,.T.);
#13882=EDGE_CURVE('',#12092,#12094,#10472,.T.);
#13894=EDGE_CURVE('',#12096,#11974,#10244,.T.);
#13896=EDGE_CURVE('',#12094,#12096,#10476,.T.);
#13908=EDGE_CURVE('',#12098,#11972,#10248,.T.);
#13910=EDGE_CURVE('',#12096,#12098,#10480,.T.);
#13922=EDGE_CURVE('',#12100,#11970,#10252,.T.);
#13924=EDGE_CURVE('',#12098,#12100,#10484,.T.);
#13936=EDGE_CURVE('',#12102,#11968,#10256,.T.);
#13938=EDGE_CURVE('',#12100,#12102,#10488,.T.);
#13950=EDGE_CURVE('',#12104,#11966,#10260,.T.);
#13952=EDGE_CURVE('',#12102,#12104,#10492,.T.);
#13964=EDGE_CURVE('',#12106,#11964,#10264,.T.);
#13966=EDGE_CURVE('',#12104,#12106,#10496,.T.);
#13978=EDGE_CURVE('',#12108,#11962,#10272,.T.);
#13980=EDGE_CURVE('',#12106,#12108,#10500,.T.);
#13992=EDGE_CURVE('',#12110,#11960,#10276,.T.);
#13994=EDGE_CURVE('',#12108,#12110,#10504,.T.);
#14006=EDGE_CURVE('',#12112,#11958,#10280,.T.);
#14008=EDGE_CURVE('',#12110,#12112,#10508,.T.);
#14020=EDGE_CURVE('',#12114,#11956,#10284,.T.);
#14022=EDGE_CURVE('',#12112,#12114,#10512,.T.);
#14034=EDGE_CURVE('',#12116,#11954,#10288,.T.);
#14036=EDGE_CURVE('',#12114,#12116,#10516,.T.);
#14048=EDGE_CURVE('',#12118,#11952,#10296,.T.);
#14050=EDGE_CURVE('',#12116,#12118,#10520,.T.);
#14062=EDGE_CURVE('',#12120,#11950,#10300,.T.);
#14064=EDGE_CURVE('',#12118,#12120,#10524,.T.);
#14076=EDGE_CURVE('',#12122,#11948,#10304,.T.);
#14078=EDGE_CURVE('',#12120,#12122,#10528,.T.);
#14090=EDGE_CURVE('',#12124,#11946,#10308,.T.);
#14092=EDGE_CURVE('',#12122,#12124,#10532,.T.);
#14104=EDGE_CURVE('',#12126,#11944,#10316,.T.);
#14106=EDGE_CURVE('',#12124,#12126,#10536,.T.);
#14118=EDGE_CURVE('',#12128,#11942,#10320,.T.);
#14120=EDGE_CURVE('',#12126,#12128,#10540,.T.);
#14132=EDGE_CURVE('',#12130,#11940,#10324,.T.);
#14134=EDGE_CURVE('',#12128,#12130,#10544,.T.);
#14146=EDGE_CURVE('',#12132,#11938,#10328,.T.);
#14148=EDGE_CURVE('',#12130,#12132,#10548,.T.);
#14160=EDGE_CURVE('',#12134,#11936,#10332,.T.);
#14162=EDGE_CURVE('',#12132,#12134,#10552,.T.);
#14174=EDGE_CURVE('',#12136,#11934,#10340,.T.);
#14176=EDGE_CURVE('',#12134,#12136,#10556,.T.);
#14188=EDGE_CURVE('',#12138,#11932,#10344,.T.);
#14190=EDGE_CURVE('',#12136,#12138,#10560,.T.);
#14202=EDGE_CURVE('',#12140,#11930,#10348,.T.);
#14204=EDGE_CURVE('',#12138,#12140,#10564,.T.);
#14216=EDGE_CURVE('',#12142,#11928,#10352,.T.);
#14218=EDGE_CURVE('',#12140,#12142,#10568,.T.);
#14230=EDGE_CURVE('',#12144,#11926,#10356,.T.);
#14232=EDGE_CURVE('',#12142,#12144,#10572,.T.);
#14244=EDGE_CURVE('',#12146,#11924,#10364,.T.);
#14246=EDGE_CURVE('',#12144,#12146,#10576,.T.);
#14258=EDGE_CURVE('',#12148,#11922,#10368,.T.);
#14260=EDGE_CURVE('',#12146,#12148,#10580,.T.);
#14272=EDGE_CURVE('',#12150,#11920,#10372,.T.);
#14274=EDGE_CURVE('',#12148,#12150,#10584,.T.);
#14286=EDGE_CURVE('',#12152,#11918,#10376,.T.);
#14288=EDGE_CURVE('',#12150,#12152,#10588,.T.);
#14300=EDGE_CURVE('',#12154,#11916,#10384,.T.);
#14302=EDGE_CURVE('',#12152,#12154,#10592,.T.);
#14314=EDGE_CURVE('',#12156,#11914,#10392,.T.);
#14316=EDGE_CURVE('',#12154,#12156,#10596,.T.);
#14328=EDGE_CURVE('',#12158,#11912,#10400,.T.);
#14330=EDGE_CURVE('',#12156,#12158,#10600,.T.);
#14342=EDGE_CURVE('',#12160,#11910,#10408,.T.);
#14344=EDGE_CURVE('',#12158,#12160,#10604,.T.);
#14356=EDGE_CURVE('',#12075,#11908,#10416,.T.);
#14358=EDGE_CURVE('',#12160,#12075,#10608,.T.);
#14370=EDGE_CURVE('',#12076,#11906,#10420,.T.);
#14372=EDGE_CURVE('',#12075,#12076,#10436,.T.);
#14384=EDGE_CURVE('',#12078,#11904,#10424,.T.);
#14386=EDGE_CURVE('',#12076,#12078,#10440,.T.);
#14398=EDGE_CURVE('',#12080,#11902,#10428,.T.);
#14400=EDGE_CURVE('',#12078,#12080,#10444,.T.);
#14412=EDGE_CURVE('',#12082,#11900,#10432,.T.);
#14414=EDGE_CURVE('',#12080,#12082,#10448,.T.);
#14427=EDGE_CURVE('',#12082,#12084,#10452,.T.);
#14504=EDGE_CURVE('',#12064,#11866,#10631,.T.);
#14506=EDGE_CURVE('',#12046,#12064,#10643,.T.);
#14519=EDGE_CURVE('',#12064,#12044,#10647,.T.);
#14543=EDGE_CURVE('',#12168,#11898,#10655,.T.);
#14545=EDGE_CURVE('',#12166,#12168,#10707,.T.);
#14547=EDGE_CURVE('',#12166,#11876,#10651,.T.);
#14559=EDGE_CURVE('',#12170,#11896,#10659,.T.);
#14561=EDGE_CURVE('',#12168,#12170,#10711,.T.);
#14573=EDGE_CURVE('',#12172,#11894,#10663,.T.);
#14575=EDGE_CURVE('',#12170,#12172,#10715,.T.);
#14587=EDGE_CURVE('',#12174,#11892,#10667,.T.);
#14589=EDGE_CURVE('',#12172,#12174,#10719,.T.);
#14601=EDGE_CURVE('',#12176,#11890,#10671,.T.);
#14603=EDGE_CURVE('',#12174,#12176,#10723,.T.);
#14615=EDGE_CURVE('',#12178,#11888,#10675,.T.);
#14617=EDGE_CURVE('',#12176,#12178,#10727,.T.);
#14629=EDGE_CURVE('',#12180,#11886,#10679,.T.);
#14631=EDGE_CURVE('',#12178,#12180,#10731,.T.);
#14643=EDGE_CURVE('',#12182,#11884,#10683,.T.);
#14645=EDGE_CURVE('',#12180,#12182,#10735,.T.);
#14657=EDGE_CURVE('',#12184,#11882,#10687,.T.);
#14659=EDGE_CURVE('',#12182,#12184,#10739,.T.);
#14671=EDGE_CURVE('',#12163,#11880,#10691,.T.);
#14673=EDGE_CURVE('',#12184,#12163,#10743,.T.);
#14685=EDGE_CURVE('',#12164,#11878,#10695,.T.);
#14687=EDGE_CURVE('',#12163,#12164,#10699,.T.);
#14700=EDGE_CURVE('',#12164,#12166,#10703,.T.);
#14732=EDGE_CURVE('',#12188,#12011,#10751,.T.);
#14734=EDGE_CURVE('',#12187,#12188,#10819,.T.);
#14736=EDGE_CURVE('',#12187,#12012,#10747,.T.);
#14747=EDGE_CURVE('',#12190,#12040,#10755,.T.);
#14749=EDGE_CURVE('',#12188,#12190,#10823,.T.);
#14761=EDGE_CURVE('',#12192,#12038,#10759,.T.);
#14763=EDGE_CURVE('',#12190,#12192,#10827,.T.);
#14775=EDGE_CURVE('',#12194,#12036,#10763,.T.);
#14777=EDGE_CURVE('',#12192,#12194,#10831,.T.);
#14789=EDGE_CURVE('',#12196,#12034,#10767,.T.);
#14791=EDGE_CURVE('',#12194,#12196,#10835,.T.);
#14803=EDGE_CURVE('',#12198,#12032,#10771,.T.);
#14805=EDGE_CURVE('',#12196,#12198,#10839,.T.);
#14817=EDGE_CURVE('',#12200,#12030,#10775,.T.);
#14819=EDGE_CURVE('',#12198,#12200,#10843,.T.);
#14831=EDGE_CURVE('',#12202,#12028,#10783,.T.);
#14833=EDGE_CURVE('',#12200,#12202,#10847,.T.);
#14845=EDGE_CURVE('',#12204,#12026,#10787,.T.);
#14847=EDGE_CURVE('',#12202,#12204,#10851,.T.);
#14859=EDGE_CURVE('',#12206,#12024,#10791,.T.);
#14861=EDGE_CURVE('',#12204,#12206,#10855,.T.);
#14873=EDGE_CURVE('',#12208,#12022,#10795,.T.);
#14875=EDGE_CURVE('',#12206,#12208,#10859,.T.);
#14887=EDGE_CURVE('',#12210,#12020,#10803,.T.);
#14889=EDGE_CURVE('',#12208,#12210,#10863,.T.);
#14901=EDGE_CURVE('',#12212,#12018,#10807,.T.);
#14903=EDGE_CURVE('',#12210,#12212,#10867,.T.);
#14915=EDGE_CURVE('',#12214,#12016,#10811,.T.);
#14917=EDGE_CURVE('',#12212,#12214,#10871,.T.);
#14929=EDGE_CURVE('',#12216,#12014,#10815,.T.);
#14931=EDGE_CURVE('',#12214,#12216,#10875,.T.);
#14944=EDGE_CURVE('',#12216,#12187,#10879,.T.);
#14973=EDGE_CURVE('',#12219,#12220,#10883,.T.);
#14975=EDGE_CURVE('',#12220,#12222,#10887,.T.);
#14977=EDGE_CURVE('',#12222,#12224,#10891,.T.);
#14979=EDGE_CURVE('',#12224,#12226,#10895,.T.);
#14981=EDGE_CURVE('',#12226,#12228,#10899,.T.);
#14983=EDGE_CURVE('',#12228,#12230,#10903,.T.);
#14985=EDGE_CURVE('',#12230,#12232,#10907,.T.);
#14987=EDGE_CURVE('',#12232,#12234,#10911,.T.);
#14989=EDGE_CURVE('',#12234,#12236,#10915,.T.);
#14991=EDGE_CURVE('',#12236,#12219,#10919,.T.);
#15001=EDGE_CURVE('',#11835,#11836,#10927,.T.);
#15003=EDGE_CURVE('',#12220,#11835,#10999,.T.);
#15006=EDGE_CURVE('',#12219,#11836,#10923,.T.);
#15017=EDGE_CURVE('',#11836,#11838,#10931,.T.);
#15019=EDGE_CURVE('',#11838,#11840,#10935,.T.);
#15021=EDGE_CURVE('',#11840,#11842,#10939,.T.);
#15023=EDGE_CURVE('',#11842,#11844,#10943,.T.);
#15025=EDGE_CURVE('',#11846,#11844,#10975,.T.);
#15027=EDGE_CURVE('',#11846,#11848,#10947,.T.);
#15029=EDGE_CURVE('',#11848,#11850,#10951,.T.);
#15031=EDGE_CURVE('',#11850,#11852,#10955,.T.);
#15033=EDGE_CURVE('',#11835,#11852,#10995,.T.);
#15046=EDGE_CURVE('',#12236,#11838,#10959,.T.);
#15059=EDGE_CURVE('',#12234,#11840,#10963,.T.);
#15072=EDGE_CURVE('',#12232,#11842,#10967,.T.);
#15085=EDGE_CURVE('',#12230,#11844,#10971,.T.);
#15098=EDGE_CURVE('',#12228,#11846,#10979,.T.);
#15111=EDGE_CURVE('',#12226,#11848,#10983,.T.);
#15124=EDGE_CURVE('',#12224,#11850,#10987,.T.);
#15137=EDGE_CURVE('',#12222,#11852,#10991,.T.);
#15160=EDGE_CURVE('',#11710,#11711,#11008,.T.);
#15175=EDGE_CURVE('',#11688,#11690,#11044,.T.);
#15186=EDGE_CURVE('',#11686,#11687,#11056,.T.);
#15211=EDGE_CURVE('',#11783,#11788,#11060,.T.);
#15238=EDGE_CURVE('',#11640,#12245,#11090,.T.);
#15240=EDGE_CURVE('',#12245,#12246,#11097,.T.);
#15242=EDGE_CURVE('',#12248,#12246,#11186,.T.);
#15244=EDGE_CURVE('',#12249,#12248,#11167,.T.);
#15246=EDGE_CURVE('',#12249,#11634,#11104,.T.);
#15257=EDGE_CURVE('',#12250,#11639,#11153,.T.);
#15259=EDGE_CURVE('',#12250,#12245,#11110,.T.);
#15272=EDGE_CURVE('',#11635,#12251,#11127,.T.);
#15274=EDGE_CURVE('',#12251,#12252,#11134,.T.);
#15276=EDGE_CURVE('',#12252,#12254,#11139,.T.);
#15278=EDGE_CURVE('',#12254,#12250,#11146,.T.);
#15291=EDGE_CURVE('',#12249,#12251,#11159,.T.);
#15325=EDGE_CURVE('',#12252,#12248,#11181,.T.);
#15335=EDGE_CURVE('',#12246,#12254,#11174,.T.);
#15381=EDGE_CURVE('',#11603,#12255,#11200,.T.);
#15383=EDGE_CURVE('',#12255,#12256,#11207,.T.);
#15385=EDGE_CURVE('',#12258,#12256,#11301,.T.);
#15387=EDGE_CURVE('',#12259,#12258,#11282,.T.);
#15389=EDGE_CURVE('',#12259,#11597,#11214,.T.);
#15401=EDGE_CURVE('',#12260,#11602,#11268,.T.);
#15403=EDGE_CURVE('',#12260,#12255,#11225,.T.);
#15416=EDGE_CURVE('',#11598,#12261,#11242,.T.);
#15418=EDGE_CURVE('',#12261,#12262,#11249,.T.);
#15420=EDGE_CURVE('',#12262,#12264,#11254,.T.);
#15422=EDGE_CURVE('',#12264,#12260,#11261,.T.);
#15435=EDGE_CURVE('',#12259,#12261,#11274,.T.);
#15469=EDGE_CURVE('',#12262,#12258,#11296,.T.);
#15479=EDGE_CURVE('',#12256,#12264,#11289,.T.);
#15526=EDGE_CURVE('',#11748,#12276,#11309,.T.);
#15528=EDGE_CURVE('',#12276,#11758,#11316,.T.);
#15539=EDGE_CURVE('',#11746,#12276,#11320,.T.);
#15553=EDGE_CURVE('',#11759,#11745,#11329,.T.);
#15568=B_SPLINE_CURVE_WITH_KNOTS('',3,(#15560,#15561,#15562,#15563,#15564,
#15565,#15566,#15567),.UNSPECIFIED.,.F.,.F.,(4,1,1,1,1,4),(0.E0,
2.809030329648E-2,2.030492630090E-1,6.938883145823E-1,9.719095989445E-1,1.E0),
.UNSPECIFIED.);
#15574=EDGE_CURVE('',#11731,#11729,#11333,.T.);
#15585=EDGE_CURVE('',#11727,#11717,#11337,.T.);
#15587=EDGE_CURVE('',#11717,#11714,#11342,.T.);
#15589=EDGE_CURVE('',#11714,#11715,#11347,.T.);
#15591=EDGE_CURVE('',#11715,#11729,#11351,.T.);
#15595=EDGE_CURVE('',#11733,#11727,#11360,.T.);
#15605=EDGE_CURVE('',#11658,#11607,#11376,.T.);
#15607=EDGE_CURVE('',#11658,#11696,#11367,.T.);
#15609=EDGE_CURVE('',#11701,#11696,#11460,.T.);
#15611=EDGE_CURVE('',#11717,#11701,#11431,.T.);
#15615=EDGE_CURVE('',#11608,#11607,#11372,.T.);
#15626=EDGE_CURVE('',#11607,#11604,#11381,.T.);
#15628=EDGE_CURVE('',#11604,#11660,#11385,.T.);
#15630=EDGE_CURVE('',#11660,#11658,#11390,.T.);
#15640=EDGE_CURVE('',#11604,#11605,#11419,.T.);
#15645=EDGE_CURVE('',#11610,#11611,#11402,.T.);
#15647=EDGE_CURVE('',#11613,#11611,#11513,.T.);
#15649=EDGE_CURVE('',#11613,#11614,#11409,.T.);
#15664=EDGE_CURVE('',#11697,#11715,#11436,.T.);
#15666=EDGE_CURVE('',#11693,#11697,#11443,.T.);
#15668=EDGE_CURVE('',#11693,#11660,#11426,.T.);
#15681=EDGE_CURVE('',#11700,#11701,#11453,.T.);
#15683=EDGE_CURVE('',#11697,#11700,#11448,.T.);
#15694=EDGE_CURVE('',#11694,#11696,#11470,.T.);
#15696=EDGE_CURVE('',#11693,#11694,#11465,.T.);
#15724=EDGE_CURVE('',#12281,#11610,#11502,.T.);
#15726=EDGE_CURVE('',#12281,#12283,#11476,.T.);
#15728=EDGE_CURVE('',#11611,#12283,#11520,.T.);
#15739=EDGE_CURVE('',#11614,#12277,#11488,.T.);
#15741=EDGE_CURVE('',#12277,#12278,#11495,.T.);
#15743=EDGE_CURVE('',#12280,#12278,#11573,.T.);
#15745=EDGE_CURVE('',#12281,#12280,#11554,.T.);
#15757=EDGE_CURVE('',#12282,#11613,#11546,.T.);
#15759=EDGE_CURVE('',#12282,#12277,#11508,.T.);
#15772=EDGE_CURVE('',#12283,#12284,#11527,.T.);
#15774=EDGE_CURVE('',#12284,#12286,#11532,.T.);
#15776=EDGE_CURVE('',#12286,#12282,#11539,.T.);
#15810=EDGE_CURVE('',#12284,#12280,#11568,.T.);
#15820=EDGE_CURVE('',#12278,#12286,#11561,.T.);
#15868=B_SPLINE_CURVE_WITH_KNOTS('',3,(#15860,#15861,#15862,#15863,#15864,
#15865,#15866,#15867),.UNSPECIFIED.,.F.,.F.,(4,1,1,1,1,4),(0.E0,
2.809030329858E-2,2.030492630107E-1,6.938883145830E-1,9.719095989445E-1,1.E0),
.UNSPECIFIED.);
#15872=EDGE_CURVE('',#11744,#11760,#11577,.T.);
#15895=(LENGTH_UNIT()NAMED_UNIT(*)SI_UNIT(.MILLI.,.METRE.));
#15897=(NAMED_UNIT(*)PLANE_ANGLE_UNIT()SI_UNIT($,.RADIAN.));
#15900=(NAMED_UNIT(*)SI_UNIT($,.STERADIAN.)SOLID_ANGLE_UNIT());
#15906=AXIS2_PLACEMENT_3D('',#15903,#15904,#15905);
#15907=ADVANCED_BREP_SHAPE_REPRESENTATION('',(#15906,#15894),#15902);
#15911=PRODUCT_DEFINITION('design','',#15910,#8684);
#15912=PRODUCT_DEFINITION_SHAPE('','SHAPE FOR DM4F_453_1.',#15911);
#15913=SHAPE_DEFINITION_REPRESENTATION(#15912,#15907);
#15914=NEXT_ASSEMBLY_USAGE_OCCURRENCE('25','Next assembly relationship','DM4F',
#15982,#15911,$);
#15915=PRODUCT_DEFINITION_SHAPE('Placement #25',
'Placement of DM4F_453_1 with respect to MDM1808-A_ASM_6_ASM',#15914);
#15924=AXIS2_PLACEMENT_3D('',#15921,#15922,#15923);
#15927=NEXT_ASSEMBLY_USAGE_OCCURRENCE('26','Next assembly relationship',
'DM4F_453_1',#15982,#15911,$);
#15928=PRODUCT_DEFINITION_SHAPE('Placement #26',
'Placement of DM4F_453_1 with respect to MDM1808-A_ASM_6_ASM',#15927);
#15937=AXIS2_PLACEMENT_3D('',#15934,#15935,#15936);
#15940=NEXT_ASSEMBLY_USAGE_OCCURRENCE('27','Next assembly relationship',
'DM4F_453_1',#15982,#15911,$);
#15941=PRODUCT_DEFINITION_SHAPE('Placement #27',
'Placement of DM4F_453_1 with respect to MDM1808-A_ASM_6_ASM',#15940);
#15950=AXIS2_PLACEMENT_3D('',#15947,#15948,#15949);
#15953=NEXT_ASSEMBLY_USAGE_OCCURRENCE('28','Next assembly relationship',
'DM4F_453_1',#15982,#15911,$);
#15954=PRODUCT_DEFINITION_SHAPE('Placement #28',
'Placement of DM4F_453_1 with respect to MDM1808-A_ASM_6_ASM',#15953);
#15963=AXIS2_PLACEMENT_3D('',#15960,#15961,#15962);
#15966=(LENGTH_UNIT()NAMED_UNIT(*)SI_UNIT(.MILLI.,.METRE.));
#15968=(NAMED_UNIT(*)PLANE_ANGLE_UNIT()SI_UNIT($,.RADIAN.));
#15971=(NAMED_UNIT(*)SI_UNIT($,.STERADIAN.)SOLID_ANGLE_UNIT());
#15977=AXIS2_PLACEMENT_3D('',#15974,#15975,#15976);
#15982=PRODUCT_DEFINITION('design','',#15981,#15978);
#15983=SHAPE_DEFINITION_REPRESENTATION(#15984,#15985);
#15984=PRODUCT_DEFINITION_SHAPE('','SHAPE FOR MDM1808-A_ASM_ASM.',#16010);
#15985=SHAPE_REPRESENTATION('',(#15991,#16006),#16002);
#15986=NEXT_ASSEMBLY_USAGE_OCCURRENCE('29','Next assembly relationship',
'MDM1808-A_ASM_6',#16010,#15982,$);
#15987=PRODUCT_DEFINITION_SHAPE('Placement #29',
'Placement of MDM1808-A_ASM_6_ASM with respect to MDM1808-A_ASM_ASM',#15986);
#15995=(LENGTH_UNIT()NAMED_UNIT(*)SI_UNIT(.MILLI.,.METRE.));
#15997=(NAMED_UNIT(*)PLANE_ANGLE_UNIT()SI_UNIT($,.RADIAN.));
#16000=(NAMED_UNIT(*)SI_UNIT($,.STERADIAN.)SOLID_ANGLE_UNIT());
#16006=AXIS2_PLACEMENT_3D('',#16003,#16004,#16005);
#16010=PRODUCT_DEFINITION('design','',#16009,#15978);
ENDSEC;
END-ISO-10303-21;
